order_id,date,time,product_id,quantity,customer_id
1,2016-01-01,00:01:00,136,2,1
2,2016-01-01,00:08:00,322,3,2
3,2016-01-01,00:20:00,70,1,3
4,2016-01-01,00:20:00,314,1,4
5,2016-01-01,00:31:00,442,1,5
6,2016-01-01,00:44:00,67,3,6
7,2016-01-01,00:45:00,57,1,7
8,2016-01-01,00:55:00,15,1,8
9,2016-01-01,00:55:00,230,2,9
10,2016-01-01,01:01:00,400,2,10
11,2016-01-01,01:01:00,113,1,11
12,2016-01-01,01:02:00,124,1,12
13,2016-01-01,01:10:00,357,1,13
14,2016-01-01,01:14:00,3,1,14
15,2016-01-01,01:15:00,53,1,15
16,2016-01-01,01:20:00,83,3,16
17,2016-01-01,01:22:00,110,1,17
18,2016-01-01,01:26:00,325,1,18
19,2016-01-01,01:27:00,9,1,19
20,2016-01-01,01:32:00,189,1,20
21,2016-01-01,01:37:00,141,4,21
22,2016-01-01,01:47:00,215,1,22
23,2016-01-01,01:49:00,240,2,23
24,2016-01-01,01:50:00,96,1,24
25,2016-01-01,01:54:00,115,2,25
26,2016-01-01,01:58:00,178,4,26
27,2016-01-01,01:58:00,81,2,27
28,2016-01-01,01:58:00,326,1,28
29,2016-01-01,02:04:00,43,1,29
30,2016-01-01,02:11:00,257,1,30
31,2016-01-01,02:11:00,173,1,31
32,2016-01-01,02:12:00,20,2,32
33,2016-01-01,02:24:00,221,1,33
34,2016-01-01,02:25:00,405,1,34
35,2016-01-01,02:27:00,391,3,35
36,2016-01-01,02:28:00,192,2,32
37,2016-01-01,02:28:00,339,2,9
38,2016-01-01,02:31:00,124,2,36
39,2016-01-01,02:47:00,292,3,37
40,2016-01-01,02:49:00,220,2,38
41,2016-01-01,02:50:00,203,1,39
42,2016-01-01,02:53:00,372,1,40
43,2016-01-01,02:57:00,375,2,41
44,2016-01-01,03:10:00,418,2,42
45,2016-01-01,03:13:00,297,2,43
46,2016-01-01,03:19:00,239,1,39
47,2016-01-01,03:30:00,365,1,44
48,2016-01-01,03:34:00,376,2,45
49,2016-01-01,03:35:00,451,1,46
50,2016-01-01,03:42:00,89,1,47
51,2016-01-01,03:42:00,366,1,48
52,2016-01-01,03:45:00,422,2,49
53,2016-01-01,03:48:00,364,1,50
54,2016-01-01,03:48:00,271,1,51
55,2016-01-01,03:51:00,205,1,52
56,2016-01-01,03:52:00,418,5,5
57,2016-01-01,03:58:00,135,3,53
58,2016-01-01,04:03:00,430,2,54
59,2016-01-01,04:10:00,29,3,55
60,2016-01-01,04:12:00,370,2,56
61,2016-01-01,04:12:00,268,1,57
62,2016-01-01,04:18:00,223,1,58
63,2016-01-01,04:25:00,377,2,59
64,2016-01-01,04:29:00,85,7,60
65,2016-01-01,04:32:00,226,1,61
66,2016-01-01,04:35:00,451,2,62
67,2016-01-01,04:38:00,139,2,63
68,2016-01-01,04:44:00,323,5,64
69,2016-01-01,04:46:00,29,2,65
70,2016-01-01,04:50:00,425,3,66
71,2016-01-01,04:54:00,11,3,67
72,2016-01-01,04:55:00,261,3,68
73,2016-01-01,04:57:00,371,1,69
74,2016-01-01,05:01:00,119,2,70
75,2016-01-01,05:03:00,64,3,6
76,2016-01-01,05:08:00,130,3,71
77,2016-01-01,05:09:00,225,1,72
78,2016-01-01,05:10:00,178,2,73
79,2016-01-01,05:11:00,408,1,74
80,2016-01-01,05:14:00,179,4,75
81,2016-01-01,05:27:00,56,1,76
82,2016-01-01,05:36:00,403,3,77
83,2016-01-01,05:39:00,175,3,78
84,2016-01-01,05:39:00,315,2,79
85,2016-01-01,05:40:00,336,1,80
86,2016-01-01,05:42:00,456,2,81
87,2016-01-01,05:43:00,138,2,30
88,2016-01-01,05:48:00,231,2,76
89,2016-01-01,05:53:00,60,2,82
90,2016-01-01,05:57:00,19,1,16
91,2016-01-01,05:59:00,417,4,83
92,2016-01-01,06:00:00,233,2,84
93,2016-01-01,06:02:00,169,3,85
94,2016-01-01,06:07:00,101,2,86
95,2016-01-01,06:15:00,305,1,87
96,2016-01-01,06:16:00,15,2,88
97,2016-01-01,06:23:00,374,1,89
98,2016-01-01,06:31:00,190,3,90
99,2016-01-01,06:41:00,252,4,91
100,2016-01-01,06:42:00,238,3,92
101,2016-01-01,06:51:00,65,1,93
102,2016-01-01,06:54:00,349,4,94
103,2016-01-01,06:54:00,36,2,95
104,2016-01-01,06:58:00,120,4,96
105,2016-01-01,07:01:00,257,1,97
106,2016-01-01,07:03:00,340,3,98
107,2016-01-01,07:09:00,292,2,99
108,2016-01-01,07:17:00,436,2,100
109,2016-01-01,07:17:00,379,1,101
110,2016-01-01,07:25:00,337,2,102
111,2016-01-01,07:25:00,90,1,103
112,2016-01-01,07:29:00,259,2,104
113,2016-01-01,07:31:00,266,2,44
114,2016-01-01,07:46:00,115,1,105
115,2016-01-01,07:51:00,290,2,106
116,2016-01-01,07:54:00,193,1,107
117,2016-01-01,07:55:00,58,2,108
118,2016-01-01,08:05:00,398,1,109
119,2016-01-01,08:06:00,49,2,110
120,2016-01-01,08:10:00,83,2,85
121,2016-01-01,08:12:00,244,2,111
122,2016-01-01,08:12:00,173,3,112
123,2016-01-01,08:25:00,150,2,113
124,2016-01-01,08:29:00,24,1,114
125,2016-01-01,08:41:00,363,3,115
126,2016-01-01,08:41:00,433,3,116
127,2016-01-01,08:42:00,149,2,117
128,2016-01-01,08:43:00,259,2,118
129,2016-01-01,08:43:00,315,2,119
130,2016-01-01,08:45:00,377,1,120
131,2016-01-01,08:49:00,11,2,121
132,2016-01-01,08:51:00,320,2,122
133,2016-01-01,08:52:00,23,2,123
134,2016-01-01,09:00:00,55,4,124
135,2016-01-01,09:00:00,132,3,125
136,2016-01-01,09:00:00,171,1,126
137,2016-01-01,09:06:00,157,1,123
138,2016-01-01,09:09:00,76,2,127
139,2016-01-01,09:17:00,99,2,128
140,2016-01-01,09:24:00,173,1,129
141,2016-01-01,09:25:00,78,1,130
142,2016-01-01,09:51:00,405,1,131
143,2016-01-01,09:53:00,117,2,132
144,2016-01-01,10:09:00,414,1,133
145,2016-01-01,10:12:00,420,3,134
146,2016-01-01,10:14:00,163,1,68
147,2016-01-01,10:26:00,295,1,135
148,2016-01-01,10:26:00,375,1,136
149,2016-01-01,10:29:00,134,1,137
150,2016-01-01,10:46:00,44,2,138
151,2016-01-01,10:56:00,183,1,139
152,2016-01-01,11:10:00,200,1,140
153,2016-01-01,11:12:00,258,1,141
154,2016-01-01,11:20:00,144,2,142
155,2016-01-01,11:20:00,283,2,143
156,2016-01-01,11:20:00,202,1,144
157,2016-01-01,11:32:00,445,3,145
158,2016-01-01,11:33:00,289,1,146
159,2016-01-01,11:39:00,394,3,147
160,2016-01-01,11:40:00,59,2,148
161,2016-01-01,11:43:00,444,2,149
162,2016-01-01,11:44:00,401,1,150
163,2016-01-01,11:47:00,456,3,151
164,2016-01-01,12:06:00,117,2,152
165,2016-01-01,12:21:00,325,2,153
166,2016-01-01,12:22:00,176,2,154
167,2016-01-01,12:23:00,164,2,155
168,2016-01-01,12:27:00,25,1,50
169,2016-01-01,12:28:00,85,1,156
170,2016-01-01,12:32:00,75,1,126
171,2016-01-01,12:34:00,139,1,157
172,2016-01-01,12:43:00,235,2,158
173,2016-01-01,12:51:00,422,3,159
174,2016-01-01,12:55:00,88,3,160
175,2016-01-01,13:35:00,411,2,161
176,2016-01-01,13:35:00,80,3,83
177,2016-01-01,13:41:00,94,2,162
178,2016-01-01,13:47:00,334,3,163
179,2016-01-01,13:47:00,73,3,164
180,2016-01-01,13:51:00,440,3,165
181,2016-01-01,13:51:00,81,5,166
182,2016-01-01,13:58:00,311,3,167
183,2016-01-01,14:00:00,122,2,168
184,2016-01-01,14:03:00,338,1,169
185,2016-01-01,14:05:00,298,1,170
186,2016-01-01,14:08:00,150,5,171
187,2016-01-01,14:08:00,239,2,172
188,2016-01-01,14:16:00,434,3,173
189,2016-01-01,14:23:00,320,2,174
190,2016-01-01,14:35:00,450,2,175
191,2016-01-01,14:45:00,8,2,176
192,2016-01-01,15:02:00,299,1,177
193,2016-01-01,15:07:00,151,2,144
194,2016-01-01,15:07:00,323,3,178
195,2016-01-01,15:28:00,231,1,179
196,2016-01-01,15:34:00,25,1,180
197,2016-01-01,15:47:00,143,2,181
198,2016-01-01,15:50:00,372,1,182
199,2016-01-01,15:59:00,456,1,183
200,2016-01-01,16:00:00,200,1,184
201,2016-01-01,16:05:00,129,2,185
202,2016-01-01,16:09:00,286,4,186
203,2016-01-01,16:12:00,452,1,187
204,2016-01-01,16:16:00,275,3,188
205,2016-01-01,16:21:00,63,4,189
206,2016-01-01,16:25:00,431,3,190
207,2016-01-01,16:26:00,227,2,191
208,2016-01-01,16:28:00,270,2,192
209,2016-01-01,16:30:00,186,2,193
210,2016-01-01,16:41:00,174,2,194
211,2016-01-01,16:44:00,410,1,88
212,2016-01-01,16:45:00,293,2,195
213,2016-01-01,16:46:00,31,4,196
214,2016-01-01,16:49:00,365,1,197
215,2016-01-01,16:49:00,137,2,198
216,2016-01-01,16:50:00,151,2,199
217,2016-01-01,16:52:00,427,2,200
218,2016-01-01,16:52:00,384,2,201
219,2016-01-01,16:53:00,247,3,202
220,2016-01-01,17:02:00,217,4,203
221,2016-01-01,17:09:00,240,2,204
222,2016-01-01,17:13:00,395,1,205
223,2016-01-01,17:15:00,112,4,206
224,2016-01-01,17:21:00,229,2,207
225,2016-01-01,17:28:00,114,2,208
226,2016-01-01,17:32:00,203,1,209
227,2016-01-01,17:35:00,188,1,210
228,2016-01-01,17:47:00,403,1,211
229,2016-01-01,17:52:00,450,1,212
230,2016-01-01,18:20:00,275,2,213
231,2016-01-01,18:23:00,399,1,214
232,2016-01-01,18:29:00,225,1,215
233,2016-01-01,18:31:00,168,2,216
234,2016-01-01,18:35:00,246,2,217
235,2016-01-01,18:35:00,446,2,218
236,2016-01-01,18:41:00,274,1,219
237,2016-01-01,18:42:00,288,1,202
238,2016-01-01,18:45:00,415,4,220
239,2016-01-01,18:56:00,385,1,221
240,2016-01-01,19:09:00,396,2,222
241,2016-01-01,19:15:00,172,1,223
242,2016-01-01,19:15:00,90,1,224
243,2016-01-01,19:19:00,35,2,225
244,2016-01-01,19:33:00,437,2,67
245,2016-01-01,19:37:00,357,4,226
246,2016-01-01,19:47:00,146,1,227
247,2016-01-01,19:49:00,423,2,228
248,2016-01-01,19:56:00,334,2,229
249,2016-01-01,20:04:00,385,1,230
250,2016-01-01,20:23:00,181,1,231
251,2016-01-01,20:32:00,289,2,232
252,2016-01-01,20:33:00,364,1,233
253,2016-01-01,20:35:00,139,4,234
254,2016-01-01,20:47:00,372,1,235
255,2016-01-01,20:48:00,424,1,236
256,2016-01-01,20:48:00,62,1,237
257,2016-01-01,20:52:00,88,1,238
258,2016-01-01,20:55:00,215,1,239
259,2016-01-01,21:02:00,346,2,240
260,2016-01-01,21:15:00,193,2,241
261,2016-01-01,21:33:00,124,3,14
262,2016-01-01,21:34:00,70,1,242
263,2016-01-01,21:35:00,189,1,243
264,2016-01-01,21:35:00,20,2,244
265,2016-01-01,21:38:00,151,1,245
266,2016-01-01,21:44:00,345,3,246
267,2016-01-01,21:49:00,452,4,247
268,2016-01-01,21:49:00,252,2,248
269,2016-01-01,21:50:00,254,3,249
270,2016-01-01,21:59:00,71,2,250
271,2016-01-01,22:21:00,85,2,251
272,2016-01-01,22:28:00,164,1,252
273,2016-01-01,22:31:00,399,2,253
274,2016-01-01,22:32:00,457,2,254
275,2016-01-01,22:37:00,232,2,255
276,2016-01-01,22:46:00,119,4,256
277,2016-01-01,22:47:00,302,1,257
278,2016-01-01,22:50:00,125,2,258
279,2016-01-01,22:51:00,89,2,259
280,2016-01-01,22:53:00,161,1,260
281,2016-01-01,22:58:00,74,2,261
282,2016-01-01,23:01:00,441,1,262
283,2016-01-01,23:02:00,3,3,263
284,2016-01-01,23:19:00,252,4,264
285,2016-01-01,23:20:00,151,1,265
286,2016-01-01,23:29:00,309,2,266
287,2016-01-01,23:34:00,439,2,267
288,2016-01-01,23:34:00,356,4,268
289,2016-01-01,23:40:00,403,2,269
290,2016-01-01,23:44:00,422,2,270
291,2016-01-02,00:01:00,349,4,271
292,2016-01-02,00:18:00,41,1,272
293,2016-01-02,00:19:00,184,2,273
294,2016-01-02,00:23:00,244,2,274
295,2016-01-02,00:28:00,398,3,275
296,2016-01-02,00:32:00,88,1,276
297,2016-01-02,00:44:00,355,1,277
298,2016-01-02,00:52:00,63,4,278
299,2016-01-02,00:53:00,92,1,279
300,2016-01-02,00:56:00,188,4,280
301,2016-01-02,00:58:00,279,3,281
302,2016-01-02,00:59:00,83,1,282
303,2016-01-02,01:02:00,437,4,283
304,2016-01-02,01:04:00,328,1,284
305,2016-01-02,01:11:00,304,2,285
306,2016-01-02,01:17:00,106,2,286
307,2016-01-02,01:19:00,230,2,268
308,2016-01-02,01:23:00,94,3,287
309,2016-01-02,01:29:00,410,2,288
310,2016-01-02,01:33:00,452,1,289
311,2016-01-02,01:45:00,1,1,290
312,2016-01-02,01:53:00,75,4,291
313,2016-01-02,01:57:00,223,2,292
314,2016-01-02,01:58:00,30,2,293
315,2016-01-02,01:58:00,197,3,294
316,2016-01-02,01:58:00,293,2,295
317,2016-01-02,01:59:00,418,1,84
318,2016-01-02,02:00:00,198,1,296
319,2016-01-02,02:00:00,198,1,297
320,2016-01-02,02:03:00,106,3,174
321,2016-01-02,02:04:00,1,1,298
322,2016-01-02,02:05:00,335,2,299
323,2016-01-02,02:06:00,433,2,300
324,2016-01-02,02:10:00,163,1,301
325,2016-01-02,02:10:00,203,3,302
326,2016-01-02,02:27:00,86,3,303
327,2016-01-02,02:28:00,330,4,304
328,2016-01-02,02:47:00,216,2,305
329,2016-01-02,02:48:00,24,1,306
330,2016-01-02,02:52:00,284,2,307
331,2016-01-02,02:52:00,430,2,308
332,2016-01-02,02:56:00,306,2,309
333,2016-01-02,03:07:00,117,1,310
334,2016-01-02,03:11:00,234,1,311
335,2016-01-02,03:15:00,389,1,312
336,2016-01-02,03:30:00,234,2,313
337,2016-01-02,03:30:00,216,1,314
338,2016-01-02,03:31:00,84,2,315
339,2016-01-02,03:33:00,208,2,316
340,2016-01-02,03:34:00,24,2,317
341,2016-01-02,03:42:00,168,3,318
342,2016-01-02,04:04:00,68,1,319
343,2016-01-02,04:06:00,12,2,320
344,2016-01-02,04:13:00,156,2,321
345,2016-01-02,04:13:00,27,4,322
346,2016-01-02,04:22:00,453,2,213
347,2016-01-02,04:24:00,446,1,323
348,2016-01-02,04:34:00,431,3,324
349,2016-01-02,04:37:00,146,1,325
350,2016-01-02,04:43:00,422,2,326
351,2016-01-02,04:52:00,310,1,327
352,2016-01-02,04:52:00,90,2,328
353,2016-01-02,04:53:00,378,1,329
354,2016-01-02,04:59:00,277,1,330
355,2016-01-02,05:05:00,348,2,331
356,2016-01-02,05:14:00,243,1,332
357,2016-01-02,05:16:00,30,3,333
358,2016-01-02,05:19:00,104,4,185
359,2016-01-02,05:33:00,424,2,334
360,2016-01-02,05:33:00,156,1,335
361,2016-01-02,05:35:00,300,1,336
362,2016-01-02,05:38:00,341,2,337
363,2016-01-02,05:40:00,372,2,338
364,2016-01-02,05:44:00,368,3,339
365,2016-01-02,05:55:00,295,4,340
366,2016-01-02,05:59:00,45,4,341
367,2016-01-02,06:04:00,58,1,342
368,2016-01-02,06:11:00,406,1,108
369,2016-01-02,06:18:00,376,1,343
370,2016-01-02,06:25:00,300,3,344
371,2016-01-02,06:29:00,127,2,345
372,2016-01-02,06:33:00,434,1,346
373,2016-01-02,06:50:00,303,3,347
374,2016-01-02,06:52:00,174,1,348
375,2016-01-02,06:52:00,116,2,268
376,2016-01-02,06:55:00,263,2,349
377,2016-01-02,07:00:00,108,3,350
378,2016-01-02,07:02:00,61,1,351
379,2016-01-02,07:03:00,287,1,352
380,2016-01-02,07:03:00,234,2,353
381,2016-01-02,07:11:00,291,1,354
382,2016-01-02,07:13:00,273,3,29
383,2016-01-02,07:23:00,159,4,355
384,2016-01-02,07:27:00,205,2,356
385,2016-01-02,07:35:00,305,2,357
386,2016-01-02,07:42:00,41,1,358
387,2016-01-02,07:45:00,323,3,359
388,2016-01-02,07:50:00,403,1,360
389,2016-01-02,07:51:00,316,3,361
390,2016-01-02,07:57:00,307,3,362
391,2016-01-02,07:57:00,390,2,363
392,2016-01-02,08:09:00,164,1,364
393,2016-01-02,08:17:00,310,1,365
394,2016-01-02,08:18:00,379,1,366
395,2016-01-02,08:20:00,367,2,367
396,2016-01-02,08:20:00,246,1,368
397,2016-01-02,08:22:00,302,1,369
398,2016-01-02,08:30:00,411,1,370
399,2016-01-02,08:31:00,287,3,371
400,2016-01-02,08:31:00,43,1,372
401,2016-01-02,08:41:00,276,3,373
402,2016-01-02,08:45:00,442,2,374
403,2016-01-02,08:45:00,315,2,375
404,2016-01-02,08:52:00,441,2,376
405,2016-01-02,09:00:00,166,2,377
406,2016-01-02,09:05:00,383,2,18
407,2016-01-02,09:05:00,229,2,378
408,2016-01-02,09:10:00,121,2,379
409,2016-01-02,09:28:00,233,3,380
410,2016-01-02,09:29:00,281,2,381
411,2016-01-02,09:38:00,125,1,382
412,2016-01-02,09:45:00,267,3,383
413,2016-01-02,09:54:00,454,3,384
414,2016-01-02,09:57:00,121,3,385
415,2016-01-02,09:59:00,458,4,386
416,2016-01-02,10:01:00,121,1,367
417,2016-01-02,10:14:00,298,1,58
418,2016-01-02,10:18:00,34,1,382
419,2016-01-02,10:28:00,128,1,387
420,2016-01-02,10:28:00,328,2,188
421,2016-01-02,10:39:00,345,2,388
422,2016-01-02,10:43:00,376,1,389
423,2016-01-02,10:43:00,456,2,390
424,2016-01-02,10:48:00,254,1,391
425,2016-01-02,10:48:00,279,1,392
426,2016-01-02,10:52:00,95,2,393
427,2016-01-02,10:55:00,150,2,301
428,2016-01-02,11:01:00,423,1,394
429,2016-01-02,11:02:00,96,2,395
430,2016-01-02,11:08:00,239,1,254
431,2016-01-02,11:10:00,451,1,396
432,2016-01-02,11:13:00,215,1,397
433,2016-01-02,11:16:00,356,1,398
434,2016-01-02,11:20:00,383,3,399
435,2016-01-02,11:28:00,25,4,400
436,2016-01-02,11:31:00,79,1,401
437,2016-01-02,11:38:00,294,2,402
438,2016-01-02,11:39:00,217,2,403
439,2016-01-02,11:40:00,348,3,404
440,2016-01-02,11:42:00,88,3,405
441,2016-01-02,11:50:00,205,2,406
442,2016-01-02,11:51:00,3,2,407
443,2016-01-02,11:57:00,428,1,408
444,2016-01-02,12:04:00,32,1,409
445,2016-01-02,12:14:00,365,3,410
446,2016-01-02,12:21:00,29,2,411
447,2016-01-02,12:36:00,365,1,412
448,2016-01-02,12:37:00,199,1,413
449,2016-01-02,12:39:00,86,2,414
450,2016-01-02,12:42:00,407,2,353
451,2016-01-02,12:50:00,287,2,415
452,2016-01-02,12:53:00,349,1,416
453,2016-01-02,12:55:00,357,2,417
454,2016-01-02,13:04:00,97,2,418
455,2016-01-02,13:05:00,322,1,419
456,2016-01-02,13:07:00,365,2,420
457,2016-01-02,13:16:00,73,2,421
458,2016-01-02,13:20:00,179,3,422
459,2016-01-02,13:21:00,174,1,423
460,2016-01-02,13:21:00,422,3,424
461,2016-01-02,13:22:00,360,1,425
462,2016-01-02,13:29:00,2,3,426
463,2016-01-02,13:29:00,85,3,427
464,2016-01-02,13:34:00,422,1,428
465,2016-01-02,13:51:00,395,4,429
466,2016-01-02,14:07:00,418,2,430
467,2016-01-02,14:10:00,326,1,361
468,2016-01-02,14:15:00,256,1,431
469,2016-01-02,14:21:00,426,1,432
470,2016-01-02,14:27:00,176,1,433
471,2016-01-02,14:30:00,181,1,434
472,2016-01-02,14:32:00,314,4,270
473,2016-01-02,14:37:00,126,5,435
474,2016-01-02,14:40:00,128,2,436
475,2016-01-02,14:45:00,247,5,437
476,2016-01-02,14:47:00,236,1,438
477,2016-01-02,14:57:00,47,3,374
478,2016-01-02,15:18:00,38,4,439
479,2016-01-02,15:22:00,366,2,38
480,2016-01-02,15:31:00,246,2,440
481,2016-01-02,15:32:00,453,2,441
482,2016-01-02,15:38:00,337,1,310
483,2016-01-02,15:38:00,442,3,442
484,2016-01-02,15:42:00,92,2,443
485,2016-01-02,15:45:00,330,1,444
486,2016-01-02,15:49:00,272,1,445
487,2016-01-02,15:53:00,363,4,446
488,2016-01-02,16:10:00,216,4,447
489,2016-01-02,16:12:00,97,1,448
490,2016-01-02,16:14:00,361,3,449
491,2016-01-02,16:14:00,246,1,450
492,2016-01-02,16:16:00,294,1,451
493,2016-01-02,16:17:00,435,2,452
494,2016-01-02,16:18:00,110,2,453
495,2016-01-02,16:20:00,216,2,454
496,2016-01-02,16:21:00,91,2,455
497,2016-01-02,16:40:00,127,1,456
498,2016-01-02,16:52:00,107,2,151
499,2016-01-02,16:54:00,305,2,457
500,2016-01-02,17:04:00,310,5,458
501,2016-01-02,17:04:00,194,1,459
502,2016-01-02,17:08:00,271,4,460
503,2016-01-02,17:10:00,137,2,461
504,2016-01-02,17:13:00,266,1,139
505,2016-01-02,17:13:00,366,3,462
506,2016-01-02,17:26:00,267,1,463
507,2016-01-02,17:34:00,171,2,464
508,2016-01-02,17:37:00,408,2,465
509,2016-01-02,17:46:00,238,1,466
510,2016-01-02,17:46:00,330,2,467
511,2016-01-02,17:48:00,374,1,468
512,2016-01-02,17:49:00,71,2,469
513,2016-01-02,17:54:00,316,1,470
514,2016-01-02,17:56:00,231,3,471
515,2016-01-02,18:00:00,148,1,472
516,2016-01-02,18:04:00,108,1,473
517,2016-01-02,18:17:00,382,4,474
518,2016-01-02,18:26:00,279,2,475
519,2016-01-02,18:36:00,458,1,476
520,2016-01-02,18:51:00,306,1,477
521,2016-01-02,18:51:00,269,1,478
522,2016-01-02,18:53:00,146,3,27
523,2016-01-02,18:54:00,4,3,479
524,2016-01-02,18:55:00,451,4,480
525,2016-01-02,19:09:00,198,4,481
526,2016-01-02,19:10:00,419,2,482
527,2016-01-02,19:12:00,341,2,483
528,2016-01-02,19:43:00,395,3,484
529,2016-01-02,19:43:00,274,1,485
530,2016-01-02,19:55:00,259,4,486
531,2016-01-02,19:55:00,291,3,487
532,2016-01-02,19:55:00,269,2,488
533,2016-01-02,20:07:00,375,2,489
534,2016-01-02,20:11:00,169,1,195
535,2016-01-02,20:19:00,412,2,490
536,2016-01-02,20:23:00,86,2,491
537,2016-01-02,21:15:00,302,3,492
538,2016-01-02,21:21:00,280,2,493
539,2016-01-02,21:25:00,139,3,494
540,2016-01-02,21:26:00,363,2,495
541,2016-01-02,21:26:00,101,1,496
542,2016-01-02,21:27:00,379,1,497
543,2016-01-02,21:35:00,7,1,498
544,2016-01-02,21:37:00,417,2,499
545,2016-01-02,21:39:00,289,4,500
546,2016-01-02,21:43:00,9,3,501
547,2016-01-02,21:45:00,222,4,319
548,2016-01-02,21:50:00,60,2,502
549,2016-01-02,22:02:00,210,2,503
550,2016-01-02,22:06:00,201,1,504
551,2016-01-02,22:10:00,82,2,505
552,2016-01-02,22:16:00,397,3,506
553,2016-01-02,22:22:00,230,2,507
554,2016-01-02,22:24:00,68,3,508
555,2016-01-02,22:26:00,425,1,509
556,2016-01-02,22:29:00,126,2,510
557,2016-01-02,22:31:00,351,3,511
558,2016-01-02,22:35:00,16,1,512
559,2016-01-02,22:36:00,130,1,513
560,2016-01-02,22:55:00,363,3,514
561,2016-01-02,22:58:00,217,3,390
562,2016-01-02,23:02:00,293,3,515
563,2016-01-02,23:03:00,300,1,407
564,2016-01-02,23:21:00,279,2,516
565,2016-01-02,23:26:00,365,2,517
566,2016-01-02,23:30:00,157,4,518
567,2016-01-02,23:31:00,314,4,519
568,2016-01-02,23:39:00,399,2,520
569,2016-01-02,23:55:00,449,2,521
570,2016-01-02,23:59:00,243,2,304
571,2016-01-03,00:00:00,308,1,16
572,2016-01-03,00:02:00,70,2,522
573,2016-01-03,00:12:00,160,5,523
574,2016-01-03,00:14:00,338,1,524
575,2016-01-03,00:17:00,106,1,525
576,2016-01-03,00:19:00,153,1,526
577,2016-01-03,00:29:00,205,3,527
578,2016-01-03,00:33:00,118,1,528
579,2016-01-03,00:36:00,126,1,529
580,2016-01-03,00:37:00,192,2,530
581,2016-01-03,00:48:00,243,3,378
582,2016-01-03,00:49:00,226,2,531
583,2016-01-03,00:52:00,152,1,333
584,2016-01-03,00:54:00,154,2,532
585,2016-01-03,00:56:00,202,1,533
586,2016-01-03,01:00:00,201,1,117
587,2016-01-03,01:00:00,368,1,534
588,2016-01-03,01:01:00,415,1,535
589,2016-01-03,01:03:00,131,2,536
590,2016-01-03,01:04:00,62,2,537
591,2016-01-03,01:08:00,337,1,538
592,2016-01-03,01:09:00,315,1,539
593,2016-01-03,01:11:00,444,1,540
594,2016-01-03,01:18:00,223,1,541
595,2016-01-03,01:24:00,161,2,542
596,2016-01-03,01:25:00,216,2,543
597,2016-01-03,01:25:00,25,2,544
598,2016-01-03,01:28:00,246,1,545
599,2016-01-03,01:32:00,310,1,546
600,2016-01-03,01:33:00,236,1,547
601,2016-01-03,01:37:00,367,3,548
602,2016-01-03,01:38:00,218,1,549
603,2016-01-03,01:54:00,264,2,550
604,2016-01-03,01:56:00,216,1,551
605,2016-01-03,02:00:00,154,2,552
606,2016-01-03,02:02:00,287,3,553
607,2016-01-03,02:07:00,39,1,554
608,2016-01-03,02:15:00,452,1,555
609,2016-01-03,02:23:00,385,3,556
610,2016-01-03,02:23:00,328,2,557
611,2016-01-03,02:23:00,37,1,558
612,2016-01-03,02:29:00,184,2,559
613,2016-01-03,02:38:00,41,1,560
614,2016-01-03,02:40:00,339,3,561
615,2016-01-03,02:49:00,8,1,562
616,2016-01-03,02:54:00,99,1,563
617,2016-01-03,03:09:00,145,2,564
618,2016-01-03,03:25:00,357,2,565
619,2016-01-03,03:26:00,280,2,566
620,2016-01-03,03:37:00,274,2,567
621,2016-01-03,03:41:00,437,1,552
622,2016-01-03,03:42:00,197,1,568
623,2016-01-03,03:43:00,349,2,569
624,2016-01-03,03:48:00,307,2,344
625,2016-01-03,03:59:00,415,2,570
626,2016-01-03,04:15:00,375,3,571
627,2016-01-03,04:15:00,453,1,168
628,2016-01-03,04:28:00,396,2,572
629,2016-01-03,04:37:00,271,4,534
630,2016-01-03,04:38:00,437,3,555
631,2016-01-03,05:06:00,67,2,573
632,2016-01-03,05:08:00,123,2,574
633,2016-01-03,05:12:00,138,2,575
634,2016-01-03,05:14:00,336,3,576
635,2016-01-03,05:19:00,262,1,577
636,2016-01-03,05:33:00,301,4,578
637,2016-01-03,05:34:00,47,1,579
638,2016-01-03,05:36:00,166,3,580
639,2016-01-03,05:50:00,201,3,545
640,2016-01-03,05:53:00,56,3,581
641,2016-01-03,05:56:00,50,4,582
642,2016-01-03,06:00:00,233,3,583
643,2016-01-03,06:00:00,53,2,584
644,2016-01-03,06:09:00,155,5,585
645,2016-01-03,06:10:00,93,3,586
646,2016-01-03,06:18:00,302,4,257
647,2016-01-03,06:20:00,141,1,587
648,2016-01-03,06:21:00,452,3,588
649,2016-01-03,06:22:00,381,1,589
650,2016-01-03,06:50:00,221,1,590
651,2016-01-03,06:52:00,352,4,292
652,2016-01-03,07:00:00,359,2,591
653,2016-01-03,07:01:00,187,2,592
654,2016-01-03,07:07:00,10,2,593
655,2016-01-03,07:08:00,133,1,594
656,2016-01-03,07:12:00,72,3,595
657,2016-01-03,07:12:00,73,3,596
658,2016-01-03,07:12:00,425,2,597
659,2016-01-03,07:13:00,33,1,598
660,2016-01-03,07:14:00,447,1,599
661,2016-01-03,07:24:00,140,2,600
662,2016-01-03,07:25:00,156,4,601
663,2016-01-03,07:28:00,57,1,602
664,2016-01-03,07:41:00,2,1,603
665,2016-01-03,07:41:00,448,1,604
666,2016-01-03,07:43:00,379,5,605
667,2016-01-03,07:48:00,351,1,606
668,2016-01-03,07:49:00,166,1,607
669,2016-01-03,07:52:00,431,2,608
670,2016-01-03,07:52:00,26,1,174
671,2016-01-03,07:53:00,269,2,609
672,2016-01-03,07:58:00,90,4,610
673,2016-01-03,08:00:00,406,1,611
674,2016-01-03,08:08:00,437,1,612
675,2016-01-03,08:13:00,64,3,613
676,2016-01-03,08:22:00,163,1,247
677,2016-01-03,08:23:00,82,4,614
678,2016-01-03,08:25:00,378,2,615
679,2016-01-03,08:27:00,310,2,616
680,2016-01-03,08:27:00,146,1,617
681,2016-01-03,08:36:00,9,3,104
682,2016-01-03,08:38:00,174,2,618
683,2016-01-03,08:44:00,290,2,80
684,2016-01-03,08:44:00,213,1,594
685,2016-01-03,08:46:00,296,6,619
686,2016-01-03,08:52:00,200,1,620
687,2016-01-03,08:53:00,409,2,621
688,2016-01-03,08:53:00,399,2,622
689,2016-01-03,09:05:00,179,4,623
690,2016-01-03,09:07:00,227,2,624
691,2016-01-03,09:09:00,330,3,435
692,2016-01-03,09:17:00,94,2,625
693,2016-01-03,09:18:00,444,5,626
694,2016-01-03,09:22:00,324,2,627
695,2016-01-03,09:23:00,355,2,628
696,2016-01-03,09:31:00,62,2,309
697,2016-01-03,09:37:00,332,1,629
698,2016-01-03,09:45:00,88,2,630
699,2016-01-03,09:46:00,259,1,631
700,2016-01-03,09:48:00,99,4,632
701,2016-01-03,10:01:00,120,1,633
702,2016-01-03,10:03:00,109,1,634
703,2016-01-03,10:12:00,133,4,635
704,2016-01-03,10:14:00,141,5,636
705,2016-01-03,10:15:00,338,2,637
706,2016-01-03,10:37:00,163,3,638
707,2016-01-03,10:41:00,186,1,639
708,2016-01-03,10:42:00,90,1,640
709,2016-01-03,10:45:00,370,4,641
710,2016-01-03,10:51:00,448,3,642
711,2016-01-03,10:51:00,441,1,643
712,2016-01-03,10:56:00,246,3,644
713,2016-01-03,10:57:00,295,5,645
714,2016-01-03,11:08:00,218,1,646
715,2016-01-03,11:26:00,95,2,647
716,2016-01-03,11:41:00,257,3,648
717,2016-01-03,11:46:00,284,2,649
718,2016-01-03,11:48:00,155,1,650
719,2016-01-03,11:48:00,127,2,651
720,2016-01-03,11:54:00,174,1,652
721,2016-01-03,11:55:00,85,3,653
722,2016-01-03,11:55:00,58,3,654
723,2016-01-03,12:03:00,84,3,655
724,2016-01-03,12:04:00,353,2,656
725,2016-01-03,12:05:00,36,2,657
726,2016-01-03,12:08:00,227,3,658
727,2016-01-03,12:13:00,260,1,659
728,2016-01-03,12:14:00,16,2,660
729,2016-01-03,12:17:00,247,2,661
730,2016-01-03,12:26:00,429,2,662
731,2016-01-03,12:40:00,361,1,663
732,2016-01-03,12:41:00,429,1,664
733,2016-01-03,12:42:00,386,1,665
734,2016-01-03,12:48:00,70,2,336
735,2016-01-03,12:53:00,213,2,666
736,2016-01-03,12:55:00,385,1,667
737,2016-01-03,12:56:00,385,1,668
738,2016-01-03,13:13:00,293,2,466
739,2016-01-03,13:16:00,166,5,669
740,2016-01-03,13:26:00,227,3,670
741,2016-01-03,13:41:00,357,2,671
742,2016-01-03,13:46:00,1,1,672
743,2016-01-03,13:54:00,414,3,673
744,2016-01-03,14:12:00,398,2,674
745,2016-01-03,14:12:00,455,2,675
746,2016-01-03,14:14:00,119,3,676
747,2016-01-03,14:16:00,77,1,677
748,2016-01-03,14:32:00,150,2,678
749,2016-01-03,14:32:00,225,1,679
750,2016-01-03,14:44:00,232,2,593
751,2016-01-03,14:45:00,32,1,680
752,2016-01-03,14:55:00,89,1,681
753,2016-01-03,14:57:00,161,1,682
754,2016-01-03,14:59:00,168,2,123
755,2016-01-03,15:01:00,292,4,683
756,2016-01-03,15:18:00,89,3,684
757,2016-01-03,15:25:00,330,3,62
758,2016-01-03,15:26:00,71,2,685
759,2016-01-03,15:29:00,52,2,686
760,2016-01-03,15:55:00,407,3,687
761,2016-01-03,16:00:00,445,1,688
762,2016-01-03,16:10:00,183,2,689
763,2016-01-03,16:16:00,289,3,234
764,2016-01-03,16:23:00,409,1,690
765,2016-01-03,16:31:00,87,2,691
766,2016-01-03,16:32:00,234,1,692
767,2016-01-03,16:42:00,149,3,378
768,2016-01-03,16:56:00,430,2,693
769,2016-01-03,17:23:00,324,2,595
770,2016-01-03,17:25:00,55,6,694
771,2016-01-03,17:25:00,343,1,695
772,2016-01-03,17:25:00,325,1,696
773,2016-01-03,17:29:00,6,2,697
774,2016-01-03,17:30:00,455,2,698
775,2016-01-03,17:36:00,325,3,699
776,2016-01-03,17:39:00,88,2,700
777,2016-01-03,17:45:00,278,2,701
778,2016-01-03,17:48:00,393,1,702
779,2016-01-03,17:57:00,174,4,703
780,2016-01-03,18:02:00,350,2,704
781,2016-01-03,18:08:00,253,3,705
782,2016-01-03,18:11:00,187,1,706
783,2016-01-03,18:12:00,298,2,707
784,2016-01-03,18:17:00,443,2,708
785,2016-01-03,18:19:00,57,2,709
786,2016-01-03,18:21:00,67,4,710
787,2016-01-03,18:25:00,110,1,711
788,2016-01-03,18:25:00,188,1,203
789,2016-01-03,18:28:00,126,1,712
790,2016-01-03,18:31:00,419,2,713
791,2016-01-03,18:33:00,333,1,714
792,2016-01-03,18:45:00,446,1,715
793,2016-01-03,18:50:00,363,2,716
794,2016-01-03,18:58:00,35,1,717
795,2016-01-03,19:02:00,109,2,718
796,2016-01-03,19:03:00,383,2,719
797,2016-01-03,19:10:00,146,2,720
798,2016-01-03,19:33:00,413,1,721
799,2016-01-03,19:37:00,80,1,722
800,2016-01-03,19:52:00,117,3,723
801,2016-01-03,19:58:00,339,1,724
802,2016-01-03,20:12:00,363,2,725
803,2016-01-03,20:24:00,69,3,726
804,2016-01-03,20:36:00,80,2,727
805,2016-01-03,20:45:00,402,1,728
806,2016-01-03,20:53:00,228,1,729
807,2016-01-03,20:54:00,413,1,603
808,2016-01-03,20:54:00,69,2,730
809,2016-01-03,20:55:00,182,1,136
810,2016-01-03,21:05:00,316,2,731
811,2016-01-03,21:14:00,184,3,638
812,2016-01-03,21:18:00,249,1,705
813,2016-01-03,21:24:00,284,2,732
814,2016-01-03,21:32:00,219,3,733
815,2016-01-03,21:32:00,376,1,734
816,2016-01-03,21:35:00,77,2,735
817,2016-01-03,21:36:00,27,3,736
818,2016-01-03,21:47:00,430,2,737
819,2016-01-03,21:53:00,200,4,738
820,2016-01-03,21:54:00,4,5,739
821,2016-01-03,21:54:00,334,1,740
822,2016-01-03,21:57:00,399,2,741
823,2016-01-03,21:58:00,80,2,742
824,2016-01-03,22:00:00,104,2,743
825,2016-01-03,22:01:00,28,1,744
826,2016-01-03,22:02:00,435,2,745
827,2016-01-03,22:03:00,152,4,746
828,2016-01-03,22:05:00,183,2,747
829,2016-01-03,22:06:00,202,2,748
830,2016-01-03,22:12:00,93,2,749
831,2016-01-03,22:14:00,79,1,750
832,2016-01-03,22:17:00,367,4,751
833,2016-01-03,22:28:00,394,1,752
834,2016-01-03,22:37:00,403,1,753
835,2016-01-03,22:39:00,12,3,754
836,2016-01-03,22:47:00,98,1,582
837,2016-01-03,22:48:00,16,3,755
838,2016-01-03,22:50:00,318,2,756
839,2016-01-03,22:51:00,314,1,757
840,2016-01-03,22:51:00,143,1,758
841,2016-01-03,23:09:00,262,1,759
842,2016-01-03,23:23:00,24,2,760
843,2016-01-03,23:29:00,344,1,761
844,2016-01-03,23:45:00,323,4,762
845,2016-01-03,23:48:00,111,3,763
846,2016-01-03,23:48:00,311,1,764
847,2016-01-03,23:53:00,49,2,765
848,2016-01-03,23:58:00,19,2,766
849,2016-01-04,00:07:00,221,1,767
850,2016-01-04,00:12:00,363,2,515
851,2016-01-04,00:16:00,414,2,768
852,2016-01-04,00:19:00,227,3,769
853,2016-01-04,00:21:00,438,7,770
854,2016-01-04,00:25:00,327,2,771
855,2016-01-04,00:25:00,296,2,772
856,2016-01-04,00:28:00,309,2,773
857,2016-01-04,00:30:00,397,1,774
858,2016-01-04,00:33:00,344,1,775
859,2016-01-04,00:35:00,434,1,776
860,2016-01-04,00:37:00,132,2,777
861,2016-01-04,00:39:00,92,2,778
862,2016-01-04,00:42:00,23,4,779
863,2016-01-04,00:51:00,35,1,780
864,2016-01-04,00:54:00,192,1,781
865,2016-01-04,01:09:00,146,1,782
866,2016-01-04,01:17:00,258,2,783
867,2016-01-04,01:18:00,315,2,192
868,2016-01-04,01:21:00,97,1,182
869,2016-01-04,01:24:00,199,2,784
870,2016-01-04,01:32:00,141,3,785
871,2016-01-04,01:41:00,89,3,786
872,2016-01-04,01:59:00,438,1,787
873,2016-01-04,01:59:00,91,2,523
874,2016-01-04,02:01:00,367,3,788
875,2016-01-04,02:05:00,54,3,789
876,2016-01-04,02:07:00,265,4,790
877,2016-01-04,02:08:00,98,3,791
878,2016-01-04,02:10:00,19,2,792
879,2016-01-04,02:27:00,54,2,793
880,2016-01-04,02:27:00,133,3,794
881,2016-01-04,02:33:00,340,6,795
882,2016-01-04,02:33:00,297,1,796
883,2016-01-04,02:35:00,154,2,797
884,2016-01-04,02:39:00,287,4,798
885,2016-01-04,02:40:00,443,2,799
886,2016-01-04,02:44:00,401,2,404
887,2016-01-04,02:45:00,193,1,800
888,2016-01-04,02:56:00,367,1,801
889,2016-01-04,02:56:00,188,4,802
890,2016-01-04,03:00:00,312,2,803
891,2016-01-04,03:01:00,60,1,804
892,2016-01-04,03:12:00,189,2,719
893,2016-01-04,03:13:00,446,1,805
894,2016-01-04,03:20:00,308,3,806
895,2016-01-04,03:22:00,424,2,807
896,2016-01-04,03:27:00,257,2,808
897,2016-01-04,03:34:00,55,1,809
898,2016-01-04,03:36:00,214,2,810
899,2016-01-04,03:38:00,349,2,55
900,2016-01-04,03:38:00,115,1,32
901,2016-01-04,03:41:00,425,2,811
902,2016-01-04,03:41:00,46,3,812
903,2016-01-04,03:44:00,195,2,813
904,2016-01-04,03:53:00,220,1,814
905,2016-01-04,04:02:00,337,2,815
906,2016-01-04,04:09:00,202,1,816
907,2016-01-04,04:17:00,414,4,817
908,2016-01-04,04:21:00,34,3,761
909,2016-01-04,04:26:00,184,2,818
910,2016-01-04,04:27:00,23,2,819
911,2016-01-04,04:31:00,67,2,820
912,2016-01-04,04:54:00,256,1,821
913,2016-01-04,04:57:00,55,2,822
914,2016-01-04,04:57:00,216,1,823
915,2016-01-04,05:05:00,401,1,824
916,2016-01-04,05:09:00,158,4,825
917,2016-01-04,05:10:00,446,2,826
918,2016-01-04,05:13:00,41,2,827
919,2016-01-04,05:15:00,159,1,828
920,2016-01-04,05:39:00,66,2,152
921,2016-01-04,05:43:00,68,2,829
922,2016-01-04,05:43:00,289,1,830
923,2016-01-04,05:51:00,300,1,831
924,2016-01-04,06:01:00,64,3,39
925,2016-01-04,06:08:00,411,1,351
926,2016-01-04,06:13:00,72,2,832
927,2016-01-04,06:14:00,436,1,833
928,2016-01-04,06:15:00,385,1,834
929,2016-01-04,06:20:00,9,1,835
930,2016-01-04,06:27:00,126,1,281
931,2016-01-04,06:39:00,332,2,836
932,2016-01-04,06:42:00,206,1,837
933,2016-01-04,06:43:00,441,1,838
934,2016-01-04,06:43:00,312,2,839
935,2016-01-04,06:50:00,148,1,840
936,2016-01-04,06:51:00,89,2,841
937,2016-01-04,06:52:00,401,2,842
938,2016-01-04,06:54:00,88,3,843
939,2016-01-04,07:00:00,38,1,844
940,2016-01-04,07:08:00,288,1,845
941,2016-01-04,07:13:00,139,1,452
942,2016-01-04,07:15:00,426,2,846
943,2016-01-04,07:15:00,293,1,847
944,2016-01-04,07:21:00,429,4,848
945,2016-01-04,07:26:00,425,1,849
946,2016-01-04,07:29:00,168,1,850
947,2016-01-04,07:30:00,10,1,851
948,2016-01-04,07:33:00,31,1,852
949,2016-01-04,07:41:00,90,1,853
950,2016-01-04,07:45:00,26,2,854
951,2016-01-04,07:51:00,136,3,855
952,2016-01-04,07:56:00,138,1,856
953,2016-01-04,07:59:00,118,2,544
954,2016-01-04,08:00:00,421,1,857
955,2016-01-04,08:00:00,180,3,858
956,2016-01-04,08:06:00,290,1,859
957,2016-01-04,08:10:00,284,1,860
958,2016-01-04,08:20:00,417,1,861
959,2016-01-04,08:35:00,307,1,862
960,2016-01-04,08:39:00,252,4,863
961,2016-01-04,08:40:00,134,2,786
962,2016-01-04,08:53:00,423,4,864
963,2016-01-04,08:56:00,299,2,865
964,2016-01-04,08:58:00,308,2,866
965,2016-01-04,09:00:00,343,2,867
966,2016-01-04,09:02:00,372,1,868
967,2016-01-04,09:05:00,313,2,869
968,2016-01-04,09:07:00,381,1,870
969,2016-01-04,09:07:00,124,2,871
970,2016-01-04,09:08:00,42,2,872
971,2016-01-04,09:18:00,4,1,873
972,2016-01-04,09:30:00,224,1,874
973,2016-01-04,09:31:00,9,3,875
974,2016-01-04,09:32:00,413,3,448
975,2016-01-04,09:32:00,109,3,761
976,2016-01-04,09:33:00,314,3,876
977,2016-01-04,09:34:00,210,3,877
978,2016-01-04,09:36:00,84,1,878
979,2016-01-04,09:45:00,149,2,879
980,2016-01-04,09:49:00,28,1,880
981,2016-01-04,09:54:00,31,1,881
982,2016-01-04,09:54:00,365,2,882
983,2016-01-04,10:14:00,47,2,446
984,2016-01-04,10:19:00,86,2,883
985,2016-01-04,10:25:00,89,1,884
986,2016-01-04,10:28:00,398,3,885
987,2016-01-04,10:34:00,102,2,886
988,2016-01-04,10:41:00,180,2,887
989,2016-01-04,10:42:00,145,2,888
990,2016-01-04,10:49:00,397,1,889
991,2016-01-04,10:49:00,440,1,890
992,2016-01-04,10:54:00,231,3,891
993,2016-01-04,10:54:00,320,1,892
994,2016-01-04,10:56:00,399,1,893
995,2016-01-04,11:08:00,106,3,894
996,2016-01-04,11:12:00,382,4,895
997,2016-01-04,11:16:00,456,2,896
998,2016-01-04,11:18:00,427,2,590
999,2016-01-04,11:19:00,104,2,897
1000,2016-01-04,11:23:00,134,1,898
1001,2016-01-04,11:26:00,359,3,899
1002,2016-01-04,11:40:00,137,2,900
1003,2016-01-04,11:44:00,384,3,901
1004,2016-01-04,11:46:00,122,5,902
1005,2016-01-04,11:48:00,208,3,903
1006,2016-01-04,11:56:00,440,2,904
1007,2016-01-04,12:11:00,100,3,905
1008,2016-01-04,12:16:00,142,1,906
1009,2016-01-04,12:17:00,105,2,907
1010,2016-01-04,12:22:00,232,2,201
1011,2016-01-04,12:23:00,293,1,908
1012,2016-01-04,12:23:00,240,1,909
1013,2016-01-04,12:36:00,343,2,910
1014,2016-01-04,12:45:00,219,2,911
1015,2016-01-04,12:52:00,340,3,912
1016,2016-01-04,12:52:00,252,3,845
1017,2016-01-04,12:55:00,407,1,913
1018,2016-01-04,12:56:00,56,3,141
1019,2016-01-04,13:05:00,151,1,914
1020,2016-01-04,13:10:00,294,3,915
1021,2016-01-04,13:28:00,354,2,916
1022,2016-01-04,13:38:00,322,1,917
1023,2016-01-04,13:50:00,340,1,918
1024,2016-01-04,13:54:00,307,2,919
1025,2016-01-04,13:57:00,38,3,920
1026,2016-01-04,14:01:00,147,1,921
1027,2016-01-04,14:01:00,443,2,922
1028,2016-01-04,14:06:00,329,2,923
1029,2016-01-04,14:07:00,99,2,924
1030,2016-01-04,14:11:00,66,3,925
1031,2016-01-04,14:12:00,271,3,926
1032,2016-01-04,14:13:00,114,1,927
1033,2016-01-04,14:20:00,206,1,928
1034,2016-01-04,14:21:00,413,3,929
1035,2016-01-04,14:28:00,81,3,930
1036,2016-01-04,14:36:00,29,1,931
1037,2016-01-04,14:37:00,252,3,932
1038,2016-01-04,14:45:00,236,2,933
1039,2016-01-04,14:58:00,230,3,109
1040,2016-01-04,14:59:00,323,2,934
1041,2016-01-04,15:00:00,387,3,935
1042,2016-01-04,15:02:00,411,3,936
1043,2016-01-04,15:04:00,111,1,937
1044,2016-01-04,15:08:00,229,3,938
1045,2016-01-04,15:08:00,39,1,939
1046,2016-01-04,15:09:00,230,1,940
1047,2016-01-04,15:30:00,81,1,941
1048,2016-01-04,15:32:00,166,2,635
1049,2016-01-04,15:42:00,164,1,603
1050,2016-01-04,15:45:00,37,1,942
1051,2016-01-04,15:52:00,51,1,943
1052,2016-01-04,15:54:00,20,1,944
1053,2016-01-04,15:58:00,369,1,837
1054,2016-01-04,15:58:00,450,1,516
1055,2016-01-04,16:10:00,177,5,945
1056,2016-01-04,16:14:00,361,2,946
1057,2016-01-04,16:27:00,20,1,947
1058,2016-01-04,16:32:00,253,3,948
1059,2016-01-04,16:33:00,55,1,949
1060,2016-01-04,16:37:00,138,4,950
1061,2016-01-04,16:39:00,351,1,951
1062,2016-01-04,16:40:00,405,1,699
1063,2016-01-04,17:06:00,446,1,952
1064,2016-01-04,17:07:00,435,1,953
1065,2016-01-04,17:15:00,187,3,954
1066,2016-01-04,17:17:00,396,2,955
1067,2016-01-04,17:21:00,174,4,12
1068,2016-01-04,17:22:00,114,2,956
1069,2016-01-04,17:26:00,119,2,957
1070,2016-01-04,17:26:00,381,1,747
1071,2016-01-04,17:44:00,40,3,958
1072,2016-01-04,17:50:00,305,3,959
1073,2016-01-04,17:52:00,228,1,76
1074,2016-01-04,17:54:00,16,2,960
1075,2016-01-04,17:56:00,182,1,961
1076,2016-01-04,17:57:00,47,1,962
1077,2016-01-04,17:58:00,403,1,963
1078,2016-01-04,18:07:00,59,4,964
1079,2016-01-04,18:12:00,161,1,965
1080,2016-01-04,18:19:00,18,2,966
1081,2016-01-04,18:21:00,225,2,967
1082,2016-01-04,18:23:00,360,1,968
1083,2016-01-04,18:25:00,254,1,969
1084,2016-01-04,18:25:00,54,3,970
1085,2016-01-04,18:45:00,343,3,971
1086,2016-01-04,18:59:00,29,1,972
1087,2016-01-04,19:02:00,245,1,973
1088,2016-01-04,19:02:00,72,2,974
1089,2016-01-04,19:03:00,387,2,975
1090,2016-01-04,19:05:00,358,3,976
1091,2016-01-04,19:10:00,212,2,977
1092,2016-01-04,19:17:00,408,1,978
1093,2016-01-04,19:20:00,316,2,979
1094,2016-01-04,19:28:00,393,2,980
1095,2016-01-04,19:35:00,415,4,981
1096,2016-01-04,19:37:00,206,3,982
1097,2016-01-04,19:53:00,362,3,983
1098,2016-01-04,19:53:00,402,3,984
1099,2016-01-04,19:55:00,192,1,985
1100,2016-01-04,20:17:00,269,3,371
1101,2016-01-04,20:22:00,243,1,986
1102,2016-01-04,20:24:00,90,1,987
1103,2016-01-04,20:36:00,67,1,988
1104,2016-01-04,20:38:00,86,1,989
1105,2016-01-04,20:42:00,127,1,990
1106,2016-01-04,20:51:00,381,1,991
1107,2016-01-04,20:52:00,237,1,992
1108,2016-01-04,20:56:00,118,1,993
1109,2016-01-04,20:59:00,394,1,994
1110,2016-01-04,21:17:00,8,2,995
1111,2016-01-04,21:17:00,266,2,996
1112,2016-01-04,21:23:00,221,2,997
1113,2016-01-04,21:23:00,136,2,998
1114,2016-01-04,21:26:00,247,3,999
1115,2016-01-04,21:42:00,3,2,1000
1116,2016-01-04,22:00:00,149,3,1001
1117,2016-01-04,22:04:00,244,1,1002
1118,2016-01-04,22:12:00,80,3,1003
1119,2016-01-04,22:15:00,95,3,1004
1120,2016-01-04,22:15:00,20,2,1005
1121,2016-01-04,22:37:00,214,3,790
1122,2016-01-04,22:44:00,173,2,1006
1123,2016-01-04,22:56:00,286,2,1007
1124,2016-01-04,23:01:00,262,1,1008
1125,2016-01-04,23:05:00,57,2,1009
1126,2016-01-04,23:14:00,227,1,1010
1127,2016-01-04,23:17:00,203,1,1011
1128,2016-01-04,23:20:00,280,2,1012
1129,2016-01-04,23:29:00,392,4,1013
1130,2016-01-04,23:33:00,79,1,1014
1131,2016-01-04,23:34:00,173,2,1015
1132,2016-01-04,23:35:00,313,2,674
1133,2016-01-04,23:41:00,56,4,1016
1134,2016-01-04,23:54:00,393,3,1017
1135,2016-01-04,23:56:00,266,1,1018
1136,2016-01-04,23:57:00,409,2,1019
1137,2016-01-04,23:57:00,164,2,1020
1138,2016-01-05,00:00:00,200,2,1021
1139,2016-01-05,00:02:00,89,1,1022
1140,2016-01-05,00:04:00,182,2,896
1141,2016-01-05,00:11:00,373,1,1003
1142,2016-01-05,00:15:00,250,2,1023
1143,2016-01-05,00:16:00,264,1,1024
1144,2016-01-05,00:17:00,289,4,1025
1145,2016-01-05,00:28:00,270,2,1026
1146,2016-01-05,00:48:00,226,1,1027
1147,2016-01-05,00:49:00,249,3,1028
1148,2016-01-05,00:55:00,228,1,1029
1149,2016-01-05,00:57:00,241,2,1030
1150,2016-01-05,00:57:00,68,2,1031
1151,2016-01-05,01:05:00,287,2,1032
1152,2016-01-05,01:18:00,173,5,1033
1153,2016-01-05,01:30:00,387,4,366
1154,2016-01-05,01:39:00,291,2,1034
1155,2016-01-05,01:45:00,283,3,1035
1156,2016-01-05,01:49:00,155,1,698
1157,2016-01-05,02:03:00,3,2,1036
1158,2016-01-05,02:04:00,254,2,1037
1159,2016-01-05,02:11:00,149,3,1038
1160,2016-01-05,02:25:00,386,3,1039
1161,2016-01-05,02:26:00,248,2,1040
1162,2016-01-05,02:39:00,226,1,863
1163,2016-01-05,02:45:00,158,3,1041
1164,2016-01-05,02:51:00,400,2,1042
1165,2016-01-05,02:52:00,107,1,1043
1166,2016-01-05,02:52:00,353,3,1044
1167,2016-01-05,03:02:00,76,1,1045
1168,2016-01-05,03:17:00,434,3,1046
1169,2016-01-05,03:19:00,371,2,1047
1170,2016-01-05,03:25:00,6,2,764
1171,2016-01-05,03:28:00,8,1,1048
1172,2016-01-05,03:28:00,414,1,1049
1173,2016-01-05,03:34:00,229,2,1050
1174,2016-01-05,03:35:00,349,2,59
1175,2016-01-05,03:41:00,176,4,1051
1176,2016-01-05,04:06:00,367,2,1052
1177,2016-01-05,04:18:00,353,2,1053
1178,2016-01-05,04:20:00,381,3,1054
1179,2016-01-05,04:34:00,165,2,1055
1180,2016-01-05,04:39:00,160,3,1056
1181,2016-01-05,04:41:00,348,1,1057
1182,2016-01-05,04:43:00,448,3,1058
1183,2016-01-05,04:44:00,313,2,1059
1184,2016-01-05,04:47:00,13,1,1060
1185,2016-01-05,04:47:00,265,2,1061
1186,2016-01-05,04:48:00,344,1,1062
1187,2016-01-05,04:48:00,331,1,538
1188,2016-01-05,04:51:00,127,1,1063
1189,2016-01-05,04:53:00,436,1,1064
1190,2016-01-05,04:56:00,345,1,1065
1191,2016-01-05,05:03:00,324,2,1066
1192,2016-01-05,05:09:00,287,3,1067
1193,2016-01-05,05:14:00,21,4,1068
1194,2016-01-05,05:19:00,111,3,1069
1195,2016-01-05,05:27:00,444,2,1070
1196,2016-01-05,05:28:00,305,4,1071
1197,2016-01-05,05:30:00,77,2,1018
1198,2016-01-05,05:31:00,402,1,1072
1199,2016-01-05,05:39:00,392,2,1073
1200,2016-01-05,05:41:00,258,1,1074
1201,2016-01-05,05:42:00,329,2,1075
1202,2016-01-05,05:43:00,57,2,1076
1203,2016-01-05,05:44:00,16,3,1077
1204,2016-01-05,05:44:00,244,1,1078
1205,2016-01-05,05:58:00,195,4,1079
1206,2016-01-05,06:00:00,326,2,1080
1207,2016-01-05,06:06:00,94,1,1081
1208,2016-01-05,06:06:00,402,2,1082
1209,2016-01-05,06:06:00,349,2,1083
1210,2016-01-05,06:13:00,341,3,1084
1211,2016-01-05,06:14:00,388,3,1085
1212,2016-01-05,06:17:00,101,3,1086
1213,2016-01-05,06:31:00,313,1,321
1214,2016-01-05,06:33:00,156,2,1087
1215,2016-01-05,06:38:00,196,2,1088
1216,2016-01-05,06:40:00,37,1,1089
1217,2016-01-05,06:44:00,266,3,993
1218,2016-01-05,06:46:00,333,1,1044
1219,2016-01-05,07:00:00,278,1,1090
1220,2016-01-05,07:04:00,343,2,1091
1221,2016-01-05,07:25:00,334,2,1092
1222,2016-01-05,07:35:00,223,1,266
1223,2016-01-05,07:39:00,41,3,1093
1224,2016-01-05,07:52:00,362,1,1094
1225,2016-01-05,08:02:00,432,2,46
1226,2016-01-05,08:15:00,165,2,1095
1227,2016-01-05,08:19:00,282,1,1096
1228,2016-01-05,08:21:00,107,2,1097
1229,2016-01-05,08:30:00,106,2,1098
1230,2016-01-05,08:34:00,81,1,165
1231,2016-01-05,08:35:00,229,4,1099
1232,2016-01-05,08:37:00,345,4,509
1233,2016-01-05,08:45:00,431,3,1100
1234,2016-01-05,09:14:00,445,3,1101
1235,2016-01-05,09:16:00,210,1,1102
1236,2016-01-05,09:26:00,170,2,1103
1237,2016-01-05,09:36:00,421,1,1104
1238,2016-01-05,09:37:00,134,2,1105
1239,2016-01-05,09:40:00,176,1,1106
1240,2016-01-05,09:43:00,294,2,1107
1241,2016-01-05,09:58:00,222,1,1108
1242,2016-01-05,10:01:00,294,1,1109
1243,2016-01-05,10:10:00,265,2,1110
1244,2016-01-05,10:11:00,340,2,1111
1245,2016-01-05,10:20:00,372,2,429
1246,2016-01-05,10:20:00,272,1,1112
1247,2016-01-05,10:21:00,201,1,1113
1248,2016-01-05,10:21:00,321,2,1114
1249,2016-01-05,10:23:00,228,3,1115
1250,2016-01-05,10:23:00,129,2,1116
1251,2016-01-05,10:31:00,192,3,1117
1252,2016-01-05,10:34:00,262,1,1118
1253,2016-01-05,10:47:00,423,2,1119
1254,2016-01-05,10:52:00,34,1,1120
1255,2016-01-05,10:55:00,240,1,1121
1256,2016-01-05,10:56:00,43,1,1122
1257,2016-01-05,11:03:00,381,3,1123
1258,2016-01-05,11:27:00,291,1,1124
1259,2016-01-05,11:28:00,445,2,1125
1260,2016-01-05,11:28:00,146,1,1126
1261,2016-01-05,11:30:00,381,2,232
1262,2016-01-05,11:31:00,88,1,1127
1263,2016-01-05,11:32:00,116,3,1128
1264,2016-01-05,11:37:00,3,1,1129
1265,2016-01-05,11:42:00,105,2,1130
1266,2016-01-05,11:45:00,441,2,1131
1267,2016-01-05,11:45:00,76,2,1132
1268,2016-01-05,11:46:00,368,1,1133
1269,2016-01-05,11:51:00,93,2,1134
1270,2016-01-05,11:58:00,76,3,1135
1271,2016-01-05,11:59:00,417,1,1136
1272,2016-01-05,12:00:00,389,4,1137
1273,2016-01-05,12:09:00,149,2,1138
1274,2016-01-05,12:12:00,9,1,1139
1275,2016-01-05,12:21:00,441,5,1140
1276,2016-01-05,12:22:00,261,1,1141
1277,2016-01-05,12:23:00,229,3,1142
1278,2016-01-05,12:26:00,201,2,1143
1279,2016-01-05,12:27:00,154,1,1144
1280,2016-01-05,12:28:00,392,1,1145
1281,2016-01-05,12:31:00,67,3,1146
1282,2016-01-05,12:34:00,195,2,1147
1283,2016-01-05,12:36:00,50,2,1148
1284,2016-01-05,12:37:00,335,2,1149
1285,2016-01-05,12:41:00,16,2,1150
1286,2016-01-05,12:46:00,403,2,1151
1287,2016-01-05,12:49:00,163,3,1152
1288,2016-01-05,12:50:00,333,3,1153
1289,2016-01-05,12:50:00,274,3,1154
1290,2016-01-05,12:51:00,65,1,1155
1291,2016-01-05,12:53:00,307,3,1156
1292,2016-01-05,13:09:00,397,1,784
1293,2016-01-05,13:48:00,204,1,1157
1294,2016-01-05,13:51:00,390,1,1158
1295,2016-01-05,13:54:00,53,2,1159
1296,2016-01-05,14:06:00,206,1,1160
1297,2016-01-05,14:11:00,267,3,1161
1298,2016-01-05,14:20:00,145,1,1162
1299,2016-01-05,14:22:00,435,3,1163
1300,2016-01-05,14:32:00,97,1,1164
1301,2016-01-05,14:46:00,69,3,735
1302,2016-01-05,14:51:00,405,2,1165
1303,2016-01-05,14:55:00,356,1,1166
1304,2016-01-05,14:58:00,314,4,1167
1305,2016-01-05,15:01:00,216,1,1168
1306,2016-01-05,15:02:00,266,1,1169
1307,2016-01-05,15:08:00,375,2,1170
1308,2016-01-05,15:08:00,400,2,1171
1309,2016-01-05,15:10:00,278,1,1172
1310,2016-01-05,15:18:00,42,4,1173
1311,2016-01-05,15:21:00,450,1,1174
1312,2016-01-05,15:41:00,90,2,1175
1313,2016-01-05,15:41:00,6,2,1176
1314,2016-01-05,15:42:00,423,2,801
1315,2016-01-05,15:44:00,186,1,1177
1316,2016-01-05,15:53:00,70,1,1178
1317,2016-01-05,15:55:00,304,1,1179
1318,2016-01-05,15:56:00,84,2,1180
1319,2016-01-05,16:18:00,239,2,1181
1320,2016-01-05,16:26:00,248,3,1182
1321,2016-01-05,16:26:00,429,1,1183
1322,2016-01-05,16:30:00,136,2,1184
1323,2016-01-05,16:32:00,389,1,1185
1324,2016-01-05,16:34:00,350,1,1186
1325,2016-01-05,16:36:00,368,1,1187
1326,2016-01-05,16:40:00,118,2,1188
1327,2016-01-05,16:40:00,442,1,1140
1328,2016-01-05,16:41:00,409,1,1189
1329,2016-01-05,16:49:00,330,1,1190
1330,2016-01-05,16:57:00,330,2,1191
1331,2016-01-05,16:57:00,409,2,1192
1332,2016-01-05,17:11:00,307,2,1193
1333,2016-01-05,17:15:00,404,3,1194
1334,2016-01-05,17:20:00,255,2,274
1335,2016-01-05,17:38:00,237,2,1195
1336,2016-01-05,17:59:00,145,1,1196
1337,2016-01-05,18:01:00,374,2,1197
1338,2016-01-05,18:07:00,14,6,1198
1339,2016-01-05,18:08:00,215,1,1199
1340,2016-01-05,18:13:00,255,2,1200
1341,2016-01-05,18:15:00,7,3,1201
1342,2016-01-05,18:30:00,441,1,1202
1343,2016-01-05,18:32:00,81,2,1203
1344,2016-01-05,18:32:00,137,1,1204
1345,2016-01-05,18:35:00,334,1,1205
1346,2016-01-05,18:38:00,24,2,1206
1347,2016-01-05,18:40:00,374,1,1207
1348,2016-01-05,19:08:00,375,1,1208
1349,2016-01-05,19:08:00,19,1,1209
1350,2016-01-05,19:14:00,350,2,1210
1351,2016-01-05,19:18:00,50,2,1211
1352,2016-01-05,19:25:00,208,4,1212
1353,2016-01-05,19:27:00,45,2,1087
1354,2016-01-05,19:29:00,51,2,1213
1355,2016-01-05,19:29:00,186,1,1214
1356,2016-01-05,19:30:00,124,1,1215
1357,2016-01-05,19:36:00,204,1,1216
1358,2016-01-05,19:38:00,43,2,1217
1359,2016-01-05,19:39:00,243,2,1218
1360,2016-01-05,19:42:00,439,1,1219
1361,2016-01-05,19:52:00,410,2,1220
1362,2016-01-05,19:56:00,442,3,1221
1363,2016-01-05,19:56:00,15,1,1222
1364,2016-01-05,19:58:00,135,3,1223
1365,2016-01-05,20:07:00,411,2,1224
1366,2016-01-05,20:08:00,99,2,1225
1367,2016-01-05,20:09:00,115,1,1226
1368,2016-01-05,20:18:00,347,4,1227
1369,2016-01-05,20:22:00,135,1,1228
1370,2016-01-05,20:25:00,194,1,132
1371,2016-01-05,20:26:00,211,5,1229
1372,2016-01-05,20:31:00,256,1,307
1373,2016-01-05,20:33:00,315,4,1230
1374,2016-01-05,20:34:00,26,2,1231
1375,2016-01-05,20:36:00,436,1,1232
1376,2016-01-05,20:47:00,137,2,1233
1377,2016-01-05,20:47:00,109,2,1234
1378,2016-01-05,20:55:00,447,3,1235
1379,2016-01-05,20:55:00,138,2,1236
1380,2016-01-05,20:56:00,77,2,1237
1381,2016-01-05,20:57:00,350,2,1238
1382,2016-01-05,21:06:00,62,2,1239
1383,2016-01-05,21:10:00,272,2,1240
1384,2016-01-05,21:17:00,173,2,1241
1385,2016-01-05,21:22:00,140,3,1242
1386,2016-01-05,21:22:00,399,3,1243
1387,2016-01-05,21:22:00,1,5,1244
1388,2016-01-05,21:30:00,199,2,1245
1389,2016-01-05,21:32:00,270,2,1246
1390,2016-01-05,21:32:00,318,1,1247
1391,2016-01-05,21:37:00,287,2,1248
1392,2016-01-05,21:39:00,209,2,1249
1393,2016-01-05,21:42:00,431,1,1250
1394,2016-01-05,21:45:00,457,4,1251
1395,2016-01-05,21:50:00,142,2,1252
1396,2016-01-05,21:54:00,233,6,1253
1397,2016-01-05,21:56:00,183,1,1254
1398,2016-01-05,22:07:00,343,2,1255
1399,2016-01-05,22:09:00,99,4,1256
1400,2016-01-05,22:16:00,351,5,509
1401,2016-01-05,22:22:00,134,2,1257
1402,2016-01-05,22:26:00,21,4,58
1403,2016-01-05,22:27:00,94,3,1258
1404,2016-01-05,22:36:00,327,1,80
1405,2016-01-05,22:36:00,408,2,1259
1406,2016-01-05,22:39:00,64,2,1260
1407,2016-01-05,22:40:00,360,1,1261
1408,2016-01-05,22:47:00,138,1,1262
1409,2016-01-05,22:56:00,123,1,1263
1410,2016-01-05,22:56:00,104,1,1264
1411,2016-01-05,22:58:00,433,5,1265
1412,2016-01-05,23:02:00,220,2,1266
1413,2016-01-05,23:04:00,365,2,1267
1414,2016-01-05,23:14:00,90,3,1268
1415,2016-01-05,23:23:00,365,1,1269
1416,2016-01-05,23:33:00,295,4,1270
1417,2016-01-05,23:49:00,331,1,1271
1418,2016-01-05,23:49:00,353,2,1272
1419,2016-01-05,23:51:00,42,2,1273
1420,2016-01-05,23:52:00,250,3,1274
1421,2016-01-05,23:53:00,398,1,1275
1422,2016-01-05,23:53:00,345,1,1276
1423,2016-01-05,23:54:00,62,3,1230
1424,2016-01-05,23:56:00,355,1,1277
1425,2016-01-05,23:56:00,458,2,1278
1426,2016-01-06,00:00:00,445,1,1279
1427,2016-01-06,00:01:00,213,4,769
1428,2016-01-06,00:08:00,352,4,1280
1429,2016-01-06,00:09:00,219,2,1281
1430,2016-01-06,00:12:00,29,2,1282
1431,2016-01-06,00:12:00,299,2,1283
1432,2016-01-06,00:13:00,286,2,1284
1433,2016-01-06,00:16:00,39,1,1285
1434,2016-01-06,00:21:00,15,2,1286
1435,2016-01-06,00:23:00,61,3,1287
1436,2016-01-06,00:30:00,442,2,1288
1437,2016-01-06,00:38:00,399,3,1289
1438,2016-01-06,01:02:00,73,1,6
1439,2016-01-06,01:05:00,272,1,1290
1440,2016-01-06,01:07:00,257,1,1291
1441,2016-01-06,01:12:00,395,1,1292
1442,2016-01-06,01:28:00,249,2,1293
1443,2016-01-06,01:33:00,333,2,1294
1444,2016-01-06,01:41:00,267,2,1295
1445,2016-01-06,01:45:00,26,2,1070
1446,2016-01-06,01:49:00,281,2,1070
1447,2016-01-06,01:51:00,326,3,1296
1448,2016-01-06,01:52:00,117,3,1297
1449,2016-01-06,01:54:00,227,1,637
1450,2016-01-06,01:57:00,44,1,1298
1451,2016-01-06,02:03:00,60,2,1299
1452,2016-01-06,02:13:00,148,1,1300
1453,2016-01-06,02:18:00,294,1,1301
1454,2016-01-06,02:24:00,200,3,1302
1455,2016-01-06,02:25:00,222,2,1303
1456,2016-01-06,02:27:00,269,2,1304
1457,2016-01-06,02:43:00,317,2,1305
1458,2016-01-06,02:44:00,372,2,497
1459,2016-01-06,02:59:00,258,2,1306
1460,2016-01-06,03:09:00,167,2,1307
1461,2016-01-06,03:10:00,409,2,1308
1462,2016-01-06,03:13:00,346,1,1309
1463,2016-01-06,03:15:00,86,3,1310
1464,2016-01-06,03:21:00,137,1,1311
1465,2016-01-06,03:29:00,305,2,1312
1466,2016-01-06,03:32:00,224,3,114
1467,2016-01-06,03:38:00,139,1,1313
1468,2016-01-06,04:01:00,157,1,1314
1469,2016-01-06,04:04:00,114,2,1315
1470,2016-01-06,04:10:00,323,3,1316
1471,2016-01-06,04:16:00,97,1,1185
1472,2016-01-06,04:18:00,44,1,1317
1473,2016-01-06,04:27:00,347,2,1318
1474,2016-01-06,04:30:00,84,3,1133
1475,2016-01-06,04:32:00,59,2,1319
1476,2016-01-06,04:33:00,301,1,1320
1477,2016-01-06,04:33:00,406,1,1321
1478,2016-01-06,04:36:00,87,1,1322
1479,2016-01-06,04:46:00,244,1,1323
1480,2016-01-06,04:56:00,266,2,1324
1481,2016-01-06,05:04:00,159,4,1325
1482,2016-01-06,05:05:00,75,2,1326
1483,2016-01-06,05:08:00,78,4,1327
1484,2016-01-06,05:10:00,358,5,1328
1485,2016-01-06,05:11:00,406,2,1329
1486,2016-01-06,05:12:00,384,3,1330
1487,2016-01-06,05:15:00,200,3,1331
1488,2016-01-06,05:16:00,420,2,1332
1489,2016-01-06,05:33:00,231,1,1333
1490,2016-01-06,05:54:00,357,4,1334
1491,2016-01-06,05:59:00,23,1,1335
1492,2016-01-06,06:00:00,157,2,1336
1493,2016-01-06,06:11:00,287,3,1337
1494,2016-01-06,06:12:00,209,1,1338
1495,2016-01-06,06:14:00,57,1,1339
1496,2016-01-06,06:17:00,77,4,1340
1497,2016-01-06,06:17:00,397,3,1341
1498,2016-01-06,06:19:00,366,3,473
1499,2016-01-06,06:21:00,33,2,1342
1500,2016-01-06,06:25:00,66,3,1343
1501,2016-01-06,06:25:00,160,2,1344
1502,2016-01-06,06:28:00,16,1,1345
1503,2016-01-06,06:36:00,363,4,1346
1504,2016-01-06,06:39:00,243,1,1347
1505,2016-01-06,06:41:00,33,1,1348
1506,2016-01-06,06:42:00,38,6,976
1507,2016-01-06,06:43:00,87,3,468
1508,2016-01-06,06:43:00,98,1,1349
1509,2016-01-06,06:52:00,61,1,1350
1510,2016-01-06,06:56:00,197,1,1351
1511,2016-01-06,07:00:00,186,1,1352
1512,2016-01-06,07:01:00,428,2,1353
1513,2016-01-06,07:01:00,163,2,1354
1514,2016-01-06,07:06:00,99,5,1355
1515,2016-01-06,07:11:00,427,2,1356
1516,2016-01-06,07:22:00,48,1,1357
1517,2016-01-06,07:28:00,250,3,1358
1518,2016-01-06,07:30:00,81,2,1359
1519,2016-01-06,07:31:00,380,2,1360
1520,2016-01-06,07:32:00,238,2,676
1521,2016-01-06,07:34:00,12,2,1361
1522,2016-01-06,07:39:00,435,3,1362
1523,2016-01-06,07:54:00,313,2,1363
1524,2016-01-06,07:55:00,347,2,1364
1525,2016-01-06,07:55:00,441,2,1365
1526,2016-01-06,07:57:00,206,1,1366
1527,2016-01-06,07:57:00,116,5,1367
1528,2016-01-06,07:59:00,324,2,1368
1529,2016-01-06,07:59:00,151,2,1369
1530,2016-01-06,08:12:00,99,1,1370
1531,2016-01-06,08:13:00,56,2,1371
1532,2016-01-06,08:16:00,72,2,1372
1533,2016-01-06,08:16:00,363,1,1373
1534,2016-01-06,08:28:00,316,3,553
1535,2016-01-06,08:33:00,177,3,1374
1536,2016-01-06,08:50:00,37,1,1375
1537,2016-01-06,08:53:00,452,4,1376
1538,2016-01-06,09:06:00,216,1,1377
1539,2016-01-06,09:13:00,58,2,1378
1540,2016-01-06,09:19:00,335,2,1379
1541,2016-01-06,09:25:00,166,3,1380
1542,2016-01-06,09:45:00,359,4,1381
1543,2016-01-06,09:46:00,378,3,1382
1544,2016-01-06,09:50:00,41,1,1383
1545,2016-01-06,09:56:00,315,2,1384
1546,2016-01-06,09:58:00,42,4,1385
1547,2016-01-06,09:58:00,68,1,1386
1548,2016-01-06,10:00:00,174,3,1387
1549,2016-01-06,10:00:00,80,3,1388
1550,2016-01-06,10:04:00,365,3,1389
1551,2016-01-06,10:06:00,386,3,1390
1552,2016-01-06,10:29:00,15,3,1391
1553,2016-01-06,10:34:00,397,1,1392
1554,2016-01-06,10:35:00,450,1,1393
1555,2016-01-06,10:47:00,366,1,1394
1556,2016-01-06,10:54:00,238,1,1395
1557,2016-01-06,11:00:00,260,1,1339
1558,2016-01-06,11:03:00,25,3,1396
1559,2016-01-06,11:10:00,341,2,1397
1560,2016-01-06,11:16:00,306,1,1398
1561,2016-01-06,11:17:00,397,1,1399
1562,2016-01-06,11:19:00,87,2,1400
1563,2016-01-06,11:20:00,7,2,1401
1564,2016-01-06,11:24:00,319,2,1402
1565,2016-01-06,11:24:00,288,2,1403
1566,2016-01-06,11:24:00,423,1,1404
1567,2016-01-06,11:51:00,397,1,1405
1568,2016-01-06,11:53:00,94,1,1406
1569,2016-01-06,11:59:00,161,3,1407
1570,2016-01-06,12:01:00,347,1,1408
1571,2016-01-06,12:04:00,67,3,1409
1572,2016-01-06,12:20:00,359,1,672
1573,2016-01-06,12:20:00,233,1,1410
1574,2016-01-06,12:20:00,268,1,1411
1575,2016-01-06,12:21:00,333,2,1412
1576,2016-01-06,12:25:00,328,2,329
1577,2016-01-06,12:29:00,178,1,1413
1578,2016-01-06,12:34:00,146,1,1414
1579,2016-01-06,12:36:00,443,3,1415
1580,2016-01-06,12:44:00,173,1,1416
1581,2016-01-06,12:49:00,298,2,1417
1582,2016-01-06,12:54:00,87,2,1418
1583,2016-01-06,12:57:00,393,2,1419
1584,2016-01-06,12:59:00,160,2,1420
1585,2016-01-06,13:06:00,268,2,1130
1586,2016-01-06,13:06:00,75,3,1421
1587,2016-01-06,13:08:00,291,2,1422
1588,2016-01-06,13:26:00,200,2,1423
1589,2016-01-06,13:27:00,175,2,1424
1590,2016-01-06,13:30:00,435,2,1425
1591,2016-01-06,13:36:00,347,1,1426
1592,2016-01-06,13:36:00,295,2,1427
1593,2016-01-06,13:42:00,360,2,1428
1594,2016-01-06,13:59:00,198,2,1429
1595,2016-01-06,14:17:00,305,1,1430
1596,2016-01-06,14:21:00,117,2,1431
1597,2016-01-06,14:30:00,122,2,1432
1598,2016-01-06,14:45:00,421,1,1433
1599,2016-01-06,14:45:00,21,4,1434
1600,2016-01-06,14:48:00,172,3,531
1601,2016-01-06,15:01:00,124,1,44
1602,2016-01-06,15:01:00,427,3,1435
1603,2016-01-06,15:03:00,96,1,1436
1604,2016-01-06,15:04:00,88,3,1437
1605,2016-01-06,15:07:00,244,3,785
1606,2016-01-06,15:11:00,250,4,1438
1607,2016-01-06,15:12:00,12,2,1439
1608,2016-01-06,15:13:00,214,1,1440
1609,2016-01-06,15:23:00,105,2,1441
1610,2016-01-06,15:26:00,239,3,1442
1611,2016-01-06,15:34:00,12,3,1443
1612,2016-01-06,15:35:00,32,2,1444
1613,2016-01-06,15:46:00,336,1,1445
1614,2016-01-06,15:47:00,33,1,1446
1615,2016-01-06,15:47:00,390,2,1447
1616,2016-01-06,15:51:00,80,2,1448
1617,2016-01-06,15:51:00,298,1,1449
1618,2016-01-06,15:51:00,218,4,1450
1619,2016-01-06,16:01:00,157,1,1451
1620,2016-01-06,16:03:00,348,2,1452
1621,2016-01-06,16:06:00,431,2,411
1622,2016-01-06,16:10:00,443,1,1453
1623,2016-01-06,16:13:00,164,2,1454
1624,2016-01-06,16:15:00,354,3,1455
1625,2016-01-06,16:21:00,169,1,1456
1626,2016-01-06,16:24:00,271,2,1457
1627,2016-01-06,16:38:00,440,1,1458
1628,2016-01-06,16:39:00,382,2,1459
1629,2016-01-06,16:44:00,348,1,133
1630,2016-01-06,16:50:00,116,3,635
1631,2016-01-06,16:52:00,310,3,1460
1632,2016-01-06,16:55:00,417,1,1461
1633,2016-01-06,17:15:00,64,2,1462
1634,2016-01-06,17:20:00,432,2,1463
1635,2016-01-06,17:20:00,177,3,1464
1636,2016-01-06,17:52:00,285,6,1465
1637,2016-01-06,17:53:00,298,1,1466
1638,2016-01-06,17:54:00,46,1,1467
1639,2016-01-06,18:02:00,293,2,563
1640,2016-01-06,18:02:00,273,2,1468
1641,2016-01-06,18:02:00,207,3,1469
1642,2016-01-06,18:07:00,265,2,1470
1643,2016-01-06,18:10:00,282,2,1471
1644,2016-01-06,18:12:00,444,3,1472
1645,2016-01-06,18:22:00,335,3,1473
1646,2016-01-06,18:23:00,244,2,1474
1647,2016-01-06,18:28:00,355,2,1475
1648,2016-01-06,18:29:00,201,1,1476
1649,2016-01-06,18:33:00,281,2,1477
1650,2016-01-06,18:55:00,1,3,1478
1651,2016-01-06,18:57:00,25,3,1479
1652,2016-01-06,18:57:00,425,1,1480
1653,2016-01-06,19:00:00,154,2,1481
1654,2016-01-06,19:01:00,112,1,1482
1655,2016-01-06,19:06:00,149,2,1483
1656,2016-01-06,19:09:00,294,2,1484
1657,2016-01-06,19:14:00,316,3,1485
1658,2016-01-06,19:23:00,442,3,1486
1659,2016-01-06,19:23:00,198,3,1487
1660,2016-01-06,19:23:00,19,1,1488
1661,2016-01-06,19:26:00,84,2,755
1662,2016-01-06,19:27:00,314,2,1489
1663,2016-01-06,19:28:00,339,2,992
1664,2016-01-06,19:42:00,119,2,1490
1665,2016-01-06,19:48:00,192,2,1491
1666,2016-01-06,19:54:00,3,1,1492
1667,2016-01-06,20:01:00,207,2,1493
1668,2016-01-06,20:07:00,378,1,1494
1669,2016-01-06,20:11:00,126,1,1495
1670,2016-01-06,20:13:00,89,5,1496
1671,2016-01-06,20:14:00,167,2,1497
1672,2016-01-06,20:15:00,244,1,1498
1673,2016-01-06,20:26:00,381,2,1499
1674,2016-01-06,20:32:00,448,3,1500
1675,2016-01-06,20:39:00,117,2,1501
1676,2016-01-06,20:44:00,216,1,1502
1677,2016-01-06,20:44:00,154,1,1503
1678,2016-01-06,20:46:00,175,2,1504
1679,2016-01-06,20:55:00,326,3,1505
1680,2016-01-06,20:58:00,305,1,1506
1681,2016-01-06,21:09:00,74,1,1507
1682,2016-01-06,21:10:00,344,1,1508
1683,2016-01-06,21:10:00,32,1,1509
1684,2016-01-06,21:12:00,79,2,1510
1685,2016-01-06,21:13:00,438,1,1511
1686,2016-01-06,21:16:00,250,4,1512
1687,2016-01-06,21:17:00,269,2,1513
1688,2016-01-06,21:19:00,126,1,1514
1689,2016-01-06,21:22:00,54,2,1515
1690,2016-01-06,21:32:00,414,2,673
1691,2016-01-06,21:33:00,22,3,1516
1692,2016-01-06,21:33:00,336,3,1517
1693,2016-01-06,21:38:00,48,2,1518
1694,2016-01-06,21:41:00,208,1,1519
1695,2016-01-06,21:41:00,309,1,1520
1696,2016-01-06,22:10:00,353,1,1521
1697,2016-01-06,22:11:00,251,3,1522
1698,2016-01-06,22:12:00,441,1,1523
1699,2016-01-06,22:15:00,275,3,1157
1700,2016-01-06,22:17:00,403,1,1524
1701,2016-01-06,22:18:00,42,1,1525
1702,2016-01-06,22:18:00,299,1,1526
1703,2016-01-06,22:19:00,275,2,1032
1704,2016-01-06,22:25:00,357,2,1527
1705,2016-01-06,22:26:00,444,1,1528
1706,2016-01-06,22:26:00,68,1,1529
1707,2016-01-06,22:37:00,237,2,1530
1708,2016-01-06,22:42:00,179,2,1531
1709,2016-01-06,22:46:00,217,2,1532
1710,2016-01-06,23:08:00,92,1,1533
1711,2016-01-06,23:15:00,336,2,1534
1712,2016-01-06,23:16:00,388,2,1535
1713,2016-01-06,23:17:00,371,2,1536
1714,2016-01-06,23:18:00,397,2,1537
1715,2016-01-06,23:21:00,291,1,1538
1716,2016-01-06,23:22:00,283,1,635
1717,2016-01-06,23:31:00,312,4,1539
1718,2016-01-06,23:41:00,335,1,1540
1719,2016-01-06,23:44:00,194,1,1541
1720,2016-01-06,23:52:00,98,1,1542
1721,2016-01-06,23:54:00,433,3,1543
1722,2016-01-06,23:55:00,218,4,1544
1723,2016-01-06,23:55:00,187,3,1545
1724,2016-01-07,00:06:00,13,4,705
1725,2016-01-07,00:19:00,85,2,1546
1726,2016-01-07,00:25:00,263,1,1547
1727,2016-01-07,00:33:00,450,1,1548
1728,2016-01-07,00:44:00,433,3,1549
1729,2016-01-07,00:45:00,73,3,1550
1730,2016-01-07,00:52:00,268,1,1551
1731,2016-01-07,00:57:00,302,2,1552
1732,2016-01-07,00:57:00,445,1,1553
1733,2016-01-07,01:01:00,128,3,1554
1734,2016-01-07,01:07:00,388,2,1555
1735,2016-01-07,01:26:00,241,3,1556
1736,2016-01-07,01:26:00,224,3,1557
1737,2016-01-07,01:34:00,116,2,1558
1738,2016-01-07,01:54:00,255,2,1559
1739,2016-01-07,02:27:00,223,2,929
1740,2016-01-07,02:29:00,241,1,1560
1741,2016-01-07,02:33:00,68,3,1561
1742,2016-01-07,02:34:00,30,2,1562
1743,2016-01-07,02:36:00,176,1,518
1744,2016-01-07,02:40:00,57,5,1563
1745,2016-01-07,02:45:00,170,3,1564
1746,2016-01-07,02:58:00,156,1,1565
1747,2016-01-07,03:02:00,278,2,1566
1748,2016-01-07,03:04:00,407,1,1567
1749,2016-01-07,03:05:00,91,1,1568
1750,2016-01-07,03:06:00,320,4,1569
1751,2016-01-07,03:14:00,429,5,331
1752,2016-01-07,03:21:00,313,3,1570
1753,2016-01-07,03:23:00,454,2,1571
1754,2016-01-07,03:38:00,235,1,1572
1755,2016-01-07,03:45:00,65,1,1573
1756,2016-01-07,03:50:00,341,1,1574
1757,2016-01-07,03:51:00,151,2,1575
1758,2016-01-07,03:52:00,371,2,1576
1759,2016-01-07,03:54:00,322,2,1577
1760,2016-01-07,03:54:00,442,3,1578
1761,2016-01-07,03:55:00,256,1,1579
1762,2016-01-07,03:58:00,302,1,1580
1763,2016-01-07,04:03:00,204,3,1473
1764,2016-01-07,04:07:00,440,4,1581
1765,2016-01-07,04:19:00,422,1,1484
1766,2016-01-07,04:20:00,404,2,1582
1767,2016-01-07,04:34:00,172,2,1583
1768,2016-01-07,04:39:00,319,1,1584
1769,2016-01-07,04:40:00,30,2,1585
1770,2016-01-07,04:40:00,205,2,1586
1771,2016-01-07,04:42:00,362,1,1587
1772,2016-01-07,04:44:00,204,1,1588
1773,2016-01-07,04:44:00,170,3,1589
1774,2016-01-07,05:03:00,183,2,1590
1775,2016-01-07,05:15:00,303,1,1591
1776,2016-01-07,05:16:00,379,3,1592
1777,2016-01-07,05:23:00,236,1,1593
1778,2016-01-07,05:25:00,159,3,1594
1779,2016-01-07,05:30:00,335,3,1595
1780,2016-01-07,05:43:00,235,2,1596
1781,2016-01-07,05:47:00,236,1,1597
1782,2016-01-07,05:49:00,260,1,1598
1783,2016-01-07,05:55:00,251,4,1599
1784,2016-01-07,05:55:00,145,2,1600
1785,2016-01-07,06:01:00,299,2,1601
1786,2016-01-07,06:06:00,60,1,1602
1787,2016-01-07,06:06:00,112,1,1603
1788,2016-01-07,06:07:00,147,1,231
1789,2016-01-07,06:28:00,159,2,1604
1790,2016-01-07,06:32:00,450,2,1605
1791,2016-01-07,06:37:00,10,3,1606
1792,2016-01-07,06:37:00,239,3,1607
1793,2016-01-07,06:44:00,232,1,1608
1794,2016-01-07,06:52:00,113,2,1609
1795,2016-01-07,06:52:00,433,2,1610
1796,2016-01-07,06:52:00,152,5,1611
1797,2016-01-07,06:55:00,369,1,1410
1798,2016-01-07,06:55:00,85,2,1612
1799,2016-01-07,06:57:00,46,2,670
1800,2016-01-07,06:58:00,43,5,1613
1801,2016-01-07,07:03:00,3,3,1614
1802,2016-01-07,07:04:00,188,3,1615
1803,2016-01-07,07:10:00,91,2,1616
1804,2016-01-07,07:10:00,361,2,1617
1805,2016-01-07,07:20:00,40,1,1618
1806,2016-01-07,07:31:00,341,2,1619
1807,2016-01-07,07:32:00,442,1,1620
1808,2016-01-07,07:32:00,391,2,1621
1809,2016-01-07,07:42:00,226,2,1622
1810,2016-01-07,07:51:00,252,4,1623
1811,2016-01-07,07:54:00,256,2,892
1812,2016-01-07,07:56:00,279,1,1624
1813,2016-01-07,07:59:00,195,2,1625
1814,2016-01-07,08:04:00,169,1,1626
1815,2016-01-07,08:10:00,303,2,1627
1816,2016-01-07,08:12:00,332,2,1628
1817,2016-01-07,08:21:00,118,1,1629
1818,2016-01-07,08:26:00,59,2,1630
1819,2016-01-07,08:42:00,148,1,1631
1820,2016-01-07,08:47:00,414,1,1284
1821,2016-01-07,08:50:00,405,2,1632
1822,2016-01-07,08:53:00,88,3,1633
1823,2016-01-07,08:53:00,258,2,1634
1824,2016-01-07,08:55:00,48,3,1635
1825,2016-01-07,09:02:00,423,4,1636
1826,2016-01-07,09:06:00,193,3,97
1827,2016-01-07,09:06:00,279,2,1637
1828,2016-01-07,09:14:00,173,2,1638
1829,2016-01-07,09:21:00,346,1,1639
1830,2016-01-07,09:29:00,331,1,1640
1831,2016-01-07,09:31:00,209,2,1641
1832,2016-01-07,09:33:00,327,1,1642
1833,2016-01-07,09:36:00,399,4,1643
1834,2016-01-07,09:36:00,207,2,1644
1835,2016-01-07,09:37:00,155,2,1645
1836,2016-01-07,09:37:00,192,1,1646
1837,2016-01-07,09:50:00,101,3,1647
1838,2016-01-07,09:54:00,26,1,1648
1839,2016-01-07,09:56:00,213,2,1649
1840,2016-01-07,10:01:00,426,1,398
1841,2016-01-07,10:04:00,437,1,1650
1842,2016-01-07,10:09:00,281,4,1651
1843,2016-01-07,10:23:00,13,1,1652
1844,2016-01-07,10:29:00,40,1,1653
1845,2016-01-07,10:38:00,144,2,1654
1846,2016-01-07,10:55:00,349,2,1655
1847,2016-01-07,11:02:00,453,1,1656
1848,2016-01-07,11:04:00,276,2,1657
1849,2016-01-07,11:10:00,254,3,1658
1850,2016-01-07,11:10:00,342,3,1659
1851,2016-01-07,11:11:00,399,1,1660
1852,2016-01-07,11:12:00,95,3,1661
1853,2016-01-07,11:13:00,17,3,1662
1854,2016-01-07,11:16:00,197,3,1663
1855,2016-01-07,11:17:00,108,3,1664
1856,2016-01-07,11:23:00,373,2,1665
1857,2016-01-07,11:27:00,180,3,1666
1858,2016-01-07,11:30:00,200,3,1667
1859,2016-01-07,11:54:00,364,1,1668
1860,2016-01-07,11:56:00,378,1,1669
1861,2016-01-07,11:56:00,198,4,1670
1862,2016-01-07,11:58:00,69,2,1671
1863,2016-01-07,12:00:00,456,1,1672
1864,2016-01-07,12:02:00,43,1,1673
1865,2016-01-07,12:07:00,305,2,1674
1866,2016-01-07,12:08:00,275,4,1675
1867,2016-01-07,12:09:00,175,3,1676
1868,2016-01-07,12:16:00,303,2,1677
1869,2016-01-07,12:17:00,277,2,1678
1870,2016-01-07,12:20:00,224,2,256
1871,2016-01-07,12:26:00,333,4,1309
1872,2016-01-07,12:38:00,386,1,1679
1873,2016-01-07,12:48:00,364,2,1680
1874,2016-01-07,12:48:00,214,2,1681
1875,2016-01-07,12:56:00,114,4,1682
1876,2016-01-07,13:00:00,410,2,1683
1877,2016-01-07,13:03:00,179,2,1684
1878,2016-01-07,13:05:00,262,3,1685
1879,2016-01-07,13:28:00,441,4,1686
1880,2016-01-07,13:48:00,62,2,1687
1881,2016-01-07,13:57:00,414,1,1688
1882,2016-01-07,14:05:00,374,3,1689
1883,2016-01-07,14:06:00,322,1,1690
1884,2016-01-07,14:15:00,266,3,1691
1885,2016-01-07,14:27:00,432,2,1692
1886,2016-01-07,14:28:00,130,3,1693
1887,2016-01-07,14:38:00,280,3,1694
1888,2016-01-07,14:41:00,261,2,1695
1889,2016-01-07,14:44:00,421,1,1696
1890,2016-01-07,14:50:00,386,2,1697
1891,2016-01-07,14:52:00,47,3,1698
1892,2016-01-07,14:53:00,59,1,1699
1893,2016-01-07,15:01:00,227,1,1543
1894,2016-01-07,15:10:00,26,1,1700
1895,2016-01-07,15:11:00,246,1,1701
1896,2016-01-07,15:14:00,302,2,1702
1897,2016-01-07,15:14:00,395,2,316
1898,2016-01-07,15:25:00,334,1,1703
1899,2016-01-07,15:26:00,113,2,1704
1900,2016-01-07,15:28:00,231,3,1705
1901,2016-01-07,15:35:00,243,1,412
1902,2016-01-07,15:44:00,267,1,1706
1903,2016-01-07,15:52:00,367,2,1707
1904,2016-01-07,16:03:00,201,2,1708
1905,2016-01-07,16:06:00,194,2,1709
1906,2016-01-07,16:18:00,293,3,1710
1907,2016-01-07,16:32:00,340,2,1711
1908,2016-01-07,16:46:00,20,1,1712
1909,2016-01-07,17:09:00,316,1,1713
1910,2016-01-07,17:10:00,155,3,1714
1911,2016-01-07,17:13:00,353,1,1715
1912,2016-01-07,17:17:00,24,3,1716
1913,2016-01-07,17:22:00,452,1,1717
1914,2016-01-07,17:29:00,95,1,1718
1915,2016-01-07,17:35:00,356,1,419
1916,2016-01-07,17:42:00,452,1,1293
1917,2016-01-07,18:02:00,405,1,1719
1918,2016-01-07,18:06:00,51,2,1720
1919,2016-01-07,18:19:00,74,1,1721
1920,2016-01-07,18:21:00,254,2,1722
1921,2016-01-07,18:22:00,283,2,1723
1922,2016-01-07,18:50:00,205,1,1071
1923,2016-01-07,18:56:00,74,1,1724
1924,2016-01-07,19:01:00,153,2,1725
1925,2016-01-07,19:02:00,241,1,1726
1926,2016-01-07,19:13:00,386,3,756
1927,2016-01-07,19:24:00,436,1,1727
1928,2016-01-07,19:27:00,102,1,1728
1929,2016-01-07,19:30:00,28,2,1729
1930,2016-01-07,19:34:00,109,1,1730
1931,2016-01-07,19:37:00,228,1,1731
1932,2016-01-07,19:39:00,309,1,1732
1933,2016-01-07,19:45:00,53,2,1733
1934,2016-01-07,19:47:00,305,2,1734
1935,2016-01-07,19:49:00,423,1,1735
1936,2016-01-07,19:50:00,1,1,1736
1937,2016-01-07,19:56:00,308,3,1737
1938,2016-01-07,20:17:00,53,2,1738
1939,2016-01-07,20:22:00,92,2,1739
1940,2016-01-07,21:02:00,343,1,1740
1941,2016-01-07,21:08:00,216,1,1741
1942,2016-01-07,21:22:00,5,4,1742
1943,2016-01-07,21:22:00,33,1,1743
1944,2016-01-07,21:37:00,44,1,1744
1945,2016-01-07,21:40:00,437,2,1745
1946,2016-01-07,21:52:00,389,2,1746
1947,2016-01-07,21:59:00,197,2,1747
1948,2016-01-07,22:02:00,220,3,1748
1949,2016-01-07,22:04:00,338,1,1749
1950,2016-01-07,22:13:00,191,2,1750
1951,2016-01-07,22:15:00,441,2,1751
1952,2016-01-07,22:19:00,181,3,1752
1953,2016-01-07,22:20:00,132,2,1753
1954,2016-01-07,22:20:00,115,3,1754
1955,2016-01-07,22:23:00,159,4,1755
1956,2016-01-07,22:25:00,447,3,1756
1957,2016-01-07,22:29:00,257,1,1757
1958,2016-01-07,22:29:00,3,2,1758
1959,2016-01-07,22:31:00,310,1,1759
1960,2016-01-07,22:34:00,367,2,1760
1961,2016-01-07,22:50:00,111,3,1761
1962,2016-01-07,22:55:00,296,1,1762
1963,2016-01-07,23:05:00,279,1,1763
1964,2016-01-07,23:10:00,25,1,1764
1965,2016-01-07,23:12:00,315,3,1765
1966,2016-01-07,23:12:00,241,2,1766
1967,2016-01-07,23:18:00,398,2,1767
1968,2016-01-07,23:18:00,361,2,1768
1969,2016-01-07,23:32:00,361,3,1769
1970,2016-01-07,23:38:00,24,1,1770
1971,2016-01-07,23:38:00,434,1,1771
1972,2016-01-07,23:53:00,98,2,1772
1973,2016-01-07,23:54:00,51,1,1719
1974,2016-01-07,23:54:00,148,3,1773
1975,2016-01-07,23:59:00,260,3,1774
1976,2016-01-08,00:07:00,411,1,1775
1977,2016-01-08,00:08:00,60,3,1776
1978,2016-01-08,00:09:00,423,2,1777
1979,2016-01-08,00:15:00,17,2,1778
1980,2016-01-08,00:21:00,220,1,1779
1981,2016-01-08,00:22:00,27,4,1780
1982,2016-01-08,00:27:00,200,2,1781
1983,2016-01-08,00:29:00,44,2,1782
1984,2016-01-08,00:46:00,41,3,1783
1985,2016-01-08,00:57:00,458,4,1784
1986,2016-01-08,01:05:00,306,1,1785
1987,2016-01-08,01:06:00,238,3,1786
1988,2016-01-08,01:06:00,116,1,1787
1989,2016-01-08,01:12:00,409,1,1788
1990,2016-01-08,01:13:00,284,4,1789
1991,2016-01-08,01:16:00,27,2,1790
1992,2016-01-08,01:27:00,17,4,1791
1993,2016-01-08,01:30:00,278,1,1792
1994,2016-01-08,01:36:00,308,2,1793
1995,2016-01-08,01:51:00,249,2,1794
1996,2016-01-08,01:51:00,172,3,1795
1997,2016-01-08,02:00:00,404,2,1796
1998,2016-01-08,02:08:00,373,2,491
1999,2016-01-08,02:09:00,388,1,1797
2000,2016-01-08,02:11:00,305,1,1798
2001,2016-01-08,02:17:00,442,2,1799
2002,2016-01-08,02:19:00,315,2,1800
2003,2016-01-08,02:19:00,350,3,593
2004,2016-01-08,02:21:00,209,1,1801
2005,2016-01-08,02:25:00,287,1,1802
2006,2016-01-08,02:28:00,317,2,1803
2007,2016-01-08,02:52:00,280,2,1804
2008,2016-01-08,02:59:00,264,3,1805
2009,2016-01-08,02:59:00,419,2,1806
2010,2016-01-08,03:02:00,73,1,1807
2011,2016-01-08,03:03:00,270,2,1808
2012,2016-01-08,03:20:00,423,3,1809
2013,2016-01-08,03:30:00,57,1,1810
2014,2016-01-08,03:39:00,286,2,1811
2015,2016-01-08,03:53:00,120,1,1776
2016,2016-01-08,03:59:00,204,1,1812
2017,2016-01-08,03:59:00,73,1,1813
2018,2016-01-08,04:07:00,315,1,1814
2019,2016-01-08,04:10:00,133,2,1815
2020,2016-01-08,04:10:00,250,2,1816
2021,2016-01-08,04:17:00,206,3,1817
2022,2016-01-08,04:29:00,284,3,1818
2023,2016-01-08,04:31:00,259,3,668
2024,2016-01-08,04:35:00,413,2,1819
2025,2016-01-08,04:39:00,324,2,1820
2026,2016-01-08,04:47:00,454,3,1821
2027,2016-01-08,04:52:00,316,4,1822
2028,2016-01-08,04:52:00,38,3,1823
2029,2016-01-08,04:57:00,301,1,1824
2030,2016-01-08,04:59:00,434,3,896
2031,2016-01-08,04:59:00,297,4,1825
2032,2016-01-08,05:18:00,220,1,1826
2033,2016-01-08,05:24:00,355,3,1827
2034,2016-01-08,05:32:00,163,1,1828
2035,2016-01-08,05:32:00,47,1,1829
2036,2016-01-08,05:50:00,157,3,472
2037,2016-01-08,06:00:00,157,4,1830
2038,2016-01-08,06:00:00,185,4,1831
2039,2016-01-08,06:04:00,29,2,1404
2040,2016-01-08,06:11:00,386,1,1832
2041,2016-01-08,06:18:00,150,1,1833
2042,2016-01-08,06:20:00,332,2,1834
2043,2016-01-08,06:33:00,442,1,1835
2044,2016-01-08,06:33:00,22,2,56
2045,2016-01-08,06:37:00,338,2,1836
2046,2016-01-08,06:37:00,369,2,1837
2047,2016-01-08,06:39:00,354,3,1838
2048,2016-01-08,06:40:00,179,1,1839
2049,2016-01-08,06:45:00,348,1,1840
2050,2016-01-08,06:45:00,295,3,1841
2051,2016-01-08,06:53:00,80,3,1842
2052,2016-01-08,07:02:00,89,2,1843
2053,2016-01-08,07:03:00,5,6,1844
2054,2016-01-08,07:03:00,33,3,1845
2055,2016-01-08,07:11:00,69,1,1846
2056,2016-01-08,07:12:00,323,2,1847
2057,2016-01-08,07:15:00,52,3,1848
2058,2016-01-08,07:16:00,264,2,1849
2059,2016-01-08,07:20:00,450,2,1850
2060,2016-01-08,07:30:00,211,1,1851
2061,2016-01-08,07:31:00,432,2,1852
2062,2016-01-08,07:39:00,203,1,1853
2063,2016-01-08,07:42:00,416,2,1854
2064,2016-01-08,07:53:00,152,3,1855
2065,2016-01-08,07:56:00,76,3,1856
2066,2016-01-08,07:57:00,358,2,1857
2067,2016-01-08,08:01:00,190,1,1858
2068,2016-01-08,08:07:00,383,2,1859
2069,2016-01-08,08:14:00,444,1,1860
2070,2016-01-08,08:16:00,446,1,1861
2071,2016-01-08,08:17:00,358,1,1862
2072,2016-01-08,08:18:00,440,2,1863
2073,2016-01-08,08:31:00,31,1,1864
2074,2016-01-08,08:43:00,161,1,1865
2075,2016-01-08,08:47:00,204,4,1866
2076,2016-01-08,08:56:00,447,2,1867
2077,2016-01-08,08:58:00,238,1,1868
2078,2016-01-08,09:03:00,100,1,1869
2079,2016-01-08,09:24:00,128,1,1870
2080,2016-01-08,09:36:00,163,2,1182
2081,2016-01-08,09:45:00,125,1,1871
2082,2016-01-08,09:50:00,23,4,1872
2083,2016-01-08,09:52:00,197,1,1873
2084,2016-01-08,09:57:00,317,1,1874
2085,2016-01-08,09:58:00,297,1,1875
2086,2016-01-08,10:03:00,226,2,1876
2087,2016-01-08,10:09:00,422,1,1877
2088,2016-01-08,10:10:00,95,2,1878
2089,2016-01-08,10:17:00,216,2,1879
2090,2016-01-08,10:18:00,243,2,1880
2091,2016-01-08,10:25:00,24,1,1881
2092,2016-01-08,10:37:00,293,1,1882
2093,2016-01-08,10:44:00,426,1,1883
2094,2016-01-08,10:47:00,228,2,1884
2095,2016-01-08,10:50:00,189,3,1885
2096,2016-01-08,11:16:00,110,2,1886
2097,2016-01-08,11:18:00,431,2,1887
2098,2016-01-08,11:23:00,101,2,1888
2099,2016-01-08,11:25:00,257,2,1889
2100,2016-01-08,11:34:00,32,3,1890
2101,2016-01-08,11:40:00,168,2,1891
2102,2016-01-08,11:57:00,456,1,1892
2103,2016-01-08,12:10:00,272,4,1893
2104,2016-01-08,12:15:00,222,4,1894
2105,2016-01-08,12:24:00,159,2,1895
2106,2016-01-08,12:37:00,99,3,1896
2107,2016-01-08,12:39:00,420,2,1897
2108,2016-01-08,12:39:00,451,4,1898
2109,2016-01-08,12:44:00,283,2,1899
2110,2016-01-08,12:59:00,281,2,1900
2111,2016-01-08,13:02:00,23,1,1901
2112,2016-01-08,13:09:00,415,4,1902
2113,2016-01-08,13:09:00,232,2,242
2114,2016-01-08,13:20:00,178,4,1903
2115,2016-01-08,13:34:00,458,1,1904
2116,2016-01-08,13:39:00,363,1,1905
2117,2016-01-08,13:43:00,394,3,1906
2118,2016-01-08,13:45:00,281,3,1907
2119,2016-01-08,13:45:00,49,1,1908
2120,2016-01-08,13:52:00,165,2,1909
2121,2016-01-08,13:58:00,41,1,1910
2122,2016-01-08,13:59:00,348,2,1911
2123,2016-01-08,14:15:00,245,2,1912
2124,2016-01-08,14:17:00,227,4,1913
2125,2016-01-08,14:25:00,389,1,1914
2126,2016-01-08,14:30:00,423,1,1915
2127,2016-01-08,14:38:00,339,4,1916
2128,2016-01-08,14:40:00,299,1,1917
2129,2016-01-08,14:49:00,120,3,1918
2130,2016-01-08,14:50:00,160,1,1919
2131,2016-01-08,14:52:00,87,2,1920
2132,2016-01-08,14:54:00,41,1,1921
2133,2016-01-08,15:03:00,119,1,1922
2134,2016-01-08,15:04:00,409,6,1923
2135,2016-01-08,15:07:00,9,4,1924
2136,2016-01-08,15:13:00,57,1,1925
2137,2016-01-08,15:14:00,296,2,1926
2138,2016-01-08,15:15:00,170,1,1927
2139,2016-01-08,15:16:00,405,1,1928
2140,2016-01-08,15:17:00,216,1,1929
2141,2016-01-08,15:20:00,294,1,400
2142,2016-01-08,15:27:00,173,2,1794
2143,2016-01-08,15:38:00,395,1,536
2144,2016-01-08,15:44:00,6,1,1930
2145,2016-01-08,15:55:00,260,1,1931
2146,2016-01-08,15:55:00,230,3,1932
2147,2016-01-08,16:19:00,136,1,1933
2148,2016-01-08,16:26:00,47,2,361
2149,2016-01-08,16:48:00,313,2,1934
2150,2016-01-08,16:51:00,375,1,1935
2151,2016-01-08,16:54:00,385,2,1936
2152,2016-01-08,16:54:00,174,1,1937
2153,2016-01-08,16:55:00,163,2,1938
2154,2016-01-08,16:59:00,377,3,1939
2155,2016-01-08,17:07:00,272,1,1940
2156,2016-01-08,17:08:00,392,1,1941
2157,2016-01-08,17:14:00,277,1,1942
2158,2016-01-08,17:17:00,340,1,1943
2159,2016-01-08,17:21:00,127,2,1944
2160,2016-01-08,17:24:00,282,1,1945
2161,2016-01-08,17:25:00,358,1,1946
2162,2016-01-08,17:35:00,227,2,1947
2163,2016-01-08,17:35:00,34,1,1948
2164,2016-01-08,17:36:00,448,1,1949
2165,2016-01-08,17:37:00,75,1,1950
2166,2016-01-08,17:39:00,197,2,1951
2167,2016-01-08,17:42:00,438,1,1952
2168,2016-01-08,17:50:00,52,2,1953
2169,2016-01-08,17:53:00,193,1,1954
2170,2016-01-08,17:57:00,376,1,1955
2171,2016-01-08,18:29:00,199,2,1956
2172,2016-01-08,18:29:00,264,1,1957
2173,2016-01-08,18:29:00,69,3,1958
2174,2016-01-08,18:33:00,442,1,1959
2175,2016-01-08,18:48:00,45,2,1960
2176,2016-01-08,18:53:00,126,1,1961
2177,2016-01-08,18:54:00,84,1,1962
2178,2016-01-08,18:55:00,239,2,1963
2179,2016-01-08,19:04:00,335,3,1693
2180,2016-01-08,19:04:00,327,1,1964
2181,2016-01-08,19:18:00,117,1,1965
2182,2016-01-08,19:20:00,68,3,1966
2183,2016-01-08,19:24:00,409,3,1967
2184,2016-01-08,19:28:00,50,2,1968
2185,2016-01-08,19:36:00,431,1,1969
2186,2016-01-08,19:45:00,146,1,1970
2187,2016-01-08,19:48:00,197,4,1971
2188,2016-01-08,19:53:00,107,2,1972
2189,2016-01-08,19:54:00,390,1,1973
2190,2016-01-08,20:07:00,359,1,1974
2191,2016-01-08,20:08:00,369,1,1975
2192,2016-01-08,20:14:00,51,2,1976
2193,2016-01-08,20:33:00,229,1,315
2194,2016-01-08,20:50:00,111,6,396
2195,2016-01-08,20:55:00,38,4,1977
2196,2016-01-08,20:57:00,243,3,1978
2197,2016-01-08,20:59:00,48,5,1979
2198,2016-01-08,21:00:00,182,1,1980
2199,2016-01-08,21:07:00,137,3,1981
2200,2016-01-08,21:27:00,338,4,1427
2201,2016-01-08,21:32:00,457,1,1982
2202,2016-01-08,21:33:00,292,1,1983
2203,2016-01-08,21:38:00,28,1,1984
2204,2016-01-08,21:39:00,385,2,1985
2205,2016-01-08,21:41:00,305,1,1986
2206,2016-01-08,21:41:00,257,2,1987
2207,2016-01-08,21:56:00,167,2,1988
2208,2016-01-08,22:10:00,111,1,1989
2209,2016-01-08,22:16:00,285,3,1990
2210,2016-01-08,22:24:00,125,1,1991
2211,2016-01-08,22:24:00,114,2,1992
2212,2016-01-08,22:28:00,173,3,1993
2213,2016-01-08,22:30:00,251,2,1994
2214,2016-01-08,22:32:00,139,2,1995
2215,2016-01-08,22:32:00,385,2,1996
2216,2016-01-08,22:44:00,163,3,1997
2217,2016-01-08,22:48:00,265,1,1998
2218,2016-01-08,22:53:00,80,2,1999
2219,2016-01-08,22:59:00,303,2,2000
2220,2016-01-08,22:59:00,324,3,2001
2221,2016-01-08,22:59:00,249,3,2002
2222,2016-01-08,23:05:00,342,2,2003
2223,2016-01-08,23:10:00,83,2,1215
2224,2016-01-08,23:11:00,88,3,2004
2225,2016-01-08,23:14:00,149,4,2005
2226,2016-01-08,23:17:00,280,1,2006
2227,2016-01-08,23:24:00,334,2,753
2228,2016-01-08,23:25:00,375,2,2007
2229,2016-01-08,23:26:00,19,2,2008
2230,2016-01-08,23:33:00,224,1,2009
2231,2016-01-08,23:40:00,458,2,2010
2232,2016-01-08,23:42:00,271,2,2011
2233,2016-01-08,23:42:00,71,1,2012
2234,2016-01-08,23:45:00,95,2,2013
2235,2016-01-08,23:46:00,28,4,2014
2236,2016-01-08,23:57:00,309,1,2015
2237,2016-01-09,00:09:00,326,2,2016
2238,2016-01-09,00:15:00,386,3,2017
2239,2016-01-09,00:33:00,96,1,2018
2240,2016-01-09,00:35:00,8,1,2019
2241,2016-01-09,00:36:00,40,1,2020
2242,2016-01-09,00:39:00,218,2,2021
2243,2016-01-09,00:43:00,281,1,2022
2244,2016-01-09,00:44:00,199,1,2023
2245,2016-01-09,00:45:00,21,1,124
2246,2016-01-09,00:54:00,187,4,1110
2247,2016-01-09,00:54:00,85,3,2024
2248,2016-01-09,00:54:00,73,3,2025
2249,2016-01-09,00:55:00,445,1,2026
2250,2016-01-09,01:01:00,405,2,2027
2251,2016-01-09,01:06:00,10,2,2028
2252,2016-01-09,01:12:00,445,2,2029
2253,2016-01-09,01:17:00,358,3,2030
2254,2016-01-09,01:18:00,314,1,1564
2255,2016-01-09,01:25:00,253,4,2031
2256,2016-01-09,01:28:00,156,2,2032
2257,2016-01-09,01:37:00,314,3,2033
2258,2016-01-09,01:47:00,365,1,2034
2259,2016-01-09,01:48:00,293,2,2035
2260,2016-01-09,01:55:00,67,3,2036
2261,2016-01-09,02:08:00,97,3,2037
2262,2016-01-09,02:20:00,371,1,2038
2263,2016-01-09,02:29:00,30,2,2039
2264,2016-01-09,02:32:00,326,2,2040
2265,2016-01-09,02:32:00,259,1,2041
2266,2016-01-09,02:33:00,111,2,2042
2267,2016-01-09,02:34:00,443,2,1408
2268,2016-01-09,02:35:00,325,1,2043
2269,2016-01-09,02:53:00,5,2,2044
2270,2016-01-09,03:03:00,13,1,2045
2271,2016-01-09,03:11:00,289,2,2046
2272,2016-01-09,03:11:00,58,3,1747
2273,2016-01-09,03:16:00,274,3,2047
2274,2016-01-09,03:19:00,185,4,2048
2275,2016-01-09,03:25:00,349,3,2049
2276,2016-01-09,03:28:00,184,1,2050
2277,2016-01-09,03:29:00,20,2,2051
2278,2016-01-09,03:33:00,441,1,2052
2279,2016-01-09,03:38:00,234,2,2053
2280,2016-01-09,03:39:00,355,2,2054
2281,2016-01-09,03:47:00,8,2,2055
2282,2016-01-09,03:48:00,154,3,2056
2283,2016-01-09,03:55:00,35,1,2057
2284,2016-01-09,04:05:00,22,2,2058
2285,2016-01-09,04:07:00,55,2,2059
2286,2016-01-09,04:10:00,398,2,2060
2287,2016-01-09,04:14:00,335,3,2061
2288,2016-01-09,04:15:00,346,3,2062
2289,2016-01-09,04:15:00,395,2,2063
2290,2016-01-09,04:19:00,156,1,2064
2291,2016-01-09,04:35:00,23,2,2065
2292,2016-01-09,04:36:00,173,1,2066
2293,2016-01-09,04:42:00,340,2,2067
2294,2016-01-09,04:47:00,84,4,2068
2295,2016-01-09,04:48:00,121,4,2069
2296,2016-01-09,04:50:00,48,1,2070
2297,2016-01-09,05:04:00,142,1,2071
2298,2016-01-09,05:11:00,439,1,2072
2299,2016-01-09,05:21:00,314,1,2073
2300,2016-01-09,05:25:00,166,5,2074
2301,2016-01-09,05:32:00,224,2,2075
2302,2016-01-09,05:54:00,367,3,395
2303,2016-01-09,05:55:00,312,2,2076
2304,2016-01-09,05:56:00,448,3,1127
2305,2016-01-09,05:59:00,402,2,2077
2306,2016-01-09,06:03:00,274,2,2078
2307,2016-01-09,06:04:00,408,1,2079
2308,2016-01-09,06:14:00,378,2,2080
2309,2016-01-09,06:16:00,15,2,2081
2310,2016-01-09,06:18:00,171,2,2082
2311,2016-01-09,06:29:00,121,1,2022
2312,2016-01-09,06:32:00,123,1,676
2313,2016-01-09,06:39:00,454,2,638
2314,2016-01-09,06:56:00,350,2,2083
2315,2016-01-09,06:58:00,188,3,2084
2316,2016-01-09,07:04:00,453,3,2085
2317,2016-01-09,07:04:00,63,1,2086
2318,2016-01-09,07:18:00,336,2,48
2319,2016-01-09,07:20:00,340,3,2087
2320,2016-01-09,07:22:00,435,5,2088
2321,2016-01-09,07:25:00,117,2,2089
2322,2016-01-09,07:26:00,159,5,1003
2323,2016-01-09,07:26:00,402,2,2090
2324,2016-01-09,07:37:00,246,2,2091
2325,2016-01-09,07:39:00,247,1,2092
2326,2016-01-09,07:49:00,183,1,2093
2327,2016-01-09,07:49:00,38,1,2094
2328,2016-01-09,07:50:00,314,4,760
2329,2016-01-09,07:56:00,343,1,2095
2330,2016-01-09,07:57:00,341,2,2096
2331,2016-01-09,08:00:00,316,3,1661
2332,2016-01-09,08:06:00,156,3,2097
2333,2016-01-09,08:17:00,213,2,2098
2334,2016-01-09,08:17:00,266,1,2099
2335,2016-01-09,08:18:00,458,4,2100
2336,2016-01-09,08:21:00,241,2,2101
2337,2016-01-09,08:22:00,158,1,2102
2338,2016-01-09,08:42:00,387,1,2103
2339,2016-01-09,08:49:00,239,2,2104
2340,2016-01-09,08:50:00,341,3,2013
2341,2016-01-09,09:00:00,150,2,2105
2342,2016-01-09,09:04:00,173,2,2106
2343,2016-01-09,09:06:00,87,1,2107
2344,2016-01-09,09:10:00,362,1,618
2345,2016-01-09,09:12:00,48,1,2108
2346,2016-01-09,09:20:00,66,2,2109
2347,2016-01-09,09:40:00,190,3,221
2348,2016-01-09,09:48:00,239,1,2110
2349,2016-01-09,09:54:00,161,2,2111
2350,2016-01-09,09:58:00,430,3,2112
2351,2016-01-09,09:59:00,9,2,2113
2352,2016-01-09,10:01:00,51,1,2114
2353,2016-01-09,10:01:00,441,2,2115
2354,2016-01-09,10:10:00,444,2,2116
2355,2016-01-09,10:14:00,13,1,2117
2356,2016-01-09,10:29:00,421,2,2118
2357,2016-01-09,10:33:00,373,3,2119
2358,2016-01-09,10:39:00,281,3,2120
2359,2016-01-09,10:42:00,72,1,2121
2360,2016-01-09,10:42:00,17,1,816
2361,2016-01-09,10:45:00,17,2,2122
2362,2016-01-09,10:46:00,114,1,2123
2363,2016-01-09,10:49:00,289,1,2124
2364,2016-01-09,11:03:00,329,2,2125
2365,2016-01-09,11:06:00,231,1,2126
2366,2016-01-09,11:07:00,224,1,2127
2367,2016-01-09,11:08:00,362,1,2128
2368,2016-01-09,11:10:00,401,1,2129
2369,2016-01-09,11:13:00,13,4,2130
2370,2016-01-09,11:13:00,271,2,2131
2371,2016-01-09,11:14:00,179,1,2132
2372,2016-01-09,11:15:00,152,1,2133
2373,2016-01-09,11:22:00,35,5,2134
2374,2016-01-09,11:22:00,452,3,2135
2375,2016-01-09,11:24:00,350,3,2136
2376,2016-01-09,11:31:00,366,3,2137
2377,2016-01-09,11:32:00,408,4,1925
2378,2016-01-09,11:33:00,45,1,2138
2379,2016-01-09,11:33:00,97,1,2139
2380,2016-01-09,11:42:00,69,1,2140
2381,2016-01-09,11:50:00,316,1,2141
2382,2016-01-09,11:53:00,223,3,2142
2383,2016-01-09,12:07:00,81,1,2143
2384,2016-01-09,12:08:00,126,2,2144
2385,2016-01-09,12:11:00,241,2,2145
2386,2016-01-09,12:14:00,218,1,2146
2387,2016-01-09,12:19:00,191,1,2147
2388,2016-01-09,12:23:00,59,1,2148
2389,2016-01-09,12:28:00,387,2,2149
2390,2016-01-09,12:42:00,1,4,2150
2391,2016-01-09,12:43:00,220,2,2151
2392,2016-01-09,12:53:00,114,1,2152
2393,2016-01-09,13:02:00,260,2,2153
2394,2016-01-09,13:12:00,455,1,2154
2395,2016-01-09,13:18:00,218,5,2155
2396,2016-01-09,13:27:00,315,1,2156
2397,2016-01-09,13:28:00,295,1,2157
2398,2016-01-09,13:32:00,434,1,2158
2399,2016-01-09,13:36:00,414,2,2159
2400,2016-01-09,13:39:00,239,1,41
2401,2016-01-09,13:40:00,114,3,2160
2402,2016-01-09,13:59:00,229,2,2161
2403,2016-01-09,14:09:00,60,1,2162
2404,2016-01-09,14:16:00,100,2,2163
2405,2016-01-09,14:22:00,82,2,2164
2406,2016-01-09,14:24:00,166,1,2165
2407,2016-01-09,14:29:00,253,1,2166
2408,2016-01-09,14:30:00,336,2,2167
2409,2016-01-09,14:31:00,40,3,2168
2410,2016-01-09,14:46:00,356,2,2169
2411,2016-01-09,14:51:00,344,2,2170
2412,2016-01-09,14:51:00,139,1,1546
2413,2016-01-09,14:52:00,153,2,2171
2414,2016-01-09,14:53:00,106,1,2172
2415,2016-01-09,14:55:00,353,4,1307
2416,2016-01-09,14:55:00,454,1,2173
2417,2016-01-09,14:59:00,329,1,1645
2418,2016-01-09,15:03:00,93,1,2174
2419,2016-01-09,15:08:00,418,2,2175
2420,2016-01-09,15:08:00,18,2,2176
2421,2016-01-09,15:17:00,139,1,1147
2422,2016-01-09,15:18:00,309,1,2177
2423,2016-01-09,15:22:00,311,1,2178
2424,2016-01-09,15:30:00,315,1,258
2425,2016-01-09,15:34:00,15,4,2179
2426,2016-01-09,15:38:00,135,1,2180
2427,2016-01-09,15:39:00,237,2,2181
2428,2016-01-09,15:40:00,259,2,2182
2429,2016-01-09,15:41:00,106,2,2183
2430,2016-01-09,15:58:00,132,1,2184
2431,2016-01-09,16:01:00,182,2,2185
2432,2016-01-09,16:11:00,455,2,2186
2433,2016-01-09,16:14:00,30,2,2187
2434,2016-01-09,16:15:00,253,1,2188
2435,2016-01-09,16:19:00,399,2,2189
2436,2016-01-09,16:32:00,92,1,2190
2437,2016-01-09,16:34:00,50,1,2191
2438,2016-01-09,16:35:00,265,1,2192
2439,2016-01-09,16:38:00,79,3,2193
2440,2016-01-09,16:41:00,145,2,2194
2441,2016-01-09,16:49:00,427,4,2195
2442,2016-01-09,16:58:00,299,2,2196
2443,2016-01-09,17:00:00,165,2,595
2444,2016-01-09,17:00:00,334,2,2197
2445,2016-01-09,17:01:00,289,2,2198
2446,2016-01-09,17:10:00,77,1,2199
2447,2016-01-09,17:10:00,162,1,2200
2448,2016-01-09,17:13:00,16,3,2201
2449,2016-01-09,17:14:00,10,3,2202
2450,2016-01-09,17:15:00,84,2,2203
2451,2016-01-09,17:16:00,149,1,2204
2452,2016-01-09,17:24:00,318,2,2205
2453,2016-01-09,17:32:00,284,4,2206
2454,2016-01-09,17:41:00,185,3,326
2455,2016-01-09,17:42:00,355,2,2207
2456,2016-01-09,17:44:00,307,3,2208
2457,2016-01-09,17:47:00,384,3,389
2458,2016-01-09,17:48:00,277,4,2209
2459,2016-01-09,17:48:00,170,4,2210
2460,2016-01-09,17:53:00,401,2,2211
2461,2016-01-09,18:01:00,328,1,2212
2462,2016-01-09,18:11:00,38,2,2213
2463,2016-01-09,18:13:00,5,1,2214
2464,2016-01-09,18:14:00,107,1,2215
2465,2016-01-09,18:16:00,60,2,2216
2466,2016-01-09,18:19:00,88,3,1156
2467,2016-01-09,18:21:00,149,1,2217
2468,2016-01-09,18:22:00,419,2,2218
2469,2016-01-09,18:26:00,57,1,2219
2470,2016-01-09,18:46:00,86,2,2220
2471,2016-01-09,19:08:00,404,2,2221
2472,2016-01-09,19:11:00,108,2,2222
2473,2016-01-09,19:19:00,427,2,2223
2474,2016-01-09,19:19:00,122,2,2224
2475,2016-01-09,19:20:00,431,1,2225
2476,2016-01-09,19:24:00,269,2,2226
2477,2016-01-09,19:26:00,344,1,2227
2478,2016-01-09,19:33:00,332,2,2228
2479,2016-01-09,19:44:00,65,1,2229
2480,2016-01-09,19:45:00,248,1,2230
2481,2016-01-09,19:45:00,285,3,2231
2482,2016-01-09,19:46:00,115,1,2232
2483,2016-01-09,19:52:00,53,2,2233
2484,2016-01-09,19:54:00,432,1,2234
2485,2016-01-09,19:57:00,328,1,2235
2486,2016-01-09,20:02:00,417,3,2236
2487,2016-01-09,20:17:00,72,1,2237
2488,2016-01-09,20:21:00,196,2,2238
2489,2016-01-09,20:46:00,393,3,2239
2490,2016-01-09,20:47:00,207,1,2240
2491,2016-01-09,20:48:00,32,1,3
2492,2016-01-09,20:58:00,194,2,990
2493,2016-01-09,21:08:00,144,3,1578
2494,2016-01-09,21:14:00,31,2,2241
2495,2016-01-09,21:19:00,63,1,2242
2496,2016-01-09,21:24:00,120,2,2243
2497,2016-01-09,21:25:00,221,1,2244
2498,2016-01-09,21:35:00,294,3,2245
2499,2016-01-09,21:37:00,365,2,2246
2500,2016-01-09,21:58:00,250,1,2247
2501,2016-01-09,21:59:00,82,1,2248
2502,2016-01-09,22:11:00,450,2,2249
2503,2016-01-09,22:22:00,96,2,2250
2504,2016-01-09,22:23:00,280,1,2251
2505,2016-01-09,22:29:00,377,2,2252
2506,2016-01-09,22:30:00,76,1,2253
2507,2016-01-09,22:35:00,276,3,2254
2508,2016-01-09,22:40:00,131,1,2255
2509,2016-01-09,22:42:00,284,2,2256
2510,2016-01-09,22:59:00,378,1,2257
2511,2016-01-09,23:02:00,273,3,880
2512,2016-01-09,23:05:00,314,3,2258
2513,2016-01-09,23:07:00,10,2,2259
2514,2016-01-09,23:13:00,366,2,852
2515,2016-01-09,23:17:00,273,2,2260
2516,2016-01-09,23:28:00,402,2,2261
2517,2016-01-09,23:30:00,213,1,2262
2518,2016-01-09,23:30:00,238,2,2263
2519,2016-01-09,23:33:00,119,2,2264
2520,2016-01-09,23:51:00,129,2,2265
2521,2016-01-09,23:51:00,150,4,2266
2522,2016-01-09,23:57:00,54,2,2267
2523,2016-01-10,00:02:00,29,1,2268
2524,2016-01-10,00:02:00,243,3,2269
2525,2016-01-10,00:05:00,149,2,2270
2526,2016-01-10,00:12:00,322,3,2271
2527,2016-01-10,00:20:00,148,1,2272
2528,2016-01-10,00:25:00,105,2,2273
2529,2016-01-10,00:31:00,340,3,2274
2530,2016-01-10,00:35:00,30,2,2063
2531,2016-01-10,00:40:00,372,5,2275
2532,2016-01-10,00:42:00,195,3,2276
2533,2016-01-10,00:46:00,295,1,2277
2534,2016-01-10,00:49:00,44,3,2278
2535,2016-01-10,00:59:00,36,2,2279
2536,2016-01-10,01:03:00,407,2,2280
2537,2016-01-10,01:03:00,170,4,2281
2538,2016-01-10,01:06:00,238,4,2282
2539,2016-01-10,01:07:00,257,1,2283
2540,2016-01-10,01:09:00,347,1,2284
2541,2016-01-10,01:12:00,180,1,2285
2542,2016-01-10,01:25:00,416,2,2286
2543,2016-01-10,01:25:00,210,1,2287
2544,2016-01-10,01:31:00,375,7,2288
2545,2016-01-10,01:31:00,426,3,2289
2546,2016-01-10,01:35:00,442,5,1297
2547,2016-01-10,01:48:00,382,2,2290
2548,2016-01-10,01:51:00,202,1,2291
2549,2016-01-10,01:54:00,30,2,2292
2550,2016-01-10,01:55:00,140,1,2293
2551,2016-01-10,01:55:00,333,2,2294
2552,2016-01-10,02:01:00,162,3,2295
2553,2016-01-10,02:10:00,7,2,2296
2554,2016-01-10,02:27:00,291,3,2297
2555,2016-01-10,02:28:00,380,2,2298
2556,2016-01-10,02:30:00,122,1,2299
2557,2016-01-10,02:38:00,85,2,2300
2558,2016-01-10,02:39:00,103,2,1114
2559,2016-01-10,02:43:00,285,2,2301
2560,2016-01-10,02:45:00,196,2,2302
2561,2016-01-10,02:46:00,441,3,2303
2562,2016-01-10,03:06:00,314,2,2304
2563,2016-01-10,03:07:00,456,1,2305
2564,2016-01-10,03:08:00,268,2,1576
2565,2016-01-10,03:12:00,399,2,2306
2566,2016-01-10,03:14:00,257,2,2307
2567,2016-01-10,03:19:00,354,1,2308
2568,2016-01-10,03:20:00,294,3,2309
2569,2016-01-10,03:38:00,301,1,2310
2570,2016-01-10,03:39:00,164,2,2311
2571,2016-01-10,03:55:00,94,4,670
2572,2016-01-10,03:59:00,246,1,1052
2573,2016-01-10,04:01:00,59,2,2312
2574,2016-01-10,04:07:00,346,2,2313
2575,2016-01-10,04:10:00,334,2,2314
2576,2016-01-10,04:16:00,362,1,2315
2577,2016-01-10,04:21:00,275,1,2316
2578,2016-01-10,04:23:00,278,1,2317
2579,2016-01-10,04:35:00,172,1,2318
2580,2016-01-10,04:36:00,150,1,2319
2581,2016-01-10,04:40:00,96,1,2320
2582,2016-01-10,04:51:00,116,1,2321
2583,2016-01-10,04:54:00,310,1,2322
2584,2016-01-10,04:59:00,179,1,2323
2585,2016-01-10,05:04:00,292,2,2324
2586,2016-01-10,05:11:00,2,2,2325
2587,2016-01-10,05:11:00,103,3,2326
2588,2016-01-10,05:12:00,107,2,2160
2589,2016-01-10,05:13:00,74,2,2327
2590,2016-01-10,05:15:00,32,2,2328
2591,2016-01-10,05:23:00,298,3,2329
2592,2016-01-10,05:46:00,350,1,2330
2593,2016-01-10,05:49:00,253,3,2331
2594,2016-01-10,05:53:00,17,1,2332
2595,2016-01-10,05:54:00,295,3,2333
2596,2016-01-10,05:59:00,364,2,2334
2597,2016-01-10,06:03:00,122,3,2335
2598,2016-01-10,06:04:00,370,2,2336
2599,2016-01-10,06:11:00,56,1,2337
2600,2016-01-10,06:12:00,230,3,2338
2601,2016-01-10,06:15:00,285,1,2339
2602,2016-01-10,06:18:00,35,1,2340
2603,2016-01-10,06:23:00,174,1,2341
2604,2016-01-10,06:25:00,458,2,2342
2605,2016-01-10,06:32:00,341,3,2343
2606,2016-01-10,06:41:00,366,4,2344
2607,2016-01-10,06:41:00,322,3,2345
2608,2016-01-10,06:50:00,6,1,2346
2609,2016-01-10,06:59:00,453,2,2347
2610,2016-01-10,07:02:00,182,4,2348
2611,2016-01-10,07:09:00,217,1,2001
2612,2016-01-10,07:11:00,341,1,2349
2613,2016-01-10,07:14:00,414,2,2350
2614,2016-01-10,07:14:00,236,5,2351
2615,2016-01-10,07:19:00,116,3,2352
2616,2016-01-10,07:21:00,28,5,2353
2617,2016-01-10,07:24:00,124,2,2354
2618,2016-01-10,07:26:00,65,3,2355
2619,2016-01-10,07:44:00,299,1,2356
2620,2016-01-10,07:45:00,411,3,2357
2621,2016-01-10,07:58:00,410,2,2358
2622,2016-01-10,08:13:00,323,1,2359
2623,2016-01-10,08:14:00,439,1,2360
2624,2016-01-10,08:15:00,105,3,2361
2625,2016-01-10,08:24:00,11,2,2356
2626,2016-01-10,08:28:00,14,1,2362
2627,2016-01-10,08:29:00,125,1,2363
2628,2016-01-10,08:32:00,268,1,2364
2629,2016-01-10,08:43:00,260,1,2365
2630,2016-01-10,08:45:00,383,2,2366
2631,2016-01-10,08:49:00,405,1,2367
2632,2016-01-10,08:57:00,170,1,2368
2633,2016-01-10,08:59:00,235,2,2369
2634,2016-01-10,08:59:00,203,2,2370
2635,2016-01-10,09:11:00,374,1,2371
2636,2016-01-10,09:13:00,437,3,2372
2637,2016-01-10,09:16:00,302,1,2373
2638,2016-01-10,09:28:00,276,2,2374
2639,2016-01-10,09:31:00,439,2,2375
2640,2016-01-10,09:32:00,70,1,1677
2641,2016-01-10,09:41:00,440,2,2376
2642,2016-01-10,09:44:00,247,1,2377
2643,2016-01-10,09:50:00,379,4,2378
2644,2016-01-10,09:59:00,218,1,2379
2645,2016-01-10,10:06:00,159,1,2380
2646,2016-01-10,10:13:00,91,2,2381
2647,2016-01-10,10:17:00,390,2,2382
2648,2016-01-10,10:21:00,49,3,2383
2649,2016-01-10,10:22:00,150,1,2384
2650,2016-01-10,10:30:00,30,1,889
2651,2016-01-10,10:39:00,293,1,2385
2652,2016-01-10,10:42:00,227,2,2386
2653,2016-01-10,10:45:00,349,1,2387
2654,2016-01-10,11:09:00,109,1,2388
2655,2016-01-10,11:09:00,136,1,2389
2656,2016-01-10,11:11:00,248,1,2390
2657,2016-01-10,11:12:00,330,2,2391
2658,2016-01-10,11:17:00,9,1,2392
2659,2016-01-10,11:20:00,266,2,2393
2660,2016-01-10,11:28:00,341,2,2394
2661,2016-01-10,11:40:00,102,1,2395
2662,2016-01-10,11:50:00,113,1,2396
2663,2016-01-10,11:59:00,307,2,2397
2664,2016-01-10,12:13:00,341,3,2398
2665,2016-01-10,12:16:00,110,1,2399
2666,2016-01-10,12:22:00,279,1,2400
2667,2016-01-10,12:30:00,302,3,2401
2668,2016-01-10,12:45:00,6,3,2402
2669,2016-01-10,13:05:00,194,2,2403
2670,2016-01-10,13:08:00,36,1,1467
2671,2016-01-10,13:08:00,449,2,2404
2672,2016-01-10,13:16:00,445,3,2405
2673,2016-01-10,13:22:00,236,2,2406
2674,2016-01-10,13:22:00,230,2,2407
2675,2016-01-10,13:23:00,221,2,2408
2676,2016-01-10,13:30:00,374,3,2409
2677,2016-01-10,13:34:00,61,1,2410
2678,2016-01-10,13:43:00,149,1,2411
2679,2016-01-10,13:43:00,312,2,2412
2680,2016-01-10,13:43:00,386,2,2413
2681,2016-01-10,13:45:00,206,1,2414
2682,2016-01-10,13:47:00,148,1,2415
2683,2016-01-10,13:49:00,247,2,2416
2684,2016-01-10,13:53:00,66,2,82
2685,2016-01-10,13:59:00,208,1,2417
2686,2016-01-10,14:07:00,140,1,2418
2687,2016-01-10,14:12:00,143,2,2419
2688,2016-01-10,14:13:00,373,2,2420
2689,2016-01-10,14:14:00,362,1,2421
2690,2016-01-10,14:15:00,449,3,2422
2691,2016-01-10,14:16:00,419,4,2423
2692,2016-01-10,14:16:00,431,1,2424
2693,2016-01-10,14:22:00,447,2,2204
2694,2016-01-10,14:27:00,367,3,2187
2695,2016-01-10,14:29:00,277,4,2425
2696,2016-01-10,14:32:00,243,3,2426
2697,2016-01-10,14:32:00,3,3,1274
2698,2016-01-10,14:40:00,327,5,1111
2699,2016-01-10,14:50:00,199,1,290
2700,2016-01-10,14:50:00,410,2,2427
2701,2016-01-10,14:53:00,440,1,2428
2702,2016-01-10,14:55:00,304,3,2429
2703,2016-01-10,14:56:00,116,3,2430
2704,2016-01-10,15:02:00,299,1,2431
2705,2016-01-10,15:05:00,312,1,2432
2706,2016-01-10,15:10:00,257,2,2433
2707,2016-01-10,15:18:00,454,1,2434
2708,2016-01-10,15:28:00,19,3,2435
2709,2016-01-10,15:29:00,228,3,2436
2710,2016-01-10,15:30:00,35,3,2437
2711,2016-01-10,15:55:00,458,1,2438
2712,2016-01-10,15:56:00,92,1,2439
2713,2016-01-10,16:03:00,175,1,2440
2714,2016-01-10,16:12:00,203,2,2441
2715,2016-01-10,16:24:00,46,5,2442
2716,2016-01-10,16:32:00,428,4,2443
2717,2016-01-10,16:34:00,184,3,2444
2718,2016-01-10,16:39:00,453,2,2347
2719,2016-01-10,16:40:00,45,2,2445
2720,2016-01-10,16:46:00,443,1,2446
2721,2016-01-10,16:52:00,233,2,2447
2722,2016-01-10,16:53:00,117,2,2448
2723,2016-01-10,16:56:00,201,1,2449
2724,2016-01-10,16:56:00,360,2,2450
2725,2016-01-10,17:05:00,120,3,2451
2726,2016-01-10,17:08:00,273,1,1601
2727,2016-01-10,17:15:00,334,2,2452
2728,2016-01-10,17:15:00,300,2,2453
2729,2016-01-10,17:16:00,93,2,2454
2730,2016-01-10,17:18:00,295,1,2414
2731,2016-01-10,17:23:00,242,2,2455
2732,2016-01-10,17:25:00,40,1,2456
2733,2016-01-10,17:26:00,458,3,2457
2734,2016-01-10,17:27:00,323,1,1803
2735,2016-01-10,17:32:00,261,3,2458
2736,2016-01-10,17:34:00,453,3,2459
2737,2016-01-10,17:36:00,353,2,2460
2738,2016-01-10,17:46:00,346,1,2461
2739,2016-01-10,17:47:00,16,1,2462
2740,2016-01-10,17:48:00,75,2,2463
2741,2016-01-10,17:48:00,122,1,2464
2742,2016-01-10,17:51:00,399,1,2465
2743,2016-01-10,18:00:00,42,1,2466
2744,2016-01-10,18:00:00,199,2,2467
2745,2016-01-10,18:03:00,387,5,2468
2746,2016-01-10,18:11:00,39,4,2469
2747,2016-01-10,18:30:00,79,1,2470
2748,2016-01-10,18:35:00,389,3,2471
2749,2016-01-10,18:42:00,172,2,2472
2750,2016-01-10,18:43:00,403,3,2473
2751,2016-01-10,18:48:00,153,1,2474
2752,2016-01-10,18:51:00,182,1,1490
2753,2016-01-10,19:05:00,387,1,2475
2754,2016-01-10,19:07:00,67,1,2476
2755,2016-01-10,19:08:00,321,1,2477
2756,2016-01-10,19:10:00,446,2,2478
2757,2016-01-10,19:19:00,327,1,1971
2758,2016-01-10,19:24:00,104,1,2479
2759,2016-01-10,19:39:00,256,1,2480
2760,2016-01-10,19:46:00,221,5,2481
2761,2016-01-10,19:48:00,252,1,2482
2762,2016-01-10,20:01:00,457,2,2483
2763,2016-01-10,20:07:00,261,2,2484
2764,2016-01-10,20:10:00,68,2,2485
2765,2016-01-10,20:11:00,65,3,2486
2766,2016-01-10,20:12:00,325,2,439
2767,2016-01-10,20:12:00,281,1,2487
2768,2016-01-10,20:13:00,174,5,2488
2769,2016-01-10,20:22:00,440,2,2489
2770,2016-01-10,20:24:00,335,2,2490
2771,2016-01-10,20:26:00,79,2,2491
2772,2016-01-10,20:31:00,236,1,2492
2773,2016-01-10,20:33:00,90,2,2493
2774,2016-01-10,20:37:00,126,1,2494
2775,2016-01-10,20:43:00,199,2,2495
2776,2016-01-10,20:53:00,235,2,106
2777,2016-01-10,20:58:00,399,1,2281
2778,2016-01-10,20:59:00,16,2,2496
2779,2016-01-10,21:02:00,69,8,2497
2780,2016-01-10,21:05:00,195,2,2498
2781,2016-01-10,21:11:00,353,1,2499
2782,2016-01-10,21:11:00,128,4,2500
2783,2016-01-10,21:23:00,373,1,2501
2784,2016-01-10,21:41:00,113,2,2502
2785,2016-01-10,21:46:00,116,2,2503
2786,2016-01-10,21:53:00,178,2,2504
2787,2016-01-10,21:55:00,25,1,2021
2788,2016-01-10,21:57:00,424,4,2505
2789,2016-01-10,22:00:00,298,1,2506
2790,2016-01-10,22:14:00,251,2,2507
2791,2016-01-10,22:20:00,149,3,2508
2792,2016-01-10,22:25:00,393,1,2509
2793,2016-01-10,22:30:00,187,4,2510
2794,2016-01-10,22:31:00,450,3,2511
2795,2016-01-10,22:33:00,292,2,2512
2796,2016-01-10,22:37:00,5,2,457
2797,2016-01-10,22:39:00,373,2,2513
2798,2016-01-10,22:54:00,427,1,2514
2799,2016-01-10,23:01:00,452,2,2515
2800,2016-01-10,23:04:00,305,1,2516
2801,2016-01-10,23:10:00,355,3,2517
2802,2016-01-10,23:13:00,436,4,2518
2803,2016-01-10,23:13:00,328,2,1955
2804,2016-01-10,23:14:00,154,1,2519
2805,2016-01-10,23:16:00,246,1,2520
2806,2016-01-10,23:22:00,174,1,2521
2807,2016-01-10,23:24:00,90,2,2522
2808,2016-01-10,23:26:00,204,2,2523
2809,2016-01-10,23:42:00,332,3,2524
2810,2016-01-10,23:58:00,109,2,2525
2811,2016-01-10,23:59:00,401,4,2526
2812,2016-01-11,00:01:00,78,2,2527
2813,2016-01-11,00:03:00,338,4,2528
2814,2016-01-11,00:05:00,324,1,2529
2815,2016-01-11,00:06:00,78,1,2530
2816,2016-01-11,00:11:00,296,2,2531
2817,2016-01-11,00:12:00,376,2,2532
2818,2016-01-11,00:17:00,310,3,2533
2819,2016-01-11,00:19:00,7,3,2534
2820,2016-01-11,00:21:00,240,1,2535
2821,2016-01-11,00:27:00,286,1,2536
2822,2016-01-11,00:41:00,316,1,2537
2823,2016-01-11,00:45:00,383,4,2538
2824,2016-01-11,00:46:00,457,1,661
2825,2016-01-11,00:47:00,69,1,2539
2826,2016-01-11,00:50:00,37,3,2540
2827,2016-01-11,00:50:00,427,2,2541
2828,2016-01-11,00:55:00,174,2,2542
2829,2016-01-11,00:58:00,138,2,2543
2830,2016-01-11,00:59:00,34,1,1553
2831,2016-01-11,01:01:00,283,3,2544
2832,2016-01-11,01:02:00,442,1,968
2833,2016-01-11,01:12:00,71,3,2545
2834,2016-01-11,01:16:00,406,1,2546
2835,2016-01-11,01:20:00,241,2,1712
2836,2016-01-11,01:22:00,185,1,2547
2837,2016-01-11,01:25:00,149,2,2548
2838,2016-01-11,01:44:00,383,1,2549
2839,2016-01-11,01:45:00,126,3,2550
2840,2016-01-11,01:49:00,51,3,2551
2841,2016-01-11,01:56:00,3,2,1517
2842,2016-01-11,01:58:00,132,2,2552
2843,2016-01-11,02:02:00,166,2,2553
2844,2016-01-11,02:04:00,245,1,1166
2845,2016-01-11,02:04:00,304,1,2554
2846,2016-01-11,02:08:00,242,3,2555
2847,2016-01-11,02:13:00,257,1,2556
2848,2016-01-11,02:15:00,319,3,2557
2849,2016-01-11,02:16:00,303,3,2558
2850,2016-01-11,02:16:00,22,3,2559
2851,2016-01-11,02:36:00,272,1,2560
2852,2016-01-11,02:46:00,89,1,2561
2853,2016-01-11,02:48:00,105,1,2562
2854,2016-01-11,03:07:00,142,3,2563
2855,2016-01-11,03:20:00,58,2,2564
2856,2016-01-11,03:23:00,428,1,2565
2857,2016-01-11,03:33:00,186,2,2566
2858,2016-01-11,03:46:00,12,4,2567
2859,2016-01-11,04:03:00,271,3,2568
2860,2016-01-11,04:06:00,33,1,2569
2861,2016-01-11,04:12:00,107,4,2570
2862,2016-01-11,04:13:00,456,4,2571
2863,2016-01-11,04:16:00,117,1,2572
2864,2016-01-11,04:17:00,6,1,2573
2865,2016-01-11,04:22:00,256,1,2574
2866,2016-01-11,04:25:00,49,1,2575
2867,2016-01-11,04:26:00,321,2,2576
2868,2016-01-11,04:28:00,169,1,2577
2869,2016-01-11,04:30:00,70,2,2578
2870,2016-01-11,04:31:00,33,1,2579
2871,2016-01-11,04:33:00,116,3,2580
2872,2016-01-11,04:36:00,342,1,2581
2873,2016-01-11,04:37:00,35,3,2582
2874,2016-01-11,04:47:00,449,2,2583
2875,2016-01-11,04:49:00,212,4,2584
2876,2016-01-11,04:50:00,141,3,2536
2877,2016-01-11,05:10:00,142,3,2585
2878,2016-01-11,05:11:00,45,4,2586
2879,2016-01-11,05:14:00,158,3,2587
2880,2016-01-11,05:15:00,265,2,2588
2881,2016-01-11,05:19:00,3,4,2589
2882,2016-01-11,05:26:00,96,2,2590
2883,2016-01-11,05:27:00,270,1,2591
2884,2016-01-11,05:33:00,82,3,2592
2885,2016-01-11,05:33:00,258,2,2593
2886,2016-01-11,05:46:00,238,1,2594
2887,2016-01-11,05:49:00,428,2,2595
2888,2016-01-11,05:49:00,147,3,2596
2889,2016-01-11,05:55:00,198,1,2597
2890,2016-01-11,05:57:00,403,2,2598
2891,2016-01-11,05:57:00,49,1,2599
2892,2016-01-11,06:04:00,402,1,2600
2893,2016-01-11,06:11:00,229,3,280
2894,2016-01-11,06:17:00,20,1,973
2895,2016-01-11,06:20:00,179,3,2601
2896,2016-01-11,06:29:00,409,2,2602
2897,2016-01-11,06:30:00,76,2,2603
2898,2016-01-11,06:41:00,347,2,2604
2899,2016-01-11,06:46:00,220,1,2605
2900,2016-01-11,06:46:00,306,1,2606
2901,2016-01-11,06:57:00,374,1,2607
2902,2016-01-11,07:02:00,403,1,2608
2903,2016-01-11,07:08:00,60,1,2609
2904,2016-01-11,07:11:00,425,1,2610
2905,2016-01-11,07:13:00,393,1,2611
2906,2016-01-11,07:23:00,166,2,2612
2907,2016-01-11,07:28:00,30,1,2613
2908,2016-01-11,07:31:00,382,1,2614
2909,2016-01-11,07:31:00,280,1,2615
2910,2016-01-11,07:33:00,271,5,2616
2911,2016-01-11,07:34:00,125,2,2617
2912,2016-01-11,07:41:00,69,1,2618
2913,2016-01-11,07:43:00,136,1,2619
2914,2016-01-11,07:50:00,455,2,2620
2915,2016-01-11,07:52:00,420,3,2621
2916,2016-01-11,08:03:00,430,2,2622
2917,2016-01-11,08:05:00,264,2,2623
2918,2016-01-11,08:05:00,108,2,2624
2919,2016-01-11,08:06:00,294,2,2625
2920,2016-01-11,08:06:00,38,1,2626
2921,2016-01-11,08:09:00,287,2,2627
2922,2016-01-11,08:11:00,44,2,2628
2923,2016-01-11,08:22:00,172,2,2629
2924,2016-01-11,08:28:00,413,3,2630
2925,2016-01-11,08:32:00,213,1,2631
2926,2016-01-11,08:32:00,402,1,2632
2927,2016-01-11,08:33:00,128,5,2633
2928,2016-01-11,08:35:00,112,1,2634
2929,2016-01-11,08:39:00,300,1,2635
2930,2016-01-11,08:41:00,129,2,2636
2931,2016-01-11,08:41:00,3,3,2637
2932,2016-01-11,08:42:00,131,3,137
2933,2016-01-11,08:49:00,273,3,2638
2934,2016-01-11,09:06:00,197,1,2639
2935,2016-01-11,09:26:00,105,2,2640
2936,2016-01-11,09:30:00,247,2,2641
2937,2016-01-11,09:35:00,132,3,2642
2938,2016-01-11,09:50:00,367,1,2643
2939,2016-01-11,09:55:00,23,1,2644
2940,2016-01-11,10:02:00,51,3,2645
2941,2016-01-11,10:03:00,218,2,2646
2942,2016-01-11,10:16:00,417,1,2647
2943,2016-01-11,10:16:00,290,4,2648
2944,2016-01-11,10:21:00,253,1,2649
2945,2016-01-11,10:25:00,252,2,2650
2946,2016-01-11,10:35:00,346,2,2651
2947,2016-01-11,10:42:00,216,2,2652
2948,2016-01-11,10:46:00,167,2,2653
2949,2016-01-11,10:46:00,59,2,2467
2950,2016-01-11,10:51:00,242,2,2654
2951,2016-01-11,11:10:00,335,1,2655
2952,2016-01-11,11:19:00,32,2,2656
2953,2016-01-11,11:27:00,75,1,2657
2954,2016-01-11,11:37:00,383,3,2658
2955,2016-01-11,11:40:00,441,1,2659
2956,2016-01-11,11:45:00,417,1,2660
2957,2016-01-11,11:46:00,155,3,2661
2958,2016-01-11,11:47:00,23,1,2662
2959,2016-01-11,11:50:00,150,2,2663
2960,2016-01-11,11:57:00,237,3,2664
2961,2016-01-11,12:00:00,38,2,2665
2962,2016-01-11,12:02:00,217,1,2666
2963,2016-01-11,12:08:00,285,2,2667
2964,2016-01-11,12:09:00,76,4,2076
2965,2016-01-11,12:12:00,352,2,2668
2966,2016-01-11,12:18:00,292,4,2669
2967,2016-01-11,12:20:00,108,3,2670
2968,2016-01-11,12:27:00,369,2,2671
2969,2016-01-11,12:30:00,222,2,2672
2970,2016-01-11,12:34:00,201,3,2673
2971,2016-01-11,12:37:00,48,2,2674
2972,2016-01-11,12:38:00,87,1,2675
2973,2016-01-11,12:45:00,303,2,2676
2974,2016-01-11,12:49:00,181,2,2677
2975,2016-01-11,12:52:00,37,1,2678
2976,2016-01-11,13:20:00,286,1,2679
2977,2016-01-11,13:37:00,29,4,2680
2978,2016-01-11,13:46:00,373,1,2681
2979,2016-01-11,14:04:00,245,3,2682
2980,2016-01-11,14:07:00,341,1,1733
2981,2016-01-11,14:25:00,38,1,2683
2982,2016-01-11,14:28:00,365,1,138
2983,2016-01-11,14:38:00,185,2,1171
2984,2016-01-11,14:46:00,411,1,2684
2985,2016-01-11,14:48:00,369,2,2274
2986,2016-01-11,14:53:00,337,2,2685
2987,2016-01-11,14:59:00,416,3,2686
2988,2016-01-11,15:02:00,417,2,2687
2989,2016-01-11,15:02:00,187,1,2688
2990,2016-01-11,15:05:00,32,1,2689
2991,2016-01-11,15:08:00,180,1,2690
2992,2016-01-11,15:37:00,218,2,2691
2993,2016-01-11,15:42:00,219,2,2692
2994,2016-01-11,15:45:00,256,2,2693
2995,2016-01-11,16:01:00,69,1,2694
2996,2016-01-11,16:08:00,341,1,2695
2997,2016-01-11,16:13:00,19,2,2696
2998,2016-01-11,16:15:00,179,1,2697
2999,2016-01-11,16:16:00,53,2,2698
3000,2016-01-11,16:18:00,440,4,2699
3001,2016-01-11,16:24:00,20,1,2700
3002,2016-01-11,16:30:00,308,2,2701
3003,2016-01-11,16:31:00,329,4,2702
3004,2016-01-11,16:34:00,19,4,2703
3005,2016-01-11,16:35:00,22,3,2642
3006,2016-01-11,16:37:00,445,1,2704
3007,2016-01-11,16:40:00,404,3,2705
3008,2016-01-11,16:43:00,105,2,2706
3009,2016-01-11,16:52:00,449,4,2707
3010,2016-01-11,16:54:00,43,2,2708
3011,2016-01-11,16:59:00,155,3,2709
3012,2016-01-11,17:06:00,152,3,2710
3013,2016-01-11,17:07:00,23,6,2711
3014,2016-01-11,17:13:00,223,4,2712
3015,2016-01-11,17:19:00,74,3,2713
3016,2016-01-11,17:20:00,375,2,2714
3017,2016-01-11,17:25:00,179,2,2715
3018,2016-01-11,17:29:00,139,4,2716
3019,2016-01-11,17:32:00,323,6,2717
3020,2016-01-11,17:35:00,124,4,2718
3021,2016-01-11,17:45:00,241,2,2719
3022,2016-01-11,17:51:00,436,1,2720
3023,2016-01-11,17:53:00,345,4,2721
3024,2016-01-11,17:56:00,201,1,2722
3025,2016-01-11,18:07:00,438,2,2723
3026,2016-01-11,18:07:00,160,2,2724
3027,2016-01-11,18:09:00,235,2,2725
3028,2016-01-11,18:26:00,232,1,2726
3029,2016-01-11,18:27:00,274,4,2727
3030,2016-01-11,18:36:00,16,1,2728
3031,2016-01-11,18:40:00,84,3,2729
3032,2016-01-11,18:47:00,151,1,2730
3033,2016-01-11,18:48:00,200,3,2731
3034,2016-01-11,18:53:00,198,2,2732
3035,2016-01-11,18:56:00,15,2,2733
3036,2016-01-11,19:00:00,135,2,2734
3037,2016-01-11,19:09:00,93,2,716
3038,2016-01-11,19:11:00,300,1,2735
3039,2016-01-11,19:13:00,322,1,2736
3040,2016-01-11,19:15:00,166,2,2737
3041,2016-01-11,19:41:00,403,2,2738
3042,2016-01-11,19:45:00,120,1,2739
3043,2016-01-11,19:53:00,87,1,2740
3044,2016-01-11,20:01:00,438,1,2741
3045,2016-01-11,20:07:00,255,1,2742
3046,2016-01-11,20:07:00,199,4,2743
3047,2016-01-11,20:09:00,255,1,2744
3048,2016-01-11,20:16:00,53,2,723
3049,2016-01-11,20:22:00,11,2,2745
3050,2016-01-11,20:41:00,455,1,2746
3051,2016-01-11,20:45:00,81,2,2747
3052,2016-01-11,20:47:00,302,1,2748
3053,2016-01-11,20:48:00,252,1,527
3054,2016-01-11,20:53:00,20,1,2749
3055,2016-01-11,21:07:00,239,1,2750
3056,2016-01-11,21:11:00,104,2,2751
3057,2016-01-11,21:25:00,342,2,2752
3058,2016-01-11,21:35:00,234,3,2753
3059,2016-01-11,21:42:00,33,3,2754
3060,2016-01-11,21:43:00,301,1,2755
3061,2016-01-11,21:45:00,375,1,2756
3062,2016-01-11,21:46:00,351,1,2757
3063,2016-01-11,21:50:00,149,1,2127
3064,2016-01-11,21:51:00,194,4,2758
3065,2016-01-11,21:51:00,188,2,2759
3066,2016-01-11,22:02:00,9,2,2760
3067,2016-01-11,22:04:00,70,2,2761
3068,2016-01-11,22:04:00,425,3,106
3069,2016-01-11,22:04:00,341,1,2762
3070,2016-01-11,22:11:00,149,3,2763
3071,2016-01-11,22:13:00,204,1,2764
3072,2016-01-11,22:15:00,289,1,2765
3073,2016-01-11,22:16:00,429,1,2766
3074,2016-01-11,22:20:00,173,1,2767
3075,2016-01-11,22:23:00,189,1,2768
3076,2016-01-11,22:26:00,158,2,2769
3077,2016-01-11,22:26:00,68,3,2770
3078,2016-01-11,22:28:00,239,2,2771
3079,2016-01-11,22:43:00,363,1,118
3080,2016-01-11,22:43:00,62,3,2772
3081,2016-01-11,23:06:00,97,1,2773
3082,2016-01-11,23:07:00,88,3,2774
3083,2016-01-11,23:08:00,116,1,2775
3084,2016-01-11,23:25:00,233,1,2776
3085,2016-01-11,23:28:00,128,2,2777
3086,2016-01-11,23:30:00,61,4,2778
3087,2016-01-11,23:40:00,146,1,2779
3088,2016-01-12,00:08:00,182,1,2780
3089,2016-01-12,00:10:00,162,1,2781
3090,2016-01-12,00:22:00,439,2,2782
3091,2016-01-12,00:37:00,59,1,2783
3092,2016-01-12,00:45:00,432,3,2577
3093,2016-01-12,00:46:00,85,1,1333
3094,2016-01-12,00:49:00,406,2,2595
3095,2016-01-12,00:49:00,71,2,2304
3096,2016-01-12,00:53:00,112,2,2416
3097,2016-01-12,01:02:00,394,2,1544
3098,2016-01-12,01:02:00,348,3,2784
3099,2016-01-12,01:07:00,86,4,2785
3100,2016-01-12,01:08:00,304,1,2786
3101,2016-01-12,01:09:00,5,1,2787
3102,2016-01-12,01:11:00,290,3,2788
3103,2016-01-12,01:14:00,340,3,2789
3104,2016-01-12,01:17:00,297,4,2790
3105,2016-01-12,01:19:00,175,1,2791
3106,2016-01-12,01:33:00,44,1,2792
3107,2016-01-12,01:45:00,422,1,2793
3108,2016-01-12,01:48:00,194,3,2794
3109,2016-01-12,01:49:00,115,3,2795
3110,2016-01-12,02:03:00,324,3,2796
3111,2016-01-12,02:04:00,209,3,2797
3112,2016-01-12,02:16:00,66,2,2798
3113,2016-01-12,02:23:00,455,1,2799
3114,2016-01-12,02:24:00,274,3,2800
3115,2016-01-12,02:26:00,156,2,2801
3116,2016-01-12,02:29:00,136,2,479
3117,2016-01-12,02:42:00,174,3,2802
3118,2016-01-12,02:42:00,150,2,2803
3119,2016-01-12,02:43:00,393,1,2804
3120,2016-01-12,02:43:00,445,4,2805
3121,2016-01-12,02:47:00,261,3,2806
3122,2016-01-12,02:54:00,264,4,2807
3123,2016-01-12,02:59:00,106,2,2808
3124,2016-01-12,03:01:00,3,4,2809
3125,2016-01-12,03:03:00,325,3,2810
3126,2016-01-12,03:07:00,132,3,2811
3127,2016-01-12,03:08:00,75,2,2812
3128,2016-01-12,03:08:00,240,2,2813
3129,2016-01-12,03:08:00,231,3,2814
3130,2016-01-12,03:13:00,240,3,2815
3131,2016-01-12,03:16:00,50,1,2103
3132,2016-01-12,03:19:00,207,1,2816
3133,2016-01-12,03:24:00,334,1,2817
3134,2016-01-12,03:24:00,239,1,2818
3135,2016-01-12,03:33:00,434,3,2819
3136,2016-01-12,03:45:00,235,3,2820
3137,2016-01-12,03:45:00,57,2,2821
3138,2016-01-12,03:50:00,262,1,2822
3139,2016-01-12,03:50:00,51,2,2823
3140,2016-01-12,03:52:00,109,2,2824
3141,2016-01-12,03:52:00,227,2,2825
3142,2016-01-12,04:17:00,93,2,2826
3143,2016-01-12,04:24:00,440,1,2827
3144,2016-01-12,04:25:00,229,3,2828
3145,2016-01-12,04:25:00,157,3,2829
3146,2016-01-12,04:39:00,72,4,254
3147,2016-01-12,04:40:00,5,3,922
3148,2016-01-12,04:52:00,215,2,2830
3149,2016-01-12,04:56:00,352,1,2831
3150,2016-01-12,05:01:00,86,2,2832
3151,2016-01-12,05:10:00,47,2,39
3152,2016-01-12,05:12:00,333,1,2833
3153,2016-01-12,05:20:00,314,1,2834
3154,2016-01-12,05:21:00,291,1,2835
3155,2016-01-12,05:22:00,221,1,2836
3156,2016-01-12,05:27:00,5,1,2837
3157,2016-01-12,05:32:00,99,3,242
3158,2016-01-12,05:45:00,185,2,2838
3159,2016-01-12,05:46:00,359,3,2839
3160,2016-01-12,05:47:00,206,2,2840
3161,2016-01-12,05:48:00,447,1,1528
3162,2016-01-12,05:52:00,296,2,2841
3163,2016-01-12,05:53:00,324,3,2842
3164,2016-01-12,05:58:00,139,1,2843
3165,2016-01-12,05:58:00,186,4,2844
3166,2016-01-12,06:00:00,289,2,2845
3167,2016-01-12,06:10:00,110,4,1081
3168,2016-01-12,06:11:00,305,1,2846
3169,2016-01-12,06:13:00,349,3,2847
3170,2016-01-12,06:15:00,289,2,2848
3171,2016-01-12,06:16:00,243,2,2849
3172,2016-01-12,06:33:00,327,3,2850
3173,2016-01-12,06:35:00,354,1,2851
3174,2016-01-12,06:38:00,39,2,2852
3175,2016-01-12,06:46:00,186,2,2853
3176,2016-01-12,06:48:00,425,3,2854
3177,2016-01-12,06:54:00,222,1,2855
3178,2016-01-12,07:03:00,42,1,2856
3179,2016-01-12,07:11:00,152,4,2857
3180,2016-01-12,07:24:00,354,1,2858
3181,2016-01-12,07:25:00,189,2,2859
3182,2016-01-12,07:30:00,400,1,2860
3183,2016-01-12,07:30:00,456,1,2861
3184,2016-01-12,07:31:00,293,5,2862
3185,2016-01-12,07:32:00,150,1,2863
3186,2016-01-12,07:33:00,402,1,2864
3187,2016-01-12,07:47:00,125,1,2159
3188,2016-01-12,07:57:00,182,1,2865
3189,2016-01-12,07:58:00,159,1,2866
3190,2016-01-12,08:26:00,269,2,2867
3191,2016-01-12,08:28:00,433,2,2868
3192,2016-01-12,08:34:00,2,3,2869
3193,2016-01-12,08:37:00,159,1,2870
3194,2016-01-12,08:41:00,313,2,2871
3195,2016-01-12,08:54:00,311,1,2872
3196,2016-01-12,09:02:00,307,2,2873
3197,2016-01-12,09:08:00,457,2,2874
3198,2016-01-12,09:08:00,154,3,2875
3199,2016-01-12,09:22:00,429,1,2760
3200,2016-01-12,09:29:00,227,3,2876
3201,2016-01-12,09:40:00,153,2,2877
3202,2016-01-12,09:50:00,231,2,2878
3203,2016-01-12,10:01:00,405,2,2879
3204,2016-01-12,10:03:00,275,3,2880
3205,2016-01-12,10:05:00,16,1,2881
3206,2016-01-12,10:05:00,5,2,2882
3207,2016-01-12,10:08:00,345,1,2883
3208,2016-01-12,10:20:00,295,1,2884
3209,2016-01-12,10:23:00,115,1,2885
3210,2016-01-12,10:30:00,176,3,2708
3211,2016-01-12,10:31:00,458,1,791
3212,2016-01-12,10:35:00,277,2,2886
3213,2016-01-12,10:40:00,337,3,2887
3214,2016-01-12,10:47:00,420,1,2888
3215,2016-01-12,10:48:00,241,1,2889
3216,2016-01-12,10:55:00,14,2,2890
3217,2016-01-12,10:55:00,419,1,2891
3218,2016-01-12,10:58:00,135,1,2892
3219,2016-01-12,11:16:00,449,3,2893
3220,2016-01-12,11:18:00,458,1,2894
3221,2016-01-12,11:22:00,193,3,2895
3222,2016-01-12,11:27:00,200,2,2896
3223,2016-01-12,11:36:00,342,5,2897
3224,2016-01-12,11:39:00,179,1,2898
3225,2016-01-12,11:56:00,228,3,2899
3226,2016-01-12,12:01:00,348,3,2185
3227,2016-01-12,12:01:00,26,2,2900
3228,2016-01-12,12:09:00,28,1,2901
3229,2016-01-12,12:13:00,225,1,2902
3230,2016-01-12,12:29:00,182,1,2903
3231,2016-01-12,12:29:00,432,1,2904
3232,2016-01-12,12:30:00,435,4,2905
3233,2016-01-12,12:30:00,56,1,2906
3234,2016-01-12,12:32:00,295,2,2907
3235,2016-01-12,12:33:00,171,1,2908
3236,2016-01-12,12:34:00,80,1,2909
3237,2016-01-12,12:47:00,22,1,2910
3238,2016-01-12,13:02:00,427,1,2911
3239,2016-01-12,13:03:00,39,1,2912
3240,2016-01-12,13:09:00,346,3,2913
3241,2016-01-12,13:11:00,217,1,2914
3242,2016-01-12,13:12:00,22,1,2915
3243,2016-01-12,13:22:00,371,1,2916
3244,2016-01-12,13:27:00,346,1,2917
3245,2016-01-12,13:51:00,344,1,2918
3246,2016-01-12,14:05:00,2,1,2919
3247,2016-01-12,14:14:00,188,3,2920
3248,2016-01-12,14:46:00,311,1,2921
3249,2016-01-12,14:48:00,277,1,2922
3250,2016-01-12,14:56:00,253,1,2923
3251,2016-01-12,14:56:00,134,3,2924
3252,2016-01-12,15:03:00,16,3,2925
3253,2016-01-12,15:04:00,384,5,1388
3254,2016-01-12,15:21:00,273,2,2881
3255,2016-01-12,15:27:00,377,1,2926
3256,2016-01-12,15:29:00,342,2,2927
3257,2016-01-12,15:34:00,3,4,2928
3258,2016-01-12,15:35:00,268,2,2929
3259,2016-01-12,15:38:00,448,2,2930
3260,2016-01-12,15:41:00,327,2,2931
3261,2016-01-12,15:47:00,134,3,2932
3262,2016-01-12,16:00:00,142,3,2933
3263,2016-01-12,16:04:00,358,1,2934
3264,2016-01-12,16:15:00,308,2,2935
3265,2016-01-12,16:26:00,213,3,2936
3266,2016-01-12,16:40:00,382,2,2937
3267,2016-01-12,16:49:00,204,2,2938
3268,2016-01-12,16:51:00,296,2,2939
3269,2016-01-12,16:55:00,189,2,2940
3270,2016-01-12,16:58:00,343,1,2941
3271,2016-01-12,17:03:00,57,1,2942
3272,2016-01-12,17:09:00,87,3,2943
3273,2016-01-12,17:15:00,101,5,1112
3274,2016-01-12,17:16:00,238,2,2944
3275,2016-01-12,17:16:00,139,2,2945
3276,2016-01-12,17:17:00,213,3,2946
3277,2016-01-12,17:18:00,316,1,2947
3278,2016-01-12,17:19:00,292,1,2948
3279,2016-01-12,17:26:00,207,2,2949
3280,2016-01-12,17:29:00,301,1,2950
3281,2016-01-12,17:43:00,450,2,2951
3282,2016-01-12,17:44:00,454,3,832
3283,2016-01-12,17:52:00,452,2,2952
3284,2016-01-12,17:55:00,267,1,2953
3285,2016-01-12,18:01:00,447,3,2954
3286,2016-01-12,18:01:00,119,1,2955
3287,2016-01-12,18:03:00,365,1,2956
3288,2016-01-12,18:08:00,370,1,2957
3289,2016-01-12,18:09:00,214,2,2958
3290,2016-01-12,18:13:00,436,1,2959
3291,2016-01-12,18:13:00,137,1,2960
3292,2016-01-12,18:19:00,326,1,2961
3293,2016-01-12,18:23:00,335,3,434
3294,2016-01-12,18:25:00,343,2,2962
3295,2016-01-12,18:32:00,307,3,2963
3296,2016-01-12,18:36:00,49,1,2964
3297,2016-01-12,18:55:00,394,1,2965
3298,2016-01-12,18:59:00,451,2,2966
3299,2016-01-12,19:19:00,221,2,2620
3300,2016-01-12,19:20:00,188,4,2967
3301,2016-01-12,19:28:00,169,2,2968
3302,2016-01-12,19:32:00,30,3,2969
3303,2016-01-12,19:43:00,346,2,2970
3304,2016-01-12,19:49:00,20,2,2971
3305,2016-01-12,19:52:00,422,2,2972
3306,2016-01-12,19:54:00,249,2,2973
3307,2016-01-12,19:54:00,443,3,2974
3308,2016-01-12,19:56:00,449,1,2975
3309,2016-01-12,19:57:00,200,1,2976
3310,2016-01-12,19:59:00,392,3,2977
3311,2016-01-12,20:00:00,55,3,2978
3312,2016-01-12,20:01:00,122,4,2979
3313,2016-01-12,20:01:00,403,1,2980
3314,2016-01-12,20:09:00,152,1,2981
3315,2016-01-12,20:09:00,450,3,2982
3316,2016-01-12,20:12:00,376,4,2983
3317,2016-01-12,20:14:00,269,1,2984
3318,2016-01-12,20:14:00,224,2,2985
3319,2016-01-12,20:17:00,321,1,2986
3320,2016-01-12,20:21:00,103,2,2987
3321,2016-01-12,20:23:00,104,1,2988
3322,2016-01-12,20:24:00,246,1,2989
3323,2016-01-12,20:31:00,130,2,2990
3324,2016-01-12,20:34:00,144,2,2991
3325,2016-01-12,20:36:00,197,2,2992
3326,2016-01-12,20:41:00,289,1,97
3327,2016-01-12,20:43:00,102,2,2993
3328,2016-01-12,21:09:00,90,2,2994
3329,2016-01-12,21:14:00,418,2,2995
3330,2016-01-12,21:17:00,30,2,2996
3331,2016-01-12,21:36:00,309,3,2997
3332,2016-01-12,21:40:00,70,3,2998
3333,2016-01-12,21:42:00,402,2,2999
3334,2016-01-12,21:45:00,99,2,3000
3335,2016-01-12,21:52:00,369,4,3001
3336,2016-01-12,21:56:00,274,1,3002
3337,2016-01-12,22:07:00,269,2,3003
3338,2016-01-12,22:20:00,435,2,3004
3339,2016-01-12,22:22:00,429,3,2914
3340,2016-01-12,22:30:00,456,3,3005
3341,2016-01-12,22:31:00,138,2,3006
3342,2016-01-12,22:36:00,106,3,3007
3343,2016-01-12,22:46:00,444,3,3008
3344,2016-01-12,22:49:00,237,1,3009
3345,2016-01-12,22:51:00,80,2,3010
3346,2016-01-12,22:58:00,235,1,1992
3347,2016-01-12,22:59:00,51,2,3011
3348,2016-01-12,23:00:00,261,2,1306
3349,2016-01-12,23:02:00,372,2,3012
3350,2016-01-12,23:08:00,409,4,3013
3351,2016-01-12,23:08:00,46,2,3014
3352,2016-01-12,23:08:00,391,2,3015
3353,2016-01-12,23:09:00,285,4,3016
3354,2016-01-12,23:15:00,143,1,3017
3355,2016-01-12,23:22:00,267,2,3018
3356,2016-01-12,23:22:00,202,2,3019
3357,2016-01-12,23:28:00,118,2,3020
3358,2016-01-12,23:28:00,257,3,3021
3359,2016-01-12,23:31:00,168,1,3022
3360,2016-01-12,23:33:00,229,2,3023
3361,2016-01-12,23:34:00,423,5,3024
3362,2016-01-12,23:44:00,53,2,3025
3363,2016-01-12,23:44:00,354,1,3026
3364,2016-01-12,23:52:00,329,1,3027
3365,2016-01-13,00:00:00,337,3,3028
3366,2016-01-13,00:02:00,408,1,3029
3367,2016-01-13,00:04:00,66,1,3030
3368,2016-01-13,00:16:00,102,1,2747
3369,2016-01-13,00:18:00,10,1,3031
3370,2016-01-13,00:21:00,435,2,3032
3371,2016-01-13,00:26:00,112,2,3033
3372,2016-01-13,00:27:00,177,3,3034
3373,2016-01-13,00:32:00,293,2,3035
3374,2016-01-13,00:37:00,278,1,3036
3375,2016-01-13,00:42:00,22,3,3037
3376,2016-01-13,00:43:00,170,2,3038
3377,2016-01-13,00:45:00,322,1,2017
3378,2016-01-13,00:46:00,50,2,3039
3379,2016-01-13,00:52:00,144,1,3040
3380,2016-01-13,00:57:00,151,1,3041
3381,2016-01-13,01:04:00,339,3,3042
3382,2016-01-13,01:07:00,156,2,3043
3383,2016-01-13,01:12:00,234,2,3044
3384,2016-01-13,01:22:00,81,2,3045
3385,2016-01-13,01:25:00,19,2,3046
3386,2016-01-13,01:29:00,272,2,3047
3387,2016-01-13,01:54:00,400,4,3048
3388,2016-01-13,01:55:00,328,2,3049
3389,2016-01-13,02:00:00,260,2,3050
3390,2016-01-13,02:10:00,239,1,3051
3391,2016-01-13,02:11:00,97,1,3052
3392,2016-01-13,02:13:00,92,2,3053
3393,2016-01-13,02:15:00,138,2,3054
3394,2016-01-13,02:16:00,279,1,3055
3395,2016-01-13,02:17:00,24,1,3056
3396,2016-01-13,02:24:00,53,2,1239
3397,2016-01-13,02:29:00,418,2,3057
3398,2016-01-13,02:30:00,215,4,3058
3399,2016-01-13,02:34:00,250,1,3059
3400,2016-01-13,02:42:00,303,1,3060
3401,2016-01-13,02:46:00,148,1,3061
3402,2016-01-13,02:52:00,161,5,3062
3403,2016-01-13,02:52:00,66,1,3063
3404,2016-01-13,03:05:00,284,1,3064
3405,2016-01-13,03:06:00,32,3,3065
3406,2016-01-13,03:08:00,77,2,3066
3407,2016-01-13,03:10:00,273,3,3067
3408,2016-01-13,03:12:00,295,2,3068
3409,2016-01-13,03:12:00,57,1,2142
3410,2016-01-13,03:13:00,44,2,3069
3411,2016-01-13,03:29:00,440,1,3070
3412,2016-01-13,03:52:00,208,3,3071
3413,2016-01-13,03:54:00,146,2,3072
3414,2016-01-13,03:56:00,85,4,3073
3415,2016-01-13,03:58:00,436,1,3074
3416,2016-01-13,03:58:00,197,5,3075
3417,2016-01-13,04:11:00,178,2,3076
3418,2016-01-13,04:12:00,308,2,3077
3419,2016-01-13,04:18:00,238,2,3078
3420,2016-01-13,04:22:00,3,1,3079
3421,2016-01-13,04:24:00,102,1,3080
3422,2016-01-13,04:24:00,310,2,3081
3423,2016-01-13,04:29:00,368,1,3082
3424,2016-01-13,04:31:00,295,2,3083
3425,2016-01-13,04:35:00,209,1,3084
3426,2016-01-13,04:36:00,33,2,3085
3427,2016-01-13,04:40:00,184,4,3086
3428,2016-01-13,04:43:00,96,2,3087
3429,2016-01-13,04:45:00,122,1,3088
3430,2016-01-13,04:47:00,110,5,1150
3431,2016-01-13,04:55:00,34,2,3089
3432,2016-01-13,05:06:00,428,3,3090
3433,2016-01-13,05:12:00,253,2,1393
3434,2016-01-13,05:13:00,434,1,3091
3435,2016-01-13,05:17:00,326,1,3092
3436,2016-01-13,05:26:00,72,2,3093
3437,2016-01-13,05:29:00,183,1,3094
3438,2016-01-13,05:39:00,317,3,3095
3439,2016-01-13,05:42:00,94,2,3096
3440,2016-01-13,05:50:00,419,1,1371
3441,2016-01-13,05:53:00,118,3,3097
3442,2016-01-13,05:54:00,241,2,3098
3443,2016-01-13,05:55:00,411,2,3099
3444,2016-01-13,05:58:00,207,2,3100
3445,2016-01-13,06:02:00,203,1,3101
3446,2016-01-13,06:07:00,366,1,3102
3447,2016-01-13,06:07:00,158,2,3103
3448,2016-01-13,06:10:00,46,1,3104
3449,2016-01-13,06:10:00,436,2,3105
3450,2016-01-13,06:18:00,89,3,3106
3451,2016-01-13,06:25:00,21,1,3107
3452,2016-01-13,06:33:00,450,1,3108
3453,2016-01-13,06:36:00,369,2,66
3454,2016-01-13,06:41:00,29,1,3109
3455,2016-01-13,06:41:00,448,5,3110
3456,2016-01-13,06:47:00,172,1,3111
3457,2016-01-13,06:53:00,47,4,3112
3458,2016-01-13,07:01:00,284,1,3113
3459,2016-01-13,07:01:00,259,1,3114
3460,2016-01-13,07:03:00,113,1,3115
3461,2016-01-13,07:09:00,243,2,3116
3462,2016-01-13,07:10:00,413,4,3117
3463,2016-01-13,07:29:00,184,2,3118
3464,2016-01-13,07:33:00,249,1,1522
3465,2016-01-13,07:35:00,274,1,3119
3466,2016-01-13,07:49:00,210,1,3120
3467,2016-01-13,07:58:00,97,2,3121
3468,2016-01-13,07:59:00,62,1,3122
3469,2016-01-13,08:08:00,137,6,3123
3470,2016-01-13,08:18:00,25,1,3124
3471,2016-01-13,08:20:00,444,2,3125
3472,2016-01-13,08:30:00,171,5,3126
3473,2016-01-13,08:31:00,291,1,3127
3474,2016-01-13,08:34:00,365,1,3128
3475,2016-01-13,08:39:00,265,3,3094
3476,2016-01-13,08:42:00,236,2,3129
3477,2016-01-13,08:43:00,271,1,3130
3478,2016-01-13,08:45:00,114,1,2664
3479,2016-01-13,08:45:00,426,2,2127
3480,2016-01-13,08:54:00,211,2,564
3481,2016-01-13,09:01:00,274,2,3131
3482,2016-01-13,09:02:00,48,2,1939
3483,2016-01-13,09:16:00,399,2,3132
3484,2016-01-13,09:23:00,102,1,3133
3485,2016-01-13,09:28:00,335,3,2693
3486,2016-01-13,09:36:00,246,1,3134
3487,2016-01-13,09:42:00,441,1,3135
3488,2016-01-13,09:58:00,44,2,3136
3489,2016-01-13,10:12:00,106,2,3137
3490,2016-01-13,10:12:00,172,3,3138
3491,2016-01-13,10:24:00,143,1,1389
3492,2016-01-13,10:30:00,375,1,3139
3493,2016-01-13,10:33:00,114,2,3140
3494,2016-01-13,10:42:00,332,1,3141
3495,2016-01-13,10:44:00,311,2,3142
3496,2016-01-13,10:45:00,131,1,3143
3497,2016-01-13,10:47:00,374,2,3144
3498,2016-01-13,10:50:00,61,2,3145
3499,2016-01-13,11:00:00,2,1,3146
3500,2016-01-13,11:11:00,20,2,3147
3501,2016-01-13,11:15:00,445,1,3148
3502,2016-01-13,11:16:00,304,2,3149
3503,2016-01-13,11:17:00,402,1,3150
3504,2016-01-13,11:19:00,185,3,3151
3505,2016-01-13,11:19:00,229,2,3152
3506,2016-01-13,11:26:00,330,2,3153
3507,2016-01-13,11:26:00,56,5,3154
3508,2016-01-13,11:41:00,326,1,3155
3509,2016-01-13,11:44:00,457,2,3156
3510,2016-01-13,11:48:00,246,2,3157
3511,2016-01-13,12:04:00,369,1,3158
3512,2016-01-13,12:11:00,220,1,3159
3513,2016-01-13,12:12:00,401,1,3160
3514,2016-01-13,12:13:00,130,2,3161
3515,2016-01-13,12:24:00,300,1,3162
3516,2016-01-13,12:25:00,87,2,3163
3517,2016-01-13,12:26:00,212,1,3164
3518,2016-01-13,12:32:00,254,2,3165
3519,2016-01-13,12:36:00,89,2,3166
3520,2016-01-13,12:49:00,200,2,3167
3521,2016-01-13,12:51:00,141,3,3129
3522,2016-01-13,12:56:00,295,2,3168
3523,2016-01-13,13:06:00,264,2,3169
3524,2016-01-13,13:07:00,272,3,3170
3525,2016-01-13,13:12:00,384,3,3171
3526,2016-01-13,13:13:00,130,2,3172
3527,2016-01-13,13:14:00,308,2,3173
3528,2016-01-13,13:22:00,312,1,3174
3529,2016-01-13,13:28:00,360,2,3175
3530,2016-01-13,13:31:00,405,1,3176
3531,2016-01-13,13:32:00,167,2,3177
3532,2016-01-13,13:33:00,10,2,3178
3533,2016-01-13,13:33:00,130,1,3179
3534,2016-01-13,13:34:00,285,2,3180
3535,2016-01-13,13:34:00,196,3,3181
3536,2016-01-13,13:35:00,141,1,3182
3537,2016-01-13,13:46:00,65,2,3183
3538,2016-01-13,13:57:00,170,2,576
3539,2016-01-13,14:05:00,278,1,3184
3540,2016-01-13,14:06:00,143,3,3185
3541,2016-01-13,14:11:00,266,2,3186
3542,2016-01-13,14:11:00,32,3,3187
3543,2016-01-13,14:14:00,269,3,3188
3544,2016-01-13,14:19:00,30,1,3189
3545,2016-01-13,14:32:00,358,1,3190
3546,2016-01-13,14:37:00,237,3,1241
3547,2016-01-13,14:42:00,444,2,3191
3548,2016-01-13,14:51:00,250,1,3192
3549,2016-01-13,14:51:00,322,3,808
3550,2016-01-13,14:57:00,243,1,3193
3551,2016-01-13,15:03:00,229,1,3194
3552,2016-01-13,15:08:00,35,2,3195
3553,2016-01-13,15:14:00,124,3,3196
3554,2016-01-13,15:20:00,174,3,3197
3555,2016-01-13,15:20:00,237,1,3198
3556,2016-01-13,15:27:00,418,1,3033
3557,2016-01-13,15:28:00,5,1,3199
3558,2016-01-13,15:34:00,217,1,3200
3559,2016-01-13,15:36:00,190,2,3201
3560,2016-01-13,15:40:00,80,2,3202
3561,2016-01-13,15:46:00,430,2,3203
3562,2016-01-13,15:50:00,248,2,3204
3563,2016-01-13,15:51:00,330,1,3205
3564,2016-01-13,15:53:00,135,1,3206
3565,2016-01-13,16:00:00,59,1,3207
3566,2016-01-13,16:08:00,100,1,3208
3567,2016-01-13,16:21:00,447,1,3209
3568,2016-01-13,16:32:00,51,2,3210
3569,2016-01-13,16:35:00,249,3,3211
3570,2016-01-13,16:36:00,364,1,3212
3571,2016-01-13,16:46:00,19,1,3213
3572,2016-01-13,17:10:00,167,1,3214
3573,2016-01-13,17:10:00,250,3,3215
3574,2016-01-13,17:11:00,227,3,3216
3575,2016-01-13,17:11:00,284,2,3217
3576,2016-01-13,17:29:00,393,2,3218
3577,2016-01-13,17:29:00,42,3,3219
3578,2016-01-13,17:43:00,377,3,3220
3579,2016-01-13,17:55:00,143,2,3221
3580,2016-01-13,17:57:00,172,2,552
3581,2016-01-13,18:02:00,242,2,3222
3582,2016-01-13,18:17:00,397,5,3223
3583,2016-01-13,18:24:00,372,1,3224
3584,2016-01-13,18:27:00,289,3,3225
3585,2016-01-13,18:30:00,38,1,3226
3586,2016-01-13,18:42:00,232,1,3227
3587,2016-01-13,18:49:00,171,2,3228
3588,2016-01-13,18:58:00,220,2,3229
3589,2016-01-13,19:03:00,422,1,3230
3590,2016-01-13,19:05:00,36,2,3231
3591,2016-01-13,19:05:00,95,3,3232
3592,2016-01-13,19:05:00,374,1,3233
3593,2016-01-13,19:09:00,451,1,3234
3594,2016-01-13,19:20:00,90,3,221
3595,2016-01-13,19:22:00,441,2,3235
3596,2016-01-13,19:24:00,52,2,3236
3597,2016-01-13,19:25:00,136,2,3237
3598,2016-01-13,19:26:00,427,3,3238
3599,2016-01-13,19:27:00,250,1,3239
3600,2016-01-13,19:27:00,363,2,3240
3601,2016-01-13,19:27:00,263,3,3241
3602,2016-01-13,19:32:00,106,5,3242
3603,2016-01-13,19:36:00,107,3,1549
3604,2016-01-13,19:51:00,37,1,3243
3605,2016-01-13,20:03:00,105,3,3244
3606,2016-01-13,20:25:00,97,2,2279
3607,2016-01-13,20:30:00,310,1,3245
3608,2016-01-13,20:32:00,310,1,1492
3609,2016-01-13,20:35:00,427,2,3246
3610,2016-01-13,20:35:00,300,2,3247
3611,2016-01-13,20:41:00,216,2,3248
3612,2016-01-13,20:44:00,212,4,3249
3613,2016-01-13,20:44:00,63,2,1826
3614,2016-01-13,20:54:00,419,2,3250
3615,2016-01-13,20:57:00,11,2,3251
3616,2016-01-13,21:02:00,77,2,3252
3617,2016-01-13,21:05:00,352,3,2161
3618,2016-01-13,21:06:00,408,2,3253
3619,2016-01-13,21:12:00,322,2,3254
3620,2016-01-13,21:16:00,203,3,3255
3621,2016-01-13,21:19:00,313,1,3256
3622,2016-01-13,21:26:00,382,4,3257
3623,2016-01-13,21:32:00,286,1,1826
3624,2016-01-13,21:33:00,218,4,3258
3625,2016-01-13,21:37:00,38,4,3259
3626,2016-01-13,21:37:00,192,1,3260
3627,2016-01-13,21:38:00,376,2,3261
3628,2016-01-13,21:47:00,264,2,3262
3629,2016-01-13,22:16:00,79,1,3263
3630,2016-01-13,22:25:00,260,4,3264
3631,2016-01-13,22:33:00,196,1,3265
3632,2016-01-13,22:47:00,40,2,3266
3633,2016-01-13,22:49:00,400,3,3267
3634,2016-01-13,22:50:00,120,2,3268
3635,2016-01-13,22:50:00,301,2,3269
3636,2016-01-13,22:55:00,424,2,3270
3637,2016-01-13,23:01:00,99,1,1178
3638,2016-01-13,23:03:00,409,2,3271
3639,2016-01-13,23:12:00,138,1,3272
3640,2016-01-13,23:13:00,220,4,3273
3641,2016-01-13,23:14:00,72,2,3274
3642,2016-01-13,23:20:00,370,1,3275
3643,2016-01-13,23:34:00,29,1,411
3644,2016-01-13,23:36:00,317,3,3276
3645,2016-01-13,23:41:00,46,3,3277
3646,2016-01-13,23:44:00,73,1,3278
3647,2016-01-13,23:54:00,325,2,3279
3648,2016-01-14,00:05:00,56,1,3280
3649,2016-01-14,00:05:00,411,2,3281
3650,2016-01-14,00:05:00,84,3,1675
3651,2016-01-14,00:08:00,374,2,3085
3652,2016-01-14,00:10:00,254,3,3282
3653,2016-01-14,00:13:00,426,1,2965
3654,2016-01-14,00:16:00,105,1,3283
3655,2016-01-14,00:19:00,306,3,3284
3656,2016-01-14,00:20:00,342,6,3285
3657,2016-01-14,00:26:00,141,3,3286
3658,2016-01-14,00:27:00,297,1,3287
3659,2016-01-14,00:42:00,414,3,3288
3660,2016-01-14,00:43:00,9,2,3289
3661,2016-01-14,00:44:00,302,2,3290
3662,2016-01-14,00:56:00,140,2,3291
3663,2016-01-14,01:01:00,37,3,1238
3664,2016-01-14,01:09:00,172,2,3292
3665,2016-01-14,01:16:00,80,2,3293
3666,2016-01-14,01:17:00,14,2,3294
3667,2016-01-14,01:17:00,268,2,3295
3668,2016-01-14,01:30:00,357,3,3296
3669,2016-01-14,01:34:00,287,4,3297
3670,2016-01-14,01:38:00,218,1,3298
3671,2016-01-14,01:40:00,125,1,3299
3672,2016-01-14,01:47:00,49,3,1857
3673,2016-01-14,01:51:00,224,2,3300
3674,2016-01-14,01:53:00,226,2,86
3675,2016-01-14,01:58:00,294,2,3301
3676,2016-01-14,01:58:00,86,2,3302
3677,2016-01-14,02:08:00,1,2,3303
3678,2016-01-14,02:26:00,334,1,3304
3679,2016-01-14,02:27:00,144,2,3305
3680,2016-01-14,02:27:00,147,1,3306
3681,2016-01-14,02:30:00,222,1,3307
3682,2016-01-14,02:38:00,223,3,3308
3683,2016-01-14,02:40:00,399,2,3309
3684,2016-01-14,02:40:00,211,1,3310
3685,2016-01-14,02:43:00,87,3,3311
3686,2016-01-14,02:43:00,314,1,1704
3687,2016-01-14,02:56:00,324,1,3312
3688,2016-01-14,03:01:00,456,4,3313
3689,2016-01-14,03:07:00,184,4,3314
3690,2016-01-14,03:09:00,383,2,3315
3691,2016-01-14,03:11:00,191,2,3316
3692,2016-01-14,03:16:00,416,1,3317
3693,2016-01-14,03:22:00,4,1,3318
3694,2016-01-14,03:33:00,141,4,1237
3695,2016-01-14,03:38:00,376,3,3319
3696,2016-01-14,03:57:00,447,1,3320
3697,2016-01-14,04:04:00,352,2,3321
3698,2016-01-14,04:05:00,350,1,3322
3699,2016-01-14,04:08:00,49,1,3323
3700,2016-01-14,04:08:00,119,3,3324
3701,2016-01-14,04:14:00,431,2,3325
3702,2016-01-14,04:16:00,53,2,3326
3703,2016-01-14,04:17:00,429,1,3327
3704,2016-01-14,04:18:00,338,1,3328
3705,2016-01-14,04:20:00,110,2,3329
3706,2016-01-14,04:21:00,70,1,3330
3707,2016-01-14,04:24:00,352,3,1032
3708,2016-01-14,04:38:00,352,3,3331
3709,2016-01-14,04:41:00,233,2,3332
3710,2016-01-14,04:58:00,380,2,3333
3711,2016-01-14,05:03:00,350,1,3334
3712,2016-01-14,05:12:00,124,1,3335
3713,2016-01-14,05:19:00,309,1,3336
3714,2016-01-14,05:34:00,398,3,3337
3715,2016-01-14,05:37:00,11,5,2437
3716,2016-01-14,05:50:00,260,2,224
3717,2016-01-14,05:50:00,300,4,3338
3718,2016-01-14,05:56:00,167,1,1248
3719,2016-01-14,05:59:00,442,1,3339
3720,2016-01-14,06:07:00,76,5,3340
3721,2016-01-14,06:10:00,38,1,3341
3722,2016-01-14,06:12:00,194,2,3342
3723,2016-01-14,06:13:00,18,2,3343
3724,2016-01-14,06:24:00,141,1,3344
3725,2016-01-14,06:39:00,39,2,3345
3726,2016-01-14,06:46:00,353,2,2626
3727,2016-01-14,07:00:00,456,1,3346
3728,2016-01-14,07:07:00,216,1,3347
3729,2016-01-14,07:09:00,22,4,3348
3730,2016-01-14,07:10:00,301,1,3349
3731,2016-01-14,07:34:00,15,1,3350
3732,2016-01-14,07:36:00,7,2,3351
3733,2016-01-14,07:53:00,284,3,372
3734,2016-01-14,07:54:00,125,2,3352
3735,2016-01-14,07:59:00,90,1,3353
3736,2016-01-14,08:00:00,444,3,3354
3737,2016-01-14,08:06:00,239,2,3355
3738,2016-01-14,08:16:00,104,3,3356
3739,2016-01-14,08:17:00,150,4,3357
3740,2016-01-14,08:20:00,281,1,3358
3741,2016-01-14,08:35:00,78,1,3359
3742,2016-01-14,08:41:00,289,2,3360
3743,2016-01-14,08:47:00,320,2,3361
3744,2016-01-14,08:48:00,73,1,3362
3745,2016-01-14,08:49:00,217,1,3363
3746,2016-01-14,08:50:00,149,1,3364
3747,2016-01-14,08:53:00,341,1,3365
3748,2016-01-14,09:01:00,124,2,3366
3749,2016-01-14,09:02:00,317,1,3367
3750,2016-01-14,09:08:00,454,1,3368
3751,2016-01-14,09:15:00,247,2,3369
3752,2016-01-14,09:16:00,39,2,3370
3753,2016-01-14,09:31:00,175,1,3371
3754,2016-01-14,09:40:00,381,2,3372
3755,2016-01-14,09:42:00,289,1,3373
3756,2016-01-14,09:46:00,73,1,3374
3757,2016-01-14,09:48:00,73,2,3375
3758,2016-01-14,10:07:00,379,2,3273
3759,2016-01-14,10:20:00,450,2,3376
3760,2016-01-14,10:22:00,239,3,3377
3761,2016-01-14,10:22:00,195,2,3378
3762,2016-01-14,10:22:00,211,2,3379
3763,2016-01-14,10:34:00,419,1,1687
3764,2016-01-14,10:36:00,116,1,3380
3765,2016-01-14,10:38:00,397,3,3381
3766,2016-01-14,10:57:00,209,3,3382
3767,2016-01-14,11:01:00,151,1,3383
3768,2016-01-14,11:07:00,246,2,3384
3769,2016-01-14,11:12:00,330,3,3385
3770,2016-01-14,11:15:00,155,3,3386
3771,2016-01-14,11:23:00,377,1,3387
3772,2016-01-14,11:53:00,147,1,1921
3773,2016-01-14,12:08:00,379,2,3388
3774,2016-01-14,12:13:00,340,1,3389
3775,2016-01-14,12:21:00,189,1,3390
3776,2016-01-14,12:30:00,248,1,3391
3777,2016-01-14,12:31:00,121,2,3392
3778,2016-01-14,12:32:00,18,5,3393
3779,2016-01-14,12:33:00,86,3,3394
3780,2016-01-14,12:34:00,448,3,3395
3781,2016-01-14,12:50:00,291,1,3396
3782,2016-01-14,12:51:00,6,1,3397
3783,2016-01-14,13:00:00,326,1,3398
3784,2016-01-14,13:05:00,67,2,3399
3785,2016-01-14,13:23:00,82,2,945
3786,2016-01-14,13:35:00,83,1,3400
3787,2016-01-14,13:37:00,357,3,3401
3788,2016-01-14,13:37:00,20,1,3402
3789,2016-01-14,13:50:00,346,3,3403
3790,2016-01-14,13:50:00,158,1,3404
3791,2016-01-14,13:59:00,457,1,3405
3792,2016-01-14,14:01:00,433,4,3406
3793,2016-01-14,14:07:00,53,2,3407
3794,2016-01-14,14:14:00,425,3,3408
3795,2016-01-14,14:14:00,259,1,3409
3796,2016-01-14,14:31:00,136,4,3410
3797,2016-01-14,14:35:00,102,3,3411
3798,2016-01-14,14:35:00,36,1,3412
3799,2016-01-14,14:37:00,405,3,3413
3800,2016-01-14,14:56:00,323,3,3414
3801,2016-01-14,14:58:00,23,1,3415
3802,2016-01-14,15:17:00,237,1,3416
3803,2016-01-14,15:33:00,68,2,3000
3804,2016-01-14,15:37:00,163,3,3417
3805,2016-01-14,15:38:00,396,1,3418
3806,2016-01-14,15:43:00,332,3,3419
3807,2016-01-14,15:45:00,371,2,155
3808,2016-01-14,15:50:00,453,1,1316
3809,2016-01-14,15:51:00,25,3,3420
3810,2016-01-14,16:08:00,287,3,3421
3811,2016-01-14,16:27:00,62,2,3422
3812,2016-01-14,16:34:00,293,5,3423
3813,2016-01-14,16:37:00,224,2,3424
3814,2016-01-14,16:44:00,152,2,3425
3815,2016-01-14,16:48:00,215,1,3426
3816,2016-01-14,16:55:00,259,1,3427
3817,2016-01-14,17:00:00,348,4,3428
3818,2016-01-14,17:04:00,233,3,3429
3819,2016-01-14,17:04:00,229,2,3430
3820,2016-01-14,17:06:00,193,3,2134
3821,2016-01-14,17:23:00,42,1,3431
3822,2016-01-14,17:25:00,336,2,3432
3823,2016-01-14,17:35:00,14,1,3433
3824,2016-01-14,17:36:00,50,1,3434
3825,2016-01-14,17:37:00,325,3,3435
3826,2016-01-14,17:46:00,354,2,3436
3827,2016-01-14,17:47:00,267,2,3437
3828,2016-01-14,17:49:00,129,1,3438
3829,2016-01-14,17:51:00,33,4,3439
3830,2016-01-14,18:01:00,422,2,3440
3831,2016-01-14,18:07:00,32,2,3441
3832,2016-01-14,18:07:00,11,1,3442
3833,2016-01-14,18:18:00,49,3,3443
3834,2016-01-14,18:22:00,339,2,3444
3835,2016-01-14,18:37:00,427,1,3445
3836,2016-01-14,18:38:00,133,3,3446
3837,2016-01-14,18:46:00,441,1,3447
3838,2016-01-14,18:56:00,214,1,3448
3839,2016-01-14,19:10:00,313,2,3449
3840,2016-01-14,19:14:00,86,1,3450
3841,2016-01-14,19:42:00,62,2,3451
3842,2016-01-14,19:42:00,150,2,3452
3843,2016-01-14,19:53:00,89,1,3453
3844,2016-01-14,19:54:00,233,2,3454
3845,2016-01-14,19:55:00,41,3,3455
3846,2016-01-14,19:56:00,344,2,3456
3847,2016-01-14,20:01:00,388,1,3457
3848,2016-01-14,20:02:00,219,1,3458
3849,2016-01-14,20:05:00,244,2,3459
3850,2016-01-14,20:09:00,81,3,3460
3851,2016-01-14,20:17:00,240,1,3461
3852,2016-01-14,20:18:00,138,2,3462
3853,2016-01-14,20:20:00,312,2,3463
3854,2016-01-14,20:26:00,277,1,3464
3855,2016-01-14,20:32:00,356,3,3465
3856,2016-01-14,20:36:00,236,1,1385
3857,2016-01-14,20:38:00,297,2,3466
3858,2016-01-14,20:39:00,38,5,798
3859,2016-01-14,20:39:00,130,4,3467
3860,2016-01-14,20:40:00,70,2,3468
3861,2016-01-14,20:43:00,253,2,3469
3862,2016-01-14,20:46:00,226,1,3470
3863,2016-01-14,20:54:00,371,2,3471
3864,2016-01-14,21:03:00,223,1,3472
3865,2016-01-14,21:09:00,293,1,3449
3866,2016-01-14,21:11:00,400,2,3473
3867,2016-01-14,21:13:00,112,1,3474
3868,2016-01-14,21:14:00,358,2,2874
3869,2016-01-14,21:30:00,61,1,3475
3870,2016-01-14,21:34:00,20,1,3476
3871,2016-01-14,21:40:00,197,1,3477
3872,2016-01-14,21:44:00,336,1,3478
3873,2016-01-14,21:48:00,423,4,3479
3874,2016-01-14,21:50:00,452,1,3480
3875,2016-01-14,21:51:00,422,3,3481
3876,2016-01-14,21:53:00,422,2,1120
3877,2016-01-14,21:55:00,144,2,3482
3878,2016-01-14,21:57:00,387,2,3483
3879,2016-01-14,21:58:00,81,2,3484
3880,2016-01-14,22:02:00,314,1,3485
3881,2016-01-14,22:08:00,453,2,3486
3882,2016-01-14,22:10:00,234,1,3487
3883,2016-01-14,22:20:00,395,3,3488
3884,2016-01-14,22:29:00,432,3,3489
3885,2016-01-14,22:29:00,41,3,3490
3886,2016-01-14,22:38:00,217,1,3491
3887,2016-01-14,22:41:00,126,2,3492
3888,2016-01-14,23:00:00,34,1,3493
3889,2016-01-14,23:02:00,33,2,3494
3890,2016-01-14,23:02:00,418,3,3495
3891,2016-01-14,23:03:00,120,1,3496
3892,2016-01-14,23:11:00,343,2,3497
3893,2016-01-14,23:29:00,136,4,3498
3894,2016-01-14,23:32:00,28,4,3499
3895,2016-01-14,23:34:00,425,1,3500
3896,2016-01-14,23:35:00,126,4,3501
3897,2016-01-14,23:35:00,120,1,1872
3898,2016-01-14,23:38:00,385,3,3502
3899,2016-01-14,23:51:00,119,1,3503
3900,2016-01-15,00:03:00,13,2,3504
3901,2016-01-15,00:10:00,74,2,3505
3902,2016-01-15,00:19:00,321,1,3506
3903,2016-01-15,00:22:00,289,1,3507
3904,2016-01-15,00:24:00,216,1,3508
3905,2016-01-15,00:33:00,47,1,3509
3906,2016-01-15,00:47:00,59,3,3510
3907,2016-01-15,00:50:00,271,1,3511
3908,2016-01-15,00:51:00,356,3,3512
3909,2016-01-15,00:51:00,378,1,3513
3910,2016-01-15,00:51:00,250,3,3514
3911,2016-01-15,00:59:00,20,1,3515
3912,2016-01-15,01:07:00,197,3,1064
3913,2016-01-15,01:07:00,148,3,3516
3914,2016-01-15,01:07:00,58,5,3517
3915,2016-01-15,01:07:00,140,2,3518
3916,2016-01-15,01:26:00,123,1,3519
3917,2016-01-15,01:35:00,442,2,3520
3918,2016-01-15,01:42:00,16,1,3521
3919,2016-01-15,01:43:00,117,3,3522
3920,2016-01-15,01:53:00,73,1,3523
3921,2016-01-15,01:58:00,159,2,3524
3922,2016-01-15,02:01:00,169,1,3525
3923,2016-01-15,02:02:00,429,1,3526
3924,2016-01-15,02:08:00,393,4,3527
3925,2016-01-15,02:13:00,46,3,3528
3926,2016-01-15,02:31:00,112,2,3529
3927,2016-01-15,02:35:00,405,2,3530
3928,2016-01-15,02:35:00,119,1,3531
3929,2016-01-15,02:37:00,47,2,3532
3930,2016-01-15,02:42:00,309,1,3533
3931,2016-01-15,02:45:00,365,1,3534
3932,2016-01-15,03:01:00,151,2,3535
3933,2016-01-15,03:02:00,267,2,3536
3934,2016-01-15,03:02:00,181,3,3537
3935,2016-01-15,03:22:00,59,4,3538
3936,2016-01-15,03:27:00,436,3,3539
3937,2016-01-15,03:35:00,14,2,3540
3938,2016-01-15,03:39:00,236,2,3541
3939,2016-01-15,03:44:00,248,4,304
3940,2016-01-15,03:59:00,446,2,3542
3941,2016-01-15,04:00:00,81,4,3291
3942,2016-01-15,04:02:00,284,1,1358
3943,2016-01-15,04:03:00,91,3,3543
3944,2016-01-15,04:09:00,21,5,3544
3945,2016-01-15,04:13:00,225,1,3545
3946,2016-01-15,04:19:00,406,2,3546
3947,2016-01-15,04:21:00,454,4,3547
3948,2016-01-15,04:23:00,74,3,3548
3949,2016-01-15,04:24:00,204,1,3549
3950,2016-01-15,04:29:00,420,1,3550
3951,2016-01-15,04:32:00,287,3,3330
3952,2016-01-15,04:38:00,186,5,3551
3953,2016-01-15,04:50:00,373,1,589
3954,2016-01-15,04:50:00,207,1,3552
3955,2016-01-15,04:57:00,374,2,3553
3956,2016-01-15,05:05:00,408,1,3554
3957,2016-01-15,05:14:00,421,2,3555
3958,2016-01-15,05:18:00,67,2,3556
3959,2016-01-15,05:24:00,240,5,728
3960,2016-01-15,05:28:00,392,3,3557
3961,2016-01-15,05:38:00,258,2,3558
3962,2016-01-15,05:44:00,428,2,3559
3963,2016-01-15,05:46:00,134,1,3560
3964,2016-01-15,05:47:00,365,2,3561
3965,2016-01-15,05:50:00,253,2,338
3966,2016-01-15,06:00:00,284,1,3562
3967,2016-01-15,06:06:00,434,1,3563
3968,2016-01-15,06:08:00,408,2,3564
3969,2016-01-15,06:13:00,29,2,3565
3970,2016-01-15,06:14:00,363,1,3566
3971,2016-01-15,06:17:00,402,2,3567
3972,2016-01-15,06:18:00,451,4,3568
3973,2016-01-15,06:21:00,454,3,2165
3974,2016-01-15,06:22:00,324,1,3569
3975,2016-01-15,06:26:00,45,3,3570
3976,2016-01-15,06:30:00,193,2,1878
3977,2016-01-15,06:35:00,354,1,3571
3978,2016-01-15,06:39:00,423,1,3572
3979,2016-01-15,06:49:00,238,2,3573
3980,2016-01-15,06:50:00,296,1,3574
3981,2016-01-15,07:04:00,24,1,3575
3982,2016-01-15,07:07:00,348,3,3576
3983,2016-01-15,07:08:00,66,1,3577
3984,2016-01-15,07:10:00,173,1,3578
3985,2016-01-15,07:11:00,352,1,3579
3986,2016-01-15,07:25:00,427,2,3580
3987,2016-01-15,07:28:00,68,1,1304
3988,2016-01-15,07:29:00,318,2,3581
3989,2016-01-15,07:31:00,22,3,3582
3990,2016-01-15,07:31:00,71,3,3583
3991,2016-01-15,07:35:00,428,1,3584
3992,2016-01-15,07:36:00,157,1,3585
3993,2016-01-15,07:42:00,316,3,3586
3994,2016-01-15,07:47:00,262,1,3587
3995,2016-01-15,07:49:00,366,2,3588
3996,2016-01-15,07:58:00,18,2,2069
3997,2016-01-15,07:59:00,375,3,3589
3998,2016-01-15,08:07:00,311,3,3590
3999,2016-01-15,08:08:00,179,1,3042
4000,2016-01-15,08:08:00,174,1,3591
4001,2016-01-15,08:47:00,143,2,3592
4002,2016-01-15,08:53:00,80,1,3593
4003,2016-01-15,08:58:00,300,1,3594
4004,2016-01-15,09:02:00,201,1,3595
4005,2016-01-15,09:03:00,185,2,3596
4006,2016-01-15,09:10:00,447,1,1766
4007,2016-01-15,09:13:00,455,2,3597
4008,2016-01-15,09:24:00,112,2,3598
4009,2016-01-15,09:26:00,351,2,3599
4010,2016-01-15,09:28:00,405,4,3600
4011,2016-01-15,09:39:00,443,2,3601
4012,2016-01-15,09:39:00,113,3,3602
4013,2016-01-15,09:40:00,448,2,3603
4014,2016-01-15,09:44:00,380,5,3604
4015,2016-01-15,09:45:00,263,2,3605
4016,2016-01-15,09:46:00,155,2,3606
4017,2016-01-15,09:49:00,157,2,3607
4018,2016-01-15,09:50:00,206,2,3608
4019,2016-01-15,09:51:00,251,2,3609
4020,2016-01-15,09:53:00,342,5,3610
4021,2016-01-15,09:59:00,317,2,3611
4022,2016-01-15,10:06:00,356,2,3612
4023,2016-01-15,10:09:00,419,1,3613
4024,2016-01-15,10:10:00,351,1,3614
4025,2016-01-15,10:13:00,156,3,3615
4026,2016-01-15,10:14:00,147,1,3616
4027,2016-01-15,10:16:00,49,4,3617
4028,2016-01-15,10:18:00,37,3,1478
4029,2016-01-15,10:22:00,22,2,3618
4030,2016-01-15,10:24:00,306,2,3619
4031,2016-01-15,10:32:00,256,1,3620
4032,2016-01-15,10:34:00,127,3,3621
4033,2016-01-15,10:40:00,227,2,3622
4034,2016-01-15,10:43:00,233,2,3623
4035,2016-01-15,10:54:00,75,1,3624
4036,2016-01-15,10:56:00,287,3,3625
4037,2016-01-15,11:02:00,346,2,3626
4038,2016-01-15,11:11:00,31,3,700
4039,2016-01-15,11:11:00,270,3,3627
4040,2016-01-15,11:11:00,5,1,3628
4041,2016-01-15,11:24:00,239,2,3629
4042,2016-01-15,11:25:00,271,2,3630
4043,2016-01-15,11:27:00,120,3,3631
4044,2016-01-15,11:34:00,122,3,3632
4045,2016-01-15,11:37:00,52,2,3633
4046,2016-01-15,11:39:00,137,3,175
4047,2016-01-15,11:45:00,431,1,3634
4048,2016-01-15,11:49:00,343,3,3635
4049,2016-01-15,11:52:00,279,3,1616
4050,2016-01-15,11:52:00,17,3,3636
4051,2016-01-15,11:53:00,207,1,3637
4052,2016-01-15,12:02:00,95,1,3638
4053,2016-01-15,12:08:00,335,2,3639
4054,2016-01-15,12:14:00,328,3,3640
4055,2016-01-15,12:14:00,275,4,3641
4056,2016-01-15,12:22:00,113,1,3642
4057,2016-01-15,12:22:00,376,2,3643
4058,2016-01-15,12:36:00,123,3,3644
4059,2016-01-15,12:36:00,7,2,3645
4060,2016-01-15,12:50:00,91,1,1024
4061,2016-01-15,12:51:00,383,2,3646
4062,2016-01-15,12:52:00,141,1,3647
4063,2016-01-15,13:06:00,295,3,3648
4064,2016-01-15,13:07:00,276,3,3649
4065,2016-01-15,13:11:00,374,2,3650
4066,2016-01-15,13:15:00,78,4,795
4067,2016-01-15,13:17:00,173,2,3651
4068,2016-01-15,13:17:00,266,3,3652
4069,2016-01-15,13:17:00,163,4,3653
4070,2016-01-15,13:19:00,159,2,3654
4071,2016-01-15,13:26:00,302,2,3655
4072,2016-01-15,13:26:00,221,2,1359
4073,2016-01-15,13:34:00,279,1,3656
4074,2016-01-15,13:35:00,305,3,2322
4075,2016-01-15,13:59:00,185,1,3657
4076,2016-01-15,14:02:00,180,4,3658
4077,2016-01-15,14:07:00,242,2,3659
4078,2016-01-15,14:08:00,372,2,3660
4079,2016-01-15,14:12:00,172,3,3661
4080,2016-01-15,14:27:00,402,1,3662
4081,2016-01-15,14:27:00,67,1,3663
4082,2016-01-15,14:28:00,389,1,3664
4083,2016-01-15,14:32:00,166,2,3665
4084,2016-01-15,14:46:00,212,1,3666
4085,2016-01-15,15:00:00,44,1,3667
4086,2016-01-15,15:07:00,200,1,3668
4087,2016-01-15,15:08:00,388,1,3669
4088,2016-01-15,15:12:00,146,2,3670
4089,2016-01-15,15:19:00,298,1,2905
4090,2016-01-15,15:25:00,354,2,3671
4091,2016-01-15,15:29:00,73,3,3672
4092,2016-01-15,15:33:00,297,1,3673
4093,2016-01-15,15:41:00,359,1,3674
4094,2016-01-15,15:48:00,367,1,3675
4095,2016-01-15,15:48:00,217,3,3676
4096,2016-01-15,15:50:00,296,2,3677
4097,2016-01-15,15:50:00,77,1,3678
4098,2016-01-15,15:50:00,11,2,3679
4099,2016-01-15,15:57:00,403,1,3680
4100,2016-01-15,15:58:00,452,1,3681
4101,2016-01-15,15:58:00,122,1,3682
4102,2016-01-15,16:01:00,386,1,3683
4103,2016-01-15,16:03:00,217,3,3684
4104,2016-01-15,16:05:00,369,3,3685
4105,2016-01-15,16:11:00,349,2,3686
4106,2016-01-15,16:13:00,394,4,3687
4107,2016-01-15,16:14:00,51,1,3688
4108,2016-01-15,16:18:00,450,1,1282
4109,2016-01-15,16:20:00,434,2,3689
4110,2016-01-15,16:50:00,340,2,3690
4111,2016-01-15,16:57:00,397,1,3691
4112,2016-01-15,17:16:00,101,2,3692
4113,2016-01-15,17:19:00,295,1,575
4114,2016-01-15,17:31:00,58,2,3693
4115,2016-01-15,17:35:00,439,2,3694
4116,2016-01-15,17:37:00,64,1,3695
4117,2016-01-15,17:43:00,28,2,3696
4118,2016-01-15,17:43:00,117,1,3697
4119,2016-01-15,17:44:00,430,1,3698
4120,2016-01-15,17:49:00,69,1,3699
4121,2016-01-15,17:55:00,331,1,1817
4122,2016-01-15,17:56:00,113,1,3700
4123,2016-01-15,18:21:00,289,1,3203
4124,2016-01-15,18:21:00,20,3,3701
4125,2016-01-15,18:21:00,166,4,3702
4126,2016-01-15,18:39:00,350,4,3703
4127,2016-01-15,18:40:00,451,1,3704
4128,2016-01-15,18:45:00,400,2,3705
4129,2016-01-15,18:47:00,95,1,3706
4130,2016-01-15,18:58:00,444,2,3707
4131,2016-01-15,19:06:00,243,3,3708
4132,2016-01-15,19:07:00,20,2,3709
4133,2016-01-15,19:13:00,276,3,3710
4134,2016-01-15,19:20:00,293,1,3711
4135,2016-01-15,19:29:00,55,1,3712
4136,2016-01-15,19:30:00,47,1,3713
4137,2016-01-15,19:42:00,433,1,3714
4138,2016-01-15,19:46:00,37,3,3715
4139,2016-01-15,19:48:00,131,1,3716
4140,2016-01-15,19:49:00,78,1,3717
4141,2016-01-15,19:53:00,288,1,3718
4142,2016-01-15,19:55:00,286,2,3719
4143,2016-01-15,19:59:00,196,3,3720
4144,2016-01-15,20:01:00,100,4,3721
4145,2016-01-15,20:03:00,452,2,3205
4146,2016-01-15,20:05:00,64,2,3722
4147,2016-01-15,20:13:00,421,1,3723
4148,2016-01-15,20:15:00,423,1,3724
4149,2016-01-15,20:15:00,285,2,3725
4150,2016-01-15,20:18:00,432,3,3726
4151,2016-01-15,20:19:00,42,1,3727
4152,2016-01-15,20:22:00,455,4,3728
4153,2016-01-15,20:23:00,33,3,3729
4154,2016-01-15,20:25:00,143,1,3730
4155,2016-01-15,20:40:00,214,2,3731
4156,2016-01-15,20:40:00,396,1,3732
4157,2016-01-15,20:47:00,206,4,3733
4158,2016-01-15,20:50:00,394,1,3734
4159,2016-01-15,20:51:00,325,2,3735
4160,2016-01-15,20:53:00,288,2,3736
4161,2016-01-15,20:56:00,250,1,3737
4162,2016-01-15,21:17:00,248,1,3738
4163,2016-01-15,21:18:00,332,1,3739
4164,2016-01-15,21:25:00,397,3,3740
4165,2016-01-15,21:31:00,158,1,3741
4166,2016-01-15,21:35:00,14,1,3742
4167,2016-01-15,21:38:00,97,2,3743
4168,2016-01-15,21:43:00,428,1,3744
4169,2016-01-15,21:46:00,200,3,3745
4170,2016-01-15,21:47:00,323,4,3746
4171,2016-01-15,21:47:00,20,2,3747
4172,2016-01-15,21:48:00,94,2,3748
4173,2016-01-15,21:48:00,55,2,3749
4174,2016-01-15,21:51:00,35,3,3750
4175,2016-01-15,22:07:00,451,1,3751
4176,2016-01-15,22:10:00,111,2,3752
4177,2016-01-15,22:13:00,235,1,3753
4178,2016-01-15,22:21:00,367,1,3754
4179,2016-01-15,22:29:00,294,2,3755
4180,2016-01-15,22:30:00,440,1,3756
4181,2016-01-15,22:32:00,332,4,3757
4182,2016-01-15,22:37:00,312,4,3758
4183,2016-01-15,22:38:00,213,1,3759
4184,2016-01-15,22:44:00,384,4,3760
4185,2016-01-15,22:53:00,224,2,3761
4186,2016-01-15,22:53:00,325,1,3762
4187,2016-01-15,22:54:00,293,1,3763
4188,2016-01-15,22:56:00,393,1,3764
4189,2016-01-15,22:57:00,75,2,3765
4190,2016-01-15,23:17:00,290,4,3766
4191,2016-01-15,23:19:00,211,1,3767
4192,2016-01-15,23:25:00,301,1,3768
4193,2016-01-15,23:29:00,129,2,3769
4194,2016-01-15,23:39:00,124,1,3770
4195,2016-01-15,23:40:00,201,3,2894
4196,2016-01-15,23:41:00,168,2,3771
4197,2016-01-15,23:51:00,260,3,3772
4198,2016-01-15,23:52:00,379,1,3773
4199,2016-01-15,23:57:00,231,2,3774
4200,2016-01-16,00:00:00,24,1,3775
4201,2016-01-16,00:05:00,136,1,3226
4202,2016-01-16,00:06:00,16,4,3776
4203,2016-01-16,00:32:00,190,1,3777
4204,2016-01-16,00:33:00,396,1,3778
4205,2016-01-16,00:58:00,52,2,3585
4206,2016-01-16,01:12:00,390,2,3779
4207,2016-01-16,01:15:00,167,3,3780
4208,2016-01-16,01:15:00,219,1,3781
4209,2016-01-16,01:17:00,240,3,3782
4210,2016-01-16,01:21:00,405,1,2859
4211,2016-01-16,01:22:00,341,2,3783
4212,2016-01-16,01:24:00,118,1,1738
4213,2016-01-16,01:26:00,276,1,3784
4214,2016-01-16,01:26:00,267,4,3785
4215,2016-01-16,01:32:00,385,1,3786
4216,2016-01-16,01:32:00,397,1,3787
4217,2016-01-16,01:46:00,369,1,3788
4218,2016-01-16,01:46:00,290,3,3789
4219,2016-01-16,01:46:00,250,4,3790
4220,2016-01-16,01:54:00,78,4,3791
4221,2016-01-16,01:59:00,17,2,3792
4222,2016-01-16,02:01:00,350,2,3793
4223,2016-01-16,02:07:00,440,1,3794
4224,2016-01-16,02:07:00,339,5,3795
4225,2016-01-16,02:16:00,439,2,3796
4226,2016-01-16,02:24:00,124,2,3797
4227,2016-01-16,02:29:00,211,1,3798
4228,2016-01-16,02:45:00,64,1,3799
4229,2016-01-16,02:53:00,150,2,3800
4230,2016-01-16,02:54:00,91,1,3801
4231,2016-01-16,02:57:00,16,3,3802
4232,2016-01-16,03:00:00,280,1,3803
4233,2016-01-16,03:01:00,148,4,3804
4234,2016-01-16,03:06:00,39,3,3805
4235,2016-01-16,03:10:00,149,2,3806
4236,2016-01-16,03:14:00,401,3,3807
4237,2016-01-16,03:16:00,345,4,3808
4238,2016-01-16,03:29:00,452,2,3809
4239,2016-01-16,03:32:00,176,2,3810
4240,2016-01-16,03:34:00,152,2,3811
4241,2016-01-16,03:45:00,434,1,3812
4242,2016-01-16,03:57:00,426,1,3813
4243,2016-01-16,03:57:00,35,2,3814
4244,2016-01-16,04:00:00,160,2,836
4245,2016-01-16,04:04:00,183,2,3815
4246,2016-01-16,04:06:00,430,2,3816
4247,2016-01-16,04:07:00,216,1,3817
4248,2016-01-16,04:07:00,125,1,3818
4249,2016-01-16,04:07:00,138,2,3819
4250,2016-01-16,04:10:00,354,3,3820
4251,2016-01-16,04:15:00,56,2,3821
4252,2016-01-16,04:20:00,302,1,3822
4253,2016-01-16,04:26:00,79,4,3823
4254,2016-01-16,04:27:00,283,2,3824
4255,2016-01-16,04:37:00,277,2,3825
4256,2016-01-16,04:39:00,92,1,3826
4257,2016-01-16,04:40:00,428,1,3827
4258,2016-01-16,04:44:00,367,3,3828
4259,2016-01-16,04:53:00,115,1,3829
4260,2016-01-16,04:55:00,264,1,3830
4261,2016-01-16,04:59:00,27,2,3831
4262,2016-01-16,05:01:00,456,3,3832
4263,2016-01-16,05:01:00,407,1,3833
4264,2016-01-16,05:06:00,238,3,3834
4265,2016-01-16,05:06:00,226,3,3835
4266,2016-01-16,05:09:00,272,2,1520
4267,2016-01-16,05:09:00,314,1,3836
4268,2016-01-16,05:16:00,24,2,3837
4269,2016-01-16,05:20:00,17,1,3838
4270,2016-01-16,05:22:00,3,3,3839
4271,2016-01-16,05:49:00,95,2,3840
4272,2016-01-16,05:54:00,449,2,3841
4273,2016-01-16,05:56:00,13,1,3842
4274,2016-01-16,05:57:00,131,1,3843
4275,2016-01-16,05:58:00,396,3,3844
4276,2016-01-16,06:06:00,239,4,3845
4277,2016-01-16,06:09:00,75,3,3846
4278,2016-01-16,06:15:00,234,2,3847
4279,2016-01-16,06:20:00,165,3,3105
4280,2016-01-16,06:34:00,218,2,3848
4281,2016-01-16,06:35:00,213,4,3849
4282,2016-01-16,06:36:00,445,2,3850
4283,2016-01-16,06:43:00,446,2,3851
4284,2016-01-16,06:44:00,153,2,3852
4285,2016-01-16,06:45:00,213,2,3853
4286,2016-01-16,06:47:00,221,3,3854
4287,2016-01-16,06:47:00,130,4,3855
4288,2016-01-16,06:48:00,159,1,3856
4289,2016-01-16,07:17:00,45,1,3857
4290,2016-01-16,07:18:00,154,3,1229
4291,2016-01-16,07:18:00,251,2,3858
4292,2016-01-16,07:27:00,109,3,3859
4293,2016-01-16,07:27:00,255,1,3860
4294,2016-01-16,07:42:00,166,3,3861
4295,2016-01-16,07:46:00,196,3,3862
4296,2016-01-16,07:48:00,395,1,3863
4297,2016-01-16,07:51:00,154,2,3864
4298,2016-01-16,07:56:00,40,1,1384
4299,2016-01-16,08:25:00,131,1,3865
4300,2016-01-16,08:31:00,219,4,3866
4301,2016-01-16,08:33:00,2,2,2162
4302,2016-01-16,08:38:00,57,1,2119
4303,2016-01-16,08:39:00,428,1,3867
4304,2016-01-16,08:44:00,156,1,3868
4305,2016-01-16,08:44:00,321,2,3869
4306,2016-01-16,08:52:00,444,1,3870
4307,2016-01-16,08:55:00,91,4,3871
4308,2016-01-16,09:02:00,163,3,3872
4309,2016-01-16,09:05:00,215,2,3873
4310,2016-01-16,09:07:00,246,2,3874
4311,2016-01-16,09:07:00,333,1,3875
4312,2016-01-16,09:19:00,107,2,1635
4313,2016-01-16,09:19:00,371,1,3876
4314,2016-01-16,09:24:00,96,3,3877
4315,2016-01-16,09:27:00,310,1,3878
4316,2016-01-16,09:33:00,117,3,3879
4317,2016-01-16,09:49:00,367,1,3880
4318,2016-01-16,09:50:00,73,1,2418
4319,2016-01-16,09:52:00,105,3,3881
4320,2016-01-16,09:54:00,404,1,3882
4321,2016-01-16,10:03:00,403,2,3883
4322,2016-01-16,10:20:00,186,2,3884
4323,2016-01-16,10:23:00,233,2,3885
4324,2016-01-16,10:26:00,215,1,3044
4325,2016-01-16,10:27:00,34,1,3886
4326,2016-01-16,10:29:00,219,1,1054
4327,2016-01-16,10:30:00,215,1,1001
4328,2016-01-16,10:31:00,175,1,3887
4329,2016-01-16,10:37:00,322,2,3888
4330,2016-01-16,10:41:00,136,3,3889
4331,2016-01-16,10:43:00,70,2,3890
4332,2016-01-16,10:46:00,54,1,3891
4333,2016-01-16,10:47:00,28,1,3892
4334,2016-01-16,10:48:00,382,2,3893
4335,2016-01-16,10:48:00,228,1,3894
4336,2016-01-16,10:58:00,179,1,3895
4337,2016-01-16,11:01:00,152,5,3896
4338,2016-01-16,11:09:00,164,2,3897
4339,2016-01-16,11:12:00,17,2,3898
4340,2016-01-16,11:26:00,133,3,3899
4341,2016-01-16,11:30:00,452,3,3900
4342,2016-01-16,11:32:00,26,2,3901
4343,2016-01-16,11:38:00,330,3,3902
4344,2016-01-16,11:51:00,123,1,3903
4345,2016-01-16,11:57:00,117,2,3904
4346,2016-01-16,12:07:00,129,1,3905
4347,2016-01-16,12:08:00,49,1,3906
4348,2016-01-16,12:09:00,198,1,3907
4349,2016-01-16,12:12:00,422,1,3908
4350,2016-01-16,12:18:00,5,2,3909
4351,2016-01-16,12:26:00,382,3,3910
4352,2016-01-16,12:29:00,391,1,3911
4353,2016-01-16,12:32:00,205,1,3912
4354,2016-01-16,12:41:00,65,4,3913
4355,2016-01-16,12:55:00,375,2,3678
4356,2016-01-16,13:07:00,25,1,3914
4357,2016-01-16,13:09:00,160,3,3915
4358,2016-01-16,13:10:00,203,2,3916
4359,2016-01-16,13:14:00,96,2,387
4360,2016-01-16,13:21:00,115,3,3917
4361,2016-01-16,13:26:00,300,3,3918
4362,2016-01-16,13:36:00,103,3,3919
4363,2016-01-16,13:40:00,388,1,3920
4364,2016-01-16,13:54:00,67,2,3921
4365,2016-01-16,13:55:00,427,2,3922
4366,2016-01-16,14:02:00,76,1,3923
4367,2016-01-16,14:04:00,171,2,3924
4368,2016-01-16,14:07:00,10,1,3925
4369,2016-01-16,14:17:00,458,2,3926
4370,2016-01-16,14:18:00,247,5,3927
4371,2016-01-16,14:34:00,382,2,3928
4372,2016-01-16,14:44:00,354,1,3929
4373,2016-01-16,14:46:00,219,3,3930
4374,2016-01-16,14:52:00,204,2,3931
4375,2016-01-16,14:57:00,32,1,3932
4376,2016-01-16,15:00:00,430,2,3933
4377,2016-01-16,15:02:00,146,2,3934
4378,2016-01-16,15:08:00,244,2,2854
4379,2016-01-16,15:15:00,275,2,3935
4380,2016-01-16,15:22:00,127,1,3936
4381,2016-01-16,15:35:00,276,2,3937
4382,2016-01-16,15:45:00,351,2,3938
4383,2016-01-16,15:54:00,93,2,3939
4384,2016-01-16,15:56:00,263,3,2411
4385,2016-01-16,16:01:00,346,4,3940
4386,2016-01-16,16:01:00,73,2,3941
4387,2016-01-16,16:05:00,356,2,951
4388,2016-01-16,16:18:00,191,2,3942
4389,2016-01-16,16:18:00,330,1,3943
4390,2016-01-16,16:21:00,119,3,3944
4391,2016-01-16,16:26:00,302,1,3945
4392,2016-01-16,16:42:00,89,2,3946
4393,2016-01-16,16:51:00,35,2,3947
4394,2016-01-16,16:54:00,404,1,3948
4395,2016-01-16,17:02:00,171,1,3949
4396,2016-01-16,17:11:00,108,5,3950
4397,2016-01-16,17:22:00,211,1,3951
4398,2016-01-16,17:24:00,75,2,3952
4399,2016-01-16,17:29:00,332,1,3953
4400,2016-01-16,17:30:00,133,1,3954
4401,2016-01-16,17:32:00,23,2,532
4402,2016-01-16,17:35:00,303,2,3955
4403,2016-01-16,17:38:00,7,1,106
4404,2016-01-16,17:41:00,90,1,3956
4405,2016-01-16,17:42:00,28,3,3957
4406,2016-01-16,17:42:00,372,2,3958
4407,2016-01-16,17:56:00,146,3,3959
4408,2016-01-16,17:58:00,306,2,3960
4409,2016-01-16,18:11:00,201,1,3961
4410,2016-01-16,18:13:00,129,2,3962
4411,2016-01-16,18:14:00,154,4,3963
4412,2016-01-16,18:14:00,127,1,3964
4413,2016-01-16,18:20:00,95,4,1992
4414,2016-01-16,18:20:00,190,1,3965
4415,2016-01-16,18:26:00,92,2,2804
4416,2016-01-16,18:34:00,223,1,3966
4417,2016-01-16,18:38:00,104,3,3967
4418,2016-01-16,18:43:00,20,1,3968
4419,2016-01-16,18:54:00,32,2,3969
4420,2016-01-16,19:07:00,373,1,3970
4421,2016-01-16,19:16:00,418,4,3971
4422,2016-01-16,19:16:00,156,2,3972
4423,2016-01-16,19:18:00,159,3,3973
4424,2016-01-16,19:20:00,78,2,3974
4425,2016-01-16,19:41:00,107,1,3975
4426,2016-01-16,19:42:00,343,1,309
4427,2016-01-16,19:57:00,133,3,3976
4428,2016-01-16,20:07:00,43,1,3977
4429,2016-01-16,20:14:00,131,1,3978
4430,2016-01-16,20:14:00,441,3,3979
4431,2016-01-16,20:17:00,245,3,3980
4432,2016-01-16,20:22:00,435,2,3981
4433,2016-01-16,20:27:00,49,1,3982
4434,2016-01-16,20:28:00,274,3,3983
4435,2016-01-16,20:30:00,50,2,3984
4436,2016-01-16,20:30:00,73,2,3985
4437,2016-01-16,20:33:00,88,4,3986
4438,2016-01-16,20:40:00,44,1,3987
4439,2016-01-16,20:51:00,271,1,3988
4440,2016-01-16,20:53:00,329,2,2544
4441,2016-01-16,20:55:00,139,3,3989
4442,2016-01-16,21:01:00,255,2,3990
4443,2016-01-16,21:06:00,360,3,3991
4444,2016-01-16,21:07:00,442,1,3992
4445,2016-01-16,21:10:00,286,2,3993
4446,2016-01-16,21:17:00,337,1,3994
4447,2016-01-16,21:28:00,217,3,3995
4448,2016-01-16,21:32:00,422,2,3996
4449,2016-01-16,21:44:00,183,4,3997
4450,2016-01-16,21:51:00,392,2,3998
4451,2016-01-16,21:55:00,390,1,3216
4452,2016-01-16,21:57:00,176,2,3999
4453,2016-01-16,22:14:00,319,2,3669
4454,2016-01-16,22:24:00,23,1,4000
4455,2016-01-16,22:25:00,328,1,4001
4456,2016-01-16,22:25:00,140,2,4002
4457,2016-01-16,22:26:00,51,2,4003
4458,2016-01-16,22:40:00,114,4,4004
4459,2016-01-16,22:45:00,436,1,4005
4460,2016-01-16,22:45:00,348,3,4006
4461,2016-01-16,22:49:00,449,2,4007
4462,2016-01-16,22:58:00,119,3,4008
4463,2016-01-16,22:59:00,115,2,4009
4464,2016-01-16,23:12:00,408,2,4010
4465,2016-01-16,23:13:00,274,2,4011
4466,2016-01-16,23:21:00,449,2,4012
4467,2016-01-16,23:21:00,216,2,4013
4468,2016-01-16,23:27:00,428,2,4014
4469,2016-01-16,23:43:00,45,5,4015
4470,2016-01-16,23:58:00,406,1,4016
4471,2016-01-17,00:00:00,89,3,3723
4472,2016-01-17,00:01:00,62,3,4017
4473,2016-01-17,00:03:00,353,1,4018
4474,2016-01-17,00:12:00,36,2,4019
4475,2016-01-17,00:27:00,72,1,4020
4476,2016-01-17,00:28:00,126,2,4021
4477,2016-01-17,00:31:00,260,1,4022
4478,2016-01-17,00:46:00,193,2,4023
4479,2016-01-17,01:00:00,79,2,4024
4480,2016-01-17,01:03:00,174,1,4025
4481,2016-01-17,01:05:00,78,3,4026
4482,2016-01-17,01:09:00,217,1,4027
4483,2016-01-17,01:11:00,22,1,4028
4484,2016-01-17,01:14:00,185,2,4029
4485,2016-01-17,01:16:00,127,3,4030
4486,2016-01-17,01:27:00,123,1,4031
4487,2016-01-17,01:39:00,161,2,4032
4488,2016-01-17,01:41:00,353,2,4033
4489,2016-01-17,01:44:00,311,1,4034
4490,2016-01-17,01:55:00,138,1,4035
4491,2016-01-17,01:57:00,457,2,4036
4492,2016-01-17,02:00:00,315,2,4037
4493,2016-01-17,02:11:00,280,2,1764
4494,2016-01-17,02:13:00,316,3,4038
4495,2016-01-17,02:15:00,254,2,4039
4496,2016-01-17,02:15:00,385,1,4040
4497,2016-01-17,02:16:00,435,1,4041
4498,2016-01-17,02:22:00,345,1,4042
4499,2016-01-17,02:24:00,158,2,4043
4500,2016-01-17,02:25:00,210,2,4044
4501,2016-01-17,02:31:00,279,3,4045
4502,2016-01-17,02:37:00,218,1,4046
4503,2016-01-17,02:38:00,314,3,4047
4504,2016-01-17,02:41:00,335,1,4048
4505,2016-01-17,02:45:00,295,1,4049
4506,2016-01-17,02:54:00,319,1,4050
4507,2016-01-17,02:55:00,35,1,4051
4508,2016-01-17,03:03:00,381,1,4052
4509,2016-01-17,03:06:00,409,1,1039
4510,2016-01-17,03:44:00,327,2,4053
4511,2016-01-17,03:52:00,152,3,4054
4512,2016-01-17,04:04:00,221,2,152
4513,2016-01-17,04:07:00,90,4,4055
4514,2016-01-17,04:10:00,373,2,4056
4515,2016-01-17,04:15:00,220,1,4057
4516,2016-01-17,04:18:00,144,1,4058
4517,2016-01-17,04:21:00,269,2,4059
4518,2016-01-17,04:32:00,40,1,4060
4519,2016-01-17,04:35:00,170,2,4061
4520,2016-01-17,04:38:00,348,1,4062
4521,2016-01-17,04:38:00,429,3,4063
4522,2016-01-17,04:41:00,77,1,4064
4523,2016-01-17,04:42:00,192,1,4065
4524,2016-01-17,04:47:00,60,3,4066
4525,2016-01-17,04:51:00,404,2,4067
4526,2016-01-17,04:55:00,40,2,4068
4527,2016-01-17,05:05:00,93,1,4069
4528,2016-01-17,05:08:00,335,4,4070
4529,2016-01-17,05:13:00,304,3,1151
4530,2016-01-17,05:16:00,87,3,4071
4531,2016-01-17,05:18:00,411,2,4072
4532,2016-01-17,05:22:00,451,2,4073
4533,2016-01-17,05:24:00,458,2,4074
4534,2016-01-17,05:28:00,62,2,4075
4535,2016-01-17,05:33:00,349,1,4076
4536,2016-01-17,05:41:00,169,2,4077
4537,2016-01-17,05:52:00,396,1,4078
4538,2016-01-17,05:54:00,175,2,4079
4539,2016-01-17,05:55:00,65,2,4080
4540,2016-01-17,06:07:00,228,5,4081
4541,2016-01-17,06:19:00,118,3,3072
4542,2016-01-17,06:31:00,236,1,4082
4543,2016-01-17,06:34:00,345,3,4083
4544,2016-01-17,06:36:00,399,2,4084
4545,2016-01-17,06:39:00,320,2,4085
4546,2016-01-17,06:40:00,188,1,4086
4547,2016-01-17,06:53:00,415,2,4087
4548,2016-01-17,06:56:00,326,2,4088
4549,2016-01-17,06:56:00,229,2,4089
4550,2016-01-17,06:59:00,46,2,4090
4551,2016-01-17,07:15:00,54,2,4091
4552,2016-01-17,07:28:00,19,2,4092
4553,2016-01-17,07:38:00,96,2,728
4554,2016-01-17,07:46:00,210,1,4093
4555,2016-01-17,07:47:00,143,3,4094
4556,2016-01-17,08:01:00,240,1,4095
4557,2016-01-17,08:23:00,453,2,4096
4558,2016-01-17,08:29:00,201,1,4097
4559,2016-01-17,08:37:00,111,2,4098
4560,2016-01-17,08:45:00,438,2,4099
4561,2016-01-17,08:46:00,193,2,4100
4562,2016-01-17,08:47:00,322,1,4101
4563,2016-01-17,08:48:00,139,2,4102
4564,2016-01-17,08:55:00,308,2,4103
4565,2016-01-17,08:59:00,99,3,4104
4566,2016-01-17,09:00:00,225,2,563
4567,2016-01-17,09:08:00,82,3,4105
4568,2016-01-17,09:12:00,200,2,4106
4569,2016-01-17,09:18:00,57,2,4107
4570,2016-01-17,09:20:00,384,1,4108
4571,2016-01-17,09:26:00,51,1,4109
4572,2016-01-17,09:26:00,45,2,4110
4573,2016-01-17,09:29:00,242,1,4111
4574,2016-01-17,09:32:00,93,2,4112
4575,2016-01-17,09:32:00,10,4,1159
4576,2016-01-17,09:37:00,135,2,4113
4577,2016-01-17,09:44:00,407,4,4114
4578,2016-01-17,09:53:00,430,1,4115
4579,2016-01-17,10:07:00,137,3,4116
4580,2016-01-17,10:10:00,390,1,4117
4581,2016-01-17,10:15:00,130,2,4118
4582,2016-01-17,10:19:00,105,1,4119
4583,2016-01-17,10:25:00,335,4,4120
4584,2016-01-17,10:30:00,340,2,4121
4585,2016-01-17,10:31:00,261,2,4122
4586,2016-01-17,10:37:00,417,2,4123
4587,2016-01-17,10:51:00,209,2,4124
4588,2016-01-17,11:08:00,453,1,4125
4589,2016-01-17,11:13:00,271,1,425
4590,2016-01-17,11:19:00,183,1,4126
4591,2016-01-17,11:21:00,123,5,4127
4592,2016-01-17,11:35:00,17,2,4128
4593,2016-01-17,11:42:00,218,1,4129
4594,2016-01-17,11:43:00,426,2,4130
4595,2016-01-17,11:55:00,67,2,373
4596,2016-01-17,11:57:00,299,1,4131
4597,2016-01-17,12:16:00,192,4,4132
4598,2016-01-17,12:24:00,336,5,4133
4599,2016-01-17,12:25:00,145,2,4134
4600,2016-01-17,12:32:00,316,1,2829
4601,2016-01-17,12:38:00,192,2,4135
4602,2016-01-17,12:48:00,307,1,320
4603,2016-01-17,12:52:00,33,2,4136
4604,2016-01-17,12:59:00,408,2,4137
4605,2016-01-17,13:01:00,117,2,4138
4606,2016-01-17,13:02:00,421,2,4139
4607,2016-01-17,13:14:00,420,1,4140
4608,2016-01-17,13:16:00,455,1,4141
4609,2016-01-17,13:24:00,443,1,4142
4610,2016-01-17,13:28:00,181,3,4143
4611,2016-01-17,13:37:00,188,3,3584
4612,2016-01-17,13:43:00,317,1,4144
4613,2016-01-17,13:50:00,105,1,4145
4614,2016-01-17,13:52:00,161,1,4146
4615,2016-01-17,13:52:00,27,3,4147
4616,2016-01-17,14:02:00,320,2,4148
4617,2016-01-17,14:07:00,316,1,2753
4618,2016-01-17,14:07:00,87,2,4149
4619,2016-01-17,14:08:00,214,3,4150
4620,2016-01-17,14:09:00,3,4,4151
4621,2016-01-17,14:10:00,179,4,4152
4622,2016-01-17,14:12:00,383,1,4153
4623,2016-01-17,14:12:00,147,3,4154
4624,2016-01-17,14:14:00,306,3,4131
4625,2016-01-17,14:18:00,15,1,4155
4626,2016-01-17,14:26:00,274,4,4156
4627,2016-01-17,14:28:00,289,1,4157
4628,2016-01-17,14:30:00,454,2,4158
4629,2016-01-17,14:43:00,402,4,4159
4630,2016-01-17,14:51:00,349,2,4160
4631,2016-01-17,15:01:00,28,1,35
4632,2016-01-17,15:11:00,294,2,4161
4633,2016-01-17,15:12:00,70,3,4162
4634,2016-01-17,15:14:00,78,3,4163
4635,2016-01-17,15:18:00,36,1,4164
4636,2016-01-17,15:20:00,96,5,4165
4637,2016-01-17,15:28:00,22,5,4166
4638,2016-01-17,15:37:00,323,1,4167
4639,2016-01-17,15:43:00,288,3,4168
4640,2016-01-17,15:45:00,268,1,4169
4641,2016-01-17,15:50:00,272,2,4170
4642,2016-01-17,15:54:00,412,1,4171
4643,2016-01-17,16:06:00,82,3,4172
4644,2016-01-17,16:09:00,391,1,4173
4645,2016-01-17,16:14:00,256,2,4174
4646,2016-01-17,16:28:00,418,2,4175
4647,2016-01-17,16:28:00,119,2,4176
4648,2016-01-17,16:29:00,111,2,4177
4649,2016-01-17,16:31:00,209,1,1627
4650,2016-01-17,16:39:00,384,2,4178
4651,2016-01-17,16:41:00,339,1,4179
4652,2016-01-17,16:43:00,284,2,4180
4653,2016-01-17,16:48:00,39,2,4181
4654,2016-01-17,16:49:00,304,3,4182
4655,2016-01-17,16:59:00,6,2,4183
4656,2016-01-17,17:05:00,182,1,4184
4657,2016-01-17,17:15:00,146,3,4185
4658,2016-01-17,17:22:00,231,6,4186
4659,2016-01-17,17:27:00,11,1,4187
4660,2016-01-17,17:32:00,60,2,4188
4661,2016-01-17,17:38:00,212,2,600
4662,2016-01-17,17:47:00,226,2,4189
4663,2016-01-17,18:03:00,355,2,4190
4664,2016-01-17,18:04:00,257,2,4191
4665,2016-01-17,18:04:00,167,3,4192
4666,2016-01-17,18:09:00,433,2,4193
4667,2016-01-17,18:10:00,133,3,4194
4668,2016-01-17,18:12:00,361,2,4195
4669,2016-01-17,18:16:00,402,3,4196
4670,2016-01-17,18:16:00,125,1,4197
4671,2016-01-17,18:17:00,140,3,4198
4672,2016-01-17,18:24:00,154,1,4199
4673,2016-01-17,18:24:00,358,2,4200
4674,2016-01-17,18:28:00,150,1,866
4675,2016-01-17,18:41:00,45,1,4201
4676,2016-01-17,18:48:00,297,3,4202
4677,2016-01-17,18:49:00,269,1,4203
4678,2016-01-17,18:59:00,68,2,1969
4679,2016-01-17,19:02:00,115,3,938
4680,2016-01-17,19:10:00,130,3,4204
4681,2016-01-17,19:12:00,286,2,4205
4682,2016-01-17,19:12:00,443,1,4206
4683,2016-01-17,19:15:00,312,1,4207
4684,2016-01-17,19:20:00,357,1,2056
4685,2016-01-17,19:21:00,85,1,4208
4686,2016-01-17,19:22:00,445,3,4087
4687,2016-01-17,19:25:00,212,1,4209
4688,2016-01-17,19:26:00,64,2,4210
4689,2016-01-17,19:29:00,214,2,4211
4690,2016-01-17,19:30:00,95,1,4212
4691,2016-01-17,19:32:00,61,2,4213
4692,2016-01-17,19:38:00,301,3,4214
4693,2016-01-17,19:40:00,418,1,4215
4694,2016-01-17,19:42:00,171,2,4216
4695,2016-01-17,19:49:00,372,2,4217
4696,2016-01-17,19:53:00,106,1,4218
4697,2016-01-17,20:01:00,87,2,4219
4698,2016-01-17,20:05:00,325,2,4220
4699,2016-01-17,20:23:00,313,1,4221
4700,2016-01-17,20:28:00,61,1,4222
4701,2016-01-17,20:29:00,129,2,4223
4702,2016-01-17,20:35:00,346,1,3353
4703,2016-01-17,20:39:00,457,3,4224
4704,2016-01-17,20:40:00,257,1,4225
4705,2016-01-17,20:43:00,320,2,4226
4706,2016-01-17,20:54:00,85,1,4227
4707,2016-01-17,21:01:00,60,1,4228
4708,2016-01-17,21:02:00,167,2,4229
4709,2016-01-17,21:17:00,415,2,1249
4710,2016-01-17,21:34:00,134,4,4230
4711,2016-01-17,21:42:00,80,1,4231
4712,2016-01-17,21:51:00,255,3,4232
4713,2016-01-17,21:58:00,403,2,4233
4714,2016-01-17,22:05:00,63,2,971
4715,2016-01-17,22:06:00,228,2,4234
4716,2016-01-17,22:07:00,31,1,4235
4717,2016-01-17,22:08:00,167,2,4236
4718,2016-01-17,22:14:00,450,1,4237
4719,2016-01-17,22:20:00,297,1,4238
4720,2016-01-17,22:21:00,63,3,3045
4721,2016-01-17,22:26:00,269,4,4239
4722,2016-01-17,22:29:00,211,2,4240
4723,2016-01-17,22:29:00,290,2,4241
4724,2016-01-17,22:35:00,232,1,4242
4725,2016-01-17,22:39:00,317,1,4243
4726,2016-01-17,22:41:00,143,3,4244
4727,2016-01-17,22:42:00,353,2,4245
4728,2016-01-17,22:53:00,25,2,4246
4729,2016-01-17,23:00:00,355,2,4247
4730,2016-01-17,23:08:00,354,1,4248
4731,2016-01-17,23:20:00,66,1,4249
4732,2016-01-17,23:22:00,137,1,4250
4733,2016-01-17,23:30:00,421,2,4251
4734,2016-01-17,23:39:00,10,2,4252
4735,2016-01-17,23:41:00,33,1,4253
4736,2016-01-17,23:51:00,383,3,4254
4737,2016-01-17,23:56:00,226,2,4255
4738,2016-01-18,00:04:00,71,2,4256
4739,2016-01-18,00:10:00,76,2,2040
4740,2016-01-18,00:19:00,368,3,1983
4741,2016-01-18,00:23:00,175,2,4257
4742,2016-01-18,00:25:00,123,4,4258
4743,2016-01-18,00:25:00,116,2,4259
4744,2016-01-18,00:26:00,264,1,4260
4745,2016-01-18,00:32:00,165,2,4261
4746,2016-01-18,00:35:00,439,3,4262
4747,2016-01-18,00:42:00,448,2,4263
4748,2016-01-18,00:47:00,226,2,4264
4749,2016-01-18,00:48:00,400,2,4265
4750,2016-01-18,00:50:00,180,2,4266
4751,2016-01-18,01:02:00,355,4,4267
4752,2016-01-18,01:06:00,54,3,4268
4753,2016-01-18,01:15:00,61,2,4269
4754,2016-01-18,01:17:00,278,2,4270
4755,2016-01-18,01:19:00,398,3,4271
4756,2016-01-18,01:21:00,32,1,4272
4757,2016-01-18,01:25:00,134,4,4273
4758,2016-01-18,01:26:00,453,1,4274
4759,2016-01-18,01:44:00,158,1,4275
4760,2016-01-18,01:46:00,381,2,4276
4761,2016-01-18,01:51:00,67,3,4277
4762,2016-01-18,01:52:00,8,1,4278
4763,2016-01-18,01:57:00,260,5,4279
4764,2016-01-18,02:10:00,261,3,4280
4765,2016-01-18,02:10:00,34,1,4281
4766,2016-01-18,02:15:00,219,3,4282
4767,2016-01-18,02:16:00,133,2,4283
4768,2016-01-18,02:16:00,244,3,4284
4769,2016-01-18,02:18:00,410,3,2862
4770,2016-01-18,02:24:00,212,4,4285
4771,2016-01-18,02:32:00,263,2,1896
4772,2016-01-18,02:35:00,436,2,4286
4773,2016-01-18,02:40:00,225,2,4287
4774,2016-01-18,02:41:00,263,2,4288
4775,2016-01-18,02:42:00,214,1,4289
4776,2016-01-18,02:48:00,161,1,4290
4777,2016-01-18,02:49:00,262,3,4291
4778,2016-01-18,02:49:00,177,3,4292
4779,2016-01-18,02:52:00,234,2,4293
4780,2016-01-18,03:03:00,348,3,4294
4781,2016-01-18,03:05:00,144,2,1358
4782,2016-01-18,03:13:00,151,1,4295
4783,2016-01-18,03:20:00,63,2,4296
4784,2016-01-18,03:29:00,165,2,4297
4785,2016-01-18,03:33:00,317,1,4298
4786,2016-01-18,03:43:00,400,3,4299
4787,2016-01-18,03:44:00,236,1,4300
4788,2016-01-18,03:56:00,281,4,891
4789,2016-01-18,04:00:00,342,2,4301
4790,2016-01-18,04:02:00,236,1,4302
4791,2016-01-18,04:06:00,329,3,4303
4792,2016-01-18,04:06:00,200,1,4304
4793,2016-01-18,04:09:00,224,3,4305
4794,2016-01-18,04:18:00,210,2,4306
4795,2016-01-18,04:18:00,18,3,4307
4796,2016-01-18,04:21:00,313,3,4308
4797,2016-01-18,04:21:00,396,2,4309
4798,2016-01-18,04:24:00,316,2,4310
4799,2016-01-18,04:27:00,113,3,4311
4800,2016-01-18,04:28:00,26,3,4312
4801,2016-01-18,04:37:00,38,2,4313
4802,2016-01-18,04:39:00,320,2,4314
4803,2016-01-18,04:42:00,269,5,4315
4804,2016-01-18,04:46:00,183,2,4316
4805,2016-01-18,04:48:00,97,1,4317
4806,2016-01-18,04:48:00,296,1,4318
4807,2016-01-18,05:00:00,367,1,4319
4808,2016-01-18,05:14:00,359,1,3150
4809,2016-01-18,05:25:00,315,2,4320
4810,2016-01-18,05:27:00,363,1,2005
4811,2016-01-18,05:30:00,132,2,4321
4812,2016-01-18,05:31:00,418,1,4322
4813,2016-01-18,05:32:00,286,1,4323
4814,2016-01-18,05:35:00,249,4,4324
4815,2016-01-18,05:36:00,239,1,4325
4816,2016-01-18,05:41:00,377,2,4326
4817,2016-01-18,05:42:00,117,2,4327
4818,2016-01-18,05:51:00,168,2,4328
4819,2016-01-18,05:52:00,158,1,4329
4820,2016-01-18,06:04:00,15,3,4330
4821,2016-01-18,06:12:00,289,2,4331
4822,2016-01-18,06:36:00,444,2,1497
4823,2016-01-18,06:43:00,424,5,4332
4824,2016-01-18,06:45:00,319,1,4333
4825,2016-01-18,06:50:00,305,2,3749
4826,2016-01-18,06:51:00,201,4,4334
4827,2016-01-18,06:53:00,326,2,4335
4828,2016-01-18,07:00:00,381,1,4336
4829,2016-01-18,07:18:00,238,3,4337
4830,2016-01-18,07:20:00,314,2,4338
4831,2016-01-18,07:52:00,417,1,4339
4832,2016-01-18,07:56:00,330,3,4340
4833,2016-01-18,08:00:00,80,2,4341
4834,2016-01-18,08:02:00,395,2,4342
4835,2016-01-18,08:11:00,273,5,4343
4836,2016-01-18,08:23:00,56,1,4344
4837,2016-01-18,08:36:00,368,3,658
4838,2016-01-18,08:49:00,97,2,4345
4839,2016-01-18,08:53:00,310,2,4346
4840,2016-01-18,08:55:00,437,1,4347
4841,2016-01-18,08:57:00,341,1,4348
4842,2016-01-18,09:02:00,31,6,4349
4843,2016-01-18,09:02:00,149,2,4350
4844,2016-01-18,09:02:00,73,2,4351
4845,2016-01-18,09:17:00,231,2,1567
4846,2016-01-18,09:17:00,172,2,4352
4847,2016-01-18,09:18:00,328,3,4353
4848,2016-01-18,09:28:00,364,3,4354
4849,2016-01-18,09:35:00,409,3,4355
4850,2016-01-18,09:36:00,161,1,4356
4851,2016-01-18,09:43:00,442,2,4357
4852,2016-01-18,09:47:00,308,4,4358
4853,2016-01-18,09:47:00,235,2,4359
4854,2016-01-18,09:56:00,168,4,4360
4855,2016-01-18,10:02:00,255,2,4361
4856,2016-01-18,10:03:00,370,3,4362
4857,2016-01-18,10:04:00,398,2,4363
4858,2016-01-18,10:13:00,130,3,4364
4859,2016-01-18,10:13:00,263,3,4365
4860,2016-01-18,10:16:00,423,1,4366
4861,2016-01-18,10:21:00,63,2,4367
4862,2016-01-18,10:28:00,151,1,4368
4863,2016-01-18,10:31:00,424,1,2302
4864,2016-01-18,10:32:00,1,4,4369
4865,2016-01-18,10:48:00,134,1,2986
4866,2016-01-18,11:01:00,233,1,4370
4867,2016-01-18,11:08:00,161,1,4371
4868,2016-01-18,11:23:00,238,1,4372
4869,2016-01-18,11:33:00,397,3,4373
4870,2016-01-18,11:36:00,345,1,4374
4871,2016-01-18,11:41:00,430,2,4375
4872,2016-01-18,11:46:00,121,1,1490
4873,2016-01-18,11:52:00,140,1,4376
4874,2016-01-18,11:53:00,157,2,4377
4875,2016-01-18,11:55:00,378,1,4378
4876,2016-01-18,12:01:00,436,2,4379
4877,2016-01-18,12:04:00,223,4,4380
4878,2016-01-18,12:07:00,431,1,4381
4879,2016-01-18,12:10:00,61,1,4382
4880,2016-01-18,12:23:00,373,3,4383
4881,2016-01-18,12:24:00,65,2,4384
4882,2016-01-18,12:28:00,351,3,4385
4883,2016-01-18,12:30:00,261,1,4386
4884,2016-01-18,12:46:00,55,3,4387
4885,2016-01-18,12:49:00,80,3,4388
4886,2016-01-18,12:51:00,315,3,4389
4887,2016-01-18,12:53:00,61,3,4390
4888,2016-01-18,12:54:00,24,3,4391
4889,2016-01-18,12:55:00,323,2,1372
4890,2016-01-18,12:59:00,228,2,4392
4891,2016-01-18,13:05:00,271,2,4393
4892,2016-01-18,13:07:00,301,2,4394
4893,2016-01-18,13:09:00,179,1,4395
4894,2016-01-18,13:18:00,210,4,4396
4895,2016-01-18,13:19:00,125,1,4397
4896,2016-01-18,13:28:00,124,1,3296
4897,2016-01-18,13:29:00,126,4,4398
4898,2016-01-18,13:36:00,442,1,1303
4899,2016-01-18,13:43:00,42,3,4399
4900,2016-01-18,13:43:00,306,1,1418
4901,2016-01-18,13:54:00,352,2,2680
4902,2016-01-18,13:58:00,343,2,4400
4903,2016-01-18,14:00:00,278,2,4401
4904,2016-01-18,14:10:00,58,1,4402
4905,2016-01-18,14:20:00,187,2,4403
4906,2016-01-18,14:39:00,246,1,4404
4907,2016-01-18,14:45:00,166,2,4405
4908,2016-01-18,14:45:00,321,3,3525
4909,2016-01-18,14:48:00,34,2,4406
4910,2016-01-18,14:50:00,346,3,4407
4911,2016-01-18,14:58:00,384,1,4408
4912,2016-01-18,15:00:00,410,2,4409
4913,2016-01-18,15:03:00,206,1,4410
4914,2016-01-18,15:17:00,423,2,4411
4915,2016-01-18,15:22:00,228,2,396
4916,2016-01-18,15:23:00,4,1,4412
4917,2016-01-18,15:31:00,291,1,4413
4918,2016-01-18,15:43:00,25,3,4414
4919,2016-01-18,15:44:00,336,3,4415
4920,2016-01-18,15:50:00,55,1,4416
4921,2016-01-18,16:00:00,90,4,4417
4922,2016-01-18,16:02:00,417,2,4418
4923,2016-01-18,16:03:00,165,2,4419
4924,2016-01-18,16:04:00,224,3,4420
4925,2016-01-18,16:09:00,107,3,4421
4926,2016-01-18,16:10:00,91,1,1306
4927,2016-01-18,16:25:00,19,3,4422
4928,2016-01-18,16:29:00,42,5,4423
4929,2016-01-18,16:33:00,290,1,4424
4930,2016-01-18,16:48:00,40,3,4425
4931,2016-01-18,16:50:00,365,3,4426
4932,2016-01-18,16:52:00,441,2,4427
4933,2016-01-18,16:58:00,42,2,4428
4934,2016-01-18,17:09:00,436,3,4429
4935,2016-01-18,17:11:00,41,3,4430
4936,2016-01-18,17:14:00,133,2,1075
4937,2016-01-18,17:16:00,368,4,3985
4938,2016-01-18,17:24:00,307,3,4431
4939,2016-01-18,17:26:00,242,3,4432
4940,2016-01-18,17:28:00,327,1,4433
4941,2016-01-18,17:37:00,23,3,4434
4942,2016-01-18,17:45:00,417,1,4435
4943,2016-01-18,17:46:00,386,4,4436
4944,2016-01-18,17:54:00,425,2,4437
4945,2016-01-18,17:56:00,129,1,4438
4946,2016-01-18,18:05:00,99,4,4439
4947,2016-01-18,18:15:00,446,6,4440
4948,2016-01-18,18:18:00,301,1,4441
4949,2016-01-18,18:19:00,244,1,4442
4950,2016-01-18,18:22:00,102,1,4443
4951,2016-01-18,18:22:00,131,1,4444
4952,2016-01-18,18:27:00,287,2,4445
4953,2016-01-18,18:30:00,440,3,3531
4954,2016-01-18,18:35:00,186,3,4446
4955,2016-01-18,18:36:00,386,1,4447
4956,2016-01-18,18:43:00,237,2,545
4957,2016-01-18,18:47:00,31,3,4448
4958,2016-01-18,19:00:00,329,1,4449
4959,2016-01-18,19:03:00,40,1,4450
4960,2016-01-18,19:08:00,447,3,4451
4961,2016-01-18,19:09:00,322,1,4452
4962,2016-01-18,19:12:00,260,1,92
4963,2016-01-18,19:13:00,385,1,4453
4964,2016-01-18,19:15:00,175,3,4454
4965,2016-01-18,19:20:00,339,1,4455
4966,2016-01-18,19:25:00,406,1,2866
4967,2016-01-18,19:28:00,200,1,4456
4968,2016-01-18,19:36:00,209,1,4457
4969,2016-01-18,19:37:00,45,4,4458
4970,2016-01-18,19:40:00,88,2,4459
4971,2016-01-18,19:57:00,379,5,4460
4972,2016-01-18,20:01:00,356,1,4461
4973,2016-01-18,20:04:00,448,3,4462
4974,2016-01-18,20:11:00,164,3,4463
4975,2016-01-18,20:34:00,350,1,2093
4976,2016-01-18,20:36:00,216,2,4464
4977,2016-01-18,20:36:00,223,1,4465
4978,2016-01-18,20:42:00,364,3,4466
4979,2016-01-18,21:13:00,216,3,1202
4980,2016-01-18,21:20:00,24,1,405
4981,2016-01-18,21:26:00,316,1,4467
4982,2016-01-18,21:31:00,56,5,4468
4983,2016-01-18,21:31:00,429,2,4469
4984,2016-01-18,21:33:00,135,2,3464
4985,2016-01-18,21:37:00,197,2,2564
4986,2016-01-18,21:39:00,71,2,4470
4987,2016-01-18,21:49:00,374,1,4471
4988,2016-01-18,22:01:00,454,3,4472
4989,2016-01-18,22:03:00,123,1,4473
4990,2016-01-18,22:08:00,14,1,4474
4991,2016-01-18,22:15:00,91,4,4475
4992,2016-01-18,22:29:00,231,1,4476
4993,2016-01-18,22:50:00,69,1,4477
4994,2016-01-18,22:52:00,390,2,4478
4995,2016-01-18,22:52:00,288,2,4479
4996,2016-01-18,22:59:00,216,2,4480
4997,2016-01-18,23:11:00,277,3,4481
4998,2016-01-18,23:12:00,182,2,4482
4999,2016-01-18,23:19:00,228,2,181
5000,2016-01-18,23:25:00,106,1,4483
5001,2016-01-18,23:27:00,193,3,2481
5002,2016-01-18,23:34:00,31,2,4484
5003,2016-01-18,23:35:00,37,1,4485
5004,2016-01-18,23:42:00,295,3,4486
5005,2016-01-18,23:46:00,434,2,4487
5006,2016-01-18,23:47:00,394,1,4488
5007,2016-01-18,23:50:00,112,3,4489
5008,2016-01-18,23:52:00,36,4,4490
5009,2016-01-18,23:59:00,292,2,4491
5010,2016-01-19,00:31:00,246,3,4492
5011,2016-01-19,00:35:00,229,3,4493
5012,2016-01-19,00:40:00,11,3,4494
5013,2016-01-19,00:46:00,380,3,4495
5014,2016-01-19,00:51:00,445,4,4496
5015,2016-01-19,00:51:00,327,2,4497
5016,2016-01-19,00:51:00,159,1,4498
5017,2016-01-19,01:03:00,52,1,4499
5018,2016-01-19,01:08:00,419,1,4500
5019,2016-01-19,01:11:00,183,2,4501
5020,2016-01-19,01:13:00,198,3,4502
5021,2016-01-19,01:13:00,206,2,4503
5022,2016-01-19,01:14:00,213,3,4504
5023,2016-01-19,01:16:00,149,3,4505
5024,2016-01-19,01:29:00,295,4,4506
5025,2016-01-19,01:41:00,26,1,4507
5026,2016-01-19,01:45:00,70,2,4508
5027,2016-01-19,01:45:00,104,1,4509
5028,2016-01-19,01:51:00,345,2,4510
5029,2016-01-19,01:52:00,276,3,4511
5030,2016-01-19,01:54:00,326,2,4512
5031,2016-01-19,02:05:00,270,2,1388
5032,2016-01-19,02:35:00,230,4,4513
5033,2016-01-19,02:41:00,140,2,4514
5034,2016-01-19,02:44:00,440,4,4515
5035,2016-01-19,02:51:00,124,2,4516
5036,2016-01-19,03:04:00,6,2,4517
5037,2016-01-19,03:09:00,43,1,4518
5038,2016-01-19,03:10:00,292,4,3317
5039,2016-01-19,03:27:00,272,1,4519
5040,2016-01-19,03:27:00,415,2,4520
5041,2016-01-19,03:45:00,391,2,4521
5042,2016-01-19,03:48:00,302,4,4522
5043,2016-01-19,03:51:00,433,1,4523
5044,2016-01-19,03:52:00,447,3,4524
5045,2016-01-19,03:52:00,374,1,4525
5046,2016-01-19,03:59:00,426,4,4526
5047,2016-01-19,04:04:00,359,1,4527
5048,2016-01-19,04:10:00,427,1,4528
5049,2016-01-19,04:18:00,275,3,4529
5050,2016-01-19,04:20:00,27,1,4530
5051,2016-01-19,04:20:00,5,1,4260
5052,2016-01-19,04:22:00,179,2,4531
5053,2016-01-19,04:33:00,16,1,4532
5054,2016-01-19,04:33:00,161,2,23
5055,2016-01-19,04:37:00,241,1,4533
5056,2016-01-19,04:43:00,232,3,4534
5057,2016-01-19,04:47:00,94,5,4535
5058,2016-01-19,04:58:00,266,1,4536
5059,2016-01-19,05:00:00,313,2,1763
5060,2016-01-19,05:02:00,403,2,4537
5061,2016-01-19,05:04:00,73,1,4538
5062,2016-01-19,05:11:00,456,1,3532
5063,2016-01-19,05:13:00,316,1,4539
5064,2016-01-19,05:17:00,413,2,4540
5065,2016-01-19,05:21:00,213,1,1364
5066,2016-01-19,05:24:00,221,1,4541
5067,2016-01-19,05:24:00,322,2,4542
5068,2016-01-19,05:25:00,67,1,4543
5069,2016-01-19,05:27:00,21,4,4544
5070,2016-01-19,05:32:00,204,2,4545
5071,2016-01-19,05:41:00,278,4,2779
5072,2016-01-19,05:43:00,274,5,4546
5073,2016-01-19,05:50:00,198,1,4547
5074,2016-01-19,05:50:00,158,1,4548
5075,2016-01-19,05:58:00,371,1,4549
5076,2016-01-19,06:07:00,259,1,4550
5077,2016-01-19,06:09:00,116,3,4551
5078,2016-01-19,06:10:00,276,1,4552
5079,2016-01-19,06:21:00,63,1,3685
5080,2016-01-19,06:24:00,111,2,2153
5081,2016-01-19,06:25:00,128,2,4553
5082,2016-01-19,06:27:00,186,1,4554
5083,2016-01-19,06:40:00,267,3,4555
5084,2016-01-19,06:45:00,13,2,4556
5085,2016-01-19,06:46:00,171,2,4557
5086,2016-01-19,06:52:00,286,3,4558
5087,2016-01-19,06:57:00,403,2,4559
5088,2016-01-19,07:01:00,315,1,4560
5089,2016-01-19,07:01:00,75,4,4561
5090,2016-01-19,07:02:00,89,1,4562
5091,2016-01-19,07:02:00,243,3,4563
5092,2016-01-19,07:07:00,69,2,4033
5093,2016-01-19,07:08:00,142,1,4564
5094,2016-01-19,07:09:00,343,2,4565
5095,2016-01-19,07:16:00,412,1,4566
5096,2016-01-19,07:18:00,273,2,4567
5097,2016-01-19,07:31:00,362,2,4568
5098,2016-01-19,07:41:00,226,2,4569
5099,2016-01-19,07:43:00,449,1,4570
5100,2016-01-19,07:45:00,21,2,4571
5101,2016-01-19,07:54:00,30,1,4572
5102,2016-01-19,07:56:00,110,1,4573
5103,2016-01-19,07:56:00,397,1,3187
5104,2016-01-19,08:02:00,271,4,4574
5105,2016-01-19,08:07:00,38,1,4575
5106,2016-01-19,08:22:00,74,1,4576
5107,2016-01-19,08:31:00,327,1,4577
5108,2016-01-19,08:38:00,415,2,4578
5109,2016-01-19,08:54:00,261,2,4579
5110,2016-01-19,08:58:00,40,3,4580
5111,2016-01-19,09:06:00,132,3,4581
5112,2016-01-19,09:10:00,174,2,4582
5113,2016-01-19,09:11:00,456,2,4583
5114,2016-01-19,09:28:00,7,2,4584
5115,2016-01-19,09:29:00,101,3,4585
5116,2016-01-19,09:32:00,227,1,4586
5117,2016-01-19,09:40:00,21,2,4587
5118,2016-01-19,09:41:00,21,2,4588
5119,2016-01-19,09:41:00,100,3,4589
5120,2016-01-19,09:51:00,55,1,4579
5121,2016-01-19,10:02:00,225,4,4590
5122,2016-01-19,10:08:00,170,3,1811
5123,2016-01-19,10:13:00,105,1,4591
5124,2016-01-19,10:13:00,38,1,4592
5125,2016-01-19,10:30:00,288,3,4593
5126,2016-01-19,10:31:00,292,2,4594
5127,2016-01-19,10:47:00,350,1,4595
5128,2016-01-19,10:53:00,307,3,4596
5129,2016-01-19,10:56:00,307,4,4597
5130,2016-01-19,10:58:00,127,4,4598
5131,2016-01-19,11:05:00,212,2,4599
5132,2016-01-19,11:06:00,331,1,4600
5133,2016-01-19,11:08:00,334,1,4601
5134,2016-01-19,11:08:00,271,3,4602
5135,2016-01-19,11:08:00,260,4,4603
5136,2016-01-19,11:16:00,190,1,4604
5137,2016-01-19,11:21:00,384,2,4605
5138,2016-01-19,11:28:00,72,2,4606
5139,2016-01-19,11:29:00,71,1,4607
5140,2016-01-19,11:29:00,178,2,4608
5141,2016-01-19,11:35:00,330,3,4609
5142,2016-01-19,11:37:00,221,2,4610
5143,2016-01-19,11:38:00,142,3,4611
5144,2016-01-19,11:40:00,311,2,4612
5145,2016-01-19,11:42:00,344,1,4613
5146,2016-01-19,11:47:00,431,1,4614
5147,2016-01-19,12:11:00,290,1,4615
5148,2016-01-19,12:15:00,12,1,4616
5149,2016-01-19,12:16:00,3,1,4617
5150,2016-01-19,12:17:00,231,1,1835
5151,2016-01-19,12:21:00,202,3,4618
5152,2016-01-19,12:25:00,295,1,4619
5153,2016-01-19,12:34:00,22,3,4620
5154,2016-01-19,12:44:00,29,1,4621
5155,2016-01-19,12:52:00,230,2,3857
5156,2016-01-19,12:54:00,6,2,4622
5157,2016-01-19,12:56:00,326,2,4623
5158,2016-01-19,13:16:00,355,4,4624
5159,2016-01-19,13:18:00,430,2,4625
5160,2016-01-19,13:27:00,363,2,4626
5161,2016-01-19,13:30:00,441,1,4627
5162,2016-01-19,13:31:00,334,1,4628
5163,2016-01-19,13:33:00,202,1,3081
5164,2016-01-19,13:36:00,342,1,4629
5165,2016-01-19,13:38:00,457,1,4630
5166,2016-01-19,13:41:00,186,2,4631
5167,2016-01-19,13:42:00,97,4,4632
5168,2016-01-19,13:46:00,58,3,4633
5169,2016-01-19,13:47:00,251,3,4634
5170,2016-01-19,13:48:00,440,3,4635
5171,2016-01-19,14:03:00,297,1,4636
5172,2016-01-19,14:06:00,429,3,4637
5173,2016-01-19,14:07:00,11,3,4638
5174,2016-01-19,14:13:00,127,1,4639
5175,2016-01-19,14:14:00,36,3,3170
5176,2016-01-19,14:16:00,383,3,2150
5177,2016-01-19,14:20:00,163,2,4640
5178,2016-01-19,14:24:00,440,1,2905
5179,2016-01-19,14:25:00,18,2,4641
5180,2016-01-19,14:28:00,286,1,4642
5181,2016-01-19,14:33:00,332,1,4643
5182,2016-01-19,14:39:00,231,1,4644
5183,2016-01-19,14:41:00,250,1,4645
5184,2016-01-19,14:46:00,74,1,4646
5185,2016-01-19,14:51:00,324,4,4647
5186,2016-01-19,14:56:00,294,3,4648
5187,2016-01-19,14:56:00,198,1,1828
5188,2016-01-19,15:06:00,91,2,4649
5189,2016-01-19,15:08:00,215,2,4650
5190,2016-01-19,15:10:00,275,1,4651
5191,2016-01-19,15:21:00,370,3,4652
5192,2016-01-19,15:23:00,363,2,4653
5193,2016-01-19,15:28:00,227,2,1820
5194,2016-01-19,15:32:00,5,1,4654
5195,2016-01-19,15:36:00,324,1,4655
5196,2016-01-19,15:43:00,95,2,4656
5197,2016-01-19,15:47:00,304,1,4657
5198,2016-01-19,15:50:00,230,4,4658
5199,2016-01-19,15:55:00,380,1,2052
5200,2016-01-19,16:09:00,340,2,4659
5201,2016-01-19,16:12:00,150,2,4660
5202,2016-01-19,16:27:00,169,2,4661
5203,2016-01-19,16:30:00,152,1,4662
5204,2016-01-19,16:42:00,195,1,4663
5205,2016-01-19,16:44:00,160,1,4664
5206,2016-01-19,16:46:00,23,1,2352
5207,2016-01-19,16:49:00,444,3,4665
5208,2016-01-19,16:51:00,397,2,4666
5209,2016-01-19,16:53:00,411,2,4667
5210,2016-01-19,16:54:00,349,2,4668
5211,2016-01-19,16:57:00,121,2,4669
5212,2016-01-19,16:57:00,128,3,4670
5213,2016-01-19,16:57:00,255,3,4671
5214,2016-01-19,16:59:00,360,1,4672
5215,2016-01-19,17:00:00,336,1,4673
5216,2016-01-19,17:03:00,336,1,2577
5217,2016-01-19,17:03:00,360,2,4674
5218,2016-01-19,17:06:00,27,1,4675
5219,2016-01-19,17:08:00,370,1,4676
5220,2016-01-19,17:17:00,123,2,2699
5221,2016-01-19,17:20:00,60,1,4677
5222,2016-01-19,17:23:00,419,2,4678
5223,2016-01-19,17:28:00,89,3,4679
5224,2016-01-19,17:29:00,135,2,4680
5225,2016-01-19,17:38:00,269,2,4681
5226,2016-01-19,17:41:00,285,2,4682
5227,2016-01-19,17:55:00,117,2,4683
5228,2016-01-19,17:57:00,261,2,4684
5229,2016-01-19,18:10:00,385,1,4685
5230,2016-01-19,18:12:00,411,4,4686
5231,2016-01-19,18:12:00,168,3,4687
5232,2016-01-19,18:13:00,332,2,4688
5233,2016-01-19,18:33:00,64,2,4689
5234,2016-01-19,18:35:00,102,1,4690
5235,2016-01-19,18:36:00,381,2,4691
5236,2016-01-19,18:39:00,58,1,4390
5237,2016-01-19,18:50:00,223,2,2741
5238,2016-01-19,18:51:00,302,1,4692
5239,2016-01-19,18:55:00,233,2,4693
5240,2016-01-19,18:57:00,34,3,4694
5241,2016-01-19,19:04:00,141,2,4695
5242,2016-01-19,19:05:00,348,4,4696
5243,2016-01-19,19:11:00,301,1,4697
5244,2016-01-19,19:15:00,272,2,4698
5245,2016-01-19,19:16:00,274,1,4699
5246,2016-01-19,19:18:00,186,2,4700
5247,2016-01-19,19:24:00,343,1,4701
5248,2016-01-19,19:29:00,360,1,4702
5249,2016-01-19,19:37:00,15,3,4703
5250,2016-01-19,19:44:00,391,3,4704
5251,2016-01-19,19:55:00,38,3,4705
5252,2016-01-19,19:58:00,95,3,4706
5253,2016-01-19,20:04:00,333,1,4707
5254,2016-01-19,20:06:00,97,1,4708
5255,2016-01-19,20:14:00,86,2,4709
5256,2016-01-19,20:28:00,321,4,4710
5257,2016-01-19,20:33:00,270,3,4711
5258,2016-01-19,20:36:00,19,4,4712
5259,2016-01-19,20:37:00,395,2,4713
5260,2016-01-19,20:48:00,183,3,4714
5261,2016-01-19,20:49:00,278,5,4715
5262,2016-01-19,20:49:00,329,3,4716
5263,2016-01-19,20:54:00,441,3,4717
5264,2016-01-19,20:54:00,445,1,4718
5265,2016-01-19,21:04:00,21,2,4719
5266,2016-01-19,21:11:00,299,2,4720
5267,2016-01-19,21:23:00,66,3,4721
5268,2016-01-19,21:24:00,371,2,4722
5269,2016-01-19,21:37:00,422,3,4723
5270,2016-01-19,21:37:00,219,2,4724
5271,2016-01-19,21:40:00,393,3,4725
5272,2016-01-19,21:40:00,95,2,702
5273,2016-01-19,21:50:00,406,2,4726
5274,2016-01-19,22:05:00,55,1,4727
5275,2016-01-19,22:07:00,257,1,4728
5276,2016-01-19,22:13:00,20,2,4729
5277,2016-01-19,22:18:00,395,3,4730
5278,2016-01-19,22:28:00,126,2,4731
5279,2016-01-19,22:43:00,452,2,4732
5280,2016-01-19,22:44:00,422,1,4733
5281,2016-01-19,22:50:00,182,3,4734
5282,2016-01-19,22:56:00,412,3,4735
5283,2016-01-19,23:05:00,181,2,4736
5284,2016-01-19,23:19:00,92,1,4737
5285,2016-01-19,23:22:00,337,1,4738
5286,2016-01-19,23:32:00,100,3,4739
5287,2016-01-19,23:43:00,425,2,4740
5288,2016-01-19,23:45:00,302,1,4741
5289,2016-01-19,23:46:00,7,2,447
5290,2016-01-19,23:49:00,143,1,4742
5291,2016-01-19,23:53:00,274,3,4743
5292,2016-01-19,23:54:00,410,3,4744
5293,2016-01-19,23:54:00,73,2,4745
5294,2016-01-20,00:00:00,318,2,4746
5295,2016-01-20,00:19:00,378,3,4747
5296,2016-01-20,00:24:00,135,3,4748
5297,2016-01-20,00:36:00,370,2,4749
5298,2016-01-20,00:53:00,150,2,4750
5299,2016-01-20,01:04:00,237,3,4751
5300,2016-01-20,01:11:00,3,4,4752
5301,2016-01-20,01:25:00,131,3,1054
5302,2016-01-20,01:27:00,67,1,4753
5303,2016-01-20,01:27:00,125,2,1012
5304,2016-01-20,01:27:00,158,2,4754
5305,2016-01-20,01:41:00,185,4,4755
5306,2016-01-20,01:47:00,317,2,4756
5307,2016-01-20,01:56:00,198,3,4757
5308,2016-01-20,01:57:00,330,2,4758
5309,2016-01-20,02:07:00,45,2,4759
5310,2016-01-20,02:21:00,423,1,4760
5311,2016-01-20,02:23:00,352,3,4761
5312,2016-01-20,02:25:00,212,2,4762
5313,2016-01-20,02:29:00,226,2,4763
5314,2016-01-20,02:41:00,45,2,4764
5315,2016-01-20,02:48:00,99,3,4765
5316,2016-01-20,02:54:00,418,2,4766
5317,2016-01-20,03:14:00,124,2,3128
5318,2016-01-20,03:17:00,83,1,4767
5319,2016-01-20,03:18:00,46,3,4768
5320,2016-01-20,03:19:00,120,1,4769
5321,2016-01-20,03:21:00,85,2,4770
5322,2016-01-20,03:24:00,249,2,4771
5323,2016-01-20,03:26:00,241,3,4772
5324,2016-01-20,03:35:00,195,2,4773
5325,2016-01-20,03:41:00,290,1,4774
5326,2016-01-20,03:44:00,448,2,4775
5327,2016-01-20,03:49:00,24,1,4776
5328,2016-01-20,03:55:00,453,2,4777
5329,2016-01-20,04:07:00,95,2,4778
5330,2016-01-20,04:07:00,66,4,4779
5331,2016-01-20,04:09:00,7,2,4780
5332,2016-01-20,04:15:00,416,1,1431
5333,2016-01-20,04:27:00,266,3,4781
5334,2016-01-20,04:28:00,329,3,4782
5335,2016-01-20,04:29:00,368,4,4783
5336,2016-01-20,04:31:00,42,2,4784
5337,2016-01-20,04:35:00,370,4,4785
5338,2016-01-20,04:40:00,143,4,4786
5339,2016-01-20,04:44:00,297,2,4787
5340,2016-01-20,04:48:00,33,1,4788
5341,2016-01-20,04:53:00,253,1,4789
5342,2016-01-20,05:05:00,294,3,4790
5343,2016-01-20,05:09:00,351,3,4791
5344,2016-01-20,05:23:00,410,1,4792
5345,2016-01-20,05:27:00,179,1,4793
5346,2016-01-20,05:29:00,367,1,4794
5347,2016-01-20,05:37:00,285,2,4795
5348,2016-01-20,05:43:00,197,4,4796
5349,2016-01-20,05:56:00,197,3,4797
5350,2016-01-20,05:59:00,412,3,4798
5351,2016-01-20,06:10:00,115,2,4799
5352,2016-01-20,06:18:00,173,1,4800
5353,2016-01-20,06:20:00,49,5,4801
5354,2016-01-20,06:24:00,392,1,4802
5355,2016-01-20,06:38:00,342,2,4803
5356,2016-01-20,06:41:00,57,2,4804
5357,2016-01-20,06:48:00,199,1,4805
5358,2016-01-20,06:58:00,415,4,4806
5359,2016-01-20,06:59:00,2,1,4807
5360,2016-01-20,07:10:00,66,2,4808
5361,2016-01-20,07:22:00,111,1,4809
5362,2016-01-20,07:27:00,229,3,4810
5363,2016-01-20,07:27:00,392,2,4811
5364,2016-01-20,07:32:00,194,1,4812
5365,2016-01-20,07:35:00,315,4,4813
5366,2016-01-20,07:39:00,95,1,4814
5367,2016-01-20,07:41:00,381,1,4815
5368,2016-01-20,07:41:00,159,5,4816
5369,2016-01-20,07:51:00,204,3,2630
5370,2016-01-20,07:52:00,92,1,4817
5371,2016-01-20,07:59:00,38,3,4818
5372,2016-01-20,08:07:00,239,2,4819
5373,2016-01-20,08:11:00,252,2,4820
5374,2016-01-20,08:12:00,137,2,4821
5375,2016-01-20,08:20:00,175,3,4296
5376,2016-01-20,08:22:00,85,2,4822
5377,2016-01-20,08:32:00,342,2,4823
5378,2016-01-20,08:36:00,110,2,4824
5379,2016-01-20,08:37:00,70,1,4825
5380,2016-01-20,08:38:00,375,3,4826
5381,2016-01-20,08:41:00,365,1,4827
5382,2016-01-20,08:43:00,244,1,4828
5383,2016-01-20,09:01:00,61,3,4829
5384,2016-01-20,09:13:00,363,5,4830
5385,2016-01-20,09:23:00,147,1,4831
5386,2016-01-20,09:25:00,9,1,4832
5387,2016-01-20,09:29:00,128,1,4833
5388,2016-01-20,09:33:00,372,2,4834
5389,2016-01-20,09:38:00,99,2,4835
5390,2016-01-20,09:47:00,284,1,4836
5391,2016-01-20,09:50:00,205,3,4837
5392,2016-01-20,09:51:00,425,2,4838
5393,2016-01-20,09:53:00,56,3,4839
5394,2016-01-20,09:53:00,318,1,4840
5395,2016-01-20,09:55:00,247,1,4841
5396,2016-01-20,10:12:00,296,3,4842
5397,2016-01-20,10:19:00,216,5,4843
5398,2016-01-20,10:31:00,98,2,4844
5399,2016-01-20,10:34:00,17,1,1627
5400,2016-01-20,10:34:00,326,1,4845
5401,2016-01-20,10:41:00,287,1,2372
5402,2016-01-20,10:54:00,137,1,4846
5403,2016-01-20,10:55:00,182,4,4847
5404,2016-01-20,10:59:00,414,2,4848
5405,2016-01-20,10:59:00,286,2,4849
5406,2016-01-20,11:00:00,380,3,4850
5407,2016-01-20,11:02:00,105,2,4851
5408,2016-01-20,11:03:00,126,3,4852
5409,2016-01-20,11:20:00,373,1,4853
5410,2016-01-20,11:21:00,360,3,4854
5411,2016-01-20,11:29:00,443,2,3694
5412,2016-01-20,11:31:00,384,2,4855
5413,2016-01-20,11:32:00,411,1,4856
5414,2016-01-20,11:37:00,57,2,4857
5415,2016-01-20,11:48:00,222,2,4858
5416,2016-01-20,11:49:00,411,2,4859
5417,2016-01-20,11:50:00,367,3,4860
5418,2016-01-20,12:01:00,390,2,4861
5419,2016-01-20,12:01:00,213,3,4862
5420,2016-01-20,12:04:00,242,1,4863
5421,2016-01-20,12:06:00,184,3,4864
5422,2016-01-20,12:08:00,84,4,4865
5423,2016-01-20,12:17:00,259,2,4866
5424,2016-01-20,12:18:00,419,2,4867
5425,2016-01-20,12:43:00,88,3,4868
5426,2016-01-20,12:59:00,334,3,4869
5427,2016-01-20,13:00:00,409,3,4870
5428,2016-01-20,13:03:00,426,2,4871
5429,2016-01-20,13:16:00,189,1,4872
5430,2016-01-20,13:19:00,335,1,4873
5431,2016-01-20,13:31:00,223,2,1478
5432,2016-01-20,13:35:00,397,2,4874
5433,2016-01-20,13:37:00,199,2,4875
5434,2016-01-20,13:41:00,137,1,3879
5435,2016-01-20,13:43:00,194,2,4876
5436,2016-01-20,13:46:00,77,3,4877
5437,2016-01-20,13:53:00,208,2,4878
5438,2016-01-20,13:54:00,344,1,4879
5439,2016-01-20,14:06:00,201,3,4880
5440,2016-01-20,14:08:00,124,2,4881
5441,2016-01-20,14:14:00,325,3,4882
5442,2016-01-20,14:15:00,310,2,4883
5443,2016-01-20,14:18:00,154,1,4884
5444,2016-01-20,14:25:00,265,1,2106
5445,2016-01-20,14:28:00,6,1,4885
5446,2016-01-20,14:28:00,343,3,4886
5447,2016-01-20,14:33:00,121,1,4887
5448,2016-01-20,14:36:00,139,1,4888
5449,2016-01-20,14:44:00,135,2,4889
5450,2016-01-20,14:44:00,254,2,4890
5451,2016-01-20,14:44:00,456,2,4891
5452,2016-01-20,15:01:00,133,1,4892
5453,2016-01-20,15:05:00,399,3,4893
5454,2016-01-20,15:19:00,96,2,821
5455,2016-01-20,15:21:00,408,2,4894
5456,2016-01-20,15:28:00,163,1,4895
5457,2016-01-20,15:33:00,81,1,4896
5458,2016-01-20,15:34:00,59,3,1533
5459,2016-01-20,15:37:00,375,2,4897
5460,2016-01-20,15:46:00,20,2,4898
5461,2016-01-20,15:51:00,172,2,4899
5462,2016-01-20,16:10:00,91,1,4900
5463,2016-01-20,16:24:00,249,2,4901
5464,2016-01-20,16:31:00,4,1,4902
5465,2016-01-20,16:34:00,256,1,4903
5466,2016-01-20,16:38:00,383,2,4904
5467,2016-01-20,16:43:00,161,1,4905
5468,2016-01-20,16:47:00,426,2,4906
5469,2016-01-20,16:51:00,252,3,4907
5470,2016-01-20,16:52:00,2,4,4908
5471,2016-01-20,16:53:00,223,5,4909
5472,2016-01-20,16:56:00,247,2,3012
5473,2016-01-20,16:58:00,184,3,4910
5474,2016-01-20,17:04:00,18,2,4911
5475,2016-01-20,17:14:00,243,1,4912
5476,2016-01-20,17:23:00,370,2,4913
5477,2016-01-20,17:31:00,279,2,4914
5478,2016-01-20,17:32:00,308,1,4915
5479,2016-01-20,17:36:00,184,3,4916
5480,2016-01-20,17:40:00,127,3,4917
5481,2016-01-20,17:45:00,131,1,4918
5482,2016-01-20,18:04:00,343,2,4919
5483,2016-01-20,18:06:00,162,3,1211
5484,2016-01-20,18:13:00,307,1,4418
5485,2016-01-20,18:15:00,46,1,4920
5486,2016-01-20,18:24:00,3,2,4921
5487,2016-01-20,18:25:00,167,2,4922
5488,2016-01-20,18:28:00,389,1,4923
5489,2016-01-20,18:32:00,412,2,4924
5490,2016-01-20,18:41:00,61,2,3724
5491,2016-01-20,18:44:00,363,1,1418
5492,2016-01-20,18:52:00,362,1,4925
5493,2016-01-20,18:55:00,413,2,4926
5494,2016-01-20,19:08:00,299,1,4927
5495,2016-01-20,19:09:00,380,2,4928
5496,2016-01-20,19:12:00,374,1,4929
5497,2016-01-20,19:25:00,215,1,1312
5498,2016-01-20,19:28:00,289,2,4930
5499,2016-01-20,19:39:00,111,1,2927
5500,2016-01-20,19:44:00,259,3,4931
5501,2016-01-20,19:44:00,38,1,4932
5502,2016-01-20,19:45:00,16,2,4911
5503,2016-01-20,19:50:00,333,1,4933
5504,2016-01-20,19:51:00,144,2,4934
5505,2016-01-20,20:04:00,273,2,4935
5506,2016-01-20,20:16:00,92,1,4936
5507,2016-01-20,20:38:00,21,2,4937
5508,2016-01-20,20:38:00,123,2,4938
5509,2016-01-20,20:39:00,52,1,4939
5510,2016-01-20,20:45:00,444,2,4940
5511,2016-01-20,20:53:00,218,3,4941
5512,2016-01-20,20:56:00,222,1,4942
5513,2016-01-20,20:57:00,19,1,4943
5514,2016-01-20,21:11:00,22,1,4944
5515,2016-01-20,21:14:00,394,1,4945
5516,2016-01-20,21:21:00,255,5,4946
5517,2016-01-20,21:28:00,6,1,4947
5518,2016-01-20,21:30:00,23,2,2062
5519,2016-01-20,21:36:00,294,2,4948
5520,2016-01-20,21:44:00,110,4,1808
5521,2016-01-20,21:46:00,301,2,4949
5522,2016-01-20,21:59:00,422,4,2650
5523,2016-01-20,21:59:00,452,3,4950
5524,2016-01-20,22:02:00,407,2,4951
5525,2016-01-20,22:02:00,83,4,4952
5526,2016-01-20,22:07:00,56,1,4953
5527,2016-01-20,22:21:00,241,3,4954
5528,2016-01-20,22:22:00,17,2,4955
5529,2016-01-20,22:28:00,234,1,4956
5530,2016-01-20,22:34:00,230,2,4957
5531,2016-01-20,22:41:00,310,1,4958
5532,2016-01-20,22:42:00,29,3,4959
5533,2016-01-20,23:12:00,10,4,4960
5534,2016-01-20,23:18:00,208,2,4961
5535,2016-01-20,23:23:00,274,4,4962
5536,2016-01-20,23:26:00,80,3,4963
5537,2016-01-20,23:36:00,92,2,4964
5538,2016-01-20,23:36:00,448,5,4965
5539,2016-01-20,23:46:00,417,1,631
5540,2016-01-20,23:59:00,203,2,4966
5541,2016-01-20,23:59:00,194,3,4967
5542,2016-01-21,00:01:00,288,3,2394
5543,2016-01-21,00:06:00,186,2,4968
5544,2016-01-21,00:09:00,302,1,4969
5545,2016-01-21,00:16:00,199,2,4970
5546,2016-01-21,00:17:00,277,3,4971
5547,2016-01-21,00:55:00,274,2,4972
5548,2016-01-21,00:57:00,313,1,4520
5549,2016-01-21,01:10:00,142,1,4973
5550,2016-01-21,01:18:00,22,1,4974
5551,2016-01-21,01:22:00,76,3,4975
5552,2016-01-21,01:31:00,266,1,4976
5553,2016-01-21,01:37:00,187,1,4977
5554,2016-01-21,01:38:00,389,2,4978
5555,2016-01-21,01:49:00,322,4,4789
5556,2016-01-21,01:49:00,190,2,4979
5557,2016-01-21,02:00:00,384,2,4980
5558,2016-01-21,02:07:00,303,2,4981
5559,2016-01-21,02:21:00,147,3,4982
5560,2016-01-21,02:25:00,273,1,4983
5561,2016-01-21,02:34:00,159,1,4984
5562,2016-01-21,02:35:00,14,1,2956
5563,2016-01-21,02:37:00,439,1,4985
5564,2016-01-21,02:38:00,67,3,4986
5565,2016-01-21,02:49:00,227,3,4987
5566,2016-01-21,03:22:00,173,2,4988
5567,2016-01-21,03:28:00,5,2,4989
5568,2016-01-21,03:33:00,43,1,4990
5569,2016-01-21,03:37:00,458,2,4991
5570,2016-01-21,03:44:00,224,1,4992
5571,2016-01-21,03:48:00,349,3,4993
5572,2016-01-21,03:55:00,220,6,4994
5573,2016-01-21,03:59:00,343,4,4995
5574,2016-01-21,03:59:00,421,2,4996
5575,2016-01-21,04:02:00,109,4,4997
5576,2016-01-21,04:10:00,57,1,4998
5577,2016-01-21,04:18:00,455,3,4999
5578,2016-01-21,04:18:00,436,3,5000
5579,2016-01-21,04:19:00,86,3,5001
5580,2016-01-21,04:23:00,381,2,5002
5581,2016-01-21,04:25:00,376,2,5003
5582,2016-01-21,04:26:00,432,1,5004
5583,2016-01-21,04:29:00,342,4,5005
5584,2016-01-21,04:46:00,428,1,5006
5585,2016-01-21,04:54:00,118,1,5007
5586,2016-01-21,05:04:00,400,4,5008
5587,2016-01-21,05:11:00,30,1,962
5588,2016-01-21,05:16:00,198,1,5009
5589,2016-01-21,05:21:00,318,1,5010
5590,2016-01-21,05:28:00,382,4,5011
5591,2016-01-21,05:31:00,96,2,5012
5592,2016-01-21,05:33:00,431,1,5013
5593,2016-01-21,05:33:00,191,1,5014
5594,2016-01-21,05:45:00,319,2,5015
5595,2016-01-21,05:45:00,100,5,5016
5596,2016-01-21,05:46:00,238,4,5017
5597,2016-01-21,05:54:00,305,1,5018
5598,2016-01-21,05:58:00,237,2,5019
5599,2016-01-21,05:58:00,150,2,5020
5600,2016-01-21,05:59:00,236,3,5021
5601,2016-01-21,05:59:00,193,2,5022
5602,2016-01-21,06:07:00,295,1,5023
5603,2016-01-21,06:14:00,390,2,5024
5604,2016-01-21,06:18:00,41,1,5025
5605,2016-01-21,06:28:00,156,2,5026
5606,2016-01-21,06:31:00,61,3,5027
5607,2016-01-21,06:36:00,120,1,5028
5608,2016-01-21,06:41:00,64,6,5029
5609,2016-01-21,06:45:00,291,1,5030
5610,2016-01-21,06:52:00,172,3,5031
5611,2016-01-21,06:55:00,203,2,5032
5612,2016-01-21,07:03:00,442,2,5033
5613,2016-01-21,07:03:00,19,2,5034
5614,2016-01-21,07:04:00,262,4,1761
5615,2016-01-21,07:05:00,155,2,5035
5616,2016-01-21,07:09:00,165,3,5036
5617,2016-01-21,07:21:00,175,3,4894
5618,2016-01-21,07:22:00,203,3,5037
5619,2016-01-21,07:23:00,75,1,5038
5620,2016-01-21,07:25:00,418,1,386
5621,2016-01-21,07:35:00,62,3,5039
5622,2016-01-21,07:38:00,41,2,5040
5623,2016-01-21,07:39:00,203,2,5041
5624,2016-01-21,07:50:00,406,2,5042
5625,2016-01-21,07:52:00,312,2,5043
5626,2016-01-21,07:55:00,34,1,5044
5627,2016-01-21,07:56:00,374,1,5045
5628,2016-01-21,08:07:00,303,2,4159
5629,2016-01-21,08:21:00,4,3,5046
5630,2016-01-21,08:30:00,303,4,5047
5631,2016-01-21,08:31:00,116,2,5048
5632,2016-01-21,08:32:00,186,3,5049
5633,2016-01-21,08:34:00,119,3,5050
5634,2016-01-21,08:34:00,140,4,102
5635,2016-01-21,08:39:00,418,3,5051
5636,2016-01-21,08:40:00,36,2,5052
5637,2016-01-21,08:50:00,264,1,5053
5638,2016-01-21,08:59:00,108,2,5054
5639,2016-01-21,09:06:00,443,1,5055
5640,2016-01-21,09:12:00,209,3,5056
5641,2016-01-21,09:12:00,303,1,5057
5642,2016-01-21,09:14:00,274,4,5058
5643,2016-01-21,09:21:00,443,1,5059
5644,2016-01-21,09:23:00,382,1,5060
5645,2016-01-21,09:30:00,304,1,5061
5646,2016-01-21,09:33:00,413,2,5062
5647,2016-01-21,09:34:00,248,1,3100
5648,2016-01-21,09:43:00,383,2,2326
5649,2016-01-21,09:57:00,13,2,5063
5650,2016-01-21,10:05:00,296,3,1312
5651,2016-01-21,10:17:00,432,2,5064
5652,2016-01-21,10:18:00,325,3,5065
5653,2016-01-21,10:24:00,267,2,5066
5654,2016-01-21,10:27:00,111,2,5067
5655,2016-01-21,10:28:00,402,1,5068
5656,2016-01-21,10:30:00,263,3,5069
5657,2016-01-21,10:30:00,438,2,5070
5658,2016-01-21,10:31:00,148,4,5071
5659,2016-01-21,10:36:00,300,1,5072
5660,2016-01-21,10:36:00,345,3,5073
5661,2016-01-21,10:40:00,353,3,5074
5662,2016-01-21,10:45:00,192,1,5075
5663,2016-01-21,10:48:00,203,1,5076
5664,2016-01-21,11:12:00,200,2,5077
5665,2016-01-21,11:16:00,172,2,5078
5666,2016-01-21,11:26:00,152,3,5079
5667,2016-01-21,11:34:00,74,2,5080
5668,2016-01-21,11:35:00,200,2,5081
5669,2016-01-21,11:35:00,297,3,5082
5670,2016-01-21,11:47:00,272,1,5083
5671,2016-01-21,11:50:00,36,1,5084
5672,2016-01-21,11:51:00,163,2,5085
5673,2016-01-21,11:58:00,199,1,5086
5674,2016-01-21,11:58:00,206,1,5087
5675,2016-01-21,11:59:00,381,2,5088
5676,2016-01-21,12:01:00,264,2,5089
5677,2016-01-21,12:05:00,415,2,5090
5678,2016-01-21,12:07:00,139,3,5091
5679,2016-01-21,12:11:00,101,2,5092
5680,2016-01-21,12:12:00,133,3,5093
5681,2016-01-21,12:30:00,69,1,5094
5682,2016-01-21,12:31:00,403,4,5095
5683,2016-01-21,12:34:00,11,2,5096
5684,2016-01-21,12:44:00,413,1,5097
5685,2016-01-21,12:46:00,89,2,1952
5686,2016-01-21,12:49:00,339,2,5098
5687,2016-01-21,12:50:00,179,1,5099
5688,2016-01-21,12:51:00,127,2,5100
5689,2016-01-21,12:52:00,327,3,5101
5690,2016-01-21,12:57:00,427,1,5102
5691,2016-01-21,12:57:00,73,2,5103
5692,2016-01-21,12:59:00,109,2,5104
5693,2016-01-21,13:01:00,190,2,5105
5694,2016-01-21,13:02:00,148,1,5106
5695,2016-01-21,13:03:00,340,4,5107
5696,2016-01-21,13:11:00,46,1,5108
5697,2016-01-21,13:12:00,238,3,5109
5698,2016-01-21,13:14:00,360,1,631
5699,2016-01-21,13:18:00,337,2,5110
5700,2016-01-21,13:35:00,229,1,5111
5701,2016-01-21,13:49:00,310,2,5112
5702,2016-01-21,13:54:00,83,3,5113
5703,2016-01-21,14:13:00,181,3,5114
5704,2016-01-21,14:15:00,410,2,5115
5705,2016-01-21,14:21:00,312,1,2927
5706,2016-01-21,14:48:00,48,2,5116
5707,2016-01-21,14:51:00,24,1,5117
5708,2016-01-21,14:52:00,262,1,5118
5709,2016-01-21,15:24:00,61,2,5119
5710,2016-01-21,15:29:00,320,2,5120
5711,2016-01-21,15:29:00,406,1,5121
5712,2016-01-21,15:32:00,186,2,5122
5713,2016-01-21,15:35:00,231,3,5123
5714,2016-01-21,15:42:00,386,1,5124
5715,2016-01-21,15:44:00,237,1,232
5716,2016-01-21,15:50:00,78,2,2489
5717,2016-01-21,15:56:00,117,1,243
5718,2016-01-21,15:59:00,361,2,5125
5719,2016-01-21,16:03:00,455,2,5126
5720,2016-01-21,16:13:00,423,2,5127
5721,2016-01-21,16:29:00,144,1,5128
5722,2016-01-21,16:29:00,231,2,5129
5723,2016-01-21,16:31:00,406,3,5130
5724,2016-01-21,16:32:00,307,1,5131
5725,2016-01-21,16:43:00,362,1,5132
5726,2016-01-21,16:46:00,9,1,5133
5727,2016-01-21,16:54:00,274,3,5134
5728,2016-01-21,17:04:00,418,1,5135
5729,2016-01-21,17:10:00,63,2,5136
5730,2016-01-21,17:12:00,297,1,5137
5731,2016-01-21,17:25:00,337,2,5138
5732,2016-01-21,17:25:00,331,3,5139
5733,2016-01-21,17:28:00,328,2,5140
5734,2016-01-21,17:32:00,165,3,5141
5735,2016-01-21,17:37:00,120,4,5142
5736,2016-01-21,18:06:00,100,1,5143
5737,2016-01-21,18:16:00,214,5,3882
5738,2016-01-21,18:20:00,176,3,5144
5739,2016-01-21,18:35:00,161,1,5145
5740,2016-01-21,18:52:00,115,2,5146
5741,2016-01-21,18:52:00,23,1,5147
5742,2016-01-21,18:56:00,229,2,5148
5743,2016-01-21,19:03:00,17,3,5149
5744,2016-01-21,19:04:00,70,2,5150
5745,2016-01-21,19:17:00,347,2,5151
5746,2016-01-21,19:31:00,425,3,5152
5747,2016-01-21,19:35:00,216,4,5153
5748,2016-01-21,19:45:00,98,2,5154
5749,2016-01-21,19:47:00,387,1,5155
5750,2016-01-21,19:48:00,301,2,5156
5751,2016-01-21,19:54:00,78,2,5157
5752,2016-01-21,19:55:00,159,2,5158
5753,2016-01-21,19:56:00,377,3,5159
5754,2016-01-21,19:58:00,176,2,5160
5755,2016-01-21,20:05:00,282,3,5161
5756,2016-01-21,20:12:00,294,1,4087
5757,2016-01-21,20:18:00,199,3,5162
5758,2016-01-21,20:27:00,95,6,5163
5759,2016-01-21,20:39:00,412,4,5164
5760,2016-01-21,20:39:00,317,3,5165
5761,2016-01-21,20:45:00,157,1,5166
5762,2016-01-21,20:50:00,82,2,5167
5763,2016-01-21,20:53:00,286,1,4755
5764,2016-01-21,20:55:00,376,5,5168
5765,2016-01-21,20:55:00,278,1,5169
5766,2016-01-21,21:01:00,8,2,3942
5767,2016-01-21,21:29:00,31,3,5170
5768,2016-01-21,21:31:00,109,3,5171
5769,2016-01-21,21:33:00,36,1,4667
5770,2016-01-21,21:37:00,436,2,5172
5771,2016-01-21,21:44:00,50,1,5173
5772,2016-01-21,21:49:00,444,4,5174
5773,2016-01-21,21:55:00,450,3,5175
5774,2016-01-21,21:58:00,176,2,5176
5775,2016-01-21,22:02:00,316,1,5177
5776,2016-01-21,22:02:00,14,3,5178
5777,2016-01-21,22:03:00,352,2,5179
5778,2016-01-21,22:10:00,95,1,5180
5779,2016-01-21,22:14:00,92,4,1432
5780,2016-01-21,22:16:00,199,2,5181
5781,2016-01-21,22:17:00,95,1,5182
5782,2016-01-21,22:22:00,22,2,2483
5783,2016-01-21,22:27:00,35,1,5183
5784,2016-01-21,22:33:00,54,2,5184
5785,2016-01-21,22:35:00,271,2,5185
5786,2016-01-21,22:37:00,190,5,1985
5787,2016-01-21,22:40:00,119,3,5186
5788,2016-01-21,22:52:00,449,3,5187
5789,2016-01-21,22:58:00,138,1,5188
5790,2016-01-21,23:00:00,390,5,5189
5791,2016-01-21,23:10:00,133,1,5190
5792,2016-01-21,23:16:00,299,2,5191
5793,2016-01-21,23:19:00,318,1,1405
5794,2016-01-21,23:19:00,84,2,5192
5795,2016-01-21,23:43:00,227,1,5193
5796,2016-01-21,23:45:00,98,2,5194
5797,2016-01-21,23:45:00,280,3,5195
5798,2016-01-21,23:48:00,307,3,5196
5799,2016-01-21,23:49:00,216,1,3360
5800,2016-01-21,23:58:00,214,2,5197
5801,2016-01-22,00:03:00,409,3,5198
5802,2016-01-22,00:09:00,84,3,5199
5803,2016-01-22,00:11:00,180,1,5200
5804,2016-01-22,00:11:00,208,1,5201
5805,2016-01-22,00:15:00,48,1,5202
5806,2016-01-22,00:18:00,433,2,5203
5807,2016-01-22,00:19:00,38,1,5204
5808,2016-01-22,00:24:00,182,2,5205
5809,2016-01-22,00:36:00,346,2,5206
5810,2016-01-22,00:38:00,243,1,2523
5811,2016-01-22,00:46:00,214,4,1242
5812,2016-01-22,01:05:00,122,3,4616
5813,2016-01-22,01:06:00,203,2,5207
5814,2016-01-22,01:06:00,287,3,5208
5815,2016-01-22,01:16:00,226,4,5209
5816,2016-01-22,01:26:00,263,2,5210
5817,2016-01-22,01:41:00,359,1,5211
5818,2016-01-22,01:43:00,107,2,5212
5819,2016-01-22,01:44:00,249,1,5213
5820,2016-01-22,01:45:00,168,2,5214
5821,2016-01-22,02:12:00,224,4,5215
5822,2016-01-22,02:22:00,377,2,5216
5823,2016-01-22,02:27:00,45,2,5217
5824,2016-01-22,02:36:00,367,2,5218
5825,2016-01-22,02:41:00,188,1,5219
5826,2016-01-22,02:49:00,207,5,5220
5827,2016-01-22,02:53:00,279,3,5221
5828,2016-01-22,02:55:00,144,3,5222
5829,2016-01-22,02:56:00,341,1,5223
5830,2016-01-22,03:08:00,431,3,5224
5831,2016-01-22,03:24:00,92,2,5225
5832,2016-01-22,03:25:00,196,1,5226
5833,2016-01-22,03:27:00,29,3,5227
5834,2016-01-22,03:27:00,444,3,5228
5835,2016-01-22,03:34:00,401,1,5229
5836,2016-01-22,03:36:00,14,2,5230
5837,2016-01-22,03:39:00,43,1,5231
5838,2016-01-22,03:42:00,122,3,3126
5839,2016-01-22,03:48:00,436,3,5232
5840,2016-01-22,03:50:00,108,2,5233
5841,2016-01-22,03:56:00,62,1,5234
5842,2016-01-22,03:56:00,425,3,5235
5843,2016-01-22,04:01:00,453,1,5236
5844,2016-01-22,04:02:00,273,3,5237
5845,2016-01-22,04:04:00,108,2,4933
5846,2016-01-22,04:14:00,413,1,5238
5847,2016-01-22,04:24:00,285,3,5239
5848,2016-01-22,04:31:00,126,4,5240
5849,2016-01-22,04:33:00,68,3,5241
5850,2016-01-22,04:45:00,353,2,5242
5851,2016-01-22,04:52:00,49,2,5243
5852,2016-01-22,04:54:00,381,1,5244
5853,2016-01-22,04:58:00,336,1,2085
5854,2016-01-22,05:00:00,79,2,1661
5855,2016-01-22,05:00:00,45,1,5245
5856,2016-01-22,05:05:00,456,2,5246
5857,2016-01-22,05:05:00,229,1,1726
5858,2016-01-22,05:09:00,28,4,5247
5859,2016-01-22,05:09:00,188,2,5248
5860,2016-01-22,05:10:00,293,2,5249
5861,2016-01-22,05:12:00,121,1,5250
5862,2016-01-22,05:31:00,70,1,383
5863,2016-01-22,05:33:00,212,1,5251
5864,2016-01-22,05:36:00,254,1,5252
5865,2016-01-22,05:36:00,226,3,5253
5866,2016-01-22,05:40:00,155,1,5254
5867,2016-01-22,05:52:00,281,1,5255
5868,2016-01-22,05:59:00,358,2,1788
5869,2016-01-22,06:00:00,346,2,5256
5870,2016-01-22,06:08:00,412,2,5257
5871,2016-01-22,06:08:00,199,2,5258
5872,2016-01-22,06:09:00,302,2,5259
5873,2016-01-22,06:09:00,334,2,5260
5874,2016-01-22,06:16:00,436,3,5261
5875,2016-01-22,06:24:00,97,4,5262
5876,2016-01-22,06:26:00,53,1,5263
5877,2016-01-22,06:51:00,221,1,5264
5878,2016-01-22,06:52:00,387,3,5265
5879,2016-01-22,06:53:00,241,3,5266
5880,2016-01-22,06:55:00,287,1,934
5881,2016-01-22,06:57:00,6,2,5267
5882,2016-01-22,07:05:00,270,1,5268
5883,2016-01-22,07:24:00,286,2,5269
5884,2016-01-22,07:24:00,286,1,5270
5885,2016-01-22,07:38:00,6,1,5271
5886,2016-01-22,07:43:00,43,2,5272
5887,2016-01-22,07:45:00,79,3,5273
5888,2016-01-22,07:45:00,413,1,5274
5889,2016-01-22,07:47:00,417,2,5275
5890,2016-01-22,07:50:00,82,3,5276
5891,2016-01-22,07:52:00,187,1,5277
5892,2016-01-22,07:54:00,217,2,5278
5893,2016-01-22,07:56:00,71,2,5279
5894,2016-01-22,08:06:00,129,1,5280
5895,2016-01-22,08:07:00,44,1,5281
5896,2016-01-22,08:17:00,85,2,5282
5897,2016-01-22,08:29:00,433,2,5283
5898,2016-01-22,08:31:00,285,2,5284
5899,2016-01-22,08:35:00,228,4,5285
5900,2016-01-22,08:40:00,357,2,5286
5901,2016-01-22,08:41:00,162,4,5287
5902,2016-01-22,08:44:00,146,3,5288
5903,2016-01-22,08:50:00,110,3,5289
5904,2016-01-22,09:06:00,389,2,5290
5905,2016-01-22,09:11:00,62,2,3241
5906,2016-01-22,09:14:00,257,2,5291
5907,2016-01-22,09:26:00,290,1,5292
5908,2016-01-22,09:33:00,340,2,5293
5909,2016-01-22,09:35:00,191,1,5294
5910,2016-01-22,09:40:00,261,4,5295
5911,2016-01-22,09:41:00,254,2,5296
5912,2016-01-22,09:41:00,352,4,5297
5913,2016-01-22,09:44:00,38,2,5298
5914,2016-01-22,09:53:00,212,1,5299
5915,2016-01-22,09:53:00,297,1,5300
5916,2016-01-22,10:03:00,448,1,5301
5917,2016-01-22,10:08:00,127,2,5302
5918,2016-01-22,10:08:00,257,2,5303
5919,2016-01-22,10:10:00,303,1,5304
5920,2016-01-22,10:16:00,216,1,5305
5921,2016-01-22,10:16:00,292,1,5306
5922,2016-01-22,10:21:00,87,2,5307
5923,2016-01-22,10:31:00,389,1,5308
5924,2016-01-22,10:42:00,161,1,2278
5925,2016-01-22,10:43:00,439,2,5309
5926,2016-01-22,10:44:00,27,2,5310
5927,2016-01-22,10:45:00,402,4,5311
5928,2016-01-22,10:50:00,123,2,5312
5929,2016-01-22,10:56:00,80,4,5313
5930,2016-01-22,11:09:00,37,2,5314
5931,2016-01-22,11:15:00,243,1,5315
5932,2016-01-22,11:22:00,313,3,1463
5933,2016-01-22,11:25:00,293,3,5316
5934,2016-01-22,11:27:00,375,1,5317
5935,2016-01-22,11:29:00,286,3,5318
5936,2016-01-22,11:34:00,291,3,5319
5937,2016-01-22,11:35:00,29,2,1313
5938,2016-01-22,11:40:00,203,3,5320
5939,2016-01-22,11:47:00,324,2,5321
5940,2016-01-22,11:51:00,241,1,5322
5941,2016-01-22,11:52:00,83,2,5323
5942,2016-01-22,12:06:00,203,1,5324
5943,2016-01-22,12:13:00,170,2,5325
5944,2016-01-22,12:16:00,103,1,5326
5945,2016-01-22,12:19:00,403,2,5327
5946,2016-01-22,12:19:00,134,3,5328
5947,2016-01-22,12:21:00,13,3,5329
5948,2016-01-22,12:23:00,344,2,5330
5949,2016-01-22,12:37:00,122,2,5331
5950,2016-01-22,12:55:00,406,3,5332
5951,2016-01-22,12:57:00,406,3,5333
5952,2016-01-22,13:04:00,324,3,5334
5953,2016-01-22,13:11:00,72,2,5335
5954,2016-01-22,13:11:00,62,3,5336
5955,2016-01-22,13:15:00,86,1,5337
5956,2016-01-22,13:20:00,134,1,5338
5957,2016-01-22,13:27:00,209,1,5339
5958,2016-01-22,13:36:00,53,1,5340
5959,2016-01-22,13:41:00,402,5,5341
5960,2016-01-22,13:46:00,50,2,5342
5961,2016-01-22,13:48:00,450,2,5343
5962,2016-01-22,13:50:00,350,3,5344
5963,2016-01-22,13:51:00,167,1,5345
5964,2016-01-22,14:05:00,228,4,5346
5965,2016-01-22,14:07:00,203,2,1409
5966,2016-01-22,14:12:00,140,3,5347
5967,2016-01-22,14:15:00,371,2,5348
5968,2016-01-22,14:22:00,200,2,5349
5969,2016-01-22,14:24:00,44,1,5350
5970,2016-01-22,14:25:00,78,2,5351
5971,2016-01-22,14:26:00,45,2,5352
5972,2016-01-22,14:29:00,59,1,5353
5973,2016-01-22,14:37:00,143,1,512
5974,2016-01-22,14:40:00,216,2,5354
5975,2016-01-22,14:41:00,94,2,5355
5976,2016-01-22,14:47:00,435,1,5356
5977,2016-01-22,14:51:00,48,2,5357
5978,2016-01-22,14:54:00,235,1,5358
5979,2016-01-22,14:58:00,324,2,5359
5980,2016-01-22,14:58:00,16,3,5360
5981,2016-01-22,15:04:00,435,3,5361
5982,2016-01-22,15:14:00,436,2,538
5983,2016-01-22,15:20:00,215,2,5362
5984,2016-01-22,15:21:00,316,2,5363
5985,2016-01-22,15:27:00,253,2,5364
5986,2016-01-22,15:37:00,149,3,5365
5987,2016-01-22,15:42:00,268,1,5366
5988,2016-01-22,15:48:00,83,4,5367
5989,2016-01-22,15:51:00,239,1,5368
5990,2016-01-22,15:53:00,59,3,5369
5991,2016-01-22,16:00:00,143,3,5370
5992,2016-01-22,16:03:00,397,3,5371
5993,2016-01-22,16:10:00,405,1,5372
5994,2016-01-22,16:11:00,72,2,5373
5995,2016-01-22,16:14:00,288,1,5374
5996,2016-01-22,16:17:00,103,1,5375
5997,2016-01-22,16:17:00,115,4,5376
5998,2016-01-22,16:21:00,190,2,5377
5999,2016-01-22,16:31:00,258,1,5378
6000,2016-01-22,16:31:00,378,1,2735
6001,2016-01-22,16:38:00,243,4,5379
6002,2016-01-22,16:44:00,129,2,5380
6003,2016-01-22,17:11:00,416,1,5381
6004,2016-01-22,17:18:00,367,1,5382
6005,2016-01-22,17:21:00,401,1,5383
6006,2016-01-22,17:25:00,309,4,5384
6007,2016-01-22,17:38:00,206,1,5385
6008,2016-01-22,17:42:00,193,1,5386
6009,2016-01-22,17:44:00,199,1,5387
6010,2016-01-22,17:45:00,98,2,5388
6011,2016-01-22,17:50:00,284,1,5389
6012,2016-01-22,17:52:00,73,3,5390
6013,2016-01-22,17:59:00,439,3,5391
6014,2016-01-22,18:06:00,365,2,5392
6015,2016-01-22,18:06:00,275,1,3377
6016,2016-01-22,18:09:00,412,2,3769
6017,2016-01-22,18:16:00,224,5,5393
6018,2016-01-22,18:17:00,57,2,5394
6019,2016-01-22,18:18:00,326,1,5395
6020,2016-01-22,18:24:00,110,2,5396
6021,2016-01-22,18:27:00,258,3,5397
6022,2016-01-22,18:32:00,447,1,5398
6023,2016-01-22,18:36:00,280,1,5399
6024,2016-01-22,18:37:00,438,2,3063
6025,2016-01-22,18:41:00,445,2,5400
6026,2016-01-22,18:42:00,411,5,5401
6027,2016-01-22,18:48:00,292,3,5402
6028,2016-01-22,18:52:00,383,1,5403
6029,2016-01-22,19:10:00,280,2,5404
6030,2016-01-22,19:12:00,217,4,5405
6031,2016-01-22,19:14:00,287,5,5406
6032,2016-01-22,19:17:00,22,3,5407
6033,2016-01-22,19:22:00,174,1,5408
6034,2016-01-22,19:25:00,159,3,5409
6035,2016-01-22,19:30:00,324,1,5410
6036,2016-01-22,19:32:00,429,1,5411
6037,2016-01-22,19:34:00,283,2,5412
6038,2016-01-22,19:35:00,73,3,5413
6039,2016-01-22,19:35:00,380,1,5414
6040,2016-01-22,19:39:00,453,2,5415
6041,2016-01-22,19:39:00,171,2,5416
6042,2016-01-22,19:40:00,42,1,1064
6043,2016-01-22,19:44:00,373,4,5417
6044,2016-01-22,19:56:00,264,3,5418
6045,2016-01-22,19:56:00,259,2,5419
6046,2016-01-22,20:03:00,302,1,5420
6047,2016-01-22,20:26:00,343,4,5082
6048,2016-01-22,20:27:00,134,1,5421
6049,2016-01-22,20:28:00,328,2,5422
6050,2016-01-22,20:30:00,437,1,3027
6051,2016-01-22,20:37:00,435,1,5423
6052,2016-01-22,20:51:00,312,1,5424
6053,2016-01-22,20:58:00,421,2,5425
6054,2016-01-22,20:59:00,445,2,5426
6055,2016-01-22,21:04:00,291,2,5427
6056,2016-01-22,21:08:00,262,1,5428
6057,2016-01-22,21:09:00,422,1,5429
6058,2016-01-22,21:13:00,306,2,5430
6059,2016-01-22,21:14:00,214,1,5431
6060,2016-01-22,21:15:00,402,2,5432
6061,2016-01-22,21:17:00,327,2,4293
6062,2016-01-22,21:28:00,5,1,5433
6063,2016-01-22,21:42:00,316,3,5434
6064,2016-01-22,21:44:00,264,1,5435
6065,2016-01-22,21:53:00,84,4,5436
6066,2016-01-22,21:59:00,339,1,5437
6067,2016-01-22,22:04:00,22,1,5438
6068,2016-01-22,22:10:00,113,2,5439
6069,2016-01-22,22:17:00,39,2,5440
6070,2016-01-22,22:26:00,18,2,5441
6071,2016-01-22,22:31:00,187,2,5442
6072,2016-01-22,22:31:00,451,1,5443
6073,2016-01-22,22:42:00,222,2,5444
6074,2016-01-22,22:46:00,319,1,5445
6075,2016-01-22,22:46:00,288,3,5446
6076,2016-01-22,22:46:00,447,2,5447
6077,2016-01-22,22:50:00,236,3,2183
6078,2016-01-22,22:55:00,302,1,5448
6079,2016-01-22,23:02:00,257,2,5449
6080,2016-01-22,23:06:00,400,1,5450
6081,2016-01-22,23:10:00,231,1,5451
6082,2016-01-22,23:26:00,362,1,5452
6083,2016-01-22,23:29:00,66,2,5453
6084,2016-01-22,23:31:00,363,3,5454
6085,2016-01-22,23:32:00,229,3,5455
6086,2016-01-22,23:43:00,307,1,2186
6087,2016-01-23,00:02:00,452,3,5456
6088,2016-01-23,00:05:00,5,2,5457
6089,2016-01-23,00:10:00,45,3,5458
6090,2016-01-23,00:17:00,315,2,5459
6091,2016-01-23,00:22:00,253,6,5460
6092,2016-01-23,00:22:00,199,2,5461
6093,2016-01-23,00:29:00,25,4,5462
6094,2016-01-23,00:38:00,127,3,5463
6095,2016-01-23,00:39:00,166,2,5464
6096,2016-01-23,00:44:00,12,2,5358
6097,2016-01-23,00:45:00,207,1,5465
6098,2016-01-23,00:48:00,360,1,5466
6099,2016-01-23,01:19:00,278,2,5467
6100,2016-01-23,01:19:00,70,2,5468
6101,2016-01-23,01:22:00,425,4,5469
6102,2016-01-23,01:28:00,375,2,5470
6103,2016-01-23,01:40:00,370,3,5471
6104,2016-01-23,01:41:00,226,1,5472
6105,2016-01-23,01:46:00,162,1,5473
6106,2016-01-23,01:55:00,351,2,5474
6107,2016-01-23,01:58:00,210,1,5475
6108,2016-01-23,02:00:00,161,3,5476
6109,2016-01-23,02:06:00,81,2,5477
6110,2016-01-23,02:14:00,232,1,5478
6111,2016-01-23,02:18:00,260,1,5479
6112,2016-01-23,02:21:00,89,4,5480
6113,2016-01-23,02:30:00,234,2,5481
6114,2016-01-23,02:38:00,144,1,5482
6115,2016-01-23,02:45:00,83,1,5483
6116,2016-01-23,02:49:00,24,3,5484
6117,2016-01-23,02:50:00,281,1,5485
6118,2016-01-23,02:54:00,357,2,5486
6119,2016-01-23,02:57:00,424,2,5487
6120,2016-01-23,03:05:00,286,1,5488
6121,2016-01-23,03:19:00,237,3,5489
6122,2016-01-23,03:23:00,439,3,5490
6123,2016-01-23,03:28:00,257,3,5491
6124,2016-01-23,03:28:00,36,6,5492
6125,2016-01-23,03:28:00,36,2,5493
6126,2016-01-23,03:34:00,119,1,5494
6127,2016-01-23,03:47:00,321,2,4399
6128,2016-01-23,03:51:00,198,3,5495
6129,2016-01-23,03:52:00,21,1,5496
6130,2016-01-23,03:54:00,336,1,5497
6131,2016-01-23,04:07:00,203,4,5498
6132,2016-01-23,04:11:00,150,4,5499
6133,2016-01-23,04:14:00,62,3,5500
6134,2016-01-23,04:23:00,97,2,5501
6135,2016-01-23,04:33:00,111,4,5502
6136,2016-01-23,04:33:00,4,1,5503
6137,2016-01-23,04:41:00,76,2,5504
6138,2016-01-23,04:49:00,277,1,5505
6139,2016-01-23,04:58:00,400,1,5506
6140,2016-01-23,05:19:00,279,1,5507
6141,2016-01-23,05:32:00,183,2,5508
6142,2016-01-23,05:42:00,108,1,5509
6143,2016-01-23,05:43:00,374,4,5510
6144,2016-01-23,05:56:00,230,2,5511
6145,2016-01-23,05:58:00,172,1,5512
6146,2016-01-23,06:00:00,178,3,5513
6147,2016-01-23,06:05:00,130,2,5514
6148,2016-01-23,06:06:00,208,3,5515
6149,2016-01-23,06:07:00,363,2,374
6150,2016-01-23,06:17:00,356,3,5516
6151,2016-01-23,06:19:00,61,1,5517
6152,2016-01-23,06:25:00,294,2,5518
6153,2016-01-23,06:29:00,113,2,5519
6154,2016-01-23,06:30:00,302,3,5520
6155,2016-01-23,06:41:00,194,2,5521
6156,2016-01-23,06:42:00,382,1,5522
6157,2016-01-23,06:52:00,312,1,5523
6158,2016-01-23,06:57:00,68,1,5524
6159,2016-01-23,07:03:00,440,1,5525
6160,2016-01-23,07:09:00,12,2,5526
6161,2016-01-23,07:15:00,339,2,5527
6162,2016-01-23,07:17:00,184,1,5528
6163,2016-01-23,07:26:00,319,1,5529
6164,2016-01-23,07:27:00,321,5,5530
6165,2016-01-23,07:40:00,281,2,5531
6166,2016-01-23,07:43:00,421,1,5532
6167,2016-01-23,07:43:00,362,3,5533
6168,2016-01-23,07:51:00,365,4,5534
6169,2016-01-23,07:52:00,314,2,5535
6170,2016-01-23,07:52:00,55,3,5536
6171,2016-01-23,07:54:00,198,1,5537
6172,2016-01-23,07:59:00,75,3,5538
6173,2016-01-23,08:11:00,419,1,5539
6174,2016-01-23,08:12:00,132,2,5540
6175,2016-01-23,08:13:00,182,3,5541
6176,2016-01-23,08:32:00,440,2,5542
6177,2016-01-23,08:42:00,380,2,5543
6178,2016-01-23,08:49:00,14,3,5544
6179,2016-01-23,08:52:00,345,1,5545
6180,2016-01-23,08:53:00,154,1,5546
6181,2016-01-23,09:01:00,160,2,5547
6182,2016-01-23,09:07:00,333,5,867
6183,2016-01-23,09:08:00,148,2,5548
6184,2016-01-23,09:14:00,56,4,1651
6185,2016-01-23,09:17:00,426,2,5549
6186,2016-01-23,09:22:00,148,1,5550
6187,2016-01-23,09:27:00,41,2,5551
6188,2016-01-23,09:33:00,351,2,5552
6189,2016-01-23,09:35:00,451,1,5553
6190,2016-01-23,09:36:00,179,3,5554
6191,2016-01-23,09:39:00,7,2,5555
6192,2016-01-23,09:42:00,252,2,5556
6193,2016-01-23,09:45:00,292,2,5557
6194,2016-01-23,09:46:00,111,2,5558
6195,2016-01-23,09:49:00,194,1,5559
6196,2016-01-23,09:51:00,338,1,5560
6197,2016-01-23,10:00:00,150,1,1213
6198,2016-01-23,10:00:00,114,2,5561
6199,2016-01-23,10:03:00,284,3,5562
6200,2016-01-23,10:07:00,134,1,5563
6201,2016-01-23,10:10:00,379,1,4036
6202,2016-01-23,10:22:00,216,2,5564
6203,2016-01-23,10:31:00,135,1,5565
6204,2016-01-23,10:31:00,194,1,5566
6205,2016-01-23,10:43:00,185,1,5567
6206,2016-01-23,11:00:00,455,6,5568
6207,2016-01-23,11:03:00,357,2,3387
6208,2016-01-23,11:04:00,331,3,5569
6209,2016-01-23,11:10:00,304,3,5570
6210,2016-01-23,11:12:00,449,2,5571
6211,2016-01-23,11:13:00,106,1,5572
6212,2016-01-23,11:14:00,259,1,5573
6213,2016-01-23,11:29:00,222,2,5574
6214,2016-01-23,11:38:00,363,1,5575
6215,2016-01-23,11:39:00,224,2,5576
6216,2016-01-23,11:42:00,256,1,5577
6217,2016-01-23,11:43:00,213,2,5578
6218,2016-01-23,11:52:00,323,3,1332
6219,2016-01-23,11:53:00,9,2,5579
6220,2016-01-23,12:01:00,67,5,5580
6221,2016-01-23,12:04:00,325,2,5581
6222,2016-01-23,12:07:00,214,1,5582
6223,2016-01-23,12:22:00,184,1,5583
6224,2016-01-23,12:22:00,315,3,5584
6225,2016-01-23,12:35:00,157,6,5585
6226,2016-01-23,12:36:00,99,1,5586
6227,2016-01-23,12:44:00,113,2,5587
6228,2016-01-23,12:53:00,203,7,5588
6229,2016-01-23,12:56:00,215,2,5589
6230,2016-01-23,12:57:00,140,3,5590
6231,2016-01-23,13:07:00,122,2,5591
6232,2016-01-23,13:11:00,204,2,5592
6233,2016-01-23,13:12:00,421,1,5593
6234,2016-01-23,13:17:00,266,1,3890
6235,2016-01-23,13:20:00,92,3,5594
6236,2016-01-23,13:30:00,239,2,5595
6237,2016-01-23,13:44:00,55,3,5596
6238,2016-01-23,13:48:00,153,2,5597
6239,2016-01-23,13:54:00,209,3,5598
6240,2016-01-23,14:14:00,219,1,5599
6241,2016-01-23,14:28:00,436,2,5600
6242,2016-01-23,14:37:00,26,3,5601
6243,2016-01-23,14:43:00,322,4,1417
6244,2016-01-23,14:54:00,299,2,5602
6245,2016-01-23,14:59:00,70,2,5603
6246,2016-01-23,15:05:00,95,2,5604
6247,2016-01-23,15:07:00,92,1,5277
6248,2016-01-23,15:21:00,279,1,5605
6249,2016-01-23,15:21:00,237,2,5606
6250,2016-01-23,15:22:00,271,1,5607
6251,2016-01-23,15:23:00,385,3,5608
6252,2016-01-23,15:25:00,423,1,5609
6253,2016-01-23,15:42:00,158,2,5610
6254,2016-01-23,15:53:00,156,2,5611
6255,2016-01-23,15:55:00,63,1,5612
6256,2016-01-23,15:55:00,139,1,5613
6257,2016-01-23,15:58:00,34,1,5614
6258,2016-01-23,16:06:00,236,3,5615
6259,2016-01-23,16:12:00,159,3,5616
6260,2016-01-23,16:13:00,356,3,2505
6261,2016-01-23,16:13:00,309,3,5617
6262,2016-01-23,16:19:00,194,2,5618
6263,2016-01-23,16:19:00,6,1,5619
6264,2016-01-23,16:21:00,403,4,5620
6265,2016-01-23,16:25:00,80,1,5621
6266,2016-01-23,16:28:00,128,1,5622
6267,2016-01-23,16:28:00,66,2,5623
6268,2016-01-23,16:32:00,402,1,3508
6269,2016-01-23,16:34:00,224,3,5624
6270,2016-01-23,16:40:00,320,1,5625
6271,2016-01-23,16:41:00,379,2,5626
6272,2016-01-23,17:00:00,442,4,5627
6273,2016-01-23,17:03:00,153,3,5628
6274,2016-01-23,17:15:00,99,2,5629
6275,2016-01-23,17:23:00,109,3,5630
6276,2016-01-23,17:25:00,260,1,3203
6277,2016-01-23,17:28:00,453,3,5631
6278,2016-01-23,17:29:00,151,1,5632
6279,2016-01-23,17:47:00,173,2,5633
6280,2016-01-23,17:52:00,359,1,5634
6281,2016-01-23,18:03:00,247,1,5635
6282,2016-01-23,18:04:00,417,4,1416
6283,2016-01-23,18:06:00,157,2,5636
6284,2016-01-23,18:15:00,97,1,5637
6285,2016-01-23,18:19:00,69,2,5638
6286,2016-01-23,18:30:00,25,1,1033
6287,2016-01-23,18:34:00,236,2,5639
6288,2016-01-23,18:35:00,61,1,5640
6289,2016-01-23,18:39:00,58,1,5641
6290,2016-01-23,18:48:00,116,4,5642
6291,2016-01-23,18:52:00,359,4,5643
6292,2016-01-23,18:57:00,8,2,5644
6293,2016-01-23,18:57:00,169,1,5645
6294,2016-01-23,18:58:00,384,3,5646
6295,2016-01-23,19:12:00,203,1,5647
6296,2016-01-23,19:13:00,433,2,5648
6297,2016-01-23,19:24:00,372,1,731
6298,2016-01-23,19:24:00,20,3,5649
6299,2016-01-23,19:24:00,264,2,5650
6300,2016-01-23,19:26:00,165,1,5651
6301,2016-01-23,19:26:00,10,2,5652
6302,2016-01-23,19:29:00,230,2,1550
6303,2016-01-23,19:40:00,156,1,5043
6304,2016-01-23,19:50:00,128,2,5653
6305,2016-01-23,19:55:00,181,2,5654
6306,2016-01-23,20:00:00,51,1,5655
6307,2016-01-23,20:01:00,450,2,5656
6308,2016-01-23,20:02:00,50,3,5657
6309,2016-01-23,20:04:00,1,4,5658
6310,2016-01-23,20:06:00,151,1,5659
6311,2016-01-23,20:10:00,210,3,5660
6312,2016-01-23,20:26:00,32,2,5661
6313,2016-01-23,20:28:00,400,3,5662
6314,2016-01-23,20:30:00,35,1,5663
6315,2016-01-23,20:30:00,97,2,5664
6316,2016-01-23,20:32:00,409,3,5665
6317,2016-01-23,20:43:00,199,2,5666
6318,2016-01-23,20:43:00,407,3,5667
6319,2016-01-23,20:48:00,420,2,5668
6320,2016-01-23,20:48:00,366,1,5669
6321,2016-01-23,20:53:00,219,2,5670
6322,2016-01-23,20:54:00,129,2,5671
6323,2016-01-23,20:55:00,393,1,5672
6324,2016-01-23,20:58:00,248,1,5673
6325,2016-01-23,21:05:00,56,1,2348
6326,2016-01-23,21:07:00,80,3,5674
6327,2016-01-23,21:15:00,76,2,5675
6328,2016-01-23,21:24:00,451,2,2398
6329,2016-01-23,21:24:00,333,2,5676
6330,2016-01-23,21:28:00,33,3,3829
6331,2016-01-23,21:30:00,186,1,5677
6332,2016-01-23,21:36:00,282,3,5678
6333,2016-01-23,21:37:00,22,3,5679
6334,2016-01-23,21:42:00,210,2,5680
6335,2016-01-23,21:45:00,139,1,5681
6336,2016-01-23,21:58:00,396,1,5682
6337,2016-01-23,22:08:00,276,1,5683
6338,2016-01-23,22:08:00,224,1,5684
6339,2016-01-23,22:18:00,244,2,5685
6340,2016-01-23,22:18:00,272,1,5686
6341,2016-01-23,22:22:00,323,1,5687
6342,2016-01-23,22:26:00,443,2,5688
6343,2016-01-23,22:28:00,72,1,5689
6344,2016-01-23,22:35:00,186,1,5690
6345,2016-01-23,22:36:00,94,2,134
6346,2016-01-23,22:41:00,404,2,5691
6347,2016-01-23,22:54:00,134,1,5692
6348,2016-01-23,23:06:00,143,3,5693
6349,2016-01-23,23:14:00,285,1,5694
6350,2016-01-23,23:19:00,196,2,5695
6351,2016-01-23,23:27:00,373,3,5696
6352,2016-01-23,23:34:00,115,2,5697
6353,2016-01-23,23:35:00,76,2,5698
6354,2016-01-23,23:39:00,200,1,5699
6355,2016-01-23,23:50:00,250,2,5700
6356,2016-01-23,23:52:00,361,3,5701
6357,2016-01-23,23:56:00,395,1,5702
6358,2016-01-23,23:58:00,414,2,5703
6359,2016-01-24,00:07:00,24,2,5704
6360,2016-01-24,00:13:00,294,1,5043
6361,2016-01-24,00:31:00,296,2,5705
6362,2016-01-24,00:34:00,388,1,5706
6363,2016-01-24,00:43:00,106,2,5707
6364,2016-01-24,00:52:00,398,3,5708
6365,2016-01-24,00:56:00,371,2,5709
6366,2016-01-24,00:59:00,266,3,5710
6367,2016-01-24,01:07:00,99,1,3228
6368,2016-01-24,01:09:00,79,1,3999
6369,2016-01-24,01:13:00,202,1,5711
6370,2016-01-24,01:17:00,314,1,3013
6371,2016-01-24,01:26:00,406,2,3187
6372,2016-01-24,01:26:00,411,3,5712
6373,2016-01-24,01:36:00,164,2,5713
6374,2016-01-24,01:39:00,447,3,5714
6375,2016-01-24,01:40:00,181,3,5715
6376,2016-01-24,01:45:00,259,4,5716
6377,2016-01-24,01:45:00,32,5,5717
6378,2016-01-24,02:00:00,177,2,5718
6379,2016-01-24,02:01:00,362,2,5719
6380,2016-01-24,02:06:00,3,1,5720
6381,2016-01-24,02:07:00,46,2,5721
6382,2016-01-24,02:10:00,320,1,5722
6383,2016-01-24,02:11:00,89,2,5723
6384,2016-01-24,02:12:00,399,2,5724
6385,2016-01-24,02:15:00,154,2,5725
6386,2016-01-24,02:19:00,149,1,5726
6387,2016-01-24,02:20:00,285,2,5727
6388,2016-01-24,02:25:00,364,2,5728
6389,2016-01-24,02:27:00,406,2,5729
6390,2016-01-24,02:46:00,250,2,5730
6391,2016-01-24,02:51:00,257,3,5731
6392,2016-01-24,02:56:00,39,2,5732
6393,2016-01-24,02:56:00,300,2,5733
6394,2016-01-24,03:10:00,243,3,5734
6395,2016-01-24,03:19:00,231,2,5735
6396,2016-01-24,03:29:00,201,3,5736
6397,2016-01-24,03:37:00,61,2,5737
6398,2016-01-24,03:40:00,426,1,5738
6399,2016-01-24,03:41:00,396,2,5739
6400,2016-01-24,04:09:00,81,2,5740
6401,2016-01-24,04:14:00,421,3,5741
6402,2016-01-24,04:15:00,313,1,5742
6403,2016-01-24,04:16:00,364,2,5743
6404,2016-01-24,04:16:00,278,2,5744
6405,2016-01-24,04:18:00,262,2,5745
6406,2016-01-24,04:25:00,374,2,5746
6407,2016-01-24,04:27:00,14,2,5747
6408,2016-01-24,04:30:00,321,2,5748
6409,2016-01-24,04:30:00,25,1,5749
6410,2016-01-24,04:32:00,455,1,5750
6411,2016-01-24,04:42:00,380,2,5751
6412,2016-01-24,04:42:00,208,1,5752
6413,2016-01-24,04:52:00,441,2,5753
6414,2016-01-24,05:01:00,451,1,5754
6415,2016-01-24,05:04:00,349,1,5755
6416,2016-01-24,05:04:00,52,3,5756
6417,2016-01-24,05:07:00,295,4,5757
6418,2016-01-24,05:21:00,72,2,5758
6419,2016-01-24,05:29:00,346,1,5759
6420,2016-01-24,05:37:00,280,1,5760
6421,2016-01-24,05:37:00,251,3,5761
6422,2016-01-24,05:45:00,335,3,5762
6423,2016-01-24,05:49:00,265,4,5763
6424,2016-01-24,05:50:00,411,2,5764
6425,2016-01-24,06:01:00,219,3,5765
6426,2016-01-24,06:02:00,205,4,5766
6427,2016-01-24,06:03:00,331,4,5767
6428,2016-01-24,06:04:00,254,2,5768
6429,2016-01-24,06:14:00,104,2,5769
6430,2016-01-24,06:16:00,13,3,2079
6431,2016-01-24,06:21:00,88,1,5770
6432,2016-01-24,06:25:00,116,1,5771
6433,2016-01-24,06:27:00,151,2,5772
6434,2016-01-24,06:32:00,63,1,5773
6435,2016-01-24,06:34:00,424,2,5774
6436,2016-01-24,06:34:00,443,1,5775
6437,2016-01-24,06:35:00,134,1,5776
6438,2016-01-24,06:50:00,163,2,2960
6439,2016-01-24,06:50:00,116,1,5777
6440,2016-01-24,06:59:00,388,1,5778
6441,2016-01-24,07:25:00,73,1,5779
6442,2016-01-24,07:40:00,1,2,5780
6443,2016-01-24,07:40:00,309,1,5781
6444,2016-01-24,07:46:00,251,2,5782
6445,2016-01-24,07:54:00,153,1,5783
6446,2016-01-24,07:58:00,202,2,5784
6447,2016-01-24,08:02:00,202,1,5785
6448,2016-01-24,08:10:00,413,3,5786
6449,2016-01-24,08:10:00,292,1,5660
6450,2016-01-24,08:16:00,365,1,5787
6451,2016-01-24,08:19:00,87,1,5788
6452,2016-01-24,08:22:00,320,3,5789
6453,2016-01-24,08:24:00,378,1,5790
6454,2016-01-24,08:32:00,57,3,5791
6455,2016-01-24,08:35:00,281,3,5792
6456,2016-01-24,08:52:00,10,2,5793
6457,2016-01-24,08:58:00,103,2,5794
6458,2016-01-24,09:04:00,457,2,5795
6459,2016-01-24,09:10:00,140,2,5796
6460,2016-01-24,09:10:00,206,1,5797
6461,2016-01-24,09:16:00,73,2,5798
6462,2016-01-24,09:19:00,309,3,5799
6463,2016-01-24,09:21:00,321,1,5800
6464,2016-01-24,09:32:00,11,1,5801
6465,2016-01-24,09:51:00,38,2,5802
6466,2016-01-24,09:55:00,94,1,5803
6467,2016-01-24,10:03:00,192,1,5804
6468,2016-01-24,10:05:00,139,2,5805
6469,2016-01-24,10:10:00,147,1,5806
6470,2016-01-24,10:14:00,421,2,5807
6471,2016-01-24,10:14:00,83,2,5808
6472,2016-01-24,10:25:00,300,2,5809
6473,2016-01-24,10:27:00,182,1,5810
6474,2016-01-24,10:28:00,398,2,5811
6475,2016-01-24,10:28:00,278,1,5812
6476,2016-01-24,10:30:00,126,2,5813
6477,2016-01-24,10:32:00,378,1,5814
6478,2016-01-24,10:33:00,66,2,5815
6479,2016-01-24,10:33:00,340,2,5816
6480,2016-01-24,10:55:00,174,1,5817
6481,2016-01-24,10:56:00,432,4,5818
6482,2016-01-24,11:00:00,99,2,5819
6483,2016-01-24,11:00:00,349,1,5820
6484,2016-01-24,11:06:00,11,1,5821
6485,2016-01-24,11:12:00,272,1,5822
6486,2016-01-24,11:20:00,391,1,5823
6487,2016-01-24,11:20:00,411,2,2274
6488,2016-01-24,11:41:00,213,1,5824
6489,2016-01-24,11:41:00,178,2,5825
6490,2016-01-24,11:42:00,51,1,5826
6491,2016-01-24,11:47:00,458,1,5827
6492,2016-01-24,11:49:00,88,2,5828
6493,2016-01-24,11:50:00,18,1,5829
6494,2016-01-24,11:58:00,451,1,5830
6495,2016-01-24,12:01:00,407,2,5831
6496,2016-01-24,12:05:00,396,1,2170
6497,2016-01-24,12:09:00,335,3,5832
6498,2016-01-24,12:26:00,448,2,5833
6499,2016-01-24,12:35:00,334,2,5834
6500,2016-01-24,12:46:00,315,1,1691
6501,2016-01-24,12:49:00,455,2,5835
6502,2016-01-24,12:56:00,373,2,5836
6503,2016-01-24,13:01:00,132,1,5837
6504,2016-01-24,13:13:00,253,1,5838
6505,2016-01-24,13:20:00,278,3,5839
6506,2016-01-24,13:22:00,107,2,5840
6507,2016-01-24,13:25:00,404,2,5841
6508,2016-01-24,13:28:00,383,1,5842
6509,2016-01-24,13:29:00,103,3,5843
6510,2016-01-24,13:33:00,384,1,5844
6511,2016-01-24,13:36:00,208,4,5845
6512,2016-01-24,13:39:00,331,1,5846
6513,2016-01-24,13:40:00,54,4,5847
6514,2016-01-24,13:41:00,384,1,5848
6515,2016-01-24,13:41:00,335,2,5849
6516,2016-01-24,13:42:00,124,3,5850
6517,2016-01-24,13:50:00,153,4,5851
6518,2016-01-24,14:04:00,417,1,5852
6519,2016-01-24,14:04:00,69,5,5853
6520,2016-01-24,14:05:00,274,4,5854
6521,2016-01-24,14:10:00,379,1,5855
6522,2016-01-24,14:12:00,454,2,5856
6523,2016-01-24,14:16:00,95,2,5857
6524,2016-01-24,14:16:00,238,1,5858
6525,2016-01-24,14:29:00,123,3,5859
6526,2016-01-24,14:29:00,129,1,5860
6527,2016-01-24,14:31:00,64,1,3664
6528,2016-01-24,14:31:00,5,1,5861
6529,2016-01-24,14:37:00,241,1,5862
6530,2016-01-24,14:41:00,446,1,5863
6531,2016-01-24,14:41:00,66,2,5864
6532,2016-01-24,14:44:00,167,3,213
6533,2016-01-24,14:46:00,56,1,5865
6534,2016-01-24,14:54:00,385,1,3718
6535,2016-01-24,14:57:00,444,1,5866
6536,2016-01-24,14:59:00,12,3,5867
6537,2016-01-24,15:02:00,206,2,5868
6538,2016-01-24,15:04:00,278,1,5869
6539,2016-01-24,15:22:00,439,1,5870
6540,2016-01-24,15:26:00,142,1,5871
6541,2016-01-24,15:37:00,211,2,5872
6542,2016-01-24,15:41:00,266,1,5873
6543,2016-01-24,15:57:00,216,2,5874
6544,2016-01-24,16:00:00,142,1,5875
6545,2016-01-24,16:02:00,425,3,5876
6546,2016-01-24,16:23:00,234,3,5877
6547,2016-01-24,16:39:00,174,3,5878
6548,2016-01-24,16:42:00,329,1,5879
6549,2016-01-24,16:45:00,190,2,5880
6550,2016-01-24,16:48:00,264,3,5881
6551,2016-01-24,17:17:00,124,1,5882
6552,2016-01-24,17:23:00,160,4,5883
6553,2016-01-24,17:23:00,5,3,4496
6554,2016-01-24,17:27:00,427,4,5884
6555,2016-01-24,17:29:00,8,1,5885
6556,2016-01-24,17:46:00,394,4,5886
6557,2016-01-24,17:49:00,349,1,5887
6558,2016-01-24,17:55:00,287,2,5888
6559,2016-01-24,18:05:00,170,1,5889
6560,2016-01-24,18:16:00,335,4,3266
6561,2016-01-24,18:23:00,29,1,5890
6562,2016-01-24,18:26:00,406,2,5891
6563,2016-01-24,18:27:00,150,3,5892
6564,2016-01-24,18:30:00,430,1,4678
6565,2016-01-24,18:33:00,286,2,5893
6566,2016-01-24,18:34:00,310,2,5894
6567,2016-01-24,18:35:00,178,2,5895
6568,2016-01-24,18:36:00,13,2,5896
6569,2016-01-24,18:46:00,335,1,5897
6570,2016-01-24,18:48:00,340,2,5898
6571,2016-01-24,19:17:00,361,3,5899
6572,2016-01-24,19:19:00,228,3,5900
6573,2016-01-24,19:21:00,344,2,5901
6574,2016-01-24,19:21:00,52,1,5902
6575,2016-01-24,19:24:00,283,5,5433
6576,2016-01-24,19:34:00,284,1,5903
6577,2016-01-24,19:44:00,256,2,5904
6578,2016-01-24,19:46:00,316,2,5905
6579,2016-01-24,19:49:00,303,1,5906
6580,2016-01-24,19:52:00,321,4,5907
6581,2016-01-24,19:57:00,231,3,5908
6582,2016-01-24,20:03:00,182,1,5909
6583,2016-01-24,20:09:00,9,2,5910
6584,2016-01-24,20:10:00,144,4,5911
6585,2016-01-24,20:11:00,332,2,5912
6586,2016-01-24,20:15:00,71,2,5913
6587,2016-01-24,20:24:00,153,2,5914
6588,2016-01-24,20:36:00,2,5,5915
6589,2016-01-24,20:36:00,171,2,5916
6590,2016-01-24,20:47:00,228,3,5917
6591,2016-01-24,20:48:00,249,1,5918
6592,2016-01-24,20:52:00,19,3,5919
6593,2016-01-24,21:13:00,5,1,5920
6594,2016-01-24,21:14:00,279,1,5921
6595,2016-01-24,21:14:00,238,1,5922
6596,2016-01-24,21:15:00,272,1,5923
6597,2016-01-24,21:23:00,322,2,5924
6598,2016-01-24,21:23:00,340,2,5925
6599,2016-01-24,21:23:00,206,2,5926
6600,2016-01-24,21:24:00,383,3,5927
6601,2016-01-24,21:35:00,207,2,5928
6602,2016-01-24,21:39:00,2,1,5929
6603,2016-01-24,21:48:00,185,1,5930
6604,2016-01-24,21:49:00,352,1,5931
6605,2016-01-24,22:01:00,131,3,2900
6606,2016-01-24,22:04:00,25,1,5932
6607,2016-01-24,22:10:00,400,3,5933
6608,2016-01-24,22:11:00,80,4,5934
6609,2016-01-24,22:19:00,456,1,5935
6610,2016-01-24,22:31:00,181,3,5936
6611,2016-01-24,22:32:00,130,2,771
6612,2016-01-24,22:32:00,161,2,5937
6613,2016-01-24,22:33:00,46,3,5938
6614,2016-01-24,22:38:00,448,1,5939
6615,2016-01-24,22:41:00,91,4,5940
6616,2016-01-24,22:56:00,138,1,5941
6617,2016-01-24,22:57:00,52,3,5942
6618,2016-01-24,23:11:00,376,1,5943
6619,2016-01-24,23:15:00,155,2,5944
6620,2016-01-24,23:21:00,157,3,5945
6621,2016-01-24,23:22:00,336,1,5946
6622,2016-01-24,23:25:00,106,2,5947
6623,2016-01-24,23:28:00,299,1,5948
6624,2016-01-24,23:30:00,110,1,2307
6625,2016-01-24,23:30:00,321,4,5949
6626,2016-01-24,23:31:00,305,1,5950
6627,2016-01-24,23:45:00,213,1,1791
6628,2016-01-24,23:48:00,334,1,5951
6629,2016-01-24,23:52:00,240,1,5952
6630,2016-01-24,23:53:00,282,2,5953
6631,2016-01-24,23:55:00,236,2,5954
6632,2016-01-25,00:01:00,71,2,5955
6633,2016-01-25,00:09:00,4,1,5956
6634,2016-01-25,00:11:00,338,2,5957
6635,2016-01-25,00:12:00,258,2,5958
6636,2016-01-25,00:19:00,129,3,5959
6637,2016-01-25,00:22:00,23,4,5960
6638,2016-01-25,00:25:00,262,1,5961
6639,2016-01-25,00:26:00,115,1,5962
6640,2016-01-25,00:30:00,407,2,5963
6641,2016-01-25,00:37:00,211,2,732
6642,2016-01-25,00:39:00,350,1,5964
6643,2016-01-25,00:42:00,356,2,5965
6644,2016-01-25,00:57:00,96,1,5966
6645,2016-01-25,00:58:00,230,3,5967
6646,2016-01-25,01:06:00,8,2,3251
6647,2016-01-25,01:07:00,101,2,5968
6648,2016-01-25,01:12:00,343,1,5969
6649,2016-01-25,01:12:00,42,2,5970
6650,2016-01-25,01:14:00,221,2,273
6651,2016-01-25,01:19:00,439,1,5971
6652,2016-01-25,01:24:00,358,2,5972
6653,2016-01-25,01:28:00,53,4,5973
6654,2016-01-25,01:37:00,321,2,5974
6655,2016-01-25,01:45:00,195,4,5975
6656,2016-01-25,01:47:00,340,4,5976
6657,2016-01-25,01:53:00,334,1,5977
6658,2016-01-25,01:59:00,347,1,5978
6659,2016-01-25,01:59:00,358,2,5979
6660,2016-01-25,02:03:00,190,1,5980
6661,2016-01-25,02:04:00,9,2,5981
6662,2016-01-25,02:08:00,389,1,2166
6663,2016-01-25,02:09:00,264,1,5982
6664,2016-01-25,02:10:00,359,2,5983
6665,2016-01-25,02:14:00,224,4,5984
6666,2016-01-25,02:26:00,249,1,5985
6667,2016-01-25,02:31:00,322,2,5986
6668,2016-01-25,02:37:00,37,1,1614
6669,2016-01-25,02:37:00,140,1,5987
6670,2016-01-25,02:41:00,341,4,2600
6671,2016-01-25,02:42:00,62,1,5988
6672,2016-01-25,02:43:00,212,1,5989
6673,2016-01-25,02:47:00,53,2,5990
6674,2016-01-25,02:56:00,237,2,5991
6675,2016-01-25,02:59:00,254,1,5992
6676,2016-01-25,03:02:00,93,1,5993
6677,2016-01-25,03:06:00,278,2,5994
6678,2016-01-25,03:15:00,206,3,5995
6679,2016-01-25,03:16:00,148,1,5996
6680,2016-01-25,03:24:00,448,2,5997
6681,2016-01-25,03:26:00,63,2,5998
6682,2016-01-25,03:29:00,399,2,5999
6683,2016-01-25,03:36:00,438,2,6000
6684,2016-01-25,03:38:00,66,2,580
6685,2016-01-25,03:44:00,93,1,6001
6686,2016-01-25,03:45:00,279,1,6002
6687,2016-01-25,03:46:00,369,2,6003
6688,2016-01-25,03:51:00,392,2,6004
6689,2016-01-25,03:53:00,371,1,6005
6690,2016-01-25,04:13:00,162,3,6006
6691,2016-01-25,04:17:00,444,1,6007
6692,2016-01-25,04:20:00,203,1,6008
6693,2016-01-25,04:20:00,234,2,6009
6694,2016-01-25,04:24:00,140,2,6010
6695,2016-01-25,04:25:00,26,1,6011
6696,2016-01-25,04:25:00,143,1,332
6697,2016-01-25,04:27:00,179,2,6012
6698,2016-01-25,04:29:00,269,2,6013
6699,2016-01-25,04:30:00,358,1,6014
6700,2016-01-25,04:44:00,121,2,6015
6701,2016-01-25,04:57:00,426,1,6016
6702,2016-01-25,04:58:00,172,1,6017
6703,2016-01-25,05:00:00,157,1,6018
6704,2016-01-25,05:03:00,252,2,4588
6705,2016-01-25,05:08:00,317,2,5413
6706,2016-01-25,05:27:00,317,3,6019
6707,2016-01-25,05:33:00,72,4,6020
6708,2016-01-25,06:05:00,317,2,6021
6709,2016-01-25,06:06:00,148,2,6022
6710,2016-01-25,06:12:00,161,3,4689
6711,2016-01-25,06:23:00,420,3,6023
6712,2016-01-25,06:25:00,107,3,6024
6713,2016-01-25,06:32:00,339,1,6025
6714,2016-01-25,06:34:00,236,1,6026
6715,2016-01-25,06:35:00,228,2,6027
6716,2016-01-25,06:49:00,421,3,6028
6717,2016-01-25,06:54:00,143,3,6029
6718,2016-01-25,06:59:00,344,1,6030
6719,2016-01-25,07:00:00,386,2,6031
6720,2016-01-25,07:04:00,169,1,6032
6721,2016-01-25,07:15:00,322,3,6033
6722,2016-01-25,07:17:00,171,1,6034
6723,2016-01-25,07:27:00,242,2,1204
6724,2016-01-25,07:35:00,276,1,6035
6725,2016-01-25,07:42:00,122,2,6036
6726,2016-01-25,07:43:00,153,3,6037
6727,2016-01-25,07:45:00,64,3,6038
6728,2016-01-25,07:47:00,85,4,6039
6729,2016-01-25,07:51:00,194,1,3116
6730,2016-01-25,07:52:00,444,3,6040
6731,2016-01-25,07:57:00,262,3,6041
6732,2016-01-25,08:21:00,121,1,6042
6733,2016-01-25,08:36:00,59,1,6043
6734,2016-01-25,08:39:00,209,1,6044
6735,2016-01-25,08:40:00,433,4,6045
6736,2016-01-25,08:40:00,82,2,6046
6737,2016-01-25,08:54:00,10,1,6047
6738,2016-01-25,08:54:00,61,2,6048
6739,2016-01-25,09:04:00,222,1,6049
6740,2016-01-25,09:13:00,438,1,6050
6741,2016-01-25,09:22:00,20,4,6051
6742,2016-01-25,09:25:00,37,2,6052
6743,2016-01-25,09:26:00,90,1,6053
6744,2016-01-25,09:28:00,124,2,6054
6745,2016-01-25,09:28:00,396,3,6055
6746,2016-01-25,09:29:00,28,1,5866
6747,2016-01-25,09:30:00,305,2,6056
6748,2016-01-25,09:31:00,351,1,6057
6749,2016-01-25,09:32:00,38,1,3801
6750,2016-01-25,09:40:00,45,1,3530
6751,2016-01-25,09:44:00,147,1,6058
6752,2016-01-25,09:48:00,61,1,6059
6753,2016-01-25,09:48:00,36,2,317
6754,2016-01-25,09:49:00,91,1,6060
6755,2016-01-25,09:51:00,395,3,6061
6756,2016-01-25,09:53:00,306,1,6062
6757,2016-01-25,10:00:00,69,3,6063
6758,2016-01-25,10:43:00,254,3,6064
6759,2016-01-25,10:48:00,424,3,6065
6760,2016-01-25,10:54:00,199,3,6066
6761,2016-01-25,11:00:00,250,3,6067
6762,2016-01-25,11:09:00,102,2,5144
6763,2016-01-25,11:12:00,306,4,6068
6764,2016-01-25,11:18:00,187,2,6069
6765,2016-01-25,11:26:00,170,1,3945
6766,2016-01-25,11:28:00,64,5,6070
6767,2016-01-25,11:33:00,315,4,6071
6768,2016-01-25,11:33:00,287,1,6072
6769,2016-01-25,11:34:00,350,1,775
6770,2016-01-25,11:43:00,60,4,6073
6771,2016-01-25,11:56:00,254,2,6074
6772,2016-01-25,12:08:00,156,1,6075
6773,2016-01-25,12:13:00,149,2,6076
6774,2016-01-25,12:19:00,264,2,6077
6775,2016-01-25,12:26:00,42,2,6078
6776,2016-01-25,12:34:00,410,6,6079
6777,2016-01-25,12:42:00,173,1,6080
6778,2016-01-25,12:47:00,305,2,6081
6779,2016-01-25,12:57:00,23,5,6082
6780,2016-01-25,12:59:00,145,3,6083
6781,2016-01-25,12:59:00,250,2,3498
6782,2016-01-25,13:01:00,210,3,6084
6783,2016-01-25,13:08:00,395,3,6085
6784,2016-01-25,13:15:00,199,4,6086
6785,2016-01-25,13:20:00,254,1,1221
6786,2016-01-25,13:22:00,131,1,6087
6787,2016-01-25,13:25:00,385,2,6088
6788,2016-01-25,13:27:00,163,1,3397
6789,2016-01-25,13:33:00,392,2,6089
6790,2016-01-25,13:37:00,303,1,6090
6791,2016-01-25,13:40:00,381,2,6091
6792,2016-01-25,13:42:00,373,1,6092
6793,2016-01-25,13:43:00,445,1,6093
6794,2016-01-25,13:49:00,232,1,6094
6795,2016-01-25,13:51:00,16,3,6095
6796,2016-01-25,14:06:00,406,1,6096
6797,2016-01-25,14:07:00,411,3,6097
6798,2016-01-25,14:12:00,282,3,5924
6799,2016-01-25,14:15:00,366,2,6098
6800,2016-01-25,14:18:00,202,2,6099
6801,2016-01-25,14:20:00,301,1,6100
6802,2016-01-25,14:31:00,346,1,6101
6803,2016-01-25,14:38:00,167,5,6102
6804,2016-01-25,14:45:00,68,1,5835
6805,2016-01-25,14:53:00,31,2,6103
6806,2016-01-25,14:56:00,353,3,6104
6807,2016-01-25,15:04:00,94,1,6105
6808,2016-01-25,15:04:00,52,3,6106
6809,2016-01-25,15:11:00,181,1,4286
6810,2016-01-25,15:20:00,115,1,6107
6811,2016-01-25,15:30:00,447,1,6108
6812,2016-01-25,15:35:00,389,2,6109
6813,2016-01-25,15:36:00,218,3,6110
6814,2016-01-25,15:37:00,452,2,6111
6815,2016-01-25,15:39:00,139,3,6112
6816,2016-01-25,15:42:00,33,2,6113
6817,2016-01-25,15:42:00,162,1,6114
6818,2016-01-25,15:45:00,117,2,6115
6819,2016-01-25,15:49:00,271,1,6116
6820,2016-01-25,15:58:00,318,3,6117
6821,2016-01-25,15:58:00,261,2,6118
6822,2016-01-25,15:59:00,278,1,6119
6823,2016-01-25,16:01:00,189,2,1204
6824,2016-01-25,16:06:00,310,1,6120
6825,2016-01-25,16:06:00,28,2,6121
6826,2016-01-25,16:22:00,55,1,6122
6827,2016-01-25,16:27:00,104,1,6123
6828,2016-01-25,16:32:00,402,2,6124
6829,2016-01-25,16:51:00,47,2,6125
6830,2016-01-25,17:02:00,160,1,6126
6831,2016-01-25,17:16:00,371,2,6127
6832,2016-01-25,17:19:00,189,1,6128
6833,2016-01-25,17:34:00,126,2,6129
6834,2016-01-25,17:40:00,76,1,2183
6835,2016-01-25,17:40:00,119,3,6130
6836,2016-01-25,17:49:00,442,1,6131
6837,2016-01-25,17:55:00,248,3,6132
6838,2016-01-25,17:58:00,181,2,6133
6839,2016-01-25,18:06:00,365,2,6134
6840,2016-01-25,18:07:00,203,2,6135
6841,2016-01-25,18:08:00,337,3,6136
6842,2016-01-25,18:16:00,367,1,6137
6843,2016-01-25,18:19:00,362,3,6138
6844,2016-01-25,18:32:00,265,2,6139
6845,2016-01-25,18:32:00,284,1,6140
6846,2016-01-25,18:32:00,42,3,6141
6847,2016-01-25,18:34:00,385,1,6142
6848,2016-01-25,18:37:00,133,4,6143
6849,2016-01-25,18:43:00,194,2,6144
6850,2016-01-25,19:02:00,194,1,6145
6851,2016-01-25,19:05:00,222,3,6146
6852,2016-01-25,19:05:00,338,4,6147
6853,2016-01-25,19:08:00,85,1,6148
6854,2016-01-25,19:14:00,248,1,6149
6855,2016-01-25,19:19:00,290,2,1485
6856,2016-01-25,19:22:00,305,2,6150
6857,2016-01-25,19:25:00,7,2,6151
6858,2016-01-25,19:32:00,97,1,6152
6859,2016-01-25,19:33:00,75,4,6153
6860,2016-01-25,19:34:00,312,1,6154
6861,2016-01-25,19:34:00,337,4,6155
6862,2016-01-25,19:40:00,189,2,6156
6863,2016-01-25,19:48:00,375,4,6157
6864,2016-01-25,20:02:00,123,1,6158
6865,2016-01-25,20:06:00,440,2,6159
6866,2016-01-25,20:14:00,21,2,6160
6867,2016-01-25,20:22:00,180,3,1622
6868,2016-01-25,20:32:00,294,4,6161
6869,2016-01-25,20:33:00,154,2,6162
6870,2016-01-25,20:34:00,48,1,6163
6871,2016-01-25,20:35:00,313,2,6164
6872,2016-01-25,20:36:00,395,2,6165
6873,2016-01-25,20:41:00,72,2,6166
6874,2016-01-25,21:03:00,210,3,6167
6875,2016-01-25,21:29:00,83,2,6168
6876,2016-01-25,21:36:00,441,3,6169
6877,2016-01-25,21:54:00,373,2,6170
6878,2016-01-25,22:01:00,52,3,6171
6879,2016-01-25,22:19:00,275,2,6172
6880,2016-01-25,22:24:00,131,2,6173
6881,2016-01-25,22:26:00,384,1,6174
6882,2016-01-25,22:32:00,173,6,6175
6883,2016-01-25,22:38:00,325,2,6176
6884,2016-01-25,22:42:00,73,2,6177
6885,2016-01-25,22:50:00,438,1,6178
6886,2016-01-25,22:52:00,58,2,4699
6887,2016-01-25,23:14:00,395,1,549
6888,2016-01-25,23:15:00,99,2,6179
6889,2016-01-25,23:26:00,27,1,6180
6890,2016-01-25,23:29:00,56,2,1285
6891,2016-01-25,23:30:00,167,1,6181
6892,2016-01-25,23:31:00,282,3,6182
6893,2016-01-25,23:32:00,296,1,6183
6894,2016-01-25,23:39:00,23,3,6184
6895,2016-01-25,23:55:00,183,1,6185
6896,2016-01-25,23:56:00,37,2,6186
6897,2016-01-26,00:01:00,83,4,6187
6898,2016-01-26,00:04:00,410,2,6188
6899,2016-01-26,00:06:00,355,3,6189
6900,2016-01-26,00:07:00,8,1,6190
6901,2016-01-26,00:07:00,59,1,6191
6902,2016-01-26,00:09:00,279,1,6192
6903,2016-01-26,00:11:00,127,1,6193
6904,2016-01-26,00:13:00,392,2,2593
6905,2016-01-26,00:18:00,117,3,6194
6906,2016-01-26,00:24:00,364,2,6195
6907,2016-01-26,00:26:00,267,2,6196
6908,2016-01-26,00:33:00,7,3,6197
6909,2016-01-26,00:37:00,134,2,6198
6910,2016-01-26,00:37:00,347,2,6199
6911,2016-01-26,00:40:00,446,1,3148
6912,2016-01-26,00:44:00,142,3,6200
6913,2016-01-26,00:52:00,207,4,6201
6914,2016-01-26,01:04:00,173,2,6202
6915,2016-01-26,01:15:00,251,3,6203
6916,2016-01-26,01:16:00,107,2,6204
6917,2016-01-26,01:16:00,56,3,6205
6918,2016-01-26,01:26:00,429,2,2529
6919,2016-01-26,01:39:00,389,3,6206
6920,2016-01-26,01:42:00,166,1,6207
6921,2016-01-26,01:52:00,155,3,6208
6922,2016-01-26,01:52:00,2,1,6209
6923,2016-01-26,01:53:00,149,2,6210
6924,2016-01-26,01:57:00,90,3,6211
6925,2016-01-26,02:07:00,331,1,6212
6926,2016-01-26,02:10:00,351,3,6213
6927,2016-01-26,02:13:00,61,1,6214
6928,2016-01-26,02:14:00,370,2,6215
6929,2016-01-26,02:16:00,216,2,6216
6930,2016-01-26,02:23:00,327,2,6217
6931,2016-01-26,02:26:00,193,2,6218
6932,2016-01-26,02:31:00,18,3,6219
6933,2016-01-26,02:31:00,290,2,6220
6934,2016-01-26,02:49:00,273,1,6221
6935,2016-01-26,02:53:00,50,2,6222
6936,2016-01-26,03:09:00,284,3,6223
6937,2016-01-26,03:11:00,266,3,6224
6938,2016-01-26,03:18:00,359,1,6225
6939,2016-01-26,03:20:00,229,2,6226
6940,2016-01-26,03:21:00,233,4,6227
6941,2016-01-26,03:21:00,183,1,6228
6942,2016-01-26,03:26:00,408,2,6229
6943,2016-01-26,03:27:00,49,2,460
6944,2016-01-26,03:31:00,22,3,6230
6945,2016-01-26,03:33:00,307,3,6231
6946,2016-01-26,03:37:00,138,1,6116
6947,2016-01-26,03:42:00,217,1,6232
6948,2016-01-26,03:46:00,288,2,6233
6949,2016-01-26,03:54:00,211,1,6234
6950,2016-01-26,03:57:00,144,1,6235
6951,2016-01-26,04:00:00,128,2,6236
6952,2016-01-26,04:02:00,93,1,1402
6953,2016-01-26,04:10:00,264,1,6237
6954,2016-01-26,04:11:00,300,2,6238
6955,2016-01-26,04:13:00,169,2,6239
6956,2016-01-26,04:17:00,100,2,6240
6957,2016-01-26,04:30:00,92,1,6241
6958,2016-01-26,04:41:00,54,1,6242
6959,2016-01-26,04:43:00,75,1,6243
6960,2016-01-26,04:45:00,253,5,6244
6961,2016-01-26,04:56:00,387,2,6245
6962,2016-01-26,04:59:00,119,2,6246
6963,2016-01-26,05:00:00,440,3,6247
6964,2016-01-26,05:05:00,10,1,6248
6965,2016-01-26,05:05:00,64,1,6249
6966,2016-01-26,05:07:00,28,1,6250
6967,2016-01-26,05:07:00,67,1,6251
6968,2016-01-26,05:08:00,136,2,6252
6969,2016-01-26,05:11:00,251,4,6253
6970,2016-01-26,05:21:00,457,1,6254
6971,2016-01-26,05:22:00,94,2,6255
6972,2016-01-26,05:37:00,398,3,6256
6973,2016-01-26,05:41:00,20,1,6257
6974,2016-01-26,05:46:00,286,2,6258
6975,2016-01-26,05:48:00,227,1,6259
6976,2016-01-26,05:49:00,415,2,6260
6977,2016-01-26,05:49:00,38,1,5542
6978,2016-01-26,05:49:00,157,1,6261
6979,2016-01-26,05:57:00,154,1,6262
6980,2016-01-26,05:59:00,81,2,6263
6981,2016-01-26,06:04:00,298,1,6264
6982,2016-01-26,06:05:00,398,3,6265
6983,2016-01-26,06:12:00,336,1,1118
6984,2016-01-26,06:12:00,411,1,6266
6985,2016-01-26,06:13:00,192,2,6267
6986,2016-01-26,06:19:00,224,2,6268
6987,2016-01-26,06:31:00,280,2,3540
6988,2016-01-26,06:32:00,396,2,6269
6989,2016-01-26,06:33:00,161,3,6270
6990,2016-01-26,06:36:00,338,2,6271
6991,2016-01-26,06:48:00,2,2,6272
6992,2016-01-26,06:54:00,57,1,6273
6993,2016-01-26,06:56:00,349,1,6274
6994,2016-01-26,06:58:00,13,1,6275
6995,2016-01-26,07:13:00,147,2,6276
6996,2016-01-26,07:14:00,197,1,6019
6997,2016-01-26,07:15:00,13,2,6277
6998,2016-01-26,07:18:00,68,1,6278
6999,2016-01-26,07:19:00,60,2,6279
7000,2016-01-26,07:23:00,256,1,6280
7001,2016-01-26,07:24:00,33,2,6281
7002,2016-01-26,07:25:00,404,2,6282
7003,2016-01-26,07:26:00,90,3,6283
7004,2016-01-26,07:34:00,129,1,6284
7005,2016-01-26,07:35:00,156,1,6285
7006,2016-01-26,07:37:00,85,2,6286
7007,2016-01-26,07:41:00,2,4,6287
7008,2016-01-26,07:43:00,373,4,6288
7009,2016-01-26,07:52:00,396,2,6289
7010,2016-01-26,07:59:00,347,2,6290
7011,2016-01-26,07:59:00,204,2,6291
7012,2016-01-26,08:05:00,85,1,6292
7013,2016-01-26,08:06:00,390,3,6293
7014,2016-01-26,08:09:00,231,2,6294
7015,2016-01-26,08:29:00,129,2,6295
7016,2016-01-26,08:39:00,135,1,3785
7017,2016-01-26,08:44:00,35,2,6296
7018,2016-01-26,08:47:00,242,5,6297
7019,2016-01-26,08:50:00,36,1,6298
7020,2016-01-26,08:51:00,303,2,6299
7021,2016-01-26,08:53:00,294,1,6300
7022,2016-01-26,08:56:00,16,1,4230
7023,2016-01-26,09:01:00,194,2,6301
7024,2016-01-26,09:03:00,28,3,6302
7025,2016-01-26,09:15:00,154,2,6303
7026,2016-01-26,09:18:00,79,3,3229
7027,2016-01-26,09:20:00,379,3,6304
7028,2016-01-26,09:22:00,92,3,6305
7029,2016-01-26,09:28:00,414,3,6306
7030,2016-01-26,09:28:00,23,2,6307
7031,2016-01-26,09:33:00,293,3,6308
7032,2016-01-26,09:35:00,310,2,6309
7033,2016-01-26,09:44:00,29,1,6310
7034,2016-01-26,10:01:00,357,2,6311
7035,2016-01-26,10:01:00,167,3,6312
7036,2016-01-26,10:06:00,355,1,4965
7037,2016-01-26,10:07:00,26,2,303
7038,2016-01-26,10:14:00,170,3,6313
7039,2016-01-26,10:25:00,450,2,6314
7040,2016-01-26,10:28:00,450,5,6315
7041,2016-01-26,10:36:00,21,2,6316
7042,2016-01-26,10:38:00,455,3,6317
7043,2016-01-26,10:46:00,231,2,6318
7044,2016-01-26,10:46:00,126,2,6319
7045,2016-01-26,10:54:00,167,3,6320
7046,2016-01-26,10:57:00,195,2,6321
7047,2016-01-26,11:08:00,435,2,6322
7048,2016-01-26,11:19:00,300,2,6323
7049,2016-01-26,11:21:00,455,2,6324
7050,2016-01-26,11:28:00,215,4,2587
7051,2016-01-26,11:32:00,130,1,6325
7052,2016-01-26,11:33:00,282,3,6326
7053,2016-01-26,11:35:00,88,2,6327
7054,2016-01-26,11:40:00,420,2,6328
7055,2016-01-26,11:42:00,104,1,6329
7056,2016-01-26,11:52:00,345,2,6330
7057,2016-01-26,12:00:00,329,2,6331
7058,2016-01-26,12:01:00,394,1,6332
7059,2016-01-26,12:03:00,190,2,6333
7060,2016-01-26,12:12:00,303,1,6334
7061,2016-01-26,12:13:00,158,1,6335
7062,2016-01-26,12:21:00,350,2,6336
7063,2016-01-26,12:24:00,345,2,6337
7064,2016-01-26,12:24:00,160,3,6179
7065,2016-01-26,12:28:00,153,2,6338
7066,2016-01-26,12:28:00,130,2,6339
7067,2016-01-26,12:29:00,77,1,6340
7068,2016-01-26,12:30:00,274,1,6341
7069,2016-01-26,12:50:00,288,1,6342
7070,2016-01-26,12:52:00,115,5,6343
7071,2016-01-26,12:57:00,380,3,6344
7072,2016-01-26,13:01:00,184,2,6345
7073,2016-01-26,13:01:00,317,2,6346
7074,2016-01-26,13:15:00,288,2,6347
7075,2016-01-26,13:37:00,165,2,5914
7076,2016-01-26,13:41:00,320,1,6348
7077,2016-01-26,13:44:00,161,2,6349
7078,2016-01-26,13:45:00,346,1,6350
7079,2016-01-26,13:48:00,250,4,6351
7080,2016-01-26,13:58:00,129,1,6352
7081,2016-01-26,14:04:00,425,2,6353
7082,2016-01-26,14:06:00,361,3,6354
7083,2016-01-26,14:24:00,400,2,6355
7084,2016-01-26,14:30:00,9,4,6356
7085,2016-01-26,14:33:00,299,1,6357
7086,2016-01-26,14:37:00,353,3,6358
7087,2016-01-26,14:39:00,87,1,6359
7088,2016-01-26,14:41:00,255,2,4034
7089,2016-01-26,14:45:00,91,3,6360
7090,2016-01-26,14:53:00,35,2,6361
7091,2016-01-26,14:53:00,417,2,6362
7092,2016-01-26,14:54:00,31,2,6363
7093,2016-01-26,14:54:00,250,3,1438
7094,2016-01-26,15:07:00,389,2,6364
7095,2016-01-26,15:14:00,385,1,6365
7096,2016-01-26,15:19:00,265,1,6366
7097,2016-01-26,15:38:00,59,2,6367
7098,2016-01-26,15:43:00,342,1,4673
7099,2016-01-26,15:49:00,68,1,6368
7100,2016-01-26,15:52:00,265,2,6369
7101,2016-01-26,15:56:00,120,3,6370
7102,2016-01-26,16:02:00,208,2,6371
7103,2016-01-26,16:05:00,324,2,6372
7104,2016-01-26,16:13:00,137,3,6373
7105,2016-01-26,16:18:00,445,1,6374
7106,2016-01-26,16:21:00,85,1,6375
7107,2016-01-26,16:35:00,350,1,6376
7108,2016-01-26,17:05:00,165,4,6377
7109,2016-01-26,17:07:00,138,3,6378
7110,2016-01-26,17:10:00,94,1,6379
7111,2016-01-26,17:16:00,369,3,6380
7112,2016-01-26,17:19:00,303,2,6381
7113,2016-01-26,17:25:00,204,2,6382
7114,2016-01-26,17:27:00,442,5,6383
7115,2016-01-26,17:29:00,206,1,6384
7116,2016-01-26,17:33:00,112,1,6385
7117,2016-01-26,17:35:00,320,1,6386
7118,2016-01-26,17:48:00,147,2,6387
7119,2016-01-26,17:48:00,89,2,6388
7120,2016-01-26,17:50:00,400,1,6389
7121,2016-01-26,17:50:00,31,2,6390
7122,2016-01-26,17:51:00,215,1,6391
7123,2016-01-26,18:02:00,406,1,6392
7124,2016-01-26,18:02:00,281,3,6393
7125,2016-01-26,18:05:00,451,1,6394
7126,2016-01-26,18:11:00,237,1,3009
7127,2016-01-26,18:21:00,236,4,6395
7128,2016-01-26,18:22:00,238,1,6396
7129,2016-01-26,18:22:00,337,4,6397
7130,2016-01-26,18:31:00,270,2,6398
7131,2016-01-26,18:39:00,323,1,6399
7132,2016-01-26,18:43:00,443,1,1768
7133,2016-01-26,18:44:00,98,1,6400
7134,2016-01-26,18:57:00,95,1,3109
7135,2016-01-26,19:04:00,271,1,6401
7136,2016-01-26,19:18:00,8,1,6402
7137,2016-01-26,19:25:00,218,2,6403
7138,2016-01-26,19:32:00,20,1,6404
7139,2016-01-26,19:32:00,44,4,6405
7140,2016-01-26,19:38:00,166,3,6406
7141,2016-01-26,19:39:00,402,3,6407
7142,2016-01-26,19:45:00,441,2,6408
7143,2016-01-26,19:48:00,96,1,6409
7144,2016-01-26,19:51:00,64,2,6410
7145,2016-01-26,20:00:00,17,2,6411
7146,2016-01-26,20:04:00,75,2,6412
7147,2016-01-26,20:10:00,327,2,6413
7148,2016-01-26,20:14:00,416,2,6414
7149,2016-01-26,20:20:00,285,3,6415
7150,2016-01-26,20:23:00,458,1,6416
7151,2016-01-26,20:34:00,326,1,6417
7152,2016-01-26,20:38:00,109,3,6418
7153,2016-01-26,20:40:00,81,2,6419
7154,2016-01-26,20:50:00,260,1,6420
7155,2016-01-26,20:55:00,266,2,6421
7156,2016-01-26,21:04:00,387,1,6422
7157,2016-01-26,21:15:00,64,2,6423
7158,2016-01-26,21:21:00,442,2,6424
7159,2016-01-26,21:24:00,455,3,6425
7160,2016-01-26,21:25:00,438,3,6426
7161,2016-01-26,21:28:00,163,3,6427
7162,2016-01-26,21:31:00,51,2,134
7163,2016-01-26,21:32:00,88,2,6428
7164,2016-01-26,21:39:00,302,3,6429
7165,2016-01-26,21:41:00,385,2,6430
7166,2016-01-26,21:46:00,401,1,6431
7167,2016-01-26,21:54:00,204,1,6432
7168,2016-01-26,21:54:00,62,2,6433
7169,2016-01-26,21:55:00,102,3,5383
7170,2016-01-26,21:56:00,53,1,6434
7171,2016-01-26,21:56:00,144,2,3600
7172,2016-01-26,22:05:00,1,2,6435
7173,2016-01-26,22:21:00,119,1,6436
7174,2016-01-26,22:28:00,7,4,6437
7175,2016-01-26,22:30:00,4,2,6438
7176,2016-01-26,22:34:00,234,1,6439
7177,2016-01-26,22:40:00,432,1,1152
7178,2016-01-26,22:41:00,392,3,6440
7179,2016-01-26,23:03:00,61,6,6441
7180,2016-01-26,23:05:00,432,3,6442
7181,2016-01-26,23:19:00,159,1,6443
7182,2016-01-26,23:31:00,426,2,6444
7183,2016-01-26,23:35:00,212,3,6445
7184,2016-01-26,23:38:00,287,2,6446
7185,2016-01-26,23:38:00,403,3,6447
7186,2016-01-26,23:46:00,304,2,6448
7187,2016-01-26,23:49:00,458,1,6449
7188,2016-01-26,23:49:00,48,2,6450
7189,2016-01-26,23:50:00,327,2,6451
7190,2016-01-26,23:52:00,19,2,6452
7191,2016-01-26,23:55:00,188,3,6453
7192,2016-01-26,23:57:00,24,1,6454
7193,2016-01-27,00:01:00,91,2,6455
7194,2016-01-27,00:02:00,327,1,6456
7195,2016-01-27,00:04:00,332,1,6457
7196,2016-01-27,00:06:00,290,3,6458
7197,2016-01-27,00:10:00,96,3,6459
7198,2016-01-27,00:24:00,359,1,6460
7199,2016-01-27,00:26:00,359,3,6461
7200,2016-01-27,00:37:00,385,2,6462
7201,2016-01-27,00:40:00,228,3,6463
7202,2016-01-27,00:50:00,116,1,365
7203,2016-01-27,01:06:00,225,2,6464
7204,2016-01-27,01:07:00,195,2,6465
7205,2016-01-27,01:14:00,24,2,6466
7206,2016-01-27,01:41:00,66,1,6467
7207,2016-01-27,01:43:00,73,2,6468
7208,2016-01-27,01:46:00,145,1,6469
7209,2016-01-27,01:49:00,50,1,6470
7210,2016-01-27,01:53:00,231,3,6471
7211,2016-01-27,01:55:00,146,3,6472
7212,2016-01-27,02:01:00,331,1,6473
7213,2016-01-27,02:08:00,295,1,6474
7214,2016-01-27,02:11:00,441,1,6475
7215,2016-01-27,02:17:00,241,2,6476
7216,2016-01-27,02:35:00,94,1,6477
7217,2016-01-27,02:39:00,375,1,6478
7218,2016-01-27,02:41:00,67,1,6479
7219,2016-01-27,02:44:00,428,4,6480
7220,2016-01-27,02:45:00,9,2,6481
7221,2016-01-27,02:48:00,303,2,6482
7222,2016-01-27,02:49:00,350,1,6483
7223,2016-01-27,02:50:00,394,4,6484
7224,2016-01-27,02:51:00,405,6,6485
7225,2016-01-27,02:51:00,207,2,6486
7226,2016-01-27,02:52:00,106,2,6487
7227,2016-01-27,03:02:00,230,4,6488
7228,2016-01-27,03:05:00,6,1,6489
7229,2016-01-27,03:10:00,76,1,6490
7230,2016-01-27,03:15:00,365,1,6491
7231,2016-01-27,03:28:00,116,1,6492
7232,2016-01-27,03:32:00,260,2,5313
7233,2016-01-27,03:38:00,33,3,6493
7234,2016-01-27,03:49:00,189,2,6494
7235,2016-01-27,03:49:00,339,3,6495
7236,2016-01-27,04:19:00,10,1,6496
7237,2016-01-27,04:22:00,212,1,6497
7238,2016-01-27,04:41:00,393,1,6498
7239,2016-01-27,04:49:00,6,2,6499
7240,2016-01-27,04:51:00,75,2,6500
7241,2016-01-27,04:51:00,37,3,6501
7242,2016-01-27,04:52:00,87,1,6502
7243,2016-01-27,04:52:00,200,2,6503
7244,2016-01-27,05:04:00,424,1,6504
7245,2016-01-27,05:04:00,381,2,6505
7246,2016-01-27,05:05:00,270,2,6506
7247,2016-01-27,05:10:00,135,3,6507
7248,2016-01-27,05:10:00,269,4,6508
7249,2016-01-27,05:23:00,62,2,21
7250,2016-01-27,05:24:00,69,2,6509
7251,2016-01-27,05:31:00,90,3,6510
7252,2016-01-27,05:36:00,324,3,6511
7253,2016-01-27,05:42:00,38,3,6512
7254,2016-01-27,05:57:00,174,3,6513
7255,2016-01-27,06:00:00,415,1,1406
7256,2016-01-27,06:10:00,5,1,6514
7257,2016-01-27,06:11:00,212,1,6515
7258,2016-01-27,06:15:00,393,1,6516
7259,2016-01-27,06:26:00,95,2,6517
7260,2016-01-27,06:43:00,198,2,6518
7261,2016-01-27,06:44:00,241,1,6519
7262,2016-01-27,06:45:00,209,1,6520
7263,2016-01-27,07:06:00,407,1,6521
7264,2016-01-27,07:12:00,69,1,6522
7265,2016-01-27,07:24:00,16,4,6523
7266,2016-01-27,07:36:00,346,1,6524
7267,2016-01-27,07:39:00,280,3,6525
7268,2016-01-27,07:49:00,155,1,6526
7269,2016-01-27,07:52:00,136,2,974
7270,2016-01-27,07:57:00,445,1,6527
7271,2016-01-27,07:57:00,435,1,6528
7272,2016-01-27,07:58:00,215,2,6529
7273,2016-01-27,08:01:00,123,1,6530
7274,2016-01-27,08:11:00,74,2,6531
7275,2016-01-27,08:15:00,216,2,6532
7276,2016-01-27,08:15:00,240,2,6533
7277,2016-01-27,08:16:00,223,3,6534
7278,2016-01-27,08:20:00,42,1,6535
7279,2016-01-27,08:23:00,406,2,6536
7280,2016-01-27,08:23:00,63,2,6038
7281,2016-01-27,08:25:00,82,1,6537
7282,2016-01-27,08:26:00,111,3,6538
7283,2016-01-27,08:45:00,71,1,6539
7284,2016-01-27,08:48:00,81,2,6540
7285,2016-01-27,08:54:00,273,1,6541
7286,2016-01-27,08:57:00,298,3,6542
7287,2016-01-27,09:02:00,50,4,6543
7288,2016-01-27,09:11:00,347,1,6544
7289,2016-01-27,09:12:00,182,2,6545
7290,2016-01-27,09:14:00,273,3,6546
7291,2016-01-27,09:16:00,426,2,6547
7292,2016-01-27,09:24:00,448,2,6548
7293,2016-01-27,09:40:00,208,1,6549
7294,2016-01-27,09:42:00,71,3,6550
7295,2016-01-27,09:45:00,177,1,6551
7296,2016-01-27,09:46:00,363,1,2439
7297,2016-01-27,09:49:00,192,2,2565
7298,2016-01-27,09:52:00,268,2,6552
7299,2016-01-27,09:52:00,4,3,6553
7300,2016-01-27,09:58:00,152,1,6554
7301,2016-01-27,10:02:00,303,1,6555
7302,2016-01-27,10:04:00,265,1,6556
7303,2016-01-27,10:08:00,450,3,6557
7304,2016-01-27,10:10:00,173,2,6558
7305,2016-01-27,10:10:00,312,3,6559
7306,2016-01-27,10:10:00,236,2,6560
7307,2016-01-27,10:15:00,390,1,6561
7308,2016-01-27,10:16:00,123,3,6562
7309,2016-01-27,10:28:00,83,1,6563
7310,2016-01-27,10:39:00,189,1,6564
7311,2016-01-27,10:40:00,321,1,865
7312,2016-01-27,10:43:00,32,3,6565
7313,2016-01-27,10:46:00,124,2,6566
7314,2016-01-27,10:52:00,302,2,6567
7315,2016-01-27,10:56:00,307,1,5846
7316,2016-01-27,10:58:00,227,3,6568
7317,2016-01-27,10:59:00,293,2,6569
7318,2016-01-27,11:00:00,188,3,6570
7319,2016-01-27,11:04:00,166,3,6571
7320,2016-01-27,11:06:00,25,2,6572
7321,2016-01-27,11:09:00,350,2,6573
7322,2016-01-27,11:09:00,121,2,6574
7323,2016-01-27,11:20:00,37,2,6575
7324,2016-01-27,11:23:00,129,2,6256
7325,2016-01-27,11:36:00,132,2,2682
7326,2016-01-27,11:38:00,33,1,6576
7327,2016-01-27,11:56:00,281,2,6577
7328,2016-01-27,11:57:00,228,1,6578
7329,2016-01-27,12:05:00,421,3,6579
7330,2016-01-27,12:07:00,59,1,919
7331,2016-01-27,12:08:00,254,1,6580
7332,2016-01-27,12:09:00,4,3,6581
7333,2016-01-27,12:16:00,349,3,6582
7334,2016-01-27,12:19:00,244,1,6583
7335,2016-01-27,12:26:00,197,2,2104
7336,2016-01-27,12:32:00,444,2,6584
7337,2016-01-27,12:42:00,6,1,6585
7338,2016-01-27,12:50:00,260,1,6586
7339,2016-01-27,12:51:00,148,3,6587
7340,2016-01-27,12:53:00,379,3,6588
7341,2016-01-27,13:00:00,310,2,6589
7342,2016-01-27,13:03:00,408,2,6590
7343,2016-01-27,13:04:00,384,2,6591
7344,2016-01-27,13:06:00,245,2,6592
7345,2016-01-27,13:10:00,86,3,6593
7346,2016-01-27,13:21:00,364,2,6594
7347,2016-01-27,13:28:00,201,3,6595
7348,2016-01-27,13:32:00,402,2,2790
7349,2016-01-27,13:39:00,216,2,6596
7350,2016-01-27,13:47:00,124,3,6597
7351,2016-01-27,13:48:00,13,2,6598
7352,2016-01-27,13:53:00,130,5,6599
7353,2016-01-27,14:02:00,39,4,6600
7354,2016-01-27,14:05:00,281,1,6601
7355,2016-01-27,14:06:00,261,3,6602
7356,2016-01-27,14:08:00,26,2,6603
7357,2016-01-27,14:16:00,120,1,6604
7358,2016-01-27,14:18:00,403,2,6605
7359,2016-01-27,14:22:00,252,3,6606
7360,2016-01-27,14:33:00,238,2,6607
7361,2016-01-27,14:38:00,337,2,6608
7362,2016-01-27,14:47:00,64,1,6609
7363,2016-01-27,14:50:00,36,2,6610
7364,2016-01-27,14:54:00,222,3,6611
7365,2016-01-27,14:56:00,423,2,4307
7366,2016-01-27,15:02:00,319,1,6612
7367,2016-01-27,15:06:00,310,2,6613
7368,2016-01-27,15:13:00,343,1,6614
7369,2016-01-27,15:16:00,28,2,4796
7370,2016-01-27,15:17:00,221,1,6615
7371,2016-01-27,15:18:00,142,2,6616
7372,2016-01-27,15:25:00,344,3,6617
7373,2016-01-27,15:29:00,178,3,6618
7374,2016-01-27,15:32:00,446,1,6619
7375,2016-01-27,15:36:00,236,4,6620
7376,2016-01-27,15:39:00,21,2,6621
7377,2016-01-27,15:41:00,332,1,6622
7378,2016-01-27,15:56:00,272,1,6623
7379,2016-01-27,16:02:00,17,1,6624
7380,2016-01-27,16:05:00,192,2,6625
7381,2016-01-27,16:17:00,414,1,6626
7382,2016-01-27,16:21:00,65,2,6627
7383,2016-01-27,16:24:00,140,1,6628
7384,2016-01-27,16:27:00,22,4,6629
7385,2016-01-27,16:34:00,446,4,5991
7386,2016-01-27,16:36:00,5,1,6630
7387,2016-01-27,16:48:00,393,1,6631
7388,2016-01-27,17:00:00,30,2,6632
7389,2016-01-27,17:02:00,225,3,6633
7390,2016-01-27,17:07:00,181,1,6634
7391,2016-01-27,17:09:00,94,2,6635
7392,2016-01-27,17:16:00,239,2,5246
7393,2016-01-27,17:19:00,290,3,6636
7394,2016-01-27,17:22:00,240,3,6637
7395,2016-01-27,17:24:00,117,2,6638
7396,2016-01-27,17:29:00,117,1,6639
7397,2016-01-27,17:45:00,105,2,6640
7398,2016-01-27,17:49:00,428,3,6641
7399,2016-01-27,17:52:00,421,3,4387
7400,2016-01-27,18:06:00,247,4,6642
7401,2016-01-27,18:16:00,217,1,6643
7402,2016-01-27,18:18:00,331,1,6644
7403,2016-01-27,18:19:00,17,3,6645
7404,2016-01-27,18:26:00,228,4,6646
7405,2016-01-27,18:53:00,451,2,6647
7406,2016-01-27,18:58:00,107,1,759
7407,2016-01-27,19:01:00,67,2,6648
7408,2016-01-27,19:04:00,37,2,6649
7409,2016-01-27,19:15:00,89,3,6650
7410,2016-01-27,19:27:00,306,2,6651
7411,2016-01-27,19:31:00,44,1,6652
7412,2016-01-27,19:32:00,82,2,6653
7413,2016-01-27,19:33:00,74,3,6654
7414,2016-01-27,19:43:00,22,5,6655
7415,2016-01-27,19:51:00,368,3,6656
7416,2016-01-27,19:53:00,32,2,6657
7417,2016-01-27,19:54:00,312,2,6658
7418,2016-01-27,19:56:00,447,2,6659
7419,2016-01-27,20:05:00,160,3,6660
7420,2016-01-27,20:05:00,217,1,6661
7421,2016-01-27,20:11:00,319,3,6662
7422,2016-01-27,20:20:00,118,3,174
7423,2016-01-27,20:35:00,410,2,6663
7424,2016-01-27,20:42:00,402,2,6664
7425,2016-01-27,20:44:00,231,1,273
7426,2016-01-27,21:03:00,7,1,6665
7427,2016-01-27,21:03:00,126,4,6666
7428,2016-01-27,21:12:00,260,1,6667
7429,2016-01-27,21:12:00,400,2,6668
7430,2016-01-27,21:13:00,78,1,6669
7431,2016-01-27,21:19:00,26,1,6670
7432,2016-01-27,21:30:00,428,3,6671
7433,2016-01-27,21:32:00,233,1,6672
7434,2016-01-27,21:39:00,418,2,4735
7435,2016-01-27,21:44:00,71,2,6673
7436,2016-01-27,21:53:00,429,3,415
7437,2016-01-27,21:56:00,271,2,6674
7438,2016-01-27,22:08:00,453,2,6675
7439,2016-01-27,22:08:00,415,5,6676
7440,2016-01-27,22:11:00,310,1,6677
7441,2016-01-27,22:12:00,156,1,5377
7442,2016-01-27,22:14:00,40,4,6678
7443,2016-01-27,22:26:00,108,2,6679
7444,2016-01-27,22:30:00,356,5,6680
7445,2016-01-27,22:32:00,450,1,6681
7446,2016-01-27,22:36:00,224,3,6682
7447,2016-01-27,22:45:00,88,4,6683
7448,2016-01-27,22:52:00,353,1,2002
7449,2016-01-27,22:52:00,396,2,6684
7450,2016-01-27,22:53:00,92,3,6685
7451,2016-01-27,22:57:00,449,2,6686
7452,2016-01-27,23:07:00,106,2,6687
7453,2016-01-27,23:18:00,351,2,5578
7454,2016-01-27,23:21:00,137,2,6688
7455,2016-01-27,23:22:00,378,1,6689
7456,2016-01-27,23:22:00,262,2,4118
7457,2016-01-27,23:28:00,339,1,6690
7458,2016-01-27,23:38:00,315,1,6691
7459,2016-01-27,23:43:00,324,3,6692
7460,2016-01-27,23:45:00,166,3,2080
7461,2016-01-27,23:50:00,208,3,6693
7462,2016-01-27,23:50:00,183,2,5953
7463,2016-01-27,23:52:00,334,2,3115
7464,2016-01-28,00:09:00,157,3,6694
7465,2016-01-28,00:14:00,80,4,6695
7466,2016-01-28,00:14:00,199,3,6696
7467,2016-01-28,00:20:00,53,4,6697
7468,2016-01-28,00:29:00,333,3,6698
7469,2016-01-28,00:32:00,219,2,6699
7470,2016-01-28,00:33:00,248,3,6700
7471,2016-01-28,00:39:00,56,1,6701
7472,2016-01-28,00:42:00,257,2,6702
7473,2016-01-28,00:50:00,245,3,1354
7474,2016-01-28,00:54:00,93,3,6703
7475,2016-01-28,00:58:00,355,2,6704
7476,2016-01-28,01:00:00,153,3,6705
7477,2016-01-28,01:01:00,208,3,6706
7478,2016-01-28,01:05:00,17,1,6707
7479,2016-01-28,01:06:00,252,1,6708
7480,2016-01-28,01:07:00,429,4,6709
7481,2016-01-28,01:08:00,42,3,6710
7482,2016-01-28,01:11:00,45,2,6711
7483,2016-01-28,01:17:00,89,2,6712
7484,2016-01-28,01:25:00,209,2,6713
7485,2016-01-28,01:37:00,64,1,6714
7486,2016-01-28,01:38:00,235,3,6715
7487,2016-01-28,01:43:00,238,2,6716
7488,2016-01-28,01:47:00,79,1,2990
7489,2016-01-28,01:58:00,9,2,6717
7490,2016-01-28,02:05:00,251,4,6718
7491,2016-01-28,02:13:00,56,2,6719
7492,2016-01-28,02:14:00,72,3,6720
7493,2016-01-28,02:24:00,257,1,6721
7494,2016-01-28,02:24:00,91,3,6722
7495,2016-01-28,02:27:00,113,3,6723
7496,2016-01-28,02:31:00,176,2,6724
7497,2016-01-28,02:32:00,341,2,6725
7498,2016-01-28,02:36:00,333,2,6726
7499,2016-01-28,02:37:00,139,1,6727
7500,2016-01-28,02:43:00,146,1,6728
7501,2016-01-28,02:46:00,196,1,6729
7502,2016-01-28,03:07:00,155,2,6730
7503,2016-01-28,03:07:00,354,2,6731
7504,2016-01-28,03:11:00,128,4,6732
7505,2016-01-28,03:16:00,442,1,6733
7506,2016-01-28,03:16:00,85,3,6734
7507,2016-01-28,03:23:00,433,1,6735
7508,2016-01-28,03:35:00,331,3,3367
7509,2016-01-28,03:35:00,88,4,6736
7510,2016-01-28,03:38:00,3,3,6737
7511,2016-01-28,03:44:00,262,2,3656
7512,2016-01-28,03:50:00,332,1,6738
7513,2016-01-28,03:51:00,371,1,6739
7514,2016-01-28,04:08:00,109,4,6740
7515,2016-01-28,04:09:00,142,1,6741
7516,2016-01-28,04:09:00,209,1,4345
7517,2016-01-28,04:10:00,392,4,6742
7518,2016-01-28,04:20:00,173,3,103
7519,2016-01-28,04:24:00,239,1,6743
7520,2016-01-28,04:33:00,420,3,6744
7521,2016-01-28,04:37:00,11,2,6745
7522,2016-01-28,04:39:00,208,2,6746
7523,2016-01-28,04:45:00,140,2,6747
7524,2016-01-28,04:46:00,406,2,6748
7525,2016-01-28,04:49:00,133,3,6247
7526,2016-01-28,05:03:00,444,4,6749
7527,2016-01-28,05:12:00,234,1,6750
7528,2016-01-28,05:12:00,402,1,6751
7529,2016-01-28,05:14:00,385,1,6752
7530,2016-01-28,05:22:00,184,2,1718
7531,2016-01-28,05:23:00,113,3,6753
7532,2016-01-28,05:27:00,395,3,6754
7533,2016-01-28,05:31:00,73,1,6755
7534,2016-01-28,05:34:00,232,2,6756
7535,2016-01-28,05:39:00,216,1,6757
7536,2016-01-28,05:50:00,313,2,6758
7537,2016-01-28,05:55:00,379,1,6759
7538,2016-01-28,05:56:00,85,1,6760
7539,2016-01-28,05:56:00,399,1,6638
7540,2016-01-28,06:25:00,226,3,6761
7541,2016-01-28,06:29:00,195,2,6762
7542,2016-01-28,06:36:00,248,1,6763
7543,2016-01-28,06:37:00,244,2,6764
7544,2016-01-28,06:38:00,146,3,6765
7545,2016-01-28,06:41:00,122,2,6766
7546,2016-01-28,06:47:00,201,2,6767
7547,2016-01-28,06:53:00,263,2,6768
7548,2016-01-28,07:03:00,239,1,6769
7549,2016-01-28,07:08:00,418,1,6770
7550,2016-01-28,07:20:00,206,2,6771
7551,2016-01-28,07:22:00,75,1,6772
7552,2016-01-28,07:28:00,303,1,6773
7553,2016-01-28,07:39:00,313,2,6774
7554,2016-01-28,07:43:00,261,3,6775
7555,2016-01-28,07:46:00,86,4,6028
7556,2016-01-28,07:50:00,312,2,3049
7557,2016-01-28,07:51:00,382,1,6776
7558,2016-01-28,07:54:00,53,3,6777
7559,2016-01-28,08:16:00,216,2,6778
7560,2016-01-28,08:20:00,78,2,6779
7561,2016-01-28,08:28:00,327,3,6780
7562,2016-01-28,08:29:00,256,1,6781
7563,2016-01-28,08:36:00,443,1,6782
7564,2016-01-28,08:42:00,399,2,6783
7565,2016-01-28,08:42:00,177,1,6784
7566,2016-01-28,08:56:00,424,3,6785
7567,2016-01-28,08:58:00,359,2,6786
7568,2016-01-28,08:58:00,50,2,6787
7569,2016-01-28,09:01:00,129,1,6788
7570,2016-01-28,09:12:00,403,1,6789
7571,2016-01-28,09:21:00,388,2,6790
7572,2016-01-28,09:37:00,137,1,6791
7573,2016-01-28,09:38:00,126,4,6792
7574,2016-01-28,09:39:00,320,2,6793
7575,2016-01-28,09:40:00,334,2,6794
7576,2016-01-28,09:51:00,316,1,6795
7577,2016-01-28,09:53:00,404,2,6796
7578,2016-01-28,09:55:00,286,3,6797
7579,2016-01-28,10:06:00,201,3,6798
7580,2016-01-28,10:11:00,262,3,6799
7581,2016-01-28,10:14:00,102,1,6800
7582,2016-01-28,10:21:00,97,1,6801
7583,2016-01-28,10:26:00,247,2,6802
7584,2016-01-28,10:40:00,178,2,6803
7585,2016-01-28,10:47:00,378,2,3678
7586,2016-01-28,10:59:00,22,1,3284
7587,2016-01-28,10:59:00,331,2,6804
7588,2016-01-28,11:00:00,201,1,6805
7589,2016-01-28,11:13:00,212,1,6806
7590,2016-01-28,11:23:00,63,2,6807
7591,2016-01-28,11:27:00,228,1,6808
7592,2016-01-28,11:42:00,42,1,6809
7593,2016-01-28,11:52:00,349,1,6810
7594,2016-01-28,12:05:00,433,1,6811
7595,2016-01-28,12:14:00,71,1,6810
7596,2016-01-28,12:16:00,8,2,6812
7597,2016-01-28,12:34:00,99,3,6813
7598,2016-01-28,12:37:00,313,3,6814
7599,2016-01-28,12:44:00,111,1,6815
7600,2016-01-28,12:54:00,176,2,6816
7601,2016-01-28,12:54:00,225,2,6817
7602,2016-01-28,13:06:00,69,1,6818
7603,2016-01-28,13:06:00,134,2,6819
7604,2016-01-28,13:10:00,398,2,6820
7605,2016-01-28,13:11:00,147,1,6821
7606,2016-01-28,13:15:00,229,2,6822
7607,2016-01-28,13:29:00,29,2,6823
7608,2016-01-28,13:34:00,456,2,6824
7609,2016-01-28,13:37:00,175,3,2725
7610,2016-01-28,13:39:00,370,1,6825
7611,2016-01-28,13:40:00,100,1,6826
7612,2016-01-28,13:40:00,224,1,6827
7613,2016-01-28,13:46:00,422,1,6828
7614,2016-01-28,13:52:00,67,2,6829
7615,2016-01-28,14:03:00,264,2,6830
7616,2016-01-28,14:09:00,419,1,6831
7617,2016-01-28,14:39:00,236,5,6832
7618,2016-01-28,14:44:00,213,2,6833
7619,2016-01-28,14:44:00,442,2,6834
7620,2016-01-28,14:47:00,190,3,6835
7621,2016-01-28,14:56:00,273,2,6836
7622,2016-01-28,15:06:00,108,1,6837
7623,2016-01-28,15:07:00,309,1,6838
7624,2016-01-28,15:08:00,235,4,4778
7625,2016-01-28,15:20:00,251,2,6839
7626,2016-01-28,15:24:00,290,2,6840
7627,2016-01-28,15:29:00,41,2,6841
7628,2016-01-28,15:36:00,113,3,6842
7629,2016-01-28,15:40:00,246,1,6843
7630,2016-01-28,15:52:00,433,6,6844
7631,2016-01-28,15:54:00,70,2,6845
7632,2016-01-28,16:09:00,141,2,3721
7633,2016-01-28,16:09:00,267,2,6846
7634,2016-01-28,16:13:00,116,1,6847
7635,2016-01-28,16:18:00,79,4,6848
7636,2016-01-28,16:23:00,56,1,6849
7637,2016-01-28,16:23:00,283,2,6850
7638,2016-01-28,16:26:00,91,1,6851
7639,2016-01-28,16:29:00,25,4,6852
7640,2016-01-28,16:32:00,167,2,6853
7641,2016-01-28,16:33:00,105,2,6854
7642,2016-01-28,16:42:00,109,4,1663
7643,2016-01-28,16:45:00,249,2,6855
7644,2016-01-28,16:47:00,332,2,6856
7645,2016-01-28,16:56:00,9,1,492
7646,2016-01-28,17:00:00,292,2,6857
7647,2016-01-28,17:03:00,176,1,6858
7648,2016-01-28,17:04:00,453,2,6859
7649,2016-01-28,17:05:00,107,1,6860
7650,2016-01-28,17:08:00,89,2,5442
7651,2016-01-28,17:16:00,41,1,4558
7652,2016-01-28,17:19:00,61,2,6861
7653,2016-01-28,17:22:00,173,2,6862
7654,2016-01-28,17:32:00,425,2,6863
7655,2016-01-28,17:39:00,417,2,6864
7656,2016-01-28,17:41:00,250,2,6865
7657,2016-01-28,17:49:00,46,1,6866
7658,2016-01-28,17:55:00,214,3,1028
7659,2016-01-28,18:01:00,421,4,6867
7660,2016-01-28,18:10:00,108,1,6868
7661,2016-01-28,18:13:00,335,2,6869
7662,2016-01-28,18:18:00,338,1,6870
7663,2016-01-28,18:33:00,351,2,6871
7664,2016-01-28,19:00:00,219,2,6872
7665,2016-01-28,19:05:00,374,1,1557
7666,2016-01-28,19:08:00,186,2,5954
7667,2016-01-28,19:09:00,4,3,6873
7668,2016-01-28,19:18:00,124,3,6874
7669,2016-01-28,19:27:00,81,4,6875
7670,2016-01-28,19:30:00,25,3,6876
7671,2016-01-28,19:35:00,243,2,4133
7672,2016-01-28,19:47:00,250,1,6877
7673,2016-01-28,20:00:00,115,2,6878
7674,2016-01-28,20:05:00,383,3,6879
7675,2016-01-28,20:05:00,316,1,6880
7676,2016-01-28,20:17:00,381,2,6074
7677,2016-01-28,20:18:00,85,1,6881
7678,2016-01-28,20:46:00,71,3,6882
7679,2016-01-28,20:50:00,254,1,6883
7680,2016-01-28,20:59:00,378,1,6884
7681,2016-01-28,20:59:00,53,2,6885
7682,2016-01-28,21:01:00,252,1,6886
7683,2016-01-28,21:03:00,381,4,6887
7684,2016-01-28,21:15:00,59,2,6888
7685,2016-01-28,21:18:00,252,2,6889
7686,2016-01-28,21:27:00,227,2,6890
7687,2016-01-28,21:32:00,344,1,3640
7688,2016-01-28,21:33:00,71,2,6891
7689,2016-01-28,21:34:00,238,1,6892
7690,2016-01-28,21:36:00,99,1,6893
7691,2016-01-28,21:50:00,67,2,6894
7692,2016-01-28,21:54:00,29,2,6895
7693,2016-01-28,21:55:00,305,2,6896
7694,2016-01-28,21:56:00,273,3,6897
7695,2016-01-28,22:02:00,93,2,6898
7696,2016-01-28,22:15:00,244,4,6899
7697,2016-01-28,22:28:00,72,4,1564
7698,2016-01-28,22:30:00,386,3,6900
7699,2016-01-28,22:46:00,110,1,6901
7700,2016-01-28,23:07:00,185,5,6902
7701,2016-01-28,23:13:00,93,1,6903
7702,2016-01-28,23:19:00,56,1,6904
7703,2016-01-28,23:25:00,376,2,6905
7704,2016-01-28,23:33:00,203,1,6906
7705,2016-01-28,23:38:00,433,3,6907
7706,2016-01-28,23:40:00,443,1,6908
7707,2016-01-28,23:41:00,365,3,6426
7708,2016-01-28,23:46:00,437,1,6909
7709,2016-01-28,23:50:00,82,3,6910
7710,2016-01-28,23:59:00,327,3,6911
7711,2016-01-29,00:00:00,25,1,6912
7712,2016-01-29,00:07:00,372,2,6913
7713,2016-01-29,00:08:00,78,1,6914
7714,2016-01-29,00:11:00,305,3,6915
7715,2016-01-29,00:25:00,131,2,6916
7716,2016-01-29,00:31:00,345,1,6917
7717,2016-01-29,00:42:00,220,2,6918
7718,2016-01-29,00:42:00,78,3,6919
7719,2016-01-29,00:44:00,114,1,6920
7720,2016-01-29,00:45:00,378,4,6921
7721,2016-01-29,00:46:00,307,2,6922
7722,2016-01-29,00:51:00,357,2,6923
7723,2016-01-29,00:57:00,125,2,6924
7724,2016-01-29,00:58:00,152,4,6925
7725,2016-01-29,01:00:00,252,1,6926
7726,2016-01-29,01:05:00,80,2,6927
7727,2016-01-29,01:07:00,273,1,5548
7728,2016-01-29,01:11:00,259,2,6928
7729,2016-01-29,01:16:00,441,3,6929
7730,2016-01-29,01:24:00,280,2,6930
7731,2016-01-29,01:26:00,128,1,2505
7732,2016-01-29,01:28:00,394,2,6931
7733,2016-01-29,01:31:00,29,1,2710
7734,2016-01-29,01:31:00,190,1,6932
7735,2016-01-29,01:40:00,70,2,6933
7736,2016-01-29,01:40:00,88,1,6934
7737,2016-01-29,01:42:00,89,2,6935
7738,2016-01-29,01:47:00,160,1,6936
7739,2016-01-29,01:55:00,340,1,6937
7740,2016-01-29,01:55:00,176,2,6938
7741,2016-01-29,02:21:00,293,3,6939
7742,2016-01-29,02:21:00,450,2,6940
7743,2016-01-29,02:25:00,77,1,6941
7744,2016-01-29,02:27:00,144,3,6942
7745,2016-01-29,02:43:00,402,1,6943
7746,2016-01-29,02:55:00,344,1,6944
7747,2016-01-29,02:57:00,369,3,6945
7748,2016-01-29,03:04:00,141,2,6946
7749,2016-01-29,03:07:00,9,1,6947
7750,2016-01-29,03:19:00,139,3,6948
7751,2016-01-29,03:19:00,267,1,6949
7752,2016-01-29,03:20:00,51,1,6950
7753,2016-01-29,03:25:00,328,4,6951
7754,2016-01-29,03:25:00,344,1,6952
7755,2016-01-29,03:26:00,269,1,6953
7756,2016-01-29,03:27:00,337,3,6954
7757,2016-01-29,03:39:00,421,2,6955
7758,2016-01-29,03:41:00,187,3,6956
7759,2016-01-29,03:44:00,309,1,6957
7760,2016-01-29,03:49:00,86,3,6958
7761,2016-01-29,03:51:00,307,1,6959
7762,2016-01-29,03:52:00,65,1,6960
7763,2016-01-29,03:55:00,410,2,6961
7764,2016-01-29,03:58:00,312,4,6962
7765,2016-01-29,04:02:00,231,1,6963
7766,2016-01-29,04:03:00,328,1,6964
7767,2016-01-29,04:06:00,147,2,6965
7768,2016-01-29,04:08:00,337,2,6966
7769,2016-01-29,04:11:00,245,1,6967
7770,2016-01-29,04:13:00,36,1,6968
7771,2016-01-29,04:17:00,366,2,6969
7772,2016-01-29,04:19:00,207,2,1108
7773,2016-01-29,04:19:00,114,1,6970
7774,2016-01-29,04:34:00,73,1,6971
7775,2016-01-29,04:36:00,196,1,6972
7776,2016-01-29,04:45:00,127,3,6973
7777,2016-01-29,04:50:00,251,1,6974
7778,2016-01-29,04:53:00,190,1,6975
7779,2016-01-29,05:08:00,16,1,6976
7780,2016-01-29,05:16:00,452,1,6977
7781,2016-01-29,05:20:00,1,2,6978
7782,2016-01-29,05:23:00,76,1,6979
7783,2016-01-29,05:27:00,271,2,6980
7784,2016-01-29,05:34:00,342,1,6620
7785,2016-01-29,05:39:00,222,1,379
7786,2016-01-29,05:44:00,136,1,4569
7787,2016-01-29,05:49:00,108,6,6644
7788,2016-01-29,05:53:00,132,3,6981
7789,2016-01-29,05:58:00,293,4,6982
7790,2016-01-29,06:04:00,61,2,6983
7791,2016-01-29,06:04:00,344,2,6984
7792,2016-01-29,06:07:00,237,1,6985
7793,2016-01-29,06:13:00,309,2,6986
7794,2016-01-29,06:16:00,72,1,6987
7795,2016-01-29,06:17:00,341,2,6570
7796,2016-01-29,06:24:00,181,1,6988
7797,2016-01-29,06:25:00,73,2,6989
7798,2016-01-29,06:44:00,294,1,6990
7799,2016-01-29,07:07:00,142,3,6991
7800,2016-01-29,07:07:00,38,4,6992
7801,2016-01-29,07:09:00,380,1,6993
7802,2016-01-29,07:18:00,356,6,6994
7803,2016-01-29,07:26:00,194,1,6995
7804,2016-01-29,07:32:00,422,2,6996
7805,2016-01-29,07:38:00,170,2,6997
7806,2016-01-29,07:39:00,414,2,6998
7807,2016-01-29,07:41:00,329,3,6999
7808,2016-01-29,07:44:00,48,1,7000
7809,2016-01-29,07:50:00,216,5,5795
7810,2016-01-29,07:50:00,164,3,7001
7811,2016-01-29,07:55:00,172,2,7002
7812,2016-01-29,08:10:00,349,2,7003
7813,2016-01-29,08:20:00,132,2,7004
7814,2016-01-29,08:23:00,316,3,7005
7815,2016-01-29,08:28:00,6,3,7006
7816,2016-01-29,08:37:00,428,1,7007
7817,2016-01-29,08:40:00,375,1,7008
7818,2016-01-29,08:47:00,180,1,7009
7819,2016-01-29,09:08:00,396,2,7010
7820,2016-01-29,09:15:00,300,1,7011
7821,2016-01-29,09:15:00,72,2,7012
7822,2016-01-29,09:18:00,81,2,7013
7823,2016-01-29,09:24:00,170,3,7014
7824,2016-01-29,09:24:00,177,2,7015
7825,2016-01-29,09:25:00,306,2,7016
7826,2016-01-29,09:31:00,134,2,7017
7827,2016-01-29,09:33:00,453,1,5180
7828,2016-01-29,09:38:00,450,2,7018
7829,2016-01-29,09:38:00,330,2,7019
7830,2016-01-29,09:39:00,42,2,7020
7831,2016-01-29,09:41:00,446,2,7021
7832,2016-01-29,09:44:00,214,2,7022
7833,2016-01-29,09:50:00,326,2,7023
7834,2016-01-29,09:50:00,286,1,7024
7835,2016-01-29,09:53:00,201,3,7025
7836,2016-01-29,10:00:00,116,2,5517
7837,2016-01-29,10:02:00,244,2,7026
7838,2016-01-29,10:19:00,172,2,7027
7839,2016-01-29,10:25:00,133,2,7028
7840,2016-01-29,10:34:00,180,2,7029
7841,2016-01-29,10:36:00,48,2,7030
7842,2016-01-29,10:48:00,380,2,2974
7843,2016-01-29,10:49:00,130,3,7031
7844,2016-01-29,10:59:00,166,2,7032
7845,2016-01-29,11:11:00,153,1,7033
7846,2016-01-29,11:19:00,195,4,7034
7847,2016-01-29,11:24:00,210,2,7035
7848,2016-01-29,11:27:00,52,2,706
7849,2016-01-29,11:28:00,414,1,7036
7850,2016-01-29,11:39:00,213,1,7037
7851,2016-01-29,11:59:00,186,1,7038
7852,2016-01-29,12:06:00,344,2,7039
7853,2016-01-29,12:16:00,268,1,7040
7854,2016-01-29,12:24:00,36,2,7041
7855,2016-01-29,12:24:00,240,3,3032
7856,2016-01-29,12:26:00,307,2,3292
7857,2016-01-29,12:34:00,302,4,7042
7858,2016-01-29,12:42:00,342,2,7043
7859,2016-01-29,12:50:00,420,1,7044
7860,2016-01-29,12:55:00,358,1,7045
7861,2016-01-29,12:58:00,102,1,2866
7862,2016-01-29,13:04:00,198,2,7046
7863,2016-01-29,13:17:00,99,2,7047
7864,2016-01-29,13:28:00,224,1,7048
7865,2016-01-29,13:29:00,210,1,7049
7866,2016-01-29,13:35:00,252,1,7050
7867,2016-01-29,13:37:00,135,1,7051
7868,2016-01-29,13:44:00,97,3,7052
7869,2016-01-29,13:44:00,376,3,7053
7870,2016-01-29,13:46:00,457,1,7054
7871,2016-01-29,13:48:00,12,1,7055
7872,2016-01-29,13:50:00,373,2,7056
7873,2016-01-29,13:52:00,14,1,7057
7874,2016-01-29,13:55:00,69,1,7058
7875,2016-01-29,14:14:00,418,2,7059
7876,2016-01-29,14:23:00,205,1,7060
7877,2016-01-29,14:30:00,243,3,7061
7878,2016-01-29,14:44:00,306,2,7062
7879,2016-01-29,14:49:00,26,2,7063
7880,2016-01-29,14:57:00,5,2,7064
7881,2016-01-29,15:26:00,177,3,7065
7882,2016-01-29,15:32:00,305,5,7066
7883,2016-01-29,15:34:00,192,2,7067
7884,2016-01-29,15:41:00,369,1,7068
7885,2016-01-29,15:55:00,142,2,7069
7886,2016-01-29,15:57:00,78,3,5267
7887,2016-01-29,15:58:00,46,4,7070
7888,2016-01-29,16:11:00,150,3,7071
7889,2016-01-29,16:15:00,380,1,7072
7890,2016-01-29,16:16:00,131,1,7073
7891,2016-01-29,16:16:00,213,2,5561
7892,2016-01-29,16:40:00,399,1,7074
7893,2016-01-29,16:41:00,186,3,7075
7894,2016-01-29,16:42:00,186,3,7076
7895,2016-01-29,16:46:00,406,3,7077
7896,2016-01-29,16:46:00,191,1,7078
7897,2016-01-29,16:47:00,427,1,7079
7898,2016-01-29,16:50:00,260,1,7080
7899,2016-01-29,16:50:00,394,1,7081
7900,2016-01-29,16:51:00,207,3,7082
7901,2016-01-29,17:00:00,14,1,7083
7902,2016-01-29,17:09:00,174,4,7084
7903,2016-01-29,17:12:00,173,2,7085
7904,2016-01-29,17:13:00,245,1,7086
7905,2016-01-29,17:13:00,66,1,7087
7906,2016-01-29,17:21:00,326,3,7088
7907,2016-01-29,17:21:00,386,2,7089
7908,2016-01-29,17:22:00,424,3,7090
7909,2016-01-29,17:24:00,177,1,7091
7910,2016-01-29,17:29:00,390,2,7092
7911,2016-01-29,17:38:00,234,3,7093
7912,2016-01-29,17:38:00,341,1,7094
7913,2016-01-29,17:40:00,15,1,7095
7914,2016-01-29,17:58:00,454,2,4055
7915,2016-01-29,17:58:00,356,1,7096
7916,2016-01-29,18:08:00,107,3,7097
7917,2016-01-29,18:37:00,229,1,7098
7918,2016-01-29,18:51:00,210,1,7099
7919,2016-01-29,18:55:00,314,2,7100
7920,2016-01-29,18:55:00,305,2,7101
7921,2016-01-29,19:12:00,3,4,7102
7922,2016-01-29,19:23:00,425,1,7103
7923,2016-01-29,19:31:00,411,2,7104
7924,2016-01-29,19:32:00,389,1,7105
7925,2016-01-29,19:40:00,15,2,7106
7926,2016-01-29,19:43:00,392,3,7107
7927,2016-01-29,19:49:00,446,3,7108
7928,2016-01-29,19:49:00,3,1,2476
7929,2016-01-29,19:53:00,324,4,7109
7930,2016-01-29,19:54:00,267,3,7110
7931,2016-01-29,19:55:00,139,2,7111
7932,2016-01-29,20:06:00,74,2,7112
7933,2016-01-29,20:08:00,163,1,7113
7934,2016-01-29,20:11:00,282,3,7114
7935,2016-01-29,20:15:00,319,2,7115
7936,2016-01-29,20:21:00,311,1,7116
7937,2016-01-29,20:22:00,121,2,7117
7938,2016-01-29,20:34:00,425,1,7118
7939,2016-01-29,20:41:00,116,2,95
7940,2016-01-29,20:44:00,93,2,7119
7941,2016-01-29,21:05:00,335,2,7120
7942,2016-01-29,21:19:00,202,2,7121
7943,2016-01-29,21:21:00,133,2,7122
7944,2016-01-29,21:25:00,364,3,7123
7945,2016-01-29,21:29:00,82,2,7124
7946,2016-01-29,21:33:00,316,1,7125
7947,2016-01-29,21:45:00,211,2,7126
7948,2016-01-29,21:46:00,281,3,7127
7949,2016-01-29,21:52:00,331,3,7128
7950,2016-01-29,21:58:00,405,1,7129
7951,2016-01-29,21:59:00,91,2,7130
7952,2016-01-29,22:17:00,152,1,7131
7953,2016-01-29,22:44:00,70,2,7132
7954,2016-01-29,22:45:00,348,5,5993
7955,2016-01-29,22:49:00,70,2,7133
7956,2016-01-29,22:52:00,367,1,7134
7957,2016-01-29,23:00:00,378,1,7135
7958,2016-01-29,23:00:00,311,2,6340
7959,2016-01-29,23:03:00,276,1,7136
7960,2016-01-29,23:05:00,38,4,7137
7961,2016-01-29,23:10:00,267,2,7138
7962,2016-01-29,23:15:00,360,2,7139
7963,2016-01-29,23:16:00,191,2,7140
7964,2016-01-29,23:27:00,287,1,7141
7965,2016-01-29,23:31:00,183,3,7142
7966,2016-01-29,23:31:00,204,3,97
7967,2016-01-29,23:50:00,203,1,7143
7968,2016-01-29,23:53:00,151,3,7144
7969,2016-01-29,23:56:00,2,1,7145
7970,2016-01-29,23:57:00,280,2,7146
7971,2016-01-30,00:05:00,284,3,7147
7972,2016-01-30,00:11:00,235,2,7148
7973,2016-01-30,00:14:00,102,1,7149
7974,2016-01-30,00:23:00,246,1,7150
7975,2016-01-30,00:29:00,28,1,7151
7976,2016-01-30,00:31:00,128,2,7152
7977,2016-01-30,00:38:00,379,2,7153
7978,2016-01-30,00:40:00,5,1,7154
7979,2016-01-30,00:41:00,132,1,7155
7980,2016-01-30,00:43:00,224,2,2465
7981,2016-01-30,00:44:00,186,2,7156
7982,2016-01-30,00:47:00,17,2,7157
7983,2016-01-30,00:48:00,366,1,3058
7984,2016-01-30,01:06:00,50,2,7158
7985,2016-01-30,01:18:00,405,1,7159
7986,2016-01-30,01:26:00,2,2,7160
7987,2016-01-30,01:31:00,117,2,7161
7988,2016-01-30,01:46:00,337,1,7162
7989,2016-01-30,01:47:00,251,3,7163
7990,2016-01-30,01:48:00,79,2,7164
7991,2016-01-30,01:57:00,156,2,7165
7992,2016-01-30,02:03:00,227,2,7166
7993,2016-01-30,02:05:00,188,2,7167
7994,2016-01-30,02:12:00,403,2,7168
7995,2016-01-30,02:15:00,306,2,1331
7996,2016-01-30,02:20:00,151,3,7169
7997,2016-01-30,02:23:00,277,2,7170
7998,2016-01-30,02:26:00,345,3,7171
7999,2016-01-30,02:39:00,94,1,6525
8000,2016-01-30,02:40:00,378,2,7172
8001,2016-01-30,02:41:00,231,1,7173
8002,2016-01-30,02:50:00,119,1,7174
8003,2016-01-30,02:55:00,246,1,7175
8004,2016-01-30,02:58:00,326,2,7176
8005,2016-01-30,03:00:00,232,2,7177
8006,2016-01-30,03:07:00,237,2,7178
8007,2016-01-30,03:10:00,438,1,7179
8008,2016-01-30,03:12:00,317,6,7180
8009,2016-01-30,03:21:00,302,2,7181
8010,2016-01-30,03:24:00,132,1,7182
8011,2016-01-30,03:26:00,146,3,7183
8012,2016-01-30,03:32:00,359,1,7184
8013,2016-01-30,03:35:00,411,2,7185
8014,2016-01-30,03:37:00,384,3,7186
8015,2016-01-30,03:38:00,347,4,7187
8016,2016-01-30,03:50:00,123,3,7188
8017,2016-01-30,03:55:00,6,2,7189
8018,2016-01-30,03:56:00,157,2,7190
8019,2016-01-30,04:06:00,76,3,7191
8020,2016-01-30,04:08:00,161,3,7192
8021,2016-01-30,04:21:00,34,2,7193
8022,2016-01-30,04:29:00,157,4,7194
8023,2016-01-30,04:38:00,226,1,7195
8024,2016-01-30,04:38:00,206,2,7196
8025,2016-01-30,04:45:00,327,3,977
8026,2016-01-30,04:52:00,172,2,5319
8027,2016-01-30,04:58:00,88,3,7197
8028,2016-01-30,05:02:00,244,2,7198
8029,2016-01-30,05:05:00,239,3,7199
8030,2016-01-30,05:05:00,57,4,7200
8031,2016-01-30,05:10:00,360,1,7201
8032,2016-01-30,05:13:00,217,1,7202
8033,2016-01-30,05:34:00,335,1,7203
8034,2016-01-30,05:42:00,361,1,7204
8035,2016-01-30,05:46:00,95,1,7205
8036,2016-01-30,05:46:00,201,2,7206
8037,2016-01-30,05:53:00,61,4,7207
8038,2016-01-30,05:56:00,247,4,7208
8039,2016-01-30,05:56:00,43,2,7209
8040,2016-01-30,05:59:00,424,3,6080
8041,2016-01-30,06:04:00,31,2,7210
8042,2016-01-30,06:04:00,198,3,7211
8043,2016-01-30,06:13:00,241,1,7212
8044,2016-01-30,06:16:00,396,2,7213
8045,2016-01-30,06:18:00,124,3,310
8046,2016-01-30,06:19:00,415,1,7214
8047,2016-01-30,06:24:00,259,3,5401
8048,2016-01-30,06:25:00,216,2,7215
8049,2016-01-30,06:48:00,171,2,3775
8050,2016-01-30,06:53:00,105,2,7216
8051,2016-01-30,06:57:00,301,1,7217
8052,2016-01-30,07:00:00,119,5,7218
8053,2016-01-30,07:07:00,55,2,7219
8054,2016-01-30,07:08:00,389,1,4910
8055,2016-01-30,07:33:00,329,1,7220
8056,2016-01-30,07:35:00,327,2,7221
8057,2016-01-30,07:42:00,412,1,7222
8058,2016-01-30,07:54:00,163,2,7223
8059,2016-01-30,07:59:00,43,2,7224
8060,2016-01-30,08:01:00,405,2,7225
8061,2016-01-30,08:03:00,311,1,13
8062,2016-01-30,08:07:00,434,2,7226
8063,2016-01-30,08:13:00,435,2,7227
8064,2016-01-30,08:16:00,175,2,7228
8065,2016-01-30,08:16:00,450,2,7229
8066,2016-01-30,08:22:00,359,3,7230
8067,2016-01-30,08:22:00,313,2,7231
8068,2016-01-30,08:23:00,254,2,7232
8069,2016-01-30,08:24:00,411,1,7233
8070,2016-01-30,08:40:00,137,2,7234
8071,2016-01-30,08:44:00,305,3,7235
8072,2016-01-30,08:49:00,396,3,7236
8073,2016-01-30,08:49:00,246,2,7237
8074,2016-01-30,08:53:00,65,2,7238
8075,2016-01-30,09:05:00,214,1,7239
8076,2016-01-30,09:13:00,149,2,7240
8077,2016-01-30,09:30:00,160,4,7241
8078,2016-01-30,09:30:00,381,2,7242
8079,2016-01-30,09:33:00,388,2,7243
8080,2016-01-30,09:36:00,448,3,7244
8081,2016-01-30,09:39:00,376,1,7245
8082,2016-01-30,09:47:00,103,1,7246
8083,2016-01-30,09:48:00,321,1,7247
8084,2016-01-30,10:09:00,77,3,7248
8085,2016-01-30,10:10:00,458,2,7249
8086,2016-01-30,10:14:00,44,2,7250
8087,2016-01-30,10:18:00,211,4,7251
8088,2016-01-30,10:22:00,427,2,7252
8089,2016-01-30,10:25:00,206,2,7253
8090,2016-01-30,10:25:00,185,1,7254
8091,2016-01-30,10:27:00,433,2,7255
8092,2016-01-30,10:31:00,393,2,7256
8093,2016-01-30,10:31:00,322,4,7257
8094,2016-01-30,10:36:00,141,2,7258
8095,2016-01-30,10:41:00,213,1,7259
8096,2016-01-30,10:52:00,146,1,7260
8097,2016-01-30,10:56:00,161,3,5953
8098,2016-01-30,10:59:00,426,2,7261
8099,2016-01-30,11:06:00,6,5,7262
8100,2016-01-30,11:13:00,327,4,7263
8101,2016-01-30,11:18:00,126,2,7264
8102,2016-01-30,11:36:00,166,1,7265
8103,2016-01-30,11:38:00,170,2,7266
8104,2016-01-30,11:48:00,40,1,7267
8105,2016-01-30,11:50:00,426,2,7268
8106,2016-01-30,11:51:00,172,1,949
8107,2016-01-30,11:55:00,400,2,7269
8108,2016-01-30,11:59:00,183,3,7270
8109,2016-01-30,12:01:00,223,3,4776
8110,2016-01-30,12:07:00,408,2,2298
8111,2016-01-30,12:07:00,174,2,7271
8112,2016-01-30,12:08:00,450,2,7272
8113,2016-01-30,12:10:00,280,1,7273
8114,2016-01-30,12:11:00,406,1,7274
8115,2016-01-30,12:14:00,98,1,7275
8116,2016-01-30,12:18:00,69,2,7276
8117,2016-01-30,12:19:00,263,4,7277
8118,2016-01-30,12:25:00,114,2,7278
8119,2016-01-30,12:30:00,160,1,7279
8120,2016-01-30,12:38:00,104,1,7280
8121,2016-01-30,12:44:00,149,1,7281
8122,2016-01-30,12:54:00,306,1,7282
8123,2016-01-30,12:56:00,86,2,7283
8124,2016-01-30,13:07:00,371,1,7284
8125,2016-01-30,13:12:00,214,1,7285
8126,2016-01-30,13:15:00,259,1,7286
8127,2016-01-30,13:20:00,373,2,7287
8128,2016-01-30,13:30:00,164,2,7288
8129,2016-01-30,13:38:00,191,2,7289
8130,2016-01-30,13:44:00,252,1,7290
8131,2016-01-30,13:50:00,314,3,7291
8132,2016-01-30,14:01:00,247,3,1140
8133,2016-01-30,14:01:00,104,2,7292
8134,2016-01-30,14:07:00,353,3,7293
8135,2016-01-30,14:11:00,436,1,7294
8136,2016-01-30,14:20:00,322,4,7295
8137,2016-01-30,14:22:00,281,1,7296
8138,2016-01-30,14:27:00,349,2,7297
8139,2016-01-30,14:32:00,29,2,7298
8140,2016-01-30,14:41:00,212,1,7299
8141,2016-01-30,14:44:00,16,2,7300
8142,2016-01-30,15:10:00,347,2,7301
8143,2016-01-30,15:14:00,264,1,7302
8144,2016-01-30,15:24:00,389,3,7303
8145,2016-01-30,15:27:00,127,4,7304
8146,2016-01-30,15:29:00,372,2,7305
8147,2016-01-30,15:31:00,303,3,6642
8148,2016-01-30,15:32:00,112,1,7306
8149,2016-01-30,15:37:00,24,5,2009
8150,2016-01-30,15:39:00,429,4,7307
8151,2016-01-30,15:44:00,246,1,7308
8152,2016-01-30,15:44:00,86,3,7309
8153,2016-01-30,15:48:00,304,1,7310
8154,2016-01-30,15:55:00,377,1,7311
8155,2016-01-30,15:55:00,408,2,7312
8156,2016-01-30,15:57:00,47,1,7313
8157,2016-01-30,16:04:00,84,4,7314
8158,2016-01-30,16:07:00,413,2,7315
8159,2016-01-30,16:08:00,375,3,7316
8160,2016-01-30,16:11:00,359,2,7317
8161,2016-01-30,16:27:00,296,1,7318
8162,2016-01-30,16:38:00,228,3,844
8163,2016-01-30,16:42:00,1,1,7319
8164,2016-01-30,16:42:00,308,3,7320
8165,2016-01-30,16:54:00,363,1,7321
8166,2016-01-30,16:56:00,330,1,7322
8167,2016-01-30,16:57:00,392,1,7323
8168,2016-01-30,17:02:00,77,2,7324
8169,2016-01-30,17:05:00,308,3,7325
8170,2016-01-30,17:06:00,282,2,7326
8171,2016-01-30,17:14:00,317,5,7327
8172,2016-01-30,17:28:00,185,3,7328
8173,2016-01-30,17:41:00,140,1,7329
8174,2016-01-30,17:42:00,325,2,7330
8175,2016-01-30,17:42:00,246,2,7331
8176,2016-01-30,17:47:00,424,6,7332
8177,2016-01-30,17:53:00,411,5,7333
8178,2016-01-30,18:06:00,109,1,7334
8179,2016-01-30,18:09:00,38,1,7335
8180,2016-01-30,18:10:00,349,1,7336
8181,2016-01-30,18:24:00,38,1,7337
8182,2016-01-30,18:26:00,437,1,7338
8183,2016-01-30,18:30:00,387,1,7339
8184,2016-01-30,18:39:00,150,3,7340
8185,2016-01-30,18:45:00,341,1,7341
8186,2016-01-30,18:50:00,375,2,7342
8187,2016-01-30,18:56:00,321,2,6905
8188,2016-01-30,19:10:00,399,1,7343
8189,2016-01-30,19:14:00,160,1,7344
8190,2016-01-30,19:23:00,368,1,7345
8191,2016-01-30,19:29:00,347,1,7346
8192,2016-01-30,19:30:00,319,1,7347
8193,2016-01-30,19:39:00,165,4,7348
8194,2016-01-30,19:39:00,428,3,7349
8195,2016-01-30,19:41:00,96,3,7350
8196,2016-01-30,19:41:00,298,3,7351
8197,2016-01-30,19:54:00,280,2,7352
8198,2016-01-30,19:55:00,424,3,7353
8199,2016-01-30,20:05:00,179,1,7354
8200,2016-01-30,20:10:00,259,3,7355
8201,2016-01-30,20:14:00,249,1,7356
8202,2016-01-30,20:18:00,37,2,7357
8203,2016-01-30,20:24:00,252,3,7358
8204,2016-01-30,20:25:00,291,2,7359
8205,2016-01-30,20:30:00,252,2,2361
8206,2016-01-30,20:31:00,103,3,7360
8207,2016-01-30,20:36:00,389,1,7361
8208,2016-01-30,20:37:00,121,1,7362
8209,2016-01-30,20:37:00,70,1,7363
8210,2016-01-30,20:39:00,111,2,7364
8211,2016-01-30,20:47:00,349,2,7365
8212,2016-01-30,20:47:00,332,1,7366
8213,2016-01-30,20:59:00,107,2,7367
8214,2016-01-30,20:59:00,373,2,7368
8215,2016-01-30,20:59:00,209,3,7369
8216,2016-01-30,21:00:00,134,1,7370
8217,2016-01-30,21:05:00,71,1,7371
8218,2016-01-30,21:12:00,201,3,7372
8219,2016-01-30,21:14:00,127,3,7373
8220,2016-01-30,21:15:00,391,2,7374
8221,2016-01-30,21:18:00,427,2,7375
8222,2016-01-30,21:20:00,252,3,7376
8223,2016-01-30,21:25:00,432,1,7377
8224,2016-01-30,21:31:00,444,1,7378
8225,2016-01-30,21:33:00,92,1,7379
8226,2016-01-30,21:40:00,275,1,7380
8227,2016-01-30,21:51:00,236,2,7381
8228,2016-01-30,21:56:00,379,3,7382
8229,2016-01-30,21:57:00,355,3,7383
8230,2016-01-30,22:08:00,125,1,7384
8231,2016-01-30,22:09:00,290,2,7385
8232,2016-01-30,22:09:00,399,1,7386
8233,2016-01-30,22:13:00,304,1,7387
8234,2016-01-30,22:19:00,193,2,7388
8235,2016-01-30,22:33:00,366,1,7389
8236,2016-01-30,22:38:00,238,3,7390
8237,2016-01-30,22:53:00,166,2,7391
8238,2016-01-30,22:53:00,202,1,7392
8239,2016-01-30,22:58:00,189,3,7393
8240,2016-01-30,23:01:00,450,1,7394
8241,2016-01-30,23:10:00,135,1,7395
8242,2016-01-30,23:16:00,287,2,7396
8243,2016-01-30,23:19:00,30,1,7397
8244,2016-01-30,23:22:00,148,1,7398
8245,2016-01-30,23:24:00,218,5,7399
8246,2016-01-30,23:38:00,137,2,7400
8247,2016-01-30,23:43:00,308,3,7401
8248,2016-01-30,23:49:00,94,1,5532
8249,2016-01-30,23:53:00,141,2,7402
8250,2016-01-31,00:00:00,15,3,7403
8251,2016-01-31,00:03:00,413,1,3733
8252,2016-01-31,00:05:00,133,1,7404
8253,2016-01-31,00:08:00,363,2,7405
8254,2016-01-31,00:08:00,403,3,7406
8255,2016-01-31,00:10:00,294,2,7407
8256,2016-01-31,00:12:00,14,1,7408
8257,2016-01-31,00:15:00,91,1,7409
8258,2016-01-31,00:33:00,335,2,7410
8259,2016-01-31,00:52:00,403,1,7411
8260,2016-01-31,00:54:00,456,3,7412
8261,2016-01-31,00:56:00,409,3,4566
8262,2016-01-31,01:02:00,105,2,7413
8263,2016-01-31,01:12:00,344,3,7414
8264,2016-01-31,01:16:00,146,3,7415
8265,2016-01-31,01:17:00,176,2,7416
8266,2016-01-31,01:18:00,119,1,7417
8267,2016-01-31,01:32:00,438,2,5549
8268,2016-01-31,01:35:00,239,1,7418
8269,2016-01-31,01:37:00,125,3,5575
8270,2016-01-31,01:47:00,251,1,7419
8271,2016-01-31,01:58:00,365,1,7420
8272,2016-01-31,01:59:00,233,1,7421
8273,2016-01-31,02:04:00,78,1,7422
8274,2016-01-31,02:07:00,376,1,7423
8275,2016-01-31,02:11:00,212,3,7424
8276,2016-01-31,02:15:00,94,2,7425
8277,2016-01-31,02:36:00,410,3,7426
8278,2016-01-31,02:46:00,297,3,921
8279,2016-01-31,03:00:00,6,2,7427
8280,2016-01-31,03:01:00,54,1,7428
8281,2016-01-31,03:09:00,193,1,7429
8282,2016-01-31,03:31:00,187,1,7430
8283,2016-01-31,03:32:00,28,2,7431
8284,2016-01-31,03:41:00,438,2,2322
8285,2016-01-31,03:42:00,240,2,6052
8286,2016-01-31,03:43:00,9,2,7432
8287,2016-01-31,03:51:00,100,2,4269
8288,2016-01-31,04:05:00,49,1,7433
8289,2016-01-31,04:08:00,265,1,7434
8290,2016-01-31,04:16:00,336,1,7435
8291,2016-01-31,04:18:00,107,1,7436
8292,2016-01-31,04:25:00,445,1,7437
8293,2016-01-31,04:28:00,404,2,7438
8294,2016-01-31,04:46:00,71,1,5533
8295,2016-01-31,04:48:00,258,2,7439
8296,2016-01-31,05:13:00,416,1,7440
8297,2016-01-31,05:16:00,237,1,7441
8298,2016-01-31,05:24:00,360,2,7442
8299,2016-01-31,05:30:00,1,2,7443
8300,2016-01-31,05:36:00,340,1,7444
8301,2016-01-31,05:36:00,256,1,7445
8302,2016-01-31,05:44:00,213,2,7446
8303,2016-01-31,05:45:00,227,1,7447
8304,2016-01-31,05:52:00,452,4,7448
8305,2016-01-31,05:53:00,19,1,7449
8306,2016-01-31,05:54:00,182,4,7450
8307,2016-01-31,06:06:00,239,1,6261
8308,2016-01-31,06:16:00,193,2,7451
8309,2016-01-31,06:18:00,62,2,7452
8310,2016-01-31,06:27:00,60,2,7453
8311,2016-01-31,06:27:00,394,1,7454
8312,2016-01-31,06:30:00,37,2,7455
8313,2016-01-31,06:36:00,241,1,7456
8314,2016-01-31,06:37:00,279,2,7457
8315,2016-01-31,06:38:00,333,2,7458
8316,2016-01-31,06:41:00,71,1,7459
8317,2016-01-31,06:50:00,398,1,7460
8318,2016-01-31,06:54:00,22,2,7461
8319,2016-01-31,06:59:00,48,1,7462
8320,2016-01-31,07:01:00,143,1,7463
8321,2016-01-31,07:03:00,327,2,7464
8322,2016-01-31,07:06:00,324,2,7465
8323,2016-01-31,07:13:00,63,3,7466
8324,2016-01-31,07:14:00,192,1,7467
8325,2016-01-31,07:19:00,137,2,7468
8326,2016-01-31,07:22:00,76,3,7469
8327,2016-01-31,07:26:00,42,2,7470
8328,2016-01-31,07:46:00,158,1,7471
8329,2016-01-31,07:47:00,324,1,7472
8330,2016-01-31,07:47:00,27,3,7473
8331,2016-01-31,07:53:00,426,1,7474
8332,2016-01-31,07:58:00,24,1,7475
8333,2016-01-31,07:58:00,16,2,7476
8334,2016-01-31,08:02:00,421,4,7477
8335,2016-01-31,08:02:00,130,1,1439
8336,2016-01-31,08:09:00,404,1,2632
8337,2016-01-31,08:11:00,249,2,7478
8338,2016-01-31,08:26:00,159,2,7479
8339,2016-01-31,08:31:00,337,1,7480
8340,2016-01-31,08:32:00,100,2,7481
8341,2016-01-31,08:42:00,385,1,3139
8342,2016-01-31,08:42:00,374,3,7482
8343,2016-01-31,08:50:00,247,2,7483
8344,2016-01-31,09:01:00,223,1,7484
8345,2016-01-31,09:06:00,343,3,7485
8346,2016-01-31,09:21:00,100,2,7486
8347,2016-01-31,09:29:00,201,1,7487
8348,2016-01-31,09:30:00,397,1,7488
8349,2016-01-31,09:30:00,61,1,7489
8350,2016-01-31,09:33:00,368,3,7490
8351,2016-01-31,09:39:00,409,3,7491
8352,2016-01-31,09:39:00,196,1,365
8353,2016-01-31,10:06:00,445,4,7492
8354,2016-01-31,10:06:00,20,3,6611
8355,2016-01-31,10:09:00,121,1,7493
8356,2016-01-31,10:19:00,223,3,7494
8357,2016-01-31,10:28:00,340,2,7495
8358,2016-01-31,10:34:00,453,2,7496
8359,2016-01-31,10:43:00,77,2,1712
8360,2016-01-31,10:48:00,319,2,7497
8361,2016-01-31,10:58:00,254,2,7498
8362,2016-01-31,11:05:00,208,2,7499
8363,2016-01-31,11:07:00,196,2,7500
8364,2016-01-31,11:11:00,309,4,7501
8365,2016-01-31,11:13:00,45,1,7502
8366,2016-01-31,11:28:00,119,1,7503
8367,2016-01-31,11:31:00,77,2,7504
8368,2016-01-31,11:39:00,41,3,7505
8369,2016-01-31,11:42:00,24,2,4723
8370,2016-01-31,11:44:00,212,3,5481
8371,2016-01-31,11:47:00,117,3,7506
8372,2016-01-31,11:47:00,190,1,7507
8373,2016-01-31,11:49:00,125,2,7508
8374,2016-01-31,11:53:00,284,2,7509
8375,2016-01-31,12:11:00,250,3,7510
8376,2016-01-31,12:12:00,419,2,7511
8377,2016-01-31,12:13:00,115,2,7512
8378,2016-01-31,12:13:00,397,1,7513
8379,2016-01-31,12:28:00,270,3,2252
8380,2016-01-31,12:29:00,281,1,7514
8381,2016-01-31,12:30:00,348,2,1335
8382,2016-01-31,12:38:00,326,1,7515
8383,2016-01-31,12:40:00,150,3,7516
8384,2016-01-31,12:42:00,67,1,7517
8385,2016-01-31,12:44:00,381,3,3055
8386,2016-01-31,12:47:00,238,1,7518
8387,2016-01-31,12:55:00,289,2,7519
8388,2016-01-31,12:57:00,452,1,7520
8389,2016-01-31,12:57:00,231,2,7521
8390,2016-01-31,13:15:00,286,1,7522
8391,2016-01-31,13:17:00,236,1,7523
8392,2016-01-31,13:22:00,296,2,7524
8393,2016-01-31,13:24:00,193,2,7525
8394,2016-01-31,13:26:00,138,3,7526
8395,2016-01-31,13:27:00,9,1,7527
8396,2016-01-31,13:38:00,55,1,7528
8397,2016-01-31,13:39:00,358,2,7529
8398,2016-01-31,13:39:00,429,3,7530
8399,2016-01-31,13:43:00,343,2,7531
8400,2016-01-31,13:46:00,167,1,7532
8401,2016-01-31,13:51:00,362,3,5135
8402,2016-01-31,13:54:00,131,1,7533
8403,2016-01-31,14:00:00,221,1,7534
8404,2016-01-31,14:02:00,173,1,7535
8405,2016-01-31,14:06:00,321,1,7536
8406,2016-01-31,14:07:00,157,2,7537
8407,2016-01-31,14:09:00,67,3,7538
8408,2016-01-31,14:09:00,68,1,7539
8409,2016-01-31,14:21:00,117,1,7540
8410,2016-01-31,14:29:00,96,1,7541
8411,2016-01-31,14:41:00,450,1,4990
8412,2016-01-31,14:55:00,251,1,7542
8413,2016-01-31,15:36:00,90,2,7543
8414,2016-01-31,15:37:00,371,3,7544
8415,2016-01-31,15:40:00,222,1,7545
8416,2016-01-31,15:47:00,366,1,5959
8417,2016-01-31,15:49:00,160,2,7546
8418,2016-01-31,15:49:00,400,3,7547
8419,2016-01-31,16:04:00,99,2,7548
8420,2016-01-31,16:09:00,403,1,7549
8421,2016-01-31,16:09:00,350,1,7550
8422,2016-01-31,16:12:00,205,1,7551
8423,2016-01-31,16:29:00,186,1,7552
8424,2016-01-31,16:34:00,35,1,7553
8425,2016-01-31,16:35:00,354,3,7554
8426,2016-01-31,16:37:00,234,1,7555
8427,2016-01-31,16:43:00,70,3,7556
8428,2016-01-31,17:02:00,46,5,7557
8429,2016-01-31,17:04:00,411,3,7558
8430,2016-01-31,17:07:00,438,1,7559
8431,2016-01-31,17:13:00,444,1,7560
8432,2016-01-31,17:15:00,313,4,7561
8433,2016-01-31,17:17:00,71,1,7562
8434,2016-01-31,17:21:00,382,3,2213
8435,2016-01-31,17:23:00,430,2,7563
8436,2016-01-31,17:25:00,455,2,7564
8437,2016-01-31,17:26:00,324,1,7565
8438,2016-01-31,17:31:00,246,1,7566
8439,2016-01-31,17:39:00,239,2,5443
8440,2016-01-31,17:45:00,443,2,7567
8441,2016-01-31,17:54:00,18,2,7568
8442,2016-01-31,17:54:00,346,1,7569
8443,2016-01-31,18:00:00,373,2,7570
8444,2016-01-31,18:01:00,376,3,7571
8445,2016-01-31,18:01:00,160,4,7572
8446,2016-01-31,18:15:00,285,1,7573
8447,2016-01-31,18:23:00,85,2,7574
8448,2016-01-31,18:34:00,308,2,5778
8449,2016-01-31,18:41:00,89,2,7575
8450,2016-01-31,18:51:00,258,1,399
8451,2016-01-31,18:58:00,72,1,7576
8452,2016-01-31,19:03:00,448,1,7577
8453,2016-01-31,19:05:00,242,3,7578
8454,2016-01-31,19:05:00,66,1,7579
8455,2016-01-31,19:06:00,62,1,7580
8456,2016-01-31,19:13:00,261,2,7581
8457,2016-01-31,19:18:00,256,1,4675
8458,2016-01-31,19:19:00,454,1,7582
8459,2016-01-31,19:20:00,306,1,7583
8460,2016-01-31,19:26:00,1,1,5810
8461,2016-01-31,19:30:00,414,2,7584
8462,2016-01-31,19:44:00,402,1,7585
8463,2016-01-31,19:52:00,206,1,7586
8464,2016-01-31,20:21:00,115,3,7587
8465,2016-01-31,20:30:00,349,1,7588
8466,2016-01-31,20:47:00,313,1,7589
8467,2016-01-31,20:54:00,189,1,7590
8468,2016-01-31,21:01:00,110,1,7591
8469,2016-01-31,21:14:00,28,1,6250
8470,2016-01-31,21:19:00,45,2,7592
8471,2016-01-31,21:19:00,333,1,7593
8472,2016-01-31,21:24:00,99,1,7594
8473,2016-01-31,21:29:00,308,1,7595
8474,2016-01-31,21:31:00,80,2,2315
8475,2016-01-31,21:31:00,74,1,7596
8476,2016-01-31,21:34:00,20,2,7597
8477,2016-01-31,21:35:00,270,1,7598
8478,2016-01-31,21:40:00,17,2,7599
8479,2016-01-31,21:40:00,74,2,7600
8480,2016-01-31,21:42:00,217,4,7601
8481,2016-01-31,22:13:00,52,1,7602
8482,2016-01-31,22:17:00,153,2,7603
8483,2016-01-31,22:24:00,104,3,7604
8484,2016-01-31,22:26:00,58,2,7605
8485,2016-01-31,22:28:00,205,2,6211
8486,2016-01-31,22:30:00,104,3,7606
8487,2016-01-31,22:44:00,454,3,7607
8488,2016-01-31,22:44:00,282,2,7608
8489,2016-01-31,22:48:00,278,1,7609
8490,2016-01-31,22:52:00,209,5,7610
8491,2016-01-31,22:53:00,130,1,7611
8492,2016-01-31,22:54:00,315,3,7612
8493,2016-01-31,22:54:00,261,1,7613
8494,2016-01-31,22:58:00,339,3,7614
8495,2016-01-31,23:02:00,223,1,7615
8496,2016-01-31,23:12:00,379,1,7616
8497,2016-01-31,23:14:00,323,1,7617
8498,2016-01-31,23:16:00,348,2,7321
8499,2016-01-31,23:32:00,7,1,7618
8500,2016-01-31,23:33:00,127,1,7619
8501,2016-01-31,23:38:00,11,2,7620
8502,2016-01-31,23:56:00,137,1,7621
8503,2016-01-31,23:58:00,185,3,36
8504,2016-01-31,23:59:00,213,1,7622
8505,2016-02-01,00:00:00,229,1,7623
8506,2016-02-01,00:04:00,298,2,7624
8507,2016-02-01,00:06:00,315,2,7625
8508,2016-02-01,00:14:00,149,1,7626
8509,2016-02-01,00:26:00,249,4,7627
8510,2016-02-01,00:35:00,56,1,7628
8511,2016-02-01,00:46:00,108,2,7629
8512,2016-02-01,00:53:00,430,1,7630
8513,2016-02-01,00:56:00,365,1,7631
8514,2016-02-01,01:03:00,189,1,7632
8515,2016-02-01,01:04:00,159,1,1971
8516,2016-02-01,01:11:00,216,2,7633
8517,2016-02-01,01:17:00,185,2,7634
8518,2016-02-01,01:23:00,64,1,7635
8519,2016-02-01,01:31:00,96,2,233
8520,2016-02-01,01:32:00,218,1,7636
8521,2016-02-01,01:54:00,97,1,7637
8522,2016-02-01,01:56:00,242,1,7638
8523,2016-02-01,01:56:00,266,2,7639
8524,2016-02-01,01:58:00,78,1,7640
8525,2016-02-01,02:01:00,312,2,7641
8526,2016-02-01,02:03:00,381,2,7642
8527,2016-02-01,02:05:00,303,5,7643
8528,2016-02-01,02:09:00,435,2,7644
8529,2016-02-01,02:10:00,112,2,7645
8530,2016-02-01,02:16:00,34,2,7646
8531,2016-02-01,02:28:00,233,2,7647
8532,2016-02-01,02:36:00,442,2,7648
8533,2016-02-01,02:39:00,383,1,7649
8534,2016-02-01,02:46:00,253,3,7650
8535,2016-02-01,02:56:00,283,1,7651
8536,2016-02-01,03:01:00,155,1,7652
8537,2016-02-01,03:06:00,348,2,7653
8538,2016-02-01,03:06:00,90,3,7654
8539,2016-02-01,03:14:00,167,3,7655
8540,2016-02-01,03:18:00,108,2,7656
8541,2016-02-01,03:19:00,142,1,7657
8542,2016-02-01,03:23:00,378,1,7658
8543,2016-02-01,03:41:00,243,3,7659
8544,2016-02-01,03:52:00,448,1,7660
8545,2016-02-01,03:55:00,9,1,7661
8546,2016-02-01,04:14:00,218,1,7662
8547,2016-02-01,04:26:00,128,2,7663
8548,2016-02-01,04:35:00,385,4,3267
8549,2016-02-01,04:36:00,302,3,7664
8550,2016-02-01,04:37:00,272,1,7665
8551,2016-02-01,04:44:00,195,2,7666
8552,2016-02-01,04:57:00,206,1,2709
8553,2016-02-01,05:20:00,227,2,7667
8554,2016-02-01,05:20:00,407,1,7668
8555,2016-02-01,05:20:00,299,1,7669
8556,2016-02-01,05:20:00,13,3,7670
8557,2016-02-01,05:20:00,284,2,7671
8558,2016-02-01,05:38:00,266,2,7672
8559,2016-02-01,05:39:00,123,3,7673
8560,2016-02-01,05:44:00,397,2,7674
8561,2016-02-01,05:44:00,363,3,7675
8562,2016-02-01,05:53:00,245,1,7676
8563,2016-02-01,05:56:00,102,3,7677
8564,2016-02-01,06:02:00,265,2,7678
8565,2016-02-01,06:03:00,192,2,7679
8566,2016-02-01,06:05:00,161,1,7680
8567,2016-02-01,06:07:00,243,1,7681
8568,2016-02-01,06:09:00,410,2,7682
8569,2016-02-01,06:09:00,335,1,2255
8570,2016-02-01,06:13:00,74,2,7683
8571,2016-02-01,06:15:00,197,2,7684
8572,2016-02-01,06:21:00,225,3,7685
8573,2016-02-01,06:28:00,324,4,7686
8574,2016-02-01,06:29:00,192,2,7687
8575,2016-02-01,06:34:00,53,1,7688
8576,2016-02-01,06:41:00,449,3,7689
8577,2016-02-01,06:43:00,344,1,7690
8578,2016-02-01,06:44:00,125,5,7691
8579,2016-02-01,06:45:00,369,2,7692
8580,2016-02-01,06:53:00,248,1,7693
8581,2016-02-01,06:53:00,107,1,7694
8582,2016-02-01,06:57:00,458,1,7695
8583,2016-02-01,07:08:00,98,1,7696
8584,2016-02-01,07:11:00,138,2,7697
8585,2016-02-01,07:16:00,23,2,7698
8586,2016-02-01,07:36:00,413,2,2001
8587,2016-02-01,07:37:00,42,1,7699
8588,2016-02-01,07:46:00,187,2,7700
8589,2016-02-01,07:46:00,323,1,7701
8590,2016-02-01,07:52:00,124,2,7702
8591,2016-02-01,07:53:00,239,2,7703
8592,2016-02-01,07:54:00,160,2,7704
8593,2016-02-01,07:56:00,290,3,7705
8594,2016-02-01,08:07:00,321,3,7706
8595,2016-02-01,08:22:00,146,2,7707
8596,2016-02-01,08:27:00,236,3,7708
8597,2016-02-01,08:55:00,418,1,7709
8598,2016-02-01,08:57:00,184,2,7710
8599,2016-02-01,09:01:00,195,2,7711
8600,2016-02-01,09:05:00,185,3,7712
8601,2016-02-01,09:14:00,236,2,6561
8602,2016-02-01,09:20:00,93,4,7713
8603,2016-02-01,09:30:00,290,1,7714
8604,2016-02-01,09:32:00,217,1,7715
8605,2016-02-01,09:41:00,350,2,7716
8606,2016-02-01,09:48:00,411,2,7717
8607,2016-02-01,09:48:00,135,1,7718
8608,2016-02-01,09:50:00,259,1,4295
8609,2016-02-01,10:04:00,77,4,7719
8610,2016-02-01,10:06:00,121,2,7720
8611,2016-02-01,10:09:00,445,3,1760
8612,2016-02-01,10:17:00,72,3,7721
8613,2016-02-01,10:27:00,316,2,7722
8614,2016-02-01,10:27:00,69,2,7723
8615,2016-02-01,10:31:00,27,2,7724
8616,2016-02-01,10:48:00,418,1,7725
8617,2016-02-01,10:52:00,400,2,7726
8618,2016-02-01,11:03:00,144,1,7727
8619,2016-02-01,11:15:00,171,3,7728
8620,2016-02-01,11:17:00,78,1,7729
8621,2016-02-01,11:20:00,257,2,7730
8622,2016-02-01,11:23:00,437,2,7731
8623,2016-02-01,11:31:00,343,2,7732
8624,2016-02-01,11:34:00,16,1,7733
8625,2016-02-01,11:34:00,300,4,7734
8626,2016-02-01,11:35:00,295,3,7735
8627,2016-02-01,11:35:00,391,2,7104
8628,2016-02-01,11:38:00,55,3,7736
8629,2016-02-01,11:45:00,144,1,7737
8630,2016-02-01,11:46:00,112,2,7738
8631,2016-02-01,11:46:00,295,3,7739
8632,2016-02-01,11:47:00,237,2,7740
8633,2016-02-01,11:54:00,128,1,7741
8634,2016-02-01,12:01:00,420,1,7742
8635,2016-02-01,12:04:00,20,2,7743
8636,2016-02-01,12:08:00,357,1,7744
8637,2016-02-01,12:10:00,252,1,7745
8638,2016-02-01,12:24:00,352,1,7746
8639,2016-02-01,12:29:00,412,1,7747
8640,2016-02-01,12:34:00,449,4,7748
8641,2016-02-01,12:38:00,278,2,4097
8642,2016-02-01,12:45:00,73,2,7749
8643,2016-02-01,12:47:00,226,4,7750
8644,2016-02-01,12:50:00,404,2,7751
8645,2016-02-01,12:58:00,225,2,7752
8646,2016-02-01,13:03:00,326,2,7753
8647,2016-02-01,13:03:00,357,1,7754
8648,2016-02-01,13:14:00,308,3,7755
8649,2016-02-01,13:16:00,306,2,7756
8650,2016-02-01,13:30:00,79,1,7757
8651,2016-02-01,13:43:00,177,1,7758
8652,2016-02-01,14:01:00,310,2,7759
8653,2016-02-01,14:04:00,295,5,53
8654,2016-02-01,14:05:00,248,1,7760
8655,2016-02-01,14:10:00,47,3,7761
8656,2016-02-01,14:17:00,199,1,7762
8657,2016-02-01,14:24:00,419,2,7763
8658,2016-02-01,14:30:00,412,2,7764
8659,2016-02-01,14:36:00,249,2,7765
8660,2016-02-01,14:39:00,91,2,7766
8661,2016-02-01,14:39:00,378,2,7767
8662,2016-02-01,14:46:00,289,2,7768
8663,2016-02-01,14:49:00,370,1,7769
8664,2016-02-01,14:51:00,447,2,7770
8665,2016-02-01,14:55:00,407,1,5327
8666,2016-02-01,15:00:00,79,2,7771
8667,2016-02-01,15:02:00,271,2,7772
8668,2016-02-01,15:12:00,103,2,7773
8669,2016-02-01,15:26:00,131,2,7774
8670,2016-02-01,15:35:00,67,1,7775
8671,2016-02-01,15:41:00,393,1,7776
8672,2016-02-01,15:42:00,446,1,7777
8673,2016-02-01,15:55:00,402,5,7778
8674,2016-02-01,15:59:00,43,1,7779
8675,2016-02-01,16:11:00,241,3,7780
8676,2016-02-01,16:14:00,100,2,7781
8677,2016-02-01,16:15:00,16,2,7782
8678,2016-02-01,16:27:00,124,2,7783
8679,2016-02-01,16:28:00,261,1,7784
8680,2016-02-01,16:34:00,121,2,6037
8681,2016-02-01,16:35:00,23,3,7785
8682,2016-02-01,16:38:00,111,2,7786
8683,2016-02-01,16:44:00,454,3,7787
8684,2016-02-01,16:52:00,450,2,7788
8685,2016-02-01,16:52:00,394,1,7789
8686,2016-02-01,16:59:00,207,1,7790
8687,2016-02-01,17:07:00,364,2,7791
8688,2016-02-01,17:12:00,232,3,7792
8689,2016-02-01,17:15:00,150,2,7793
8690,2016-02-01,17:28:00,12,2,7794
8691,2016-02-01,17:30:00,166,2,7795
8692,2016-02-01,17:36:00,333,2,7796
8693,2016-02-01,17:37:00,247,3,7797
8694,2016-02-01,17:37:00,117,4,7798
8695,2016-02-01,17:37:00,322,1,7799
8696,2016-02-01,17:44:00,236,2,7800
8697,2016-02-01,17:44:00,433,2,7801
8698,2016-02-01,17:45:00,253,1,7802
8699,2016-02-01,17:45:00,119,1,7803
8700,2016-02-01,17:50:00,160,3,7804
8701,2016-02-01,17:51:00,394,1,7805
8702,2016-02-01,18:02:00,100,1,7806
8703,2016-02-01,18:05:00,402,2,7807
8704,2016-02-01,18:08:00,328,3,7808
8705,2016-02-01,18:09:00,39,2,7809
8706,2016-02-01,18:15:00,181,1,7810
8707,2016-02-01,18:21:00,301,1,4399
8708,2016-02-01,18:22:00,234,1,7811
8709,2016-02-01,18:41:00,109,1,7812
8710,2016-02-01,18:55:00,442,2,7813
8711,2016-02-01,18:58:00,266,1,7814
8712,2016-02-01,19:04:00,363,4,7815
8713,2016-02-01,19:10:00,311,2,7816
8714,2016-02-01,19:20:00,247,2,7817
8715,2016-02-01,19:30:00,35,2,7818
8716,2016-02-01,19:30:00,31,2,7819
8717,2016-02-01,19:37:00,259,2,7820
8718,2016-02-01,19:56:00,250,2,7821
8719,2016-02-01,19:58:00,208,1,7822
8720,2016-02-01,20:05:00,191,1,5708
8721,2016-02-01,20:15:00,448,2,7823
8722,2016-02-01,20:17:00,356,3,7824
8723,2016-02-01,20:21:00,128,2,7825
8724,2016-02-01,20:38:00,252,3,7826
8725,2016-02-01,20:38:00,333,5,7827
8726,2016-02-01,21:03:00,455,3,7828
8727,2016-02-01,21:05:00,233,2,7829
8728,2016-02-01,21:17:00,334,1,7830
8729,2016-02-01,21:23:00,102,3,7831
8730,2016-02-01,21:42:00,218,2,7832
8731,2016-02-01,22:00:00,10,2,7833
8732,2016-02-01,22:09:00,277,2,7354
8733,2016-02-01,22:10:00,71,3,7834
8734,2016-02-01,22:12:00,208,2,7835
8735,2016-02-01,22:15:00,101,2,7836
8736,2016-02-01,22:36:00,275,4,7837
8737,2016-02-01,22:37:00,57,1,7838
8738,2016-02-01,22:41:00,66,1,7839
8739,2016-02-01,22:53:00,384,2,7840
8740,2016-02-01,22:57:00,355,3,7841
8741,2016-02-01,23:01:00,177,1,7842
8742,2016-02-01,23:11:00,303,1,7843
8743,2016-02-01,23:23:00,88,2,7844
8744,2016-02-01,23:30:00,77,2,7845
8745,2016-02-01,23:37:00,207,2,7846
8746,2016-02-01,23:40:00,248,4,7847
8747,2016-02-01,23:45:00,161,1,7626
8748,2016-02-01,23:50:00,10,1,7848
8749,2016-02-01,23:50:00,355,1,7849
8750,2016-02-01,23:55:00,235,4,7850
8751,2016-02-01,23:58:00,327,2,7851
8752,2016-02-01,23:59:00,448,2,7852
8753,2016-02-02,00:20:00,321,2,7853
8754,2016-02-02,00:24:00,1,2,5946
8755,2016-02-02,00:31:00,32,3,7854
8756,2016-02-02,00:41:00,180,2,7855
8757,2016-02-02,00:45:00,428,2,7856
8758,2016-02-02,00:50:00,250,1,7857
8759,2016-02-02,00:54:00,137,1,7858
8760,2016-02-02,01:13:00,226,1,7859
8761,2016-02-02,01:15:00,25,1,7860
8762,2016-02-02,01:15:00,101,2,7861
8763,2016-02-02,01:22:00,122,1,7862
8764,2016-02-02,01:24:00,163,2,7863
8765,2016-02-02,01:27:00,202,1,7864
8766,2016-02-02,01:30:00,134,1,7865
8767,2016-02-02,01:37:00,167,2,7866
8768,2016-02-02,01:37:00,132,2,7867
8769,2016-02-02,01:42:00,85,2,7868
8770,2016-02-02,01:42:00,323,3,7869
8771,2016-02-02,01:44:00,202,2,7870
8772,2016-02-02,01:50:00,40,2,7871
8773,2016-02-02,01:53:00,91,2,7872
8774,2016-02-02,01:53:00,210,1,7873
8775,2016-02-02,02:04:00,443,2,7874
8776,2016-02-02,02:28:00,220,2,2158
8777,2016-02-02,02:30:00,57,2,7875
8778,2016-02-02,02:32:00,276,2,7876
8779,2016-02-02,02:33:00,379,1,4680
8780,2016-02-02,02:34:00,40,2,7827
8781,2016-02-02,03:00:00,142,4,6630
8782,2016-02-02,03:06:00,10,1,7877
8783,2016-02-02,03:11:00,229,2,7878
8784,2016-02-02,03:20:00,268,1,7879
8785,2016-02-02,03:23:00,127,2,7880
8786,2016-02-02,03:23:00,256,1,7881
8787,2016-02-02,03:26:00,7,2,7882
8788,2016-02-02,03:36:00,184,2,7883
8789,2016-02-02,03:53:00,392,1,1081
8790,2016-02-02,03:53:00,174,2,7884
8791,2016-02-02,04:01:00,303,2,7885
8792,2016-02-02,04:02:00,56,2,7886
8793,2016-02-02,04:03:00,230,1,6434
8794,2016-02-02,04:11:00,75,1,7887
8795,2016-02-02,04:41:00,408,1,7888
8796,2016-02-02,04:47:00,80,2,7889
8797,2016-02-02,04:51:00,372,1,7890
8798,2016-02-02,04:52:00,444,2,7891
8799,2016-02-02,05:01:00,70,2,353
8800,2016-02-02,05:02:00,232,1,7892
8801,2016-02-02,05:08:00,386,2,3022
8802,2016-02-02,05:16:00,125,3,7893
8803,2016-02-02,05:17:00,57,2,7894
8804,2016-02-02,05:19:00,157,3,7895
8805,2016-02-02,05:30:00,206,1,7896
8806,2016-02-02,05:48:00,231,3,7897
8807,2016-02-02,05:52:00,237,1,7898
8808,2016-02-02,05:56:00,131,2,7899
8809,2016-02-02,05:59:00,366,1,7900
8810,2016-02-02,06:02:00,297,2,7901
8811,2016-02-02,06:15:00,307,2,7902
8812,2016-02-02,06:15:00,428,1,7903
8813,2016-02-02,06:37:00,270,1,7904
8814,2016-02-02,06:40:00,177,1,7905
8815,2016-02-02,06:45:00,143,3,7906
8816,2016-02-02,06:45:00,9,2,7907
8817,2016-02-02,07:10:00,270,2,7908
8818,2016-02-02,07:25:00,254,2,7909
8819,2016-02-02,07:30:00,323,2,7910
8820,2016-02-02,07:36:00,299,2,6700
8821,2016-02-02,07:38:00,271,1,7911
8822,2016-02-02,07:44:00,241,3,1373
8823,2016-02-02,07:48:00,152,1,7912
8824,2016-02-02,08:14:00,200,2,7913
8825,2016-02-02,08:19:00,137,2,7914
8826,2016-02-02,08:27:00,175,2,7915
8827,2016-02-02,08:30:00,134,1,7916
8828,2016-02-02,08:30:00,274,3,7917
8829,2016-02-02,08:32:00,272,2,7918
8830,2016-02-02,08:34:00,63,1,7919
8831,2016-02-02,08:35:00,373,2,7920
8832,2016-02-02,08:45:00,93,3,7921
8833,2016-02-02,08:48:00,411,2,7922
8834,2016-02-02,08:59:00,289,3,7505
8835,2016-02-02,09:03:00,58,2,7923
8836,2016-02-02,09:22:00,181,1,7924
8837,2016-02-02,09:27:00,71,2,7925
8838,2016-02-02,09:28:00,430,1,7926
8839,2016-02-02,09:37:00,396,1,7927
8840,2016-02-02,09:47:00,291,2,7928
8841,2016-02-02,09:47:00,194,2,7929
8842,2016-02-02,09:57:00,256,2,7930
8843,2016-02-02,10:08:00,42,4,7931
8844,2016-02-02,10:13:00,31,1,7932
8845,2016-02-02,10:19:00,214,2,7933
8846,2016-02-02,10:24:00,285,1,7934
8847,2016-02-02,10:36:00,132,1,7935
8848,2016-02-02,10:42:00,8,2,7936
8849,2016-02-02,10:43:00,21,3,7937
8850,2016-02-02,10:44:00,269,2,4313
8851,2016-02-02,10:45:00,369,2,7938
8852,2016-02-02,10:48:00,330,4,7939
8853,2016-02-02,10:49:00,184,4,7940
8854,2016-02-02,10:50:00,20,1,4933
8855,2016-02-02,11:02:00,313,1,7941
8856,2016-02-02,11:19:00,77,1,7942
8857,2016-02-02,11:19:00,262,1,7943
8858,2016-02-02,11:33:00,249,2,7944
8859,2016-02-02,11:40:00,403,2,3214
8860,2016-02-02,11:49:00,248,2,7945
8861,2016-02-02,11:49:00,95,1,7946
8862,2016-02-02,11:54:00,451,2,7947
8863,2016-02-02,11:58:00,126,2,7948
8864,2016-02-02,11:59:00,257,1,7949
8865,2016-02-02,12:01:00,267,1,7950
8866,2016-02-02,12:02:00,135,2,7951
8867,2016-02-02,12:04:00,138,2,7134
8868,2016-02-02,12:06:00,376,2,7952
8869,2016-02-02,12:47:00,429,1,7953
8870,2016-02-02,12:50:00,81,3,7954
8871,2016-02-02,12:51:00,435,3,7955
8872,2016-02-02,12:58:00,86,2,7956
8873,2016-02-02,12:58:00,56,1,7957
8874,2016-02-02,12:58:00,442,1,7958
8875,2016-02-02,13:01:00,216,2,7959
8876,2016-02-02,13:08:00,292,2,7960
8877,2016-02-02,13:13:00,407,4,7961
8878,2016-02-02,13:16:00,50,4,7962
8879,2016-02-02,13:18:00,147,1,7963
8880,2016-02-02,13:19:00,237,1,7964
8881,2016-02-02,13:33:00,288,3,7965
8882,2016-02-02,13:35:00,5,2,7966
8883,2016-02-02,13:37:00,6,1,7967
8884,2016-02-02,13:38:00,38,2,7968
8885,2016-02-02,13:40:00,375,1,7969
8886,2016-02-02,13:55:00,300,1,7970
8887,2016-02-02,13:59:00,304,3,7971
8888,2016-02-02,14:07:00,99,1,7972
8889,2016-02-02,14:15:00,210,4,7973
8890,2016-02-02,14:18:00,392,1,5922
8891,2016-02-02,14:23:00,313,2,7974
8892,2016-02-02,14:24:00,196,2,7975
8893,2016-02-02,14:25:00,270,2,7976
8894,2016-02-02,14:27:00,456,2,7977
8895,2016-02-02,14:37:00,224,1,7978
8896,2016-02-02,14:38:00,47,2,3738
8897,2016-02-02,14:48:00,428,2,7979
8898,2016-02-02,14:53:00,375,2,7980
8899,2016-02-02,14:57:00,125,1,2650
8900,2016-02-02,14:57:00,438,1,7981
8901,2016-02-02,15:12:00,280,1,4976
8902,2016-02-02,15:13:00,92,2,7982
8903,2016-02-02,15:39:00,395,1,7983
8904,2016-02-02,15:43:00,286,2,7931
8905,2016-02-02,15:51:00,225,1,7984
8906,2016-02-02,15:54:00,256,1,7985
8907,2016-02-02,15:57:00,111,3,7986
8908,2016-02-02,16:08:00,367,3,7987
8909,2016-02-02,16:10:00,331,3,7988
8910,2016-02-02,16:33:00,50,4,7989
8911,2016-02-02,16:35:00,210,2,7990
8912,2016-02-02,16:40:00,431,3,179
8913,2016-02-02,16:49:00,62,2,7991
8914,2016-02-02,16:50:00,364,2,1596
8915,2016-02-02,16:51:00,166,1,7992
8916,2016-02-02,17:00:00,341,2,7993
8917,2016-02-02,17:25:00,234,2,7994
8918,2016-02-02,17:32:00,192,1,7691
8919,2016-02-02,17:46:00,409,2,7995
8920,2016-02-02,18:02:00,353,1,7996
8921,2016-02-02,18:10:00,435,1,7997
8922,2016-02-02,18:15:00,153,3,7998
8923,2016-02-02,18:27:00,185,2,7999
8924,2016-02-02,18:31:00,79,3,8000
8925,2016-02-02,18:32:00,190,1,8001
8926,2016-02-02,18:37:00,255,1,6038
8927,2016-02-02,18:48:00,429,3,8002
8928,2016-02-02,18:54:00,433,2,8003
8929,2016-02-02,19:06:00,345,2,8004
8930,2016-02-02,19:17:00,122,3,8005
8931,2016-02-02,19:28:00,294,1,8006
8932,2016-02-02,19:29:00,324,2,8007
8933,2016-02-02,19:31:00,366,1,8008
8934,2016-02-02,19:42:00,354,2,8009
8935,2016-02-02,19:45:00,124,2,8010
8936,2016-02-02,19:47:00,34,2,8011
8937,2016-02-02,19:53:00,270,2,8012
8938,2016-02-02,19:55:00,165,1,354
8939,2016-02-02,19:57:00,171,2,8013
8940,2016-02-02,20:12:00,179,2,8014
8941,2016-02-02,20:21:00,78,1,8015
8942,2016-02-02,20:25:00,225,4,8016
8943,2016-02-02,20:40:00,334,3,8017
8944,2016-02-02,20:44:00,359,1,8018
8945,2016-02-02,20:51:00,113,1,8019
8946,2016-02-02,20:53:00,135,1,8020
8947,2016-02-02,20:58:00,195,1,8021
8948,2016-02-02,21:04:00,1,2,8022
8949,2016-02-02,21:06:00,396,1,8023
8950,2016-02-02,21:09:00,126,1,8024
8951,2016-02-02,21:13:00,356,1,8025
8952,2016-02-02,21:31:00,92,1,8026
8953,2016-02-02,21:34:00,399,1,8027
8954,2016-02-02,21:43:00,288,3,8028
8955,2016-02-02,21:47:00,421,2,8029
8956,2016-02-02,21:54:00,167,3,8030
8957,2016-02-02,21:54:00,44,2,8031
8958,2016-02-02,21:55:00,228,1,8032
8959,2016-02-02,22:03:00,441,2,8033
8960,2016-02-02,22:13:00,113,3,8034
8961,2016-02-02,22:19:00,296,1,8035
8962,2016-02-02,22:19:00,328,2,8036
8963,2016-02-02,22:24:00,5,2,8037
8964,2016-02-02,22:28:00,269,1,8038
8965,2016-02-02,22:30:00,194,3,8039
8966,2016-02-02,22:36:00,106,2,8040
8967,2016-02-02,22:39:00,18,3,8041
8968,2016-02-02,22:50:00,57,3,8042
8969,2016-02-02,22:54:00,5,1,8043
8970,2016-02-02,22:55:00,385,3,8044
8971,2016-02-02,22:56:00,178,2,8045
8972,2016-02-02,23:09:00,195,2,8046
8973,2016-02-02,23:17:00,180,3,8047
8974,2016-02-02,23:21:00,260,2,8048
8975,2016-02-02,23:22:00,196,1,8049
8976,2016-02-02,23:28:00,78,1,8050
8977,2016-02-02,23:33:00,240,1,8051
8978,2016-02-02,23:36:00,322,2,8052
8979,2016-02-02,23:39:00,318,2,8053
8980,2016-02-02,23:46:00,137,2,8054
8981,2016-02-02,23:48:00,322,2,8055
8982,2016-02-02,23:51:00,58,2,8056
8983,2016-02-02,23:53:00,362,2,7579
8984,2016-02-02,23:58:00,14,2,8057
8985,2016-02-03,00:07:00,307,4,8058
8986,2016-02-03,00:18:00,212,4,8059
8987,2016-02-03,00:19:00,295,2,8060
8988,2016-02-03,00:21:00,176,1,8061
8989,2016-02-03,00:26:00,16,2,8062
8990,2016-02-03,00:28:00,373,2,8063
8991,2016-02-03,00:29:00,333,3,8064
8992,2016-02-03,00:31:00,367,2,8065
8993,2016-02-03,00:35:00,123,1,8066
8994,2016-02-03,00:37:00,444,1,8067
8995,2016-02-03,00:51:00,399,2,8068
8996,2016-02-03,00:55:00,264,4,8069
8997,2016-02-03,01:00:00,15,2,8070
8998,2016-02-03,01:05:00,88,1,8071
8999,2016-02-03,01:07:00,88,4,8072
9000,2016-02-03,01:12:00,198,1,8073
9001,2016-02-03,01:32:00,76,4,8074
9002,2016-02-03,01:41:00,245,3,8075
9003,2016-02-03,01:47:00,324,2,8076
9004,2016-02-03,01:48:00,207,1,8077
9005,2016-02-03,02:00:00,191,2,2658
9006,2016-02-03,02:02:00,178,2,8078
9007,2016-02-03,02:18:00,62,2,8079
9008,2016-02-03,02:28:00,187,1,8080
9009,2016-02-03,02:31:00,291,4,8081
9010,2016-02-03,02:40:00,268,1,8082
9011,2016-02-03,02:42:00,344,2,8083
9012,2016-02-03,02:43:00,20,1,1753
9013,2016-02-03,02:46:00,12,1,8084
9014,2016-02-03,03:04:00,162,1,8085
9015,2016-02-03,03:04:00,128,2,8086
9016,2016-02-03,03:06:00,26,1,8087
9017,2016-02-03,03:08:00,118,2,8088
9018,2016-02-03,03:12:00,307,1,8089
9019,2016-02-03,03:13:00,147,3,8090
9020,2016-02-03,03:13:00,239,1,8091
9021,2016-02-03,03:25:00,39,1,8092
9022,2016-02-03,03:33:00,40,3,8093
9023,2016-02-03,03:40:00,191,1,8094
9024,2016-02-03,03:46:00,77,2,8095
9025,2016-02-03,04:01:00,110,1,8096
9026,2016-02-03,04:05:00,247,1,8097
9027,2016-02-03,04:15:00,69,2,8098
9028,2016-02-03,04:16:00,86,3,8099
9029,2016-02-03,04:18:00,279,3,8100
9030,2016-02-03,04:20:00,314,3,749
9031,2016-02-03,04:20:00,415,1,8101
9032,2016-02-03,04:21:00,352,2,8102
9033,2016-02-03,04:36:00,283,4,8103
9034,2016-02-03,04:43:00,284,2,8104
9035,2016-02-03,04:43:00,65,2,8105
9036,2016-02-03,04:46:00,439,1,8106
9037,2016-02-03,04:53:00,290,1,8107
9038,2016-02-03,04:59:00,307,2,8082
9039,2016-02-03,04:59:00,239,1,8108
9040,2016-02-03,05:04:00,335,2,8109
9041,2016-02-03,05:05:00,155,2,8110
9042,2016-02-03,05:10:00,362,1,8111
9043,2016-02-03,05:17:00,410,4,8112
9044,2016-02-03,05:26:00,91,4,6303
9045,2016-02-03,05:38:00,291,2,8113
9046,2016-02-03,05:45:00,185,1,8114
9047,2016-02-03,05:54:00,390,3,8115
9048,2016-02-03,05:59:00,20,2,8116
9049,2016-02-03,06:01:00,394,2,8117
9050,2016-02-03,06:11:00,188,3,8118
9051,2016-02-03,06:11:00,407,3,8119
9052,2016-02-03,06:13:00,443,1,8120
9053,2016-02-03,06:13:00,31,3,8121
9054,2016-02-03,06:18:00,367,5,8122
9055,2016-02-03,06:38:00,229,2,8123
9056,2016-02-03,06:49:00,206,2,4496
9057,2016-02-03,06:51:00,328,2,8124
9058,2016-02-03,07:02:00,238,2,8125
9059,2016-02-03,07:03:00,104,2,8126
9060,2016-02-03,07:15:00,329,1,3594
9061,2016-02-03,07:48:00,110,2,8127
9062,2016-02-03,07:49:00,273,3,8128
9063,2016-02-03,07:50:00,189,1,8129
9064,2016-02-03,08:01:00,344,1,8130
9065,2016-02-03,08:08:00,357,1,8131
9066,2016-02-03,08:20:00,328,1,8132
9067,2016-02-03,08:21:00,432,3,8133
9068,2016-02-03,08:26:00,426,3,8134
9069,2016-02-03,08:27:00,419,2,8135
9070,2016-02-03,08:33:00,162,3,8136
9071,2016-02-03,08:36:00,350,1,8137
9072,2016-02-03,08:39:00,119,4,8138
9073,2016-02-03,08:42:00,45,3,8139
9074,2016-02-03,08:45:00,91,2,8140
9075,2016-02-03,08:53:00,99,4,8141
9076,2016-02-03,08:54:00,415,3,8142
9077,2016-02-03,09:07:00,369,1,8143
9078,2016-02-03,09:13:00,312,1,8144
9079,2016-02-03,09:20:00,99,1,8145
9080,2016-02-03,09:43:00,178,1,8146
9081,2016-02-03,09:52:00,102,1,8147
9082,2016-02-03,10:06:00,86,1,8148
9083,2016-02-03,10:07:00,171,4,8149
9084,2016-02-03,10:15:00,240,1,8150
9085,2016-02-03,10:19:00,456,4,8151
9086,2016-02-03,10:28:00,130,1,8152
9087,2016-02-03,10:33:00,210,2,8153
9088,2016-02-03,10:34:00,407,2,8154
9089,2016-02-03,10:34:00,121,2,8155
9090,2016-02-03,10:44:00,70,2,8156
9091,2016-02-03,10:48:00,312,3,8157
9092,2016-02-03,10:54:00,417,1,8158
9093,2016-02-03,10:59:00,281,4,8159
9094,2016-02-03,11:12:00,3,1,6326
9095,2016-02-03,11:13:00,109,4,8160
9096,2016-02-03,11:23:00,356,2,8161
9097,2016-02-03,11:24:00,231,1,8162
9098,2016-02-03,11:29:00,423,1,8163
9099,2016-02-03,11:35:00,238,4,8164
9100,2016-02-03,11:41:00,108,2,8165
9101,2016-02-03,11:53:00,21,1,8166
9102,2016-02-03,12:04:00,409,1,8167
9103,2016-02-03,12:07:00,181,1,8168
9104,2016-02-03,12:07:00,323,2,8169
9105,2016-02-03,12:10:00,380,1,8170
9106,2016-02-03,12:21:00,270,1,8171
9107,2016-02-03,12:41:00,54,2,8172
9108,2016-02-03,12:46:00,453,1,8173
9109,2016-02-03,12:53:00,281,2,6049
9110,2016-02-03,12:58:00,3,2,8174
9111,2016-02-03,13:09:00,175,3,8175
9112,2016-02-03,13:11:00,99,2,8176
9113,2016-02-03,13:12:00,286,2,8177
9114,2016-02-03,13:17:00,400,1,8178
9115,2016-02-03,13:18:00,256,3,8179
9116,2016-02-03,13:20:00,275,3,8180
9117,2016-02-03,13:20:00,77,1,8181
9118,2016-02-03,13:24:00,358,2,8182
9119,2016-02-03,13:25:00,4,2,8183
9120,2016-02-03,13:34:00,113,1,8184
9121,2016-02-03,13:37:00,247,1,8185
9122,2016-02-03,13:43:00,114,3,8186
9123,2016-02-03,13:44:00,69,2,744
9124,2016-02-03,13:45:00,419,4,8187
9125,2016-02-03,13:58:00,304,3,8188
9126,2016-02-03,14:04:00,61,1,8189
9127,2016-02-03,14:20:00,130,1,8190
9128,2016-02-03,14:20:00,280,1,8191
9129,2016-02-03,14:25:00,131,2,8192
9130,2016-02-03,14:34:00,442,2,8193
9131,2016-02-03,14:39:00,94,3,8194
9132,2016-02-03,14:45:00,41,3,8195
9133,2016-02-03,14:49:00,359,1,8196
9134,2016-02-03,14:54:00,233,1,8197
9135,2016-02-03,14:59:00,430,2,8198
9136,2016-02-03,15:03:00,183,3,8199
9137,2016-02-03,15:06:00,125,3,8200
9138,2016-02-03,15:08:00,364,2,8201
9139,2016-02-03,15:08:00,341,2,8202
9140,2016-02-03,15:17:00,162,2,8203
9141,2016-02-03,15:26:00,349,4,770
9142,2016-02-03,15:29:00,270,1,8204
9143,2016-02-03,15:39:00,401,1,8205
9144,2016-02-03,15:41:00,263,1,8206
9145,2016-02-03,15:42:00,151,2,8207
9146,2016-02-03,15:53:00,115,1,8208
9147,2016-02-03,16:03:00,191,3,8209
9148,2016-02-03,16:07:00,386,2,8210
9149,2016-02-03,16:11:00,195,3,8211
9150,2016-02-03,16:27:00,60,2,8212
9151,2016-02-03,16:30:00,309,3,8213
9152,2016-02-03,16:37:00,255,2,4354
9153,2016-02-03,16:38:00,360,1,8214
9154,2016-02-03,16:39:00,25,3,885
9155,2016-02-03,16:47:00,428,1,8215
9156,2016-02-03,16:50:00,226,3,8216
9157,2016-02-03,16:54:00,259,4,8217
9158,2016-02-03,17:08:00,191,2,8218
9159,2016-02-03,17:09:00,180,2,8219
9160,2016-02-03,17:14:00,302,3,8220
9161,2016-02-03,17:15:00,79,3,8221
9162,2016-02-03,17:15:00,7,4,8222
9163,2016-02-03,17:17:00,327,3,8223
9164,2016-02-03,17:19:00,154,2,8224
9165,2016-02-03,17:21:00,352,2,8225
9166,2016-02-03,17:33:00,110,3,8226
9167,2016-02-03,17:35:00,410,2,8227
9168,2016-02-03,17:40:00,375,2,8228
9169,2016-02-03,17:48:00,444,1,8229
9170,2016-02-03,17:54:00,171,1,8230
9171,2016-02-03,17:56:00,234,1,8231
9172,2016-02-03,17:59:00,129,1,8232
9173,2016-02-03,18:01:00,313,1,8233
9174,2016-02-03,18:11:00,186,1,8234
9175,2016-02-03,18:13:00,3,2,8235
9176,2016-02-03,18:19:00,332,3,8236
9177,2016-02-03,18:32:00,193,2,8237
9178,2016-02-03,18:37:00,223,2,8238
9179,2016-02-03,18:49:00,403,1,8239
9180,2016-02-03,18:55:00,207,1,8240
9181,2016-02-03,19:13:00,126,3,8241
9182,2016-02-03,19:22:00,82,1,8242
9183,2016-02-03,19:25:00,354,2,8243
9184,2016-02-03,19:26:00,213,3,8244
9185,2016-02-03,19:28:00,90,1,8245
9186,2016-02-03,19:32:00,416,1,8246
9187,2016-02-03,19:36:00,297,4,8247
9188,2016-02-03,19:46:00,257,1,8248
9189,2016-02-03,19:51:00,50,3,8249
9190,2016-02-03,20:04:00,430,2,8250
9191,2016-02-03,20:05:00,398,2,8251
9192,2016-02-03,20:05:00,397,1,7256
9193,2016-02-03,20:09:00,361,1,8252
9194,2016-02-03,20:11:00,220,2,8253
9195,2016-02-03,20:16:00,2,2,8254
9196,2016-02-03,20:21:00,342,1,8255
9197,2016-02-03,20:22:00,250,2,8256
9198,2016-02-03,20:30:00,24,3,8257
9199,2016-02-03,20:34:00,57,2,8258
9200,2016-02-03,20:38:00,263,2,8259
9201,2016-02-03,20:44:00,62,2,8260
9202,2016-02-03,20:45:00,421,2,8261
9203,2016-02-03,20:47:00,395,2,2603
9204,2016-02-03,20:48:00,180,2,3614
9205,2016-02-03,21:10:00,422,2,8262
9206,2016-02-03,21:19:00,9,1,8263
9207,2016-02-03,21:32:00,97,1,8264
9208,2016-02-03,21:33:00,109,1,8265
9209,2016-02-03,21:37:00,178,2,8266
9210,2016-02-03,21:37:00,440,6,8267
9211,2016-02-03,21:42:00,288,2,8268
9212,2016-02-03,21:47:00,396,1,8269
9213,2016-02-03,21:48:00,270,3,6297
9214,2016-02-03,21:48:00,42,4,8270
9215,2016-02-03,21:50:00,306,2,7162
9216,2016-02-03,21:51:00,440,1,8271
9217,2016-02-03,21:53:00,425,2,8272
9218,2016-02-03,21:53:00,244,2,8273
9219,2016-02-03,21:55:00,144,2,8274
9220,2016-02-03,21:58:00,323,3,8275
9221,2016-02-03,22:09:00,153,2,8276
9222,2016-02-03,22:10:00,46,1,8277
9223,2016-02-03,22:11:00,423,1,8278
9224,2016-02-03,22:20:00,335,3,8279
9225,2016-02-03,22:31:00,66,3,8280
9226,2016-02-03,22:33:00,438,1,7214
9227,2016-02-03,22:33:00,347,3,8281
9228,2016-02-03,22:41:00,351,3,8282
9229,2016-02-03,22:42:00,108,3,3642
9230,2016-02-03,22:44:00,242,2,8283
9231,2016-02-03,22:44:00,57,3,8284
9232,2016-02-03,22:47:00,209,2,8285
9233,2016-02-03,22:47:00,28,2,8286
9234,2016-02-03,22:48:00,356,3,8287
9235,2016-02-03,22:48:00,217,1,8288
9236,2016-02-03,23:01:00,227,2,8289
9237,2016-02-03,23:01:00,456,1,8290
9238,2016-02-03,23:18:00,453,1,4792
9239,2016-02-03,23:22:00,214,3,8291
9240,2016-02-03,23:24:00,141,1,8292
9241,2016-02-03,23:26:00,158,2,8293
9242,2016-02-03,23:34:00,67,2,8294
9243,2016-02-03,23:51:00,364,2,8295
9244,2016-02-03,23:52:00,235,1,8296
9245,2016-02-04,00:03:00,180,1,751
9246,2016-02-04,00:16:00,225,2,8297
9247,2016-02-04,00:33:00,302,2,8298
9248,2016-02-04,00:37:00,382,3,3194
9249,2016-02-04,00:41:00,7,2,8299
9250,2016-02-04,00:42:00,162,1,8300
9251,2016-02-04,00:43:00,58,2,8301
9252,2016-02-04,00:45:00,305,5,8302
9253,2016-02-04,00:51:00,176,1,8303
9254,2016-02-04,00:51:00,360,2,8304
9255,2016-02-04,00:53:00,166,4,8305
9256,2016-02-04,00:54:00,124,1,3842
9257,2016-02-04,01:00:00,66,1,8306
9258,2016-02-04,01:01:00,162,1,8307
9259,2016-02-04,01:04:00,366,3,8308
9260,2016-02-04,01:07:00,70,1,8309
9261,2016-02-04,01:09:00,129,1,8310
9262,2016-02-04,01:12:00,12,1,8311
9263,2016-02-04,01:13:00,260,1,8312
9264,2016-02-04,01:22:00,174,1,8313
9265,2016-02-04,01:29:00,96,1,8314
9266,2016-02-04,01:32:00,213,2,8315
9267,2016-02-04,01:32:00,454,1,8316
9268,2016-02-04,01:32:00,184,1,8317
9269,2016-02-04,01:36:00,137,2,8318
9270,2016-02-04,01:37:00,141,2,8319
9271,2016-02-04,01:43:00,36,3,8320
9272,2016-02-04,01:53:00,173,4,8321
9273,2016-02-04,02:03:00,408,2,8322
9274,2016-02-04,02:03:00,191,3,8323
9275,2016-02-04,02:21:00,266,1,8324
9276,2016-02-04,02:24:00,375,2,8325
9277,2016-02-04,02:46:00,455,1,8326
9278,2016-02-04,02:46:00,221,1,8327
9279,2016-02-04,02:50:00,97,3,8328
9280,2016-02-04,02:58:00,92,1,8329
9281,2016-02-04,03:01:00,134,1,8330
9282,2016-02-04,03:08:00,175,2,8331
9283,2016-02-04,03:10:00,354,1,8332
9284,2016-02-04,03:24:00,229,2,8333
9285,2016-02-04,03:42:00,165,5,7213
9286,2016-02-04,03:46:00,144,2,8334
9287,2016-02-04,03:51:00,281,1,8335
9288,2016-02-04,03:53:00,62,1,8336
9289,2016-02-04,04:00:00,369,2,8337
9290,2016-02-04,04:03:00,337,3,1425
9291,2016-02-04,04:06:00,424,1,8338
9292,2016-02-04,04:11:00,282,2,8339
9293,2016-02-04,04:12:00,169,2,8340
9294,2016-02-04,04:17:00,426,2,8341
9295,2016-02-04,04:20:00,198,2,8342
9296,2016-02-04,04:20:00,231,1,8343
9297,2016-02-04,04:26:00,15,1,8344
9298,2016-02-04,04:27:00,301,2,8345
9299,2016-02-04,04:28:00,10,3,5068
9300,2016-02-04,04:51:00,93,2,8346
9301,2016-02-04,04:56:00,225,1,8347
9302,2016-02-04,04:56:00,366,2,8348
9303,2016-02-04,05:00:00,53,2,8349
9304,2016-02-04,05:02:00,248,1,8350
9305,2016-02-04,05:03:00,123,1,8351
9306,2016-02-04,05:14:00,314,1,8352
9307,2016-02-04,05:15:00,345,1,8353
9308,2016-02-04,05:18:00,14,2,8354
9309,2016-02-04,05:30:00,280,3,8355
9310,2016-02-04,05:32:00,56,2,8356
9311,2016-02-04,05:34:00,307,4,8357
9312,2016-02-04,05:35:00,284,3,8358
9313,2016-02-04,05:40:00,13,1,8359
9314,2016-02-04,05:44:00,19,1,8360
9315,2016-02-04,05:44:00,383,1,8361
9316,2016-02-04,05:45:00,449,1,8362
9317,2016-02-04,05:45:00,422,1,8363
9318,2016-02-04,05:49:00,447,1,8364
9319,2016-02-04,05:50:00,198,4,8365
9320,2016-02-04,06:03:00,248,3,8366
9321,2016-02-04,06:04:00,238,3,8367
9322,2016-02-04,06:04:00,133,1,8368
9323,2016-02-04,06:07:00,68,2,8369
9324,2016-02-04,06:13:00,326,1,8370
9325,2016-02-04,06:15:00,214,3,8371
9326,2016-02-04,06:18:00,364,2,8372
9327,2016-02-04,06:31:00,257,2,3958
9328,2016-02-04,06:32:00,266,2,8373
9329,2016-02-04,07:02:00,61,2,8374
9330,2016-02-04,07:05:00,402,3,8375
9331,2016-02-04,07:05:00,326,2,8376
9332,2016-02-04,07:31:00,417,3,8377
9333,2016-02-04,07:32:00,378,3,8378
9334,2016-02-04,07:32:00,458,2,8379
9335,2016-02-04,07:37:00,268,4,8380
9336,2016-02-04,07:54:00,166,2,8381
9337,2016-02-04,07:55:00,242,2,8382
9338,2016-02-04,08:04:00,168,3,8383
9339,2016-02-04,08:19:00,345,1,8384
9340,2016-02-04,08:20:00,338,2,8385
9341,2016-02-04,08:21:00,194,3,8386
9342,2016-02-04,08:26:00,196,2,8387
9343,2016-02-04,08:28:00,452,2,8388
9344,2016-02-04,08:29:00,236,6,8389
9345,2016-02-04,08:38:00,34,2,8390
9346,2016-02-04,08:40:00,53,4,6714
9347,2016-02-04,08:42:00,254,1,4767
9348,2016-02-04,08:55:00,255,2,8391
9349,2016-02-04,09:00:00,273,3,6502
9350,2016-02-04,09:04:00,350,1,8392
9351,2016-02-04,09:04:00,87,1,8393
9352,2016-02-04,09:07:00,83,2,8394
9353,2016-02-04,09:12:00,306,3,8395
9354,2016-02-04,09:12:00,439,1,8396
9355,2016-02-04,09:12:00,417,3,8397
9356,2016-02-04,09:16:00,42,3,8398
9357,2016-02-04,09:29:00,139,1,8399
9358,2016-02-04,09:29:00,249,2,8400
9359,2016-02-04,09:37:00,302,1,8401
9360,2016-02-04,09:38:00,92,3,8402
9361,2016-02-04,09:40:00,263,2,8403
9362,2016-02-04,09:43:00,134,2,8404
9363,2016-02-04,09:57:00,277,3,8405
9364,2016-02-04,10:00:00,60,4,8406
9365,2016-02-04,10:05:00,244,5,8407
9366,2016-02-04,10:10:00,162,3,8408
9367,2016-02-04,10:14:00,312,1,8409
9368,2016-02-04,10:15:00,25,3,8410
9369,2016-02-04,10:16:00,290,2,6258
9370,2016-02-04,10:21:00,275,2,8411
9371,2016-02-04,10:25:00,266,2,8412
9372,2016-02-04,10:26:00,437,2,8413
9373,2016-02-04,10:28:00,270,2,8414
9374,2016-02-04,10:36:00,45,3,8415
9375,2016-02-04,10:38:00,111,5,8416
9376,2016-02-04,10:42:00,72,4,8417
9377,2016-02-04,10:48:00,302,1,8418
9378,2016-02-04,10:50:00,296,2,8419
9379,2016-02-04,10:51:00,351,2,8420
9380,2016-02-04,10:54:00,370,1,8421
9381,2016-02-04,11:14:00,2,3,8422
9382,2016-02-04,11:27:00,400,1,8423
9383,2016-02-04,11:31:00,412,2,8424
9384,2016-02-04,11:31:00,405,3,8425
9385,2016-02-04,11:34:00,201,1,8426
9386,2016-02-04,11:41:00,98,2,8427
9387,2016-02-04,11:45:00,383,1,8428
9388,2016-02-04,11:51:00,38,2,8429
9389,2016-02-04,11:52:00,349,1,8430
9390,2016-02-04,12:04:00,356,2,8431
9391,2016-02-04,12:06:00,280,2,8432
9392,2016-02-04,12:08:00,58,2,8433
9393,2016-02-04,12:14:00,203,2,8434
9394,2016-02-04,12:22:00,140,3,8435
9395,2016-02-04,12:26:00,32,3,8436
9396,2016-02-04,12:28:00,186,1,8437
9397,2016-02-04,12:34:00,153,2,8438
9398,2016-02-04,12:37:00,364,1,8439
9399,2016-02-04,12:37:00,193,2,8440
9400,2016-02-04,12:40:00,254,2,8441
9401,2016-02-04,12:45:00,132,2,8442
9402,2016-02-04,12:48:00,285,1,8443
9403,2016-02-04,12:48:00,39,3,3875
9404,2016-02-04,12:49:00,379,1,8444
9405,2016-02-04,12:53:00,62,2,8445
9406,2016-02-04,13:00:00,20,2,8446
9407,2016-02-04,13:00:00,39,1,8447
9408,2016-02-04,13:02:00,289,2,8448
9409,2016-02-04,13:02:00,304,1,8449
9410,2016-02-04,13:06:00,62,1,8450
9411,2016-02-04,13:10:00,387,2,5312
9412,2016-02-04,13:30:00,196,3,8451
9413,2016-02-04,13:32:00,366,1,8452
9414,2016-02-04,13:43:00,167,2,8453
9415,2016-02-04,13:45:00,88,2,8454
9416,2016-02-04,13:51:00,406,2,8455
9417,2016-02-04,13:58:00,394,3,8456
9418,2016-02-04,14:00:00,387,3,8457
9419,2016-02-04,14:03:00,121,1,8458
9420,2016-02-04,14:10:00,431,2,698
9421,2016-02-04,14:17:00,121,3,8459
9422,2016-02-04,14:18:00,398,2,8460
9423,2016-02-04,14:30:00,102,1,8461
9424,2016-02-04,14:33:00,10,1,8462
9425,2016-02-04,14:39:00,142,2,8463
9426,2016-02-04,14:43:00,390,2,8464
9427,2016-02-04,15:12:00,259,4,8465
9428,2016-02-04,15:17:00,233,3,8466
9429,2016-02-04,15:24:00,441,2,8467
9430,2016-02-04,15:26:00,295,4,423
9431,2016-02-04,15:31:00,17,2,4782
9432,2016-02-04,15:45:00,30,2,8468
9433,2016-02-04,15:51:00,145,3,8469
9434,2016-02-04,15:53:00,37,2,8470
9435,2016-02-04,15:54:00,63,2,8471
9436,2016-02-04,15:55:00,402,1,8472
9437,2016-02-04,15:58:00,160,1,8473
9438,2016-02-04,15:59:00,195,1,8474
9439,2016-02-04,16:09:00,160,2,8475
9440,2016-02-04,16:13:00,1,2,8476
9441,2016-02-04,16:15:00,374,3,8477
9442,2016-02-04,16:23:00,329,1,8478
9443,2016-02-04,16:24:00,317,1,8479
9444,2016-02-04,16:29:00,170,2,8480
9445,2016-02-04,16:40:00,128,3,3948
9446,2016-02-04,16:42:00,67,2,8481
9447,2016-02-04,16:43:00,296,2,4050
9448,2016-02-04,16:44:00,5,1,8482
9449,2016-02-04,16:45:00,295,1,8483
9450,2016-02-04,16:46:00,158,3,8484
9451,2016-02-04,16:46:00,331,3,8485
9452,2016-02-04,16:53:00,280,3,8486
9453,2016-02-04,16:53:00,15,2,8487
9454,2016-02-04,17:00:00,253,2,8488
9455,2016-02-04,17:03:00,253,1,8489
9456,2016-02-04,17:12:00,453,1,8490
9457,2016-02-04,17:22:00,173,1,5621
9458,2016-02-04,17:27:00,110,1,4682
9459,2016-02-04,17:33:00,27,2,5716
9460,2016-02-04,17:43:00,142,2,8491
9461,2016-02-04,17:45:00,102,1,7232
9462,2016-02-04,17:49:00,13,2,8492
9463,2016-02-04,17:49:00,139,5,8493
9464,2016-02-04,17:49:00,348,3,4999
9465,2016-02-04,17:56:00,301,1,8494
9466,2016-02-04,18:17:00,295,1,8495
9467,2016-02-04,18:19:00,208,2,892
9468,2016-02-04,18:32:00,196,1,8496
9469,2016-02-04,18:35:00,450,1,8497
9470,2016-02-04,18:39:00,62,2,8498
9471,2016-02-04,18:41:00,17,1,8499
9472,2016-02-04,18:58:00,409,3,8500
9473,2016-02-04,18:58:00,20,2,8501
9474,2016-02-04,19:00:00,327,1,8502
9475,2016-02-04,19:02:00,196,3,8503
9476,2016-02-04,19:04:00,394,2,8504
9477,2016-02-04,19:09:00,34,2,8505
9478,2016-02-04,19:17:00,265,2,3843
9479,2016-02-04,19:25:00,209,2,8506
9480,2016-02-04,19:37:00,24,2,8507
9481,2016-02-04,19:45:00,73,1,8508
9482,2016-02-04,19:52:00,373,1,8509
9483,2016-02-04,19:56:00,36,1,8510
9484,2016-02-04,20:08:00,101,3,8511
9485,2016-02-04,20:10:00,367,1,8512
9486,2016-02-04,20:14:00,384,2,8513
9487,2016-02-04,20:20:00,397,3,8514
9488,2016-02-04,20:25:00,298,3,8515
9489,2016-02-04,20:29:00,13,1,8516
9490,2016-02-04,20:33:00,173,3,1147
9491,2016-02-04,20:37:00,329,1,8517
9492,2016-02-04,20:40:00,408,1,8518
9493,2016-02-04,20:45:00,43,1,8519
9494,2016-02-04,20:46:00,155,3,8520
9495,2016-02-04,20:47:00,350,2,8521
9496,2016-02-04,20:49:00,263,2,8522
9497,2016-02-04,20:49:00,375,3,8523
9498,2016-02-04,20:50:00,155,2,8524
9499,2016-02-04,20:55:00,181,2,8525
9500,2016-02-04,21:01:00,450,2,8526
9501,2016-02-04,21:15:00,390,1,8527
9502,2016-02-04,21:21:00,66,2,3952
9503,2016-02-04,21:25:00,207,3,8528
9504,2016-02-04,21:34:00,281,2,8529
9505,2016-02-04,21:37:00,401,2,8530
9506,2016-02-04,21:39:00,151,1,2098
9507,2016-02-04,22:01:00,381,1,8531
9508,2016-02-04,22:02:00,135,1,8532
9509,2016-02-04,22:02:00,266,3,8533
9510,2016-02-04,22:05:00,245,3,8534
9511,2016-02-04,22:10:00,99,2,8535
9512,2016-02-04,22:15:00,105,2,8536
9513,2016-02-04,22:16:00,160,3,8537
9514,2016-02-04,22:17:00,17,2,8538
9515,2016-02-04,22:22:00,341,1,8539
9516,2016-02-04,22:25:00,277,2,8540
9517,2016-02-04,22:34:00,222,3,8541
9518,2016-02-04,22:35:00,261,1,8542
9519,2016-02-04,22:40:00,139,1,8543
9520,2016-02-04,22:43:00,6,2,8544
9521,2016-02-04,22:49:00,132,2,8545
9522,2016-02-04,22:51:00,22,1,8546
9523,2016-02-04,23:03:00,100,1,8547
9524,2016-02-04,23:05:00,346,2,6155
9525,2016-02-04,23:06:00,121,1,8548
9526,2016-02-04,23:10:00,440,2,8549
9527,2016-02-04,23:18:00,139,3,8550
9528,2016-02-04,23:30:00,99,5,8551
9529,2016-02-04,23:33:00,16,1,8552
9530,2016-02-04,23:40:00,375,2,8553
9531,2016-02-04,23:50:00,332,2,8554
9532,2016-02-04,23:53:00,151,1,8555
9533,2016-02-04,23:58:00,258,2,8556
9534,2016-02-04,23:59:00,28,1,8557
9535,2016-02-05,00:11:00,16,1,8558
9536,2016-02-05,00:12:00,142,1,8559
9537,2016-02-05,00:13:00,381,3,8560
9538,2016-02-05,00:19:00,393,4,8561
9539,2016-02-05,00:23:00,67,2,8562
9540,2016-02-05,00:27:00,255,2,8563
9541,2016-02-05,00:35:00,213,1,8564
9542,2016-02-05,00:35:00,113,1,8565
9543,2016-02-05,00:36:00,61,3,8566
9544,2016-02-05,00:37:00,18,2,8567
9545,2016-02-05,00:42:00,41,1,5728
9546,2016-02-05,00:45:00,403,2,8568
9547,2016-02-05,00:45:00,287,1,8569
9548,2016-02-05,00:46:00,392,2,8570
9549,2016-02-05,00:49:00,113,1,8571
9550,2016-02-05,00:53:00,116,2,8572
9551,2016-02-05,00:54:00,237,2,8573
9552,2016-02-05,01:02:00,31,1,8574
9553,2016-02-05,01:03:00,176,4,8575
9554,2016-02-05,01:04:00,278,2,8576
9555,2016-02-05,01:12:00,374,2,8577
9556,2016-02-05,01:15:00,84,1,8578
9557,2016-02-05,01:21:00,382,2,8579
9558,2016-02-05,01:24:00,215,2,8580
9559,2016-02-05,01:36:00,21,2,8581
9560,2016-02-05,01:40:00,250,3,8582
9561,2016-02-05,01:44:00,184,2,8583
9562,2016-02-05,01:45:00,390,2,6189
9563,2016-02-05,01:48:00,109,2,8584
9564,2016-02-05,01:56:00,436,1,8585
9565,2016-02-05,02:11:00,319,2,4183
9566,2016-02-05,02:14:00,102,4,8586
9567,2016-02-05,02:14:00,183,2,8587
9568,2016-02-05,02:15:00,43,1,8588
9569,2016-02-05,02:19:00,383,3,8589
9570,2016-02-05,02:33:00,333,1,6212
9571,2016-02-05,02:42:00,74,3,8590
9572,2016-02-05,02:48:00,249,1,8591
9573,2016-02-05,02:51:00,434,4,8592
9574,2016-02-05,02:52:00,454,3,8593
9575,2016-02-05,02:53:00,263,2,8594
9576,2016-02-05,02:56:00,216,2,8595
9577,2016-02-05,03:02:00,304,4,8596
9578,2016-02-05,03:35:00,439,2,8597
9579,2016-02-05,03:37:00,131,1,8598
9580,2016-02-05,03:43:00,375,3,8599
9581,2016-02-05,04:02:00,102,2,8600
9582,2016-02-05,04:07:00,317,2,8601
9583,2016-02-05,04:14:00,142,1,8602
9584,2016-02-05,04:19:00,33,3,8603
9585,2016-02-05,04:26:00,412,1,8604
9586,2016-02-05,04:29:00,60,1,8605
9587,2016-02-05,04:35:00,326,3,8606
9588,2016-02-05,04:41:00,206,2,8607
9589,2016-02-05,04:43:00,42,1,8608
9590,2016-02-05,04:45:00,91,2,8609
9591,2016-02-05,04:50:00,450,2,8610
9592,2016-02-05,04:50:00,202,2,8611
9593,2016-02-05,04:51:00,217,1,8612
9594,2016-02-05,05:14:00,403,1,8613
9595,2016-02-05,05:16:00,433,1,8614
9596,2016-02-05,05:19:00,321,2,8615
9597,2016-02-05,05:21:00,228,1,8616
9598,2016-02-05,05:21:00,230,2,8617
9599,2016-02-05,05:23:00,386,2,8618
9600,2016-02-05,05:24:00,50,2,8619
9601,2016-02-05,05:46:00,351,1,8620
9602,2016-02-05,05:49:00,203,2,8621
9603,2016-02-05,05:52:00,132,1,8622
9604,2016-02-05,06:06:00,333,1,8623
9605,2016-02-05,06:10:00,269,3,8624
9606,2016-02-05,06:17:00,70,5,8625
9607,2016-02-05,06:19:00,52,1,8626
9608,2016-02-05,06:24:00,3,4,8627
9609,2016-02-05,06:30:00,331,2,8628
9610,2016-02-05,06:31:00,245,1,8629
9611,2016-02-05,06:33:00,408,1,8630
9612,2016-02-05,06:40:00,227,3,8631
9613,2016-02-05,06:41:00,42,5,8632
9614,2016-02-05,06:41:00,332,1,8633
9615,2016-02-05,06:50:00,253,2,8634
9616,2016-02-05,06:57:00,209,2,8635
9617,2016-02-05,06:58:00,65,4,8636
9618,2016-02-05,07:00:00,405,2,8637
9619,2016-02-05,07:01:00,22,2,8343
9620,2016-02-05,07:25:00,145,2,8638
9621,2016-02-05,07:28:00,47,2,8639
9622,2016-02-05,07:30:00,302,1,8640
9623,2016-02-05,07:33:00,123,3,8641
9624,2016-02-05,07:39:00,128,2,5832
9625,2016-02-05,07:44:00,186,2,8642
9626,2016-02-05,08:06:00,451,2,8643
9627,2016-02-05,08:11:00,391,1,8177
9628,2016-02-05,08:22:00,43,1,8644
9629,2016-02-05,08:37:00,265,3,4998
9630,2016-02-05,08:52:00,328,3,8645
9631,2016-02-05,08:55:00,20,3,8646
9632,2016-02-05,08:56:00,133,1,8647
9633,2016-02-05,09:04:00,423,3,8648
9634,2016-02-05,09:04:00,98,3,8649
9635,2016-02-05,09:24:00,420,1,8650
9636,2016-02-05,09:24:00,74,3,8651
9637,2016-02-05,09:33:00,197,2,8652
9638,2016-02-05,09:35:00,160,4,8653
9639,2016-02-05,09:38:00,128,2,8654
9640,2016-02-05,09:47:00,386,2,8655
9641,2016-02-05,09:49:00,386,2,4014
9642,2016-02-05,09:52:00,357,2,8656
9643,2016-02-05,10:07:00,142,1,8657
9644,2016-02-05,10:15:00,53,3,8658
9645,2016-02-05,10:15:00,239,1,8659
9646,2016-02-05,10:18:00,120,4,8660
9647,2016-02-05,10:34:00,356,2,8661
9648,2016-02-05,10:36:00,234,1,8662
9649,2016-02-05,10:40:00,79,1,8663
9650,2016-02-05,10:47:00,419,3,8664
9651,2016-02-05,10:53:00,418,2,8665
9652,2016-02-05,11:04:00,129,1,8666
9653,2016-02-05,11:13:00,91,2,8667
9654,2016-02-05,11:13:00,203,1,8668
9655,2016-02-05,11:14:00,4,3,2154
9656,2016-02-05,11:14:00,213,1,8669
9657,2016-02-05,11:17:00,25,1,8670
9658,2016-02-05,11:19:00,265,3,8671
9659,2016-02-05,11:26:00,151,2,8672
9660,2016-02-05,11:28:00,315,1,8673
9661,2016-02-05,11:29:00,391,1,8674
9662,2016-02-05,11:32:00,449,1,3160
9663,2016-02-05,11:51:00,139,1,3566
9664,2016-02-05,11:53:00,31,1,8675
9665,2016-02-05,11:57:00,139,1,8676
9666,2016-02-05,11:58:00,368,4,8677
9667,2016-02-05,12:01:00,212,1,8678
9668,2016-02-05,12:02:00,132,1,8679
9669,2016-02-05,12:07:00,192,3,8680
9670,2016-02-05,12:17:00,197,2,8681
9671,2016-02-05,12:22:00,438,2,8682
9672,2016-02-05,12:29:00,455,3,8683
9673,2016-02-05,12:49:00,277,2,8684
9674,2016-02-05,12:49:00,119,1,8685
9675,2016-02-05,12:53:00,31,2,8686
9676,2016-02-05,12:55:00,442,4,8687
9677,2016-02-05,12:56:00,36,1,8688
9678,2016-02-05,13:10:00,308,2,8689
9679,2016-02-05,13:17:00,43,1,8690
9680,2016-02-05,13:22:00,19,1,8691
9681,2016-02-05,13:24:00,1,1,8692
9682,2016-02-05,13:25:00,56,1,8693
9683,2016-02-05,13:34:00,25,2,8694
9684,2016-02-05,13:39:00,90,1,8695
9685,2016-02-05,13:41:00,142,2,8696
9686,2016-02-05,13:44:00,5,3,8697
9687,2016-02-05,13:50:00,240,2,7458
9688,2016-02-05,13:52:00,187,2,8698
9689,2016-02-05,14:21:00,426,1,8699
9690,2016-02-05,14:44:00,66,4,8700
9691,2016-02-05,14:44:00,247,1,8701
9692,2016-02-05,14:55:00,436,1,8702
9693,2016-02-05,15:07:00,34,3,8703
9694,2016-02-05,15:18:00,289,2,8704
9695,2016-02-05,15:32:00,2,2,8705
9696,2016-02-05,15:41:00,216,2,1628
9697,2016-02-05,15:45:00,112,1,8706
9698,2016-02-05,15:45:00,178,2,8707
9699,2016-02-05,15:46:00,304,1,8708
9700,2016-02-05,15:51:00,258,2,8709
9701,2016-02-05,15:55:00,60,2,6860
9702,2016-02-05,16:01:00,388,3,8710
9703,2016-02-05,16:04:00,372,1,8711
9704,2016-02-05,16:10:00,425,2,8712
9705,2016-02-05,16:16:00,328,1,8713
9706,2016-02-05,16:32:00,357,3,8714
9707,2016-02-05,16:33:00,446,2,5492
9708,2016-02-05,16:36:00,328,1,8715
9709,2016-02-05,16:40:00,134,2,8716
9710,2016-02-05,16:52:00,247,2,8717
9711,2016-02-05,17:03:00,399,1,8718
9712,2016-02-05,17:05:00,352,2,8719
9713,2016-02-05,17:05:00,125,3,8720
9714,2016-02-05,17:17:00,209,3,8721
9715,2016-02-05,17:22:00,359,1,8722
9716,2016-02-05,17:28:00,301,1,8723
9717,2016-02-05,17:33:00,434,1,1377
9718,2016-02-05,17:35:00,330,2,8724
9719,2016-02-05,17:37:00,312,1,8725
9720,2016-02-05,17:45:00,349,1,8726
9721,2016-02-05,17:52:00,344,1,219
9722,2016-02-05,17:57:00,418,2,8727
9723,2016-02-05,18:00:00,258,1,8728
9724,2016-02-05,18:10:00,108,3,8729
9725,2016-02-05,18:14:00,338,3,8730
9726,2016-02-05,18:21:00,278,2,6785
9727,2016-02-05,18:23:00,250,1,8731
9728,2016-02-05,18:25:00,266,2,8732
9729,2016-02-05,18:32:00,19,2,8733
9730,2016-02-05,18:34:00,313,2,91
9731,2016-02-05,18:38:00,26,1,8734
9732,2016-02-05,18:41:00,376,3,8735
9733,2016-02-05,18:41:00,453,4,8736
9734,2016-02-05,18:43:00,150,1,8737
9735,2016-02-05,18:43:00,456,3,8738
9736,2016-02-05,18:54:00,258,2,8739
9737,2016-02-05,19:04:00,316,2,8740
9738,2016-02-05,19:10:00,165,1,2210
9739,2016-02-05,19:12:00,255,2,8741
9740,2016-02-05,19:16:00,42,1,8742
9741,2016-02-05,19:19:00,104,2,8743
9742,2016-02-05,19:28:00,112,1,8744
9743,2016-02-05,19:39:00,4,1,529
9744,2016-02-05,19:44:00,203,1,8745
9745,2016-02-05,19:45:00,266,3,8746
9746,2016-02-05,19:48:00,64,1,8747
9747,2016-02-05,19:50:00,71,1,8748
9748,2016-02-05,19:50:00,328,2,8749
9749,2016-02-05,19:52:00,282,4,8750
9750,2016-02-05,19:55:00,85,2,8751
9751,2016-02-05,19:57:00,11,1,8752
9752,2016-02-05,19:57:00,249,1,8753
9753,2016-02-05,20:05:00,316,1,8754
9754,2016-02-05,20:06:00,335,2,1814
9755,2016-02-05,20:08:00,328,3,8755
9756,2016-02-05,20:13:00,92,1,8756
9757,2016-02-05,20:19:00,292,3,8757
9758,2016-02-05,20:21:00,166,1,8758
9759,2016-02-05,20:21:00,99,3,8759
9760,2016-02-05,20:22:00,202,2,8760
9761,2016-02-05,20:24:00,71,1,8761
9762,2016-02-05,20:36:00,20,2,8762
9763,2016-02-05,20:42:00,357,3,8763
9764,2016-02-05,20:43:00,8,1,8764
9765,2016-02-05,20:44:00,88,2,8765
9766,2016-02-05,20:47:00,77,2,8766
9767,2016-02-05,20:51:00,31,2,8767
9768,2016-02-05,20:54:00,25,1,8768
9769,2016-02-05,21:00:00,187,2,8769
9770,2016-02-05,21:04:00,316,2,8770
9771,2016-02-05,21:10:00,340,1,8771
9772,2016-02-05,21:11:00,84,2,8772
9773,2016-02-05,21:13:00,6,2,8773
9774,2016-02-05,21:16:00,254,2,8774
9775,2016-02-05,21:18:00,129,1,8775
9776,2016-02-05,21:18:00,164,2,8776
9777,2016-02-05,21:19:00,96,2,4647
9778,2016-02-05,21:35:00,149,1,8777
9779,2016-02-05,21:37:00,368,2,3154
9780,2016-02-05,21:40:00,79,1,8778
9781,2016-02-05,21:42:00,242,2,8779
9782,2016-02-05,21:43:00,12,1,8780
9783,2016-02-05,21:49:00,91,2,8781
9784,2016-02-05,21:58:00,29,1,8782
9785,2016-02-05,21:59:00,154,1,8783
9786,2016-02-05,22:01:00,275,1,8784
9787,2016-02-05,22:05:00,179,4,8785
9788,2016-02-05,22:20:00,212,1,8786
9789,2016-02-05,22:24:00,452,1,8787
9790,2016-02-05,22:24:00,200,2,8788
9791,2016-02-05,22:29:00,369,1,8789
9792,2016-02-05,22:30:00,169,2,8790
9793,2016-02-05,22:43:00,285,1,8791
9794,2016-02-05,22:51:00,417,1,8792
9795,2016-02-05,22:52:00,255,1,8793
9796,2016-02-05,22:57:00,359,3,8794
9797,2016-02-05,23:00:00,277,1,8795
9798,2016-02-05,23:00:00,366,2,8796
9799,2016-02-05,23:03:00,421,1,8797
9800,2016-02-05,23:08:00,449,2,8798
9801,2016-02-05,23:09:00,222,2,8799
9802,2016-02-05,23:10:00,297,1,8800
9803,2016-02-05,23:12:00,262,4,8801
9804,2016-02-05,23:22:00,387,1,8802
9805,2016-02-05,23:23:00,414,2,8803
9806,2016-02-05,23:27:00,184,1,8804
9807,2016-02-05,23:37:00,441,3,8805
9808,2016-02-05,23:46:00,194,2,8806
9809,2016-02-05,23:50:00,86,1,8807
9810,2016-02-05,23:56:00,52,1,8808
9811,2016-02-05,23:58:00,98,4,5681
9812,2016-02-06,00:03:00,32,1,8809
9813,2016-02-06,00:07:00,325,3,8810
9814,2016-02-06,00:21:00,131,5,6392
9815,2016-02-06,00:22:00,163,1,8646
9816,2016-02-06,00:23:00,284,4,8811
9817,2016-02-06,00:29:00,453,1,8812
9818,2016-02-06,00:31:00,358,2,8813
9819,2016-02-06,00:49:00,74,1,8814
9820,2016-02-06,00:49:00,23,2,8815
9821,2016-02-06,00:54:00,284,1,8816
9822,2016-02-06,01:07:00,330,2,8817
9823,2016-02-06,01:09:00,87,1,8818
9824,2016-02-06,01:10:00,369,1,8819
9825,2016-02-06,01:17:00,168,3,8820
9826,2016-02-06,01:18:00,67,1,8821
9827,2016-02-06,01:25:00,397,2,8822
9828,2016-02-06,01:27:00,219,1,8823
9829,2016-02-06,01:34:00,78,3,8824
9830,2016-02-06,01:41:00,313,2,8825
9831,2016-02-06,01:44:00,215,2,5692
9832,2016-02-06,01:58:00,439,1,8826
9833,2016-02-06,02:08:00,329,2,8827
9834,2016-02-06,02:13:00,200,2,8828
9835,2016-02-06,02:23:00,316,4,8829
9836,2016-02-06,02:24:00,289,1,8830
9837,2016-02-06,03:05:00,14,3,8831
9838,2016-02-06,03:08:00,142,2,8832
9839,2016-02-06,03:09:00,230,3,8833
9840,2016-02-06,03:12:00,17,4,8834
9841,2016-02-06,03:20:00,193,1,8835
9842,2016-02-06,03:21:00,20,5,8836
9843,2016-02-06,03:27:00,168,1,8837
9844,2016-02-06,03:28:00,458,3,8838
9845,2016-02-06,03:31:00,129,2,8839
9846,2016-02-06,03:31:00,442,4,8840
9847,2016-02-06,03:40:00,84,2,8841
9848,2016-02-06,03:59:00,119,1,8842
9849,2016-02-06,04:01:00,374,2,8843
9850,2016-02-06,04:03:00,301,3,8844
9851,2016-02-06,04:07:00,385,2,8845
9852,2016-02-06,04:07:00,141,2,8846
9853,2016-02-06,04:11:00,57,2,8847
9854,2016-02-06,04:21:00,129,1,8412
9855,2016-02-06,04:28:00,398,1,8848
9856,2016-02-06,04:31:00,99,2,8849
9857,2016-02-06,04:32:00,400,1,8850
9858,2016-02-06,04:33:00,33,1,8851
9859,2016-02-06,05:01:00,68,5,8852
9860,2016-02-06,05:03:00,57,3,8853
9861,2016-02-06,05:05:00,65,2,8854
9862,2016-02-06,05:10:00,180,1,8855
9863,2016-02-06,05:12:00,48,2,8856
9864,2016-02-06,05:19:00,244,1,8857
9865,2016-02-06,05:31:00,90,2,8858
9866,2016-02-06,05:32:00,385,2,8859
9867,2016-02-06,05:36:00,432,2,8860
9868,2016-02-06,05:42:00,175,2,8861
9869,2016-02-06,05:42:00,415,3,8862
9870,2016-02-06,05:46:00,75,1,8863
9871,2016-02-06,05:49:00,16,3,8864
9872,2016-02-06,05:50:00,326,2,8865
9873,2016-02-06,05:51:00,32,2,8866
9874,2016-02-06,05:51:00,456,2,8867
9875,2016-02-06,05:52:00,126,2,8868
9876,2016-02-06,05:54:00,208,2,8869
9877,2016-02-06,05:56:00,190,1,8870
9878,2016-02-06,05:58:00,303,1,8871
9879,2016-02-06,06:09:00,270,3,8872
9880,2016-02-06,06:14:00,388,2,8873
9881,2016-02-06,06:15:00,295,3,8874
9882,2016-02-06,06:15:00,289,1,8875
9883,2016-02-06,06:19:00,295,1,8876
9884,2016-02-06,06:23:00,458,2,8877
9885,2016-02-06,06:26:00,339,1,8878
9886,2016-02-06,06:27:00,215,2,8879
9887,2016-02-06,06:28:00,446,2,8880
9888,2016-02-06,06:32:00,433,2,8881
9889,2016-02-06,06:33:00,4,1,8882
9890,2016-02-06,06:33:00,376,1,8883
9891,2016-02-06,06:41:00,54,1,8884
9892,2016-02-06,06:41:00,297,2,8885
9893,2016-02-06,06:44:00,251,1,8886
9894,2016-02-06,06:47:00,322,2,8887
9895,2016-02-06,07:09:00,245,3,8888
9896,2016-02-06,07:10:00,368,2,8889
9897,2016-02-06,07:15:00,446,1,8890
9898,2016-02-06,07:27:00,160,1,8891
9899,2016-02-06,07:33:00,161,3,8892
9900,2016-02-06,07:35:00,56,2,8893
9901,2016-02-06,07:36:00,391,4,8894
9902,2016-02-06,07:38:00,396,2,8895
9903,2016-02-06,07:39:00,437,2,8896
9904,2016-02-06,07:43:00,208,1,1216
9905,2016-02-06,07:44:00,60,3,8897
9906,2016-02-06,07:46:00,182,3,8898
9907,2016-02-06,07:56:00,395,4,8899
9908,2016-02-06,07:59:00,325,2,8900
9909,2016-02-06,07:59:00,385,1,8901
9910,2016-02-06,08:03:00,213,2,8902
9911,2016-02-06,08:15:00,391,1,8903
9912,2016-02-06,08:16:00,436,3,8904
9913,2016-02-06,08:27:00,124,2,4369
9914,2016-02-06,08:28:00,411,3,1727
9915,2016-02-06,08:29:00,126,2,8905
9916,2016-02-06,08:42:00,147,1,8906
9917,2016-02-06,08:45:00,25,1,8907
9918,2016-02-06,08:45:00,403,1,4687
9919,2016-02-06,08:48:00,201,2,8908
9920,2016-02-06,09:03:00,117,1,8909
9921,2016-02-06,09:24:00,389,1,8910
9922,2016-02-06,09:36:00,444,1,5649
9923,2016-02-06,09:38:00,121,3,8911
9924,2016-02-06,09:39:00,332,4,8912
9925,2016-02-06,09:44:00,367,1,8913
9926,2016-02-06,09:51:00,272,1,8914
9927,2016-02-06,09:52:00,98,2,8915
9928,2016-02-06,09:53:00,20,2,8916
9929,2016-02-06,09:58:00,111,2,8917
9930,2016-02-06,10:07:00,58,2,8918
9931,2016-02-06,10:09:00,195,2,8919
9932,2016-02-06,10:12:00,274,2,8920
9933,2016-02-06,10:15:00,253,3,5607
9934,2016-02-06,10:15:00,363,2,8921
9935,2016-02-06,10:26:00,377,4,533
9936,2016-02-06,10:27:00,153,2,8922
9937,2016-02-06,10:31:00,66,2,8923
9938,2016-02-06,10:36:00,94,1,8924
9939,2016-02-06,10:42:00,181,3,8925
9940,2016-02-06,10:47:00,280,4,8926
9941,2016-02-06,10:58:00,309,1,8927
9942,2016-02-06,11:07:00,329,4,8928
9943,2016-02-06,11:11:00,52,1,8929
9944,2016-02-06,11:11:00,99,2,8930
9945,2016-02-06,11:20:00,205,1,8931
9946,2016-02-06,11:24:00,156,2,8369
9947,2016-02-06,11:27:00,341,1,8932
9948,2016-02-06,11:29:00,156,1,8933
9949,2016-02-06,11:42:00,243,2,8934
9950,2016-02-06,11:56:00,362,3,8935
9951,2016-02-06,12:06:00,260,2,8936
9952,2016-02-06,12:14:00,218,2,8937
9953,2016-02-06,12:15:00,450,2,8938
9954,2016-02-06,12:17:00,261,3,8939
9955,2016-02-06,12:20:00,342,1,8940
9956,2016-02-06,12:25:00,254,2,8941
9957,2016-02-06,12:28:00,170,2,8942
9958,2016-02-06,12:35:00,110,2,8943
9959,2016-02-06,12:51:00,401,1,8944
9960,2016-02-06,12:59:00,10,3,1451
9961,2016-02-06,13:13:00,246,2,8945
9962,2016-02-06,13:19:00,376,1,8946
9963,2016-02-06,13:35:00,34,1,8947
9964,2016-02-06,13:36:00,7,2,8948
9965,2016-02-06,13:36:00,452,1,8949
9966,2016-02-06,13:49:00,85,3,8950
9967,2016-02-06,13:49:00,343,3,8951
9968,2016-02-06,13:51:00,311,2,8952
9969,2016-02-06,14:00:00,234,2,8953
9970,2016-02-06,14:04:00,123,1,8954
9971,2016-02-06,14:06:00,420,2,8955
9972,2016-02-06,14:09:00,414,2,8956
9973,2016-02-06,14:12:00,29,1,8957
9974,2016-02-06,14:13:00,17,1,8958
9975,2016-02-06,14:15:00,77,2,8959
9976,2016-02-06,14:16:00,456,4,8960
9977,2016-02-06,14:17:00,213,2,8961
9978,2016-02-06,14:18:00,106,2,8962
9979,2016-02-06,14:26:00,355,2,8963
9980,2016-02-06,14:38:00,415,2,8964
9981,2016-02-06,14:44:00,180,2,8965
9982,2016-02-06,14:54:00,20,1,8966
9983,2016-02-06,14:56:00,110,1,8967
9984,2016-02-06,14:59:00,302,2,8968
9985,2016-02-06,14:59:00,284,3,8969
9986,2016-02-06,15:08:00,415,3,8970
9987,2016-02-06,15:11:00,269,3,8971
9988,2016-02-06,15:13:00,457,1,8972
9989,2016-02-06,15:21:00,365,1,8973
9990,2016-02-06,15:33:00,3,3,7795
9991,2016-02-06,15:40:00,15,2,8974
9992,2016-02-06,15:45:00,369,2,8975
9993,2016-02-06,15:49:00,209,1,8976
9994,2016-02-06,15:51:00,269,2,8977
9995,2016-02-06,16:04:00,438,2,8978
9996,2016-02-06,16:07:00,313,3,8979
9997,2016-02-06,16:17:00,277,2,8980
9998,2016-02-06,16:19:00,27,3,8981
9999,2016-02-06,16:20:00,58,1,8982
10000,2016-02-06,16:23:00,185,2,8983
10001,2016-02-06,16:24:00,228,1,8984
10002,2016-02-06,16:29:00,153,1,8985
10003,2016-02-06,16:45:00,386,1,8986
10004,2016-02-06,16:48:00,233,1,8987
10005,2016-02-06,17:00:00,95,1,8988
10006,2016-02-06,17:00:00,249,2,8989
10007,2016-02-06,17:02:00,77,2,8990
10008,2016-02-06,17:14:00,311,1,8991
10009,2016-02-06,17:25:00,407,3,8992
10010,2016-02-06,17:27:00,428,2,8993
10011,2016-02-06,17:40:00,446,1,8994
10012,2016-02-06,17:48:00,364,1,8995
10013,2016-02-06,17:49:00,105,3,8996
10014,2016-02-06,17:52:00,32,5,8997
10015,2016-02-06,17:55:00,105,2,8998
10016,2016-02-06,17:56:00,174,1,8999
10017,2016-02-06,18:14:00,327,2,9000
10018,2016-02-06,18:22:00,317,2,9001
10019,2016-02-06,18:27:00,124,1,9002
10020,2016-02-06,18:51:00,233,2,9003
10021,2016-02-06,19:13:00,206,1,9004
10022,2016-02-06,19:13:00,370,1,6127
10023,2016-02-06,19:17:00,179,3,9005
10024,2016-02-06,19:20:00,432,2,9006
10025,2016-02-06,19:26:00,415,2,9007
10026,2016-02-06,19:27:00,430,2,9008
10027,2016-02-06,19:32:00,245,3,9009
10028,2016-02-06,19:34:00,400,1,9010
10029,2016-02-06,19:35:00,347,2,7586
10030,2016-02-06,19:35:00,287,4,674
10031,2016-02-06,19:39:00,133,4,9011
10032,2016-02-06,19:39:00,299,2,481
10033,2016-02-06,19:51:00,277,1,9012
10034,2016-02-06,20:06:00,8,2,9013
10035,2016-02-06,20:10:00,46,2,9014
10036,2016-02-06,20:12:00,351,4,9015
10037,2016-02-06,20:24:00,389,1,9016
10038,2016-02-06,20:24:00,166,1,9017
10039,2016-02-06,20:42:00,351,1,9018
10040,2016-02-06,20:46:00,53,1,9019
10041,2016-02-06,20:48:00,368,1,9020
10042,2016-02-06,20:58:00,310,1,3504
10043,2016-02-06,20:59:00,60,1,9021
10044,2016-02-06,20:59:00,400,2,9022
10045,2016-02-06,21:13:00,151,1,9023
10046,2016-02-06,21:18:00,75,5,3273
10047,2016-02-06,21:22:00,201,2,9024
10048,2016-02-06,21:34:00,8,1,9025
10049,2016-02-06,21:34:00,79,4,9026
10050,2016-02-06,21:34:00,218,2,9027
10051,2016-02-06,21:37:00,375,1,9028
10052,2016-02-06,21:45:00,311,2,9029
10053,2016-02-06,21:46:00,271,2,9030
10054,2016-02-06,21:55:00,182,2,9031
10055,2016-02-06,22:04:00,94,1,8993
10056,2016-02-06,22:08:00,13,1,9032
10057,2016-02-06,22:28:00,211,2,9033
10058,2016-02-06,22:34:00,74,1,9034
10059,2016-02-06,22:41:00,105,2,9035
10060,2016-02-06,22:45:00,424,1,295
10061,2016-02-06,22:46:00,346,1,9036
10062,2016-02-06,23:05:00,256,2,9037
10063,2016-02-06,23:14:00,240,1,9038
10064,2016-02-06,23:14:00,189,2,9039
10065,2016-02-06,23:18:00,265,1,2452
10066,2016-02-06,23:31:00,161,1,9040
10067,2016-02-06,23:34:00,313,1,9041
10068,2016-02-06,23:36:00,263,2,696
10069,2016-02-06,23:42:00,20,2,9042
10070,2016-02-07,00:06:00,151,2,9043
10071,2016-02-07,00:08:00,275,3,9044
10072,2016-02-07,00:10:00,221,1,8112
10073,2016-02-07,00:10:00,270,2,9045
10074,2016-02-07,00:12:00,35,1,9046
10075,2016-02-07,00:21:00,449,2,9047
10076,2016-02-07,00:30:00,334,4,9048
10077,2016-02-07,00:34:00,292,3,9049
10078,2016-02-07,00:37:00,272,1,9050
10079,2016-02-07,00:40:00,130,4,9051
10080,2016-02-07,00:57:00,449,3,9052
10081,2016-02-07,01:02:00,420,2,9053
10082,2016-02-07,01:04:00,348,2,9054
10083,2016-02-07,01:05:00,345,2,9055
10084,2016-02-07,01:15:00,174,3,9056
10085,2016-02-07,01:23:00,409,1,9057
10086,2016-02-07,01:25:00,57,2,9058
10087,2016-02-07,01:32:00,418,1,9059
10088,2016-02-07,01:36:00,216,1,9060
10089,2016-02-07,01:37:00,286,1,9061
10090,2016-02-07,01:39:00,406,1,9062
10091,2016-02-07,01:54:00,323,2,9063
10092,2016-02-07,02:04:00,67,1,9064
10093,2016-02-07,02:08:00,237,4,9065
10094,2016-02-07,02:12:00,370,1,9066
10095,2016-02-07,02:13:00,149,1,9067
10096,2016-02-07,02:15:00,29,2,9068
10097,2016-02-07,02:18:00,215,1,9069
10098,2016-02-07,02:27:00,236,1,9070
10099,2016-02-07,02:28:00,392,3,9071
10100,2016-02-07,02:35:00,149,3,5734
10101,2016-02-07,02:39:00,113,2,9072
10102,2016-02-07,02:47:00,146,2,9073
10103,2016-02-07,02:49:00,232,3,9074
10104,2016-02-07,03:07:00,356,2,6569
10105,2016-02-07,03:17:00,372,4,9075
10106,2016-02-07,03:28:00,37,1,9076
10107,2016-02-07,03:32:00,177,3,9077
10108,2016-02-07,03:36:00,1,3,9078
10109,2016-02-07,03:37:00,276,1,9079
10110,2016-02-07,03:39:00,45,2,8261
10111,2016-02-07,03:42:00,436,1,9080
10112,2016-02-07,03:42:00,273,2,9081
10113,2016-02-07,03:44:00,128,1,9082
10114,2016-02-07,03:50:00,339,2,9083
10115,2016-02-07,03:58:00,120,4,9084
10116,2016-02-07,04:04:00,61,3,9085
10117,2016-02-07,04:18:00,380,4,9086
10118,2016-02-07,04:18:00,98,1,9087
10119,2016-02-07,04:30:00,175,1,9088
10120,2016-02-07,04:30:00,411,2,9089
10121,2016-02-07,04:47:00,146,6,6005
10122,2016-02-07,04:58:00,382,1,9090
10123,2016-02-07,04:59:00,262,3,9091
10124,2016-02-07,05:07:00,146,3,9092
10125,2016-02-07,05:08:00,205,1,9093
10126,2016-02-07,05:17:00,5,1,9094
10127,2016-02-07,05:17:00,55,1,9095
10128,2016-02-07,05:18:00,239,3,9096
10129,2016-02-07,05:22:00,393,3,9097
10130,2016-02-07,05:28:00,233,1,9098
10131,2016-02-07,05:31:00,389,2,9099
10132,2016-02-07,05:40:00,313,1,9100
10133,2016-02-07,05:57:00,82,3,9101
10134,2016-02-07,05:59:00,29,2,9102
10135,2016-02-07,06:04:00,154,3,9103
10136,2016-02-07,06:07:00,273,1,9104
10137,2016-02-07,06:27:00,173,1,3475
10138,2016-02-07,06:29:00,299,1,9105
10139,2016-02-07,06:36:00,142,2,9106
10140,2016-02-07,06:40:00,191,2,9107
10141,2016-02-07,06:41:00,386,1,9108
10142,2016-02-07,06:41:00,339,1,9109
10143,2016-02-07,06:43:00,165,4,9110
10144,2016-02-07,06:47:00,34,1,9111
10145,2016-02-07,06:48:00,78,1,9112
10146,2016-02-07,06:52:00,332,2,9113
10147,2016-02-07,06:58:00,178,2,9114
10148,2016-02-07,07:00:00,89,2,9115
10149,2016-02-07,07:04:00,397,3,4825
10150,2016-02-07,07:07:00,330,2,9116
10151,2016-02-07,07:11:00,17,1,9117
10152,2016-02-07,07:18:00,129,3,7098
10153,2016-02-07,07:21:00,391,1,9118
10154,2016-02-07,07:21:00,313,3,9119
10155,2016-02-07,07:28:00,175,1,9120
10156,2016-02-07,07:39:00,213,3,9121
10157,2016-02-07,07:44:00,116,1,9122
10158,2016-02-07,07:46:00,387,3,9123
10159,2016-02-07,07:49:00,292,1,9124
10160,2016-02-07,07:51:00,28,2,9125
10161,2016-02-07,07:54:00,255,2,9126
10162,2016-02-07,07:58:00,335,5,9127
10163,2016-02-07,08:06:00,312,2,5360
10164,2016-02-07,08:07:00,431,4,9128
10165,2016-02-07,08:09:00,149,1,9129
10166,2016-02-07,08:25:00,227,2,9130
10167,2016-02-07,08:26:00,57,2,9131
10168,2016-02-07,08:32:00,109,2,9132
10169,2016-02-07,08:33:00,219,4,9133
10170,2016-02-07,08:33:00,313,2,9134
10171,2016-02-07,08:47:00,435,2,9135
10172,2016-02-07,09:00:00,324,1,9136
10173,2016-02-07,09:01:00,367,3,9137
10174,2016-02-07,09:13:00,193,2,9138
10175,2016-02-07,09:15:00,149,3,9139
10176,2016-02-07,09:24:00,25,2,9140
10177,2016-02-07,09:36:00,227,2,9141
10178,2016-02-07,09:45:00,188,2,9142
10179,2016-02-07,09:50:00,38,1,9143
10180,2016-02-07,09:55:00,369,2,9144
10181,2016-02-07,09:56:00,457,1,9145
10182,2016-02-07,10:02:00,328,3,9146
10183,2016-02-07,10:16:00,198,1,9147
10184,2016-02-07,10:23:00,56,1,9148
10185,2016-02-07,10:25:00,246,2,9149
10186,2016-02-07,10:50:00,130,1,9150
10187,2016-02-07,10:52:00,91,3,9151
10188,2016-02-07,10:54:00,355,3,9152
10189,2016-02-07,10:57:00,357,2,9153
10190,2016-02-07,11:00:00,107,1,9154
10191,2016-02-07,11:03:00,166,2,9155
10192,2016-02-07,11:03:00,266,3,9156
10193,2016-02-07,11:03:00,88,2,2502
10194,2016-02-07,11:21:00,209,2,9157
10195,2016-02-07,11:51:00,282,3,9158
10196,2016-02-07,11:51:00,452,2,9159
10197,2016-02-07,11:53:00,398,1,9160
10198,2016-02-07,11:53:00,221,2,9161
10199,2016-02-07,11:57:00,449,3,9162
10200,2016-02-07,12:05:00,431,1,9163
10201,2016-02-07,12:09:00,395,2,9164
10202,2016-02-07,12:10:00,115,2,9165
10203,2016-02-07,12:19:00,147,1,9166
10204,2016-02-07,12:21:00,217,1,9167
10205,2016-02-07,12:27:00,95,3,9168
10206,2016-02-07,12:34:00,431,2,9169
10207,2016-02-07,12:39:00,141,1,9170
10208,2016-02-07,12:41:00,180,2,9171
10209,2016-02-07,12:42:00,64,1,9172
10210,2016-02-07,12:45:00,55,2,9173
10211,2016-02-07,12:52:00,274,2,9174
10212,2016-02-07,12:54:00,176,2,9175
10213,2016-02-07,12:59:00,439,1,9176
10214,2016-02-07,13:03:00,37,2,9177
10215,2016-02-07,13:09:00,294,2,9178
10216,2016-02-07,13:16:00,252,1,9179
10217,2016-02-07,13:21:00,324,2,9180
10218,2016-02-07,13:31:00,272,2,9181
10219,2016-02-07,13:36:00,276,3,9182
10220,2016-02-07,13:39:00,388,1,9183
10221,2016-02-07,13:49:00,112,2,3549
10222,2016-02-07,13:55:00,170,2,9184
10223,2016-02-07,14:24:00,445,1,9185
10224,2016-02-07,14:30:00,76,1,6988
10225,2016-02-07,14:31:00,5,3,9186
10226,2016-02-07,14:41:00,335,3,9187
10227,2016-02-07,14:51:00,156,1,9188
10228,2016-02-07,15:02:00,320,2,9189
10229,2016-02-07,15:16:00,320,3,9190
10230,2016-02-07,15:23:00,223,2,9191
10231,2016-02-07,15:24:00,224,1,7626
10232,2016-02-07,15:32:00,353,1,9192
10233,2016-02-07,15:35:00,95,1,9193
10234,2016-02-07,15:36:00,355,1,9194
10235,2016-02-07,15:44:00,415,3,9195
10236,2016-02-07,15:47:00,264,2,9196
10237,2016-02-07,15:54:00,140,3,7499
10238,2016-02-07,15:56:00,37,1,9197
10239,2016-02-07,15:56:00,386,2,9198
10240,2016-02-07,16:03:00,22,1,9199
10241,2016-02-07,16:03:00,108,2,9200
10242,2016-02-07,16:10:00,258,3,9201
10243,2016-02-07,16:15:00,67,1,9202
10244,2016-02-07,16:19:00,173,1,9203
10245,2016-02-07,16:21:00,55,4,9204
10246,2016-02-07,16:27:00,237,2,9205
10247,2016-02-07,16:32:00,61,3,9206
10248,2016-02-07,16:32:00,456,3,9207
10249,2016-02-07,16:32:00,24,2,9208
10250,2016-02-07,16:33:00,271,2,9209
10251,2016-02-07,16:35:00,369,1,9210
10252,2016-02-07,16:40:00,238,2,7584
10253,2016-02-07,16:44:00,327,1,9211
10254,2016-02-07,16:44:00,151,3,9212
10255,2016-02-07,16:53:00,375,1,2348
10256,2016-02-07,16:55:00,386,3,9213
10257,2016-02-07,17:02:00,95,2,9214
10258,2016-02-07,17:06:00,136,1,9215
10259,2016-02-07,17:12:00,263,3,9216
10260,2016-02-07,17:16:00,379,2,9217
10261,2016-02-07,17:21:00,206,1,9218
10262,2016-02-07,17:24:00,213,3,9219
10263,2016-02-07,17:32:00,132,1,9220
10264,2016-02-07,17:34:00,101,4,9221
10265,2016-02-07,17:45:00,17,1,9222
10266,2016-02-07,17:50:00,354,3,734
10267,2016-02-07,17:53:00,166,3,9223
10268,2016-02-07,18:17:00,450,1,9224
10269,2016-02-07,18:21:00,356,1,9225
10270,2016-02-07,18:24:00,42,1,9226
10271,2016-02-07,18:27:00,319,1,9227
10272,2016-02-07,18:35:00,377,2,9228
10273,2016-02-07,18:39:00,270,2,9229
10274,2016-02-07,18:41:00,410,3,9230
10275,2016-02-07,18:43:00,10,4,9231
10276,2016-02-07,18:45:00,239,1,9232
10277,2016-02-07,18:46:00,288,1,9221
10278,2016-02-07,18:52:00,71,2,9233
10279,2016-02-07,18:54:00,441,2,9234
10280,2016-02-07,18:58:00,81,2,9235
10281,2016-02-07,18:58:00,35,2,9236
10282,2016-02-07,19:02:00,66,2,9237
10283,2016-02-07,19:07:00,314,1,9238
10284,2016-02-07,19:09:00,169,2,9239
10285,2016-02-07,19:11:00,326,2,7773
10286,2016-02-07,19:17:00,326,2,9240
10287,2016-02-07,19:19:00,247,1,9241
10288,2016-02-07,19:24:00,160,3,9242
10289,2016-02-07,19:45:00,122,1,9243
10290,2016-02-07,19:56:00,40,1,9244
10291,2016-02-07,20:01:00,64,2,9245
10292,2016-02-07,20:04:00,92,1,9246
10293,2016-02-07,20:04:00,178,1,9247
10294,2016-02-07,20:19:00,81,2,9248
10295,2016-02-07,20:20:00,45,1,9249
10296,2016-02-07,20:24:00,179,1,9250
10297,2016-02-07,20:31:00,83,2,9251
10298,2016-02-07,20:42:00,191,4,9252
10299,2016-02-07,20:48:00,356,2,9253
10300,2016-02-07,21:16:00,277,3,9254
10301,2016-02-07,21:22:00,355,2,9255
10302,2016-02-07,21:23:00,298,3,9256
10303,2016-02-07,21:31:00,91,3,9257
10304,2016-02-07,21:36:00,147,4,9258
10305,2016-02-07,21:36:00,15,1,9259
10306,2016-02-07,21:41:00,202,2,9260
10307,2016-02-07,21:47:00,114,2,9261
10308,2016-02-07,21:58:00,1,2,9262
10309,2016-02-07,21:59:00,457,2,9263
10310,2016-02-07,22:01:00,40,2,9264
10311,2016-02-07,22:06:00,281,1,9265
10312,2016-02-07,22:07:00,376,1,9266
10313,2016-02-07,22:09:00,248,2,9267
10314,2016-02-07,22:10:00,318,1,9268
10315,2016-02-07,22:19:00,102,3,9269
10316,2016-02-07,22:20:00,244,2,9270
10317,2016-02-07,22:28:00,249,1,9271
10318,2016-02-07,22:29:00,452,1,9272
10319,2016-02-07,22:48:00,87,2,9273
10320,2016-02-07,23:01:00,231,2,9274
10321,2016-02-07,23:02:00,69,2,9275
10322,2016-02-07,23:03:00,33,2,9276
10323,2016-02-07,23:05:00,347,1,9277
10324,2016-02-07,23:15:00,46,3,221
10325,2016-02-07,23:23:00,251,1,9278
10326,2016-02-07,23:36:00,388,1,9279
10327,2016-02-07,23:37:00,265,3,9280
10328,2016-02-07,23:39:00,270,2,9281
10329,2016-02-07,23:45:00,410,1,9282
10330,2016-02-07,23:48:00,411,2,9283
10331,2016-02-07,23:54:00,238,1,9284
10332,2016-02-07,23:57:00,344,2,9285
10333,2016-02-07,23:59:00,288,2,9286
10334,2016-02-08,00:01:00,419,2,9287
10335,2016-02-08,00:16:00,74,1,9288
10336,2016-02-08,00:19:00,123,1,9289
10337,2016-02-08,00:22:00,61,2,5571
10338,2016-02-08,00:26:00,351,1,9290
10339,2016-02-08,00:35:00,66,2,9291
10340,2016-02-08,00:36:00,188,2,9292
10341,2016-02-08,00:37:00,298,2,9293
10342,2016-02-08,00:38:00,233,2,9294
10343,2016-02-08,00:48:00,7,1,9295
10344,2016-02-08,00:50:00,35,4,9296
10345,2016-02-08,00:51:00,250,3,9297
10346,2016-02-08,00:53:00,413,2,9298
10347,2016-02-08,01:05:00,270,4,9299
10348,2016-02-08,01:10:00,363,2,9300
10349,2016-02-08,01:12:00,33,2,9301
10350,2016-02-08,01:14:00,181,1,9302
10351,2016-02-08,01:17:00,92,4,9303
10352,2016-02-08,01:20:00,333,2,820
10353,2016-02-08,01:33:00,236,3,9304
10354,2016-02-08,01:35:00,316,4,9305
10355,2016-02-08,01:36:00,368,3,9306
10356,2016-02-08,01:46:00,321,1,9307
10357,2016-02-08,01:47:00,412,1,9308
10358,2016-02-08,01:50:00,16,2,9309
10359,2016-02-08,01:51:00,319,1,9310
10360,2016-02-08,01:52:00,373,4,9311
10361,2016-02-08,02:02:00,35,3,9312
10362,2016-02-08,02:12:00,118,1,7602
10363,2016-02-08,02:20:00,399,1,9313
10364,2016-02-08,02:22:00,285,5,9314
10365,2016-02-08,02:34:00,240,4,9315
10366,2016-02-08,02:36:00,61,1,9316
10367,2016-02-08,02:43:00,111,2,9317
10368,2016-02-08,02:54:00,73,2,9318
10369,2016-02-08,03:22:00,457,2,9319
10370,2016-02-08,03:25:00,280,2,9320
10371,2016-02-08,03:25:00,182,2,9321
10372,2016-02-08,03:25:00,92,2,9322
10373,2016-02-08,03:30:00,35,2,9323
10374,2016-02-08,04:19:00,380,3,9324
10375,2016-02-08,04:19:00,279,1,9325
10376,2016-02-08,04:20:00,10,2,9326
10377,2016-02-08,04:21:00,448,2,6006
10378,2016-02-08,04:26:00,254,3,9327
10379,2016-02-08,04:32:00,19,1,9328
10380,2016-02-08,04:37:00,438,1,9329
10381,2016-02-08,04:37:00,308,2,9330
10382,2016-02-08,05:07:00,450,2,9331
10383,2016-02-08,05:13:00,239,1,9332
10384,2016-02-08,05:15:00,298,2,9333
10385,2016-02-08,05:31:00,254,1,9334
10386,2016-02-08,05:41:00,191,1,9335
10387,2016-02-08,05:49:00,42,2,9336
10388,2016-02-08,05:50:00,225,2,9337
10389,2016-02-08,06:05:00,261,3,9338
10390,2016-02-08,06:07:00,31,1,9339
10391,2016-02-08,06:14:00,122,3,9340
10392,2016-02-08,06:24:00,274,1,9341
10393,2016-02-08,06:27:00,302,2,9342
10394,2016-02-08,06:36:00,391,1,9343
10395,2016-02-08,06:43:00,413,2,9344
10396,2016-02-08,06:52:00,435,2,1323
10397,2016-02-08,07:01:00,143,1,9345
10398,2016-02-08,07:04:00,440,1,9346
10399,2016-02-08,07:05:00,347,3,9347
10400,2016-02-08,07:05:00,441,5,9348
10401,2016-02-08,07:09:00,120,3,9349
10402,2016-02-08,07:11:00,160,2,9350
10403,2016-02-08,07:14:00,443,2,2684
10404,2016-02-08,07:20:00,343,2,9351
10405,2016-02-08,07:28:00,224,5,9352
10406,2016-02-08,07:37:00,140,2,9353
10407,2016-02-08,07:40:00,83,2,9354
10408,2016-02-08,07:47:00,163,1,9355
10409,2016-02-08,07:55:00,127,1,9356
10410,2016-02-08,08:01:00,154,3,9357
10411,2016-02-08,08:06:00,135,3,9358
10412,2016-02-08,08:10:00,192,1,9359
10413,2016-02-08,08:11:00,29,3,9360
10414,2016-02-08,08:18:00,423,1,9361
10415,2016-02-08,08:19:00,374,1,9362
10416,2016-02-08,08:21:00,359,2,9363
10417,2016-02-08,08:26:00,296,2,9364
10418,2016-02-08,08:27:00,129,3,9365
10419,2016-02-08,08:34:00,50,2,9366
10420,2016-02-08,08:40:00,133,2,9367
10421,2016-02-08,08:42:00,189,4,9368
10422,2016-02-08,08:48:00,62,3,9369
10423,2016-02-08,08:49:00,355,1,9370
10424,2016-02-08,08:52:00,138,2,9371
10425,2016-02-08,08:55:00,64,2,9372
10426,2016-02-08,09:02:00,250,1,9373
10427,2016-02-08,09:08:00,134,4,9374
10428,2016-02-08,09:13:00,115,2,5162
10429,2016-02-08,09:17:00,184,3,9375
10430,2016-02-08,09:19:00,21,2,9376
10431,2016-02-08,09:22:00,430,2,9377
10432,2016-02-08,09:23:00,250,1,9378
10433,2016-02-08,09:24:00,227,2,9379
10434,2016-02-08,09:27:00,100,1,9380
10435,2016-02-08,09:37:00,258,3,9381
10436,2016-02-08,09:39:00,335,2,9382
10437,2016-02-08,09:52:00,411,2,9383
10438,2016-02-08,10:00:00,375,1,9332
10439,2016-02-08,10:05:00,40,2,9384
10440,2016-02-08,10:12:00,65,2,9385
10441,2016-02-08,10:15:00,431,2,2544
10442,2016-02-08,10:20:00,399,2,9386
10443,2016-02-08,10:21:00,132,2,9387
10444,2016-02-08,10:29:00,379,2,4496
10445,2016-02-08,10:39:00,11,3,9388
10446,2016-02-08,10:50:00,65,4,9389
10447,2016-02-08,10:55:00,75,2,9390
10448,2016-02-08,10:56:00,19,2,966
10449,2016-02-08,11:13:00,172,2,9391
10450,2016-02-08,11:20:00,423,1,9392
10451,2016-02-08,11:29:00,362,2,9393
10452,2016-02-08,11:30:00,131,1,9394
10453,2016-02-08,11:31:00,331,2,9395
10454,2016-02-08,11:36:00,415,2,9396
10455,2016-02-08,11:37:00,10,3,9397
10456,2016-02-08,11:40:00,408,3,9398
10457,2016-02-08,11:53:00,27,1,9399
10458,2016-02-08,11:56:00,249,2,7195
10459,2016-02-08,12:01:00,103,2,9400
10460,2016-02-08,12:04:00,165,1,5653
10461,2016-02-08,12:05:00,442,3,9401
10462,2016-02-08,12:09:00,282,1,9402
10463,2016-02-08,12:11:00,385,1,9403
10464,2016-02-08,12:14:00,250,2,9404
10465,2016-02-08,12:15:00,153,4,9405
10466,2016-02-08,12:22:00,296,2,9406
10467,2016-02-08,12:25:00,85,4,9407
10468,2016-02-08,12:26:00,38,2,9408
10469,2016-02-08,12:27:00,316,1,9409
10470,2016-02-08,12:28:00,278,1,9410
10471,2016-02-08,12:33:00,434,3,8695
10472,2016-02-08,12:42:00,143,1,9411
10473,2016-02-08,12:43:00,404,1,9412
10474,2016-02-08,12:52:00,173,3,9413
10475,2016-02-08,12:53:00,231,2,9414
10476,2016-02-08,12:56:00,24,2,9415
10477,2016-02-08,12:56:00,449,2,9416
10478,2016-02-08,13:04:00,224,2,459
10479,2016-02-08,13:14:00,136,4,4522
10480,2016-02-08,13:21:00,208,1,3822
10481,2016-02-08,13:22:00,335,2,9417
10482,2016-02-08,13:23:00,63,1,9418
10483,2016-02-08,13:32:00,352,2,9419
10484,2016-02-08,13:37:00,384,3,9420
10485,2016-02-08,13:40:00,334,1,9421
10486,2016-02-08,13:40:00,340,1,9422
10487,2016-02-08,13:44:00,277,1,9423
10488,2016-02-08,13:49:00,79,3,9424
10489,2016-02-08,13:51:00,193,2,9425
10490,2016-02-08,13:54:00,68,2,9426
10491,2016-02-08,14:06:00,433,4,9427
10492,2016-02-08,14:10:00,63,2,9428
10493,2016-02-08,14:11:00,65,1,9429
10494,2016-02-08,14:44:00,213,2,9430
10495,2016-02-08,14:48:00,213,1,9431
10496,2016-02-08,14:48:00,118,3,9432
10497,2016-02-08,14:56:00,392,1,9433
10498,2016-02-08,15:07:00,307,2,9434
10499,2016-02-08,15:08:00,247,1,9435
10500,2016-02-08,15:13:00,27,1,9436
10501,2016-02-08,15:20:00,337,2,6591
10502,2016-02-08,15:21:00,189,2,9437
10503,2016-02-08,15:23:00,266,1,9438
10504,2016-02-08,15:25:00,207,3,9439
10505,2016-02-08,15:32:00,148,1,9440
10506,2016-02-08,15:32:00,415,1,9441
10507,2016-02-08,15:34:00,202,1,9442
10508,2016-02-08,15:52:00,248,1,9443
10509,2016-02-08,15:55:00,114,1,9444
10510,2016-02-08,15:56:00,455,2,9445
10511,2016-02-08,16:01:00,47,4,9446
10512,2016-02-08,16:19:00,340,1,9447
10513,2016-02-08,16:26:00,156,5,9448
10514,2016-02-08,16:41:00,260,2,7549
10515,2016-02-08,17:05:00,357,4,9449
10516,2016-02-08,17:05:00,434,3,9450
10517,2016-02-08,17:10:00,218,1,9451
10518,2016-02-08,17:15:00,295,3,9452
10519,2016-02-08,17:15:00,23,1,9453
10520,2016-02-08,17:18:00,329,1,9454
10521,2016-02-08,17:20:00,209,1,9455
10522,2016-02-08,17:21:00,127,2,9456
10523,2016-02-08,17:22:00,387,1,9457
10524,2016-02-08,17:59:00,244,1,9458
10525,2016-02-08,18:06:00,175,2,9459
10526,2016-02-08,18:12:00,159,2,9460
10527,2016-02-08,18:19:00,419,2,9461
10528,2016-02-08,18:28:00,71,2,2505
10529,2016-02-08,18:29:00,269,2,1825
10530,2016-02-08,18:32:00,139,1,9462
10531,2016-02-08,18:35:00,95,3,9463
10532,2016-02-08,18:37:00,247,1,9464
10533,2016-02-08,18:48:00,298,3,9465
10534,2016-02-08,19:02:00,24,1,9012
10535,2016-02-08,19:03:00,297,3,9466
10536,2016-02-08,19:17:00,199,1,8097
10537,2016-02-08,19:19:00,286,2,2343
10538,2016-02-08,19:19:00,349,2,9467
10539,2016-02-08,19:33:00,308,1,8729
10540,2016-02-08,19:38:00,219,3,9468
10541,2016-02-08,19:42:00,63,2,9469
10542,2016-02-08,19:55:00,186,1,9470
10543,2016-02-08,20:06:00,375,3,9471
10544,2016-02-08,20:11:00,291,1,9472
10545,2016-02-08,20:14:00,273,2,9473
10546,2016-02-08,20:14:00,414,3,9474
10547,2016-02-08,20:16:00,217,1,9475
10548,2016-02-08,20:21:00,273,1,9476
10549,2016-02-08,20:32:00,426,2,9477
10550,2016-02-08,20:33:00,124,4,9478
10551,2016-02-08,20:44:00,336,4,9479
10552,2016-02-08,20:55:00,144,3,9480
10553,2016-02-08,21:01:00,131,3,9481
10554,2016-02-08,21:08:00,280,1,4400
10555,2016-02-08,21:09:00,310,3,9482
10556,2016-02-08,21:11:00,414,2,9483
10557,2016-02-08,21:13:00,59,3,9484
10558,2016-02-08,21:15:00,294,4,9485
10559,2016-02-08,21:17:00,83,1,9486
10560,2016-02-08,21:20:00,448,3,9487
10561,2016-02-08,21:21:00,401,3,9488
10562,2016-02-08,21:27:00,31,1,9489
10563,2016-02-08,21:35:00,230,3,9490
10564,2016-02-08,21:36:00,45,1,9491
10565,2016-02-08,21:40:00,341,2,9492
10566,2016-02-08,21:49:00,280,1,9493
10567,2016-02-08,21:50:00,86,2,9494
10568,2016-02-08,21:54:00,332,2,9495
10569,2016-02-08,21:58:00,91,3,9496
10570,2016-02-08,22:11:00,333,1,9497
10571,2016-02-08,22:13:00,71,2,7016
10572,2016-02-08,22:15:00,240,1,9498
10573,2016-02-08,22:16:00,49,1,9499
10574,2016-02-08,22:26:00,227,2,9500
10575,2016-02-08,22:32:00,190,2,9501
10576,2016-02-08,22:35:00,140,3,9502
10577,2016-02-08,22:37:00,360,3,9503
10578,2016-02-08,22:38:00,384,1,9504
10579,2016-02-08,22:38:00,4,2,8584
10580,2016-02-08,22:42:00,24,1,9505
10581,2016-02-08,22:47:00,149,1,9506
10582,2016-02-08,22:52:00,189,1,9507
10583,2016-02-08,22:53:00,161,3,9508
10584,2016-02-08,23:01:00,372,1,9509
10585,2016-02-08,23:05:00,32,2,9510
10586,2016-02-08,23:05:00,227,2,9511
10587,2016-02-08,23:10:00,437,1,9512
10588,2016-02-08,23:17:00,449,3,9513
10589,2016-02-08,23:19:00,292,1,9514
10590,2016-02-08,23:28:00,440,1,9515
10591,2016-02-08,23:32:00,143,2,9516
10592,2016-02-08,23:33:00,77,2,1253
10593,2016-02-08,23:34:00,284,3,9517
10594,2016-02-08,23:35:00,182,1,9518
10595,2016-02-08,23:37:00,170,1,9519
10596,2016-02-08,23:37:00,458,2,9520
10597,2016-02-08,23:40:00,189,3,9521
10598,2016-02-08,23:41:00,413,7,9522
10599,2016-02-08,23:42:00,152,1,9523
10600,2016-02-08,23:49:00,320,2,988
10601,2016-02-08,23:52:00,410,3,9524
10602,2016-02-08,23:55:00,300,1,9525
10603,2016-02-09,00:04:00,48,3,9526
10604,2016-02-09,00:14:00,14,2,9527
10605,2016-02-09,00:18:00,160,3,9528
10606,2016-02-09,00:27:00,254,1,9529
10607,2016-02-09,00:32:00,283,3,9530
10608,2016-02-09,00:33:00,303,2,9531
10609,2016-02-09,00:36:00,60,3,1931
10610,2016-02-09,00:39:00,89,3,9532
10611,2016-02-09,00:40:00,324,2,9533
10612,2016-02-09,00:41:00,87,1,9534
10613,2016-02-09,00:42:00,168,1,9535
10614,2016-02-09,00:45:00,71,3,9536
10615,2016-02-09,00:45:00,314,2,9537
10616,2016-02-09,00:46:00,159,3,9538
10617,2016-02-09,00:51:00,189,2,9539
10618,2016-02-09,00:54:00,50,3,9540
10619,2016-02-09,00:55:00,107,1,9541
10620,2016-02-09,01:03:00,267,1,9542
10621,2016-02-09,01:06:00,131,2,9543
10622,2016-02-09,01:07:00,258,3,9544
10623,2016-02-09,01:10:00,100,4,9545
10624,2016-02-09,01:11:00,404,1,9546
10625,2016-02-09,01:12:00,21,5,9547
10626,2016-02-09,01:13:00,302,3,9548
10627,2016-02-09,01:16:00,119,2,9549
10628,2016-02-09,01:19:00,140,1,9550
10629,2016-02-09,01:24:00,287,1,9551
10630,2016-02-09,01:25:00,441,4,9552
10631,2016-02-09,01:29:00,203,1,9553
10632,2016-02-09,01:30:00,346,2,9554
10633,2016-02-09,01:34:00,31,2,1728
10634,2016-02-09,01:37:00,218,2,9555
10635,2016-02-09,01:42:00,324,1,9556
10636,2016-02-09,01:46:00,119,1,9557
10637,2016-02-09,01:59:00,155,2,592
10638,2016-02-09,02:01:00,134,2,9558
10639,2016-02-09,02:05:00,68,2,5847
10640,2016-02-09,02:05:00,350,2,9559
10641,2016-02-09,02:12:00,330,2,9560
10642,2016-02-09,02:13:00,393,2,9561
10643,2016-02-09,02:16:00,214,1,9562
10644,2016-02-09,02:33:00,132,2,9563
10645,2016-02-09,02:37:00,331,2,6451
10646,2016-02-09,02:52:00,96,3,9564
10647,2016-02-09,03:02:00,407,2,9565
10648,2016-02-09,03:02:00,298,3,9566
10649,2016-02-09,03:06:00,167,5,9567
10650,2016-02-09,03:10:00,405,3,9568
10651,2016-02-09,03:18:00,138,3,9569
10652,2016-02-09,03:18:00,208,2,9570
10653,2016-02-09,03:20:00,173,1,9571
10654,2016-02-09,03:25:00,251,2,9572
10655,2016-02-09,03:25:00,141,3,8612
10656,2016-02-09,03:27:00,317,1,9573
10657,2016-02-09,03:30:00,256,1,9574
10658,2016-02-09,03:30:00,178,2,9575
10659,2016-02-09,03:31:00,435,2,9576
10660,2016-02-09,03:39:00,304,4,9577
10661,2016-02-09,03:43:00,287,2,9578
10662,2016-02-09,03:45:00,59,4,9579
10663,2016-02-09,03:53:00,371,1,9580
10664,2016-02-09,04:00:00,398,2,9581
10665,2016-02-09,04:08:00,273,3,9582
10666,2016-02-09,04:13:00,454,2,9583
10667,2016-02-09,04:19:00,286,1,9584
10668,2016-02-09,04:19:00,251,3,9585
10669,2016-02-09,04:26:00,202,2,9586
10670,2016-02-09,04:28:00,115,1,9587
10671,2016-02-09,04:29:00,449,1,9588
10672,2016-02-09,04:33:00,99,3,9589
10673,2016-02-09,04:36:00,423,4,9590
10674,2016-02-09,04:44:00,194,2,6566
10675,2016-02-09,04:52:00,352,2,9591
10676,2016-02-09,05:05:00,70,4,9592
10677,2016-02-09,05:05:00,116,1,8606
10678,2016-02-09,05:11:00,91,2,9593
10679,2016-02-09,05:14:00,140,4,9594
10680,2016-02-09,05:24:00,249,1,9595
10681,2016-02-09,05:25:00,93,1,9596
10682,2016-02-09,05:29:00,117,2,9597
10683,2016-02-09,05:29:00,24,1,9598
10684,2016-02-09,05:31:00,57,1,9599
10685,2016-02-09,05:31:00,278,1,9600
10686,2016-02-09,05:56:00,451,1,9601
10687,2016-02-09,05:59:00,126,4,9602
10688,2016-02-09,06:02:00,337,2,9603
10689,2016-02-09,06:08:00,140,1,9604
10690,2016-02-09,06:17:00,348,1,9605
10691,2016-02-09,06:18:00,96,2,9606
10692,2016-02-09,06:18:00,69,4,9607
10693,2016-02-09,06:20:00,153,1,9608
10694,2016-02-09,06:21:00,153,2,9609
10695,2016-02-09,06:22:00,144,2,9610
10696,2016-02-09,06:36:00,350,1,9611
10697,2016-02-09,06:38:00,205,3,9612
10698,2016-02-09,06:41:00,255,2,9613
10699,2016-02-09,06:42:00,67,4,371
10700,2016-02-09,06:44:00,232,1,9614
10701,2016-02-09,06:45:00,266,3,9615
10702,2016-02-09,06:49:00,455,3,9616
10703,2016-02-09,07:08:00,431,4,9617
10704,2016-02-09,07:11:00,41,1,9618
10705,2016-02-09,07:16:00,129,2,9619
10706,2016-02-09,07:28:00,386,1,9620
10707,2016-02-09,07:30:00,37,1,9621
10708,2016-02-09,07:30:00,94,2,9622
10709,2016-02-09,07:40:00,308,1,9623
10710,2016-02-09,07:41:00,258,1,4749
10711,2016-02-09,07:42:00,296,3,9624
10712,2016-02-09,07:47:00,243,3,8439
10713,2016-02-09,07:47:00,174,1,4260
10714,2016-02-09,07:47:00,458,3,9625
10715,2016-02-09,07:49:00,96,5,9626
10716,2016-02-09,07:56:00,371,3,2471
10717,2016-02-09,07:59:00,174,2,9627
10718,2016-02-09,08:01:00,160,1,9628
10719,2016-02-09,08:11:00,9,1,9629
10720,2016-02-09,08:11:00,385,1,9630
10721,2016-02-09,08:12:00,214,1,8575
10722,2016-02-09,08:12:00,231,3,9631
10723,2016-02-09,08:18:00,207,4,9632
10724,2016-02-09,08:25:00,440,3,9633
10725,2016-02-09,08:27:00,345,1,9634
10726,2016-02-09,08:38:00,227,1,9635
10727,2016-02-09,08:45:00,379,1,9636
10728,2016-02-09,08:48:00,205,2,9396
10729,2016-02-09,08:50:00,148,2,9637
10730,2016-02-09,08:52:00,3,2,9638
10731,2016-02-09,08:53:00,93,3,9639
10732,2016-02-09,08:55:00,161,2,9640
10733,2016-02-09,08:59:00,270,1,206
10734,2016-02-09,09:01:00,399,3,9641
10735,2016-02-09,09:02:00,154,1,9642
10736,2016-02-09,09:05:00,310,1,9643
10737,2016-02-09,09:15:00,391,1,9644
10738,2016-02-09,09:16:00,243,1,9645
10739,2016-02-09,09:17:00,157,2,657
10740,2016-02-09,09:18:00,115,1,9646
10741,2016-02-09,09:22:00,221,1,9647
10742,2016-02-09,09:23:00,316,2,9648
10743,2016-02-09,09:27:00,178,1,9649
10744,2016-02-09,09:27:00,184,2,9650
10745,2016-02-09,09:32:00,221,1,9651
10746,2016-02-09,09:33:00,369,2,9652
10747,2016-02-09,09:34:00,90,1,9653
10748,2016-02-09,09:35:00,310,3,2289
10749,2016-02-09,09:40:00,69,1,9654
10750,2016-02-09,09:44:00,178,2,9655
10751,2016-02-09,09:45:00,356,2,9656
10752,2016-02-09,09:53:00,439,1,6713
10753,2016-02-09,09:54:00,317,2,9657
10754,2016-02-09,09:56:00,230,1,9658
10755,2016-02-09,10:03:00,177,2,9659
10756,2016-02-09,10:03:00,275,3,9660
10757,2016-02-09,10:05:00,425,2,9661
10758,2016-02-09,10:13:00,90,1,9662
10759,2016-02-09,10:13:00,317,3,9663
10760,2016-02-09,10:14:00,215,3,9664
10761,2016-02-09,10:17:00,283,5,9665
10762,2016-02-09,10:18:00,65,2,9666
10763,2016-02-09,10:21:00,209,2,3197
10764,2016-02-09,10:21:00,67,2,9667
10765,2016-02-09,10:24:00,17,2,9668
10766,2016-02-09,10:27:00,80,2,9669
10767,2016-02-09,10:37:00,332,2,9670
10768,2016-02-09,10:38:00,159,2,9671
10769,2016-02-09,10:39:00,171,1,9672
10770,2016-02-09,10:49:00,313,1,9673
10771,2016-02-09,10:51:00,305,3,411
10772,2016-02-09,10:52:00,439,1,9674
10773,2016-02-09,10:55:00,153,3,9675
10774,2016-02-09,10:56:00,4,2,9676
10775,2016-02-09,10:57:00,259,2,9677
10776,2016-02-09,11:14:00,171,1,9678
10777,2016-02-09,11:17:00,175,1,9679
10778,2016-02-09,11:37:00,439,1,9680
10779,2016-02-09,11:55:00,42,2,9681
10780,2016-02-09,11:57:00,118,2,9682
10781,2016-02-09,12:15:00,110,2,9683
10782,2016-02-09,12:22:00,12,1,9684
10783,2016-02-09,12:35:00,325,3,9685
10784,2016-02-09,12:35:00,375,2,9686
10785,2016-02-09,12:42:00,173,2,9687
10786,2016-02-09,12:43:00,392,2,9688
10787,2016-02-09,12:46:00,63,2,9689
10788,2016-02-09,12:47:00,43,1,235
10789,2016-02-09,12:48:00,58,2,6360
10790,2016-02-09,12:50:00,84,3,9690
10791,2016-02-09,12:51:00,219,3,9691
10792,2016-02-09,12:56:00,173,2,9692
10793,2016-02-09,12:57:00,106,2,9693
10794,2016-02-09,13:00:00,111,2,9694
10795,2016-02-09,13:01:00,159,2,9695
10796,2016-02-09,13:09:00,140,1,9696
10797,2016-02-09,13:12:00,250,4,9697
10798,2016-02-09,13:18:00,194,1,2657
10799,2016-02-09,13:46:00,61,1,9698
10800,2016-02-09,13:48:00,266,1,9699
10801,2016-02-09,14:04:00,399,1,1240
10802,2016-02-09,14:08:00,37,1,9700
10803,2016-02-09,14:09:00,14,3,9701
10804,2016-02-09,14:28:00,121,4,2462
10805,2016-02-09,14:44:00,454,2,9702
10806,2016-02-09,14:47:00,352,1,9703
10807,2016-02-09,14:47:00,153,1,9704
10808,2016-02-09,14:47:00,195,3,9705
10809,2016-02-09,14:48:00,60,3,9611
10810,2016-02-09,15:03:00,172,3,9706
10811,2016-02-09,15:04:00,282,2,9707
10812,2016-02-09,15:22:00,322,3,4822
10813,2016-02-09,15:27:00,248,1,9708
10814,2016-02-09,15:30:00,215,3,9709
10815,2016-02-09,15:34:00,160,2,9710
10816,2016-02-09,15:40:00,8,3,9711
10817,2016-02-09,15:41:00,354,2,9098
10818,2016-02-09,15:59:00,159,1,9712
10819,2016-02-09,16:00:00,94,4,9713
10820,2016-02-09,16:19:00,273,2,9714
10821,2016-02-09,16:20:00,211,1,9715
10822,2016-02-09,16:21:00,185,2,9716
10823,2016-02-09,16:40:00,90,1,9717
10824,2016-02-09,16:43:00,153,1,9718
10825,2016-02-09,16:47:00,11,2,9719
10826,2016-02-09,16:47:00,68,1,9720
10827,2016-02-09,16:52:00,62,2,9721
10828,2016-02-09,16:52:00,131,1,9722
10829,2016-02-09,16:53:00,214,2,9723
10830,2016-02-09,16:58:00,94,2,357
10831,2016-02-09,17:05:00,218,2,1760
10832,2016-02-09,17:18:00,14,1,9582
10833,2016-02-09,17:23:00,309,4,9724
10834,2016-02-09,17:40:00,359,2,9725
10835,2016-02-09,17:41:00,211,8,9726
10836,2016-02-09,17:43:00,380,1,9727
10837,2016-02-09,17:56:00,407,1,9728
10838,2016-02-09,18:00:00,429,2,9729
10839,2016-02-09,18:12:00,198,1,9730
10840,2016-02-09,18:14:00,256,2,9731
10841,2016-02-09,18:27:00,399,1,9732
10842,2016-02-09,18:30:00,12,3,9733
10843,2016-02-09,18:32:00,68,2,9734
10844,2016-02-09,18:58:00,171,1,9735
10845,2016-02-09,18:59:00,457,1,1713
10846,2016-02-09,19:00:00,367,3,9736
10847,2016-02-09,19:01:00,137,1,9737
10848,2016-02-09,19:07:00,377,2,9738
10849,2016-02-09,19:10:00,210,3,9739
10850,2016-02-09,19:12:00,278,1,8210
10851,2016-02-09,19:20:00,31,2,9740
10852,2016-02-09,19:23:00,350,1,9741
10853,2016-02-09,19:28:00,457,1,9742
10854,2016-02-09,19:29:00,113,2,9743
10855,2016-02-09,19:34:00,203,4,9744
10856,2016-02-09,19:44:00,159,5,9745
10857,2016-02-09,19:56:00,171,1,9746
10858,2016-02-09,20:11:00,19,3,9747
10859,2016-02-09,20:13:00,276,1,9748
10860,2016-02-09,20:17:00,366,1,9749
10861,2016-02-09,20:18:00,266,1,9750
10862,2016-02-09,20:23:00,249,2,9751
10863,2016-02-09,20:46:00,367,2,9752
10864,2016-02-09,20:50:00,165,1,9753
10865,2016-02-09,20:53:00,225,1,1099
10866,2016-02-09,20:55:00,191,4,9754
10867,2016-02-09,21:00:00,203,4,9755
10868,2016-02-09,21:01:00,9,2,9756
10869,2016-02-09,21:01:00,441,2,9757
10870,2016-02-09,21:03:00,24,2,9758
10871,2016-02-09,21:04:00,145,1,1687
10872,2016-02-09,21:04:00,380,2,9759
10873,2016-02-09,21:16:00,99,1,9760
10874,2016-02-09,21:21:00,14,1,9761
10875,2016-02-09,21:23:00,287,4,7681
10876,2016-02-09,21:30:00,112,2,9762
10877,2016-02-09,21:33:00,50,1,9763
10878,2016-02-09,21:40:00,317,2,9764
10879,2016-02-09,21:43:00,341,1,9765
10880,2016-02-09,21:46:00,207,2,5319
10881,2016-02-09,21:55:00,259,2,9766
10882,2016-02-09,21:57:00,13,3,301
10883,2016-02-09,22:02:00,390,2,9767
10884,2016-02-09,22:03:00,354,2,9768
10885,2016-02-09,22:05:00,106,3,9769
10886,2016-02-09,22:13:00,172,1,9770
10887,2016-02-09,22:19:00,108,1,9771
10888,2016-02-09,22:25:00,271,2,9772
10889,2016-02-09,22:27:00,333,4,9773
10890,2016-02-09,22:28:00,456,1,9774
10891,2016-02-09,22:32:00,104,2,9775
10892,2016-02-09,22:33:00,107,1,9776
10893,2016-02-09,22:33:00,317,1,9777
10894,2016-02-09,22:43:00,69,1,9778
10895,2016-02-09,22:47:00,201,1,751
10896,2016-02-09,22:49:00,366,1,9779
10897,2016-02-09,22:50:00,57,1,9780
10898,2016-02-09,23:04:00,25,1,9781
10899,2016-02-09,23:06:00,76,2,9782
10900,2016-02-09,23:09:00,374,1,9783
10901,2016-02-09,23:13:00,413,2,9784
10902,2016-02-09,23:19:00,204,1,9785
10903,2016-02-09,23:21:00,354,1,9786
10904,2016-02-09,23:22:00,441,1,9787
10905,2016-02-09,23:29:00,61,2,9788
10906,2016-02-09,23:40:00,174,2,9789
10907,2016-02-09,23:40:00,385,1,9790
10908,2016-02-09,23:41:00,378,3,9791
10909,2016-02-09,23:47:00,410,3,9792
10910,2016-02-09,23:49:00,373,1,9793
10911,2016-02-09,23:49:00,203,4,9794
10912,2016-02-09,23:55:00,104,2,9795
10913,2016-02-09,23:56:00,338,4,9796
10914,2016-02-10,00:03:00,253,3,9797
10915,2016-02-10,00:10:00,212,2,9798
10916,2016-02-10,00:11:00,179,2,9799
10917,2016-02-10,00:13:00,261,1,9800
10918,2016-02-10,00:14:00,259,1,9801
10919,2016-02-10,00:23:00,50,1,9571
10920,2016-02-10,00:30:00,34,2,9802
10921,2016-02-10,00:36:00,219,2,9803
10922,2016-02-10,00:40:00,172,4,9804
10923,2016-02-10,01:01:00,277,3,9805
10924,2016-02-10,01:11:00,37,1,9806
10925,2016-02-10,01:20:00,449,1,8225
10926,2016-02-10,01:23:00,167,1,9807
10927,2016-02-10,01:24:00,311,2,9808
10928,2016-02-10,01:34:00,441,1,9809
10929,2016-02-10,01:35:00,428,4,9810
10930,2016-02-10,01:44:00,48,3,9811
10931,2016-02-10,01:47:00,105,1,9812
10932,2016-02-10,01:47:00,221,3,9813
10933,2016-02-10,02:01:00,183,3,6911
10934,2016-02-10,02:08:00,9,2,9814
10935,2016-02-10,02:09:00,132,3,9815
10936,2016-02-10,02:12:00,354,1,9816
10937,2016-02-10,02:23:00,430,3,9817
10938,2016-02-10,02:26:00,66,4,9818
10939,2016-02-10,02:28:00,109,2,9819
10940,2016-02-10,02:28:00,300,2,9820
10941,2016-02-10,02:29:00,50,1,9821
10942,2016-02-10,02:30:00,306,1,5319
10943,2016-02-10,02:34:00,214,1,9822
10944,2016-02-10,02:37:00,152,2,9823
10945,2016-02-10,02:47:00,177,1,9824
10946,2016-02-10,02:54:00,124,2,9825
10947,2016-02-10,03:04:00,346,1,9826
10948,2016-02-10,03:05:00,349,2,9827
10949,2016-02-10,03:14:00,324,2,9828
10950,2016-02-10,03:15:00,293,1,9829
10951,2016-02-10,03:18:00,208,1,9830
10952,2016-02-10,03:23:00,218,1,9831
10953,2016-02-10,03:24:00,6,3,9832
10954,2016-02-10,03:26:00,326,2,608
10955,2016-02-10,03:38:00,102,1,9833
10956,2016-02-10,03:41:00,334,3,9834
10957,2016-02-10,03:46:00,400,2,9835
10958,2016-02-10,03:46:00,151,6,9836
10959,2016-02-10,03:48:00,101,1,9837
10960,2016-02-10,03:48:00,179,2,9838
10961,2016-02-10,03:49:00,211,5,9839
10962,2016-02-10,03:57:00,450,2,9840
10963,2016-02-10,04:15:00,54,2,9841
10964,2016-02-10,04:23:00,438,1,9842
10965,2016-02-10,04:26:00,376,1,9843
10966,2016-02-10,04:30:00,265,1,9844
10967,2016-02-10,04:35:00,172,2,9845
10968,2016-02-10,04:36:00,131,1,9846
10969,2016-02-10,04:40:00,6,2,9847
10970,2016-02-10,04:46:00,55,2,9848
10971,2016-02-10,04:53:00,183,1,9849
10972,2016-02-10,04:59:00,41,2,9850
10973,2016-02-10,05:03:00,235,2,6830
10974,2016-02-10,05:05:00,272,1,9851
10975,2016-02-10,05:08:00,11,4,9852
10976,2016-02-10,05:13:00,22,1,9853
10977,2016-02-10,05:14:00,12,2,9854
10978,2016-02-10,05:18:00,361,1,9855
10979,2016-02-10,05:20:00,219,1,9856
10980,2016-02-10,05:28:00,389,2,9857
10981,2016-02-10,05:42:00,398,1,9858
10982,2016-02-10,05:53:00,21,1,4719
10983,2016-02-10,06:00:00,165,2,9859
10984,2016-02-10,06:02:00,367,1,9860
10985,2016-02-10,06:04:00,422,2,9861
10986,2016-02-10,06:13:00,222,1,9862
10987,2016-02-10,06:17:00,55,1,9863
10988,2016-02-10,06:21:00,179,2,9864
10989,2016-02-10,06:23:00,239,2,9865
10990,2016-02-10,06:23:00,321,1,9866
10991,2016-02-10,06:26:00,107,2,9867
10992,2016-02-10,06:26:00,2,2,9868
10993,2016-02-10,06:26:00,142,5,9869
10994,2016-02-10,06:27:00,222,2,9870
10995,2016-02-10,06:34:00,149,1,9871
10996,2016-02-10,06:49:00,351,3,9872
10997,2016-02-10,06:53:00,326,3,9873
10998,2016-02-10,06:58:00,175,2,9874
10999,2016-02-10,07:03:00,350,1,9875
11000,2016-02-10,07:04:00,217,3,9049
11001,2016-02-10,07:04:00,82,2,9876
11002,2016-02-10,07:05:00,266,5,9877
11003,2016-02-10,07:10:00,135,1,9878
11004,2016-02-10,07:11:00,406,3,9879
11005,2016-02-10,07:11:00,333,2,9880
11006,2016-02-10,07:13:00,333,2,9881
11007,2016-02-10,07:18:00,403,1,9882
11008,2016-02-10,07:24:00,289,2,9883
11009,2016-02-10,07:26:00,242,3,9884
11010,2016-02-10,07:27:00,179,1,9885
11011,2016-02-10,07:32:00,120,1,9886
11012,2016-02-10,07:39:00,254,1,7642
11013,2016-02-10,07:40:00,371,3,9887
11014,2016-02-10,07:50:00,437,1,9888
11015,2016-02-10,07:53:00,185,2,9889
11016,2016-02-10,07:54:00,265,3,9890
11017,2016-02-10,07:54:00,419,3,9891
11018,2016-02-10,07:55:00,336,1,9892
11019,2016-02-10,08:06:00,200,3,9893
11020,2016-02-10,08:06:00,215,1,9894
11021,2016-02-10,08:09:00,204,2,9895
11022,2016-02-10,08:19:00,131,1,3104
11023,2016-02-10,08:22:00,322,3,9896
11024,2016-02-10,08:23:00,133,2,9897
11025,2016-02-10,08:25:00,26,2,9898
11026,2016-02-10,08:25:00,51,4,9899
11027,2016-02-10,08:37:00,247,2,9900
11028,2016-02-10,08:41:00,67,2,9901
11029,2016-02-10,08:44:00,403,2,9902
11030,2016-02-10,08:55:00,289,1,243
11031,2016-02-10,09:03:00,219,3,9903
11032,2016-02-10,09:16:00,331,3,9904
11033,2016-02-10,09:17:00,212,4,9905
11034,2016-02-10,09:19:00,252,3,9906
11035,2016-02-10,09:23:00,191,2,9907
11036,2016-02-10,09:23:00,313,3,9908
11037,2016-02-10,09:24:00,208,2,9909
11038,2016-02-10,09:25:00,202,1,9910
11039,2016-02-10,09:32:00,78,1,9911
11040,2016-02-10,09:54:00,319,3,9912
11041,2016-02-10,09:56:00,104,1,9913
11042,2016-02-10,09:59:00,173,3,9914
11043,2016-02-10,10:00:00,31,4,9915
11044,2016-02-10,10:00:00,440,1,9916
11045,2016-02-10,10:00:00,320,1,9917
11046,2016-02-10,10:09:00,427,1,9918
11047,2016-02-10,10:10:00,126,2,9919
11048,2016-02-10,10:11:00,414,2,7201
11049,2016-02-10,10:21:00,407,3,9920
11050,2016-02-10,10:25:00,431,4,9921
11051,2016-02-10,10:30:00,5,2,2147
11052,2016-02-10,10:33:00,231,1,9922
11053,2016-02-10,10:34:00,160,1,9923
11054,2016-02-10,10:38:00,118,2,9924
11055,2016-02-10,10:43:00,76,4,9925
11056,2016-02-10,10:44:00,145,4,9926
11057,2016-02-10,10:44:00,411,2,9927
11058,2016-02-10,10:51:00,201,1,9928
11059,2016-02-10,11:05:00,134,1,9929
11060,2016-02-10,11:17:00,400,1,9930
11061,2016-02-10,11:25:00,316,2,9931
11062,2016-02-10,11:36:00,238,3,9932
11063,2016-02-10,11:50:00,117,1,9933
11064,2016-02-10,12:03:00,32,1,9934
11065,2016-02-10,12:06:00,14,1,9935
11066,2016-02-10,12:10:00,11,1,9936
11067,2016-02-10,12:14:00,21,2,9937
11068,2016-02-10,12:15:00,437,2,9938
11069,2016-02-10,12:41:00,131,2,9939
11070,2016-02-10,12:49:00,41,1,6748
11071,2016-02-10,12:51:00,426,1,9940
11072,2016-02-10,13:18:00,349,3,9941
11073,2016-02-10,13:26:00,56,3,4977
11074,2016-02-10,13:26:00,281,3,9942
11075,2016-02-10,13:28:00,336,1,9943
11076,2016-02-10,13:33:00,402,3,9944
11077,2016-02-10,13:46:00,295,2,9945
11078,2016-02-10,13:48:00,335,1,9946
11079,2016-02-10,13:54:00,306,2,9947
11080,2016-02-10,13:56:00,345,1,9948
11081,2016-02-10,14:25:00,66,2,9949
11082,2016-02-10,14:25:00,177,2,9950
11083,2016-02-10,14:33:00,325,3,9951
11084,2016-02-10,14:49:00,179,2,9952
11085,2016-02-10,14:57:00,58,3,3037
11086,2016-02-10,15:04:00,112,2,9953
11087,2016-02-10,15:05:00,3,2,9954
11088,2016-02-10,15:08:00,208,2,9955
11089,2016-02-10,15:09:00,93,1,9956
11090,2016-02-10,15:15:00,356,2,9957
11091,2016-02-10,15:19:00,173,1,9958
11092,2016-02-10,15:36:00,44,4,9959
11093,2016-02-10,15:53:00,228,2,9960
11094,2016-02-10,16:11:00,322,1,9961
11095,2016-02-10,16:13:00,113,2,9962
11096,2016-02-10,16:28:00,418,2,9963
11097,2016-02-10,16:33:00,141,2,7707
11098,2016-02-10,16:39:00,431,2,9964
11099,2016-02-10,16:49:00,134,2,2926
11100,2016-02-10,16:56:00,9,3,9965
11101,2016-02-10,17:01:00,407,3,9966
11102,2016-02-10,17:15:00,189,1,9967
11103,2016-02-10,17:17:00,101,3,9968
11104,2016-02-10,17:18:00,159,1,1953
11105,2016-02-10,17:20:00,303,1,9969
11106,2016-02-10,17:22:00,282,2,9970
11107,2016-02-10,17:32:00,382,2,9971
11108,2016-02-10,17:36:00,300,2,9972
11109,2016-02-10,17:47:00,75,2,9973
11110,2016-02-10,17:52:00,36,2,9974
11111,2016-02-10,17:54:00,154,1,9975
11112,2016-02-10,18:13:00,302,3,9976
11113,2016-02-10,18:13:00,273,1,9977
11114,2016-02-10,18:17:00,349,1,9978
11115,2016-02-10,18:20:00,430,2,9979
11116,2016-02-10,18:21:00,169,3,9980
11117,2016-02-10,18:24:00,266,5,9981
11118,2016-02-10,18:27:00,137,2,9982
11119,2016-02-10,18:40:00,194,1,9983
11120,2016-02-10,18:46:00,163,2,9984
11121,2016-02-10,18:47:00,351,1,9985
11122,2016-02-10,18:48:00,356,3,9986
11123,2016-02-10,18:49:00,34,1,9987
11124,2016-02-10,18:51:00,114,3,9988
11125,2016-02-10,18:54:00,216,2,9989
11126,2016-02-10,18:59:00,25,1,9990
11127,2016-02-10,19:11:00,311,1,9991
11128,2016-02-10,19:15:00,296,2,9992
11129,2016-02-10,19:20:00,273,4,9993
11130,2016-02-10,19:28:00,132,3,9994
11131,2016-02-10,19:31:00,432,3,9995
11132,2016-02-10,19:34:00,236,3,9996
11133,2016-02-10,19:38:00,145,1,9997
11134,2016-02-10,19:38:00,444,1,9998
11135,2016-02-10,19:44:00,65,3,9999
11136,2016-02-10,19:44:00,108,3,10000
11137,2016-02-10,19:50:00,44,2,10001
11138,2016-02-10,19:59:00,401,2,10002
11139,2016-02-10,20:17:00,78,2,10003
11140,2016-02-10,20:23:00,262,3,10004
11141,2016-02-10,20:37:00,106,3,10005
11142,2016-02-10,20:42:00,196,1,10006
11143,2016-02-10,20:48:00,194,3,5763
11144,2016-02-10,20:52:00,6,1,10007
11145,2016-02-10,20:59:00,14,1,10008
11146,2016-02-10,20:59:00,282,2,10009
11147,2016-02-10,21:00:00,246,1,10010
11148,2016-02-10,21:10:00,20,2,10011
11149,2016-02-10,21:21:00,214,2,10012
11150,2016-02-10,21:23:00,290,1,4464
11151,2016-02-10,21:25:00,27,1,10013
11152,2016-02-10,21:31:00,141,1,10014
11153,2016-02-10,21:47:00,4,3,10015
11154,2016-02-10,21:50:00,342,1,10016
11155,2016-02-10,21:58:00,356,2,10017
11156,2016-02-10,21:58:00,37,1,10018
11157,2016-02-10,22:13:00,157,1,10019
11158,2016-02-10,22:14:00,183,1,10020
11159,2016-02-10,22:16:00,433,3,10021
11160,2016-02-10,22:17:00,102,2,10022
11161,2016-02-10,22:21:00,351,1,10023
11162,2016-02-10,22:30:00,292,2,10024
11163,2016-02-10,22:32:00,221,2,10025
11164,2016-02-10,22:37:00,396,2,10026
11165,2016-02-10,22:41:00,197,2,9390
11166,2016-02-10,22:43:00,130,4,10027
11167,2016-02-10,22:46:00,241,1,10028
11168,2016-02-10,22:47:00,47,1,10029
11169,2016-02-10,22:51:00,271,2,3042
11170,2016-02-10,22:59:00,292,2,10030
11171,2016-02-10,23:09:00,238,4,6683
11172,2016-02-10,23:13:00,73,3,10031
11173,2016-02-10,23:15:00,214,2,10032
11174,2016-02-10,23:16:00,84,2,10033
11175,2016-02-10,23:19:00,294,2,10034
11176,2016-02-10,23:49:00,417,1,10035
11177,2016-02-10,23:52:00,312,2,10036
11178,2016-02-10,23:58:00,361,1,10037
11179,2016-02-11,00:28:00,5,3,10038
11180,2016-02-11,00:29:00,325,1,10039
11181,2016-02-11,00:37:00,297,1,10040
11182,2016-02-11,00:44:00,22,3,10041
11183,2016-02-11,00:52:00,356,1,10042
11184,2016-02-11,00:54:00,330,2,10043
11185,2016-02-11,00:56:00,111,2,3354
11186,2016-02-11,00:59:00,296,1,10044
11187,2016-02-11,01:05:00,215,2,10045
11188,2016-02-11,01:08:00,105,2,10046
11189,2016-02-11,01:13:00,437,3,10047
11190,2016-02-11,01:14:00,212,2,10048
11191,2016-02-11,01:16:00,93,1,10049
11192,2016-02-11,01:20:00,358,1,10050
11193,2016-02-11,01:26:00,140,1,10051
11194,2016-02-11,01:27:00,326,2,4108
11195,2016-02-11,01:30:00,288,3,10052
11196,2016-02-11,01:31:00,58,1,10053
11197,2016-02-11,01:42:00,258,2,6705
11198,2016-02-11,01:48:00,151,2,10054
11199,2016-02-11,01:55:00,299,3,10055
11200,2016-02-11,01:57:00,447,2,10056
11201,2016-02-11,02:14:00,17,2,10057
11202,2016-02-11,02:22:00,181,2,10058
11203,2016-02-11,02:28:00,125,3,10059
11204,2016-02-11,02:34:00,220,3,1361
11205,2016-02-11,02:42:00,256,3,10060
11206,2016-02-11,02:44:00,324,4,10061
11207,2016-02-11,02:45:00,226,1,10062
11208,2016-02-11,02:58:00,398,2,10063
11209,2016-02-11,02:59:00,214,3,10064
11210,2016-02-11,03:06:00,396,1,10065
11211,2016-02-11,03:07:00,144,3,10066
11212,2016-02-11,03:21:00,37,2,10067
11213,2016-02-11,03:23:00,45,2,10068
11214,2016-02-11,03:23:00,446,3,10069
11215,2016-02-11,03:34:00,14,2,5967
11216,2016-02-11,03:36:00,223,1,10070
11217,2016-02-11,03:38:00,268,4,10071
11218,2016-02-11,03:42:00,384,3,10072
11219,2016-02-11,03:42:00,445,3,5100
11220,2016-02-11,03:44:00,217,3,10073
11221,2016-02-11,03:46:00,420,4,10074
11222,2016-02-11,03:58:00,353,1,10075
11223,2016-02-11,04:05:00,417,1,10076
11224,2016-02-11,04:05:00,166,1,10077
11225,2016-02-11,04:06:00,161,2,10078
11226,2016-02-11,04:09:00,431,2,10079
11227,2016-02-11,04:09:00,44,1,10080
11228,2016-02-11,04:16:00,284,2,10081
11229,2016-02-11,04:29:00,416,4,10082
11230,2016-02-11,04:38:00,171,2,7496
11231,2016-02-11,04:42:00,249,3,10083
11232,2016-02-11,04:44:00,343,2,10084
11233,2016-02-11,04:48:00,370,2,10085
11234,2016-02-11,04:53:00,222,1,10086
11235,2016-02-11,04:58:00,168,2,10087
11236,2016-02-11,05:04:00,209,3,10088
11237,2016-02-11,05:10:00,384,2,10089
11238,2016-02-11,05:13:00,264,4,4530
11239,2016-02-11,05:16:00,34,2,10090
11240,2016-02-11,05:19:00,226,3,10091
11241,2016-02-11,05:24:00,259,2,10092
11242,2016-02-11,05:24:00,121,3,10093
11243,2016-02-11,05:29:00,25,1,10094
11244,2016-02-11,05:37:00,93,1,2377
11245,2016-02-11,05:40:00,75,2,10095
11246,2016-02-11,05:44:00,346,4,5224
11247,2016-02-11,06:00:00,63,1,10096
11248,2016-02-11,06:02:00,189,1,10097
11249,2016-02-11,06:22:00,212,1,10098
11250,2016-02-11,06:29:00,311,1,10099
11251,2016-02-11,06:35:00,296,4,10100
11252,2016-02-11,06:36:00,385,1,10101
11253,2016-02-11,06:47:00,106,1,10102
11254,2016-02-11,06:54:00,397,1,10103
11255,2016-02-11,06:59:00,344,1,2168
11256,2016-02-11,07:07:00,24,3,10104
11257,2016-02-11,07:07:00,316,1,10105
11258,2016-02-11,07:08:00,275,5,9916
11259,2016-02-11,07:18:00,38,2,10106
11260,2016-02-11,07:18:00,116,2,4253
11261,2016-02-11,07:18:00,434,2,484
11262,2016-02-11,07:21:00,253,3,5704
11263,2016-02-11,07:24:00,440,2,10107
11264,2016-02-11,07:47:00,162,1,10108
11265,2016-02-11,07:49:00,221,3,10109
11266,2016-02-11,08:03:00,128,3,10110
11267,2016-02-11,08:34:00,232,1,10111
11268,2016-02-11,08:38:00,442,1,10112
11269,2016-02-11,08:39:00,192,4,10113
11270,2016-02-11,08:46:00,438,1,1961
11271,2016-02-11,08:51:00,21,2,10114
11272,2016-02-11,08:55:00,406,2,10115
11273,2016-02-11,08:56:00,424,3,10116
11274,2016-02-11,08:57:00,78,1,10117
11275,2016-02-11,09:00:00,411,1,10118
11276,2016-02-11,09:03:00,412,5,10119
11277,2016-02-11,09:19:00,233,1,10120
11278,2016-02-11,09:21:00,157,2,10121
11279,2016-02-11,09:22:00,384,4,10122
11280,2016-02-11,09:27:00,411,3,10123
11281,2016-02-11,09:54:00,162,2,10124
11282,2016-02-11,10:01:00,347,3,10125
11283,2016-02-11,10:05:00,345,3,10126
11284,2016-02-11,10:11:00,197,1,10127
11285,2016-02-11,10:18:00,363,1,10128
11286,2016-02-11,10:21:00,158,1,10129
11287,2016-02-11,10:29:00,33,2,10130
11288,2016-02-11,10:29:00,216,3,10131
11289,2016-02-11,10:34:00,403,3,10132
11290,2016-02-11,10:34:00,163,1,10133
11291,2016-02-11,10:38:00,234,4,10134
11292,2016-02-11,10:52:00,228,1,10135
11293,2016-02-11,11:01:00,318,1,10136
11294,2016-02-11,11:02:00,408,2,10137
11295,2016-02-11,11:17:00,181,1,10138
11296,2016-02-11,11:23:00,148,2,10139
11297,2016-02-11,11:30:00,238,1,10140
11298,2016-02-11,11:32:00,62,1,10141
11299,2016-02-11,11:35:00,37,3,10142
11300,2016-02-11,11:35:00,188,2,10143
11301,2016-02-11,11:37:00,3,3,10144
11302,2016-02-11,11:37:00,290,1,10145
11303,2016-02-11,11:43:00,373,1,10146
11304,2016-02-11,11:54:00,7,3,10147
11305,2016-02-11,12:04:00,303,2,10148
11306,2016-02-11,12:12:00,12,2,10149
11307,2016-02-11,12:14:00,44,1,10150
11308,2016-02-11,12:19:00,9,4,10151
11309,2016-02-11,12:21:00,342,3,5929
11310,2016-02-11,12:23:00,189,2,10152
11311,2016-02-11,12:32:00,306,1,10153
11312,2016-02-11,12:34:00,72,1,10154
11313,2016-02-11,12:43:00,299,1,10155
11314,2016-02-11,12:44:00,207,2,10156
11315,2016-02-11,12:45:00,91,3,10157
11316,2016-02-11,12:45:00,231,2,10158
11317,2016-02-11,12:50:00,147,1,10159
11318,2016-02-11,12:54:00,101,1,8689
11319,2016-02-11,13:01:00,452,1,10160
11320,2016-02-11,13:05:00,6,2,10161
11321,2016-02-11,13:06:00,375,3,10162
11322,2016-02-11,13:22:00,267,1,10163
11323,2016-02-11,13:23:00,16,1,10164
11324,2016-02-11,13:25:00,183,2,289
11325,2016-02-11,13:27:00,350,2,10165
11326,2016-02-11,13:33:00,15,1,10166
11327,2016-02-11,13:40:00,177,1,10167
11328,2016-02-11,13:44:00,361,3,10168
11329,2016-02-11,13:46:00,323,2,10169
11330,2016-02-11,13:47:00,307,4,10170
11331,2016-02-11,13:50:00,305,1,10171
11332,2016-02-11,13:53:00,210,1,10172
11333,2016-02-11,13:56:00,82,2,919
11334,2016-02-11,14:01:00,44,2,10173
11335,2016-02-11,14:01:00,316,2,10174
11336,2016-02-11,14:05:00,11,4,10175
11337,2016-02-11,14:08:00,194,2,10176
11338,2016-02-11,14:27:00,224,2,10177
11339,2016-02-11,14:32:00,264,3,10178
11340,2016-02-11,14:32:00,291,4,10179
11341,2016-02-11,14:39:00,21,2,10180
11342,2016-02-11,14:45:00,408,4,10181
11343,2016-02-11,14:46:00,414,2,10182
11344,2016-02-11,14:47:00,440,2,10183
11345,2016-02-11,14:49:00,293,3,10184
11346,2016-02-11,15:05:00,13,1,10185
11347,2016-02-11,15:06:00,71,2,10186
11348,2016-02-11,15:08:00,161,4,10187
11349,2016-02-11,15:14:00,104,2,10188
11350,2016-02-11,15:31:00,198,1,10189
11351,2016-02-11,15:32:00,377,2,10190
11352,2016-02-11,15:48:00,193,2,10191
11353,2016-02-11,15:53:00,293,3,10192
11354,2016-02-11,15:54:00,287,2,10193
11355,2016-02-11,15:55:00,6,1,10194
11356,2016-02-11,16:07:00,315,1,10195
11357,2016-02-11,16:13:00,370,1,10196
11358,2016-02-11,16:16:00,206,3,8865
11359,2016-02-11,16:25:00,101,3,10197
11360,2016-02-11,16:26:00,8,1,10198
11361,2016-02-11,16:29:00,420,1,10199
11362,2016-02-11,16:38:00,126,1,10200
11363,2016-02-11,16:50:00,136,3,10201
11364,2016-02-11,16:53:00,305,3,10202
11365,2016-02-11,16:54:00,384,2,5260
11366,2016-02-11,16:54:00,384,2,10203
11367,2016-02-11,17:08:00,419,2,10204
11368,2016-02-11,17:09:00,260,2,10205
11369,2016-02-11,17:10:00,434,2,10206
11370,2016-02-11,17:19:00,424,1,10207
11371,2016-02-11,17:22:00,238,1,10208
11372,2016-02-11,17:29:00,174,3,4258
11373,2016-02-11,17:37:00,260,4,10209
11374,2016-02-11,17:40:00,441,2,10210
11375,2016-02-11,17:49:00,78,2,10211
11376,2016-02-11,17:51:00,266,1,10212
11377,2016-02-11,18:00:00,329,2,10213
11378,2016-02-11,18:05:00,246,1,10214
11379,2016-02-11,18:11:00,180,2,10215
11380,2016-02-11,18:19:00,226,2,10216
11381,2016-02-11,18:24:00,70,2,10217
11382,2016-02-11,18:27:00,388,4,10218
11383,2016-02-11,18:33:00,164,3,10219
11384,2016-02-11,18:33:00,27,1,10220
11385,2016-02-11,18:49:00,251,3,10221
11386,2016-02-11,18:52:00,106,1,10222
11387,2016-02-11,18:58:00,450,1,8676
11388,2016-02-11,19:00:00,272,1,10223
11389,2016-02-11,19:06:00,397,1,10224
11390,2016-02-11,19:12:00,325,3,10225
11391,2016-02-11,19:19:00,436,1,10226
11392,2016-02-11,19:38:00,395,3,10227
11393,2016-02-11,19:54:00,446,1,10228
11394,2016-02-11,20:05:00,449,1,10229
11395,2016-02-11,20:06:00,143,1,1889
11396,2016-02-11,20:14:00,237,1,10230
11397,2016-02-11,20:25:00,161,4,10231
11398,2016-02-11,20:26:00,268,2,10232
11399,2016-02-11,20:31:00,399,2,10233
11400,2016-02-11,20:34:00,454,1,10234
11401,2016-02-11,20:34:00,457,3,10235
11402,2016-02-11,20:48:00,373,2,10236
11403,2016-02-11,20:50:00,101,1,10237
11404,2016-02-11,20:57:00,236,1,10238
11405,2016-02-11,21:07:00,67,2,10239
11406,2016-02-11,21:14:00,274,4,10240
11407,2016-02-11,21:16:00,98,1,10241
11408,2016-02-11,21:16:00,456,2,10242
11409,2016-02-11,21:21:00,317,1,10243
11410,2016-02-11,21:25:00,181,1,10244
11411,2016-02-11,21:33:00,37,2,10245
11412,2016-02-11,21:35:00,333,2,10246
11413,2016-02-11,21:36:00,259,2,10247
11414,2016-02-11,21:40:00,205,1,1638
11415,2016-02-11,21:55:00,234,1,10248
11416,2016-02-11,22:01:00,444,1,10249
11417,2016-02-11,22:01:00,105,2,6194
11418,2016-02-11,22:17:00,444,1,10250
11419,2016-02-11,22:17:00,94,2,10251
11420,2016-02-11,22:19:00,234,1,10252
11421,2016-02-11,22:21:00,144,2,9405
11422,2016-02-11,22:27:00,255,1,10253
11423,2016-02-11,22:46:00,411,2,10254
11424,2016-02-11,22:47:00,141,1,1286
11425,2016-02-11,22:55:00,19,1,10255
11426,2016-02-11,22:55:00,291,3,10256
11427,2016-02-11,22:55:00,208,2,10257
11428,2016-02-11,23:01:00,405,1,10258
11429,2016-02-11,23:03:00,124,1,10259
11430,2016-02-11,23:04:00,340,1,10260
11431,2016-02-11,23:05:00,97,2,10261
11432,2016-02-11,23:06:00,264,3,10262
11433,2016-02-11,23:16:00,235,4,10263
11434,2016-02-11,23:18:00,280,2,10264
11435,2016-02-11,23:21:00,155,1,10265
11436,2016-02-11,23:24:00,364,1,10266
11437,2016-02-11,23:33:00,28,2,5688
11438,2016-02-11,23:38:00,368,2,10267
11439,2016-02-11,23:43:00,7,1,10268
11440,2016-02-11,23:48:00,187,2,10269
11441,2016-02-11,23:57:00,17,1,10270
11442,2016-02-11,23:57:00,140,1,10271
11443,2016-02-12,00:07:00,141,3,4955
11444,2016-02-12,00:12:00,202,2,10272
11445,2016-02-12,00:12:00,428,4,10273
11446,2016-02-12,00:13:00,65,3,10274
11447,2016-02-12,00:14:00,235,1,10275
11448,2016-02-12,00:16:00,94,2,10276
11449,2016-02-12,00:17:00,308,2,10277
11450,2016-02-12,00:18:00,152,1,10278
11451,2016-02-12,00:22:00,73,3,10279
11452,2016-02-12,00:23:00,258,1,10280
11453,2016-02-12,00:27:00,33,3,10281
11454,2016-02-12,00:29:00,318,2,10282
11455,2016-02-12,00:30:00,342,3,10283
11456,2016-02-12,00:30:00,355,1,10284
11457,2016-02-12,00:46:00,370,1,10285
11458,2016-02-12,00:48:00,24,1,10286
11459,2016-02-12,00:49:00,458,1,10287
11460,2016-02-12,00:54:00,114,1,10288
11461,2016-02-12,00:56:00,176,3,402
11462,2016-02-12,00:57:00,243,2,10289
11463,2016-02-12,01:02:00,262,3,2618
11464,2016-02-12,01:04:00,237,2,10290
11465,2016-02-12,01:07:00,252,4,10291
11466,2016-02-12,01:11:00,263,1,10292
11467,2016-02-12,01:15:00,138,2,10293
11468,2016-02-12,01:20:00,384,4,10294
11469,2016-02-12,01:23:00,228,2,10295
11470,2016-02-12,01:46:00,179,5,10296
11471,2016-02-12,01:59:00,173,1,10297
11472,2016-02-12,02:04:00,180,2,10298
11473,2016-02-12,02:04:00,186,2,10299
11474,2016-02-12,02:05:00,293,2,10300
11475,2016-02-12,02:09:00,294,2,10301
11476,2016-02-12,02:18:00,264,1,10302
11477,2016-02-12,02:24:00,325,1,10303
11478,2016-02-12,02:25:00,420,5,10304
11479,2016-02-12,02:26:00,367,2,10305
11480,2016-02-12,02:32:00,144,1,10306
11481,2016-02-12,02:34:00,431,3,10307
11482,2016-02-12,02:38:00,137,1,10308
11483,2016-02-12,02:38:00,367,1,10309
11484,2016-02-12,02:38:00,26,1,10310
11485,2016-02-12,02:41:00,30,1,10311
11486,2016-02-12,02:59:00,381,2,10312
11487,2016-02-12,02:59:00,279,1,10313
11488,2016-02-12,03:14:00,358,3,10314
11489,2016-02-12,03:18:00,220,1,10315
11490,2016-02-12,03:23:00,339,1,10316
11491,2016-02-12,03:27:00,150,1,10317
11492,2016-02-12,03:31:00,412,2,10318
11493,2016-02-12,03:33:00,384,1,10319
11494,2016-02-12,03:36:00,36,2,10320
11495,2016-02-12,03:36:00,124,2,10321
11496,2016-02-12,03:57:00,176,1,10322
11497,2016-02-12,04:04:00,388,3,10323
11498,2016-02-12,04:06:00,170,4,10324
11499,2016-02-12,04:07:00,304,3,10325
11500,2016-02-12,04:11:00,139,1,10326
11501,2016-02-12,04:12:00,59,1,10327
11502,2016-02-12,04:15:00,422,2,10328
11503,2016-02-12,04:39:00,217,1,7986
11504,2016-02-12,04:43:00,283,3,10329
11505,2016-02-12,04:48:00,388,1,10330
11506,2016-02-12,04:54:00,52,3,10331
11507,2016-02-12,05:00:00,202,1,10332
11508,2016-02-12,05:01:00,112,4,10333
11509,2016-02-12,05:19:00,159,3,10334
11510,2016-02-12,05:21:00,150,2,10335
11511,2016-02-12,05:26:00,81,4,10336
11512,2016-02-12,05:35:00,399,3,10337
11513,2016-02-12,05:38:00,431,3,10338
11514,2016-02-12,05:49:00,43,2,10339
11515,2016-02-12,05:58:00,458,3,10340
11516,2016-02-12,06:02:00,358,2,10341
11517,2016-02-12,06:03:00,300,3,10
11518,2016-02-12,06:03:00,188,3,10342
11519,2016-02-12,06:12:00,2,1,10343
11520,2016-02-12,06:31:00,201,2,10344
11521,2016-02-12,06:34:00,242,1,10345
11522,2016-02-12,06:34:00,168,1,6469
11523,2016-02-12,06:40:00,89,1,10346
11524,2016-02-12,06:42:00,48,3,10347
11525,2016-02-12,06:49:00,262,3,10348
11526,2016-02-12,07:11:00,198,1,10349
11527,2016-02-12,07:19:00,191,2,10350
11528,2016-02-12,07:23:00,47,2,10351
11529,2016-02-12,07:23:00,299,2,7463
11530,2016-02-12,07:38:00,363,2,10352
11531,2016-02-12,07:39:00,204,1,10353
11532,2016-02-12,07:43:00,194,1,289
11533,2016-02-12,07:57:00,100,3,10354
11534,2016-02-12,07:58:00,161,2,10355
11535,2016-02-12,08:03:00,57,2,2820
11536,2016-02-12,08:06:00,140,3,10356
11537,2016-02-12,08:10:00,62,2,10357
11538,2016-02-12,08:11:00,8,4,10358
11539,2016-02-12,08:18:00,220,2,10359
11540,2016-02-12,08:18:00,355,2,10360
11541,2016-02-12,08:20:00,45,1,10361
11542,2016-02-12,08:35:00,192,4,10362
11543,2016-02-12,08:41:00,258,2,10363
11544,2016-02-12,08:58:00,222,2,10364
11545,2016-02-12,09:01:00,163,6,10365
11546,2016-02-12,09:07:00,229,1,10366
11547,2016-02-12,09:08:00,47,1,10367
11548,2016-02-12,09:11:00,295,2,10368
11549,2016-02-12,09:28:00,17,2,10369
11550,2016-02-12,09:45:00,160,2,10370
11551,2016-02-12,09:46:00,113,2,10371
11552,2016-02-12,09:46:00,451,2,10372
11553,2016-02-12,09:50:00,186,2,10373
11554,2016-02-12,09:50:00,458,2,10374
11555,2016-02-12,09:52:00,74,1,10375
11556,2016-02-12,10:12:00,329,1,10376
11557,2016-02-12,10:20:00,440,3,10377
11558,2016-02-12,10:26:00,209,2,10378
11559,2016-02-12,10:32:00,80,1,10379
11560,2016-02-12,10:34:00,173,3,10380
11561,2016-02-12,10:38:00,59,1,10381
11562,2016-02-12,10:44:00,164,2,10382
11563,2016-02-12,10:45:00,347,1,10383
11564,2016-02-12,10:45:00,15,1,10384
11565,2016-02-12,10:48:00,328,4,10385
11566,2016-02-12,10:52:00,30,2,10386
11567,2016-02-12,10:58:00,308,1,10387
11568,2016-02-12,11:03:00,370,4,10388
11569,2016-02-12,11:12:00,167,2,1752
11570,2016-02-12,11:17:00,137,1,10389
11571,2016-02-12,11:38:00,153,2,10390
11572,2016-02-12,11:54:00,18,3,10391
11573,2016-02-12,12:09:00,245,1,10392
11574,2016-02-12,12:10:00,74,1,10393
11575,2016-02-12,12:14:00,118,1,10394
11576,2016-02-12,12:16:00,51,3,10395
11577,2016-02-12,12:23:00,174,2,4938
11578,2016-02-12,12:24:00,53,3,10396
11579,2016-02-12,12:32:00,124,1,10397
11580,2016-02-12,12:32:00,30,1,10398
11581,2016-02-12,12:38:00,445,2,10399
11582,2016-02-12,12:46:00,278,3,10400
11583,2016-02-12,12:52:00,108,2,10401
11584,2016-02-12,13:01:00,42,2,10402
11585,2016-02-12,13:04:00,341,3,2720
11586,2016-02-12,13:07:00,353,5,10403
11587,2016-02-12,13:11:00,36,3,10404
11588,2016-02-12,13:13:00,100,4,776
11589,2016-02-12,13:23:00,75,2,10405
11590,2016-02-12,13:24:00,193,2,10406
11591,2016-02-12,13:25:00,195,2,10407
11592,2016-02-12,13:32:00,307,1,10408
11593,2016-02-12,13:38:00,298,1,10409
11594,2016-02-12,13:44:00,165,2,10410
11595,2016-02-12,13:47:00,95,2,10411
11596,2016-02-12,13:48:00,181,1,10412
11597,2016-02-12,13:49:00,42,4,10413
11598,2016-02-12,14:05:00,116,2,2488
11599,2016-02-12,14:09:00,60,3,10414
11600,2016-02-12,14:10:00,393,1,10415
11601,2016-02-12,14:13:00,456,1,10416
11602,2016-02-12,14:13:00,189,1,10417
11603,2016-02-12,14:29:00,203,1,10418
11604,2016-02-12,14:30:00,77,1,10419
11605,2016-02-12,14:33:00,192,2,10420
11606,2016-02-12,14:33:00,236,3,10421
11607,2016-02-12,14:41:00,342,2,4198
11608,2016-02-12,14:46:00,177,2,10422
11609,2016-02-12,14:57:00,207,5,10423
11610,2016-02-12,14:57:00,36,3,10424
11611,2016-02-12,14:58:00,313,2,10425
11612,2016-02-12,15:01:00,280,1,10426
11613,2016-02-12,15:08:00,202,2,10427
11614,2016-02-12,15:11:00,347,3,10428
11615,2016-02-12,15:15:00,286,3,10429
11616,2016-02-12,15:19:00,11,3,10430
11617,2016-02-12,15:27:00,329,1,10431
11618,2016-02-12,15:33:00,77,3,10432
11619,2016-02-12,15:34:00,215,2,10433
11620,2016-02-12,15:34:00,276,1,10434
11621,2016-02-12,15:50:00,255,4,10435
11622,2016-02-12,15:50:00,156,1,10436
11623,2016-02-12,15:51:00,426,2,10437
11624,2016-02-12,15:51:00,374,1,10438
11625,2016-02-12,15:54:00,359,2,10439
11626,2016-02-12,16:00:00,410,2,10440
11627,2016-02-12,16:01:00,366,1,10441
11628,2016-02-12,16:03:00,278,2,89
11629,2016-02-12,16:03:00,109,1,10442
11630,2016-02-12,16:07:00,110,1,10443
11631,2016-02-12,16:21:00,424,2,10444
11632,2016-02-12,16:25:00,69,1,10445
11633,2016-02-12,16:34:00,188,2,10446
11634,2016-02-12,16:39:00,80,2,10447
11635,2016-02-12,16:46:00,160,3,10448
11636,2016-02-12,16:50:00,339,3,10449
11637,2016-02-12,16:56:00,148,2,10450
11638,2016-02-12,16:58:00,283,2,10451
11639,2016-02-12,16:59:00,295,2,10452
11640,2016-02-12,17:05:00,61,1,10453
11641,2016-02-12,17:08:00,298,4,10454
11642,2016-02-12,17:08:00,425,2,10455
11643,2016-02-12,17:14:00,230,1,10456
11644,2016-02-12,17:21:00,306,1,10457
11645,2016-02-12,17:23:00,20,2,10458
11646,2016-02-12,17:25:00,331,3,10459
11647,2016-02-12,17:28:00,192,2,10460
11648,2016-02-12,17:29:00,423,1,10461
11649,2016-02-12,17:43:00,269,4,10462
11650,2016-02-12,17:44:00,351,2,10463
11651,2016-02-12,17:48:00,191,2,10464
11652,2016-02-12,17:53:00,140,3,10465
11653,2016-02-12,17:57:00,75,2,10466
11654,2016-02-12,18:18:00,123,3,10467
11655,2016-02-12,18:21:00,96,1,10468
11656,2016-02-12,18:24:00,204,3,10469
11657,2016-02-12,18:28:00,296,1,10470
11658,2016-02-12,18:28:00,182,1,10471
11659,2016-02-12,18:38:00,348,2,10472
11660,2016-02-12,18:45:00,209,3,10473
11661,2016-02-12,18:54:00,211,4,10474
11662,2016-02-12,18:55:00,134,1,10475
11663,2016-02-12,19:03:00,416,1,10476
11664,2016-02-12,19:07:00,372,1,10477
11665,2016-02-12,19:08:00,314,3,10478
11666,2016-02-12,19:10:00,410,2,2905
11667,2016-02-12,19:14:00,71,1,10479
11668,2016-02-12,19:22:00,210,2,10480
11669,2016-02-12,19:23:00,320,2,10481
11670,2016-02-12,19:25:00,9,2,2762
11671,2016-02-12,19:31:00,142,1,10482
11672,2016-02-12,19:39:00,444,2,10483
11673,2016-02-12,19:46:00,245,3,10484
11674,2016-02-12,19:48:00,337,1,10485
11675,2016-02-12,19:56:00,317,2,10486
11676,2016-02-12,20:03:00,29,5,10487
11677,2016-02-12,20:07:00,284,1,10488
11678,2016-02-12,20:08:00,172,1,10489
11679,2016-02-12,20:08:00,66,4,10490
11680,2016-02-12,20:18:00,245,1,10491
11681,2016-02-12,20:27:00,74,2,10492
11682,2016-02-12,20:32:00,453,2,8231
11683,2016-02-12,20:39:00,420,1,10493
11684,2016-02-12,20:42:00,92,1,10494
11685,2016-02-12,20:42:00,271,1,10495
11686,2016-02-12,20:45:00,261,1,10496
11687,2016-02-12,20:46:00,237,1,10497
11688,2016-02-12,20:49:00,289,4,10498
11689,2016-02-12,20:50:00,254,1,10499
11690,2016-02-12,20:53:00,151,2,10500
11691,2016-02-12,20:57:00,157,3,10501
11692,2016-02-12,21:00:00,256,3,10502
11693,2016-02-12,21:02:00,278,1,5506
11694,2016-02-12,21:02:00,191,4,10503
11695,2016-02-12,21:26:00,165,2,10504
11696,2016-02-12,21:34:00,398,2,10505
11697,2016-02-12,21:41:00,289,1,10506
11698,2016-02-12,21:43:00,280,1,10507
11699,2016-02-12,21:46:00,205,2,10508
11700,2016-02-12,21:49:00,320,1,10509
11701,2016-02-12,21:50:00,232,3,10510
11702,2016-02-12,21:56:00,380,1,10511
11703,2016-02-12,22:08:00,88,2,10512
11704,2016-02-12,22:10:00,263,1,10513
11705,2016-02-12,22:10:00,198,3,10514
11706,2016-02-12,22:16:00,63,1,10515
11707,2016-02-12,22:16:00,450,4,10516
11708,2016-02-12,22:36:00,171,1,10517
11709,2016-02-12,22:41:00,162,4,10518
11710,2016-02-12,22:41:00,16,1,10519
11711,2016-02-12,22:44:00,297,2,10520
11712,2016-02-12,22:48:00,248,1,10521
11713,2016-02-12,22:50:00,439,2,10522
11714,2016-02-12,23:07:00,69,2,9406
11715,2016-02-12,23:07:00,87,1,10523
11716,2016-02-12,23:11:00,4,1,10524
11717,2016-02-12,23:15:00,441,2,10525
11718,2016-02-12,23:19:00,246,1,10526
11719,2016-02-12,23:22:00,29,2,4088
11720,2016-02-12,23:22:00,358,1,10527
11721,2016-02-12,23:42:00,395,2,10528
11722,2016-02-13,00:06:00,395,1,10529
11723,2016-02-13,00:13:00,82,2,10530
11724,2016-02-13,00:13:00,73,1,10531
11725,2016-02-13,00:15:00,360,2,10532
11726,2016-02-13,00:25:00,22,3,10533
11727,2016-02-13,00:44:00,183,2,10534
11728,2016-02-13,00:48:00,411,2,10535
11729,2016-02-13,01:02:00,433,2,10536
11730,2016-02-13,01:08:00,88,2,10537
11731,2016-02-13,01:20:00,381,1,10538
11732,2016-02-13,01:25:00,274,2,10539
11733,2016-02-13,01:28:00,137,1,10540
11734,2016-02-13,01:29:00,274,1,10541
11735,2016-02-13,01:42:00,77,2,10542
11736,2016-02-13,01:42:00,332,3,10456
11737,2016-02-13,01:55:00,268,4,10543
11738,2016-02-13,01:58:00,321,2,10544
11739,2016-02-13,02:03:00,275,2,10545
11740,2016-02-13,02:06:00,198,2,10546
11741,2016-02-13,02:19:00,296,1,10547
11742,2016-02-13,02:25:00,242,2,10548
11743,2016-02-13,02:27:00,376,2,10549
11744,2016-02-13,02:38:00,399,2,10550
11745,2016-02-13,02:56:00,384,1,5331
11746,2016-02-13,03:06:00,44,2,10551
11747,2016-02-13,03:09:00,83,1,10552
11748,2016-02-13,03:13:00,324,1,10553
11749,2016-02-13,03:13:00,151,3,10554
11750,2016-02-13,03:14:00,398,1,523
11751,2016-02-13,03:17:00,330,2,10555
11752,2016-02-13,03:23:00,198,5,10556
11753,2016-02-13,03:31:00,147,3,10557
11754,2016-02-13,03:32:00,408,1,10558
11755,2016-02-13,03:46:00,379,5,10559
11756,2016-02-13,03:59:00,59,2,10560
11757,2016-02-13,04:00:00,23,2,10561
11758,2016-02-13,04:19:00,296,1,10562
11759,2016-02-13,04:20:00,180,3,627
11760,2016-02-13,04:24:00,170,2,5207
11761,2016-02-13,04:24:00,111,2,10563
11762,2016-02-13,04:33:00,308,2,10564
11763,2016-02-13,04:35:00,342,2,10565
11764,2016-02-13,04:39:00,122,1,10566
11765,2016-02-13,04:44:00,124,4,10567
11766,2016-02-13,04:50:00,189,1,10568
11767,2016-02-13,04:50:00,379,1,10569
11768,2016-02-13,04:55:00,182,1,10570
11769,2016-02-13,04:55:00,322,1,10571
11770,2016-02-13,05:02:00,406,1,10572
11771,2016-02-13,05:13:00,105,4,10573
11772,2016-02-13,05:19:00,131,1,10574
11773,2016-02-13,05:43:00,161,3,10575
11774,2016-02-13,05:43:00,132,3,10576
11775,2016-02-13,05:46:00,182,2,10577
11776,2016-02-13,05:47:00,174,3,3623
11777,2016-02-13,05:50:00,368,2,10578
11778,2016-02-13,05:50:00,254,2,10579
11779,2016-02-13,05:53:00,194,2,10580
11780,2016-02-13,06:02:00,387,2,10581
11781,2016-02-13,06:03:00,322,1,10582
11782,2016-02-13,06:05:00,18,1,10583
11783,2016-02-13,06:17:00,256,1,10584
11784,2016-02-13,06:24:00,362,2,10585
11785,2016-02-13,06:27:00,164,2,10586
11786,2016-02-13,06:29:00,106,1,10587
11787,2016-02-13,06:32:00,407,3,10588
11788,2016-02-13,06:38:00,164,3,10589
11789,2016-02-13,06:39:00,402,3,10590
11790,2016-02-13,06:46:00,448,4,10591
11791,2016-02-13,06:47:00,242,3,10592
11792,2016-02-13,06:55:00,113,1,10593
11793,2016-02-13,06:59:00,151,2,10594
11794,2016-02-13,07:02:00,163,1,10595
11795,2016-02-13,07:07:00,89,2,10596
11796,2016-02-13,07:09:00,247,3,10597
11797,2016-02-13,07:10:00,184,2,10598
11798,2016-02-13,07:28:00,152,4,10599
11799,2016-02-13,07:37:00,231,2,10600
11800,2016-02-13,07:44:00,82,4,10601
11801,2016-02-13,07:46:00,13,1,10602
11802,2016-02-13,07:53:00,217,4,10603
11803,2016-02-13,08:02:00,31,2,10604
11804,2016-02-13,08:07:00,302,2,10605
11805,2016-02-13,08:07:00,290,1,10606
11806,2016-02-13,08:08:00,145,1,10607
11807,2016-02-13,08:18:00,422,2,10608
11808,2016-02-13,08:22:00,166,2,10609
11809,2016-02-13,08:42:00,85,3,10610
11810,2016-02-13,08:42:00,162,1,10611
11811,2016-02-13,08:44:00,362,1,10612
11812,2016-02-13,08:45:00,259,1,3307
11813,2016-02-13,08:51:00,450,3,10613
11814,2016-02-13,09:04:00,80,2,10614
11815,2016-02-13,09:06:00,135,2,10615
11816,2016-02-13,09:08:00,50,1,10616
11817,2016-02-13,09:10:00,454,2,10617
11818,2016-02-13,09:12:00,101,2,10618
11819,2016-02-13,09:16:00,88,5,10619
11820,2016-02-13,09:34:00,286,3,10620
11821,2016-02-13,09:36:00,106,2,10621
11822,2016-02-13,09:42:00,154,1,10622
11823,2016-02-13,09:50:00,412,1,10623
11824,2016-02-13,09:53:00,83,2,10624
11825,2016-02-13,09:54:00,325,3,10625
11826,2016-02-13,10:16:00,22,2,10626
11827,2016-02-13,10:32:00,108,1,10627
11828,2016-02-13,10:33:00,429,2,10628
11829,2016-02-13,10:34:00,196,1,10629
11830,2016-02-13,10:37:00,235,1,10630
11831,2016-02-13,10:51:00,225,1,10631
11832,2016-02-13,10:59:00,86,2,10632
11833,2016-02-13,11:05:00,156,1,10633
11834,2016-02-13,11:14:00,441,2,10634
11835,2016-02-13,11:26:00,330,3,10635
11836,2016-02-13,11:42:00,210,2,10636
11837,2016-02-13,11:53:00,234,2,10637
11838,2016-02-13,12:07:00,206,3,10638
11839,2016-02-13,12:22:00,90,3,10639
11840,2016-02-13,12:28:00,166,1,10640
11841,2016-02-13,12:31:00,442,2,10641
11842,2016-02-13,12:34:00,177,3,4506
11843,2016-02-13,12:37:00,90,1,10642
11844,2016-02-13,12:50:00,403,2,10643
11845,2016-02-13,12:55:00,42,2,10644
11846,2016-02-13,12:57:00,443,2,10645
11847,2016-02-13,13:02:00,269,1,8736
11848,2016-02-13,13:24:00,437,3,10646
11849,2016-02-13,13:27:00,32,3,10647
11850,2016-02-13,13:38:00,175,2,10648
11851,2016-02-13,13:40:00,325,2,10649
11852,2016-02-13,13:42:00,389,4,10650
11853,2016-02-13,13:45:00,188,1,10651
11854,2016-02-13,13:57:00,224,3,10652
11855,2016-02-13,14:03:00,77,3,4682
11856,2016-02-13,14:08:00,434,2,9176
11857,2016-02-13,14:16:00,325,3,10653
11858,2016-02-13,14:24:00,277,2,10654
11859,2016-02-13,14:27:00,16,1,10655
11860,2016-02-13,14:48:00,130,1,10656
11861,2016-02-13,14:53:00,95,2,10657
11862,2016-02-13,14:53:00,28,2,10658
11863,2016-02-13,14:54:00,367,2,10659
11864,2016-02-13,14:56:00,133,2,10660
11865,2016-02-13,14:56:00,102,1,1577
11866,2016-02-13,14:57:00,370,3,10661
11867,2016-02-13,15:36:00,10,3,10662
11868,2016-02-13,15:38:00,393,2,10663
11869,2016-02-13,15:53:00,81,1,10664
11870,2016-02-13,15:54:00,21,3,10665
11871,2016-02-13,16:04:00,9,2,10666
11872,2016-02-13,16:04:00,96,2,10667
11873,2016-02-13,16:07:00,156,2,10668
11874,2016-02-13,16:08:00,395,3,10669
11875,2016-02-13,16:14:00,377,2,10670
11876,2016-02-13,16:22:00,172,2,10671
11877,2016-02-13,16:26:00,426,3,10672
11878,2016-02-13,16:28:00,328,1,3332
11879,2016-02-13,16:30:00,41,3,10673
11880,2016-02-13,16:32:00,386,3,10674
11881,2016-02-13,16:39:00,239,2,10675
11882,2016-02-13,16:48:00,424,1,10676
11883,2016-02-13,16:48:00,100,1,10677
11884,2016-02-13,16:54:00,305,3,10678
11885,2016-02-13,16:58:00,254,3,10679
11886,2016-02-13,16:59:00,304,2,10680
11887,2016-02-13,17:00:00,195,1,10681
11888,2016-02-13,17:01:00,121,2,10682
11889,2016-02-13,17:03:00,93,2,10683
11890,2016-02-13,17:05:00,52,4,9167
11891,2016-02-13,17:13:00,193,2,10684
11892,2016-02-13,17:29:00,362,2,10685
11893,2016-02-13,17:38:00,291,1,10686
11894,2016-02-13,17:43:00,62,3,10687
11895,2016-02-13,17:47:00,301,1,10688
11896,2016-02-13,17:55:00,393,1,10689
11897,2016-02-13,17:58:00,356,1,10690
11898,2016-02-13,18:00:00,170,1,10691
11899,2016-02-13,18:02:00,99,3,10692
11900,2016-02-13,18:04:00,341,2,10693
11901,2016-02-13,18:27:00,129,1,10694
11902,2016-02-13,18:28:00,384,3,10695
11903,2016-02-13,18:33:00,322,3,10696
11904,2016-02-13,18:38:00,331,4,5603
11905,2016-02-13,18:39:00,266,2,10697
11906,2016-02-13,18:41:00,355,3,10698
11907,2016-02-13,18:43:00,168,1,10699
11908,2016-02-13,18:43:00,262,1,9621
11909,2016-02-13,18:50:00,372,2,10700
11910,2016-02-13,18:52:00,245,3,10701
11911,2016-02-13,18:56:00,270,2,10702
11912,2016-02-13,18:58:00,382,1,10703
11913,2016-02-13,18:59:00,162,1,10704
11914,2016-02-13,19:06:00,381,4,10705
11915,2016-02-13,19:10:00,358,3,10706
11916,2016-02-13,19:21:00,455,1,10707
11917,2016-02-13,19:24:00,158,1,10708
11918,2016-02-13,19:28:00,102,3,10547
11919,2016-02-13,19:40:00,228,1,9157
11920,2016-02-13,19:41:00,242,2,10709
11921,2016-02-13,19:41:00,68,3,10710
11922,2016-02-13,19:44:00,346,2,10711
11923,2016-02-13,19:46:00,409,2,10712
11924,2016-02-13,19:55:00,220,4,10713
11925,2016-02-13,19:55:00,155,6,10714
11926,2016-02-13,19:59:00,387,3,10715
11927,2016-02-13,20:04:00,158,1,10716
11928,2016-02-13,20:16:00,59,2,10717
11929,2016-02-13,20:17:00,403,4,10718
11930,2016-02-13,20:19:00,70,1,10719
11931,2016-02-13,20:19:00,404,3,10720
11932,2016-02-13,20:19:00,442,1,10721
11933,2016-02-13,20:23:00,289,2,10722
11934,2016-02-13,20:24:00,456,1,10723
11935,2016-02-13,20:28:00,150,2,10724
11936,2016-02-13,20:35:00,390,1,10725
11937,2016-02-13,20:38:00,442,2,10726
11938,2016-02-13,20:38:00,34,1,10727
11939,2016-02-13,20:48:00,247,1,10728
11940,2016-02-13,20:56:00,191,2,10729
11941,2016-02-13,21:04:00,245,1,10730
11942,2016-02-13,21:14:00,264,3,10731
11943,2016-02-13,21:17:00,183,2,10732
11944,2016-02-13,21:19:00,181,1,1052
11945,2016-02-13,21:20:00,374,1,10733
11946,2016-02-13,21:21:00,60,2,10734
11947,2016-02-13,21:23:00,151,1,10735
11948,2016-02-13,21:44:00,87,3,10736
11949,2016-02-13,21:45:00,408,3,2582
11950,2016-02-13,22:02:00,332,2,10737
11951,2016-02-13,22:02:00,96,1,10738
11952,2016-02-13,22:04:00,118,1,10739
11953,2016-02-13,22:04:00,430,1,10740
11954,2016-02-13,22:11:00,340,1,10741
11955,2016-02-13,22:18:00,156,2,10742
11956,2016-02-13,22:23:00,330,2,10743
11957,2016-02-13,22:24:00,59,3,10744
11958,2016-02-13,22:25:00,43,3,10745
11959,2016-02-13,22:25:00,32,3,10746
11960,2016-02-13,22:26:00,176,2,1479
11961,2016-02-13,22:29:00,179,1,10747
11962,2016-02-13,22:31:00,211,2,10748
11963,2016-02-13,22:38:00,107,1,10749
11964,2016-02-13,22:38:00,78,2,10750
11965,2016-02-13,22:41:00,7,1,10694
11966,2016-02-13,22:52:00,178,3,10751
11967,2016-02-13,22:54:00,206,2,10752
11968,2016-02-13,22:58:00,296,2,4213
11969,2016-02-13,23:00:00,24,3,10753
11970,2016-02-13,23:04:00,382,3,10754
11971,2016-02-13,23:12:00,427,1,10755
11972,2016-02-13,23:16:00,269,4,10756
11973,2016-02-13,23:29:00,87,1,10757
11974,2016-02-13,23:34:00,64,1,10758
11975,2016-02-13,23:53:00,192,3,10759
11976,2016-02-13,23:54:00,232,3,10760
11977,2016-02-13,23:58:00,361,2,10761
11978,2016-02-13,23:59:00,144,1,10762
11979,2016-02-14,00:04:00,251,3,10763
11980,2016-02-14,00:06:00,274,3,10764
11981,2016-02-14,00:13:00,227,1,10765
11982,2016-02-14,00:29:00,123,2,10766
11983,2016-02-14,00:30:00,322,3,10767
11984,2016-02-14,00:34:00,227,2,10768
11985,2016-02-14,00:37:00,102,1,10769
11986,2016-02-14,00:37:00,405,1,10770
11987,2016-02-14,00:40:00,61,1,10771
11988,2016-02-14,00:40:00,108,1,10772
11989,2016-02-14,00:42:00,426,2,10773
11990,2016-02-14,00:45:00,3,2,10774
11991,2016-02-14,00:49:00,324,2,10775
11992,2016-02-14,01:02:00,292,1,10776
11993,2016-02-14,01:05:00,163,2,10777
11994,2016-02-14,01:06:00,238,2,10778
11995,2016-02-14,01:14:00,256,1,10779
11996,2016-02-14,01:22:00,262,2,10780
11997,2016-02-14,01:27:00,212,2,10781
11998,2016-02-14,01:35:00,138,4,10693
11999,2016-02-14,01:42:00,52,2,10782
12000,2016-02-14,01:47:00,424,2,10783
12001,2016-02-14,01:53:00,141,2,10784
12002,2016-02-14,01:55:00,96,2,10785
12003,2016-02-14,02:15:00,73,3,9342
12004,2016-02-14,02:15:00,424,1,10786
12005,2016-02-14,02:15:00,409,2,10787
12006,2016-02-14,02:17:00,96,2,10788
12007,2016-02-14,02:27:00,308,1,10789
12008,2016-02-14,02:49:00,170,2,10790
12009,2016-02-14,02:54:00,395,1,10791
12010,2016-02-14,03:05:00,322,6,10792
12011,2016-02-14,03:07:00,332,2,10793
12012,2016-02-14,03:20:00,325,1,10794
12013,2016-02-14,03:25:00,260,2,10795
12014,2016-02-14,03:28:00,216,1,10796
12015,2016-02-14,03:30:00,201,2,10797
12016,2016-02-14,03:37:00,18,3,10798
12017,2016-02-14,03:45:00,107,2,5989
12018,2016-02-14,03:51:00,322,3,10799
12019,2016-02-14,03:55:00,24,3,10800
12020,2016-02-14,03:55:00,100,2,9794
12021,2016-02-14,03:55:00,435,1,10801
12022,2016-02-14,04:05:00,268,2,10802
12023,2016-02-14,04:12:00,198,3,4561
12024,2016-02-14,04:14:00,31,1,10803
12025,2016-02-14,04:23:00,373,2,10804
12026,2016-02-14,04:28:00,359,6,10805
12027,2016-02-14,04:33:00,63,2,10806
12028,2016-02-14,04:47:00,452,3,10807
12029,2016-02-14,04:49:00,303,4,10808
12030,2016-02-14,04:51:00,75,2,10809
12031,2016-02-14,04:53:00,289,1,10810
12032,2016-02-14,04:53:00,434,2,10811
12033,2016-02-14,05:06:00,97,4,10812
12034,2016-02-14,05:07:00,444,1,10813
12035,2016-02-14,05:15:00,85,2,10814
12036,2016-02-14,05:18:00,450,2,10815
12037,2016-02-14,05:22:00,77,2,2233
12038,2016-02-14,05:27:00,220,1,9412
12039,2016-02-14,05:32:00,115,1,10816
12040,2016-02-14,05:49:00,194,2,6219
12041,2016-02-14,05:51:00,11,3,10817
12042,2016-02-14,06:00:00,348,2,10818
12043,2016-02-14,06:01:00,50,3,10819
12044,2016-02-14,06:05:00,101,2,10820
12045,2016-02-14,06:07:00,324,1,10821
12046,2016-02-14,06:09:00,181,2,10822
12047,2016-02-14,06:24:00,382,1,10823
12048,2016-02-14,06:33:00,339,1,10824
12049,2016-02-14,06:43:00,421,2,10825
12050,2016-02-14,06:44:00,415,1,5681
12051,2016-02-14,06:44:00,156,1,10826
12052,2016-02-14,06:49:00,45,4,10827
12053,2016-02-14,06:53:00,444,2,10828
12054,2016-02-14,06:53:00,448,2,10829
12055,2016-02-14,07:22:00,290,3,6286
12056,2016-02-14,07:23:00,226,4,10830
12057,2016-02-14,07:26:00,31,3,10831
12058,2016-02-14,07:37:00,413,2,10832
12059,2016-02-14,07:47:00,361,2,10833
12060,2016-02-14,07:51:00,401,2,1504
12061,2016-02-14,07:57:00,191,1,10834
12062,2016-02-14,07:59:00,269,3,10835
12063,2016-02-14,08:07:00,319,1,10836
12064,2016-02-14,08:15:00,14,2,10837
12065,2016-02-14,08:16:00,86,5,10838
12066,2016-02-14,08:18:00,437,4,7095
12067,2016-02-14,08:22:00,200,3,10839
12068,2016-02-14,08:24:00,195,1,10840
12069,2016-02-14,08:25:00,314,2,4456
12070,2016-02-14,08:47:00,291,1,10841
12071,2016-02-14,09:06:00,144,3,10842
12072,2016-02-14,09:07:00,362,4,10843
12073,2016-02-14,09:10:00,455,2,10844
12074,2016-02-14,09:16:00,139,2,10845
12075,2016-02-14,09:19:00,104,2,10846
12076,2016-02-14,09:20:00,355,2,10847
12077,2016-02-14,09:24:00,130,1,10848
12078,2016-02-14,09:25:00,181,2,10849
12079,2016-02-14,09:30:00,81,3,10850
12080,2016-02-14,09:36:00,406,2,10851
12081,2016-02-14,09:39:00,44,2,10852
12082,2016-02-14,09:47:00,247,1,10853
12083,2016-02-14,09:53:00,374,1,10854
12084,2016-02-14,10:15:00,297,1,10855
12085,2016-02-14,10:18:00,38,2,10856
12086,2016-02-14,10:22:00,401,2,10857
12087,2016-02-14,10:25:00,399,2,4646
12088,2016-02-14,10:29:00,448,1,10858
12089,2016-02-14,10:32:00,13,2,10859
12090,2016-02-14,10:41:00,36,1,10860
12091,2016-02-14,10:42:00,245,1,10861
12092,2016-02-14,10:46:00,152,1,8151
12093,2016-02-14,10:50:00,168,2,10862
12094,2016-02-14,10:54:00,402,4,10863
12095,2016-02-14,11:04:00,234,2,10864
12096,2016-02-14,11:06:00,379,1,10865
12097,2016-02-14,11:09:00,334,1,10866
12098,2016-02-14,11:20:00,330,2,10867
12099,2016-02-14,11:24:00,125,2,10868
12100,2016-02-14,11:27:00,8,4,10869
12101,2016-02-14,11:29:00,76,4,10870
12102,2016-02-14,11:31:00,162,3,10871
12103,2016-02-14,11:41:00,92,2,10872
12104,2016-02-14,11:47:00,262,1,10873
12105,2016-02-14,11:52:00,8,4,10874
12106,2016-02-14,11:54:00,185,2,10875
12107,2016-02-14,12:05:00,64,1,10876
12108,2016-02-14,12:05:00,220,5,10877
12109,2016-02-14,12:09:00,385,1,10878
12110,2016-02-14,12:10:00,6,3,10879
12111,2016-02-14,12:12:00,77,2,10880
12112,2016-02-14,12:14:00,194,1,10881
12113,2016-02-14,12:17:00,407,2,10882
12114,2016-02-14,12:22:00,48,3,10883
12115,2016-02-14,12:22:00,326,2,10884
12116,2016-02-14,12:30:00,281,1,10885
12117,2016-02-14,12:45:00,131,2,7381
12118,2016-02-14,13:00:00,417,1,10886
12119,2016-02-14,13:02:00,350,7,10887
12120,2016-02-14,13:12:00,166,1,10888
12121,2016-02-14,13:12:00,274,2,10889
12122,2016-02-14,13:17:00,61,2,10890
12123,2016-02-14,13:21:00,65,1,9841
12124,2016-02-14,13:30:00,180,2,10891
12125,2016-02-14,13:30:00,363,1,10892
12126,2016-02-14,13:43:00,436,3,2191
12127,2016-02-14,13:43:00,343,3,10893
12128,2016-02-14,13:43:00,21,1,10894
12129,2016-02-14,13:45:00,15,1,10895
12130,2016-02-14,13:46:00,371,2,9106
12131,2016-02-14,13:55:00,304,1,10896
12132,2016-02-14,13:55:00,141,1,10897
12133,2016-02-14,13:55:00,295,2,10898
12134,2016-02-14,13:57:00,146,3,10899
12135,2016-02-14,13:58:00,293,2,10900
12136,2016-02-14,14:03:00,175,4,10901
12137,2016-02-14,14:04:00,444,4,10902
12138,2016-02-14,14:15:00,130,2,10903
12139,2016-02-14,14:29:00,149,2,10904
12140,2016-02-14,14:30:00,32,2,10905
12141,2016-02-14,14:43:00,451,1,10906
12142,2016-02-14,14:49:00,320,1,10907
12143,2016-02-14,14:53:00,15,2,10908
12144,2016-02-14,14:53:00,168,3,10909
12145,2016-02-14,14:58:00,211,2,10910
12146,2016-02-14,15:04:00,326,2,10911
12147,2016-02-14,15:11:00,141,1,10912
12148,2016-02-14,15:26:00,23,1,10913
12149,2016-02-14,15:42:00,348,2,10914
12150,2016-02-14,15:46:00,106,1,10915
12151,2016-02-14,15:52:00,274,2,10916
12152,2016-02-14,15:58:00,426,1,10917
12153,2016-02-14,16:02:00,51,1,10918
12154,2016-02-14,16:07:00,454,3,10919
12155,2016-02-14,16:19:00,438,1,10920
12156,2016-02-14,16:24:00,116,2,10921
12157,2016-02-14,16:46:00,68,1,520
12158,2016-02-14,16:47:00,159,2,10922
12159,2016-02-14,16:49:00,278,1,10923
12160,2016-02-14,16:52:00,318,3,10924
12161,2016-02-14,16:53:00,365,3,10925
12162,2016-02-14,16:54:00,251,2,10926
12163,2016-02-14,17:00:00,442,3,10927
12164,2016-02-14,17:04:00,204,3,10928
12165,2016-02-14,17:14:00,143,1,10929
12166,2016-02-14,17:17:00,382,1,10930
12167,2016-02-14,17:19:00,436,1,10931
12168,2016-02-14,17:19:00,136,3,10932
12169,2016-02-14,17:21:00,238,1,10933
12170,2016-02-14,17:22:00,333,1,10934
12171,2016-02-14,17:30:00,309,1,10935
12172,2016-02-14,17:37:00,69,3,10936
12173,2016-02-14,17:41:00,262,3,10937
12174,2016-02-14,17:45:00,259,1,10938
12175,2016-02-14,17:47:00,198,2,10939
12176,2016-02-14,17:56:00,12,3,10940
12177,2016-02-14,18:04:00,235,2,10941
12178,2016-02-14,18:10:00,364,3,1280
12179,2016-02-14,18:12:00,130,4,10942
12180,2016-02-14,18:16:00,445,1,10943
12181,2016-02-14,18:17:00,406,1,10944
12182,2016-02-14,18:24:00,91,2,10945
12183,2016-02-14,18:32:00,452,2,10946
12184,2016-02-14,18:34:00,281,3,10947
12185,2016-02-14,18:39:00,85,3,10948
12186,2016-02-14,18:39:00,80,1,7390
12187,2016-02-14,18:45:00,281,1,10949
12188,2016-02-14,18:50:00,146,3,10950
12189,2016-02-14,18:52:00,61,1,10951
12190,2016-02-14,19:19:00,310,4,10952
12191,2016-02-14,19:24:00,386,1,10953
12192,2016-02-14,19:25:00,280,1,10954
12193,2016-02-14,19:27:00,32,5,6181
12194,2016-02-14,19:36:00,177,4,10955
12195,2016-02-14,19:41:00,148,2,10956
12196,2016-02-14,19:41:00,176,5,10957
12197,2016-02-14,19:47:00,385,2,10958
12198,2016-02-14,19:59:00,398,2,10959
12199,2016-02-14,20:00:00,427,2,10960
12200,2016-02-14,20:00:00,271,1,10961
12201,2016-02-14,20:06:00,433,1,10962
12202,2016-02-14,20:16:00,347,2,10963
12203,2016-02-14,20:18:00,198,2,10964
12204,2016-02-14,20:23:00,190,5,10965
12205,2016-02-14,20:24:00,168,1,10966
12206,2016-02-14,20:25:00,68,2,10967
12207,2016-02-14,20:26:00,147,5,10968
12208,2016-02-14,20:29:00,301,5,10969
12209,2016-02-14,20:44:00,29,1,10970
12210,2016-02-14,20:59:00,148,1,10971
12211,2016-02-14,20:59:00,179,1,10972
12212,2016-02-14,21:05:00,128,2,10973
12213,2016-02-14,21:06:00,258,1,10974
12214,2016-02-14,21:10:00,10,2,10975
12215,2016-02-14,21:24:00,69,2,10976
12216,2016-02-14,21:26:00,173,4,10977
12217,2016-02-14,21:27:00,455,1,10978
12218,2016-02-14,21:36:00,439,2,2082
12219,2016-02-14,21:38:00,402,1,10979
12220,2016-02-14,21:42:00,400,2,10980
12221,2016-02-14,21:49:00,162,2,10981
12222,2016-02-14,22:05:00,14,2,10982
12223,2016-02-14,22:07:00,332,2,10983
12224,2016-02-14,22:08:00,225,2,10984
12225,2016-02-14,22:11:00,450,2,10985
12226,2016-02-14,22:23:00,347,3,10986
12227,2016-02-14,22:31:00,226,2,10514
12228,2016-02-14,22:32:00,371,2,10987
12229,2016-02-14,22:39:00,29,1,10988
12230,2016-02-14,22:44:00,305,1,10989
12231,2016-02-14,22:57:00,200,2,10990
12232,2016-02-14,22:58:00,107,4,10991
12233,2016-02-14,23:13:00,90,4,10992
12234,2016-02-14,23:20:00,391,2,10993
12235,2016-02-14,23:32:00,115,4,7394
12236,2016-02-14,23:37:00,257,2,10994
12237,2016-02-14,23:38:00,285,2,10995
12238,2016-02-14,23:50:00,191,2,10996
12239,2016-02-14,23:52:00,36,3,10997
12240,2016-02-14,23:55:00,73,1,10998
12241,2016-02-14,23:55:00,35,3,10999
12242,2016-02-14,23:57:00,310,1,11000
12243,2016-02-15,00:21:00,51,1,11001
12244,2016-02-15,00:25:00,196,3,11002
12245,2016-02-15,00:32:00,122,1,11003
12246,2016-02-15,00:36:00,152,2,11004
12247,2016-02-15,00:36:00,85,2,11005
12248,2016-02-15,00:43:00,215,2,11006
12249,2016-02-15,00:45:00,243,1,11007
12250,2016-02-15,00:49:00,203,3,11008
12251,2016-02-15,01:06:00,70,3,11009
12252,2016-02-15,01:06:00,1,3,11010
12253,2016-02-15,01:26:00,372,2,11011
12254,2016-02-15,01:27:00,315,1,11012
12255,2016-02-15,01:34:00,97,2,11013
12256,2016-02-15,01:36:00,142,1,11014
12257,2016-02-15,01:36:00,440,3,11015
12258,2016-02-15,01:42:00,144,1,11016
12259,2016-02-15,01:43:00,387,3,11017
12260,2016-02-15,01:44:00,405,2,11018
12261,2016-02-15,01:52:00,249,2,11019
12262,2016-02-15,01:54:00,261,1,11020
12263,2016-02-15,01:58:00,21,3,11021
12264,2016-02-15,01:59:00,186,1,11022
12265,2016-02-15,02:02:00,240,4,11023
12266,2016-02-15,02:14:00,335,2,11024
12267,2016-02-15,02:29:00,342,2,11025
12268,2016-02-15,02:39:00,415,1,11026
12269,2016-02-15,02:50:00,218,2,11027
12270,2016-02-15,02:59:00,218,4,28
12271,2016-02-15,03:03:00,209,2,425
12272,2016-02-15,03:06:00,338,1,11028
12273,2016-02-15,03:25:00,252,2,11029
12274,2016-02-15,03:26:00,72,1,11030
12275,2016-02-15,03:28:00,152,2,11031
12276,2016-02-15,03:29:00,263,2,11032
12277,2016-02-15,03:31:00,134,1,11033
12278,2016-02-15,03:34:00,134,1,11034
12279,2016-02-15,03:35:00,64,1,11035
12280,2016-02-15,03:53:00,80,1,11036
12281,2016-02-15,04:00:00,124,3,9060
12282,2016-02-15,04:03:00,110,2,11037
12283,2016-02-15,04:06:00,403,2,11038
12284,2016-02-15,04:07:00,238,3,2625
12285,2016-02-15,04:12:00,63,2,11039
12286,2016-02-15,04:16:00,395,2,11040
12287,2016-02-15,04:26:00,74,1,11041
12288,2016-02-15,04:37:00,80,1,11042
12289,2016-02-15,04:57:00,266,2,11043
12290,2016-02-15,05:02:00,163,1,11044
12291,2016-02-15,05:03:00,447,3,11045
12292,2016-02-15,05:03:00,157,3,11046
12293,2016-02-15,05:05:00,427,4,11047
12294,2016-02-15,05:07:00,21,2,11048
12295,2016-02-15,05:09:00,402,2,11049
12296,2016-02-15,05:20:00,267,2,11050
12297,2016-02-15,05:21:00,223,1,11051
12298,2016-02-15,05:39:00,311,2,11052
12299,2016-02-15,05:44:00,431,1,11053
12300,2016-02-15,05:46:00,285,1,11054
12301,2016-02-15,05:50:00,109,1,11055
12302,2016-02-15,05:58:00,214,3,5452
12303,2016-02-15,05:58:00,446,1,11056
12304,2016-02-15,06:05:00,171,2,11057
12305,2016-02-15,06:09:00,60,4,11058
12306,2016-02-15,06:12:00,430,3,11059
12307,2016-02-15,06:16:00,369,1,11060
12308,2016-02-15,06:19:00,243,1,11061
12309,2016-02-15,06:25:00,420,2,11062
12310,2016-02-15,06:32:00,159,3,11063
12311,2016-02-15,06:39:00,111,2,11064
12312,2016-02-15,06:40:00,211,1,11065
12313,2016-02-15,06:45:00,369,1,2285
12314,2016-02-15,06:51:00,197,2,11066
12315,2016-02-15,06:53:00,89,3,6152
12316,2016-02-15,07:01:00,294,4,11067
12317,2016-02-15,07:02:00,394,1,11068
12318,2016-02-15,07:04:00,411,1,11069
12319,2016-02-15,07:05:00,288,1,11070
12320,2016-02-15,07:06:00,324,1,11071
12321,2016-02-15,07:10:00,113,4,11072
12322,2016-02-15,07:16:00,215,2,11073
12323,2016-02-15,07:16:00,429,3,11074
12324,2016-02-15,07:24:00,202,1,11075
12325,2016-02-15,07:26:00,383,1,11076
12326,2016-02-15,07:37:00,300,2,11077
12327,2016-02-15,07:40:00,341,1,11078
12328,2016-02-15,07:40:00,434,2,11079
12329,2016-02-15,07:44:00,256,2,11080
12330,2016-02-15,07:46:00,82,2,11081
12331,2016-02-15,07:46:00,381,1,11082
12332,2016-02-15,07:50:00,442,2,11083
12333,2016-02-15,07:52:00,197,4,11084
12334,2016-02-15,08:07:00,457,1,11085
12335,2016-02-15,08:07:00,423,4,11086
12336,2016-02-15,08:29:00,450,2,11087
12337,2016-02-15,08:39:00,387,5,11088
12338,2016-02-15,08:43:00,210,1,11089
12339,2016-02-15,08:56:00,429,1,11090
12340,2016-02-15,09:00:00,376,1,11091
12341,2016-02-15,09:04:00,357,1,11092
12342,2016-02-15,09:14:00,233,2,11093
12343,2016-02-15,09:20:00,101,2,11094
12344,2016-02-15,09:21:00,17,2,11095
12345,2016-02-15,09:26:00,383,2,11096
12346,2016-02-15,09:38:00,291,1,11097
12347,2016-02-15,09:39:00,378,1,11098
12348,2016-02-15,09:40:00,142,3,11099
12349,2016-02-15,09:41:00,444,4,11100
12350,2016-02-15,10:05:00,48,1,11101
12351,2016-02-15,10:08:00,48,1,11102
12352,2016-02-15,10:13:00,151,2,11103
12353,2016-02-15,10:13:00,165,1,11104
12354,2016-02-15,10:29:00,161,1,11105
12355,2016-02-15,10:32:00,285,2,11106
12356,2016-02-15,10:33:00,407,1,11107
12357,2016-02-15,11:06:00,74,1,11108
12358,2016-02-15,11:07:00,225,2,11109
12359,2016-02-15,11:08:00,34,4,2132
12360,2016-02-15,11:09:00,154,1,11110
12361,2016-02-15,11:18:00,393,1,11111
12362,2016-02-15,11:31:00,221,2,9734
12363,2016-02-15,11:32:00,165,2,11112
12364,2016-02-15,11:35:00,252,2,11113
12365,2016-02-15,11:42:00,226,3,11114
12366,2016-02-15,11:46:00,102,2,11115
12367,2016-02-15,11:50:00,450,1,11116
12368,2016-02-15,11:53:00,201,2,6300
12369,2016-02-15,11:54:00,338,1,11117
12370,2016-02-15,11:56:00,408,2,11118
12371,2016-02-15,12:00:00,224,3,7150
12372,2016-02-15,12:00:00,231,2,11119
12373,2016-02-15,12:03:00,440,4,11120
12374,2016-02-15,12:03:00,94,1,11121
12375,2016-02-15,12:10:00,330,1,11122
12376,2016-02-15,12:21:00,449,2,1363
12377,2016-02-15,12:29:00,85,2,11123
12378,2016-02-15,12:29:00,451,3,11124
12379,2016-02-15,12:34:00,145,2,11125
12380,2016-02-15,12:35:00,417,3,11126
12381,2016-02-15,12:42:00,29,1,11127
12382,2016-02-15,12:43:00,217,2,11128
12383,2016-02-15,12:47:00,327,2,11129
12384,2016-02-15,12:51:00,219,3,11130
12385,2016-02-15,12:58:00,301,3,11131
12386,2016-02-15,13:01:00,16,4,11132
12387,2016-02-15,13:04:00,230,3,813
12388,2016-02-15,13:08:00,139,5,11133
12389,2016-02-15,13:18:00,45,1,11134
12390,2016-02-15,13:23:00,286,2,11135
12391,2016-02-15,13:24:00,393,2,11136
12392,2016-02-15,13:28:00,329,3,11137
12393,2016-02-15,13:41:00,323,1,11138
12394,2016-02-15,13:42:00,165,3,11139
12395,2016-02-15,13:42:00,259,3,11140
12396,2016-02-15,13:57:00,145,2,11141
12397,2016-02-15,13:57:00,319,3,11142
12398,2016-02-15,14:03:00,137,1,11143
12399,2016-02-15,14:07:00,38,2,11144
12400,2016-02-15,14:07:00,403,3,11145
12401,2016-02-15,14:07:00,266,2,11146
12402,2016-02-15,14:25:00,176,2,11147
12403,2016-02-15,14:26:00,302,2,11148
12404,2016-02-15,14:30:00,168,2,11149
12405,2016-02-15,14:33:00,122,3,11150
12406,2016-02-15,14:37:00,265,1,11151
12407,2016-02-15,14:37:00,397,3,11152
12408,2016-02-15,14:44:00,367,1,11153
12409,2016-02-15,14:46:00,62,3,11154
12410,2016-02-15,14:50:00,284,2,11155
12411,2016-02-15,14:56:00,62,2,11156
12412,2016-02-15,15:08:00,335,2,11157
12413,2016-02-15,15:09:00,353,1,11158
12414,2016-02-15,15:15:00,353,2,11159
12415,2016-02-15,15:30:00,330,3,11160
12416,2016-02-15,15:33:00,114,3,10770
12417,2016-02-15,15:40:00,430,2,11161
12418,2016-02-15,15:48:00,443,1,11162
12419,2016-02-15,16:02:00,108,3,11163
12420,2016-02-15,16:08:00,244,1,11164
12421,2016-02-15,16:11:00,12,2,2369
12422,2016-02-15,16:18:00,328,1,11165
12423,2016-02-15,16:19:00,50,1,134
12424,2016-02-15,16:19:00,192,1,11166
12425,2016-02-15,16:23:00,125,2,11167
12426,2016-02-15,16:29:00,179,1,11168
12427,2016-02-15,16:31:00,420,2,11169
12428,2016-02-15,16:41:00,79,1,11170
12429,2016-02-15,16:44:00,55,2,11171
12430,2016-02-15,17:04:00,216,5,11172
12431,2016-02-15,17:04:00,280,3,8822
12432,2016-02-15,17:07:00,99,2,11173
12433,2016-02-15,17:23:00,305,2,11174
12434,2016-02-15,17:31:00,86,2,11175
12435,2016-02-15,17:39:00,382,1,11176
12436,2016-02-15,17:40:00,107,2,8733
12437,2016-02-15,17:50:00,228,3,11177
12438,2016-02-15,17:50:00,366,3,11178
12439,2016-02-15,17:53:00,362,1,11179
12440,2016-02-15,17:53:00,219,3,11180
12441,2016-02-15,17:58:00,313,2,11181
12442,2016-02-15,17:59:00,6,2,11182
12443,2016-02-15,18:17:00,175,2,11183
12444,2016-02-15,18:18:00,304,1,11184
12445,2016-02-15,18:19:00,392,4,3626
12446,2016-02-15,18:20:00,137,3,11185
12447,2016-02-15,18:31:00,283,3,11186
12448,2016-02-15,18:40:00,430,1,11187
12449,2016-02-15,18:41:00,166,1,9124
12450,2016-02-15,18:50:00,387,1,11188
12451,2016-02-15,18:51:00,145,3,11189
12452,2016-02-15,18:53:00,22,1,11190
12453,2016-02-15,18:54:00,22,4,11191
12454,2016-02-15,18:57:00,17,4,11192
12455,2016-02-15,19:03:00,37,2,11193
12456,2016-02-15,19:10:00,60,2,11194
12457,2016-02-15,19:18:00,116,2,11195
12458,2016-02-15,19:19:00,258,3,4450
12459,2016-02-15,19:20:00,452,3,11196
12460,2016-02-15,19:22:00,389,1,11197
12461,2016-02-15,19:24:00,131,1,11198
12462,2016-02-15,19:32:00,238,2,11199
12463,2016-02-15,19:33:00,23,2,11200
12464,2016-02-15,19:38:00,208,3,6665
12465,2016-02-15,19:43:00,317,2,11201
12466,2016-02-15,19:56:00,143,3,11202
12467,2016-02-15,20:03:00,89,4,11203
12468,2016-02-15,20:06:00,455,1,11204
12469,2016-02-15,20:18:00,281,1,11205
12470,2016-02-15,20:26:00,366,1,11206
12471,2016-02-15,20:29:00,94,2,11207
12472,2016-02-15,20:42:00,324,1,11208
12473,2016-02-15,20:50:00,419,1,11209
12474,2016-02-15,20:53:00,443,2,11210
12475,2016-02-15,20:57:00,276,1,11211
12476,2016-02-15,20:58:00,310,1,11212
12477,2016-02-15,20:59:00,436,2,11213
12478,2016-02-15,21:07:00,319,2,11214
12479,2016-02-15,21:24:00,52,1,11215
12480,2016-02-15,21:25:00,83,1,11216
12481,2016-02-15,21:33:00,175,1,11217
12482,2016-02-15,21:38:00,212,1,11218
12483,2016-02-15,22:03:00,385,2,11219
12484,2016-02-15,22:05:00,455,2,11220
12485,2016-02-15,22:05:00,213,2,11221
12486,2016-02-15,22:07:00,365,1,11222
12487,2016-02-15,22:09:00,362,2,5288
12488,2016-02-15,22:11:00,372,3,11223
12489,2016-02-15,22:15:00,296,1,11224
12490,2016-02-15,22:22:00,25,2,11225
12491,2016-02-15,22:23:00,372,2,11226
12492,2016-02-15,22:24:00,316,1,11227
12493,2016-02-15,22:34:00,151,1,7509
12494,2016-02-15,22:44:00,141,3,11228
12495,2016-02-15,22:47:00,182,2,814
12496,2016-02-15,22:50:00,258,5,11229
12497,2016-02-15,22:55:00,98,1,11230
12498,2016-02-15,22:56:00,68,1,11231
12499,2016-02-15,22:58:00,172,2,11232
12500,2016-02-15,23:08:00,285,2,11233
12501,2016-02-15,23:13:00,338,2,11234
12502,2016-02-15,23:17:00,268,1,11235
12503,2016-02-15,23:24:00,224,2,11236
12504,2016-02-15,23:30:00,213,2,1955
12505,2016-02-15,23:31:00,116,1,11237
12506,2016-02-15,23:35:00,12,2,11238
12507,2016-02-15,23:39:00,246,1,11239
12508,2016-02-15,23:49:00,263,1,11240
12509,2016-02-15,23:53:00,406,1,11241
12510,2016-02-15,23:55:00,205,2,11242
12511,2016-02-16,00:05:00,359,1,11243
12512,2016-02-16,00:07:00,322,2,11244
12513,2016-02-16,00:15:00,149,2,11245
12514,2016-02-16,00:20:00,121,2,11246
12515,2016-02-16,00:20:00,262,2,11247
12516,2016-02-16,00:20:00,140,1,11248
12517,2016-02-16,00:23:00,453,4,11249
12518,2016-02-16,00:31:00,180,5,11250
12519,2016-02-16,00:32:00,10,1,9921
12520,2016-02-16,00:37:00,241,2,11251
12521,2016-02-16,00:46:00,180,3,11252
12522,2016-02-16,00:49:00,344,2,11253
12523,2016-02-16,00:51:00,318,2,11254
12524,2016-02-16,00:57:00,377,2,11255
12525,2016-02-16,01:02:00,154,2,11256
12526,2016-02-16,01:06:00,2,2,11257
12527,2016-02-16,01:09:00,130,3,11258
12528,2016-02-16,01:16:00,178,2,11259
12529,2016-02-16,01:23:00,378,1,11260
12530,2016-02-16,01:28:00,382,1,11261
12531,2016-02-16,01:42:00,218,4,11262
12532,2016-02-16,01:47:00,104,1,11263
12533,2016-02-16,01:47:00,210,3,11264
12534,2016-02-16,01:52:00,68,2,4039
12535,2016-02-16,02:04:00,192,1,9633
12536,2016-02-16,02:08:00,374,2,11265
12537,2016-02-16,02:14:00,252,3,11266
12538,2016-02-16,02:25:00,73,1,11267
12539,2016-02-16,02:25:00,302,3,11268
12540,2016-02-16,02:26:00,341,2,10827
12541,2016-02-16,02:30:00,380,3,11269
12542,2016-02-16,02:41:00,443,1,11270
12543,2016-02-16,03:07:00,378,1,6256
12544,2016-02-16,03:08:00,242,1,11271
12545,2016-02-16,03:10:00,230,3,11272
12546,2016-02-16,03:12:00,448,5,11273
12547,2016-02-16,03:16:00,406,1,11274
12548,2016-02-16,03:19:00,448,3,11275
12549,2016-02-16,03:20:00,409,1,11276
12550,2016-02-16,03:21:00,420,1,11277
12551,2016-02-16,03:23:00,355,1,11278
12552,2016-02-16,03:31:00,92,2,11279
12553,2016-02-16,03:42:00,152,4,11280
12554,2016-02-16,03:49:00,345,1,11281
12555,2016-02-16,03:49:00,163,3,11282
12556,2016-02-16,03:55:00,341,5,11283
12557,2016-02-16,03:56:00,17,1,11284
12558,2016-02-16,03:59:00,362,2,11285
12559,2016-02-16,04:09:00,307,2,11286
12560,2016-02-16,04:12:00,422,1,11287
12561,2016-02-16,04:15:00,420,2,11288
12562,2016-02-16,04:17:00,392,3,11289
12563,2016-02-16,04:21:00,147,4,4779
12564,2016-02-16,04:26:00,141,2,11290
12565,2016-02-16,04:36:00,448,4,11291
12566,2016-02-16,04:38:00,256,5,11292
12567,2016-02-16,04:43:00,421,1,9892
12568,2016-02-16,04:49:00,325,2,11293
12569,2016-02-16,04:53:00,226,1,11294
12570,2016-02-16,04:59:00,249,3,11295
12571,2016-02-16,05:00:00,133,1,11296
12572,2016-02-16,05:04:00,130,1,11297
12573,2016-02-16,05:09:00,302,1,11298
12574,2016-02-16,05:14:00,30,3,4882
12575,2016-02-16,05:35:00,101,1,11299
12576,2016-02-16,05:45:00,174,3,11300
12577,2016-02-16,05:48:00,419,3,11301
12578,2016-02-16,05:50:00,134,2,11302
12579,2016-02-16,06:02:00,301,1,11303
12580,2016-02-16,06:03:00,200,1,11304
12581,2016-02-16,06:04:00,342,2,11305
12582,2016-02-16,06:05:00,331,2,11306
12583,2016-02-16,06:18:00,241,1,11307
12584,2016-02-16,06:19:00,103,1,11308
12585,2016-02-16,06:25:00,148,2,11309
12586,2016-02-16,06:27:00,186,3,11310
12587,2016-02-16,06:29:00,364,1,11311
12588,2016-02-16,06:33:00,50,4,11312
12589,2016-02-16,06:38:00,445,1,11313
12590,2016-02-16,06:45:00,309,2,11314
12591,2016-02-16,06:49:00,222,3,11315
12592,2016-02-16,06:53:00,210,2,11316
12593,2016-02-16,07:08:00,73,2,11317
12594,2016-02-16,07:26:00,223,3,2057
12595,2016-02-16,07:30:00,30,2,11318
12596,2016-02-16,07:39:00,113,2,11319
12597,2016-02-16,07:43:00,18,1,11320
12598,2016-02-16,07:45:00,194,2,11321
12599,2016-02-16,07:56:00,88,1,11322
12600,2016-02-16,08:16:00,359,3,11323
12601,2016-02-16,08:28:00,342,3,11324
12602,2016-02-16,08:33:00,127,2,11325
12603,2016-02-16,08:35:00,67,1,11326
12604,2016-02-16,08:41:00,41,2,11327
12605,2016-02-16,09:28:00,383,2,11328
12606,2016-02-16,09:28:00,162,1,11329
12607,2016-02-16,09:33:00,399,2,11330
12608,2016-02-16,09:36:00,418,1,11331
12609,2016-02-16,09:45:00,436,1,11332
12610,2016-02-16,09:46:00,84,2,11333
12611,2016-02-16,09:48:00,10,2,11334
12612,2016-02-16,09:59:00,57,1,11335
12613,2016-02-16,09:59:00,110,1,11336
12614,2016-02-16,10:04:00,365,1,11337
12615,2016-02-16,10:07:00,213,3,11338
12616,2016-02-16,10:11:00,105,1,11339
12617,2016-02-16,10:12:00,76,2,10671
12618,2016-02-16,10:16:00,61,2,11340
12619,2016-02-16,10:19:00,1,1,11341
12620,2016-02-16,10:21:00,430,3,11342
12621,2016-02-16,10:23:00,70,3,7777
12622,2016-02-16,10:31:00,186,1,11343
12623,2016-02-16,10:36:00,132,1,11344
12624,2016-02-16,10:40:00,396,1,11345
12625,2016-02-16,11:05:00,4,3,11346
12626,2016-02-16,11:12:00,49,2,11347
12627,2016-02-16,11:31:00,42,1,11348
12628,2016-02-16,11:34:00,297,2,11349
12629,2016-02-16,11:41:00,99,1,11350
12630,2016-02-16,11:41:00,396,1,11351
12631,2016-02-16,11:42:00,361,2,11352
12632,2016-02-16,11:44:00,12,1,11353
12633,2016-02-16,11:47:00,346,1,9598
12634,2016-02-16,11:48:00,339,1,11354
12635,2016-02-16,11:49:00,387,4,11355
12636,2016-02-16,11:55:00,98,4,11356
12637,2016-02-16,11:59:00,392,2,5658
12638,2016-02-16,12:07:00,368,2,11357
12639,2016-02-16,12:10:00,235,2,11358
12640,2016-02-16,12:21:00,191,2,11359
12641,2016-02-16,12:22:00,29,1,2602
12642,2016-02-16,12:22:00,437,1,11360
12643,2016-02-16,12:24:00,271,1,11361
12644,2016-02-16,12:25:00,334,2,11362
12645,2016-02-16,12:26:00,140,2,11363
12646,2016-02-16,12:27:00,200,2,11364
12647,2016-02-16,12:37:00,454,3,11365
12648,2016-02-16,12:40:00,345,2,11366
12649,2016-02-16,13:03:00,225,1,11367
12650,2016-02-16,13:05:00,431,2,11368
12651,2016-02-16,13:07:00,4,4,11369
12652,2016-02-16,13:07:00,150,1,11370
12653,2016-02-16,13:08:00,53,1,11371
12654,2016-02-16,13:09:00,208,2,11372
12655,2016-02-16,13:11:00,175,2,9892
12656,2016-02-16,13:27:00,83,2,11373
12657,2016-02-16,13:32:00,345,2,11374
12658,2016-02-16,13:33:00,216,1,11375
12659,2016-02-16,13:38:00,5,3,11376
12660,2016-02-16,13:42:00,27,3,11377
12661,2016-02-16,13:52:00,426,2,6983
12662,2016-02-16,13:52:00,48,2,11378
12663,2016-02-16,13:59:00,445,2,11379
12664,2016-02-16,14:06:00,155,3,11380
12665,2016-02-16,14:24:00,157,1,11381
12666,2016-02-16,14:25:00,309,2,11382
12667,2016-02-16,14:27:00,198,1,11383
12668,2016-02-16,14:30:00,429,3,2457
12669,2016-02-16,14:44:00,180,1,11384
12670,2016-02-16,14:52:00,402,2,10753
12671,2016-02-16,14:56:00,125,3,11385
12672,2016-02-16,14:59:00,6,3,11386
12673,2016-02-16,15:02:00,341,3,8974
12674,2016-02-16,15:07:00,147,5,11387
12675,2016-02-16,15:12:00,246,3,11388
12676,2016-02-16,15:26:00,38,3,11389
12677,2016-02-16,15:46:00,364,1,529
12678,2016-02-16,15:49:00,129,1,11390
12679,2016-02-16,15:51:00,177,1,11391
12680,2016-02-16,15:56:00,137,3,11392
12681,2016-02-16,15:56:00,375,2,11393
12682,2016-02-16,16:01:00,112,1,11394
12683,2016-02-16,16:05:00,59,2,11395
12684,2016-02-16,16:13:00,239,4,11396
12685,2016-02-16,16:13:00,406,2,11397
12686,2016-02-16,16:16:00,445,1,11398
12687,2016-02-16,16:22:00,170,3,11399
12688,2016-02-16,16:25:00,44,1,11400
12689,2016-02-16,16:35:00,313,2,11401
12690,2016-02-16,16:35:00,195,1,11402
12691,2016-02-16,16:39:00,292,3,11403
12692,2016-02-16,16:42:00,290,3,11404
12693,2016-02-16,16:43:00,395,3,11405
12694,2016-02-16,16:45:00,175,4,11406
12695,2016-02-16,16:48:00,367,2,11407
12696,2016-02-16,16:49:00,206,1,11408
12697,2016-02-16,16:49:00,312,3,11409
12698,2016-02-16,16:52:00,195,1,11410
12699,2016-02-16,16:53:00,103,3,6837
12700,2016-02-16,17:23:00,260,3,11411
12701,2016-02-16,17:30:00,219,2,11412
12702,2016-02-16,17:34:00,277,2,11413
12703,2016-02-16,17:42:00,202,2,11414
12704,2016-02-16,17:44:00,74,2,8099
12705,2016-02-16,17:45:00,331,3,11415
12706,2016-02-16,17:45:00,84,2,11416
12707,2016-02-16,17:48:00,183,5,11417
12708,2016-02-16,17:53:00,332,1,11418
12709,2016-02-16,18:00:00,373,2,3080
12710,2016-02-16,18:09:00,70,1,11419
12711,2016-02-16,18:29:00,416,3,812
12712,2016-02-16,18:30:00,298,2,11420
12713,2016-02-16,18:36:00,218,1,11421
12714,2016-02-16,18:39:00,111,3,11422
12715,2016-02-16,18:48:00,101,3,11423
12716,2016-02-16,19:11:00,404,2,4382
12717,2016-02-16,19:20:00,133,2,11424
12718,2016-02-16,19:24:00,318,2,11425
12719,2016-02-16,19:29:00,427,1,4696
12720,2016-02-16,19:36:00,395,1,11426
12721,2016-02-16,19:48:00,358,2,11427
12722,2016-02-16,19:50:00,340,2,11428
12723,2016-02-16,19:57:00,421,2,11429
12724,2016-02-16,20:07:00,139,1,11430
12725,2016-02-16,20:09:00,429,1,11431
12726,2016-02-16,20:09:00,446,1,11432
12727,2016-02-16,20:09:00,418,1,11433
12728,2016-02-16,20:15:00,190,1,11434
12729,2016-02-16,20:19:00,228,3,11435
12730,2016-02-16,20:19:00,49,3,11436
12731,2016-02-16,20:25:00,341,3,11437
12732,2016-02-16,20:25:00,66,1,11438
12733,2016-02-16,20:26:00,436,3,11439
12734,2016-02-16,20:29:00,296,1,8191
12735,2016-02-16,20:35:00,230,2,11440
12736,2016-02-16,20:39:00,34,2,11441
12737,2016-02-16,20:40:00,94,2,11442
12738,2016-02-16,20:43:00,415,1,11443
12739,2016-02-16,20:45:00,312,1,11444
12740,2016-02-16,21:02:00,30,1,3298
12741,2016-02-16,21:03:00,28,2,11445
12742,2016-02-16,21:10:00,373,1,689
12743,2016-02-16,21:13:00,30,2,1175
12744,2016-02-16,21:18:00,130,3,11446
12745,2016-02-16,21:24:00,394,1,11447
12746,2016-02-16,21:27:00,397,2,11448
12747,2016-02-16,21:32:00,36,1,11449
12748,2016-02-16,21:34:00,299,1,11450
12749,2016-02-16,21:44:00,294,2,11451
12750,2016-02-16,21:47:00,283,2,11452
12751,2016-02-16,21:47:00,193,3,11453
12752,2016-02-16,21:47:00,207,2,11454
12753,2016-02-16,21:50:00,458,1,11455
12754,2016-02-16,21:52:00,112,3,11456
12755,2016-02-16,21:55:00,29,2,11457
12756,2016-02-16,22:09:00,169,2,11458
12757,2016-02-16,22:10:00,307,3,11459
12758,2016-02-16,22:14:00,3,2,11460
12759,2016-02-16,22:26:00,140,2,11461
12760,2016-02-16,22:36:00,338,1,8702
12761,2016-02-16,22:38:00,197,1,11462
12762,2016-02-16,22:43:00,330,2,11463
12763,2016-02-16,22:56:00,22,1,11464
12764,2016-02-16,23:24:00,441,2,11465
12765,2016-02-16,23:26:00,93,3,11466
12766,2016-02-16,23:31:00,298,2,11467
12767,2016-02-16,23:32:00,334,2,5490
12768,2016-02-16,23:35:00,10,1,3733
12769,2016-02-16,23:40:00,271,3,11468
12770,2016-02-16,23:44:00,357,2,11469
12771,2016-02-16,23:50:00,363,3,11470
12772,2016-02-16,23:51:00,389,1,11471
12773,2016-02-16,23:55:00,369,2,11472
12774,2016-02-16,23:58:00,131,1,11473
12775,2016-02-16,23:59:00,320,2,11474
12776,2016-02-17,00:06:00,254,3,11475
12777,2016-02-17,00:10:00,290,3,11476
12778,2016-02-17,00:10:00,28,3,11477
12779,2016-02-17,00:12:00,10,1,11478
12780,2016-02-17,00:23:00,448,3,3107
12781,2016-02-17,00:27:00,170,1,8033
12782,2016-02-17,00:37:00,224,4,11479
12783,2016-02-17,00:46:00,54,2,11480
12784,2016-02-17,00:49:00,77,3,11481
12785,2016-02-17,00:50:00,153,4,11482
12786,2016-02-17,00:54:00,124,2,11483
12787,2016-02-17,01:02:00,231,2,11484
12788,2016-02-17,01:07:00,447,3,11485
12789,2016-02-17,01:09:00,199,3,1667
12790,2016-02-17,01:14:00,403,3,11486
12791,2016-02-17,01:26:00,318,3,11487
12792,2016-02-17,01:30:00,228,2,11488
12793,2016-02-17,01:32:00,435,2,11489
12794,2016-02-17,01:50:00,145,1,11490
12795,2016-02-17,01:56:00,268,4,1671
12796,2016-02-17,02:12:00,374,4,11491
12797,2016-02-17,02:31:00,241,2,11492
12798,2016-02-17,02:34:00,154,3,11493
12799,2016-02-17,02:40:00,385,3,9991
12800,2016-02-17,02:43:00,31,1,11494
12801,2016-02-17,02:48:00,140,4,11495
12802,2016-02-17,02:52:00,456,4,11496
12803,2016-02-17,02:59:00,338,2,11497
12804,2016-02-17,03:11:00,66,1,11498
12805,2016-02-17,03:26:00,334,1,11499
12806,2016-02-17,03:34:00,1,1,7324
12807,2016-02-17,03:44:00,116,1,11500
12808,2016-02-17,03:46:00,166,3,11501
12809,2016-02-17,03:52:00,173,3,11502
12810,2016-02-17,03:55:00,233,1,11503
12811,2016-02-17,03:59:00,90,1,11504
12812,2016-02-17,04:01:00,134,2,8090
12813,2016-02-17,04:02:00,117,2,11505
12814,2016-02-17,04:10:00,391,4,11506
12815,2016-02-17,04:10:00,268,3,11507
12816,2016-02-17,04:13:00,16,1,11508
12817,2016-02-17,04:14:00,449,1,11509
12818,2016-02-17,04:23:00,303,1,11510
12819,2016-02-17,04:23:00,226,3,11511
12820,2016-02-17,04:25:00,330,2,11512
12821,2016-02-17,04:26:00,429,2,848
12822,2016-02-17,04:40:00,280,1,11513
12823,2016-02-17,04:54:00,122,5,11514
12824,2016-02-17,05:07:00,400,2,11515
12825,2016-02-17,05:26:00,107,1,11516
12826,2016-02-17,05:28:00,423,3,11517
12827,2016-02-17,05:32:00,234,2,11518
12828,2016-02-17,05:37:00,163,1,11519
12829,2016-02-17,06:10:00,219,3,11520
12830,2016-02-17,06:12:00,233,2,11521
12831,2016-02-17,06:55:00,15,1,11522
12832,2016-02-17,06:56:00,441,1,11523
12833,2016-02-17,06:59:00,424,2,11524
12834,2016-02-17,07:13:00,25,3,11525
12835,2016-02-17,07:17:00,171,2,11526
12836,2016-02-17,07:31:00,63,2,11527
12837,2016-02-17,07:40:00,6,1,11528
12838,2016-02-17,07:45:00,71,2,11529
12839,2016-02-17,07:45:00,326,1,11530
12840,2016-02-17,08:11:00,106,2,11531
12841,2016-02-17,08:20:00,312,3,11532
12842,2016-02-17,08:24:00,442,2,11533
12843,2016-02-17,08:26:00,385,2,6384
12844,2016-02-17,08:29:00,164,2,11534
12845,2016-02-17,08:30:00,10,1,11535
12846,2016-02-17,08:47:00,294,2,11536
12847,2016-02-17,09:05:00,155,3,11537
12848,2016-02-17,09:18:00,254,2,11538
12849,2016-02-17,09:23:00,174,3,11539
12850,2016-02-17,09:26:00,388,1,11540
12851,2016-02-17,09:27:00,102,3,11541
12852,2016-02-17,09:33:00,25,2,11542
12853,2016-02-17,09:43:00,272,1,11543
12854,2016-02-17,09:48:00,255,1,11544
12855,2016-02-17,09:51:00,264,1,11545
12856,2016-02-17,09:55:00,34,4,11546
12857,2016-02-17,09:59:00,359,2,11547
12858,2016-02-17,10:04:00,183,2,11548
12859,2016-02-17,10:05:00,135,2,11549
12860,2016-02-17,10:14:00,193,3,11550
12861,2016-02-17,10:17:00,309,1,11551
12862,2016-02-17,10:19:00,25,2,11552
12863,2016-02-17,10:37:00,33,1,11553
12864,2016-02-17,10:38:00,49,1,11554
12865,2016-02-17,10:58:00,440,3,11555
12866,2016-02-17,11:04:00,292,3,11556
12867,2016-02-17,11:06:00,81,4,11557
12868,2016-02-17,11:09:00,195,2,11558
12869,2016-02-17,11:18:00,162,3,11559
12870,2016-02-17,11:38:00,159,1,3473
12871,2016-02-17,11:45:00,188,5,11560
12872,2016-02-17,11:54:00,101,3,11561
12873,2016-02-17,11:56:00,263,2,11562
12874,2016-02-17,12:11:00,126,1,11563
12875,2016-02-17,12:23:00,345,2,11564
12876,2016-02-17,12:25:00,226,2,11565
12877,2016-02-17,12:27:00,266,2,11566
12878,2016-02-17,12:43:00,70,2,11567
12879,2016-02-17,12:48:00,25,2,11568
12880,2016-02-17,12:51:00,335,2,7399
12881,2016-02-17,12:53:00,22,3,11569
12882,2016-02-17,12:54:00,253,1,11570
12883,2016-02-17,12:57:00,78,1,11571
12884,2016-02-17,13:10:00,424,1,11572
12885,2016-02-17,13:14:00,280,2,11573
12886,2016-02-17,13:15:00,391,1,11574
12887,2016-02-17,13:17:00,365,2,11575
12888,2016-02-17,13:25:00,451,3,11576
12889,2016-02-17,13:32:00,137,2,11577
12890,2016-02-17,13:36:00,369,1,9484
12891,2016-02-17,13:46:00,141,2,11578
12892,2016-02-17,14:02:00,368,2,11579
12893,2016-02-17,14:14:00,418,2,11580
12894,2016-02-17,14:15:00,131,4,11581
12895,2016-02-17,14:18:00,142,1,11582
12896,2016-02-17,14:18:00,92,1,11583
12897,2016-02-17,14:19:00,238,1,11584
12898,2016-02-17,14:32:00,450,1,8584
12899,2016-02-17,14:34:00,3,1,11585
12900,2016-02-17,14:38:00,200,2,11586
12901,2016-02-17,15:10:00,379,2,11587
12902,2016-02-17,15:24:00,111,3,11588
12903,2016-02-17,15:26:00,448,1,11589
12904,2016-02-17,15:28:00,97,2,11590
12905,2016-02-17,15:28:00,444,2,11591
12906,2016-02-17,15:32:00,268,2,11592
12907,2016-02-17,15:35:00,312,2,2638
12908,2016-02-17,15:36:00,220,4,11593
12909,2016-02-17,15:36:00,187,1,11594
12910,2016-02-17,15:51:00,89,2,11595
12911,2016-02-17,16:05:00,217,3,11596
12912,2016-02-17,16:05:00,135,1,11597
12913,2016-02-17,16:11:00,367,1,11598
12914,2016-02-17,16:20:00,135,1,6091
12915,2016-02-17,16:27:00,302,3,11599
12916,2016-02-17,16:41:00,21,3,11600
12917,2016-02-17,16:42:00,430,2,11601
12918,2016-02-17,16:48:00,249,1,11602
12919,2016-02-17,16:52:00,270,1,11603
12920,2016-02-17,16:58:00,85,3,11604
12921,2016-02-17,16:59:00,339,3,11605
12922,2016-02-17,17:06:00,13,1,11606
12923,2016-02-17,17:07:00,345,3,4706
12924,2016-02-17,17:19:00,115,2,11607
12925,2016-02-17,17:40:00,443,2,11608
12926,2016-02-17,17:41:00,132,2,11609
12927,2016-02-17,18:05:00,316,2,10942
12928,2016-02-17,18:06:00,369,1,11610
12929,2016-02-17,18:14:00,243,5,11611
12930,2016-02-17,18:21:00,343,2,11612
12931,2016-02-17,18:22:00,239,2,11613
12932,2016-02-17,18:26:00,68,2,11614
12933,2016-02-17,18:28:00,397,2,11615
12934,2016-02-17,18:33:00,209,1,11616
12935,2016-02-17,18:38:00,84,1,11617
12936,2016-02-17,18:53:00,440,3,11618
12937,2016-02-17,18:54:00,222,3,11619
12938,2016-02-17,19:04:00,331,1,11620
12939,2016-02-17,19:13:00,144,1,11621
12940,2016-02-17,19:14:00,118,2,11622
12941,2016-02-17,19:15:00,55,2,1018
12942,2016-02-17,19:24:00,188,2,11623
12943,2016-02-17,19:26:00,295,1,11624
12944,2016-02-17,19:30:00,149,1,11625
12945,2016-02-17,19:43:00,386,1,11626
12946,2016-02-17,19:47:00,128,2,11627
12947,2016-02-17,19:47:00,299,2,11628
12948,2016-02-17,19:47:00,263,1,11629
12949,2016-02-17,19:48:00,141,1,11630
12950,2016-02-17,19:48:00,297,2,11631
12951,2016-02-17,19:50:00,412,2,11632
12952,2016-02-17,19:50:00,242,2,11633
12953,2016-02-17,19:57:00,312,2,11634
12954,2016-02-17,20:25:00,41,1,2500
12955,2016-02-17,20:35:00,229,1,11635
12956,2016-02-17,20:45:00,403,1,11636
12957,2016-02-17,20:47:00,346,3,11637
12958,2016-02-17,20:47:00,329,1,2272
12959,2016-02-17,20:48:00,42,2,11638
12960,2016-02-17,20:50:00,317,1,11639
12961,2016-02-17,21:01:00,387,3,11640
12962,2016-02-17,21:03:00,52,1,11641
12963,2016-02-17,21:05:00,348,3,11642
12964,2016-02-17,21:11:00,95,1,11643
12965,2016-02-17,21:11:00,188,2,11644
12966,2016-02-17,21:27:00,406,1,11645
12967,2016-02-17,21:27:00,255,2,11646
12968,2016-02-17,21:36:00,279,3,11647
12969,2016-02-17,21:40:00,325,1,11648
12970,2016-02-17,21:42:00,58,1,11330
12971,2016-02-17,21:44:00,137,2,11649
12972,2016-02-17,21:45:00,269,3,11650
12973,2016-02-17,21:53:00,183,2,11651
12974,2016-02-17,21:53:00,111,2,11652
12975,2016-02-17,21:54:00,20,5,11653
12976,2016-02-17,22:02:00,60,2,11654
12977,2016-02-17,22:03:00,207,1,11655
12978,2016-02-17,22:18:00,68,2,11656
12979,2016-02-17,22:22:00,151,3,7965
12980,2016-02-17,22:31:00,147,2,11657
12981,2016-02-17,22:35:00,96,3,11658
12982,2016-02-17,22:40:00,96,1,11659
12983,2016-02-17,22:45:00,377,2,11660
12984,2016-02-17,22:49:00,241,3,11661
12985,2016-02-17,22:59:00,116,4,11662
12986,2016-02-17,23:01:00,168,1,3522
12987,2016-02-17,23:07:00,417,1,11663
12988,2016-02-17,23:12:00,35,1,11664
12989,2016-02-17,23:13:00,395,3,11665
12990,2016-02-17,23:14:00,242,2,11666
12991,2016-02-17,23:18:00,235,2,11667
12992,2016-02-17,23:19:00,370,2,11668
12993,2016-02-17,23:19:00,106,2,11669
12994,2016-02-17,23:22:00,352,1,11670
12995,2016-02-17,23:25:00,447,2,11671
12996,2016-02-17,23:29:00,76,2,11672
12997,2016-02-17,23:35:00,356,3,11673
12998,2016-02-17,23:38:00,388,3,11674
12999,2016-02-17,23:43:00,15,2,11675
13000,2016-02-17,23:50:00,441,3,11676
13001,2016-02-17,23:52:00,287,3,11677
13002,2016-02-17,23:59:00,153,1,11678
13003,2016-02-18,00:03:00,415,1,346
13004,2016-02-18,00:08:00,367,3,11679
13005,2016-02-18,00:27:00,33,1,11680
13006,2016-02-18,00:30:00,3,1,11681
13007,2016-02-18,00:31:00,451,1,11682
13008,2016-02-18,00:35:00,352,2,11683
13009,2016-02-18,00:35:00,331,1,11684
13010,2016-02-18,00:41:00,193,4,11685
13011,2016-02-18,00:49:00,63,2,11686
13012,2016-02-18,00:50:00,136,3,11687
13013,2016-02-18,00:57:00,416,3,11688
13014,2016-02-18,01:04:00,345,1,11689
13015,2016-02-18,01:08:00,111,3,11690
13016,2016-02-18,01:10:00,451,2,11691
13017,2016-02-18,01:14:00,424,3,11692
13018,2016-02-18,01:15:00,57,2,11693
13019,2016-02-18,01:23:00,123,1,11694
13020,2016-02-18,01:29:00,114,1,11695
13021,2016-02-18,01:31:00,454,1,11696
13022,2016-02-18,01:34:00,383,1,6673
13023,2016-02-18,01:34:00,391,1,11697
13024,2016-02-18,01:37:00,26,1,11698
13025,2016-02-18,01:38:00,432,2,11699
13026,2016-02-18,01:39:00,370,2,11700
13027,2016-02-18,01:44:00,134,2,11701
13028,2016-02-18,01:53:00,244,1,11702
13029,2016-02-18,02:02:00,297,1,3070
13030,2016-02-18,02:04:00,82,3,11703
13031,2016-02-18,02:05:00,69,2,11704
13032,2016-02-18,02:07:00,454,2,11705
13033,2016-02-18,02:25:00,101,1,8218
13034,2016-02-18,02:28:00,410,2,11706
13035,2016-02-18,02:29:00,378,3,352
13036,2016-02-18,02:35:00,456,3,11707
13037,2016-02-18,02:36:00,456,3,11708
13038,2016-02-18,02:37:00,125,1,11709
13039,2016-02-18,02:44:00,151,3,11710
13040,2016-02-18,02:55:00,363,2,11711
13041,2016-02-18,03:18:00,159,1,11712
13042,2016-02-18,03:23:00,9,1,11713
13043,2016-02-18,03:23:00,109,1,11714
13044,2016-02-18,03:34:00,22,2,11715
13045,2016-02-18,03:35:00,48,1,11716
13046,2016-02-18,03:36:00,26,3,11717
13047,2016-02-18,03:42:00,128,1,11718
13048,2016-02-18,03:44:00,343,1,11719
13049,2016-02-18,03:49:00,402,2,11720
13050,2016-02-18,03:55:00,273,3,11721
13051,2016-02-18,03:57:00,176,1,11722
13052,2016-02-18,03:59:00,73,2,11723
13053,2016-02-18,04:02:00,188,1,11724
13054,2016-02-18,04:24:00,135,3,11725
13055,2016-02-18,04:29:00,340,1,11726
13056,2016-02-18,04:30:00,6,1,11727
13057,2016-02-18,04:42:00,246,4,11728
13058,2016-02-18,04:43:00,457,5,11729
13059,2016-02-18,04:44:00,153,2,11730
13060,2016-02-18,04:44:00,260,2,11731
13061,2016-02-18,04:56:00,128,1,11732
13062,2016-02-18,04:56:00,164,1,11733
13063,2016-02-18,04:57:00,62,2,11734
13064,2016-02-18,05:02:00,97,1,11735
13065,2016-02-18,05:09:00,280,3,11736
13066,2016-02-18,05:30:00,218,1,11737
13067,2016-02-18,05:34:00,218,4,11738
13068,2016-02-18,05:35:00,264,2,11739
13069,2016-02-18,05:39:00,378,2,11740
13070,2016-02-18,05:41:00,175,1,11741
13071,2016-02-18,05:47:00,326,1,11742
13072,2016-02-18,06:06:00,345,2,11743
13073,2016-02-18,06:18:00,283,2,11744
13074,2016-02-18,06:31:00,268,3,11745
13075,2016-02-18,06:34:00,58,2,11746
13076,2016-02-18,06:39:00,1,1,11747
13077,2016-02-18,06:43:00,144,1,11748
13078,2016-02-18,06:44:00,134,1,11749
13079,2016-02-18,06:44:00,318,3,11750
13080,2016-02-18,06:51:00,418,1,11751
13081,2016-02-18,06:55:00,179,1,11752
13082,2016-02-18,06:57:00,115,3,11753
13083,2016-02-18,07:14:00,16,1,11754
13084,2016-02-18,07:17:00,433,1,11755
13085,2016-02-18,07:28:00,312,3,11756
13086,2016-02-18,07:28:00,216,1,11757
13087,2016-02-18,07:31:00,305,2,11758
13088,2016-02-18,07:35:00,425,1,11759
13089,2016-02-18,07:37:00,249,4,11760
13090,2016-02-18,07:40:00,39,1,11761
13091,2016-02-18,07:42:00,186,1,11762
13092,2016-02-18,07:49:00,271,2,7932
13093,2016-02-18,07:50:00,279,2,11763
13094,2016-02-18,07:52:00,227,4,11764
13095,2016-02-18,07:55:00,314,2,11765
13096,2016-02-18,08:03:00,198,1,11766
13097,2016-02-18,08:04:00,302,2,11767
13098,2016-02-18,08:17:00,166,1,11768
13099,2016-02-18,08:30:00,241,1,11769
13100,2016-02-18,08:52:00,336,1,11770
13101,2016-02-18,08:55:00,316,3,11771
13102,2016-02-18,08:59:00,43,2,11772
13103,2016-02-18,09:04:00,431,3,11773
13104,2016-02-18,09:05:00,299,4,11774
13105,2016-02-18,09:17:00,195,3,11775
13106,2016-02-18,09:27:00,384,3,11776
13107,2016-02-18,09:32:00,374,2,11777
13108,2016-02-18,09:38:00,420,4,11778
13109,2016-02-18,09:41:00,37,2,11779
13110,2016-02-18,09:43:00,144,2,11780
13111,2016-02-18,10:11:00,125,2,11781
13112,2016-02-18,10:15:00,216,1,11782
13113,2016-02-18,10:18:00,298,1,11783
13114,2016-02-18,10:19:00,191,2,11784
13115,2016-02-18,10:21:00,395,2,11785
13116,2016-02-18,10:30:00,357,2,11786
13117,2016-02-18,10:33:00,335,2,11787
13118,2016-02-18,10:38:00,89,2,11788
13119,2016-02-18,10:40:00,32,2,11789
13120,2016-02-18,10:45:00,358,5,11790
13121,2016-02-18,10:46:00,327,1,11791
13122,2016-02-18,11:07:00,240,3,11792
13123,2016-02-18,11:09:00,381,2,11793
13124,2016-02-18,11:09:00,39,4,7260
13125,2016-02-18,11:18:00,266,1,6125
13126,2016-02-18,11:20:00,286,3,11794
13127,2016-02-18,11:24:00,268,2,11795
13128,2016-02-18,11:28:00,219,3,11796
13129,2016-02-18,11:56:00,312,3,11797
13130,2016-02-18,12:05:00,115,2,11798
13131,2016-02-18,12:07:00,37,2,11799
13132,2016-02-18,12:11:00,177,1,11800
13133,2016-02-18,12:23:00,11,2,4542
13134,2016-02-18,12:27:00,25,1,5688
13135,2016-02-18,12:27:00,15,3,11801
13136,2016-02-18,12:36:00,36,3,11802
13137,2016-02-18,12:37:00,61,2,11803
13138,2016-02-18,12:47:00,382,1,11804
13139,2016-02-18,12:51:00,416,4,11805
13140,2016-02-18,12:56:00,58,2,11806
13141,2016-02-18,13:00:00,174,3,11807
13142,2016-02-18,13:05:00,156,2,11808
13143,2016-02-18,13:09:00,191,2,11809
13144,2016-02-18,13:33:00,420,2,11810
13145,2016-02-18,13:36:00,343,1,11811
13146,2016-02-18,13:45:00,51,2,11812
13147,2016-02-18,13:56:00,251,2,11813
13148,2016-02-18,14:07:00,450,1,11814
13149,2016-02-18,14:15:00,239,1,11815
13150,2016-02-18,14:17:00,11,2,11816
13151,2016-02-18,14:18:00,154,2,11817
13152,2016-02-18,14:20:00,184,3,11818
13153,2016-02-18,14:24:00,4,2,11819
13154,2016-02-18,14:37:00,401,2,11820
13155,2016-02-18,14:44:00,409,4,11821
13156,2016-02-18,15:12:00,134,3,11822
13157,2016-02-18,15:12:00,367,1,11823
13158,2016-02-18,15:13:00,99,4,11824
13159,2016-02-18,15:13:00,246,2,11825
13160,2016-02-18,15:14:00,337,3,11826
13161,2016-02-18,15:32:00,358,1,11827
13162,2016-02-18,15:35:00,66,2,11828
13163,2016-02-18,15:36:00,264,1,11829
13164,2016-02-18,15:36:00,371,4,11830
13165,2016-02-18,15:41:00,59,1,11831
13166,2016-02-18,15:44:00,51,4,11832
13167,2016-02-18,15:46:00,363,2,11833
13168,2016-02-18,16:02:00,21,1,11834
13169,2016-02-18,16:06:00,4,3,11835
13170,2016-02-18,16:06:00,313,2,11836
13171,2016-02-18,16:28:00,348,3,11837
13172,2016-02-18,16:31:00,48,1,7041
13173,2016-02-18,16:35:00,6,2,11838
13174,2016-02-18,16:40:00,243,3,11839
13175,2016-02-18,16:40:00,109,1,11840
13176,2016-02-18,16:41:00,251,2,11841
13177,2016-02-18,16:50:00,393,2,11842
13178,2016-02-18,16:51:00,227,2,8545
13179,2016-02-18,16:52:00,159,2,11843
13180,2016-02-18,16:58:00,286,2,11844
13181,2016-02-18,17:11:00,138,2,9769
13182,2016-02-18,17:22:00,91,2,11845
13183,2016-02-18,17:28:00,166,1,11846
13184,2016-02-18,17:32:00,222,3,11847
13185,2016-02-18,17:36:00,123,1,8546
13186,2016-02-18,17:44:00,359,1,11848
13187,2016-02-18,17:47:00,149,2,11849
13188,2016-02-18,17:56:00,308,1,11850
13189,2016-02-18,17:58:00,111,2,11851
13190,2016-02-18,17:59:00,250,4,1627
13191,2016-02-18,18:01:00,4,4,11852
13192,2016-02-18,18:15:00,222,2,11853
13193,2016-02-18,18:26:00,401,1,11854
13194,2016-02-18,18:34:00,116,1,11855
13195,2016-02-18,18:35:00,111,2,11856
13196,2016-02-18,18:54:00,98,1,11857
13197,2016-02-18,18:55:00,206,1,11858
13198,2016-02-18,19:00:00,80,2,11859
13199,2016-02-18,19:10:00,448,1,11860
13200,2016-02-18,19:14:00,68,1,9629
13201,2016-02-18,19:19:00,346,5,11861
13202,2016-02-18,19:30:00,176,2,11862
13203,2016-02-18,19:33:00,382,1,11863
13204,2016-02-18,19:41:00,452,1,11864
13205,2016-02-18,19:47:00,166,2,11865
13206,2016-02-18,19:48:00,309,1,11866
13207,2016-02-18,19:52:00,313,1,11867
13208,2016-02-18,20:12:00,320,1,11868
13209,2016-02-18,20:12:00,395,3,11869
13210,2016-02-18,20:18:00,226,2,11870
13211,2016-02-18,20:32:00,370,2,11871
13212,2016-02-18,20:35:00,6,1,11872
13213,2016-02-18,20:42:00,7,1,11873
13214,2016-02-18,20:49:00,295,1,11874
13215,2016-02-18,20:50:00,379,2,11875
13216,2016-02-18,20:50:00,54,1,11876
13217,2016-02-18,20:51:00,211,3,8295
13218,2016-02-18,20:58:00,108,3,859
13219,2016-02-18,21:04:00,254,2,11877
13220,2016-02-18,21:04:00,309,3,11878
13221,2016-02-18,21:15:00,229,1,11879
13222,2016-02-18,21:21:00,401,2,11880
13223,2016-02-18,21:23:00,386,3,11881
13224,2016-02-18,21:23:00,295,2,4712
13225,2016-02-18,21:24:00,399,1,11882
13226,2016-02-18,21:24:00,81,2,11883
13227,2016-02-18,21:29:00,68,3,11884
13228,2016-02-18,21:42:00,143,1,11885
13229,2016-02-18,21:43:00,15,2,11886
13230,2016-02-18,21:47:00,58,3,11887
13231,2016-02-18,21:54:00,153,1,11888
13232,2016-02-18,21:54:00,89,2,11889
13233,2016-02-18,22:05:00,26,3,11890
13234,2016-02-18,22:15:00,353,2,11891
13235,2016-02-18,22:19:00,134,1,11892
13236,2016-02-18,22:21:00,268,2,11893
13237,2016-02-18,22:23:00,97,1,11894
13238,2016-02-18,22:32:00,310,1,11895
13239,2016-02-18,22:32:00,331,1,11896
13240,2016-02-18,22:41:00,130,2,11897
13241,2016-02-18,22:44:00,440,2,11898
13242,2016-02-18,22:47:00,90,1,11899
13243,2016-02-18,23:10:00,412,2,11900
13244,2016-02-18,23:14:00,286,5,11901
13245,2016-02-18,23:20:00,303,2,11902
13246,2016-02-18,23:22:00,205,1,11903
13247,2016-02-18,23:26:00,181,2,52
13248,2016-02-19,00:00:00,319,1,2591
13249,2016-02-19,00:06:00,259,1,11904
13250,2016-02-19,00:12:00,239,1,721
13251,2016-02-19,00:19:00,157,1,11905
13252,2016-02-19,00:35:00,85,2,11198
13253,2016-02-19,00:36:00,139,4,11906
13254,2016-02-19,00:38:00,67,2,11907
13255,2016-02-19,00:43:00,403,1,11908
13256,2016-02-19,00:46:00,12,2,11909
13257,2016-02-19,00:47:00,400,1,11910
13258,2016-02-19,00:59:00,375,2,11911
13259,2016-02-19,01:03:00,58,3,11912
13260,2016-02-19,01:05:00,448,3,11913
13261,2016-02-19,01:09:00,140,2,11914
13262,2016-02-19,01:12:00,15,2,11915
13263,2016-02-19,01:12:00,280,2,11916
13264,2016-02-19,01:18:00,205,4,1135
13265,2016-02-19,01:20:00,355,1,11917
13266,2016-02-19,01:32:00,444,1,11918
13267,2016-02-19,01:45:00,283,2,11919
13268,2016-02-19,01:48:00,107,3,11920
13269,2016-02-19,01:54:00,261,2,11921
13270,2016-02-19,01:55:00,250,7,11922
13271,2016-02-19,01:56:00,222,1,11923
13272,2016-02-19,02:03:00,145,3,11924
13273,2016-02-19,02:04:00,445,4,3787
13274,2016-02-19,02:04:00,86,2,11925
13275,2016-02-19,02:07:00,55,1,11926
13276,2016-02-19,02:08:00,230,2,11927
13277,2016-02-19,02:18:00,295,1,11928
13278,2016-02-19,02:19:00,303,2,11929
13279,2016-02-19,02:21:00,3,2,11930
13280,2016-02-19,02:21:00,81,2,11931
13281,2016-02-19,02:30:00,23,2,11932
13282,2016-02-19,02:37:00,399,2,11933
13283,2016-02-19,02:38:00,54,1,11934
13284,2016-02-19,02:50:00,376,1,10584
13285,2016-02-19,02:58:00,364,1,11935
13286,2016-02-19,03:03:00,426,5,7809
13287,2016-02-19,03:10:00,386,4,11936
13288,2016-02-19,03:11:00,183,1,11937
13289,2016-02-19,03:16:00,213,2,7495
13290,2016-02-19,03:18:00,27,2,11938
13291,2016-02-19,03:20:00,326,3,11939
13292,2016-02-19,03:30:00,296,2,11940
13293,2016-02-19,03:34:00,341,4,11941
13294,2016-02-19,03:34:00,211,3,11942
13295,2016-02-19,03:37:00,454,1,8301
13296,2016-02-19,03:44:00,23,3,11943
13297,2016-02-19,03:46:00,236,1,11944
13298,2016-02-19,03:59:00,283,2,11945
13299,2016-02-19,04:06:00,388,3,11946
13300,2016-02-19,04:08:00,126,1,11947
13301,2016-02-19,04:10:00,433,2,11948
13302,2016-02-19,04:12:00,98,1,657
13303,2016-02-19,04:14:00,385,2,11949
13304,2016-02-19,04:47:00,249,1,7051
13305,2016-02-19,05:00:00,152,1,11950
13306,2016-02-19,05:05:00,379,1,11951
13307,2016-02-19,05:15:00,89,2,11952
13308,2016-02-19,05:55:00,88,1,11953
13309,2016-02-19,06:01:00,357,1,11954
13310,2016-02-19,06:02:00,448,6,11955
13311,2016-02-19,06:09:00,206,1,11956
13312,2016-02-19,06:18:00,256,2,11957
13313,2016-02-19,06:18:00,296,3,11958
13314,2016-02-19,06:20:00,37,2,11959
13315,2016-02-19,06:22:00,66,1,11960
13316,2016-02-19,06:22:00,330,5,11961
13317,2016-02-19,06:24:00,312,4,11962
13318,2016-02-19,06:27:00,78,1,11963
13319,2016-02-19,06:29:00,306,1,11964
13320,2016-02-19,06:29:00,154,1,11965
13321,2016-02-19,06:30:00,428,2,11966
13322,2016-02-19,06:31:00,167,2,11967
13323,2016-02-19,06:31:00,159,2,11968
13324,2016-02-19,06:32:00,247,1,11969
13325,2016-02-19,06:37:00,37,4,11970
13326,2016-02-19,06:41:00,65,2,11971
13327,2016-02-19,06:44:00,393,2,11972
13328,2016-02-19,06:50:00,185,3,11973
13329,2016-02-19,07:04:00,76,3,5545
13330,2016-02-19,07:10:00,139,3,11974
13331,2016-02-19,07:11:00,205,3,11975
13332,2016-02-19,07:12:00,56,4,11976
13333,2016-02-19,07:15:00,423,1,11977
13334,2016-02-19,07:15:00,369,7,11978
13335,2016-02-19,07:17:00,68,3,11979
13336,2016-02-19,07:20:00,386,2,11980
13337,2016-02-19,07:22:00,415,3,11981
13338,2016-02-19,07:26:00,364,1,11982
13339,2016-02-19,07:28:00,371,2,11983
13340,2016-02-19,07:36:00,74,4,11984
13341,2016-02-19,07:51:00,323,2,11985
13342,2016-02-19,07:54:00,72,3,11986
13343,2016-02-19,07:55:00,145,2,11987
13344,2016-02-19,08:02:00,163,1,11988
13345,2016-02-19,08:07:00,309,3,11989
13346,2016-02-19,08:11:00,61,2,11990
13347,2016-02-19,08:17:00,439,3,11991
13348,2016-02-19,08:20:00,5,2,11992
13349,2016-02-19,08:21:00,96,1,11993
13350,2016-02-19,08:27:00,131,1,11994
13351,2016-02-19,08:30:00,327,2,11995
13352,2016-02-19,08:31:00,292,2,11996
13353,2016-02-19,08:32:00,329,1,11997
13354,2016-02-19,08:39:00,105,3,11998
13355,2016-02-19,08:45:00,163,1,11999
13356,2016-02-19,08:50:00,257,2,2933
13357,2016-02-19,09:01:00,56,4,12000
13358,2016-02-19,09:07:00,419,2,12001
13359,2016-02-19,09:08:00,194,1,9317
13360,2016-02-19,09:15:00,352,3,8714
13361,2016-02-19,09:16:00,428,4,6706
13362,2016-02-19,09:22:00,249,2,1882
13363,2016-02-19,09:25:00,381,2,596
13364,2016-02-19,09:30:00,347,1,1721
13365,2016-02-19,09:38:00,131,1,10878
13366,2016-02-19,09:39:00,284,1,2860
13367,2016-02-19,09:39:00,102,2,11848
13368,2016-02-19,09:39:00,237,3,3586
13369,2016-02-19,09:48:00,241,2,3475
13370,2016-02-19,09:57:00,365,3,9709
13371,2016-02-19,09:59:00,287,1,910
13372,2016-02-19,10:01:00,207,1,10889
13373,2016-02-19,10:12:00,353,2,3587
13374,2016-02-19,10:17:00,447,3,1809
13375,2016-02-19,10:36:00,43,1,2974
13376,2016-02-19,10:37:00,207,2,6210
13377,2016-02-19,10:41:00,335,1,30
13378,2016-02-19,10:47:00,148,1,11030
13379,2016-02-19,10:51:00,30,1,3724
13380,2016-02-19,10:59:00,189,1,9701
13381,2016-02-19,11:02:00,115,2,11329
13382,2016-02-19,11:04:00,47,1,2005
13383,2016-02-19,11:05:00,269,1,4086
13384,2016-02-19,11:12:00,34,3,3720
13385,2016-02-19,11:15:00,384,3,7044
13386,2016-02-19,11:19:00,26,4,8244
13387,2016-02-19,11:26:00,441,4,10707
13388,2016-02-19,11:38:00,377,1,6152
13389,2016-02-19,11:46:00,199,3,4195
13390,2016-02-19,11:47:00,104,3,9050
13391,2016-02-19,11:48:00,234,1,10847
13392,2016-02-19,12:00:00,385,1,1731
13393,2016-02-19,12:00:00,41,1,6728
13394,2016-02-19,12:19:00,47,2,5316
13395,2016-02-19,12:23:00,271,1,9760
13396,2016-02-19,12:24:00,419,1,8698
13397,2016-02-19,13:00:00,187,2,9501
13398,2016-02-19,13:03:00,379,1,9684
13399,2016-02-19,13:05:00,71,2,3997
13400,2016-02-19,13:08:00,424,3,10966
13401,2016-02-19,13:19:00,32,1,8942
13402,2016-02-19,13:25:00,333,2,1076
13403,2016-02-19,13:38:00,96,1,6971
13404,2016-02-19,13:40:00,20,3,4382
13405,2016-02-19,13:46:00,370,2,9113
13406,2016-02-19,13:50:00,201,1,1414
13407,2016-02-19,13:53:00,59,1,2693
13408,2016-02-19,13:53:00,219,1,5883
13409,2016-02-19,13:54:00,245,2,11022
13410,2016-02-19,13:54:00,152,1,2954
13411,2016-02-19,14:19:00,119,1,368
13412,2016-02-19,14:21:00,190,1,3651
13413,2016-02-19,14:27:00,402,2,2414
13414,2016-02-19,14:35:00,180,1,3492
13415,2016-02-19,14:36:00,173,1,11940
13416,2016-02-19,14:39:00,19,4,5198
13417,2016-02-19,14:55:00,456,1,9925
13418,2016-02-19,15:05:00,337,1,11010
13419,2016-02-19,15:15:00,152,3,9184
13420,2016-02-19,15:17:00,448,1,327
13421,2016-02-19,15:25:00,257,4,11380
13422,2016-02-19,15:26:00,111,2,10362
13423,2016-02-19,15:26:00,238,2,254
13424,2016-02-19,15:31:00,235,2,8435
13425,2016-02-19,15:31:00,379,2,10037
13426,2016-02-19,15:32:00,395,1,9453
13427,2016-02-19,15:37:00,242,3,2036
13428,2016-02-19,15:40:00,245,2,5355
13429,2016-02-19,15:40:00,81,3,5743
13430,2016-02-19,15:47:00,445,3,3425
13431,2016-02-19,15:50:00,127,3,3434
13432,2016-02-19,15:54:00,35,2,8867
13433,2016-02-19,15:56:00,61,1,8885
13434,2016-02-19,16:07:00,369,3,10810
13435,2016-02-19,16:14:00,106,1,29
13436,2016-02-19,16:15:00,239,2,10068
13437,2016-02-19,16:30:00,225,1,1239
13438,2016-02-19,16:32:00,109,2,9058
13439,2016-02-19,16:43:00,229,1,7556
13440,2016-02-19,16:45:00,401,1,10446
13441,2016-02-19,16:57:00,358,1,8897
13442,2016-02-19,17:00:00,110,5,8718
13443,2016-02-19,17:02:00,123,1,1714
13444,2016-02-19,17:11:00,25,3,3114
13445,2016-02-19,17:16:00,301,1,2184
13446,2016-02-19,17:16:00,418,5,3177
13447,2016-02-19,17:22:00,367,1,9529
13448,2016-02-19,17:33:00,164,2,4268
13449,2016-02-19,17:44:00,390,2,906
13450,2016-02-19,17:56:00,271,2,7424
13451,2016-02-19,18:08:00,180,1,11991
13452,2016-02-19,18:13:00,223,1,7980
13453,2016-02-19,18:15:00,148,2,1401
13454,2016-02-19,18:19:00,349,2,11400
13455,2016-02-19,18:26:00,109,2,6950
13456,2016-02-19,18:33:00,266,4,932
13457,2016-02-19,18:34:00,250,2,6393
13458,2016-02-19,18:34:00,426,1,7198
13459,2016-02-19,18:36:00,220,1,6184
13460,2016-02-19,18:42:00,232,2,2872
13461,2016-02-19,18:47:00,163,1,10177
13462,2016-02-19,18:48:00,139,2,3021
13463,2016-02-19,18:51:00,250,2,8561
13464,2016-02-19,18:57:00,25,1,4703
13465,2016-02-19,19:01:00,216,3,5173
13466,2016-02-19,19:19:00,400,2,4199
13467,2016-02-19,19:27:00,439,2,9902
13468,2016-02-19,19:29:00,451,1,4332
13469,2016-02-19,19:31:00,149,3,8583
13470,2016-02-19,19:33:00,127,1,5481
13471,2016-02-19,19:33:00,85,2,8440
13472,2016-02-19,19:57:00,379,1,707
13473,2016-02-19,20:01:00,2,1,11815
13474,2016-02-19,20:06:00,336,1,1422
13475,2016-02-19,20:21:00,389,1,2251
13476,2016-02-19,20:29:00,51,4,5000
13477,2016-02-19,20:37:00,153,1,3156
13478,2016-02-19,20:38:00,267,1,9551
13479,2016-02-19,20:46:00,376,5,5204
13480,2016-02-19,20:51:00,7,2,886
13481,2016-02-19,21:13:00,122,1,5567
13482,2016-02-19,21:23:00,340,2,6002
13483,2016-02-19,21:26:00,126,2,1798
13484,2016-02-19,21:33:00,32,1,8702
13485,2016-02-19,21:41:00,199,1,11290
13486,2016-02-19,22:01:00,199,5,10700
13487,2016-02-19,22:07:00,293,1,3598
13488,2016-02-19,22:08:00,152,2,9535
13489,2016-02-19,22:23:00,74,1,584
13490,2016-02-19,22:23:00,210,1,9608
13491,2016-02-19,22:25:00,156,1,5299
13492,2016-02-19,22:25:00,86,1,4604
13493,2016-02-19,22:26:00,165,2,2855
13494,2016-02-19,22:27:00,16,2,2752
13495,2016-02-19,22:30:00,432,2,7439
13496,2016-02-19,22:40:00,66,4,3328
13497,2016-02-19,22:54:00,359,2,3143
13498,2016-02-19,22:57:00,200,3,678
13499,2016-02-19,22:58:00,178,2,11101
13500,2016-02-19,23:00:00,141,1,811
13501,2016-02-19,23:05:00,204,3,3231
13502,2016-02-19,23:08:00,258,3,9054
13503,2016-02-19,23:13:00,242,2,4468
13504,2016-02-19,23:22:00,284,2,1012
13505,2016-02-19,23:28:00,258,5,3763
13506,2016-02-19,23:29:00,65,2,4112
13507,2016-02-19,23:31:00,201,2,9621
13508,2016-02-19,23:34:00,438,1,5132
13509,2016-02-19,23:53:00,122,1,11465
13510,2016-02-19,23:54:00,363,2,6161
13511,2016-02-20,00:02:00,352,4,2727
13512,2016-02-20,00:06:00,244,2,7816
13513,2016-02-20,00:13:00,170,2,11553
13514,2016-02-20,00:14:00,119,2,2497
13515,2016-02-20,00:23:00,353,2,8908
13516,2016-02-20,00:37:00,348,3,10377
13517,2016-02-20,00:37:00,350,2,2050
13518,2016-02-20,00:38:00,7,1,830
13519,2016-02-20,00:48:00,193,1,7932
13520,2016-02-20,00:49:00,71,1,5640
13521,2016-02-20,00:51:00,235,2,4197
13522,2016-02-20,00:58:00,143,1,5640
13523,2016-02-20,01:04:00,287,1,4697
13524,2016-02-20,01:08:00,58,4,2582
13525,2016-02-20,01:13:00,25,3,8011
13526,2016-02-20,01:15:00,191,2,416
13527,2016-02-20,01:20:00,244,1,8149
13528,2016-02-20,01:24:00,427,1,6235
13529,2016-02-20,01:27:00,392,1,4860
13530,2016-02-20,01:28:00,238,4,6687
13531,2016-02-20,01:49:00,95,1,11695
13532,2016-02-20,01:59:00,220,2,6028
13533,2016-02-20,02:03:00,46,3,5965
13534,2016-02-20,02:04:00,334,1,707
13535,2016-02-20,02:10:00,249,2,5178
13536,2016-02-20,02:10:00,442,1,4191
13537,2016-02-20,02:16:00,400,2,4818
13538,2016-02-20,02:21:00,354,4,5846
13539,2016-02-20,02:23:00,429,2,7480
13540,2016-02-20,02:25:00,367,2,4377
13541,2016-02-20,02:31:00,52,1,4754
13542,2016-02-20,02:31:00,153,1,10908
13543,2016-02-20,02:33:00,132,2,2607
13544,2016-02-20,02:33:00,42,2,7916
13545,2016-02-20,02:37:00,225,2,3117
13546,2016-02-20,02:43:00,368,3,1429
13547,2016-02-20,02:44:00,371,4,6872
13548,2016-02-20,02:45:00,193,2,8299
13549,2016-02-20,02:48:00,188,1,6180
13550,2016-02-20,02:49:00,69,2,858
13551,2016-02-20,02:50:00,238,5,5476
13552,2016-02-20,03:03:00,346,2,4744
13553,2016-02-20,03:05:00,231,1,6086
13554,2016-02-20,03:08:00,126,2,2309
13555,2016-02-20,03:16:00,41,2,9624
13556,2016-02-20,03:18:00,238,2,10829
13557,2016-02-20,03:19:00,304,2,6827
13558,2016-02-20,03:23:00,280,3,10941
13559,2016-02-20,03:24:00,122,2,8089
13560,2016-02-20,03:28:00,315,3,1805
13561,2016-02-20,03:32:00,376,1,8300
13562,2016-02-20,03:33:00,453,1,3622
13563,2016-02-20,03:36:00,100,1,6985
13564,2016-02-20,03:36:00,282,1,3537
13565,2016-02-20,03:40:00,101,4,9279
13566,2016-02-20,03:45:00,205,1,8418
13567,2016-02-20,03:47:00,377,1,3098
13568,2016-02-20,03:55:00,43,3,9631
13569,2016-02-20,03:57:00,306,1,4241
13570,2016-02-20,03:58:00,92,3,2792
13571,2016-02-20,03:59:00,443,1,9989
13572,2016-02-20,04:02:00,102,2,1500
13573,2016-02-20,04:03:00,381,2,4604
13574,2016-02-20,04:08:00,44,3,6360
13575,2016-02-20,04:10:00,195,1,11917
13576,2016-02-20,04:18:00,120,1,8378
13577,2016-02-20,04:24:00,144,1,9379
13578,2016-02-20,04:25:00,69,3,2072
13579,2016-02-20,04:31:00,387,2,7795
13580,2016-02-20,04:33:00,3,2,1597
13581,2016-02-20,04:38:00,203,4,234
13582,2016-02-20,04:41:00,219,3,2616
13583,2016-02-20,04:54:00,402,2,3203
13584,2016-02-20,04:55:00,39,4,6414
13585,2016-02-20,04:55:00,297,3,2388
13586,2016-02-20,05:01:00,379,3,723
13587,2016-02-20,05:03:00,240,2,4294
13588,2016-02-20,05:06:00,120,2,1365
13589,2016-02-20,05:10:00,310,2,9232
13590,2016-02-20,05:12:00,106,2,1344
13591,2016-02-20,05:18:00,12,1,3695
13592,2016-02-20,05:21:00,29,2,10566
13593,2016-02-20,05:23:00,99,2,2950
13594,2016-02-20,05:24:00,62,1,1252
13595,2016-02-20,05:24:00,345,1,11601
13596,2016-02-20,05:27:00,214,2,4691
13597,2016-02-20,05:28:00,149,4,7196
13598,2016-02-20,05:28:00,70,3,3712
13599,2016-02-20,05:34:00,253,5,9798
13600,2016-02-20,05:41:00,397,1,4546
13601,2016-02-20,05:41:00,391,3,5425
13602,2016-02-20,05:51:00,123,1,2100
13603,2016-02-20,05:52:00,377,1,9505
13604,2016-02-20,05:54:00,219,2,2481
13605,2016-02-20,05:54:00,105,1,6705
13606,2016-02-20,05:57:00,71,3,4592
13607,2016-02-20,06:08:00,327,2,196
13608,2016-02-20,06:24:00,419,2,8332
13609,2016-02-20,06:24:00,345,1,9871
13610,2016-02-20,06:26:00,437,1,4796
13611,2016-02-20,06:27:00,452,2,10499
13612,2016-02-20,06:28:00,386,2,2484
13613,2016-02-20,06:34:00,387,2,4410
13614,2016-02-20,06:35:00,274,2,10827
13615,2016-02-20,06:38:00,64,1,6786
13616,2016-02-20,06:42:00,206,3,285
13617,2016-02-20,06:47:00,287,3,9684
13618,2016-02-20,06:55:00,400,3,10982
13619,2016-02-20,06:56:00,179,1,5558
13620,2016-02-20,06:59:00,4,1,11464
13621,2016-02-20,07:03:00,256,2,9095
13622,2016-02-20,07:05:00,31,2,2849
13623,2016-02-20,07:20:00,20,1,10610
13624,2016-02-20,07:22:00,386,3,11745
13625,2016-02-20,07:26:00,419,1,541
13626,2016-02-20,07:30:00,59,2,9622
13627,2016-02-20,07:37:00,281,2,4539
13628,2016-02-20,07:55:00,140,2,2015
13629,2016-02-20,07:57:00,83,2,6297
13630,2016-02-20,07:57:00,394,2,2048
13631,2016-02-20,08:01:00,102,2,4599
13632,2016-02-20,08:03:00,20,1,1302
13633,2016-02-20,08:05:00,88,1,1018
13634,2016-02-20,08:08:00,72,2,7123
13635,2016-02-20,08:09:00,96,3,11082
13636,2016-02-20,08:11:00,180,1,11128
13637,2016-02-20,08:14:00,315,2,4360
13638,2016-02-20,08:20:00,139,1,2332
13639,2016-02-20,08:27:00,12,5,5593
13640,2016-02-20,08:36:00,314,3,920
13641,2016-02-20,08:39:00,334,1,46
13642,2016-02-20,08:43:00,193,2,11674
13643,2016-02-20,08:58:00,392,4,8243
13644,2016-02-20,09:12:00,392,3,1291
13645,2016-02-20,09:15:00,301,2,7433
13646,2016-02-20,09:16:00,401,2,6905
13647,2016-02-20,09:20:00,13,2,7444
13648,2016-02-20,09:23:00,424,2,9524
13649,2016-02-20,09:29:00,241,3,9850
13650,2016-02-20,09:30:00,284,1,9609
13651,2016-02-20,09:32:00,70,1,5110
13652,2016-02-20,09:35:00,304,2,5502
13653,2016-02-20,09:36:00,390,2,8693
13654,2016-02-20,09:42:00,11,6,2184
13655,2016-02-20,09:44:00,302,2,3537
13656,2016-02-20,09:58:00,252,1,8757
13657,2016-02-20,10:07:00,175,3,9791
13658,2016-02-20,10:13:00,363,1,3904
13659,2016-02-20,10:24:00,50,2,11934
13660,2016-02-20,10:35:00,76,3,2673
13661,2016-02-20,10:36:00,84,3,3043
13662,2016-02-20,10:36:00,128,3,1851
13663,2016-02-20,10:46:00,326,3,1667
13664,2016-02-20,10:56:00,158,4,1810
13665,2016-02-20,10:58:00,97,2,11398
13666,2016-02-20,11:03:00,40,4,2352
13667,2016-02-20,11:08:00,60,3,11309
13668,2016-02-20,11:24:00,319,3,6401
13669,2016-02-20,11:37:00,40,2,8699
13670,2016-02-20,11:39:00,31,1,2464
13671,2016-02-20,11:42:00,284,2,3017
13672,2016-02-20,11:42:00,32,2,732
13673,2016-02-20,11:45:00,317,1,5900
13674,2016-02-20,11:48:00,375,2,11598
13675,2016-02-20,12:04:00,198,1,11128
13676,2016-02-20,12:13:00,304,3,2956
13677,2016-02-20,12:20:00,41,3,11494
13678,2016-02-20,12:23:00,157,2,10749
13679,2016-02-20,12:43:00,270,2,10189
13680,2016-02-20,13:04:00,445,1,10686
13681,2016-02-20,13:10:00,432,3,9941
13682,2016-02-20,13:24:00,219,2,2245
13683,2016-02-20,13:26:00,122,2,10389
13684,2016-02-20,13:31:00,415,1,2830
13685,2016-02-20,13:33:00,10,1,3167
13686,2016-02-20,13:41:00,82,1,1261
13687,2016-02-20,13:43:00,243,2,11172
13688,2016-02-20,13:45:00,89,4,5367
13689,2016-02-20,13:47:00,92,2,8786
13690,2016-02-20,13:48:00,214,2,3937
13691,2016-02-20,13:55:00,163,2,5296
13692,2016-02-20,13:58:00,51,1,6085
13693,2016-02-20,14:06:00,437,1,2775
13694,2016-02-20,14:14:00,142,1,5313
13695,2016-02-20,14:16:00,196,1,10828
13696,2016-02-20,14:21:00,303,2,11905
13697,2016-02-20,14:31:00,317,1,3582
13698,2016-02-20,14:35:00,234,3,11481
13699,2016-02-20,14:36:00,254,3,9493
13700,2016-02-20,14:38:00,25,2,2431
13701,2016-02-20,14:39:00,404,1,3127
13702,2016-02-20,14:52:00,393,1,916
13703,2016-02-20,14:57:00,453,1,9746
13704,2016-02-20,15:08:00,113,1,5681
13705,2016-02-20,15:29:00,147,3,7658
13706,2016-02-20,15:38:00,271,3,9588
13707,2016-02-20,15:45:00,163,3,9955
13708,2016-02-20,15:49:00,200,1,283
13709,2016-02-20,15:49:00,366,1,11329
13710,2016-02-20,15:54:00,353,2,427
13711,2016-02-20,15:56:00,262,1,8996
13712,2016-02-20,16:06:00,353,2,11309
13713,2016-02-20,16:10:00,376,4,10579
13714,2016-02-20,16:11:00,14,2,7167
13715,2016-02-20,16:14:00,196,2,10770
13716,2016-02-20,16:15:00,192,2,577
13717,2016-02-20,16:15:00,61,2,5829
13718,2016-02-20,16:22:00,417,3,3445
13719,2016-02-20,16:29:00,10,1,8760
13720,2016-02-20,16:33:00,393,3,3626
13721,2016-02-20,16:35:00,90,1,10963
13722,2016-02-20,16:35:00,95,1,9301
13723,2016-02-20,16:39:00,398,2,5588
13724,2016-02-20,16:41:00,107,1,11618
13725,2016-02-20,16:45:00,135,2,4735
13726,2016-02-20,16:56:00,75,1,7707
13727,2016-02-20,17:00:00,243,4,1557
13728,2016-02-20,17:00:00,388,1,10547
13729,2016-02-20,17:01:00,80,1,3874
13730,2016-02-20,17:11:00,87,2,8076
13731,2016-02-20,17:14:00,441,3,9910
13732,2016-02-20,17:15:00,74,4,11079
13733,2016-02-20,17:17:00,5,2,3150
13734,2016-02-20,17:21:00,444,2,11959
13735,2016-02-20,17:23:00,102,2,8210
13736,2016-02-20,17:29:00,405,4,8935
13737,2016-02-20,17:35:00,173,1,5056
13738,2016-02-20,17:44:00,330,1,1631
13739,2016-02-20,17:46:00,390,2,3372
13740,2016-02-20,17:48:00,159,1,7202
13741,2016-02-20,17:51:00,88,1,8662
13742,2016-02-20,17:52:00,110,1,8433
13743,2016-02-20,17:55:00,343,2,6005
13744,2016-02-20,17:56:00,265,3,7866
13745,2016-02-20,17:57:00,289,1,1095
13746,2016-02-20,18:05:00,342,1,8725
13747,2016-02-20,18:12:00,390,3,4974
13748,2016-02-20,18:14:00,399,2,2136
13749,2016-02-20,18:14:00,265,2,7467
13750,2016-02-20,18:29:00,35,2,3214
13751,2016-02-20,18:41:00,458,2,6202
13752,2016-02-20,18:41:00,104,5,2199
13753,2016-02-20,18:45:00,252,1,3764
13754,2016-02-20,18:51:00,157,3,4858
13755,2016-02-20,18:57:00,167,2,5344
13756,2016-02-20,19:04:00,400,4,5781
13757,2016-02-20,19:05:00,130,2,4675
13758,2016-02-20,19:13:00,214,2,5399
13759,2016-02-20,19:17:00,22,2,2319
13760,2016-02-20,19:26:00,163,2,7112
13761,2016-02-20,19:35:00,165,3,11637
13762,2016-02-20,19:43:00,89,2,3816
13763,2016-02-20,19:43:00,353,1,6590
13764,2016-02-20,19:45:00,58,2,4226
13765,2016-02-20,19:45:00,428,1,1991
13766,2016-02-20,19:49:00,337,1,1833
13767,2016-02-20,19:54:00,113,1,168
13768,2016-02-20,19:57:00,206,3,6875
13769,2016-02-20,20:13:00,205,1,2578
13770,2016-02-20,20:31:00,392,1,2654
13771,2016-02-20,20:41:00,266,2,6002
13772,2016-02-20,20:54:00,241,1,2296
13773,2016-02-20,20:57:00,108,2,7116
13774,2016-02-20,20:59:00,456,1,9406
13775,2016-02-20,21:02:00,281,1,10340
13776,2016-02-20,21:02:00,225,2,1127
13777,2016-02-20,21:03:00,456,1,1463
13778,2016-02-20,21:06:00,301,1,5453
13779,2016-02-20,21:11:00,65,2,5388
13780,2016-02-20,21:11:00,215,3,10239
13781,2016-02-20,21:17:00,1,4,9134
13782,2016-02-20,21:24:00,301,3,6605
13783,2016-02-20,21:24:00,40,2,7939
13784,2016-02-20,21:26:00,434,1,7266
13785,2016-02-20,21:29:00,415,2,5848
13786,2016-02-20,21:34:00,79,2,3104
13787,2016-02-20,21:35:00,360,1,1247
13788,2016-02-20,21:35:00,330,5,378
13789,2016-02-20,21:35:00,55,1,6393
13790,2016-02-20,21:55:00,271,1,8470
13791,2016-02-20,22:06:00,238,2,11687
13792,2016-02-20,22:08:00,336,1,8831
13793,2016-02-20,22:09:00,215,3,9438
13794,2016-02-20,22:17:00,301,1,1262
13795,2016-02-20,22:21:00,227,2,1652
13796,2016-02-20,22:23:00,111,3,5218
13797,2016-02-20,22:29:00,271,1,3756
13798,2016-02-20,22:38:00,422,4,10741
13799,2016-02-20,22:45:00,74,2,10741
13800,2016-02-20,22:45:00,51,1,10282
13801,2016-02-20,22:50:00,418,2,5255
13802,2016-02-20,23:15:00,109,2,10391
13803,2016-02-20,23:16:00,175,3,3864
13804,2016-02-20,23:16:00,216,1,11178
13805,2016-02-20,23:20:00,419,4,5163
13806,2016-02-20,23:30:00,369,1,1246
13807,2016-02-20,23:34:00,402,1,9115
13808,2016-02-20,23:39:00,206,1,6428
13809,2016-02-20,23:42:00,135,2,10959
13810,2016-02-20,23:44:00,200,3,5962
13811,2016-02-20,23:49:00,132,1,3366
13812,2016-02-20,23:55:00,444,3,74
13813,2016-02-20,23:56:00,15,2,361
13814,2016-02-21,00:00:00,123,2,1360
13815,2016-02-21,00:00:00,443,1,6848
13816,2016-02-21,00:08:00,295,1,772
13817,2016-02-21,00:08:00,110,3,3907
13818,2016-02-21,00:15:00,198,2,8747
13819,2016-02-21,00:22:00,74,1,3541
13820,2016-02-21,00:28:00,17,2,10565
13821,2016-02-21,00:28:00,262,1,7426
13822,2016-02-21,00:32:00,60,2,1002
13823,2016-02-21,00:33:00,453,1,3932
13824,2016-02-21,00:38:00,12,1,6007
13825,2016-02-21,00:43:00,209,2,4024
13826,2016-02-21,00:49:00,243,2,3208
13827,2016-02-21,00:50:00,205,1,11539
13828,2016-02-21,00:53:00,417,2,8126
13829,2016-02-21,00:55:00,331,2,11340
13830,2016-02-21,01:01:00,71,1,226
13831,2016-02-21,01:02:00,111,1,7104
13832,2016-02-21,01:03:00,191,1,8213
13833,2016-02-21,01:12:00,38,2,2771
13834,2016-02-21,01:18:00,139,2,10197
13835,2016-02-21,01:20:00,398,2,9755
13836,2016-02-21,01:26:00,373,3,4791
13837,2016-02-21,01:29:00,130,4,8080
13838,2016-02-21,01:32:00,384,4,4782
13839,2016-02-21,01:34:00,209,1,376
13840,2016-02-21,01:46:00,145,2,11059
13841,2016-02-21,01:47:00,102,2,10072
13842,2016-02-21,01:48:00,440,2,66
13843,2016-02-21,02:03:00,428,2,8210
13844,2016-02-21,02:08:00,236,2,9499
13845,2016-02-21,02:18:00,238,2,6208
13846,2016-02-21,02:20:00,235,2,648
13847,2016-02-21,02:24:00,422,3,4848
13848,2016-02-21,02:27:00,428,2,11186
13849,2016-02-21,02:39:00,154,2,10741
13850,2016-02-21,02:42:00,166,2,5182
13851,2016-02-21,02:48:00,42,1,2927
13852,2016-02-21,02:57:00,37,2,6640
13853,2016-02-21,02:58:00,325,3,10070
13854,2016-02-21,03:11:00,127,2,9548
13855,2016-02-21,03:15:00,221,4,5368
13856,2016-02-21,03:18:00,199,4,3565
13857,2016-02-21,03:39:00,166,1,4191
13858,2016-02-21,04:00:00,220,2,3386
13859,2016-02-21,04:15:00,24,1,11258
13860,2016-02-21,04:19:00,97,1,3879
13861,2016-02-21,04:23:00,108,3,10963
13862,2016-02-21,04:28:00,214,2,11628
13863,2016-02-21,04:41:00,109,1,6623
13864,2016-02-21,04:43:00,457,5,6145
13865,2016-02-21,04:53:00,445,2,658
13866,2016-02-21,05:14:00,444,2,9029
13867,2016-02-21,05:21:00,244,3,1398
13868,2016-02-21,05:23:00,101,2,7951
13869,2016-02-21,05:24:00,320,2,9364
13870,2016-02-21,05:27:00,52,2,11755
13871,2016-02-21,05:36:00,34,1,9122
13872,2016-02-21,05:38:00,339,1,3253
13873,2016-02-21,06:05:00,80,2,9346
13874,2016-02-21,06:08:00,189,2,7189
13875,2016-02-21,06:11:00,426,3,11112
13876,2016-02-21,06:29:00,257,2,11832
13877,2016-02-21,06:29:00,5,2,2773
13878,2016-02-21,06:38:00,287,1,1824
13879,2016-02-21,06:52:00,122,2,8749
13880,2016-02-21,06:56:00,399,3,3348
13881,2016-02-21,07:00:00,170,3,9388
13882,2016-02-21,07:07:00,301,1,4867
13883,2016-02-21,07:08:00,24,3,5133
13884,2016-02-21,07:11:00,353,2,8593
13885,2016-02-21,07:17:00,399,4,1090
13886,2016-02-21,07:19:00,437,1,2144
13887,2016-02-21,07:29:00,219,3,256
13888,2016-02-21,07:37:00,144,1,1710
13889,2016-02-21,07:47:00,358,1,2916
13890,2016-02-21,07:47:00,12,5,775
13891,2016-02-21,07:54:00,279,3,11998
13892,2016-02-21,08:05:00,296,3,7036
13893,2016-02-21,08:06:00,185,2,9188
13894,2016-02-21,08:10:00,225,1,1358
13895,2016-02-21,08:11:00,422,3,922
13896,2016-02-21,08:13:00,410,2,11550
13897,2016-02-21,08:15:00,228,2,3317
13898,2016-02-21,08:28:00,198,3,2635
13899,2016-02-21,08:31:00,52,1,2602
13900,2016-02-21,08:31:00,221,2,11401
13901,2016-02-21,08:39:00,22,1,7879
13902,2016-02-21,08:41:00,21,2,9228
13903,2016-02-21,08:44:00,234,2,6
13904,2016-02-21,08:51:00,160,1,4976
13905,2016-02-21,08:56:00,369,3,3586
13906,2016-02-21,08:59:00,69,3,7088
13907,2016-02-21,09:00:00,327,2,10453
13908,2016-02-21,09:06:00,128,4,10240
13909,2016-02-21,09:08:00,328,4,421
13910,2016-02-21,09:10:00,108,1,9139
13911,2016-02-21,09:15:00,351,1,1463
13912,2016-02-21,09:29:00,404,2,4606
13913,2016-02-21,09:31:00,195,2,9451
13914,2016-02-21,09:31:00,177,1,1647
13915,2016-02-21,09:39:00,449,4,975
13916,2016-02-21,09:43:00,227,2,8293
13917,2016-02-21,09:49:00,122,2,5184
13918,2016-02-21,09:51:00,372,1,615
13919,2016-02-21,09:52:00,161,1,4432
13920,2016-02-21,09:54:00,91,3,6708
13921,2016-02-21,10:07:00,151,3,8839
13922,2016-02-21,10:09:00,44,1,3638
13923,2016-02-21,10:19:00,134,3,4729
13924,2016-02-21,10:19:00,33,2,6438
13925,2016-02-21,10:23:00,58,3,7017
13926,2016-02-21,10:24:00,180,2,9364
13927,2016-02-21,10:27:00,405,1,4199
13928,2016-02-21,10:35:00,191,2,248
13929,2016-02-21,10:37:00,252,2,333
13930,2016-02-21,10:43:00,205,3,41
13931,2016-02-21,10:43:00,187,1,474
13932,2016-02-21,10:45:00,388,2,4740
13933,2016-02-21,10:45:00,120,2,4773
13934,2016-02-21,10:51:00,49,3,4355
13935,2016-02-21,10:53:00,130,1,9091
13936,2016-02-21,10:57:00,222,1,6407
13937,2016-02-21,11:03:00,58,5,2533
13938,2016-02-21,11:09:00,354,1,6928
13939,2016-02-21,11:13:00,357,3,5106
13940,2016-02-21,11:15:00,95,2,7227
13941,2016-02-21,11:16:00,2,1,10067
13942,2016-02-21,11:27:00,414,5,7094
13943,2016-02-21,11:28:00,373,2,9438
13944,2016-02-21,11:28:00,241,2,909
13945,2016-02-21,11:38:00,426,3,999
13946,2016-02-21,11:40:00,173,2,3503
13947,2016-02-21,11:51:00,223,3,120
13948,2016-02-21,12:00:00,441,2,447
13949,2016-02-21,12:00:00,239,2,2200
13950,2016-02-21,12:05:00,256,3,10091
13951,2016-02-21,12:14:00,142,1,1945
13952,2016-02-21,12:22:00,50,2,11607
13953,2016-02-21,12:22:00,329,3,7130
13954,2016-02-21,12:23:00,411,2,435
13955,2016-02-21,12:37:00,202,2,9268
13956,2016-02-21,12:54:00,37,2,11823
13957,2016-02-21,13:16:00,437,3,3733
13958,2016-02-21,13:19:00,424,2,7918
13959,2016-02-21,13:35:00,50,3,5348
13960,2016-02-21,13:37:00,425,3,2098
13961,2016-02-21,13:42:00,135,2,11688
13962,2016-02-21,13:46:00,191,2,8417
13963,2016-02-21,13:48:00,67,4,10029
13964,2016-02-21,13:51:00,103,2,9170
13965,2016-02-21,13:57:00,266,1,7631
13966,2016-02-21,14:02:00,232,1,6224
13967,2016-02-21,14:09:00,264,5,7351
13968,2016-02-21,14:09:00,264,3,1518
13969,2016-02-21,14:12:00,254,2,8735
13970,2016-02-21,14:23:00,323,2,10431
13971,2016-02-21,14:25:00,11,1,181
13972,2016-02-21,14:34:00,107,2,4344
13973,2016-02-21,14:36:00,433,1,2475
13974,2016-02-21,14:38:00,44,2,7599
13975,2016-02-21,14:45:00,95,3,10763
13976,2016-02-21,14:46:00,220,3,2900
13977,2016-02-21,15:17:00,348,2,8826
13978,2016-02-21,15:42:00,71,1,1991
13979,2016-02-21,15:43:00,290,2,383
13980,2016-02-21,15:57:00,379,2,5379
13981,2016-02-21,15:59:00,278,2,8069
13982,2016-02-21,16:06:00,412,3,9322
13983,2016-02-21,16:07:00,252,1,5157
13984,2016-02-21,16:10:00,58,2,10677
13985,2016-02-21,16:12:00,163,2,926
13986,2016-02-21,16:17:00,203,2,7300
13987,2016-02-21,16:19:00,141,2,166
13988,2016-02-21,16:24:00,237,3,7381
13989,2016-02-21,16:29:00,223,3,6456
13990,2016-02-21,16:36:00,177,1,10742
13991,2016-02-21,16:36:00,59,1,6423
13992,2016-02-21,16:38:00,438,1,2739
13993,2016-02-21,16:42:00,267,3,5051
13994,2016-02-21,16:43:00,154,1,1331
13995,2016-02-21,16:47:00,360,4,2209
13996,2016-02-21,16:47:00,361,2,5860
13997,2016-02-21,16:51:00,135,1,3133
13998,2016-02-21,17:03:00,57,3,4536
13999,2016-02-21,17:04:00,100,3,8
14000,2016-02-21,17:19:00,261,3,9710
14001,2016-02-21,17:25:00,333,2,10709
14002,2016-02-21,17:31:00,276,4,7810
14003,2016-02-21,17:37:00,375,2,10257
14004,2016-02-21,17:38:00,433,2,7225
14005,2016-02-21,17:38:00,274,1,2541
14006,2016-02-21,17:45:00,249,4,8965
14007,2016-02-21,17:47:00,268,3,8062
14008,2016-02-21,17:48:00,383,2,5475
14009,2016-02-21,17:50:00,287,3,1753
14010,2016-02-21,17:55:00,214,1,6450
14011,2016-02-21,17:59:00,290,1,8263
14012,2016-02-21,18:01:00,80,3,3408
14013,2016-02-21,18:01:00,129,2,2378
14014,2016-02-21,18:05:00,95,2,65
14015,2016-02-21,18:08:00,54,2,6545
14016,2016-02-21,18:15:00,375,2,7384
14017,2016-02-21,18:21:00,82,4,5892
14018,2016-02-21,18:29:00,114,3,11062
14019,2016-02-21,18:36:00,275,4,2724
14020,2016-02-21,18:39:00,333,3,8857
14021,2016-02-21,18:59:00,362,1,8819
14022,2016-02-21,19:07:00,334,3,6153
14023,2016-02-21,19:13:00,88,2,9741
14024,2016-02-21,19:18:00,254,3,5833
14025,2016-02-21,19:29:00,288,3,6252
14026,2016-02-21,19:38:00,435,1,9193
14027,2016-02-21,19:45:00,212,2,9047
14028,2016-02-21,19:47:00,96,1,7512
14029,2016-02-21,19:51:00,445,4,6147
14030,2016-02-21,20:06:00,114,2,7784
14031,2016-02-21,20:15:00,1,2,625
14032,2016-02-21,20:16:00,144,1,9308
14033,2016-02-21,20:24:00,354,2,8698
14034,2016-02-21,20:24:00,410,3,1123
14035,2016-02-21,20:24:00,17,3,4792
14036,2016-02-21,20:28:00,263,2,5108
14037,2016-02-21,20:33:00,280,1,7285
14038,2016-02-21,20:37:00,19,4,10154
14039,2016-02-21,20:40:00,233,1,5725
14040,2016-02-21,20:50:00,14,2,7956
14041,2016-02-21,20:52:00,218,1,3789
14042,2016-02-21,20:55:00,186,2,4378
14043,2016-02-21,21:05:00,33,2,6674
14044,2016-02-21,21:09:00,239,1,10206
14045,2016-02-21,21:11:00,156,5,521
14046,2016-02-21,21:12:00,63,4,3479
14047,2016-02-21,21:25:00,373,2,8318
14048,2016-02-21,21:33:00,139,1,2065
14049,2016-02-21,21:40:00,38,1,8281
14050,2016-02-21,21:49:00,123,1,6723
14051,2016-02-21,21:52:00,435,6,6077
14052,2016-02-21,21:56:00,332,2,9701
14053,2016-02-21,22:01:00,300,1,396
14054,2016-02-21,22:02:00,93,3,8920
14055,2016-02-21,22:06:00,443,1,4130
14056,2016-02-21,22:07:00,260,3,1577
14057,2016-02-21,22:12:00,200,3,5202
14058,2016-02-21,22:14:00,343,2,1182
14059,2016-02-21,22:15:00,93,3,10401
14060,2016-02-21,22:16:00,359,1,10715
14061,2016-02-21,22:16:00,367,2,7877
14062,2016-02-21,22:35:00,132,1,1595
14063,2016-02-21,22:43:00,338,3,1777
14064,2016-02-21,22:47:00,43,4,6482
14065,2016-02-21,22:48:00,371,4,8265
14066,2016-02-21,22:49:00,357,2,10382
14067,2016-02-21,22:49:00,159,2,758
14068,2016-02-21,22:49:00,143,2,4982
14069,2016-02-21,22:53:00,253,1,7282
14070,2016-02-21,23:05:00,316,1,4437
14071,2016-02-21,23:06:00,185,3,852
14072,2016-02-21,23:07:00,116,3,3392
14073,2016-02-21,23:13:00,267,2,4341
14074,2016-02-21,23:15:00,120,4,3089
14075,2016-02-21,23:16:00,90,2,9519
14076,2016-02-21,23:34:00,395,2,8281
14077,2016-02-21,23:36:00,454,1,4561
14078,2016-02-21,23:36:00,167,3,10124
14079,2016-02-21,23:41:00,246,1,1509
14080,2016-02-21,23:42:00,434,2,10611
14081,2016-02-21,23:42:00,435,3,2285
14082,2016-02-21,23:46:00,386,3,5962
14083,2016-02-21,23:49:00,78,1,5731
14084,2016-02-21,23:52:00,276,2,6667
14085,2016-02-21,23:52:00,31,3,9318
14086,2016-02-21,23:54:00,393,1,6690
14087,2016-02-21,23:57:00,297,3,5227
14088,2016-02-21,23:59:00,341,2,1587
14089,2016-02-22,00:03:00,353,3,7998
14090,2016-02-22,00:05:00,34,3,2171
14091,2016-02-22,00:12:00,341,1,7057
14092,2016-02-22,00:28:00,130,1,7574
14093,2016-02-22,00:36:00,93,4,5165
14094,2016-02-22,00:38:00,413,2,1704
14095,2016-02-22,00:47:00,68,3,4421
14096,2016-02-22,00:48:00,375,1,11016
14097,2016-02-22,00:50:00,67,2,11264
14098,2016-02-22,00:51:00,203,1,11698
14099,2016-02-22,00:51:00,30,3,32
14100,2016-02-22,00:54:00,409,2,7799
14101,2016-02-22,00:55:00,372,2,9626
14102,2016-02-22,00:57:00,427,2,7517
14103,2016-02-22,00:57:00,350,2,9915
14104,2016-02-22,01:00:00,23,5,7572
14105,2016-02-22,01:12:00,141,1,823
14106,2016-02-22,01:12:00,32,1,8863
14107,2016-02-22,01:20:00,245,2,9194
14108,2016-02-22,01:24:00,360,5,4741
14109,2016-02-22,01:35:00,211,1,9728
14110,2016-02-22,01:37:00,303,2,4743
14111,2016-02-22,01:38:00,72,1,8354
14112,2016-02-22,01:40:00,242,3,3500
14113,2016-02-22,01:48:00,308,4,10992
14114,2016-02-22,01:53:00,231,2,8093
14115,2016-02-22,01:55:00,391,2,10498
14116,2016-02-22,01:56:00,350,3,7686
14117,2016-02-22,01:57:00,172,2,1956
14118,2016-02-22,02:02:00,257,1,2404
14119,2016-02-22,02:16:00,227,2,3193
14120,2016-02-22,02:18:00,288,2,9403
14121,2016-02-22,02:18:00,223,3,10531
14122,2016-02-22,02:19:00,430,2,8778
14123,2016-02-22,02:21:00,280,3,8548
14124,2016-02-22,02:24:00,112,1,10263
14125,2016-02-22,02:26:00,20,1,7553
14126,2016-02-22,02:28:00,400,2,6725
14127,2016-02-22,02:28:00,337,3,5728
14128,2016-02-22,02:30:00,438,1,10343
14129,2016-02-22,02:40:00,139,1,6312
14130,2016-02-22,02:42:00,338,1,7363
14131,2016-02-22,02:44:00,133,2,2309
14132,2016-02-22,02:46:00,77,1,8497
14133,2016-02-22,02:47:00,27,3,10341
14134,2016-02-22,02:53:00,36,3,5481
14135,2016-02-22,03:09:00,176,2,4130
14136,2016-02-22,03:15:00,181,2,9715
14137,2016-02-22,03:17:00,401,3,6966
14138,2016-02-22,03:20:00,241,3,4412
14139,2016-02-22,03:34:00,278,1,2655
14140,2016-02-22,03:40:00,431,1,7771
14141,2016-02-22,03:43:00,368,3,7044
14142,2016-02-22,03:56:00,42,1,1065
14143,2016-02-22,04:04:00,183,2,5567
14144,2016-02-22,04:19:00,415,1,7775
14145,2016-02-22,04:19:00,443,1,9064
14146,2016-02-22,04:22:00,394,1,10160
14147,2016-02-22,04:23:00,347,1,1386
14148,2016-02-22,04:26:00,315,4,7045
14149,2016-02-22,04:34:00,277,1,10219
14150,2016-02-22,04:51:00,366,3,9773
14151,2016-02-22,04:52:00,193,1,8008
14152,2016-02-22,04:59:00,86,2,11553
14153,2016-02-22,04:59:00,229,2,2675
14154,2016-02-22,05:02:00,174,1,2630
14155,2016-02-22,05:19:00,422,2,7158
14156,2016-02-22,05:23:00,79,2,2072
14157,2016-02-22,05:34:00,140,2,5618
14158,2016-02-22,05:35:00,173,1,6672
14159,2016-02-22,05:35:00,309,3,10940
14160,2016-02-22,05:46:00,318,2,6776
14161,2016-02-22,05:46:00,111,2,4567
14162,2016-02-22,05:49:00,401,2,7859
14163,2016-02-22,05:51:00,199,1,4741
14164,2016-02-22,05:56:00,135,4,9709
14165,2016-02-22,06:04:00,65,1,8536
14166,2016-02-22,06:09:00,431,2,6344
14167,2016-02-22,06:16:00,280,1,6892
14168,2016-02-22,06:44:00,264,1,6599
14169,2016-02-22,06:54:00,151,2,6713
14170,2016-02-22,07:00:00,241,1,10361
14171,2016-02-22,07:21:00,245,1,721
14172,2016-02-22,07:23:00,371,1,3739
14173,2016-02-22,07:24:00,447,1,4319
14174,2016-02-22,07:25:00,318,1,11885
14175,2016-02-22,07:26:00,340,2,7842
14176,2016-02-22,07:29:00,163,2,3969
14177,2016-02-22,07:34:00,414,2,8843
14178,2016-02-22,07:43:00,34,3,2655
14179,2016-02-22,07:44:00,259,5,6996
14180,2016-02-22,07:46:00,434,1,7455
14181,2016-02-22,07:52:00,244,1,5230
14182,2016-02-22,07:55:00,233,2,7640
14183,2016-02-22,08:05:00,182,3,10150
14184,2016-02-22,08:08:00,399,3,1131
14185,2016-02-22,08:09:00,47,3,7990
14186,2016-02-22,08:10:00,152,1,5580
14187,2016-02-22,08:11:00,168,3,514
14188,2016-02-22,08:21:00,406,1,4736
14189,2016-02-22,08:21:00,113,1,7145
14190,2016-02-22,08:22:00,52,5,10030
14191,2016-02-22,08:35:00,2,2,9788
14192,2016-02-22,08:37:00,279,2,10436
14193,2016-02-22,08:39:00,97,2,457
14194,2016-02-22,09:06:00,258,1,1085
14195,2016-02-22,09:13:00,324,4,10312
14196,2016-02-22,09:14:00,417,1,3826
14197,2016-02-22,09:18:00,242,2,11369
14198,2016-02-22,09:20:00,82,2,248
14199,2016-02-22,09:42:00,308,1,2595
14200,2016-02-22,09:46:00,430,3,3845
14201,2016-02-22,10:08:00,230,2,5472
14202,2016-02-22,10:12:00,129,1,6689
14203,2016-02-22,10:18:00,412,1,7733
14204,2016-02-22,10:21:00,373,2,11703
14205,2016-02-22,10:55:00,128,3,4850
14206,2016-02-22,10:56:00,126,1,5843
14207,2016-02-22,10:57:00,291,1,11297
14208,2016-02-22,10:58:00,455,4,6841
14209,2016-02-22,11:07:00,433,1,3485
14210,2016-02-22,11:18:00,326,2,5687
14211,2016-02-22,11:24:00,96,1,10636
14212,2016-02-22,11:32:00,346,1,3644
14213,2016-02-22,11:36:00,1,1,4544
14214,2016-02-22,11:37:00,239,2,10265
14215,2016-02-22,11:37:00,241,3,5250
14216,2016-02-22,11:39:00,201,1,2235
14217,2016-02-22,11:40:00,213,1,4452
14218,2016-02-22,11:51:00,299,2,4909
14219,2016-02-22,12:02:00,300,3,11795
14220,2016-02-22,12:05:00,153,1,6345
14221,2016-02-22,12:06:00,177,1,7002
14222,2016-02-22,12:07:00,197,3,7506
14223,2016-02-22,12:09:00,349,2,11650
14224,2016-02-22,12:12:00,51,3,6051
14225,2016-02-22,12:44:00,12,4,260
14226,2016-02-22,12:44:00,369,3,6177
14227,2016-02-22,12:44:00,30,2,4628
14228,2016-02-22,12:55:00,411,2,9449
14229,2016-02-22,12:58:00,155,3,8239
14230,2016-02-22,13:03:00,424,2,11687
14231,2016-02-22,13:04:00,63,2,2403
14232,2016-02-22,13:04:00,130,2,4666
14233,2016-02-22,13:05:00,265,1,6108
14234,2016-02-22,13:14:00,28,4,3465
14235,2016-02-22,13:17:00,63,1,4028
14236,2016-02-22,13:21:00,77,1,11276
14237,2016-02-22,13:38:00,277,1,6507
14238,2016-02-22,13:57:00,316,2,11780
14239,2016-02-22,14:13:00,194,3,3143
14240,2016-02-22,14:14:00,271,2,9741
14241,2016-02-22,14:17:00,408,3,769
14242,2016-02-22,14:27:00,21,2,4755
14243,2016-02-22,14:47:00,118,2,3199
14244,2016-02-22,14:48:00,66,2,10202
14245,2016-02-22,14:48:00,395,2,4916
14246,2016-02-22,14:52:00,109,2,4682
14247,2016-02-22,15:03:00,340,2,1230
14248,2016-02-22,15:05:00,270,1,1200
14249,2016-02-22,15:14:00,231,3,10515
14250,2016-02-22,15:17:00,143,1,2103
14251,2016-02-22,15:20:00,25,3,9862
14252,2016-02-22,15:29:00,239,1,9706
14253,2016-02-22,15:33:00,48,1,1568
14254,2016-02-22,15:42:00,114,1,11739
14255,2016-02-22,15:47:00,112,2,786
14256,2016-02-22,15:50:00,368,1,11618
14257,2016-02-22,15:57:00,3,1,2284
14258,2016-02-22,16:06:00,130,4,9571
14259,2016-02-22,16:06:00,82,2,6238
14260,2016-02-22,16:08:00,398,2,4608
14261,2016-02-22,16:14:00,173,2,3376
14262,2016-02-22,16:20:00,92,3,2721
14263,2016-02-22,16:21:00,51,1,10600
14264,2016-02-22,16:29:00,340,3,907
14265,2016-02-22,16:32:00,175,1,203
14266,2016-02-22,16:33:00,187,2,6837
14267,2016-02-22,16:35:00,173,1,4932
14268,2016-02-22,16:40:00,307,1,9580
14269,2016-02-22,16:45:00,318,1,5304
14270,2016-02-22,16:47:00,197,2,1209
14271,2016-02-22,16:49:00,88,3,7175
14272,2016-02-22,16:52:00,402,2,8621
14273,2016-02-22,16:53:00,54,1,7387
14274,2016-02-22,16:57:00,101,2,9058
14275,2016-02-22,16:59:00,138,1,6610
14276,2016-02-22,17:09:00,111,1,62
14277,2016-02-22,17:24:00,28,2,10162
14278,2016-02-22,17:33:00,427,1,4799
14279,2016-02-22,17:37:00,347,2,4539
14280,2016-02-22,17:38:00,22,1,9453
14281,2016-02-22,17:47:00,305,1,906
14282,2016-02-22,17:51:00,205,2,4238
14283,2016-02-22,17:52:00,221,3,10163
14284,2016-02-22,17:59:00,219,2,7982
14285,2016-02-22,18:02:00,85,2,9450
14286,2016-02-22,18:04:00,329,4,839
14287,2016-02-22,18:07:00,447,2,10132
14288,2016-02-22,18:09:00,344,2,362
14289,2016-02-22,18:15:00,305,3,931
14290,2016-02-22,18:16:00,277,3,1577
14291,2016-02-22,18:26:00,421,1,5859
14292,2016-02-22,18:30:00,46,1,11708
14293,2016-02-22,18:33:00,457,1,9692
14294,2016-02-22,18:39:00,30,4,4004
14295,2016-02-22,18:44:00,102,1,9711
14296,2016-02-22,18:47:00,183,3,7745
14297,2016-02-22,18:50:00,349,2,1585
14298,2016-02-22,18:51:00,52,1,11608
14299,2016-02-22,19:04:00,91,2,1826
14300,2016-02-22,19:09:00,432,1,6967
14301,2016-02-22,19:16:00,234,2,2868
14302,2016-02-22,19:17:00,216,2,1720
14303,2016-02-22,19:17:00,2,4,8599
14304,2016-02-22,19:21:00,424,2,6124
14305,2016-02-22,19:33:00,367,3,6817
14306,2016-02-22,19:45:00,412,2,6305
14307,2016-02-22,19:56:00,206,1,97
14308,2016-02-22,19:57:00,246,2,10312
14309,2016-02-22,20:04:00,356,3,10483
14310,2016-02-22,20:05:00,197,4,2990
14311,2016-02-22,20:09:00,33,2,2871
14312,2016-02-22,20:27:00,260,1,93
14313,2016-02-22,20:28:00,17,1,2038
14314,2016-02-22,20:34:00,290,2,4846
14315,2016-02-22,20:51:00,47,2,2946
14316,2016-02-22,20:52:00,215,1,4745
14317,2016-02-22,20:54:00,335,1,589
14318,2016-02-22,21:07:00,373,1,10981
14319,2016-02-22,21:11:00,14,2,7255
14320,2016-02-22,21:17:00,1,2,11797
14321,2016-02-22,21:18:00,382,2,4212
14322,2016-02-22,21:21:00,37,1,5907
14323,2016-02-22,21:35:00,83,2,10058
14324,2016-02-22,21:42:00,443,1,3268
14325,2016-02-22,21:42:00,201,3,2007
14326,2016-02-22,21:45:00,173,3,11829
14327,2016-02-22,21:52:00,140,1,1326
14328,2016-02-22,21:54:00,44,4,4132
14329,2016-02-22,22:00:00,81,3,10562
14330,2016-02-22,22:02:00,22,1,5732
14331,2016-02-22,22:03:00,123,3,619
14332,2016-02-22,22:10:00,399,1,72
14333,2016-02-22,22:11:00,20,2,4454
14334,2016-02-22,22:11:00,122,2,11844
14335,2016-02-22,22:14:00,222,1,62
14336,2016-02-22,22:23:00,403,2,1400
14337,2016-02-22,22:45:00,15,3,8314
14338,2016-02-22,22:52:00,88,3,5476
14339,2016-02-22,22:54:00,145,4,3259
14340,2016-02-22,22:56:00,258,1,3679
14341,2016-02-22,23:02:00,256,2,4606
14342,2016-02-22,23:12:00,409,4,4496
14343,2016-02-22,23:25:00,353,1,2944
14344,2016-02-22,23:26:00,304,3,3134
14345,2016-02-22,23:36:00,284,2,1992
14346,2016-02-22,23:37:00,299,2,273
14347,2016-02-22,23:42:00,24,1,11458
14348,2016-02-22,23:44:00,81,3,2271
14349,2016-02-22,23:54:00,29,2,9091
14350,2016-02-23,00:15:00,281,1,1917
14351,2016-02-23,00:20:00,259,2,9052
14352,2016-02-23,00:21:00,351,1,2277
14353,2016-02-23,00:24:00,104,2,6644
14354,2016-02-23,00:27:00,102,1,2288
14355,2016-02-23,00:36:00,296,1,2528
14356,2016-02-23,00:44:00,457,2,4406
14357,2016-02-23,00:48:00,196,1,10217
14358,2016-02-23,00:57:00,335,1,11582
14359,2016-02-23,01:00:00,413,1,8596
14360,2016-02-23,01:17:00,354,3,2311
14361,2016-02-23,01:24:00,271,3,1020
14362,2016-02-23,01:26:00,137,1,11843
14363,2016-02-23,01:27:00,458,1,1310
14364,2016-02-23,01:27:00,395,3,160
14365,2016-02-23,01:31:00,375,1,1579
14366,2016-02-23,01:33:00,16,1,11174
14367,2016-02-23,01:35:00,386,2,10833
14368,2016-02-23,01:35:00,391,2,1556
14369,2016-02-23,01:36:00,271,2,4243
14370,2016-02-23,01:41:00,367,2,5358
14371,2016-02-23,01:45:00,423,2,5333
14372,2016-02-23,01:50:00,296,3,2058
14373,2016-02-23,01:50:00,55,2,1189
14374,2016-02-23,02:00:00,222,2,1920
14375,2016-02-23,02:03:00,425,1,6056
14376,2016-02-23,02:07:00,41,1,6748
14377,2016-02-23,02:09:00,26,1,5413
14378,2016-02-23,02:12:00,238,3,6058
14379,2016-02-23,02:20:00,375,1,11674
14380,2016-02-23,02:44:00,159,2,6629
14381,2016-02-23,02:48:00,182,5,2689
14382,2016-02-23,02:54:00,217,1,4344
14383,2016-02-23,03:02:00,183,4,10892
14384,2016-02-23,03:23:00,196,4,8367
14385,2016-02-23,03:23:00,81,2,11997
14386,2016-02-23,03:26:00,126,3,3494
14387,2016-02-23,03:27:00,264,2,7641
14388,2016-02-23,03:29:00,115,1,6435
14389,2016-02-23,03:33:00,96,1,11403
14390,2016-02-23,03:36:00,42,2,6810
14391,2016-02-23,03:46:00,258,3,4496
14392,2016-02-23,03:48:00,436,2,8449
14393,2016-02-23,03:53:00,276,3,2201
14394,2016-02-23,03:57:00,245,1,4089
14395,2016-02-23,03:58:00,85,1,6290
14396,2016-02-23,04:08:00,268,2,2134
14397,2016-02-23,04:18:00,63,3,6428
14398,2016-02-23,04:19:00,238,1,2953
14399,2016-02-23,04:22:00,237,3,2560
14400,2016-02-23,04:34:00,360,2,948
14401,2016-02-23,04:34:00,286,2,11274
14402,2016-02-23,04:54:00,44,1,7415
14403,2016-02-23,04:58:00,34,3,4991
14404,2016-02-23,05:04:00,160,2,4727
14405,2016-02-23,05:05:00,451,2,10827
14406,2016-02-23,05:07:00,421,3,4719
14407,2016-02-23,05:11:00,272,1,6729
14408,2016-02-23,05:15:00,368,1,304
14409,2016-02-23,05:17:00,46,2,5443
14410,2016-02-23,05:23:00,123,1,8723
14411,2016-02-23,05:26:00,328,1,3573
14412,2016-02-23,05:37:00,337,3,6878
14413,2016-02-23,05:42:00,274,3,4936
14414,2016-02-23,05:48:00,134,1,11323
14415,2016-02-23,05:52:00,23,2,2
14416,2016-02-23,05:55:00,85,1,1786
14417,2016-02-23,06:16:00,403,1,6415
14418,2016-02-23,06:23:00,66,1,9653
14419,2016-02-23,06:26:00,411,1,1775
14420,2016-02-23,06:43:00,415,3,2928
14421,2016-02-23,06:45:00,59,2,4774
14422,2016-02-23,06:46:00,245,3,8003
14423,2016-02-23,06:49:00,28,2,8015
14424,2016-02-23,06:51:00,213,1,6571
14425,2016-02-23,07:03:00,198,1,4564
14426,2016-02-23,07:06:00,288,4,11241
14427,2016-02-23,07:11:00,271,4,3967
14428,2016-02-23,07:13:00,10,2,4511
14429,2016-02-23,07:28:00,320,2,1241
14430,2016-02-23,07:31:00,74,1,10467
14431,2016-02-23,07:32:00,41,1,2264
14432,2016-02-23,07:52:00,415,1,1151
14433,2016-02-23,07:53:00,414,2,1165
14434,2016-02-23,08:03:00,423,1,158
14435,2016-02-23,08:11:00,322,1,2445
14436,2016-02-23,08:13:00,295,2,6779
14437,2016-02-23,08:17:00,398,2,958
14438,2016-02-23,08:19:00,208,2,10482
14439,2016-02-23,08:29:00,298,2,11180
14440,2016-02-23,08:37:00,171,3,82
14441,2016-02-23,08:40:00,11,1,76
14442,2016-02-23,08:44:00,289,3,4431
14443,2016-02-23,08:46:00,307,2,7587
14444,2016-02-23,08:50:00,57,1,3754
14445,2016-02-23,08:59:00,288,2,3292
14446,2016-02-23,09:01:00,163,3,11076
14447,2016-02-23,09:04:00,354,2,435
14448,2016-02-23,09:08:00,334,2,10626
14449,2016-02-23,09:10:00,444,1,5982
14450,2016-02-23,09:14:00,331,3,2716
14451,2016-02-23,09:19:00,376,2,2851
14452,2016-02-23,09:25:00,3,2,4102
14453,2016-02-23,09:26:00,340,4,1119
14454,2016-02-23,09:28:00,381,2,4220
14455,2016-02-23,09:32:00,293,1,4068
14456,2016-02-23,09:47:00,188,1,4573
14457,2016-02-23,09:50:00,415,2,1369
14458,2016-02-23,10:03:00,51,1,1147
14459,2016-02-23,10:04:00,322,1,10038
14460,2016-02-23,10:12:00,396,1,5054
14461,2016-02-23,10:15:00,124,4,3614
14462,2016-02-23,10:16:00,101,2,6517
14463,2016-02-23,10:16:00,126,1,9617
14464,2016-02-23,10:28:00,265,1,8582
14465,2016-02-23,10:29:00,204,1,3005
14466,2016-02-23,10:31:00,226,2,1068
14467,2016-02-23,10:33:00,108,4,6379
14468,2016-02-23,10:34:00,14,1,6070
14469,2016-02-23,10:36:00,400,3,3714
14470,2016-02-23,10:39:00,37,5,8479
14471,2016-02-23,10:40:00,312,4,6433
14472,2016-02-23,10:44:00,281,4,1370
14473,2016-02-23,10:46:00,131,3,1297
14474,2016-02-23,10:50:00,26,3,6468
14475,2016-02-23,10:53:00,335,1,9304
14476,2016-02-23,10:58:00,392,2,7977
14477,2016-02-23,10:58:00,184,1,8022
14478,2016-02-23,11:03:00,360,1,7008
14479,2016-02-23,11:36:00,38,1,9858
14480,2016-02-23,11:41:00,18,1,3557
14481,2016-02-23,11:41:00,88,1,7250
14482,2016-02-23,11:41:00,173,2,5868
14483,2016-02-23,11:45:00,213,4,5612
14484,2016-02-23,11:47:00,287,2,5623
14485,2016-02-23,11:51:00,124,2,6564
14486,2016-02-23,11:51:00,93,1,10458
14487,2016-02-23,11:58:00,121,2,11509
14488,2016-02-23,12:06:00,108,3,10855
14489,2016-02-23,12:07:00,306,4,11501
14490,2016-02-23,12:12:00,103,2,11271
14491,2016-02-23,12:13:00,270,2,10306
14492,2016-02-23,12:14:00,91,3,4078
14493,2016-02-23,12:16:00,442,2,5907
14494,2016-02-23,12:20:00,92,2,6275
14495,2016-02-23,12:24:00,129,3,11027
14496,2016-02-23,12:33:00,185,2,2571
14497,2016-02-23,12:40:00,458,4,8638
14498,2016-02-23,12:46:00,207,3,10465
14499,2016-02-23,12:57:00,338,1,4954
14500,2016-02-23,13:04:00,168,1,11046
14501,2016-02-23,13:17:00,13,2,5902
14502,2016-02-23,13:29:00,219,2,11526
14503,2016-02-23,13:29:00,42,2,4472
14504,2016-02-23,13:38:00,138,2,332
14505,2016-02-23,13:41:00,395,2,6454
14506,2016-02-23,13:45:00,138,1,1890
14507,2016-02-23,13:56:00,456,1,11050
14508,2016-02-23,13:57:00,299,3,9886
14509,2016-02-23,14:00:00,266,2,7097
14510,2016-02-23,14:09:00,25,2,4270
14511,2016-02-23,14:21:00,132,1,7716
14512,2016-02-23,14:25:00,350,1,8868
14513,2016-02-23,14:26:00,243,3,2174
14514,2016-02-23,14:31:00,14,5,10655
14515,2016-02-23,14:33:00,448,3,9241
14516,2016-02-23,14:34:00,21,4,823
14517,2016-02-23,14:38:00,362,2,1657
14518,2016-02-23,14:42:00,20,2,3705
14519,2016-02-23,14:43:00,326,1,6053
14520,2016-02-23,14:45:00,341,1,2151
14521,2016-02-23,14:55:00,4,1,11080
14522,2016-02-23,15:02:00,50,1,5858
14523,2016-02-23,15:11:00,172,3,6927
14524,2016-02-23,15:17:00,220,1,5136
14525,2016-02-23,15:22:00,42,1,2585
14526,2016-02-23,15:22:00,332,1,6934
14527,2016-02-23,15:27:00,371,2,7766
14528,2016-02-23,15:28:00,206,2,11476
14529,2016-02-23,15:32:00,65,1,7675
14530,2016-02-23,15:35:00,16,3,11062
14531,2016-02-23,15:57:00,367,1,8764
14532,2016-02-23,15:59:00,134,3,568
14533,2016-02-23,16:04:00,32,3,7454
14534,2016-02-23,16:07:00,45,1,6162
14535,2016-02-23,16:16:00,260,2,9721
14536,2016-02-23,16:18:00,191,1,8789
14537,2016-02-23,16:20:00,382,2,6117
14538,2016-02-23,16:21:00,70,1,1684
14539,2016-02-23,16:22:00,172,1,9734
14540,2016-02-23,16:24:00,458,1,2024
14541,2016-02-23,16:36:00,400,2,10913
14542,2016-02-23,16:39:00,36,4,7623
14543,2016-02-23,16:49:00,445,2,3400
14544,2016-02-23,16:54:00,46,1,8364
14545,2016-02-23,16:57:00,286,2,10935
14546,2016-02-23,16:59:00,224,3,455
14547,2016-02-23,17:12:00,283,2,10526
14548,2016-02-23,17:15:00,25,2,7042
14549,2016-02-23,17:17:00,365,2,1328
14550,2016-02-23,17:27:00,132,2,7792
14551,2016-02-23,17:40:00,246,1,1083
14552,2016-02-23,17:45:00,158,1,9777
14553,2016-02-23,17:50:00,288,1,8992
14554,2016-02-23,17:53:00,304,2,1741
14555,2016-02-23,17:57:00,396,1,9677
14556,2016-02-23,17:58:00,74,2,11799
14557,2016-02-23,18:01:00,363,2,3282
14558,2016-02-23,18:38:00,299,3,4090
14559,2016-02-23,18:40:00,340,3,9079
14560,2016-02-23,18:43:00,86,2,928
14561,2016-02-23,18:47:00,441,1,5337
14562,2016-02-23,18:47:00,89,3,8505
14563,2016-02-23,18:54:00,76,2,3698
14564,2016-02-23,19:00:00,53,1,5857
14565,2016-02-23,19:09:00,375,2,11531
14566,2016-02-23,19:10:00,155,2,4379
14567,2016-02-23,19:12:00,90,2,1825
14568,2016-02-23,19:16:00,445,1,1334
14569,2016-02-23,19:20:00,38,1,11486
14570,2016-02-23,19:20:00,155,1,11791
14571,2016-02-23,19:21:00,257,1,402
14572,2016-02-23,19:28:00,136,2,3650
14573,2016-02-23,19:36:00,319,1,4693
14574,2016-02-23,19:41:00,368,1,4867
14575,2016-02-23,20:00:00,429,3,6638
14576,2016-02-23,20:18:00,177,2,9152
14577,2016-02-23,20:27:00,416,1,8939
14578,2016-02-23,20:30:00,16,1,5178
14579,2016-02-23,20:39:00,379,3,2417
14580,2016-02-23,20:48:00,240,2,11710
14581,2016-02-23,20:57:00,372,4,2433
14582,2016-02-23,21:14:00,109,1,10786
14583,2016-02-23,21:17:00,424,1,6947
14584,2016-02-23,21:28:00,425,3,11191
14585,2016-02-23,21:30:00,301,4,1473
14586,2016-02-23,21:32:00,121,1,7478
14587,2016-02-23,21:35:00,1,1,3872
14588,2016-02-23,21:45:00,61,2,4668
14589,2016-02-23,21:47:00,330,2,5397
14590,2016-02-23,21:48:00,369,2,1839
14591,2016-02-23,21:50:00,64,2,9114
14592,2016-02-23,21:52:00,433,1,5291
14593,2016-02-23,22:01:00,200,1,8613
14594,2016-02-23,22:05:00,298,2,1208
14595,2016-02-23,22:11:00,299,3,8001
14596,2016-02-23,22:20:00,4,2,2370
14597,2016-02-23,22:21:00,192,1,10690
14598,2016-02-23,22:22:00,341,1,8107
14599,2016-02-23,22:27:00,396,1,3428
14600,2016-02-23,22:29:00,116,2,987
14601,2016-02-23,22:29:00,345,1,4989
14602,2016-02-23,22:32:00,355,3,9312
14603,2016-02-23,22:43:00,290,1,7455
14604,2016-02-23,22:48:00,239,2,8850
14605,2016-02-23,22:54:00,147,3,10058
14606,2016-02-23,23:03:00,13,1,2512
14607,2016-02-23,23:08:00,132,4,11269
14608,2016-02-23,23:14:00,411,1,9217
14609,2016-02-23,23:25:00,158,2,4125
14610,2016-02-23,23:29:00,344,1,4636
14611,2016-02-23,23:46:00,266,5,5523
14612,2016-02-23,23:49:00,68,1,1684
14613,2016-02-23,23:56:00,72,4,11800
14614,2016-02-23,23:58:00,53,3,11993
14615,2016-02-24,00:03:00,123,1,4566
14616,2016-02-24,00:11:00,135,1,5141
14617,2016-02-24,00:12:00,366,2,4093
14618,2016-02-24,00:26:00,340,1,6028
14619,2016-02-24,00:27:00,75,2,11808
14620,2016-02-24,00:27:00,277,2,1963
14621,2016-02-24,00:39:00,318,1,5079
14622,2016-02-24,00:45:00,263,1,10178
14623,2016-02-24,00:46:00,269,1,11394
14624,2016-02-24,00:48:00,370,1,6803
14625,2016-02-24,00:54:00,362,2,8103
14626,2016-02-24,01:05:00,44,2,8064
14627,2016-02-24,01:09:00,368,4,8907
14628,2016-02-24,01:27:00,99,3,4010
14629,2016-02-24,01:27:00,175,2,11248
14630,2016-02-24,01:28:00,380,1,10159
14631,2016-02-24,01:41:00,263,3,11397
14632,2016-02-24,01:42:00,235,2,894
14633,2016-02-24,01:42:00,115,1,8545
14634,2016-02-24,01:46:00,278,1,1243
14635,2016-02-24,01:52:00,312,2,9891
14636,2016-02-24,01:59:00,397,3,6227
14637,2016-02-24,02:08:00,324,1,2536
14638,2016-02-24,02:13:00,377,3,7439
14639,2016-02-24,02:15:00,301,1,6264
14640,2016-02-24,02:35:00,218,2,709
14641,2016-02-24,02:36:00,454,1,3172
14642,2016-02-24,02:36:00,174,3,10192
14643,2016-02-24,02:53:00,270,1,10712
14644,2016-02-24,02:54:00,212,1,1766
14645,2016-02-24,03:01:00,318,1,4200
14646,2016-02-24,03:01:00,278,1,10919
14647,2016-02-24,03:02:00,427,2,10307
14648,2016-02-24,03:02:00,181,1,9313
14649,2016-02-24,03:03:00,227,1,10354
14650,2016-02-24,03:04:00,226,1,9439
14651,2016-02-24,03:05:00,224,1,1448
14652,2016-02-24,03:15:00,349,1,7902
14653,2016-02-24,03:23:00,340,2,2756
14654,2016-02-24,03:25:00,349,3,6443
14655,2016-02-24,03:26:00,230,1,362
14656,2016-02-24,03:28:00,155,3,7519
14657,2016-02-24,03:28:00,86,2,8163
14658,2016-02-24,03:37:00,421,1,654
14659,2016-02-24,03:45:00,185,1,396
14660,2016-02-24,03:49:00,244,2,7672
14661,2016-02-24,03:53:00,320,3,4599
14662,2016-02-24,04:05:00,239,7,2679
14663,2016-02-24,04:05:00,286,1,5291
14664,2016-02-24,04:18:00,358,1,10047
14665,2016-02-24,04:22:00,71,2,3660
14666,2016-02-24,04:27:00,184,1,3803
14667,2016-02-24,04:31:00,375,1,7939
14668,2016-02-24,04:53:00,298,2,5586
14669,2016-02-24,05:06:00,385,2,7267
14670,2016-02-24,05:10:00,185,2,5527
14671,2016-02-24,05:11:00,193,2,1333
14672,2016-02-24,05:12:00,398,2,2724
14673,2016-02-24,05:23:00,372,1,439
14674,2016-02-24,05:23:00,303,4,3836
14675,2016-02-24,05:27:00,384,5,4080
14676,2016-02-24,05:46:00,377,3,4957
14677,2016-02-24,05:49:00,414,3,8636
14678,2016-02-24,05:51:00,344,3,10958
14679,2016-02-24,05:53:00,371,1,1724
14680,2016-02-24,06:14:00,458,2,3776
14681,2016-02-24,06:14:00,422,1,11829
14682,2016-02-24,06:15:00,141,2,1232
14683,2016-02-24,06:22:00,394,3,9287
14684,2016-02-24,06:39:00,95,2,9285
14685,2016-02-24,06:46:00,36,1,4818
14686,2016-02-24,06:56:00,319,1,4820
14687,2016-02-24,07:07:00,18,2,4930
14688,2016-02-24,07:12:00,306,2,2714
14689,2016-02-24,07:13:00,81,2,6317
14690,2016-02-24,07:18:00,364,2,4663
14691,2016-02-24,07:26:00,28,1,11521
14692,2016-02-24,07:37:00,138,2,10167
14693,2016-02-24,07:49:00,197,2,2686
14694,2016-02-24,07:55:00,376,3,5918
14695,2016-02-24,08:12:00,434,2,5098
14696,2016-02-24,08:19:00,365,1,1712
14697,2016-02-24,08:24:00,419,2,3656
14698,2016-02-24,08:27:00,285,2,231
14699,2016-02-24,08:31:00,271,1,4826
14700,2016-02-24,08:49:00,403,1,2998
14701,2016-02-24,08:49:00,50,1,5326
14702,2016-02-24,08:50:00,201,2,2738
14703,2016-02-24,08:58:00,312,1,7248
14704,2016-02-24,09:04:00,348,1,8725
14705,2016-02-24,09:04:00,143,2,1276
14706,2016-02-24,09:05:00,377,2,3774
14707,2016-02-24,09:07:00,270,3,11784
14708,2016-02-24,09:11:00,244,2,11275
14709,2016-02-24,09:11:00,212,3,9337
14710,2016-02-24,09:16:00,365,2,662
14711,2016-02-24,09:22:00,99,2,2149
14712,2016-02-24,09:28:00,135,4,5624
14713,2016-02-24,09:31:00,331,1,6301
14714,2016-02-24,09:32:00,406,2,6168
14715,2016-02-24,09:34:00,304,1,9179
14716,2016-02-24,09:35:00,230,2,7028
14717,2016-02-24,09:36:00,314,2,6706
14718,2016-02-24,09:39:00,294,1,7129
14719,2016-02-24,09:59:00,454,4,5468
14720,2016-02-24,10:05:00,248,3,3341
14721,2016-02-24,10:10:00,341,1,6731
14722,2016-02-24,10:14:00,121,1,1263
14723,2016-02-24,10:21:00,350,1,1809
14724,2016-02-24,10:33:00,151,1,354
14725,2016-02-24,10:38:00,55,1,7646
14726,2016-02-24,10:47:00,336,2,4872
14727,2016-02-24,10:49:00,158,1,11321
14728,2016-02-24,10:53:00,420,2,1578
14729,2016-02-24,10:54:00,227,3,2339
14730,2016-02-24,10:58:00,307,2,4839
14731,2016-02-24,11:00:00,440,3,9518
14732,2016-02-24,11:02:00,273,2,8786
14733,2016-02-24,11:04:00,117,2,7886
14734,2016-02-24,11:10:00,83,2,3215
14735,2016-02-24,11:12:00,229,2,649
14736,2016-02-24,11:16:00,234,3,3444
14737,2016-02-24,11:21:00,330,2,11273
14738,2016-02-24,11:23:00,186,3,7197
14739,2016-02-24,11:28:00,285,2,4259
14740,2016-02-24,11:28:00,144,2,10438
14741,2016-02-24,11:38:00,32,2,11533
14742,2016-02-24,11:48:00,234,2,2325
14743,2016-02-24,11:54:00,285,1,2983
14744,2016-02-24,11:58:00,29,1,4308
14745,2016-02-24,12:02:00,292,1,10622
14746,2016-02-24,12:06:00,310,4,7051
14747,2016-02-24,12:07:00,81,3,11353
14748,2016-02-24,12:07:00,73,1,10489
14749,2016-02-24,12:10:00,300,3,5559
14750,2016-02-24,12:11:00,14,3,11026
14751,2016-02-24,12:15:00,346,1,832
14752,2016-02-24,12:18:00,34,1,7249
14753,2016-02-24,12:41:00,43,1,8157
14754,2016-02-24,12:43:00,276,2,5854
14755,2016-02-24,12:45:00,411,2,6691
14756,2016-02-24,12:50:00,50,2,1637
14757,2016-02-24,12:56:00,111,1,3452
14758,2016-02-24,13:00:00,269,1,8580
14759,2016-02-24,13:05:00,458,2,10751
14760,2016-02-24,13:07:00,116,2,30
14761,2016-02-24,13:08:00,255,3,8368
14762,2016-02-24,13:15:00,255,2,11024
14763,2016-02-24,13:15:00,321,1,2133
14764,2016-02-24,13:18:00,201,2,1681
14765,2016-02-24,13:19:00,20,1,9653
14766,2016-02-24,13:23:00,58,2,11497
14767,2016-02-24,13:28:00,261,1,2585
14768,2016-02-24,13:30:00,128,3,8724
14769,2016-02-24,13:49:00,329,4,10508
14770,2016-02-24,13:54:00,308,3,5098
14771,2016-02-24,14:04:00,135,2,8395
14772,2016-02-24,14:11:00,114,2,7038
14773,2016-02-24,14:17:00,435,1,10709
14774,2016-02-24,14:19:00,233,4,11886
14775,2016-02-24,14:23:00,181,3,5290
14776,2016-02-24,14:24:00,23,1,11052
14777,2016-02-24,14:47:00,342,1,6667
14778,2016-02-24,14:53:00,441,2,4851
14779,2016-02-24,14:54:00,245,4,7144
14780,2016-02-24,14:54:00,450,1,8660
14781,2016-02-24,15:07:00,357,3,4051
14782,2016-02-24,15:08:00,204,2,1326
14783,2016-02-24,15:08:00,341,1,1905
14784,2016-02-24,15:20:00,204,2,4840
14785,2016-02-24,15:32:00,178,2,11074
14786,2016-02-24,15:40:00,267,6,1431
14787,2016-02-24,15:40:00,251,3,10383
14788,2016-02-24,15:43:00,397,1,537
14789,2016-02-24,15:45:00,59,1,3618
14790,2016-02-24,15:46:00,4,1,9820
14791,2016-02-24,15:49:00,332,3,174
14792,2016-02-24,15:50:00,53,1,528
14793,2016-02-24,16:13:00,207,1,4543
14794,2016-02-24,16:14:00,397,1,2019
14795,2016-02-24,16:19:00,449,3,11853
14796,2016-02-24,16:19:00,393,2,7240
14797,2016-02-24,16:24:00,286,1,9447
14798,2016-02-24,16:48:00,40,3,7707
14799,2016-02-24,16:49:00,11,1,10809
14800,2016-02-24,16:51:00,75,1,1878
14801,2016-02-24,16:52:00,442,1,3802
14802,2016-02-24,16:54:00,412,1,10311
14803,2016-02-24,16:56:00,134,4,259
14804,2016-02-24,16:59:00,416,1,10215
14805,2016-02-24,17:01:00,314,1,2181
14806,2016-02-24,17:03:00,435,1,6942
14807,2016-02-24,17:10:00,388,2,1333
14808,2016-02-24,17:15:00,206,2,2688
14809,2016-02-24,17:17:00,420,2,7983
14810,2016-02-24,17:19:00,391,1,1581
14811,2016-02-24,17:22:00,46,3,1861
14812,2016-02-24,17:24:00,272,1,11990
14813,2016-02-24,17:25:00,308,2,7499
14814,2016-02-24,17:35:00,376,1,527
14815,2016-02-24,17:41:00,275,1,7407
14816,2016-02-24,17:42:00,321,2,7331
14817,2016-02-24,18:02:00,354,2,10537
14818,2016-02-24,18:13:00,93,1,2266
14819,2016-02-24,18:14:00,253,3,3952
14820,2016-02-24,18:24:00,412,1,7245
14821,2016-02-24,18:25:00,64,3,6506
14822,2016-02-24,18:30:00,308,3,8497
14823,2016-02-24,18:32:00,232,1,5902
14824,2016-02-24,18:33:00,27,2,6622
14825,2016-02-24,18:36:00,167,1,2070
14826,2016-02-24,18:38:00,61,2,8217
14827,2016-02-24,18:41:00,394,1,9375
14828,2016-02-24,18:46:00,233,1,6324
14829,2016-02-24,18:49:00,219,3,12000
14830,2016-02-24,19:03:00,175,5,541
14831,2016-02-24,19:04:00,157,1,2797
14832,2016-02-24,19:08:00,169,3,3944
14833,2016-02-24,19:15:00,144,3,2213
14834,2016-02-24,19:15:00,178,2,1207
14835,2016-02-24,19:20:00,294,2,5345
14836,2016-02-24,19:21:00,409,4,10956
14837,2016-02-24,19:22:00,128,2,2772
14838,2016-02-24,19:23:00,293,2,3542
14839,2016-02-24,19:29:00,441,1,1766
14840,2016-02-24,19:46:00,250,2,5115
14841,2016-02-24,19:46:00,426,1,9965
14842,2016-02-24,20:01:00,295,2,8456
14843,2016-02-24,20:03:00,291,3,2992
14844,2016-02-24,20:05:00,317,1,6543
14845,2016-02-24,20:06:00,130,3,2303
14846,2016-02-24,20:14:00,147,1,9984
14847,2016-02-24,20:14:00,319,3,9061
14848,2016-02-24,20:20:00,16,1,5253
14849,2016-02-24,20:21:00,346,1,9492
14850,2016-02-24,20:24:00,142,1,7676
14851,2016-02-24,20:43:00,407,2,4606
14852,2016-02-24,20:48:00,43,3,870
14853,2016-02-24,20:51:00,353,2,9056
14854,2016-02-24,20:51:00,430,2,599
14855,2016-02-24,21:00:00,128,2,4286
14856,2016-02-24,21:02:00,323,1,10178
14857,2016-02-24,21:06:00,295,1,4580
14858,2016-02-24,21:13:00,78,3,1298
14859,2016-02-24,21:27:00,171,2,7793
14860,2016-02-24,21:27:00,418,1,9412
14861,2016-02-24,21:31:00,247,1,1244
14862,2016-02-24,21:41:00,169,1,4419
14863,2016-02-24,21:46:00,378,2,8866
14864,2016-02-24,21:57:00,396,1,1238
14865,2016-02-24,22:23:00,452,2,8607
14866,2016-02-24,22:24:00,55,1,8701
14867,2016-02-24,22:36:00,151,3,9520
14868,2016-02-24,22:37:00,320,5,10525
14869,2016-02-24,22:48:00,457,2,10823
14870,2016-02-24,22:48:00,328,1,836
14871,2016-02-24,22:49:00,363,3,962
14872,2016-02-24,22:51:00,357,1,3708
14873,2016-02-24,23:04:00,120,2,9705
14874,2016-02-24,23:55:00,219,3,6153
14875,2016-02-24,23:59:00,233,2,5925
14876,2016-02-25,00:14:00,333,1,8904
14877,2016-02-25,00:18:00,284,1,843
14878,2016-02-25,00:19:00,61,2,966
14879,2016-02-25,00:26:00,385,1,1353
14880,2016-02-25,00:30:00,298,2,2180
14881,2016-02-25,00:51:00,325,3,1220
14882,2016-02-25,00:51:00,88,1,11705
14883,2016-02-25,00:52:00,66,4,11851
14884,2016-02-25,00:53:00,176,3,8564
14885,2016-02-25,00:58:00,352,2,10753
14886,2016-02-25,01:04:00,68,2,9822
14887,2016-02-25,01:09:00,185,2,7282
14888,2016-02-25,01:11:00,111,2,6878
14889,2016-02-25,01:14:00,204,2,3658
14890,2016-02-25,01:14:00,221,4,7776
14891,2016-02-25,01:16:00,52,2,4200
14892,2016-02-25,01:18:00,361,4,6859
14893,2016-02-25,01:26:00,76,2,3512
14894,2016-02-25,01:26:00,15,2,6561
14895,2016-02-25,01:40:00,150,4,7232
14896,2016-02-25,01:41:00,405,1,5014
14897,2016-02-25,01:44:00,14,1,1633
14898,2016-02-25,01:47:00,329,1,8516
14899,2016-02-25,01:48:00,436,2,1293
14900,2016-02-25,02:12:00,402,2,10635
14901,2016-02-25,02:13:00,74,2,6462
14902,2016-02-25,02:16:00,319,1,7160
14903,2016-02-25,02:17:00,153,1,10153
14904,2016-02-25,02:20:00,1,3,10333
14905,2016-02-25,02:28:00,374,4,7548
14906,2016-02-25,02:36:00,41,1,4510
14907,2016-02-25,02:39:00,136,1,6071
14908,2016-02-25,02:41:00,213,3,741
14909,2016-02-25,02:42:00,389,1,8824
14910,2016-02-25,02:45:00,284,1,1936
14911,2016-02-25,03:02:00,239,2,2572
14912,2016-02-25,03:02:00,430,3,9224
14913,2016-02-25,03:04:00,14,3,11102
14914,2016-02-25,03:24:00,443,1,3379
14915,2016-02-25,03:52:00,392,2,9785
14916,2016-02-25,03:55:00,262,3,7111
14917,2016-02-25,04:03:00,269,1,4161
14918,2016-02-25,04:04:00,26,2,11204
14919,2016-02-25,04:07:00,171,1,10401
14920,2016-02-25,04:13:00,123,1,8395
14921,2016-02-25,04:19:00,270,3,11595
14922,2016-02-25,04:24:00,348,2,3914
14923,2016-02-25,04:41:00,307,1,1880
14924,2016-02-25,04:48:00,440,3,3862
14925,2016-02-25,04:50:00,215,1,4737
14926,2016-02-25,04:53:00,137,2,8437
14927,2016-02-25,04:57:00,202,2,1193
14928,2016-02-25,05:08:00,104,2,5131
14929,2016-02-25,05:10:00,211,1,5683
14930,2016-02-25,05:29:00,248,3,11570
14931,2016-02-25,05:35:00,53,3,2197
14932,2016-02-25,05:45:00,454,2,2409
14933,2016-02-25,05:47:00,95,1,4057
14934,2016-02-25,05:49:00,53,2,2832
14935,2016-02-25,05:51:00,179,1,779
14936,2016-02-25,06:06:00,267,4,10696
14937,2016-02-25,06:14:00,249,2,2131
14938,2016-02-25,06:15:00,193,2,8617
14939,2016-02-25,06:18:00,55,4,11630
14940,2016-02-25,06:28:00,269,3,2128
14941,2016-02-25,06:36:00,274,1,10594
14942,2016-02-25,06:46:00,64,2,11359
14943,2016-02-25,06:49:00,181,1,4586
14944,2016-02-25,06:56:00,65,1,6561
14945,2016-02-25,06:56:00,383,5,8291
14946,2016-02-25,07:01:00,407,4,8442
14947,2016-02-25,07:04:00,443,2,6281
14948,2016-02-25,07:04:00,60,3,11776
14949,2016-02-25,07:07:00,261,4,502
14950,2016-02-25,07:16:00,391,2,5668
14951,2016-02-25,07:18:00,179,2,859
14952,2016-02-25,07:22:00,42,1,1949
14953,2016-02-25,07:22:00,257,4,10156
14954,2016-02-25,07:24:00,427,1,7668
14955,2016-02-25,07:31:00,292,2,8398
14956,2016-02-25,07:38:00,325,3,4428
14957,2016-02-25,07:38:00,214,1,9230
14958,2016-02-25,07:42:00,85,2,4704
14959,2016-02-25,07:44:00,360,2,8340
14960,2016-02-25,07:58:00,172,1,11872
14961,2016-02-25,08:10:00,425,1,7083
14962,2016-02-25,08:17:00,456,2,8083
14963,2016-02-25,08:54:00,364,2,3602
14964,2016-02-25,08:58:00,375,1,1380
14965,2016-02-25,09:05:00,268,1,5390
14966,2016-02-25,09:11:00,35,3,6092
14967,2016-02-25,09:18:00,353,2,5344
14968,2016-02-25,09:25:00,240,1,301
14969,2016-02-25,09:31:00,445,1,4680
14970,2016-02-25,09:31:00,227,1,6361
14971,2016-02-25,09:41:00,241,2,5290
14972,2016-02-25,09:48:00,342,2,4112
14973,2016-02-25,09:50:00,112,2,3447
14974,2016-02-25,09:51:00,329,1,3757
14975,2016-02-25,09:57:00,149,1,7634
14976,2016-02-25,10:00:00,158,2,7894
14977,2016-02-25,10:01:00,383,3,2172
14978,2016-02-25,10:01:00,386,2,5662
14979,2016-02-25,10:05:00,127,4,9388
14980,2016-02-25,10:07:00,75,4,2669
14981,2016-02-25,10:10:00,388,3,21
14982,2016-02-25,10:38:00,412,1,10352
14983,2016-02-25,11:04:00,302,2,1662
14984,2016-02-25,11:08:00,57,1,1681
14985,2016-02-25,11:08:00,398,1,6115
14986,2016-02-25,11:21:00,16,2,1003
14987,2016-02-25,11:22:00,44,2,6450
14988,2016-02-25,11:23:00,32,3,7697
14989,2016-02-25,11:32:00,59,2,4772
14990,2016-02-25,11:33:00,396,3,1701
14991,2016-02-25,11:49:00,181,1,3070
14992,2016-02-25,11:50:00,285,2,6503
14993,2016-02-25,11:56:00,35,4,8076
14994,2016-02-25,11:58:00,113,2,6090
14995,2016-02-25,12:00:00,362,3,9248
14996,2016-02-25,12:06:00,278,4,10175
14997,2016-02-25,12:08:00,130,2,5038
14998,2016-02-25,12:15:00,176,2,8605
14999,2016-02-25,12:36:00,405,1,4123
15000,2016-02-25,12:44:00,172,1,9874
15001,2016-02-25,12:44:00,64,2,9953
15002,2016-02-25,12:45:00,245,3,8493
15003,2016-02-25,12:52:00,286,1,6135
15004,2016-02-25,12:59:00,226,3,11395
15005,2016-02-25,13:01:00,126,4,10480
15006,2016-02-25,13:14:00,43,2,10049
15007,2016-02-25,13:14:00,326,2,4390
15008,2016-02-25,13:27:00,9,1,580
15009,2016-02-25,13:28:00,357,1,10346
15010,2016-02-25,13:32:00,295,3,6328
15011,2016-02-25,13:34:00,199,1,9023
15012,2016-02-25,13:37:00,184,2,9034
15013,2016-02-25,13:44:00,437,1,2206
15014,2016-02-25,13:44:00,18,3,11377
15015,2016-02-25,13:50:00,47,1,5497
15016,2016-02-25,13:51:00,98,2,11830
15017,2016-02-25,13:54:00,358,2,9912
15018,2016-02-25,13:56:00,398,2,3262
15019,2016-02-25,14:01:00,274,2,8004
15020,2016-02-25,14:18:00,11,3,6397
15021,2016-02-25,14:19:00,99,5,1387
15022,2016-02-25,14:22:00,47,1,5825
15023,2016-02-25,14:27:00,292,2,7484
15024,2016-02-25,14:28:00,4,2,2977
15025,2016-02-25,14:31:00,452,3,897
15026,2016-02-25,14:45:00,320,2,6712
15027,2016-02-25,14:46:00,195,3,10017
15028,2016-02-25,14:58:00,257,1,8193
15029,2016-02-25,14:58:00,397,2,4176
15030,2016-02-25,14:59:00,53,2,3354
15031,2016-02-25,15:06:00,131,2,8034
15032,2016-02-25,15:09:00,227,1,8340
15033,2016-02-25,15:18:00,328,1,10339
15034,2016-02-25,15:34:00,380,2,4940
15035,2016-02-25,15:35:00,219,2,4040
15036,2016-02-25,15:43:00,85,2,11734
15037,2016-02-25,15:43:00,194,1,2551
15038,2016-02-25,15:57:00,330,1,4984
15039,2016-02-25,16:03:00,230,2,4542
15040,2016-02-25,16:08:00,10,1,7093
15041,2016-02-25,16:11:00,354,1,3606
15042,2016-02-25,16:12:00,180,1,6171
15043,2016-02-25,16:15:00,422,2,11559
15044,2016-02-25,16:26:00,446,1,7441
15045,2016-02-25,16:29:00,176,1,6293
15046,2016-02-25,16:32:00,293,1,5374
15047,2016-02-25,16:32:00,165,1,9474
15048,2016-02-25,16:38:00,314,1,3633
15049,2016-02-25,16:40:00,49,2,3486
15050,2016-02-25,16:41:00,384,1,5356
15051,2016-02-25,16:44:00,347,4,4154
15052,2016-02-25,16:47:00,392,2,7780
15053,2016-02-25,16:50:00,84,1,5234
15054,2016-02-25,16:52:00,123,3,1824
15055,2016-02-25,17:11:00,288,2,5308
15056,2016-02-25,17:15:00,10,1,7590
15057,2016-02-25,17:20:00,349,3,5234
15058,2016-02-25,17:23:00,228,3,8832
15059,2016-02-25,17:32:00,436,2,82
15060,2016-02-25,17:34:00,284,1,2335
15061,2016-02-25,17:39:00,249,1,8464
15062,2016-02-25,17:40:00,421,1,2376
15063,2016-02-25,17:43:00,300,2,4423
15064,2016-02-25,17:44:00,362,2,9749
15065,2016-02-25,17:44:00,74,2,7516
15066,2016-02-25,17:56:00,17,1,3256
15067,2016-02-25,18:00:00,320,4,5072
15068,2016-02-25,18:04:00,59,2,2973
15069,2016-02-25,18:12:00,202,1,2428
15070,2016-02-25,18:19:00,381,3,9425
15071,2016-02-25,18:36:00,212,3,750
15072,2016-02-25,18:48:00,340,2,364
15073,2016-02-25,18:52:00,370,1,9379
15074,2016-02-25,19:02:00,55,2,4220
15075,2016-02-25,19:16:00,268,1,5362
15076,2016-02-25,19:32:00,168,1,8502
15077,2016-02-25,19:36:00,263,2,2904
15078,2016-02-25,19:41:00,210,1,8152
15079,2016-02-25,19:44:00,449,2,5064
15080,2016-02-25,19:44:00,60,1,1599
15081,2016-02-25,19:49:00,105,2,100
15082,2016-02-25,19:49:00,132,3,6027
15083,2016-02-25,19:52:00,234,1,4783
15084,2016-02-25,19:55:00,130,2,10548
15085,2016-02-25,19:56:00,247,3,7897
15086,2016-02-25,20:03:00,123,2,1963
15087,2016-02-25,20:07:00,74,1,6502
15088,2016-02-25,20:10:00,455,3,6333
15089,2016-02-25,20:14:00,37,3,1926
15090,2016-02-25,20:23:00,79,1,3761
15091,2016-02-25,20:29:00,338,2,2956
15092,2016-02-25,20:40:00,27,1,5452
15093,2016-02-25,20:44:00,319,3,58
15094,2016-02-25,20:49:00,338,3,5942
15095,2016-02-25,20:52:00,132,2,3600
15096,2016-02-25,20:53:00,50,2,1150
15097,2016-02-25,20:56:00,44,4,5240
15098,2016-02-25,21:04:00,173,2,9058
15099,2016-02-25,21:18:00,131,3,6348
15100,2016-02-25,21:24:00,243,3,6639
15101,2016-02-25,21:28:00,16,1,8570
15102,2016-02-25,21:29:00,452,4,6370
15103,2016-02-25,21:29:00,20,1,6813
15104,2016-02-25,21:30:00,440,1,3098
15105,2016-02-25,21:38:00,37,3,6268
15106,2016-02-25,21:51:00,87,1,5954
15107,2016-02-25,21:53:00,4,1,652
15108,2016-02-25,22:03:00,397,1,10488
15109,2016-02-25,22:08:00,411,1,9549
15110,2016-02-25,22:09:00,384,3,5241
15111,2016-02-25,22:10:00,188,1,8028
15112,2016-02-25,22:18:00,12,1,2571
15113,2016-02-25,22:23:00,405,1,11080
15114,2016-02-25,22:24:00,148,2,6997
15115,2016-02-25,22:27:00,414,3,1167
15116,2016-02-25,22:35:00,22,3,11089
15117,2016-02-25,22:36:00,199,2,3326
15118,2016-02-25,22:36:00,174,2,7331
15119,2016-02-25,22:40:00,193,3,9717
15120,2016-02-25,22:45:00,55,1,9103
15121,2016-02-25,22:53:00,259,1,10225
15122,2016-02-25,22:57:00,194,4,10360
15123,2016-02-25,23:24:00,352,1,10769
15124,2016-02-25,23:26:00,451,3,1647
15125,2016-02-25,23:28:00,264,1,5941
15126,2016-02-25,23:41:00,314,2,4834
15127,2016-02-25,23:44:00,4,3,11575
15128,2016-02-25,23:45:00,431,4,527
15129,2016-02-25,23:45:00,420,1,6255
15130,2016-02-25,23:47:00,271,3,9410
15131,2016-02-25,23:49:00,333,1,882
15132,2016-02-25,23:54:00,147,2,7536
15133,2016-02-25,23:55:00,205,2,4975
15134,2016-02-25,23:58:00,188,2,10577
15135,2016-02-26,00:01:00,340,2,3334
15136,2016-02-26,00:03:00,399,2,2399
15137,2016-02-26,00:05:00,455,1,5966
15138,2016-02-26,00:13:00,209,1,6761
15139,2016-02-26,00:15:00,126,5,11953
15140,2016-02-26,00:22:00,445,3,6377
15141,2016-02-26,00:29:00,134,2,4745
15142,2016-02-26,00:40:00,24,1,486
15143,2016-02-26,00:57:00,301,2,11856
15144,2016-02-26,01:03:00,411,2,5442
15145,2016-02-26,01:08:00,245,1,7878
15146,2016-02-26,01:10:00,109,2,9138
15147,2016-02-26,01:11:00,294,3,3448
15148,2016-02-26,01:24:00,385,3,11372
15149,2016-02-26,01:28:00,227,3,6665
15150,2016-02-26,01:38:00,127,1,7405
15151,2016-02-26,01:42:00,456,1,4867
15152,2016-02-26,01:52:00,358,2,10762
15153,2016-02-26,01:52:00,30,1,2017
15154,2016-02-26,02:06:00,321,2,6945
15155,2016-02-26,02:06:00,343,2,149
15156,2016-02-26,02:10:00,386,2,11360
15157,2016-02-26,02:16:00,438,1,2829
15158,2016-02-26,02:21:00,201,1,434
15159,2016-02-26,02:28:00,87,2,1654
15160,2016-02-26,02:28:00,268,3,11595
15161,2016-02-26,02:29:00,441,2,10196
15162,2016-02-26,02:36:00,149,2,5805
15163,2016-02-26,02:44:00,207,5,2863
15164,2016-02-26,02:49:00,242,2,11674
15165,2016-02-26,02:57:00,32,1,2265
15166,2016-02-26,03:00:00,161,2,5611
15167,2016-02-26,03:06:00,350,5,3798
15168,2016-02-26,03:11:00,136,1,1713
15169,2016-02-26,03:21:00,182,1,273
15170,2016-02-26,03:30:00,58,2,11406
15171,2016-02-26,03:31:00,45,4,8210
15172,2016-02-26,03:38:00,120,2,8373
15173,2016-02-26,03:44:00,221,1,816
15174,2016-02-26,03:53:00,57,1,2861
15175,2016-02-26,03:55:00,74,1,5415
15176,2016-02-26,04:00:00,86,3,10523
15177,2016-02-26,04:01:00,34,2,9589
15178,2016-02-26,04:02:00,189,3,6821
15179,2016-02-26,04:11:00,174,2,3129
15180,2016-02-26,04:16:00,401,4,9146
15181,2016-02-26,04:18:00,390,3,8044
15182,2016-02-26,04:29:00,282,2,844
15183,2016-02-26,04:30:00,199,2,1535
15184,2016-02-26,04:40:00,192,2,6813
15185,2016-02-26,04:43:00,247,2,8341
15186,2016-02-26,04:45:00,101,3,11377
15187,2016-02-26,04:47:00,210,2,5048
15188,2016-02-26,04:49:00,456,6,7809
15189,2016-02-26,04:50:00,80,6,8665
15190,2016-02-26,04:53:00,367,3,416
15191,2016-02-26,04:55:00,36,2,6770
15192,2016-02-26,04:55:00,332,1,1759
15193,2016-02-26,05:08:00,81,2,10911
15194,2016-02-26,05:10:00,63,2,4750
15195,2016-02-26,05:15:00,199,1,8826
15196,2016-02-26,05:25:00,245,2,1043
15197,2016-02-26,05:33:00,24,3,4311
15198,2016-02-26,05:35:00,236,1,2053
15199,2016-02-26,05:35:00,60,1,10259
15200,2016-02-26,05:35:00,131,2,4144
15201,2016-02-26,05:43:00,101,1,9198
15202,2016-02-26,05:58:00,245,2,6226
15203,2016-02-26,06:01:00,4,1,8504
15204,2016-02-26,06:10:00,387,1,3997
15205,2016-02-26,06:10:00,69,1,545
15206,2016-02-26,06:24:00,252,1,6824
15207,2016-02-26,06:32:00,287,2,11010
15208,2016-02-26,06:39:00,419,3,11693
15209,2016-02-26,06:46:00,203,2,4557
15210,2016-02-26,06:46:00,117,4,8400
15211,2016-02-26,06:52:00,326,2,11464
15212,2016-02-26,06:56:00,400,2,10073
15213,2016-02-26,07:01:00,437,2,11009
15214,2016-02-26,07:20:00,351,4,9186
15215,2016-02-26,07:24:00,139,2,6313
15216,2016-02-26,07:31:00,112,2,3678
15217,2016-02-26,07:32:00,46,1,7212
15218,2016-02-26,07:33:00,342,2,1982
15219,2016-02-26,07:42:00,180,1,3161
15220,2016-02-26,08:05:00,13,3,642
15221,2016-02-26,08:11:00,90,2,155
15222,2016-02-26,08:11:00,16,2,7016
15223,2016-02-26,08:14:00,277,3,7810
15224,2016-02-26,08:14:00,267,4,3473
15225,2016-02-26,08:31:00,140,5,5700
15226,2016-02-26,08:32:00,345,1,1347
15227,2016-02-26,08:33:00,383,2,3460
15228,2016-02-26,08:41:00,143,1,6546
15229,2016-02-26,08:42:00,192,3,10127
15230,2016-02-26,08:51:00,360,1,1071
15231,2016-02-26,08:58:00,349,3,748
15232,2016-02-26,08:59:00,172,2,2533
15233,2016-02-26,09:06:00,342,1,4092
15234,2016-02-26,09:26:00,360,1,3067
15235,2016-02-26,09:28:00,175,3,10891
15236,2016-02-26,09:33:00,331,3,7126
15237,2016-02-26,09:46:00,433,2,2342
15238,2016-02-26,09:46:00,344,1,5156
15239,2016-02-26,09:51:00,279,1,10419
15240,2016-02-26,09:51:00,373,2,10951
15241,2016-02-26,10:06:00,189,4,2644
15242,2016-02-26,10:07:00,25,3,2241
15243,2016-02-26,10:08:00,290,1,10387
15244,2016-02-26,10:12:00,345,1,1308
15245,2016-02-26,10:26:00,226,3,2345
15246,2016-02-26,10:51:00,116,3,3649
15247,2016-02-26,11:02:00,261,5,1434
15248,2016-02-26,11:11:00,198,5,10996
15249,2016-02-26,11:15:00,98,3,2876
15250,2016-02-26,11:18:00,354,4,5409
15251,2016-02-26,11:20:00,232,1,1674
15252,2016-02-26,11:23:00,287,1,502
15253,2016-02-26,11:24:00,155,2,375
15254,2016-02-26,11:46:00,321,4,6946
15255,2016-02-26,11:56:00,82,2,7481
15256,2016-02-26,11:57:00,213,2,11266
15257,2016-02-26,11:59:00,425,3,6316
15258,2016-02-26,12:09:00,125,2,11209
15259,2016-02-26,12:18:00,53,4,4805
15260,2016-02-26,12:20:00,279,2,7129
15261,2016-02-26,12:28:00,180,2,4848
15262,2016-02-26,12:31:00,2,1,8998
15263,2016-02-26,12:33:00,319,2,6819
15264,2016-02-26,12:36:00,424,2,5788
15265,2016-02-26,12:41:00,189,1,1741
15266,2016-02-26,12:45:00,12,3,3394
15267,2016-02-26,12:45:00,111,2,7684
15268,2016-02-26,12:50:00,115,2,10801
15269,2016-02-26,12:56:00,395,1,4066
15270,2016-02-26,13:09:00,263,3,4821
15271,2016-02-26,13:35:00,188,1,4632
15272,2016-02-26,13:37:00,74,3,3517
15273,2016-02-26,13:39:00,23,3,4490
15274,2016-02-26,13:54:00,158,2,9887
15275,2016-02-26,13:55:00,148,1,7686
15276,2016-02-26,14:03:00,103,1,4135
15277,2016-02-26,14:04:00,361,1,4737
15278,2016-02-26,14:10:00,295,2,10257
15279,2016-02-26,14:14:00,192,1,156
15280,2016-02-26,14:16:00,391,1,10734
15281,2016-02-26,14:26:00,388,2,3470
15282,2016-02-26,14:29:00,8,2,2868
15283,2016-02-26,14:31:00,165,2,10146
15284,2016-02-26,14:34:00,64,2,2033
15285,2016-02-26,14:36:00,188,3,10603
15286,2016-02-26,14:37:00,191,4,2257
15287,2016-02-26,14:41:00,22,2,1166
15288,2016-02-26,14:47:00,267,1,2708
15289,2016-02-26,14:56:00,36,3,8639
15290,2016-02-26,14:59:00,310,3,624
15291,2016-02-26,15:03:00,177,2,10146
15292,2016-02-26,15:07:00,167,1,3388
15293,2016-02-26,15:11:00,211,2,120
15294,2016-02-26,15:15:00,72,1,1802
15295,2016-02-26,15:20:00,337,2,6389
15296,2016-02-26,15:20:00,106,5,6703
15297,2016-02-26,15:24:00,136,2,3117
15298,2016-02-26,15:29:00,375,3,7867
15299,2016-02-26,15:34:00,218,2,823
15300,2016-02-26,15:35:00,93,1,3527
15301,2016-02-26,15:42:00,241,1,6753
15302,2016-02-26,16:03:00,124,2,7128
15303,2016-02-26,16:07:00,289,1,5441
15304,2016-02-26,16:13:00,68,2,4982
15305,2016-02-26,16:20:00,210,5,9599
15306,2016-02-26,16:23:00,210,1,4814
15307,2016-02-26,16:24:00,168,2,11381
15308,2016-02-26,16:39:00,422,4,4884
15309,2016-02-26,16:40:00,310,1,4160
15310,2016-02-26,16:41:00,395,3,10998
15311,2016-02-26,16:43:00,419,1,4983
15312,2016-02-26,16:46:00,111,1,920
15313,2016-02-26,16:53:00,185,2,9460
15314,2016-02-26,16:53:00,140,2,3150
15315,2016-02-26,16:57:00,180,2,8092
15316,2016-02-26,16:57:00,199,1,2531
15317,2016-02-26,17:19:00,20,4,11272
15318,2016-02-26,17:27:00,259,2,10549
15319,2016-02-26,17:42:00,12,1,2475
15320,2016-02-26,17:44:00,155,2,1259
15321,2016-02-26,17:44:00,357,1,2151
15322,2016-02-26,17:45:00,394,1,5550
15323,2016-02-26,17:45:00,19,1,7900
15324,2016-02-26,17:57:00,154,3,11381
15325,2016-02-26,18:01:00,114,3,11781
15326,2016-02-26,18:03:00,135,2,131
15327,2016-02-26,18:06:00,145,3,3361
15328,2016-02-26,18:52:00,295,3,5044
15329,2016-02-26,18:54:00,429,1,5872
15330,2016-02-26,18:59:00,2,2,1848
15331,2016-02-26,19:02:00,307,1,9697
15332,2016-02-26,19:04:00,445,3,8254
15333,2016-02-26,19:15:00,153,1,556
15334,2016-02-26,19:16:00,295,1,9723
15335,2016-02-26,19:20:00,7,3,10634
15336,2016-02-26,19:24:00,307,2,6112
15337,2016-02-26,19:36:00,135,1,9861
15338,2016-02-26,19:42:00,418,3,9551
15339,2016-02-26,19:52:00,69,1,478
15340,2016-02-26,19:53:00,440,3,9484
15341,2016-02-26,19:55:00,315,2,8959
15342,2016-02-26,19:55:00,238,2,11332
15343,2016-02-26,20:13:00,37,2,9532
15344,2016-02-26,20:13:00,176,4,9733
15345,2016-02-26,20:19:00,162,2,9229
15346,2016-02-26,20:24:00,284,2,5090
15347,2016-02-26,20:30:00,374,1,5517
15348,2016-02-26,20:37:00,312,2,10080
15349,2016-02-26,20:41:00,269,2,6160
15350,2016-02-26,20:50:00,152,5,9110
15351,2016-02-26,20:51:00,13,1,3416
15352,2016-02-26,20:53:00,149,2,10631
15353,2016-02-26,21:00:00,402,2,9369
15354,2016-02-26,21:07:00,45,6,8478
15355,2016-02-26,21:09:00,412,2,7807
15356,2016-02-26,21:09:00,394,1,8331
15357,2016-02-26,21:12:00,359,1,4815
15358,2016-02-26,21:13:00,85,1,1594
15359,2016-02-26,21:14:00,20,3,6974
15360,2016-02-26,21:15:00,254,2,1729
15361,2016-02-26,21:27:00,79,3,410
15362,2016-02-26,21:32:00,38,2,9328
15363,2016-02-26,21:39:00,394,2,10142
15364,2016-02-26,21:44:00,392,3,6111
15365,2016-02-26,21:44:00,336,1,1790
15366,2016-02-26,21:45:00,36,1,4506
15367,2016-02-26,21:47:00,357,2,11508
15368,2016-02-26,21:48:00,138,2,3591
15369,2016-02-26,22:00:00,344,2,3583
15370,2016-02-26,22:04:00,395,2,8368
15371,2016-02-26,22:05:00,136,2,5007
15372,2016-02-26,22:24:00,132,1,5347
15373,2016-02-26,22:30:00,261,2,9281
15374,2016-02-26,22:32:00,307,1,6449
15375,2016-02-26,22:33:00,92,1,8839
15376,2016-02-26,22:34:00,364,2,5307
15377,2016-02-26,22:36:00,186,1,2528
15378,2016-02-26,22:43:00,202,2,9897
15379,2016-02-26,22:44:00,232,1,8452
15380,2016-02-26,22:48:00,268,3,4093
15381,2016-02-26,22:51:00,238,1,2539
15382,2016-02-26,22:53:00,145,2,9829
15383,2016-02-26,23:00:00,369,3,4324
15384,2016-02-26,23:12:00,175,1,10209
15385,2016-02-26,23:13:00,376,1,1578
15386,2016-02-26,23:16:00,233,4,2254
15387,2016-02-26,23:16:00,313,1,9512
15388,2016-02-26,23:28:00,163,2,5219
15389,2016-02-26,23:30:00,169,2,7104
15390,2016-02-26,23:30:00,49,3,4000
15391,2016-02-26,23:34:00,395,2,5692
15392,2016-02-26,23:36:00,391,1,3462
15393,2016-02-26,23:40:00,346,2,2592
15394,2016-02-26,23:50:00,264,2,7009
15395,2016-02-26,23:59:00,305,2,7704
15396,2016-02-27,00:08:00,431,3,1346
15397,2016-02-27,00:10:00,411,3,3822
15398,2016-02-27,00:35:00,175,1,848
15399,2016-02-27,00:38:00,364,1,9545
15400,2016-02-27,00:44:00,25,1,6644
15401,2016-02-27,00:55:00,316,1,10595
15402,2016-02-27,01:04:00,436,2,7900
15403,2016-02-27,01:09:00,307,3,7969
15404,2016-02-27,01:11:00,177,2,8896
15405,2016-02-27,01:18:00,448,2,1313
15406,2016-02-27,01:18:00,306,1,2496
15407,2016-02-27,01:19:00,292,1,8742
15408,2016-02-27,01:23:00,367,1,4947
15409,2016-02-27,01:24:00,20,2,9660
15410,2016-02-27,01:27:00,418,1,2609
15411,2016-02-27,01:30:00,454,2,5536
15412,2016-02-27,01:38:00,243,2,2704
15413,2016-02-27,01:43:00,444,2,9195
15414,2016-02-27,01:48:00,268,3,11948
15415,2016-02-27,01:51:00,452,1,9007
15416,2016-02-27,01:53:00,351,3,1682
15417,2016-02-27,01:54:00,169,2,10334
15418,2016-02-27,01:57:00,411,6,10859
15419,2016-02-27,02:04:00,121,2,5036
15420,2016-02-27,02:07:00,168,1,2361
15421,2016-02-27,02:10:00,50,2,462
15422,2016-02-27,02:11:00,427,3,5877
15423,2016-02-27,02:16:00,448,1,1967
15424,2016-02-27,02:17:00,127,1,3428
15425,2016-02-27,02:33:00,213,2,9785
15426,2016-02-27,02:36:00,318,2,2713
15427,2016-02-27,02:46:00,346,1,9335
15428,2016-02-27,02:52:00,134,2,9906
15429,2016-02-27,03:01:00,394,2,6807
15430,2016-02-27,03:02:00,147,2,2093
15431,2016-02-27,03:13:00,76,3,7521
15432,2016-02-27,03:14:00,117,1,10389
15433,2016-02-27,03:14:00,222,2,10519
15434,2016-02-27,03:15:00,386,1,11134
15435,2016-02-27,03:19:00,256,2,1152
15436,2016-02-27,03:27:00,412,1,5226
15437,2016-02-27,03:33:00,360,1,4334
15438,2016-02-27,03:34:00,181,1,7761
15439,2016-02-27,03:44:00,151,1,5954
15440,2016-02-27,03:44:00,282,1,5510
15441,2016-02-27,03:58:00,256,1,2501
15442,2016-02-27,04:01:00,280,1,4637
15443,2016-02-27,04:07:00,285,1,9542
15444,2016-02-27,04:14:00,90,1,1242
15445,2016-02-27,04:17:00,144,1,4280
15446,2016-02-27,04:22:00,321,2,9724
15447,2016-02-27,04:26:00,145,1,2324
15448,2016-02-27,04:26:00,156,3,1360
15449,2016-02-27,04:37:00,379,3,9329
15450,2016-02-27,04:39:00,161,2,5046
15451,2016-02-27,04:42:00,366,2,5580
15452,2016-02-27,04:42:00,216,2,8402
15453,2016-02-27,04:44:00,414,2,3467
15454,2016-02-27,04:47:00,418,5,7539
15455,2016-02-27,04:51:00,13,2,11392
15456,2016-02-27,04:54:00,327,2,1800
15457,2016-02-27,05:09:00,224,1,11173
15458,2016-02-27,05:13:00,172,3,10506
15459,2016-02-27,05:16:00,335,3,4896
15460,2016-02-27,05:23:00,197,3,4535
15461,2016-02-27,05:24:00,136,2,8774
15462,2016-02-27,05:26:00,64,2,718
15463,2016-02-27,05:32:00,40,3,2292
15464,2016-02-27,05:39:00,352,2,6379
15465,2016-02-27,05:46:00,386,3,7757
15466,2016-02-27,05:49:00,364,5,9569
15467,2016-02-27,05:52:00,47,5,5203
15468,2016-02-27,05:55:00,30,2,11447
15469,2016-02-27,05:58:00,233,3,1320
15470,2016-02-27,06:01:00,198,3,4194
15471,2016-02-27,06:01:00,12,1,1147
15472,2016-02-27,06:04:00,346,3,4107
15473,2016-02-27,06:06:00,145,1,6820
15474,2016-02-27,06:11:00,113,2,3517
15475,2016-02-27,06:27:00,22,2,4823
15476,2016-02-27,06:32:00,423,3,6067
15477,2016-02-27,06:36:00,226,3,11175
15478,2016-02-27,06:44:00,430,3,7380
15479,2016-02-27,06:48:00,299,1,4183
15480,2016-02-27,06:52:00,367,1,3798
15481,2016-02-27,06:53:00,105,1,1225
15482,2016-02-27,06:54:00,199,1,5966
15483,2016-02-27,06:58:00,222,2,11498
15484,2016-02-27,06:58:00,48,2,5951
15485,2016-02-27,07:07:00,257,1,11098
15486,2016-02-27,07:10:00,190,2,3303
15487,2016-02-27,07:25:00,289,2,2164
15488,2016-02-27,07:29:00,121,1,8388
15489,2016-02-27,07:42:00,65,3,7286
15490,2016-02-27,07:46:00,392,2,1939
15491,2016-02-27,07:55:00,151,3,2335
15492,2016-02-27,07:55:00,339,1,9036
15493,2016-02-27,07:59:00,126,2,920
15494,2016-02-27,08:01:00,385,2,2155
15495,2016-02-27,08:09:00,326,1,4402
15496,2016-02-27,08:09:00,164,4,5525
15497,2016-02-27,08:17:00,350,1,9257
15498,2016-02-27,08:26:00,293,1,7811
15499,2016-02-27,08:28:00,76,2,10941
15500,2016-02-27,08:33:00,169,4,10071
15501,2016-02-27,08:35:00,51,2,9346
15502,2016-02-27,08:39:00,243,2,6229
15503,2016-02-27,08:48:00,258,2,7026
15504,2016-02-27,08:49:00,282,1,3497
15505,2016-02-27,08:54:00,383,2,712
15506,2016-02-27,08:54:00,272,1,6435
15507,2016-02-27,09:02:00,402,1,3291
15508,2016-02-27,09:02:00,260,2,9784
15509,2016-02-27,09:24:00,177,3,4489
15510,2016-02-27,09:29:00,407,2,180
15511,2016-02-27,09:47:00,313,4,4441
15512,2016-02-27,09:48:00,303,2,6490
15513,2016-02-27,09:56:00,243,1,4087
15514,2016-02-27,10:05:00,32,4,8596
15515,2016-02-27,10:08:00,445,1,3085
15516,2016-02-27,10:19:00,178,3,776
15517,2016-02-27,10:27:00,181,1,3759
15518,2016-02-27,10:29:00,88,2,1951
15519,2016-02-27,10:36:00,396,1,7386
15520,2016-02-27,10:37:00,428,1,2425
15521,2016-02-27,10:44:00,431,2,4795
15522,2016-02-27,10:51:00,232,1,5117
15523,2016-02-27,10:53:00,146,1,11003
15524,2016-02-27,10:54:00,213,1,8067
15525,2016-02-27,10:55:00,408,2,10980
15526,2016-02-27,11:02:00,313,1,9038
15527,2016-02-27,11:03:00,113,3,8419
15528,2016-02-27,11:12:00,203,2,3918
15529,2016-02-27,11:14:00,66,1,1868
15530,2016-02-27,11:21:00,251,2,1217
15531,2016-02-27,11:22:00,324,2,1270
15532,2016-02-27,11:24:00,225,3,760
15533,2016-02-27,11:32:00,451,2,5139
15534,2016-02-27,11:35:00,18,2,1562
15535,2016-02-27,11:41:00,319,2,6770
15536,2016-02-27,11:43:00,9,2,3037
15537,2016-02-27,11:46:00,143,3,9473
15538,2016-02-27,11:51:00,139,1,758
15539,2016-02-27,11:54:00,426,2,11915
15540,2016-02-27,11:55:00,319,4,11791
15541,2016-02-27,12:02:00,129,1,11761
15542,2016-02-27,12:06:00,265,2,10669
15543,2016-02-27,12:07:00,139,2,929
15544,2016-02-27,12:08:00,47,1,10160
15545,2016-02-27,12:09:00,278,1,6970
15546,2016-02-27,12:13:00,377,1,6311
15547,2016-02-27,12:14:00,121,3,1769
15548,2016-02-27,12:32:00,167,1,2221
15549,2016-02-27,12:40:00,445,2,8253
15550,2016-02-27,12:40:00,37,2,573
15551,2016-02-27,12:42:00,425,1,3306
15552,2016-02-27,12:45:00,281,2,9957
15553,2016-02-27,12:47:00,200,4,1541
15554,2016-02-27,12:49:00,15,2,1148
15555,2016-02-27,12:49:00,66,1,8605
15556,2016-02-27,12:57:00,156,1,2468
15557,2016-02-27,13:00:00,173,1,6389
15558,2016-02-27,13:04:00,401,1,4678
15559,2016-02-27,13:10:00,108,2,8138
15560,2016-02-27,13:13:00,296,2,11013
15561,2016-02-27,13:15:00,311,1,7040
15562,2016-02-27,13:25:00,193,3,7710
15563,2016-02-27,13:27:00,76,1,9108
15564,2016-02-27,13:46:00,229,3,8692
15565,2016-02-27,13:49:00,356,2,4008
15566,2016-02-27,13:54:00,101,2,726
15567,2016-02-27,13:54:00,169,2,1716
15568,2016-02-27,13:59:00,423,2,2825
15569,2016-02-27,14:11:00,104,2,1017
15570,2016-02-27,14:12:00,241,1,6273
15571,2016-02-27,14:13:00,417,1,2485
15572,2016-02-27,14:30:00,156,3,10962
15573,2016-02-27,14:32:00,70,2,10752
15574,2016-02-27,14:52:00,3,1,10549
15575,2016-02-27,14:56:00,383,1,4672
15576,2016-02-27,14:58:00,187,3,9197
15577,2016-02-27,15:05:00,293,4,2480
15578,2016-02-27,15:16:00,345,1,3742
15579,2016-02-27,15:17:00,128,2,11733
15580,2016-02-27,15:25:00,113,1,8906
15581,2016-02-27,15:32:00,152,2,6174
15582,2016-02-27,15:38:00,400,3,2885
15583,2016-02-27,15:40:00,97,1,10015
15584,2016-02-27,15:43:00,116,1,5029
15585,2016-02-27,15:48:00,356,3,1747
15586,2016-02-27,15:58:00,230,1,8308
15587,2016-02-27,16:01:00,342,1,3346
15588,2016-02-27,16:02:00,375,3,462
15589,2016-02-27,16:08:00,255,4,1528
15590,2016-02-27,16:12:00,351,1,6782
15591,2016-02-27,16:44:00,235,1,4389
15592,2016-02-27,16:45:00,386,2,9221
15593,2016-02-27,16:50:00,153,2,7810
15594,2016-02-27,16:56:00,379,1,10345
15595,2016-02-27,16:56:00,140,2,11922
15596,2016-02-27,16:59:00,89,1,7211
15597,2016-02-27,17:12:00,370,1,7670
15598,2016-02-27,17:14:00,108,3,337
15599,2016-02-27,17:24:00,275,2,11762
15600,2016-02-27,17:25:00,407,1,5638
15601,2016-02-27,17:31:00,10,2,7723
15602,2016-02-27,17:33:00,107,2,10817
15603,2016-02-27,17:36:00,414,1,9187
15604,2016-02-27,17:37:00,334,3,2119
15605,2016-02-27,17:40:00,41,1,10396
15606,2016-02-27,17:42:00,395,1,3227
15607,2016-02-27,17:48:00,414,1,5326
15608,2016-02-27,17:57:00,295,1,4798
15609,2016-02-27,18:04:00,55,1,9384
15610,2016-02-27,18:08:00,286,1,10567
15611,2016-02-27,18:14:00,80,1,1606
15612,2016-02-27,18:19:00,370,4,8306
15613,2016-02-27,18:20:00,96,3,8278
15614,2016-02-27,18:21:00,352,4,666
15615,2016-02-27,18:23:00,349,3,11933
15616,2016-02-27,18:31:00,323,2,4547
15617,2016-02-27,18:31:00,321,2,4954
15618,2016-02-27,18:34:00,425,2,6219
15619,2016-02-27,18:44:00,193,3,11019
15620,2016-02-27,18:50:00,81,3,8634
15621,2016-02-27,18:51:00,136,2,6277
15622,2016-02-27,18:56:00,157,1,3462
15623,2016-02-27,18:59:00,132,1,10960
15624,2016-02-27,19:03:00,158,1,11121
15625,2016-02-27,19:05:00,78,1,5682
15626,2016-02-27,19:06:00,225,2,4579
15627,2016-02-27,19:13:00,289,2,10064
15628,2016-02-27,19:15:00,149,2,11994
15629,2016-02-27,19:18:00,327,1,2303
15630,2016-02-27,19:32:00,299,3,9920
15631,2016-02-27,19:39:00,156,1,507
15632,2016-02-27,20:00:00,254,2,5318
15633,2016-02-27,20:05:00,243,3,10070
15634,2016-02-27,20:09:00,67,1,7460
15635,2016-02-27,20:12:00,71,1,6756
15636,2016-02-27,20:13:00,322,1,3546
15637,2016-02-27,20:30:00,294,3,11563
15638,2016-02-27,20:46:00,110,2,10614
15639,2016-02-27,20:48:00,310,2,7157
15640,2016-02-27,20:57:00,38,3,8599
15641,2016-02-27,20:58:00,108,2,669
15642,2016-02-27,21:08:00,240,1,11219
15643,2016-02-27,21:08:00,348,2,8851
15644,2016-02-27,21:12:00,417,1,193
15645,2016-02-27,21:16:00,147,2,2303
15646,2016-02-27,21:16:00,379,1,978
15647,2016-02-27,21:22:00,26,3,9419
15648,2016-02-27,21:26:00,304,3,9693
15649,2016-02-27,21:35:00,282,3,2560
15650,2016-02-27,21:41:00,291,1,1194
15651,2016-02-27,21:43:00,100,4,2890
15652,2016-02-27,21:45:00,89,4,10877
15653,2016-02-27,21:50:00,66,2,7574
15654,2016-02-27,21:54:00,220,3,840
15655,2016-02-27,22:09:00,124,1,2767
15656,2016-02-27,22:12:00,13,3,3227
15657,2016-02-27,22:12:00,422,2,11302
15658,2016-02-27,22:18:00,267,2,6684
15659,2016-02-27,22:19:00,377,1,4627
15660,2016-02-27,22:26:00,339,2,1485
15661,2016-02-27,22:31:00,425,2,5214
15662,2016-02-27,22:31:00,96,3,6936
15663,2016-02-27,22:38:00,19,2,7897
15664,2016-02-27,22:39:00,269,2,10250
15665,2016-02-27,22:43:00,329,2,2219
15666,2016-02-27,23:05:00,236,4,1208
15667,2016-02-27,23:08:00,138,2,459
15668,2016-02-27,23:13:00,42,3,11110
15669,2016-02-27,23:14:00,207,3,2643
15670,2016-02-27,23:23:00,422,2,961
15671,2016-02-27,23:25:00,241,1,10481
15672,2016-02-27,23:29:00,112,2,234
15673,2016-02-27,23:31:00,287,2,2613
15674,2016-02-27,23:33:00,273,1,6043
15675,2016-02-27,23:38:00,444,3,8156
15676,2016-02-27,23:49:00,116,2,6368
15677,2016-02-27,23:55:00,309,1,11968
15678,2016-02-27,23:55:00,372,4,5241
15679,2016-02-27,23:57:00,363,1,4831
15680,2016-02-27,23:59:00,32,2,11072
15681,2016-02-28,00:02:00,177,2,10084
15682,2016-02-28,00:03:00,326,4,8261
15683,2016-02-28,00:05:00,409,1,5071
15684,2016-02-28,00:09:00,2,4,2741
15685,2016-02-28,00:26:00,353,1,8653
15686,2016-02-28,00:28:00,274,1,3492
15687,2016-02-28,00:33:00,1,1,9361
15688,2016-02-28,00:44:00,348,3,9260
15689,2016-02-28,00:45:00,432,1,458
15690,2016-02-28,00:49:00,401,2,4175
15691,2016-02-28,01:07:00,328,1,3217
15692,2016-02-28,01:24:00,74,1,2950
15693,2016-02-28,01:33:00,246,2,3949
15694,2016-02-28,01:33:00,206,4,815
15695,2016-02-28,01:35:00,258,2,6962
15696,2016-02-28,01:46:00,252,2,11882
15697,2016-02-28,01:48:00,329,3,8937
15698,2016-02-28,01:51:00,71,1,2821
15699,2016-02-28,01:53:00,124,2,6965
15700,2016-02-28,01:56:00,378,1,7003
15701,2016-02-28,02:05:00,171,3,2793
15702,2016-02-28,02:11:00,241,1,10937
15703,2016-02-28,02:30:00,440,3,210
15704,2016-02-28,02:33:00,258,4,10854
15705,2016-02-28,02:41:00,455,1,4191
15706,2016-02-28,02:46:00,87,5,6757
15707,2016-02-28,03:09:00,314,1,7055
15708,2016-02-28,03:21:00,370,2,2465
15709,2016-02-28,03:24:00,155,2,4494
15710,2016-02-28,03:26:00,169,1,992
15711,2016-02-28,03:28:00,430,3,7332
15712,2016-02-28,03:49:00,307,1,3566
15713,2016-02-28,03:50:00,110,2,684
15714,2016-02-28,03:53:00,114,2,8442
15715,2016-02-28,04:05:00,210,2,8467
15716,2016-02-28,04:07:00,305,2,3188
15717,2016-02-28,04:11:00,7,1,10355
15718,2016-02-28,04:16:00,235,1,4502
15719,2016-02-28,04:17:00,349,3,6628
15720,2016-02-28,04:17:00,26,2,10273
15721,2016-02-28,04:18:00,235,1,7363
15722,2016-02-28,04:26:00,154,1,2548
15723,2016-02-28,04:30:00,18,2,3026
15724,2016-02-28,04:35:00,250,2,9596
15725,2016-02-28,04:42:00,189,3,918
15726,2016-02-28,04:43:00,54,2,1855
15727,2016-02-28,04:45:00,132,1,2484
15728,2016-02-28,04:47:00,263,4,8245
15729,2016-02-28,04:57:00,331,2,9637
15730,2016-02-28,04:58:00,335,1,8531
15731,2016-02-28,05:01:00,30,2,8078
15732,2016-02-28,05:03:00,372,3,7010
15733,2016-02-28,05:06:00,261,2,11514
15734,2016-02-28,05:07:00,91,2,1094
15735,2016-02-28,05:08:00,295,1,2056
15736,2016-02-28,05:14:00,453,2,4814
15737,2016-02-28,05:20:00,80,3,5840
15738,2016-02-28,05:37:00,63,4,5171
15739,2016-02-28,05:44:00,289,1,5880
15740,2016-02-28,05:44:00,417,1,3492
15741,2016-02-28,06:00:00,201,2,290
15742,2016-02-28,06:01:00,404,2,11853
15743,2016-02-28,06:05:00,27,1,11316
15744,2016-02-28,06:08:00,136,2,6629
15745,2016-02-28,06:11:00,17,1,6805
15746,2016-02-28,06:11:00,259,4,10213
15747,2016-02-28,06:15:00,162,1,7267
15748,2016-02-28,06:17:00,238,5,6657
15749,2016-02-28,06:25:00,118,1,6410
15750,2016-02-28,06:28:00,425,2,1533
15751,2016-02-28,06:34:00,365,2,11686
15752,2016-02-28,06:38:00,176,2,7723
15753,2016-02-28,06:43:00,305,3,6036
15754,2016-02-28,06:50:00,266,4,2366
15755,2016-02-28,06:51:00,270,1,6746
15756,2016-02-28,06:55:00,234,3,4049
15757,2016-02-28,06:56:00,205,1,4408
15758,2016-02-28,06:58:00,259,2,5655
15759,2016-02-28,07:05:00,10,1,3910
15760,2016-02-28,07:08:00,324,1,4923
15761,2016-02-28,07:11:00,66,2,3543
15762,2016-02-28,07:19:00,139,1,2385
15763,2016-02-28,07:24:00,357,2,9419
15764,2016-02-28,07:24:00,138,3,5080
15765,2016-02-28,07:36:00,73,3,9713
15766,2016-02-28,07:38:00,226,2,5374
15767,2016-02-28,07:40:00,358,1,11837
15768,2016-02-28,07:40:00,413,2,2104
15769,2016-02-28,07:46:00,447,2,1966
15770,2016-02-28,07:58:00,305,1,4108
15771,2016-02-28,08:09:00,117,2,5841
15772,2016-02-28,08:10:00,85,1,2403
15773,2016-02-28,08:13:00,87,2,4117
15774,2016-02-28,08:15:00,95,2,8974
15775,2016-02-28,08:18:00,288,1,2818
15776,2016-02-28,08:18:00,150,2,2165
15777,2016-02-28,08:29:00,293,2,11646
15778,2016-02-28,08:32:00,9,2,8377
15779,2016-02-28,08:36:00,124,2,11703
15780,2016-02-28,08:39:00,158,3,576
15781,2016-02-28,08:46:00,386,4,6474
15782,2016-02-28,08:53:00,131,1,10331
15783,2016-02-28,08:55:00,307,2,8507
15784,2016-02-28,08:57:00,363,3,11379
15785,2016-02-28,08:58:00,145,1,8551
15786,2016-02-28,09:01:00,440,2,9266
15787,2016-02-28,09:05:00,328,1,10128
15788,2016-02-28,09:15:00,272,1,6560
15789,2016-02-28,09:19:00,353,3,2163
15790,2016-02-28,09:19:00,325,4,6195
15791,2016-02-28,09:24:00,162,2,9068
15792,2016-02-28,09:24:00,235,1,5877
15793,2016-02-28,09:28:00,181,3,1220
15794,2016-02-28,09:32:00,336,2,8529
15795,2016-02-28,09:37:00,193,3,3232
15796,2016-02-28,09:38:00,96,1,1026
15797,2016-02-28,09:44:00,107,1,9149
15798,2016-02-28,09:46:00,134,1,1606
15799,2016-02-28,09:48:00,91,3,2359
15800,2016-02-28,09:49:00,31,3,10344
15801,2016-02-28,09:50:00,225,1,10459
15802,2016-02-28,09:52:00,134,2,2707
15803,2016-02-28,09:58:00,41,1,10689
15804,2016-02-28,10:01:00,270,2,9871
15805,2016-02-28,10:04:00,354,2,1322
15806,2016-02-28,10:08:00,145,1,9656
15807,2016-02-28,10:17:00,61,1,11353
15808,2016-02-28,10:20:00,425,1,7634
15809,2016-02-28,10:21:00,330,2,7968
15810,2016-02-28,10:50:00,75,3,11239
15811,2016-02-28,10:53:00,126,1,9243
15812,2016-02-28,10:55:00,259,2,4771
15813,2016-02-28,10:58:00,290,5,8877
15814,2016-02-28,11:00:00,378,1,9019
15815,2016-02-28,11:04:00,130,2,9665
15816,2016-02-28,11:11:00,220,3,11604
15817,2016-02-28,11:11:00,386,2,1896
15818,2016-02-28,11:15:00,249,3,8796
15819,2016-02-28,11:20:00,359,2,955
15820,2016-02-28,11:25:00,31,1,3651
15821,2016-02-28,11:25:00,339,2,8453
15822,2016-02-28,11:27:00,279,2,4461
15823,2016-02-28,11:32:00,41,2,9251
15824,2016-02-28,11:37:00,310,2,163
15825,2016-02-28,11:51:00,313,1,7092
15826,2016-02-28,11:52:00,337,1,2674
15827,2016-02-28,11:54:00,199,2,6299
15828,2016-02-28,11:54:00,184,2,93
15829,2016-02-28,11:55:00,11,2,1475
15830,2016-02-28,11:57:00,231,1,72
15831,2016-02-28,12:00:00,210,2,9261
15832,2016-02-28,12:04:00,150,1,7920
15833,2016-02-28,12:07:00,290,2,1775
15834,2016-02-28,12:07:00,318,1,9697
15835,2016-02-28,12:11:00,77,2,280
15836,2016-02-28,12:14:00,250,2,4101
15837,2016-02-28,12:21:00,141,1,2523
15838,2016-02-28,12:27:00,182,3,8088
15839,2016-02-28,12:37:00,379,1,4453
15840,2016-02-28,12:46:00,134,2,749
15841,2016-02-28,12:47:00,453,1,486
15842,2016-02-28,12:56:00,76,2,6059
15843,2016-02-28,12:58:00,411,1,4039
15844,2016-02-28,13:09:00,269,1,6947
15845,2016-02-28,13:20:00,46,6,2302
15846,2016-02-28,13:21:00,213,3,10043
15847,2016-02-28,13:21:00,383,1,569
15848,2016-02-28,13:39:00,433,3,829
15849,2016-02-28,13:48:00,134,2,452
15850,2016-02-28,14:01:00,65,2,2044
15851,2016-02-28,14:04:00,431,2,908
15852,2016-02-28,14:04:00,27,1,10237
15853,2016-02-28,14:07:00,48,2,1830
15854,2016-02-28,14:13:00,199,3,1931
15855,2016-02-28,14:23:00,254,1,5277
15856,2016-02-28,14:23:00,384,2,3919
15857,2016-02-28,14:38:00,145,1,6248
15858,2016-02-28,14:38:00,38,3,3343
15859,2016-02-28,14:41:00,239,2,11330
15860,2016-02-28,14:46:00,145,2,9153
15861,2016-02-28,14:58:00,388,3,6278
15862,2016-02-28,15:07:00,309,1,3775
15863,2016-02-28,15:20:00,113,2,11190
15864,2016-02-28,15:22:00,347,1,5735
15865,2016-02-28,15:33:00,115,3,9860
15866,2016-02-28,15:34:00,402,2,10288
15867,2016-02-28,15:34:00,204,2,8310
15868,2016-02-28,15:39:00,71,1,4678
15869,2016-02-28,15:39:00,132,1,3545
15870,2016-02-28,15:51:00,407,2,4938
15871,2016-02-28,16:09:00,203,5,5178
15872,2016-02-28,16:10:00,149,2,7004
15873,2016-02-28,16:17:00,339,2,7956
15874,2016-02-28,16:23:00,201,1,2178
15875,2016-02-28,16:23:00,350,1,6966
15876,2016-02-28,16:41:00,223,4,8622
15877,2016-02-28,16:45:00,439,3,11055
15878,2016-02-28,16:47:00,310,1,514
15879,2016-02-28,16:51:00,162,3,2002
15880,2016-02-28,16:53:00,408,5,817
15881,2016-02-28,17:13:00,419,3,9670
15882,2016-02-28,17:14:00,95,4,1295
15883,2016-02-28,17:25:00,103,2,1565
15884,2016-02-28,17:26:00,136,1,186
15885,2016-02-28,17:31:00,363,2,11539
15886,2016-02-28,17:32:00,185,1,4479
15887,2016-02-28,17:37:00,95,2,8010
15888,2016-02-28,17:41:00,208,1,8380
15889,2016-02-28,17:42:00,288,2,2397
15890,2016-02-28,17:53:00,414,1,4500
15891,2016-02-28,18:03:00,140,1,11554
15892,2016-02-28,18:18:00,136,1,9716
15893,2016-02-28,18:26:00,294,1,2869
15894,2016-02-28,18:38:00,421,1,3632
15895,2016-02-28,18:51:00,151,1,7240
15896,2016-02-28,18:52:00,174,2,10644
15897,2016-02-28,18:52:00,282,2,1492
15898,2016-02-28,18:58:00,109,1,390
15899,2016-02-28,19:01:00,357,3,6010
15900,2016-02-28,19:02:00,283,1,1537
15901,2016-02-28,19:02:00,336,1,3074
15902,2016-02-28,19:04:00,443,1,8781
15903,2016-02-28,19:10:00,189,2,6180
15904,2016-02-28,19:11:00,53,1,11078
15905,2016-02-28,19:16:00,131,2,10310
15906,2016-02-28,19:21:00,164,1,8277
15907,2016-02-28,19:28:00,4,4,10956
15908,2016-02-28,19:56:00,165,3,3874
15909,2016-02-28,19:57:00,261,1,4079
15910,2016-02-28,20:01:00,277,1,2429
15911,2016-02-28,20:02:00,63,1,11685
15912,2016-02-28,20:26:00,89,5,10951
15913,2016-02-28,20:35:00,336,1,4801
15914,2016-02-28,20:57:00,30,2,1438
15915,2016-02-28,20:59:00,360,3,5492
15916,2016-02-28,20:59:00,342,2,2856
15917,2016-02-28,21:15:00,263,2,8695
15918,2016-02-28,21:18:00,93,3,10718
15919,2016-02-28,21:21:00,442,2,4053
15920,2016-02-28,21:26:00,214,3,1517
15921,2016-02-28,21:27:00,85,3,11149
15922,2016-02-28,21:29:00,446,2,4941
15923,2016-02-28,21:33:00,216,2,3985
15924,2016-02-28,21:34:00,37,3,2392
15925,2016-02-28,21:38:00,204,3,6798
15926,2016-02-28,21:48:00,250,2,8003
15927,2016-02-28,21:56:00,384,3,10082
15928,2016-02-28,21:58:00,426,3,8811
15929,2016-02-28,21:59:00,181,3,6961
15930,2016-02-28,22:23:00,110,2,9551
15931,2016-02-28,22:26:00,226,2,2408
15932,2016-02-28,22:28:00,260,1,2105
15933,2016-02-28,22:28:00,66,4,7418
15934,2016-02-28,22:29:00,350,3,10298
15935,2016-02-28,22:31:00,108,2,8249
15936,2016-02-28,22:36:00,376,2,4012
15937,2016-02-28,22:37:00,452,4,10998
15938,2016-02-28,22:38:00,7,2,6361
15939,2016-02-28,22:43:00,201,2,5942
15940,2016-02-28,22:45:00,73,1,8099
15941,2016-02-28,22:49:00,40,4,8568
15942,2016-02-28,22:57:00,9,1,6645
15943,2016-02-28,22:59:00,242,1,2440
15944,2016-02-28,23:00:00,2,1,4303
15945,2016-02-28,23:03:00,283,1,5146
15946,2016-02-28,23:14:00,71,1,8729
15947,2016-02-28,23:22:00,141,2,11962
15948,2016-02-28,23:30:00,46,2,5121
15949,2016-02-28,23:37:00,455,2,11712
15950,2016-02-28,23:40:00,22,1,8934
15951,2016-02-28,23:40:00,259,1,3753
15952,2016-02-28,23:45:00,217,2,6875
15953,2016-02-28,23:52:00,3,3,2294
15954,2016-02-28,23:55:00,106,1,8327
15955,2016-02-28,23:58:00,344,2,8153
15956,2016-02-29,00:01:00,454,2,10079
15957,2016-02-29,00:02:00,69,1,11124
15958,2016-02-29,00:06:00,68,2,638
15959,2016-02-29,00:20:00,298,1,163
15960,2016-02-29,00:24:00,209,2,11718
15961,2016-02-29,00:24:00,341,1,6135
15962,2016-02-29,00:42:00,205,1,10319
15963,2016-02-29,00:43:00,283,2,5095
15964,2016-02-29,00:44:00,306,1,6209
15965,2016-02-29,00:44:00,386,2,7250
15966,2016-02-29,00:49:00,247,2,2942
15967,2016-02-29,00:53:00,263,1,4784
15968,2016-02-29,00:55:00,297,1,7096
15969,2016-02-29,00:55:00,301,1,5052
15970,2016-02-29,01:00:00,268,1,8038
15971,2016-02-29,01:00:00,209,1,9464
15972,2016-02-29,01:15:00,152,1,10023
15973,2016-02-29,01:17:00,317,2,6239
15974,2016-02-29,01:18:00,327,4,6302
15975,2016-02-29,01:22:00,118,1,9087
15976,2016-02-29,01:26:00,242,1,5561
15977,2016-02-29,01:33:00,178,2,11847
15978,2016-02-29,01:36:00,362,2,1899
15979,2016-02-29,01:38:00,451,2,3645
15980,2016-02-29,01:44:00,326,4,2288
15981,2016-02-29,01:48:00,99,2,10313
15982,2016-02-29,01:53:00,283,2,2032
15983,2016-02-29,01:56:00,236,6,9271
15984,2016-02-29,02:13:00,16,1,1120
15985,2016-02-29,02:16:00,301,1,9743
15986,2016-02-29,02:17:00,287,3,8252
15987,2016-02-29,02:21:00,387,2,8734
15988,2016-02-29,02:25:00,453,3,6634
15989,2016-02-29,02:26:00,350,1,301
15990,2016-02-29,02:34:00,399,1,7816
15991,2016-02-29,02:35:00,270,2,1063
15992,2016-02-29,02:35:00,285,2,3945
15993,2016-02-29,02:37:00,246,2,8800
15994,2016-02-29,02:39:00,243,1,6233
15995,2016-02-29,02:47:00,28,2,2421
15996,2016-02-29,02:53:00,420,1,6038
15997,2016-02-29,03:00:00,397,1,4283
15998,2016-02-29,03:01:00,191,2,1370
15999,2016-02-29,03:16:00,236,3,10944
16000,2016-02-29,03:28:00,327,2,526
16001,2016-02-29,03:30:00,336,3,5657
16002,2016-02-29,03:36:00,380,1,7182
16003,2016-02-29,03:38:00,426,1,5988
16004,2016-02-29,03:40:00,277,3,6109
16005,2016-02-29,03:43:00,153,2,1103
16006,2016-02-29,03:49:00,114,2,1609
16007,2016-02-29,03:52:00,396,3,2353
16008,2016-02-29,04:05:00,152,4,519
16009,2016-02-29,04:07:00,287,3,11076
16010,2016-02-29,04:10:00,58,2,5735
16011,2016-02-29,04:13:00,73,1,7660
16012,2016-02-29,04:20:00,40,1,6279
16013,2016-02-29,04:29:00,297,2,4544
16014,2016-02-29,04:35:00,278,2,7826
16015,2016-02-29,04:40:00,442,3,11253
16016,2016-02-29,04:46:00,33,2,3935
16017,2016-02-29,05:03:00,124,1,8962
16018,2016-02-29,05:07:00,283,2,4707
16019,2016-02-29,05:13:00,229,3,1994
16020,2016-02-29,05:21:00,294,3,11713
16021,2016-02-29,05:28:00,316,1,11722
16022,2016-02-29,05:28:00,255,1,6383
16023,2016-02-29,05:29:00,444,5,6835
16024,2016-02-29,05:35:00,441,1,6531
16025,2016-02-29,05:35:00,443,2,9433
16026,2016-02-29,05:45:00,52,1,11583
16027,2016-02-29,05:55:00,123,1,8478
16028,2016-02-29,05:59:00,358,2,6400
16029,2016-02-29,06:01:00,170,1,8040
16030,2016-02-29,06:02:00,317,1,9566
16031,2016-02-29,06:04:00,141,3,3250
16032,2016-02-29,06:15:00,207,1,170
16033,2016-02-29,06:17:00,20,1,3744
16034,2016-02-29,06:30:00,61,2,8161
16035,2016-02-29,06:32:00,380,1,3142
16036,2016-02-29,06:35:00,16,2,486
16037,2016-02-29,06:35:00,212,2,4032
16038,2016-02-29,06:38:00,389,2,11219
16039,2016-02-29,06:39:00,179,1,6077
16040,2016-02-29,06:41:00,438,1,4517
16041,2016-02-29,06:42:00,370,2,10132
16042,2016-02-29,06:48:00,184,1,1624
16043,2016-02-29,06:49:00,184,2,1934
16044,2016-02-29,06:51:00,3,1,4136
16045,2016-02-29,07:24:00,441,2,2787
16046,2016-02-29,07:24:00,454,2,3325
16047,2016-02-29,07:29:00,446,2,7474
16048,2016-02-29,07:33:00,268,1,5459
16049,2016-02-29,07:38:00,394,1,9359
16050,2016-02-29,07:39:00,18,1,5048
16051,2016-02-29,07:42:00,88,1,1519
16052,2016-02-29,07:43:00,416,4,10148
16053,2016-02-29,07:50:00,299,4,4412
16054,2016-02-29,07:59:00,226,3,7574
16055,2016-02-29,08:06:00,392,2,3365
16056,2016-02-29,08:07:00,277,1,11090
16057,2016-02-29,08:12:00,149,1,349
16058,2016-02-29,08:12:00,239,2,7634
16059,2016-02-29,08:27:00,349,2,1372
16060,2016-02-29,08:38:00,183,1,11368
16061,2016-02-29,08:46:00,60,1,1351
16062,2016-02-29,08:49:00,282,2,4141
16063,2016-02-29,09:07:00,211,1,11682
16064,2016-02-29,09:08:00,265,2,3778
16065,2016-02-29,09:08:00,391,2,10481
16066,2016-02-29,09:10:00,379,1,3947
16067,2016-02-29,09:11:00,254,3,8895
16068,2016-02-29,09:11:00,332,3,5351
16069,2016-02-29,09:23:00,234,4,5478
16070,2016-02-29,09:29:00,5,2,8906
16071,2016-02-29,09:30:00,281,3,1924
16072,2016-02-29,09:31:00,258,2,5120
16073,2016-02-29,09:34:00,69,2,2580
16074,2016-02-29,09:37:00,213,2,8549
16075,2016-02-29,09:46:00,388,1,9484
16076,2016-02-29,09:49:00,293,5,957
16077,2016-02-29,09:54:00,60,2,11542
16078,2016-02-29,09:57:00,316,1,9297
16079,2016-02-29,10:02:00,97,2,8197
16080,2016-02-29,10:03:00,188,1,1058
16081,2016-02-29,10:14:00,262,2,5915
16082,2016-02-29,10:15:00,207,3,2429
16083,2016-02-29,10:16:00,6,2,6746
16084,2016-02-29,10:18:00,225,2,11181
16085,2016-02-29,10:18:00,125,2,7956
16086,2016-02-29,10:30:00,324,2,3858
16087,2016-02-29,10:35:00,83,1,5020
16088,2016-02-29,10:36:00,400,1,6852
16089,2016-02-29,10:49:00,129,3,7347
16090,2016-02-29,10:50:00,401,2,11764
16091,2016-02-29,10:55:00,295,1,7523
16092,2016-02-29,10:58:00,210,1,5368
16093,2016-02-29,11:13:00,382,1,9323
16094,2016-02-29,11:18:00,309,1,7659
16095,2016-02-29,11:29:00,168,1,1772
16096,2016-02-29,11:39:00,452,4,1650
16097,2016-02-29,11:40:00,334,1,6037
16098,2016-02-29,11:45:00,57,1,4509
16099,2016-02-29,11:51:00,11,2,2057
16100,2016-02-29,11:55:00,148,2,11695
16101,2016-02-29,11:57:00,326,1,8969
16102,2016-02-29,11:58:00,260,1,8637
16103,2016-02-29,12:04:00,338,3,4715
16104,2016-02-29,12:13:00,117,2,847
16105,2016-02-29,12:14:00,207,3,5613
16106,2016-02-29,12:16:00,312,2,1046
16107,2016-02-29,12:17:00,397,2,3118
16108,2016-02-29,12:19:00,427,2,7095
16109,2016-02-29,12:20:00,384,3,9206
16110,2016-02-29,12:21:00,353,4,1980
16111,2016-02-29,12:22:00,96,2,3742
16112,2016-02-29,12:24:00,165,3,10031
16113,2016-02-29,12:32:00,393,2,4919
16114,2016-02-29,12:34:00,322,1,4218
16115,2016-02-29,12:44:00,54,2,11779
16116,2016-02-29,12:46:00,333,2,327
16117,2016-02-29,12:52:00,217,1,8215
16118,2016-02-29,12:54:00,204,1,11575
16119,2016-02-29,12:56:00,337,3,8690
16120,2016-02-29,12:58:00,273,4,3014
16121,2016-02-29,12:59:00,33,2,9673
16122,2016-02-29,13:04:00,151,2,8775
16123,2016-02-29,13:09:00,199,1,6985
16124,2016-02-29,13:24:00,116,2,3882
16125,2016-02-29,13:27:00,52,3,8916
16126,2016-02-29,13:37:00,388,1,5757
16127,2016-02-29,13:39:00,253,1,10649
16128,2016-02-29,13:40:00,287,2,11031
16129,2016-02-29,13:44:00,428,1,9915
16130,2016-02-29,14:02:00,451,2,2881
16131,2016-02-29,14:06:00,439,3,4858
16132,2016-02-29,14:06:00,126,1,8396
16133,2016-02-29,14:24:00,190,2,1177
16134,2016-02-29,14:29:00,183,1,11008
16135,2016-02-29,14:33:00,118,2,7154
16136,2016-02-29,14:36:00,204,1,4579
16137,2016-02-29,14:37:00,40,2,11841
16138,2016-02-29,14:44:00,340,1,820
16139,2016-02-29,14:49:00,324,2,2716
16140,2016-02-29,14:54:00,72,2,305
16141,2016-02-29,14:55:00,358,2,7410
16142,2016-02-29,14:56:00,185,2,10874
16143,2016-02-29,14:59:00,404,1,173
16144,2016-02-29,15:08:00,62,2,6956
16145,2016-02-29,15:09:00,37,2,3910
16146,2016-02-29,15:12:00,454,2,2249
16147,2016-02-29,15:12:00,240,1,5328
16148,2016-02-29,15:25:00,433,1,5500
16149,2016-02-29,15:26:00,71,3,6258
16150,2016-02-29,15:35:00,265,4,1597
16151,2016-02-29,15:36:00,343,4,4138
16152,2016-02-29,15:42:00,3,1,7535
16153,2016-02-29,15:46:00,96,2,7419
16154,2016-02-29,15:56:00,255,2,3404
16155,2016-02-29,16:00:00,186,1,7934
16156,2016-02-29,16:00:00,90,1,1956
16157,2016-02-29,16:02:00,16,2,2540
16158,2016-02-29,16:03:00,374,2,7798
16159,2016-02-29,16:09:00,439,1,6443
16160,2016-02-29,16:12:00,439,3,992
16161,2016-02-29,16:13:00,415,2,4636
16162,2016-02-29,16:24:00,87,1,11749
16163,2016-02-29,16:27:00,141,2,4380
16164,2016-02-29,16:38:00,97,4,4673
16165,2016-02-29,16:51:00,137,2,6737
16166,2016-02-29,16:53:00,179,1,2930
16167,2016-02-29,16:54:00,426,3,5449
16168,2016-02-29,16:59:00,346,4,2070
16169,2016-02-29,16:59:00,198,1,9017
16170,2016-02-29,16:59:00,116,1,11066
16171,2016-02-29,17:07:00,243,4,162
16172,2016-02-29,17:07:00,6,1,9031
16173,2016-02-29,17:18:00,333,1,4519
16174,2016-02-29,17:24:00,103,1,11876
16175,2016-02-29,17:28:00,108,1,11226
16176,2016-02-29,17:33:00,345,2,6070
16177,2016-02-29,17:37:00,455,5,8600
16178,2016-02-29,17:38:00,306,2,4037
16179,2016-02-29,17:41:00,305,2,6970
16180,2016-02-29,17:43:00,393,1,9710
16181,2016-02-29,17:43:00,186,2,10325
16182,2016-02-29,17:45:00,129,1,11757
16183,2016-02-29,17:46:00,221,2,1544
16184,2016-02-29,17:50:00,331,1,3363
16185,2016-02-29,17:50:00,216,2,6209
16186,2016-02-29,17:55:00,80,2,5422
16187,2016-02-29,17:57:00,288,2,9634
16188,2016-02-29,18:00:00,452,1,4149
16189,2016-02-29,18:01:00,152,2,758
16190,2016-02-29,18:08:00,245,5,1128
16191,2016-02-29,18:10:00,429,1,7074
16192,2016-02-29,18:19:00,201,1,9797
16193,2016-02-29,18:20:00,353,3,10911
16194,2016-02-29,18:22:00,18,1,5255
16195,2016-02-29,18:29:00,42,4,8768
16196,2016-02-29,18:29:00,449,3,9633
16197,2016-02-29,18:29:00,46,3,228
16198,2016-02-29,18:33:00,182,1,685
16199,2016-02-29,18:37:00,411,2,1109
16200,2016-02-29,18:38:00,385,2,7519
16201,2016-02-29,18:38:00,227,3,9770
16202,2016-02-29,18:40:00,212,1,8982
16203,2016-02-29,18:42:00,201,2,2571
16204,2016-02-29,18:48:00,200,4,7482
16205,2016-02-29,18:50:00,117,2,11478
16206,2016-02-29,18:58:00,426,1,7388
16207,2016-02-29,18:58:00,59,1,10505
16208,2016-02-29,19:13:00,446,5,572
16209,2016-02-29,19:14:00,221,2,5508
16210,2016-02-29,19:20:00,262,3,9209
16211,2016-02-29,19:23:00,287,1,11140
16212,2016-02-29,19:25:00,41,1,9946
16213,2016-02-29,19:36:00,185,3,8226
16214,2016-02-29,19:39:00,364,4,2968
16215,2016-02-29,19:42:00,430,2,1866
16216,2016-02-29,19:49:00,260,4,2762
16217,2016-02-29,20:15:00,91,2,1112
16218,2016-02-29,20:18:00,296,1,9244
16219,2016-02-29,20:22:00,316,2,1760
16220,2016-02-29,20:22:00,170,4,8234
16221,2016-02-29,20:31:00,32,4,8796
16222,2016-02-29,20:40:00,391,4,4582
16223,2016-02-29,20:44:00,425,1,7345
16224,2016-02-29,20:47:00,316,1,4498
16225,2016-02-29,20:50:00,215,2,10118
16226,2016-02-29,20:54:00,73,1,4721
16227,2016-02-29,20:55:00,43,3,8254
16228,2016-02-29,20:58:00,424,3,4998
16229,2016-02-29,21:03:00,114,2,10466
16230,2016-02-29,21:09:00,309,1,727
16231,2016-02-29,21:10:00,395,2,8175
16232,2016-02-29,21:20:00,109,1,8515
16233,2016-02-29,21:31:00,274,3,8475
16234,2016-02-29,21:35:00,424,1,9489
16235,2016-02-29,21:36:00,37,2,586
16236,2016-02-29,21:42:00,40,2,7032
16237,2016-02-29,21:48:00,42,2,2196
16238,2016-02-29,21:50:00,111,2,1486
16239,2016-02-29,22:00:00,115,1,10463
16240,2016-02-29,22:05:00,35,2,775
16241,2016-02-29,22:09:00,189,1,4244
16242,2016-02-29,22:15:00,94,1,1513
16243,2016-02-29,22:22:00,395,2,7428
16244,2016-02-29,22:25:00,407,2,3541
16245,2016-02-29,22:27:00,363,4,9534
16246,2016-02-29,22:34:00,52,1,3875
16247,2016-02-29,22:41:00,216,1,8902
16248,2016-02-29,22:42:00,332,1,5660
16249,2016-02-29,22:43:00,7,1,5310
16250,2016-02-29,22:45:00,453,2,11140
16251,2016-02-29,22:58:00,441,3,9562
16252,2016-02-29,23:06:00,303,2,6219
16253,2016-02-29,23:08:00,213,2,7862
16254,2016-02-29,23:14:00,64,2,2305
16255,2016-02-29,23:23:00,14,3,4762
16256,2016-02-29,23:24:00,254,1,6336
16257,2016-02-29,23:26:00,423,1,11471
16258,2016-02-29,23:28:00,185,2,184
16259,2016-02-29,23:29:00,416,2,4195
16260,2016-02-29,23:40:00,179,2,157
16261,2016-02-29,23:42:00,53,1,2420
16262,2016-02-29,23:46:00,369,3,9502
16263,2016-02-29,23:47:00,165,4,6278
16264,2016-03-01,00:00:00,187,3,11606
16265,2016-03-01,00:00:00,239,1,7352
16266,2016-03-01,00:04:00,192,1,11370
16267,2016-03-01,00:06:00,394,1,5310
16268,2016-03-01,00:15:00,291,2,3827
16269,2016-03-01,00:24:00,38,2,5026
16270,2016-03-01,00:28:00,197,1,5243
16271,2016-03-01,00:30:00,361,2,5817
16272,2016-03-01,00:45:00,185,1,975
16273,2016-03-01,00:49:00,122,3,152
16274,2016-03-01,00:50:00,240,2,217
16275,2016-03-01,00:50:00,328,1,6588
16276,2016-03-01,00:57:00,276,2,10405
16277,2016-03-01,00:58:00,162,5,1075
16278,2016-03-01,01:06:00,32,2,8166
16279,2016-03-01,01:10:00,302,1,4691
16280,2016-03-01,01:11:00,418,1,930
16281,2016-03-01,01:23:00,272,6,1867
16282,2016-03-01,01:23:00,38,1,2515
16283,2016-03-01,01:38:00,94,2,2272
16284,2016-03-01,01:39:00,236,1,3042
16285,2016-03-01,01:42:00,347,5,3686
16286,2016-03-01,01:43:00,335,1,6758
16287,2016-03-01,01:49:00,342,3,754
16288,2016-03-01,01:49:00,183,1,9392
16289,2016-03-01,01:53:00,122,2,4119
16290,2016-03-01,01:53:00,271,2,1101
16291,2016-03-01,02:04:00,351,3,2624
16292,2016-03-01,02:05:00,109,1,1088
16293,2016-03-01,02:14:00,169,2,8642
16294,2016-03-01,02:21:00,40,1,830
16295,2016-03-01,02:30:00,407,2,1137
16296,2016-03-01,02:41:00,1,2,4304
16297,2016-03-01,02:44:00,16,2,11922
16298,2016-03-01,02:45:00,418,3,8382
16299,2016-03-01,02:49:00,51,1,7345
16300,2016-03-01,02:54:00,272,3,9518
16301,2016-03-01,02:58:00,406,1,3229
16302,2016-03-01,02:58:00,172,1,3766
16303,2016-03-01,03:02:00,2,2,1524
16304,2016-03-01,03:02:00,423,1,1293
16305,2016-03-01,03:03:00,82,2,729
16306,2016-03-01,03:05:00,372,1,6219
16307,2016-03-01,03:05:00,91,2,2959
16308,2016-03-01,03:08:00,49,2,6705
16309,2016-03-01,03:28:00,141,1,4016
16310,2016-03-01,03:31:00,125,1,8754
16311,2016-03-01,03:33:00,158,1,122
16312,2016-03-01,03:43:00,299,1,6677
16313,2016-03-01,03:53:00,289,4,9633
16314,2016-03-01,03:55:00,421,1,11264
16315,2016-03-01,03:56:00,168,1,7263
16316,2016-03-01,03:57:00,253,3,4701
16317,2016-03-01,03:59:00,359,2,7024
16318,2016-03-01,03:59:00,110,2,8111
16319,2016-03-01,03:59:00,416,1,508
16320,2016-03-01,04:13:00,119,2,3357
16321,2016-03-01,04:15:00,187,2,1360
16322,2016-03-01,04:20:00,322,1,10408
16323,2016-03-01,04:25:00,183,2,7149
16324,2016-03-01,04:28:00,18,1,9615
16325,2016-03-01,04:28:00,420,1,10388
16326,2016-03-01,04:31:00,338,2,8601
16327,2016-03-01,04:32:00,212,3,2276
16328,2016-03-01,04:35:00,88,1,3662
16329,2016-03-01,04:35:00,297,2,9765
16330,2016-03-01,04:38:00,249,1,4451
16331,2016-03-01,04:43:00,139,2,11257
16332,2016-03-01,04:46:00,230,1,10081
16333,2016-03-01,04:56:00,309,1,823
16334,2016-03-01,05:04:00,72,1,11228
16335,2016-03-01,05:08:00,76,5,6884
16336,2016-03-01,05:10:00,158,2,5623
16337,2016-03-01,05:18:00,24,2,6687
16338,2016-03-01,05:20:00,383,1,5610
16339,2016-03-01,05:37:00,63,3,11567
16340,2016-03-01,05:41:00,56,4,4641
16341,2016-03-01,05:47:00,263,2,9568
16342,2016-03-01,05:47:00,234,1,2540
16343,2016-03-01,05:50:00,358,3,3142
16344,2016-03-01,05:54:00,343,2,9317
16345,2016-03-01,06:00:00,221,1,3019
16346,2016-03-01,06:02:00,361,1,4349
16347,2016-03-01,06:04:00,164,1,359
16348,2016-03-01,06:04:00,245,1,10536
16349,2016-03-01,06:06:00,354,4,6515
16350,2016-03-01,06:08:00,34,3,2726
16351,2016-03-01,06:08:00,135,1,4217
16352,2016-03-01,06:08:00,354,3,154
16353,2016-03-01,06:23:00,124,1,467
16354,2016-03-01,06:23:00,384,2,5975
16355,2016-03-01,06:28:00,103,2,9185
16356,2016-03-01,06:29:00,301,1,2713
16357,2016-03-01,06:30:00,145,1,2018
16358,2016-03-01,06:31:00,82,1,8295
16359,2016-03-01,06:51:00,314,3,10447
16360,2016-03-01,06:53:00,455,2,2213
16361,2016-03-01,07:09:00,176,1,4230
16362,2016-03-01,07:20:00,48,4,5451
16363,2016-03-01,07:43:00,230,3,10667
16364,2016-03-01,07:47:00,304,4,823
16365,2016-03-01,07:57:00,163,1,3972
16366,2016-03-01,07:57:00,441,1,6626
16367,2016-03-01,08:08:00,128,3,2216
16368,2016-03-01,08:18:00,354,1,9122
16369,2016-03-01,08:19:00,47,3,10822
16370,2016-03-01,08:20:00,162,1,5659
16371,2016-03-01,08:27:00,442,1,9406
16372,2016-03-01,08:34:00,104,1,9780
16373,2016-03-01,08:34:00,222,1,7795
16374,2016-03-01,08:36:00,236,2,7984
16375,2016-03-01,08:41:00,72,2,4594
16376,2016-03-01,08:43:00,172,3,10926
16377,2016-03-01,08:48:00,420,1,8499
16378,2016-03-01,08:49:00,48,1,8557
16379,2016-03-01,09:07:00,210,2,4967
16380,2016-03-01,09:11:00,438,1,4356
16381,2016-03-01,09:18:00,127,2,4943
16382,2016-03-01,09:23:00,426,4,4886
16383,2016-03-01,09:25:00,304,2,11539
16384,2016-03-01,09:40:00,349,3,8838
16385,2016-03-01,09:46:00,378,1,10533
16386,2016-03-01,09:51:00,248,2,1608
16387,2016-03-01,09:55:00,12,5,10014
16388,2016-03-01,10:01:00,231,2,3820
16389,2016-03-01,10:02:00,180,2,4280
16390,2016-03-01,10:04:00,411,2,8066
16391,2016-03-01,10:05:00,167,1,11455
16392,2016-03-01,10:09:00,143,1,1674
16393,2016-03-01,10:22:00,158,3,1056
16394,2016-03-01,10:26:00,386,3,5373
16395,2016-03-01,10:27:00,34,2,10494
16396,2016-03-01,10:30:00,366,3,2872
16397,2016-03-01,10:35:00,426,4,686
16398,2016-03-01,10:37:00,247,1,11085
16399,2016-03-01,10:42:00,203,2,7642
16400,2016-03-01,10:43:00,239,4,10721
16401,2016-03-01,10:52:00,382,2,3628
16402,2016-03-01,10:54:00,435,1,8586
16403,2016-03-01,11:03:00,405,3,4855
16404,2016-03-01,11:07:00,407,2,1632
16405,2016-03-01,11:07:00,257,3,4166
16406,2016-03-01,11:17:00,265,1,4470
16407,2016-03-01,11:19:00,92,1,1686
16408,2016-03-01,11:20:00,209,1,6432
16409,2016-03-01,11:36:00,241,1,6649
16410,2016-03-01,11:36:00,401,2,4794
16411,2016-03-01,11:51:00,358,2,4226
16412,2016-03-01,12:02:00,404,1,7859
16413,2016-03-01,12:03:00,401,1,4925
16414,2016-03-01,12:06:00,365,4,8068
16415,2016-03-01,12:11:00,444,1,6453
16416,2016-03-01,12:31:00,383,1,1509
16417,2016-03-01,12:33:00,139,3,2102
16418,2016-03-01,12:40:00,98,2,8518
16419,2016-03-01,12:53:00,262,2,8442
16420,2016-03-01,12:53:00,448,1,642
16421,2016-03-01,13:31:00,45,2,7279
16422,2016-03-01,13:34:00,221,1,10639
16423,2016-03-01,13:34:00,106,1,2124
16424,2016-03-01,13:38:00,135,3,5970
16425,2016-03-01,13:41:00,192,2,334
16426,2016-03-01,13:46:00,343,4,4575
16427,2016-03-01,13:46:00,308,1,1802
16428,2016-03-01,14:03:00,119,6,3900
16429,2016-03-01,14:12:00,209,2,9627
16430,2016-03-01,14:12:00,375,2,8088
16431,2016-03-01,14:13:00,243,2,8902
16432,2016-03-01,14:20:00,125,1,4624
16433,2016-03-01,14:36:00,105,2,9482
16434,2016-03-01,14:39:00,359,1,10174
16435,2016-03-01,14:40:00,441,3,9838
16436,2016-03-01,14:41:00,369,2,1860
16437,2016-03-01,14:44:00,66,3,3061
16438,2016-03-01,14:47:00,196,1,11366
16439,2016-03-01,15:00:00,190,3,4270
16440,2016-03-01,15:07:00,15,1,6431
16441,2016-03-01,15:15:00,246,2,6009
16442,2016-03-01,15:17:00,316,3,8820
16443,2016-03-01,15:22:00,367,2,6884
16444,2016-03-01,15:35:00,101,3,3990
16445,2016-03-01,15:41:00,86,1,4872
16446,2016-03-01,15:41:00,131,2,11018
16447,2016-03-01,15:56:00,57,1,811
16448,2016-03-01,15:58:00,93,2,10190
16449,2016-03-01,16:06:00,371,1,1219
16450,2016-03-01,16:10:00,448,2,5172
16451,2016-03-01,16:12:00,310,2,3197
16452,2016-03-01,16:21:00,372,2,9306
16453,2016-03-01,16:30:00,370,2,11738
16454,2016-03-01,16:30:00,315,2,4129
16455,2016-03-01,16:36:00,77,1,6153
16456,2016-03-01,16:44:00,33,3,7034
16457,2016-03-01,17:04:00,301,2,5500
16458,2016-03-01,17:08:00,203,2,2711
16459,2016-03-01,17:21:00,363,2,5296
16460,2016-03-01,17:26:00,120,4,4883
16461,2016-03-01,17:28:00,219,2,6050
16462,2016-03-01,17:32:00,226,1,1262
16463,2016-03-01,17:43:00,451,2,8654
16464,2016-03-01,17:44:00,60,3,2490
16465,2016-03-01,17:45:00,245,1,10886
16466,2016-03-01,17:49:00,435,2,1157
16467,2016-03-01,17:56:00,81,2,8081
16468,2016-03-01,17:58:00,41,3,4933
16469,2016-03-01,18:02:00,344,1,492
16470,2016-03-01,18:03:00,113,2,1571
16471,2016-03-01,18:08:00,38,4,2637
16472,2016-03-01,18:12:00,268,2,11596
16473,2016-03-01,18:12:00,433,1,6076
16474,2016-03-01,18:20:00,280,2,5055
16475,2016-03-01,18:21:00,197,1,7648
16476,2016-03-01,18:21:00,258,2,8819
16477,2016-03-01,18:29:00,33,2,1853
16478,2016-03-01,18:36:00,275,4,1944
16479,2016-03-01,18:43:00,225,3,6575
16480,2016-03-01,18:43:00,427,7,11174
16481,2016-03-01,18:45:00,371,2,2342
16482,2016-03-01,18:50:00,201,3,6536
16483,2016-03-01,18:54:00,457,1,5119
16484,2016-03-01,18:59:00,133,2,3716
16485,2016-03-01,19:01:00,200,2,625
16486,2016-03-01,19:10:00,291,3,8478
16487,2016-03-01,19:21:00,254,1,6673
16488,2016-03-01,19:26:00,123,2,907
16489,2016-03-01,19:28:00,379,1,4598
16490,2016-03-01,19:33:00,398,2,11076
16491,2016-03-01,19:43:00,215,1,8780
16492,2016-03-01,19:43:00,454,2,5427
16493,2016-03-01,19:45:00,371,1,1039
16494,2016-03-01,19:46:00,397,2,9056
16495,2016-03-01,19:47:00,55,2,8080
16496,2016-03-01,19:50:00,428,1,5830
16497,2016-03-01,19:55:00,252,3,450
16498,2016-03-01,19:56:00,327,4,2637
16499,2016-03-01,19:58:00,194,2,4392
16500,2016-03-01,20:03:00,71,1,8474
16501,2016-03-01,20:04:00,351,2,8391
16502,2016-03-01,20:14:00,457,1,2051
16503,2016-03-01,20:20:00,229,1,11139
16504,2016-03-01,20:27:00,401,2,2861
16505,2016-03-01,20:33:00,78,2,1875
16506,2016-03-01,20:35:00,64,2,10648
16507,2016-03-01,20:42:00,308,1,7427
16508,2016-03-01,20:45:00,319,2,11752
16509,2016-03-01,20:45:00,421,1,1936
16510,2016-03-01,20:46:00,87,3,6081
16511,2016-03-01,20:48:00,228,1,10666
16512,2016-03-01,20:49:00,115,2,6040
16513,2016-03-01,21:00:00,22,4,4509
16514,2016-03-01,21:00:00,256,1,9319
16515,2016-03-01,21:10:00,294,2,10343
16516,2016-03-01,21:13:00,370,2,4520
16517,2016-03-01,21:16:00,329,2,6809
16518,2016-03-01,21:55:00,362,4,2308
16519,2016-03-01,21:55:00,268,2,6530
16520,2016-03-01,21:57:00,42,1,3603
16521,2016-03-01,21:57:00,27,1,11491
16522,2016-03-01,22:01:00,384,4,7955
16523,2016-03-01,22:02:00,76,1,4360
16524,2016-03-01,22:10:00,158,1,4196
16525,2016-03-01,22:19:00,195,3,3656
16526,2016-03-01,22:23:00,72,3,3546
16527,2016-03-01,22:41:00,132,1,4014
16528,2016-03-01,22:43:00,289,1,7021
16529,2016-03-01,22:45:00,414,2,8900
16530,2016-03-01,22:48:00,354,1,9190
16531,2016-03-01,22:49:00,2,3,10885
16532,2016-03-01,22:51:00,171,2,1194
16533,2016-03-01,22:59:00,175,1,1196
16534,2016-03-01,23:08:00,418,3,7351
16535,2016-03-01,23:08:00,399,1,9465
16536,2016-03-01,23:12:00,149,2,9842
16537,2016-03-01,23:17:00,313,2,11155
16538,2016-03-01,23:22:00,57,4,10137
16539,2016-03-01,23:24:00,124,2,7858
16540,2016-03-01,23:28:00,225,3,422
16541,2016-03-01,23:34:00,440,2,5863
16542,2016-03-01,23:40:00,63,5,2757
16543,2016-03-01,23:41:00,313,2,4842
16544,2016-03-01,23:44:00,412,1,4193
16545,2016-03-01,23:50:00,85,1,3953
16546,2016-03-02,00:02:00,274,2,184
16547,2016-03-02,00:05:00,424,4,3036
16548,2016-03-02,00:05:00,35,1,7666
16549,2016-03-02,00:12:00,328,3,9999
16550,2016-03-02,00:27:00,272,3,10822
16551,2016-03-02,00:30:00,62,2,11380
16552,2016-03-02,00:31:00,254,5,7987
16553,2016-03-02,00:32:00,407,1,7378
16554,2016-03-02,00:38:00,61,2,2424
16555,2016-03-02,00:39:00,92,2,10309
16556,2016-03-02,00:55:00,192,2,1566
16557,2016-03-02,01:01:00,103,1,3708
16558,2016-03-02,01:08:00,317,1,5726
16559,2016-03-02,01:13:00,123,3,1443
16560,2016-03-02,01:32:00,5,3,1658
16561,2016-03-02,01:32:00,438,4,5401
16562,2016-03-02,01:33:00,425,3,8116
16563,2016-03-02,01:40:00,106,2,2026
16564,2016-03-02,02:00:00,15,1,3677
16565,2016-03-02,02:01:00,96,4,6795
16566,2016-03-02,02:05:00,294,2,3317
16567,2016-03-02,02:12:00,414,1,4524
16568,2016-03-02,02:15:00,10,1,3465
16569,2016-03-02,02:23:00,248,3,7786
16570,2016-03-02,02:24:00,195,1,6273
16571,2016-03-02,02:29:00,400,2,348
16572,2016-03-02,02:30:00,278,4,4730
16573,2016-03-02,02:33:00,127,2,4481
16574,2016-03-02,02:33:00,275,2,4815
16575,2016-03-02,02:36:00,45,3,133
16576,2016-03-02,02:41:00,447,3,233
16577,2016-03-02,02:49:00,140,3,4717
16578,2016-03-02,02:52:00,16,2,2215
16579,2016-03-02,03:04:00,215,1,11256
16580,2016-03-02,03:10:00,93,2,7006
16581,2016-03-02,03:18:00,260,2,7569
16582,2016-03-02,03:22:00,392,4,8865
16583,2016-03-02,03:29:00,99,1,10707
16584,2016-03-02,03:51:00,361,2,2993
16585,2016-03-02,03:57:00,378,2,1150
16586,2016-03-02,04:01:00,301,1,5737
16587,2016-03-02,04:02:00,353,2,873
16588,2016-03-02,04:07:00,75,3,3546
16589,2016-03-02,04:08:00,9,1,3586
16590,2016-03-02,04:12:00,303,3,3694
16591,2016-03-02,04:23:00,408,2,184
16592,2016-03-02,04:27:00,145,2,5132
16593,2016-03-02,04:42:00,86,4,11938
16594,2016-03-02,04:47:00,26,2,3286
16595,2016-03-02,04:56:00,53,1,9305
16596,2016-03-02,04:57:00,354,2,4657
16597,2016-03-02,05:02:00,442,2,157
16598,2016-03-02,05:08:00,45,1,8279
16599,2016-03-02,05:16:00,405,3,10125
16600,2016-03-02,05:16:00,177,2,3669
16601,2016-03-02,05:22:00,444,1,5433
16602,2016-03-02,05:31:00,178,3,5332
16603,2016-03-02,05:32:00,218,1,4575
16604,2016-03-02,05:43:00,279,3,9304
16605,2016-03-02,05:45:00,15,2,966
16606,2016-03-02,06:08:00,379,2,9964
16607,2016-03-02,06:14:00,25,2,3822
16608,2016-03-02,06:21:00,45,3,9279
16609,2016-03-02,06:28:00,14,1,2261
16610,2016-03-02,06:39:00,428,1,3285
16611,2016-03-02,06:45:00,27,2,4066
16612,2016-03-02,06:51:00,46,1,7545
16613,2016-03-02,06:53:00,23,1,9754
16614,2016-03-02,06:58:00,320,1,4832
16615,2016-03-02,06:59:00,82,1,3076
16616,2016-03-02,07:02:00,283,2,3404
16617,2016-03-02,07:06:00,428,3,10669
16618,2016-03-02,07:06:00,163,3,555
16619,2016-03-02,07:07:00,358,2,1435
16620,2016-03-02,07:08:00,388,6,855
16621,2016-03-02,07:13:00,79,2,4061
16622,2016-03-02,07:13:00,64,1,293
16623,2016-03-02,07:27:00,353,4,2138
16624,2016-03-02,07:30:00,330,1,11417
16625,2016-03-02,07:31:00,295,3,3034
16626,2016-03-02,07:31:00,60,2,11345
16627,2016-03-02,07:31:00,378,2,4259
16628,2016-03-02,07:32:00,397,2,11962
16629,2016-03-02,07:34:00,246,3,447
16630,2016-03-02,07:37:00,90,1,8016
16631,2016-03-02,07:38:00,259,2,1290
16632,2016-03-02,07:48:00,25,4,6039
16633,2016-03-02,07:49:00,216,2,4065
16634,2016-03-02,07:55:00,400,2,4399
16635,2016-03-02,07:55:00,153,2,4709
16636,2016-03-02,08:01:00,373,3,4039
16637,2016-03-02,08:28:00,251,1,4345
16638,2016-03-02,08:28:00,145,2,7130
16639,2016-03-02,08:36:00,417,2,7408
16640,2016-03-02,08:42:00,450,2,8415
16641,2016-03-02,08:44:00,137,4,11947
16642,2016-03-02,08:48:00,345,3,1907
16643,2016-03-02,09:10:00,7,1,5166
16644,2016-03-02,09:20:00,48,2,8028
16645,2016-03-02,09:20:00,101,1,2797
16646,2016-03-02,09:26:00,77,4,7722
16647,2016-03-02,09:26:00,234,2,11442
16648,2016-03-02,09:29:00,439,2,11815
16649,2016-03-02,09:34:00,416,3,11742
16650,2016-03-02,09:57:00,45,2,8955
16651,2016-03-02,10:06:00,137,2,9769
16652,2016-03-02,10:10:00,450,3,4315
16653,2016-03-02,10:12:00,291,2,2221
16654,2016-03-02,10:16:00,76,2,5367
16655,2016-03-02,10:19:00,195,1,6871
16656,2016-03-02,10:23:00,14,2,7379
16657,2016-03-02,10:52:00,45,1,2215
16658,2016-03-02,10:56:00,394,2,6572
16659,2016-03-02,10:57:00,336,2,1750
16660,2016-03-02,11:00:00,302,2,11374
16661,2016-03-02,11:01:00,92,2,7689
16662,2016-03-02,11:02:00,380,1,2126
16663,2016-03-02,11:08:00,155,3,2186
16664,2016-03-02,11:09:00,214,1,7961
16665,2016-03-02,11:27:00,454,2,2328
16666,2016-03-02,11:46:00,142,3,382
16667,2016-03-02,11:49:00,3,4,5158
16668,2016-03-02,11:52:00,103,1,7132
16669,2016-03-02,11:53:00,294,1,410
16670,2016-03-02,12:15:00,43,3,10493
16671,2016-03-02,12:18:00,373,1,3865
16672,2016-03-02,12:21:00,109,3,8136
16673,2016-03-02,12:21:00,443,1,259
16674,2016-03-02,12:28:00,96,2,6924
16675,2016-03-02,12:28:00,393,3,3466
16676,2016-03-02,12:40:00,437,1,11780
16677,2016-03-02,12:50:00,59,2,5954
16678,2016-03-02,13:22:00,266,2,3081
16679,2016-03-02,13:24:00,230,2,1022
16680,2016-03-02,13:31:00,405,1,1502
16681,2016-03-02,13:34:00,234,3,1859
16682,2016-03-02,13:34:00,114,1,5997
16683,2016-03-02,13:43:00,403,1,9640
16684,2016-03-02,13:44:00,41,2,1441
16685,2016-03-02,13:46:00,9,2,32
16686,2016-03-02,13:48:00,444,2,6621
16687,2016-03-02,13:54:00,70,1,9647
16688,2016-03-02,13:58:00,59,2,1496
16689,2016-03-02,13:58:00,182,1,387
16690,2016-03-02,13:59:00,421,1,929
16691,2016-03-02,14:06:00,77,1,5261
16692,2016-03-02,14:14:00,417,1,2909
16693,2016-03-02,14:19:00,265,2,1075
16694,2016-03-02,14:24:00,291,2,5020
16695,2016-03-02,14:36:00,30,2,7433
16696,2016-03-02,14:41:00,279,3,7904
16697,2016-03-02,14:53:00,348,1,9257
16698,2016-03-02,14:54:00,219,3,833
16699,2016-03-02,14:58:00,190,2,4308
16700,2016-03-02,15:02:00,34,1,11676
16701,2016-03-02,15:18:00,347,2,3524
16702,2016-03-02,15:25:00,250,1,6168
16703,2016-03-02,15:25:00,101,1,7750
16704,2016-03-02,15:25:00,107,3,5415
16705,2016-03-02,15:28:00,275,3,4292
16706,2016-03-02,15:32:00,231,4,4964
16707,2016-03-02,15:36:00,444,2,5666
16708,2016-03-02,15:39:00,363,3,2977
16709,2016-03-02,15:41:00,333,1,1693
16710,2016-03-02,15:42:00,309,3,9854
16711,2016-03-02,15:43:00,220,2,7233
16712,2016-03-02,15:48:00,369,2,10384
16713,2016-03-02,15:55:00,69,2,3334
16714,2016-03-02,15:56:00,66,4,10977
16715,2016-03-02,16:02:00,97,3,8306
16716,2016-03-02,16:05:00,372,2,3603
16717,2016-03-02,16:11:00,113,2,4248
16718,2016-03-02,16:20:00,457,1,8809
16719,2016-03-02,16:23:00,258,3,10729
16720,2016-03-02,16:26:00,304,2,9125
16721,2016-03-02,16:34:00,317,4,11972
16722,2016-03-02,16:36:00,256,1,4852
16723,2016-03-02,16:49:00,222,3,8297
16724,2016-03-02,16:56:00,359,5,9654
16725,2016-03-02,16:59:00,228,1,5400
16726,2016-03-02,17:11:00,342,3,8525
16727,2016-03-02,17:15:00,458,2,1563
16728,2016-03-02,17:16:00,91,2,11237
16729,2016-03-02,17:22:00,273,1,5592
16730,2016-03-02,17:22:00,451,2,10670
16731,2016-03-02,17:22:00,141,1,8628
16732,2016-03-02,17:27:00,215,2,784
16733,2016-03-02,17:30:00,251,3,4690
16734,2016-03-02,17:33:00,308,1,2719
16735,2016-03-02,17:42:00,120,2,11395
16736,2016-03-02,17:43:00,302,1,963
16737,2016-03-02,17:58:00,275,2,9523
16738,2016-03-02,17:58:00,283,2,3147
16739,2016-03-02,18:06:00,41,1,4162
16740,2016-03-02,18:08:00,45,2,11633
16741,2016-03-02,18:11:00,395,5,1776
16742,2016-03-02,18:14:00,377,2,8429
16743,2016-03-02,18:18:00,76,4,2898
16744,2016-03-02,18:20:00,325,3,5883
16745,2016-03-02,18:28:00,437,2,6313
16746,2016-03-02,18:31:00,170,2,11195
16747,2016-03-02,18:57:00,6,2,11108
16748,2016-03-02,19:19:00,322,3,10715
16749,2016-03-02,19:21:00,454,1,288
16750,2016-03-02,19:23:00,124,3,206
16751,2016-03-02,19:24:00,336,1,9144
16752,2016-03-02,19:25:00,428,1,9777
16753,2016-03-02,19:30:00,441,3,712
16754,2016-03-02,19:41:00,113,2,10719
16755,2016-03-02,19:55:00,27,3,8833
16756,2016-03-02,20:02:00,243,1,6390
16757,2016-03-02,20:03:00,421,2,1378
16758,2016-03-02,20:05:00,272,2,40
16759,2016-03-02,20:11:00,347,2,8788
16760,2016-03-02,20:11:00,73,2,5603
16761,2016-03-02,20:16:00,382,2,10100
16762,2016-03-02,20:16:00,307,1,1410
16763,2016-03-02,20:24:00,396,1,608
16764,2016-03-02,20:28:00,323,2,7167
16765,2016-03-02,20:36:00,366,2,5361
16766,2016-03-02,20:37:00,163,1,8211
16767,2016-03-02,20:41:00,451,1,2553
16768,2016-03-02,21:08:00,348,2,6547
16769,2016-03-02,21:11:00,394,1,2620
16770,2016-03-02,21:13:00,239,2,7138
16771,2016-03-02,21:16:00,121,2,536
16772,2016-03-02,21:19:00,286,1,3781
16773,2016-03-02,21:23:00,261,3,4587
16774,2016-03-02,21:25:00,131,2,485
16775,2016-03-02,21:26:00,31,2,4381
16776,2016-03-02,21:37:00,35,3,832
16777,2016-03-02,21:39:00,57,2,3292
16778,2016-03-02,21:50:00,343,1,131
16779,2016-03-02,21:55:00,399,4,8860
16780,2016-03-02,22:02:00,318,2,3108
16781,2016-03-02,22:07:00,288,1,11393
16782,2016-03-02,22:09:00,131,4,11122
16783,2016-03-02,22:20:00,267,2,9335
16784,2016-03-02,22:31:00,296,1,11607
16785,2016-03-02,22:34:00,324,1,1376
16786,2016-03-02,22:41:00,443,2,5748
16787,2016-03-02,22:43:00,455,3,1027
16788,2016-03-02,22:43:00,64,3,5306
16789,2016-03-02,22:46:00,243,1,8663
16790,2016-03-02,22:48:00,64,3,3
16791,2016-03-02,22:55:00,251,2,10093
16792,2016-03-02,22:56:00,233,2,5547
16793,2016-03-02,23:18:00,363,5,2721
16794,2016-03-02,23:31:00,313,1,1629
16795,2016-03-02,23:32:00,316,1,2088
16796,2016-03-02,23:35:00,231,3,4311
16797,2016-03-02,23:37:00,89,4,9226
16798,2016-03-02,23:40:00,48,1,6116
16799,2016-03-02,23:52:00,454,1,3026
16800,2016-03-03,00:16:00,263,1,1317
16801,2016-03-03,00:17:00,313,2,3128
16802,2016-03-03,00:20:00,31,4,9532
16803,2016-03-03,00:21:00,419,2,4786
16804,2016-03-03,00:34:00,327,3,1751
16805,2016-03-03,00:36:00,209,1,1355
16806,2016-03-03,00:42:00,268,2,429
16807,2016-03-03,00:50:00,358,2,4156
16808,2016-03-03,00:50:00,29,1,3500
16809,2016-03-03,00:53:00,36,3,1405
16810,2016-03-03,00:54:00,323,5,11481
16811,2016-03-03,00:58:00,8,1,8708
16812,2016-03-03,01:00:00,398,1,8100
16813,2016-03-03,01:10:00,261,2,7922
16814,2016-03-03,01:15:00,15,4,9948
16815,2016-03-03,01:18:00,405,3,4532
16816,2016-03-03,01:20:00,388,1,2710
16817,2016-03-03,01:34:00,156,2,7653
16818,2016-03-03,01:39:00,171,2,6730
16819,2016-03-03,01:40:00,134,3,8475
16820,2016-03-03,01:59:00,98,4,2591
16821,2016-03-03,02:12:00,397,1,4876
16822,2016-03-03,02:13:00,113,2,7531
16823,2016-03-03,02:15:00,347,2,8278
16824,2016-03-03,02:18:00,119,2,875
16825,2016-03-03,02:27:00,31,2,8685
16826,2016-03-03,02:28:00,290,4,8781
16827,2016-03-03,02:28:00,305,2,2630
16828,2016-03-03,02:42:00,55,1,11276
16829,2016-03-03,03:04:00,2,3,11496
16830,2016-03-03,03:06:00,208,2,4721
16831,2016-03-03,03:06:00,12,1,10190
16832,2016-03-03,03:13:00,419,2,7276
16833,2016-03-03,03:16:00,266,2,2931
16834,2016-03-03,03:16:00,256,2,11400
16835,2016-03-03,03:19:00,26,1,6798
16836,2016-03-03,03:22:00,22,3,2244
16837,2016-03-03,03:27:00,166,1,6724
16838,2016-03-03,03:27:00,88,2,2096
16839,2016-03-03,03:32:00,372,2,10475
16840,2016-03-03,03:33:00,131,2,1896
16841,2016-03-03,03:40:00,31,3,3036
16842,2016-03-03,03:46:00,118,1,1429
16843,2016-03-03,03:49:00,130,1,229
16844,2016-03-03,03:53:00,176,1,5846
16845,2016-03-03,03:55:00,155,2,11440
16846,2016-03-03,03:56:00,130,2,6122
16847,2016-03-03,03:58:00,76,3,366
16848,2016-03-03,03:58:00,358,2,11981
16849,2016-03-03,04:01:00,122,3,5100
16850,2016-03-03,04:06:00,240,2,5001
16851,2016-03-03,04:13:00,136,3,8858
16852,2016-03-03,04:19:00,151,2,6475
16853,2016-03-03,04:19:00,441,5,10952
16854,2016-03-03,04:21:00,366,1,3010
16855,2016-03-03,04:22:00,13,1,8643
16856,2016-03-03,04:25:00,369,2,140
16857,2016-03-03,04:33:00,228,2,3720
16858,2016-03-03,04:34:00,281,2,10266
16859,2016-03-03,04:37:00,282,2,8109
16860,2016-03-03,04:51:00,387,2,11819
16861,2016-03-03,04:53:00,392,1,767
16862,2016-03-03,04:56:00,85,2,11087
16863,2016-03-03,05:01:00,142,3,107
16864,2016-03-03,05:05:00,380,1,5361
16865,2016-03-03,05:11:00,19,2,351
16866,2016-03-03,05:28:00,254,1,7919
16867,2016-03-03,05:43:00,88,4,8012
16868,2016-03-03,05:49:00,129,3,10213
16869,2016-03-03,05:54:00,421,2,7901
16870,2016-03-03,05:56:00,306,1,7959
16871,2016-03-03,05:57:00,181,4,6339
16872,2016-03-03,05:58:00,183,3,8130
16873,2016-03-03,06:00:00,107,1,1300
16874,2016-03-03,06:03:00,138,3,6319
16875,2016-03-03,06:06:00,367,1,4380
16876,2016-03-03,06:07:00,276,2,1959
16877,2016-03-03,06:09:00,386,2,2850
16878,2016-03-03,06:19:00,451,3,1299
16879,2016-03-03,06:23:00,322,2,9502
16880,2016-03-03,06:30:00,366,2,2859
16881,2016-03-03,06:36:00,256,1,3613
16882,2016-03-03,06:43:00,398,3,527
16883,2016-03-03,06:51:00,80,3,10232
16884,2016-03-03,06:53:00,376,3,5327
16885,2016-03-03,07:03:00,66,1,8486
16886,2016-03-03,07:11:00,18,2,7885
16887,2016-03-03,07:21:00,2,2,2892
16888,2016-03-03,07:30:00,378,2,3550
16889,2016-03-03,07:38:00,82,2,6722
16890,2016-03-03,08:00:00,41,2,2513
16891,2016-03-03,08:16:00,439,3,8508
16892,2016-03-03,08:29:00,182,3,10836
16893,2016-03-03,08:46:00,407,1,1847
16894,2016-03-03,08:48:00,209,3,8625
16895,2016-03-03,08:50:00,64,2,3172
16896,2016-03-03,08:52:00,393,2,7588
16897,2016-03-03,08:52:00,384,1,11589
16898,2016-03-03,09:09:00,113,1,5580
16899,2016-03-03,09:15:00,445,2,5551
16900,2016-03-03,09:26:00,430,3,4412
16901,2016-03-03,09:30:00,96,3,2599
16902,2016-03-03,09:36:00,137,1,2817
16903,2016-03-03,09:37:00,155,3,7053
16904,2016-03-03,09:47:00,361,2,837
16905,2016-03-03,09:52:00,129,1,168
16906,2016-03-03,09:56:00,76,2,5687
16907,2016-03-03,10:01:00,172,3,697
16908,2016-03-03,10:04:00,146,2,9336
16909,2016-03-03,10:10:00,396,1,1328
16910,2016-03-03,10:11:00,149,1,11346
16911,2016-03-03,10:30:00,169,4,4123
16912,2016-03-03,10:35:00,393,2,10111
16913,2016-03-03,10:44:00,340,1,1538
16914,2016-03-03,10:51:00,415,1,9739
16915,2016-03-03,10:52:00,420,1,4987
16916,2016-03-03,10:58:00,233,1,8510
16917,2016-03-03,11:07:00,88,1,5993
16918,2016-03-03,11:19:00,110,2,11518
16919,2016-03-03,11:25:00,231,3,1233
16920,2016-03-03,11:29:00,440,2,1647
16921,2016-03-03,11:49:00,450,2,5695
16922,2016-03-03,11:55:00,306,4,4038
16923,2016-03-03,11:57:00,317,8,5830
16924,2016-03-03,12:05:00,192,1,7116
16925,2016-03-03,12:12:00,363,2,10761
16926,2016-03-03,12:12:00,208,3,3415
16927,2016-03-03,12:12:00,357,2,11096
16928,2016-03-03,12:13:00,293,2,5657
16929,2016-03-03,12:18:00,111,2,4563
16930,2016-03-03,12:20:00,405,2,10202
16931,2016-03-03,12:22:00,175,2,3545
16932,2016-03-03,12:43:00,132,4,5058
16933,2016-03-03,12:43:00,324,1,2222
16934,2016-03-03,12:49:00,280,3,3348
16935,2016-03-03,12:49:00,101,5,146
16936,2016-03-03,12:50:00,300,1,4499
16937,2016-03-03,12:54:00,76,2,6204
16938,2016-03-03,12:54:00,18,4,7124
16939,2016-03-03,12:55:00,192,2,3260
16940,2016-03-03,13:00:00,322,2,3019
16941,2016-03-03,13:03:00,272,1,6619
16942,2016-03-03,13:10:00,153,1,3158
16943,2016-03-03,13:11:00,427,3,394
16944,2016-03-03,13:11:00,447,2,410
16945,2016-03-03,13:20:00,423,2,9914
16946,2016-03-03,13:21:00,126,3,758
16947,2016-03-03,13:24:00,424,4,5971
16948,2016-03-03,13:31:00,29,1,19
16949,2016-03-03,13:34:00,410,3,535
16950,2016-03-03,13:43:00,409,2,250
16951,2016-03-03,13:44:00,114,2,192
16952,2016-03-03,13:55:00,118,1,6823
16953,2016-03-03,14:01:00,251,2,1048
16954,2016-03-03,14:02:00,5,2,9286
16955,2016-03-03,14:05:00,435,3,2348
16956,2016-03-03,14:12:00,305,1,9848
16957,2016-03-03,14:19:00,381,1,8109
16958,2016-03-03,14:24:00,387,1,2471
16959,2016-03-03,14:31:00,319,1,2919
16960,2016-03-03,14:41:00,417,3,11201
16961,2016-03-03,14:57:00,5,4,9043
16962,2016-03-03,14:57:00,215,3,9715
16963,2016-03-03,15:02:00,107,2,7635
16964,2016-03-03,15:07:00,192,3,1134
16965,2016-03-03,15:09:00,46,2,10374
16966,2016-03-03,15:09:00,127,2,10678
16967,2016-03-03,15:11:00,350,3,11906
16968,2016-03-03,15:18:00,230,2,8181
16969,2016-03-03,15:20:00,445,2,2608
16970,2016-03-03,15:20:00,1,2,11582
16971,2016-03-03,15:21:00,443,2,2007
16972,2016-03-03,15:26:00,451,1,2440
16973,2016-03-03,15:32:00,363,1,7836
16974,2016-03-03,15:45:00,256,2,2328
16975,2016-03-03,15:49:00,440,1,9802
16976,2016-03-03,16:06:00,396,2,10154
16977,2016-03-03,16:06:00,110,2,6456
16978,2016-03-03,16:11:00,230,3,5756
16979,2016-03-03,16:24:00,386,1,8706
16980,2016-03-03,16:24:00,397,1,7859
16981,2016-03-03,16:30:00,363,1,3625
16982,2016-03-03,16:35:00,187,3,11024
16983,2016-03-03,16:54:00,155,1,4371
16984,2016-03-03,16:55:00,454,3,2529
16985,2016-03-03,16:57:00,26,1,2686
16986,2016-03-03,17:20:00,233,2,5112
16987,2016-03-03,17:20:00,286,2,11929
16988,2016-03-03,17:34:00,324,1,2732
16989,2016-03-03,17:38:00,452,1,7661
16990,2016-03-03,17:39:00,433,1,6351
16991,2016-03-03,17:43:00,124,2,8277
16992,2016-03-03,17:46:00,370,1,477
16993,2016-03-03,17:56:00,341,2,5374
16994,2016-03-03,18:09:00,100,2,245
16995,2016-03-03,18:09:00,178,2,2536
16996,2016-03-03,18:15:00,391,2,2329
16997,2016-03-03,18:19:00,424,1,5138
16998,2016-03-03,18:22:00,18,2,2882
16999,2016-03-03,18:29:00,47,1,4394
17000,2016-03-03,18:31:00,324,2,9068
17001,2016-03-03,18:33:00,294,3,489
17002,2016-03-03,18:36:00,103,1,11969
17003,2016-03-03,18:42:00,310,2,884
17004,2016-03-03,18:50:00,272,2,11103
17005,2016-03-03,18:50:00,113,1,9771
17006,2016-03-03,18:53:00,437,1,7199
17007,2016-03-03,18:57:00,297,3,3105
17008,2016-03-03,19:00:00,133,2,4576
17009,2016-03-03,19:09:00,331,1,7495
17010,2016-03-03,19:13:00,278,4,344
17011,2016-03-03,19:16:00,381,2,9077
17012,2016-03-03,19:18:00,318,1,3273
17013,2016-03-03,19:21:00,337,2,8513
17014,2016-03-03,19:28:00,13,1,2375
17015,2016-03-03,19:28:00,294,4,1144
17016,2016-03-03,19:29:00,256,3,9162
17017,2016-03-03,19:32:00,74,2,9587
17018,2016-03-03,19:32:00,4,1,10771
17019,2016-03-03,19:35:00,427,2,7341
17020,2016-03-03,19:38:00,242,2,5590
17021,2016-03-03,19:38:00,300,2,6855
17022,2016-03-03,19:56:00,154,2,6365
17023,2016-03-03,20:16:00,272,2,11272
17024,2016-03-03,20:22:00,224,1,6909
17025,2016-03-03,20:27:00,361,1,1088
17026,2016-03-03,20:34:00,195,2,9155
17027,2016-03-03,20:46:00,275,1,8252
17028,2016-03-03,20:48:00,7,2,9248
17029,2016-03-03,20:53:00,208,4,5876
17030,2016-03-03,21:05:00,133,2,7705
17031,2016-03-03,21:05:00,92,2,10988
17032,2016-03-03,21:10:00,19,1,3898
17033,2016-03-03,21:17:00,86,2,6524
17034,2016-03-03,21:20:00,162,1,10914
17035,2016-03-03,21:20:00,19,2,4438
17036,2016-03-03,21:22:00,93,1,10561
17037,2016-03-03,21:48:00,17,1,10608
17038,2016-03-03,21:48:00,96,1,5189
17039,2016-03-03,21:50:00,266,1,5875
17040,2016-03-03,21:51:00,436,2,4838
17041,2016-03-03,21:53:00,65,1,6752
17042,2016-03-03,21:55:00,111,2,2576
17043,2016-03-03,21:58:00,34,3,632
17044,2016-03-03,22:08:00,137,2,8288
17045,2016-03-03,22:28:00,231,2,9922
17046,2016-03-03,22:30:00,141,4,5850
17047,2016-03-03,22:31:00,437,3,11450
17048,2016-03-03,22:33:00,425,2,9679
17049,2016-03-03,22:34:00,446,2,3626
17050,2016-03-03,22:34:00,239,4,4058
17051,2016-03-03,22:42:00,147,1,10836
17052,2016-03-03,22:53:00,240,1,1042
17053,2016-03-03,23:02:00,404,2,4862
17054,2016-03-03,23:08:00,259,1,6190
17055,2016-03-03,23:08:00,209,4,5787
17056,2016-03-03,23:14:00,134,4,6817
17057,2016-03-03,23:19:00,24,2,4795
17058,2016-03-03,23:35:00,378,3,8142
17059,2016-03-03,23:46:00,331,3,9379
17060,2016-03-03,23:51:00,423,2,3626
17061,2016-03-03,23:56:00,145,3,8407
17062,2016-03-03,23:57:00,155,2,5381
17063,2016-03-04,00:09:00,67,3,5813
17064,2016-03-04,00:12:00,347,2,7538
17065,2016-03-04,00:16:00,188,2,144
17066,2016-03-04,00:22:00,176,4,6609
17067,2016-03-04,00:31:00,307,2,6740
17068,2016-03-04,00:37:00,144,1,10537
17069,2016-03-04,00:40:00,209,3,5938
17070,2016-03-04,00:41:00,248,2,7479
17071,2016-03-04,00:43:00,138,1,9534
17072,2016-03-04,00:50:00,49,2,3911
17073,2016-03-04,00:50:00,224,1,2822
17074,2016-03-04,00:51:00,291,3,7938
17075,2016-03-04,00:57:00,395,2,5134
17076,2016-03-04,01:03:00,33,3,3209
17077,2016-03-04,01:26:00,101,1,6385
17078,2016-03-04,01:35:00,430,3,81
17079,2016-03-04,01:35:00,419,1,2465
17080,2016-03-04,01:50:00,117,4,4146
17081,2016-03-04,01:51:00,181,3,11805
17082,2016-03-04,01:53:00,265,1,1329
17083,2016-03-04,01:54:00,362,3,10339
17084,2016-03-04,02:18:00,457,4,3049
17085,2016-03-04,02:25:00,145,1,6072
17086,2016-03-04,02:27:00,158,4,10696
17087,2016-03-04,02:28:00,100,2,7857
17088,2016-03-04,02:29:00,426,1,1791
17089,2016-03-04,02:37:00,229,2,5091
17090,2016-03-04,02:37:00,377,1,11698
17091,2016-03-04,02:51:00,342,2,5606
17092,2016-03-04,02:54:00,206,1,7599
17093,2016-03-04,02:55:00,128,2,4177
17094,2016-03-04,03:10:00,392,2,11148
17095,2016-03-04,03:17:00,58,1,8025
17096,2016-03-04,03:23:00,371,2,11411
17097,2016-03-04,03:28:00,452,2,7436
17098,2016-03-04,03:29:00,375,1,1170
17099,2016-03-04,03:32:00,226,4,10374
17100,2016-03-04,03:34:00,198,1,1508
17101,2016-03-04,03:47:00,294,2,8330
17102,2016-03-04,03:54:00,416,3,9069
17103,2016-03-04,03:55:00,194,2,4081
17104,2016-03-04,03:59:00,419,2,1837
17105,2016-03-04,04:04:00,90,1,9455
17106,2016-03-04,04:05:00,434,2,67
17107,2016-03-04,04:15:00,192,2,2947
17108,2016-03-04,04:20:00,282,2,2575
17109,2016-03-04,04:20:00,339,1,3053
17110,2016-03-04,04:21:00,295,2,5144
17111,2016-03-04,04:21:00,40,1,7452
17112,2016-03-04,04:27:00,449,2,3727
17113,2016-03-04,04:27:00,149,3,8255
17114,2016-03-04,04:32:00,324,2,1828
17115,2016-03-04,04:41:00,381,2,11645
17116,2016-03-04,05:03:00,51,4,3269
17117,2016-03-04,05:04:00,311,3,8496
17118,2016-03-04,05:06:00,201,2,4830
17119,2016-03-04,05:12:00,323,3,2502
17120,2016-03-04,05:22:00,419,3,4655
17121,2016-03-04,05:25:00,169,1,9327
17122,2016-03-04,05:25:00,284,2,11113
17123,2016-03-04,05:26:00,30,4,6017
17124,2016-03-04,05:28:00,101,1,7678
17125,2016-03-04,05:35:00,349,3,7324
17126,2016-03-04,05:36:00,201,4,11312
17127,2016-03-04,05:39:00,253,4,4303
17128,2016-03-04,05:43:00,293,2,10241
17129,2016-03-04,05:53:00,403,1,4455
17130,2016-03-04,05:55:00,360,3,9610
17131,2016-03-04,05:55:00,314,1,10859
17132,2016-03-04,05:56:00,117,3,7414
17133,2016-03-04,05:57:00,157,3,2774
17134,2016-03-04,06:02:00,177,2,1043
17135,2016-03-04,06:04:00,190,3,4703
17136,2016-03-04,06:05:00,109,2,7265
17137,2016-03-04,06:11:00,342,1,647
17138,2016-03-04,06:12:00,178,2,8613
17139,2016-03-04,06:13:00,451,2,9028
17140,2016-03-04,06:17:00,288,1,8610
17141,2016-03-04,06:18:00,424,2,11166
17142,2016-03-04,06:19:00,48,2,6240
17143,2016-03-04,06:22:00,255,2,4863
17144,2016-03-04,06:22:00,94,1,1036
17145,2016-03-04,06:30:00,129,2,10017
17146,2016-03-04,06:33:00,19,1,2128
17147,2016-03-04,06:33:00,431,4,9379
17148,2016-03-04,06:45:00,393,1,103
17149,2016-03-04,06:46:00,414,2,4219
17150,2016-03-04,06:52:00,75,2,5969
17151,2016-03-04,06:59:00,95,1,5960
17152,2016-03-04,07:14:00,385,2,10592
17153,2016-03-04,07:15:00,401,3,6088
17154,2016-03-04,07:30:00,24,1,11302
17155,2016-03-04,07:34:00,197,4,9190
17156,2016-03-04,07:39:00,67,2,1927
17157,2016-03-04,07:43:00,125,1,2500
17158,2016-03-04,07:44:00,83,2,7502
17159,2016-03-04,07:53:00,22,3,6018
17160,2016-03-04,08:01:00,191,2,4746
17161,2016-03-04,08:06:00,116,2,1437
17162,2016-03-04,08:08:00,113,2,3895
17163,2016-03-04,08:11:00,262,1,4311
17164,2016-03-04,08:12:00,62,2,1063
17165,2016-03-04,08:15:00,193,1,3869
17166,2016-03-04,08:35:00,243,3,4498
17167,2016-03-04,08:46:00,402,2,8845
17168,2016-03-04,08:47:00,312,2,3096
17169,2016-03-04,08:58:00,339,2,7543
17170,2016-03-04,09:22:00,61,2,1067
17171,2016-03-04,09:27:00,9,3,6624
17172,2016-03-04,09:33:00,375,3,4234
17173,2016-03-04,09:35:00,232,1,11314
17174,2016-03-04,09:36:00,455,1,6414
17175,2016-03-04,09:37:00,303,1,1623
17176,2016-03-04,09:42:00,27,1,6528
17177,2016-03-04,09:44:00,156,1,10009
17178,2016-03-04,09:46:00,340,3,11035
17179,2016-03-04,09:47:00,237,4,901
17180,2016-03-04,09:50:00,353,1,9158
17181,2016-03-04,09:52:00,83,1,6538
17182,2016-03-04,09:52:00,91,1,9326
17183,2016-03-04,09:54:00,403,3,10355
17184,2016-03-04,09:55:00,386,1,11893
17185,2016-03-04,09:59:00,231,2,5759
17186,2016-03-04,10:02:00,278,3,10490
17187,2016-03-04,10:02:00,316,2,9942
17188,2016-03-04,10:09:00,221,2,11186
17189,2016-03-04,10:22:00,210,2,10940
17190,2016-03-04,10:24:00,185,1,8718
17191,2016-03-04,10:31:00,2,1,5741
17192,2016-03-04,10:37:00,341,2,4290
17193,2016-03-04,10:44:00,243,1,8687
17194,2016-03-04,10:53:00,433,4,8090
17195,2016-03-04,10:54:00,90,1,567
17196,2016-03-04,10:56:00,279,1,5598
17197,2016-03-04,10:58:00,249,2,8024
17198,2016-03-04,11:03:00,238,4,3035
17199,2016-03-04,11:07:00,266,2,4361
17200,2016-03-04,11:16:00,451,1,6107
17201,2016-03-04,11:19:00,28,3,8453
17202,2016-03-04,11:33:00,255,2,11564
17203,2016-03-04,11:44:00,189,1,7928
17204,2016-03-04,11:50:00,166,2,1585
17205,2016-03-04,11:53:00,60,2,5410
17206,2016-03-04,11:53:00,123,1,309
17207,2016-03-04,11:54:00,190,2,1278
17208,2016-03-04,11:56:00,35,4,3523
17209,2016-03-04,11:57:00,287,1,4484
17210,2016-03-04,12:10:00,415,2,11976
17211,2016-03-04,12:11:00,359,2,3246
17212,2016-03-04,12:12:00,23,2,5110
17213,2016-03-04,12:15:00,76,1,2378
17214,2016-03-04,12:30:00,75,2,3324
17215,2016-03-04,12:39:00,190,4,4996
17216,2016-03-04,12:54:00,98,3,1099
17217,2016-03-04,13:03:00,149,1,5083
17218,2016-03-04,13:09:00,416,2,5709
17219,2016-03-04,13:27:00,304,2,947
17220,2016-03-04,13:30:00,251,3,7897
17221,2016-03-04,13:51:00,43,2,3207
17222,2016-03-04,14:03:00,223,2,6583
17223,2016-03-04,14:06:00,401,1,11507
17224,2016-03-04,14:12:00,55,3,2816
17225,2016-03-04,14:14:00,431,2,9365
17226,2016-03-04,14:15:00,369,3,2047
17227,2016-03-04,14:19:00,14,3,2458
17228,2016-03-04,14:33:00,48,2,8553
17229,2016-03-04,14:40:00,23,1,6728
17230,2016-03-04,14:42:00,239,5,1398
17231,2016-03-04,14:42:00,325,1,8897
17232,2016-03-04,14:47:00,288,3,2432
17233,2016-03-04,14:50:00,307,1,173
17234,2016-03-04,14:58:00,355,2,8850
17235,2016-03-04,15:05:00,433,2,7986
17236,2016-03-04,15:09:00,153,1,1677
17237,2016-03-04,15:14:00,383,1,5311
17238,2016-03-04,15:16:00,114,2,3239
17239,2016-03-04,15:19:00,35,1,8102
17240,2016-03-04,15:23:00,267,4,986
17241,2016-03-04,15:30:00,39,3,1914
17242,2016-03-04,15:32:00,338,3,7585
17243,2016-03-04,15:36:00,397,2,10525
17244,2016-03-04,15:36:00,451,2,9543
17245,2016-03-04,15:47:00,328,2,2904
17246,2016-03-04,15:52:00,118,2,8899
17247,2016-03-04,16:00:00,141,3,11326
17248,2016-03-04,16:12:00,389,2,982
17249,2016-03-04,16:30:00,41,1,11143
17250,2016-03-04,16:36:00,418,1,2692
17251,2016-03-04,16:38:00,447,1,843
17252,2016-03-04,16:44:00,75,2,4080
17253,2016-03-04,16:51:00,403,1,6795
17254,2016-03-04,17:04:00,199,2,9461
17255,2016-03-04,17:17:00,371,2,4663
17256,2016-03-04,17:18:00,187,1,1795
17257,2016-03-04,17:18:00,234,2,8361
17258,2016-03-04,17:21:00,106,1,2657
17259,2016-03-04,17:23:00,324,2,160
17260,2016-03-04,17:34:00,413,3,9954
17261,2016-03-04,17:35:00,176,2,7720
17262,2016-03-04,17:42:00,186,3,4000
17263,2016-03-04,17:49:00,218,1,10054
17264,2016-03-04,17:50:00,70,1,9523
17265,2016-03-04,17:52:00,376,2,6338
17266,2016-03-04,17:56:00,109,1,4083
17267,2016-03-04,17:58:00,394,2,4137
17268,2016-03-04,18:02:00,332,1,7421
17269,2016-03-04,18:07:00,384,3,11465
17270,2016-03-04,18:09:00,239,3,7048
17271,2016-03-04,18:09:00,174,2,3036
17272,2016-03-04,18:10:00,25,3,1890
17273,2016-03-04,18:18:00,318,3,868
17274,2016-03-04,18:20:00,146,1,5394
17275,2016-03-04,18:20:00,113,1,9738
17276,2016-03-04,18:20:00,338,1,6218
17277,2016-03-04,18:26:00,417,2,3555
17278,2016-03-04,18:27:00,340,2,6264
17279,2016-03-04,18:33:00,134,3,8258
17280,2016-03-04,18:35:00,444,1,8403
17281,2016-03-04,18:47:00,178,2,7602
17282,2016-03-04,18:48:00,252,2,5315
17283,2016-03-04,18:49:00,302,1,7425
17284,2016-03-04,18:55:00,46,3,11494
17285,2016-03-04,18:58:00,235,3,8489
17286,2016-03-04,19:05:00,117,2,9160
17287,2016-03-04,19:15:00,107,2,6480
17288,2016-03-04,19:16:00,242,1,2807
17289,2016-03-04,19:18:00,264,2,11678
17290,2016-03-04,19:21:00,431,2,6516
17291,2016-03-04,19:29:00,242,2,9191
17292,2016-03-04,19:30:00,252,1,1387
17293,2016-03-04,19:33:00,67,3,2604
17294,2016-03-04,19:36:00,37,1,9297
17295,2016-03-04,19:52:00,215,2,11244
17296,2016-03-04,19:58:00,131,2,660
17297,2016-03-04,20:01:00,310,1,11097
17298,2016-03-04,20:03:00,380,3,2620
17299,2016-03-04,20:10:00,355,1,3496
17300,2016-03-04,20:11:00,83,2,1149
17301,2016-03-04,20:11:00,332,1,4796
17302,2016-03-04,20:21:00,353,2,4050
17303,2016-03-04,20:28:00,86,1,5846
17304,2016-03-04,20:28:00,24,2,7594
17305,2016-03-04,20:37:00,125,1,1973
17306,2016-03-04,20:41:00,364,2,505
17307,2016-03-04,20:43:00,432,1,11512
17308,2016-03-04,20:44:00,148,2,3072
17309,2016-03-04,20:45:00,332,2,5632
17310,2016-03-04,20:50:00,44,1,7369
17311,2016-03-04,20:53:00,150,2,4572
17312,2016-03-04,20:53:00,114,3,8839
17313,2016-03-04,20:54:00,211,1,2272
17314,2016-03-04,20:54:00,215,2,10699
17315,2016-03-04,21:03:00,308,5,7784
17316,2016-03-04,21:07:00,326,1,11897
17317,2016-03-04,21:15:00,337,1,4856
17318,2016-03-04,21:36:00,182,1,9092
17319,2016-03-04,21:39:00,299,3,3060
17320,2016-03-04,21:51:00,123,4,11547
17321,2016-03-04,21:57:00,112,2,6824
17322,2016-03-04,21:59:00,411,3,1892
17323,2016-03-04,22:02:00,157,1,239
17324,2016-03-04,22:03:00,28,1,10123
17325,2016-03-04,22:22:00,273,1,9832
17326,2016-03-04,22:23:00,3,1,11388
17327,2016-03-04,22:43:00,252,2,3992
17328,2016-03-04,22:47:00,308,2,2333
17329,2016-03-04,23:12:00,27,4,1307
17330,2016-03-04,23:18:00,309,2,9545
17331,2016-03-04,23:19:00,26,2,4907
17332,2016-03-04,23:27:00,302,1,3612
17333,2016-03-04,23:31:00,128,3,10003
17334,2016-03-04,23:32:00,417,3,11604
17335,2016-03-04,23:43:00,308,1,2181
17336,2016-03-04,23:50:00,12,1,10451
17337,2016-03-04,23:51:00,411,3,2602
17338,2016-03-04,23:58:00,349,1,7633
17339,2016-03-05,00:03:00,39,1,108
17340,2016-03-05,00:04:00,151,1,9173
17341,2016-03-05,00:05:00,116,2,7101
17342,2016-03-05,00:11:00,21,2,4794
17343,2016-03-05,00:13:00,187,1,7884
17344,2016-03-05,00:19:00,7,2,3998
17345,2016-03-05,00:26:00,260,4,1462
17346,2016-03-05,00:30:00,156,4,1861
17347,2016-03-05,00:31:00,415,2,11950
17348,2016-03-05,00:53:00,20,2,489
17349,2016-03-05,01:04:00,362,4,9761
17350,2016-03-05,01:06:00,46,2,8174
17351,2016-03-05,01:12:00,31,3,631
17352,2016-03-05,01:13:00,135,2,7109
17353,2016-03-05,01:16:00,33,2,11674
17354,2016-03-05,01:18:00,80,3,1485
17355,2016-03-05,01:20:00,456,1,6589
17356,2016-03-05,01:22:00,326,5,2381
17357,2016-03-05,01:25:00,166,1,998
17358,2016-03-05,01:29:00,449,4,10780
17359,2016-03-05,01:39:00,220,2,5468
17360,2016-03-05,01:51:00,339,1,7379
17361,2016-03-05,01:53:00,223,3,6625
17362,2016-03-05,01:59:00,295,3,4007
17363,2016-03-05,01:59:00,118,1,2917
17364,2016-03-05,02:00:00,93,2,4950
17365,2016-03-05,02:01:00,234,3,1715
17366,2016-03-05,02:06:00,327,2,799
17367,2016-03-05,02:08:00,175,4,4519
17368,2016-03-05,02:10:00,17,3,6143
17369,2016-03-05,02:12:00,271,4,9
17370,2016-03-05,02:14:00,114,1,669
17371,2016-03-05,02:14:00,51,2,5594
17372,2016-03-05,02:18:00,406,2,113
17373,2016-03-05,02:22:00,399,3,838
17374,2016-03-05,02:25:00,73,2,1855
17375,2016-03-05,02:28:00,314,4,9043
17376,2016-03-05,02:32:00,192,5,7445
17377,2016-03-05,02:45:00,311,2,10788
17378,2016-03-05,02:50:00,23,3,7504
17379,2016-03-05,02:50:00,449,2,1891
17380,2016-03-05,02:53:00,171,2,3876
17381,2016-03-05,03:00:00,210,2,5209
17382,2016-03-05,03:18:00,434,4,1620
17383,2016-03-05,03:19:00,164,2,9443
17384,2016-03-05,03:21:00,332,3,509
17385,2016-03-05,03:27:00,98,1,3828
17386,2016-03-05,03:30:00,84,2,8448
17387,2016-03-05,03:31:00,278,2,8239
17388,2016-03-05,03:32:00,229,3,4631
17389,2016-03-05,03:39:00,440,1,10516
17390,2016-03-05,03:44:00,313,1,5918
17391,2016-03-05,03:47:00,15,2,9969
17392,2016-03-05,03:48:00,426,1,6260
17393,2016-03-05,03:53:00,175,1,5
17394,2016-03-05,03:54:00,19,1,774
17395,2016-03-05,03:55:00,109,1,11686
17396,2016-03-05,04:08:00,158,3,7354
17397,2016-03-05,04:25:00,77,2,9874
17398,2016-03-05,04:35:00,6,2,5948
17399,2016-03-05,04:40:00,423,3,7969
17400,2016-03-05,05:03:00,84,4,10403
17401,2016-03-05,05:06:00,116,1,11929
17402,2016-03-05,05:10:00,360,3,1236
17403,2016-03-05,05:12:00,387,2,3181
17404,2016-03-05,05:14:00,70,3,1350
17405,2016-03-05,05:22:00,420,2,4819
17406,2016-03-05,05:22:00,287,2,9355
17407,2016-03-05,05:34:00,110,1,11475
17408,2016-03-05,05:35:00,60,2,1245
17409,2016-03-05,05:36:00,182,1,11748
17410,2016-03-05,05:45:00,136,1,6576
17411,2016-03-05,05:50:00,186,2,5665
17412,2016-03-05,06:08:00,249,2,8540
17413,2016-03-05,06:20:00,230,2,2286
17414,2016-03-05,06:20:00,414,2,9263
17415,2016-03-05,06:25:00,13,3,2561
17416,2016-03-05,06:28:00,424,2,5044
17417,2016-03-05,06:29:00,124,1,4984
17418,2016-03-05,06:37:00,160,2,868
17419,2016-03-05,06:39:00,430,2,1286
17420,2016-03-05,06:42:00,329,2,2766
17421,2016-03-05,06:42:00,165,3,2011
17422,2016-03-05,06:51:00,328,1,1887
17423,2016-03-05,06:51:00,97,1,8026
17424,2016-03-05,07:06:00,292,4,9915
17425,2016-03-05,07:17:00,123,1,1094
17426,2016-03-05,07:26:00,85,1,5332
17427,2016-03-05,07:27:00,426,1,2267
17428,2016-03-05,07:34:00,69,4,1669
17429,2016-03-05,07:47:00,348,2,2547
17430,2016-03-05,07:56:00,179,1,732
17431,2016-03-05,08:00:00,170,2,9119
17432,2016-03-05,08:02:00,457,1,11588
17433,2016-03-05,08:02:00,121,3,8924
17434,2016-03-05,08:06:00,355,1,10750
17435,2016-03-05,08:07:00,21,1,1175
17436,2016-03-05,08:12:00,278,3,4664
17437,2016-03-05,08:16:00,39,2,4184
17438,2016-03-05,08:20:00,94,3,9550
17439,2016-03-05,08:21:00,405,1,10584
17440,2016-03-05,08:22:00,311,1,2437
17441,2016-03-05,08:29:00,291,2,8439
17442,2016-03-05,08:32:00,397,1,1386
17443,2016-03-05,08:34:00,352,2,3420
17444,2016-03-05,08:36:00,70,1,10342
17445,2016-03-05,08:43:00,295,1,3268
17446,2016-03-05,08:43:00,322,2,1792
17447,2016-03-05,08:53:00,385,1,5239
17448,2016-03-05,09:00:00,66,2,9029
17449,2016-03-05,09:02:00,101,1,9589
17450,2016-03-05,09:02:00,78,1,9543
17451,2016-03-05,09:04:00,431,1,3960
17452,2016-03-05,09:08:00,181,2,7909
17453,2016-03-05,09:09:00,236,1,7954
17454,2016-03-05,09:20:00,312,4,8851
17455,2016-03-05,09:22:00,291,2,81
17456,2016-03-05,09:34:00,361,2,4023
17457,2016-03-05,09:37:00,230,3,6927
17458,2016-03-05,09:44:00,309,2,11265
17459,2016-03-05,09:46:00,150,1,2388
17460,2016-03-05,09:47:00,280,2,11309
17461,2016-03-05,09:49:00,420,3,5583
17462,2016-03-05,09:55:00,150,3,5824
17463,2016-03-05,10:11:00,14,1,3858
17464,2016-03-05,10:17:00,388,2,4696
17465,2016-03-05,10:20:00,371,3,7711
17466,2016-03-05,10:25:00,214,2,1877
17467,2016-03-05,10:26:00,358,1,1349
17468,2016-03-05,10:32:00,33,2,506
17469,2016-03-05,10:34:00,402,3,7039
17470,2016-03-05,10:38:00,306,2,9972
17471,2016-03-05,10:57:00,390,1,5821
17472,2016-03-05,10:58:00,201,3,11078
17473,2016-03-05,11:12:00,292,3,9927
17474,2016-03-05,11:31:00,409,1,9594
17475,2016-03-05,11:34:00,227,1,9168
17476,2016-03-05,11:52:00,397,2,5921
17477,2016-03-05,11:56:00,117,3,11859
17478,2016-03-05,11:57:00,1,2,519
17479,2016-03-05,12:31:00,338,2,517
17480,2016-03-05,12:33:00,46,1,11333
17481,2016-03-05,12:37:00,263,1,9997
17482,2016-03-05,12:50:00,87,2,2571
17483,2016-03-05,12:52:00,263,3,7026
17484,2016-03-05,13:09:00,458,1,11711
17485,2016-03-05,13:09:00,431,2,4614
17486,2016-03-05,13:14:00,347,1,9401
17487,2016-03-05,13:24:00,174,2,5964
17488,2016-03-05,13:26:00,272,1,5276
17489,2016-03-05,13:28:00,247,3,3982
17490,2016-03-05,13:35:00,110,3,993
17491,2016-03-05,13:36:00,156,4,10112
17492,2016-03-05,13:38:00,130,1,11238
17493,2016-03-05,13:41:00,12,2,2331
17494,2016-03-05,13:42:00,340,3,1877
17495,2016-03-05,13:58:00,322,2,11624
17496,2016-03-05,14:07:00,143,2,10892
17497,2016-03-05,14:08:00,395,3,7543
17498,2016-03-05,14:13:00,435,1,10123
17499,2016-03-05,14:15:00,367,2,9321
17500,2016-03-05,14:22:00,23,2,6472
17501,2016-03-05,14:39:00,193,2,11490
17502,2016-03-05,14:45:00,62,2,7368
17503,2016-03-05,14:51:00,264,4,7383
17504,2016-03-05,14:56:00,56,1,5388
17505,2016-03-05,15:00:00,224,1,9457
17506,2016-03-05,15:12:00,412,1,4020
17507,2016-03-05,15:13:00,97,3,7571
17508,2016-03-05,15:18:00,155,4,1005
17509,2016-03-05,15:20:00,391,1,10199
17510,2016-03-05,15:25:00,237,1,3564
17511,2016-03-05,15:26:00,219,2,3050
17512,2016-03-05,15:40:00,161,1,10226
17513,2016-03-05,15:48:00,165,2,1368
17514,2016-03-05,15:57:00,429,1,7044
17515,2016-03-05,16:07:00,104,2,3971
17516,2016-03-05,16:13:00,215,4,1584
17517,2016-03-05,16:17:00,324,2,3136
17518,2016-03-05,16:27:00,367,5,11449
17519,2016-03-05,16:28:00,85,3,6318
17520,2016-03-05,16:31:00,196,2,11006
17521,2016-03-05,16:34:00,266,2,7913
17522,2016-03-05,16:36:00,147,2,3369
17523,2016-03-05,16:38:00,191,3,11876
17524,2016-03-05,16:39:00,279,1,5803
17525,2016-03-05,16:42:00,23,1,7884
17526,2016-03-05,16:42:00,109,1,5652
17527,2016-03-05,16:48:00,390,4,2243
17528,2016-03-05,16:49:00,345,2,11723
17529,2016-03-05,16:56:00,190,3,6846
17530,2016-03-05,16:58:00,77,3,7427
17531,2016-03-05,16:58:00,19,1,2732
17532,2016-03-05,16:59:00,414,1,3340
17533,2016-03-05,17:05:00,240,4,7123
17534,2016-03-05,17:15:00,268,2,8334
17535,2016-03-05,17:15:00,227,3,3160
17536,2016-03-05,17:21:00,271,3,10211
17537,2016-03-05,17:30:00,263,2,3638
17538,2016-03-05,17:36:00,246,2,2817
17539,2016-03-05,17:38:00,148,1,1694
17540,2016-03-05,17:42:00,315,3,2066
17541,2016-03-05,17:44:00,409,2,7146
17542,2016-03-05,17:45:00,139,1,5415
17543,2016-03-05,17:45:00,353,1,5090
17544,2016-03-05,17:46:00,71,1,11109
17545,2016-03-05,17:48:00,118,2,11249
17546,2016-03-05,17:53:00,152,2,7037
17547,2016-03-05,18:01:00,180,1,8198
17548,2016-03-05,18:04:00,419,3,6479
17549,2016-03-05,18:07:00,222,2,5300
17550,2016-03-05,18:11:00,329,3,2664
17551,2016-03-05,18:13:00,233,2,2653
17552,2016-03-05,18:13:00,233,1,5230
17553,2016-03-05,18:14:00,84,2,3939
17554,2016-03-05,18:19:00,213,1,10947
17555,2016-03-05,18:24:00,209,1,5089
17556,2016-03-05,18:25:00,39,4,8529
17557,2016-03-05,18:34:00,441,3,8906
17558,2016-03-05,18:48:00,155,1,3196
17559,2016-03-05,18:51:00,154,5,2227
17560,2016-03-05,18:53:00,266,3,10856
17561,2016-03-05,18:54:00,259,1,10919
17562,2016-03-05,18:54:00,101,2,441
17563,2016-03-05,19:12:00,233,2,5137
17564,2016-03-05,19:13:00,214,2,11382
17565,2016-03-05,19:23:00,421,1,2191
17566,2016-03-05,19:28:00,298,2,10653
17567,2016-03-05,19:41:00,259,4,724
17568,2016-03-05,19:43:00,147,1,8146
17569,2016-03-05,19:45:00,59,2,6632
17570,2016-03-05,19:47:00,156,1,1301
17571,2016-03-05,19:53:00,450,3,534
17572,2016-03-05,19:59:00,212,1,11366
17573,2016-03-05,20:03:00,143,1,340
17574,2016-03-05,20:05:00,212,3,3563
17575,2016-03-05,20:08:00,382,1,7876
17576,2016-03-05,20:12:00,126,3,10452
17577,2016-03-05,20:32:00,25,1,6570
17578,2016-03-05,20:34:00,324,1,4659
17579,2016-03-05,20:40:00,327,1,8308
17580,2016-03-05,20:42:00,456,4,9027
17581,2016-03-05,20:51:00,458,1,9523
17582,2016-03-05,20:59:00,285,2,10217
17583,2016-03-05,21:00:00,302,1,1087
17584,2016-03-05,21:03:00,64,2,3441
17585,2016-03-05,21:04:00,138,4,2167
17586,2016-03-05,21:12:00,161,1,5307
17587,2016-03-05,21:19:00,276,3,11323
17588,2016-03-05,21:20:00,386,2,6645
17589,2016-03-05,21:27:00,272,1,6514
17590,2016-03-05,21:47:00,106,1,98
17591,2016-03-05,21:48:00,167,2,3290
17592,2016-03-05,22:00:00,45,2,2253
17593,2016-03-05,22:07:00,28,5,5709
17594,2016-03-05,22:09:00,181,1,6300
17595,2016-03-05,22:09:00,431,2,847
17596,2016-03-05,22:10:00,117,4,6130
17597,2016-03-05,22:19:00,93,1,1634
17598,2016-03-05,22:24:00,35,1,1801
17599,2016-03-05,22:31:00,411,1,10955
17600,2016-03-05,22:34:00,338,2,11471
17601,2016-03-05,22:37:00,324,2,1428
17602,2016-03-05,22:44:00,422,1,1981
17603,2016-03-05,22:48:00,329,1,8715
17604,2016-03-05,22:55:00,314,3,4184
17605,2016-03-05,23:08:00,317,2,5855
17606,2016-03-05,23:10:00,102,1,7754
17607,2016-03-05,23:10:00,380,3,3041
17608,2016-03-05,23:12:00,138,1,11308
17609,2016-03-05,23:34:00,419,3,3771
17610,2016-03-05,23:50:00,147,3,6895
17611,2016-03-06,00:03:00,198,3,10151
17612,2016-03-06,00:07:00,202,2,6359
17613,2016-03-06,00:08:00,261,2,7150
17614,2016-03-06,00:28:00,39,2,10113
17615,2016-03-06,00:29:00,349,2,5957
17616,2016-03-06,00:32:00,161,2,66
17617,2016-03-06,00:41:00,11,2,6326
17618,2016-03-06,00:49:00,346,2,8465
17619,2016-03-06,00:49:00,351,3,2158
17620,2016-03-06,00:51:00,269,2,11857
17621,2016-03-06,00:53:00,185,2,537
17622,2016-03-06,00:54:00,109,2,9532
17623,2016-03-06,01:03:00,395,2,8992
17624,2016-03-06,01:03:00,110,1,4968
17625,2016-03-06,01:05:00,115,1,8108
17626,2016-03-06,01:09:00,58,3,9100
17627,2016-03-06,01:11:00,67,2,6090
17628,2016-03-06,01:13:00,15,1,9948
17629,2016-03-06,01:15:00,257,1,7324
17630,2016-03-06,01:18:00,83,1,5584
17631,2016-03-06,01:19:00,449,2,7590
17632,2016-03-06,01:23:00,92,1,5657
17633,2016-03-06,01:23:00,324,1,10364
17634,2016-03-06,01:31:00,368,2,8724
17635,2016-03-06,01:31:00,398,1,6520
17636,2016-03-06,01:31:00,251,1,6909
17637,2016-03-06,01:32:00,17,5,8460
17638,2016-03-06,01:33:00,220,3,3492
17639,2016-03-06,01:33:00,122,1,91
17640,2016-03-06,01:35:00,117,1,7417
17641,2016-03-06,01:35:00,203,1,8905
17642,2016-03-06,01:38:00,223,1,8751
17643,2016-03-06,01:44:00,57,2,8979
17644,2016-03-06,01:47:00,229,1,10426
17645,2016-03-06,01:51:00,6,3,4189
17646,2016-03-06,01:51:00,217,2,10321
17647,2016-03-06,01:53:00,81,2,3204
17648,2016-03-06,02:01:00,98,3,1498
17649,2016-03-06,02:08:00,131,2,1554
17650,2016-03-06,02:16:00,8,1,5172
17651,2016-03-06,02:27:00,346,1,11444
17652,2016-03-06,02:30:00,139,1,9299
17653,2016-03-06,02:32:00,413,1,99
17654,2016-03-06,02:36:00,4,3,3954
17655,2016-03-06,02:40:00,147,2,7468
17656,2016-03-06,02:47:00,107,2,5851
17657,2016-03-06,02:49:00,387,1,9643
17658,2016-03-06,02:52:00,236,2,3513
17659,2016-03-06,02:53:00,418,2,1812
17660,2016-03-06,03:02:00,409,2,4392
17661,2016-03-06,03:05:00,360,1,5536
17662,2016-03-06,03:12:00,223,1,11338
17663,2016-03-06,03:14:00,243,1,4231
17664,2016-03-06,03:20:00,456,3,7471
17665,2016-03-06,03:27:00,372,2,7759
17666,2016-03-06,03:36:00,454,3,265
17667,2016-03-06,03:38:00,397,2,8041
17668,2016-03-06,03:42:00,399,1,8744
17669,2016-03-06,03:50:00,413,1,8238
17670,2016-03-06,03:53:00,344,3,3557
17671,2016-03-06,04:06:00,20,2,7112
17672,2016-03-06,04:25:00,426,1,8591
17673,2016-03-06,04:26:00,372,1,11221
17674,2016-03-06,04:41:00,280,2,1095
17675,2016-03-06,04:47:00,109,1,7284
17676,2016-03-06,04:55:00,243,2,8558
17677,2016-03-06,05:08:00,280,2,4896
17678,2016-03-06,05:09:00,349,3,4540
17679,2016-03-06,05:12:00,214,1,5563
17680,2016-03-06,05:17:00,354,1,10029
17681,2016-03-06,05:28:00,458,2,9948
17682,2016-03-06,05:34:00,366,2,5524
17683,2016-03-06,05:46:00,248,2,11832
17684,2016-03-06,05:47:00,287,1,2013
17685,2016-03-06,05:48:00,82,2,4513
17686,2016-03-06,05:51:00,148,1,10219
17687,2016-03-06,06:05:00,251,1,10131
17688,2016-03-06,06:06:00,368,1,4858
17689,2016-03-06,06:06:00,179,1,2674
17690,2016-03-06,06:11:00,38,1,10114
17691,2016-03-06,06:12:00,147,3,4752
17692,2016-03-06,06:13:00,287,3,10956
17693,2016-03-06,06:13:00,220,3,1720
17694,2016-03-06,06:27:00,164,1,1223
17695,2016-03-06,06:32:00,51,3,1729
17696,2016-03-06,06:37:00,60,1,4422
17697,2016-03-06,06:45:00,162,1,2030
17698,2016-03-06,06:53:00,389,2,10909
17699,2016-03-06,06:58:00,84,1,5086
17700,2016-03-06,07:11:00,161,1,10503
17701,2016-03-06,07:15:00,434,2,293
17702,2016-03-06,07:23:00,155,3,3609
17703,2016-03-06,07:24:00,69,1,9167
17704,2016-03-06,07:25:00,236,1,10646
17705,2016-03-06,07:28:00,404,1,3367
17706,2016-03-06,07:31:00,144,2,10107
17707,2016-03-06,07:42:00,422,1,8542
17708,2016-03-06,07:44:00,22,3,11740
17709,2016-03-06,07:46:00,24,3,1605
17710,2016-03-06,07:49:00,443,2,1079
17711,2016-03-06,07:54:00,283,1,9151
17712,2016-03-06,08:01:00,312,4,11395
17713,2016-03-06,08:06:00,221,2,3828
17714,2016-03-06,08:21:00,30,1,9656
17715,2016-03-06,08:21:00,411,1,5585
17716,2016-03-06,08:22:00,184,1,1388
17717,2016-03-06,08:45:00,174,3,8045
17718,2016-03-06,08:53:00,127,4,3184
17719,2016-03-06,08:53:00,394,1,10607
17720,2016-03-06,09:09:00,444,1,11343
17721,2016-03-06,09:11:00,296,4,1926
17722,2016-03-06,09:25:00,210,1,5352
17723,2016-03-06,09:31:00,180,2,3306
17724,2016-03-06,09:38:00,29,1,3198
17725,2016-03-06,09:45:00,9,3,79
17726,2016-03-06,09:45:00,300,1,10767
17727,2016-03-06,09:57:00,41,2,5778
17728,2016-03-06,10:05:00,406,2,11551
17729,2016-03-06,10:14:00,98,1,11777
17730,2016-03-06,10:19:00,274,1,268
17731,2016-03-06,10:22:00,422,2,6737
17732,2016-03-06,10:22:00,295,2,5646
17733,2016-03-06,10:26:00,230,1,6774
17734,2016-03-06,10:35:00,262,2,9453
17735,2016-03-06,10:37:00,411,1,370
17736,2016-03-06,10:47:00,388,1,11820
17737,2016-03-06,10:47:00,453,2,2103
17738,2016-03-06,10:50:00,341,2,454
17739,2016-03-06,10:58:00,292,2,7891
17740,2016-03-06,11:17:00,420,1,6920
17741,2016-03-06,11:38:00,255,3,4496
17742,2016-03-06,11:39:00,221,1,8694
17743,2016-03-06,11:40:00,96,2,9976
17744,2016-03-06,11:43:00,66,1,304
17745,2016-03-06,11:47:00,168,1,716
17746,2016-03-06,11:51:00,129,1,5186
17747,2016-03-06,11:52:00,275,3,10007
17748,2016-03-06,11:59:00,183,1,9946
17749,2016-03-06,12:02:00,64,1,9962
17750,2016-03-06,12:04:00,324,2,9387
17751,2016-03-06,12:05:00,84,1,31
17752,2016-03-06,12:07:00,80,1,7071
17753,2016-03-06,12:08:00,51,1,4601
17754,2016-03-06,12:09:00,200,1,8210
17755,2016-03-06,12:18:00,105,2,4431
17756,2016-03-06,12:19:00,44,1,71
17757,2016-03-06,12:26:00,430,2,8068
17758,2016-03-06,12:31:00,257,1,8993
17759,2016-03-06,12:37:00,409,2,8720
17760,2016-03-06,12:43:00,444,3,2139
17761,2016-03-06,12:45:00,427,1,3504
17762,2016-03-06,12:46:00,274,3,8931
17763,2016-03-06,12:50:00,443,2,4258
17764,2016-03-06,12:50:00,26,1,1424
17765,2016-03-06,13:02:00,184,2,10727
17766,2016-03-06,13:12:00,183,1,4898
17767,2016-03-06,13:16:00,245,2,2028
17768,2016-03-06,13:20:00,259,1,8103
17769,2016-03-06,13:24:00,368,2,5255
17770,2016-03-06,13:29:00,307,3,3698
17771,2016-03-06,13:31:00,212,2,6645
17772,2016-03-06,13:32:00,196,1,534
17773,2016-03-06,13:33:00,302,3,5555
17774,2016-03-06,13:36:00,366,2,1850
17775,2016-03-06,13:38:00,66,2,5538
17776,2016-03-06,13:45:00,156,3,1902
17777,2016-03-06,13:48:00,237,4,9342
17778,2016-03-06,14:02:00,353,2,4057
17779,2016-03-06,14:04:00,130,1,2966
17780,2016-03-06,14:12:00,267,1,2707
17781,2016-03-06,14:14:00,375,2,11943
17782,2016-03-06,14:22:00,386,1,11477
17783,2016-03-06,14:29:00,241,2,10928
17784,2016-03-06,14:32:00,81,1,29
17785,2016-03-06,14:35:00,327,1,6104
17786,2016-03-06,14:38:00,343,1,10944
17787,2016-03-06,14:38:00,451,1,11324
17788,2016-03-06,14:45:00,165,2,5116
17789,2016-03-06,14:47:00,126,1,1101
17790,2016-03-06,14:56:00,135,1,8890
17791,2016-03-06,14:56:00,67,1,6787
17792,2016-03-06,14:58:00,370,2,9089
17793,2016-03-06,15:02:00,66,2,10166
17794,2016-03-06,15:08:00,204,1,9001
17795,2016-03-06,15:10:00,269,2,10030
17796,2016-03-06,15:11:00,76,2,6218
17797,2016-03-06,15:11:00,143,5,10748
17798,2016-03-06,15:15:00,335,2,3275
17799,2016-03-06,15:16:00,260,2,2488
17800,2016-03-06,15:22:00,159,3,5523
17801,2016-03-06,15:23:00,92,1,11795
17802,2016-03-06,15:27:00,378,2,11655
17803,2016-03-06,15:36:00,328,1,4286
17804,2016-03-06,15:46:00,283,1,3667
17805,2016-03-06,15:55:00,26,2,3133
17806,2016-03-06,15:58:00,232,1,3932
17807,2016-03-06,16:03:00,447,2,3257
17808,2016-03-06,16:04:00,428,2,361
17809,2016-03-06,16:06:00,300,2,2221
17810,2016-03-06,16:14:00,377,2,6176
17811,2016-03-06,16:22:00,236,2,1976
17812,2016-03-06,16:23:00,267,6,2543
17813,2016-03-06,16:24:00,329,2,11518
17814,2016-03-06,16:42:00,6,1,11594
17815,2016-03-06,16:47:00,116,2,474
17816,2016-03-06,16:50:00,93,2,8012
17817,2016-03-06,17:02:00,374,1,3883
17818,2016-03-06,17:08:00,400,1,633
17819,2016-03-06,17:29:00,204,3,3508
17820,2016-03-06,17:31:00,285,2,6711
17821,2016-03-06,17:39:00,404,2,2450
17822,2016-03-06,17:44:00,219,1,10204
17823,2016-03-06,17:47:00,97,2,10704
17824,2016-03-06,17:57:00,214,1,9317
17825,2016-03-06,17:57:00,327,1,3642
17826,2016-03-06,17:58:00,283,3,11066
17827,2016-03-06,18:06:00,437,1,1298
17828,2016-03-06,18:12:00,226,3,1213
17829,2016-03-06,18:26:00,199,2,808
17830,2016-03-06,18:30:00,414,3,11526
17831,2016-03-06,18:33:00,395,2,9273
17832,2016-03-06,18:33:00,129,2,8285
17833,2016-03-06,18:36:00,72,2,11330
17834,2016-03-06,18:43:00,140,4,10930
17835,2016-03-06,18:44:00,105,1,8884
17836,2016-03-06,18:53:00,240,2,1911
17837,2016-03-06,18:54:00,194,3,4103
17838,2016-03-06,18:54:00,269,1,9053
17839,2016-03-06,19:06:00,390,2,4660
17840,2016-03-06,19:20:00,59,4,2371
17841,2016-03-06,19:21:00,375,3,8379
17842,2016-03-06,19:29:00,95,2,4443
17843,2016-03-06,19:31:00,132,2,1352
17844,2016-03-06,19:32:00,281,2,610
17845,2016-03-06,19:34:00,201,1,6993
17846,2016-03-06,19:36:00,398,3,1902
17847,2016-03-06,19:44:00,373,1,828
17848,2016-03-06,19:47:00,23,3,2155
17849,2016-03-06,19:55:00,266,2,2387
17850,2016-03-06,19:56:00,335,3,8241
17851,2016-03-06,19:58:00,174,1,8849
17852,2016-03-06,20:00:00,427,2,6121
17853,2016-03-06,20:04:00,252,2,2723
17854,2016-03-06,20:05:00,439,2,3916
17855,2016-03-06,20:09:00,353,3,11082
17856,2016-03-06,20:11:00,122,1,7331
17857,2016-03-06,20:15:00,399,1,10509
17858,2016-03-06,20:20:00,16,3,1746
17859,2016-03-06,20:27:00,87,1,1069
17860,2016-03-06,20:32:00,407,4,502
17861,2016-03-06,20:33:00,30,1,10455
17862,2016-03-06,20:45:00,9,2,8615
17863,2016-03-06,20:55:00,295,1,10219
17864,2016-03-06,20:56:00,217,2,10625
17865,2016-03-06,20:59:00,166,1,2246
17866,2016-03-06,21:01:00,374,2,6464
17867,2016-03-06,21:06:00,181,2,9899
17868,2016-03-06,21:08:00,91,2,1
17869,2016-03-06,21:11:00,450,2,3327
17870,2016-03-06,21:12:00,224,2,11662
17871,2016-03-06,21:16:00,177,1,7737
17872,2016-03-06,21:19:00,412,1,7123
17873,2016-03-06,21:19:00,268,1,7802
17874,2016-03-06,21:21:00,135,2,11974
17875,2016-03-06,21:23:00,111,2,9995
17876,2016-03-06,21:25:00,190,1,8986
17877,2016-03-06,21:29:00,451,4,3878
17878,2016-03-06,21:34:00,40,3,9396
17879,2016-03-06,21:36:00,316,3,11850
17880,2016-03-06,21:40:00,90,2,3275
17881,2016-03-06,21:40:00,43,5,9197
17882,2016-03-06,21:42:00,303,5,10287
17883,2016-03-06,21:43:00,149,3,4535
17884,2016-03-06,21:46:00,95,1,4115
17885,2016-03-06,21:49:00,238,2,10581
17886,2016-03-06,21:55:00,18,1,11269
17887,2016-03-06,22:01:00,329,2,7439
17888,2016-03-06,22:04:00,360,3,4850
17889,2016-03-06,22:07:00,217,5,4507
17890,2016-03-06,22:19:00,137,3,8159
17891,2016-03-06,22:23:00,271,2,7856
17892,2016-03-06,22:27:00,187,2,10405
17893,2016-03-06,22:30:00,200,2,8272
17894,2016-03-06,22:55:00,229,2,631
17895,2016-03-06,23:03:00,92,1,6472
17896,2016-03-06,23:06:00,427,1,4567
17897,2016-03-06,23:08:00,364,2,10870
17898,2016-03-06,23:14:00,217,1,9354
17899,2016-03-06,23:23:00,265,2,1027
17900,2016-03-06,23:27:00,352,1,2817
17901,2016-03-06,23:44:00,424,1,11286
17902,2016-03-06,23:50:00,107,2,11344
17903,2016-03-06,23:52:00,314,3,11934
17904,2016-03-06,23:54:00,84,1,5146
17905,2016-03-07,00:00:00,424,2,6273
17906,2016-03-07,00:11:00,438,2,2188
17907,2016-03-07,00:12:00,322,3,3775
17908,2016-03-07,00:13:00,183,3,3982
17909,2016-03-07,00:13:00,148,2,9291
17910,2016-03-07,00:23:00,251,1,2020
17911,2016-03-07,00:24:00,311,1,8593
17912,2016-03-07,00:35:00,17,2,3647
17913,2016-03-07,00:43:00,126,2,7778
17914,2016-03-07,00:51:00,277,2,1915
17915,2016-03-07,00:58:00,337,4,11808
17916,2016-03-07,01:03:00,254,1,8234
17917,2016-03-07,01:25:00,14,3,3483
17918,2016-03-07,01:28:00,384,4,488
17919,2016-03-07,01:30:00,83,3,3156
17920,2016-03-07,01:35:00,60,1,6791
17921,2016-03-07,01:35:00,124,2,11292
17922,2016-03-07,01:41:00,279,2,9319
17923,2016-03-07,01:42:00,422,3,7126
17924,2016-03-07,01:55:00,31,4,160
17925,2016-03-07,01:56:00,13,1,6393
17926,2016-03-07,01:57:00,105,2,11061
17927,2016-03-07,01:58:00,449,1,4613
17928,2016-03-07,02:06:00,311,1,9486
17929,2016-03-07,02:20:00,177,3,6533
17930,2016-03-07,02:22:00,430,3,3175
17931,2016-03-07,02:23:00,434,3,7367
17932,2016-03-07,02:24:00,134,3,7780
17933,2016-03-07,02:27:00,330,2,1525
17934,2016-03-07,02:30:00,271,1,3572
17935,2016-03-07,02:34:00,30,2,6732
17936,2016-03-07,02:37:00,268,4,5747
17937,2016-03-07,02:38:00,172,1,9543
17938,2016-03-07,02:38:00,328,2,6327
17939,2016-03-07,02:49:00,43,4,8564
17940,2016-03-07,02:49:00,227,5,7129
17941,2016-03-07,02:59:00,107,2,5956
17942,2016-03-07,03:01:00,141,1,11187
17943,2016-03-07,03:03:00,130,2,3333
17944,2016-03-07,03:04:00,420,1,5839
17945,2016-03-07,03:04:00,372,2,5810
17946,2016-03-07,03:09:00,216,2,8525
17947,2016-03-07,03:22:00,112,2,9464
17948,2016-03-07,03:25:00,84,2,10002
17949,2016-03-07,03:27:00,450,1,11266
17950,2016-03-07,03:30:00,145,6,4061
17951,2016-03-07,03:33:00,443,4,1667
17952,2016-03-07,03:41:00,352,2,7343
17953,2016-03-07,03:41:00,288,2,820
17954,2016-03-07,03:42:00,292,3,9483
17955,2016-03-07,03:52:00,259,2,7866
17956,2016-03-07,03:59:00,253,3,1141
17957,2016-03-07,04:07:00,229,2,3564
17958,2016-03-07,04:13:00,434,3,2053
17959,2016-03-07,04:22:00,446,2,11172
17960,2016-03-07,04:26:00,308,1,2774
17961,2016-03-07,04:27:00,375,2,7629
17962,2016-03-07,04:30:00,322,2,3442
17963,2016-03-07,04:30:00,179,1,10367
17964,2016-03-07,04:35:00,328,2,11102
17965,2016-03-07,04:41:00,301,4,5300
17966,2016-03-07,04:43:00,383,3,10479
17967,2016-03-07,04:51:00,426,1,8786
17968,2016-03-07,04:55:00,202,2,10796
17969,2016-03-07,04:57:00,3,1,6389
17970,2016-03-07,04:57:00,90,3,5028
17971,2016-03-07,04:58:00,139,3,2779
17972,2016-03-07,05:07:00,85,2,109
17973,2016-03-07,05:20:00,393,1,1963
17974,2016-03-07,05:20:00,221,2,9943
17975,2016-03-07,05:22:00,114,3,8638
17976,2016-03-07,05:33:00,228,2,10494
17977,2016-03-07,05:48:00,426,2,7544
17978,2016-03-07,05:52:00,344,2,4353
17979,2016-03-07,05:54:00,446,2,559
17980,2016-03-07,05:55:00,77,1,8888
17981,2016-03-07,06:02:00,78,3,8026
17982,2016-03-07,06:03:00,42,1,3536
17983,2016-03-07,06:08:00,416,1,4100
17984,2016-03-07,06:10:00,223,1,3858
17985,2016-03-07,06:18:00,36,2,3416
17986,2016-03-07,06:19:00,130,4,360
17987,2016-03-07,06:22:00,53,2,11276
17988,2016-03-07,06:22:00,299,3,9721
17989,2016-03-07,06:23:00,368,3,7076
17990,2016-03-07,07:01:00,23,2,1242
17991,2016-03-07,07:02:00,346,1,662
17992,2016-03-07,07:04:00,156,2,6388
17993,2016-03-07,07:04:00,410,1,11596
17994,2016-03-07,07:05:00,204,1,7090
17995,2016-03-07,07:05:00,323,1,10040
17996,2016-03-07,07:11:00,249,3,7215
17997,2016-03-07,07:11:00,445,1,9122
17998,2016-03-07,07:13:00,27,1,6998
17999,2016-03-07,07:14:00,120,3,3328
18000,2016-03-07,07:26:00,41,3,1173
18001,2016-03-07,07:27:00,239,1,10326
18002,2016-03-07,07:30:00,98,3,791
18003,2016-03-07,07:47:00,61,6,11356
18004,2016-03-07,07:47:00,366,3,7039
18005,2016-03-07,07:49:00,143,3,10713
18006,2016-03-07,08:09:00,253,3,10092
18007,2016-03-07,08:20:00,174,2,10824
18008,2016-03-07,08:25:00,387,2,3630
18009,2016-03-07,08:27:00,301,1,5124
18010,2016-03-07,08:30:00,39,1,5434
18011,2016-03-07,08:35:00,65,2,8015
18012,2016-03-07,08:35:00,64,1,342
18013,2016-03-07,08:41:00,160,3,2629
18014,2016-03-07,08:44:00,227,1,4773
18015,2016-03-07,08:45:00,439,3,1107
18016,2016-03-07,08:49:00,149,1,866
18017,2016-03-07,08:52:00,409,1,3834
18018,2016-03-07,08:55:00,97,2,5792
18019,2016-03-07,09:03:00,395,3,4125
18020,2016-03-07,09:13:00,204,1,8982
18021,2016-03-07,09:15:00,339,1,4422
18022,2016-03-07,09:34:00,350,1,469
18023,2016-03-07,09:36:00,235,2,9287
18024,2016-03-07,09:39:00,7,1,8090
18025,2016-03-07,09:50:00,219,3,8344
18026,2016-03-07,09:51:00,457,3,1198
18027,2016-03-07,09:57:00,82,2,11766
18028,2016-03-07,10:13:00,8,3,8103
18029,2016-03-07,10:18:00,319,1,3942
18030,2016-03-07,10:23:00,452,1,2577
18031,2016-03-07,10:29:00,294,1,5579
18032,2016-03-07,10:31:00,163,3,10454
18033,2016-03-07,10:42:00,5,1,5467
18034,2016-03-07,10:42:00,137,1,650
18035,2016-03-07,10:45:00,180,2,2318
18036,2016-03-07,10:46:00,342,1,6356
18037,2016-03-07,10:47:00,431,1,516
18038,2016-03-07,10:49:00,193,1,6212
18039,2016-03-07,11:04:00,361,3,929
18040,2016-03-07,11:20:00,175,2,2993
18041,2016-03-07,11:22:00,207,2,8617
18042,2016-03-07,11:26:00,161,4,5112
18043,2016-03-07,11:35:00,422,4,3263
18044,2016-03-07,11:36:00,71,1,6440
18045,2016-03-07,11:44:00,432,3,10480
18046,2016-03-07,11:44:00,25,1,2005
18047,2016-03-07,11:48:00,12,5,11015
18048,2016-03-07,11:58:00,115,1,5889
18049,2016-03-07,11:58:00,373,2,6371
18050,2016-03-07,12:00:00,405,1,6209
18051,2016-03-07,12:07:00,161,1,3272
18052,2016-03-07,12:09:00,230,2,8558
18053,2016-03-07,12:10:00,290,3,2910
18054,2016-03-07,12:10:00,256,4,113
18055,2016-03-07,12:11:00,387,1,6973
18056,2016-03-07,12:14:00,47,1,10125
18057,2016-03-07,12:17:00,257,1,6185
18058,2016-03-07,12:20:00,67,2,3039
18059,2016-03-07,12:21:00,22,3,3655
18060,2016-03-07,12:27:00,282,2,4359
18061,2016-03-07,12:32:00,328,1,10641
18062,2016-03-07,12:33:00,366,2,3364
18063,2016-03-07,12:42:00,175,1,7364
18064,2016-03-07,12:45:00,255,5,2425
18065,2016-03-07,12:47:00,123,2,11405
18066,2016-03-07,13:04:00,450,3,8581
18067,2016-03-07,13:06:00,150,3,6831
18068,2016-03-07,13:09:00,145,2,2442
18069,2016-03-07,13:09:00,222,2,11963
18070,2016-03-07,13:10:00,282,1,11849
18071,2016-03-07,13:15:00,76,1,8403
18072,2016-03-07,13:18:00,153,3,10655
18073,2016-03-07,13:26:00,439,1,7340
18074,2016-03-07,13:45:00,89,2,8741
18075,2016-03-07,14:00:00,302,1,5664
18076,2016-03-07,14:02:00,37,1,5098
18077,2016-03-07,14:10:00,355,2,11675
18078,2016-03-07,14:18:00,454,2,10072
18079,2016-03-07,14:19:00,249,3,7470
18080,2016-03-07,14:19:00,291,3,5291
18081,2016-03-07,14:21:00,31,3,7437
18082,2016-03-07,14:27:00,378,2,5255
18083,2016-03-07,14:39:00,417,1,9890
18084,2016-03-07,14:45:00,58,1,6487
18085,2016-03-07,14:51:00,436,1,1485
18086,2016-03-07,14:54:00,237,3,1179
18087,2016-03-07,14:57:00,397,3,3780
18088,2016-03-07,14:57:00,457,3,9457
18089,2016-03-07,14:59:00,420,1,6512
18090,2016-03-07,15:00:00,398,2,8440
18091,2016-03-07,15:03:00,366,1,11779
18092,2016-03-07,15:10:00,416,2,5147
18093,2016-03-07,15:18:00,258,5,4636
18094,2016-03-07,15:28:00,145,2,11932
18095,2016-03-07,15:32:00,329,1,3551
18096,2016-03-07,15:40:00,398,3,4993
18097,2016-03-07,15:44:00,314,3,1424
18098,2016-03-07,15:52:00,217,2,8609
18099,2016-03-07,16:00:00,387,5,1465
18100,2016-03-07,16:05:00,411,1,3606
18101,2016-03-07,16:05:00,112,2,3473
18102,2016-03-07,16:11:00,84,2,2194
18103,2016-03-07,16:18:00,423,1,3429
18104,2016-03-07,16:20:00,402,2,7371
18105,2016-03-07,16:25:00,9,2,8142
18106,2016-03-07,16:28:00,7,1,769
18107,2016-03-07,16:29:00,328,4,5620
18108,2016-03-07,16:36:00,414,1,5553
18109,2016-03-07,16:48:00,180,2,7436
18110,2016-03-07,16:52:00,32,1,2048
18111,2016-03-07,16:53:00,215,2,11792
18112,2016-03-07,16:56:00,241,2,7873
18113,2016-03-07,17:06:00,372,1,8883
18114,2016-03-07,17:10:00,358,1,11390
18115,2016-03-07,17:16:00,206,1,2096
18116,2016-03-07,17:17:00,229,2,6501
18117,2016-03-07,17:18:00,60,2,6931
18118,2016-03-07,17:19:00,290,1,9272
18119,2016-03-07,17:33:00,411,2,9299
18120,2016-03-07,17:33:00,282,1,4825
18121,2016-03-07,17:40:00,153,2,11787
18122,2016-03-07,17:46:00,142,2,8717
18123,2016-03-07,17:48:00,136,4,6838
18124,2016-03-07,17:50:00,405,1,3799
18125,2016-03-07,18:14:00,305,2,1013
18126,2016-03-07,18:21:00,315,3,8860
18127,2016-03-07,18:23:00,349,1,9888
18128,2016-03-07,18:26:00,430,2,4255
18129,2016-03-07,18:27:00,404,2,1923
18130,2016-03-07,18:28:00,15,1,2624
18131,2016-03-07,18:32:00,245,3,6222
18132,2016-03-07,18:48:00,47,3,1501
18133,2016-03-07,18:51:00,323,2,10621
18134,2016-03-07,18:53:00,306,1,9590
18135,2016-03-07,18:54:00,219,3,3543
18136,2016-03-07,19:01:00,404,2,2672
18137,2016-03-07,19:05:00,41,2,7003
18138,2016-03-07,19:17:00,380,4,11522
18139,2016-03-07,19:27:00,387,1,1181
18140,2016-03-07,19:35:00,357,2,3339
18141,2016-03-07,19:37:00,387,1,6163
18142,2016-03-07,19:49:00,198,4,8757
18143,2016-03-07,19:51:00,355,1,10406
18144,2016-03-07,19:54:00,457,3,4893
18145,2016-03-07,19:54:00,302,2,3487
18146,2016-03-07,19:57:00,415,1,2157
18147,2016-03-07,19:58:00,388,2,6303
18148,2016-03-07,20:14:00,315,1,9269
18149,2016-03-07,20:28:00,30,1,11021
18150,2016-03-07,20:37:00,410,1,418
18151,2016-03-07,20:46:00,186,2,8019
18152,2016-03-07,20:49:00,303,2,3552
18153,2016-03-07,21:03:00,359,2,5701
18154,2016-03-07,21:10:00,343,1,1564
18155,2016-03-07,21:11:00,350,1,4260
18156,2016-03-07,21:12:00,98,1,3760
18157,2016-03-07,21:14:00,104,3,5352
18158,2016-03-07,21:17:00,157,1,10501
18159,2016-03-07,21:18:00,405,1,9116
18160,2016-03-07,21:34:00,402,2,23
18161,2016-03-07,21:51:00,448,2,11560
18162,2016-03-07,21:52:00,336,2,1621
18163,2016-03-07,21:54:00,312,2,8851
18164,2016-03-07,22:00:00,320,2,4313
18165,2016-03-07,22:03:00,388,2,2191
18166,2016-03-07,22:08:00,349,2,5147
18167,2016-03-07,22:19:00,2,2,11057
18168,2016-03-07,22:23:00,2,2,7314
18169,2016-03-07,22:46:00,283,1,4452
18170,2016-03-07,22:49:00,423,3,7837
18171,2016-03-07,22:50:00,104,1,5754
18172,2016-03-07,22:51:00,1,2,4155
18173,2016-03-07,23:02:00,189,1,2649
18174,2016-03-07,23:04:00,447,4,11360
18175,2016-03-07,23:08:00,9,1,10616
18176,2016-03-07,23:09:00,167,2,2079
18177,2016-03-07,23:15:00,290,2,1656
18178,2016-03-07,23:19:00,32,1,3591
18179,2016-03-07,23:20:00,55,4,3484
18180,2016-03-07,23:20:00,186,2,2231
18181,2016-03-07,23:35:00,104,1,1734
18182,2016-03-07,23:40:00,118,2,688
18183,2016-03-07,23:41:00,277,3,954
18184,2016-03-07,23:42:00,94,3,9691
18185,2016-03-07,23:56:00,202,2,9025
18186,2016-03-07,23:59:00,180,1,11491
18187,2016-03-08,00:09:00,172,2,5137
18188,2016-03-08,00:14:00,70,1,8367
18189,2016-03-08,00:15:00,126,1,7573
18190,2016-03-08,00:23:00,262,1,7148
18191,2016-03-08,00:28:00,77,1,6054
18192,2016-03-08,00:29:00,394,2,9899
18193,2016-03-08,00:36:00,301,2,10267
18194,2016-03-08,00:37:00,166,1,11976
18195,2016-03-08,00:41:00,428,1,10404
18196,2016-03-08,00:43:00,262,3,7809
18197,2016-03-08,00:44:00,209,2,8094
18198,2016-03-08,00:50:00,148,1,10048
18199,2016-03-08,00:55:00,49,2,11047
18200,2016-03-08,00:57:00,288,1,8514
18201,2016-03-08,01:26:00,252,2,8182
18202,2016-03-08,01:53:00,111,4,6598
18203,2016-03-08,01:57:00,297,3,11451
18204,2016-03-08,02:00:00,126,2,10433
18205,2016-03-08,02:21:00,325,3,2759
18206,2016-03-08,02:22:00,304,2,2217
18207,2016-03-08,02:24:00,355,2,7066
18208,2016-03-08,02:25:00,177,1,4785
18209,2016-03-08,02:30:00,118,1,2783
18210,2016-03-08,02:33:00,23,1,7140
18211,2016-03-08,02:40:00,89,2,141
18212,2016-03-08,02:42:00,167,1,2100
18213,2016-03-08,02:43:00,233,3,6947
18214,2016-03-08,02:49:00,297,2,7537
18215,2016-03-08,02:50:00,38,1,5314
18216,2016-03-08,02:56:00,299,2,658
18217,2016-03-08,03:05:00,209,2,4937
18218,2016-03-08,03:08:00,393,3,2661
18219,2016-03-08,03:15:00,262,5,11158
18220,2016-03-08,03:16:00,122,1,4319
18221,2016-03-08,03:19:00,404,2,10950
18222,2016-03-08,03:20:00,1,1,906
18223,2016-03-08,03:22:00,336,1,2092
18224,2016-03-08,03:22:00,36,2,10395
18225,2016-03-08,03:25:00,57,1,5215
18226,2016-03-08,03:28:00,166,2,3815
18227,2016-03-08,03:31:00,302,3,10626
18228,2016-03-08,03:36:00,94,2,10533
18229,2016-03-08,03:38:00,436,2,3748
18230,2016-03-08,03:39:00,307,1,8487
18231,2016-03-08,03:44:00,115,1,4449
18232,2016-03-08,03:44:00,27,3,10433
18233,2016-03-08,03:47:00,6,2,7980
18234,2016-03-08,03:48:00,284,3,11222
18235,2016-03-08,03:59:00,456,1,9967
18236,2016-03-08,04:00:00,101,1,4438
18237,2016-03-08,04:04:00,292,2,2360
18238,2016-03-08,04:07:00,54,1,2576
18239,2016-03-08,04:18:00,389,1,5539
18240,2016-03-08,04:25:00,114,2,11008
18241,2016-03-08,04:29:00,233,1,1863
18242,2016-03-08,04:34:00,417,3,1974
18243,2016-03-08,04:39:00,380,3,7799
18244,2016-03-08,04:43:00,84,3,3654
18245,2016-03-08,04:57:00,42,1,2796
18246,2016-03-08,05:09:00,351,3,6346
18247,2016-03-08,05:23:00,401,1,668
18248,2016-03-08,05:30:00,341,3,4364
18249,2016-03-08,05:32:00,366,3,7185
18250,2016-03-08,05:33:00,273,1,5912
18251,2016-03-08,05:33:00,438,1,1479
18252,2016-03-08,05:35:00,219,2,725
18253,2016-03-08,05:38:00,443,1,2585
18254,2016-03-08,06:00:00,118,3,9489
18255,2016-03-08,06:10:00,156,5,11770
18256,2016-03-08,06:15:00,175,1,6932
18257,2016-03-08,06:19:00,371,2,8917
18258,2016-03-08,06:26:00,131,4,3260
18259,2016-03-08,06:30:00,440,1,1661
18260,2016-03-08,06:45:00,435,2,908
18261,2016-03-08,06:57:00,367,1,4854
18262,2016-03-08,07:00:00,245,1,575
18263,2016-03-08,07:05:00,38,2,9446
18264,2016-03-08,07:09:00,301,1,9895
18265,2016-03-08,07:14:00,367,2,4130
18266,2016-03-08,07:19:00,249,2,2150
18267,2016-03-08,07:26:00,106,5,5222
18268,2016-03-08,07:31:00,300,1,3372
18269,2016-03-08,08:04:00,401,1,753
18270,2016-03-08,08:05:00,2,2,2843
18271,2016-03-08,08:07:00,339,1,1705
18272,2016-03-08,08:08:00,276,1,3728
18273,2016-03-08,08:16:00,365,2,1506
18274,2016-03-08,08:18:00,288,2,7964
18275,2016-03-08,08:25:00,100,1,685
18276,2016-03-08,08:31:00,207,1,3335
18277,2016-03-08,08:37:00,278,2,8107
18278,2016-03-08,08:42:00,52,3,11779
18279,2016-03-08,08:44:00,140,5,6843
18280,2016-03-08,08:45:00,205,2,1559
18281,2016-03-08,08:46:00,116,2,9057
18282,2016-03-08,08:54:00,290,1,11978
18283,2016-03-08,09:02:00,275,4,7947
18284,2016-03-08,09:03:00,316,1,2238
18285,2016-03-08,09:06:00,451,1,9703
18286,2016-03-08,09:07:00,10,1,11931
18287,2016-03-08,09:27:00,277,3,3781
18288,2016-03-08,09:29:00,250,1,7533
18289,2016-03-08,09:44:00,134,1,10451
18290,2016-03-08,10:01:00,267,3,9839
18291,2016-03-08,10:03:00,126,2,2242
18292,2016-03-08,10:09:00,39,1,2017
18293,2016-03-08,10:09:00,186,1,8305
18294,2016-03-08,10:15:00,72,1,115
18295,2016-03-08,10:22:00,453,2,799
18296,2016-03-08,10:30:00,381,1,6743
18297,2016-03-08,10:33:00,244,3,7821
18298,2016-03-08,10:39:00,27,1,2350
18299,2016-03-08,10:39:00,251,1,1078
18300,2016-03-08,10:40:00,243,3,3009
18301,2016-03-08,10:41:00,402,2,490
18302,2016-03-08,10:43:00,112,2,11226
18303,2016-03-08,10:47:00,336,2,9371
18304,2016-03-08,10:47:00,299,3,1172
18305,2016-03-08,10:52:00,130,1,10006
18306,2016-03-08,10:57:00,378,4,18
18307,2016-03-08,11:02:00,427,2,5264
18308,2016-03-08,11:05:00,77,1,11757
18309,2016-03-08,11:09:00,442,1,11367
18310,2016-03-08,11:12:00,249,3,9048
18311,2016-03-08,11:17:00,369,3,3897
18312,2016-03-08,11:18:00,437,3,1694
18313,2016-03-08,11:19:00,307,1,2925
18314,2016-03-08,11:23:00,42,2,10592
18315,2016-03-08,11:26:00,15,1,10908
18316,2016-03-08,11:58:00,457,1,617
18317,2016-03-08,12:02:00,94,6,10638
18318,2016-03-08,12:08:00,269,3,469
18319,2016-03-08,12:15:00,240,2,4036
18320,2016-03-08,12:16:00,60,1,2303
18321,2016-03-08,12:18:00,368,1,3674
18322,2016-03-08,12:34:00,239,2,5750
18323,2016-03-08,12:35:00,243,4,8287
18324,2016-03-08,12:37:00,127,1,2010
18325,2016-03-08,12:41:00,132,1,8381
18326,2016-03-08,12:42:00,434,2,7197
18327,2016-03-08,12:45:00,94,1,2309
18328,2016-03-08,12:47:00,79,1,11172
18329,2016-03-08,12:51:00,334,1,9008
18330,2016-03-08,12:51:00,254,2,7852
18331,2016-03-08,12:53:00,413,1,10396
18332,2016-03-08,13:03:00,384,2,10024
18333,2016-03-08,13:05:00,292,2,1317
18334,2016-03-08,13:07:00,259,2,2338
18335,2016-03-08,13:18:00,90,1,10055
18336,2016-03-08,13:27:00,267,4,9377
18337,2016-03-08,13:29:00,271,3,4427
18338,2016-03-08,13:29:00,396,3,408
18339,2016-03-08,13:34:00,152,1,11059
18340,2016-03-08,13:46:00,279,1,589
18341,2016-03-08,13:49:00,75,3,331
18342,2016-03-08,13:54:00,238,1,9070
18343,2016-03-08,13:55:00,240,2,5813
18344,2016-03-08,14:04:00,5,3,9214
18345,2016-03-08,14:06:00,372,2,6380
18346,2016-03-08,14:08:00,273,1,7366
18347,2016-03-08,14:17:00,309,2,287
18348,2016-03-08,14:20:00,341,1,4217
18349,2016-03-08,14:24:00,349,4,11930
18350,2016-03-08,14:27:00,86,1,8295
18351,2016-03-08,14:28:00,386,1,1745
18352,2016-03-08,14:32:00,236,1,9506
18353,2016-03-08,14:36:00,129,1,5412
18354,2016-03-08,14:42:00,195,1,4369
18355,2016-03-08,14:49:00,351,4,2308
18356,2016-03-08,14:57:00,306,1,5336
18357,2016-03-08,15:02:00,109,1,3562
18358,2016-03-08,15:03:00,122,1,6284
18359,2016-03-08,15:10:00,193,3,8151
18360,2016-03-08,15:21:00,54,1,4505
18361,2016-03-08,15:31:00,101,2,5193
18362,2016-03-08,15:35:00,35,1,1930
18363,2016-03-08,15:40:00,222,1,8254
18364,2016-03-08,15:53:00,123,2,6264
18365,2016-03-08,15:56:00,48,1,10945
18366,2016-03-08,16:00:00,423,4,2772
18367,2016-03-08,16:14:00,266,1,10314
18368,2016-03-08,16:18:00,160,1,3650
18369,2016-03-08,16:26:00,237,1,2966
18370,2016-03-08,16:30:00,58,1,2672
18371,2016-03-08,16:39:00,409,1,1237
18372,2016-03-08,16:41:00,56,2,9498
18373,2016-03-08,16:51:00,238,1,6079
18374,2016-03-08,16:52:00,395,3,11889
18375,2016-03-08,16:58:00,108,4,6763
18376,2016-03-08,17:09:00,389,1,2466
18377,2016-03-08,17:10:00,322,2,11094
18378,2016-03-08,17:12:00,320,2,6387
18379,2016-03-08,17:12:00,381,2,11488
18380,2016-03-08,17:16:00,324,2,216
18381,2016-03-08,17:25:00,364,4,9630
18382,2016-03-08,17:26:00,146,3,2032
18383,2016-03-08,17:27:00,88,1,27
18384,2016-03-08,17:39:00,123,1,7307
18385,2016-03-08,17:43:00,445,2,1584
18386,2016-03-08,17:49:00,235,3,7600
18387,2016-03-08,17:51:00,388,4,6671
18388,2016-03-08,17:55:00,251,1,5092
18389,2016-03-08,17:59:00,155,2,10886
18390,2016-03-08,17:59:00,382,1,2371
18391,2016-03-08,18:02:00,166,2,590
18392,2016-03-08,18:06:00,249,1,2332
18393,2016-03-08,18:09:00,200,2,5429
18394,2016-03-08,18:12:00,286,1,6336
18395,2016-03-08,18:13:00,308,1,1585
18396,2016-03-08,18:14:00,84,1,10749
18397,2016-03-08,18:25:00,436,1,2228
18398,2016-03-08,18:29:00,29,3,11966
18399,2016-03-08,18:46:00,338,2,8568
18400,2016-03-08,18:59:00,104,3,7240
18401,2016-03-08,19:00:00,356,3,1503
18402,2016-03-08,19:07:00,442,4,8279
18403,2016-03-08,19:10:00,318,1,11151
18404,2016-03-08,19:14:00,13,4,711
18405,2016-03-08,19:17:00,336,3,10820
18406,2016-03-08,19:18:00,143,1,9852
18407,2016-03-08,19:23:00,14,2,6361
18408,2016-03-08,19:33:00,149,1,6639
18409,2016-03-08,19:36:00,335,2,11214
18410,2016-03-08,19:47:00,368,3,7346
18411,2016-03-08,19:47:00,299,5,1888
18412,2016-03-08,19:49:00,385,1,11227
18413,2016-03-08,19:51:00,11,2,7735
18414,2016-03-08,19:55:00,218,3,11696
18415,2016-03-08,20:03:00,136,1,4674
18416,2016-03-08,20:15:00,379,1,8287
18417,2016-03-08,20:17:00,184,5,1133
18418,2016-03-08,20:20:00,276,1,948
18419,2016-03-08,20:30:00,158,2,5365
18420,2016-03-08,20:32:00,315,2,64
18421,2016-03-08,20:36:00,219,1,5039
18422,2016-03-08,20:47:00,356,1,7216
18423,2016-03-08,20:48:00,442,1,1901
18424,2016-03-08,20:55:00,229,1,11622
18425,2016-03-08,20:58:00,267,1,582
18426,2016-03-08,21:10:00,72,2,3695
18427,2016-03-08,21:12:00,85,4,9259
18428,2016-03-08,21:12:00,194,1,8865
18429,2016-03-08,21:25:00,26,3,4127
18430,2016-03-08,21:38:00,89,2,167
18431,2016-03-08,21:46:00,203,2,5046
18432,2016-03-08,21:50:00,49,4,357
18433,2016-03-08,21:53:00,245,1,773
18434,2016-03-08,21:58:00,127,2,223
18435,2016-03-08,22:02:00,129,1,10157
18436,2016-03-08,22:19:00,305,4,6152
18437,2016-03-08,22:20:00,170,4,11985
18438,2016-03-08,22:46:00,172,2,6730
18439,2016-03-08,22:48:00,278,3,779
18440,2016-03-08,22:51:00,132,2,5003
18441,2016-03-08,23:02:00,344,1,3146
18442,2016-03-08,23:08:00,434,1,11073
18443,2016-03-08,23:24:00,283,2,2937
18444,2016-03-08,23:29:00,442,3,7628
18445,2016-03-08,23:32:00,422,1,3782
18446,2016-03-08,23:35:00,148,2,5075
18447,2016-03-08,23:50:00,128,2,4963
18448,2016-03-08,23:52:00,128,2,5772
18449,2016-03-08,23:58:00,184,1,7305
18450,2016-03-09,00:06:00,379,1,2372
18451,2016-03-09,00:08:00,101,2,7721
18452,2016-03-09,00:15:00,16,3,10646
18453,2016-03-09,00:19:00,361,2,3283
18454,2016-03-09,00:20:00,150,2,4289
18455,2016-03-09,00:26:00,333,2,5979
18456,2016-03-09,00:35:00,367,1,8534
18457,2016-03-09,00:42:00,119,1,11885
18458,2016-03-09,00:59:00,237,2,2696
18459,2016-03-09,01:13:00,159,3,5807
18460,2016-03-09,01:14:00,350,1,594
18461,2016-03-09,01:17:00,379,1,10749
18462,2016-03-09,01:18:00,295,2,2477
18463,2016-03-09,01:24:00,454,3,7175
18464,2016-03-09,01:25:00,268,1,344
18465,2016-03-09,01:32:00,332,1,9483
18466,2016-03-09,01:41:00,70,2,11414
18467,2016-03-09,01:41:00,297,3,2641
18468,2016-03-09,01:44:00,201,1,8870
18469,2016-03-09,01:44:00,323,1,5241
18470,2016-03-09,01:44:00,246,3,895
18471,2016-03-09,01:46:00,316,1,8219
18472,2016-03-09,01:52:00,57,1,10713
18473,2016-03-09,01:59:00,453,1,895
18474,2016-03-09,02:01:00,390,2,11886
18475,2016-03-09,02:06:00,6,2,9710
18476,2016-03-09,02:07:00,66,3,4316
18477,2016-03-09,02:26:00,14,7,462
18478,2016-03-09,02:32:00,183,1,713
18479,2016-03-09,02:33:00,154,2,8304
18480,2016-03-09,02:41:00,174,2,7782
18481,2016-03-09,02:46:00,454,1,11593
18482,2016-03-09,02:53:00,181,2,11713
18483,2016-03-09,03:05:00,35,3,10376
18484,2016-03-09,03:10:00,360,2,8037
18485,2016-03-09,03:11:00,304,3,4287
18486,2016-03-09,03:13:00,229,2,8276
18487,2016-03-09,03:21:00,428,1,675
18488,2016-03-09,03:28:00,271,1,10015
18489,2016-03-09,03:29:00,391,1,11088
18490,2016-03-09,03:36:00,100,2,813
18491,2016-03-09,03:40:00,253,1,749
18492,2016-03-09,03:44:00,194,2,10131
18493,2016-03-09,03:53:00,285,4,1454
18494,2016-03-09,03:56:00,278,2,11987
18495,2016-03-09,04:02:00,272,3,5068
18496,2016-03-09,04:04:00,246,3,1305
18497,2016-03-09,04:11:00,101,1,10472
18498,2016-03-09,04:14:00,311,1,9464
18499,2016-03-09,04:17:00,328,1,9387
18500,2016-03-09,04:17:00,390,3,7948
18501,2016-03-09,04:18:00,268,3,11416
18502,2016-03-09,04:21:00,26,2,4080
18503,2016-03-09,04:24:00,363,3,11076
18504,2016-03-09,04:30:00,424,2,4118
18505,2016-03-09,04:32:00,416,1,10771
18506,2016-03-09,04:32:00,163,2,11080
18507,2016-03-09,04:41:00,373,1,5120
18508,2016-03-09,04:42:00,13,3,3389
18509,2016-03-09,04:43:00,323,2,4095
18510,2016-03-09,04:50:00,387,2,11589
18511,2016-03-09,04:56:00,5,1,8370
18512,2016-03-09,05:07:00,401,2,11297
18513,2016-03-09,05:08:00,304,1,159
18514,2016-03-09,05:24:00,339,2,7033
18515,2016-03-09,05:32:00,2,1,10398
18516,2016-03-09,05:34:00,244,2,4547
18517,2016-03-09,05:41:00,8,2,1982
18518,2016-03-09,05:41:00,288,3,8042
18519,2016-03-09,05:47:00,164,4,2504
18520,2016-03-09,05:52:00,103,3,8177
18521,2016-03-09,06:04:00,208,2,10705
18522,2016-03-09,06:04:00,185,1,3872
18523,2016-03-09,06:10:00,47,3,1700
18524,2016-03-09,06:10:00,218,2,7673
18525,2016-03-09,06:15:00,289,3,8987
18526,2016-03-09,06:35:00,52,2,8843
18527,2016-03-09,06:39:00,401,3,9677
18528,2016-03-09,06:42:00,330,4,2797
18529,2016-03-09,06:43:00,160,2,10671
18530,2016-03-09,06:52:00,178,2,11615
18531,2016-03-09,06:52:00,20,2,6129
18532,2016-03-09,06:59:00,71,3,7455
18533,2016-03-09,07:00:00,275,2,8040
18534,2016-03-09,07:19:00,341,1,536
18535,2016-03-09,07:32:00,153,1,10135
18536,2016-03-09,07:52:00,140,4,4841
18537,2016-03-09,08:01:00,216,2,2709
18538,2016-03-09,08:04:00,266,1,8237
18539,2016-03-09,08:06:00,454,2,1567
18540,2016-03-09,08:08:00,348,1,9606
18541,2016-03-09,08:09:00,38,1,1096
18542,2016-03-09,08:12:00,19,1,369
18543,2016-03-09,08:18:00,433,2,1743
18544,2016-03-09,08:22:00,306,1,3281
18545,2016-03-09,08:26:00,264,2,6118
18546,2016-03-09,08:26:00,81,1,408
18547,2016-03-09,08:39:00,312,2,5467
18548,2016-03-09,08:40:00,330,2,6332
18549,2016-03-09,08:43:00,51,1,11971
18550,2016-03-09,08:44:00,40,2,4180
18551,2016-03-09,08:52:00,145,1,11980
18552,2016-03-09,08:54:00,326,4,5658
18553,2016-03-09,08:59:00,355,1,71
18554,2016-03-09,09:11:00,76,2,6286
18555,2016-03-09,09:12:00,320,4,3352
18556,2016-03-09,09:16:00,182,4,2489
18557,2016-03-09,09:19:00,86,4,3696
18558,2016-03-09,09:20:00,212,3,7596
18559,2016-03-09,09:21:00,200,3,1324
18560,2016-03-09,09:24:00,324,2,9205
18561,2016-03-09,09:28:00,228,1,5884
18562,2016-03-09,09:42:00,214,1,9938
18563,2016-03-09,09:46:00,96,3,5623
18564,2016-03-09,09:49:00,139,1,10309
18565,2016-03-09,09:59:00,324,2,7487
18566,2016-03-09,10:06:00,168,1,8412
18567,2016-03-09,10:10:00,114,1,10641
18568,2016-03-09,10:12:00,139,2,5055
18569,2016-03-09,10:17:00,405,3,10939
18570,2016-03-09,10:26:00,157,2,11029
18571,2016-03-09,10:29:00,308,4,2673
18572,2016-03-09,10:30:00,303,3,3776
18573,2016-03-09,10:33:00,154,1,10861
18574,2016-03-09,10:33:00,420,2,420
18575,2016-03-09,10:34:00,134,2,1607
18576,2016-03-09,10:42:00,310,1,7401
18577,2016-03-09,10:53:00,287,1,6301
18578,2016-03-09,10:59:00,252,2,3331
18579,2016-03-09,11:02:00,398,1,10769
18580,2016-03-09,11:17:00,84,4,10410
18581,2016-03-09,11:22:00,332,3,3560
18582,2016-03-09,11:25:00,180,2,11751
18583,2016-03-09,11:28:00,376,2,1289
18584,2016-03-09,11:29:00,184,3,11059
18585,2016-03-09,11:31:00,238,2,5672
18586,2016-03-09,11:50:00,197,2,7969
18587,2016-03-09,11:50:00,2,3,8484
18588,2016-03-09,12:10:00,184,1,11152
18589,2016-03-09,12:22:00,177,1,10644
18590,2016-03-09,12:28:00,3,2,3142
18591,2016-03-09,12:42:00,159,2,9393
18592,2016-03-09,12:42:00,145,3,8512
18593,2016-03-09,12:44:00,31,1,7730
18594,2016-03-09,12:49:00,349,3,10379
18595,2016-03-09,12:58:00,38,3,6585
18596,2016-03-09,13:05:00,346,1,3382
18597,2016-03-09,13:07:00,46,2,7128
18598,2016-03-09,13:12:00,344,2,2099
18599,2016-03-09,13:18:00,32,2,6236
18600,2016-03-09,13:25:00,456,2,5122
18601,2016-03-09,13:28:00,198,1,6877
18602,2016-03-09,13:55:00,114,2,6709
18603,2016-03-09,13:58:00,56,1,10909
18604,2016-03-09,14:01:00,245,1,4892
18605,2016-03-09,14:01:00,328,1,4691
18606,2016-03-09,14:02:00,30,3,8470
18607,2016-03-09,14:21:00,30,2,2311
18608,2016-03-09,14:23:00,287,1,4841
18609,2016-03-09,14:24:00,275,2,8870
18610,2016-03-09,14:40:00,262,4,5337
18611,2016-03-09,14:41:00,133,7,2905
18612,2016-03-09,14:42:00,196,2,3711
18613,2016-03-09,14:52:00,380,1,11388
18614,2016-03-09,14:52:00,68,3,4204
18615,2016-03-09,14:56:00,397,1,6508
18616,2016-03-09,14:57:00,133,3,6517
18617,2016-03-09,14:58:00,335,1,8691
18618,2016-03-09,15:00:00,21,1,10387
18619,2016-03-09,15:03:00,307,2,5039
18620,2016-03-09,15:04:00,144,2,2602
18621,2016-03-09,15:04:00,294,2,3603
18622,2016-03-09,15:12:00,169,2,2792
18623,2016-03-09,15:16:00,207,2,10703
18624,2016-03-09,15:19:00,426,1,6746
18625,2016-03-09,15:20:00,295,4,7428
18626,2016-03-09,15:25:00,254,1,2722
18627,2016-03-09,15:28:00,370,4,11681
18628,2016-03-09,15:30:00,444,1,493
18629,2016-03-09,15:34:00,247,1,289
18630,2016-03-09,15:47:00,289,3,2631
18631,2016-03-09,15:48:00,195,4,9526
18632,2016-03-09,15:56:00,226,3,7817
18633,2016-03-09,15:58:00,276,2,386
18634,2016-03-09,16:11:00,35,1,3768
18635,2016-03-09,16:12:00,253,3,5789
18636,2016-03-09,16:17:00,59,2,9610
18637,2016-03-09,16:20:00,68,2,9467
18638,2016-03-09,16:26:00,428,2,8997
18639,2016-03-09,16:27:00,449,3,8615
18640,2016-03-09,16:30:00,366,1,7863
18641,2016-03-09,16:34:00,362,2,8242
18642,2016-03-09,16:47:00,197,2,392
18643,2016-03-09,17:08:00,410,1,1364
18644,2016-03-09,17:21:00,298,2,4899
18645,2016-03-09,17:22:00,197,1,1648
18646,2016-03-09,17:23:00,397,4,4232
18647,2016-03-09,17:24:00,238,2,621
18648,2016-03-09,17:27:00,343,4,7117
18649,2016-03-09,17:34:00,81,2,3394
18650,2016-03-09,17:37:00,197,1,5381
18651,2016-03-09,17:44:00,185,2,8952
18652,2016-03-09,17:47:00,397,2,10653
18653,2016-03-09,17:49:00,361,2,7076
18654,2016-03-09,17:51:00,372,2,9987
18655,2016-03-09,18:12:00,16,1,2726
18656,2016-03-09,18:12:00,67,2,7199
18657,2016-03-09,18:15:00,448,2,9391
18658,2016-03-09,18:16:00,299,1,8570
18659,2016-03-09,18:17:00,154,2,905
18660,2016-03-09,18:21:00,418,2,124
18661,2016-03-09,18:23:00,97,2,3753
18662,2016-03-09,18:28:00,197,3,6615
18663,2016-03-09,18:32:00,140,2,11407
18664,2016-03-09,18:33:00,144,3,7009
18665,2016-03-09,18:37:00,23,3,9108
18666,2016-03-09,18:39:00,298,3,6936
18667,2016-03-09,18:40:00,399,2,9837
18668,2016-03-09,18:43:00,231,3,4976
18669,2016-03-09,18:50:00,388,2,7922
18670,2016-03-09,18:57:00,203,2,11998
18671,2016-03-09,19:01:00,260,2,9284
18672,2016-03-09,19:25:00,320,1,2170
18673,2016-03-09,19:25:00,376,1,9584
18674,2016-03-09,19:48:00,69,1,756
18675,2016-03-09,19:50:00,48,1,11406
18676,2016-03-09,19:55:00,307,1,8017
18677,2016-03-09,19:57:00,103,2,7041
18678,2016-03-09,20:03:00,252,1,5985
18679,2016-03-09,20:13:00,248,3,1269
18680,2016-03-09,20:25:00,416,1,6127
18681,2016-03-09,20:26:00,51,1,1444
18682,2016-03-09,20:34:00,39,3,2629
18683,2016-03-09,20:55:00,158,4,11758
18684,2016-03-09,20:56:00,221,2,1726
18685,2016-03-09,20:57:00,158,2,11294
18686,2016-03-09,21:03:00,284,1,10744
18687,2016-03-09,21:03:00,143,2,132
18688,2016-03-09,21:11:00,145,2,10952
18689,2016-03-09,21:15:00,339,1,3434
18690,2016-03-09,21:23:00,319,2,10418
18691,2016-03-09,21:41:00,309,2,606
18692,2016-03-09,21:43:00,33,1,9609
18693,2016-03-09,21:44:00,413,1,8111
18694,2016-03-09,21:45:00,180,4,11693
18695,2016-03-09,21:46:00,255,2,9191
18696,2016-03-09,21:50:00,268,3,10043
18697,2016-03-09,21:52:00,368,2,6283
18698,2016-03-09,22:04:00,202,2,4713
18699,2016-03-09,22:05:00,50,2,7854
18700,2016-03-09,22:06:00,372,2,11432
18701,2016-03-09,22:22:00,348,3,8013
18702,2016-03-09,22:23:00,3,3,8876
18703,2016-03-09,22:32:00,45,3,4265
18704,2016-03-09,22:36:00,101,2,5387
18705,2016-03-09,22:50:00,269,1,11832
18706,2016-03-09,22:59:00,53,1,6382
18707,2016-03-09,22:59:00,12,2,9073
18708,2016-03-09,23:00:00,70,3,5615
18709,2016-03-09,23:02:00,216,2,11733
18710,2016-03-09,23:03:00,444,2,7268
18711,2016-03-09,23:15:00,422,1,6015
18712,2016-03-09,23:46:00,231,3,3439
18713,2016-03-09,23:46:00,303,2,11735
18714,2016-03-09,23:50:00,312,2,1157
18715,2016-03-09,23:54:00,399,2,10563
18716,2016-03-09,23:57:00,303,2,1642
18717,2016-03-09,23:58:00,65,2,7719
18718,2016-03-10,00:01:00,316,3,9608
18719,2016-03-10,00:16:00,364,3,1211
18720,2016-03-10,00:18:00,43,1,7414
18721,2016-03-10,00:30:00,297,2,6767
18722,2016-03-10,00:31:00,91,3,10997
18723,2016-03-10,00:44:00,251,3,7393
18724,2016-03-10,00:52:00,429,1,10843
18725,2016-03-10,01:01:00,9,2,9116
18726,2016-03-10,01:08:00,109,1,2262
18727,2016-03-10,01:12:00,422,3,8729
18728,2016-03-10,01:21:00,255,1,3086
18729,2016-03-10,01:22:00,175,1,1684
18730,2016-03-10,01:27:00,318,2,7212
18731,2016-03-10,01:28:00,335,3,11983
18732,2016-03-10,01:30:00,253,2,5864
18733,2016-03-10,01:44:00,137,2,6704
18734,2016-03-10,01:44:00,354,1,6171
18735,2016-03-10,01:54:00,87,1,9715
18736,2016-03-10,01:59:00,155,1,3283
18737,2016-03-10,02:10:00,88,4,4451
18738,2016-03-10,02:19:00,329,1,5190
18739,2016-03-10,02:31:00,418,1,8363
18740,2016-03-10,02:32:00,130,1,10800
18741,2016-03-10,02:33:00,379,2,3223
18742,2016-03-10,02:36:00,441,2,11827
18743,2016-03-10,02:38:00,334,3,6021
18744,2016-03-10,02:43:00,76,2,2503
18745,2016-03-10,02:45:00,284,4,4557
18746,2016-03-10,02:54:00,410,2,5438
18747,2016-03-10,02:55:00,124,3,626
18748,2016-03-10,03:07:00,272,3,11634
18749,2016-03-10,03:12:00,211,1,8174
18750,2016-03-10,03:23:00,180,3,10044
18751,2016-03-10,03:32:00,97,3,7534
18752,2016-03-10,03:43:00,175,1,3656
18753,2016-03-10,03:43:00,85,1,11087
18754,2016-03-10,03:43:00,410,2,78
18755,2016-03-10,03:47:00,275,1,9907
18756,2016-03-10,03:48:00,334,3,8930
18757,2016-03-10,03:55:00,122,1,801
18758,2016-03-10,04:07:00,188,2,11763
18759,2016-03-10,04:11:00,228,1,4019
18760,2016-03-10,04:18:00,221,1,7175
18761,2016-03-10,04:24:00,457,2,5828
18762,2016-03-10,04:26:00,295,2,2487
18763,2016-03-10,04:26:00,5,2,344
18764,2016-03-10,04:27:00,70,2,4070
18765,2016-03-10,04:35:00,269,2,10598
18766,2016-03-10,04:35:00,122,2,3137
18767,2016-03-10,04:37:00,286,3,3359
18768,2016-03-10,04:39:00,194,1,7894
18769,2016-03-10,04:43:00,434,2,2035
18770,2016-03-10,04:49:00,327,3,8548
18771,2016-03-10,04:50:00,212,3,11824
18772,2016-03-10,05:08:00,142,3,7073
18773,2016-03-10,05:21:00,32,1,8275
18774,2016-03-10,05:23:00,83,1,8681
18775,2016-03-10,05:36:00,439,1,8491
18776,2016-03-10,05:45:00,53,4,5999
18777,2016-03-10,05:49:00,141,2,1515
18778,2016-03-10,05:51:00,249,1,11890
18779,2016-03-10,05:54:00,390,3,7074
18780,2016-03-10,05:59:00,232,3,10857
18781,2016-03-10,06:01:00,297,1,1506
18782,2016-03-10,06:03:00,373,1,10819
18783,2016-03-10,06:10:00,159,2,5410
18784,2016-03-10,06:27:00,335,2,4464
18785,2016-03-10,06:28:00,157,1,9764
18786,2016-03-10,06:49:00,322,1,8638
18787,2016-03-10,07:09:00,23,2,6031
18788,2016-03-10,07:18:00,55,3,8300
18789,2016-03-10,07:21:00,331,1,973
18790,2016-03-10,07:28:00,364,3,10326
18791,2016-03-10,07:30:00,423,3,11101
18792,2016-03-10,07:35:00,243,2,2762
18793,2016-03-10,07:44:00,444,4,9647
18794,2016-03-10,07:53:00,298,1,7074
18795,2016-03-10,07:58:00,356,1,4189
18796,2016-03-10,07:59:00,26,3,4593
18797,2016-03-10,08:04:00,216,2,5836
18798,2016-03-10,08:08:00,152,1,7724
18799,2016-03-10,08:08:00,310,2,6219
18800,2016-03-10,08:19:00,148,2,239
18801,2016-03-10,08:26:00,342,1,3700
18802,2016-03-10,08:36:00,142,6,1961
18803,2016-03-10,08:41:00,33,1,7776
18804,2016-03-10,08:51:00,53,2,6622
18805,2016-03-10,08:53:00,452,1,1362
18806,2016-03-10,08:59:00,61,1,5083
18807,2016-03-10,09:12:00,136,2,2976
18808,2016-03-10,09:13:00,35,1,5887
18809,2016-03-10,09:14:00,399,1,11800
18810,2016-03-10,09:17:00,263,2,5908
18811,2016-03-10,09:21:00,222,1,2061
18812,2016-03-10,09:28:00,172,2,7403
18813,2016-03-10,09:32:00,209,3,4799
18814,2016-03-10,09:40:00,243,1,6943
18815,2016-03-10,09:54:00,69,1,3554
18816,2016-03-10,09:55:00,276,2,4694
18817,2016-03-10,09:57:00,273,1,6205
18818,2016-03-10,10:02:00,125,4,1470
18819,2016-03-10,10:04:00,250,1,3889
18820,2016-03-10,10:13:00,25,1,6558
18821,2016-03-10,10:19:00,213,3,1546
18822,2016-03-10,10:28:00,456,3,8602
18823,2016-03-10,10:30:00,272,2,874
18824,2016-03-10,10:33:00,437,1,2661
18825,2016-03-10,10:38:00,363,2,1341
18826,2016-03-10,10:38:00,355,1,5033
18827,2016-03-10,10:40:00,68,3,2679
18828,2016-03-10,10:52:00,42,1,1224
18829,2016-03-10,10:52:00,423,1,1213
18830,2016-03-10,11:00:00,340,2,7752
18831,2016-03-10,11:02:00,456,3,11329
18832,2016-03-10,11:07:00,394,3,9163
18833,2016-03-10,11:11:00,335,2,7448
18834,2016-03-10,11:22:00,452,3,4616
18835,2016-03-10,11:24:00,193,2,5934
18836,2016-03-10,11:33:00,164,4,8271
18837,2016-03-10,11:34:00,10,1,4102
18838,2016-03-10,11:34:00,65,1,8877
18839,2016-03-10,11:41:00,95,2,3989
18840,2016-03-10,11:44:00,381,3,7158
18841,2016-03-10,11:45:00,408,1,5384
18842,2016-03-10,11:49:00,195,1,1613
18843,2016-03-10,11:53:00,336,2,3151
18844,2016-03-10,11:53:00,181,2,9285
18845,2016-03-10,11:54:00,66,2,3072
18846,2016-03-10,11:55:00,240,2,4477
18847,2016-03-10,11:58:00,28,4,5670
18848,2016-03-10,12:00:00,127,1,7751
18849,2016-03-10,12:07:00,192,2,7711
18850,2016-03-10,12:09:00,410,2,1213
18851,2016-03-10,12:09:00,102,2,11726
18852,2016-03-10,12:17:00,390,1,11100
18853,2016-03-10,12:20:00,250,1,4153
18854,2016-03-10,12:27:00,384,2,6936
18855,2016-03-10,12:33:00,397,3,10122
18856,2016-03-10,12:39:00,361,1,8714
18857,2016-03-10,12:47:00,52,3,7216
18858,2016-03-10,12:54:00,312,1,10768
18859,2016-03-10,13:06:00,382,2,1591
18860,2016-03-10,13:12:00,207,1,10178
18861,2016-03-10,13:42:00,200,3,9702
18862,2016-03-10,13:43:00,454,3,4299
18863,2016-03-10,13:44:00,28,3,1710
18864,2016-03-10,13:50:00,286,2,5741
18865,2016-03-10,13:53:00,14,2,11168
18866,2016-03-10,13:53:00,384,2,2106
18867,2016-03-10,14:13:00,135,1,4552
18868,2016-03-10,14:21:00,315,2,10118
18869,2016-03-10,14:24:00,336,1,830
18870,2016-03-10,14:25:00,215,2,11631
18871,2016-03-10,14:33:00,25,1,5878
18872,2016-03-10,14:37:00,125,2,1967
18873,2016-03-10,14:42:00,426,2,2940
18874,2016-03-10,14:42:00,148,1,5727
18875,2016-03-10,14:43:00,48,4,8430
18876,2016-03-10,14:48:00,318,1,286
18877,2016-03-10,14:53:00,406,2,11045
18878,2016-03-10,14:56:00,372,2,1065
18879,2016-03-10,15:05:00,406,3,3779
18880,2016-03-10,15:09:00,394,4,379
18881,2016-03-10,15:10:00,202,1,11203
18882,2016-03-10,15:15:00,132,1,11149
18883,2016-03-10,15:17:00,305,2,5108
18884,2016-03-10,15:18:00,22,1,6998
18885,2016-03-10,15:21:00,373,2,5794
18886,2016-03-10,15:23:00,67,2,6756
18887,2016-03-10,15:30:00,404,3,7912
18888,2016-03-10,15:38:00,218,4,1811
18889,2016-03-10,15:41:00,137,2,5754
18890,2016-03-10,15:46:00,176,3,3927
18891,2016-03-10,15:51:00,400,3,9324
18892,2016-03-10,15:53:00,153,2,6097
18893,2016-03-10,15:53:00,123,2,3559
18894,2016-03-10,15:58:00,26,1,8994
18895,2016-03-10,15:59:00,210,4,4381
18896,2016-03-10,16:00:00,398,3,4345
18897,2016-03-10,16:08:00,122,2,1955
18898,2016-03-10,16:15:00,268,3,4865
18899,2016-03-10,16:18:00,175,2,195
18900,2016-03-10,16:21:00,48,2,6126
18901,2016-03-10,16:22:00,111,2,10070
18902,2016-03-10,16:30:00,303,1,2154
18903,2016-03-10,16:31:00,162,2,11087
18904,2016-03-10,16:36:00,208,3,6154
18905,2016-03-10,16:38:00,156,3,4447
18906,2016-03-10,16:41:00,224,2,2378
18907,2016-03-10,17:07:00,364,2,11896
18908,2016-03-10,17:07:00,148,1,12
18909,2016-03-10,17:18:00,149,2,9961
18910,2016-03-10,17:20:00,53,1,5064
18911,2016-03-10,17:20:00,137,3,2675
18912,2016-03-10,17:51:00,305,3,6126
18913,2016-03-10,17:53:00,310,3,5265
18914,2016-03-10,17:53:00,74,2,3438
18915,2016-03-10,18:00:00,374,3,6358
18916,2016-03-10,18:01:00,136,1,1282
18917,2016-03-10,18:08:00,6,3,4526
18918,2016-03-10,18:19:00,94,2,6118
18919,2016-03-10,18:32:00,61,2,1508
18920,2016-03-10,18:32:00,155,1,5989
18921,2016-03-10,18:36:00,341,1,8161
18922,2016-03-10,18:38:00,358,2,2968
18923,2016-03-10,18:39:00,116,3,6409
18924,2016-03-10,18:42:00,435,1,8555
18925,2016-03-10,19:00:00,71,3,7045
18926,2016-03-10,19:09:00,239,1,9200
18927,2016-03-10,19:19:00,286,2,3546
18928,2016-03-10,19:20:00,362,2,6794
18929,2016-03-10,19:25:00,333,1,5876
18930,2016-03-10,19:32:00,192,3,9427
18931,2016-03-10,19:39:00,75,1,4983
18932,2016-03-10,19:45:00,31,1,5292
18933,2016-03-10,19:51:00,159,1,477
18934,2016-03-10,19:55:00,443,2,11046
18935,2016-03-10,19:55:00,333,1,2289
18936,2016-03-10,20:10:00,184,2,7670
18937,2016-03-10,20:15:00,47,2,1363
18938,2016-03-10,20:17:00,391,1,696
18939,2016-03-10,20:24:00,297,2,8439
18940,2016-03-10,20:24:00,165,3,6234
18941,2016-03-10,20:37:00,420,2,5063
18942,2016-03-10,20:40:00,368,3,3396
18943,2016-03-10,20:56:00,190,3,548
18944,2016-03-10,20:59:00,303,2,751
18945,2016-03-10,21:01:00,30,2,10999
18946,2016-03-10,21:15:00,182,1,9807
18947,2016-03-10,21:18:00,432,2,8267
18948,2016-03-10,21:25:00,396,2,1330
18949,2016-03-10,21:27:00,338,3,3483
18950,2016-03-10,21:30:00,213,3,10524
18951,2016-03-10,21:31:00,227,2,2832
18952,2016-03-10,21:41:00,426,2,6097
18953,2016-03-10,21:41:00,117,5,6253
18954,2016-03-10,21:41:00,235,1,4711
18955,2016-03-10,21:47:00,457,3,6686
18956,2016-03-10,21:49:00,40,2,6565
18957,2016-03-10,21:49:00,148,1,10611
18958,2016-03-10,21:51:00,287,1,6575
18959,2016-03-10,21:56:00,194,3,5799
18960,2016-03-10,22:10:00,397,2,2030
18961,2016-03-10,22:18:00,379,2,864
18962,2016-03-10,22:22:00,316,1,7081
18963,2016-03-10,22:28:00,417,1,2613
18964,2016-03-10,22:38:00,255,1,9212
18965,2016-03-10,22:39:00,227,1,2117
18966,2016-03-10,22:58:00,86,1,3609
18967,2016-03-10,23:16:00,274,2,3575
18968,2016-03-10,23:16:00,410,3,6621
18969,2016-03-10,23:19:00,388,1,10686
18970,2016-03-10,23:42:00,118,1,6843
18971,2016-03-10,23:53:00,317,1,2611
18972,2016-03-10,23:54:00,42,3,4494
18973,2016-03-10,23:56:00,292,1,1733
18974,2016-03-10,23:59:00,191,1,8071
18975,2016-03-11,00:05:00,15,1,11948
18976,2016-03-11,00:08:00,86,1,11671
18977,2016-03-11,00:09:00,257,1,11101
18978,2016-03-11,00:25:00,188,2,11049
18979,2016-03-11,00:27:00,420,1,8013
18980,2016-03-11,00:45:00,388,2,9179
18981,2016-03-11,00:49:00,83,2,11739
18982,2016-03-11,00:51:00,275,3,5594
18983,2016-03-11,01:04:00,100,3,9472
18984,2016-03-11,01:08:00,443,1,9633
18985,2016-03-11,01:09:00,201,1,10976
18986,2016-03-11,01:09:00,156,2,1187
18987,2016-03-11,01:16:00,447,1,1526
18988,2016-03-11,01:31:00,319,1,7497
18989,2016-03-11,01:39:00,8,3,6537
18990,2016-03-11,01:49:00,264,1,7283
18991,2016-03-11,01:56:00,293,3,4646
18992,2016-03-11,02:12:00,296,2,3446
18993,2016-03-11,02:19:00,11,3,7287
18994,2016-03-11,02:23:00,204,2,2045
18995,2016-03-11,02:26:00,30,2,11660
18996,2016-03-11,02:32:00,222,2,2442
18997,2016-03-11,02:34:00,275,1,4780
18998,2016-03-11,02:34:00,227,2,1868
18999,2016-03-11,02:38:00,344,2,10981
19000,2016-03-11,02:41:00,388,1,10935
19001,2016-03-11,02:41:00,283,2,7324
19002,2016-03-11,02:48:00,284,2,8071
19003,2016-03-11,02:58:00,281,1,7119
19004,2016-03-11,03:01:00,325,3,4008
19005,2016-03-11,03:05:00,305,2,464
19006,2016-03-11,03:07:00,116,4,11533
19007,2016-03-11,03:08:00,320,3,9061
19008,2016-03-11,03:10:00,252,1,9745
19009,2016-03-11,03:16:00,454,1,946
19010,2016-03-11,03:17:00,29,6,6168
19011,2016-03-11,03:22:00,149,2,8037
19012,2016-03-11,03:29:00,346,2,7678
19013,2016-03-11,03:32:00,349,3,7924
19014,2016-03-11,03:32:00,84,1,2584
19015,2016-03-11,03:41:00,427,1,6299
19016,2016-03-11,03:44:00,176,2,209
19017,2016-03-11,03:50:00,333,1,3660
19018,2016-03-11,03:56:00,130,2,6578
19019,2016-03-11,04:09:00,99,1,10559
19020,2016-03-11,04:16:00,53,3,11106
19021,2016-03-11,04:22:00,5,2,6127
19022,2016-03-11,04:23:00,205,1,4922
19023,2016-03-11,04:24:00,170,4,3611
19024,2016-03-11,04:28:00,176,3,8101
19025,2016-03-11,04:39:00,102,2,11715
19026,2016-03-11,04:57:00,38,1,8912
19027,2016-03-11,04:59:00,404,2,8692
19028,2016-03-11,04:59:00,168,1,4649
19029,2016-03-11,05:01:00,110,2,5397
19030,2016-03-11,05:07:00,152,2,7634
19031,2016-03-11,05:10:00,417,2,11277
19032,2016-03-11,05:13:00,94,1,11407
19033,2016-03-11,05:17:00,297,1,11088
19034,2016-03-11,05:21:00,184,1,1989
19035,2016-03-11,05:24:00,200,3,8307
19036,2016-03-11,05:24:00,314,7,3806
19037,2016-03-11,05:27:00,434,2,10343
19038,2016-03-11,05:32:00,433,3,4587
19039,2016-03-11,05:48:00,456,1,6497
19040,2016-03-11,05:52:00,6,2,10047
19041,2016-03-11,05:54:00,69,3,5297
19042,2016-03-11,05:55:00,281,1,9159
19043,2016-03-11,05:57:00,393,1,219
19044,2016-03-11,06:11:00,187,3,9153
19045,2016-03-11,06:12:00,412,2,2760
19046,2016-03-11,06:12:00,250,2,3920
19047,2016-03-11,06:13:00,259,1,11889
19048,2016-03-11,06:14:00,140,2,5888
19049,2016-03-11,06:16:00,175,3,3234
19050,2016-03-11,06:17:00,416,2,8973
19051,2016-03-11,06:23:00,256,2,3173
19052,2016-03-11,06:32:00,178,1,7670
19053,2016-03-11,06:35:00,175,1,1443
19054,2016-03-11,06:52:00,295,1,3016
19055,2016-03-11,06:52:00,378,1,10729
19056,2016-03-11,07:01:00,305,2,1510
19057,2016-03-11,07:21:00,318,4,2808
19058,2016-03-11,07:22:00,387,4,6557
19059,2016-03-11,07:24:00,445,1,1891
19060,2016-03-11,07:33:00,426,2,4702
19061,2016-03-11,07:35:00,307,1,870
19062,2016-03-11,07:35:00,339,1,9730
19063,2016-03-11,07:41:00,121,2,7372
19064,2016-03-11,07:42:00,179,3,10097
19065,2016-03-11,07:43:00,314,4,11295
19066,2016-03-11,07:58:00,163,2,8150
19067,2016-03-11,08:02:00,134,3,7559
19068,2016-03-11,08:04:00,11,3,11765
19069,2016-03-11,08:16:00,109,1,8693
19070,2016-03-11,08:16:00,365,2,6962
19071,2016-03-11,08:17:00,275,1,5343
19072,2016-03-11,08:28:00,236,3,8163
19073,2016-03-11,08:28:00,310,1,5902
19074,2016-03-11,08:33:00,322,2,6769
19075,2016-03-11,08:47:00,116,2,7569
19076,2016-03-11,09:03:00,37,3,6481
19077,2016-03-11,09:06:00,318,1,4917
19078,2016-03-11,09:11:00,405,4,11115
19079,2016-03-11,09:15:00,191,2,1044
19080,2016-03-11,09:25:00,142,1,7557
19081,2016-03-11,09:40:00,61,3,11186
19082,2016-03-11,09:48:00,56,2,7752
19083,2016-03-11,09:50:00,300,3,351
19084,2016-03-11,09:52:00,16,3,9921
19085,2016-03-11,09:58:00,327,2,11598
19086,2016-03-11,09:59:00,400,2,10215
19087,2016-03-11,10:05:00,41,3,6938
19088,2016-03-11,10:14:00,415,3,9487
19089,2016-03-11,10:16:00,293,3,2745
19090,2016-03-11,10:16:00,50,1,7875
19091,2016-03-11,10:23:00,451,3,2794
19092,2016-03-11,10:27:00,286,2,11339
19093,2016-03-11,10:36:00,195,1,5597
19094,2016-03-11,10:37:00,278,2,10808
19095,2016-03-11,10:42:00,385,2,5136
19096,2016-03-11,10:43:00,203,3,7113
19097,2016-03-11,10:44:00,165,1,8779
19098,2016-03-11,10:45:00,214,2,7588
19099,2016-03-11,10:52:00,256,1,7872
19100,2016-03-11,10:54:00,320,3,7708
19101,2016-03-11,11:00:00,415,2,1227
19102,2016-03-11,11:05:00,419,2,11875
19103,2016-03-11,11:07:00,367,3,5436
19104,2016-03-11,11:08:00,414,2,6545
19105,2016-03-11,11:12:00,235,1,2271
19106,2016-03-11,11:16:00,376,2,4144
19107,2016-03-11,11:19:00,146,3,4491
19108,2016-03-11,11:23:00,244,4,1255
19109,2016-03-11,11:26:00,162,2,11082
19110,2016-03-11,11:30:00,329,2,5582
19111,2016-03-11,11:41:00,388,2,4287
19112,2016-03-11,11:47:00,75,1,2217
19113,2016-03-11,11:50:00,307,1,10187
19114,2016-03-11,11:51:00,278,4,7018
19115,2016-03-11,11:52:00,24,2,5612
19116,2016-03-11,12:00:00,274,1,684
19117,2016-03-11,12:12:00,394,2,6120
19118,2016-03-11,12:14:00,22,2,5265
19119,2016-03-11,12:15:00,449,2,6023
19120,2016-03-11,12:26:00,309,1,3178
19121,2016-03-11,12:34:00,303,2,4131
19122,2016-03-11,13:02:00,256,1,4594
19123,2016-03-11,13:04:00,180,1,1555
19124,2016-03-11,13:05:00,49,3,2260
19125,2016-03-11,13:09:00,175,1,1672
19126,2016-03-11,13:10:00,100,2,7782
19127,2016-03-11,13:15:00,45,3,6192
19128,2016-03-11,13:17:00,147,2,7848
19129,2016-03-11,13:18:00,401,1,8625
19130,2016-03-11,13:19:00,324,1,3979
19131,2016-03-11,13:19:00,167,1,8232
19132,2016-03-11,13:24:00,299,1,6266
19133,2016-03-11,13:29:00,410,1,6408
19134,2016-03-11,13:32:00,134,4,8839
19135,2016-03-11,14:05:00,226,3,1651
19136,2016-03-11,14:12:00,114,3,10722
19137,2016-03-11,14:15:00,402,1,4385
19138,2016-03-11,14:25:00,193,5,7000
19139,2016-03-11,14:25:00,218,1,3591
19140,2016-03-11,14:27:00,290,2,4281
19141,2016-03-11,14:32:00,270,2,11745
19142,2016-03-11,14:33:00,355,1,3634
19143,2016-03-11,14:39:00,151,2,6689
19144,2016-03-11,14:48:00,39,1,6712
19145,2016-03-11,14:49:00,5,3,4075
19146,2016-03-11,14:51:00,123,2,11190
19147,2016-03-11,14:57:00,266,2,11419
19148,2016-03-11,15:02:00,29,3,681
19149,2016-03-11,15:08:00,402,2,465
19150,2016-03-11,15:23:00,384,1,4164
19151,2016-03-11,15:27:00,208,1,2792
19152,2016-03-11,15:32:00,44,1,3346
19153,2016-03-11,15:39:00,152,2,4531
19154,2016-03-11,15:46:00,290,2,9376
19155,2016-03-11,15:50:00,54,1,3462
19156,2016-03-11,15:53:00,396,2,9152
19157,2016-03-11,15:57:00,418,2,4616
19158,2016-03-11,16:00:00,79,1,1923
19159,2016-03-11,16:12:00,183,4,2308
19160,2016-03-11,16:15:00,180,2,2062
19161,2016-03-11,16:19:00,91,2,11544
19162,2016-03-11,16:27:00,456,1,1
19163,2016-03-11,16:27:00,327,4,11422
19164,2016-03-11,16:29:00,11,3,4230
19165,2016-03-11,16:46:00,269,1,7673
19166,2016-03-11,16:48:00,279,2,7980
19167,2016-03-11,17:08:00,142,5,150
19168,2016-03-11,17:09:00,154,1,11826
19169,2016-03-11,17:16:00,73,5,9506
19170,2016-03-11,17:33:00,73,3,10645
19171,2016-03-11,17:37:00,374,4,2014
19172,2016-03-11,17:42:00,412,1,3610
19173,2016-03-11,17:43:00,303,4,11088
19174,2016-03-11,17:53:00,276,3,7213
19175,2016-03-11,17:56:00,202,1,8483
19176,2016-03-11,17:57:00,201,2,7580
19177,2016-03-11,18:09:00,321,2,4830
19178,2016-03-11,18:12:00,398,2,9460
19179,2016-03-11,18:15:00,443,2,9180
19180,2016-03-11,18:19:00,376,3,7457
19181,2016-03-11,18:20:00,332,3,1340
19182,2016-03-11,18:38:00,207,2,8087
19183,2016-03-11,18:41:00,30,2,11328
19184,2016-03-11,18:45:00,197,2,10069
19185,2016-03-11,18:49:00,50,4,8678
19186,2016-03-11,18:54:00,13,2,8701
19187,2016-03-11,18:55:00,106,1,7288
19188,2016-03-11,19:00:00,412,3,3374
19189,2016-03-11,19:14:00,81,4,8340
19190,2016-03-11,19:15:00,56,3,7509
19191,2016-03-11,19:24:00,237,1,10400
19192,2016-03-11,19:31:00,197,1,9466
19193,2016-03-11,19:41:00,54,1,10361
19194,2016-03-11,19:43:00,294,1,7559
19195,2016-03-11,19:47:00,146,5,10077
19196,2016-03-11,19:51:00,151,1,11304
19197,2016-03-11,19:52:00,361,1,5308
19198,2016-03-11,19:53:00,448,3,885
19199,2016-03-11,19:57:00,336,2,8708
19200,2016-03-11,19:57:00,170,2,9867
19201,2016-03-11,20:03:00,427,2,11004
19202,2016-03-11,20:09:00,314,1,8411
19203,2016-03-11,20:12:00,191,2,11224
19204,2016-03-11,20:17:00,454,2,1649
19205,2016-03-11,20:18:00,109,2,8175
19206,2016-03-11,20:19:00,321,3,2203
19207,2016-03-11,20:29:00,5,2,4924
19208,2016-03-11,20:45:00,289,2,9600
19209,2016-03-11,20:54:00,455,2,10861
19210,2016-03-11,20:59:00,326,1,10189
19211,2016-03-11,21:03:00,400,3,8586
19212,2016-03-11,21:04:00,130,1,9029
19213,2016-03-11,21:19:00,305,2,7983
19214,2016-03-11,21:25:00,158,3,6315
19215,2016-03-11,21:25:00,290,2,5058
19216,2016-03-11,21:26:00,23,1,2644
19217,2016-03-11,21:40:00,183,1,1714
19218,2016-03-11,21:51:00,298,1,1034
19219,2016-03-11,21:59:00,72,1,6676
19220,2016-03-11,22:11:00,401,2,1149
19221,2016-03-11,22:12:00,324,1,1304
19222,2016-03-11,22:13:00,458,1,8574
19223,2016-03-11,22:15:00,416,3,9436
19224,2016-03-11,22:17:00,124,3,4861
19225,2016-03-11,22:36:00,90,3,4630
19226,2016-03-11,22:38:00,87,1,6659
19227,2016-03-11,22:39:00,313,3,4966
19228,2016-03-11,22:41:00,129,1,5444
19229,2016-03-11,22:49:00,374,5,6258
19230,2016-03-11,22:50:00,109,2,7105
19231,2016-03-11,23:18:00,261,1,9518
19232,2016-03-11,23:25:00,112,1,9185
19233,2016-03-11,23:27:00,406,1,7617
19234,2016-03-11,23:27:00,169,3,75
19235,2016-03-11,23:29:00,169,2,114
19236,2016-03-11,23:33:00,301,3,4571
19237,2016-03-11,23:38:00,227,4,7228
19238,2016-03-11,23:41:00,136,1,9055
19239,2016-03-11,23:45:00,38,1,10336
19240,2016-03-11,23:47:00,456,2,8529
19241,2016-03-11,23:57:00,75,2,4519
19242,2016-03-11,23:57:00,146,2,549
19243,2016-03-11,23:58:00,238,1,7327
19244,2016-03-12,00:03:00,10,2,5237
19245,2016-03-12,00:06:00,6,2,6764
19246,2016-03-12,00:08:00,347,1,1912
19247,2016-03-12,00:09:00,243,3,6408
19248,2016-03-12,00:15:00,88,2,4030
19249,2016-03-12,00:28:00,439,1,1994
19250,2016-03-12,00:29:00,187,6,4820
19251,2016-03-12,00:35:00,138,1,411
19252,2016-03-12,00:47:00,372,1,11462
19253,2016-03-12,00:55:00,67,3,7600
19254,2016-03-12,01:01:00,350,1,5049
19255,2016-03-12,01:01:00,41,4,5198
19256,2016-03-12,01:02:00,283,2,8061
19257,2016-03-12,01:05:00,35,3,6220
19258,2016-03-12,01:07:00,411,1,8129
19259,2016-03-12,01:12:00,94,2,7790
19260,2016-03-12,01:16:00,416,2,9251
19261,2016-03-12,01:26:00,279,7,10238
19262,2016-03-12,01:34:00,49,3,2996
19263,2016-03-12,01:57:00,431,2,11182
19264,2016-03-12,02:47:00,378,2,5991
19265,2016-03-12,02:52:00,79,1,1442
19266,2016-03-12,03:04:00,220,1,5829
19267,2016-03-12,03:09:00,58,1,780
19268,2016-03-12,03:21:00,40,2,3468
19269,2016-03-12,03:43:00,342,1,3241
19270,2016-03-12,03:43:00,260,2,10593
19271,2016-03-12,03:55:00,309,1,5765
19272,2016-03-12,03:56:00,412,2,2415
19273,2016-03-12,03:59:00,272,5,2396
19274,2016-03-12,04:00:00,120,2,823
19275,2016-03-12,04:04:00,294,3,11838
19276,2016-03-12,04:04:00,139,1,8897
19277,2016-03-12,04:07:00,334,1,2872
19278,2016-03-12,04:08:00,70,3,6349
19279,2016-03-12,04:11:00,446,1,4346
19280,2016-03-12,04:17:00,315,1,4538
19281,2016-03-12,04:17:00,44,2,821
19282,2016-03-12,04:25:00,195,2,985
19283,2016-03-12,04:27:00,415,2,9585
19284,2016-03-12,04:28:00,248,3,118
19285,2016-03-12,04:38:00,319,2,10569
19286,2016-03-12,04:47:00,217,3,4721
19287,2016-03-12,04:49:00,120,1,1600
19288,2016-03-12,04:55:00,427,2,8732
19289,2016-03-12,04:56:00,58,2,7740
19290,2016-03-12,05:01:00,228,2,11505
19291,2016-03-12,05:02:00,201,3,6776
19292,2016-03-12,05:09:00,214,2,10019
19293,2016-03-12,05:17:00,232,2,466
19294,2016-03-12,05:17:00,382,2,3052
19295,2016-03-12,05:21:00,386,1,6512
19296,2016-03-12,05:29:00,26,1,2960
19297,2016-03-12,05:36:00,430,1,2663
19298,2016-03-12,05:36:00,225,3,7481
19299,2016-03-12,05:39:00,45,3,6109
19300,2016-03-12,05:44:00,290,2,11189
19301,2016-03-12,05:48:00,230,2,3366
19302,2016-03-12,05:50:00,223,2,123
19303,2016-03-12,05:51:00,400,2,9635
19304,2016-03-12,05:54:00,375,1,1895
19305,2016-03-12,05:55:00,419,3,252
19306,2016-03-12,06:03:00,334,2,8562
19307,2016-03-12,06:16:00,235,1,10314
19308,2016-03-12,06:24:00,252,1,4828
19309,2016-03-12,06:25:00,95,1,11449
19310,2016-03-12,06:27:00,124,4,8055
19311,2016-03-12,06:31:00,429,1,1156
19312,2016-03-12,06:32:00,24,5,6223
19313,2016-03-12,06:34:00,157,3,820
19314,2016-03-12,06:36:00,397,1,2485
19315,2016-03-12,06:45:00,134,2,11562
19316,2016-03-12,06:46:00,169,2,8990
19317,2016-03-12,06:47:00,334,5,11832
19318,2016-03-12,06:49:00,159,1,9931
19319,2016-03-12,06:53:00,228,1,10203
19320,2016-03-12,06:53:00,393,2,1029
19321,2016-03-12,06:58:00,89,2,604
19322,2016-03-12,07:02:00,83,3,8142
19323,2016-03-12,07:02:00,344,2,8629
19324,2016-03-12,07:08:00,280,1,7846
19325,2016-03-12,07:08:00,179,1,6489
19326,2016-03-12,07:09:00,329,2,5641
19327,2016-03-12,07:15:00,354,2,4556
19328,2016-03-12,07:28:00,295,2,2450
19329,2016-03-12,07:30:00,167,4,9271
19330,2016-03-12,08:07:00,272,2,4210
19331,2016-03-12,08:17:00,161,3,3159
19332,2016-03-12,08:21:00,451,4,1872
19333,2016-03-12,08:21:00,129,2,10877
19334,2016-03-12,08:24:00,433,2,1731
19335,2016-03-12,08:27:00,429,2,1906
19336,2016-03-12,08:32:00,159,2,8830
19337,2016-03-12,08:34:00,456,2,1778
19338,2016-03-12,08:34:00,420,1,8735
19339,2016-03-12,08:37:00,119,2,1277
19340,2016-03-12,08:42:00,70,1,4589
19341,2016-03-12,08:43:00,392,3,2665
19342,2016-03-12,08:56:00,226,3,5979
19343,2016-03-12,09:05:00,239,1,11261
19344,2016-03-12,09:05:00,71,1,9700
19345,2016-03-12,09:06:00,253,5,1782
19346,2016-03-12,09:11:00,374,1,3637
19347,2016-03-12,09:13:00,50,2,476
19348,2016-03-12,09:13:00,204,3,2284
19349,2016-03-12,09:21:00,305,1,3848
19350,2016-03-12,09:27:00,172,2,2690
19351,2016-03-12,09:31:00,380,1,7158
19352,2016-03-12,09:35:00,71,1,2757
19353,2016-03-12,09:36:00,174,2,1147
19354,2016-03-12,09:38:00,189,1,10314
19355,2016-03-12,09:47:00,188,3,4761
19356,2016-03-12,09:49:00,167,2,7491
19357,2016-03-12,09:51:00,300,1,1111
19358,2016-03-12,10:01:00,266,3,1006
19359,2016-03-12,10:04:00,106,1,10234
19360,2016-03-12,10:04:00,308,2,3569
19361,2016-03-12,10:17:00,380,1,6635
19362,2016-03-12,10:19:00,431,2,8096
19363,2016-03-12,10:23:00,222,2,9935
19364,2016-03-12,10:27:00,249,3,8648
19365,2016-03-12,10:30:00,38,3,2194
19366,2016-03-12,10:45:00,364,1,2180
19367,2016-03-12,10:47:00,170,1,11154
19368,2016-03-12,10:47:00,180,1,6458
19369,2016-03-12,10:49:00,99,2,4129
19370,2016-03-12,10:49:00,389,3,9994
19371,2016-03-12,10:50:00,179,2,9546
19372,2016-03-12,10:51:00,325,1,4555
19373,2016-03-12,10:55:00,72,3,9444
19374,2016-03-12,10:56:00,431,1,10556
19375,2016-03-12,10:57:00,153,3,9657
19376,2016-03-12,11:01:00,257,5,1800
19377,2016-03-12,11:05:00,425,1,5910
19378,2016-03-12,11:10:00,439,1,6205
19379,2016-03-12,11:11:00,25,3,7135
19380,2016-03-12,11:22:00,108,1,11147
19381,2016-03-12,11:25:00,127,3,11735
19382,2016-03-12,11:27:00,123,1,4619
19383,2016-03-12,11:31:00,357,4,6529
19384,2016-03-12,11:32:00,379,3,9959
19385,2016-03-12,11:37:00,16,1,11802
19386,2016-03-12,11:37:00,236,1,6899
19387,2016-03-12,11:37:00,433,2,5548
19388,2016-03-12,11:53:00,378,1,387
19389,2016-03-12,12:02:00,51,2,5256
19390,2016-03-12,12:05:00,307,2,2051
19391,2016-03-12,12:05:00,330,3,5736
19392,2016-03-12,12:20:00,301,1,504
19393,2016-03-12,12:24:00,281,3,1804
19394,2016-03-12,12:30:00,39,1,8455
19395,2016-03-12,12:36:00,170,4,11979
19396,2016-03-12,12:38:00,163,3,11500
19397,2016-03-12,12:47:00,274,2,11002
19398,2016-03-12,12:52:00,366,2,6912
19399,2016-03-12,12:55:00,453,2,1309
19400,2016-03-12,12:59:00,23,1,10111
19401,2016-03-12,13:06:00,344,1,613
19402,2016-03-12,13:17:00,426,1,8274
19403,2016-03-12,13:18:00,302,2,4437
19404,2016-03-12,13:20:00,105,2,8711
19405,2016-03-12,13:20:00,294,1,6164
19406,2016-03-12,13:35:00,185,1,263
19407,2016-03-12,13:36:00,355,3,3362
19408,2016-03-12,13:39:00,431,1,1889
19409,2016-03-12,13:42:00,129,2,1136
19410,2016-03-12,13:47:00,263,3,2523
19411,2016-03-12,13:53:00,321,2,1843
19412,2016-03-12,14:01:00,414,4,5361
19413,2016-03-12,14:23:00,6,2,2517
19414,2016-03-12,14:24:00,42,4,4241
19415,2016-03-12,14:34:00,3,4,6570
19416,2016-03-12,14:44:00,70,3,4913
19417,2016-03-12,14:53:00,79,1,5749
19418,2016-03-12,14:58:00,342,1,3520
19419,2016-03-12,15:07:00,75,2,9446
19420,2016-03-12,15:08:00,147,4,10436
19421,2016-03-12,15:09:00,255,2,11900
19422,2016-03-12,15:14:00,279,1,4944
19423,2016-03-12,15:15:00,342,2,9455
19424,2016-03-12,15:15:00,256,2,203
19425,2016-03-12,15:35:00,282,1,6035
19426,2016-03-12,15:40:00,345,1,3413
19427,2016-03-12,15:50:00,37,1,5253
19428,2016-03-12,15:53:00,365,3,2856
19429,2016-03-12,15:53:00,279,1,3277
19430,2016-03-12,15:58:00,174,1,3657
19431,2016-03-12,15:58:00,402,1,876
19432,2016-03-12,15:58:00,53,2,11460
19433,2016-03-12,16:01:00,221,1,4745
19434,2016-03-12,16:03:00,143,3,5298
19435,2016-03-12,16:07:00,323,2,5531
19436,2016-03-12,16:11:00,385,3,308
19437,2016-03-12,16:16:00,44,2,4464
19438,2016-03-12,16:21:00,421,4,7380
19439,2016-03-12,16:30:00,227,3,6235
19440,2016-03-12,16:31:00,5,3,4614
19441,2016-03-12,16:36:00,427,4,6783
19442,2016-03-12,16:42:00,227,2,3053
19443,2016-03-12,16:42:00,115,2,7946
19444,2016-03-12,16:45:00,141,2,3668
19445,2016-03-12,16:55:00,157,5,8927
19446,2016-03-12,16:59:00,218,2,11407
19447,2016-03-12,17:04:00,263,6,2623
19448,2016-03-12,17:11:00,219,1,8446
19449,2016-03-12,17:42:00,434,2,4170
19450,2016-03-12,17:42:00,84,1,350
19451,2016-03-12,17:46:00,72,3,10535
19452,2016-03-12,17:55:00,127,2,2967
19453,2016-03-12,17:57:00,97,2,884
19454,2016-03-12,18:05:00,353,2,350
19455,2016-03-12,18:12:00,2,1,11360
19456,2016-03-12,18:29:00,393,2,3153
19457,2016-03-12,18:31:00,131,1,5578
19458,2016-03-12,18:36:00,123,3,7693
19459,2016-03-12,18:41:00,319,2,6416
19460,2016-03-12,18:42:00,160,1,4769
19461,2016-03-12,18:46:00,255,1,1509
19462,2016-03-12,18:46:00,411,2,7302
19463,2016-03-12,18:49:00,153,1,1122
19464,2016-03-12,18:52:00,458,1,7675
19465,2016-03-12,18:52:00,118,1,8441
19466,2016-03-12,18:57:00,165,3,9794
19467,2016-03-12,18:57:00,49,2,10946
19468,2016-03-12,18:57:00,287,3,319
19469,2016-03-12,18:58:00,451,2,2906
19470,2016-03-12,19:04:00,401,1,1319
19471,2016-03-12,19:05:00,319,1,10971
19472,2016-03-12,19:12:00,113,4,8127
19473,2016-03-12,19:17:00,153,2,3779
19474,2016-03-12,19:17:00,339,1,4059
19475,2016-03-12,19:18:00,278,4,10070
19476,2016-03-12,19:20:00,407,2,2626
19477,2016-03-12,19:27:00,186,1,2518
19478,2016-03-12,19:37:00,160,2,6434
19479,2016-03-12,19:41:00,275,1,4082
19480,2016-03-12,19:42:00,235,2,976
19481,2016-03-12,19:51:00,414,2,7234
19482,2016-03-12,19:53:00,167,1,9605
19483,2016-03-12,20:00:00,450,1,5897
19484,2016-03-12,20:02:00,75,1,10965
19485,2016-03-12,20:05:00,144,2,2924
19486,2016-03-12,20:14:00,129,1,2647
19487,2016-03-12,20:18:00,438,2,4554
19488,2016-03-12,20:19:00,56,2,10113
19489,2016-03-12,20:23:00,191,1,7653
19490,2016-03-12,20:26:00,91,3,4658
19491,2016-03-12,20:37:00,200,2,7736
19492,2016-03-12,20:49:00,389,2,2891
19493,2016-03-12,20:50:00,85,3,10212
19494,2016-03-12,20:54:00,52,1,8462
19495,2016-03-12,20:55:00,89,1,6818
19496,2016-03-12,20:59:00,405,1,5111
19497,2016-03-12,21:06:00,57,3,7949
19498,2016-03-12,21:08:00,320,1,9132
19499,2016-03-12,21:11:00,69,1,1399
19500,2016-03-12,21:21:00,453,3,10752
19501,2016-03-12,21:23:00,114,1,1710
19502,2016-03-12,21:26:00,25,4,5922
19503,2016-03-12,21:29:00,344,2,7747
19504,2016-03-12,21:35:00,132,6,2119
19505,2016-03-12,21:37:00,145,2,1809
19506,2016-03-12,21:42:00,381,1,3653
19507,2016-03-12,21:44:00,269,4,4136
19508,2016-03-12,21:51:00,78,1,8758
19509,2016-03-12,21:54:00,90,3,909
19510,2016-03-12,21:58:00,276,1,8737
19511,2016-03-12,22:03:00,97,2,3720
19512,2016-03-12,22:07:00,81,3,7737
19513,2016-03-12,22:17:00,378,2,5065
19514,2016-03-12,22:47:00,323,3,3631
19515,2016-03-12,22:56:00,315,2,3260
19516,2016-03-12,22:59:00,372,2,5965
19517,2016-03-12,22:59:00,249,2,1427
19518,2016-03-12,23:01:00,407,2,7475
19519,2016-03-12,23:02:00,57,1,785
19520,2016-03-12,23:19:00,337,3,9283
19521,2016-03-12,23:29:00,43,2,4395
19522,2016-03-12,23:30:00,174,1,3436
19523,2016-03-12,23:30:00,280,3,4767
19524,2016-03-12,23:31:00,198,2,7959
19525,2016-03-12,23:43:00,101,5,5272
19526,2016-03-12,23:53:00,456,1,8123
19527,2016-03-12,23:59:00,30,3,4559
19528,2016-03-13,00:02:00,240,2,7169
19529,2016-03-13,00:43:00,284,3,1296
19530,2016-03-13,00:46:00,445,4,6400
19531,2016-03-13,00:48:00,450,1,6837
19532,2016-03-13,00:51:00,272,2,2358
19533,2016-03-13,01:00:00,155,1,314
19534,2016-03-13,01:01:00,315,3,7575
19535,2016-03-13,01:09:00,54,2,614
19536,2016-03-13,01:16:00,319,1,8032
19537,2016-03-13,01:24:00,286,2,6166
19538,2016-03-13,01:25:00,144,1,4722
19539,2016-03-13,01:53:00,330,1,4540
19540,2016-03-13,01:55:00,301,3,4849
19541,2016-03-13,01:57:00,220,4,11866
19542,2016-03-13,02:05:00,29,2,4077
19543,2016-03-13,02:11:00,201,3,7518
19544,2016-03-13,02:12:00,154,2,8370
19545,2016-03-13,02:18:00,129,1,9864
19546,2016-03-13,02:23:00,137,2,8743
19547,2016-03-13,02:25:00,276,3,2728
19548,2016-03-13,02:26:00,54,2,10268
19549,2016-03-13,02:39:00,448,1,4822
19550,2016-03-13,02:42:00,67,3,2213
19551,2016-03-13,02:44:00,58,2,6465
19552,2016-03-13,02:46:00,42,1,3244
19553,2016-03-13,02:53:00,286,2,2335
19554,2016-03-13,02:57:00,177,4,8704
19555,2016-03-13,03:26:00,443,1,5604
19556,2016-03-13,03:27:00,275,3,3743
19557,2016-03-13,03:29:00,51,1,4849
19558,2016-03-13,03:33:00,266,1,1179
19559,2016-03-13,03:44:00,60,2,3400
19560,2016-03-13,03:50:00,154,1,11923
19561,2016-03-13,03:57:00,387,1,11258
19562,2016-03-13,03:59:00,293,1,4171
19563,2016-03-13,03:59:00,72,2,2538
19564,2016-03-13,04:07:00,414,2,264
19565,2016-03-13,04:11:00,346,4,11216
19566,2016-03-13,04:20:00,340,1,7716
19567,2016-03-13,04:22:00,136,2,2337
19568,2016-03-13,04:24:00,45,3,5062
19569,2016-03-13,04:25:00,61,3,11051
19570,2016-03-13,04:33:00,119,1,3855
19571,2016-03-13,04:34:00,431,2,1399
19572,2016-03-13,04:37:00,72,2,5306
19573,2016-03-13,04:38:00,231,3,10058
19574,2016-03-13,04:49:00,192,2,3575
19575,2016-03-13,04:54:00,428,3,9216
19576,2016-03-13,04:57:00,91,2,10354
19577,2016-03-13,05:01:00,275,4,4575
19578,2016-03-13,05:01:00,101,3,9468
19579,2016-03-13,05:05:00,260,3,10937
19580,2016-03-13,05:09:00,349,2,8039
19581,2016-03-13,05:10:00,24,1,7115
19582,2016-03-13,05:13:00,197,2,4980
19583,2016-03-13,05:16:00,53,2,4086
19584,2016-03-13,05:25:00,224,1,8619
19585,2016-03-13,05:32:00,361,2,9502
19586,2016-03-13,05:34:00,255,3,9581
19587,2016-03-13,05:35:00,438,1,9321
19588,2016-03-13,05:37:00,103,1,6007
19589,2016-03-13,05:43:00,202,1,3759
19590,2016-03-13,05:46:00,21,3,3576
19591,2016-03-13,05:58:00,249,3,11499
19592,2016-03-13,06:07:00,270,1,5428
19593,2016-03-13,06:09:00,307,3,9317
19594,2016-03-13,06:11:00,104,2,342
19595,2016-03-13,06:26:00,315,1,7824
19596,2016-03-13,06:26:00,154,1,6742
19597,2016-03-13,06:36:00,317,1,4733
19598,2016-03-13,06:40:00,202,1,5732
19599,2016-03-13,06:56:00,342,5,904
19600,2016-03-13,06:59:00,244,1,2357
19601,2016-03-13,07:03:00,307,1,2625
19602,2016-03-13,07:04:00,158,4,5569
19603,2016-03-13,07:05:00,224,1,139
19604,2016-03-13,07:20:00,195,2,447
19605,2016-03-13,07:32:00,379,3,3282
19606,2016-03-13,07:32:00,154,1,2341
19607,2016-03-13,07:35:00,186,2,9297
19608,2016-03-13,07:42:00,366,1,11235
19609,2016-03-13,07:46:00,268,3,11628
19610,2016-03-13,07:57:00,253,1,8228
19611,2016-03-13,08:11:00,146,1,302
19612,2016-03-13,08:14:00,168,4,1811
19613,2016-03-13,08:15:00,40,2,11760
19614,2016-03-13,08:21:00,320,2,1552
19615,2016-03-13,08:23:00,165,2,11349
19616,2016-03-13,08:23:00,17,2,8438
19617,2016-03-13,08:26:00,19,2,2876
19618,2016-03-13,08:38:00,420,3,2227
19619,2016-03-13,08:43:00,1,2,570
19620,2016-03-13,08:55:00,431,3,6942
19621,2016-03-13,08:55:00,427,4,2815
19622,2016-03-13,08:56:00,12,2,9577
19623,2016-03-13,08:57:00,122,2,6712
19624,2016-03-13,09:01:00,195,3,4203
19625,2016-03-13,09:07:00,57,1,10338
19626,2016-03-13,09:10:00,47,2,5406
19627,2016-03-13,09:15:00,68,1,7381
19628,2016-03-13,09:17:00,405,1,10517
19629,2016-03-13,09:21:00,126,2,6455
19630,2016-03-13,09:23:00,111,1,6264
19631,2016-03-13,09:31:00,283,1,2691
19632,2016-03-13,09:58:00,361,3,190
19633,2016-03-13,09:59:00,31,1,11739
19634,2016-03-13,10:03:00,188,1,373
19635,2016-03-13,10:07:00,284,2,11319
19636,2016-03-13,10:15:00,2,6,7902
19637,2016-03-13,10:21:00,117,1,3524
19638,2016-03-13,10:32:00,330,3,561
19639,2016-03-13,10:33:00,161,1,5671
19640,2016-03-13,10:40:00,388,1,10092
19641,2016-03-13,10:47:00,344,1,1458
19642,2016-03-13,10:50:00,18,1,7251
19643,2016-03-13,11:02:00,189,2,11955
19644,2016-03-13,11:08:00,151,3,2428
19645,2016-03-13,11:16:00,187,3,5389
19646,2016-03-13,11:18:00,42,5,3536
19647,2016-03-13,11:30:00,227,2,1278
19648,2016-03-13,11:33:00,98,1,5421
19649,2016-03-13,11:41:00,157,2,3355
19650,2016-03-13,11:41:00,256,3,2126
19651,2016-03-13,11:44:00,430,2,4309
19652,2016-03-13,11:45:00,111,1,11374
19653,2016-03-13,11:46:00,323,2,1666
19654,2016-03-13,12:06:00,279,5,8397
19655,2016-03-13,12:09:00,4,1,339
19656,2016-03-13,12:11:00,42,3,5525
19657,2016-03-13,12:21:00,194,1,5132
19658,2016-03-13,12:22:00,238,1,5728
19659,2016-03-13,12:28:00,401,2,10013
19660,2016-03-13,12:34:00,406,1,3929
19661,2016-03-13,12:36:00,132,1,4802
19662,2016-03-13,12:42:00,446,2,11304
19663,2016-03-13,12:45:00,200,1,1169
19664,2016-03-13,12:50:00,331,2,835
19665,2016-03-13,12:51:00,47,2,2169
19666,2016-03-13,12:52:00,260,2,4297
19667,2016-03-13,12:57:00,132,1,11719
19668,2016-03-13,12:57:00,315,2,6427
19669,2016-03-13,13:12:00,304,2,11916
19670,2016-03-13,13:16:00,237,2,8937
19671,2016-03-13,13:22:00,52,1,4896
19672,2016-03-13,13:31:00,358,1,7616
19673,2016-03-13,13:33:00,88,2,1377
19674,2016-03-13,13:35:00,434,3,9220
19675,2016-03-13,13:36:00,183,2,8350
19676,2016-03-13,13:41:00,167,2,3290
19677,2016-03-13,13:52:00,216,2,8672
19678,2016-03-13,14:00:00,340,1,10033
19679,2016-03-13,14:00:00,257,1,11032
19680,2016-03-13,14:03:00,116,1,1980
19681,2016-03-13,14:03:00,41,2,2578
19682,2016-03-13,14:03:00,256,1,5728
19683,2016-03-13,14:03:00,47,1,7990
19684,2016-03-13,14:03:00,180,3,10931
19685,2016-03-13,14:10:00,298,1,1233
19686,2016-03-13,14:19:00,65,2,4591
19687,2016-03-13,14:26:00,68,4,838
19688,2016-03-13,14:34:00,365,1,4020
19689,2016-03-13,14:37:00,357,2,5132
19690,2016-03-13,14:42:00,179,1,2114
19691,2016-03-13,14:59:00,284,3,5506
19692,2016-03-13,15:06:00,266,4,1270
19693,2016-03-13,15:08:00,335,1,11964
19694,2016-03-13,15:08:00,237,2,8032
19695,2016-03-13,15:18:00,321,1,3022
19696,2016-03-13,15:26:00,166,1,7608
19697,2016-03-13,15:31:00,366,1,11647
19698,2016-03-13,15:34:00,12,3,2778
19699,2016-03-13,15:42:00,4,1,4236
19700,2016-03-13,15:50:00,336,2,2669
19701,2016-03-13,15:51:00,351,1,3553
19702,2016-03-13,16:02:00,178,1,4562
19703,2016-03-13,16:03:00,254,1,10017
19704,2016-03-13,16:04:00,377,4,10417
19705,2016-03-13,16:08:00,232,2,5800
19706,2016-03-13,16:22:00,59,1,6021
19707,2016-03-13,16:27:00,398,3,11059
19708,2016-03-13,16:27:00,401,3,8292
19709,2016-03-13,16:34:00,343,2,5750
19710,2016-03-13,16:34:00,397,1,10832
19711,2016-03-13,16:44:00,254,1,10948
19712,2016-03-13,16:44:00,387,2,9119
19713,2016-03-13,16:56:00,5,3,8911
19714,2016-03-13,16:56:00,23,1,9461
19715,2016-03-13,16:58:00,222,2,10551
19716,2016-03-13,16:59:00,71,2,10421
19717,2016-03-13,17:02:00,451,2,2206
19718,2016-03-13,17:09:00,410,4,7939
19719,2016-03-13,17:17:00,68,3,9392
19720,2016-03-13,17:24:00,71,1,4131
19721,2016-03-13,17:26:00,411,2,5057
19722,2016-03-13,17:29:00,82,1,5196
19723,2016-03-13,17:36:00,422,2,8263
19724,2016-03-13,17:40:00,88,2,2927
19725,2016-03-13,17:42:00,310,1,9974
19726,2016-03-13,17:50:00,183,2,10806
19727,2016-03-13,17:53:00,32,1,1992
19728,2016-03-13,17:57:00,356,2,10509
19729,2016-03-13,17:59:00,48,2,4512
19730,2016-03-13,18:00:00,120,2,1143
19731,2016-03-13,18:14:00,388,3,7875
19732,2016-03-13,18:19:00,435,2,6256
19733,2016-03-13,18:31:00,306,3,3744
19734,2016-03-13,18:33:00,320,2,4441
19735,2016-03-13,18:41:00,426,1,3473
19736,2016-03-13,18:44:00,73,2,9337
19737,2016-03-13,19:06:00,298,2,8214
19738,2016-03-13,19:07:00,81,1,3553
19739,2016-03-13,19:11:00,87,3,9792
19740,2016-03-13,19:19:00,260,2,2848
19741,2016-03-13,19:20:00,158,2,5025
19742,2016-03-13,19:22:00,245,2,11519
19743,2016-03-13,19:30:00,248,2,5875
19744,2016-03-13,19:32:00,87,4,7361
19745,2016-03-13,19:58:00,430,1,9342
19746,2016-03-13,20:02:00,218,2,8085
19747,2016-03-13,20:08:00,292,3,8065
19748,2016-03-13,20:12:00,452,2,4034
19749,2016-03-13,20:18:00,351,1,4994
19750,2016-03-13,20:21:00,405,2,8562
19751,2016-03-13,20:23:00,394,1,6930
19752,2016-03-13,20:32:00,60,2,7168
19753,2016-03-13,20:34:00,49,1,6112
19754,2016-03-13,20:38:00,21,2,9942
19755,2016-03-13,20:42:00,102,2,1191
19756,2016-03-13,20:57:00,65,3,2901
19757,2016-03-13,20:58:00,199,4,10510
19758,2016-03-13,21:07:00,397,2,11989
19759,2016-03-13,21:28:00,122,1,9958
19760,2016-03-13,21:30:00,164,5,4181
19761,2016-03-13,21:37:00,119,3,10001
19762,2016-03-13,21:38:00,216,2,4074
19763,2016-03-13,21:40:00,98,1,9251
19764,2016-03-13,21:42:00,76,4,5654
19765,2016-03-13,21:54:00,86,1,4452
19766,2016-03-13,21:56:00,368,1,5045
19767,2016-03-13,22:04:00,129,3,9694
19768,2016-03-13,22:14:00,440,3,5625
19769,2016-03-13,22:15:00,264,1,6006
19770,2016-03-13,22:17:00,332,1,7699
19771,2016-03-13,22:18:00,47,1,1445
19772,2016-03-13,22:19:00,155,3,3807
19773,2016-03-13,22:19:00,178,3,1339
19774,2016-03-13,22:25:00,92,1,11374
19775,2016-03-13,22:29:00,441,2,1340
19776,2016-03-13,22:34:00,338,2,10109
19777,2016-03-13,22:35:00,24,4,9472
19778,2016-03-13,22:35:00,243,1,4542
19779,2016-03-13,22:39:00,279,1,8008
19780,2016-03-13,22:57:00,446,1,702
19781,2016-03-13,22:57:00,285,4,3066
19782,2016-03-13,22:59:00,248,2,5433
19783,2016-03-13,23:16:00,173,4,3316
19784,2016-03-13,23:16:00,398,2,9657
19785,2016-03-13,23:24:00,441,3,10440
19786,2016-03-13,23:24:00,448,1,7551
19787,2016-03-13,23:29:00,296,2,2952
19788,2016-03-13,23:37:00,280,2,10067
19789,2016-03-13,23:43:00,148,1,8458
19790,2016-03-13,23:43:00,132,1,4394
19791,2016-03-13,23:47:00,388,1,6536
19792,2016-03-13,23:51:00,249,2,3398
19793,2016-03-13,23:54:00,300,1,11596
19794,2016-03-13,23:58:00,44,2,2144
19795,2016-03-14,00:08:00,192,3,5782
19796,2016-03-14,00:16:00,270,2,3303
19797,2016-03-14,00:24:00,173,4,11604
19798,2016-03-14,00:27:00,30,2,9536
19799,2016-03-14,00:34:00,147,1,8496
19800,2016-03-14,00:40:00,41,3,10234
19801,2016-03-14,00:49:00,96,1,5
19802,2016-03-14,00:50:00,361,1,1805
19803,2016-03-14,00:52:00,51,3,3757
19804,2016-03-14,01:11:00,137,3,8127
19805,2016-03-14,01:20:00,12,1,3502
19806,2016-03-14,01:27:00,90,2,3183
19807,2016-03-14,01:27:00,196,3,7127
19808,2016-03-14,01:32:00,136,1,3883
19809,2016-03-14,01:34:00,364,2,5803
19810,2016-03-14,01:39:00,379,1,9887
19811,2016-03-14,01:39:00,175,2,8840
19812,2016-03-14,01:46:00,287,2,9536
19813,2016-03-14,01:48:00,228,1,10915
19814,2016-03-14,01:59:00,296,2,470
19815,2016-03-14,02:02:00,338,2,3747
19816,2016-03-14,02:09:00,87,2,3147
19817,2016-03-14,02:09:00,414,1,1931
19818,2016-03-14,02:16:00,351,1,2189
19819,2016-03-14,02:19:00,75,1,10235
19820,2016-03-14,02:29:00,88,2,4645
19821,2016-03-14,02:33:00,427,5,917
19822,2016-03-14,02:36:00,425,3,2031
19823,2016-03-14,02:52:00,300,3,1672
19824,2016-03-14,02:59:00,25,2,7234
19825,2016-03-14,03:04:00,275,2,9283
19826,2016-03-14,03:07:00,213,4,3750
19827,2016-03-14,03:07:00,424,2,3209
19828,2016-03-14,03:08:00,216,2,2361
19829,2016-03-14,03:12:00,389,5,8246
19830,2016-03-14,03:22:00,395,1,6703
19831,2016-03-14,03:22:00,108,3,8575
19832,2016-03-14,03:24:00,182,1,8255
19833,2016-03-14,03:45:00,249,1,2187
19834,2016-03-14,04:02:00,187,2,1846
19835,2016-03-14,04:09:00,154,2,1186
19836,2016-03-14,04:15:00,31,1,1949
19837,2016-03-14,04:16:00,266,1,5235
19838,2016-03-14,04:27:00,432,3,5876
19839,2016-03-14,04:31:00,439,2,7942
19840,2016-03-14,04:34:00,35,3,2423
19841,2016-03-14,04:37:00,172,1,9847
19842,2016-03-14,04:39:00,450,1,8493
19843,2016-03-14,04:40:00,433,1,7816
19844,2016-03-14,04:46:00,406,4,11648
19845,2016-03-14,04:50:00,233,1,11973
19846,2016-03-14,04:52:00,188,1,4744
19847,2016-03-14,04:56:00,261,2,7814
19848,2016-03-14,05:00:00,86,1,5192
19849,2016-03-14,05:03:00,86,4,11925
19850,2016-03-14,05:19:00,404,3,718
19851,2016-03-14,05:25:00,427,1,1795
19852,2016-03-14,05:26:00,122,4,6635
19853,2016-03-14,05:26:00,292,1,9279
19854,2016-03-14,05:36:00,80,3,6137
19855,2016-03-14,05:38:00,195,1,3675
19856,2016-03-14,05:50:00,57,1,9252
19857,2016-03-14,05:54:00,162,4,2100
19858,2016-03-14,06:02:00,206,1,8652
19859,2016-03-14,06:09:00,402,2,5498
19860,2016-03-14,06:28:00,247,2,5672
19861,2016-03-14,06:37:00,417,2,10050
19862,2016-03-14,06:53:00,311,1,6574
19863,2016-03-14,06:58:00,96,2,2114
19864,2016-03-14,06:59:00,424,2,9855
19865,2016-03-14,07:02:00,18,2,1243
19866,2016-03-14,07:04:00,77,3,4557
19867,2016-03-14,07:05:00,358,1,1403
19868,2016-03-14,07:14:00,351,1,1009
19869,2016-03-14,07:14:00,168,1,5028
19870,2016-03-14,07:27:00,187,2,5979
19871,2016-03-14,07:35:00,302,2,10091
19872,2016-03-14,07:38:00,438,3,3610
19873,2016-03-14,07:48:00,115,2,10065
19874,2016-03-14,07:50:00,212,1,8251
19875,2016-03-14,08:04:00,430,3,1090
19876,2016-03-14,08:05:00,93,3,677
19877,2016-03-14,08:06:00,167,4,9677
19878,2016-03-14,08:14:00,82,1,7511
19879,2016-03-14,08:16:00,194,1,11820
19880,2016-03-14,08:18:00,443,1,1902
19881,2016-03-14,08:42:00,226,3,2850
19882,2016-03-14,08:51:00,405,2,1314
19883,2016-03-14,08:52:00,350,1,10490
19884,2016-03-14,08:59:00,47,3,1008
19885,2016-03-14,09:06:00,424,2,2421
19886,2016-03-14,09:07:00,153,5,7424
19887,2016-03-14,09:11:00,148,1,4
19888,2016-03-14,09:14:00,295,3,10378
19889,2016-03-14,09:19:00,154,1,3099
19890,2016-03-14,09:31:00,364,2,601
19891,2016-03-14,09:34:00,85,2,9889
19892,2016-03-14,09:39:00,286,2,11967
19893,2016-03-14,09:39:00,86,2,3911
19894,2016-03-14,09:43:00,414,1,10033
19895,2016-03-14,09:46:00,116,3,5582
19896,2016-03-14,09:52:00,341,4,5112
19897,2016-03-14,10:01:00,3,2,8484
19898,2016-03-14,10:09:00,283,3,3976
19899,2016-03-14,10:14:00,12,3,3669
19900,2016-03-14,10:14:00,197,1,6620
19901,2016-03-14,10:16:00,124,2,5988
19902,2016-03-14,10:26:00,347,2,8661
19903,2016-03-14,10:29:00,371,1,9829
19904,2016-03-14,11:20:00,390,2,4341
19905,2016-03-14,11:22:00,431,2,9891
19906,2016-03-14,11:22:00,317,1,4656
19907,2016-03-14,11:26:00,162,3,9542
19908,2016-03-14,11:27:00,416,2,10181
19909,2016-03-14,11:33:00,394,1,6485
19910,2016-03-14,11:46:00,199,1,9933
19911,2016-03-14,11:46:00,434,3,6797
19912,2016-03-14,11:53:00,311,2,1608
19913,2016-03-14,12:05:00,186,2,7051
19914,2016-03-14,12:05:00,111,1,5459
19915,2016-03-14,12:26:00,336,2,3594
19916,2016-03-14,12:42:00,81,2,2815
19917,2016-03-14,12:44:00,85,2,8311
19918,2016-03-14,12:55:00,141,3,63
19919,2016-03-14,12:56:00,188,1,6318
19920,2016-03-14,12:59:00,34,1,3572
19921,2016-03-14,13:00:00,450,2,8776
19922,2016-03-14,13:02:00,253,1,5688
19923,2016-03-14,13:11:00,455,2,2784
19924,2016-03-14,13:30:00,185,1,9935
19925,2016-03-14,13:31:00,47,1,5237
19926,2016-03-14,13:41:00,84,1,3742
19927,2016-03-14,13:51:00,154,1,11193
19928,2016-03-14,13:57:00,120,2,8676
19929,2016-03-14,14:01:00,155,3,4350
19930,2016-03-14,14:01:00,21,2,8526
19931,2016-03-14,14:06:00,280,2,2032
19932,2016-03-14,14:07:00,231,2,3369
19933,2016-03-14,14:08:00,77,5,2059
19934,2016-03-14,14:17:00,21,2,10447
19935,2016-03-14,14:23:00,5,2,3793
19936,2016-03-14,14:30:00,336,3,11503
19937,2016-03-14,14:31:00,142,1,8845
19938,2016-03-14,14:33:00,185,1,2918
19939,2016-03-14,14:33:00,116,1,4442
19940,2016-03-14,14:35:00,103,2,7337
19941,2016-03-14,14:37:00,94,3,7696
19942,2016-03-14,14:45:00,445,2,1966
19943,2016-03-14,14:46:00,154,2,5123
19944,2016-03-14,14:46:00,174,2,9574
19945,2016-03-14,14:52:00,457,3,9097
19946,2016-03-14,14:56:00,135,1,9473
19947,2016-03-14,14:59:00,421,2,10401
19948,2016-03-14,15:18:00,159,2,2421
19949,2016-03-14,15:18:00,385,2,9988
19950,2016-03-14,15:21:00,55,4,11899
19951,2016-03-14,15:23:00,303,2,9705
19952,2016-03-14,15:27:00,218,2,8412
19953,2016-03-14,15:36:00,120,1,683
19954,2016-03-14,15:46:00,182,2,5555
19955,2016-03-14,15:50:00,373,2,4515
19956,2016-03-14,16:03:00,165,1,7218
19957,2016-03-14,16:04:00,51,3,9478
19958,2016-03-14,16:08:00,82,1,4878
19959,2016-03-14,16:08:00,207,2,2991
19960,2016-03-14,16:20:00,204,3,9778
19961,2016-03-14,16:24:00,317,3,8684
19962,2016-03-14,16:32:00,251,1,4706
19963,2016-03-14,16:49:00,249,2,3962
19964,2016-03-14,16:54:00,310,1,4228
19965,2016-03-14,16:57:00,60,1,8545
19966,2016-03-14,17:05:00,457,1,8578
19967,2016-03-14,17:12:00,83,2,11170
19968,2016-03-14,17:16:00,452,1,7589
19969,2016-03-14,17:26:00,148,2,5817
19970,2016-03-14,17:29:00,434,1,6541
19971,2016-03-14,17:34:00,436,2,2581
19972,2016-03-14,17:44:00,355,2,10144
19973,2016-03-14,17:47:00,29,1,3452
19974,2016-03-14,17:50:00,60,1,10270
19975,2016-03-14,17:58:00,448,2,10300
19976,2016-03-14,18:06:00,404,1,808
19977,2016-03-14,18:10:00,403,1,798
19978,2016-03-14,18:18:00,147,3,7556
19979,2016-03-14,18:19:00,390,3,1067
19980,2016-03-14,18:34:00,326,1,8627
19981,2016-03-14,18:35:00,112,1,6502
19982,2016-03-14,18:35:00,39,3,1828
19983,2016-03-14,18:36:00,6,2,25
19984,2016-03-14,18:36:00,193,1,6064
19985,2016-03-14,18:42:00,268,1,11921
19986,2016-03-14,18:42:00,396,2,6947
19987,2016-03-14,18:58:00,256,4,2131
19988,2016-03-14,18:59:00,132,4,4772
19989,2016-03-14,19:04:00,234,1,8895
19990,2016-03-14,19:06:00,283,3,8120
19991,2016-03-14,19:14:00,111,1,110
19992,2016-03-14,19:20:00,222,3,383
19993,2016-03-14,19:29:00,248,2,404
19994,2016-03-14,19:34:00,407,1,3130
19995,2016-03-14,19:38:00,358,3,8669
19996,2016-03-14,19:50:00,96,3,6485
19997,2016-03-14,19:50:00,116,1,10377
19998,2016-03-14,19:56:00,135,2,8721
19999,2016-03-14,20:00:00,39,2,8103
20000,2016-03-14,20:03:00,117,2,848
20001,2016-03-14,20:06:00,200,1,11694
20002,2016-03-14,20:16:00,216,1,39
20003,2016-03-14,20:18:00,42,1,6782
20004,2016-03-14,20:20:00,183,1,8287
20005,2016-03-14,20:37:00,120,2,662
20006,2016-03-14,20:44:00,192,4,7979
20007,2016-03-14,20:50:00,68,3,1181
20008,2016-03-14,20:51:00,19,2,436
20009,2016-03-14,20:59:00,281,1,9800
20010,2016-03-14,21:05:00,316,2,3239
20011,2016-03-14,21:12:00,53,3,4123
20012,2016-03-14,21:13:00,110,3,9990
20013,2016-03-14,21:41:00,436,1,937
20014,2016-03-14,21:47:00,400,2,3514
20015,2016-03-14,21:51:00,119,2,264
20016,2016-03-14,21:52:00,258,1,4872
20017,2016-03-14,21:55:00,277,3,9552
20018,2016-03-14,22:05:00,102,4,3372
20019,2016-03-14,22:12:00,137,1,8585
20020,2016-03-14,22:19:00,146,3,11406
20021,2016-03-14,22:20:00,346,1,2923
20022,2016-03-14,22:31:00,37,1,4128
20023,2016-03-14,22:35:00,281,1,376
20024,2016-03-14,22:42:00,439,2,3073
20025,2016-03-14,22:44:00,215,2,7695
20026,2016-03-14,22:57:00,179,1,2101
20027,2016-03-14,22:58:00,94,2,3081
20028,2016-03-14,23:00:00,155,2,170
20029,2016-03-14,23:05:00,23,2,10783
20030,2016-03-14,23:13:00,338,3,2193
20031,2016-03-14,23:14:00,141,3,11176
20032,2016-03-14,23:21:00,14,2,7054
20033,2016-03-14,23:29:00,205,1,9874
20034,2016-03-14,23:30:00,108,1,2191
20035,2016-03-14,23:31:00,326,2,5198
20036,2016-03-14,23:33:00,102,1,7842
20037,2016-03-14,23:35:00,49,5,4543
20038,2016-03-14,23:42:00,102,2,4176
20039,2016-03-14,23:43:00,433,1,7048
20040,2016-03-14,23:49:00,437,1,3075
20041,2016-03-14,23:56:00,310,1,8150
20042,2016-03-14,23:58:00,434,1,10378
20043,2016-03-15,00:13:00,240,4,6298
20044,2016-03-15,00:15:00,434,2,9442
20045,2016-03-15,00:20:00,290,1,3341
20046,2016-03-15,00:43:00,451,3,10135
20047,2016-03-15,00:44:00,342,2,3275
20048,2016-03-15,00:46:00,100,3,163
20049,2016-03-15,00:57:00,186,3,11639
20050,2016-03-15,01:02:00,50,3,9034
20051,2016-03-15,01:02:00,115,2,7540
20052,2016-03-15,01:12:00,89,3,1353
20053,2016-03-15,01:20:00,326,3,1935
20054,2016-03-15,01:26:00,299,1,8161
20055,2016-03-15,01:35:00,18,4,10097
20056,2016-03-15,01:42:00,136,2,6148
20057,2016-03-15,01:42:00,237,1,9644
20058,2016-03-15,01:43:00,268,1,8130
20059,2016-03-15,02:05:00,167,1,11026
20060,2016-03-15,02:07:00,220,3,6551
20061,2016-03-15,02:12:00,116,3,3786
20062,2016-03-15,02:20:00,179,2,6253
20063,2016-03-15,02:27:00,44,1,5946
20064,2016-03-15,02:35:00,97,2,828
20065,2016-03-15,02:43:00,31,2,6176
20066,2016-03-15,02:44:00,440,1,344
20067,2016-03-15,02:45:00,200,3,10979
20068,2016-03-15,02:56:00,265,2,1312
20069,2016-03-15,02:59:00,258,2,1311
20070,2016-03-15,03:01:00,179,2,4591
20071,2016-03-15,03:07:00,456,2,7477
20072,2016-03-15,03:11:00,232,2,2638
20073,2016-03-15,03:19:00,95,4,3465
20074,2016-03-15,03:33:00,116,1,2810
20075,2016-03-15,03:35:00,20,1,755
20076,2016-03-15,03:37:00,215,1,11667
20077,2016-03-15,03:46:00,18,2,182
20078,2016-03-15,03:49:00,439,3,5126
20079,2016-03-15,03:56:00,385,3,642
20080,2016-03-15,04:19:00,161,2,11305
20081,2016-03-15,04:20:00,4,1,10574
20082,2016-03-15,04:25:00,289,1,10124
20083,2016-03-15,04:26:00,332,1,5328
20084,2016-03-15,04:27:00,131,1,591
20085,2016-03-15,04:33:00,372,3,5426
20086,2016-03-15,04:35:00,50,2,10155
20087,2016-03-15,04:36:00,456,5,7918
20088,2016-03-15,04:54:00,69,2,10722
20089,2016-03-15,05:04:00,296,6,10420
20090,2016-03-15,05:05:00,306,3,11435
20091,2016-03-15,05:10:00,221,1,3281
20092,2016-03-15,05:15:00,391,2,100
20093,2016-03-15,05:19:00,201,3,6891
20094,2016-03-15,05:33:00,125,2,1900
20095,2016-03-15,05:34:00,367,1,9402
20096,2016-03-15,05:35:00,146,1,9854
20097,2016-03-15,05:35:00,395,5,3939
20098,2016-03-15,05:36:00,453,2,4810
20099,2016-03-15,05:41:00,440,2,8677
20100,2016-03-15,05:48:00,16,1,9284
20101,2016-03-15,05:50:00,171,1,3085
20102,2016-03-15,05:59:00,86,3,5816
20103,2016-03-15,06:00:00,260,1,5775
20104,2016-03-15,06:03:00,164,1,9142
20105,2016-03-15,06:10:00,261,1,3960
20106,2016-03-15,06:21:00,191,3,8828
20107,2016-03-15,06:21:00,82,3,9383
20108,2016-03-15,06:32:00,257,4,7889
20109,2016-03-15,06:33:00,185,1,1259
20110,2016-03-15,06:36:00,3,3,7116
20111,2016-03-15,06:39:00,129,1,8801
20112,2016-03-15,06:40:00,247,3,6866
20113,2016-03-15,06:52:00,39,1,1837
20114,2016-03-15,07:17:00,82,2,10087
20115,2016-03-15,07:19:00,247,4,2274
20116,2016-03-15,07:24:00,88,2,4231
20117,2016-03-15,07:25:00,199,1,6738
20118,2016-03-15,07:27:00,424,1,9746
20119,2016-03-15,07:31:00,227,1,4664
20120,2016-03-15,07:33:00,80,3,11549
20121,2016-03-15,07:35:00,168,1,4822
20122,2016-03-15,07:53:00,378,2,10443
20123,2016-03-15,08:04:00,392,3,3178
20124,2016-03-15,08:10:00,286,2,8985
20125,2016-03-15,08:19:00,335,2,9467
20126,2016-03-15,08:23:00,38,2,2942
20127,2016-03-15,08:25:00,204,2,10828
20128,2016-03-15,08:27:00,119,2,8123
20129,2016-03-15,08:29:00,407,3,9339
20130,2016-03-15,08:51:00,374,2,7157
20131,2016-03-15,08:59:00,320,2,4111
20132,2016-03-15,09:00:00,81,4,266
20133,2016-03-15,09:06:00,237,4,5428
20134,2016-03-15,09:22:00,173,1,2343
20135,2016-03-15,09:23:00,47,2,6990
20136,2016-03-15,09:27:00,100,1,1220
20137,2016-03-15,09:32:00,282,1,3891
20138,2016-03-15,09:42:00,81,2,8770
20139,2016-03-15,09:44:00,134,4,10786
20140,2016-03-15,09:50:00,35,1,1004
20141,2016-03-15,09:58:00,121,1,6920
20142,2016-03-15,10:07:00,293,2,4259
20143,2016-03-15,10:07:00,411,4,6456
20144,2016-03-15,10:09:00,167,2,7265
20145,2016-03-15,10:13:00,198,2,9800
20146,2016-03-15,10:20:00,171,3,654
20147,2016-03-15,10:20:00,179,1,4840
20148,2016-03-15,10:20:00,277,1,10786
20149,2016-03-15,10:31:00,264,2,10348
20150,2016-03-15,10:47:00,455,1,5194
20151,2016-03-15,10:58:00,414,1,9752
20152,2016-03-15,11:10:00,46,1,10770
20153,2016-03-15,11:12:00,333,2,2905
20154,2016-03-15,11:14:00,439,3,11531
20155,2016-03-15,11:15:00,200,2,4279
20156,2016-03-15,11:17:00,244,2,1671
20157,2016-03-15,11:17:00,252,1,10791
20158,2016-03-15,11:28:00,432,2,1118
20159,2016-03-15,11:29:00,269,3,9913
20160,2016-03-15,11:29:00,190,5,7225
20161,2016-03-15,11:34:00,41,3,2671
20162,2016-03-15,11:36:00,61,2,6727
20163,2016-03-15,11:42:00,399,1,4947
20164,2016-03-15,11:43:00,92,2,1008
20165,2016-03-15,11:48:00,298,1,154
20166,2016-03-15,11:55:00,197,1,9343
20167,2016-03-15,12:21:00,86,2,11574
20168,2016-03-15,12:26:00,331,2,5656
20169,2016-03-15,12:27:00,351,2,11921
20170,2016-03-15,12:33:00,14,1,6361
20171,2016-03-15,12:33:00,329,1,3342
20172,2016-03-15,12:34:00,271,1,7875
20173,2016-03-15,12:38:00,291,1,2679
20174,2016-03-15,12:38:00,172,2,4305
20175,2016-03-15,12:43:00,3,2,3771
20176,2016-03-15,12:51:00,175,1,5479
20177,2016-03-15,12:55:00,282,3,1994
20178,2016-03-15,12:56:00,287,6,10814
20179,2016-03-15,13:05:00,56,2,11986
20180,2016-03-15,13:08:00,151,1,4566
20181,2016-03-15,13:09:00,135,2,9893
20182,2016-03-15,13:09:00,31,3,5207
20183,2016-03-15,13:22:00,79,2,5625
20184,2016-03-15,13:25:00,385,3,7637
20185,2016-03-15,13:25:00,165,2,301
20186,2016-03-15,13:28:00,391,3,893
20187,2016-03-15,13:31:00,309,2,1136
20188,2016-03-15,13:35:00,230,1,5427
20189,2016-03-15,13:36:00,293,2,11921
20190,2016-03-15,13:45:00,99,2,4796
20191,2016-03-15,13:45:00,37,4,6629
20192,2016-03-15,13:51:00,388,1,9521
20193,2016-03-15,13:53:00,146,1,9122
20194,2016-03-15,13:56:00,355,2,11265
20195,2016-03-15,14:00:00,320,3,11900
20196,2016-03-15,14:01:00,67,2,5895
20197,2016-03-15,14:01:00,301,3,11817
20198,2016-03-15,14:02:00,448,1,935
20199,2016-03-15,14:07:00,18,1,10923
20200,2016-03-15,14:08:00,232,2,3135
20201,2016-03-15,14:21:00,161,4,5204
20202,2016-03-15,14:25:00,216,2,4929
20203,2016-03-15,14:34:00,257,3,8192
20204,2016-03-15,14:36:00,277,4,10088
20205,2016-03-15,14:45:00,127,1,1777
20206,2016-03-15,14:53:00,80,1,9344
20207,2016-03-15,15:00:00,362,1,5077
20208,2016-03-15,15:02:00,451,1,3964
20209,2016-03-15,15:09:00,125,2,6442
20210,2016-03-15,15:10:00,337,1,10631
20211,2016-03-15,15:11:00,396,2,7366
20212,2016-03-15,15:17:00,186,1,9814
20213,2016-03-15,15:26:00,268,2,3397
20214,2016-03-15,15:28:00,252,2,11797
20215,2016-03-15,15:33:00,178,2,4968
20216,2016-03-15,15:39:00,196,2,7014
20217,2016-03-15,15:40:00,311,1,10270
20218,2016-03-15,15:45:00,407,2,3393
20219,2016-03-15,15:47:00,292,2,6853
20220,2016-03-15,15:48:00,233,3,2804
20221,2016-03-15,15:49:00,274,1,4547
20222,2016-03-15,16:01:00,446,2,6089
20223,2016-03-15,16:07:00,213,1,7319
20224,2016-03-15,16:09:00,45,3,6571
20225,2016-03-15,16:17:00,64,1,7691
20226,2016-03-15,16:18:00,68,1,11187
20227,2016-03-15,16:19:00,13,2,4008
20228,2016-03-15,16:25:00,247,1,108
20229,2016-03-15,16:36:00,71,2,5258
20230,2016-03-15,16:39:00,262,3,5663
20231,2016-03-15,16:42:00,413,1,11677
20232,2016-03-15,16:47:00,160,2,11969
20233,2016-03-15,16:47:00,455,1,128
20234,2016-03-15,16:50:00,66,1,6104
20235,2016-03-15,16:52:00,419,2,11287
20236,2016-03-15,16:54:00,288,2,6360
20237,2016-03-15,16:57:00,181,1,6837
20238,2016-03-15,17:03:00,446,3,3257
20239,2016-03-15,17:05:00,444,2,4283
20240,2016-03-15,17:06:00,313,2,8799
20241,2016-03-15,17:07:00,322,2,2150
20242,2016-03-15,17:08:00,177,3,10858
20243,2016-03-15,17:16:00,167,1,7081
20244,2016-03-15,17:26:00,211,2,8681
20245,2016-03-15,17:26:00,44,1,10344
20246,2016-03-15,17:33:00,29,2,11923
20247,2016-03-15,17:35:00,38,3,3556
20248,2016-03-15,17:37:00,147,1,3262
20249,2016-03-15,17:48:00,410,2,10785
20250,2016-03-15,17:49:00,151,3,11850
20251,2016-03-15,17:50:00,451,4,378
20252,2016-03-15,17:55:00,390,1,8306
20253,2016-03-15,17:58:00,187,2,752
20254,2016-03-15,18:05:00,449,3,9171
20255,2016-03-15,18:19:00,176,2,621
20256,2016-03-15,18:21:00,48,4,189
20257,2016-03-15,18:23:00,264,1,3263
20258,2016-03-15,18:33:00,346,1,2204
20259,2016-03-15,18:37:00,88,1,636
20260,2016-03-15,18:42:00,345,2,10101
20261,2016-03-15,18:45:00,296,2,5025
20262,2016-03-15,18:49:00,79,1,5059
20263,2016-03-15,18:51:00,202,1,10676
20264,2016-03-15,19:02:00,29,4,6725
20265,2016-03-15,19:05:00,378,3,4021
20266,2016-03-15,19:12:00,292,1,5292
20267,2016-03-15,19:19:00,452,1,7930
20268,2016-03-15,19:23:00,46,1,6912
20269,2016-03-15,19:32:00,98,1,3765
20270,2016-03-15,19:32:00,55,1,3108
20271,2016-03-15,19:35:00,132,3,10386
20272,2016-03-15,19:39:00,129,2,3987
20273,2016-03-15,19:43:00,280,1,6981
20274,2016-03-15,19:43:00,23,2,10101
20275,2016-03-15,19:45:00,448,4,4495
20276,2016-03-15,19:47:00,248,1,10606
20277,2016-03-15,19:57:00,412,1,5442
20278,2016-03-15,19:58:00,372,4,8938
20279,2016-03-15,20:00:00,191,2,4382
20280,2016-03-15,20:06:00,421,1,11743
20281,2016-03-15,20:07:00,128,3,224
20282,2016-03-15,20:15:00,57,1,10717
20283,2016-03-15,20:25:00,123,1,4427
20284,2016-03-15,20:25:00,180,1,9607
20285,2016-03-15,20:26:00,218,2,6818
20286,2016-03-15,20:44:00,311,4,8352
20287,2016-03-15,20:53:00,370,1,4268
20288,2016-03-15,21:05:00,240,2,7999
20289,2016-03-15,21:15:00,131,1,11129
20290,2016-03-15,21:18:00,106,2,9488
20291,2016-03-15,21:20:00,68,3,5456
20292,2016-03-15,21:23:00,425,1,4745
20293,2016-03-15,21:27:00,65,1,674
20294,2016-03-15,21:39:00,84,1,4955
20295,2016-03-15,21:40:00,334,2,9402
20296,2016-03-15,21:40:00,97,2,5021
20297,2016-03-15,21:41:00,31,1,3556
20298,2016-03-15,21:42:00,21,2,7280
20299,2016-03-15,21:50:00,17,2,2754
20300,2016-03-15,21:58:00,214,1,6405
20301,2016-03-15,22:04:00,216,2,5353
20302,2016-03-15,22:07:00,298,3,6178
20303,2016-03-15,22:09:00,129,1,7213
20304,2016-03-15,22:14:00,10,1,11366
20305,2016-03-15,22:16:00,145,1,9939
20306,2016-03-15,22:23:00,343,2,7064
20307,2016-03-15,22:27:00,55,2,11735
20308,2016-03-15,22:27:00,422,2,3553
20309,2016-03-15,22:27:00,283,1,9894
20310,2016-03-15,22:37:00,76,1,5309
20311,2016-03-15,22:40:00,421,3,4496
20312,2016-03-15,22:53:00,259,1,7539
20313,2016-03-15,22:57:00,395,1,8937
20314,2016-03-15,23:00:00,385,1,11001
20315,2016-03-15,23:10:00,179,2,5886
20316,2016-03-15,23:10:00,103,1,810
20317,2016-03-15,23:16:00,156,1,7667
20318,2016-03-15,23:19:00,422,4,7119
20319,2016-03-15,23:24:00,164,3,2106
20320,2016-03-15,23:30:00,384,1,4844
20321,2016-03-15,23:30:00,283,1,6364
20322,2016-03-15,23:40:00,335,2,1176
20323,2016-03-15,23:41:00,93,2,999
20324,2016-03-15,23:42:00,103,1,8955
20325,2016-03-15,23:47:00,391,1,8254
20326,2016-03-15,23:48:00,370,2,10210
20327,2016-03-15,23:51:00,5,4,5350
20328,2016-03-15,23:52:00,230,1,9447
20329,2016-03-15,23:53:00,390,2,1450
20330,2016-03-15,23:53:00,212,4,4653
20331,2016-03-15,23:57:00,244,1,6223
20332,2016-03-16,00:01:00,208,1,1383
20333,2016-03-16,00:05:00,127,1,11107
20334,2016-03-16,00:06:00,381,3,11660
20335,2016-03-16,00:11:00,86,3,11117
20336,2016-03-16,00:25:00,233,3,7358
20337,2016-03-16,00:40:00,14,2,1893
20338,2016-03-16,00:52:00,164,1,1745
20339,2016-03-16,00:54:00,412,3,5351
20340,2016-03-16,01:02:00,21,2,6903
20341,2016-03-16,01:05:00,343,1,8329
20342,2016-03-16,01:06:00,402,3,968
20343,2016-03-16,01:11:00,172,2,2740
20344,2016-03-16,01:12:00,303,4,881
20345,2016-03-16,01:13:00,439,2,6565
20346,2016-03-16,01:19:00,1,1,8498
20347,2016-03-16,01:31:00,124,1,9531
20348,2016-03-16,01:33:00,325,4,6693
20349,2016-03-16,01:37:00,6,2,1599
20350,2016-03-16,01:42:00,125,1,479
20351,2016-03-16,01:53:00,164,1,7615
20352,2016-03-16,01:57:00,93,3,1842
20353,2016-03-16,02:00:00,190,2,1071
20354,2016-03-16,02:02:00,256,1,1327
20355,2016-03-16,02:11:00,279,3,11504
20356,2016-03-16,02:12:00,292,3,4498
20357,2016-03-16,02:13:00,351,2,3919
20358,2016-03-16,02:21:00,156,2,148
20359,2016-03-16,02:22:00,76,3,9541
20360,2016-03-16,02:22:00,446,2,8038
20361,2016-03-16,02:29:00,114,2,9682
20362,2016-03-16,02:36:00,13,3,9694
20363,2016-03-16,02:43:00,17,3,7622
20364,2016-03-16,02:56:00,229,3,9103
20365,2016-03-16,03:01:00,43,3,3060
20366,2016-03-16,03:10:00,438,1,9021
20367,2016-03-16,03:14:00,283,2,11069
20368,2016-03-16,03:28:00,272,1,8101
20369,2016-03-16,03:30:00,288,4,11913
20370,2016-03-16,03:31:00,346,2,2429
20371,2016-03-16,03:40:00,58,2,7914
20372,2016-03-16,03:51:00,220,4,7061
20373,2016-03-16,03:55:00,291,4,9515
20374,2016-03-16,03:57:00,67,4,8505
20375,2016-03-16,03:58:00,205,2,64
20376,2016-03-16,04:04:00,320,1,1563
20377,2016-03-16,04:05:00,348,2,215
20378,2016-03-16,04:17:00,352,2,10197
20379,2016-03-16,04:18:00,307,2,5534
20380,2016-03-16,04:36:00,132,1,4044
20381,2016-03-16,04:38:00,457,1,7769
20382,2016-03-16,04:40:00,438,1,785
20383,2016-03-16,04:44:00,355,2,8361
20384,2016-03-16,04:46:00,358,1,3871
20385,2016-03-16,04:58:00,23,3,2244
20386,2016-03-16,05:02:00,93,1,6721
20387,2016-03-16,05:04:00,362,4,10161
20388,2016-03-16,05:07:00,338,4,4216
20389,2016-03-16,05:10:00,347,3,10491
20390,2016-03-16,05:18:00,390,1,5671
20391,2016-03-16,05:19:00,117,2,10565
20392,2016-03-16,05:27:00,403,1,3475
20393,2016-03-16,05:28:00,273,2,2545
20394,2016-03-16,05:33:00,269,1,8661
20395,2016-03-16,05:35:00,163,1,6761
20396,2016-03-16,05:45:00,385,2,7531
20397,2016-03-16,05:49:00,177,2,2015
20398,2016-03-16,05:53:00,30,1,3350
20399,2016-03-16,05:59:00,62,4,2491
20400,2016-03-16,06:15:00,297,3,2753
20401,2016-03-16,06:29:00,220,2,1897
20402,2016-03-16,06:45:00,121,1,7718
20403,2016-03-16,06:46:00,292,3,4839
20404,2016-03-16,06:49:00,341,1,6710
20405,2016-03-16,06:52:00,287,4,1602
20406,2016-03-16,06:59:00,408,2,9525
20407,2016-03-16,07:00:00,203,1,11485
20408,2016-03-16,07:05:00,313,3,675
20409,2016-03-16,07:08:00,342,2,10456
20410,2016-03-16,07:12:00,37,1,5132
20411,2016-03-16,07:12:00,383,2,10647
20412,2016-03-16,07:17:00,291,2,5660
20413,2016-03-16,07:25:00,269,1,8489
20414,2016-03-16,07:29:00,310,2,7483
20415,2016-03-16,07:34:00,205,2,11877
20416,2016-03-16,07:36:00,424,3,3115
20417,2016-03-16,07:38:00,68,2,8685
20418,2016-03-16,07:48:00,153,1,2452
20419,2016-03-16,07:50:00,256,1,5128
20420,2016-03-16,07:52:00,306,2,3873
20421,2016-03-16,08:05:00,379,1,9586
20422,2016-03-16,08:09:00,186,2,9563
20423,2016-03-16,08:10:00,286,3,6227
20424,2016-03-16,08:14:00,437,2,624
20425,2016-03-16,08:20:00,137,2,8203
20426,2016-03-16,08:26:00,314,3,10436
20427,2016-03-16,08:26:00,169,1,1879
20428,2016-03-16,08:33:00,14,3,9257
20429,2016-03-16,08:34:00,228,1,2400
20430,2016-03-16,08:44:00,82,2,5771
20431,2016-03-16,08:45:00,234,1,11495
20432,2016-03-16,09:16:00,121,3,7371
20433,2016-03-16,09:19:00,199,1,1692
20434,2016-03-16,09:23:00,152,1,8604
20435,2016-03-16,09:24:00,389,2,3981
20436,2016-03-16,09:26:00,24,1,11808
20437,2016-03-16,09:30:00,349,2,935
20438,2016-03-16,09:39:00,132,2,1841
20439,2016-03-16,09:40:00,353,1,4534
20440,2016-03-16,09:48:00,254,1,7069
20441,2016-03-16,10:08:00,27,4,2314
20442,2016-03-16,10:13:00,332,1,7818
20443,2016-03-16,10:13:00,15,1,11590
20444,2016-03-16,10:16:00,266,3,268
20445,2016-03-16,10:19:00,151,2,6636
20446,2016-03-16,10:21:00,177,2,4815
20447,2016-03-16,10:21:00,198,2,2449
20448,2016-03-16,10:22:00,32,5,3016
20449,2016-03-16,10:22:00,414,2,243
20450,2016-03-16,10:24:00,319,2,7031
20451,2016-03-16,10:26:00,142,1,7801
20452,2016-03-16,10:31:00,82,2,7987
20453,2016-03-16,10:50:00,370,3,9549
20454,2016-03-16,10:51:00,20,3,10367
20455,2016-03-16,10:53:00,34,4,5279
20456,2016-03-16,10:57:00,417,3,494
20457,2016-03-16,11:04:00,79,1,11706
20458,2016-03-16,11:16:00,390,2,42
20459,2016-03-16,11:26:00,246,3,3505
20460,2016-03-16,11:44:00,331,2,11891
20461,2016-03-16,11:54:00,54,2,6639
20462,2016-03-16,12:08:00,4,1,6927
20463,2016-03-16,12:18:00,128,1,2956
20464,2016-03-16,12:37:00,250,2,3117
20465,2016-03-16,12:41:00,321,2,9063
20466,2016-03-16,12:41:00,133,1,2054
20467,2016-03-16,12:44:00,419,2,3218
20468,2016-03-16,13:00:00,431,1,4576
20469,2016-03-16,13:15:00,446,1,8369
20470,2016-03-16,13:20:00,132,3,3241
20471,2016-03-16,13:24:00,103,4,226
20472,2016-03-16,13:27:00,24,1,7248
20473,2016-03-16,13:28:00,347,2,1655
20474,2016-03-16,13:28:00,151,3,3122
20475,2016-03-16,13:30:00,47,1,8189
20476,2016-03-16,13:32:00,332,1,1582
20477,2016-03-16,13:34:00,69,2,9053
20478,2016-03-16,13:37:00,353,1,1970
20479,2016-03-16,13:46:00,457,1,11479
20480,2016-03-16,13:55:00,272,2,7365
20481,2016-03-16,13:58:00,218,2,8921
20482,2016-03-16,13:59:00,55,1,8333
20483,2016-03-16,14:00:00,364,1,9145
20484,2016-03-16,14:01:00,87,3,3379
20485,2016-03-16,14:01:00,85,2,5874
20486,2016-03-16,14:02:00,183,3,10112
20487,2016-03-16,14:10:00,390,3,10376
20488,2016-03-16,14:13:00,205,2,7426
20489,2016-03-16,14:15:00,314,5,9399
20490,2016-03-16,14:19:00,288,1,10609
20491,2016-03-16,14:21:00,258,3,5222
20492,2016-03-16,14:23:00,274,2,2937
20493,2016-03-16,14:49:00,430,1,8738
20494,2016-03-16,14:49:00,304,1,6380
20495,2016-03-16,14:54:00,379,1,11164
20496,2016-03-16,14:54:00,4,4,11145
20497,2016-03-16,14:55:00,89,1,7458
20498,2016-03-16,14:56:00,363,3,3102
20499,2016-03-16,15:01:00,373,1,6245
20500,2016-03-16,15:05:00,165,2,66
20501,2016-03-16,15:09:00,318,1,2074
20502,2016-03-16,15:11:00,181,1,9246
20503,2016-03-16,15:28:00,432,2,1753
20504,2016-03-16,15:36:00,72,1,7415
20505,2016-03-16,15:38:00,304,1,938
20506,2016-03-16,15:47:00,257,2,4174
20507,2016-03-16,15:52:00,190,1,6699
20508,2016-03-16,15:52:00,271,1,6064
20509,2016-03-16,15:59:00,358,4,1014
20510,2016-03-16,15:59:00,325,1,2015
20511,2016-03-16,16:00:00,86,2,8309
20512,2016-03-16,16:05:00,170,1,5987
20513,2016-03-16,16:13:00,149,3,10284
20514,2016-03-16,16:25:00,403,2,7734
20515,2016-03-16,16:26:00,421,1,10977
20516,2016-03-16,16:30:00,222,2,10554
20517,2016-03-16,16:45:00,372,3,6564
20518,2016-03-16,16:52:00,274,1,5084
20519,2016-03-16,16:52:00,362,2,4506
20520,2016-03-16,17:01:00,268,1,3762
20521,2016-03-16,17:08:00,214,1,10072
20522,2016-03-16,17:14:00,418,2,6988
20523,2016-03-16,17:20:00,241,2,4364
20524,2016-03-16,17:30:00,318,1,11898
20525,2016-03-16,17:35:00,115,1,7062
20526,2016-03-16,17:39:00,276,1,10163
20527,2016-03-16,17:48:00,402,2,1075
20528,2016-03-16,17:52:00,378,2,9763
20529,2016-03-16,18:00:00,409,3,10794
20530,2016-03-16,18:05:00,437,2,1311
20531,2016-03-16,18:06:00,97,1,9730
20532,2016-03-16,18:15:00,330,3,271
20533,2016-03-16,18:20:00,274,2,2552
20534,2016-03-16,18:26:00,81,1,370
20535,2016-03-16,18:29:00,435,1,9942
20536,2016-03-16,18:34:00,196,2,4912
20537,2016-03-16,18:35:00,367,1,5181
20538,2016-03-16,18:42:00,73,4,2791
20539,2016-03-16,18:44:00,319,2,1122
20540,2016-03-16,18:48:00,445,1,9385
20541,2016-03-16,18:48:00,124,3,5719
20542,2016-03-16,18:49:00,13,1,7690
20543,2016-03-16,18:49:00,167,4,8172
20544,2016-03-16,18:54:00,111,2,2486
20545,2016-03-16,18:58:00,255,1,8477
20546,2016-03-16,18:59:00,173,5,1884
20547,2016-03-16,19:09:00,336,2,4212
20548,2016-03-16,19:13:00,373,2,10755
20549,2016-03-16,19:15:00,400,2,10564
20550,2016-03-16,19:17:00,453,2,3254
20551,2016-03-16,19:18:00,247,3,2164
20552,2016-03-16,19:18:00,253,3,5351
20553,2016-03-16,19:21:00,334,1,3966
20554,2016-03-16,19:23:00,40,2,11133
20555,2016-03-16,19:34:00,159,2,6880
20556,2016-03-16,19:46:00,314,2,406
20557,2016-03-16,20:01:00,160,3,1325
20558,2016-03-16,20:09:00,345,3,8116
20559,2016-03-16,20:16:00,10,2,3454
20560,2016-03-16,20:23:00,289,2,5336
20561,2016-03-16,20:39:00,352,3,9872
20562,2016-03-16,20:46:00,70,1,1359
20563,2016-03-16,20:59:00,301,2,2911
20564,2016-03-16,21:00:00,315,1,10342
20565,2016-03-16,21:00:00,401,5,9889
20566,2016-03-16,21:00:00,388,3,4574
20567,2016-03-16,21:03:00,267,3,3223
20568,2016-03-16,21:35:00,454,3,10225
20569,2016-03-16,21:36:00,95,3,3956
20570,2016-03-16,21:42:00,111,2,9957
20571,2016-03-16,21:49:00,156,2,8574
20572,2016-03-16,21:54:00,217,1,8101
20573,2016-03-16,22:15:00,316,1,11511
20574,2016-03-16,22:22:00,450,3,7449
20575,2016-03-16,22:24:00,194,2,1823
20576,2016-03-16,22:30:00,309,1,11339
20577,2016-03-16,22:33:00,69,1,6326
20578,2016-03-16,22:38:00,115,2,11315
20579,2016-03-16,22:39:00,335,3,2180
20580,2016-03-16,22:41:00,33,2,3162
20581,2016-03-16,22:43:00,372,2,7102
20582,2016-03-16,22:46:00,323,3,10998
20583,2016-03-16,22:53:00,255,3,10265
20584,2016-03-16,22:58:00,335,2,2632
20585,2016-03-16,22:58:00,197,3,9738
20586,2016-03-16,23:09:00,437,2,6501
20587,2016-03-16,23:10:00,83,1,7841
20588,2016-03-16,23:32:00,436,1,11638
20589,2016-03-16,23:35:00,192,1,3612
20590,2016-03-16,23:36:00,83,1,10601
20591,2016-03-16,23:42:00,58,1,2919
20592,2016-03-16,23:42:00,42,2,8921
20593,2016-03-16,23:52:00,303,1,9406
20594,2016-03-17,00:11:00,317,1,9774
20595,2016-03-17,00:11:00,138,3,6853
20596,2016-03-17,00:14:00,276,2,3378
20597,2016-03-17,00:16:00,200,3,11262
20598,2016-03-17,00:25:00,236,1,6237
20599,2016-03-17,00:28:00,383,1,3650
20600,2016-03-17,00:34:00,122,2,7850
20601,2016-03-17,00:40:00,413,3,6467
20602,2016-03-17,00:44:00,348,2,3508
20603,2016-03-17,00:47:00,256,3,138
20604,2016-03-17,00:51:00,36,1,6966
20605,2016-03-17,00:54:00,255,5,4031
20606,2016-03-17,00:58:00,151,3,2360
20607,2016-03-17,00:59:00,223,1,1508
20608,2016-03-17,00:59:00,61,2,1553
20609,2016-03-17,01:12:00,209,3,9016
20610,2016-03-17,01:20:00,456,1,8039
20611,2016-03-17,01:22:00,404,7,3699
20612,2016-03-17,01:24:00,290,1,8936
20613,2016-03-17,01:26:00,83,1,202
20614,2016-03-17,01:37:00,189,3,403
20615,2016-03-17,01:52:00,221,1,9494
20616,2016-03-17,01:54:00,314,4,10050
20617,2016-03-17,01:58:00,29,3,5532
20618,2016-03-17,01:58:00,13,1,11933
20619,2016-03-17,01:59:00,457,1,1437
20620,2016-03-17,02:02:00,240,1,1061
20621,2016-03-17,02:04:00,439,2,5641
20622,2016-03-17,02:08:00,26,2,4888
20623,2016-03-17,02:08:00,293,4,11118
20624,2016-03-17,02:09:00,258,1,8211
20625,2016-03-17,02:10:00,401,1,1922
20626,2016-03-17,02:18:00,1,2,8437
20627,2016-03-17,02:37:00,134,4,11506
20628,2016-03-17,02:46:00,219,4,2676
20629,2016-03-17,03:08:00,65,1,6731
20630,2016-03-17,03:15:00,416,4,4881
20631,2016-03-17,03:17:00,340,1,2203
20632,2016-03-17,03:29:00,448,3,2702
20633,2016-03-17,03:31:00,284,2,9573
20634,2016-03-17,03:35:00,281,3,3554
20635,2016-03-17,03:39:00,10,3,9673
20636,2016-03-17,03:40:00,308,1,11417
20637,2016-03-17,03:46:00,29,1,6221
20638,2016-03-17,04:00:00,350,3,2913
20639,2016-03-17,04:02:00,446,3,8027
20640,2016-03-17,04:08:00,383,2,7878
20641,2016-03-17,04:09:00,458,2,1572
20642,2016-03-17,04:10:00,14,2,11770
20643,2016-03-17,04:13:00,436,2,9883
20644,2016-03-17,04:24:00,103,1,10223
20645,2016-03-17,04:25:00,249,4,11024
20646,2016-03-17,04:27:00,381,1,7486
20647,2016-03-17,04:35:00,76,3,4819
20648,2016-03-17,04:38:00,107,3,5454
20649,2016-03-17,04:53:00,167,1,3456
20650,2016-03-17,04:54:00,386,2,1066
20651,2016-03-17,04:54:00,29,1,8218
20652,2016-03-17,05:17:00,123,2,3203
20653,2016-03-17,05:43:00,13,2,10655
20654,2016-03-17,05:48:00,91,1,1862
20655,2016-03-17,06:07:00,158,2,10573
20656,2016-03-17,06:11:00,435,3,11694
20657,2016-03-17,06:17:00,363,1,135
20658,2016-03-17,06:18:00,11,1,7938
20659,2016-03-17,06:27:00,71,2,10707
20660,2016-03-17,06:32:00,293,1,9287
20661,2016-03-17,06:33:00,166,2,1361
20662,2016-03-17,06:35:00,96,1,137
20663,2016-03-17,06:41:00,456,2,6667
20664,2016-03-17,07:00:00,360,1,767
20665,2016-03-17,07:00:00,152,3,4330
20666,2016-03-17,07:01:00,286,3,573
20667,2016-03-17,07:04:00,133,1,3578
20668,2016-03-17,07:05:00,130,4,5717
20669,2016-03-17,07:17:00,341,2,8647
20670,2016-03-17,07:19:00,352,3,9730
20671,2016-03-17,07:26:00,100,2,3046
20672,2016-03-17,07:30:00,341,1,2784
20673,2016-03-17,07:33:00,131,1,5872
20674,2016-03-17,07:46:00,352,3,7002
20675,2016-03-17,07:47:00,420,1,1208
20676,2016-03-17,07:47:00,448,4,3349
20677,2016-03-17,08:01:00,120,2,509
20678,2016-03-17,08:01:00,94,2,4560
20679,2016-03-17,08:05:00,76,2,4116
20680,2016-03-17,08:06:00,303,1,8953
20681,2016-03-17,08:13:00,374,2,8482
20682,2016-03-17,08:16:00,37,3,10685
20683,2016-03-17,08:26:00,192,3,9146
20684,2016-03-17,08:33:00,402,3,7274
20685,2016-03-17,08:48:00,256,3,1738
20686,2016-03-17,08:50:00,378,3,6624
20687,2016-03-17,09:02:00,128,5,6170
20688,2016-03-17,09:04:00,273,1,1499
20689,2016-03-17,09:04:00,264,1,6125
20690,2016-03-17,09:06:00,11,1,4780
20691,2016-03-17,09:10:00,313,1,1698
20692,2016-03-17,09:17:00,288,3,11736
20693,2016-03-17,09:27:00,365,1,3132
20694,2016-03-17,09:31:00,36,1,8396
20695,2016-03-17,09:31:00,53,1,4401
20696,2016-03-17,09:37:00,133,1,4329
20697,2016-03-17,09:44:00,368,1,4189
20698,2016-03-17,10:00:00,275,2,8095
20699,2016-03-17,10:06:00,153,2,5726
20700,2016-03-17,10:13:00,455,2,1564
20701,2016-03-17,10:15:00,208,2,4406
20702,2016-03-17,10:29:00,50,2,6065
20703,2016-03-17,10:42:00,277,3,9697
20704,2016-03-17,10:51:00,173,3,2864
20705,2016-03-17,10:54:00,25,2,5910
20706,2016-03-17,10:55:00,359,1,11114
20707,2016-03-17,11:06:00,335,2,6233
20708,2016-03-17,11:06:00,66,1,9102
20709,2016-03-17,11:07:00,395,2,6194
20710,2016-03-17,11:11:00,127,4,11682
20711,2016-03-17,11:14:00,125,3,11964
20712,2016-03-17,11:15:00,70,3,4671
20713,2016-03-17,11:16:00,173,2,10170
20714,2016-03-17,11:26:00,423,2,2605
20715,2016-03-17,11:31:00,383,1,2292
20716,2016-03-17,11:40:00,242,1,4999
20717,2016-03-17,11:41:00,272,1,3406
20718,2016-03-17,11:45:00,444,3,8060
20719,2016-03-17,11:47:00,114,2,6844
20720,2016-03-17,11:49:00,247,1,9123
20721,2016-03-17,11:54:00,138,2,9058
20722,2016-03-17,11:56:00,248,1,6825
20723,2016-03-17,11:59:00,70,2,5056
20724,2016-03-17,11:59:00,278,2,5045
20725,2016-03-17,12:10:00,279,3,8793
20726,2016-03-17,12:17:00,88,4,5436
20727,2016-03-17,12:17:00,134,2,3218
20728,2016-03-17,12:18:00,202,3,4487
20729,2016-03-17,12:18:00,79,4,8658
20730,2016-03-17,12:18:00,374,3,11760
20731,2016-03-17,12:21:00,2,4,6832
20732,2016-03-17,12:25:00,393,4,11550
20733,2016-03-17,12:27:00,190,1,7080
20734,2016-03-17,12:29:00,305,1,9091
20735,2016-03-17,12:30:00,439,1,7127
20736,2016-03-17,12:35:00,457,1,7356
20737,2016-03-17,12:43:00,29,2,11383
20738,2016-03-17,12:45:00,62,4,5132
20739,2016-03-17,12:52:00,237,3,5939
20740,2016-03-17,12:54:00,99,1,416
20741,2016-03-17,13:04:00,321,2,9636
20742,2016-03-17,13:05:00,251,2,814
20743,2016-03-17,13:05:00,109,2,11806
20744,2016-03-17,13:06:00,313,3,287
20745,2016-03-17,13:10:00,327,2,2141
20746,2016-03-17,13:11:00,410,1,4592
20747,2016-03-17,13:11:00,267,2,3900
20748,2016-03-17,13:19:00,215,4,10067
20749,2016-03-17,13:27:00,44,2,3844
20750,2016-03-17,13:35:00,426,2,8075
20751,2016-03-17,13:42:00,453,2,632
20752,2016-03-17,13:43:00,381,1,222
20753,2016-03-17,14:00:00,8,3,8818
20754,2016-03-17,14:08:00,239,2,6342
20755,2016-03-17,14:09:00,373,1,1260
20756,2016-03-17,14:18:00,455,3,1891
20757,2016-03-17,14:19:00,331,2,10967
20758,2016-03-17,14:23:00,165,2,8858
20759,2016-03-17,14:30:00,92,3,3550
20760,2016-03-17,14:32:00,32,2,11392
20761,2016-03-17,14:35:00,186,1,1963
20762,2016-03-17,14:44:00,431,1,1107
20763,2016-03-17,14:49:00,121,2,1241
20764,2016-03-17,14:51:00,207,1,992
20765,2016-03-17,15:06:00,350,2,11356
20766,2016-03-17,15:07:00,228,1,8547
20767,2016-03-17,15:10:00,282,2,10140
20768,2016-03-17,15:24:00,388,4,1192
20769,2016-03-17,15:28:00,5,8,9382
20770,2016-03-17,15:32:00,316,2,4594
20771,2016-03-17,15:32:00,114,2,1597
20772,2016-03-17,15:39:00,169,3,6881
20773,2016-03-17,15:45:00,421,2,7896
20774,2016-03-17,15:56:00,39,2,5721
20775,2016-03-17,15:58:00,344,2,9136
20776,2016-03-17,16:18:00,121,3,3740
20777,2016-03-17,16:24:00,454,2,9564
20778,2016-03-17,16:26:00,447,2,11291
20779,2016-03-17,16:27:00,58,4,1467
20780,2016-03-17,16:34:00,101,3,8165
20781,2016-03-17,16:34:00,318,2,9198
20782,2016-03-17,16:35:00,194,3,5014
20783,2016-03-17,16:35:00,251,2,6694
20784,2016-03-17,16:37:00,307,1,1603
20785,2016-03-17,16:37:00,297,2,10146
20786,2016-03-17,16:47:00,110,2,767
20787,2016-03-17,16:54:00,48,2,6763
20788,2016-03-17,16:58:00,176,2,1525
20789,2016-03-17,17:05:00,394,1,11688
20790,2016-03-17,17:28:00,287,1,6243
20791,2016-03-17,17:36:00,350,1,5754
20792,2016-03-17,17:38:00,108,1,3046
20793,2016-03-17,17:43:00,120,5,10664
20794,2016-03-17,17:48:00,411,2,6114
20795,2016-03-17,17:52:00,238,3,4923
20796,2016-03-17,17:55:00,186,4,9202
20797,2016-03-17,17:59:00,141,1,404
20798,2016-03-17,18:02:00,39,2,3597
20799,2016-03-17,18:07:00,212,2,10280
20800,2016-03-17,18:28:00,257,1,427
20801,2016-03-17,18:32:00,276,1,9065
20802,2016-03-17,18:35:00,193,3,4623
20803,2016-03-17,18:37:00,352,1,718
20804,2016-03-17,18:37:00,219,3,9805
20805,2016-03-17,18:38:00,263,1,10332
20806,2016-03-17,18:41:00,185,4,5268
20807,2016-03-17,18:45:00,232,4,9364
20808,2016-03-17,18:51:00,212,1,3295
20809,2016-03-17,18:53:00,272,2,9680
20810,2016-03-17,18:54:00,254,2,4219
20811,2016-03-17,19:00:00,235,2,1229
20812,2016-03-17,19:01:00,200,2,7381
20813,2016-03-17,19:06:00,288,2,9105
20814,2016-03-17,19:11:00,386,2,7220
20815,2016-03-17,19:25:00,16,1,2135
20816,2016-03-17,19:28:00,75,2,9736
20817,2016-03-17,19:29:00,74,2,8777
20818,2016-03-17,19:40:00,72,4,2961
20819,2016-03-17,19:43:00,37,2,1693
20820,2016-03-17,19:46:00,28,2,4605
20821,2016-03-17,19:48:00,42,1,6775
20822,2016-03-17,19:49:00,62,2,2855
20823,2016-03-17,20:11:00,86,2,64
20824,2016-03-17,20:19:00,452,1,8347
20825,2016-03-17,20:30:00,375,2,3756
20826,2016-03-17,20:40:00,87,2,7054
20827,2016-03-17,20:42:00,341,3,5957
20828,2016-03-17,20:47:00,383,2,3875
20829,2016-03-17,20:50:00,141,1,3259
20830,2016-03-17,20:57:00,280,3,1247
20831,2016-03-17,21:01:00,298,1,3659
20832,2016-03-17,21:01:00,437,1,1953
20833,2016-03-17,21:01:00,424,3,7312
20834,2016-03-17,21:04:00,46,2,93
20835,2016-03-17,21:05:00,286,2,9894
20836,2016-03-17,21:12:00,242,1,663
20837,2016-03-17,21:18:00,287,3,10910
20838,2016-03-17,21:26:00,297,1,8877
20839,2016-03-17,21:27:00,239,2,11624
20840,2016-03-17,21:28:00,449,1,4056
20841,2016-03-17,21:29:00,266,3,10681
20842,2016-03-17,21:30:00,428,1,43
20843,2016-03-17,21:37:00,342,2,6690
20844,2016-03-17,21:46:00,165,1,326
20845,2016-03-17,21:47:00,263,2,9235
20846,2016-03-17,21:48:00,48,3,7036
20847,2016-03-17,21:56:00,167,1,7663
20848,2016-03-17,22:00:00,383,1,4887
20849,2016-03-17,22:12:00,317,2,4404
20850,2016-03-17,22:26:00,263,3,1151
20851,2016-03-17,22:37:00,94,4,4997
20852,2016-03-17,22:43:00,147,1,11154
20853,2016-03-17,22:48:00,454,2,1357
20854,2016-03-17,22:48:00,51,2,3573
20855,2016-03-17,22:56:00,117,2,9886
20856,2016-03-17,23:06:00,342,1,11050
20857,2016-03-17,23:17:00,303,4,307
20858,2016-03-17,23:19:00,201,1,791
20859,2016-03-17,23:27:00,379,2,8987
20860,2016-03-17,23:33:00,109,2,2451
20861,2016-03-17,23:35:00,318,1,4466
20862,2016-03-17,23:36:00,113,1,8113
20863,2016-03-17,23:39:00,88,5,5538
20864,2016-03-17,23:41:00,10,2,3975
20865,2016-03-17,23:43:00,327,2,89
20866,2016-03-17,23:48:00,39,2,11292
20867,2016-03-17,23:49:00,442,2,9394
20868,2016-03-17,23:52:00,443,2,1360
20869,2016-03-17,23:57:00,125,2,6623
20870,2016-03-18,00:00:00,323,1,11909
20871,2016-03-18,00:06:00,86,3,6631
20872,2016-03-18,00:09:00,123,1,10785
20873,2016-03-18,00:11:00,179,1,3473
20874,2016-03-18,00:17:00,44,4,7174
20875,2016-03-18,00:29:00,60,1,616
20876,2016-03-18,00:34:00,436,4,10834
20877,2016-03-18,00:38:00,432,2,1130
20878,2016-03-18,00:42:00,211,1,3665
20879,2016-03-18,00:44:00,368,2,6629
20880,2016-03-18,00:48:00,159,1,7702
20881,2016-03-18,00:51:00,283,3,10604
20882,2016-03-18,00:56:00,176,1,7377
20883,2016-03-18,00:56:00,265,1,5656
20884,2016-03-18,00:58:00,165,2,1571
20885,2016-03-18,00:59:00,229,1,10204
20886,2016-03-18,01:00:00,245,3,11500
20887,2016-03-18,01:02:00,235,1,6935
20888,2016-03-18,01:04:00,185,1,899
20889,2016-03-18,01:17:00,277,1,10534
20890,2016-03-18,01:23:00,325,1,11663
20891,2016-03-18,01:23:00,208,3,3109
20892,2016-03-18,01:24:00,395,1,10719
20893,2016-03-18,01:35:00,237,1,10961
20894,2016-03-18,01:50:00,259,2,10856
20895,2016-03-18,01:57:00,146,3,8427
20896,2016-03-18,01:59:00,34,2,887
20897,2016-03-18,02:03:00,158,2,10553
20898,2016-03-18,02:04:00,276,1,9446
20899,2016-03-18,02:07:00,144,1,762
20900,2016-03-18,02:18:00,32,5,2570
20901,2016-03-18,02:31:00,446,2,4702
20902,2016-03-18,02:32:00,261,1,8311
20903,2016-03-18,02:38:00,220,5,4691
20904,2016-03-18,02:53:00,411,2,683
20905,2016-03-18,03:11:00,304,2,9717
20906,2016-03-18,03:11:00,201,1,1172
20907,2016-03-18,03:18:00,104,1,1491
20908,2016-03-18,03:30:00,94,1,4387
20909,2016-03-18,03:32:00,157,2,5048
20910,2016-03-18,03:36:00,368,1,6303
20911,2016-03-18,03:42:00,198,2,11362
20912,2016-03-18,03:42:00,17,1,5638
20913,2016-03-18,03:50:00,456,3,317
20914,2016-03-18,03:52:00,407,1,6503
20915,2016-03-18,04:02:00,449,2,4815
20916,2016-03-18,04:05:00,223,1,1857
20917,2016-03-18,04:16:00,111,3,6148
20918,2016-03-18,04:20:00,357,2,1750
20919,2016-03-18,04:32:00,296,3,5181
20920,2016-03-18,04:33:00,18,1,9834
20921,2016-03-18,04:34:00,201,2,2239
20922,2016-03-18,04:43:00,211,3,11315
20923,2016-03-18,04:51:00,215,1,9367
20924,2016-03-18,04:58:00,134,1,3005
20925,2016-03-18,04:59:00,47,4,1675
20926,2016-03-18,04:59:00,259,3,11777
20927,2016-03-18,05:01:00,406,2,9179
20928,2016-03-18,05:04:00,214,3,3780
20929,2016-03-18,05:10:00,420,1,7140
20930,2016-03-18,05:30:00,117,2,6844
20931,2016-03-18,06:01:00,201,2,10561
20932,2016-03-18,06:02:00,6,2,11473
20933,2016-03-18,06:04:00,2,1,8241
20934,2016-03-18,06:05:00,421,1,3996
20935,2016-03-18,06:14:00,443,1,11331
20936,2016-03-18,06:19:00,89,2,7394
20937,2016-03-18,06:19:00,325,1,11371
20938,2016-03-18,06:25:00,307,3,3622
20939,2016-03-18,06:30:00,331,1,6593
20940,2016-03-18,06:34:00,293,2,4113
20941,2016-03-18,06:48:00,363,3,5533
20942,2016-03-18,06:49:00,230,1,10281
20943,2016-03-18,06:53:00,407,2,10276
20944,2016-03-18,07:01:00,292,3,9750
20945,2016-03-18,07:08:00,367,2,3051
20946,2016-03-18,07:18:00,265,3,11274
20947,2016-03-18,07:34:00,183,1,6035
20948,2016-03-18,07:35:00,405,3,11000
20949,2016-03-18,07:41:00,63,2,3738
20950,2016-03-18,07:43:00,37,3,1793
20951,2016-03-18,07:57:00,296,2,2491
20952,2016-03-18,07:58:00,374,2,11373
20953,2016-03-18,08:03:00,411,2,4907
20954,2016-03-18,08:07:00,423,1,6978
20955,2016-03-18,08:16:00,228,3,10558
20956,2016-03-18,08:16:00,345,2,7220
20957,2016-03-18,08:19:00,371,2,2430
20958,2016-03-18,08:42:00,282,1,2660
20959,2016-03-18,08:45:00,450,3,436
20960,2016-03-18,08:46:00,374,5,5857
20961,2016-03-18,08:47:00,30,1,8207
20962,2016-03-18,08:48:00,392,3,10594
20963,2016-03-18,08:58:00,360,1,9316
20964,2016-03-18,08:59:00,397,4,11378
20965,2016-03-18,09:00:00,270,2,1748
20966,2016-03-18,09:01:00,418,2,6192
20967,2016-03-18,09:08:00,294,3,9955
20968,2016-03-18,09:26:00,386,3,4583
20969,2016-03-18,09:29:00,129,1,7268
20970,2016-03-18,09:59:00,214,2,5764
20971,2016-03-18,10:01:00,44,1,7711
20972,2016-03-18,10:09:00,105,1,3858
20973,2016-03-18,10:09:00,291,2,10883
20974,2016-03-18,10:12:00,352,2,11308
20975,2016-03-18,10:15:00,451,1,3697
20976,2016-03-18,10:17:00,273,1,3845
20977,2016-03-18,10:21:00,52,4,7331
20978,2016-03-18,10:23:00,18,2,8319
20979,2016-03-18,10:34:00,392,2,4547
20980,2016-03-18,10:39:00,424,2,1246
20981,2016-03-18,10:54:00,140,1,7463
20982,2016-03-18,10:59:00,153,1,5832
20983,2016-03-18,11:02:00,376,3,4525
20984,2016-03-18,11:02:00,451,1,7533
20985,2016-03-18,11:10:00,181,2,2250
20986,2016-03-18,11:24:00,392,3,11767
20987,2016-03-18,11:25:00,412,1,5227
20988,2016-03-18,11:26:00,220,1,3830
20989,2016-03-18,11:26:00,318,2,10650
20990,2016-03-18,11:28:00,89,3,7014
20991,2016-03-18,11:35:00,389,1,10582
20992,2016-03-18,11:37:00,209,3,2604
20993,2016-03-18,11:40:00,112,1,7104
20994,2016-03-18,11:40:00,154,3,5314
20995,2016-03-18,11:42:00,197,3,9373
20996,2016-03-18,11:43:00,224,4,5984
20997,2016-03-18,11:49:00,84,2,2119
20998,2016-03-18,11:56:00,187,2,8771
20999,2016-03-18,12:00:00,75,1,5908
21000,2016-03-18,12:00:00,199,1,2837
21001,2016-03-18,12:02:00,195,1,5828
21002,2016-03-18,12:04:00,181,1,10086
21003,2016-03-18,12:11:00,92,2,11479
21004,2016-03-18,12:23:00,162,2,4956
21005,2016-03-18,12:25:00,262,1,2646
21006,2016-03-18,12:32:00,191,1,10246
21007,2016-03-18,12:33:00,101,1,4090
21008,2016-03-18,12:36:00,151,2,768
21009,2016-03-18,12:47:00,424,3,3967
21010,2016-03-18,12:53:00,241,2,108
21011,2016-03-18,13:07:00,458,1,6037
21012,2016-03-18,13:08:00,435,2,8580
21013,2016-03-18,13:23:00,217,3,8959
21014,2016-03-18,13:37:00,87,2,9929
21015,2016-03-18,13:43:00,162,3,1960
21016,2016-03-18,13:46:00,290,1,2584
21017,2016-03-18,13:49:00,458,2,8083
21018,2016-03-18,13:57:00,389,1,6149
21019,2016-03-18,14:19:00,129,2,6484
21020,2016-03-18,14:30:00,325,4,11631
21021,2016-03-18,14:33:00,377,1,5692
21022,2016-03-18,14:33:00,320,1,5234
21023,2016-03-18,14:36:00,318,4,1029
21024,2016-03-18,14:39:00,202,3,7120
21025,2016-03-18,14:42:00,224,2,2473
21026,2016-03-18,14:45:00,181,1,11508
21027,2016-03-18,14:48:00,200,1,1249
21028,2016-03-18,14:53:00,441,2,8354
21029,2016-03-18,14:57:00,380,2,3505
21030,2016-03-18,15:00:00,304,2,4225
21031,2016-03-18,15:04:00,333,4,4250
21032,2016-03-18,15:05:00,90,1,10440
21033,2016-03-18,15:06:00,107,1,70
21034,2016-03-18,15:09:00,31,1,4827
21035,2016-03-18,15:13:00,58,1,9270
21036,2016-03-18,15:21:00,350,4,3273
21037,2016-03-18,15:31:00,437,2,11547
21038,2016-03-18,15:36:00,172,3,8904
21039,2016-03-18,15:45:00,424,1,1821
21040,2016-03-18,15:47:00,139,4,8217
21041,2016-03-18,15:48:00,90,1,10507
21042,2016-03-18,15:50:00,362,3,9497
21043,2016-03-18,15:53:00,377,1,1439
21044,2016-03-18,15:54:00,36,4,26
21045,2016-03-18,16:04:00,425,2,11380
21046,2016-03-18,16:20:00,153,1,10356
21047,2016-03-18,16:21:00,172,3,11269
21048,2016-03-18,16:22:00,291,1,7680
21049,2016-03-18,16:32:00,26,1,9595
21050,2016-03-18,16:40:00,78,1,6682
21051,2016-03-18,16:44:00,105,1,7070
21052,2016-03-18,16:46:00,160,1,7664
21053,2016-03-18,16:46:00,261,3,4215
21054,2016-03-18,16:49:00,255,1,10437
21055,2016-03-18,16:51:00,139,2,2406
21056,2016-03-18,17:00:00,409,2,7306
21057,2016-03-18,17:03:00,8,1,3391
21058,2016-03-18,17:03:00,339,2,11626
21059,2016-03-18,17:09:00,96,1,10769
21060,2016-03-18,17:16:00,238,3,3270
21061,2016-03-18,17:18:00,328,3,4062
21062,2016-03-18,17:21:00,30,4,2249
21063,2016-03-18,17:22:00,355,3,11070
21064,2016-03-18,17:35:00,288,1,4385
21065,2016-03-18,17:42:00,205,1,1560
21066,2016-03-18,17:42:00,35,5,5610
21067,2016-03-18,17:44:00,416,1,4498
21068,2016-03-18,17:51:00,377,1,9907
21069,2016-03-18,17:51:00,378,1,11547
21070,2016-03-18,17:53:00,297,2,8656
21071,2016-03-18,17:54:00,152,2,5409
21072,2016-03-18,17:55:00,178,1,11035
21073,2016-03-18,17:56:00,370,2,10270
21074,2016-03-18,17:56:00,458,3,10609
21075,2016-03-18,17:57:00,28,2,10085
21076,2016-03-18,17:58:00,445,3,3510
21077,2016-03-18,18:05:00,190,2,1713
21078,2016-03-18,18:09:00,285,1,3849
21079,2016-03-18,18:16:00,32,2,3102
21080,2016-03-18,18:18:00,59,2,2268
21081,2016-03-18,18:35:00,396,4,2955
21082,2016-03-18,18:41:00,240,2,6270
21083,2016-03-18,18:45:00,278,2,7424
21084,2016-03-18,18:53:00,227,1,2215
21085,2016-03-18,19:06:00,10,4,9047
21086,2016-03-18,19:07:00,66,3,9975
21087,2016-03-18,19:13:00,224,2,4972
21088,2016-03-18,19:13:00,442,2,2472
21089,2016-03-18,19:38:00,7,2,4905
21090,2016-03-18,19:40:00,444,3,11711
21091,2016-03-18,19:47:00,254,2,9736
21092,2016-03-18,19:50:00,304,4,8228
21093,2016-03-18,19:54:00,75,2,6276
21094,2016-03-18,19:58:00,224,1,3470
21095,2016-03-18,20:06:00,309,1,4244
21096,2016-03-18,20:24:00,456,1,2920
21097,2016-03-18,20:27:00,94,3,5923
21098,2016-03-18,20:33:00,1,2,10945
21099,2016-03-18,20:33:00,378,1,1105
21100,2016-03-18,20:33:00,394,1,3290
21101,2016-03-18,20:44:00,160,2,7937
21102,2016-03-18,20:46:00,335,2,5256
21103,2016-03-18,20:54:00,145,2,8119
21104,2016-03-18,20:57:00,280,2,1088
21105,2016-03-18,21:00:00,202,2,4153
21106,2016-03-18,21:05:00,37,1,10336
21107,2016-03-18,21:19:00,117,1,5186
21108,2016-03-18,21:20:00,99,1,5654
21109,2016-03-18,21:22:00,159,3,6518
21110,2016-03-18,21:23:00,121,2,2152
21111,2016-03-18,21:24:00,423,1,7275
21112,2016-03-18,21:34:00,311,2,315
21113,2016-03-18,21:41:00,282,2,8586
21114,2016-03-18,21:42:00,422,3,3968
21115,2016-03-18,21:44:00,106,2,771
21116,2016-03-18,21:53:00,156,3,2764
21117,2016-03-18,21:53:00,386,2,3759
21118,2016-03-18,21:57:00,59,2,7924
21119,2016-03-18,22:00:00,124,2,7754
21120,2016-03-18,22:13:00,319,2,10914
21121,2016-03-18,22:21:00,100,1,2177
21122,2016-03-18,22:27:00,171,1,3247
21123,2016-03-18,22:28:00,27,3,4303
21124,2016-03-18,22:29:00,28,2,10478
21125,2016-03-18,22:30:00,66,2,9706
21126,2016-03-18,22:31:00,238,1,9126
21127,2016-03-18,22:32:00,158,4,10245
21128,2016-03-18,22:36:00,104,2,495
21129,2016-03-18,22:41:00,81,5,11805
21130,2016-03-18,22:52:00,38,1,4001
21131,2016-03-18,22:52:00,340,2,1363
21132,2016-03-18,23:15:00,371,5,4278
21133,2016-03-18,23:17:00,226,1,10632
21134,2016-03-18,23:27:00,343,1,1078
21135,2016-03-18,23:32:00,126,3,1777
21136,2016-03-18,23:34:00,385,1,10236
21137,2016-03-18,23:46:00,208,4,9530
21138,2016-03-18,23:52:00,119,2,11687
21139,2016-03-19,00:00:00,181,2,83
21140,2016-03-19,00:06:00,134,4,7674
21141,2016-03-19,00:09:00,336,1,1858
21142,2016-03-19,00:10:00,211,1,11123
21143,2016-03-19,00:10:00,80,3,11003
21144,2016-03-19,00:28:00,436,3,5484
21145,2016-03-19,00:39:00,257,1,4248
21146,2016-03-19,00:46:00,235,2,10539
21147,2016-03-19,00:48:00,213,2,3211
21148,2016-03-19,00:49:00,152,2,4614
21149,2016-03-19,00:50:00,393,2,8222
21150,2016-03-19,00:55:00,251,3,9616
21151,2016-03-19,01:00:00,172,2,6110
21152,2016-03-19,01:08:00,393,3,8333
21153,2016-03-19,01:19:00,356,2,9340
21154,2016-03-19,01:27:00,272,3,5494
21155,2016-03-19,01:27:00,296,1,4150
21156,2016-03-19,01:31:00,422,1,9201
21157,2016-03-19,01:32:00,179,3,438
21158,2016-03-19,01:38:00,242,3,8597
21159,2016-03-19,01:44:00,266,4,6655
21160,2016-03-19,01:47:00,285,1,320
21161,2016-03-19,01:50:00,397,4,7986
21162,2016-03-19,02:18:00,31,1,7929
21163,2016-03-19,02:26:00,151,3,10141
21164,2016-03-19,02:34:00,212,3,4304
21165,2016-03-19,02:42:00,191,1,3968
21166,2016-03-19,02:51:00,280,1,4564
21167,2016-03-19,02:52:00,301,3,3110
21168,2016-03-19,02:54:00,71,2,385
21169,2016-03-19,02:58:00,371,3,4201
21170,2016-03-19,03:01:00,153,2,4911
21171,2016-03-19,03:06:00,149,1,10354
21172,2016-03-19,03:08:00,441,5,7561
21173,2016-03-19,03:17:00,408,1,3131
21174,2016-03-19,03:18:00,295,1,10880
21175,2016-03-19,03:22:00,393,2,7926
21176,2016-03-19,03:24:00,457,1,2022
21177,2016-03-19,03:39:00,55,3,2462
21178,2016-03-19,03:40:00,137,2,6065
21179,2016-03-19,04:08:00,55,5,4921
21180,2016-03-19,04:11:00,6,1,7754
21181,2016-03-19,04:20:00,313,1,3481
21182,2016-03-19,04:20:00,61,2,10683
21183,2016-03-19,04:30:00,314,3,2949
21184,2016-03-19,04:35:00,75,4,8595
21185,2016-03-19,04:35:00,163,2,4866
21186,2016-03-19,04:44:00,424,1,6496
21187,2016-03-19,04:49:00,392,2,5682
21188,2016-03-19,04:50:00,43,1,4833
21189,2016-03-19,04:52:00,179,1,10905
21190,2016-03-19,05:00:00,134,1,5944
21191,2016-03-19,05:08:00,356,2,1071
21192,2016-03-19,05:17:00,243,4,4477
21193,2016-03-19,05:22:00,244,3,34
21194,2016-03-19,05:28:00,339,1,9899
21195,2016-03-19,05:29:00,381,1,1350
21196,2016-03-19,05:40:00,122,3,6065
21197,2016-03-19,05:41:00,187,2,1849
21198,2016-03-19,05:43:00,380,2,5600
21199,2016-03-19,05:45:00,61,2,8384
21200,2016-03-19,05:47:00,118,4,298
21201,2016-03-19,05:47:00,271,2,9781
21202,2016-03-19,06:03:00,68,2,5621
21203,2016-03-19,06:03:00,23,3,11075
21204,2016-03-19,06:04:00,6,2,9901
21205,2016-03-19,06:10:00,299,2,565
21206,2016-03-19,06:11:00,163,3,2508
21207,2016-03-19,06:33:00,387,1,3125
21208,2016-03-19,06:40:00,406,3,2137
21209,2016-03-19,07:11:00,75,2,8023
21210,2016-03-19,07:24:00,262,1,2976
21211,2016-03-19,07:24:00,33,2,11850
21212,2016-03-19,07:25:00,370,1,10400
21213,2016-03-19,07:47:00,402,1,1207
21214,2016-03-19,07:52:00,110,2,9175
21215,2016-03-19,07:58:00,14,2,11036
21216,2016-03-19,07:59:00,7,2,10119
21217,2016-03-19,08:19:00,150,3,2308
21218,2016-03-19,08:22:00,300,4,8794
21219,2016-03-19,08:33:00,237,1,1351
21220,2016-03-19,08:34:00,216,4,11884
21221,2016-03-19,08:37:00,375,1,5495
21222,2016-03-19,08:38:00,113,1,7417
21223,2016-03-19,08:39:00,239,3,6952
21224,2016-03-19,08:53:00,158,1,10913
21225,2016-03-19,09:16:00,281,3,4025
21226,2016-03-19,09:17:00,180,1,3991
21227,2016-03-19,09:20:00,143,3,9223
21228,2016-03-19,09:22:00,260,2,5650
21229,2016-03-19,09:25:00,64,2,7100
21230,2016-03-19,09:32:00,423,2,11230
21231,2016-03-19,09:35:00,32,1,1302
21232,2016-03-19,09:39:00,111,4,8567
21233,2016-03-19,09:39:00,254,4,1468
21234,2016-03-19,09:40:00,329,3,6807
21235,2016-03-19,09:46:00,275,1,60
21236,2016-03-19,09:53:00,408,1,10167
21237,2016-03-19,10:08:00,325,1,6200
21238,2016-03-19,10:12:00,300,3,8914
21239,2016-03-19,10:13:00,225,1,443
21240,2016-03-19,10:19:00,104,4,7512
21241,2016-03-19,10:24:00,199,2,3408
21242,2016-03-19,10:25:00,122,2,1301
21243,2016-03-19,10:37:00,107,4,1541
21244,2016-03-19,10:42:00,234,3,11523
21245,2016-03-19,10:56:00,196,2,8021
21246,2016-03-19,11:08:00,168,2,11078
21247,2016-03-19,11:22:00,143,4,6360
21248,2016-03-19,11:24:00,207,2,1712
21249,2016-03-19,11:30:00,139,1,7116
21250,2016-03-19,11:41:00,136,4,7242
21251,2016-03-19,11:49:00,148,2,9067
21252,2016-03-19,11:50:00,233,1,8244
21253,2016-03-19,11:57:00,84,1,2612
21254,2016-03-19,12:05:00,40,3,7859
21255,2016-03-19,12:08:00,375,1,5352
21256,2016-03-19,12:25:00,122,1,10239
21257,2016-03-19,12:34:00,134,1,3391
21258,2016-03-19,12:38:00,427,1,6453
21259,2016-03-19,12:43:00,406,3,11485
21260,2016-03-19,12:45:00,248,1,3900
21261,2016-03-19,12:46:00,53,1,9225
21262,2016-03-19,12:49:00,32,1,1122
21263,2016-03-19,12:49:00,295,2,695
21264,2016-03-19,12:52:00,122,2,1202
21265,2016-03-19,12:53:00,402,1,1331
21266,2016-03-19,13:06:00,93,1,5032
21267,2016-03-19,13:11:00,207,1,5619
21268,2016-03-19,13:30:00,53,1,3627
21269,2016-03-19,13:31:00,66,1,7526
21270,2016-03-19,13:37:00,90,2,6561
21271,2016-03-19,14:02:00,269,2,2984
21272,2016-03-19,14:10:00,101,2,2305
21273,2016-03-19,14:14:00,44,1,9950
21274,2016-03-19,14:20:00,231,2,8310
21275,2016-03-19,14:22:00,242,1,6193
21276,2016-03-19,14:23:00,190,3,10342
21277,2016-03-19,14:39:00,273,3,1407
21278,2016-03-19,14:46:00,142,3,11053
21279,2016-03-19,14:55:00,433,3,9424
21280,2016-03-19,14:57:00,21,2,8895
21281,2016-03-19,14:59:00,158,1,8459
21282,2016-03-19,15:00:00,447,2,6068
21283,2016-03-19,15:04:00,71,1,3258
21284,2016-03-19,15:05:00,45,2,740
21285,2016-03-19,15:06:00,50,2,4304
21286,2016-03-19,15:11:00,418,3,9675
21287,2016-03-19,15:12:00,171,2,5625
21288,2016-03-19,15:19:00,241,2,694
21289,2016-03-19,15:21:00,288,3,9974
21290,2016-03-19,15:24:00,351,2,10206
21291,2016-03-19,15:28:00,146,2,10856
21292,2016-03-19,15:33:00,195,1,5808
21293,2016-03-19,15:35:00,325,1,7744
21294,2016-03-19,15:50:00,331,3,692
21295,2016-03-19,16:05:00,422,1,1163
21296,2016-03-19,16:07:00,186,2,3997
21297,2016-03-19,16:19:00,95,2,1229
21298,2016-03-19,16:19:00,33,4,6461
21299,2016-03-19,16:20:00,413,2,9911
21300,2016-03-19,16:23:00,174,2,11986
21301,2016-03-19,16:23:00,156,1,10254
21302,2016-03-19,16:24:00,384,2,4947
21303,2016-03-19,16:27:00,283,1,7564
21304,2016-03-19,16:37:00,170,3,11824
21305,2016-03-19,16:57:00,395,2,6308
21306,2016-03-19,17:12:00,169,2,9825
21307,2016-03-19,17:17:00,337,2,3696
21308,2016-03-19,17:27:00,161,2,581
21309,2016-03-19,17:38:00,332,2,4883
21310,2016-03-19,17:39:00,309,1,10336
21311,2016-03-19,17:41:00,376,1,5336
21312,2016-03-19,17:50:00,452,2,3956
21313,2016-03-19,17:55:00,394,2,9697
21314,2016-03-19,18:35:00,359,3,5489
21315,2016-03-19,18:54:00,306,2,9387
21316,2016-03-19,19:10:00,2,1,6112
21317,2016-03-19,19:23:00,200,2,6216
21318,2016-03-19,19:23:00,5,4,871
21319,2016-03-19,19:26:00,144,1,4593
21320,2016-03-19,19:29:00,209,2,9692
21321,2016-03-19,19:29:00,159,2,7644
21322,2016-03-19,19:33:00,28,2,10495
21323,2016-03-19,19:33:00,205,2,7007
21324,2016-03-19,19:36:00,128,2,8065
21325,2016-03-19,19:41:00,113,2,10992
21326,2016-03-19,19:59:00,67,3,10769
21327,2016-03-19,20:15:00,394,2,6852
21328,2016-03-19,20:16:00,52,1,9722
21329,2016-03-19,20:17:00,97,4,11195
21330,2016-03-19,20:18:00,33,1,3772
21331,2016-03-19,20:19:00,147,2,1409
21332,2016-03-19,20:29:00,422,3,3501
21333,2016-03-19,20:30:00,297,1,3886
21334,2016-03-19,20:41:00,239,4,10393
21335,2016-03-19,20:42:00,440,2,4105
21336,2016-03-19,21:04:00,262,1,1557
21337,2016-03-19,21:06:00,193,1,11214
21338,2016-03-19,21:12:00,339,5,3817
21339,2016-03-19,21:12:00,24,1,244
21340,2016-03-19,21:13:00,8,1,5664
21341,2016-03-19,21:27:00,93,2,5480
21342,2016-03-19,21:29:00,376,1,3685
21343,2016-03-19,21:30:00,227,1,2044
21344,2016-03-19,21:34:00,278,1,5892
21345,2016-03-19,21:37:00,313,2,7998
21346,2016-03-19,21:38:00,165,1,6517
21347,2016-03-19,21:39:00,456,2,6225
21348,2016-03-19,21:44:00,265,1,7915
21349,2016-03-19,21:47:00,164,1,10944
21350,2016-03-19,22:02:00,218,2,11416
21351,2016-03-19,22:08:00,346,2,2010
21352,2016-03-19,22:13:00,127,4,6311
21353,2016-03-19,22:15:00,372,3,1950
21354,2016-03-19,22:17:00,279,3,2142
21355,2016-03-19,22:35:00,291,2,10236
21356,2016-03-19,22:36:00,105,2,4594
21357,2016-03-19,22:42:00,435,3,10583
21358,2016-03-19,22:51:00,383,2,10996
21359,2016-03-19,22:51:00,32,2,385
21360,2016-03-19,22:55:00,264,4,2787
21361,2016-03-19,23:06:00,283,2,6289
21362,2016-03-19,23:13:00,153,1,8804
21363,2016-03-19,23:19:00,439,4,8043
21364,2016-03-19,23:21:00,380,1,4337
21365,2016-03-19,23:23:00,199,3,9516
21366,2016-03-19,23:31:00,91,2,11611
21367,2016-03-19,23:32:00,349,1,4178
21368,2016-03-19,23:50:00,290,3,2728
21369,2016-03-19,23:51:00,293,1,4165
21370,2016-03-20,00:02:00,173,3,3492
21371,2016-03-20,00:07:00,262,1,7982
21372,2016-03-20,00:08:00,338,2,9786
21373,2016-03-20,00:12:00,348,2,5544
21374,2016-03-20,00:19:00,169,1,9761
21375,2016-03-20,00:19:00,162,1,8523
21376,2016-03-20,00:28:00,380,2,10799
21377,2016-03-20,00:30:00,384,1,6796
21378,2016-03-20,00:32:00,121,3,2878
21379,2016-03-20,00:33:00,382,4,4158
21380,2016-03-20,00:38:00,303,3,6576
21381,2016-03-20,00:39:00,262,5,11436
21382,2016-03-20,00:45:00,208,1,9622
21383,2016-03-20,00:46:00,182,2,8429
21384,2016-03-20,00:50:00,409,3,4643
21385,2016-03-20,00:50:00,40,1,11076
21386,2016-03-20,00:53:00,17,2,4675
21387,2016-03-20,00:54:00,343,1,1022
21388,2016-03-20,00:58:00,274,2,7625
21389,2016-03-20,01:07:00,373,3,10684
21390,2016-03-20,01:10:00,99,1,3551
21391,2016-03-20,01:10:00,192,3,6171
21392,2016-03-20,01:12:00,422,1,11046
21393,2016-03-20,01:13:00,267,1,10111
21394,2016-03-20,01:16:00,57,1,1293
21395,2016-03-20,01:18:00,187,1,11772
21396,2016-03-20,01:21:00,96,3,11127
21397,2016-03-20,01:42:00,443,1,7429
21398,2016-03-20,02:06:00,368,2,3870
21399,2016-03-20,02:12:00,235,2,2385
21400,2016-03-20,02:19:00,10,2,2849
21401,2016-03-20,02:19:00,363,2,2264
21402,2016-03-20,02:24:00,272,3,4179
21403,2016-03-20,02:28:00,63,2,6524
21404,2016-03-20,02:32:00,191,2,1403
21405,2016-03-20,02:32:00,99,1,4404
21406,2016-03-20,02:40:00,302,2,623
21407,2016-03-20,02:41:00,234,1,3447
21408,2016-03-20,02:43:00,425,2,6161
21409,2016-03-20,02:48:00,64,1,9635
21410,2016-03-20,03:02:00,366,4,11131
21411,2016-03-20,03:04:00,146,3,11301
21412,2016-03-20,03:05:00,253,2,7987
21413,2016-03-20,03:05:00,95,2,1558
21414,2016-03-20,03:16:00,328,2,7584
21415,2016-03-20,03:17:00,393,1,11797
21416,2016-03-20,03:37:00,220,2,4991
21417,2016-03-20,03:42:00,325,1,7586
21418,2016-03-20,03:46:00,452,1,11117
21419,2016-03-20,03:55:00,426,1,827
21420,2016-03-20,04:01:00,23,1,8893
21421,2016-03-20,04:07:00,4,1,1296
21422,2016-03-20,04:18:00,70,1,2227
21423,2016-03-20,04:30:00,271,2,4418
21424,2016-03-20,04:32:00,32,2,1456
21425,2016-03-20,04:33:00,389,3,3368
21426,2016-03-20,04:35:00,327,2,10911
21427,2016-03-20,04:40:00,261,1,551
21428,2016-03-20,04:45:00,180,3,9198
21429,2016-03-20,04:48:00,381,3,10612
21430,2016-03-20,04:48:00,227,2,3590
21431,2016-03-20,04:50:00,133,1,10951
21432,2016-03-20,04:50:00,36,1,7698
21433,2016-03-20,04:51:00,279,2,3839
21434,2016-03-20,04:52:00,237,2,2465
21435,2016-03-20,04:53:00,51,1,4574
21436,2016-03-20,04:56:00,98,1,5382
21437,2016-03-20,04:57:00,433,1,10701
21438,2016-03-20,04:59:00,368,1,654
21439,2016-03-20,05:04:00,304,4,6661
21440,2016-03-20,05:07:00,188,4,1025
21441,2016-03-20,05:08:00,263,2,8251
21442,2016-03-20,05:11:00,389,1,6358
21443,2016-03-20,05:22:00,294,3,8106
21444,2016-03-20,05:27:00,183,1,907
21445,2016-03-20,05:28:00,32,2,7652
21446,2016-03-20,05:29:00,394,3,6923
21447,2016-03-20,05:29:00,335,4,11577
21448,2016-03-20,05:43:00,238,2,4790
21449,2016-03-20,05:44:00,383,1,5727
21450,2016-03-20,05:56:00,336,1,1104
21451,2016-03-20,06:03:00,63,2,7639
21452,2016-03-20,06:04:00,446,1,11128
21453,2016-03-20,06:18:00,267,4,10071
21454,2016-03-20,06:20:00,427,1,8670
21455,2016-03-20,06:23:00,210,1,2280
21456,2016-03-20,06:25:00,184,1,8909
21457,2016-03-20,06:31:00,446,2,11530
21458,2016-03-20,06:47:00,437,1,3657
21459,2016-03-20,07:03:00,312,3,5884
21460,2016-03-20,07:22:00,106,2,1805
21461,2016-03-20,07:27:00,451,1,9483
21462,2016-03-20,07:27:00,79,3,3019
21463,2016-03-20,07:28:00,306,4,4696
21464,2016-03-20,07:31:00,1,1,792
21465,2016-03-20,07:32:00,332,3,2271
21466,2016-03-20,07:43:00,331,1,380
21467,2016-03-20,07:43:00,115,2,5219
21468,2016-03-20,07:46:00,404,4,2006
21469,2016-03-20,07:48:00,424,2,3320
21470,2016-03-20,07:56:00,123,2,4478
21471,2016-03-20,08:01:00,325,3,8398
21472,2016-03-20,08:09:00,307,2,6802
21473,2016-03-20,08:11:00,266,1,7710
21474,2016-03-20,08:29:00,457,4,3803
21475,2016-03-20,08:29:00,381,2,9440
21476,2016-03-20,08:30:00,385,1,4260
21477,2016-03-20,08:32:00,232,3,10817
21478,2016-03-20,08:33:00,98,2,11531
21479,2016-03-20,08:44:00,181,1,6776
21480,2016-03-20,08:49:00,191,1,10496
21481,2016-03-20,08:53:00,11,2,2271
21482,2016-03-20,08:55:00,343,1,8633
21483,2016-03-20,09:02:00,283,1,108
21484,2016-03-20,09:02:00,198,3,9371
21485,2016-03-20,09:06:00,188,2,5701
21486,2016-03-20,09:06:00,336,2,807
21487,2016-03-20,09:11:00,401,1,7902
21488,2016-03-20,09:17:00,261,2,2763
21489,2016-03-20,09:23:00,434,1,6727
21490,2016-03-20,09:29:00,365,4,673
21491,2016-03-20,09:31:00,388,2,8001
21492,2016-03-20,09:42:00,59,1,558
21493,2016-03-20,09:42:00,72,1,7854
21494,2016-03-20,09:45:00,127,1,11344
21495,2016-03-20,09:46:00,242,2,5289
21496,2016-03-20,09:49:00,177,2,2964
21497,2016-03-20,09:57:00,62,2,7485
21498,2016-03-20,10:12:00,144,1,11099
21499,2016-03-20,10:29:00,331,1,283
21500,2016-03-20,10:37:00,47,1,10994
21501,2016-03-20,10:51:00,208,2,5934
21502,2016-03-20,10:54:00,420,1,11826
21503,2016-03-20,10:56:00,454,2,1579
21504,2016-03-20,11:01:00,366,1,1441
21505,2016-03-20,11:03:00,265,3,7803
21506,2016-03-20,11:13:00,4,2,11755
21507,2016-03-20,11:16:00,323,4,10745
21508,2016-03-20,11:17:00,42,1,8510
21509,2016-03-20,11:21:00,105,1,2856
21510,2016-03-20,11:28:00,312,3,11794
21511,2016-03-20,11:41:00,24,1,6899
21512,2016-03-20,11:51:00,417,3,5350
21513,2016-03-20,11:52:00,265,1,11009
21514,2016-03-20,11:59:00,451,1,5340
21515,2016-03-20,12:05:00,372,5,67
21516,2016-03-20,12:09:00,446,4,1486
21517,2016-03-20,12:13:00,106,2,3301
21518,2016-03-20,12:22:00,13,2,4157
21519,2016-03-20,12:31:00,425,2,9045
21520,2016-03-20,12:43:00,185,2,2579
21521,2016-03-20,12:44:00,437,4,11323
21522,2016-03-20,12:44:00,348,1,4554
21523,2016-03-20,12:45:00,154,2,10063
21524,2016-03-20,12:48:00,135,1,1295
21525,2016-03-20,12:57:00,255,2,8914
21526,2016-03-20,12:59:00,261,3,4158
21527,2016-03-20,13:02:00,309,3,7317
21528,2016-03-20,13:11:00,314,2,1452
21529,2016-03-20,13:26:00,444,3,5069
21530,2016-03-20,13:31:00,416,1,1205
21531,2016-03-20,13:34:00,395,2,4418
21532,2016-03-20,13:34:00,371,2,5024
21533,2016-03-20,13:34:00,184,1,293
21534,2016-03-20,13:35:00,458,3,5393
21535,2016-03-20,13:43:00,436,1,9007
21536,2016-03-20,13:46:00,276,1,10137
21537,2016-03-20,13:51:00,337,3,2174
21538,2016-03-20,13:55:00,144,2,1472
21539,2016-03-20,14:00:00,132,2,2953
21540,2016-03-20,14:03:00,271,3,9996
21541,2016-03-20,14:06:00,332,1,3424
21542,2016-03-20,14:08:00,31,1,9973
21543,2016-03-20,14:12:00,196,1,1998
21544,2016-03-20,14:20:00,136,2,180
21545,2016-03-20,14:21:00,276,2,4138
21546,2016-03-20,14:30:00,422,1,6660
21547,2016-03-20,14:31:00,39,4,5870
21548,2016-03-20,14:38:00,362,1,10767
21549,2016-03-20,14:42:00,318,1,10635
21550,2016-03-20,14:44:00,34,1,3741
21551,2016-03-20,14:52:00,108,2,85
21552,2016-03-20,14:55:00,299,1,5510
21553,2016-03-20,15:12:00,265,2,7026
21554,2016-03-20,15:22:00,72,2,6547
21555,2016-03-20,15:29:00,154,2,6851
21556,2016-03-20,15:32:00,358,1,3679
21557,2016-03-20,15:43:00,14,4,10920
21558,2016-03-20,15:44:00,361,2,7377
21559,2016-03-20,15:51:00,11,1,9204
21560,2016-03-20,16:01:00,201,2,408
21561,2016-03-20,16:02:00,429,1,5368
21562,2016-03-20,16:02:00,393,2,5688
21563,2016-03-20,16:04:00,395,1,3082
21564,2016-03-20,16:08:00,331,2,10207
21565,2016-03-20,16:13:00,158,1,7538
21566,2016-03-20,16:14:00,295,1,3811
21567,2016-03-20,16:17:00,101,1,5352
21568,2016-03-20,16:21:00,136,1,1974
21569,2016-03-20,16:22:00,33,2,10253
21570,2016-03-20,16:22:00,336,1,4679
21571,2016-03-20,16:37:00,322,2,3544
21572,2016-03-20,16:40:00,163,1,4805
21573,2016-03-20,16:40:00,331,3,1332
21574,2016-03-20,16:43:00,381,1,4958
21575,2016-03-20,16:47:00,456,2,5664
21576,2016-03-20,16:52:00,309,2,2485
21577,2016-03-20,16:52:00,436,2,11659
21578,2016-03-20,16:58:00,305,1,4667
21579,2016-03-20,17:03:00,293,1,11181
21580,2016-03-20,17:13:00,3,1,7469
21581,2016-03-20,17:14:00,236,2,5551
21582,2016-03-20,17:16:00,139,3,9339
21583,2016-03-20,17:20:00,129,3,8929
21584,2016-03-20,17:21:00,40,2,11256
21585,2016-03-20,17:23:00,108,2,10043
21586,2016-03-20,17:31:00,324,2,6278
21587,2016-03-20,17:37:00,435,2,3489
21588,2016-03-20,17:41:00,167,3,3583
21589,2016-03-20,17:42:00,199,2,9836
21590,2016-03-20,17:48:00,413,3,1158
21591,2016-03-20,17:50:00,80,1,9669
21592,2016-03-20,17:55:00,370,2,11770
21593,2016-03-20,18:00:00,279,3,7754
21594,2016-03-20,18:08:00,190,2,6779
21595,2016-03-20,18:14:00,230,3,5214
21596,2016-03-20,18:17:00,221,3,8699
21597,2016-03-20,18:22:00,128,4,6134
21598,2016-03-20,18:25:00,416,1,10607
21599,2016-03-20,18:34:00,442,2,10644
21600,2016-03-20,18:39:00,168,3,8491
21601,2016-03-20,18:39:00,328,2,1776
21602,2016-03-20,18:44:00,54,2,1250
21603,2016-03-20,18:46:00,113,2,10124
21604,2016-03-20,18:52:00,452,2,9694
21605,2016-03-20,19:02:00,10,1,7104
21606,2016-03-20,19:18:00,275,1,8792
21607,2016-03-20,19:23:00,191,2,4422
21608,2016-03-20,19:27:00,57,1,11785
21609,2016-03-20,19:28:00,210,2,10001
21610,2016-03-20,19:38:00,288,1,1507
21611,2016-03-20,19:41:00,348,1,2816
21612,2016-03-20,19:45:00,197,1,8707
21613,2016-03-20,19:59:00,313,1,2614
21614,2016-03-20,20:07:00,273,1,6320
21615,2016-03-20,20:22:00,209,1,2385
21616,2016-03-20,20:26:00,366,2,6472
21617,2016-03-20,20:27:00,112,2,6272
21618,2016-03-20,20:34:00,42,1,3383
21619,2016-03-20,20:38:00,65,2,7212
21620,2016-03-20,20:44:00,259,4,4788
21621,2016-03-20,20:47:00,38,2,8631
21622,2016-03-20,20:49:00,177,3,4891
21623,2016-03-20,20:52:00,85,3,9797
21624,2016-03-20,21:04:00,273,1,7822
21625,2016-03-20,21:06:00,287,2,3948
21626,2016-03-20,21:09:00,417,1,369
21627,2016-03-20,21:09:00,170,1,1730
21628,2016-03-20,21:20:00,215,1,4084
21629,2016-03-20,21:21:00,31,1,10803
21630,2016-03-20,21:25:00,425,3,9172
21631,2016-03-20,21:50:00,40,1,1149
21632,2016-03-20,21:52:00,88,3,6289
21633,2016-03-20,21:57:00,244,3,1808
21634,2016-03-20,21:58:00,246,3,1188
21635,2016-03-20,22:05:00,202,1,817
21636,2016-03-20,22:08:00,195,1,1457
21637,2016-03-20,22:19:00,128,2,9207
21638,2016-03-20,22:24:00,38,2,11590
21639,2016-03-20,22:25:00,232,2,11037
21640,2016-03-20,22:31:00,380,1,6198
21641,2016-03-20,22:39:00,115,2,7267
21642,2016-03-20,22:41:00,33,2,2907
21643,2016-03-20,22:52:00,383,2,7927
21644,2016-03-20,23:13:00,254,2,463
21645,2016-03-20,23:23:00,370,1,4752
21646,2016-03-20,23:29:00,418,1,3017
21647,2016-03-20,23:34:00,30,2,10781
21648,2016-03-20,23:39:00,309,1,7240
21649,2016-03-20,23:39:00,229,1,6342
21650,2016-03-20,23:58:00,227,1,8283
21651,2016-03-21,00:06:00,182,2,4228
21652,2016-03-21,00:06:00,412,2,8814
21653,2016-03-21,00:11:00,45,1,1230
21654,2016-03-21,00:16:00,173,2,11642
21655,2016-03-21,00:16:00,161,2,9548
21656,2016-03-21,00:16:00,255,2,6586
21657,2016-03-21,00:22:00,281,2,7202
21658,2016-03-21,00:22:00,386,2,5489
21659,2016-03-21,00:24:00,327,2,8754
21660,2016-03-21,00:28:00,344,4,3763
21661,2016-03-21,00:37:00,2,3,10154
21662,2016-03-21,00:43:00,6,1,1014
21663,2016-03-21,00:44:00,184,1,6108
21664,2016-03-21,00:45:00,451,1,6272
21665,2016-03-21,00:47:00,159,3,8503
21666,2016-03-21,00:52:00,334,1,6113
21667,2016-03-21,00:54:00,162,1,3392
21668,2016-03-21,01:12:00,234,2,4434
21669,2016-03-21,01:21:00,5,1,11200
21670,2016-03-21,01:28:00,424,2,6760
21671,2016-03-21,01:32:00,314,1,2487
21672,2016-03-21,01:33:00,185,1,3219
21673,2016-03-21,01:43:00,264,1,7749
21674,2016-03-21,02:03:00,38,3,3137
21675,2016-03-21,02:05:00,336,3,6969
21676,2016-03-21,02:07:00,267,2,5408
21677,2016-03-21,02:08:00,308,1,10817
21678,2016-03-21,02:08:00,209,1,4031
21679,2016-03-21,02:16:00,219,3,5949
21680,2016-03-21,02:22:00,209,2,1185
21681,2016-03-21,02:28:00,381,1,397
21682,2016-03-21,02:42:00,288,1,2135
21683,2016-03-21,02:45:00,379,2,2041
21684,2016-03-21,02:50:00,163,3,8383
21685,2016-03-21,02:54:00,10,2,5980
21686,2016-03-21,02:55:00,339,1,7303
21687,2016-03-21,02:58:00,342,2,3102
21688,2016-03-21,03:00:00,423,2,683
21689,2016-03-21,03:10:00,179,3,5464
21690,2016-03-21,03:11:00,401,2,466
21691,2016-03-21,03:31:00,230,1,3681
21692,2016-03-21,03:41:00,440,1,6788
21693,2016-03-21,03:44:00,24,4,8807
21694,2016-03-21,03:46:00,298,2,4745
21695,2016-03-21,03:55:00,198,2,1642
21696,2016-03-21,04:03:00,371,1,10866
21697,2016-03-21,04:05:00,437,3,11216
21698,2016-03-21,04:06:00,203,2,7179
21699,2016-03-21,04:14:00,121,4,8992
21700,2016-03-21,04:17:00,295,3,2690
21701,2016-03-21,04:21:00,89,2,5444
21702,2016-03-21,04:23:00,301,2,4434
21703,2016-03-21,04:30:00,64,2,5339
21704,2016-03-21,04:42:00,200,2,3594
21705,2016-03-21,04:47:00,42,2,4556
21706,2016-03-21,04:55:00,401,2,5944
21707,2016-03-21,04:56:00,242,2,122
21708,2016-03-21,05:02:00,18,3,1927
21709,2016-03-21,05:03:00,407,1,4643
21710,2016-03-21,05:06:00,64,2,6945
21711,2016-03-21,05:07:00,316,2,3518
21712,2016-03-21,05:12:00,66,2,1124
21713,2016-03-21,05:12:00,57,2,5032
21714,2016-03-21,05:13:00,359,2,10389
21715,2016-03-21,05:13:00,10,4,2008
21716,2016-03-21,05:21:00,276,1,5793
21717,2016-03-21,05:31:00,110,3,6850
21718,2016-03-21,05:32:00,144,2,11723
21719,2016-03-21,05:39:00,46,2,2483
21720,2016-03-21,05:41:00,42,1,1288
21721,2016-03-21,05:45:00,458,1,9106
21722,2016-03-21,05:46:00,82,2,527
21723,2016-03-21,05:55:00,52,3,10954
21724,2016-03-21,05:59:00,168,2,3715
21725,2016-03-21,06:04:00,426,2,5484
21726,2016-03-21,06:04:00,438,3,2492
21727,2016-03-21,06:05:00,403,1,4393
21728,2016-03-21,06:08:00,429,2,8017
21729,2016-03-21,06:11:00,218,1,1057
21730,2016-03-21,06:22:00,456,1,8397
21731,2016-03-21,06:27:00,84,2,3223
21732,2016-03-21,06:28:00,339,2,1324
21733,2016-03-21,06:31:00,420,2,4538
21734,2016-03-21,06:37:00,150,1,11014
21735,2016-03-21,06:48:00,265,4,11015
21736,2016-03-21,07:02:00,356,3,1671
21737,2016-03-21,07:02:00,236,2,5978
21738,2016-03-21,07:09:00,135,2,1441
21739,2016-03-21,07:10:00,430,2,10002
21740,2016-03-21,07:11:00,371,1,5158
21741,2016-03-21,07:12:00,103,2,4926
21742,2016-03-21,07:18:00,439,1,11089
21743,2016-03-21,07:23:00,147,3,11053
21744,2016-03-21,07:25:00,189,3,11039
21745,2016-03-21,07:40:00,324,1,6478
21746,2016-03-21,07:42:00,438,2,2906
21747,2016-03-21,07:45:00,19,1,9306
21748,2016-03-21,07:48:00,134,1,4327
21749,2016-03-21,07:55:00,65,3,10897
21750,2016-03-21,07:59:00,324,1,3787
21751,2016-03-21,08:01:00,393,1,5921
21752,2016-03-21,08:03:00,14,2,4406
21753,2016-03-21,08:05:00,255,2,5894
21754,2016-03-21,08:08:00,92,2,4453
21755,2016-03-21,08:08:00,112,2,10028
21756,2016-03-21,08:08:00,246,2,21
21757,2016-03-21,08:15:00,343,1,277
21758,2016-03-21,08:22:00,421,3,4288
21759,2016-03-21,08:24:00,381,2,1603
21760,2016-03-21,08:32:00,239,2,10443
21761,2016-03-21,08:37:00,274,2,3471
21762,2016-03-21,08:40:00,390,2,6505
21763,2016-03-21,08:46:00,427,1,542
21764,2016-03-21,08:47:00,99,2,3773
21765,2016-03-21,08:54:00,327,1,2588
21766,2016-03-21,08:54:00,321,2,1453
21767,2016-03-21,08:57:00,165,1,6780
21768,2016-03-21,08:57:00,455,2,7855
21769,2016-03-21,08:58:00,408,2,11965
21770,2016-03-21,09:02:00,331,1,9705
21771,2016-03-21,09:04:00,253,1,7354
21772,2016-03-21,09:05:00,65,3,1004
21773,2016-03-21,09:08:00,267,4,7858
21774,2016-03-21,09:08:00,32,3,1580
21775,2016-03-21,09:16:00,213,2,10016
21776,2016-03-21,09:21:00,207,2,3534
21777,2016-03-21,09:22:00,335,2,2598
21778,2016-03-21,09:28:00,37,1,9054
21779,2016-03-21,09:28:00,218,1,8981
21780,2016-03-21,09:29:00,185,3,3055
21781,2016-03-21,09:30:00,255,2,9756
21782,2016-03-21,09:31:00,386,1,8434
21783,2016-03-21,09:35:00,58,1,3210
21784,2016-03-21,09:41:00,419,5,8607
21785,2016-03-21,09:41:00,405,2,11291
21786,2016-03-21,09:54:00,360,1,1258
21787,2016-03-21,09:57:00,244,1,11433
21788,2016-03-21,09:58:00,110,3,6714
21789,2016-03-21,09:59:00,51,2,9623
21790,2016-03-21,10:01:00,76,2,4760
21791,2016-03-21,10:08:00,22,1,9254
21792,2016-03-21,10:09:00,435,2,4786
21793,2016-03-21,10:14:00,186,2,10892
21794,2016-03-21,10:18:00,355,5,6469
21795,2016-03-21,10:20:00,408,1,3563
21796,2016-03-21,10:21:00,267,2,11367
21797,2016-03-21,10:42:00,244,1,2518
21798,2016-03-21,11:00:00,324,2,7682
21799,2016-03-21,11:00:00,279,2,6312
21800,2016-03-21,11:03:00,219,2,10187
21801,2016-03-21,11:08:00,152,2,6127
21802,2016-03-21,11:19:00,236,1,446
21803,2016-03-21,11:19:00,327,2,11839
21804,2016-03-21,11:19:00,117,2,2573
21805,2016-03-21,11:20:00,436,3,10478
21806,2016-03-21,11:24:00,87,2,7814
21807,2016-03-21,11:34:00,344,1,2551
21808,2016-03-21,11:36:00,298,2,4674
21809,2016-03-21,11:41:00,135,2,1397
21810,2016-03-21,11:51:00,269,2,11848
21811,2016-03-21,11:52:00,6,1,9773
21812,2016-03-21,11:54:00,164,3,7973
21813,2016-03-21,12:01:00,166,1,223
21814,2016-03-21,12:35:00,54,2,8379
21815,2016-03-21,12:37:00,178,1,6260
21816,2016-03-21,12:39:00,266,1,808
21817,2016-03-21,12:43:00,31,2,11526
21818,2016-03-21,12:49:00,323,2,4220
21819,2016-03-21,12:56:00,41,2,7976
21820,2016-03-21,13:12:00,421,1,5648
21821,2016-03-21,13:13:00,335,2,5171
21822,2016-03-21,13:16:00,286,3,8814
21823,2016-03-21,13:17:00,175,1,6991
21824,2016-03-21,13:19:00,455,2,10746
21825,2016-03-21,13:22:00,324,1,11664
21826,2016-03-21,13:33:00,403,3,7648
21827,2016-03-21,13:38:00,378,3,11739
21828,2016-03-21,13:41:00,407,1,6116
21829,2016-03-21,13:41:00,258,2,11741
21830,2016-03-21,13:45:00,67,2,8053
21831,2016-03-21,13:54:00,336,4,9274
21832,2016-03-21,13:58:00,144,1,8007
21833,2016-03-21,14:05:00,68,2,6717
21834,2016-03-21,14:05:00,204,1,11450
21835,2016-03-21,14:11:00,107,2,483
21836,2016-03-21,14:31:00,23,3,4907
21837,2016-03-21,14:42:00,182,2,4115
21838,2016-03-21,14:43:00,97,1,11199
21839,2016-03-21,14:54:00,206,1,959
21840,2016-03-21,15:11:00,184,5,3644
21841,2016-03-21,15:13:00,233,1,6053
21842,2016-03-21,15:20:00,89,1,9414
21843,2016-03-21,15:23:00,114,1,10214
21844,2016-03-21,15:28:00,377,2,9532
21845,2016-03-21,15:30:00,30,1,5401
21846,2016-03-21,15:33:00,75,2,7616
21847,2016-03-21,15:37:00,411,2,11404
21848,2016-03-21,15:51:00,198,2,11659
21849,2016-03-21,16:02:00,164,2,10163
21850,2016-03-21,16:02:00,210,1,1881
21851,2016-03-21,16:13:00,54,2,358
21852,2016-03-21,16:16:00,189,2,10738
21853,2016-03-21,16:37:00,407,2,8251
21854,2016-03-21,16:39:00,51,2,4889
21855,2016-03-21,16:42:00,236,2,4673
21856,2016-03-21,17:07:00,381,2,5830
21857,2016-03-21,17:08:00,66,1,5951
21858,2016-03-21,17:14:00,67,2,8035
21859,2016-03-21,17:14:00,298,1,1968
21860,2016-03-21,17:16:00,314,1,7515
21861,2016-03-21,17:18:00,282,2,9746
21862,2016-03-21,17:22:00,197,1,10596
21863,2016-03-21,17:22:00,247,3,503
21864,2016-03-21,17:25:00,293,3,1159
21865,2016-03-21,17:27:00,399,2,10905
21866,2016-03-21,17:28:00,333,2,10798
21867,2016-03-21,17:33:00,409,1,3067
21868,2016-03-21,17:35:00,14,3,8309
21869,2016-03-21,17:45:00,441,3,2411
21870,2016-03-21,17:49:00,70,2,11758
21871,2016-03-21,17:51:00,172,2,4852
21872,2016-03-21,18:07:00,329,3,3027
21873,2016-03-21,18:12:00,106,1,3785
21874,2016-03-21,18:16:00,69,2,7940
21875,2016-03-21,18:16:00,264,3,2099
21876,2016-03-21,18:17:00,175,1,1770
21877,2016-03-21,18:20:00,232,1,5986
21878,2016-03-21,18:22:00,354,1,3438
21879,2016-03-21,18:33:00,138,1,11355
21880,2016-03-21,18:37:00,367,1,5824
21881,2016-03-21,18:37:00,142,2,1941
21882,2016-03-21,18:52:00,179,2,3240
21883,2016-03-21,19:08:00,214,2,11259
21884,2016-03-21,19:10:00,294,1,7563
21885,2016-03-21,19:15:00,202,1,9825
21886,2016-03-21,19:16:00,21,2,6624
21887,2016-03-21,19:25:00,119,1,6386
21888,2016-03-21,19:29:00,186,1,6066
21889,2016-03-21,19:31:00,430,2,3515
21890,2016-03-21,19:32:00,261,2,11954
21891,2016-03-21,19:34:00,140,2,609
21892,2016-03-21,19:43:00,48,3,8295
21893,2016-03-21,19:43:00,344,3,5175
21894,2016-03-21,19:49:00,164,2,6001
21895,2016-03-21,19:59:00,92,1,1788
21896,2016-03-21,19:59:00,370,1,3726
21897,2016-03-21,20:00:00,447,1,11101
21898,2016-03-21,20:03:00,428,1,7453
21899,2016-03-21,20:08:00,338,3,448
21900,2016-03-21,20:09:00,299,3,7396
21901,2016-03-21,20:10:00,291,1,11677
21902,2016-03-21,20:15:00,74,2,1054
21903,2016-03-21,20:29:00,417,3,11268
21904,2016-03-21,20:53:00,164,2,5908
21905,2016-03-21,20:56:00,96,3,6384
21906,2016-03-21,20:57:00,394,1,5796
21907,2016-03-21,20:59:00,264,2,7990
21908,2016-03-21,21:00:00,287,3,6338
21909,2016-03-21,21:21:00,199,1,7993
21910,2016-03-21,21:26:00,54,1,1631
21911,2016-03-21,21:35:00,86,2,8199
21912,2016-03-21,21:36:00,13,1,6698
21913,2016-03-21,21:45:00,166,1,7125
21914,2016-03-21,21:45:00,408,1,3388
21915,2016-03-21,21:51:00,65,1,3691
21916,2016-03-21,21:58:00,265,4,7200
21917,2016-03-21,22:03:00,171,3,9890
21918,2016-03-21,22:13:00,202,1,3383
21919,2016-03-21,22:13:00,356,2,10868
21920,2016-03-21,22:14:00,352,1,6177
21921,2016-03-21,22:15:00,245,1,546
21922,2016-03-21,22:26:00,245,1,11239
21923,2016-03-21,22:27:00,428,1,2376
21924,2016-03-21,22:31:00,347,3,4530
21925,2016-03-21,22:36:00,251,4,8392
21926,2016-03-21,22:46:00,400,1,8052
21927,2016-03-21,22:49:00,39,1,10818
21928,2016-03-21,23:00:00,174,2,11939
21929,2016-03-21,23:02:00,376,2,8168
21930,2016-03-21,23:09:00,1,5,1319
21931,2016-03-21,23:11:00,114,1,6837
21932,2016-03-21,23:14:00,329,3,9797
21933,2016-03-21,23:16:00,329,1,11568
21934,2016-03-21,23:18:00,393,3,5073
21935,2016-03-21,23:21:00,353,1,9585
21936,2016-03-21,23:31:00,375,1,11466
21937,2016-03-21,23:53:00,258,1,2899
21938,2016-03-22,00:09:00,425,1,11146
21939,2016-03-22,00:12:00,318,1,9522
21940,2016-03-22,00:31:00,156,2,8009
21941,2016-03-22,00:38:00,241,3,3256
21942,2016-03-22,00:40:00,15,3,11923
21943,2016-03-22,00:43:00,436,1,9848
21944,2016-03-22,00:56:00,200,1,9039
21945,2016-03-22,01:00:00,95,2,10399
21946,2016-03-22,01:02:00,197,1,7711
21947,2016-03-22,01:18:00,451,2,6537
21948,2016-03-22,01:36:00,72,2,366
21949,2016-03-22,01:43:00,443,1,5163
21950,2016-03-22,01:44:00,207,1,8542
21951,2016-03-22,01:50:00,254,2,6944
21952,2016-03-22,02:05:00,28,1,1742
21953,2016-03-22,02:09:00,210,2,8084
21954,2016-03-22,02:10:00,34,2,4125
21955,2016-03-22,02:17:00,173,4,6458
21956,2016-03-22,02:18:00,383,1,7813
21957,2016-03-22,02:22:00,314,3,5005
21958,2016-03-22,02:30:00,89,2,8728
21959,2016-03-22,02:31:00,145,1,3264
21960,2016-03-22,02:34:00,141,2,8941
21961,2016-03-22,02:37:00,132,2,4227
21962,2016-03-22,02:39:00,233,1,5494
21963,2016-03-22,02:40:00,169,1,6020
21964,2016-03-22,02:40:00,204,2,7256
21965,2016-03-22,02:49:00,135,1,10340
21966,2016-03-22,03:10:00,130,3,7272
21967,2016-03-22,03:18:00,135,2,1896
21968,2016-03-22,03:58:00,430,2,1212
21969,2016-03-22,04:22:00,388,1,991
21970,2016-03-22,04:23:00,453,3,3635
21971,2016-03-22,04:34:00,12,1,10636
21972,2016-03-22,04:35:00,455,1,11818
21973,2016-03-22,04:45:00,205,2,7483
21974,2016-03-22,04:48:00,110,2,7079
21975,2016-03-22,05:01:00,421,1,6298
21976,2016-03-22,05:13:00,83,2,5137
21977,2016-03-22,05:16:00,229,1,11686
21978,2016-03-22,05:20:00,272,3,2444
21979,2016-03-22,05:48:00,183,1,4773
21980,2016-03-22,05:50:00,285,2,11084
21981,2016-03-22,05:52:00,401,3,5748
21982,2016-03-22,05:59:00,450,2,9641
21983,2016-03-22,06:05:00,441,2,3200
21984,2016-03-22,06:05:00,111,2,8189
21985,2016-03-22,06:06:00,105,1,11714
21986,2016-03-22,06:10:00,5,4,769
21987,2016-03-22,06:17:00,181,2,183
21988,2016-03-22,06:18:00,409,3,3527
21989,2016-03-22,06:19:00,188,1,8171
21990,2016-03-22,06:26:00,420,2,11223
21991,2016-03-22,06:33:00,396,1,6719
21992,2016-03-22,06:34:00,71,2,1565
21993,2016-03-22,06:43:00,394,2,9686
21994,2016-03-22,06:43:00,430,3,5282
21995,2016-03-22,06:44:00,276,2,3324
21996,2016-03-22,06:45:00,128,1,7804
21997,2016-03-22,06:48:00,20,2,3248
21998,2016-03-22,06:51:00,117,1,10283
21999,2016-03-22,06:55:00,109,1,1587
22000,2016-03-22,07:02:00,351,3,9674
22001,2016-03-22,07:03:00,206,2,747
22002,2016-03-22,07:11:00,406,1,6594
22003,2016-03-22,07:12:00,40,2,8559
22004,2016-03-22,07:28:00,455,2,9397
22005,2016-03-22,07:40:00,25,3,6987
22006,2016-03-22,07:42:00,209,1,719
22007,2016-03-22,07:43:00,17,1,858
22008,2016-03-22,07:50:00,256,3,8908
22009,2016-03-22,07:52:00,22,4,2541
22010,2016-03-22,07:55:00,204,1,7668
22011,2016-03-22,07:56:00,74,2,8692
22012,2016-03-22,08:02:00,220,3,3625
22013,2016-03-22,08:05:00,310,4,1308
22014,2016-03-22,08:08:00,256,1,3129
22015,2016-03-22,08:11:00,108,1,10975
22016,2016-03-22,08:22:00,213,1,9483
22017,2016-03-22,08:27:00,52,3,10632
22018,2016-03-22,08:27:00,128,1,405
22019,2016-03-22,08:37:00,331,2,9057
22020,2016-03-22,08:50:00,210,4,6858
22021,2016-03-22,08:52:00,380,1,11854
22022,2016-03-22,08:53:00,90,1,2647
22023,2016-03-22,09:02:00,248,3,6690
22024,2016-03-22,09:02:00,410,1,6944
22025,2016-03-22,09:03:00,137,3,1486
22026,2016-03-22,09:12:00,398,2,6036
22027,2016-03-22,09:15:00,395,1,2698
22028,2016-03-22,09:18:00,137,1,9939
22029,2016-03-22,09:18:00,67,1,8755
22030,2016-03-22,09:31:00,259,2,10402
22031,2016-03-22,09:36:00,440,2,1314
22032,2016-03-22,09:38:00,20,2,7501
22033,2016-03-22,09:41:00,365,1,9572
22034,2016-03-22,09:52:00,6,2,5052
22035,2016-03-22,09:53:00,251,2,6409
22036,2016-03-22,09:57:00,269,2,3620
22037,2016-03-22,10:03:00,388,2,6395
22038,2016-03-22,10:03:00,307,1,7071
22039,2016-03-22,10:04:00,346,1,5872
22040,2016-03-22,10:06:00,445,1,5054
22041,2016-03-22,10:15:00,417,1,8743
22042,2016-03-22,10:22:00,402,1,4895
22043,2016-03-22,10:30:00,123,2,5117
22044,2016-03-22,10:43:00,208,1,5705
22045,2016-03-22,10:58:00,413,2,4192
22046,2016-03-22,11:12:00,151,2,5809
22047,2016-03-22,11:16:00,195,2,5614
22048,2016-03-22,11:17:00,401,2,2276
22049,2016-03-22,11:33:00,384,2,10049
22050,2016-03-22,11:41:00,163,2,1748
22051,2016-03-22,11:45:00,445,2,2903
22052,2016-03-22,11:50:00,48,4,3596
22053,2016-03-22,11:53:00,162,1,8405
22054,2016-03-22,11:54:00,285,2,10022
22055,2016-03-22,11:56:00,62,2,11485
22056,2016-03-22,12:08:00,27,2,2415
22057,2016-03-22,12:13:00,266,1,7431
22058,2016-03-22,12:19:00,138,1,11151
22059,2016-03-22,12:28:00,203,2,3525
22060,2016-03-22,12:29:00,211,3,11689
22061,2016-03-22,12:33:00,10,3,7412
22062,2016-03-22,12:40:00,183,3,6763
22063,2016-03-22,12:40:00,99,2,11350
22064,2016-03-22,12:44:00,59,2,6631
22065,2016-03-22,12:45:00,349,2,9815
22066,2016-03-22,12:51:00,188,2,9031
22067,2016-03-22,12:52:00,310,2,7838
22068,2016-03-22,13:17:00,362,1,8173
22069,2016-03-22,13:17:00,80,1,3772
22070,2016-03-22,13:20:00,104,2,2003
22071,2016-03-22,13:23:00,24,1,1592
22072,2016-03-22,13:29:00,303,1,3077
22073,2016-03-22,13:30:00,92,2,10150
22074,2016-03-22,13:31:00,340,2,4122
22075,2016-03-22,13:33:00,60,1,1269
22076,2016-03-22,13:38:00,358,1,9526
22077,2016-03-22,13:39:00,400,2,6423
22078,2016-03-22,13:44:00,397,2,7264
22079,2016-03-22,13:44:00,266,2,11724
22080,2016-03-22,13:50:00,129,2,9135
22081,2016-03-22,13:57:00,108,1,1100
22082,2016-03-22,14:18:00,296,2,7417
22083,2016-03-22,14:21:00,283,3,9837
22084,2016-03-22,14:21:00,28,2,6446
22085,2016-03-22,14:21:00,246,1,5019
22086,2016-03-22,14:25:00,186,1,2224
22087,2016-03-22,14:41:00,84,1,9471
22088,2016-03-22,14:42:00,283,1,841
22089,2016-03-22,14:46:00,352,2,10690
22090,2016-03-22,14:55:00,369,4,2315
22091,2016-03-22,14:59:00,348,1,10912
22092,2016-03-22,15:04:00,156,2,800
22093,2016-03-22,15:06:00,257,2,1563
22094,2016-03-22,15:12:00,371,4,10069
22095,2016-03-22,15:15:00,320,2,11275
22096,2016-03-22,15:21:00,442,1,6195
22097,2016-03-22,15:26:00,224,1,11288
22098,2016-03-22,15:26:00,367,5,125
22099,2016-03-22,15:26:00,94,4,3729
22100,2016-03-22,15:33:00,437,2,9964
22101,2016-03-22,15:35:00,439,1,10359
22102,2016-03-22,15:38:00,267,1,1283
22103,2016-03-22,15:43:00,370,2,3615
22104,2016-03-22,15:47:00,50,1,5488
22105,2016-03-22,15:54:00,259,2,4269
22106,2016-03-22,15:55:00,298,1,10508
22107,2016-03-22,15:59:00,207,2,782
22108,2016-03-22,16:03:00,378,2,10552
22109,2016-03-22,16:12:00,348,3,6325
22110,2016-03-22,16:14:00,432,3,1425
22111,2016-03-22,16:18:00,175,3,10335
22112,2016-03-22,16:26:00,402,1,9251
22113,2016-03-22,16:27:00,242,2,1713
22114,2016-03-22,16:28:00,425,2,3990
22115,2016-03-22,16:34:00,345,2,5120
22116,2016-03-22,16:45:00,39,1,909
22117,2016-03-22,16:48:00,236,2,7992
22118,2016-03-22,16:55:00,404,2,1715
22119,2016-03-22,16:56:00,64,1,11798
22120,2016-03-22,17:02:00,74,2,1450
22121,2016-03-22,17:05:00,109,1,5243
22122,2016-03-22,17:06:00,76,1,766
22123,2016-03-22,17:24:00,420,1,47
22124,2016-03-22,17:26:00,229,3,3060
22125,2016-03-22,17:26:00,396,1,5829
22126,2016-03-22,17:27:00,452,1,7211
22127,2016-03-22,17:30:00,6,1,5010
22128,2016-03-22,17:33:00,163,2,7257
22129,2016-03-22,17:44:00,203,1,9744
22130,2016-03-22,17:45:00,245,2,7611
22131,2016-03-22,17:55:00,192,1,1005
22132,2016-03-22,18:03:00,108,2,5919
22133,2016-03-22,18:06:00,43,1,7859
22134,2016-03-22,18:15:00,306,1,11316
22135,2016-03-22,18:16:00,193,3,8408
22136,2016-03-22,18:17:00,167,2,1009
22137,2016-03-22,18:18:00,292,2,3392
22138,2016-03-22,18:22:00,193,3,3277
22139,2016-03-22,18:26:00,414,3,5131
22140,2016-03-22,18:33:00,108,1,787
22141,2016-03-22,18:36:00,268,2,10
22142,2016-03-22,18:36:00,432,2,8310
22143,2016-03-22,18:37:00,52,1,3274
22144,2016-03-22,18:41:00,308,1,8444
22145,2016-03-22,18:46:00,455,1,7548
22146,2016-03-22,19:06:00,291,3,1750
22147,2016-03-22,19:10:00,446,2,11017
22148,2016-03-22,19:14:00,383,1,7298
22149,2016-03-22,19:14:00,439,2,5791
22150,2016-03-22,19:19:00,218,2,1982
22151,2016-03-22,19:21:00,142,2,9304
22152,2016-03-22,19:24:00,320,3,11560
22153,2016-03-22,19:29:00,4,2,11519
22154,2016-03-22,19:52:00,121,1,2431
22155,2016-03-22,20:02:00,38,2,1703
22156,2016-03-22,20:26:00,165,2,11657
22157,2016-03-22,20:28:00,198,1,6413
22158,2016-03-22,20:35:00,438,3,9141
22159,2016-03-22,20:38:00,319,3,2559
22160,2016-03-22,20:47:00,362,1,3792
22161,2016-03-22,20:50:00,77,1,8949
22162,2016-03-22,21:02:00,81,1,7400
22163,2016-03-22,21:04:00,123,2,8024
22164,2016-03-22,21:07:00,81,2,1365
22165,2016-03-22,21:13:00,63,2,9098
22166,2016-03-22,21:22:00,212,2,10155
22167,2016-03-22,21:32:00,435,2,1705
22168,2016-03-22,21:33:00,60,1,9723
22169,2016-03-22,21:44:00,297,2,7974
22170,2016-03-22,21:45:00,403,2,8407
22171,2016-03-22,21:49:00,388,2,3584
22172,2016-03-22,22:02:00,180,1,7066
22173,2016-03-22,22:09:00,316,1,6989
22174,2016-03-22,22:15:00,119,4,8558
22175,2016-03-22,22:25:00,211,1,2727
22176,2016-03-22,22:25:00,181,1,6695
22177,2016-03-22,22:26:00,246,3,1563
22178,2016-03-22,22:27:00,313,2,3604
22179,2016-03-22,22:29:00,449,1,6367
22180,2016-03-22,22:31:00,321,2,11574
22181,2016-03-22,22:40:00,412,3,748
22182,2016-03-22,22:41:00,255,3,6238
22183,2016-03-22,22:42:00,378,2,4777
22184,2016-03-22,22:42:00,395,3,1002
22185,2016-03-22,22:49:00,127,2,878
22186,2016-03-22,22:51:00,310,2,3229
22187,2016-03-22,22:57:00,15,2,5056
22188,2016-03-22,22:59:00,222,1,6837
22189,2016-03-22,23:02:00,169,5,165
22190,2016-03-22,23:02:00,157,3,11313
22191,2016-03-22,23:05:00,330,2,4494
22192,2016-03-22,23:05:00,163,1,5772
22193,2016-03-22,23:32:00,337,2,245
22194,2016-03-22,23:34:00,28,1,4248
22195,2016-03-22,23:34:00,445,1,5690
22196,2016-03-22,23:53:00,333,1,11661
22197,2016-03-22,23:59:00,81,3,11266
22198,2016-03-23,00:01:00,199,1,353
22199,2016-03-23,00:05:00,31,1,6498
22200,2016-03-23,00:06:00,213,1,3485
22201,2016-03-23,00:09:00,41,2,6859
22202,2016-03-23,00:15:00,71,1,5724
22203,2016-03-23,00:45:00,366,1,5424
22204,2016-03-23,00:46:00,231,5,11573
22205,2016-03-23,00:47:00,387,2,11548
22206,2016-03-23,00:58:00,235,5,7257
22207,2016-03-23,01:01:00,328,3,8370
22208,2016-03-23,01:13:00,253,2,2183
22209,2016-03-23,01:24:00,62,2,2767
22210,2016-03-23,01:34:00,82,2,1484
22211,2016-03-23,01:44:00,237,1,11369
22212,2016-03-23,01:49:00,37,3,8610
22213,2016-03-23,02:14:00,224,2,3707
22214,2016-03-23,02:15:00,312,3,7807
22215,2016-03-23,02:17:00,281,3,990
22216,2016-03-23,02:18:00,291,3,5495
22217,2016-03-23,02:20:00,216,3,1704
22218,2016-03-23,02:21:00,159,2,2694
22219,2016-03-23,02:41:00,454,1,11484
22220,2016-03-23,02:43:00,136,3,5511
22221,2016-03-23,02:53:00,6,2,10417
22222,2016-03-23,03:01:00,399,1,9653
22223,2016-03-23,03:06:00,113,2,5611
22224,2016-03-23,03:13:00,326,2,11444
22225,2016-03-23,03:19:00,375,1,10013
22226,2016-03-23,03:21:00,233,1,2588
22227,2016-03-23,03:35:00,159,1,1777
22228,2016-03-23,03:40:00,165,2,6867
22229,2016-03-23,03:44:00,380,2,7955
22230,2016-03-23,03:51:00,256,1,8038
22231,2016-03-23,04:00:00,242,2,2681
22232,2016-03-23,04:06:00,380,2,2968
22233,2016-03-23,04:08:00,210,1,176
22234,2016-03-23,04:10:00,28,1,5884
22235,2016-03-23,04:17:00,214,2,9344
22236,2016-03-23,04:23:00,232,2,11771
22237,2016-03-23,04:25:00,449,2,5772
22238,2016-03-23,04:36:00,373,1,4713
22239,2016-03-23,04:44:00,375,2,11094
22240,2016-03-23,04:51:00,137,4,5045
22241,2016-03-23,04:51:00,221,2,1315
22242,2016-03-23,04:52:00,420,3,3236
22243,2016-03-23,04:57:00,199,1,1723
22244,2016-03-23,05:05:00,38,1,9214
22245,2016-03-23,05:06:00,262,4,9892
22246,2016-03-23,05:10:00,336,4,10589
22247,2016-03-23,05:11:00,324,1,4222
22248,2016-03-23,05:12:00,198,4,5883
22249,2016-03-23,05:18:00,352,2,865
22250,2016-03-23,05:20:00,9,1,118
22251,2016-03-23,05:22:00,110,2,8746
22252,2016-03-23,05:28:00,330,4,3877
22253,2016-03-23,05:30:00,292,1,5981
22254,2016-03-23,05:33:00,270,1,6746
22255,2016-03-23,05:47:00,406,2,4760
22256,2016-03-23,05:47:00,116,4,9252
22257,2016-03-23,05:56:00,373,2,8722
22258,2016-03-23,05:56:00,77,2,848
22259,2016-03-23,06:05:00,309,3,3327
22260,2016-03-23,06:08:00,7,2,8230
22261,2016-03-23,06:09:00,357,1,5538
22262,2016-03-23,06:13:00,96,2,3156
22263,2016-03-23,06:17:00,353,2,9703
22264,2016-03-23,06:21:00,177,1,2495
22265,2016-03-23,06:24:00,192,2,2763
22266,2016-03-23,06:27:00,189,3,7509
22267,2016-03-23,06:34:00,316,1,1412
22268,2016-03-23,06:48:00,134,2,6640
22269,2016-03-23,06:50:00,186,1,2679
22270,2016-03-23,06:50:00,241,3,2145
22271,2016-03-23,06:53:00,446,1,1090
22272,2016-03-23,06:55:00,178,2,5069
22273,2016-03-23,06:58:00,66,2,6842
22274,2016-03-23,07:14:00,72,1,4409
22275,2016-03-23,07:16:00,408,2,9715
22276,2016-03-23,07:24:00,144,2,10993
22277,2016-03-23,07:46:00,92,2,8230
22278,2016-03-23,07:49:00,371,2,475
22279,2016-03-23,07:57:00,377,1,5757
22280,2016-03-23,07:59:00,71,2,3300
22281,2016-03-23,08:03:00,347,2,2588
22282,2016-03-23,08:03:00,308,3,1697
22283,2016-03-23,08:06:00,403,1,10509
22284,2016-03-23,08:11:00,290,3,1937
22285,2016-03-23,08:12:00,171,2,2429
22286,2016-03-23,08:32:00,54,2,3268
22287,2016-03-23,08:38:00,394,2,6045
22288,2016-03-23,08:41:00,119,1,1946
22289,2016-03-23,08:45:00,198,4,2282
22290,2016-03-23,08:52:00,234,2,2120
22291,2016-03-23,09:00:00,270,3,9553
22292,2016-03-23,09:10:00,370,1,11832
22293,2016-03-23,09:11:00,97,2,7080
22294,2016-03-23,09:19:00,9,2,5014
22295,2016-03-23,09:22:00,163,1,10063
22296,2016-03-23,09:29:00,268,3,6309
22297,2016-03-23,09:31:00,144,4,8130
22298,2016-03-23,09:34:00,429,2,262
22299,2016-03-23,09:37:00,383,4,4400
22300,2016-03-23,09:44:00,452,2,1839
22301,2016-03-23,09:46:00,257,5,3802
22302,2016-03-23,09:48:00,448,1,10547
22303,2016-03-23,09:58:00,46,2,11805
22304,2016-03-23,10:09:00,137,4,2219
22305,2016-03-23,10:16:00,31,1,3619
22306,2016-03-23,10:22:00,172,1,1124
22307,2016-03-23,10:22:00,422,2,2466
22308,2016-03-23,10:23:00,293,2,106
22309,2016-03-23,10:24:00,398,4,5054
22310,2016-03-23,10:32:00,222,2,4235
22311,2016-03-23,10:33:00,163,3,8953
22312,2016-03-23,10:42:00,167,4,4291
22313,2016-03-23,10:49:00,267,2,3130
22314,2016-03-23,10:58:00,196,2,6526
22315,2016-03-23,11:04:00,118,3,6660
22316,2016-03-23,11:04:00,399,1,5099
22317,2016-03-23,11:10:00,278,1,10740
22318,2016-03-23,11:11:00,379,2,10982
22319,2016-03-23,11:29:00,245,1,5160
22320,2016-03-23,11:35:00,346,1,8757
22321,2016-03-23,11:35:00,114,2,6334
22322,2016-03-23,11:38:00,312,3,6189
22323,2016-03-23,11:40:00,246,1,10468
22324,2016-03-23,11:46:00,366,1,3986
22325,2016-03-23,11:52:00,231,1,55
22326,2016-03-23,12:00:00,70,2,8616
22327,2016-03-23,12:11:00,13,1,9090
22328,2016-03-23,12:36:00,360,2,9728
22329,2016-03-23,12:40:00,132,2,928
22330,2016-03-23,12:46:00,401,3,6996
22331,2016-03-23,12:55:00,205,1,9725
22332,2016-03-23,12:56:00,296,2,6472
22333,2016-03-23,13:01:00,357,2,8594
22334,2016-03-23,13:02:00,434,1,8534
22335,2016-03-23,13:05:00,191,1,93
22336,2016-03-23,13:05:00,51,1,9324
22337,2016-03-23,13:06:00,452,1,6013
22338,2016-03-23,13:17:00,369,2,7338
22339,2016-03-23,13:17:00,332,2,6230
22340,2016-03-23,13:24:00,180,2,10057
22341,2016-03-23,13:30:00,97,4,11476
22342,2016-03-23,13:37:00,264,2,8825
22343,2016-03-23,13:41:00,435,1,2920
22344,2016-03-23,13:43:00,123,3,2334
22345,2016-03-23,13:48:00,61,3,5195
22346,2016-03-23,14:10:00,441,1,9986
22347,2016-03-23,14:14:00,95,3,2619
22348,2016-03-23,14:19:00,135,1,7991
22349,2016-03-23,14:20:00,328,1,9436
22350,2016-03-23,14:22:00,446,1,4710
22351,2016-03-23,14:35:00,41,1,10721
22352,2016-03-23,14:38:00,101,2,3554
22353,2016-03-23,14:38:00,236,1,5110
22354,2016-03-23,14:46:00,287,1,6969
22355,2016-03-23,14:56:00,381,4,5838
22356,2016-03-23,14:58:00,53,1,11954
22357,2016-03-23,14:58:00,311,1,11683
22358,2016-03-23,15:03:00,295,2,4373
22359,2016-03-23,15:06:00,60,3,5215
22360,2016-03-23,15:07:00,443,2,3011
22361,2016-03-23,15:12:00,25,2,6526
22362,2016-03-23,15:13:00,118,3,3684
22363,2016-03-23,15:19:00,220,2,328
22364,2016-03-23,15:20:00,326,1,11207
22365,2016-03-23,15:25:00,368,1,4177
22366,2016-03-23,15:27:00,269,3,2464
22367,2016-03-23,15:38:00,373,1,8764
22368,2016-03-23,15:42:00,192,1,2688
22369,2016-03-23,15:43:00,383,2,10384
22370,2016-03-23,15:48:00,177,1,11813
22371,2016-03-23,15:49:00,198,3,7674
22372,2016-03-23,15:49:00,242,3,11340
22373,2016-03-23,15:49:00,286,3,202
22374,2016-03-23,15:50:00,315,2,1888
22375,2016-03-23,15:52:00,71,2,5533
22376,2016-03-23,15:52:00,444,3,8057
22377,2016-03-23,15:58:00,4,1,8530
22378,2016-03-23,16:03:00,196,6,10677
22379,2016-03-23,16:08:00,40,2,10448
22380,2016-03-23,16:15:00,434,3,9825
22381,2016-03-23,16:18:00,400,3,8487
22382,2016-03-23,16:24:00,403,3,5030
22383,2016-03-23,16:26:00,39,2,8773
22384,2016-03-23,16:38:00,110,2,9979
22385,2016-03-23,16:41:00,41,1,223
22386,2016-03-23,16:42:00,416,1,3176
22387,2016-03-23,16:47:00,12,2,3959
22388,2016-03-23,16:49:00,391,2,6194
22389,2016-03-23,16:55:00,326,1,9144
22390,2016-03-23,17:04:00,9,3,9674
22391,2016-03-23,17:09:00,117,4,4698
22392,2016-03-23,17:19:00,399,1,5863
22393,2016-03-23,17:19:00,166,1,11491
22394,2016-03-23,17:28:00,257,2,1562
22395,2016-03-23,17:28:00,61,1,5296
22396,2016-03-23,17:29:00,328,3,5567
22397,2016-03-23,17:29:00,180,2,5616
22398,2016-03-23,17:31:00,136,2,2446
22399,2016-03-23,17:33:00,455,3,6514
22400,2016-03-23,17:37:00,127,2,11879
22401,2016-03-23,17:37:00,1,1,11491
22402,2016-03-23,17:40:00,347,2,10910
22403,2016-03-23,17:42:00,393,3,44
22404,2016-03-23,17:46:00,352,3,8671
22405,2016-03-23,17:48:00,268,2,7173
22406,2016-03-23,17:49:00,319,2,1845
22407,2016-03-23,17:49:00,32,1,6613
22408,2016-03-23,17:53:00,412,2,10468
22409,2016-03-23,18:02:00,375,2,6939
22410,2016-03-23,18:12:00,249,1,10336
22411,2016-03-23,18:14:00,207,2,6222
22412,2016-03-23,18:34:00,345,1,11528
22413,2016-03-23,18:49:00,184,3,9527
22414,2016-03-23,18:49:00,222,1,6488
22415,2016-03-23,18:58:00,142,2,982
22416,2016-03-23,18:59:00,429,2,3484
22417,2016-03-23,19:09:00,11,1,10803
22418,2016-03-23,19:11:00,10,1,4497
22419,2016-03-23,19:13:00,315,2,6619
22420,2016-03-23,19:17:00,22,1,10382
22421,2016-03-23,19:22:00,358,1,6194
22422,2016-03-23,19:24:00,170,1,3766
22423,2016-03-23,19:31:00,8,2,3497
22424,2016-03-23,19:32:00,122,1,10379
22425,2016-03-23,19:38:00,302,1,2479
22426,2016-03-23,19:39:00,389,3,10082
22427,2016-03-23,19:48:00,79,2,9125
22428,2016-03-23,19:52:00,166,3,8665
22429,2016-03-23,20:04:00,322,2,4358
22430,2016-03-23,20:11:00,227,1,7264
22431,2016-03-23,20:18:00,48,1,11551
22432,2016-03-23,20:19:00,255,3,3997
22433,2016-03-23,20:22:00,382,1,3722
22434,2016-03-23,20:23:00,451,4,8553
22435,2016-03-23,20:24:00,155,3,2649
22436,2016-03-23,20:25:00,302,1,11791
22437,2016-03-23,20:28:00,377,2,745
22438,2016-03-23,20:34:00,114,1,415
22439,2016-03-23,20:37:00,211,2,10883
22440,2016-03-23,20:47:00,369,4,8655
22441,2016-03-23,21:07:00,279,3,10427
22442,2016-03-23,21:07:00,94,1,683
22443,2016-03-23,21:09:00,328,2,6319
22444,2016-03-23,21:18:00,189,2,7470
22445,2016-03-23,21:31:00,455,2,1282
22446,2016-03-23,21:34:00,104,2,718
22447,2016-03-23,21:34:00,343,1,6831
22448,2016-03-23,21:45:00,25,2,4972
22449,2016-03-23,21:58:00,294,2,440
22450,2016-03-23,22:08:00,218,2,877
22451,2016-03-23,22:09:00,312,1,10158
22452,2016-03-23,22:15:00,122,2,1191
22453,2016-03-23,22:18:00,340,2,6870
22454,2016-03-23,22:21:00,170,2,180
22455,2016-03-23,22:25:00,58,2,1258
22456,2016-03-23,22:38:00,397,3,11387
22457,2016-03-23,22:41:00,81,1,3963
22458,2016-03-23,22:48:00,146,2,3107
22459,2016-03-23,22:55:00,36,1,10449
22460,2016-03-23,22:55:00,239,1,5113
22461,2016-03-23,22:55:00,74,5,3476
22462,2016-03-23,22:56:00,82,1,1098
22463,2016-03-23,23:01:00,219,3,5791
22464,2016-03-23,23:05:00,122,1,2823
22465,2016-03-23,23:13:00,15,2,2564
22466,2016-03-23,23:15:00,276,1,2330
22467,2016-03-23,23:22:00,103,1,3524
22468,2016-03-23,23:30:00,118,2,5273
22469,2016-03-23,23:37:00,205,1,3241
22470,2016-03-23,23:40:00,451,2,11650
22471,2016-03-23,23:41:00,114,2,9545
22472,2016-03-23,23:46:00,49,3,2324
22473,2016-03-23,23:46:00,445,1,831
22474,2016-03-23,23:52:00,401,1,10699
22475,2016-03-24,00:01:00,56,2,10112
22476,2016-03-24,00:08:00,16,4,7797
22477,2016-03-24,00:10:00,83,2,1201
22478,2016-03-24,00:19:00,40,1,188
22479,2016-03-24,00:37:00,337,2,8180
22480,2016-03-24,00:41:00,378,1,9866
22481,2016-03-24,00:44:00,75,2,5000
22482,2016-03-24,00:55:00,144,1,7003
22483,2016-03-24,00:58:00,419,1,8667
22484,2016-03-24,01:04:00,410,3,6174
22485,2016-03-24,01:10:00,281,2,1392
22486,2016-03-24,01:11:00,185,2,291
22487,2016-03-24,01:12:00,348,2,9244
22488,2016-03-24,01:15:00,218,2,5251
22489,2016-03-24,01:18:00,441,2,2478
22490,2016-03-24,01:20:00,82,1,11640
22491,2016-03-24,01:23:00,217,1,5034
22492,2016-03-24,01:25:00,196,2,6931
22493,2016-03-24,01:25:00,62,1,5176
22494,2016-03-24,01:27:00,355,1,1722
22495,2016-03-24,01:33:00,145,2,471
22496,2016-03-24,01:33:00,429,1,2203
22497,2016-03-24,01:39:00,281,2,707
22498,2016-03-24,01:43:00,15,2,10200
22499,2016-03-24,01:59:00,372,1,6922
22500,2016-03-24,02:06:00,328,2,6770
22501,2016-03-24,02:11:00,275,1,4630
22502,2016-03-24,02:25:00,321,3,5821
22503,2016-03-24,02:33:00,354,1,8991
22504,2016-03-24,02:40:00,390,1,5417
22505,2016-03-24,02:41:00,317,1,9111
22506,2016-03-24,02:44:00,199,1,9682
22507,2016-03-24,02:46:00,434,3,2223
22508,2016-03-24,02:46:00,339,1,4820
22509,2016-03-24,02:53:00,225,3,6217
22510,2016-03-24,03:07:00,291,1,3032
22511,2016-03-24,03:08:00,397,1,8858
22512,2016-03-24,03:12:00,152,2,7647
22513,2016-03-24,03:13:00,337,2,7130
22514,2016-03-24,03:13:00,51,2,1784
22515,2016-03-24,03:27:00,298,3,3084
22516,2016-03-24,03:33:00,75,2,3933
22517,2016-03-24,03:38:00,34,1,4255
22518,2016-03-24,03:41:00,456,3,659
22519,2016-03-24,03:46:00,445,1,7736
22520,2016-03-24,03:53:00,347,1,4895
22521,2016-03-24,03:57:00,358,2,1224
22522,2016-03-24,04:09:00,411,3,4268
22523,2016-03-24,04:20:00,113,3,10842
22524,2016-03-24,04:27:00,81,1,10478
22525,2016-03-24,04:29:00,363,2,10801
22526,2016-03-24,04:36:00,391,1,6498
22527,2016-03-24,04:38:00,168,2,4501
22528,2016-03-24,04:40:00,167,1,8790
22529,2016-03-24,04:41:00,213,1,3515
22530,2016-03-24,04:43:00,256,2,7286
22531,2016-03-24,04:50:00,412,1,2627
22532,2016-03-24,04:50:00,59,1,8387
22533,2016-03-24,04:56:00,96,1,7993
22534,2016-03-24,04:59:00,32,1,11818
22535,2016-03-24,05:05:00,277,2,10983
22536,2016-03-24,05:06:00,417,2,433
22537,2016-03-24,05:08:00,106,1,2065
22538,2016-03-24,05:23:00,379,2,9521
22539,2016-03-24,05:29:00,332,2,10135
22540,2016-03-24,05:33:00,453,1,8077
22541,2016-03-24,05:36:00,232,1,11678
22542,2016-03-24,05:41:00,136,2,620
22543,2016-03-24,05:41:00,453,1,4350
22544,2016-03-24,05:45:00,451,2,10513
22545,2016-03-24,05:47:00,144,4,3088
22546,2016-03-24,05:50:00,268,2,1224
22547,2016-03-24,05:50:00,115,1,10757
22548,2016-03-24,05:51:00,294,2,11430
22549,2016-03-24,05:52:00,71,1,7897
22550,2016-03-24,05:52:00,28,3,7836
22551,2016-03-24,05:53:00,72,1,10504
22552,2016-03-24,05:55:00,420,2,2191
22553,2016-03-24,05:58:00,141,2,7310
22554,2016-03-24,06:10:00,227,3,4787
22555,2016-03-24,06:16:00,269,2,5855
22556,2016-03-24,06:21:00,55,2,7634
22557,2016-03-24,06:23:00,122,2,4458
22558,2016-03-24,06:24:00,239,2,4972
22559,2016-03-24,06:26:00,432,1,5948
22560,2016-03-24,06:30:00,3,7,4003
22561,2016-03-24,06:32:00,119,2,3572
22562,2016-03-24,06:45:00,391,1,7580
22563,2016-03-24,06:54:00,455,2,8654
22564,2016-03-24,06:58:00,280,1,4678
22565,2016-03-24,06:59:00,141,1,11201
22566,2016-03-24,07:00:00,162,2,6467
22567,2016-03-24,07:01:00,153,1,8969
22568,2016-03-24,07:04:00,53,4,3805
22569,2016-03-24,07:12:00,455,2,8176
22570,2016-03-24,07:27:00,404,2,3749
22571,2016-03-24,07:30:00,299,1,2741
22572,2016-03-24,07:41:00,191,2,7614
22573,2016-03-24,07:50:00,455,3,640
22574,2016-03-24,07:52:00,221,3,2295
22575,2016-03-24,08:07:00,383,1,1721
22576,2016-03-24,08:26:00,11,1,5059
22577,2016-03-24,08:28:00,2,2,8988
22578,2016-03-24,08:33:00,102,2,1490
22579,2016-03-24,08:37:00,239,1,5920
22580,2016-03-24,08:37:00,438,2,10192
22581,2016-03-24,08:41:00,130,2,3745
22582,2016-03-24,08:44:00,285,1,10341
22583,2016-03-24,08:52:00,46,2,7656
22584,2016-03-24,09:07:00,128,1,2715
22585,2016-03-24,09:09:00,284,1,3708
22586,2016-03-24,09:10:00,13,3,11214
22587,2016-03-24,09:17:00,331,4,5571
22588,2016-03-24,09:29:00,206,2,5162
22589,2016-03-24,09:43:00,272,1,330
22590,2016-03-24,09:43:00,438,1,2862
22591,2016-03-24,09:45:00,33,1,1571
22592,2016-03-24,09:56:00,441,2,691
22593,2016-03-24,09:58:00,20,2,8863
22594,2016-03-24,10:11:00,223,2,1415
22595,2016-03-24,10:16:00,366,2,11618
22596,2016-03-24,10:23:00,330,3,10457
22597,2016-03-24,10:24:00,356,3,9841
22598,2016-03-24,10:30:00,226,1,6814
22599,2016-03-24,10:34:00,279,1,8995
22600,2016-03-24,10:35:00,168,2,2377
22601,2016-03-24,10:38:00,10,3,1896
22602,2016-03-24,10:39:00,302,3,1608
22603,2016-03-24,10:48:00,302,2,1416
22604,2016-03-24,10:56:00,397,3,3366
22605,2016-03-24,10:58:00,185,2,8247
22606,2016-03-24,11:14:00,70,1,10978
22607,2016-03-24,11:17:00,86,1,10920
22608,2016-03-24,11:28:00,298,2,4915
22609,2016-03-24,11:30:00,328,2,8499
22610,2016-03-24,11:31:00,246,3,8497
22611,2016-03-24,11:37:00,54,1,5038
22612,2016-03-24,11:48:00,152,1,7794
22613,2016-03-24,11:51:00,304,3,10550
22614,2016-03-24,11:52:00,268,4,5223
22615,2016-03-24,11:55:00,61,3,2713
22616,2016-03-24,11:57:00,45,1,10261
22617,2016-03-24,12:18:00,95,2,611
22618,2016-03-24,12:52:00,166,2,6709
22619,2016-03-24,12:53:00,360,1,2039
22620,2016-03-24,13:03:00,270,1,5586
22621,2016-03-24,13:06:00,177,1,5079
22622,2016-03-24,13:13:00,312,1,1826
22623,2016-03-24,13:14:00,139,2,1691
22624,2016-03-24,13:24:00,288,2,7539
22625,2016-03-24,13:27:00,295,3,9585
22626,2016-03-24,13:27:00,66,1,10000
22627,2016-03-24,13:28:00,85,2,6717
22628,2016-03-24,13:33:00,254,1,2520
22629,2016-03-24,13:33:00,180,2,2864
22630,2016-03-24,13:42:00,90,2,7400
22631,2016-03-24,13:42:00,140,1,6821
22632,2016-03-24,13:44:00,154,1,11878
22633,2016-03-24,13:45:00,220,2,9406
22634,2016-03-24,13:50:00,93,1,9034
22635,2016-03-24,13:55:00,55,4,1261
22636,2016-03-24,14:00:00,163,1,1590
22637,2016-03-24,14:01:00,283,1,3701
22638,2016-03-24,14:01:00,65,2,366
22639,2016-03-24,14:02:00,159,2,4359
22640,2016-03-24,14:02:00,457,3,4114
22641,2016-03-24,14:11:00,406,6,5009
22642,2016-03-24,14:34:00,26,1,4625
22643,2016-03-24,14:39:00,208,2,3990
22644,2016-03-24,14:46:00,291,3,6882
22645,2016-03-24,14:48:00,365,3,10885
22646,2016-03-24,14:50:00,421,1,7645
22647,2016-03-24,14:53:00,375,2,2337
22648,2016-03-24,14:55:00,375,2,9671
22649,2016-03-24,15:08:00,156,1,4414
22650,2016-03-24,15:15:00,430,2,10637
22651,2016-03-24,15:17:00,66,1,6080
22652,2016-03-24,15:17:00,58,2,9935
22653,2016-03-24,15:20:00,429,1,2033
22654,2016-03-24,15:30:00,392,2,813
22655,2016-03-24,15:35:00,279,5,2893
22656,2016-03-24,15:42:00,167,2,6023
22657,2016-03-24,15:45:00,151,2,541
22658,2016-03-24,15:47:00,421,3,2136
22659,2016-03-24,15:58:00,424,1,4816
22660,2016-03-24,15:58:00,134,1,10080
22661,2016-03-24,16:08:00,166,3,4963
22662,2016-03-24,16:16:00,247,1,7400
22663,2016-03-24,16:18:00,353,1,9441
22664,2016-03-24,16:20:00,351,1,4918
22665,2016-03-24,16:21:00,438,1,11898
22666,2016-03-24,16:34:00,114,1,4743
22667,2016-03-24,16:39:00,93,1,9673
22668,2016-03-24,16:39:00,95,4,11699
22669,2016-03-24,16:44:00,189,3,5750
22670,2016-03-24,16:49:00,231,1,9743
22671,2016-03-24,16:56:00,410,3,6705
22672,2016-03-24,17:00:00,425,2,51
22673,2016-03-24,17:03:00,77,2,11825
22674,2016-03-24,17:08:00,257,2,11413
22675,2016-03-24,17:11:00,248,2,8301
22676,2016-03-24,17:14:00,128,1,5279
22677,2016-03-24,17:15:00,279,3,5257
22678,2016-03-24,17:17:00,339,4,10123
22679,2016-03-24,17:18:00,238,2,5379
22680,2016-03-24,17:19:00,308,1,6479
22681,2016-03-24,17:20:00,83,2,3511
22682,2016-03-24,17:24:00,330,1,11919
22683,2016-03-24,17:25:00,111,1,6718
22684,2016-03-24,17:35:00,198,2,2779
22685,2016-03-24,17:39:00,150,1,9478
22686,2016-03-24,17:43:00,229,1,8927
22687,2016-03-24,17:44:00,344,4,5282
22688,2016-03-24,18:08:00,266,1,6221
22689,2016-03-24,18:25:00,204,2,5588
22690,2016-03-24,18:25:00,233,3,781
22691,2016-03-24,18:30:00,348,3,9098
22692,2016-03-24,18:43:00,344,3,11968
22693,2016-03-24,18:53:00,282,1,893
22694,2016-03-24,18:56:00,60,3,8544
22695,2016-03-24,18:58:00,128,3,11406
22696,2016-03-24,19:01:00,224,2,11987
22697,2016-03-24,19:01:00,398,3,5763
22698,2016-03-24,19:17:00,345,1,10078
22699,2016-03-24,19:17:00,272,2,5551
22700,2016-03-24,19:18:00,396,2,104
22701,2016-03-24,19:20:00,7,3,1024
22702,2016-03-24,19:23:00,30,2,2357
22703,2016-03-24,19:26:00,367,1,382
22704,2016-03-24,19:27:00,159,2,4383
22705,2016-03-24,19:32:00,432,3,7952
22706,2016-03-24,19:33:00,105,1,4869
22707,2016-03-24,19:36:00,316,2,7555
22708,2016-03-24,19:50:00,209,2,174
22709,2016-03-24,19:51:00,151,2,4471
22710,2016-03-24,19:58:00,131,1,5717
22711,2016-03-24,19:59:00,352,2,9701
22712,2016-03-24,20:07:00,264,2,11840
22713,2016-03-24,20:07:00,317,4,2179
22714,2016-03-24,20:20:00,22,1,774
22715,2016-03-24,20:25:00,448,1,8003
22716,2016-03-24,20:27:00,245,1,5578
22717,2016-03-24,20:39:00,411,2,10090
22718,2016-03-24,20:39:00,47,1,8456
22719,2016-03-24,20:41:00,195,2,2883
22720,2016-03-24,20:45:00,451,2,8962
22721,2016-03-24,20:50:00,159,2,9396
22722,2016-03-24,20:51:00,313,1,8554
22723,2016-03-24,20:54:00,107,1,3750
22724,2016-03-24,21:04:00,247,2,8040
22725,2016-03-24,21:05:00,315,1,4484
22726,2016-03-24,21:08:00,458,2,8250
22727,2016-03-24,21:19:00,223,1,8712
22728,2016-03-24,21:39:00,108,3,11529
22729,2016-03-24,21:42:00,36,1,5704
22730,2016-03-24,21:55:00,55,2,1205
22731,2016-03-24,22:20:00,406,4,7622
22732,2016-03-24,22:23:00,190,1,5229
22733,2016-03-24,22:28:00,275,3,158
22734,2016-03-24,22:30:00,207,1,4522
22735,2016-03-24,22:33:00,348,2,2790
22736,2016-03-24,22:34:00,24,1,9520
22737,2016-03-24,22:48:00,167,2,9016
22738,2016-03-24,22:50:00,178,2,95
22739,2016-03-24,22:55:00,85,2,7822
22740,2016-03-24,23:00:00,265,2,1300
22741,2016-03-24,23:03:00,434,4,8577
22742,2016-03-24,23:16:00,337,3,483
22743,2016-03-24,23:25:00,429,2,2397
22744,2016-03-24,23:38:00,452,1,9103
22745,2016-03-24,23:39:00,124,2,8099
22746,2016-03-24,23:59:00,217,3,6864
22747,2016-03-25,00:01:00,141,1,38
22748,2016-03-25,00:05:00,312,3,943
22749,2016-03-25,00:10:00,145,3,1610
22750,2016-03-25,00:14:00,104,3,7088
22751,2016-03-25,00:14:00,280,2,982
22752,2016-03-25,00:16:00,23,2,4385
22753,2016-03-25,00:26:00,335,3,4114
22754,2016-03-25,00:39:00,80,1,4809
22755,2016-03-25,00:40:00,239,3,1625
22756,2016-03-25,00:45:00,135,1,9362
22757,2016-03-25,00:48:00,303,1,1854
22758,2016-03-25,01:13:00,140,3,11745
22759,2016-03-25,01:19:00,121,1,1096
22760,2016-03-25,01:20:00,304,2,10255
22761,2016-03-25,01:26:00,56,2,4657
22762,2016-03-25,01:27:00,183,3,8395
22763,2016-03-25,01:33:00,323,2,3271
22764,2016-03-25,01:35:00,90,1,8660
22765,2016-03-25,01:38:00,154,1,8919
22766,2016-03-25,01:43:00,358,2,8583
22767,2016-03-25,01:46:00,80,2,9891
22768,2016-03-25,01:47:00,207,2,13
22769,2016-03-25,02:00:00,255,2,5531
22770,2016-03-25,02:01:00,330,1,4561
22771,2016-03-25,02:02:00,428,2,23
22772,2016-03-25,02:10:00,16,1,7358
22773,2016-03-25,02:16:00,365,1,5257
22774,2016-03-25,02:22:00,435,1,8647
22775,2016-03-25,02:22:00,39,1,2099
22776,2016-03-25,02:36:00,148,1,8424
22777,2016-03-25,02:39:00,10,1,6919
22778,2016-03-25,02:40:00,160,3,6155
22779,2016-03-25,02:42:00,302,2,6594
22780,2016-03-25,02:45:00,439,6,8004
22781,2016-03-25,02:46:00,402,1,10526
22782,2016-03-25,02:54:00,85,2,5726
22783,2016-03-25,02:56:00,230,2,9890
22784,2016-03-25,02:56:00,365,3,8942
22785,2016-03-25,02:57:00,362,1,3993
22786,2016-03-25,03:00:00,4,1,911
22787,2016-03-25,03:00:00,442,1,3418
22788,2016-03-25,03:06:00,385,1,10230
22789,2016-03-25,03:06:00,7,3,9024
22790,2016-03-25,03:15:00,130,1,11535
22791,2016-03-25,03:15:00,254,3,2979
22792,2016-03-25,03:20:00,237,3,2450
22793,2016-03-25,03:28:00,196,1,2631
22794,2016-03-25,03:31:00,450,2,9288
22795,2016-03-25,03:34:00,192,1,3709
22796,2016-03-25,03:35:00,25,1,5760
22797,2016-03-25,03:39:00,251,4,9323
22798,2016-03-25,03:42:00,434,2,6276
22799,2016-03-25,03:54:00,45,1,8058
22800,2016-03-25,03:55:00,149,1,7325
22801,2016-03-25,03:57:00,413,1,10429
22802,2016-03-25,04:00:00,294,2,6893
22803,2016-03-25,04:08:00,329,2,8671
22804,2016-03-25,04:16:00,306,1,11441
22805,2016-03-25,04:18:00,198,2,6466
22806,2016-03-25,04:34:00,214,3,11137
22807,2016-03-25,04:35:00,92,3,3690
22808,2016-03-25,04:41:00,279,1,5445
22809,2016-03-25,04:41:00,90,2,1150
22810,2016-03-25,04:43:00,442,3,7407
22811,2016-03-25,04:50:00,444,1,8159
22812,2016-03-25,04:55:00,299,3,4164
22813,2016-03-25,04:57:00,406,1,3576
22814,2016-03-25,05:05:00,268,1,8528
22815,2016-03-25,05:08:00,395,1,2283
22816,2016-03-25,05:11:00,205,5,5813
22817,2016-03-25,05:11:00,168,1,4633
22818,2016-03-25,05:11:00,405,3,6319
22819,2016-03-25,05:12:00,244,2,9662
22820,2016-03-25,05:18:00,69,2,9154
22821,2016-03-25,05:30:00,434,2,9524
22822,2016-03-25,05:33:00,345,1,8250
22823,2016-03-25,05:34:00,200,1,1265
22824,2016-03-25,05:37:00,431,2,11121
22825,2016-03-25,05:40:00,82,2,2212
22826,2016-03-25,05:45:00,37,1,1486
22827,2016-03-25,05:57:00,320,3,6926
22828,2016-03-25,05:57:00,245,4,11109
22829,2016-03-25,06:02:00,151,3,11384
22830,2016-03-25,06:07:00,411,1,1295
22831,2016-03-25,06:09:00,241,4,474
22832,2016-03-25,06:14:00,99,2,8454
22833,2016-03-25,06:25:00,388,3,11840
22834,2016-03-25,06:28:00,403,3,7400
22835,2016-03-25,06:35:00,222,2,3121
22836,2016-03-25,06:41:00,186,2,11191
22837,2016-03-25,06:42:00,411,2,11137
22838,2016-03-25,06:45:00,147,3,656
22839,2016-03-25,07:04:00,212,2,1566
22840,2016-03-25,07:04:00,119,4,3503
22841,2016-03-25,07:06:00,12,2,7653
22842,2016-03-25,07:09:00,196,1,2578
22843,2016-03-25,07:11:00,118,2,6403
22844,2016-03-25,07:18:00,390,1,6838
22845,2016-03-25,07:19:00,276,1,5281
22846,2016-03-25,07:21:00,5,3,6944
22847,2016-03-25,07:27:00,187,1,5120
22848,2016-03-25,07:37:00,337,1,5265
22849,2016-03-25,07:38:00,160,1,2425
22850,2016-03-25,07:41:00,115,1,1891
22851,2016-03-25,07:47:00,114,3,4393
22852,2016-03-25,07:51:00,14,1,11314
22853,2016-03-25,07:51:00,115,1,6217
22854,2016-03-25,07:58:00,415,1,4722
22855,2016-03-25,08:02:00,187,3,10483
22856,2016-03-25,08:06:00,285,3,7765
22857,2016-03-25,08:08:00,288,1,10741
22858,2016-03-25,08:17:00,319,1,9736
22859,2016-03-25,08:45:00,266,2,537
22860,2016-03-25,08:58:00,416,2,167
22861,2016-03-25,09:01:00,446,3,9962
22862,2016-03-25,09:13:00,234,1,3232
22863,2016-03-25,09:15:00,52,2,5131
22864,2016-03-25,09:19:00,418,2,8917
22865,2016-03-25,09:27:00,406,3,5833
22866,2016-03-25,09:29:00,240,3,1370
22867,2016-03-25,09:33:00,89,2,2731
22868,2016-03-25,09:37:00,2,3,8722
22869,2016-03-25,09:49:00,296,1,115
22870,2016-03-25,09:49:00,452,4,7989
22871,2016-03-25,09:53:00,456,1,5701
22872,2016-03-25,09:56:00,121,3,9382
22873,2016-03-25,10:00:00,218,3,11335
22874,2016-03-25,10:14:00,429,2,1443
22875,2016-03-25,10:39:00,207,1,4283
22876,2016-03-25,10:43:00,450,4,9937
22877,2016-03-25,10:44:00,21,1,7920
22878,2016-03-25,10:50:00,425,1,1870
22879,2016-03-25,10:52:00,67,3,6605
22880,2016-03-25,10:54:00,263,3,504
22881,2016-03-25,10:58:00,214,3,5196
22882,2016-03-25,11:03:00,58,2,6269
22883,2016-03-25,11:13:00,417,3,1188
22884,2016-03-25,11:14:00,58,3,1874
22885,2016-03-25,11:14:00,255,2,10606
22886,2016-03-25,11:15:00,5,2,1331
22887,2016-03-25,11:19:00,376,2,10169
22888,2016-03-25,11:26:00,370,2,1000
22889,2016-03-25,11:29:00,327,3,4633
22890,2016-03-25,11:30:00,357,1,6185
22891,2016-03-25,11:30:00,440,1,8350
22892,2016-03-25,11:30:00,135,2,5278
22893,2016-03-25,11:34:00,203,2,10411
22894,2016-03-25,11:35:00,170,1,7203
22895,2016-03-25,11:37:00,89,3,6806
22896,2016-03-25,11:42:00,51,4,535
22897,2016-03-25,11:44:00,27,1,3078
22898,2016-03-25,11:44:00,338,3,1387
22899,2016-03-25,11:50:00,50,2,5951
22900,2016-03-25,11:52:00,378,2,9427
22901,2016-03-25,12:03:00,424,2,9433
22902,2016-03-25,12:04:00,204,2,3493
22903,2016-03-25,12:06:00,92,1,2525
22904,2016-03-25,12:09:00,58,3,4269
22905,2016-03-25,12:12:00,77,1,7761
22906,2016-03-25,12:13:00,68,2,5826
22907,2016-03-25,12:26:00,114,3,8286
22908,2016-03-25,12:38:00,456,2,10555
22909,2016-03-25,12:39:00,206,1,4821
22910,2016-03-25,12:44:00,137,2,4682
22911,2016-03-25,12:45:00,14,2,265
22912,2016-03-25,12:52:00,218,2,4137
22913,2016-03-25,13:22:00,379,1,7146
22914,2016-03-25,13:27:00,282,2,11459
22915,2016-03-25,13:33:00,307,3,1987
22916,2016-03-25,13:38:00,357,2,10605
22917,2016-03-25,13:40:00,16,1,9819
22918,2016-03-25,13:40:00,214,3,5594
22919,2016-03-25,13:43:00,2,1,6802
22920,2016-03-25,13:43:00,77,2,6768
22921,2016-03-25,13:44:00,307,4,7010
22922,2016-03-25,13:46:00,24,1,6566
22923,2016-03-25,13:49:00,200,3,1003
22924,2016-03-25,13:50:00,143,2,9293
22925,2016-03-25,13:53:00,193,2,10334
22926,2016-03-25,13:57:00,305,3,5191
22927,2016-03-25,13:59:00,177,4,7176
22928,2016-03-25,14:01:00,387,1,10968
22929,2016-03-25,14:07:00,235,1,10466
22930,2016-03-25,14:08:00,200,4,9415
22931,2016-03-25,14:11:00,418,3,3023
22932,2016-03-25,14:17:00,187,2,3740
22933,2016-03-25,14:29:00,359,3,1988
22934,2016-03-25,14:30:00,107,2,5121
22935,2016-03-25,14:40:00,235,3,8799
22936,2016-03-25,14:42:00,354,3,6455
22937,2016-03-25,15:09:00,344,1,3532
22938,2016-03-25,15:11:00,405,1,9079
22939,2016-03-25,15:19:00,411,3,3871
22940,2016-03-25,15:31:00,283,1,7213
22941,2016-03-25,15:40:00,207,4,10325
22942,2016-03-25,15:41:00,370,1,415
22943,2016-03-25,15:41:00,222,2,10292
22944,2016-03-25,15:44:00,439,2,3097
22945,2016-03-25,15:53:00,20,1,181
22946,2016-03-25,15:58:00,226,2,8142
22947,2016-03-25,16:00:00,452,2,9700
22948,2016-03-25,16:06:00,423,2,2426
22949,2016-03-25,16:08:00,428,2,10624
22950,2016-03-25,16:15:00,20,2,9246
22951,2016-03-25,16:16:00,197,1,3614
22952,2016-03-25,16:18:00,224,1,10047
22953,2016-03-25,16:25:00,200,1,6217
22954,2016-03-25,16:28:00,3,4,1631
22955,2016-03-25,16:33:00,122,2,10394
22956,2016-03-25,16:38:00,33,1,2514
22957,2016-03-25,16:45:00,14,1,8549
22958,2016-03-25,16:48:00,105,2,6558
22959,2016-03-25,16:50:00,158,1,5279
22960,2016-03-25,16:55:00,290,2,9369
22961,2016-03-25,17:12:00,276,1,9925
22962,2016-03-25,17:19:00,128,1,11504
22963,2016-03-25,17:19:00,115,1,7257
22964,2016-03-25,17:21:00,397,3,6130
22965,2016-03-25,17:27:00,38,2,9965
22966,2016-03-25,17:28:00,225,2,6794
22967,2016-03-25,17:30:00,288,2,7515
22968,2016-03-25,17:35:00,329,2,4591
22969,2016-03-25,17:39:00,334,2,11179
22970,2016-03-25,17:43:00,357,2,2244
22971,2016-03-25,17:48:00,46,2,4946
22972,2016-03-25,17:57:00,365,2,7664
22973,2016-03-25,17:59:00,217,1,1537
22974,2016-03-25,18:01:00,73,1,8142
22975,2016-03-25,18:07:00,302,2,1039
22976,2016-03-25,18:13:00,367,2,692
22977,2016-03-25,18:16:00,153,3,2924
22978,2016-03-25,18:28:00,444,1,8600
22979,2016-03-25,18:30:00,384,1,1224
22980,2016-03-25,18:31:00,454,3,1939
22981,2016-03-25,18:33:00,301,3,6841
22982,2016-03-25,18:34:00,263,1,4164
22983,2016-03-25,18:35:00,301,3,9906
22984,2016-03-25,18:41:00,139,1,6865
22985,2016-03-25,18:58:00,48,1,5683
22986,2016-03-25,18:59:00,163,2,7497
22987,2016-03-25,19:04:00,43,2,1223
22988,2016-03-25,19:13:00,299,2,2048
22989,2016-03-25,19:16:00,271,2,350
22990,2016-03-25,19:20:00,315,2,4415
22991,2016-03-25,19:23:00,456,1,4058
22992,2016-03-25,19:25:00,145,1,178
22993,2016-03-25,19:30:00,172,2,10969
22994,2016-03-25,19:44:00,333,2,2908
22995,2016-03-25,19:46:00,58,1,11912
22996,2016-03-25,19:50:00,180,1,4626
22997,2016-03-25,19:54:00,259,1,10256
22998,2016-03-25,19:58:00,416,1,10451
22999,2016-03-25,20:01:00,140,1,1696
23000,2016-03-25,20:05:00,130,2,3808
23001,2016-03-25,20:13:00,171,1,3137
23002,2016-03-25,20:18:00,368,1,1853
23003,2016-03-25,20:21:00,356,3,11356
23004,2016-03-25,20:24:00,228,4,443
23005,2016-03-25,20:25:00,173,2,9321
23006,2016-03-25,20:26:00,186,2,8010
23007,2016-03-25,20:31:00,64,2,5716
23008,2016-03-25,20:46:00,241,2,932
23009,2016-03-25,20:46:00,202,1,1871
23010,2016-03-25,20:47:00,422,2,3123
23011,2016-03-25,20:49:00,44,3,7456
23012,2016-03-25,20:57:00,242,5,10003
23013,2016-03-25,21:05:00,365,2,5346
23014,2016-03-25,21:09:00,244,2,9337
23015,2016-03-25,21:12:00,102,2,5316
23016,2016-03-25,21:21:00,67,2,930
23017,2016-03-25,21:26:00,412,3,1127
23018,2016-03-25,21:36:00,124,2,5351
23019,2016-03-25,21:36:00,52,1,3885
23020,2016-03-25,21:39:00,139,3,595
23021,2016-03-25,21:49:00,410,2,11068
23022,2016-03-25,22:00:00,125,2,4169
23023,2016-03-25,22:09:00,221,1,2275
23024,2016-03-25,22:10:00,148,2,5394
23025,2016-03-25,22:15:00,288,2,9259
23026,2016-03-25,22:17:00,289,2,2007
23027,2016-03-25,22:23:00,93,1,7542
23028,2016-03-25,22:26:00,2,1,4653
23029,2016-03-25,22:34:00,40,1,5421
23030,2016-03-25,22:42:00,94,2,9906
23031,2016-03-25,22:52:00,405,2,8316
23032,2016-03-25,22:52:00,14,1,11016
23033,2016-03-25,22:52:00,189,1,5837
23034,2016-03-25,22:57:00,56,2,9857
23035,2016-03-25,22:57:00,384,2,4413
23036,2016-03-25,23:01:00,144,1,4371
23037,2016-03-25,23:23:00,303,1,3407
23038,2016-03-25,23:33:00,422,1,5598
23039,2016-03-25,23:37:00,231,2,10630
23040,2016-03-25,23:45:00,186,2,6781
23041,2016-03-25,23:46:00,307,2,4703
23042,2016-03-25,23:57:00,260,1,1855
23043,2016-03-26,00:05:00,134,1,8964
23044,2016-03-26,00:21:00,312,1,131
23045,2016-03-26,00:22:00,103,4,5662
23046,2016-03-26,00:37:00,145,4,4106
23047,2016-03-26,01:08:00,397,2,1011
23048,2016-03-26,01:08:00,345,2,5225
23049,2016-03-26,01:12:00,260,5,7724
23050,2016-03-26,01:20:00,301,1,5342
23051,2016-03-26,01:22:00,99,1,5399
23052,2016-03-26,01:29:00,287,1,2948
23053,2016-03-26,01:32:00,41,4,5095
23054,2016-03-26,01:35:00,213,2,5218
23055,2016-03-26,01:35:00,283,1,6615
23056,2016-03-26,01:42:00,328,6,4130
23057,2016-03-26,01:43:00,454,3,815
23058,2016-03-26,01:47:00,101,3,7997
23059,2016-03-26,01:47:00,125,1,4930
23060,2016-03-26,01:49:00,414,2,6667
23061,2016-03-26,02:06:00,360,2,6314
23062,2016-03-26,02:07:00,167,1,4507
23063,2016-03-26,02:09:00,186,2,11489
23064,2016-03-26,02:10:00,48,1,702
23065,2016-03-26,02:11:00,406,1,5763
23066,2016-03-26,02:19:00,225,2,2844
23067,2016-03-26,02:21:00,303,2,9706
23068,2016-03-26,02:22:00,360,3,4816
23069,2016-03-26,02:32:00,47,3,290
23070,2016-03-26,02:32:00,114,1,8848
23071,2016-03-26,02:37:00,389,2,310
23072,2016-03-26,02:39:00,449,5,4993
23073,2016-03-26,02:41:00,333,1,8248
23074,2016-03-26,02:44:00,250,2,4597
23075,2016-03-26,02:50:00,319,3,7488
23076,2016-03-26,02:55:00,321,3,5117
23077,2016-03-26,03:06:00,442,4,11336
23078,2016-03-26,03:09:00,39,2,1936
23079,2016-03-26,03:25:00,97,1,5926
23080,2016-03-26,03:28:00,386,1,7086
23081,2016-03-26,03:31:00,367,1,8390
23082,2016-03-26,03:34:00,25,4,5444
23083,2016-03-26,03:45:00,411,2,4882
23084,2016-03-26,03:53:00,256,4,10610
23085,2016-03-26,03:56:00,389,1,2101
23086,2016-03-26,03:59:00,327,3,798
23087,2016-03-26,04:03:00,22,2,730
23088,2016-03-26,04:04:00,429,2,10457
23089,2016-03-26,04:06:00,339,2,10419
23090,2016-03-26,04:24:00,385,3,5767
23091,2016-03-26,04:27:00,329,1,8068
23092,2016-03-26,04:28:00,272,2,10556
23093,2016-03-26,04:29:00,244,1,9107
23094,2016-03-26,04:38:00,309,2,10885
23095,2016-03-26,05:11:00,428,1,8070
23096,2016-03-26,05:14:00,191,1,7749
23097,2016-03-26,05:20:00,411,2,218
23098,2016-03-26,05:22:00,225,1,4293
23099,2016-03-26,05:32:00,14,1,2559
23100,2016-03-26,05:35:00,442,2,335
23101,2016-03-26,05:43:00,190,1,10475
23102,2016-03-26,05:47:00,448,1,4329
23103,2016-03-26,05:49:00,382,4,8496
23104,2016-03-26,05:51:00,93,2,354
23105,2016-03-26,05:55:00,41,2,699
23106,2016-03-26,05:58:00,293,2,3458
23107,2016-03-26,06:00:00,397,2,2542
23108,2016-03-26,06:14:00,321,2,8959
23109,2016-03-26,06:18:00,246,1,3587
23110,2016-03-26,06:25:00,69,2,9287
23111,2016-03-26,06:26:00,76,1,8720
23112,2016-03-26,06:28:00,353,1,946
23113,2016-03-26,06:29:00,285,2,3252
23114,2016-03-26,06:31:00,254,1,7808
23115,2016-03-26,06:36:00,198,3,8959
23116,2016-03-26,06:43:00,288,3,4455
23117,2016-03-26,06:53:00,406,1,10659
23118,2016-03-26,07:01:00,118,3,5291
23119,2016-03-26,07:04:00,331,1,771
23120,2016-03-26,07:12:00,314,1,3238
23121,2016-03-26,07:18:00,112,2,10798
23122,2016-03-26,07:25:00,80,2,149
23123,2016-03-26,07:26:00,285,1,6015
23124,2016-03-26,07:31:00,261,2,2382
23125,2016-03-26,07:35:00,327,2,3841
23126,2016-03-26,07:36:00,50,1,1120
23127,2016-03-26,07:37:00,279,3,11487
23128,2016-03-26,07:38:00,457,2,10191
23129,2016-03-26,08:10:00,252,4,2799
23130,2016-03-26,08:12:00,131,1,6550
23131,2016-03-26,08:12:00,83,2,11283
23132,2016-03-26,08:25:00,348,3,9172
23133,2016-03-26,08:25:00,337,2,1816
23134,2016-03-26,08:28:00,302,1,11231
23135,2016-03-26,08:32:00,3,1,1361
23136,2016-03-26,08:56:00,409,4,445
23137,2016-03-26,09:08:00,55,2,6249
23138,2016-03-26,09:12:00,127,2,1628
23139,2016-03-26,09:20:00,25,3,3329
23140,2016-03-26,09:25:00,250,3,8948
23141,2016-03-26,09:25:00,123,2,10556
23142,2016-03-26,09:29:00,314,4,7163
23143,2016-03-26,09:31:00,35,3,11227
23144,2016-03-26,09:40:00,89,1,11145
23145,2016-03-26,09:48:00,195,3,1824
23146,2016-03-26,09:51:00,46,3,7013
23147,2016-03-26,09:54:00,12,2,659
23148,2016-03-26,09:55:00,244,1,2054
23149,2016-03-26,10:10:00,9,1,8079
23150,2016-03-26,10:19:00,121,2,4965
23151,2016-03-26,10:34:00,190,2,6251
23152,2016-03-26,10:39:00,179,1,2887
23153,2016-03-26,10:46:00,71,1,11080
23154,2016-03-26,10:48:00,85,2,1308
23155,2016-03-26,10:50:00,67,3,10070
23156,2016-03-26,10:51:00,187,1,4807
23157,2016-03-26,10:54:00,299,1,11762
23158,2016-03-26,10:55:00,36,1,5574
23159,2016-03-26,11:03:00,335,2,6866
23160,2016-03-26,11:04:00,174,1,7020
23161,2016-03-26,11:05:00,381,3,2912
23162,2016-03-26,11:05:00,451,1,1004
23163,2016-03-26,11:06:00,203,3,11007
23164,2016-03-26,11:09:00,346,2,1989
23165,2016-03-26,11:12:00,137,2,2433
23166,2016-03-26,11:17:00,443,2,3358
23167,2016-03-26,11:19:00,345,3,8029
23168,2016-03-26,11:27:00,226,1,7115
23169,2016-03-26,11:39:00,228,1,510
23170,2016-03-26,11:54:00,311,2,11451
23171,2016-03-26,12:09:00,83,1,5309
23172,2016-03-26,12:09:00,185,1,5766
23173,2016-03-26,12:16:00,236,1,239
23174,2016-03-26,12:17:00,102,1,9755
23175,2016-03-26,12:25:00,202,1,2450
23176,2016-03-26,12:34:00,239,1,716
23177,2016-03-26,12:58:00,445,2,3550
23178,2016-03-26,12:59:00,237,1,1210
23179,2016-03-26,13:21:00,248,2,6548
23180,2016-03-26,13:26:00,202,2,8858
23181,2016-03-26,13:39:00,289,2,616
23182,2016-03-26,13:43:00,173,2,11786
23183,2016-03-26,13:57:00,403,3,4464
23184,2016-03-26,13:59:00,428,3,8742
23185,2016-03-26,14:03:00,383,1,6630
23186,2016-03-26,14:08:00,387,1,2337
23187,2016-03-26,14:11:00,365,2,3746
23188,2016-03-26,14:13:00,386,3,6956
23189,2016-03-26,14:42:00,51,3,3543
23190,2016-03-26,15:01:00,221,1,2762
23191,2016-03-26,15:04:00,189,1,4679
23192,2016-03-26,15:05:00,227,2,1195
23193,2016-03-26,15:06:00,108,1,1481
23194,2016-03-26,15:07:00,266,1,572
23195,2016-03-26,15:15:00,378,1,6140
23196,2016-03-26,15:15:00,456,2,6447
23197,2016-03-26,15:15:00,342,3,8562
23198,2016-03-26,15:17:00,239,2,882
23199,2016-03-26,15:21:00,131,3,3410
23200,2016-03-26,15:29:00,224,1,4797
23201,2016-03-26,15:33:00,281,2,5441
23202,2016-03-26,15:41:00,246,3,11765
23203,2016-03-26,15:45:00,246,1,716
23204,2016-03-26,15:45:00,275,3,4839
23205,2016-03-26,15:55:00,416,1,4870
23206,2016-03-26,16:02:00,300,1,6486
23207,2016-03-26,16:05:00,412,2,5341
23208,2016-03-26,16:06:00,317,2,4328
23209,2016-03-26,16:14:00,292,3,5411
23210,2016-03-26,16:17:00,246,4,976
23211,2016-03-26,16:19:00,35,2,10395
23212,2016-03-26,16:19:00,162,1,8229
23213,2016-03-26,16:32:00,139,1,8987
23214,2016-03-26,16:37:00,43,3,3047
23215,2016-03-26,16:45:00,267,2,9596
23216,2016-03-26,16:50:00,218,1,1279
23217,2016-03-26,16:57:00,258,2,10521
23218,2016-03-26,17:01:00,300,2,9493
23219,2016-03-26,17:06:00,264,3,2860
23220,2016-03-26,17:09:00,226,2,10906
23221,2016-03-26,17:12:00,37,3,11762
23222,2016-03-26,17:53:00,407,2,6747
23223,2016-03-26,17:54:00,140,3,9720
23224,2016-03-26,18:03:00,15,3,9023
23225,2016-03-26,18:15:00,309,3,4852
23226,2016-03-26,18:17:00,425,3,8982
23227,2016-03-26,18:29:00,107,2,9000
23228,2016-03-26,18:38:00,196,3,10039
23229,2016-03-26,18:39:00,376,1,79
23230,2016-03-26,18:52:00,254,1,9075
23231,2016-03-26,18:58:00,453,2,7514
23232,2016-03-26,18:58:00,229,3,9166
23233,2016-03-26,19:01:00,415,4,5602
23234,2016-03-26,19:02:00,320,2,7945
23235,2016-03-26,19:07:00,281,1,6920
23236,2016-03-26,19:07:00,183,3,5144
23237,2016-03-26,19:15:00,190,2,4070
23238,2016-03-26,19:28:00,199,1,1482
23239,2016-03-26,19:30:00,86,1,10043
23240,2016-03-26,19:32:00,111,3,7002
23241,2016-03-26,19:34:00,317,1,6469
23242,2016-03-26,19:43:00,162,5,10198
23243,2016-03-26,19:47:00,45,3,9170
23244,2016-03-26,19:56:00,167,2,7612
23245,2016-03-26,20:01:00,348,3,10466
23246,2016-03-26,20:06:00,201,3,9462
23247,2016-03-26,20:09:00,346,2,11095
23248,2016-03-26,20:19:00,348,1,9272
23249,2016-03-26,20:26:00,157,1,8252
23250,2016-03-26,20:33:00,144,2,6527
23251,2016-03-26,20:35:00,300,2,3678
23252,2016-03-26,20:44:00,181,1,9937
23253,2016-03-26,20:44:00,76,1,8726
23254,2016-03-26,20:45:00,262,3,4084
23255,2016-03-26,20:48:00,60,1,5081
23256,2016-03-26,20:52:00,183,2,365
23257,2016-03-26,20:57:00,15,2,1186
23258,2016-03-26,21:02:00,10,1,410
23259,2016-03-26,21:04:00,219,3,7802
23260,2016-03-26,21:34:00,201,1,2314
23261,2016-03-26,21:38:00,266,1,4202
23262,2016-03-26,21:47:00,62,1,10854
23263,2016-03-26,21:51:00,344,3,4112
23264,2016-03-26,21:52:00,424,3,9060
23265,2016-03-26,22:02:00,154,1,7299
23266,2016-03-26,22:05:00,373,1,10805
23267,2016-03-26,22:07:00,426,2,6539
23268,2016-03-26,22:10:00,159,1,7599
23269,2016-03-26,22:11:00,69,1,6050
23270,2016-03-26,22:12:00,274,1,9911
23271,2016-03-26,22:17:00,157,5,3198
23272,2016-03-26,22:18:00,420,2,2795
23273,2016-03-26,22:23:00,246,1,7113
23274,2016-03-26,22:29:00,445,1,9419
23275,2016-03-26,22:30:00,266,2,3175
23276,2016-03-26,22:43:00,273,1,6180
23277,2016-03-26,22:46:00,164,1,1219
23278,2016-03-26,22:55:00,295,3,5247
23279,2016-03-26,23:08:00,387,3,4812
23280,2016-03-26,23:10:00,271,2,1984
23281,2016-03-26,23:15:00,378,3,10046
23282,2016-03-26,23:21:00,36,1,2525
23283,2016-03-26,23:24:00,425,1,10272
23284,2016-03-26,23:25:00,67,2,1548
23285,2016-03-26,23:26:00,94,2,6247
23286,2016-03-26,23:28:00,290,1,2480
23287,2016-03-26,23:31:00,129,4,6309
23288,2016-03-26,23:41:00,228,1,5501
23289,2016-03-26,23:42:00,159,3,10371
23290,2016-03-26,23:43:00,14,3,6473
23291,2016-03-26,23:44:00,35,2,2467
23292,2016-03-26,23:48:00,338,1,8015
23293,2016-03-26,23:50:00,315,1,4904
23294,2016-03-27,00:01:00,206,2,10094
23295,2016-03-27,00:01:00,248,2,11592
23296,2016-03-27,00:05:00,6,2,572
23297,2016-03-27,00:15:00,166,3,11731
23298,2016-03-27,00:24:00,83,2,5877
23299,2016-03-27,00:47:00,177,1,8179
23300,2016-03-27,01:05:00,191,5,9940
23301,2016-03-27,01:08:00,270,4,6941
23302,2016-03-27,01:12:00,256,2,445
23303,2016-03-27,01:45:00,423,3,47
23304,2016-03-27,01:46:00,405,4,2457
23305,2016-03-27,01:53:00,245,3,1969
23306,2016-03-27,02:00:00,143,3,158
23307,2016-03-27,02:05:00,85,2,11370
23308,2016-03-27,02:07:00,256,2,11746
23309,2016-03-27,02:09:00,15,3,1295
23310,2016-03-27,02:12:00,56,2,2552
23311,2016-03-27,02:19:00,26,2,730
23312,2016-03-27,02:22:00,297,1,2712
23313,2016-03-27,03:07:00,393,2,4130
23314,2016-03-27,03:16:00,68,3,5745
23315,2016-03-27,03:24:00,28,1,11197
23316,2016-03-27,03:28:00,51,2,10310
23317,2016-03-27,03:40:00,404,2,6967
23318,2016-03-27,03:48:00,10,4,6374
23319,2016-03-27,03:54:00,5,1,7912
23320,2016-03-27,03:58:00,64,2,566
23321,2016-03-27,03:59:00,299,1,3574
23322,2016-03-27,04:04:00,400,2,7179
23323,2016-03-27,04:04:00,264,2,10012
23324,2016-03-27,04:04:00,21,1,4186
23325,2016-03-27,04:08:00,381,4,2295
23326,2016-03-27,04:10:00,25,2,9081
23327,2016-03-27,04:18:00,4,4,10181
23328,2016-03-27,04:19:00,201,3,690
23329,2016-03-27,04:24:00,62,3,7311
23330,2016-03-27,04:26:00,87,2,11095
23331,2016-03-27,04:40:00,248,2,10163
23332,2016-03-27,04:40:00,374,2,672
23333,2016-03-27,04:54:00,163,4,1085
23334,2016-03-27,04:54:00,114,1,5474
23335,2016-03-27,04:54:00,33,2,3228
23336,2016-03-27,04:58:00,219,1,6956
23337,2016-03-27,05:02:00,357,1,7991
23338,2016-03-27,05:28:00,284,2,10376
23339,2016-03-27,05:41:00,428,2,674
23340,2016-03-27,05:45:00,73,2,11988
23341,2016-03-27,05:54:00,109,2,4763
23342,2016-03-27,06:03:00,80,1,8958
23343,2016-03-27,06:03:00,110,1,11200
23344,2016-03-27,06:08:00,338,3,1659
23345,2016-03-27,06:21:00,229,2,8586
23346,2016-03-27,06:23:00,209,3,5564
23347,2016-03-27,06:24:00,352,1,7444
23348,2016-03-27,06:24:00,21,2,1551
23349,2016-03-27,06:28:00,40,1,8442
23350,2016-03-27,06:33:00,368,1,10702
23351,2016-03-27,06:33:00,147,2,6038
23352,2016-03-27,06:38:00,190,2,8084
23353,2016-03-27,06:45:00,317,2,8775
23354,2016-03-27,06:48:00,285,2,2557
23355,2016-03-27,06:48:00,412,5,1935
23356,2016-03-27,06:52:00,236,1,9545
23357,2016-03-27,07:05:00,372,2,1577
23358,2016-03-27,07:08:00,369,1,11350
23359,2016-03-27,07:15:00,85,3,5411
23360,2016-03-27,07:19:00,76,1,427
23361,2016-03-27,07:19:00,377,2,9544
23362,2016-03-27,07:24:00,343,1,3501
23363,2016-03-27,07:25:00,185,2,8314
23364,2016-03-27,07:33:00,235,4,4737
23365,2016-03-27,07:36:00,437,3,9178
23366,2016-03-27,07:39:00,224,2,8382
23367,2016-03-27,07:44:00,432,2,4646
23368,2016-03-27,07:51:00,307,1,6878
23369,2016-03-27,07:57:00,92,2,437
23370,2016-03-27,08:02:00,382,2,11377
23371,2016-03-27,08:04:00,64,1,9887
23372,2016-03-27,08:09:00,27,2,10239
23373,2016-03-27,08:12:00,45,2,7722
23374,2016-03-27,08:12:00,94,2,6635
23375,2016-03-27,08:13:00,179,2,6237
23376,2016-03-27,08:15:00,326,4,4337
23377,2016-03-27,08:15:00,406,3,595
23378,2016-03-27,08:15:00,266,3,6609
23379,2016-03-27,08:19:00,144,3,3196
23380,2016-03-27,08:20:00,84,1,10331
23381,2016-03-27,08:23:00,257,4,2962
23382,2016-03-27,08:57:00,436,1,6339
23383,2016-03-27,09:04:00,36,2,5212
23384,2016-03-27,09:08:00,122,2,4616
23385,2016-03-27,09:09:00,170,2,3312
23386,2016-03-27,09:19:00,195,2,1942
23387,2016-03-27,09:25:00,290,2,10227
23388,2016-03-27,09:34:00,193,3,6239
23389,2016-03-27,09:36:00,150,1,863
23390,2016-03-27,09:36:00,274,3,4379
23391,2016-03-27,09:45:00,298,1,3803
23392,2016-03-27,10:03:00,1,1,11156
23393,2016-03-27,10:27:00,226,1,9212
23394,2016-03-27,10:27:00,20,2,764
23395,2016-03-27,10:33:00,458,2,7043
23396,2016-03-27,10:45:00,270,2,10332
23397,2016-03-27,10:47:00,290,1,9166
23398,2016-03-27,10:58:00,272,3,6236
23399,2016-03-27,11:02:00,426,3,1061
23400,2016-03-27,11:05:00,409,4,8569
23401,2016-03-27,11:15:00,243,3,968
23402,2016-03-27,11:15:00,197,1,7888
23403,2016-03-27,11:16:00,83,1,4980
23404,2016-03-27,11:17:00,162,3,9670
23405,2016-03-27,11:18:00,78,3,10949
23406,2016-03-27,11:19:00,434,1,10294
23407,2016-03-27,11:24:00,55,2,4752
23408,2016-03-27,11:24:00,399,2,11810
23409,2016-03-27,11:28:00,185,1,9444
23410,2016-03-27,11:29:00,102,3,7639
23411,2016-03-27,11:37:00,279,2,4017
23412,2016-03-27,11:43:00,91,1,4438
23413,2016-03-27,11:46:00,394,1,11154
23414,2016-03-27,11:59:00,409,1,2537
23415,2016-03-27,12:00:00,371,1,7369
23416,2016-03-27,12:01:00,402,1,7070
23417,2016-03-27,12:04:00,252,2,6163
23418,2016-03-27,12:10:00,271,1,4521
23419,2016-03-27,12:16:00,290,2,8385
23420,2016-03-27,12:26:00,9,4,8505
23421,2016-03-27,12:28:00,196,1,8511
23422,2016-03-27,12:28:00,205,1,11719
23423,2016-03-27,12:32:00,147,2,1175
23424,2016-03-27,12:33:00,445,1,10299
23425,2016-03-27,12:37:00,235,1,10710
23426,2016-03-27,12:41:00,117,1,1237
23427,2016-03-27,12:51:00,446,2,8927
23428,2016-03-27,12:52:00,267,1,1878
23429,2016-03-27,12:52:00,19,1,11009
23430,2016-03-27,12:58:00,201,2,4230
23431,2016-03-27,13:06:00,315,2,6961
23432,2016-03-27,13:12:00,276,1,8524
23433,2016-03-27,13:22:00,312,2,5338
23434,2016-03-27,13:33:00,275,2,2826
23435,2016-03-27,13:42:00,73,1,3904
23436,2016-03-27,13:43:00,354,1,10862
23437,2016-03-27,13:46:00,306,4,2148
23438,2016-03-27,13:49:00,166,2,7271
23439,2016-03-27,13:50:00,360,1,11094
23440,2016-03-27,13:54:00,315,2,10864
23441,2016-03-27,13:55:00,446,3,3105
23442,2016-03-27,14:02:00,102,3,5030
23443,2016-03-27,14:10:00,442,2,4854
23444,2016-03-27,14:23:00,211,3,10419
23445,2016-03-27,14:24:00,122,2,849
23446,2016-03-27,14:24:00,167,2,11962
23447,2016-03-27,14:25:00,212,1,9692
23448,2016-03-27,14:27:00,136,2,10179
23449,2016-03-27,14:27:00,125,2,10347
23450,2016-03-27,14:28:00,225,3,2249
23451,2016-03-27,14:28:00,161,2,7260
23452,2016-03-27,14:29:00,25,3,8468
23453,2016-03-27,14:29:00,173,1,6739
23454,2016-03-27,14:32:00,142,2,10607
23455,2016-03-27,14:38:00,2,1,9259
23456,2016-03-27,14:39:00,398,1,6685
23457,2016-03-27,14:44:00,254,1,11215
23458,2016-03-27,14:46:00,177,2,7220
23459,2016-03-27,14:54:00,299,3,10941
23460,2016-03-27,14:54:00,135,2,11749
23461,2016-03-27,15:19:00,366,1,172
23462,2016-03-27,15:20:00,132,1,8871
23463,2016-03-27,15:22:00,383,3,11031
23464,2016-03-27,15:23:00,440,5,6194
23465,2016-03-27,15:23:00,391,3,4341
23466,2016-03-27,15:27:00,448,1,2939
23467,2016-03-27,15:28:00,60,3,8331
23468,2016-03-27,15:37:00,323,2,1917
23469,2016-03-27,15:39:00,215,2,1324
23470,2016-03-27,15:41:00,446,2,1453
23471,2016-03-27,15:46:00,308,1,9635
23472,2016-03-27,15:52:00,259,3,254
23473,2016-03-27,15:53:00,69,2,8762
23474,2016-03-27,16:03:00,426,3,6765
23475,2016-03-27,16:03:00,302,3,6715
23476,2016-03-27,16:06:00,440,1,6173
23477,2016-03-27,16:06:00,108,2,9682
23478,2016-03-27,16:28:00,77,2,409
23479,2016-03-27,16:40:00,76,2,6819
23480,2016-03-27,16:41:00,22,1,7415
23481,2016-03-27,16:42:00,399,2,208
23482,2016-03-27,16:58:00,408,1,7849
23483,2016-03-27,17:04:00,315,1,557
23484,2016-03-27,17:10:00,294,2,7030
23485,2016-03-27,17:11:00,38,1,6633
23486,2016-03-27,17:17:00,381,3,3790
23487,2016-03-27,17:27:00,213,2,5875
23488,2016-03-27,17:27:00,153,1,6834
23489,2016-03-27,17:28:00,83,1,7352
23490,2016-03-27,17:28:00,127,3,2779
23491,2016-03-27,17:32:00,345,2,184
23492,2016-03-27,17:33:00,54,2,10635
23493,2016-03-27,17:36:00,407,2,8349
23494,2016-03-27,17:43:00,355,2,5517
23495,2016-03-27,17:46:00,434,1,11346
23496,2016-03-27,17:57:00,176,1,10470
23497,2016-03-27,17:58:00,45,1,3915
23498,2016-03-27,18:03:00,103,1,7713
23499,2016-03-27,18:06:00,277,1,11732
23500,2016-03-27,18:22:00,135,1,10467
23501,2016-03-27,18:27:00,153,2,5559
23502,2016-03-27,18:28:00,307,3,855
23503,2016-03-27,18:32:00,166,3,5819
23504,2016-03-27,18:42:00,455,1,11388
23505,2016-03-27,18:43:00,176,2,1316
23506,2016-03-27,18:44:00,61,3,1358
23507,2016-03-27,18:52:00,100,1,9291
23508,2016-03-27,18:55:00,127,3,1658
23509,2016-03-27,19:03:00,75,1,4815
23510,2016-03-27,19:04:00,364,1,10950
23511,2016-03-27,19:07:00,426,1,407
23512,2016-03-27,19:12:00,344,3,1261
23513,2016-03-27,19:18:00,207,1,8112
23514,2016-03-27,19:18:00,16,2,9069
23515,2016-03-27,19:20:00,268,2,7488
23516,2016-03-27,19:26:00,115,2,3397
23517,2016-03-27,19:41:00,198,2,2463
23518,2016-03-27,19:47:00,216,2,1443
23519,2016-03-27,19:51:00,285,1,2038
23520,2016-03-27,19:58:00,140,1,8492
23521,2016-03-27,20:08:00,147,2,1445
23522,2016-03-27,20:15:00,248,3,10146
23523,2016-03-27,20:23:00,132,3,7426
23524,2016-03-27,20:24:00,316,2,4477
23525,2016-03-27,20:26:00,352,4,6448
23526,2016-03-27,20:43:00,404,3,10041
23527,2016-03-27,20:48:00,305,2,1565
23528,2016-03-27,20:48:00,252,4,4907
23529,2016-03-27,20:50:00,399,1,9060
23530,2016-03-27,20:52:00,215,1,699
23531,2016-03-27,21:03:00,274,1,11630
23532,2016-03-27,21:04:00,307,1,10738
23533,2016-03-27,21:06:00,275,3,8915
23534,2016-03-27,21:17:00,28,2,1502
23535,2016-03-27,21:20:00,195,2,1773
23536,2016-03-27,21:20:00,29,2,7932
23537,2016-03-27,21:25:00,345,1,7995
23538,2016-03-27,21:26:00,220,1,2695
23539,2016-03-27,21:30:00,57,2,4194
23540,2016-03-27,21:39:00,127,2,4906
23541,2016-03-27,21:42:00,69,1,5113
23542,2016-03-27,21:42:00,235,2,10282
23543,2016-03-27,22:12:00,282,2,9381
23544,2016-03-27,22:13:00,96,3,9146
23545,2016-03-27,22:14:00,121,1,4430
23546,2016-03-27,22:15:00,285,2,8568
23547,2016-03-27,22:19:00,367,3,10895
23548,2016-03-27,22:19:00,266,1,11378
23549,2016-03-27,22:26:00,387,2,5553
23550,2016-03-27,22:29:00,206,2,7255
23551,2016-03-27,22:39:00,35,1,7548
23552,2016-03-27,22:46:00,256,2,5260
23553,2016-03-27,22:46:00,291,4,4472
23554,2016-03-27,23:00:00,264,2,7956
23555,2016-03-27,23:04:00,246,5,653
23556,2016-03-27,23:11:00,236,4,8359
23557,2016-03-27,23:17:00,345,3,8842
23558,2016-03-27,23:22:00,88,1,9131
23559,2016-03-27,23:23:00,186,2,6819
23560,2016-03-27,23:24:00,363,2,10440
23561,2016-03-27,23:25:00,4,1,148
23562,2016-03-27,23:29:00,91,2,1379
23563,2016-03-27,23:40:00,126,1,1372
23564,2016-03-27,23:41:00,236,2,1014
23565,2016-03-27,23:46:00,224,2,5788
23566,2016-03-27,23:47:00,122,2,7153
23567,2016-03-27,23:48:00,332,2,1084
23568,2016-03-28,00:05:00,143,1,9085
23569,2016-03-28,00:15:00,82,4,3577
23570,2016-03-28,00:17:00,452,3,8690
23571,2016-03-28,00:17:00,212,1,9709
23572,2016-03-28,00:20:00,2,1,8231
23573,2016-03-28,00:36:00,212,4,6898
23574,2016-03-28,00:44:00,409,2,7574
23575,2016-03-28,00:44:00,134,2,3165
23576,2016-03-28,00:49:00,380,1,10157
23577,2016-03-28,00:59:00,425,1,11165
23578,2016-03-28,01:00:00,435,1,6216
23579,2016-03-28,01:00:00,207,4,5492
23580,2016-03-28,01:02:00,357,3,2762
23581,2016-03-28,01:03:00,350,2,1606
23582,2016-03-28,01:03:00,281,1,9777
23583,2016-03-28,01:04:00,91,2,400
23584,2016-03-28,01:08:00,437,1,6345
23585,2016-03-28,01:18:00,246,1,11873
23586,2016-03-28,01:19:00,80,1,1061
23587,2016-03-28,01:21:00,99,1,9218
23588,2016-03-28,01:28:00,400,3,6303
23589,2016-03-28,01:36:00,410,2,6266
23590,2016-03-28,01:38:00,106,2,1756
23591,2016-03-28,01:47:00,56,1,1186
23592,2016-03-28,01:49:00,8,2,10401
23593,2016-03-28,01:50:00,299,1,4579
23594,2016-03-28,01:50:00,84,1,2362
23595,2016-03-28,01:56:00,378,3,9966
23596,2016-03-28,01:57:00,366,1,2708
23597,2016-03-28,02:01:00,393,1,2452
23598,2016-03-28,02:02:00,151,4,9874
23599,2016-03-28,02:02:00,158,4,1499
23600,2016-03-28,02:07:00,268,2,11565
23601,2016-03-28,02:15:00,344,1,10476
23602,2016-03-28,02:17:00,187,4,5752
23603,2016-03-28,02:31:00,40,1,7409
23604,2016-03-28,02:33:00,453,2,387
23605,2016-03-28,02:38:00,295,4,853
23606,2016-03-28,02:46:00,320,1,5979
23607,2016-03-28,02:49:00,211,1,3868
23608,2016-03-28,02:51:00,356,2,11753
23609,2016-03-28,02:51:00,73,2,6842
23610,2016-03-28,02:54:00,326,3,10125
23611,2016-03-28,02:58:00,91,1,9182
23612,2016-03-28,02:59:00,55,2,11382
23613,2016-03-28,02:59:00,31,1,8132
23614,2016-03-28,03:04:00,414,3,6026
23615,2016-03-28,03:05:00,133,2,6267
23616,2016-03-28,03:06:00,133,2,640
23617,2016-03-28,03:09:00,81,1,2510
23618,2016-03-28,03:11:00,214,3,10185
23619,2016-03-28,03:15:00,229,1,5843
23620,2016-03-28,03:24:00,8,3,1450
23621,2016-03-28,03:32:00,249,2,5826
23622,2016-03-28,03:50:00,290,2,3949
23623,2016-03-28,03:53:00,76,1,1304
23624,2016-03-28,03:57:00,147,2,718
23625,2016-03-28,04:05:00,99,1,6175
23626,2016-03-28,04:06:00,317,3,7028
23627,2016-03-28,04:10:00,377,2,2683
23628,2016-03-28,04:14:00,435,2,11107
23629,2016-03-28,04:15:00,337,2,5327
23630,2016-03-28,04:18:00,310,3,7501
23631,2016-03-28,04:19:00,267,4,9511
23632,2016-03-28,04:30:00,135,2,7339
23633,2016-03-28,04:38:00,436,2,7342
23634,2016-03-28,04:44:00,133,2,6398
23635,2016-03-28,04:47:00,155,5,3953
23636,2016-03-28,04:53:00,405,1,11851
23637,2016-03-28,04:53:00,79,1,3683
23638,2016-03-28,04:54:00,364,1,4035
23639,2016-03-28,05:06:00,338,3,3750
23640,2016-03-28,05:06:00,267,2,1294
23641,2016-03-28,05:11:00,168,4,7124
23642,2016-03-28,05:22:00,411,3,3870
23643,2016-03-28,05:22:00,388,2,920
23644,2016-03-28,05:27:00,389,2,515
23645,2016-03-28,05:28:00,247,5,7142
23646,2016-03-28,05:30:00,37,1,1861
23647,2016-03-28,05:36:00,434,1,7507
23648,2016-03-28,05:39:00,307,3,3707
23649,2016-03-28,05:49:00,329,2,1954
23650,2016-03-28,05:50:00,279,2,11303
23651,2016-03-28,05:51:00,156,5,329
23652,2016-03-28,06:03:00,40,1,3479
23653,2016-03-28,06:15:00,302,3,8332
23654,2016-03-28,06:22:00,164,4,7135
23655,2016-03-28,06:37:00,300,3,879
23656,2016-03-28,06:42:00,300,1,10023
23657,2016-03-28,06:44:00,373,3,1494
23658,2016-03-28,06:51:00,211,1,413
23659,2016-03-28,06:52:00,67,3,2255
23660,2016-03-28,06:53:00,428,2,37
23661,2016-03-28,06:54:00,161,1,2626
23662,2016-03-28,06:59:00,404,1,8179
23663,2016-03-28,07:16:00,218,1,5097
23664,2016-03-28,07:29:00,69,2,1744
23665,2016-03-28,07:35:00,330,2,3345
23666,2016-03-28,07:39:00,272,2,1559
23667,2016-03-28,07:40:00,18,3,11951
23668,2016-03-28,07:44:00,117,1,10300
23669,2016-03-28,07:51:00,344,1,1463
23670,2016-03-28,07:55:00,87,4,10649
23671,2016-03-28,08:04:00,319,1,3500
23672,2016-03-28,08:06:00,262,3,8503
23673,2016-03-28,08:07:00,93,2,10093
23674,2016-03-28,08:16:00,116,3,2601
23675,2016-03-28,08:18:00,206,6,2454
23676,2016-03-28,08:26:00,201,1,9215
23677,2016-03-28,08:28:00,307,4,7793
23678,2016-03-28,08:38:00,203,1,9241
23679,2016-03-28,08:45:00,203,2,5340
23680,2016-03-28,08:54:00,106,1,3432
23681,2016-03-28,08:55:00,274,2,5957
23682,2016-03-28,08:55:00,292,1,1188
23683,2016-03-28,09:08:00,377,3,3821
23684,2016-03-28,09:10:00,67,1,11297
23685,2016-03-28,09:13:00,221,4,5726
23686,2016-03-28,09:17:00,437,2,5113
23687,2016-03-28,09:17:00,359,2,2658
23688,2016-03-28,09:20:00,250,2,3288
23689,2016-03-28,09:27:00,112,1,4060
23690,2016-03-28,09:34:00,30,2,3423
23691,2016-03-28,09:34:00,112,2,7959
23692,2016-03-28,09:41:00,110,1,8488
23693,2016-03-28,09:42:00,364,1,11712
23694,2016-03-28,09:44:00,220,1,8529
23695,2016-03-28,09:44:00,100,2,6469
23696,2016-03-28,09:45:00,325,2,10640
23697,2016-03-28,09:55:00,241,1,5388
23698,2016-03-28,09:58:00,83,3,7577
23699,2016-03-28,09:59:00,91,2,5140
23700,2016-03-28,10:01:00,21,2,4503
23701,2016-03-28,10:02:00,318,2,3294
23702,2016-03-28,10:16:00,328,2,2827
23703,2016-03-28,10:18:00,352,1,76
23704,2016-03-28,10:20:00,226,1,8947
23705,2016-03-28,10:21:00,29,2,8434
23706,2016-03-28,10:22:00,261,1,2791
23707,2016-03-28,10:29:00,371,2,4482
23708,2016-03-28,10:37:00,109,3,2914
23709,2016-03-28,10:39:00,243,1,10285
23710,2016-03-28,10:41:00,46,3,4513
23711,2016-03-28,10:43:00,201,1,9771
23712,2016-03-28,10:44:00,215,3,6004
23713,2016-03-28,11:03:00,328,2,10556
23714,2016-03-28,11:16:00,458,2,9314
23715,2016-03-28,11:21:00,141,2,9734
23716,2016-03-28,11:24:00,37,4,11080
23717,2016-03-28,11:28:00,348,1,11177
23718,2016-03-28,11:37:00,221,2,9276
23719,2016-03-28,11:38:00,339,3,6922
23720,2016-03-28,11:39:00,450,2,6091
23721,2016-03-28,11:39:00,137,1,9254
23722,2016-03-28,11:51:00,78,3,857
23723,2016-03-28,11:53:00,154,2,1055
23724,2016-03-28,11:56:00,205,2,8097
23725,2016-03-28,12:02:00,35,5,855
23726,2016-03-28,12:07:00,306,1,5236
23727,2016-03-28,12:09:00,89,1,3565
23728,2016-03-28,12:09:00,28,3,4954
23729,2016-03-28,12:15:00,242,2,9075
23730,2016-03-28,12:20:00,36,1,11626
23731,2016-03-28,12:23:00,236,2,10274
23732,2016-03-28,12:23:00,46,1,8756
23733,2016-03-28,12:27:00,141,2,3044
23734,2016-03-28,12:32:00,89,1,11486
23735,2016-03-28,12:32:00,372,2,656
23736,2016-03-28,12:34:00,142,1,6562
23737,2016-03-28,12:42:00,342,4,5535
23738,2016-03-28,12:43:00,427,2,1746
23739,2016-03-28,12:45:00,417,1,1099
23740,2016-03-28,12:47:00,281,2,9349
23741,2016-03-28,12:50:00,325,1,3163
23742,2016-03-28,12:51:00,446,1,299
23743,2016-03-28,12:58:00,439,2,6694
23744,2016-03-28,13:05:00,91,1,9567
23745,2016-03-28,13:06:00,271,1,5002
23746,2016-03-28,13:12:00,3,2,6570
23747,2016-03-28,13:20:00,278,2,777
23748,2016-03-28,13:34:00,173,1,6371
23749,2016-03-28,13:57:00,208,4,6287
23750,2016-03-28,14:02:00,264,3,7061
23751,2016-03-28,14:04:00,101,3,5965
23752,2016-03-28,14:10:00,173,2,11423
23753,2016-03-28,14:19:00,144,2,11027
23754,2016-03-28,14:21:00,443,1,8213
23755,2016-03-28,14:23:00,331,1,704
23756,2016-03-28,14:29:00,409,2,11226
23757,2016-03-28,14:41:00,436,1,8564
23758,2016-03-28,14:43:00,95,3,10657
23759,2016-03-28,14:44:00,31,2,1533
23760,2016-03-28,14:44:00,426,2,8237
23761,2016-03-28,14:52:00,284,2,4477
23762,2016-03-28,14:52:00,40,1,3853
23763,2016-03-28,15:01:00,269,2,303
23764,2016-03-28,15:06:00,217,1,1416
23765,2016-03-28,15:25:00,260,1,3467
23766,2016-03-28,15:25:00,424,3,381
23767,2016-03-28,15:31:00,317,3,9208
23768,2016-03-28,15:36:00,202,2,7425
23769,2016-03-28,15:40:00,58,2,4737
23770,2016-03-28,15:42:00,149,2,7785
23771,2016-03-28,15:45:00,334,3,4703
23772,2016-03-28,15:54:00,233,2,8577
23773,2016-03-28,16:00:00,196,1,11247
23774,2016-03-28,16:17:00,277,2,6146
23775,2016-03-28,16:18:00,208,2,4588
23776,2016-03-28,16:18:00,354,3,1062
23777,2016-03-28,16:19:00,286,1,11972
23778,2016-03-28,16:30:00,262,1,8527
23779,2016-03-28,16:34:00,26,1,602
23780,2016-03-28,16:41:00,331,2,9917
23781,2016-03-28,16:44:00,246,1,10672
23782,2016-03-28,16:48:00,128,2,10244
23783,2016-03-28,17:04:00,20,1,11081
23784,2016-03-28,17:11:00,448,1,4206
23785,2016-03-28,17:11:00,31,2,11387
23786,2016-03-28,17:12:00,334,2,5875
23787,2016-03-28,17:13:00,430,3,2928
23788,2016-03-28,17:20:00,103,3,3471
23789,2016-03-28,17:21:00,458,2,11639
23790,2016-03-28,17:33:00,171,2,9189
23791,2016-03-28,17:49:00,193,1,10888
23792,2016-03-28,17:50:00,190,1,9486
23793,2016-03-28,17:51:00,289,2,1078
23794,2016-03-28,18:18:00,37,2,2756
23795,2016-03-28,18:26:00,212,1,754
23796,2016-03-28,18:27:00,25,1,6311
23797,2016-03-28,18:30:00,62,5,5121
23798,2016-03-28,18:35:00,422,1,10077
23799,2016-03-28,18:48:00,132,2,662
23800,2016-03-28,18:49:00,14,2,4828
23801,2016-03-28,18:52:00,126,3,4689
23802,2016-03-28,18:58:00,317,1,5267
23803,2016-03-28,19:11:00,183,2,9857
23804,2016-03-28,19:21:00,231,1,4561
23805,2016-03-28,19:24:00,360,3,4302
23806,2016-03-28,19:27:00,343,3,3917
23807,2016-03-28,19:32:00,205,1,5035
23808,2016-03-28,19:36:00,42,2,4507
23809,2016-03-28,19:42:00,107,1,2638
23810,2016-03-28,19:46:00,161,2,7665
23811,2016-03-28,19:49:00,253,2,2109
23812,2016-03-28,19:53:00,245,1,3984
23813,2016-03-28,19:55:00,196,1,1949
23814,2016-03-28,19:58:00,108,1,6624
23815,2016-03-28,20:02:00,119,1,8818
23816,2016-03-28,20:12:00,195,3,3098
23817,2016-03-28,20:14:00,312,1,5467
23818,2016-03-28,20:20:00,123,3,6592
23819,2016-03-28,20:20:00,356,2,11213
23820,2016-03-28,20:21:00,310,1,4620
23821,2016-03-28,20:35:00,401,1,8080
23822,2016-03-28,20:39:00,83,3,9437
23823,2016-03-28,20:42:00,287,1,6386
23824,2016-03-28,20:52:00,164,5,2552
23825,2016-03-28,21:02:00,172,1,9946
23826,2016-03-28,21:06:00,117,4,1371
23827,2016-03-28,21:12:00,180,1,6373
23828,2016-03-28,21:20:00,113,2,6299
23829,2016-03-28,21:22:00,316,3,7899
23830,2016-03-28,21:23:00,140,2,3050
23831,2016-03-28,21:24:00,84,5,7547
23832,2016-03-28,21:30:00,80,1,2595
23833,2016-03-28,21:33:00,217,1,11387
23834,2016-03-28,21:34:00,284,4,667
23835,2016-03-28,21:40:00,95,1,11017
23836,2016-03-28,21:41:00,438,1,9057
23837,2016-03-28,21:44:00,400,2,3047
23838,2016-03-28,21:45:00,28,2,2030
23839,2016-03-28,21:58:00,67,1,8786
23840,2016-03-28,22:04:00,411,2,10227
23841,2016-03-28,22:13:00,314,1,6246
23842,2016-03-28,22:28:00,292,1,5464
23843,2016-03-28,22:30:00,318,2,7849
23844,2016-03-28,22:32:00,149,2,3764
23845,2016-03-28,22:35:00,106,1,4870
23846,2016-03-28,22:36:00,346,4,6792
23847,2016-03-28,22:39:00,303,1,7525
23848,2016-03-28,22:41:00,231,4,9511
23849,2016-03-28,22:43:00,124,2,3784
23850,2016-03-28,22:45:00,409,2,9616
23851,2016-03-28,22:51:00,197,2,3770
23852,2016-03-28,22:52:00,391,4,5921
23853,2016-03-28,22:54:00,387,2,4248
23854,2016-03-28,23:00:00,265,2,3694
23855,2016-03-28,23:00:00,12,2,8691
23856,2016-03-28,23:11:00,411,2,8045
23857,2016-03-28,23:14:00,69,3,9995
23858,2016-03-28,23:15:00,33,1,1399
23859,2016-03-28,23:20:00,145,1,305
23860,2016-03-28,23:21:00,2,3,9655
23861,2016-03-28,23:30:00,444,1,3915
23862,2016-03-28,23:40:00,48,1,9752
23863,2016-03-28,23:48:00,357,2,5645
23864,2016-03-28,23:52:00,20,2,3506
23865,2016-03-29,00:05:00,440,2,2369
23866,2016-03-29,00:06:00,25,2,28
23867,2016-03-29,00:08:00,44,4,11967
23868,2016-03-29,00:11:00,3,3,294
23869,2016-03-29,00:14:00,241,1,2424
23870,2016-03-29,00:14:00,432,1,9080
23871,2016-03-29,00:22:00,179,3,8159
23872,2016-03-29,00:26:00,334,3,11015
23873,2016-03-29,00:45:00,2,4,6797
23874,2016-03-29,01:05:00,122,2,10385
23875,2016-03-29,01:06:00,53,2,606
23876,2016-03-29,01:35:00,264,1,6272
23877,2016-03-29,01:36:00,83,2,1603
23878,2016-03-29,01:39:00,107,3,11781
23879,2016-03-29,01:47:00,261,2,6012
23880,2016-03-29,01:50:00,139,1,5045
23881,2016-03-29,01:52:00,34,2,1874
23882,2016-03-29,01:54:00,225,3,9182
23883,2016-03-29,02:04:00,356,3,6269
23884,2016-03-29,02:04:00,315,1,4269
23885,2016-03-29,02:11:00,252,1,194
23886,2016-03-29,02:30:00,326,2,3413
23887,2016-03-29,02:33:00,320,1,9947
23888,2016-03-29,02:37:00,210,4,1550
23889,2016-03-29,02:37:00,123,2,10161
23890,2016-03-29,02:51:00,175,2,9759
23891,2016-03-29,03:02:00,419,2,2650
23892,2016-03-29,03:18:00,382,4,9696
23893,2016-03-29,03:30:00,203,5,490
23894,2016-03-29,03:34:00,307,1,4664
23895,2016-03-29,03:43:00,393,1,1794
23896,2016-03-29,03:46:00,285,4,6555
23897,2016-03-29,03:50:00,430,1,2340
23898,2016-03-29,03:56:00,76,1,2484
23899,2016-03-29,04:01:00,5,2,1239
23900,2016-03-29,04:03:00,228,3,9604
23901,2016-03-29,04:09:00,116,1,11374
23902,2016-03-29,04:10:00,264,2,11008
23903,2016-03-29,04:21:00,447,3,394
23904,2016-03-29,04:24:00,277,1,6646
23905,2016-03-29,04:31:00,417,1,7248
23906,2016-03-29,04:35:00,110,1,978
23907,2016-03-29,04:36:00,446,2,8896
23908,2016-03-29,04:42:00,212,1,1364
23909,2016-03-29,04:43:00,299,2,9206
23910,2016-03-29,04:46:00,289,5,383
23911,2016-03-29,04:49:00,121,1,87
23912,2016-03-29,04:53:00,34,1,9150
23913,2016-03-29,04:59:00,124,2,8028
23914,2016-03-29,05:11:00,235,4,9664
23915,2016-03-29,05:11:00,136,1,11315
23916,2016-03-29,05:11:00,418,2,11939
23917,2016-03-29,05:21:00,26,4,5333
23918,2016-03-29,06:00:00,108,1,1822
23919,2016-03-29,06:03:00,313,3,3167
23920,2016-03-29,06:04:00,92,3,9604
23921,2016-03-29,06:06:00,266,1,4612
23922,2016-03-29,06:07:00,366,3,8714
23923,2016-03-29,06:08:00,423,2,7984
23924,2016-03-29,06:09:00,393,2,11425
23925,2016-03-29,06:10:00,96,3,9503
23926,2016-03-29,06:16:00,263,2,6933
23927,2016-03-29,06:18:00,295,2,6732
23928,2016-03-29,06:23:00,368,4,9546
23929,2016-03-29,06:24:00,181,2,7088
23930,2016-03-29,06:28:00,76,2,2234
23931,2016-03-29,06:29:00,326,1,3017
23932,2016-03-29,06:29:00,302,1,8948
23933,2016-03-29,06:36:00,400,2,9146
23934,2016-03-29,06:44:00,419,2,1377
23935,2016-03-29,06:46:00,441,1,7985
23936,2016-03-29,06:47:00,307,2,1770
23937,2016-03-29,06:49:00,69,2,4472
23938,2016-03-29,06:55:00,41,2,5059
23939,2016-03-29,06:55:00,311,2,3115
23940,2016-03-29,06:57:00,456,2,4844
23941,2016-03-29,07:02:00,207,1,1417
23942,2016-03-29,07:05:00,101,2,1333
23943,2016-03-29,07:05:00,329,4,1486
23944,2016-03-29,07:10:00,428,1,7044
23945,2016-03-29,07:13:00,406,3,9680
23946,2016-03-29,07:19:00,222,2,7962
23947,2016-03-29,07:25:00,226,1,397
23948,2016-03-29,07:26:00,231,1,10011
23949,2016-03-29,07:31:00,442,4,5263
23950,2016-03-29,07:40:00,456,1,11734
23951,2016-03-29,07:47:00,237,1,7012
23952,2016-03-29,07:48:00,362,1,3112
23953,2016-03-29,07:48:00,32,1,11067
23954,2016-03-29,07:52:00,12,4,11027
23955,2016-03-29,07:54:00,120,2,8070
23956,2016-03-29,07:55:00,452,3,1916
23957,2016-03-29,08:00:00,115,2,8515
23958,2016-03-29,08:24:00,442,3,1757
23959,2016-03-29,08:33:00,351,2,11067
23960,2016-03-29,08:35:00,253,1,10787
23961,2016-03-29,08:47:00,64,1,10173
23962,2016-03-29,08:51:00,60,1,10592
23963,2016-03-29,09:00:00,322,1,11034
23964,2016-03-29,09:01:00,211,1,5573
23965,2016-03-29,09:08:00,377,4,11744
23966,2016-03-29,09:19:00,387,2,5381
23967,2016-03-29,09:27:00,61,1,216
23968,2016-03-29,09:29:00,445,3,2530
23969,2016-03-29,09:32:00,69,1,2600
23970,2016-03-29,09:33:00,181,3,55
23971,2016-03-29,09:39:00,206,1,2735
23972,2016-03-29,09:42:00,70,2,10458
23973,2016-03-29,09:43:00,426,1,5086
23974,2016-03-29,09:47:00,177,4,5942
23975,2016-03-29,09:49:00,359,2,7114
23976,2016-03-29,09:51:00,201,2,8417
23977,2016-03-29,09:54:00,186,2,11561
23978,2016-03-29,10:00:00,108,1,6508
23979,2016-03-29,10:02:00,418,1,11528
23980,2016-03-29,10:17:00,291,2,3555
23981,2016-03-29,10:20:00,66,2,5544
23982,2016-03-29,10:21:00,165,5,6180
23983,2016-03-29,10:21:00,315,3,10712
23984,2016-03-29,10:30:00,237,1,5463
23985,2016-03-29,10:36:00,321,2,3834
23986,2016-03-29,10:55:00,351,2,10400
23987,2016-03-29,11:04:00,375,2,4754
23988,2016-03-29,11:15:00,179,1,3876
23989,2016-03-29,11:35:00,410,1,8338
23990,2016-03-29,11:40:00,205,3,9240
23991,2016-03-29,11:48:00,155,1,8820
23992,2016-03-29,11:49:00,232,1,9626
23993,2016-03-29,11:52:00,295,1,4061
23994,2016-03-29,11:58:00,23,1,5761
23995,2016-03-29,12:02:00,54,3,4419
23996,2016-03-29,12:04:00,404,1,8959
23997,2016-03-29,12:18:00,30,2,3018
23998,2016-03-29,12:20:00,45,2,5667
23999,2016-03-29,12:22:00,17,2,8524
24000,2016-03-29,12:23:00,84,2,9854
24001,2016-03-29,12:26:00,325,2,4133
24002,2016-03-29,12:32:00,18,1,7124
24003,2016-03-29,12:37:00,192,4,1243
24004,2016-03-29,12:46:00,155,2,1243
24005,2016-03-29,12:50:00,19,1,6804
24006,2016-03-29,12:54:00,188,3,7125
24007,2016-03-29,13:05:00,130,1,9696
24008,2016-03-29,13:33:00,422,2,4098
24009,2016-03-29,13:36:00,287,2,8786
24010,2016-03-29,13:39:00,325,2,9280
24011,2016-03-29,13:47:00,291,1,10767
24012,2016-03-29,13:48:00,457,2,5763
24013,2016-03-29,13:52:00,182,1,4167
24014,2016-03-29,13:54:00,97,3,5355
24015,2016-03-29,14:03:00,10,2,2134
24016,2016-03-29,14:04:00,229,3,8548
24017,2016-03-29,14:06:00,113,3,9141
24018,2016-03-29,14:15:00,262,2,11132
24019,2016-03-29,14:16:00,354,1,2873
24020,2016-03-29,14:17:00,441,1,117
24021,2016-03-29,14:18:00,443,2,9573
24022,2016-03-29,14:23:00,114,1,2270
24023,2016-03-29,14:36:00,421,3,3925
24024,2016-03-29,14:40:00,169,1,2366
24025,2016-03-29,14:41:00,361,5,11202
24026,2016-03-29,14:44:00,129,1,8446
24027,2016-03-29,14:45:00,270,1,3180
24028,2016-03-29,14:52:00,234,1,5969
24029,2016-03-29,14:54:00,51,1,2083
24030,2016-03-29,14:58:00,292,2,7272
24031,2016-03-29,14:59:00,213,1,4472
24032,2016-03-29,14:59:00,381,1,2254
24033,2016-03-29,15:03:00,257,1,906
24034,2016-03-29,15:03:00,305,1,2371
24035,2016-03-29,15:04:00,131,2,10824
24036,2016-03-29,15:05:00,37,2,4230
24037,2016-03-29,15:13:00,389,2,983
24038,2016-03-29,15:17:00,244,1,3036
24039,2016-03-29,15:23:00,182,1,8236
24040,2016-03-29,15:31:00,440,1,1022
24041,2016-03-29,15:33:00,327,4,8434
24042,2016-03-29,15:54:00,121,3,3295
24043,2016-03-29,16:09:00,135,1,5298
24044,2016-03-29,16:12:00,71,1,2991
24045,2016-03-29,16:12:00,170,2,10666
24046,2016-03-29,16:17:00,173,1,1174
24047,2016-03-29,16:31:00,165,2,9780
24048,2016-03-29,16:40:00,413,2,4467
24049,2016-03-29,16:58:00,343,2,5614
24050,2016-03-29,17:10:00,40,4,7491
24051,2016-03-29,17:11:00,412,2,2877
24052,2016-03-29,17:23:00,191,1,8204
24053,2016-03-29,17:24:00,357,1,10877
24054,2016-03-29,17:31:00,456,2,4468
24055,2016-03-29,17:31:00,270,3,1995
24056,2016-03-29,17:32:00,400,2,309
24057,2016-03-29,17:38:00,35,3,11305
24058,2016-03-29,18:01:00,132,1,6740
24059,2016-03-29,18:13:00,176,3,283
24060,2016-03-29,18:13:00,107,1,11252
24061,2016-03-29,18:14:00,392,1,2161
24062,2016-03-29,18:25:00,32,2,11526
24063,2016-03-29,18:37:00,189,2,11854
24064,2016-03-29,18:41:00,8,2,2270
24065,2016-03-29,18:50:00,243,2,11301
24066,2016-03-29,18:51:00,102,1,6938
24067,2016-03-29,18:56:00,105,1,8480
24068,2016-03-29,18:57:00,311,2,462
24069,2016-03-29,18:57:00,381,3,6815
24070,2016-03-29,19:00:00,138,1,5727
24071,2016-03-29,19:06:00,422,1,10134
24072,2016-03-29,19:09:00,119,1,9819
24073,2016-03-29,19:13:00,159,1,7587
24074,2016-03-29,19:34:00,44,5,9025
24075,2016-03-29,19:36:00,15,1,89
24076,2016-03-29,19:36:00,441,4,3025
24077,2016-03-29,19:40:00,103,2,4693
24078,2016-03-29,19:43:00,420,2,7845
24079,2016-03-29,19:50:00,336,2,8205
24080,2016-03-29,19:56:00,80,2,7500
24081,2016-03-29,19:56:00,368,3,7896
24082,2016-03-29,20:01:00,87,4,5202
24083,2016-03-29,20:01:00,154,1,2497
24084,2016-03-29,20:02:00,428,3,5767
24085,2016-03-29,20:10:00,191,3,1737
24086,2016-03-29,20:12:00,300,3,11843
24087,2016-03-29,20:14:00,210,4,888
24088,2016-03-29,20:17:00,422,1,9752
24089,2016-03-29,20:27:00,277,3,9316
24090,2016-03-29,20:29:00,103,2,2379
24091,2016-03-29,20:32:00,302,1,5661
24092,2016-03-29,20:40:00,366,2,6499
24093,2016-03-29,20:45:00,419,4,5700
24094,2016-03-29,20:49:00,233,2,4167
24095,2016-03-29,20:56:00,235,2,7423
24096,2016-03-29,20:57:00,340,1,5590
24097,2016-03-29,21:00:00,451,2,9542
24098,2016-03-29,21:12:00,400,3,4136
24099,2016-03-29,21:19:00,240,2,8029
24100,2016-03-29,21:35:00,231,2,8417
24101,2016-03-29,21:36:00,343,2,648
24102,2016-03-29,21:40:00,401,1,2851
24103,2016-03-29,21:45:00,448,1,710
24104,2016-03-29,21:46:00,119,1,10777
24105,2016-03-29,21:57:00,104,3,5857
24106,2016-03-29,21:58:00,193,2,5192
24107,2016-03-29,21:59:00,455,2,6535
24108,2016-03-29,22:02:00,400,2,821
24109,2016-03-29,22:19:00,193,1,10997
24110,2016-03-29,22:20:00,159,4,9271
24111,2016-03-29,22:28:00,365,1,7374
24112,2016-03-29,22:28:00,321,2,3744
24113,2016-03-29,22:41:00,213,1,7261
24114,2016-03-29,22:46:00,224,2,11909
24115,2016-03-29,22:46:00,446,2,1897
24116,2016-03-29,22:47:00,51,1,10902
24117,2016-03-29,22:55:00,247,1,6710
24118,2016-03-29,23:13:00,104,1,10461
24119,2016-03-29,23:20:00,428,2,3121
24120,2016-03-29,23:22:00,243,3,4696
24121,2016-03-29,23:24:00,407,3,1435
24122,2016-03-29,23:27:00,237,3,6299
24123,2016-03-29,23:28:00,25,2,2160
24124,2016-03-29,23:29:00,416,1,11963
24125,2016-03-29,23:33:00,139,1,8181
24126,2016-03-29,23:38:00,108,2,660
24127,2016-03-29,23:39:00,438,1,7956
24128,2016-03-29,23:52:00,211,2,2249
24129,2016-03-30,00:19:00,256,2,9245
24130,2016-03-30,00:34:00,232,4,10305
24131,2016-03-30,00:37:00,246,2,11546
24132,2016-03-30,00:46:00,143,2,7221
24133,2016-03-30,00:53:00,329,2,1129
24134,2016-03-30,00:54:00,320,3,926
24135,2016-03-30,00:56:00,409,1,1161
24136,2016-03-30,01:00:00,64,2,6674
24137,2016-03-30,01:02:00,350,1,2901
24138,2016-03-30,01:20:00,175,4,8568
24139,2016-03-30,01:32:00,302,1,11810
24140,2016-03-30,01:42:00,42,2,8078
24141,2016-03-30,01:52:00,56,1,7202
24142,2016-03-30,01:52:00,214,2,5617
24143,2016-03-30,01:59:00,288,1,1456
24144,2016-03-30,02:03:00,381,2,6298
24145,2016-03-30,02:11:00,192,1,5986
24146,2016-03-30,02:17:00,389,3,7945
24147,2016-03-30,02:26:00,149,1,1951
24148,2016-03-30,02:32:00,132,1,3807
24149,2016-03-30,02:43:00,195,1,10860
24150,2016-03-30,02:52:00,360,2,9798
24151,2016-03-30,02:55:00,233,2,9309
24152,2016-03-30,03:01:00,359,1,1930
24153,2016-03-30,03:20:00,141,2,11097
24154,2016-03-30,03:21:00,188,1,6917
24155,2016-03-30,03:30:00,333,1,2338
24156,2016-03-30,03:32:00,331,2,1299
24157,2016-03-30,03:41:00,107,2,2350
24158,2016-03-30,03:49:00,408,2,11315
24159,2016-03-30,03:58:00,327,1,8911
24160,2016-03-30,03:59:00,47,1,4549
24161,2016-03-30,04:02:00,58,1,4217
24162,2016-03-30,04:06:00,457,1,5104
24163,2016-03-30,04:11:00,421,2,4434
24164,2016-03-30,04:20:00,202,2,2860
24165,2016-03-30,04:26:00,91,2,3468
24166,2016-03-30,04:42:00,228,2,5491
24167,2016-03-30,04:43:00,254,4,3868
24168,2016-03-30,04:44:00,79,1,10160
24169,2016-03-30,04:51:00,184,1,8833
24170,2016-03-30,04:51:00,337,1,9116
24171,2016-03-30,04:57:00,9,4,6692
24172,2016-03-30,05:04:00,445,3,5229
24173,2016-03-30,05:13:00,88,3,1882
24174,2016-03-30,05:16:00,458,2,8016
24175,2016-03-30,05:22:00,306,1,5322
24176,2016-03-30,05:23:00,386,3,8754
24177,2016-03-30,05:26:00,434,1,10257
24178,2016-03-30,05:26:00,39,3,7230
24179,2016-03-30,05:27:00,206,2,4412
24180,2016-03-30,05:30:00,90,2,2353
24181,2016-03-30,05:40:00,184,2,10461
24182,2016-03-30,05:49:00,98,1,9861
24183,2016-03-30,05:51:00,7,1,4015
24184,2016-03-30,05:55:00,420,3,5274
24185,2016-03-30,05:56:00,3,2,10539
24186,2016-03-30,05:57:00,336,1,3774
24187,2016-03-30,05:59:00,359,1,6835
24188,2016-03-30,06:03:00,182,3,5917
24189,2016-03-30,06:06:00,367,2,978
24190,2016-03-30,06:13:00,445,1,10122
24191,2016-03-30,06:17:00,291,2,1287
24192,2016-03-30,06:23:00,344,2,5464
24193,2016-03-30,06:27:00,91,2,7782
24194,2016-03-30,06:31:00,217,1,5494
24195,2016-03-30,06:33:00,43,1,4665
24196,2016-03-30,06:43:00,175,1,4104
24197,2016-03-30,06:45:00,441,4,10610
24198,2016-03-30,06:51:00,249,4,574
24199,2016-03-30,06:52:00,298,2,553
24200,2016-03-30,06:55:00,301,1,9847
24201,2016-03-30,06:57:00,71,2,5019
24202,2016-03-30,07:01:00,360,2,6334
24203,2016-03-30,07:08:00,369,2,2867
24204,2016-03-30,07:21:00,201,2,5297
24205,2016-03-30,07:24:00,155,2,5732
24206,2016-03-30,07:33:00,157,1,620
24207,2016-03-30,07:35:00,344,1,9879
24208,2016-03-30,07:36:00,157,1,10725
24209,2016-03-30,07:37:00,47,3,5935
24210,2016-03-30,07:39:00,80,3,11852
24211,2016-03-30,07:45:00,69,3,11978
24212,2016-03-30,07:59:00,52,1,1647
24213,2016-03-30,08:08:00,44,2,2442
24214,2016-03-30,08:20:00,96,3,9731
24215,2016-03-30,08:21:00,454,1,10225
24216,2016-03-30,08:23:00,238,2,1789
24217,2016-03-30,08:24:00,17,2,727
24218,2016-03-30,08:26:00,397,3,7501
24219,2016-03-30,08:29:00,427,1,7335
24220,2016-03-30,08:46:00,182,3,6820
24221,2016-03-30,08:50:00,102,1,6541
24222,2016-03-30,08:53:00,272,2,8037
24223,2016-03-30,08:59:00,405,1,7012
24224,2016-03-30,09:02:00,96,2,7579
24225,2016-03-30,09:10:00,56,2,10962
24226,2016-03-30,09:17:00,275,1,740
24227,2016-03-30,09:19:00,14,5,7970
24228,2016-03-30,09:21:00,315,1,7888
24229,2016-03-30,09:22:00,352,3,5681
24230,2016-03-30,09:23:00,242,2,2246
24231,2016-03-30,09:24:00,335,3,942
24232,2016-03-30,09:24:00,376,2,3133
24233,2016-03-30,09:30:00,456,1,9316
24234,2016-03-30,09:36:00,44,4,8204
24235,2016-03-30,09:39:00,261,3,791
24236,2016-03-30,09:39:00,255,1,6319
24237,2016-03-30,09:42:00,72,2,4777
24238,2016-03-30,09:45:00,223,3,3838
24239,2016-03-30,09:58:00,164,3,6794
24240,2016-03-30,10:03:00,142,2,6036
24241,2016-03-30,10:03:00,19,2,9367
24242,2016-03-30,10:08:00,91,2,6294
24243,2016-03-30,10:14:00,160,3,8144
24244,2016-03-30,10:20:00,278,1,8522
24245,2016-03-30,10:21:00,320,2,9778
24246,2016-03-30,10:23:00,348,3,9262
24247,2016-03-30,10:38:00,379,1,6788
24248,2016-03-30,10:42:00,42,3,2796
24249,2016-03-30,10:58:00,229,1,4964
24250,2016-03-30,11:00:00,189,1,4200
24251,2016-03-30,11:02:00,187,1,705
24252,2016-03-30,11:05:00,58,2,8926
24253,2016-03-30,11:14:00,113,3,245
24254,2016-03-30,11:34:00,422,1,4088
24255,2016-03-30,11:36:00,413,2,3822
24256,2016-03-30,11:41:00,90,1,5538
24257,2016-03-30,12:02:00,18,2,7475
24258,2016-03-30,12:18:00,169,1,7368
24259,2016-03-30,12:25:00,59,2,8224
24260,2016-03-30,12:27:00,159,1,11792
24261,2016-03-30,12:31:00,264,1,1345
24262,2016-03-30,12:32:00,423,5,4528
24263,2016-03-30,12:34:00,109,1,11991
24264,2016-03-30,12:38:00,192,2,1535
24265,2016-03-30,12:47:00,205,1,7010
24266,2016-03-30,12:48:00,133,2,4749
24267,2016-03-30,12:50:00,224,1,2924
24268,2016-03-30,12:54:00,45,2,5049
24269,2016-03-30,13:13:00,258,1,8897
24270,2016-03-30,13:14:00,133,3,11053
24271,2016-03-30,13:29:00,252,1,6368
24272,2016-03-30,13:36:00,16,2,1259
24273,2016-03-30,13:38:00,392,1,8632
24274,2016-03-30,13:43:00,223,1,462
24275,2016-03-30,13:43:00,65,2,11192
24276,2016-03-30,13:46:00,66,3,4683
24277,2016-03-30,13:58:00,217,2,9902
24278,2016-03-30,14:01:00,346,2,3660
24279,2016-03-30,14:02:00,57,1,5796
24280,2016-03-30,14:02:00,260,1,8219
24281,2016-03-30,14:03:00,129,1,9676
24282,2016-03-30,14:07:00,139,1,2837
24283,2016-03-30,14:13:00,221,3,7493
24284,2016-03-30,14:20:00,434,2,8568
24285,2016-03-30,14:29:00,232,1,8953
24286,2016-03-30,14:31:00,186,2,2680
24287,2016-03-30,14:37:00,447,2,229
24288,2016-03-30,14:47:00,354,1,3331
24289,2016-03-30,14:49:00,274,3,10598
24290,2016-03-30,14:53:00,275,1,7388
24291,2016-03-30,14:53:00,436,2,7703
24292,2016-03-30,15:02:00,264,3,590
24293,2016-03-30,15:02:00,109,2,10786
24294,2016-03-30,15:04:00,255,2,1636
24295,2016-03-30,15:08:00,93,3,4048
24296,2016-03-30,15:15:00,29,1,3087
24297,2016-03-30,15:26:00,50,3,465
24298,2016-03-30,15:28:00,146,1,8978
24299,2016-03-30,15:33:00,414,1,7112
24300,2016-03-30,15:35:00,278,1,10150
24301,2016-03-30,15:42:00,114,2,4063
24302,2016-03-30,15:50:00,187,3,1535
24303,2016-03-30,16:05:00,342,1,1147
24304,2016-03-30,16:13:00,81,3,3618
24305,2016-03-30,16:14:00,220,1,2581
24306,2016-03-30,16:16:00,346,4,7624
24307,2016-03-30,16:23:00,137,2,3260
24308,2016-03-30,16:33:00,20,2,2927
24309,2016-03-30,16:45:00,287,2,4391
24310,2016-03-30,16:52:00,288,1,8191
24311,2016-03-30,17:08:00,133,3,11672
24312,2016-03-30,17:15:00,186,1,9546
24313,2016-03-30,17:26:00,136,1,6911
24314,2016-03-30,17:26:00,106,3,6058
24315,2016-03-30,17:32:00,198,2,1200
24316,2016-03-30,17:35:00,378,2,9786
24317,2016-03-30,17:35:00,21,4,10726
24318,2016-03-30,17:38:00,318,2,28
24319,2016-03-30,17:44:00,16,2,7533
24320,2016-03-30,17:45:00,146,4,774
24321,2016-03-30,17:45:00,370,2,2570
24322,2016-03-30,17:46:00,104,3,588
24323,2016-03-30,17:48:00,27,2,5731
24324,2016-03-30,18:02:00,137,3,8092
24325,2016-03-30,18:04:00,449,3,5748
24326,2016-03-30,18:06:00,23,6,3324
24327,2016-03-30,18:10:00,192,1,3873
24328,2016-03-30,18:17:00,258,2,4257
24329,2016-03-30,18:18:00,412,1,31
24330,2016-03-30,18:30:00,8,1,10383
24331,2016-03-30,18:32:00,364,1,11650
24332,2016-03-30,18:34:00,356,2,10973
24333,2016-03-30,18:37:00,310,2,3869
24334,2016-03-30,18:42:00,177,1,251
24335,2016-03-30,18:44:00,293,3,3218
24336,2016-03-30,18:48:00,79,2,11034
24337,2016-03-30,19:02:00,98,4,7387
24338,2016-03-30,19:03:00,24,2,3926
24339,2016-03-30,19:12:00,102,1,11739
24340,2016-03-30,19:16:00,442,3,7304
24341,2016-03-30,19:17:00,6,1,9845
24342,2016-03-30,19:22:00,223,2,5172
24343,2016-03-30,19:28:00,154,3,6984
24344,2016-03-30,19:32:00,128,2,5320
24345,2016-03-30,19:40:00,71,2,3668
24346,2016-03-30,19:41:00,329,1,1415
24347,2016-03-30,19:49:00,218,1,2506
24348,2016-03-30,19:51:00,369,3,9577
24349,2016-03-30,19:55:00,68,1,5530
24350,2016-03-30,19:57:00,334,1,3562
24351,2016-03-30,20:05:00,62,1,334
24352,2016-03-30,20:09:00,430,2,5238
24353,2016-03-30,20:11:00,32,2,4949
24354,2016-03-30,20:11:00,384,2,3591
24355,2016-03-30,20:13:00,332,2,2921
24356,2016-03-30,20:21:00,34,3,11077
24357,2016-03-30,20:45:00,444,3,9471
24358,2016-03-30,20:56:00,411,2,1086
24359,2016-03-30,21:06:00,9,2,6202
24360,2016-03-30,21:11:00,300,2,7949
24361,2016-03-30,21:12:00,94,4,4141
24362,2016-03-30,21:17:00,145,3,4817
24363,2016-03-30,21:27:00,40,1,7401
24364,2016-03-30,21:28:00,158,2,63
24365,2016-03-30,21:28:00,273,3,3567
24366,2016-03-30,21:29:00,335,1,7877
24367,2016-03-30,21:30:00,457,1,2056
24368,2016-03-30,21:31:00,417,1,3273
24369,2016-03-30,21:46:00,142,2,11977
24370,2016-03-30,21:51:00,31,3,8567
24371,2016-03-30,21:59:00,409,2,6411
24372,2016-03-30,22:00:00,296,1,7212
24373,2016-03-30,22:02:00,386,1,33
24374,2016-03-30,22:07:00,314,1,6706
24375,2016-03-30,22:22:00,109,2,9966
24376,2016-03-30,22:29:00,89,3,6089
24377,2016-03-30,22:37:00,197,2,3953
24378,2016-03-30,22:48:00,292,4,4315
24379,2016-03-30,22:54:00,66,2,2636
24380,2016-03-30,23:01:00,9,3,6794
24381,2016-03-30,23:05:00,236,2,9897
24382,2016-03-30,23:21:00,83,1,926
24383,2016-03-30,23:25:00,126,1,10800
24384,2016-03-30,23:36:00,253,5,9985
24385,2016-03-30,23:37:00,448,2,4818
24386,2016-03-30,23:39:00,183,2,3328
24387,2016-03-30,23:56:00,259,1,4731
24388,2016-03-30,23:59:00,64,2,872
24389,2016-03-31,00:03:00,439,2,6048
24390,2016-03-31,00:12:00,284,1,3243
24391,2016-03-31,00:17:00,397,4,9965
24392,2016-03-31,00:23:00,337,1,10030
24393,2016-03-31,00:23:00,46,2,7660
24394,2016-03-31,00:26:00,73,1,8743
24395,2016-03-31,00:27:00,405,2,1280
24396,2016-03-31,00:30:00,172,1,8651
24397,2016-03-31,00:37:00,425,2,1974
24398,2016-03-31,00:38:00,62,1,3845
24399,2016-03-31,00:41:00,4,2,811
24400,2016-03-31,00:57:00,225,1,11266
24401,2016-03-31,01:04:00,6,1,5915
24402,2016-03-31,01:09:00,437,3,465
24403,2016-03-31,01:20:00,25,3,3836
24404,2016-03-31,01:20:00,376,2,2247
24405,2016-03-31,01:26:00,334,3,9920
24406,2016-03-31,01:34:00,400,2,4562
24407,2016-03-31,01:36:00,282,2,3011
24408,2016-03-31,01:37:00,157,1,3108
24409,2016-03-31,01:39:00,131,1,10587
24410,2016-03-31,01:42:00,303,4,3979
24411,2016-03-31,01:44:00,126,2,10162
24412,2016-03-31,01:49:00,10,1,10493
24413,2016-03-31,01:51:00,72,1,7700
24414,2016-03-31,02:01:00,104,2,3052
24415,2016-03-31,02:08:00,307,1,703
24416,2016-03-31,02:08:00,452,3,9824
24417,2016-03-31,02:10:00,170,2,11988
24418,2016-03-31,02:12:00,278,3,6804
24419,2016-03-31,02:12:00,217,1,9775
24420,2016-03-31,02:26:00,292,1,9175
24421,2016-03-31,02:28:00,404,3,1853
24422,2016-03-31,02:28:00,12,1,4721
24423,2016-03-31,02:40:00,27,2,4299
24424,2016-03-31,02:41:00,219,2,10043
24425,2016-03-31,02:50:00,141,2,7349
24426,2016-03-31,02:51:00,362,3,6461
24427,2016-03-31,02:58:00,286,2,1091
24428,2016-03-31,02:59:00,198,1,4334
24429,2016-03-31,03:01:00,154,4,10795
24430,2016-03-31,03:02:00,174,3,4431
24431,2016-03-31,03:10:00,371,1,9688
24432,2016-03-31,03:19:00,401,1,8518
24433,2016-03-31,03:33:00,122,1,8118
24434,2016-03-31,03:34:00,276,2,3815
24435,2016-03-31,03:35:00,277,1,7054
24436,2016-03-31,03:40:00,83,1,4330
24437,2016-03-31,03:41:00,396,2,7926
24438,2016-03-31,03:46:00,439,3,7407
24439,2016-03-31,03:50:00,34,2,23
24440,2016-03-31,03:51:00,182,2,7184
24441,2016-03-31,04:04:00,445,1,777
24442,2016-03-31,04:07:00,325,1,9123
24443,2016-03-31,04:08:00,413,1,3413
24444,2016-03-31,04:18:00,363,1,553
24445,2016-03-31,04:22:00,87,3,11688
24446,2016-03-31,04:26:00,417,2,10987
24447,2016-03-31,04:28:00,206,2,8025
24448,2016-03-31,04:33:00,93,1,548
24449,2016-03-31,04:37:00,295,2,4103
24450,2016-03-31,04:39:00,73,3,5253
24451,2016-03-31,04:44:00,59,4,6829
24452,2016-03-31,04:54:00,340,3,5338
24453,2016-03-31,04:58:00,23,1,8698
24454,2016-03-31,05:12:00,220,1,87
24455,2016-03-31,05:15:00,61,2,2806
24456,2016-03-31,05:36:00,343,4,9237
24457,2016-03-31,05:36:00,173,2,6646
24458,2016-03-31,05:41:00,235,4,2567
24459,2016-03-31,05:46:00,247,1,9606
24460,2016-03-31,05:55:00,147,3,11770
24461,2016-03-31,05:58:00,329,4,78
24462,2016-03-31,06:00:00,121,1,11517
24463,2016-03-31,06:00:00,111,2,6089
24464,2016-03-31,06:07:00,287,2,5741
24465,2016-03-31,06:13:00,95,2,4888
24466,2016-03-31,06:18:00,246,2,9837
24467,2016-03-31,06:19:00,136,1,11075
24468,2016-03-31,06:31:00,314,3,5057
24469,2016-03-31,06:33:00,112,2,5648
24470,2016-03-31,06:36:00,172,3,2269
24471,2016-03-31,06:37:00,196,1,8142
24472,2016-03-31,06:38:00,140,2,887
24473,2016-03-31,06:39:00,233,2,5955
24474,2016-03-31,06:41:00,408,1,9560
24475,2016-03-31,06:43:00,343,1,7005
24476,2016-03-31,06:59:00,391,2,7370
24477,2016-03-31,07:06:00,400,2,5276
24478,2016-03-31,07:13:00,416,4,2611
24479,2016-03-31,07:21:00,11,2,879
24480,2016-03-31,07:32:00,437,2,4556
24481,2016-03-31,07:40:00,453,6,9952
24482,2016-03-31,07:43:00,339,1,5918
24483,2016-03-31,07:44:00,311,2,8766
24484,2016-03-31,07:46:00,238,2,3459
24485,2016-03-31,07:57:00,170,1,4009
24486,2016-03-31,07:58:00,6,3,11788
24487,2016-03-31,08:01:00,147,2,7346
24488,2016-03-31,08:04:00,181,1,9456
24489,2016-03-31,08:05:00,368,2,2286
24490,2016-03-31,08:06:00,407,2,9897
24491,2016-03-31,08:13:00,190,1,7046
24492,2016-03-31,08:15:00,54,2,5331
24493,2016-03-31,08:21:00,149,2,79
24494,2016-03-31,08:23:00,201,2,3324
24495,2016-03-31,08:26:00,11,2,9093
24496,2016-03-31,08:27:00,8,4,1732
24497,2016-03-31,08:27:00,173,3,9377
24498,2016-03-31,08:37:00,301,3,1314
24499,2016-03-31,08:47:00,427,1,3024
24500,2016-03-31,08:47:00,244,1,7550
24501,2016-03-31,08:57:00,402,2,9199
24502,2016-03-31,08:59:00,439,1,6139
24503,2016-03-31,09:02:00,258,2,11271
24504,2016-03-31,09:03:00,412,1,6411
24505,2016-03-31,09:14:00,249,1,5653
24506,2016-03-31,09:24:00,192,1,5106
24507,2016-03-31,09:25:00,152,1,3260
24508,2016-03-31,09:28:00,186,4,4028
24509,2016-03-31,09:35:00,337,3,3835
24510,2016-03-31,09:35:00,409,2,6523
24511,2016-03-31,09:51:00,53,2,903
24512,2016-03-31,09:53:00,62,1,7640
24513,2016-03-31,09:53:00,249,2,11018
24514,2016-03-31,09:58:00,6,7,5829
24515,2016-03-31,10:01:00,268,2,2625
24516,2016-03-31,10:16:00,247,1,11192
24517,2016-03-31,10:17:00,149,1,3770
24518,2016-03-31,10:29:00,241,3,3168
24519,2016-03-31,10:34:00,43,1,206
24520,2016-03-31,10:37:00,168,3,2129
24521,2016-03-31,10:39:00,402,1,7124
24522,2016-03-31,11:00:00,91,2,8020
24523,2016-03-31,11:04:00,259,1,9790
24524,2016-03-31,11:06:00,429,5,839
24525,2016-03-31,11:10:00,442,1,3853
24526,2016-03-31,11:13:00,176,2,3415
24527,2016-03-31,11:14:00,392,3,1702
24528,2016-03-31,11:24:00,149,2,5607
24529,2016-03-31,11:28:00,27,3,1788
24530,2016-03-31,11:36:00,377,3,1841
24531,2016-03-31,11:46:00,410,2,2330
24532,2016-03-31,11:47:00,168,4,3392
24533,2016-03-31,11:48:00,427,2,4224
24534,2016-03-31,11:49:00,201,2,681
24535,2016-03-31,11:51:00,18,4,1359
24536,2016-03-31,11:52:00,285,3,5314
24537,2016-03-31,11:53:00,133,1,2084
24538,2016-03-31,11:54:00,130,1,4327
24539,2016-03-31,11:57:00,69,3,3465
24540,2016-03-31,12:00:00,264,2,2156
24541,2016-03-31,12:05:00,91,2,7136
24542,2016-03-31,12:05:00,238,1,10736
24543,2016-03-31,12:10:00,143,2,9383
24544,2016-03-31,12:10:00,280,1,1666
24545,2016-03-31,12:10:00,339,3,7220
24546,2016-03-31,12:12:00,129,1,441
24547,2016-03-31,12:37:00,204,3,4450
24548,2016-03-31,12:46:00,458,3,5918
24549,2016-03-31,12:47:00,406,1,307
24550,2016-03-31,12:58:00,441,2,10175
24551,2016-03-31,13:00:00,359,3,7711
24552,2016-03-31,13:00:00,87,1,10020
24553,2016-03-31,13:06:00,329,3,3275
24554,2016-03-31,13:24:00,6,1,8619
24555,2016-03-31,13:26:00,156,3,5981
24556,2016-03-31,13:31:00,288,2,6763
24557,2016-03-31,13:35:00,132,4,10258
24558,2016-03-31,13:42:00,425,3,9092
24559,2016-03-31,13:49:00,67,1,9667
24560,2016-03-31,13:56:00,125,2,10271
24561,2016-03-31,13:58:00,231,2,8478
24562,2016-03-31,14:12:00,397,2,4754
24563,2016-03-31,14:15:00,36,3,1947
24564,2016-03-31,14:18:00,249,1,9497
24565,2016-03-31,14:18:00,170,2,7026
24566,2016-03-31,14:22:00,126,3,10910
24567,2016-03-31,14:30:00,33,2,184
24568,2016-03-31,14:44:00,62,1,4157
24569,2016-03-31,14:45:00,82,2,5987
24570,2016-03-31,14:48:00,35,2,8734
24571,2016-03-31,14:50:00,391,3,805
24572,2016-03-31,14:56:00,315,2,10322
24573,2016-03-31,14:58:00,53,3,2338
24574,2016-03-31,14:58:00,384,2,2445
24575,2016-03-31,15:13:00,392,3,8864
24576,2016-03-31,15:16:00,117,1,8600
24577,2016-03-31,15:18:00,239,3,909
24578,2016-03-31,15:19:00,9,3,7798
24579,2016-03-31,15:35:00,231,5,9340
24580,2016-03-31,15:43:00,282,3,3283
24581,2016-03-31,15:58:00,44,2,8158
24582,2016-03-31,15:59:00,186,2,9572
24583,2016-03-31,16:09:00,34,4,10519
24584,2016-03-31,16:10:00,36,2,11482
24585,2016-03-31,16:11:00,409,2,8043
24586,2016-03-31,16:11:00,452,1,742
24587,2016-03-31,16:25:00,55,1,2734
24588,2016-03-31,16:26:00,118,3,9582
24589,2016-03-31,16:35:00,432,1,577
24590,2016-03-31,16:36:00,93,4,7580
24591,2016-03-31,16:38:00,3,3,1569
24592,2016-03-31,16:38:00,42,1,139
24593,2016-03-31,16:44:00,80,3,9966
24594,2016-03-31,16:50:00,101,1,6065
24595,2016-03-31,16:51:00,96,1,2180
24596,2016-03-31,16:54:00,189,3,3353
24597,2016-03-31,16:55:00,94,3,10096
24598,2016-03-31,16:56:00,139,2,5659
24599,2016-03-31,17:09:00,439,3,5514
24600,2016-03-31,17:10:00,286,1,6191
24601,2016-03-31,17:11:00,407,4,9217
24602,2016-03-31,17:16:00,30,2,5100
24603,2016-03-31,17:31:00,141,3,6501
24604,2016-03-31,17:37:00,50,2,1954
24605,2016-03-31,17:41:00,447,2,6243
24606,2016-03-31,17:41:00,119,2,6934
24607,2016-03-31,17:48:00,141,2,5364
24608,2016-03-31,17:49:00,361,1,4426
24609,2016-03-31,18:00:00,4,3,8739
24610,2016-03-31,18:14:00,93,4,431
24611,2016-03-31,18:23:00,318,1,10715
24612,2016-03-31,18:26:00,57,4,9026
24613,2016-03-31,18:26:00,32,2,31
24614,2016-03-31,18:34:00,157,3,3504
24615,2016-03-31,18:42:00,68,1,9128
24616,2016-03-31,18:46:00,145,3,158
24617,2016-03-31,18:51:00,210,2,4923
24618,2016-03-31,18:59:00,66,3,5473
24619,2016-03-31,19:03:00,122,3,6555
24620,2016-03-31,19:05:00,139,1,3372
24621,2016-03-31,19:07:00,354,1,11131
24622,2016-03-31,19:10:00,443,3,2992
24623,2016-03-31,19:15:00,110,1,11165
24624,2016-03-31,19:20:00,330,1,5943
24625,2016-03-31,19:23:00,24,4,5816
24626,2016-03-31,19:24:00,234,2,5469
24627,2016-03-31,19:28:00,195,1,1522
24628,2016-03-31,19:41:00,377,4,4255
24629,2016-03-31,19:45:00,335,1,5666
24630,2016-03-31,19:48:00,31,2,2331
24631,2016-03-31,19:53:00,88,2,8307
24632,2016-03-31,19:54:00,315,2,5325
24633,2016-03-31,20:00:00,186,1,2134
24634,2016-03-31,20:10:00,237,2,9351
24635,2016-03-31,20:10:00,339,1,9549
24636,2016-03-31,20:13:00,318,2,6225
24637,2016-03-31,20:36:00,66,4,11459
24638,2016-03-31,20:36:00,68,2,11224
24639,2016-03-31,20:39:00,279,3,6681
24640,2016-03-31,20:41:00,208,2,1215
24641,2016-03-31,20:42:00,50,2,8440
24642,2016-03-31,20:45:00,175,1,10532
24643,2016-03-31,20:46:00,159,2,11524
24644,2016-03-31,20:53:00,153,1,3318
24645,2016-03-31,20:54:00,46,1,6550
24646,2016-03-31,20:56:00,316,2,2730
24647,2016-03-31,20:58:00,347,2,11625
24648,2016-03-31,21:04:00,119,3,10198
24649,2016-03-31,21:08:00,457,4,10974
24650,2016-03-31,21:11:00,97,1,6731
24651,2016-03-31,21:18:00,62,1,6814
24652,2016-03-31,21:21:00,127,1,6281
24653,2016-03-31,21:27:00,316,1,8742
24654,2016-03-31,21:27:00,249,1,7467
24655,2016-03-31,21:30:00,17,2,5470
24656,2016-03-31,21:34:00,140,2,5771
24657,2016-03-31,21:38:00,222,2,3145
24658,2016-03-31,21:40:00,117,2,8885
24659,2016-03-31,21:40:00,323,1,299
24660,2016-03-31,21:41:00,114,3,7402
24661,2016-03-31,22:00:00,408,1,11373
24662,2016-03-31,22:02:00,246,2,9097
24663,2016-03-31,22:14:00,405,2,4778
24664,2016-03-31,22:51:00,306,1,8101
24665,2016-03-31,22:52:00,260,1,1012
24666,2016-03-31,22:53:00,94,2,80
24667,2016-03-31,23:09:00,277,1,1977
24668,2016-03-31,23:27:00,281,2,6541
24669,2016-03-31,23:40:00,59,3,9260
24670,2016-03-31,23:47:00,442,2,3920
24671,2016-03-31,23:49:00,353,4,8203
24672,2016-04-01,00:06:00,80,1,8972
24673,2016-04-01,00:06:00,407,3,7342
24674,2016-04-01,00:10:00,398,2,10289
24675,2016-04-01,00:33:00,242,2,1332
24676,2016-04-01,00:38:00,400,2,8448
24677,2016-04-01,00:39:00,35,2,2260
24678,2016-04-01,00:51:00,347,1,2575
24679,2016-04-01,00:51:00,290,2,9572
24680,2016-04-01,00:59:00,59,2,2835
24681,2016-04-01,01:00:00,394,5,3363
24682,2016-04-01,01:04:00,382,3,8929
24683,2016-04-01,01:08:00,240,1,4929
24684,2016-04-01,01:09:00,425,3,6973
24685,2016-04-01,01:15:00,349,2,6572
24686,2016-04-01,01:17:00,276,1,4599
24687,2016-04-01,01:18:00,2,1,1996
24688,2016-04-01,01:19:00,140,1,571
24689,2016-04-01,01:26:00,363,2,5988
24690,2016-04-01,01:31:00,131,1,3921
24691,2016-04-01,01:36:00,368,2,2629
24692,2016-04-01,01:36:00,50,1,2900
24693,2016-04-01,01:41:00,457,1,7168
24694,2016-04-01,01:44:00,201,2,7227
24695,2016-04-01,02:02:00,120,3,5277
24696,2016-04-01,02:14:00,45,1,10019
24697,2016-04-01,02:17:00,72,1,2840
24698,2016-04-01,02:19:00,123,4,5668
24699,2016-04-01,02:20:00,238,2,4498
24700,2016-04-01,02:22:00,345,3,5075
24701,2016-04-01,02:33:00,125,1,1848
24702,2016-04-01,02:45:00,415,1,5695
24703,2016-04-01,02:49:00,261,3,5709
24704,2016-04-01,02:51:00,286,1,2333
24705,2016-04-01,02:55:00,266,2,188
24706,2016-04-01,03:01:00,36,1,6937
24707,2016-04-01,03:02:00,380,3,7884
24708,2016-04-01,03:09:00,457,2,3917
24709,2016-04-01,03:25:00,335,2,10748
24710,2016-04-01,03:32:00,136,3,6484
24711,2016-04-01,03:33:00,438,2,5031
24712,2016-04-01,03:39:00,136,3,4091
24713,2016-04-01,03:43:00,123,3,130
24714,2016-04-01,03:48:00,81,1,9869
24715,2016-04-01,03:50:00,70,5,11728
24716,2016-04-01,03:52:00,197,3,2689
24717,2016-04-01,03:56:00,203,1,2421
24718,2016-04-01,03:57:00,220,3,4336
24719,2016-04-01,03:59:00,292,2,10653
24720,2016-04-01,04:01:00,145,2,6071
24721,2016-04-01,04:01:00,376,1,1886
24722,2016-04-01,04:22:00,1,1,6850
24723,2016-04-01,04:24:00,371,2,7452
24724,2016-04-01,04:38:00,177,2,5537
24725,2016-04-01,04:47:00,384,3,8978
24726,2016-04-01,04:54:00,111,1,8524
24727,2016-04-01,05:05:00,208,2,10082
24728,2016-04-01,05:06:00,307,3,6369
24729,2016-04-01,05:09:00,294,2,2705
24730,2016-04-01,05:13:00,282,3,4801
24731,2016-04-01,05:20:00,250,2,6019
24732,2016-04-01,05:21:00,368,1,7091
24733,2016-04-01,05:26:00,124,2,8648
24734,2016-04-01,05:29:00,164,3,10939
24735,2016-04-01,05:33:00,294,2,433
24736,2016-04-01,05:38:00,159,2,3988
24737,2016-04-01,05:41:00,183,2,4415
24738,2016-04-01,05:53:00,326,2,1250
24739,2016-04-01,06:18:00,178,1,5786
24740,2016-04-01,06:25:00,32,2,337
24741,2016-04-01,06:25:00,126,1,9922
24742,2016-04-01,06:27:00,205,2,7458
24743,2016-04-01,06:31:00,353,1,10344
24744,2016-04-01,06:35:00,440,3,11069
24745,2016-04-01,06:36:00,401,2,6896
24746,2016-04-01,06:37:00,374,1,368
24747,2016-04-01,06:51:00,184,2,7293
24748,2016-04-01,07:02:00,443,1,8735
24749,2016-04-01,07:04:00,160,1,10357
24750,2016-04-01,07:22:00,156,2,2221
24751,2016-04-01,07:24:00,427,2,11144
24752,2016-04-01,07:28:00,411,3,8948
24753,2016-04-01,07:41:00,142,1,5740
24754,2016-04-01,07:41:00,244,2,8660
24755,2016-04-01,07:48:00,411,3,3025
24756,2016-04-01,08:18:00,198,4,1951
24757,2016-04-01,08:20:00,133,1,3043
24758,2016-04-01,08:25:00,241,2,875
24759,2016-04-01,08:25:00,68,1,2312
24760,2016-04-01,08:29:00,148,1,1956
24761,2016-04-01,08:29:00,2,2,2921
24762,2016-04-01,08:31:00,454,3,2465
24763,2016-04-01,08:34:00,59,3,485
24764,2016-04-01,08:38:00,412,2,8533
24765,2016-04-01,08:39:00,330,3,9279
24766,2016-04-01,08:41:00,186,2,4639
24767,2016-04-01,08:44:00,314,2,8913
24768,2016-04-01,08:52:00,15,1,426
24769,2016-04-01,09:01:00,150,1,1507
24770,2016-04-01,09:06:00,378,3,271
24771,2016-04-01,09:10:00,191,2,5799
24772,2016-04-01,09:11:00,331,1,4658
24773,2016-04-01,09:12:00,194,2,6286
24774,2016-04-01,09:15:00,237,3,2498
24775,2016-04-01,09:25:00,411,1,3977
24776,2016-04-01,09:28:00,197,1,11340
24777,2016-04-01,09:30:00,301,3,1928
24778,2016-04-01,09:35:00,290,1,6143
24779,2016-04-01,09:36:00,281,3,2175
24780,2016-04-01,09:37:00,265,1,6309
24781,2016-04-01,09:37:00,409,1,5816
24782,2016-04-01,09:38:00,157,2,1898
24783,2016-04-01,09:42:00,389,2,4207
24784,2016-04-01,09:44:00,67,1,11493
24785,2016-04-01,09:45:00,379,1,2219
24786,2016-04-01,09:48:00,55,2,8399
24787,2016-04-01,09:52:00,98,2,3785
24788,2016-04-01,09:55:00,178,1,4882
24789,2016-04-01,10:11:00,403,1,9973
24790,2016-04-01,10:20:00,234,1,8311
24791,2016-04-01,10:30:00,122,1,10686
24792,2016-04-01,10:36:00,267,2,5662
24793,2016-04-01,10:43:00,438,2,5134
24794,2016-04-01,10:56:00,1,1,270
24795,2016-04-01,11:14:00,80,1,5444
24796,2016-04-01,11:18:00,185,1,7930
24797,2016-04-01,11:18:00,205,1,6526
24798,2016-04-01,11:19:00,393,1,4646
24799,2016-04-01,11:28:00,87,2,6736
24800,2016-04-01,11:29:00,416,2,4515
24801,2016-04-01,11:36:00,160,2,8473
24802,2016-04-01,11:41:00,202,3,6152
24803,2016-04-01,11:53:00,351,2,11691
24804,2016-04-01,11:53:00,152,4,6952
24805,2016-04-01,11:58:00,54,2,3828
24806,2016-04-01,11:59:00,331,1,7560
24807,2016-04-01,12:00:00,167,1,8666
24808,2016-04-01,12:03:00,432,3,5831
24809,2016-04-01,12:07:00,166,1,5163
24810,2016-04-01,12:09:00,428,2,818
24811,2016-04-01,12:12:00,410,2,6458
24812,2016-04-01,12:15:00,371,1,3542
24813,2016-04-01,12:15:00,451,4,2974
24814,2016-04-01,12:24:00,335,1,6177
24815,2016-04-01,12:29:00,167,2,163
24816,2016-04-01,12:30:00,283,2,1789
24817,2016-04-01,12:34:00,240,1,3084
24818,2016-04-01,12:43:00,55,3,7259
24819,2016-04-01,12:44:00,192,1,3046
24820,2016-04-01,12:44:00,414,2,9043
24821,2016-04-01,12:49:00,238,1,8075
24822,2016-04-01,12:51:00,329,2,3134
24823,2016-04-01,12:59:00,448,2,1251
24824,2016-04-01,13:04:00,417,3,2557
24825,2016-04-01,13:10:00,346,2,224
24826,2016-04-01,13:33:00,59,1,326
24827,2016-04-01,13:36:00,319,1,1044
24828,2016-04-01,13:41:00,327,2,318
24829,2016-04-01,13:46:00,24,4,8064
24830,2016-04-01,13:56:00,173,3,2520
24831,2016-04-01,14:02:00,326,2,5272
24832,2016-04-01,14:04:00,372,1,9164
24833,2016-04-01,14:05:00,274,1,10060
24834,2016-04-01,14:07:00,354,4,11387
24835,2016-04-01,14:37:00,384,1,10770
24836,2016-04-01,14:40:00,431,2,11851
24837,2016-04-01,14:40:00,353,3,9607
24838,2016-04-01,14:48:00,15,2,9818
24839,2016-04-01,14:53:00,324,3,6051
24840,2016-04-01,14:55:00,25,1,2679
24841,2016-04-01,14:57:00,330,1,3944
24842,2016-04-01,15:04:00,376,2,3329
24843,2016-04-01,15:06:00,71,3,7909
24844,2016-04-01,15:06:00,32,2,9001
24845,2016-04-01,15:15:00,196,1,5380
24846,2016-04-01,15:20:00,12,3,1644
24847,2016-04-01,15:32:00,294,3,7384
24848,2016-04-01,15:32:00,350,1,7965
24849,2016-04-01,15:32:00,374,3,606
24850,2016-04-01,15:39:00,30,3,3998
24851,2016-04-01,15:43:00,240,2,10471
24852,2016-04-01,15:44:00,275,4,9387
24853,2016-04-01,15:48:00,277,3,5776
24854,2016-04-01,15:48:00,377,3,8532
24855,2016-04-01,15:49:00,56,3,9375
24856,2016-04-01,16:02:00,272,1,8042
24857,2016-04-01,16:04:00,367,2,3105
24858,2016-04-01,16:14:00,209,1,5792
24859,2016-04-01,16:16:00,370,2,2166
24860,2016-04-01,16:21:00,183,4,11985
24861,2016-04-01,16:22:00,339,1,6141
24862,2016-04-01,16:33:00,308,2,1926
24863,2016-04-01,16:34:00,111,2,580
24864,2016-04-01,16:37:00,114,2,7408
24865,2016-04-01,16:39:00,274,3,8595
24866,2016-04-01,16:41:00,152,3,11231
24867,2016-04-01,16:50:00,327,2,9720
24868,2016-04-01,16:52:00,20,3,2973
24869,2016-04-01,16:56:00,209,2,9364
24870,2016-04-01,17:11:00,364,5,6458
24871,2016-04-01,17:17:00,296,1,7690
24872,2016-04-01,17:19:00,12,1,9837
24873,2016-04-01,17:21:00,443,3,8261
24874,2016-04-01,17:23:00,34,4,7034
24875,2016-04-01,17:30:00,368,1,318
24876,2016-04-01,17:33:00,35,1,2939
24877,2016-04-01,17:33:00,112,1,2037
24878,2016-04-01,17:42:00,423,1,10656
24879,2016-04-01,17:44:00,433,2,10411
24880,2016-04-01,17:48:00,146,4,1880
24881,2016-04-01,17:50:00,222,2,135
24882,2016-04-01,17:50:00,175,1,4438
24883,2016-04-01,18:04:00,247,1,86
24884,2016-04-01,18:12:00,77,1,6201
24885,2016-04-01,18:15:00,254,2,6009
24886,2016-04-01,18:42:00,103,1,10891
24887,2016-04-01,18:50:00,307,4,2197
24888,2016-04-01,18:53:00,395,1,9736
24889,2016-04-01,18:54:00,229,3,6389
24890,2016-04-01,18:59:00,391,1,7589
24891,2016-04-01,19:07:00,85,2,9948
24892,2016-04-01,19:18:00,22,2,9796
24893,2016-04-01,19:25:00,432,2,3301
24894,2016-04-01,19:29:00,26,2,8978
24895,2016-04-01,19:40:00,399,1,4942
24896,2016-04-01,19:40:00,35,3,2712
24897,2016-04-01,19:51:00,260,1,2872
24898,2016-04-01,19:51:00,229,2,5910
24899,2016-04-01,19:58:00,338,3,1985
24900,2016-04-01,20:12:00,189,2,6034
24901,2016-04-01,20:14:00,97,1,10848
24902,2016-04-01,20:16:00,408,2,1984
24903,2016-04-01,20:17:00,223,2,9991
24904,2016-04-01,20:18:00,118,1,616
24905,2016-04-01,20:21:00,343,3,7055
24906,2016-04-01,20:22:00,267,2,4841
24907,2016-04-01,20:30:00,227,1,8071
24908,2016-04-01,20:49:00,360,4,8626
24909,2016-04-01,20:51:00,306,3,15
24910,2016-04-01,21:02:00,334,1,10322
24911,2016-04-01,21:04:00,414,1,6503
24912,2016-04-01,21:07:00,257,2,11800
24913,2016-04-01,21:14:00,159,3,8181
24914,2016-04-01,21:15:00,108,2,11487
24915,2016-04-01,21:17:00,329,2,10765
24916,2016-04-01,21:18:00,302,1,4189
24917,2016-04-01,21:25:00,293,1,8535
24918,2016-04-01,21:25:00,418,2,1733
24919,2016-04-01,21:37:00,216,1,6508
24920,2016-04-01,21:43:00,325,5,2732
24921,2016-04-01,21:44:00,134,2,3565
24922,2016-04-01,21:46:00,85,1,7976
24923,2016-04-01,21:49:00,200,2,1568
24924,2016-04-01,21:53:00,440,2,6707
24925,2016-04-01,21:57:00,439,2,8982
24926,2016-04-01,22:00:00,4,5,3827
24927,2016-04-01,22:00:00,370,3,5695
24928,2016-04-01,22:01:00,300,1,9368
24929,2016-04-01,22:04:00,375,1,7602
24930,2016-04-01,22:15:00,76,1,1570
24931,2016-04-01,22:18:00,281,2,2413
24932,2016-04-01,22:24:00,201,1,4651
24933,2016-04-01,22:24:00,378,2,804
24934,2016-04-01,22:28:00,427,1,2832
24935,2016-04-01,22:35:00,293,2,3794
24936,2016-04-01,22:38:00,168,2,9488
24937,2016-04-01,22:43:00,123,4,11637
24938,2016-04-01,22:48:00,411,2,6265
24939,2016-04-01,22:53:00,186,3,5100
24940,2016-04-01,22:58:00,12,1,7594
24941,2016-04-01,23:02:00,433,1,10899
24942,2016-04-01,23:12:00,106,4,811
24943,2016-04-01,23:14:00,390,1,6996
24944,2016-04-01,23:24:00,371,3,5963
24945,2016-04-01,23:29:00,252,1,4189
24946,2016-04-01,23:30:00,17,1,2091
24947,2016-04-01,23:36:00,35,3,6234
24948,2016-04-01,23:38:00,237,1,8810
24949,2016-04-01,23:42:00,176,1,379
24950,2016-04-01,23:42:00,147,1,1602
24951,2016-04-01,23:45:00,429,1,3409
24952,2016-04-01,23:56:00,392,3,4398
24953,2016-04-02,00:04:00,120,1,10545
24954,2016-04-02,00:16:00,68,2,10801
24955,2016-04-02,00:20:00,302,1,3811
24956,2016-04-02,00:28:00,271,1,8016
24957,2016-04-02,00:32:00,130,2,5614
24958,2016-04-02,00:33:00,369,3,7367
24959,2016-04-02,00:34:00,218,2,1935
24960,2016-04-02,00:41:00,302,4,6728
24961,2016-04-02,00:46:00,140,2,6783
24962,2016-04-02,01:30:00,401,1,4998
24963,2016-04-02,01:44:00,265,2,1591
24964,2016-04-02,01:47:00,153,1,1901
24965,2016-04-02,01:49:00,361,1,6468
24966,2016-04-02,01:53:00,152,4,4661
24967,2016-04-02,01:54:00,289,1,6592
24968,2016-04-02,02:02:00,95,1,1702
24969,2016-04-02,02:04:00,187,3,7525
24970,2016-04-02,02:05:00,12,2,4298
24971,2016-04-02,02:15:00,455,2,8092
24972,2016-04-02,02:20:00,166,2,642
24973,2016-04-02,02:22:00,216,2,11320
24974,2016-04-02,02:31:00,43,1,11701
24975,2016-04-02,02:34:00,369,2,1815
24976,2016-04-02,02:39:00,179,1,4763
24977,2016-04-02,02:40:00,106,2,8060
24978,2016-04-02,02:49:00,371,1,6025
24979,2016-04-02,02:53:00,173,2,11855
24980,2016-04-02,02:54:00,423,2,8850
24981,2016-04-02,02:54:00,450,2,341
24982,2016-04-02,03:01:00,413,4,5564
24983,2016-04-02,03:17:00,8,2,8509
24984,2016-04-02,03:23:00,271,1,3349
24985,2016-04-02,03:27:00,57,4,3929
24986,2016-04-02,03:37:00,391,2,2851
24987,2016-04-02,03:38:00,364,2,11036
24988,2016-04-02,03:44:00,16,1,8843
24989,2016-04-02,03:45:00,458,1,10998
24990,2016-04-02,03:55:00,438,3,10952
24991,2016-04-02,04:08:00,349,1,4470
24992,2016-04-02,04:13:00,41,4,3471
24993,2016-04-02,04:15:00,250,1,175
24994,2016-04-02,04:19:00,131,3,2517
24995,2016-04-02,04:19:00,349,1,2963
24996,2016-04-02,04:26:00,349,4,7526
24997,2016-04-02,04:29:00,226,2,3899
24998,2016-04-02,04:37:00,369,2,7269
24999,2016-04-02,04:38:00,69,2,2564
25000,2016-04-02,04:41:00,201,1,9945
25001,2016-04-02,04:42:00,228,2,3270
25002,2016-04-02,04:44:00,275,2,5457
25003,2016-04-02,04:59:00,138,1,10149
25004,2016-04-02,05:02:00,38,1,6789
25005,2016-04-02,05:07:00,68,2,513
25006,2016-04-02,05:11:00,9,1,8973
25007,2016-04-02,05:12:00,120,4,9416
25008,2016-04-02,05:13:00,310,1,2134
25009,2016-04-02,05:20:00,428,1,9266
25010,2016-04-02,05:20:00,65,2,8176
25011,2016-04-02,05:20:00,412,3,11832
25012,2016-04-02,05:22:00,320,2,11597
25013,2016-04-02,05:23:00,302,2,8720
25014,2016-04-02,05:23:00,23,1,5425
25015,2016-04-02,05:27:00,414,1,9349
25016,2016-04-02,05:36:00,417,2,9330
25017,2016-04-02,05:36:00,231,1,4924
25018,2016-04-02,05:45:00,21,1,731
25019,2016-04-02,06:07:00,349,1,881
25020,2016-04-02,06:13:00,44,2,170
25021,2016-04-02,06:27:00,144,2,2627
25022,2016-04-02,06:33:00,19,1,9458
25023,2016-04-02,06:39:00,65,1,7352
25024,2016-04-02,06:54:00,379,1,6595
25025,2016-04-02,06:56:00,44,2,10188
25026,2016-04-02,07:01:00,369,2,1765
25027,2016-04-02,07:02:00,258,2,9229
25028,2016-04-02,07:02:00,128,3,9363
25029,2016-04-02,07:09:00,57,1,9067
25030,2016-04-02,07:21:00,325,1,10971
25031,2016-04-02,07:23:00,239,1,414
25032,2016-04-02,07:29:00,454,5,3915
25033,2016-04-02,07:33:00,347,4,3602
25034,2016-04-02,07:36:00,220,3,2719
25035,2016-04-02,07:37:00,75,4,2903
25036,2016-04-02,07:38:00,222,3,11227
25037,2016-04-02,07:41:00,370,2,5142
25038,2016-04-02,07:43:00,83,2,10917
25039,2016-04-02,07:47:00,323,4,6501
25040,2016-04-02,07:47:00,265,3,6293
25041,2016-04-02,07:53:00,331,3,1712
25042,2016-04-02,07:55:00,400,1,8308
25043,2016-04-02,08:00:00,196,1,3284
25044,2016-04-02,08:04:00,212,3,8036
25045,2016-04-02,08:04:00,300,3,2001
25046,2016-04-02,08:14:00,305,2,6004
25047,2016-04-02,08:17:00,114,2,7213
25048,2016-04-02,08:20:00,328,2,8396
25049,2016-04-02,08:26:00,380,2,3907
25050,2016-04-02,08:37:00,31,2,20
25051,2016-04-02,08:42:00,40,2,610
25052,2016-04-02,08:43:00,43,3,887
25053,2016-04-02,08:45:00,257,2,1589
25054,2016-04-02,08:52:00,237,2,3684
25055,2016-04-02,08:55:00,85,2,7487
25056,2016-04-02,08:58:00,3,1,659
25057,2016-04-02,09:01:00,448,2,7358
25058,2016-04-02,09:06:00,259,3,7462
25059,2016-04-02,09:07:00,372,2,10102
25060,2016-04-02,09:13:00,348,5,11844
25061,2016-04-02,09:14:00,205,1,326
25062,2016-04-02,09:19:00,383,1,4646
25063,2016-04-02,09:29:00,344,2,4406
25064,2016-04-02,09:31:00,18,1,1221
25065,2016-04-02,09:31:00,134,5,8841
25066,2016-04-02,09:34:00,38,1,7340
25067,2016-04-02,09:37:00,240,1,11960
25068,2016-04-02,09:38:00,256,2,1618
25069,2016-04-02,09:42:00,437,3,2132
25070,2016-04-02,09:51:00,150,2,4841
25071,2016-04-02,09:54:00,21,2,8964
25072,2016-04-02,09:56:00,39,5,6883
25073,2016-04-02,09:59:00,265,2,2801
25074,2016-04-02,10:01:00,278,1,5808
25075,2016-04-02,10:02:00,300,1,8917
25076,2016-04-02,10:09:00,82,1,278
25077,2016-04-02,10:15:00,308,1,4281
25078,2016-04-02,10:41:00,368,2,9296
25079,2016-04-02,10:45:00,388,1,1615
25080,2016-04-02,10:51:00,367,1,9754
25081,2016-04-02,10:51:00,266,4,1028
25082,2016-04-02,11:03:00,390,3,8851
25083,2016-04-02,11:10:00,131,1,5007
25084,2016-04-02,11:21:00,228,3,5987
25085,2016-04-02,11:25:00,335,2,9762
25086,2016-04-02,11:28:00,414,2,6146
25087,2016-04-02,11:38:00,281,3,8107
25088,2016-04-02,11:50:00,196,2,11560
25089,2016-04-02,11:51:00,43,1,11025
25090,2016-04-02,12:07:00,159,2,4237
25091,2016-04-02,12:13:00,261,1,5596
25092,2016-04-02,12:15:00,204,3,11365
25093,2016-04-02,12:27:00,80,1,10138
25094,2016-04-02,12:34:00,445,1,9730
25095,2016-04-02,12:34:00,67,2,1408
25096,2016-04-02,12:36:00,225,2,3724
25097,2016-04-02,12:39:00,22,1,6778
25098,2016-04-02,12:40:00,411,3,4204
25099,2016-04-02,12:42:00,291,1,8906
25100,2016-04-02,12:42:00,320,2,1926
25101,2016-04-02,12:49:00,1,2,11706
25102,2016-04-02,12:58:00,352,2,6050
25103,2016-04-02,13:00:00,233,2,374
25104,2016-04-02,13:11:00,335,2,752
25105,2016-04-02,13:13:00,258,2,7094
25106,2016-04-02,13:24:00,62,2,5315
25107,2016-04-02,13:27:00,214,1,6908
25108,2016-04-02,13:28:00,297,3,6930
25109,2016-04-02,13:50:00,153,1,2711
25110,2016-04-02,13:56:00,109,2,475
25111,2016-04-02,14:02:00,387,2,2060
25112,2016-04-02,14:08:00,276,2,101
25113,2016-04-02,14:09:00,301,1,9702
25114,2016-04-02,14:10:00,119,1,10846
25115,2016-04-02,14:18:00,400,2,1310
25116,2016-04-02,14:19:00,41,2,6340
25117,2016-04-02,14:23:00,83,1,7252
25118,2016-04-02,14:23:00,418,1,11374
25119,2016-04-02,14:28:00,336,2,10695
25120,2016-04-02,14:34:00,303,1,9110
25121,2016-04-02,14:34:00,222,2,8796
25122,2016-04-02,14:35:00,328,2,10019
25123,2016-04-02,14:37:00,312,2,10559
25124,2016-04-02,14:45:00,452,2,3984
25125,2016-04-02,14:48:00,167,1,790
25126,2016-04-02,14:52:00,99,2,11815
25127,2016-04-02,14:55:00,96,2,2917
25128,2016-04-02,14:58:00,315,3,2180
25129,2016-04-02,14:59:00,415,2,4002
25130,2016-04-02,15:14:00,239,1,684
25131,2016-04-02,15:15:00,272,2,9033
25132,2016-04-02,15:16:00,221,2,8978
25133,2016-04-02,15:22:00,359,3,3875
25134,2016-04-02,15:24:00,452,3,9774
25135,2016-04-02,15:29:00,183,3,11798
25136,2016-04-02,15:37:00,294,3,3195
25137,2016-04-02,15:41:00,409,4,1426
25138,2016-04-02,15:44:00,416,1,4382
25139,2016-04-02,15:46:00,422,1,10199
25140,2016-04-02,15:48:00,343,2,2965
25141,2016-04-02,15:49:00,228,1,3373
25142,2016-04-02,15:50:00,267,1,7723
25143,2016-04-02,15:53:00,441,2,774
25144,2016-04-02,15:54:00,291,2,9194
25145,2016-04-02,15:57:00,348,1,4402
25146,2016-04-02,15:57:00,126,2,2435
25147,2016-04-02,16:01:00,111,4,6083
25148,2016-04-02,16:09:00,380,2,4165
25149,2016-04-02,16:10:00,287,1,7686
25150,2016-04-02,16:34:00,337,1,9025
25151,2016-04-02,16:36:00,195,2,3487
25152,2016-04-02,16:37:00,198,3,3974
25153,2016-04-02,16:38:00,177,3,620
25154,2016-04-02,16:40:00,300,2,6821
25155,2016-04-02,16:41:00,320,2,9893
25156,2016-04-02,16:47:00,194,1,1258
25157,2016-04-02,16:54:00,415,2,1033
25158,2016-04-02,16:55:00,355,1,1838
25159,2016-04-02,17:00:00,50,2,11155
25160,2016-04-02,17:10:00,269,1,10723
25161,2016-04-02,17:11:00,434,1,10028
25162,2016-04-02,17:12:00,3,3,8493
25163,2016-04-02,17:16:00,246,2,11360
25164,2016-04-02,17:21:00,19,1,4306
25165,2016-04-02,17:22:00,319,2,5478
25166,2016-04-02,17:26:00,419,4,1701
25167,2016-04-02,17:26:00,208,3,2800
25168,2016-04-02,17:36:00,347,3,11979
25169,2016-04-02,17:43:00,210,2,10335
25170,2016-04-02,17:46:00,119,2,3565
25171,2016-04-02,17:54:00,316,3,3413
25172,2016-04-02,18:00:00,235,1,6329
25173,2016-04-02,18:06:00,169,2,4539
25174,2016-04-02,18:06:00,169,1,7997
25175,2016-04-02,18:12:00,24,3,5481
25176,2016-04-02,18:17:00,195,1,11251
25177,2016-04-02,18:20:00,402,2,4670
25178,2016-04-02,18:20:00,204,5,7868
25179,2016-04-02,18:20:00,137,2,6388
25180,2016-04-02,18:34:00,371,1,1722
25181,2016-04-02,18:35:00,67,2,3478
25182,2016-04-02,18:45:00,135,2,1311
25183,2016-04-02,18:49:00,374,2,11811
25184,2016-04-02,18:49:00,302,1,6480
25185,2016-04-02,18:54:00,120,3,9706
25186,2016-04-02,18:57:00,10,2,780
25187,2016-04-02,19:08:00,137,2,8133
25188,2016-04-02,19:17:00,182,1,9657
25189,2016-04-02,19:20:00,49,2,9000
25190,2016-04-02,19:21:00,68,1,4148
25191,2016-04-02,19:25:00,241,1,11591
25192,2016-04-02,19:31:00,392,2,9141
25193,2016-04-02,19:31:00,153,2,11505
25194,2016-04-02,19:37:00,388,1,6217
25195,2016-04-02,19:38:00,219,2,7704
25196,2016-04-02,19:42:00,47,3,5475
25197,2016-04-02,19:48:00,235,1,11955
25198,2016-04-02,19:48:00,394,1,1356
25199,2016-04-02,19:53:00,92,1,1920
25200,2016-04-02,19:56:00,178,1,1208
25201,2016-04-02,19:57:00,296,3,3065
25202,2016-04-02,20:03:00,315,2,6984
25203,2016-04-02,20:03:00,253,3,7164
25204,2016-04-02,20:09:00,272,1,5474
25205,2016-04-02,20:36:00,244,1,1446
25206,2016-04-02,20:55:00,251,2,6254
25207,2016-04-02,21:03:00,97,2,904
25208,2016-04-02,21:14:00,396,2,5953
25209,2016-04-02,21:21:00,213,4,10294
25210,2016-04-02,21:29:00,281,1,2906
25211,2016-04-02,21:32:00,441,3,7459
25212,2016-04-02,21:34:00,79,2,1742
25213,2016-04-02,21:35:00,47,2,801
25214,2016-04-02,21:41:00,242,2,8925
25215,2016-04-02,21:42:00,8,2,3744
25216,2016-04-02,21:43:00,261,2,11456
25217,2016-04-02,21:47:00,314,1,10161
25218,2016-04-02,21:48:00,55,4,8759
25219,2016-04-02,21:58:00,103,2,3445
25220,2016-04-02,21:58:00,242,2,10700
25221,2016-04-02,22:07:00,400,2,5776
25222,2016-04-02,22:15:00,96,3,8404
25223,2016-04-02,22:26:00,49,4,2750
25224,2016-04-02,22:32:00,19,3,4232
25225,2016-04-02,22:33:00,330,1,8219
25226,2016-04-02,22:34:00,235,2,11915
25227,2016-04-02,22:57:00,396,2,4398
25228,2016-04-02,23:25:00,324,1,8619
25229,2016-04-02,23:26:00,425,1,3030
25230,2016-04-02,23:30:00,447,1,9605
25231,2016-04-02,23:49:00,367,3,7593
25232,2016-04-02,23:54:00,107,1,7534
25233,2016-04-03,00:01:00,154,1,7733
25234,2016-04-03,00:03:00,24,3,10648
25235,2016-04-03,00:05:00,17,2,5733
25236,2016-04-03,00:10:00,82,1,4156
25237,2016-04-03,00:10:00,388,2,8050
25238,2016-04-03,00:12:00,333,3,3483
25239,2016-04-03,00:12:00,385,1,1373
25240,2016-04-03,00:16:00,63,3,3555
25241,2016-04-03,00:22:00,281,1,7375
25242,2016-04-03,00:45:00,441,4,11531
25243,2016-04-03,00:46:00,399,2,5176
25244,2016-04-03,00:56:00,374,1,672
25245,2016-04-03,00:56:00,130,5,4680
25246,2016-04-03,01:02:00,19,2,507
25247,2016-04-03,01:05:00,395,3,1911
25248,2016-04-03,01:05:00,106,4,9073
25249,2016-04-03,01:06:00,431,1,426
25250,2016-04-03,01:06:00,193,1,1562
25251,2016-04-03,01:14:00,212,2,10859
25252,2016-04-03,01:18:00,126,2,1131
25253,2016-04-03,01:18:00,321,2,5860
25254,2016-04-03,01:19:00,99,2,5226
25255,2016-04-03,01:20:00,170,3,10502
25256,2016-04-03,01:22:00,134,1,4014
25257,2016-04-03,01:23:00,3,3,11006
25258,2016-04-03,01:32:00,379,1,11048
25259,2016-04-03,01:37:00,155,3,2441
25260,2016-04-03,01:51:00,109,1,8955
25261,2016-04-03,01:52:00,102,2,1043
25262,2016-04-03,01:57:00,150,1,2702
25263,2016-04-03,01:58:00,271,1,8196
25264,2016-04-03,02:09:00,113,2,9958
25265,2016-04-03,02:09:00,248,2,7547
25266,2016-04-03,02:14:00,5,1,3969
25267,2016-04-03,02:17:00,416,2,2295
25268,2016-04-03,02:18:00,290,2,2867
25269,2016-04-03,02:30:00,232,1,5331
25270,2016-04-03,02:34:00,148,2,9941
25271,2016-04-03,02:35:00,3,3,2089
25272,2016-04-03,02:42:00,353,4,8972
25273,2016-04-03,02:53:00,136,1,11616
25274,2016-04-03,02:55:00,175,2,5398
25275,2016-04-03,03:03:00,426,2,2181
25276,2016-04-03,03:06:00,326,1,4584
25277,2016-04-03,03:07:00,226,1,7776
25278,2016-04-03,03:08:00,150,3,2827
25279,2016-04-03,03:13:00,146,2,3330
25280,2016-04-03,03:18:00,129,1,6787
25281,2016-04-03,03:18:00,111,1,5318
25282,2016-04-03,03:23:00,405,1,5457
25283,2016-04-03,03:27:00,208,3,141
25284,2016-04-03,03:30:00,15,2,7699
25285,2016-04-03,03:34:00,4,3,8008
25286,2016-04-03,03:37:00,273,2,6659
25287,2016-04-03,03:51:00,173,4,5216
25288,2016-04-03,03:56:00,159,1,6889
25289,2016-04-03,04:00:00,269,3,1108
25290,2016-04-03,04:08:00,238,4,11803
25291,2016-04-03,04:13:00,318,2,11845
25292,2016-04-03,04:26:00,286,3,10665
25293,2016-04-03,04:28:00,441,1,3979
25294,2016-04-03,04:31:00,232,3,5073
25295,2016-04-03,04:43:00,162,3,1350
25296,2016-04-03,04:48:00,301,1,3748
25297,2016-04-03,04:49:00,268,7,8882
25298,2016-04-03,04:50:00,62,1,10366
25299,2016-04-03,04:56:00,335,3,4064
25300,2016-04-03,04:57:00,284,2,4287
25301,2016-04-03,05:07:00,446,1,541
25302,2016-04-03,05:08:00,153,1,5795
25303,2016-04-03,05:09:00,41,1,8150
25304,2016-04-03,05:19:00,370,1,5949
25305,2016-04-03,05:19:00,104,4,11530
25306,2016-04-03,05:23:00,237,3,11981
25307,2016-04-03,05:26:00,26,2,864
25308,2016-04-03,05:28:00,138,2,11012
25309,2016-04-03,05:37:00,143,1,5733
25310,2016-04-03,05:42:00,203,2,9197
25311,2016-04-03,05:48:00,145,2,6822
25312,2016-04-03,05:49:00,86,1,8760
25313,2016-04-03,05:50:00,287,1,8039
25314,2016-04-03,05:57:00,245,2,11951
25315,2016-04-03,05:58:00,284,2,2303
25316,2016-04-03,05:59:00,228,6,10517
25317,2016-04-03,06:02:00,335,3,4634
25318,2016-04-03,06:13:00,400,3,9652
25319,2016-04-03,06:17:00,66,3,1481
25320,2016-04-03,06:20:00,306,2,11574
25321,2016-04-03,06:27:00,252,1,5620
25322,2016-04-03,06:27:00,15,1,2267
25323,2016-04-03,06:29:00,135,3,8231
25324,2016-04-03,06:42:00,425,2,10903
25325,2016-04-03,06:45:00,123,1,7723
25326,2016-04-03,06:50:00,219,1,6022
25327,2016-04-03,06:55:00,158,3,1685
25328,2016-04-03,06:57:00,333,1,6381
25329,2016-04-03,06:57:00,305,3,2114
25330,2016-04-03,07:00:00,354,1,3266
25331,2016-04-03,07:02:00,38,1,4504
25332,2016-04-03,07:08:00,9,2,3129
25333,2016-04-03,07:13:00,207,1,10869
25334,2016-04-03,07:19:00,119,1,11815
25335,2016-04-03,07:19:00,218,2,2441
25336,2016-04-03,07:22:00,291,2,8428
25337,2016-04-03,07:28:00,432,2,3206
25338,2016-04-03,07:42:00,229,1,10412
25339,2016-04-03,07:47:00,368,2,253
25340,2016-04-03,08:01:00,230,1,579
25341,2016-04-03,08:03:00,384,2,6361
25342,2016-04-03,08:07:00,355,1,3799
25343,2016-04-03,08:08:00,29,1,3507
25344,2016-04-03,08:10:00,387,1,10816
25345,2016-04-03,08:19:00,307,1,94
25346,2016-04-03,08:21:00,292,2,8328
25347,2016-04-03,08:31:00,166,3,10467
25348,2016-04-03,08:37:00,208,3,4245
25349,2016-04-03,08:42:00,363,4,7894
25350,2016-04-03,08:45:00,88,2,10549
25351,2016-04-03,08:46:00,206,3,11595
25352,2016-04-03,08:46:00,316,2,3770
25353,2016-04-03,08:53:00,58,4,10640
25354,2016-04-03,09:09:00,322,3,6251
25355,2016-04-03,09:16:00,18,2,6920
25356,2016-04-03,09:26:00,309,2,8215
25357,2016-04-03,09:31:00,300,1,7393
25358,2016-04-03,09:42:00,120,1,1205
25359,2016-04-03,09:43:00,375,2,394
25360,2016-04-03,09:46:00,221,2,7566
25361,2016-04-03,09:56:00,67,3,4317
25362,2016-04-03,09:56:00,325,2,9680
25363,2016-04-03,09:57:00,295,3,2465
25364,2016-04-03,09:57:00,167,4,7997
25365,2016-04-03,09:59:00,57,2,3162
25366,2016-04-03,10:14:00,150,4,2754
25367,2016-04-03,10:23:00,335,1,10131
25368,2016-04-03,10:25:00,85,2,7157
25369,2016-04-03,10:28:00,327,2,1414
25370,2016-04-03,10:32:00,193,1,8227
25371,2016-04-03,10:33:00,316,2,9305
25372,2016-04-03,10:40:00,237,2,8433
25373,2016-04-03,10:40:00,349,3,1229
25374,2016-04-03,11:05:00,96,2,8889
25375,2016-04-03,11:08:00,220,1,7635
25376,2016-04-03,11:15:00,237,1,8669
25377,2016-04-03,11:19:00,372,2,3065
25378,2016-04-03,11:28:00,369,2,4123
25379,2016-04-03,11:36:00,83,2,11516
25380,2016-04-03,11:39:00,72,3,6484
25381,2016-04-03,11:47:00,301,1,4138
25382,2016-04-03,11:48:00,429,2,9878
25383,2016-04-03,11:51:00,338,1,11779
25384,2016-04-03,12:12:00,319,1,6345
25385,2016-04-03,12:16:00,32,1,8760
25386,2016-04-03,12:27:00,399,2,8201
25387,2016-04-03,12:34:00,106,4,2819
25388,2016-04-03,12:44:00,455,3,9061
25389,2016-04-03,12:59:00,343,2,11925
25390,2016-04-03,13:03:00,353,3,10856
25391,2016-04-03,13:13:00,83,2,583
25392,2016-04-03,13:13:00,332,2,10121
25393,2016-04-03,13:14:00,71,2,277
25394,2016-04-03,13:24:00,216,2,5850
25395,2016-04-03,13:24:00,127,3,1573
25396,2016-04-03,13:30:00,59,3,5103
25397,2016-04-03,13:41:00,408,2,7793
25398,2016-04-03,13:42:00,65,3,10351
25399,2016-04-03,13:43:00,297,4,6006
25400,2016-04-03,13:47:00,344,1,8747
25401,2016-04-03,13:51:00,338,1,3139
25402,2016-04-03,13:54:00,226,2,4967
25403,2016-04-03,13:54:00,187,2,2786
25404,2016-04-03,14:00:00,6,1,5078
25405,2016-04-03,14:02:00,150,1,3584
25406,2016-04-03,14:05:00,117,3,1322
25407,2016-04-03,14:14:00,241,1,401
25408,2016-04-03,14:32:00,13,2,9756
25409,2016-04-03,14:37:00,82,1,11595
25410,2016-04-03,14:52:00,284,5,7837
25411,2016-04-03,14:59:00,417,2,2071
25412,2016-04-03,15:15:00,357,2,7724
25413,2016-04-03,15:15:00,148,1,5245
25414,2016-04-03,15:18:00,90,3,7277
25415,2016-04-03,15:38:00,277,2,8175
25416,2016-04-03,15:41:00,76,1,10069
25417,2016-04-03,15:57:00,370,1,4246
25418,2016-04-03,16:00:00,307,1,6501
25419,2016-04-03,16:06:00,271,2,9196
25420,2016-04-03,16:25:00,34,2,5065
25421,2016-04-03,16:26:00,127,3,10196
25422,2016-04-03,16:37:00,327,1,6523
25423,2016-04-03,16:42:00,13,1,1810
25424,2016-04-03,16:50:00,407,2,3146
25425,2016-04-03,16:52:00,233,1,8638
25426,2016-04-03,16:56:00,28,2,9450
25427,2016-04-03,17:13:00,320,1,3270
25428,2016-04-03,17:15:00,149,2,10259
25429,2016-04-03,17:15:00,192,2,11482
25430,2016-04-03,17:28:00,310,1,1429
25431,2016-04-03,17:30:00,141,1,10615
25432,2016-04-03,17:36:00,61,1,2805
25433,2016-04-03,17:38:00,90,1,9381
25434,2016-04-03,17:43:00,72,3,8885
25435,2016-04-03,17:46:00,87,2,7656
25436,2016-04-03,18:25:00,17,2,9297
25437,2016-04-03,18:28:00,172,3,306
25438,2016-04-03,18:43:00,400,1,7235
25439,2016-04-03,18:44:00,428,1,230
25440,2016-04-03,18:48:00,211,4,10319
25441,2016-04-03,19:17:00,260,1,6024
25442,2016-04-03,19:19:00,251,2,2374
25443,2016-04-03,19:24:00,453,2,1671
25444,2016-04-03,19:25:00,388,2,6819
25445,2016-04-03,19:37:00,35,2,9754
25446,2016-04-03,19:42:00,290,3,6767
25447,2016-04-03,19:43:00,141,4,599
25448,2016-04-03,19:43:00,174,2,2983
25449,2016-04-03,19:56:00,57,2,10807
25450,2016-04-03,20:01:00,348,3,4742
25451,2016-04-03,20:05:00,198,1,10263
25452,2016-04-03,20:06:00,27,1,9009
25453,2016-04-03,20:40:00,1,2,7438
25454,2016-04-03,20:51:00,368,3,641
25455,2016-04-03,21:01:00,306,2,9816
25456,2016-04-03,21:05:00,33,2,3739
25457,2016-04-03,21:07:00,379,3,4674
25458,2016-04-03,21:13:00,359,2,6649
25459,2016-04-03,21:20:00,353,2,3956
25460,2016-04-03,21:21:00,428,2,3886
25461,2016-04-03,21:25:00,367,3,9480
25462,2016-04-03,21:35:00,128,1,2847
25463,2016-04-03,21:36:00,198,2,3179
25464,2016-04-03,21:41:00,66,3,1999
25465,2016-04-03,21:46:00,295,1,1242
25466,2016-04-03,21:47:00,418,3,7775
25467,2016-04-03,21:50:00,93,2,9658
25468,2016-04-03,22:00:00,154,3,7831
25469,2016-04-03,22:09:00,61,1,7399
25470,2016-04-03,22:14:00,316,2,5706
25471,2016-04-03,22:16:00,129,2,729
25472,2016-04-03,22:22:00,51,1,870
25473,2016-04-03,22:25:00,143,1,3033
25474,2016-04-03,22:33:00,325,4,6127
25475,2016-04-03,22:38:00,293,3,4037
25476,2016-04-03,23:01:00,167,1,5477
25477,2016-04-03,23:03:00,113,2,8239
25478,2016-04-03,23:16:00,325,2,10463
25479,2016-04-03,23:19:00,335,2,773
25480,2016-04-03,23:21:00,401,4,5648
25481,2016-04-03,23:23:00,185,1,5699
25482,2016-04-03,23:24:00,369,2,2509
25483,2016-04-03,23:26:00,94,1,6448
25484,2016-04-03,23:29:00,314,4,2905
25485,2016-04-03,23:31:00,33,1,4571
25486,2016-04-03,23:31:00,209,3,10907
25487,2016-04-03,23:34:00,92,2,110
25488,2016-04-03,23:35:00,154,2,42
25489,2016-04-03,23:48:00,379,2,7547
25490,2016-04-03,23:49:00,53,1,3887
25491,2016-04-03,23:51:00,132,2,5347
25492,2016-04-03,23:52:00,20,3,1779
25493,2016-04-04,00:21:00,18,1,3506
25494,2016-04-04,00:23:00,245,2,9952
25495,2016-04-04,00:25:00,119,1,6872
25496,2016-04-04,00:26:00,452,3,9182
25497,2016-04-04,00:29:00,239,3,1831
25498,2016-04-04,00:34:00,455,3,6487
25499,2016-04-04,00:36:00,212,2,18
25500,2016-04-04,00:50:00,197,3,9804
25501,2016-04-04,00:50:00,135,1,319
25502,2016-04-04,00:50:00,274,4,9190
25503,2016-04-04,00:54:00,242,2,4638
25504,2016-04-04,00:55:00,34,2,6176
25505,2016-04-04,00:58:00,187,3,6785
25506,2016-04-04,00:59:00,77,1,10798
25507,2016-04-04,01:04:00,309,2,4524
25508,2016-04-04,01:05:00,54,1,1268
25509,2016-04-04,01:10:00,205,1,524
25510,2016-04-04,01:13:00,70,3,9064
25511,2016-04-04,01:14:00,197,2,1349
25512,2016-04-04,01:17:00,105,4,8578
25513,2016-04-04,01:24:00,228,2,8725
25514,2016-04-04,01:24:00,295,1,6070
25515,2016-04-04,01:29:00,38,2,328
25516,2016-04-04,01:36:00,246,3,976
25517,2016-04-04,01:43:00,426,1,4610
25518,2016-04-04,01:53:00,405,2,6075
25519,2016-04-04,01:59:00,300,1,718
25520,2016-04-04,02:06:00,83,2,8560
25521,2016-04-04,02:16:00,407,1,2755
25522,2016-04-04,02:16:00,337,2,4791
25523,2016-04-04,02:22:00,121,2,11134
25524,2016-04-04,02:26:00,83,3,4415
25525,2016-04-04,02:32:00,30,1,580
25526,2016-04-04,02:32:00,133,4,5857
25527,2016-04-04,02:34:00,229,1,5621
25528,2016-04-04,02:37:00,5,3,3981
25529,2016-04-04,02:41:00,102,3,6185
25530,2016-04-04,02:48:00,167,2,5448
25531,2016-04-04,02:53:00,19,2,2577
25532,2016-04-04,02:54:00,323,2,3416
25533,2016-04-04,02:58:00,90,1,1403
25534,2016-04-04,03:01:00,52,2,3399
25535,2016-04-04,03:02:00,436,3,1751
25536,2016-04-04,03:06:00,450,3,3628
25537,2016-04-04,03:09:00,361,3,193
25538,2016-04-04,03:10:00,286,1,10824
25539,2016-04-04,03:12:00,437,3,11025
25540,2016-04-04,03:14:00,114,3,3170
25541,2016-04-04,03:33:00,343,2,132
25542,2016-04-04,03:37:00,200,2,11892
25543,2016-04-04,03:49:00,220,2,8062
25544,2016-04-04,03:52:00,309,3,5161
25545,2016-04-04,03:53:00,324,1,7790
25546,2016-04-04,03:57:00,220,3,3903
25547,2016-04-04,04:00:00,317,3,4495
25548,2016-04-04,04:05:00,259,2,11236
25549,2016-04-04,04:06:00,98,3,1409
25550,2016-04-04,04:09:00,440,2,2587
25551,2016-04-04,04:09:00,299,2,6380
25552,2016-04-04,04:12:00,355,2,3252
25553,2016-04-04,04:14:00,21,2,1350
25554,2016-04-04,04:15:00,332,2,305
25555,2016-04-04,04:15:00,349,3,2885
25556,2016-04-04,04:15:00,445,4,9406
25557,2016-04-04,04:16:00,439,2,224
25558,2016-04-04,04:20:00,413,1,5304
25559,2016-04-04,04:24:00,109,1,2690
25560,2016-04-04,04:25:00,244,2,8175
25561,2016-04-04,04:30:00,105,1,2379
25562,2016-04-04,04:31:00,435,1,7520
25563,2016-04-04,04:34:00,379,2,11569
25564,2016-04-04,04:35:00,185,1,8807
25565,2016-04-04,04:36:00,198,1,2996
25566,2016-04-04,04:51:00,44,2,478
25567,2016-04-04,04:56:00,10,1,10761
25568,2016-04-04,05:00:00,194,1,824
25569,2016-04-04,05:07:00,200,3,7787
25570,2016-04-04,05:10:00,97,1,4796
25571,2016-04-04,05:11:00,162,1,8814
25572,2016-04-04,05:19:00,93,2,5713
25573,2016-04-04,05:23:00,344,2,11537
25574,2016-04-04,05:23:00,405,1,11237
25575,2016-04-04,05:25:00,7,4,8888
25576,2016-04-04,05:32:00,10,2,10182
25577,2016-04-04,05:42:00,43,4,9749
25578,2016-04-04,05:42:00,452,1,8846
25579,2016-04-04,05:47:00,218,3,7195
25580,2016-04-04,06:01:00,177,2,8450
25581,2016-04-04,06:17:00,445,2,8375
25582,2016-04-04,06:21:00,189,1,11303
25583,2016-04-04,06:22:00,287,4,8181
25584,2016-04-04,06:31:00,26,2,868
25585,2016-04-04,06:31:00,99,1,10112
25586,2016-04-04,06:32:00,34,1,10189
25587,2016-04-04,06:33:00,263,2,2271
25588,2016-04-04,06:34:00,354,3,536
25589,2016-04-04,06:35:00,159,4,1894
25590,2016-04-04,06:41:00,319,2,1247
25591,2016-04-04,06:41:00,323,1,8288
25592,2016-04-04,06:58:00,176,3,8814
25593,2016-04-04,07:01:00,35,2,11352
25594,2016-04-04,07:03:00,344,2,11683
25595,2016-04-04,07:04:00,407,3,2394
25596,2016-04-04,07:07:00,249,1,5949
25597,2016-04-04,07:18:00,447,2,3382
25598,2016-04-04,07:34:00,210,4,7545
25599,2016-04-04,07:35:00,186,3,9748
25600,2016-04-04,07:36:00,204,2,6300
25601,2016-04-04,07:40:00,164,4,328
25602,2016-04-04,07:46:00,32,5,3493
25603,2016-04-04,07:49:00,252,3,4316
25604,2016-04-04,07:51:00,197,1,6434
25605,2016-04-04,07:56:00,342,3,7498
25606,2016-04-04,08:00:00,434,3,5420
25607,2016-04-04,08:02:00,89,2,11309
25608,2016-04-04,08:05:00,147,1,11877
25609,2016-04-04,08:08:00,48,1,10038
25610,2016-04-04,08:14:00,228,3,4080
25611,2016-04-04,08:14:00,103,3,2691
25612,2016-04-04,08:18:00,305,3,6627
25613,2016-04-04,08:23:00,13,1,2879
25614,2016-04-04,08:28:00,445,1,1841
25615,2016-04-04,08:49:00,134,3,9184
25616,2016-04-04,08:50:00,145,2,3699
25617,2016-04-04,08:54:00,82,2,1229
25618,2016-04-04,08:58:00,351,3,9514
25619,2016-04-04,08:59:00,256,5,11377
25620,2016-04-04,09:00:00,378,2,10147
25621,2016-04-04,09:04:00,297,3,2137
25622,2016-04-04,09:05:00,209,2,647
25623,2016-04-04,09:07:00,238,2,9572
25624,2016-04-04,09:08:00,346,2,5747
25625,2016-04-04,09:16:00,85,1,13
25626,2016-04-04,09:18:00,40,1,5148
25627,2016-04-04,09:19:00,379,1,3932
25628,2016-04-04,09:22:00,178,1,5350
25629,2016-04-04,09:31:00,252,2,6066
25630,2016-04-04,09:34:00,83,1,5178
25631,2016-04-04,09:38:00,284,2,9848
25632,2016-04-04,09:53:00,202,3,6167
25633,2016-04-04,10:02:00,276,1,1734
25634,2016-04-04,10:06:00,239,2,9244
25635,2016-04-04,10:12:00,344,1,102
25636,2016-04-04,10:16:00,335,2,6522
25637,2016-04-04,10:20:00,174,2,196
25638,2016-04-04,10:26:00,79,1,1793
25639,2016-04-04,10:34:00,91,1,4229
25640,2016-04-04,10:38:00,19,1,647
25641,2016-04-04,10:53:00,133,3,9871
25642,2016-04-04,10:55:00,156,3,9786
25643,2016-04-04,11:04:00,51,1,9076
25644,2016-04-04,11:07:00,356,1,1017
25645,2016-04-04,11:07:00,134,2,4830
25646,2016-04-04,11:19:00,144,1,6316
25647,2016-04-04,11:29:00,9,1,389
25648,2016-04-04,11:32:00,184,2,10607
25649,2016-04-04,11:32:00,51,1,8665
25650,2016-04-04,11:32:00,127,2,10281
25651,2016-04-04,11:39:00,109,1,972
25652,2016-04-04,11:43:00,327,1,7299
25653,2016-04-04,11:50:00,420,2,11662
25654,2016-04-04,11:54:00,292,1,661
25655,2016-04-04,12:06:00,339,1,5112
25656,2016-04-04,12:07:00,137,3,1918
25657,2016-04-04,12:09:00,328,1,4728
25658,2016-04-04,12:10:00,59,1,2771
25659,2016-04-04,12:10:00,439,2,5454
25660,2016-04-04,12:11:00,442,1,10927
25661,2016-04-04,12:30:00,167,1,5018
25662,2016-04-04,12:31:00,445,1,3904
25663,2016-04-04,12:31:00,273,1,9318
25664,2016-04-04,12:33:00,303,2,4807
25665,2016-04-04,12:34:00,150,2,1314
25666,2016-04-04,12:38:00,246,1,9668
25667,2016-04-04,12:44:00,27,2,6251
25668,2016-04-04,12:45:00,49,1,2723
25669,2016-04-04,13:04:00,126,2,6991
25670,2016-04-04,13:13:00,1,1,2325
25671,2016-04-04,13:23:00,447,3,887
25672,2016-04-04,13:24:00,163,2,5955
25673,2016-04-04,13:27:00,349,5,7503
25674,2016-04-04,13:40:00,304,1,2274
25675,2016-04-04,13:43:00,24,4,6289
25676,2016-04-04,13:52:00,373,4,3883
25677,2016-04-04,13:57:00,376,2,5922
25678,2016-04-04,14:01:00,372,3,7356
25679,2016-04-04,14:06:00,127,2,5893
25680,2016-04-04,14:14:00,70,3,10949
25681,2016-04-04,14:24:00,401,1,11840
25682,2016-04-04,14:28:00,153,4,8031
25683,2016-04-04,14:28:00,386,1,4241
25684,2016-04-04,14:30:00,198,1,10219
25685,2016-04-04,14:32:00,117,1,8036
25686,2016-04-04,14:51:00,399,1,7152
25687,2016-04-04,15:02:00,204,2,5185
25688,2016-04-04,15:10:00,13,4,11185
25689,2016-04-04,15:12:00,203,1,8379
25690,2016-04-04,15:12:00,158,3,11995
25691,2016-04-04,15:13:00,36,2,2373
25692,2016-04-04,15:13:00,42,2,2870
25693,2016-04-04,15:14:00,80,2,6884
25694,2016-04-04,15:17:00,125,3,8807
25695,2016-04-04,15:19:00,249,2,11246
25696,2016-04-04,15:25:00,226,2,9102
25697,2016-04-04,15:26:00,146,2,4477
25698,2016-04-04,15:31:00,396,1,6136
25699,2016-04-04,15:38:00,416,1,939
25700,2016-04-04,15:42:00,433,1,10585
25701,2016-04-04,15:47:00,166,2,5717
25702,2016-04-04,15:47:00,117,2,1936
25703,2016-04-04,15:48:00,210,1,938
25704,2016-04-04,15:53:00,349,1,2631
25705,2016-04-04,15:56:00,35,2,11774
25706,2016-04-04,15:57:00,333,1,4705
25707,2016-04-04,16:00:00,40,1,11752
25708,2016-04-04,16:10:00,70,1,4058
25709,2016-04-04,16:14:00,294,1,10884
25710,2016-04-04,16:21:00,446,2,6064
25711,2016-04-04,16:29:00,167,4,697
25712,2016-04-04,16:33:00,352,1,9626
25713,2016-04-04,16:34:00,144,3,567
25714,2016-04-04,16:40:00,412,3,10571
25715,2016-04-04,16:46:00,398,2,4018
25716,2016-04-04,16:47:00,90,2,3629
25717,2016-04-04,16:48:00,397,1,8075
25718,2016-04-04,16:52:00,74,2,11355
25719,2016-04-04,16:53:00,126,1,3645
25720,2016-04-04,16:58:00,210,1,10610
25721,2016-04-04,17:06:00,151,1,3999
25722,2016-04-04,17:06:00,51,3,6420
25723,2016-04-04,17:06:00,405,3,2951
25724,2016-04-04,17:17:00,400,2,2314
25725,2016-04-04,17:49:00,455,2,5766
25726,2016-04-04,17:49:00,395,3,3251
25727,2016-04-04,17:54:00,456,1,3972
25728,2016-04-04,17:55:00,268,1,6760
25729,2016-04-04,18:03:00,63,1,7062
25730,2016-04-04,18:11:00,160,1,431
25731,2016-04-04,18:20:00,343,2,7163
25732,2016-04-04,18:30:00,262,3,11007
25733,2016-04-04,18:30:00,134,4,2168
25734,2016-04-04,18:31:00,343,1,5377
25735,2016-04-04,18:46:00,124,1,5706
25736,2016-04-04,18:46:00,397,2,11690
25737,2016-04-04,18:48:00,417,3,3184
25738,2016-04-04,18:52:00,261,1,8206
25739,2016-04-04,18:55:00,207,4,8438
25740,2016-04-04,18:58:00,300,1,8805
25741,2016-04-04,18:59:00,277,1,10827
25742,2016-04-04,19:03:00,170,1,7471
25743,2016-04-04,19:11:00,289,2,4314
25744,2016-04-04,19:12:00,398,1,794
25745,2016-04-04,19:13:00,120,1,3674
25746,2016-04-04,19:16:00,328,2,9729
25747,2016-04-04,19:21:00,358,4,588
25748,2016-04-04,19:26:00,158,3,10642
25749,2016-04-04,19:28:00,169,4,6147
25750,2016-04-04,19:35:00,196,2,5779
25751,2016-04-04,19:38:00,157,4,7841
25752,2016-04-04,19:39:00,188,2,5683
25753,2016-04-04,19:46:00,233,2,3594
25754,2016-04-04,19:47:00,42,1,10954
25755,2016-04-04,20:00:00,9,1,10887
25756,2016-04-04,20:03:00,230,1,9398
25757,2016-04-04,20:04:00,197,4,839
25758,2016-04-04,20:07:00,90,3,8390
25759,2016-04-04,20:08:00,10,1,6122
25760,2016-04-04,20:10:00,336,1,9774
25761,2016-04-04,20:31:00,452,1,5745
25762,2016-04-04,20:50:00,290,2,8432
25763,2016-04-04,20:55:00,228,2,11638
25764,2016-04-04,20:55:00,238,2,4773
25765,2016-04-04,21:00:00,421,2,7519
25766,2016-04-04,21:01:00,353,1,7512
25767,2016-04-04,21:25:00,255,2,8219
25768,2016-04-04,21:29:00,95,2,5195
25769,2016-04-04,21:33:00,59,2,6183
25770,2016-04-04,21:38:00,35,1,4369
25771,2016-04-04,21:40:00,5,1,3303
25772,2016-04-04,21:44:00,350,1,6251
25773,2016-04-04,21:54:00,444,2,1089
25774,2016-04-04,21:54:00,382,4,8432
25775,2016-04-04,21:57:00,253,1,11903
25776,2016-04-04,22:21:00,348,3,3173
25777,2016-04-04,22:28:00,425,2,8644
25778,2016-04-04,22:30:00,352,2,3942
25779,2016-04-04,22:37:00,321,2,6536
25780,2016-04-04,22:39:00,14,1,9997
25781,2016-04-04,22:39:00,206,3,3660
25782,2016-04-04,22:43:00,240,3,8733
25783,2016-04-04,22:52:00,423,3,134
25784,2016-04-04,23:19:00,34,1,6305
25785,2016-04-04,23:20:00,357,4,988
25786,2016-04-04,23:20:00,240,1,2173
25787,2016-04-04,23:25:00,41,4,4033
25788,2016-04-04,23:40:00,323,1,10272
25789,2016-04-04,23:50:00,430,1,105
25790,2016-04-04,23:54:00,378,1,1901
25791,2016-04-04,23:54:00,345,2,10598
25792,2016-04-05,00:05:00,413,1,7261
25793,2016-04-05,00:15:00,373,1,11658
25794,2016-04-05,00:18:00,258,1,10694
25795,2016-04-05,00:22:00,135,1,10847
25796,2016-04-05,00:24:00,60,1,6126
25797,2016-04-05,00:27:00,188,1,5130
25798,2016-04-05,00:37:00,79,2,2940
25799,2016-04-05,01:05:00,356,2,3537
25800,2016-04-05,01:07:00,101,3,7265
25801,2016-04-05,01:20:00,323,2,4264
25802,2016-04-05,01:20:00,159,2,1279
25803,2016-04-05,01:21:00,120,3,3167
25804,2016-04-05,01:23:00,321,2,9958
25805,2016-04-05,01:23:00,455,2,491
25806,2016-04-05,01:28:00,372,1,5595
25807,2016-04-05,01:30:00,205,1,2338
25808,2016-04-05,01:36:00,190,1,10027
25809,2016-04-05,01:44:00,157,2,2230
25810,2016-04-05,01:49:00,394,1,6190
25811,2016-04-05,01:53:00,120,2,4257
25812,2016-04-05,01:55:00,140,1,11207
25813,2016-04-05,02:00:00,394,2,713
25814,2016-04-05,02:02:00,375,2,9682
25815,2016-04-05,02:06:00,211,3,10456
25816,2016-04-05,02:11:00,258,3,9254
25817,2016-04-05,02:11:00,161,1,7504
25818,2016-04-05,02:16:00,204,1,294
25819,2016-04-05,02:16:00,160,2,2969
25820,2016-04-05,02:18:00,212,2,9486
25821,2016-04-05,02:21:00,329,2,5653
25822,2016-04-05,02:26:00,49,2,9659
25823,2016-04-05,02:28:00,268,2,6771
25824,2016-04-05,02:32:00,159,1,3787
25825,2016-04-05,02:33:00,65,1,11364
25826,2016-04-05,02:39:00,297,3,9684
25827,2016-04-05,02:46:00,158,1,5887
25828,2016-04-05,02:52:00,443,1,6098
25829,2016-04-05,02:52:00,173,3,6856
25830,2016-04-05,02:58:00,392,4,343
25831,2016-04-05,03:12:00,278,1,7400
25832,2016-04-05,03:16:00,164,3,7024
25833,2016-04-05,03:22:00,236,2,1456
25834,2016-04-05,03:22:00,457,1,2904
25835,2016-04-05,03:24:00,65,2,2302
25836,2016-04-05,03:24:00,188,2,11173
25837,2016-04-05,03:29:00,447,4,9750
25838,2016-04-05,03:30:00,263,1,9019
25839,2016-04-05,03:41:00,337,1,7810
25840,2016-04-05,03:51:00,455,1,8139
25841,2016-04-05,04:11:00,62,1,9325
25842,2016-04-05,04:18:00,313,1,8504
25843,2016-04-05,04:28:00,435,4,1281
25844,2016-04-05,04:52:00,142,2,217
25845,2016-04-05,04:55:00,53,3,5674
25846,2016-04-05,04:55:00,305,2,5342
25847,2016-04-05,04:55:00,143,3,2852
25848,2016-04-05,05:03:00,220,2,7850
25849,2016-04-05,05:11:00,40,2,4015
25850,2016-04-05,05:15:00,336,4,9972
25851,2016-04-05,05:16:00,14,1,5562
25852,2016-04-05,05:19:00,337,2,7239
25853,2016-04-05,05:20:00,330,3,5014
25854,2016-04-05,05:23:00,412,3,5255
25855,2016-04-05,05:27:00,380,2,3642
25856,2016-04-05,05:32:00,36,2,4573
25857,2016-04-05,05:38:00,22,2,2824
25858,2016-04-05,05:52:00,154,3,10407
25859,2016-04-05,05:57:00,266,1,5286
25860,2016-04-05,06:00:00,281,5,6032
25861,2016-04-05,06:08:00,348,4,3907
25862,2016-04-05,06:16:00,399,2,5295
25863,2016-04-05,06:34:00,159,2,5055
25864,2016-04-05,06:49:00,310,3,11226
25865,2016-04-05,06:51:00,332,2,10775
25866,2016-04-05,07:25:00,185,1,3471
25867,2016-04-05,07:28:00,424,3,10237
25868,2016-04-05,07:32:00,279,2,6997
25869,2016-04-05,07:41:00,389,3,7273
25870,2016-04-05,07:42:00,253,3,4675
25871,2016-04-05,08:08:00,64,2,2561
25872,2016-04-05,08:11:00,199,1,1373
25873,2016-04-05,08:16:00,53,5,2005
25874,2016-04-05,08:17:00,88,2,8302
25875,2016-04-05,08:29:00,448,1,10670
25876,2016-04-05,08:30:00,458,3,8876
25877,2016-04-05,08:35:00,201,3,1701
25878,2016-04-05,08:36:00,16,2,2588
25879,2016-04-05,08:36:00,4,1,3034
25880,2016-04-05,08:57:00,320,3,10827
25881,2016-04-05,09:02:00,417,1,10511
25882,2016-04-05,09:10:00,320,2,3171
25883,2016-04-05,09:11:00,307,1,5677
25884,2016-04-05,09:13:00,436,1,9532
25885,2016-04-05,09:22:00,144,2,7374
25886,2016-04-05,09:50:00,335,2,1212
25887,2016-04-05,10:00:00,291,1,1134
25888,2016-04-05,10:03:00,180,2,10916
25889,2016-04-05,10:10:00,163,2,1612
25890,2016-04-05,10:14:00,253,2,4320
25891,2016-04-05,10:16:00,140,1,7828
25892,2016-04-05,10:17:00,215,1,11775
25893,2016-04-05,10:22:00,226,2,1763
25894,2016-04-05,10:26:00,304,1,6902
25895,2016-04-05,10:26:00,452,2,3076
25896,2016-04-05,10:36:00,426,1,11619
25897,2016-04-05,10:37:00,310,3,9574
25898,2016-04-05,10:45:00,146,1,10854
25899,2016-04-05,10:45:00,253,1,11016
25900,2016-04-05,10:54:00,64,3,4339
25901,2016-04-05,10:59:00,252,2,811
25902,2016-04-05,11:00:00,93,1,8740
25903,2016-04-05,11:13:00,430,4,11389
25904,2016-04-05,11:18:00,126,2,5685
25905,2016-04-05,11:18:00,147,1,6287
25906,2016-04-05,11:29:00,180,2,5289
25907,2016-04-05,11:39:00,391,2,5879
25908,2016-04-05,11:40:00,269,1,4873
25909,2016-04-05,11:46:00,371,1,312
25910,2016-04-05,11:51:00,328,1,4139
25911,2016-04-05,11:53:00,187,1,5434
25912,2016-04-05,11:59:00,117,2,5430
25913,2016-04-05,12:09:00,200,3,5145
25914,2016-04-05,12:09:00,52,1,1933
25915,2016-04-05,12:28:00,42,2,828
25916,2016-04-05,12:30:00,364,1,6922
25917,2016-04-05,12:41:00,190,2,11134
25918,2016-04-05,12:44:00,376,4,10695
25919,2016-04-05,12:45:00,167,2,9026
25920,2016-04-05,12:50:00,378,2,4500
25921,2016-04-05,12:56:00,159,2,6434
25922,2016-04-05,13:01:00,237,1,9118
25923,2016-04-05,13:06:00,37,1,2815
25924,2016-04-05,13:07:00,449,1,6669
25925,2016-04-05,13:10:00,168,1,9262
25926,2016-04-05,13:20:00,39,2,5277
25927,2016-04-05,13:26:00,229,3,10759
25928,2016-04-05,13:28:00,335,1,4273
25929,2016-04-05,13:31:00,36,2,4030
25930,2016-04-05,13:52:00,219,2,10448
25931,2016-04-05,13:54:00,302,2,7206
25932,2016-04-05,13:57:00,327,1,5752
25933,2016-04-05,14:13:00,49,3,2082
25934,2016-04-05,14:15:00,172,2,634
25935,2016-04-05,14:16:00,111,1,5759
25936,2016-04-05,14:25:00,14,4,2282
25937,2016-04-05,14:38:00,147,2,11356
25938,2016-04-05,15:04:00,298,1,8968
25939,2016-04-05,15:05:00,323,1,1142
25940,2016-04-05,15:21:00,155,3,2525
25941,2016-04-05,15:24:00,409,2,159
25942,2016-04-05,15:29:00,77,3,5313
25943,2016-04-05,15:30:00,355,2,11156
25944,2016-04-05,15:43:00,68,4,8116
25945,2016-04-05,16:04:00,115,5,9054
25946,2016-04-05,16:10:00,370,3,9677
25947,2016-04-05,16:13:00,238,4,10987
25948,2016-04-05,16:17:00,422,2,3783
25949,2016-04-05,16:28:00,193,1,3076
25950,2016-04-05,16:30:00,127,1,1859
25951,2016-04-05,16:31:00,305,3,9975
25952,2016-04-05,16:31:00,10,3,11835
25953,2016-04-05,16:34:00,388,2,8787
25954,2016-04-05,16:41:00,151,1,5582
25955,2016-04-05,16:46:00,33,2,5721
25956,2016-04-05,16:48:00,54,1,10210
25957,2016-04-05,16:51:00,175,1,3222
25958,2016-04-05,16:58:00,316,2,781
25959,2016-04-05,17:05:00,282,1,10679
25960,2016-04-05,17:14:00,96,4,10165
25961,2016-04-05,17:17:00,166,2,6237
25962,2016-04-05,17:19:00,169,1,5247
25963,2016-04-05,17:26:00,206,2,3705
25964,2016-04-05,17:28:00,59,2,4267
25965,2016-04-05,17:34:00,34,1,3173
25966,2016-04-05,17:38:00,431,1,9670
25967,2016-04-05,17:40:00,181,3,3815
25968,2016-04-05,17:44:00,119,3,9648
25969,2016-04-05,17:46:00,141,2,7346
25970,2016-04-05,17:47:00,118,1,1303
25971,2016-04-05,17:53:00,243,4,2439
25972,2016-04-05,18:18:00,204,1,2644
25973,2016-04-05,18:36:00,229,1,6840
25974,2016-04-05,18:39:00,410,2,10359
25975,2016-04-05,18:53:00,69,2,627
25976,2016-04-05,18:54:00,348,1,323
25977,2016-04-05,18:56:00,6,2,4164
25978,2016-04-05,18:59:00,272,1,1872
25979,2016-04-05,19:04:00,138,1,444
25980,2016-04-05,19:09:00,358,3,7128
25981,2016-04-05,19:12:00,55,2,11996
25982,2016-04-05,19:12:00,297,2,6288
25983,2016-04-05,19:15:00,340,2,10081
25984,2016-04-05,19:27:00,227,1,7170
25985,2016-04-05,19:29:00,341,3,7785
25986,2016-04-05,19:30:00,97,2,1395
25987,2016-04-05,19:33:00,355,3,7574
25988,2016-04-05,19:40:00,405,1,1298
25989,2016-04-05,19:40:00,20,2,11920
25990,2016-04-05,19:43:00,386,1,10243
25991,2016-04-05,19:50:00,357,1,9121
25992,2016-04-05,19:55:00,162,1,1090
25993,2016-04-05,19:56:00,310,1,2595
25994,2016-04-05,20:00:00,72,2,7738
25995,2016-04-05,20:05:00,198,1,3052
25996,2016-04-05,20:10:00,262,2,8926
25997,2016-04-05,20:10:00,359,4,4358
25998,2016-04-05,20:24:00,435,4,374
25999,2016-04-05,20:27:00,188,3,11661
26000,2016-04-05,20:39:00,229,1,3413
26001,2016-04-05,20:44:00,201,2,9339
26002,2016-04-05,20:49:00,251,2,2015
26003,2016-04-05,20:50:00,429,1,1062
26004,2016-04-05,20:50:00,23,2,10792
26005,2016-04-05,21:02:00,344,2,162
26006,2016-04-05,21:09:00,205,1,6213
26007,2016-04-05,21:17:00,344,1,4965
26008,2016-04-05,21:18:00,215,4,10702
26009,2016-04-05,21:20:00,81,2,10282
26010,2016-04-05,21:21:00,178,1,5437
26011,2016-04-05,21:24:00,70,1,11564
26012,2016-04-05,21:25:00,310,3,6672
26013,2016-04-05,21:26:00,323,3,5326
26014,2016-04-05,21:38:00,26,1,960
26015,2016-04-05,21:40:00,155,1,4350
26016,2016-04-05,21:49:00,352,2,10652
26017,2016-04-05,21:51:00,187,3,9389
26018,2016-04-05,21:51:00,92,3,3203
26019,2016-04-05,21:52:00,84,1,3105
26020,2016-04-05,21:53:00,6,2,9161
26021,2016-04-05,22:02:00,339,1,7381
26022,2016-04-05,22:03:00,437,3,6712
26023,2016-04-05,22:15:00,388,1,9677
26024,2016-04-05,22:17:00,344,1,2706
26025,2016-04-05,22:18:00,121,4,5535
26026,2016-04-05,22:19:00,36,3,2605
26027,2016-04-05,22:26:00,325,1,11559
26028,2016-04-05,22:28:00,131,1,8780
26029,2016-04-05,22:38:00,191,1,3396
26030,2016-04-05,22:38:00,265,2,656
26031,2016-04-05,22:39:00,285,1,4701
26032,2016-04-05,22:41:00,89,3,9293
26033,2016-04-05,22:43:00,159,1,83
26034,2016-04-05,22:45:00,408,3,8904
26035,2016-04-05,22:48:00,226,3,2676
26036,2016-04-05,22:52:00,240,1,4792
26037,2016-04-05,22:55:00,33,2,4523
26038,2016-04-05,22:59:00,54,1,7994
26039,2016-04-05,22:59:00,26,2,2265
26040,2016-04-05,23:04:00,79,3,10230
26041,2016-04-05,23:10:00,419,5,7164
26042,2016-04-05,23:13:00,380,1,1675
26043,2016-04-05,23:21:00,20,2,5345
26044,2016-04-05,23:26:00,421,5,3275
26045,2016-04-05,23:35:00,154,4,45
26046,2016-04-05,23:37:00,390,2,6264
26047,2016-04-05,23:41:00,260,2,10857
26048,2016-04-05,23:42:00,158,1,11481
26049,2016-04-05,23:49:00,29,2,5081
26050,2016-04-05,23:57:00,369,1,492
26051,2016-04-06,00:00:00,254,2,9417
26052,2016-04-06,00:04:00,443,2,1970
26053,2016-04-06,00:11:00,430,5,4228
26054,2016-04-06,00:13:00,42,2,8793
26055,2016-04-06,00:21:00,42,1,6487
26056,2016-04-06,00:22:00,6,1,6918
26057,2016-04-06,00:23:00,115,2,9312
26058,2016-04-06,00:24:00,175,4,11706
26059,2016-04-06,00:27:00,199,1,9676
26060,2016-04-06,00:33:00,411,3,9434
26061,2016-04-06,00:35:00,226,4,2479
26062,2016-04-06,00:36:00,238,2,2728
26063,2016-04-06,00:43:00,184,1,1862
26064,2016-04-06,00:44:00,108,4,9842
26065,2016-04-06,00:47:00,266,1,567
26066,2016-04-06,00:48:00,4,1,3554
26067,2016-04-06,00:53:00,437,2,8491
26068,2016-04-06,01:05:00,247,2,6495
26069,2016-04-06,01:17:00,312,1,10037
26070,2016-04-06,01:24:00,223,1,4326
26071,2016-04-06,01:25:00,83,3,6466
26072,2016-04-06,01:27:00,334,1,4556
26073,2016-04-06,01:29:00,238,1,6573
26074,2016-04-06,01:42:00,5,3,3842
26075,2016-04-06,01:49:00,126,1,1376
26076,2016-04-06,01:53:00,188,3,3692
26077,2016-04-06,01:54:00,187,2,10040
26078,2016-04-06,02:08:00,337,1,11760
26079,2016-04-06,02:08:00,84,1,9566
26080,2016-04-06,02:11:00,429,3,4800
26081,2016-04-06,02:19:00,293,2,4752
26082,2016-04-06,02:19:00,234,2,8957
26083,2016-04-06,02:40:00,139,1,6721
26084,2016-04-06,02:41:00,131,1,8677
26085,2016-04-06,02:51:00,83,1,4222
26086,2016-04-06,03:01:00,39,2,3039
26087,2016-04-06,03:03:00,274,2,11744
26088,2016-04-06,03:05:00,388,3,4141
26089,2016-04-06,03:10:00,195,1,8999
26090,2016-04-06,03:12:00,142,2,11215
26091,2016-04-06,03:15:00,5,3,8013
26092,2016-04-06,03:15:00,30,2,4909
26093,2016-04-06,03:18:00,25,4,5581
26094,2016-04-06,03:22:00,179,2,9691
26095,2016-04-06,03:27:00,337,2,3369
26096,2016-04-06,03:36:00,221,2,4219
26097,2016-04-06,03:36:00,399,2,2826
26098,2016-04-06,03:43:00,6,3,825
26099,2016-04-06,03:45:00,445,2,9421
26100,2016-04-06,03:45:00,223,1,10883
26101,2016-04-06,03:49:00,361,3,10192
26102,2016-04-06,03:59:00,22,1,2804
26103,2016-04-06,03:59:00,449,2,4593
26104,2016-04-06,04:08:00,283,3,11378
26105,2016-04-06,04:12:00,314,1,3328
26106,2016-04-06,04:15:00,326,2,7418
26107,2016-04-06,04:17:00,182,1,5139
26108,2016-04-06,04:22:00,399,1,9101
26109,2016-04-06,04:24:00,339,1,187
26110,2016-04-06,04:27:00,68,2,3879
26111,2016-04-06,04:30:00,354,1,4080
26112,2016-04-06,04:31:00,384,1,3508
26113,2016-04-06,04:32:00,260,2,9804
26114,2016-04-06,04:34:00,300,2,8142
26115,2016-04-06,04:34:00,259,1,11351
26116,2016-04-06,04:37:00,227,1,2034
26117,2016-04-06,04:38:00,377,2,5156
26118,2016-04-06,04:40:00,214,1,1261
26119,2016-04-06,04:43:00,245,2,9273
26120,2016-04-06,04:46:00,404,3,8124
26121,2016-04-06,04:48:00,154,1,7152
26122,2016-04-06,05:01:00,265,2,2405
26123,2016-04-06,05:07:00,378,1,3978
26124,2016-04-06,05:24:00,34,3,3546
26125,2016-04-06,05:27:00,99,1,7824
26126,2016-04-06,05:28:00,454,2,1353
26127,2016-04-06,05:28:00,420,5,6772
26128,2016-04-06,05:32:00,31,1,5373
26129,2016-04-06,05:32:00,280,2,10012
26130,2016-04-06,05:34:00,97,5,3926
26131,2016-04-06,05:38:00,374,1,5491
26132,2016-04-06,05:42:00,337,2,4107
26133,2016-04-06,05:50:00,385,2,5878
26134,2016-04-06,06:19:00,167,2,690
26135,2016-04-06,06:20:00,371,3,2563
26136,2016-04-06,06:38:00,448,2,6131
26137,2016-04-06,06:40:00,304,2,648
26138,2016-04-06,06:43:00,173,2,5985
26139,2016-04-06,06:49:00,131,1,7749
26140,2016-04-06,06:56:00,239,2,7218
26141,2016-04-06,07:02:00,292,2,6499
26142,2016-04-06,07:11:00,334,2,5299
26143,2016-04-06,07:15:00,317,2,8477
26144,2016-04-06,07:17:00,253,1,6627
26145,2016-04-06,07:17:00,293,2,9211
26146,2016-04-06,07:20:00,230,3,3541
26147,2016-04-06,07:41:00,132,2,7485
26148,2016-04-06,07:41:00,418,1,6042
26149,2016-04-06,07:55:00,146,1,6015
26150,2016-04-06,07:58:00,138,2,9285
26151,2016-04-06,08:06:00,116,1,3197
26152,2016-04-06,08:13:00,163,3,3045
26153,2016-04-06,08:15:00,258,2,8017
26154,2016-04-06,08:18:00,416,1,4627
26155,2016-04-06,08:23:00,285,3,3483
26156,2016-04-06,08:32:00,164,1,9489
26157,2016-04-06,08:44:00,121,2,2103
26158,2016-04-06,08:52:00,187,1,2019
26159,2016-04-06,09:14:00,279,3,4574
26160,2016-04-06,09:16:00,115,3,6908
26161,2016-04-06,09:35:00,204,2,11003
26162,2016-04-06,09:42:00,184,2,10011
26163,2016-04-06,09:44:00,158,1,9479
26164,2016-04-06,09:46:00,196,3,2226
26165,2016-04-06,09:55:00,53,4,11485
26166,2016-04-06,09:55:00,126,2,4658
26167,2016-04-06,09:57:00,276,3,2806
26168,2016-04-06,10:08:00,298,2,23
26169,2016-04-06,10:11:00,380,5,7717
26170,2016-04-06,10:12:00,453,2,9032
26171,2016-04-06,10:18:00,165,1,2147
26172,2016-04-06,10:21:00,379,1,2006
26173,2016-04-06,10:23:00,197,2,911
26174,2016-04-06,10:24:00,343,2,8334
26175,2016-04-06,10:26:00,66,2,7361
26176,2016-04-06,10:26:00,29,2,4724
26177,2016-04-06,10:28:00,354,2,2786
26178,2016-04-06,10:31:00,421,3,10897
26179,2016-04-06,10:36:00,104,3,5023
26180,2016-04-06,10:40:00,322,4,10153
26181,2016-04-06,10:45:00,134,2,9581
26182,2016-04-06,10:54:00,439,2,10673
26183,2016-04-06,11:06:00,408,1,1907
26184,2016-04-06,11:20:00,21,1,12000
26185,2016-04-06,11:27:00,267,3,3599
26186,2016-04-06,11:27:00,133,2,5211
26187,2016-04-06,11:31:00,29,1,5952
26188,2016-04-06,11:53:00,229,1,10059
26189,2016-04-06,11:54:00,413,1,10575
26190,2016-04-06,11:59:00,220,2,5556
26191,2016-04-06,12:00:00,209,1,5694
26192,2016-04-06,12:25:00,119,2,11967
26193,2016-04-06,12:29:00,144,1,6732
26194,2016-04-06,12:44:00,98,2,3606
26195,2016-04-06,13:03:00,264,2,7379
26196,2016-04-06,13:05:00,274,2,8304
26197,2016-04-06,13:08:00,125,5,1129
26198,2016-04-06,13:14:00,207,2,11357
26199,2016-04-06,13:27:00,116,3,5265
26200,2016-04-06,13:36:00,63,1,2300
26201,2016-04-06,13:38:00,238,2,6142
26202,2016-04-06,13:38:00,313,1,3344
26203,2016-04-06,13:39:00,209,1,9386
26204,2016-04-06,13:40:00,87,1,2247
26205,2016-04-06,13:40:00,210,2,10134
26206,2016-04-06,13:41:00,327,2,8457
26207,2016-04-06,13:41:00,70,1,9842
26208,2016-04-06,13:42:00,25,1,1268
26209,2016-04-06,13:47:00,8,1,1068
26210,2016-04-06,13:54:00,227,1,6724
26211,2016-04-06,13:56:00,55,3,7962
26212,2016-04-06,14:03:00,149,1,10032
26213,2016-04-06,14:07:00,87,1,5787
26214,2016-04-06,14:09:00,441,2,9650
26215,2016-04-06,14:13:00,410,4,831
26216,2016-04-06,14:17:00,376,4,1997
26217,2016-04-06,14:19:00,116,3,6427
26218,2016-04-06,14:31:00,413,3,6315
26219,2016-04-06,14:34:00,115,1,4906
26220,2016-04-06,14:44:00,247,2,10109
26221,2016-04-06,14:45:00,111,2,11450
26222,2016-04-06,14:48:00,458,1,11663
26223,2016-04-06,14:50:00,236,3,286
26224,2016-04-06,14:56:00,32,2,1005
26225,2016-04-06,15:07:00,332,1,5739
26226,2016-04-06,15:17:00,357,2,1595
26227,2016-04-06,15:19:00,446,2,882
26228,2016-04-06,15:25:00,52,1,3021
26229,2016-04-06,15:26:00,63,1,5293
26230,2016-04-06,15:39:00,402,2,5635
26231,2016-04-06,15:48:00,438,2,9878
26232,2016-04-06,15:50:00,205,3,4532
26233,2016-04-06,16:00:00,196,1,7730
26234,2016-04-06,16:23:00,27,3,3313
26235,2016-04-06,16:29:00,188,1,1771
26236,2016-04-06,16:31:00,313,2,6507
26237,2016-04-06,16:41:00,317,1,8935
26238,2016-04-06,16:43:00,71,1,11900
26239,2016-04-06,16:47:00,13,5,5387
26240,2016-04-06,16:55:00,197,2,4634
26241,2016-04-06,17:24:00,65,1,1955
26242,2016-04-06,17:26:00,136,3,6450
26243,2016-04-06,17:33:00,117,2,3872
26244,2016-04-06,17:38:00,17,1,8576
26245,2016-04-06,17:44:00,52,1,8964
26246,2016-04-06,17:46:00,57,2,10019
26247,2016-04-06,17:52:00,174,5,7659
26248,2016-04-06,17:54:00,252,3,8906
26249,2016-04-06,17:59:00,2,3,491
26250,2016-04-06,18:04:00,118,2,2368
26251,2016-04-06,18:15:00,61,3,8274
26252,2016-04-06,18:17:00,83,1,11719
26253,2016-04-06,18:21:00,154,1,4328
26254,2016-04-06,18:48:00,55,2,7106
26255,2016-04-06,18:53:00,207,1,9558
26256,2016-04-06,18:54:00,298,3,9807
26257,2016-04-06,18:56:00,170,1,746
26258,2016-04-06,19:04:00,270,1,11289
26259,2016-04-06,19:04:00,68,2,11723
26260,2016-04-06,19:16:00,235,2,4864
26261,2016-04-06,19:18:00,225,1,278
26262,2016-04-06,19:21:00,185,2,865
26263,2016-04-06,19:24:00,200,4,5189
26264,2016-04-06,19:33:00,406,3,6287
26265,2016-04-06,19:33:00,10,1,3038
26266,2016-04-06,19:33:00,106,1,8975
26267,2016-04-06,19:36:00,118,2,4128
26268,2016-04-06,19:37:00,237,4,11478
26269,2016-04-06,19:44:00,217,2,1192
26270,2016-04-06,19:47:00,181,1,10823
26271,2016-04-06,19:48:00,305,2,5027
26272,2016-04-06,20:08:00,284,1,5442
26273,2016-04-06,20:12:00,101,4,2121
26274,2016-04-06,20:14:00,252,3,2565
26275,2016-04-06,20:14:00,350,1,4829
26276,2016-04-06,20:16:00,225,2,273
26277,2016-04-06,20:18:00,420,3,11696
26278,2016-04-06,20:36:00,213,3,5592
26279,2016-04-06,20:38:00,195,1,9038
26280,2016-04-06,20:41:00,225,2,5598
26281,2016-04-06,20:43:00,317,3,6166
26282,2016-04-06,20:46:00,188,1,771
26283,2016-04-06,20:52:00,458,1,3471
26284,2016-04-06,20:52:00,133,3,5356
26285,2016-04-06,20:53:00,13,2,8007
26286,2016-04-06,20:54:00,42,3,11892
26287,2016-04-06,20:56:00,399,5,3524
26288,2016-04-06,20:57:00,233,2,10414
26289,2016-04-06,21:05:00,113,3,655
26290,2016-04-06,21:09:00,38,2,10620
26291,2016-04-06,21:10:00,310,4,1198
26292,2016-04-06,21:18:00,156,1,4493
26293,2016-04-06,21:35:00,412,3,1548
26294,2016-04-06,21:41:00,165,5,3743
26295,2016-04-06,21:51:00,16,1,8254
26296,2016-04-06,21:52:00,214,2,6452
26297,2016-04-06,22:04:00,130,3,11712
26298,2016-04-06,22:08:00,39,4,689
26299,2016-04-06,22:09:00,390,2,5289
26300,2016-04-06,22:13:00,114,2,6810
26301,2016-04-06,22:16:00,255,1,8564
26302,2016-04-06,22:25:00,131,1,9257
26303,2016-04-06,22:33:00,394,1,5906
26304,2016-04-06,22:35:00,97,1,10578
26305,2016-04-06,22:38:00,364,2,2058
26306,2016-04-06,22:38:00,247,2,6610
26307,2016-04-06,22:39:00,110,3,3357
26308,2016-04-06,22:46:00,308,1,9949
26309,2016-04-06,22:50:00,120,1,3403
26310,2016-04-06,22:59:00,188,1,4148
26311,2016-04-06,23:12:00,273,1,8887
26312,2016-04-06,23:22:00,315,1,3187
26313,2016-04-06,23:25:00,367,2,11008
26314,2016-04-06,23:26:00,20,3,4139
26315,2016-04-06,23:40:00,360,2,3646
26316,2016-04-06,23:58:00,410,2,6657
26317,2016-04-07,00:02:00,232,3,1340
26318,2016-04-07,00:07:00,142,1,7035
26319,2016-04-07,00:11:00,98,3,925
26320,2016-04-07,00:12:00,199,2,2937
26321,2016-04-07,00:22:00,235,3,1005
26322,2016-04-07,00:24:00,377,3,11111
26323,2016-04-07,00:28:00,359,2,6017
26324,2016-04-07,00:30:00,425,3,9969
26325,2016-04-07,00:33:00,35,1,5221
26326,2016-04-07,00:34:00,40,3,8180
26327,2016-04-07,00:40:00,336,4,1024
26328,2016-04-07,00:40:00,386,2,1066
26329,2016-04-07,00:45:00,426,1,8077
26330,2016-04-07,00:48:00,455,3,4152
26331,2016-04-07,00:51:00,222,4,1121
26332,2016-04-07,00:54:00,277,2,254
26333,2016-04-07,00:56:00,314,1,10350
26334,2016-04-07,01:09:00,77,2,9625
26335,2016-04-07,01:09:00,443,1,9677
26336,2016-04-07,01:13:00,57,1,9195
26337,2016-04-07,01:14:00,24,1,9831
26338,2016-04-07,01:20:00,19,2,1119
26339,2016-04-07,01:21:00,261,1,7926
26340,2016-04-07,01:29:00,162,4,10477
26341,2016-04-07,01:32:00,356,3,155
26342,2016-04-07,01:37:00,445,2,3623
26343,2016-04-07,01:38:00,253,2,10332
26344,2016-04-07,01:39:00,295,2,1538
26345,2016-04-07,01:40:00,402,4,1493
26346,2016-04-07,01:42:00,138,1,7510
26347,2016-04-07,01:43:00,379,1,9335
26348,2016-04-07,01:51:00,432,2,385
26349,2016-04-07,01:51:00,373,3,1223
26350,2016-04-07,01:55:00,20,2,2741
26351,2016-04-07,01:57:00,301,2,2239
26352,2016-04-07,02:06:00,333,1,6413
26353,2016-04-07,02:10:00,133,2,7776
26354,2016-04-07,02:11:00,430,5,935
26355,2016-04-07,02:20:00,407,2,751
26356,2016-04-07,02:27:00,160,2,2631
26357,2016-04-07,02:30:00,391,2,1996
26358,2016-04-07,02:38:00,363,2,10288
26359,2016-04-07,02:52:00,212,2,1676
26360,2016-04-07,03:00:00,285,1,9879
26361,2016-04-07,03:03:00,420,1,4826
26362,2016-04-07,03:05:00,124,3,11914
26363,2016-04-07,03:15:00,6,1,8257
26364,2016-04-07,03:16:00,79,2,8527
26365,2016-04-07,03:35:00,116,2,7481
26366,2016-04-07,03:36:00,3,2,6806
26367,2016-04-07,03:36:00,443,2,7253
26368,2016-04-07,03:37:00,100,3,9800
26369,2016-04-07,03:40:00,277,3,962
26370,2016-04-07,03:42:00,445,2,2847
26371,2016-04-07,03:43:00,128,2,10143
26372,2016-04-07,03:47:00,5,3,5980
26373,2016-04-07,03:49:00,240,1,7561
26374,2016-04-07,03:55:00,214,1,2187
26375,2016-04-07,03:59:00,142,2,275
26376,2016-04-07,04:02:00,422,2,11631
26377,2016-04-07,04:04:00,50,2,2493
26378,2016-04-07,04:09:00,220,2,5819
26379,2016-04-07,04:09:00,359,3,39
26380,2016-04-07,04:17:00,437,2,5231
26381,2016-04-07,04:20:00,35,3,1985
26382,2016-04-07,04:22:00,145,1,10972
26383,2016-04-07,04:22:00,14,1,7704
26384,2016-04-07,04:33:00,4,1,9074
26385,2016-04-07,04:40:00,388,1,2845
26386,2016-04-07,04:44:00,207,3,2267
26387,2016-04-07,04:58:00,256,2,8056
26388,2016-04-07,05:14:00,314,1,2150
26389,2016-04-07,05:17:00,62,4,3722
26390,2016-04-07,05:21:00,451,3,6403
26391,2016-04-07,05:23:00,233,2,7229
26392,2016-04-07,05:26:00,454,2,6170
26393,2016-04-07,05:26:00,345,3,8136
26394,2016-04-07,05:26:00,157,2,10937
26395,2016-04-07,05:34:00,238,1,6436
26396,2016-04-07,05:42:00,335,3,10343
26397,2016-04-07,05:44:00,23,1,9009
26398,2016-04-07,05:56:00,418,1,11386
26399,2016-04-07,06:04:00,120,1,8532
26400,2016-04-07,06:22:00,390,3,11566
26401,2016-04-07,06:23:00,5,4,9091
26402,2016-04-07,06:24:00,136,2,9323
26403,2016-04-07,06:27:00,124,2,6344
26404,2016-04-07,06:27:00,284,5,473
26405,2016-04-07,06:34:00,298,3,4789
26406,2016-04-07,06:38:00,377,3,7436
26407,2016-04-07,06:41:00,338,1,7209
26408,2016-04-07,06:47:00,374,1,2320
26409,2016-04-07,06:49:00,458,1,10670
26410,2016-04-07,06:49:00,260,2,6626
26411,2016-04-07,07:14:00,207,1,5395
26412,2016-04-07,07:28:00,308,1,6790
26413,2016-04-07,07:32:00,107,3,6155
26414,2016-04-07,07:32:00,107,1,5909
26415,2016-04-07,07:36:00,381,2,9536
26416,2016-04-07,07:41:00,370,1,310
26417,2016-04-07,07:57:00,382,3,2499
26418,2016-04-07,08:03:00,407,1,7933
26419,2016-04-07,08:06:00,55,1,8063
26420,2016-04-07,08:25:00,349,2,11993
26421,2016-04-07,08:32:00,104,2,10587
26422,2016-04-07,08:34:00,372,3,9336
26423,2016-04-07,08:41:00,103,1,506
26424,2016-04-07,08:46:00,420,2,2488
26425,2016-04-07,08:49:00,264,2,10102
26426,2016-04-07,09:06:00,291,4,6917
26427,2016-04-07,09:18:00,309,1,11893
26428,2016-04-07,09:27:00,295,2,4997
26429,2016-04-07,09:37:00,216,2,9835
26430,2016-04-07,09:51:00,379,1,3740
26431,2016-04-07,09:55:00,130,3,11077
26432,2016-04-07,10:07:00,180,3,9361
26433,2016-04-07,10:07:00,351,3,2057
26434,2016-04-07,10:07:00,250,5,2658
26435,2016-04-07,10:09:00,104,1,3649
26436,2016-04-07,10:11:00,48,1,11307
26437,2016-04-07,10:23:00,443,2,9246
26438,2016-04-07,10:32:00,394,3,9069
26439,2016-04-07,10:35:00,120,4,7556
26440,2016-04-07,10:38:00,166,2,9173
26441,2016-04-07,10:50:00,349,3,3871
26442,2016-04-07,10:52:00,71,1,3687
26443,2016-04-07,10:56:00,215,2,3625
26444,2016-04-07,10:59:00,298,3,8403
26445,2016-04-07,11:02:00,107,3,7780
26446,2016-04-07,11:11:00,314,2,1955
26447,2016-04-07,11:11:00,449,2,9972
26448,2016-04-07,11:14:00,449,1,8394
26449,2016-04-07,11:21:00,292,4,6813
26450,2016-04-07,11:21:00,5,2,9848
26451,2016-04-07,11:24:00,427,1,8387
26452,2016-04-07,11:29:00,3,2,9873
26453,2016-04-07,11:39:00,61,1,1862
26454,2016-04-07,11:45:00,402,1,4497
26455,2016-04-07,11:46:00,200,3,7157
26456,2016-04-07,11:46:00,260,2,10456
26457,2016-04-07,11:55:00,342,3,6550
26458,2016-04-07,11:57:00,232,3,1651
26459,2016-04-07,12:04:00,80,2,10570
26460,2016-04-07,12:11:00,397,2,8080
26461,2016-04-07,12:17:00,99,2,10986
26462,2016-04-07,12:22:00,341,1,7428
26463,2016-04-07,12:30:00,275,3,6290
26464,2016-04-07,12:33:00,422,3,11489
26465,2016-04-07,12:44:00,334,4,4262
26466,2016-04-07,12:47:00,57,1,2930
26467,2016-04-07,12:51:00,190,1,2667
26468,2016-04-07,13:00:00,54,1,10655
26469,2016-04-07,13:06:00,349,1,4800
26470,2016-04-07,13:14:00,449,1,3123
26471,2016-04-07,13:19:00,327,3,4669
26472,2016-04-07,13:40:00,116,2,10632
26473,2016-04-07,13:41:00,349,1,1556
26474,2016-04-07,13:48:00,2,1,6592
26475,2016-04-07,14:10:00,372,2,3923
26476,2016-04-07,14:15:00,68,2,1018
26477,2016-04-07,14:28:00,354,1,11056
26478,2016-04-07,14:35:00,116,4,7552
26479,2016-04-07,14:43:00,343,3,3129
26480,2016-04-07,14:45:00,145,2,8933
26481,2016-04-07,14:54:00,455,1,6397
26482,2016-04-07,15:08:00,354,2,3659
26483,2016-04-07,15:09:00,75,3,8631
26484,2016-04-07,15:14:00,94,1,8368
26485,2016-04-07,15:19:00,150,2,3456
26486,2016-04-07,15:20:00,16,3,6226
26487,2016-04-07,15:24:00,41,2,2560
26488,2016-04-07,15:27:00,164,1,520
26489,2016-04-07,15:29:00,93,1,2903
26490,2016-04-07,16:02:00,61,2,3540
26491,2016-04-07,16:04:00,77,2,2528
26492,2016-04-07,16:15:00,387,2,3785
26493,2016-04-07,16:18:00,181,1,500
26494,2016-04-07,16:18:00,310,2,9140
26495,2016-04-07,16:19:00,17,1,11510
26496,2016-04-07,16:23:00,59,1,6082
26497,2016-04-07,16:23:00,128,2,1252
26498,2016-04-07,16:30:00,388,1,10205
26499,2016-04-07,16:32:00,452,2,7937
26500,2016-04-07,16:41:00,1,1,214
26501,2016-04-07,16:41:00,71,3,10780
26502,2016-04-07,16:49:00,204,2,7138
26503,2016-04-07,16:55:00,407,3,6811
26504,2016-04-07,17:02:00,202,3,11184
26505,2016-04-07,17:03:00,279,3,4253
26506,2016-04-07,17:03:00,247,1,4894
26507,2016-04-07,17:06:00,88,2,9651
26508,2016-04-07,17:09:00,99,3,228
26509,2016-04-07,17:15:00,156,3,1335
26510,2016-04-07,17:27:00,366,3,5223
26511,2016-04-07,17:31:00,198,2,8917
26512,2016-04-07,17:35:00,76,2,6560
26513,2016-04-07,17:38:00,203,1,10810
26514,2016-04-07,17:39:00,369,2,8256
26515,2016-04-07,17:46:00,196,4,1378
26516,2016-04-07,17:56:00,431,3,4570
26517,2016-04-07,18:03:00,355,1,6411
26518,2016-04-07,18:10:00,199,1,10886
26519,2016-04-07,18:10:00,58,3,7780
26520,2016-04-07,18:10:00,16,1,958
26521,2016-04-07,18:14:00,216,2,10856
26522,2016-04-07,18:17:00,398,1,8014
26523,2016-04-07,18:18:00,198,1,44
26524,2016-04-07,18:39:00,384,3,7018
26525,2016-04-07,18:40:00,323,3,58
26526,2016-04-07,18:44:00,146,3,1434
26527,2016-04-07,18:48:00,155,4,6491
26528,2016-04-07,18:51:00,109,1,2105
26529,2016-04-07,18:53:00,357,1,9637
26530,2016-04-07,19:05:00,457,1,9535
26531,2016-04-07,19:09:00,311,3,5863
26532,2016-04-07,19:16:00,455,2,2632
26533,2016-04-07,19:21:00,184,2,9098
26534,2016-04-07,19:25:00,38,2,3948
26535,2016-04-07,19:28:00,453,3,4892
26536,2016-04-07,19:35:00,164,3,7332
26537,2016-04-07,19:57:00,387,1,11182
26538,2016-04-07,20:05:00,329,2,1348
26539,2016-04-07,20:13:00,215,1,3465
26540,2016-04-07,20:14:00,317,4,3667
26541,2016-04-07,20:15:00,291,3,1017
26542,2016-04-07,20:20:00,331,3,11846
26543,2016-04-07,20:22:00,233,2,8894
26544,2016-04-07,20:23:00,357,1,10284
26545,2016-04-07,20:24:00,73,1,4419
26546,2016-04-07,20:25:00,163,1,10005
26547,2016-04-07,20:30:00,407,3,4757
26548,2016-04-07,20:32:00,134,3,8246
26549,2016-04-07,20:37:00,35,3,9746
26550,2016-04-07,20:39:00,309,2,919
26551,2016-04-07,20:47:00,319,1,3470
26552,2016-04-07,20:48:00,345,3,8152
26553,2016-04-07,20:51:00,117,2,824
26554,2016-04-07,20:55:00,214,2,8608
26555,2016-04-07,21:01:00,300,1,5627
26556,2016-04-07,21:03:00,225,1,10574
26557,2016-04-07,21:03:00,17,2,5501
26558,2016-04-07,21:22:00,258,2,61
26559,2016-04-07,21:23:00,290,6,3650
26560,2016-04-07,21:33:00,28,3,3143
26561,2016-04-07,21:36:00,60,4,2580
26562,2016-04-07,21:56:00,277,2,8731
26563,2016-04-07,22:07:00,398,1,7899
26564,2016-04-07,22:14:00,172,1,3294
26565,2016-04-07,22:16:00,144,1,5796
26566,2016-04-07,22:20:00,231,1,4551
26567,2016-04-07,22:21:00,456,3,6707
26568,2016-04-07,22:25:00,32,1,420
26569,2016-04-07,22:28:00,316,2,11319
26570,2016-04-07,22:34:00,62,3,4832
26571,2016-04-07,22:36:00,119,1,224
26572,2016-04-07,22:41:00,54,1,813
26573,2016-04-07,22:48:00,88,1,7454
26574,2016-04-07,22:59:00,161,2,4369
26575,2016-04-07,23:14:00,30,4,7388
26576,2016-04-07,23:18:00,395,2,7766
26577,2016-04-07,23:31:00,143,5,8009
26578,2016-04-07,23:35:00,82,1,8299
26579,2016-04-07,23:40:00,325,1,9732
26580,2016-04-07,23:43:00,129,3,6567
26581,2016-04-07,23:43:00,141,2,5656
26582,2016-04-07,23:47:00,285,1,9931
26583,2016-04-07,23:49:00,38,4,5252
26584,2016-04-07,23:53:00,385,3,2255
26585,2016-04-07,23:56:00,17,3,1999
26586,2016-04-07,23:57:00,76,1,4393
26587,2016-04-07,23:58:00,422,1,650
26588,2016-04-07,23:59:00,84,2,4413
26589,2016-04-08,00:01:00,80,4,11654
26590,2016-04-08,00:02:00,381,1,11267
26591,2016-04-08,00:03:00,453,3,3794
26592,2016-04-08,00:18:00,15,1,4365
26593,2016-04-08,00:34:00,71,4,9387
26594,2016-04-08,00:39:00,5,2,11906
26595,2016-04-08,00:39:00,381,2,7937
26596,2016-04-08,00:43:00,191,1,4407
26597,2016-04-08,00:46:00,86,1,10211
26598,2016-04-08,00:53:00,446,1,2513
26599,2016-04-08,00:54:00,319,1,151
26600,2016-04-08,01:00:00,250,1,6071
26601,2016-04-08,01:23:00,196,1,4304
26602,2016-04-08,01:28:00,214,2,3124
26603,2016-04-08,01:40:00,77,1,4865
26604,2016-04-08,01:53:00,255,5,7103
26605,2016-04-08,01:57:00,214,2,10650
26606,2016-04-08,02:01:00,396,2,60
26607,2016-04-08,02:09:00,257,3,3165
26608,2016-04-08,02:28:00,293,1,10460
26609,2016-04-08,02:28:00,308,1,7001
26610,2016-04-08,02:33:00,201,2,10001
26611,2016-04-08,02:37:00,191,2,9082
26612,2016-04-08,02:39:00,35,1,10206
26613,2016-04-08,02:54:00,330,3,3599
26614,2016-04-08,02:56:00,456,3,3795
26615,2016-04-08,03:15:00,92,1,5771
26616,2016-04-08,03:26:00,162,3,2557
26617,2016-04-08,03:28:00,400,3,9594
26618,2016-04-08,03:30:00,18,2,6074
26619,2016-04-08,03:32:00,424,2,8373
26620,2016-04-08,03:34:00,311,2,3608
26621,2016-04-08,03:36:00,94,2,4669
26622,2016-04-08,03:39:00,368,1,3206
26623,2016-04-08,03:45:00,331,2,9530
26624,2016-04-08,03:58:00,243,2,1535
26625,2016-04-08,04:05:00,110,3,2266
26626,2016-04-08,04:05:00,34,1,7599
26627,2016-04-08,04:07:00,221,4,2849
26628,2016-04-08,04:22:00,155,2,7426
26629,2016-04-08,04:29:00,383,1,825
26630,2016-04-08,04:31:00,119,1,10703
26631,2016-04-08,04:33:00,305,4,5515
26632,2016-04-08,04:34:00,204,3,3785
26633,2016-04-08,04:41:00,326,2,11172
26634,2016-04-08,04:46:00,19,2,4342
26635,2016-04-08,04:53:00,176,3,7864
26636,2016-04-08,04:57:00,25,3,606
26637,2016-04-08,05:00:00,200,2,5334
26638,2016-04-08,05:01:00,298,2,5917
26639,2016-04-08,05:01:00,244,1,2775
26640,2016-04-08,05:18:00,423,1,9874
26641,2016-04-08,05:20:00,289,3,1536
26642,2016-04-08,05:28:00,199,1,8301
26643,2016-04-08,05:34:00,68,4,8812
26644,2016-04-08,05:35:00,8,3,3740
26645,2016-04-08,05:36:00,275,1,9376
26646,2016-04-08,05:37:00,28,2,4171
26647,2016-04-08,05:40:00,174,1,2104
26648,2016-04-08,05:42:00,235,1,2022
26649,2016-04-08,05:42:00,306,5,3832
26650,2016-04-08,06:02:00,161,2,11897
26651,2016-04-08,06:05:00,119,2,6415
26652,2016-04-08,06:07:00,147,2,8841
26653,2016-04-08,06:07:00,366,2,1438
26654,2016-04-08,06:12:00,443,4,5928
26655,2016-04-08,06:20:00,75,2,9278
26656,2016-04-08,06:38:00,399,1,2392
26657,2016-04-08,06:45:00,445,2,2590
26658,2016-04-08,06:46:00,110,4,9861
26659,2016-04-08,06:46:00,435,1,10499
26660,2016-04-08,06:51:00,201,3,1720
26661,2016-04-08,06:58:00,283,2,8282
26662,2016-04-08,06:58:00,198,1,11027
26663,2016-04-08,07:03:00,346,3,2272
26664,2016-04-08,07:06:00,236,2,5143
26665,2016-04-08,07:06:00,407,1,6777
26666,2016-04-08,07:06:00,394,3,176
26667,2016-04-08,07:10:00,349,2,3885
26668,2016-04-08,07:23:00,269,3,3448
26669,2016-04-08,07:25:00,15,2,993
26670,2016-04-08,07:28:00,41,3,4434
26671,2016-04-08,07:30:00,242,1,10291
26672,2016-04-08,07:30:00,275,3,11567
26673,2016-04-08,07:38:00,299,3,9969
26674,2016-04-08,07:40:00,237,1,11469
26675,2016-04-08,07:45:00,124,1,2433
26676,2016-04-08,07:48:00,129,1,10896
26677,2016-04-08,08:04:00,431,2,7152
26678,2016-04-08,08:08:00,359,2,2786
26679,2016-04-08,08:22:00,226,2,4493
26680,2016-04-08,08:23:00,409,3,8646
26681,2016-04-08,08:27:00,115,3,4479
26682,2016-04-08,08:28:00,434,1,4001
26683,2016-04-08,08:29:00,243,1,9547
26684,2016-04-08,08:31:00,117,1,11787
26685,2016-04-08,08:32:00,48,2,8116
26686,2016-04-08,08:38:00,108,3,2191
26687,2016-04-08,08:39:00,64,1,11351
26688,2016-04-08,08:40:00,47,1,9045
26689,2016-04-08,08:55:00,443,3,10913
26690,2016-04-08,09:16:00,363,4,4993
26691,2016-04-08,09:20:00,79,2,1604
26692,2016-04-08,09:35:00,38,6,6032
26693,2016-04-08,09:40:00,404,2,7886
26694,2016-04-08,09:49:00,416,1,11747
26695,2016-04-08,09:50:00,217,1,11080
26696,2016-04-08,09:56:00,187,2,4010
26697,2016-04-08,09:57:00,123,2,1567
26698,2016-04-08,09:58:00,333,2,11528
26699,2016-04-08,10:01:00,65,1,7764
26700,2016-04-08,10:02:00,14,3,9872
26701,2016-04-08,10:04:00,4,3,4362
26702,2016-04-08,10:08:00,420,1,8426
26703,2016-04-08,10:13:00,208,2,2274
26704,2016-04-08,10:23:00,158,1,831
26705,2016-04-08,10:24:00,247,1,9450
26706,2016-04-08,10:25:00,269,4,2410
26707,2016-04-08,10:25:00,445,1,7872
26708,2016-04-08,10:32:00,14,1,368
26709,2016-04-08,10:35:00,397,1,556
26710,2016-04-08,10:42:00,304,4,727
26711,2016-04-08,10:49:00,34,2,779
26712,2016-04-08,10:58:00,340,1,9894
26713,2016-04-08,11:02:00,285,2,7962
26714,2016-04-08,11:07:00,391,1,9142
26715,2016-04-08,11:14:00,31,1,10536
26716,2016-04-08,11:24:00,199,2,4547
26717,2016-04-08,11:36:00,375,2,5246
26718,2016-04-08,11:39:00,212,2,4329
26719,2016-04-08,11:50:00,305,1,1193
26720,2016-04-08,12:01:00,232,2,1246
26721,2016-04-08,12:04:00,438,1,8369
26722,2016-04-08,12:04:00,346,3,3351
26723,2016-04-08,12:06:00,263,1,7239
26724,2016-04-08,12:14:00,422,2,5508
26725,2016-04-08,12:17:00,56,1,1427
26726,2016-04-08,12:22:00,362,3,5905
26727,2016-04-08,12:24:00,187,2,6882
26728,2016-04-08,12:31:00,355,1,5167
26729,2016-04-08,12:34:00,440,4,9979
26730,2016-04-08,12:41:00,289,1,789
26731,2016-04-08,12:46:00,385,3,11764
26732,2016-04-08,12:57:00,216,3,4917
26733,2016-04-08,12:59:00,65,1,6400
26734,2016-04-08,12:59:00,337,2,9285
26735,2016-04-08,13:08:00,444,1,1025
26736,2016-04-08,13:17:00,116,2,11547
26737,2016-04-08,13:18:00,381,2,4430
26738,2016-04-08,13:21:00,123,2,8373
26739,2016-04-08,13:32:00,430,3,5336
26740,2016-04-08,13:34:00,374,1,11661
26741,2016-04-08,13:35:00,52,1,11760
26742,2016-04-08,13:39:00,408,2,2955
26743,2016-04-08,13:45:00,155,1,9113
26744,2016-04-08,13:51:00,261,1,5565
26745,2016-04-08,13:52:00,435,2,579
26746,2016-04-08,13:52:00,232,3,1125
26747,2016-04-08,13:53:00,1,1,11175
26748,2016-04-08,13:58:00,239,1,375
26749,2016-04-08,13:58:00,406,2,6602
26750,2016-04-08,13:59:00,51,1,1489
26751,2016-04-08,13:59:00,360,2,5111
26752,2016-04-08,14:05:00,153,1,2494
26753,2016-04-08,14:09:00,448,3,11528
26754,2016-04-08,14:12:00,301,2,8906
26755,2016-04-08,14:18:00,253,2,4170
26756,2016-04-08,14:18:00,240,1,360
26757,2016-04-08,14:22:00,382,1,484
26758,2016-04-08,14:29:00,31,1,826
26759,2016-04-08,14:30:00,314,2,3476
26760,2016-04-08,14:36:00,316,3,4702
26761,2016-04-08,14:37:00,346,2,7403
26762,2016-04-08,14:38:00,222,2,6621
26763,2016-04-08,14:45:00,224,1,11818
26764,2016-04-08,14:45:00,223,4,10384
26765,2016-04-08,14:46:00,105,2,2931
26766,2016-04-08,14:46:00,222,4,10865
26767,2016-04-08,14:52:00,83,2,2588
26768,2016-04-08,14:52:00,331,1,6624
26769,2016-04-08,14:57:00,127,3,4232
26770,2016-04-08,14:59:00,424,1,11004
26771,2016-04-08,15:04:00,309,1,10631
26772,2016-04-08,15:08:00,333,4,5501
26773,2016-04-08,15:08:00,394,1,6103
26774,2016-04-08,15:09:00,35,6,861
26775,2016-04-08,15:11:00,298,3,9444
26776,2016-04-08,15:14:00,197,2,3354
26777,2016-04-08,15:20:00,76,1,1957
26778,2016-04-08,15:29:00,359,2,8404
26779,2016-04-08,15:33:00,291,1,902
26780,2016-04-08,15:34:00,227,2,10834
26781,2016-04-08,15:49:00,379,2,4121
26782,2016-04-08,15:59:00,263,3,10265
26783,2016-04-08,16:05:00,11,2,11496
26784,2016-04-08,16:27:00,386,4,11349
26785,2016-04-08,16:28:00,239,1,9908
26786,2016-04-08,16:41:00,421,2,5964
26787,2016-04-08,16:41:00,455,4,9552
26788,2016-04-08,16:46:00,423,4,9173
26789,2016-04-08,16:55:00,13,2,8655
26790,2016-04-08,17:14:00,315,1,764
26791,2016-04-08,17:17:00,284,1,4686
26792,2016-04-08,17:31:00,242,1,11071
26793,2016-04-08,17:44:00,443,2,614
26794,2016-04-08,17:46:00,7,1,937
26795,2016-04-08,17:50:00,339,3,3423
26796,2016-04-08,18:01:00,373,3,4382
26797,2016-04-08,18:08:00,331,4,9542
26798,2016-04-08,18:12:00,342,2,836
26799,2016-04-08,18:18:00,59,2,4014
26800,2016-04-08,18:19:00,64,1,3950
26801,2016-04-08,18:34:00,390,1,4199
26802,2016-04-08,18:36:00,143,4,261
26803,2016-04-08,18:36:00,94,3,2352
26804,2016-04-08,18:43:00,163,1,7146
26805,2016-04-08,18:43:00,371,2,7667
26806,2016-04-08,18:49:00,278,3,6850
26807,2016-04-08,18:50:00,101,1,3660
26808,2016-04-08,18:55:00,20,3,4240
26809,2016-04-08,18:58:00,117,3,5677
26810,2016-04-08,19:05:00,330,2,8341
26811,2016-04-08,19:09:00,67,1,221
26812,2016-04-08,19:10:00,208,2,771
26813,2016-04-08,19:17:00,132,4,2234
26814,2016-04-08,19:17:00,256,2,11067
26815,2016-04-08,19:23:00,388,1,10582
26816,2016-04-08,19:42:00,259,4,5373
26817,2016-04-08,19:48:00,375,3,10865
26818,2016-04-08,19:48:00,245,2,8142
26819,2016-04-08,19:51:00,234,2,11936
26820,2016-04-08,19:59:00,210,1,3556
26821,2016-04-08,20:05:00,47,2,6593
26822,2016-04-08,20:10:00,29,2,10164
26823,2016-04-08,20:13:00,254,1,8023
26824,2016-04-08,20:15:00,13,2,2145
26825,2016-04-08,20:18:00,390,4,6526
26826,2016-04-08,20:19:00,437,2,1860
26827,2016-04-08,20:24:00,108,2,11185
26828,2016-04-08,20:27:00,291,1,6351
26829,2016-04-08,20:27:00,44,2,7029
26830,2016-04-08,20:29:00,158,1,5571
26831,2016-04-08,20:37:00,427,2,4420
26832,2016-04-08,20:43:00,110,4,4054
26833,2016-04-08,20:43:00,246,4,6639
26834,2016-04-08,20:44:00,135,3,11679
26835,2016-04-08,20:56:00,254,1,1975
26836,2016-04-08,21:00:00,204,3,8554
26837,2016-04-08,21:01:00,8,2,5831
26838,2016-04-08,21:04:00,379,3,7648
26839,2016-04-08,21:05:00,46,2,10801
26840,2016-04-08,21:09:00,164,2,293
26841,2016-04-08,21:18:00,440,1,5858
26842,2016-04-08,21:30:00,309,2,1752
26843,2016-04-08,21:32:00,220,1,11681
26844,2016-04-08,21:41:00,95,3,6125
26845,2016-04-08,21:46:00,303,2,3907
26846,2016-04-08,21:47:00,290,1,3612
26847,2016-04-08,22:02:00,115,1,7248
26848,2016-04-08,22:04:00,146,1,10021
26849,2016-04-08,22:05:00,67,3,7138
26850,2016-04-08,22:11:00,397,3,6485
26851,2016-04-08,22:19:00,11,1,5294
26852,2016-04-08,22:24:00,437,1,9471
26853,2016-04-08,22:24:00,448,2,11666
26854,2016-04-08,22:24:00,281,2,7111
26855,2016-04-08,22:26:00,234,2,3723
26856,2016-04-08,22:30:00,148,1,2138
26857,2016-04-08,22:41:00,322,1,3128
26858,2016-04-08,22:47:00,185,2,11637
26859,2016-04-08,23:00:00,57,3,7010
26860,2016-04-08,23:22:00,69,2,11640
26861,2016-04-08,23:24:00,123,2,55
26862,2016-04-08,23:25:00,433,2,2969
26863,2016-04-08,23:30:00,225,1,2534
26864,2016-04-08,23:31:00,238,3,9345
26865,2016-04-08,23:36:00,327,1,3743
26866,2016-04-08,23:46:00,129,1,243
26867,2016-04-08,23:48:00,277,4,5982
26868,2016-04-08,23:48:00,57,1,6942
26869,2016-04-08,23:56:00,208,1,3740
26870,2016-04-08,23:59:00,18,1,9095
26871,2016-04-09,00:01:00,258,1,6980
26872,2016-04-09,00:02:00,94,1,11958
26873,2016-04-09,00:06:00,390,1,8158
26874,2016-04-09,00:12:00,450,1,701
26875,2016-04-09,00:16:00,81,1,5972
26876,2016-04-09,00:22:00,113,2,1240
26877,2016-04-09,00:30:00,247,3,8763
26878,2016-04-09,00:33:00,50,1,6528
26879,2016-04-09,00:37:00,149,2,1465
26880,2016-04-09,00:38:00,160,2,1356
26881,2016-04-09,00:41:00,165,3,8538
26882,2016-04-09,00:42:00,430,2,2447
26883,2016-04-09,00:44:00,55,1,1622
26884,2016-04-09,00:50:00,207,3,2739
26885,2016-04-09,00:53:00,181,1,1412
26886,2016-04-09,00:58:00,430,2,9100
26887,2016-04-09,01:05:00,220,2,544
26888,2016-04-09,01:10:00,51,2,4412
26889,2016-04-09,01:18:00,393,1,7451
26890,2016-04-09,01:19:00,102,2,10390
26891,2016-04-09,01:29:00,378,3,2636
26892,2016-04-09,01:37:00,174,3,10300
26893,2016-04-09,01:42:00,410,3,2218
26894,2016-04-09,01:50:00,120,1,407
26895,2016-04-09,02:04:00,435,2,7863
26896,2016-04-09,02:12:00,299,2,1292
26897,2016-04-09,02:13:00,412,2,11138
26898,2016-04-09,02:20:00,79,3,8598
26899,2016-04-09,02:22:00,208,1,9350
26900,2016-04-09,02:26:00,307,2,5081
26901,2016-04-09,02:26:00,309,2,1221
26902,2016-04-09,02:57:00,318,1,1844
26903,2016-04-09,02:58:00,68,1,4492
26904,2016-04-09,03:05:00,219,3,5275
26905,2016-04-09,03:10:00,199,1,6573
26906,2016-04-09,03:17:00,434,2,7922
26907,2016-04-09,03:17:00,352,1,8177
26908,2016-04-09,03:22:00,136,2,1041
26909,2016-04-09,03:25:00,436,2,11945
26910,2016-04-09,03:25:00,285,4,4637
26911,2016-04-09,03:25:00,75,2,1289
26912,2016-04-09,03:31:00,458,2,7969
26913,2016-04-09,03:33:00,23,1,1487
26914,2016-04-09,03:34:00,255,2,3978
26915,2016-04-09,03:47:00,291,1,11350
26916,2016-04-09,03:49:00,45,2,2854
26917,2016-04-09,04:02:00,352,3,4058
26918,2016-04-09,04:02:00,384,3,6805
26919,2016-04-09,04:05:00,132,2,6378
26920,2016-04-09,04:20:00,158,1,5444
26921,2016-04-09,04:22:00,254,2,357
26922,2016-04-09,04:25:00,105,1,7668
26923,2016-04-09,04:31:00,374,1,2080
26924,2016-04-09,04:36:00,255,3,7220
26925,2016-04-09,04:44:00,456,2,5387
26926,2016-04-09,04:47:00,44,2,10817
26927,2016-04-09,04:48:00,103,1,3727
26928,2016-04-09,04:51:00,275,2,7537
26929,2016-04-09,04:55:00,340,1,424
26930,2016-04-09,04:58:00,372,3,1207
26931,2016-04-09,05:05:00,319,1,9444
26932,2016-04-09,05:07:00,205,1,5404
26933,2016-04-09,05:12:00,66,2,9161
26934,2016-04-09,05:17:00,247,3,6541
26935,2016-04-09,05:22:00,261,1,548
26936,2016-04-09,05:25:00,83,2,949
26937,2016-04-09,05:35:00,282,1,6538
26938,2016-04-09,05:36:00,392,1,2305
26939,2016-04-09,05:38:00,269,4,332
26940,2016-04-09,05:44:00,107,1,6701
26941,2016-04-09,05:50:00,135,1,3884
26942,2016-04-09,05:54:00,157,3,4743
26943,2016-04-09,05:58:00,304,1,8558
26944,2016-04-09,06:04:00,42,1,8846
26945,2016-04-09,06:16:00,141,1,6055
26946,2016-04-09,06:16:00,343,4,4527
26947,2016-04-09,06:19:00,136,1,10243
26948,2016-04-09,06:20:00,145,1,3568
26949,2016-04-09,06:27:00,328,2,3742
26950,2016-04-09,06:48:00,237,1,8101
26951,2016-04-09,06:57:00,332,1,9577
26952,2016-04-09,07:10:00,314,2,10898
26953,2016-04-09,07:11:00,33,4,3999
26954,2016-04-09,07:38:00,157,2,3075
26955,2016-04-09,07:41:00,142,1,455
26956,2016-04-09,07:46:00,441,2,7299
26957,2016-04-09,07:51:00,435,1,9638
26958,2016-04-09,08:13:00,152,2,2046
26959,2016-04-09,08:18:00,313,1,8927
26960,2016-04-09,08:19:00,150,1,6396
26961,2016-04-09,08:24:00,64,1,7129
26962,2016-04-09,08:25:00,456,1,1499
26963,2016-04-09,08:33:00,121,1,6230
26964,2016-04-09,08:33:00,258,2,3936
26965,2016-04-09,08:38:00,40,2,11293
26966,2016-04-09,08:38:00,36,2,3756
26967,2016-04-09,08:56:00,325,2,3233
26968,2016-04-09,08:58:00,226,1,11782
26969,2016-04-09,09:01:00,34,1,7265
26970,2016-04-09,09:01:00,14,1,7189
26971,2016-04-09,09:06:00,137,1,7046
26972,2016-04-09,09:07:00,272,2,9620
26973,2016-04-09,09:12:00,311,3,10051
26974,2016-04-09,09:16:00,390,2,5797
26975,2016-04-09,09:26:00,39,3,10047
26976,2016-04-09,09:30:00,409,2,3363
26977,2016-04-09,09:32:00,15,1,11677
26978,2016-04-09,09:36:00,75,2,6961
26979,2016-04-09,09:48:00,417,1,5602
26980,2016-04-09,09:55:00,245,4,9616
26981,2016-04-09,09:58:00,444,4,3352
26982,2016-04-09,10:02:00,352,1,8611
26983,2016-04-09,10:08:00,255,1,1109
26984,2016-04-09,10:11:00,173,1,1957
26985,2016-04-09,10:14:00,175,1,11757
26986,2016-04-09,10:26:00,400,4,1963
26987,2016-04-09,10:29:00,303,1,6524
26988,2016-04-09,10:39:00,29,1,2490
26989,2016-04-09,10:45:00,300,1,1014
26990,2016-04-09,10:48:00,386,2,6585
26991,2016-04-09,10:59:00,302,2,1575
26992,2016-04-09,11:06:00,337,2,8032
26993,2016-04-09,11:06:00,285,3,6850
26994,2016-04-09,11:13:00,45,1,3060
26995,2016-04-09,11:18:00,363,2,9442
26996,2016-04-09,11:19:00,286,3,10407
26997,2016-04-09,11:25:00,346,3,6268
26998,2016-04-09,11:27:00,345,1,755
26999,2016-04-09,11:37:00,441,1,11938
27000,2016-04-09,11:38:00,438,1,883
27001,2016-04-09,11:39:00,197,3,9715
27002,2016-04-09,11:41:00,428,3,9718
27003,2016-04-09,11:45:00,52,2,2071
27004,2016-04-09,12:06:00,149,2,305
27005,2016-04-09,12:14:00,396,1,2648
27006,2016-04-09,12:20:00,350,2,11782
27007,2016-04-09,12:23:00,139,2,3190
27008,2016-04-09,12:28:00,143,2,1699
27009,2016-04-09,12:31:00,6,3,1079
27010,2016-04-09,13:02:00,218,2,8168
27011,2016-04-09,13:02:00,166,4,1877
27012,2016-04-09,13:04:00,326,1,741
27013,2016-04-09,13:05:00,78,3,10797
27014,2016-04-09,13:06:00,425,1,10496
27015,2016-04-09,13:10:00,450,2,317
27016,2016-04-09,13:13:00,108,3,6113
27017,2016-04-09,13:14:00,42,1,8215
27018,2016-04-09,13:14:00,231,3,9966
27019,2016-04-09,13:17:00,89,2,7859
27020,2016-04-09,13:28:00,239,2,6621
27021,2016-04-09,13:36:00,162,2,7615
27022,2016-04-09,13:57:00,224,3,10823
27023,2016-04-09,14:00:00,11,1,10490
27024,2016-04-09,14:02:00,51,3,4335
27025,2016-04-09,14:03:00,382,3,4581
27026,2016-04-09,14:06:00,292,1,9014
27027,2016-04-09,14:16:00,450,1,7480
27028,2016-04-09,14:17:00,352,5,11301
27029,2016-04-09,14:26:00,115,2,7983
27030,2016-04-09,14:33:00,281,1,3143
27031,2016-04-09,14:34:00,285,2,5527
27032,2016-04-09,14:38:00,41,2,11651
27033,2016-04-09,14:38:00,196,1,6141
27034,2016-04-09,14:41:00,239,2,4050
27035,2016-04-09,14:43:00,451,1,11750
27036,2016-04-09,14:56:00,31,3,2192
27037,2016-04-09,14:58:00,347,3,4003
27038,2016-04-09,14:59:00,37,1,5098
27039,2016-04-09,15:01:00,329,2,2060
27040,2016-04-09,15:04:00,57,2,3306
27041,2016-04-09,15:11:00,422,1,7091
27042,2016-04-09,15:14:00,329,1,720
27043,2016-04-09,15:21:00,134,1,6194
27044,2016-04-09,15:23:00,303,1,2570
27045,2016-04-09,15:27:00,205,3,11526
27046,2016-04-09,15:30:00,347,2,4468
27047,2016-04-09,15:32:00,91,1,5730
27048,2016-04-09,15:38:00,325,2,4096
27049,2016-04-09,15:41:00,17,4,6220
27050,2016-04-09,15:41:00,407,1,9220
27051,2016-04-09,15:45:00,48,6,4295
27052,2016-04-09,15:57:00,219,1,3816
27053,2016-04-09,16:00:00,47,1,6166
27054,2016-04-09,16:05:00,142,1,6030
27055,2016-04-09,16:11:00,58,1,7233
27056,2016-04-09,16:13:00,355,2,3498
27057,2016-04-09,16:24:00,387,4,2196
27058,2016-04-09,16:29:00,296,2,7308
27059,2016-04-09,16:37:00,221,1,8171
27060,2016-04-09,16:47:00,324,1,8257
27061,2016-04-09,16:51:00,107,3,5299
27062,2016-04-09,16:59:00,385,2,3842
27063,2016-04-09,17:08:00,109,2,9552
27064,2016-04-09,17:10:00,2,1,357
27065,2016-04-09,17:14:00,421,2,10072
27066,2016-04-09,17:30:00,148,2,1637
27067,2016-04-09,17:42:00,176,2,8075
27068,2016-04-09,17:51:00,163,1,10439
27069,2016-04-09,17:53:00,57,2,6509
27070,2016-04-09,17:53:00,151,2,3818
27071,2016-04-09,17:57:00,381,2,5671
27072,2016-04-09,17:58:00,219,2,8304
27073,2016-04-09,18:04:00,264,2,604
27074,2016-04-09,18:07:00,456,3,11702
27075,2016-04-09,18:09:00,329,2,9395
27076,2016-04-09,18:13:00,208,2,5225
27077,2016-04-09,18:17:00,379,2,10367
27078,2016-04-09,18:17:00,185,1,3607
27079,2016-04-09,18:18:00,12,2,4015
27080,2016-04-09,18:18:00,399,1,6198
27081,2016-04-09,18:23:00,52,2,10508
27082,2016-04-09,18:27:00,454,2,3051
27083,2016-04-09,18:35:00,127,3,2344
27084,2016-04-09,18:37:00,275,5,579
27085,2016-04-09,18:47:00,84,2,11447
27086,2016-04-09,18:50:00,157,1,2693
27087,2016-04-09,18:52:00,441,1,7931
27088,2016-04-09,18:53:00,288,2,6080
27089,2016-04-09,18:53:00,242,1,11496
27090,2016-04-09,18:56:00,291,1,11033
27091,2016-04-09,18:57:00,445,3,174
27092,2016-04-09,19:04:00,148,3,5037
27093,2016-04-09,19:08:00,309,2,4490
27094,2016-04-09,19:12:00,308,1,963
27095,2016-04-09,19:18:00,1,2,1886
27096,2016-04-09,19:20:00,267,1,5422
27097,2016-04-09,19:22:00,384,3,2098
27098,2016-04-09,19:26:00,413,3,7510
27099,2016-04-09,19:37:00,400,2,11246
27100,2016-04-09,19:45:00,121,2,1562
27101,2016-04-09,20:07:00,246,1,7329
27102,2016-04-09,20:07:00,418,4,4379
27103,2016-04-09,20:14:00,129,1,9470
27104,2016-04-09,20:16:00,280,1,981
27105,2016-04-09,20:16:00,63,1,2638
27106,2016-04-09,20:25:00,18,3,8767
27107,2016-04-09,20:28:00,431,1,7464
27108,2016-04-09,20:38:00,419,2,433
27109,2016-04-09,20:38:00,241,2,8007
27110,2016-04-09,20:44:00,252,1,384
27111,2016-04-09,20:54:00,187,1,2238
27112,2016-04-09,20:54:00,275,1,7752
27113,2016-04-09,20:54:00,292,1,11697
27114,2016-04-09,21:02:00,266,2,10072
27115,2016-04-09,21:06:00,351,1,6973
27116,2016-04-09,21:08:00,26,3,10986
27117,2016-04-09,21:08:00,432,3,8177
27118,2016-04-09,21:25:00,319,3,1192
27119,2016-04-09,21:32:00,392,1,11894
27120,2016-04-09,21:33:00,224,1,3804
27121,2016-04-09,21:43:00,68,3,1465
27122,2016-04-09,21:48:00,40,1,4396
27123,2016-04-09,21:51:00,388,3,7332
27124,2016-04-09,21:56:00,4,2,6108
27125,2016-04-09,21:57:00,369,1,8065
27126,2016-04-09,22:13:00,265,1,11564
27127,2016-04-09,22:14:00,255,2,680
27128,2016-04-09,22:30:00,238,3,11768
27129,2016-04-09,22:36:00,138,1,5575
27130,2016-04-09,22:37:00,386,2,5795
27131,2016-04-09,22:45:00,447,1,8771
27132,2016-04-09,22:48:00,456,3,104
27133,2016-04-09,22:57:00,368,3,10863
27134,2016-04-09,23:02:00,409,2,9166
27135,2016-04-09,23:18:00,151,1,3507
27136,2016-04-09,23:35:00,194,1,749
27137,2016-04-09,23:41:00,228,1,6122
27138,2016-04-09,23:44:00,231,3,7945
27139,2016-04-09,23:47:00,134,1,10208
27140,2016-04-09,23:52:00,174,1,9354
27141,2016-04-09,23:53:00,366,1,8177
27142,2016-04-09,23:56:00,78,1,4665
27143,2016-04-10,00:13:00,228,2,4449
27144,2016-04-10,00:15:00,235,1,10671
27145,2016-04-10,00:18:00,156,2,3508
27146,2016-04-10,00:26:00,202,1,3095
27147,2016-04-10,00:29:00,239,3,3202
27148,2016-04-10,00:30:00,251,3,9260
27149,2016-04-10,00:31:00,452,1,6243
27150,2016-04-10,00:32:00,294,1,11937
27151,2016-04-10,00:42:00,326,1,8888
27152,2016-04-10,00:47:00,90,1,5481
27153,2016-04-10,00:50:00,284,1,5420
27154,2016-04-10,00:51:00,243,3,3007
27155,2016-04-10,01:04:00,155,1,10553
27156,2016-04-10,01:19:00,383,1,10646
27157,2016-04-10,01:25:00,367,1,799
27158,2016-04-10,01:30:00,209,2,2260
27159,2016-04-10,01:33:00,349,3,570
27160,2016-04-10,01:35:00,303,3,3698
27161,2016-04-10,01:39:00,29,6,10113
27162,2016-04-10,01:40:00,128,1,6874
27163,2016-04-10,01:50:00,174,2,4296
27164,2016-04-10,01:54:00,117,1,8749
27165,2016-04-10,01:56:00,211,1,729
27166,2016-04-10,02:03:00,61,1,7034
27167,2016-04-10,02:12:00,200,2,8515
27168,2016-04-10,02:13:00,271,2,9591
27169,2016-04-10,02:16:00,370,1,2348
27170,2016-04-10,02:22:00,243,1,1696
27171,2016-04-10,02:26:00,71,3,10422
27172,2016-04-10,02:28:00,205,2,8499
27173,2016-04-10,02:33:00,385,3,1278
27174,2016-04-10,02:35:00,388,2,4970
27175,2016-04-10,02:41:00,151,2,1512
27176,2016-04-10,02:42:00,136,3,9543
27177,2016-04-10,02:42:00,247,1,8699
27178,2016-04-10,02:47:00,206,1,9783
27179,2016-04-10,02:49:00,391,1,6416
27180,2016-04-10,02:58:00,408,3,11428
27181,2016-04-10,02:59:00,75,1,2822
27182,2016-04-10,03:08:00,444,3,5762
27183,2016-04-10,03:19:00,448,1,8944
27184,2016-04-10,03:24:00,168,1,6068
27185,2016-04-10,03:26:00,198,3,8964
27186,2016-04-10,03:34:00,452,2,9138
27187,2016-04-10,03:34:00,156,3,543
27188,2016-04-10,03:35:00,60,1,11806
27189,2016-04-10,03:55:00,250,2,1666
27190,2016-04-10,03:58:00,402,4,5005
27191,2016-04-10,03:59:00,218,2,3226
27192,2016-04-10,04:02:00,154,1,6318
27193,2016-04-10,04:02:00,311,2,3743
27194,2016-04-10,04:13:00,398,1,4661
27195,2016-04-10,04:25:00,1,1,6770
27196,2016-04-10,04:27:00,293,2,7893
27197,2016-04-10,04:33:00,294,2,8019
27198,2016-04-10,04:35:00,269,1,5698
27199,2016-04-10,04:35:00,381,2,2232
27200,2016-04-10,04:36:00,352,1,8865
27201,2016-04-10,04:39:00,249,3,7287
27202,2016-04-10,04:39:00,259,2,10971
27203,2016-04-10,04:50:00,444,1,2713
27204,2016-04-10,04:55:00,28,2,9595
27205,2016-04-10,04:56:00,441,3,8340
27206,2016-04-10,04:57:00,278,1,1407
27207,2016-04-10,05:03:00,87,2,1721
27208,2016-04-10,05:04:00,367,3,5939
27209,2016-04-10,05:09:00,213,1,6621
27210,2016-04-10,05:16:00,269,3,2619
27211,2016-04-10,05:25:00,196,3,3558
27212,2016-04-10,05:34:00,230,1,4015
27213,2016-04-10,05:40:00,455,1,7146
27214,2016-04-10,05:43:00,443,1,2545
27215,2016-04-10,05:53:00,308,2,2725
27216,2016-04-10,06:01:00,444,2,9919
27217,2016-04-10,06:04:00,11,3,2944
27218,2016-04-10,06:08:00,357,3,1049
27219,2016-04-10,06:09:00,398,2,8882
27220,2016-04-10,06:10:00,455,5,604
27221,2016-04-10,06:27:00,87,1,4792
27222,2016-04-10,06:31:00,238,2,218
27223,2016-04-10,06:36:00,38,1,11914
27224,2016-04-10,06:37:00,76,2,9286
27225,2016-04-10,06:38:00,256,1,8945
27226,2016-04-10,06:42:00,419,2,6121
27227,2016-04-10,06:50:00,410,2,1567
27228,2016-04-10,06:55:00,302,3,8433
27229,2016-04-10,06:57:00,215,4,2322
27230,2016-04-10,06:59:00,38,5,4543
27231,2016-04-10,07:05:00,353,2,2982
27232,2016-04-10,07:12:00,331,3,10834
27233,2016-04-10,07:19:00,171,1,5116
27234,2016-04-10,07:24:00,406,1,6918
27235,2016-04-10,07:32:00,413,2,11429
27236,2016-04-10,07:38:00,22,1,10721
27237,2016-04-10,07:43:00,141,1,2342
27238,2016-04-10,07:45:00,27,2,7009
27239,2016-04-10,07:56:00,377,3,9075
27240,2016-04-10,07:58:00,222,3,10101
27241,2016-04-10,07:59:00,339,3,968
27242,2016-04-10,08:05:00,254,3,10963
27243,2016-04-10,08:08:00,133,3,11260
27244,2016-04-10,08:16:00,232,2,10455
27245,2016-04-10,08:26:00,364,3,1995
27246,2016-04-10,08:36:00,249,2,189
27247,2016-04-10,08:38:00,75,3,10356
27248,2016-04-10,08:39:00,240,1,2025
27249,2016-04-10,08:52:00,48,1,917
27250,2016-04-10,08:56:00,99,1,10559
27251,2016-04-10,09:05:00,247,2,10970
27252,2016-04-10,09:05:00,232,1,5944
27253,2016-04-10,09:11:00,248,2,10864
27254,2016-04-10,09:19:00,53,1,5478
27255,2016-04-10,09:20:00,87,3,10236
27256,2016-04-10,09:24:00,123,3,6421
27257,2016-04-10,09:25:00,73,2,9590
27258,2016-04-10,09:26:00,194,1,8947
27259,2016-04-10,09:31:00,37,1,11814
27260,2016-04-10,09:39:00,166,1,9444
27261,2016-04-10,09:41:00,433,1,8461
27262,2016-04-10,09:45:00,117,1,11345
27263,2016-04-10,09:48:00,135,1,6418
27264,2016-04-10,09:48:00,335,3,5284
27265,2016-04-10,09:57:00,372,5,11874
27266,2016-04-10,09:58:00,390,2,3939
27267,2016-04-10,09:59:00,39,3,2981
27268,2016-04-10,10:00:00,447,3,1740
27269,2016-04-10,10:04:00,271,2,6931
27270,2016-04-10,10:05:00,224,1,7498
27271,2016-04-10,10:06:00,357,2,1731
27272,2016-04-10,10:07:00,299,2,8702
27273,2016-04-10,10:08:00,131,1,5602
27274,2016-04-10,10:10:00,277,3,8722
27275,2016-04-10,10:15:00,245,2,415
27276,2016-04-10,10:16:00,403,3,1722
27277,2016-04-10,10:20:00,15,4,7037
27278,2016-04-10,10:23:00,243,1,2409
27279,2016-04-10,10:24:00,294,3,3958
27280,2016-04-10,10:39:00,108,1,6692
27281,2016-04-10,10:57:00,6,1,10452
27282,2016-04-10,11:07:00,394,3,5188
27283,2016-04-10,11:08:00,158,2,5084
27284,2016-04-10,11:08:00,86,3,7834
27285,2016-04-10,11:20:00,363,7,6202
27286,2016-04-10,11:22:00,377,2,5838
27287,2016-04-10,11:40:00,61,2,1675
27288,2016-04-10,11:52:00,18,1,1233
27289,2016-04-10,11:57:00,390,2,8946
27290,2016-04-10,11:58:00,315,1,3834
27291,2016-04-10,12:04:00,106,1,3747
27292,2016-04-10,12:05:00,335,1,6121
27293,2016-04-10,12:20:00,204,3,10987
27294,2016-04-10,12:27:00,284,1,3469
27295,2016-04-10,12:36:00,258,2,6326
27296,2016-04-10,12:40:00,247,2,8973
27297,2016-04-10,12:40:00,266,3,5803
27298,2016-04-10,12:41:00,457,1,3607
27299,2016-04-10,12:42:00,276,3,11479
27300,2016-04-10,12:56:00,370,2,7152
27301,2016-04-10,12:59:00,254,2,9173
27302,2016-04-10,13:03:00,111,3,2649
27303,2016-04-10,13:05:00,195,2,10484
27304,2016-04-10,13:06:00,157,1,8103
27305,2016-04-10,13:06:00,414,1,7409
27306,2016-04-10,13:08:00,402,4,7622
27307,2016-04-10,13:14:00,106,2,4219
27308,2016-04-10,13:17:00,425,2,7800
27309,2016-04-10,13:25:00,5,4,11505
27310,2016-04-10,13:38:00,325,1,4068
27311,2016-04-10,13:40:00,353,4,6098
27312,2016-04-10,13:47:00,163,2,10976
27313,2016-04-10,13:54:00,237,1,9062
27314,2016-04-10,14:06:00,327,1,3515
27315,2016-04-10,14:11:00,110,4,10439
27316,2016-04-10,14:14:00,251,3,5245
27317,2016-04-10,14:15:00,112,1,11097
27318,2016-04-10,14:17:00,153,3,10255
27319,2016-04-10,14:19:00,373,7,8670
27320,2016-04-10,14:35:00,375,2,11905
27321,2016-04-10,14:40:00,138,2,10052
27322,2016-04-10,15:02:00,125,2,9487
27323,2016-04-10,15:10:00,356,2,7697
27324,2016-04-10,15:11:00,366,1,7148
27325,2016-04-10,15:16:00,408,1,3289
27326,2016-04-10,15:23:00,298,3,919
27327,2016-04-10,15:24:00,270,1,5427
27328,2016-04-10,15:35:00,356,2,6730
27329,2016-04-10,15:50:00,163,3,1037
27330,2016-04-10,15:51:00,5,1,7267
27331,2016-04-10,15:56:00,107,1,7805
27332,2016-04-10,16:09:00,146,1,6219
27333,2016-04-10,16:10:00,68,4,6908
27334,2016-04-10,16:10:00,267,3,6822
27335,2016-04-10,16:24:00,4,4,7839
27336,2016-04-10,16:36:00,154,1,6155
27337,2016-04-10,16:37:00,442,2,804
27338,2016-04-10,16:38:00,410,1,1212
27339,2016-04-10,17:17:00,447,2,7768
27340,2016-04-10,17:21:00,341,5,11896
27341,2016-04-10,17:37:00,362,3,1065
27342,2016-04-10,17:43:00,97,3,2928
27343,2016-04-10,17:45:00,235,2,9156
27344,2016-04-10,17:51:00,383,2,10247
27345,2016-04-10,17:59:00,82,1,1116
27346,2016-04-10,18:10:00,78,2,2500
27347,2016-04-10,18:13:00,15,2,11573
27348,2016-04-10,18:14:00,327,4,7163
27349,2016-04-10,18:18:00,453,1,2394
27350,2016-04-10,18:24:00,237,1,10528
27351,2016-04-10,18:28:00,74,2,9349
27352,2016-04-10,18:35:00,155,1,2509
27353,2016-04-10,18:39:00,149,1,11927
27354,2016-04-10,18:46:00,12,2,8904
27355,2016-04-10,18:57:00,382,2,492
27356,2016-04-10,19:11:00,339,1,9196
27357,2016-04-10,19:12:00,415,4,259
27358,2016-04-10,19:18:00,75,4,5098
27359,2016-04-10,19:23:00,38,2,6885
27360,2016-04-10,19:28:00,92,1,8283
27361,2016-04-10,19:29:00,175,2,3516
27362,2016-04-10,19:31:00,372,2,3890
27363,2016-04-10,19:36:00,160,2,661
27364,2016-04-10,19:51:00,369,1,3458
27365,2016-04-10,20:00:00,172,3,7831
27366,2016-04-10,20:14:00,6,4,4308
27367,2016-04-10,20:14:00,382,2,5919
27368,2016-04-10,20:21:00,454,2,348
27369,2016-04-10,20:25:00,285,2,11004
27370,2016-04-10,20:28:00,205,1,4954
27371,2016-04-10,20:34:00,334,2,7078
27372,2016-04-10,20:34:00,427,3,5955
27373,2016-04-10,20:40:00,200,1,5780
27374,2016-04-10,20:43:00,448,2,5585
27375,2016-04-10,20:46:00,17,4,6666
27376,2016-04-10,20:48:00,2,2,3989
27377,2016-04-10,20:51:00,47,2,2918
27378,2016-04-10,20:56:00,237,2,4201
27379,2016-04-10,21:12:00,405,3,10548
27380,2016-04-10,21:15:00,375,6,7717
27381,2016-04-10,21:26:00,7,2,3766
27382,2016-04-10,21:29:00,89,1,8528
27383,2016-04-10,21:29:00,206,2,2702
27384,2016-04-10,21:34:00,173,3,3469
27385,2016-04-10,21:37:00,150,2,7365
27386,2016-04-10,21:44:00,210,4,3318
27387,2016-04-10,21:54:00,432,3,4037
27388,2016-04-10,22:03:00,416,3,8854
27389,2016-04-10,22:09:00,40,1,7683
27390,2016-04-10,22:13:00,386,2,3800
27391,2016-04-10,22:17:00,241,1,3085
27392,2016-04-10,22:28:00,342,2,2352
27393,2016-04-10,22:33:00,180,3,6973
27394,2016-04-10,22:44:00,296,1,97
27395,2016-04-10,22:46:00,93,3,7518
27396,2016-04-10,22:49:00,271,2,10668
27397,2016-04-10,23:01:00,380,2,10583
27398,2016-04-10,23:16:00,371,1,1435
27399,2016-04-10,23:17:00,280,1,10568
27400,2016-04-10,23:21:00,185,2,3471
27401,2016-04-10,23:24:00,54,3,9161
27402,2016-04-10,23:37:00,274,2,4472
27403,2016-04-10,23:56:00,376,1,143
27404,2016-04-11,00:11:00,135,1,2018
27405,2016-04-11,00:17:00,313,2,8121
27406,2016-04-11,00:21:00,98,3,235
27407,2016-04-11,00:24:00,39,5,365
27408,2016-04-11,00:25:00,53,3,1111
27409,2016-04-11,00:28:00,252,2,1800
27410,2016-04-11,00:28:00,205,1,4436
27411,2016-04-11,00:38:00,317,2,9979
27412,2016-04-11,00:42:00,202,2,9061
27413,2016-04-11,00:49:00,302,4,5312
27414,2016-04-11,00:56:00,67,2,9447
27415,2016-04-11,00:57:00,162,3,6747
27416,2016-04-11,01:01:00,325,1,9734
27417,2016-04-11,01:06:00,287,1,8099
27418,2016-04-11,01:09:00,421,1,153
27419,2016-04-11,01:11:00,324,1,2272
27420,2016-04-11,01:15:00,269,1,9608
27421,2016-04-11,01:17:00,348,2,9240
27422,2016-04-11,01:20:00,121,1,4088
27423,2016-04-11,01:23:00,151,3,7848
27424,2016-04-11,01:26:00,457,2,6187
27425,2016-04-11,01:41:00,47,2,4879
27426,2016-04-11,01:43:00,278,1,10107
27427,2016-04-11,01:47:00,234,3,332
27428,2016-04-11,01:50:00,80,2,428
27429,2016-04-11,01:54:00,135,3,1582
27430,2016-04-11,01:54:00,316,1,767
27431,2016-04-11,02:07:00,409,2,9229
27432,2016-04-11,02:08:00,43,2,904
27433,2016-04-11,02:12:00,279,2,2219
27434,2016-04-11,02:21:00,365,2,5535
27435,2016-04-11,02:22:00,169,2,9681
27436,2016-04-11,02:24:00,70,3,2746
27437,2016-04-11,02:24:00,301,2,3488
27438,2016-04-11,02:25:00,82,1,9754
27439,2016-04-11,02:33:00,435,3,4638
27440,2016-04-11,02:37:00,320,1,9247
27441,2016-04-11,02:42:00,398,1,6287
27442,2016-04-11,02:47:00,122,3,8219
27443,2016-04-11,02:55:00,151,2,4200
27444,2016-04-11,02:58:00,19,1,11971
27445,2016-04-11,03:11:00,268,1,9098
27446,2016-04-11,03:14:00,404,2,3674
27447,2016-04-11,03:16:00,61,3,298
27448,2016-04-11,03:17:00,9,1,9494
27449,2016-04-11,03:20:00,230,2,7488
27450,2016-04-11,03:21:00,180,1,1272
27451,2016-04-11,03:29:00,196,3,744
27452,2016-04-11,03:30:00,309,1,8918
27453,2016-04-11,03:30:00,172,2,4747
27454,2016-04-11,03:35:00,349,2,5248
27455,2016-04-11,03:36:00,435,1,4254
27456,2016-04-11,04:09:00,29,4,10175
27457,2016-04-11,04:14:00,430,2,1429
27458,2016-04-11,04:16:00,369,2,1811
27459,2016-04-11,04:27:00,197,1,11153
27460,2016-04-11,04:37:00,104,1,674
27461,2016-04-11,04:38:00,396,2,1465
27462,2016-04-11,04:44:00,362,3,738
27463,2016-04-11,04:57:00,172,2,11316
27464,2016-04-11,04:59:00,344,1,4405
27465,2016-04-11,05:01:00,148,2,2945
27466,2016-04-11,05:02:00,87,1,2256
27467,2016-04-11,05:10:00,327,3,10552
27468,2016-04-11,05:36:00,257,1,8857
27469,2016-04-11,05:41:00,110,4,8226
27470,2016-04-11,05:41:00,436,2,9677
27471,2016-04-11,05:48:00,94,1,1930
27472,2016-04-11,06:11:00,77,3,10577
27473,2016-04-11,06:12:00,56,3,11342
27474,2016-04-11,06:16:00,157,3,7565
27475,2016-04-11,06:27:00,205,1,684
27476,2016-04-11,06:31:00,248,3,8097
27477,2016-04-11,06:33:00,218,3,9237
27478,2016-04-11,06:38:00,336,1,9632
27479,2016-04-11,06:44:00,249,2,910
27480,2016-04-11,06:45:00,33,3,1272
27481,2016-04-11,06:48:00,87,2,7447
27482,2016-04-11,06:48:00,403,1,7090
27483,2016-04-11,07:06:00,75,3,5350
27484,2016-04-11,07:08:00,78,2,5412
27485,2016-04-11,07:13:00,185,1,4299
27486,2016-04-11,07:30:00,315,1,1844
27487,2016-04-11,07:38:00,77,2,5746
27488,2016-04-11,07:39:00,102,1,7054
27489,2016-04-11,07:42:00,210,1,4460
27490,2016-04-11,07:45:00,1,2,10211
27491,2016-04-11,07:56:00,22,4,621
27492,2016-04-11,08:18:00,273,2,7565
27493,2016-04-11,08:19:00,21,2,6439
27494,2016-04-11,08:21:00,378,4,3756
27495,2016-04-11,08:28:00,240,1,120
27496,2016-04-11,08:31:00,246,1,5591
27497,2016-04-11,08:31:00,160,1,8952
27498,2016-04-11,08:33:00,131,1,11288
27499,2016-04-11,08:48:00,15,4,1567
27500,2016-04-11,08:51:00,240,1,10634
27501,2016-04-11,08:52:00,198,1,11577
27502,2016-04-11,08:52:00,204,3,11058
27503,2016-04-11,09:02:00,454,1,3418
27504,2016-04-11,09:02:00,341,1,2592
27505,2016-04-11,09:10:00,256,1,6239
27506,2016-04-11,09:11:00,33,3,4961
27507,2016-04-11,09:28:00,261,1,8117
27508,2016-04-11,09:31:00,164,1,8614
27509,2016-04-11,09:37:00,152,2,7225
27510,2016-04-11,09:40:00,8,2,9848
27511,2016-04-11,09:47:00,437,3,579
27512,2016-04-11,09:56:00,402,3,2249
27513,2016-04-11,09:59:00,159,1,8079
27514,2016-04-11,09:59:00,306,1,9449
27515,2016-04-11,10:05:00,337,1,3154
27516,2016-04-11,10:13:00,420,2,8278
27517,2016-04-11,10:15:00,75,4,6177
27518,2016-04-11,10:17:00,393,1,393
27519,2016-04-11,10:34:00,319,3,4046
27520,2016-04-11,10:35:00,316,3,7548
27521,2016-04-11,10:53:00,171,6,3788
27522,2016-04-11,11:00:00,336,1,7422
27523,2016-04-11,11:01:00,397,1,2483
27524,2016-04-11,11:02:00,447,2,474
27525,2016-04-11,11:04:00,186,1,1829
27526,2016-04-11,11:06:00,6,1,2532
27527,2016-04-11,11:08:00,193,2,6945
27528,2016-04-11,11:08:00,8,1,4607
27529,2016-04-11,11:09:00,299,2,1929
27530,2016-04-11,11:11:00,12,1,11078
27531,2016-04-11,11:15:00,103,1,10173
27532,2016-04-11,11:29:00,403,2,11346
27533,2016-04-11,11:30:00,162,2,2971
27534,2016-04-11,11:33:00,206,1,9672
27535,2016-04-11,11:37:00,197,2,5025
27536,2016-04-11,11:39:00,371,3,9523
27537,2016-04-11,12:00:00,168,2,2535
27538,2016-04-11,12:04:00,63,2,2389
27539,2016-04-11,12:08:00,276,3,8837
27540,2016-04-11,12:21:00,425,4,11307
27541,2016-04-11,12:21:00,112,2,916
27542,2016-04-11,12:29:00,198,1,8657
27543,2016-04-11,12:37:00,219,3,9512
27544,2016-04-11,12:39:00,277,1,7986
27545,2016-04-11,12:51:00,334,1,180
27546,2016-04-11,12:55:00,223,2,3530
27547,2016-04-11,12:58:00,64,2,11026
27548,2016-04-11,13:13:00,193,3,7459
27549,2016-04-11,13:14:00,319,2,5437
27550,2016-04-11,13:21:00,284,1,8424
27551,2016-04-11,13:24:00,65,1,5386
27552,2016-04-11,13:29:00,206,2,10321
27553,2016-04-11,13:31:00,297,1,6066
27554,2016-04-11,13:34:00,399,4,4719
27555,2016-04-11,13:40:00,392,1,11887
27556,2016-04-11,13:40:00,36,3,7860
27557,2016-04-11,13:46:00,375,2,946
27558,2016-04-11,13:48:00,65,2,6300
27559,2016-04-11,13:48:00,310,2,2683
27560,2016-04-11,13:49:00,310,4,10902
27561,2016-04-11,13:54:00,325,2,9087
27562,2016-04-11,14:02:00,449,1,1989
27563,2016-04-11,14:18:00,181,2,6650
27564,2016-04-11,14:19:00,246,4,5018
27565,2016-04-11,14:25:00,230,1,2693
27566,2016-04-11,14:34:00,271,2,1754
27567,2016-04-11,14:45:00,317,1,11420
27568,2016-04-11,14:45:00,54,1,2926
27569,2016-04-11,14:57:00,353,2,2791
27570,2016-04-11,14:57:00,221,3,10379
27571,2016-04-11,15:03:00,5,1,8023
27572,2016-04-11,15:14:00,198,1,10769
27573,2016-04-11,15:31:00,343,1,1392
27574,2016-04-11,15:38:00,238,3,6205
27575,2016-04-11,15:39:00,345,3,11831
27576,2016-04-11,15:39:00,111,1,162
27577,2016-04-11,15:48:00,7,1,10787
27578,2016-04-11,15:57:00,50,2,6072
27579,2016-04-11,15:58:00,33,2,11903
27580,2016-04-11,16:04:00,26,5,10665
27581,2016-04-11,16:05:00,284,3,5186
27582,2016-04-11,16:07:00,457,3,8470
27583,2016-04-11,16:28:00,108,2,10681
27584,2016-04-11,16:42:00,97,2,7757
27585,2016-04-11,16:46:00,262,1,3235
27586,2016-04-11,16:47:00,202,3,6585
27587,2016-04-11,16:49:00,358,2,6570
27588,2016-04-11,16:57:00,158,4,3956
27589,2016-04-11,17:00:00,80,2,329
27590,2016-04-11,17:14:00,183,1,8610
27591,2016-04-11,17:17:00,144,1,8675
27592,2016-04-11,17:18:00,191,2,7597
27593,2016-04-11,17:20:00,62,1,9611
27594,2016-04-11,17:22:00,432,1,11930
27595,2016-04-11,17:22:00,325,2,7754
27596,2016-04-11,17:26:00,185,1,3517
27597,2016-04-11,17:27:00,294,3,10859
27598,2016-04-11,17:28:00,324,2,5927
27599,2016-04-11,17:33:00,262,3,10900
27600,2016-04-11,17:41:00,234,1,8900
27601,2016-04-11,17:42:00,165,2,1394
27602,2016-04-11,17:43:00,29,2,303
27603,2016-04-11,17:53:00,208,1,11984
27604,2016-04-11,17:56:00,134,1,11209
27605,2016-04-11,17:56:00,87,2,4896
27606,2016-04-11,17:57:00,187,2,1141
27607,2016-04-11,17:58:00,67,2,1935
27608,2016-04-11,18:00:00,376,3,3330
27609,2016-04-11,18:03:00,92,1,5012
27610,2016-04-11,18:08:00,4,3,3911
27611,2016-04-11,18:11:00,441,2,7922
27612,2016-04-11,18:14:00,244,3,8930
27613,2016-04-11,18:20:00,399,3,1538
27614,2016-04-11,18:27:00,152,1,9082
27615,2016-04-11,18:27:00,332,3,6204
27616,2016-04-11,18:30:00,65,4,1764
27617,2016-04-11,18:34:00,287,2,7262
27618,2016-04-11,18:38:00,324,1,94
27619,2016-04-11,18:41:00,122,1,9835
27620,2016-04-11,18:41:00,288,2,1216
27621,2016-04-11,18:48:00,260,1,10071
27622,2016-04-11,18:51:00,241,2,7380
27623,2016-04-11,18:55:00,54,1,5359
27624,2016-04-11,19:00:00,180,2,5896
27625,2016-04-11,19:01:00,97,2,6849
27626,2016-04-11,19:02:00,71,4,9653
27627,2016-04-11,19:03:00,33,2,5263
27628,2016-04-11,19:06:00,344,2,10262
27629,2016-04-11,19:07:00,39,1,11560
27630,2016-04-11,19:07:00,317,2,2381
27631,2016-04-11,19:21:00,86,1,8239
27632,2016-04-11,19:22:00,287,1,3036
27633,2016-04-11,19:22:00,103,3,6440
27634,2016-04-11,19:26:00,72,3,7222
27635,2016-04-11,19:30:00,427,2,9181
27636,2016-04-11,19:34:00,147,3,1966
27637,2016-04-11,19:34:00,53,2,2280
27638,2016-04-11,19:35:00,138,1,10144
27639,2016-04-11,19:43:00,200,2,8438
27640,2016-04-11,19:53:00,423,2,4899
27641,2016-04-11,19:59:00,230,1,1970
27642,2016-04-11,20:04:00,425,2,4785
27643,2016-04-11,20:05:00,339,2,7524
27644,2016-04-11,20:06:00,113,3,1620
27645,2016-04-11,20:20:00,49,1,6658
27646,2016-04-11,20:21:00,276,1,10229
27647,2016-04-11,20:24:00,456,1,10661
27648,2016-04-11,20:30:00,420,2,11784
27649,2016-04-11,20:42:00,64,2,8069
27650,2016-04-11,20:43:00,137,2,10623
27651,2016-04-11,20:44:00,279,1,7558
27652,2016-04-11,20:51:00,34,2,10668
27653,2016-04-11,20:52:00,160,1,9373
27654,2016-04-11,20:57:00,133,2,7946
27655,2016-04-11,20:58:00,432,2,417
27656,2016-04-11,21:09:00,75,3,3236
27657,2016-04-11,21:10:00,197,2,5510
27658,2016-04-11,21:12:00,102,4,8525
27659,2016-04-11,21:23:00,68,2,9734
27660,2016-04-11,21:35:00,156,1,195
27661,2016-04-11,21:48:00,355,1,6277
27662,2016-04-11,21:55:00,256,3,8757
27663,2016-04-11,21:56:00,228,1,7876
27664,2016-04-11,21:58:00,343,1,9459
27665,2016-04-11,22:16:00,422,2,7015
27666,2016-04-11,22:24:00,382,2,11535
27667,2016-04-11,22:25:00,220,3,10419
27668,2016-04-11,22:27:00,247,2,11588
27669,2016-04-11,22:31:00,21,2,4904
27670,2016-04-11,22:37:00,99,1,3120
27671,2016-04-11,22:39:00,65,1,9635
27672,2016-04-11,22:41:00,172,2,4119
27673,2016-04-11,22:45:00,177,2,465
27674,2016-04-11,22:50:00,54,2,8315
27675,2016-04-11,23:06:00,295,2,3314
27676,2016-04-11,23:14:00,4,3,10530
27677,2016-04-11,23:16:00,315,3,4741
27678,2016-04-11,23:17:00,342,3,9019
27679,2016-04-11,23:23:00,337,2,4158
27680,2016-04-11,23:24:00,270,1,4956
27681,2016-04-11,23:26:00,122,2,9982
27682,2016-04-11,23:31:00,127,1,7942
27683,2016-04-11,23:32:00,321,1,9089
27684,2016-04-11,23:38:00,347,1,7267
27685,2016-04-11,23:41:00,420,1,5645
27686,2016-04-11,23:44:00,195,1,382
27687,2016-04-11,23:50:00,126,3,876
27688,2016-04-11,23:53:00,336,1,5939
27689,2016-04-12,00:19:00,190,2,4332
27690,2016-04-12,00:22:00,270,3,3911
27691,2016-04-12,00:23:00,218,2,8465
27692,2016-04-12,00:27:00,364,3,11356
27693,2016-04-12,00:27:00,455,2,293
27694,2016-04-12,00:31:00,341,2,9077
27695,2016-04-12,00:32:00,356,1,3919
27696,2016-04-12,00:34:00,104,2,10065
27697,2016-04-12,00:41:00,26,2,8574
27698,2016-04-12,00:52:00,123,3,1798
27699,2016-04-12,00:57:00,262,2,11917
27700,2016-04-12,00:58:00,314,1,7466
27701,2016-04-12,01:20:00,255,1,7517
27702,2016-04-12,01:20:00,321,1,10037
27703,2016-04-12,01:23:00,356,1,11775
27704,2016-04-12,01:28:00,58,1,4416
27705,2016-04-12,01:32:00,79,2,9080
27706,2016-04-12,01:35:00,215,1,6467
27707,2016-04-12,01:37:00,266,2,9056
27708,2016-04-12,01:47:00,268,2,152
27709,2016-04-12,01:50:00,433,2,6776
27710,2016-04-12,01:54:00,331,2,11178
27711,2016-04-12,01:56:00,256,1,6588
27712,2016-04-12,01:58:00,158,4,7214
27713,2016-04-12,02:07:00,11,2,7035
27714,2016-04-12,02:12:00,418,2,5887
27715,2016-04-12,02:13:00,113,2,11224
27716,2016-04-12,02:18:00,75,2,10999
27717,2016-04-12,02:23:00,16,2,41
27718,2016-04-12,02:27:00,301,3,4815
27719,2016-04-12,02:37:00,263,2,8714
27720,2016-04-12,02:40:00,350,1,5149
27721,2016-04-12,02:48:00,128,1,4876
27722,2016-04-12,02:54:00,39,2,523
27723,2016-04-12,02:56:00,144,2,3097
27724,2016-04-12,03:01:00,57,3,8087
27725,2016-04-12,03:17:00,192,2,11535
27726,2016-04-12,03:18:00,55,2,8690
27727,2016-04-12,03:19:00,140,3,8349
27728,2016-04-12,03:23:00,333,1,11431
27729,2016-04-12,03:24:00,309,1,9835
27730,2016-04-12,03:28:00,269,2,1119
27731,2016-04-12,03:28:00,345,1,2906
27732,2016-04-12,03:29:00,228,2,8225
27733,2016-04-12,03:37:00,336,2,5087
27734,2016-04-12,03:40:00,420,2,9901
27735,2016-04-12,03:42:00,410,1,11752
27736,2016-04-12,03:43:00,63,2,2879
27737,2016-04-12,03:43:00,397,1,7743
27738,2016-04-12,03:44:00,205,2,8847
27739,2016-04-12,03:46:00,136,2,5843
27740,2016-04-12,03:47:00,144,1,5608
27741,2016-04-12,03:55:00,448,1,2346
27742,2016-04-12,04:14:00,398,1,3417
27743,2016-04-12,04:16:00,88,1,11737
27744,2016-04-12,04:19:00,457,1,10342
27745,2016-04-12,04:25:00,453,2,4323
27746,2016-04-12,04:46:00,109,2,4068
27747,2016-04-12,04:49:00,77,4,1765
27748,2016-04-12,04:52:00,275,1,9394
27749,2016-04-12,04:53:00,34,2,7487
27750,2016-04-12,04:55:00,408,2,566
27751,2016-04-12,05:00:00,10,1,7469
27752,2016-04-12,05:05:00,137,3,10273
27753,2016-04-12,05:06:00,125,2,448
27754,2016-04-12,05:13:00,325,2,11207
27755,2016-04-12,05:13:00,302,2,1314
27756,2016-04-12,05:14:00,136,2,10806
27757,2016-04-12,05:30:00,407,2,7721
27758,2016-04-12,05:31:00,362,2,7017
27759,2016-04-12,05:47:00,220,3,4870
27760,2016-04-12,05:48:00,26,1,11187
27761,2016-04-12,05:57:00,180,1,3962
27762,2016-04-12,05:59:00,245,5,360
27763,2016-04-12,05:59:00,379,5,2796
27764,2016-04-12,06:02:00,352,2,4581
27765,2016-04-12,06:10:00,384,1,1177
27766,2016-04-12,06:11:00,266,2,226
27767,2016-04-12,06:21:00,236,1,9748
27768,2016-04-12,06:22:00,15,2,2285
27769,2016-04-12,06:30:00,3,2,5923
27770,2016-04-12,06:31:00,192,2,9793
27771,2016-04-12,06:37:00,79,3,3691
27772,2016-04-12,06:41:00,140,3,11038
27773,2016-04-12,06:46:00,412,2,9748
27774,2016-04-12,06:52:00,110,2,2453
27775,2016-04-12,06:57:00,432,2,5117
27776,2016-04-12,07:00:00,90,3,5105
27777,2016-04-12,07:05:00,171,1,4762
27778,2016-04-12,07:09:00,306,2,3269
27779,2016-04-12,07:19:00,442,3,2375
27780,2016-04-12,07:19:00,163,2,11091
27781,2016-04-12,07:43:00,119,3,6947
27782,2016-04-12,07:54:00,454,2,2851
27783,2016-04-12,08:01:00,57,3,7054
27784,2016-04-12,08:03:00,394,1,9616
27785,2016-04-12,08:06:00,161,4,5755
27786,2016-04-12,08:08:00,373,2,5145
27787,2016-04-12,08:19:00,224,3,8312
27788,2016-04-12,08:27:00,178,1,3325
27789,2016-04-12,08:27:00,238,2,1043
27790,2016-04-12,08:28:00,408,1,7146
27791,2016-04-12,08:32:00,28,1,1919
27792,2016-04-12,08:33:00,386,1,9387
27793,2016-04-12,08:36:00,249,2,3883
27794,2016-04-12,08:38:00,327,3,1307
27795,2016-04-12,08:51:00,370,1,7428
27796,2016-04-12,08:54:00,206,4,3379
27797,2016-04-12,08:56:00,128,1,1523
27798,2016-04-12,08:59:00,118,2,5087
27799,2016-04-12,09:11:00,287,1,1762
27800,2016-04-12,09:14:00,363,1,4241
27801,2016-04-12,09:14:00,149,4,3773
27802,2016-04-12,09:23:00,456,3,1248
27803,2016-04-12,09:30:00,458,1,9914
27804,2016-04-12,09:31:00,304,5,7285
27805,2016-04-12,09:42:00,140,4,10298
27806,2016-04-12,09:54:00,181,3,950
27807,2016-04-12,10:02:00,196,1,8656
27808,2016-04-12,10:02:00,296,1,4076
27809,2016-04-12,10:02:00,43,2,1684
27810,2016-04-12,10:03:00,82,1,9031
27811,2016-04-12,10:05:00,78,2,9686
27812,2016-04-12,10:12:00,217,2,5169
27813,2016-04-12,10:20:00,7,2,756
27814,2016-04-12,10:22:00,417,4,11216
27815,2016-04-12,10:30:00,246,2,7175
27816,2016-04-12,10:31:00,326,2,9392
27817,2016-04-12,10:36:00,384,1,9062
27818,2016-04-12,10:49:00,192,1,2940
27819,2016-04-12,10:54:00,200,3,3289
27820,2016-04-12,11:11:00,34,2,11291
27821,2016-04-12,11:12:00,293,1,424
27822,2016-04-12,11:26:00,399,1,5446
27823,2016-04-12,11:26:00,247,2,5488
27824,2016-04-12,11:33:00,454,1,1923
27825,2016-04-12,11:36:00,372,3,2162
27826,2016-04-12,11:38:00,91,3,3315
27827,2016-04-12,11:41:00,65,2,7512
27828,2016-04-12,11:43:00,389,2,11104
27829,2016-04-12,11:52:00,161,2,11867
27830,2016-04-12,12:01:00,356,3,4974
27831,2016-04-12,12:04:00,265,3,11686
27832,2016-04-12,12:18:00,217,2,2330
27833,2016-04-12,12:22:00,363,2,6457
27834,2016-04-12,12:26:00,154,2,1354
27835,2016-04-12,12:34:00,135,2,2966
27836,2016-04-12,12:36:00,222,2,1153
27837,2016-04-12,12:37:00,94,3,2227
27838,2016-04-12,12:39:00,225,2,1870
27839,2016-04-12,12:40:00,274,3,1162
27840,2016-04-12,12:44:00,137,1,1212
27841,2016-04-12,13:04:00,209,3,4156
27842,2016-04-12,13:06:00,169,1,6271
27843,2016-04-12,13:15:00,314,1,2652
27844,2016-04-12,13:16:00,291,1,10968
27845,2016-04-12,13:26:00,79,3,4475
27846,2016-04-12,13:34:00,200,2,11698
27847,2016-04-12,13:37:00,205,2,9095
27848,2016-04-12,13:42:00,237,1,7025
27849,2016-04-12,13:46:00,250,4,2382
27850,2016-04-12,13:47:00,178,1,8233
27851,2016-04-12,13:56:00,154,1,8377
27852,2016-04-12,13:58:00,271,1,4744
27853,2016-04-12,14:09:00,448,2,9550
27854,2016-04-12,14:17:00,51,2,8756
27855,2016-04-12,14:17:00,151,1,8787
27856,2016-04-12,14:23:00,328,2,2110
27857,2016-04-12,14:46:00,298,1,5546
27858,2016-04-12,14:56:00,284,1,5115
27859,2016-04-12,15:02:00,340,2,9802
27860,2016-04-12,15:07:00,133,2,6512
27861,2016-04-12,15:12:00,363,3,8509
27862,2016-04-12,15:12:00,432,3,5786
27863,2016-04-12,15:12:00,214,2,3897
27864,2016-04-12,15:20:00,432,2,7883
27865,2016-04-12,15:28:00,330,1,2103
27866,2016-04-12,15:37:00,455,1,3880
27867,2016-04-12,15:42:00,228,2,8061
27868,2016-04-12,15:46:00,49,3,4512
27869,2016-04-12,15:49:00,445,2,5579
27870,2016-04-12,15:58:00,149,2,7309
27871,2016-04-12,16:03:00,387,2,11983
27872,2016-04-12,16:04:00,200,1,3816
27873,2016-04-12,16:08:00,418,5,11239
27874,2016-04-12,16:13:00,188,2,550
27875,2016-04-12,16:15:00,152,1,10090
27876,2016-04-12,16:15:00,216,2,940
27877,2016-04-12,16:18:00,75,2,11637
27878,2016-04-12,16:32:00,332,3,8735
27879,2016-04-12,16:32:00,361,2,1890
27880,2016-04-12,16:38:00,140,1,5894
27881,2016-04-12,16:43:00,40,1,8618
27882,2016-04-12,16:43:00,249,4,10263
27883,2016-04-12,16:49:00,376,4,7645
27884,2016-04-12,16:59:00,23,2,7283
27885,2016-04-12,17:06:00,353,2,3444
27886,2016-04-12,17:15:00,328,3,1929
27887,2016-04-12,17:17:00,171,2,3102
27888,2016-04-12,17:19:00,97,2,9761
27889,2016-04-12,17:22:00,282,1,1027
27890,2016-04-12,17:24:00,105,2,4920
27891,2016-04-12,17:33:00,351,3,10971
27892,2016-04-12,17:48:00,12,2,5688
27893,2016-04-12,17:49:00,327,1,5047
27894,2016-04-12,18:05:00,161,3,5347
27895,2016-04-12,18:07:00,159,1,4163
27896,2016-04-12,18:08:00,439,2,9010
27897,2016-04-12,18:12:00,278,1,6995
27898,2016-04-12,18:12:00,312,3,10763
27899,2016-04-12,18:12:00,285,2,7693
27900,2016-04-12,18:25:00,2,1,3443
27901,2016-04-12,18:55:00,118,2,2334
27902,2016-04-12,18:55:00,120,1,3357
27903,2016-04-12,18:58:00,405,1,5171
27904,2016-04-12,19:05:00,176,1,11828
27905,2016-04-12,19:08:00,187,2,2208
27906,2016-04-12,19:11:00,265,3,6715
27907,2016-04-12,19:11:00,45,4,6466
27908,2016-04-12,19:13:00,209,1,3227
27909,2016-04-12,19:19:00,303,1,10589
27910,2016-04-12,19:25:00,185,2,10145
27911,2016-04-12,19:27:00,243,2,867
27912,2016-04-12,19:29:00,110,1,9402
27913,2016-04-12,19:48:00,457,1,8308
27914,2016-04-12,19:54:00,425,2,593
27915,2016-04-12,20:00:00,146,4,6096
27916,2016-04-12,20:02:00,62,1,9589
27917,2016-04-12,20:06:00,69,2,2383
27918,2016-04-12,20:10:00,392,4,8941
27919,2016-04-12,20:10:00,456,2,10533
27920,2016-04-12,20:16:00,186,1,10667
27921,2016-04-12,20:24:00,291,1,4073
27922,2016-04-12,20:26:00,165,1,1833
27923,2016-04-12,20:30:00,411,2,1147
27924,2016-04-12,20:42:00,321,2,7046
27925,2016-04-12,20:42:00,224,2,2672
27926,2016-04-12,20:44:00,374,4,5712
27927,2016-04-12,20:48:00,3,3,4068
27928,2016-04-12,20:53:00,295,2,501
27929,2016-04-12,21:06:00,98,4,5098
27930,2016-04-12,21:08:00,317,1,444
27931,2016-04-12,21:13:00,183,3,7941
27932,2016-04-12,21:16:00,106,1,5385
27933,2016-04-12,21:16:00,28,1,7183
27934,2016-04-12,21:22:00,118,1,5240
27935,2016-04-12,21:31:00,187,1,725
27936,2016-04-12,21:36:00,60,2,6991
27937,2016-04-12,21:40:00,182,2,1813
27938,2016-04-12,21:42:00,340,3,9004
27939,2016-04-12,21:49:00,136,1,6743
27940,2016-04-12,21:50:00,356,2,4775
27941,2016-04-12,21:52:00,446,3,692
27942,2016-04-12,21:54:00,330,3,10903
27943,2016-04-12,22:04:00,2,2,729
27944,2016-04-12,22:18:00,67,2,6604
27945,2016-04-12,22:18:00,349,1,6140
27946,2016-04-12,22:21:00,6,4,10619
27947,2016-04-12,22:29:00,323,3,9302
27948,2016-04-12,22:32:00,397,3,2969
27949,2016-04-12,22:32:00,271,2,67
27950,2016-04-12,22:36:00,434,1,4196
27951,2016-04-12,22:45:00,232,1,9423
27952,2016-04-12,22:45:00,23,3,8575
27953,2016-04-12,23:02:00,121,2,6247
27954,2016-04-12,23:02:00,389,2,11167
27955,2016-04-12,23:03:00,54,3,2574
27956,2016-04-12,23:03:00,301,3,11634
27957,2016-04-12,23:09:00,88,3,5642
27958,2016-04-12,23:17:00,124,3,10494
27959,2016-04-12,23:28:00,22,1,4444
27960,2016-04-12,23:35:00,199,3,2381
27961,2016-04-12,23:37:00,244,3,32
27962,2016-04-12,23:40:00,300,3,5929
27963,2016-04-12,23:42:00,82,1,9386
27964,2016-04-12,23:53:00,361,2,10715
27965,2016-04-13,00:01:00,195,1,2248
27966,2016-04-13,00:03:00,223,2,6266
27967,2016-04-13,00:04:00,369,3,2252
27968,2016-04-13,00:09:00,453,1,3766
27969,2016-04-13,00:11:00,443,1,3500
27970,2016-04-13,00:12:00,291,2,11236
27971,2016-04-13,00:13:00,283,1,3029
27972,2016-04-13,00:16:00,257,1,7594
27973,2016-04-13,00:23:00,341,1,9970
27974,2016-04-13,00:26:00,168,1,9960
27975,2016-04-13,00:28:00,366,3,3178
27976,2016-04-13,00:58:00,127,3,863
27977,2016-04-13,01:03:00,35,1,871
27978,2016-04-13,01:06:00,30,2,9544
27979,2016-04-13,01:21:00,402,5,5023
27980,2016-04-13,01:28:00,205,1,8418
27981,2016-04-13,01:38:00,20,2,9905
27982,2016-04-13,01:55:00,235,2,11353
27983,2016-04-13,01:58:00,426,4,4903
27984,2016-04-13,02:05:00,392,3,1748
27985,2016-04-13,02:07:00,320,1,966
27986,2016-04-13,02:18:00,12,4,8179
27987,2016-04-13,02:24:00,369,2,11826
27988,2016-04-13,02:28:00,21,1,7345
27989,2016-04-13,02:29:00,215,3,3861
27990,2016-04-13,02:30:00,359,2,1052
27991,2016-04-13,02:30:00,122,2,2383
27992,2016-04-13,02:37:00,27,2,7982
27993,2016-04-13,02:40:00,151,2,11850
27994,2016-04-13,02:45:00,415,4,11
27995,2016-04-13,02:45:00,165,2,485
27996,2016-04-13,02:54:00,48,1,4272
27997,2016-04-13,02:56:00,448,2,1072
27998,2016-04-13,02:57:00,397,3,4949
27999,2016-04-13,03:00:00,405,3,579
28000,2016-04-13,03:04:00,333,1,5565
28001,2016-04-13,03:10:00,110,1,6128
28002,2016-04-13,03:34:00,131,1,5016
28003,2016-04-13,03:35:00,349,3,7265
28004,2016-04-13,03:41:00,254,2,9655
28005,2016-04-13,03:43:00,154,3,11629
28006,2016-04-13,03:49:00,113,3,9289
28007,2016-04-13,03:49:00,172,2,7022
28008,2016-04-13,03:51:00,336,3,10795
28009,2016-04-13,03:53:00,104,3,6250
28010,2016-04-13,04:01:00,120,2,3636
28011,2016-04-13,04:09:00,267,3,72
28012,2016-04-13,04:11:00,285,2,6051
28013,2016-04-13,04:23:00,394,2,9930
28014,2016-04-13,04:30:00,116,3,5201
28015,2016-04-13,04:37:00,159,2,6183
28016,2016-04-13,04:42:00,145,2,411
28017,2016-04-13,04:46:00,184,2,9222
28018,2016-04-13,04:46:00,344,3,4416
28019,2016-04-13,05:05:00,400,3,4278
28020,2016-04-13,05:05:00,258,2,6356
28021,2016-04-13,05:09:00,234,1,2933
28022,2016-04-13,05:09:00,176,2,9078
28023,2016-04-13,05:18:00,191,1,8597
28024,2016-04-13,05:24:00,304,2,9117
28025,2016-04-13,05:26:00,331,3,264
28026,2016-04-13,05:37:00,222,1,10564
28027,2016-04-13,05:37:00,282,2,3661
28028,2016-04-13,05:39:00,238,1,11365
28029,2016-04-13,05:43:00,68,3,419
28030,2016-04-13,05:44:00,312,2,5001
28031,2016-04-13,06:07:00,218,2,2322
28032,2016-04-13,06:09:00,59,1,5186
28033,2016-04-13,06:25:00,225,3,2573
28034,2016-04-13,06:33:00,121,1,7844
28035,2016-04-13,06:34:00,418,1,9212
28036,2016-04-13,06:43:00,316,2,2845
28037,2016-04-13,06:58:00,458,2,423
28038,2016-04-13,07:08:00,280,2,1801
28039,2016-04-13,07:11:00,306,2,4455
28040,2016-04-13,07:11:00,270,5,2453
28041,2016-04-13,07:12:00,299,2,6424
28042,2016-04-13,07:18:00,123,1,2241
28043,2016-04-13,07:18:00,275,1,3563
28044,2016-04-13,07:18:00,51,2,11689
28045,2016-04-13,07:25:00,409,3,3249
28046,2016-04-13,07:29:00,436,1,3546
28047,2016-04-13,07:31:00,211,2,6938
28048,2016-04-13,07:33:00,414,2,6329
28049,2016-04-13,07:34:00,332,4,7156
28050,2016-04-13,07:35:00,178,1,8392
28051,2016-04-13,07:39:00,150,2,5137
28052,2016-04-13,07:40:00,240,2,4136
28053,2016-04-13,07:41:00,354,2,8921
28054,2016-04-13,07:41:00,78,1,9956
28055,2016-04-13,07:44:00,3,1,841
28056,2016-04-13,07:49:00,431,3,10305
28057,2016-04-13,07:50:00,344,2,7202
28058,2016-04-13,07:53:00,84,1,10791
28059,2016-04-13,08:00:00,372,2,7517
28060,2016-04-13,08:04:00,58,2,269
28061,2016-04-13,08:12:00,334,2,7394
28062,2016-04-13,08:17:00,246,3,8741
28063,2016-04-13,08:26:00,435,1,796
28064,2016-04-13,08:26:00,266,3,766
28065,2016-04-13,08:41:00,14,1,3491
28066,2016-04-13,08:51:00,301,1,9612
28067,2016-04-13,08:56:00,356,2,43
28068,2016-04-13,09:00:00,297,4,2894
28069,2016-04-13,09:11:00,383,1,7701
28070,2016-04-13,09:24:00,451,2,11751
28071,2016-04-13,09:27:00,293,1,5
28072,2016-04-13,09:32:00,35,2,7805
28073,2016-04-13,09:37:00,21,1,10001
28074,2016-04-13,09:38:00,100,3,414
28075,2016-04-13,09:44:00,427,1,3101
28076,2016-04-13,09:48:00,249,1,2081
28077,2016-04-13,09:49:00,421,3,2392
28078,2016-04-13,09:53:00,342,1,728
28079,2016-04-13,09:54:00,447,4,2555
28080,2016-04-13,10:05:00,142,1,5835
28081,2016-04-13,10:13:00,36,2,1178
28082,2016-04-13,10:17:00,275,1,3722
28083,2016-04-13,10:18:00,27,1,1262
28084,2016-04-13,10:19:00,395,1,11475
28085,2016-04-13,10:22:00,209,1,957
28086,2016-04-13,10:24:00,29,1,354
28087,2016-04-13,10:36:00,294,3,8913
28088,2016-04-13,11:11:00,442,1,5289
28089,2016-04-13,11:22:00,135,2,8714
28090,2016-04-13,11:26:00,106,3,8039
28091,2016-04-13,11:27:00,378,2,8542
28092,2016-04-13,11:40:00,435,2,11781
28093,2016-04-13,11:44:00,351,2,8984
28094,2016-04-13,11:49:00,320,6,10092
28095,2016-04-13,11:54:00,132,2,5528
28096,2016-04-13,12:15:00,170,2,6835
28097,2016-04-13,12:22:00,423,2,3992
28098,2016-04-13,12:22:00,40,3,6700
28099,2016-04-13,12:29:00,288,2,10575
28100,2016-04-13,12:33:00,89,2,9932
28101,2016-04-13,12:35:00,392,2,6532
28102,2016-04-13,12:38:00,58,2,8785
28103,2016-04-13,12:46:00,51,2,11298
28104,2016-04-13,12:53:00,306,1,10244
28105,2016-04-13,12:57:00,401,2,9948
28106,2016-04-13,13:01:00,326,2,11059
28107,2016-04-13,13:03:00,63,2,1513
28108,2016-04-13,13:12:00,46,3,11444
28109,2016-04-13,13:18:00,395,2,4552
28110,2016-04-13,13:24:00,376,2,10684
28111,2016-04-13,13:39:00,436,2,8235
28112,2016-04-13,13:41:00,357,1,9148
28113,2016-04-13,13:55:00,150,1,5622
28114,2016-04-13,13:56:00,6,4,11831
28115,2016-04-13,14:12:00,204,1,9749
28116,2016-04-13,14:14:00,390,3,10296
28117,2016-04-13,14:14:00,162,2,7325
28118,2016-04-13,14:16:00,273,1,3828
28119,2016-04-13,14:19:00,207,2,2715
28120,2016-04-13,14:22:00,209,2,11908
28121,2016-04-13,14:23:00,428,3,7628
28122,2016-04-13,14:27:00,44,1,10638
28123,2016-04-13,14:38:00,280,4,4567
28124,2016-04-13,14:40:00,395,2,10837
28125,2016-04-13,14:46:00,149,1,6003
28126,2016-04-13,14:49:00,75,2,1875
28127,2016-04-13,14:51:00,291,1,10858
28128,2016-04-13,14:52:00,315,3,9779
28129,2016-04-13,14:57:00,119,2,8978
28130,2016-04-13,15:08:00,443,3,10341
28131,2016-04-13,15:16:00,13,1,11743
28132,2016-04-13,15:19:00,234,3,1811
28133,2016-04-13,15:31:00,455,1,8243
28134,2016-04-13,15:35:00,57,2,490
28135,2016-04-13,15:41:00,364,2,5048
28136,2016-04-13,15:43:00,367,3,9207
28137,2016-04-13,15:51:00,177,3,9540
28138,2016-04-13,15:52:00,55,2,2163
28139,2016-04-13,15:52:00,266,5,7738
28140,2016-04-13,15:56:00,74,1,4911
28141,2016-04-13,16:00:00,123,4,9424
28142,2016-04-13,16:16:00,269,2,1854
28143,2016-04-13,16:19:00,52,2,7455
28144,2016-04-13,16:32:00,97,2,5128
28145,2016-04-13,16:37:00,15,2,6904
28146,2016-04-13,16:48:00,212,1,3722
28147,2016-04-13,16:50:00,305,4,4780
28148,2016-04-13,17:01:00,105,2,2501
28149,2016-04-13,17:13:00,64,1,2300
28150,2016-04-13,17:27:00,421,2,1372
28151,2016-04-13,17:38:00,16,1,4368
28152,2016-04-13,17:49:00,412,2,3315
28153,2016-04-13,18:05:00,274,3,3804
28154,2016-04-13,18:14:00,182,1,4712
28155,2016-04-13,18:22:00,339,2,7759
28156,2016-04-13,18:23:00,360,2,1350
28157,2016-04-13,18:25:00,362,3,9991
28158,2016-04-13,18:26:00,15,2,5737
28159,2016-04-13,18:29:00,267,2,2578
28160,2016-04-13,18:36:00,339,3,3329
28161,2016-04-13,18:39:00,286,2,11888
28162,2016-04-13,18:50:00,409,4,10224
28163,2016-04-13,18:53:00,418,2,9433
28164,2016-04-13,19:16:00,157,2,3412
28165,2016-04-13,19:22:00,373,1,95
28166,2016-04-13,19:27:00,30,2,91
28167,2016-04-13,19:43:00,331,1,7101
28168,2016-04-13,19:53:00,202,2,10730
28169,2016-04-13,19:56:00,417,3,4053
28170,2016-04-13,20:06:00,103,3,8885
28171,2016-04-13,20:14:00,353,2,4222
28172,2016-04-13,20:15:00,164,2,10335
28173,2016-04-13,20:15:00,390,5,2122
28174,2016-04-13,20:24:00,403,3,707
28175,2016-04-13,20:41:00,323,2,3575
28176,2016-04-13,20:50:00,323,3,30
28177,2016-04-13,20:53:00,45,1,6644
28178,2016-04-13,21:13:00,448,1,7110
28179,2016-04-13,21:13:00,164,3,10632
28180,2016-04-13,21:15:00,241,1,8814
28181,2016-04-13,21:24:00,61,1,9252
28182,2016-04-13,21:25:00,50,1,7549
28183,2016-04-13,21:42:00,61,2,2262
28184,2016-04-13,21:44:00,46,2,11062
28185,2016-04-13,21:53:00,13,2,3747
28186,2016-04-13,22:00:00,122,1,2220
28187,2016-04-13,22:07:00,280,3,9298
28188,2016-04-13,22:09:00,127,3,2844
28189,2016-04-13,22:11:00,243,1,4177
28190,2016-04-13,22:13:00,347,1,6132
28191,2016-04-13,22:14:00,373,2,3746
28192,2016-04-13,22:15:00,391,1,1829
28193,2016-04-13,22:17:00,290,2,2565
28194,2016-04-13,22:23:00,359,1,4084
28195,2016-04-13,22:29:00,366,3,10677
28196,2016-04-13,22:43:00,343,1,10552
28197,2016-04-13,22:48:00,186,2,11823
28198,2016-04-13,22:51:00,254,1,3717
28199,2016-04-13,22:53:00,415,3,11969
28200,2016-04-13,22:56:00,298,1,6760
28201,2016-04-13,23:03:00,321,1,5204
28202,2016-04-13,23:10:00,343,1,9629
28203,2016-04-13,23:23:00,376,1,4986
28204,2016-04-13,23:24:00,65,2,4084
28205,2016-04-13,23:25:00,383,1,3993
28206,2016-04-13,23:25:00,140,1,373
28207,2016-04-13,23:29:00,402,1,5648
28208,2016-04-13,23:31:00,4,3,3125
28209,2016-04-13,23:33:00,67,1,3147
28210,2016-04-13,23:37:00,318,1,8230
28211,2016-04-13,23:44:00,128,1,6005
28212,2016-04-13,23:45:00,302,4,7540
28213,2016-04-13,23:47:00,259,1,4648
28214,2016-04-13,23:49:00,225,5,3441
28215,2016-04-13,23:53:00,401,2,8468
28216,2016-04-14,00:09:00,330,1,393
28217,2016-04-14,00:14:00,387,1,2271
28218,2016-04-14,00:20:00,48,1,971
28219,2016-04-14,00:40:00,145,2,5034
28220,2016-04-14,00:44:00,345,2,11848
28221,2016-04-14,00:52:00,452,4,11598
28222,2016-04-14,00:53:00,226,1,9837
28223,2016-04-14,00:53:00,218,1,6998
28224,2016-04-14,00:54:00,182,4,10427
28225,2016-04-14,00:56:00,218,2,206
28226,2016-04-14,00:58:00,215,1,2471
28227,2016-04-14,00:58:00,140,2,8210
28228,2016-04-14,01:00:00,335,1,10480
28229,2016-04-14,01:02:00,78,4,4234
28230,2016-04-14,01:02:00,8,3,11770
28231,2016-04-14,01:08:00,312,2,2577
28232,2016-04-14,01:14:00,10,1,10231
28233,2016-04-14,01:31:00,399,3,4238
28234,2016-04-14,01:36:00,166,2,2844
28235,2016-04-14,01:58:00,275,2,5085
28236,2016-04-14,02:03:00,257,3,7660
28237,2016-04-14,02:04:00,71,3,11685
28238,2016-04-14,02:06:00,296,2,9184
28239,2016-04-14,02:06:00,158,1,7293
28240,2016-04-14,02:08:00,208,2,2528
28241,2016-04-14,02:10:00,182,2,4902
28242,2016-04-14,02:15:00,22,2,7812
28243,2016-04-14,02:18:00,95,3,6747
28244,2016-04-14,02:19:00,363,1,3093
28245,2016-04-14,02:21:00,194,1,3394
28246,2016-04-14,02:34:00,404,1,8253
28247,2016-04-14,02:44:00,385,2,1251
28248,2016-04-14,02:48:00,185,4,6048
28249,2016-04-14,03:08:00,420,4,8772
28250,2016-04-14,03:10:00,293,3,3569
28251,2016-04-14,03:16:00,14,1,438
28252,2016-04-14,03:20:00,206,1,8096
28253,2016-04-14,03:45:00,323,2,2595
28254,2016-04-14,03:58:00,108,1,7674
28255,2016-04-14,03:59:00,319,2,7021
28256,2016-04-14,04:03:00,71,2,2882
28257,2016-04-14,04:07:00,177,2,10765
28258,2016-04-14,04:13:00,341,2,1575
28259,2016-04-14,04:20:00,456,1,8
28260,2016-04-14,04:35:00,256,6,9246
28261,2016-04-14,04:40:00,288,2,390
28262,2016-04-14,04:44:00,400,3,530
28263,2016-04-14,04:49:00,429,4,1913
28264,2016-04-14,04:49:00,417,3,6405
28265,2016-04-14,05:01:00,398,5,5483
28266,2016-04-14,05:22:00,203,2,10834
28267,2016-04-14,05:24:00,43,2,3603
28268,2016-04-14,05:24:00,278,1,4911
28269,2016-04-14,05:33:00,58,1,9924
28270,2016-04-14,05:36:00,356,1,5023
28271,2016-04-14,05:42:00,163,4,10997
28272,2016-04-14,05:49:00,214,1,7805
28273,2016-04-14,06:03:00,435,1,6968
28274,2016-04-14,06:05:00,31,2,280
28275,2016-04-14,06:07:00,291,2,4013
28276,2016-04-14,06:10:00,15,1,945
28277,2016-04-14,06:13:00,456,1,740
28278,2016-04-14,06:18:00,373,2,5976
28279,2016-04-14,06:34:00,403,2,1077
28280,2016-04-14,06:47:00,406,1,561
28281,2016-04-14,06:55:00,312,1,11302
28282,2016-04-14,06:58:00,236,2,9731
28283,2016-04-14,07:05:00,24,2,10480
28284,2016-04-14,07:12:00,455,1,2712
28285,2016-04-14,07:32:00,151,4,2957
28286,2016-04-14,07:34:00,335,1,8414
28287,2016-04-14,07:35:00,430,1,2468
28288,2016-04-14,07:35:00,428,3,8356
28289,2016-04-14,07:37:00,120,2,6708
28290,2016-04-14,07:40:00,325,2,4128
28291,2016-04-14,07:42:00,158,2,3298
28292,2016-04-14,08:02:00,299,1,7432
28293,2016-04-14,08:11:00,354,2,9138
28294,2016-04-14,08:22:00,330,3,9239
28295,2016-04-14,08:24:00,427,2,7794
28296,2016-04-14,08:26:00,195,1,4489
28297,2016-04-14,08:35:00,433,3,6586
28298,2016-04-14,08:58:00,69,1,6877
28299,2016-04-14,09:01:00,243,1,7048
28300,2016-04-14,09:10:00,86,1,5672
28301,2016-04-14,09:18:00,77,1,5590
28302,2016-04-14,09:23:00,322,3,142
28303,2016-04-14,09:26:00,441,2,6096
28304,2016-04-14,09:32:00,81,1,5208
28305,2016-04-14,09:44:00,295,1,4184
28306,2016-04-14,09:45:00,280,1,7192
28307,2016-04-14,09:45:00,243,2,10589
28308,2016-04-14,09:46:00,443,2,1514
28309,2016-04-14,09:51:00,136,3,6027
28310,2016-04-14,09:54:00,427,3,6961
28311,2016-04-14,09:54:00,366,2,16
28312,2016-04-14,10:15:00,292,1,11449
28313,2016-04-14,10:17:00,61,2,4824
28314,2016-04-14,10:21:00,127,2,4770
28315,2016-04-14,10:23:00,353,2,9945
28316,2016-04-14,10:27:00,448,3,6200
28317,2016-04-14,10:28:00,218,1,1535
28318,2016-04-14,10:33:00,261,2,7959
28319,2016-04-14,10:36:00,37,2,11816
28320,2016-04-14,10:38:00,351,1,4363
28321,2016-04-14,10:56:00,428,3,11381
28322,2016-04-14,11:10:00,244,3,207
28323,2016-04-14,11:12:00,290,3,6521
28324,2016-04-14,11:15:00,169,2,3079
28325,2016-04-14,11:18:00,381,4,7781
28326,2016-04-14,11:31:00,327,4,916
28327,2016-04-14,11:35:00,196,2,10410
28328,2016-04-14,11:36:00,89,2,6069
28329,2016-04-14,11:46:00,202,1,5839
28330,2016-04-14,11:47:00,219,1,8420
28331,2016-04-14,11:53:00,438,1,7553
28332,2016-04-14,11:57:00,24,1,2509
28333,2016-04-14,12:18:00,358,1,2834
28334,2016-04-14,12:20:00,417,1,6137
28335,2016-04-14,12:21:00,41,1,11408
28336,2016-04-14,12:27:00,50,1,2949
28337,2016-04-14,12:28:00,395,2,10409
28338,2016-04-14,12:30:00,160,1,115
28339,2016-04-14,12:32:00,99,3,9445
28340,2016-04-14,12:33:00,174,2,6267
28341,2016-04-14,12:35:00,415,2,7717
28342,2016-04-14,12:43:00,458,1,3871
28343,2016-04-14,12:44:00,126,1,1273
28344,2016-04-14,12:47:00,38,1,9168
28345,2016-04-14,12:48:00,58,1,8994
28346,2016-04-14,12:54:00,407,2,1847
28347,2016-04-14,12:56:00,91,2,1000
28348,2016-04-14,13:01:00,216,3,2974
28349,2016-04-14,13:01:00,50,1,10075
28350,2016-04-14,13:03:00,177,1,5125
28351,2016-04-14,13:07:00,81,2,8216
28352,2016-04-14,13:07:00,173,1,7865
28353,2016-04-14,13:10:00,319,3,1157
28354,2016-04-14,13:17:00,341,2,6473
28355,2016-04-14,13:21:00,319,1,7048
28356,2016-04-14,13:25:00,435,2,5354
28357,2016-04-14,13:29:00,267,2,8421
28358,2016-04-14,13:30:00,395,3,7562
28359,2016-04-14,13:41:00,361,3,2762
28360,2016-04-14,13:47:00,95,2,1532
28361,2016-04-14,13:50:00,314,2,2831
28362,2016-04-14,13:51:00,437,1,9359
28363,2016-04-14,13:57:00,185,3,9368
28364,2016-04-14,14:12:00,230,2,10819
28365,2016-04-14,14:19:00,242,1,3645
28366,2016-04-14,14:22:00,194,1,879
28367,2016-04-14,14:27:00,456,1,5403
28368,2016-04-14,14:31:00,174,3,4735
28369,2016-04-14,14:43:00,326,1,4539
28370,2016-04-14,14:45:00,259,2,3684
28371,2016-04-14,14:46:00,28,4,5196
28372,2016-04-14,14:48:00,126,1,9361
28373,2016-04-14,14:49:00,371,1,10557
28374,2016-04-14,14:56:00,188,1,11926
28375,2016-04-14,14:57:00,135,2,2804
28376,2016-04-14,15:00:00,183,2,6614
28377,2016-04-14,15:13:00,42,1,515
28378,2016-04-14,15:17:00,41,2,1772
28379,2016-04-14,15:17:00,117,3,8551
28380,2016-04-14,15:19:00,64,2,9115
28381,2016-04-14,15:25:00,35,2,10345
28382,2016-04-14,15:26:00,62,2,1695
28383,2016-04-14,15:42:00,449,1,9621
28384,2016-04-14,15:45:00,227,1,11853
28385,2016-04-14,15:50:00,106,1,7011
28386,2016-04-14,15:55:00,448,3,4736
28387,2016-04-14,16:00:00,445,2,2850
28388,2016-04-14,16:01:00,18,2,1665
28389,2016-04-14,16:05:00,8,1,8201
28390,2016-04-14,16:07:00,322,3,11434
28391,2016-04-14,16:14:00,292,2,6799
28392,2016-04-14,16:15:00,364,3,957
28393,2016-04-14,16:23:00,337,3,6130
28394,2016-04-14,16:26:00,102,2,8879
28395,2016-04-14,16:40:00,264,1,5295
28396,2016-04-14,16:40:00,218,1,2253
28397,2016-04-14,16:49:00,126,1,2472
28398,2016-04-14,16:52:00,324,2,2398
28399,2016-04-14,17:02:00,363,1,2187
28400,2016-04-14,17:03:00,58,1,7278
28401,2016-04-14,17:13:00,212,2,4832
28402,2016-04-14,17:14:00,98,3,10804
28403,2016-04-14,17:18:00,387,2,10123
28404,2016-04-14,17:31:00,140,1,4216
28405,2016-04-14,17:36:00,334,3,2285
28406,2016-04-14,17:38:00,322,2,7777
28407,2016-04-14,17:41:00,261,2,2129
28408,2016-04-14,17:42:00,407,1,3086
28409,2016-04-14,17:45:00,349,2,6077
28410,2016-04-14,17:45:00,108,1,7854
28411,2016-04-14,17:48:00,257,1,6428
28412,2016-04-14,18:01:00,390,1,885
28413,2016-04-14,18:04:00,78,1,4089
28414,2016-04-14,18:10:00,129,1,9147
28415,2016-04-14,18:11:00,207,1,11648
28416,2016-04-14,18:17:00,444,2,4887
28417,2016-04-14,18:19:00,61,1,4987
28418,2016-04-14,18:22:00,20,2,7697
28419,2016-04-14,18:24:00,207,4,11035
28420,2016-04-14,18:38:00,304,4,8685
28421,2016-04-14,18:38:00,322,4,4947
28422,2016-04-14,18:41:00,336,1,5431
28423,2016-04-14,18:48:00,170,1,6927
28424,2016-04-14,18:49:00,214,1,4279
28425,2016-04-14,19:02:00,336,3,2704
28426,2016-04-14,19:02:00,298,2,8746
28427,2016-04-14,19:09:00,260,2,11220
28428,2016-04-14,19:10:00,145,3,1119
28429,2016-04-14,19:25:00,174,1,8576
28430,2016-04-14,19:30:00,333,3,7532
28431,2016-04-14,19:35:00,46,1,6521
28432,2016-04-14,19:37:00,266,2,2517
28433,2016-04-14,19:39:00,345,1,5217
28434,2016-04-14,19:41:00,338,3,10304
28435,2016-04-14,20:01:00,434,1,2099
28436,2016-04-14,20:02:00,126,1,6876
28437,2016-04-14,20:03:00,72,3,11347
28438,2016-04-14,20:08:00,57,2,8587
28439,2016-04-14,20:08:00,324,2,3372
28440,2016-04-14,20:12:00,113,1,3434
28441,2016-04-14,20:13:00,286,1,3193
28442,2016-04-14,20:13:00,445,3,7204
28443,2016-04-14,20:13:00,154,1,9017
28444,2016-04-14,20:27:00,86,1,5082
28445,2016-04-14,20:48:00,86,2,6850
28446,2016-04-14,20:48:00,3,1,6942
28447,2016-04-14,20:49:00,411,1,773
28448,2016-04-14,20:58:00,346,1,1595
28449,2016-04-14,21:12:00,372,1,9151
28450,2016-04-14,21:13:00,452,3,10511
28451,2016-04-14,21:13:00,389,2,11399
28452,2016-04-14,21:32:00,435,3,882
28453,2016-04-14,21:38:00,67,2,9540
28454,2016-04-14,21:49:00,435,2,3736
28455,2016-04-14,21:50:00,395,2,9309
28456,2016-04-14,22:02:00,420,3,1504
28457,2016-04-14,22:05:00,375,1,5183
28458,2016-04-14,22:07:00,16,1,5436
28459,2016-04-14,22:17:00,339,3,2039
28460,2016-04-14,22:24:00,16,1,10708
28461,2016-04-14,22:31:00,397,6,577
28462,2016-04-14,22:37:00,275,2,8056
28463,2016-04-14,22:38:00,453,1,4645
28464,2016-04-14,22:47:00,193,2,6594
28465,2016-04-14,22:52:00,31,2,4775
28466,2016-04-14,22:53:00,227,3,11556
28467,2016-04-14,22:56:00,314,1,6011
28468,2016-04-14,23:02:00,9,1,1219
28469,2016-04-14,23:03:00,185,1,9738
28470,2016-04-14,23:13:00,168,3,5785
28471,2016-04-14,23:14:00,97,1,382
28472,2016-04-14,23:15:00,80,1,10343
28473,2016-04-14,23:22:00,214,2,11303
28474,2016-04-14,23:24:00,190,3,127
28475,2016-04-14,23:36:00,158,2,34
28476,2016-04-14,23:41:00,400,2,7810
28477,2016-04-14,23:42:00,89,2,7821
28478,2016-04-14,23:54:00,361,2,11689
28479,2016-04-14,23:59:00,183,1,11400
28480,2016-04-15,00:13:00,5,2,3864
28481,2016-04-15,00:24:00,18,2,1519
28482,2016-04-15,00:40:00,209,1,10085
28483,2016-04-15,00:47:00,133,1,4117
28484,2016-04-15,00:47:00,421,1,1602
28485,2016-04-15,00:48:00,85,2,1227
28486,2016-04-15,01:00:00,427,2,669
28487,2016-04-15,01:02:00,247,3,750
28488,2016-04-15,01:07:00,155,2,8396
28489,2016-04-15,01:08:00,338,2,11239
28490,2016-04-15,01:11:00,91,1,4826
28491,2016-04-15,01:14:00,439,1,3828
28492,2016-04-15,01:15:00,99,1,3870
28493,2016-04-15,01:18:00,318,2,9230
28494,2016-04-15,01:25:00,458,1,306
28495,2016-04-15,01:27:00,191,2,4928
28496,2016-04-15,01:27:00,229,1,10744
28497,2016-04-15,01:35:00,351,3,6534
28498,2016-04-15,01:37:00,103,2,10474
28499,2016-04-15,01:44:00,99,1,452
28500,2016-04-15,01:49:00,120,1,619
28501,2016-04-15,02:01:00,450,4,10949
28502,2016-04-15,02:07:00,295,2,1664
28503,2016-04-15,02:25:00,179,3,8932
28504,2016-04-15,02:27:00,69,1,1715
28505,2016-04-15,02:33:00,131,3,9265
28506,2016-04-15,02:37:00,113,3,11551
28507,2016-04-15,02:38:00,132,3,5182
28508,2016-04-15,02:47:00,416,2,7741
28509,2016-04-15,02:51:00,172,3,3272
28510,2016-04-15,02:51:00,195,2,11352
28511,2016-04-15,02:59:00,457,2,2531
28512,2016-04-15,03:00:00,244,1,1316
28513,2016-04-15,03:01:00,254,2,1102
28514,2016-04-15,03:03:00,158,4,3075
28515,2016-04-15,03:09:00,423,3,1637
28516,2016-04-15,03:16:00,278,3,154
28517,2016-04-15,03:26:00,10,1,673
28518,2016-04-15,03:26:00,422,2,3507
28519,2016-04-15,03:51:00,84,3,9713
28520,2016-04-15,03:54:00,324,4,87
28521,2016-04-15,03:58:00,68,3,495
28522,2016-04-15,03:58:00,61,3,3754
28523,2016-04-15,04:04:00,150,1,2303
28524,2016-04-15,04:22:00,76,2,5590
28525,2016-04-15,04:32:00,22,1,4536
28526,2016-04-15,04:35:00,52,1,5373
28527,2016-04-15,04:38:00,193,1,8132
28528,2016-04-15,04:44:00,214,2,810
28529,2016-04-15,04:50:00,233,3,755
28530,2016-04-15,04:51:00,194,4,3464
28531,2016-04-15,04:51:00,137,1,10624
28532,2016-04-15,04:57:00,179,2,10306
28533,2016-04-15,05:01:00,136,2,5571
28534,2016-04-15,05:02:00,455,3,8753
28535,2016-04-15,05:02:00,293,1,5582
28536,2016-04-15,05:03:00,224,1,4436
28537,2016-04-15,05:05:00,63,2,5172
28538,2016-04-15,05:08:00,384,1,6881
28539,2016-04-15,05:09:00,164,3,2207
28540,2016-04-15,05:11:00,1,1,895
28541,2016-04-15,05:25:00,364,3,445
28542,2016-04-15,05:27:00,290,1,10063
28543,2016-04-15,05:43:00,452,1,9170
28544,2016-04-15,05:44:00,443,4,4149
28545,2016-04-15,05:53:00,428,2,11158
28546,2016-04-15,05:58:00,379,1,6724
28547,2016-04-15,06:02:00,58,1,5710
28548,2016-04-15,06:05:00,431,1,587
28549,2016-04-15,06:15:00,167,2,11101
28550,2016-04-15,06:25:00,19,2,6042
28551,2016-04-15,06:27:00,65,3,8400
28552,2016-04-15,06:33:00,408,2,9726
28553,2016-04-15,06:34:00,183,1,5069
28554,2016-04-15,06:47:00,410,2,9432
28555,2016-04-15,06:51:00,444,3,11102
28556,2016-04-15,06:58:00,147,2,4986
28557,2016-04-15,07:09:00,114,3,903
28558,2016-04-15,07:17:00,207,4,1942
28559,2016-04-15,07:18:00,191,2,87
28560,2016-04-15,07:21:00,37,1,453
28561,2016-04-15,07:29:00,24,1,6652
28562,2016-04-15,07:33:00,174,3,6619
28563,2016-04-15,07:46:00,148,1,8782
28564,2016-04-15,07:48:00,52,2,10886
28565,2016-04-15,07:58:00,335,3,10790
28566,2016-04-15,07:59:00,57,2,3969
28567,2016-04-15,08:08:00,138,1,11053
28568,2016-04-15,08:08:00,430,1,5650
28569,2016-04-15,08:12:00,424,3,4892
28570,2016-04-15,08:12:00,429,2,10411
28571,2016-04-15,08:13:00,175,2,4093
28572,2016-04-15,08:18:00,234,2,200
28573,2016-04-15,08:21:00,435,4,7753
28574,2016-04-15,08:42:00,437,1,9747
28575,2016-04-15,08:49:00,3,2,7398
28576,2016-04-15,08:49:00,77,4,4720
28577,2016-04-15,08:51:00,203,3,10050
28578,2016-04-15,08:52:00,99,3,7405
28579,2016-04-15,08:56:00,167,3,11133
28580,2016-04-15,09:02:00,288,3,1396
28581,2016-04-15,09:06:00,299,1,10103
28582,2016-04-15,09:07:00,204,2,9995
28583,2016-04-15,09:12:00,451,1,1133
28584,2016-04-15,09:14:00,302,1,2529
28585,2016-04-15,09:14:00,301,4,8125
28586,2016-04-15,09:23:00,202,2,9894
28587,2016-04-15,09:23:00,286,1,2341
28588,2016-04-15,09:27:00,368,2,3893
28589,2016-04-15,09:47:00,384,3,4745
28590,2016-04-15,09:51:00,59,2,4216
28591,2016-04-15,09:55:00,65,2,7993
28592,2016-04-15,09:58:00,250,1,2380
28593,2016-04-15,10:16:00,116,1,4169
28594,2016-04-15,10:20:00,39,3,4511
28595,2016-04-15,10:20:00,455,1,77
28596,2016-04-15,10:30:00,213,1,1643
28597,2016-04-15,10:32:00,299,2,11014
28598,2016-04-15,10:42:00,64,3,11511
28599,2016-04-15,10:43:00,99,4,8167
28600,2016-04-15,11:07:00,123,2,9211
28601,2016-04-15,11:10:00,52,1,10255
28602,2016-04-15,11:31:00,356,4,10258
28603,2016-04-15,11:32:00,136,1,9275
28604,2016-04-15,11:32:00,157,3,6372
28605,2016-04-15,11:41:00,400,3,1767
28606,2016-04-15,11:42:00,436,3,8723
28607,2016-04-15,12:02:00,345,2,10705
28608,2016-04-15,12:11:00,111,3,10162
28609,2016-04-15,12:12:00,429,2,10130
28610,2016-04-15,12:14:00,354,3,11375
28611,2016-04-15,12:25:00,247,2,10212
28612,2016-04-15,12:30:00,303,1,2734
28613,2016-04-15,12:31:00,179,1,2971
28614,2016-04-15,12:33:00,46,2,1591
28615,2016-04-15,12:33:00,158,1,3684
28616,2016-04-15,12:34:00,435,2,241
28617,2016-04-15,12:40:00,101,2,7928
28618,2016-04-15,12:48:00,375,1,8248
28619,2016-04-15,12:53:00,372,1,5712
28620,2016-04-15,12:54:00,320,2,10500
28621,2016-04-15,12:55:00,392,2,7046
28622,2016-04-15,12:55:00,188,3,6644
28623,2016-04-15,12:56:00,242,1,3330
28624,2016-04-15,12:59:00,380,3,592
28625,2016-04-15,12:59:00,369,3,8107
28626,2016-04-15,13:09:00,228,1,2882
28627,2016-04-15,13:11:00,143,1,3324
28628,2016-04-15,13:11:00,131,2,11696
28629,2016-04-15,13:30:00,80,1,11304
28630,2016-04-15,13:34:00,302,3,10936
28631,2016-04-15,13:39:00,20,2,11622
28632,2016-04-15,13:39:00,196,2,4371
28633,2016-04-15,13:39:00,437,1,1756
28634,2016-04-15,13:39:00,271,1,145
28635,2016-04-15,13:49:00,448,3,1471
28636,2016-04-15,13:50:00,445,1,10286
28637,2016-04-15,13:50:00,3,4,2216
28638,2016-04-15,13:51:00,394,1,8485
28639,2016-04-15,13:55:00,419,1,7955
28640,2016-04-15,13:58:00,289,2,694
28641,2016-04-15,13:59:00,362,1,920
28642,2016-04-15,14:02:00,276,3,1542
28643,2016-04-15,14:07:00,233,1,6181
28644,2016-04-15,14:16:00,46,1,2754
28645,2016-04-15,14:22:00,438,2,7228
28646,2016-04-15,14:24:00,111,1,10911
28647,2016-04-15,14:25:00,158,1,7362
28648,2016-04-15,14:29:00,44,3,4546
28649,2016-04-15,14:30:00,261,2,3185
28650,2016-04-15,14:36:00,182,1,6525
28651,2016-04-15,14:47:00,161,2,2068
28652,2016-04-15,14:49:00,445,2,1570
28653,2016-04-15,14:57:00,26,1,5596
28654,2016-04-15,14:59:00,238,2,392
28655,2016-04-15,14:59:00,36,3,10450
28656,2016-04-15,15:00:00,119,3,7609
28657,2016-04-15,15:22:00,211,1,2828
28658,2016-04-15,15:42:00,342,4,10707
28659,2016-04-15,15:43:00,349,2,4889
28660,2016-04-15,15:54:00,9,5,2431
28661,2016-04-15,15:56:00,247,1,9685
28662,2016-04-15,16:05:00,301,2,4957
28663,2016-04-15,16:10:00,214,4,2628
28664,2016-04-15,16:13:00,373,1,11834
28665,2016-04-15,16:14:00,178,1,3066
28666,2016-04-15,16:15:00,389,1,7880
28667,2016-04-15,16:20:00,383,3,7233
28668,2016-04-15,16:25:00,77,3,2789
28669,2016-04-15,16:32:00,393,2,10090
28670,2016-04-15,16:33:00,442,3,2112
28671,2016-04-15,16:42:00,429,2,6780
28672,2016-04-15,16:45:00,342,5,4918
28673,2016-04-15,16:53:00,118,1,10849
28674,2016-04-15,17:03:00,370,1,9533
28675,2016-04-15,17:11:00,104,2,4084
28676,2016-04-15,17:11:00,87,4,101
28677,2016-04-15,17:17:00,390,2,9374
28678,2016-04-15,17:20:00,16,2,98
28679,2016-04-15,17:27:00,94,3,10575
28680,2016-04-15,17:29:00,242,4,7072
28681,2016-04-15,17:33:00,299,2,4377
28682,2016-04-15,17:41:00,57,5,9429
28683,2016-04-15,17:43:00,367,1,11669
28684,2016-04-15,17:49:00,53,1,9378
28685,2016-04-15,17:53:00,247,3,5608
28686,2016-04-15,17:59:00,172,2,10550
28687,2016-04-15,18:00:00,111,2,11702
28688,2016-04-15,18:00:00,192,2,1598
28689,2016-04-15,18:04:00,159,2,214
28690,2016-04-15,18:06:00,111,6,4510
28691,2016-04-15,18:08:00,34,2,1547
28692,2016-04-15,18:08:00,140,3,9099
28693,2016-04-15,18:20:00,291,3,9187
28694,2016-04-15,18:21:00,137,2,8115
28695,2016-04-15,18:24:00,214,2,346
28696,2016-04-15,18:35:00,297,3,11379
28697,2016-04-15,18:37:00,117,2,9007
28698,2016-04-15,18:39:00,209,2,10679
28699,2016-04-15,18:42:00,403,2,5379
28700,2016-04-15,18:52:00,76,2,10090
28701,2016-04-15,18:54:00,96,4,5570
28702,2016-04-15,18:55:00,41,4,8225
28703,2016-04-15,19:04:00,21,4,3499
28704,2016-04-15,19:07:00,427,3,7966
28705,2016-04-15,19:17:00,57,4,10016
28706,2016-04-15,19:21:00,47,2,3976
28707,2016-04-15,19:23:00,392,4,272
28708,2016-04-15,19:29:00,180,2,11558
28709,2016-04-15,19:34:00,446,2,7873
28710,2016-04-15,19:42:00,259,1,10817
28711,2016-04-15,19:57:00,211,1,7642
28712,2016-04-15,20:06:00,113,3,8342
28713,2016-04-15,20:10:00,353,1,78
28714,2016-04-15,20:13:00,329,2,5021
28715,2016-04-15,20:22:00,213,1,5141
28716,2016-04-15,20:23:00,48,2,2770
28717,2016-04-15,20:39:00,275,1,10141
28718,2016-04-15,20:40:00,202,3,6793
28719,2016-04-15,20:41:00,405,1,4397
28720,2016-04-15,20:41:00,438,4,5186
28721,2016-04-15,20:51:00,144,1,3587
28722,2016-04-15,20:52:00,126,1,7950
28723,2016-04-15,20:54:00,18,1,7631
28724,2016-04-15,21:03:00,21,1,9207
28725,2016-04-15,21:05:00,43,2,8970
28726,2016-04-15,21:06:00,175,1,1496
28727,2016-04-15,21:11:00,13,2,4916
28728,2016-04-15,21:13:00,100,1,11379
28729,2016-04-15,21:17:00,196,3,3520
28730,2016-04-15,21:19:00,291,2,6641
28731,2016-04-15,21:20:00,285,1,3763
28732,2016-04-15,21:21:00,422,3,6773
28733,2016-04-15,21:24:00,217,3,1129
28734,2016-04-15,21:25:00,202,2,7171
28735,2016-04-15,21:41:00,379,2,7107
28736,2016-04-15,21:47:00,383,1,5064
28737,2016-04-15,21:53:00,24,1,7725
28738,2016-04-15,21:54:00,37,3,852
28739,2016-04-15,21:57:00,335,2,6006
28740,2016-04-15,22:02:00,92,1,9952
28741,2016-04-15,22:04:00,363,4,10929
28742,2016-04-15,22:05:00,57,3,2717
28743,2016-04-15,22:08:00,386,2,9281
28744,2016-04-15,22:10:00,53,4,7275
28745,2016-04-15,22:14:00,425,2,8496
28746,2016-04-15,22:23:00,37,1,896
28747,2016-04-15,22:26:00,396,1,5176
28748,2016-04-15,22:28:00,151,1,10846
28749,2016-04-15,22:30:00,453,3,1799
28750,2016-04-15,22:34:00,112,2,400
28751,2016-04-15,22:39:00,403,1,4955
28752,2016-04-15,22:46:00,353,1,2269
28753,2016-04-15,22:46:00,161,2,5851
28754,2016-04-15,22:50:00,234,3,1104
28755,2016-04-15,22:51:00,227,1,3761
28756,2016-04-15,22:53:00,208,3,11369
28757,2016-04-15,22:55:00,76,3,1072
28758,2016-04-15,22:56:00,44,1,8958
28759,2016-04-15,22:58:00,331,1,7220
28760,2016-04-15,22:59:00,27,2,11117
28761,2016-04-15,23:00:00,351,1,5574
28762,2016-04-15,23:02:00,276,1,7395
28763,2016-04-15,23:23:00,392,3,9806
28764,2016-04-15,23:27:00,108,1,4781
28765,2016-04-15,23:28:00,293,2,2970
28766,2016-04-15,23:34:00,51,2,8844
28767,2016-04-15,23:34:00,266,3,1584
28768,2016-04-15,23:40:00,131,4,9914
28769,2016-04-15,23:41:00,323,3,6291
28770,2016-04-15,23:46:00,342,3,5009
28771,2016-04-15,23:51:00,363,1,7375
28772,2016-04-15,23:54:00,71,1,8448
28773,2016-04-15,23:58:00,261,3,8299
28774,2016-04-16,00:04:00,247,1,4553
28775,2016-04-16,00:05:00,267,2,1128
28776,2016-04-16,00:15:00,327,1,11329
28777,2016-04-16,00:21:00,322,2,3996
28778,2016-04-16,00:29:00,268,2,11660
28779,2016-04-16,00:43:00,182,1,11498
28780,2016-04-16,00:46:00,150,1,7165
28781,2016-04-16,00:47:00,214,1,6130
28782,2016-04-16,00:47:00,314,2,2359
28783,2016-04-16,00:47:00,330,3,8239
28784,2016-04-16,00:55:00,375,1,1098
28785,2016-04-16,00:57:00,244,2,1877
28786,2016-04-16,01:14:00,390,2,8674
28787,2016-04-16,01:24:00,277,2,9391
28788,2016-04-16,01:32:00,426,2,1090
28789,2016-04-16,01:36:00,270,2,7205
28790,2016-04-16,01:52:00,412,2,8031
28791,2016-04-16,01:55:00,120,5,6629
28792,2016-04-16,02:05:00,403,1,8891
28793,2016-04-16,02:15:00,309,1,4992
28794,2016-04-16,02:20:00,232,3,11172
28795,2016-04-16,02:23:00,124,2,409
28796,2016-04-16,02:30:00,109,2,9617
28797,2016-04-16,02:36:00,455,1,7670
28798,2016-04-16,02:37:00,275,1,11426
28799,2016-04-16,02:38:00,12,1,2786
28800,2016-04-16,02:54:00,105,2,9763
28801,2016-04-16,02:58:00,157,1,8119
28802,2016-04-16,03:00:00,51,1,3965
28803,2016-04-16,03:08:00,331,3,8484
28804,2016-04-16,03:09:00,150,3,5389
28805,2016-04-16,03:18:00,105,2,4233
28806,2016-04-16,03:24:00,145,5,10273
28807,2016-04-16,03:26:00,407,1,4756
28808,2016-04-16,03:34:00,446,2,5373
28809,2016-04-16,03:37:00,105,1,9792
28810,2016-04-16,03:43:00,360,1,11145
28811,2016-04-16,03:43:00,353,3,5269
28812,2016-04-16,03:43:00,225,1,68
28813,2016-04-16,03:53:00,346,3,7442
28814,2016-04-16,03:59:00,18,1,10788
28815,2016-04-16,04:09:00,217,2,2550
28816,2016-04-16,04:10:00,414,1,10838
28817,2016-04-16,04:14:00,381,1,8617
28818,2016-04-16,04:21:00,9,2,3195
28819,2016-04-16,04:26:00,64,1,8832
28820,2016-04-16,05:02:00,216,2,10737
28821,2016-04-16,05:10:00,232,2,3883
28822,2016-04-16,05:10:00,32,3,10786
28823,2016-04-16,05:22:00,418,2,3694
28824,2016-04-16,05:26:00,242,1,9472
28825,2016-04-16,05:29:00,124,2,352
28826,2016-04-16,05:30:00,10,2,4723
28827,2016-04-16,05:33:00,58,3,9927
28828,2016-04-16,05:43:00,296,2,6490
28829,2016-04-16,05:46:00,206,2,4474
28830,2016-04-16,05:59:00,88,2,11181
28831,2016-04-16,06:07:00,299,3,10664
28832,2016-04-16,06:09:00,114,1,8240
28833,2016-04-16,06:13:00,195,2,590
28834,2016-04-16,06:13:00,359,5,2428
28835,2016-04-16,06:13:00,382,2,8262
28836,2016-04-16,06:16:00,340,2,4530
28837,2016-04-16,06:29:00,89,3,9234
28838,2016-04-16,06:29:00,167,1,5261
28839,2016-04-16,06:37:00,301,2,1913
28840,2016-04-16,06:39:00,406,4,1479
28841,2016-04-16,06:49:00,302,3,10706
28842,2016-04-16,06:56:00,197,2,4885
28843,2016-04-16,07:08:00,410,4,7014
28844,2016-04-16,07:18:00,30,3,1750
28845,2016-04-16,07:22:00,342,1,232
28846,2016-04-16,07:33:00,266,3,2937
28847,2016-04-16,07:42:00,384,4,7293
28848,2016-04-16,07:50:00,382,1,5360
28849,2016-04-16,08:00:00,130,1,1904
28850,2016-04-16,08:04:00,11,2,10968
28851,2016-04-16,08:08:00,82,3,5656
28852,2016-04-16,08:08:00,251,1,9312
28853,2016-04-16,08:11:00,419,2,90
28854,2016-04-16,08:12:00,453,1,4437
28855,2016-04-16,08:12:00,398,1,82
28856,2016-04-16,08:17:00,306,1,5441
28857,2016-04-16,08:21:00,196,5,11733
28858,2016-04-16,08:22:00,373,5,6324
28859,2016-04-16,08:22:00,176,4,8775
28860,2016-04-16,08:24:00,299,2,4623
28861,2016-04-16,08:25:00,95,1,448
28862,2016-04-16,08:41:00,25,2,11307
28863,2016-04-16,08:46:00,79,1,564
28864,2016-04-16,08:48:00,70,2,2413
28865,2016-04-16,08:50:00,283,1,8128
28866,2016-04-16,09:09:00,83,5,10804
28867,2016-04-16,09:15:00,229,1,4998
28868,2016-04-16,09:15:00,443,2,10753
28869,2016-04-16,09:16:00,209,1,7760
28870,2016-04-16,09:20:00,444,2,4680
28871,2016-04-16,09:44:00,290,1,2403
28872,2016-04-16,09:47:00,323,3,30
28873,2016-04-16,09:48:00,284,1,4780
28874,2016-04-16,09:52:00,402,2,5717
28875,2016-04-16,09:53:00,400,3,4939
28876,2016-04-16,09:59:00,28,3,3488
28877,2016-04-16,10:05:00,366,4,6271
28878,2016-04-16,10:07:00,345,2,1873
28879,2016-04-16,10:07:00,48,1,2552
28880,2016-04-16,10:09:00,276,3,3758
28881,2016-04-16,10:13:00,315,2,3430
28882,2016-04-16,10:18:00,350,1,5593
28883,2016-04-16,10:24:00,217,1,4640
28884,2016-04-16,10:32:00,94,2,3771
28885,2016-04-16,10:32:00,403,1,1546
28886,2016-04-16,10:32:00,367,1,7259
28887,2016-04-16,10:33:00,442,2,8496
28888,2016-04-16,10:38:00,168,1,5557
28889,2016-04-16,10:40:00,145,3,10903
28890,2016-04-16,10:42:00,450,1,8290
28891,2016-04-16,10:44:00,107,1,5541
28892,2016-04-16,10:49:00,419,2,11093
28893,2016-04-16,10:58:00,37,4,4229
28894,2016-04-16,11:01:00,293,2,11331
28895,2016-04-16,11:05:00,175,2,974
28896,2016-04-16,11:05:00,413,1,426
28897,2016-04-16,11:08:00,450,1,5000
28898,2016-04-16,11:08:00,447,3,11016
28899,2016-04-16,11:20:00,16,1,4755
28900,2016-04-16,11:24:00,425,4,6230
28901,2016-04-16,11:25:00,289,1,7718
28902,2016-04-16,11:28:00,263,2,2056
28903,2016-04-16,11:34:00,362,2,3851
28904,2016-04-16,11:35:00,351,2,11913
28905,2016-04-16,11:36:00,362,2,10216
28906,2016-04-16,11:48:00,137,1,8182
28907,2016-04-16,11:49:00,45,2,11125
28908,2016-04-16,11:54:00,58,5,6246
28909,2016-04-16,11:55:00,156,2,4666
28910,2016-04-16,12:07:00,417,1,3781
28911,2016-04-16,12:07:00,435,1,8671
28912,2016-04-16,12:13:00,132,2,3649
28913,2016-04-16,12:20:00,313,1,9530
28914,2016-04-16,12:27:00,39,1,11014
28915,2016-04-16,12:28:00,243,1,1720
28916,2016-04-16,12:32:00,131,4,5315
28917,2016-04-16,12:45:00,52,2,10646
28918,2016-04-16,12:47:00,31,2,6114
28919,2016-04-16,12:49:00,416,2,11390
28920,2016-04-16,12:49:00,91,1,7613
28921,2016-04-16,12:51:00,386,3,10493
28922,2016-04-16,12:57:00,278,4,6408
28923,2016-04-16,13:00:00,444,1,5429
28924,2016-04-16,13:22:00,216,2,8404
28925,2016-04-16,13:28:00,440,2,7075
28926,2016-04-16,13:30:00,408,1,11682
28927,2016-04-16,13:32:00,437,2,313
28928,2016-04-16,13:32:00,2,1,2568
28929,2016-04-16,13:39:00,59,1,10664
28930,2016-04-16,13:41:00,293,1,10716
28931,2016-04-16,13:43:00,54,2,194
28932,2016-04-16,13:43:00,50,1,10459
28933,2016-04-16,13:57:00,138,2,4415
28934,2016-04-16,13:59:00,8,2,4708
28935,2016-04-16,14:09:00,19,1,11646
28936,2016-04-16,14:22:00,393,2,11090
28937,2016-04-16,14:26:00,160,2,8297
28938,2016-04-16,14:30:00,454,1,6137
28939,2016-04-16,15:05:00,288,2,9548
28940,2016-04-16,15:15:00,143,5,9872
28941,2016-04-16,15:16:00,258,3,9429
28942,2016-04-16,15:18:00,296,2,5478
28943,2016-04-16,15:21:00,179,4,6583
28944,2016-04-16,15:22:00,345,2,11537
28945,2016-04-16,15:38:00,114,3,364
28946,2016-04-16,15:43:00,167,1,1018
28947,2016-04-16,15:43:00,446,2,4519
28948,2016-04-16,15:48:00,4,1,385
28949,2016-04-16,15:51:00,14,2,1009
28950,2016-04-16,15:56:00,382,4,49
28951,2016-04-16,16:00:00,318,2,247
28952,2016-04-16,16:09:00,438,2,3970
28953,2016-04-16,16:09:00,161,3,4087
28954,2016-04-16,16:17:00,20,3,1376
28955,2016-04-16,16:25:00,110,3,9829
28956,2016-04-16,16:25:00,354,2,5477
28957,2016-04-16,16:28:00,154,2,11430
28958,2016-04-16,16:31:00,254,3,25
28959,2016-04-16,16:48:00,25,3,8685
28960,2016-04-16,17:09:00,233,1,1964
28961,2016-04-16,17:10:00,259,1,170
28962,2016-04-16,17:10:00,27,3,3891
28963,2016-04-16,17:16:00,380,3,6235
28964,2016-04-16,17:18:00,77,1,11152
28965,2016-04-16,17:20:00,373,1,9740
28966,2016-04-16,17:25:00,134,3,5621
28967,2016-04-16,17:31:00,287,4,2371
28968,2016-04-16,17:44:00,134,2,4629
28969,2016-04-16,17:45:00,202,1,3695
28970,2016-04-16,17:49:00,226,1,10548
28971,2016-04-16,17:50:00,291,3,7656
28972,2016-04-16,17:52:00,219,2,2455
28973,2016-04-16,17:56:00,427,1,5258
28974,2016-04-16,17:56:00,260,3,8120
28975,2016-04-16,18:17:00,269,1,5856
28976,2016-04-16,18:23:00,279,3,10342
28977,2016-04-16,18:26:00,28,3,8307
28978,2016-04-16,18:27:00,287,1,8041
28979,2016-04-16,18:47:00,280,1,8033
28980,2016-04-16,18:47:00,377,1,5115
28981,2016-04-16,18:57:00,115,2,748
28982,2016-04-16,19:00:00,134,1,7378
28983,2016-04-16,19:06:00,59,2,1483
28984,2016-04-16,19:09:00,219,1,2569
28985,2016-04-16,19:23:00,453,3,3492
28986,2016-04-16,19:31:00,375,1,9891
28987,2016-04-16,19:36:00,427,2,5877
28988,2016-04-16,19:39:00,303,1,10100
28989,2016-04-16,20:10:00,297,2,1621
28990,2016-04-16,20:12:00,200,2,5514
28991,2016-04-16,20:19:00,355,1,11035
28992,2016-04-16,20:20:00,30,1,1956
28993,2016-04-16,20:26:00,235,4,5710
28994,2016-04-16,20:28:00,357,1,7797
28995,2016-04-16,20:29:00,81,4,1280
28996,2016-04-16,20:30:00,93,1,1339
28997,2016-04-16,20:34:00,390,2,8842
28998,2016-04-16,20:40:00,18,2,706
28999,2016-04-16,20:45:00,263,2,1279
29000,2016-04-16,20:46:00,23,5,1891
29001,2016-04-16,20:46:00,441,1,2199
29002,2016-04-16,20:49:00,431,2,8631
29003,2016-04-16,20:55:00,301,1,6158
29004,2016-04-16,20:57:00,446,2,6051
29005,2016-04-16,21:04:00,393,2,10510
29006,2016-04-16,21:07:00,19,2,661
29007,2016-04-16,21:17:00,228,2,11968
29008,2016-04-16,21:19:00,133,3,5091
29009,2016-04-16,21:24:00,52,1,8972
29010,2016-04-16,21:28:00,316,2,599
29011,2016-04-16,21:28:00,52,1,546
29012,2016-04-16,21:35:00,267,3,578
29013,2016-04-16,21:38:00,93,4,5586
29014,2016-04-16,21:43:00,343,1,3649
29015,2016-04-16,21:46:00,377,2,748
29016,2016-04-16,22:00:00,159,2,2351
29017,2016-04-16,22:06:00,14,2,11580
29018,2016-04-16,22:15:00,108,1,7112
29019,2016-04-16,22:19:00,55,1,3413
29020,2016-04-16,22:32:00,236,2,4204
29021,2016-04-16,22:37:00,301,2,5407
29022,2016-04-16,22:40:00,5,1,1206
29023,2016-04-16,22:53:00,275,1,8926
29024,2016-04-16,22:57:00,177,3,7350
29025,2016-04-16,23:01:00,302,1,11138
29026,2016-04-16,23:12:00,30,2,8445
29027,2016-04-16,23:16:00,393,2,9479
29028,2016-04-16,23:21:00,18,1,11813
29029,2016-04-16,23:30:00,416,1,10878
29030,2016-04-16,23:34:00,26,2,10724
29031,2016-04-16,23:38:00,19,4,10037
29032,2016-04-16,23:39:00,369,2,11929
29033,2016-04-16,23:43:00,282,2,11752
29034,2016-04-16,23:51:00,454,4,1896
29035,2016-04-16,23:54:00,23,2,9851
29036,2016-04-17,00:03:00,344,2,6253
29037,2016-04-17,00:04:00,298,1,10102
29038,2016-04-17,00:19:00,168,5,7871
29039,2016-04-17,00:22:00,17,2,4598
29040,2016-04-17,00:28:00,108,1,1458
29041,2016-04-17,00:31:00,52,1,4695
29042,2016-04-17,00:35:00,33,2,8148
29043,2016-04-17,00:41:00,253,2,7979
29044,2016-04-17,00:41:00,62,1,3102
29045,2016-04-17,00:51:00,115,1,6688
29046,2016-04-17,00:54:00,329,2,8999
29047,2016-04-17,00:59:00,270,1,3579
29048,2016-04-17,00:59:00,215,2,11812
29049,2016-04-17,01:02:00,232,3,3126
29050,2016-04-17,01:07:00,111,4,10734
29051,2016-04-17,01:09:00,342,2,1297
29052,2016-04-17,01:11:00,113,1,4653
29053,2016-04-17,01:21:00,403,3,328
29054,2016-04-17,01:26:00,218,1,10413
29055,2016-04-17,01:40:00,20,1,1930
29056,2016-04-17,01:54:00,240,1,300
29057,2016-04-17,01:57:00,43,1,6215
29058,2016-04-17,02:01:00,246,2,4464
29059,2016-04-17,02:06:00,101,2,11993
29060,2016-04-17,02:07:00,192,2,5015
29061,2016-04-17,02:12:00,413,2,9850
29062,2016-04-17,02:12:00,345,4,6029
29063,2016-04-17,02:13:00,19,2,4115
29064,2016-04-17,02:31:00,389,2,144
29065,2016-04-17,02:32:00,50,2,2528
29066,2016-04-17,02:35:00,140,3,7457
29067,2016-04-17,02:36:00,451,3,8007
29068,2016-04-17,02:40:00,129,3,8245
29069,2016-04-17,02:45:00,303,2,5750
29070,2016-04-17,02:46:00,183,3,3324
29071,2016-04-17,02:57:00,405,1,9569
29072,2016-04-17,03:09:00,175,1,3637
29073,2016-04-17,03:10:00,363,2,7315
29074,2016-04-17,03:12:00,36,1,10098
29075,2016-04-17,03:12:00,391,2,3386
29076,2016-04-17,03:15:00,203,3,959
29077,2016-04-17,03:20:00,388,2,9837
29078,2016-04-17,03:22:00,258,2,7671
29079,2016-04-17,03:28:00,357,2,9416
29080,2016-04-17,03:29:00,129,3,634
29081,2016-04-17,03:30:00,290,2,7168
29082,2016-04-17,03:34:00,380,1,11313
29083,2016-04-17,03:36:00,423,1,6732
29084,2016-04-17,03:38:00,182,4,2749
29085,2016-04-17,03:43:00,204,1,3098
29086,2016-04-17,03:44:00,61,2,5343
29087,2016-04-17,03:51:00,410,1,9135
29088,2016-04-17,03:52:00,171,1,2256
29089,2016-04-17,04:06:00,19,3,8333
29090,2016-04-17,04:08:00,6,3,9405
29091,2016-04-17,04:29:00,379,3,1645
29092,2016-04-17,04:34:00,152,3,6702
29093,2016-04-17,04:40:00,383,1,7046
29094,2016-04-17,05:00:00,373,1,8256
29095,2016-04-17,05:09:00,3,1,1279
29096,2016-04-17,05:10:00,345,2,4279
29097,2016-04-17,05:12:00,72,2,7175
29098,2016-04-17,05:13:00,125,5,6449
29099,2016-04-17,05:13:00,452,1,2169
29100,2016-04-17,05:15:00,378,2,10374
29101,2016-04-17,05:16:00,399,2,6445
29102,2016-04-17,05:18:00,306,2,353
29103,2016-04-17,05:24:00,229,1,9324
29104,2016-04-17,05:29:00,374,4,10949
29105,2016-04-17,05:29:00,129,1,7349
29106,2016-04-17,05:33:00,106,1,5847
29107,2016-04-17,05:35:00,3,3,330
29108,2016-04-17,05:49:00,386,2,6604
29109,2016-04-17,05:53:00,246,2,5867
29110,2016-04-17,05:54:00,17,1,8990
29111,2016-04-17,05:57:00,179,1,9610
29112,2016-04-17,06:02:00,268,3,9148
29113,2016-04-17,06:02:00,380,2,8991
29114,2016-04-17,06:31:00,4,4,7904
29115,2016-04-17,06:35:00,267,3,7542
29116,2016-04-17,06:41:00,157,1,482
29117,2016-04-17,06:43:00,402,3,1290
29118,2016-04-17,06:48:00,344,2,3035
29119,2016-04-17,06:51:00,445,1,5895
29120,2016-04-17,06:54:00,145,1,8152
29121,2016-04-17,06:55:00,97,1,8751
29122,2016-04-17,07:07:00,179,1,3184
29123,2016-04-17,07:12:00,74,2,10094
29124,2016-04-17,07:13:00,136,3,7934
29125,2016-04-17,07:24:00,44,2,1836
29126,2016-04-17,07:26:00,50,2,6607
29127,2016-04-17,07:28:00,61,1,3485
29128,2016-04-17,07:34:00,125,2,5974
29129,2016-04-17,07:46:00,442,1,3736
29130,2016-04-17,07:49:00,45,1,1623
29131,2016-04-17,07:51:00,63,1,9242
29132,2016-04-17,08:12:00,446,2,5428
29133,2016-04-17,08:14:00,335,2,569
29134,2016-04-17,08:14:00,189,2,11030
29135,2016-04-17,08:24:00,104,2,11440
29136,2016-04-17,08:28:00,438,2,6830
29137,2016-04-17,08:40:00,186,1,5096
29138,2016-04-17,08:41:00,26,3,8900
29139,2016-04-17,08:45:00,395,2,6515
29140,2016-04-17,08:51:00,115,2,2215
29141,2016-04-17,08:51:00,191,3,8050
29142,2016-04-17,08:59:00,448,2,9605
29143,2016-04-17,08:59:00,198,1,230
29144,2016-04-17,09:02:00,360,1,9699
29145,2016-04-17,09:07:00,205,2,8717
29146,2016-04-17,09:11:00,316,4,3931
29147,2016-04-17,09:17:00,144,4,9599
29148,2016-04-17,09:18:00,125,4,11629
29149,2016-04-17,09:19:00,441,5,8854
29150,2016-04-17,09:20:00,425,3,602
29151,2016-04-17,09:26:00,179,3,3465
29152,2016-04-17,09:42:00,265,1,5110
29153,2016-04-17,09:54:00,144,3,10540
29154,2016-04-17,09:56:00,301,3,10887
29155,2016-04-17,10:06:00,313,1,1156
29156,2016-04-17,10:08:00,437,3,6084
29157,2016-04-17,10:18:00,401,3,7705
29158,2016-04-17,10:27:00,405,1,5731
29159,2016-04-17,10:27:00,113,1,5792
29160,2016-04-17,10:27:00,333,1,6868
29161,2016-04-17,10:30:00,301,2,6009
29162,2016-04-17,10:45:00,251,4,2974
29163,2016-04-17,10:51:00,193,1,5813
29164,2016-04-17,10:55:00,293,2,4103
29165,2016-04-17,11:04:00,94,1,5600
29166,2016-04-17,11:05:00,114,1,8627
29167,2016-04-17,11:08:00,254,2,5876
29168,2016-04-17,11:23:00,355,2,3792
29169,2016-04-17,11:23:00,13,5,2741
29170,2016-04-17,11:23:00,72,1,4115
29171,2016-04-17,11:24:00,403,2,4776
29172,2016-04-17,11:24:00,343,1,5839
29173,2016-04-17,11:25:00,34,2,794
29174,2016-04-17,11:28:00,18,3,7209
29175,2016-04-17,11:35:00,401,2,11523
29176,2016-04-17,11:43:00,329,3,6842
29177,2016-04-17,11:46:00,423,2,3157
29178,2016-04-17,11:51:00,148,2,9298
29179,2016-04-17,11:52:00,409,2,4890
29180,2016-04-17,11:53:00,228,2,5352
29181,2016-04-17,11:54:00,65,3,3247
29182,2016-04-17,12:07:00,180,3,1615
29183,2016-04-17,12:08:00,369,2,1170
29184,2016-04-17,12:08:00,17,3,7180
29185,2016-04-17,12:12:00,320,2,6466
29186,2016-04-17,12:17:00,391,2,1830
29187,2016-04-17,12:19:00,77,1,1254
29188,2016-04-17,12:24:00,189,2,7587
29189,2016-04-17,12:25:00,454,1,7518
29190,2016-04-17,12:36:00,40,5,1583
29191,2016-04-17,12:39:00,384,1,11232
29192,2016-04-17,12:42:00,321,2,6900
29193,2016-04-17,12:54:00,142,2,2478
29194,2016-04-17,13:06:00,281,2,6319
29195,2016-04-17,13:12:00,408,1,4318
29196,2016-04-17,13:14:00,35,2,10562
29197,2016-04-17,13:35:00,407,2,5878
29198,2016-04-17,13:43:00,176,1,9415
29199,2016-04-17,13:45:00,398,4,948
29200,2016-04-17,13:47:00,294,4,11449
29201,2016-04-17,13:51:00,311,2,1166
29202,2016-04-17,13:51:00,312,1,11360
29203,2016-04-17,14:01:00,68,1,5077
29204,2016-04-17,14:01:00,51,1,5636
29205,2016-04-17,14:08:00,438,1,11203
29206,2016-04-17,14:12:00,294,1,3324
29207,2016-04-17,14:26:00,379,1,2431
29208,2016-04-17,14:29:00,319,2,4806
29209,2016-04-17,14:31:00,60,2,9555
29210,2016-04-17,14:35:00,445,1,5493
29211,2016-04-17,14:35:00,48,2,484
29212,2016-04-17,14:48:00,249,2,8208
29213,2016-04-17,14:55:00,236,1,6863
29214,2016-04-17,14:57:00,161,1,5280
29215,2016-04-17,14:59:00,170,2,11962
29216,2016-04-17,15:03:00,268,1,4626
29217,2016-04-17,15:04:00,288,1,7040
29218,2016-04-17,15:06:00,442,2,5195
29219,2016-04-17,15:14:00,237,4,9805
29220,2016-04-17,15:25:00,255,1,8560
29221,2016-04-17,15:38:00,455,3,1909
29222,2016-04-17,15:42:00,259,2,3811
29223,2016-04-17,16:03:00,419,1,4253
29224,2016-04-17,16:05:00,213,1,3414
29225,2016-04-17,16:09:00,99,2,8716
29226,2016-04-17,16:14:00,343,4,4904
29227,2016-04-17,16:19:00,430,2,7707
29228,2016-04-17,16:20:00,11,2,4025
29229,2016-04-17,16:20:00,173,3,1891
29230,2016-04-17,16:28:00,75,3,289
29231,2016-04-17,16:31:00,112,1,7711
29232,2016-04-17,16:35:00,101,2,11780
29233,2016-04-17,16:36:00,380,2,10825
29234,2016-04-17,16:36:00,183,2,11905
29235,2016-04-17,16:44:00,63,3,9577
29236,2016-04-17,16:48:00,374,2,3511
29237,2016-04-17,16:52:00,63,1,6764
29238,2016-04-17,16:54:00,6,3,3884
29239,2016-04-17,17:05:00,261,2,2905
29240,2016-04-17,17:27:00,455,1,8355
29241,2016-04-17,17:32:00,287,2,7323
29242,2016-04-17,17:32:00,79,2,2141
29243,2016-04-17,17:46:00,416,4,1970
29244,2016-04-17,17:52:00,417,1,9661
29245,2016-04-17,17:57:00,3,1,665
29246,2016-04-17,18:05:00,120,3,2699
29247,2016-04-17,18:12:00,156,1,53
29248,2016-04-17,18:12:00,177,2,2046
29249,2016-04-17,18:12:00,387,2,5882
29250,2016-04-17,18:27:00,148,4,2029
29251,2016-04-17,18:42:00,39,2,2439
29252,2016-04-17,18:46:00,83,1,9202
29253,2016-04-17,18:47:00,51,1,3805
29254,2016-04-17,18:48:00,414,2,4600
29255,2016-04-17,18:48:00,374,1,4685
29256,2016-04-17,18:55:00,142,2,9786
29257,2016-04-17,19:01:00,183,2,3607
29258,2016-04-17,19:10:00,16,1,7020
29259,2016-04-17,19:11:00,43,1,567
29260,2016-04-17,19:17:00,70,2,11879
29261,2016-04-17,19:21:00,196,3,2687
29262,2016-04-17,19:22:00,71,3,626
29263,2016-04-17,19:26:00,408,1,6574
29264,2016-04-17,19:31:00,290,1,4083
29265,2016-04-17,19:34:00,265,1,8925
29266,2016-04-17,19:37:00,103,1,9
29267,2016-04-17,19:40:00,188,1,2796
29268,2016-04-17,19:42:00,397,1,497
29269,2016-04-17,19:43:00,139,2,3774
29270,2016-04-17,19:43:00,315,5,3357
29271,2016-04-17,19:45:00,304,3,11637
29272,2016-04-17,19:52:00,292,2,3318
29273,2016-04-17,20:07:00,202,2,9349
29274,2016-04-17,20:08:00,402,2,10688
29275,2016-04-17,20:29:00,36,3,10218
29276,2016-04-17,20:33:00,336,1,10633
29277,2016-04-17,20:36:00,198,1,5344
29278,2016-04-17,20:42:00,389,1,4112
29279,2016-04-17,20:44:00,337,3,270
29280,2016-04-17,20:50:00,326,1,1814
29281,2016-04-17,20:50:00,410,3,10683
29282,2016-04-17,20:56:00,206,2,6291
29283,2016-04-17,20:57:00,50,2,10041
29284,2016-04-17,20:59:00,434,2,5803
29285,2016-04-17,21:11:00,165,2,3243
29286,2016-04-17,21:18:00,280,2,9548
29287,2016-04-17,21:21:00,458,1,1607
29288,2016-04-17,21:33:00,426,2,8190
29289,2016-04-17,21:33:00,243,1,9211
29290,2016-04-17,21:37:00,265,2,1466
29291,2016-04-17,21:40:00,113,2,10043
29292,2016-04-17,21:47:00,302,1,662
29293,2016-04-17,21:50:00,202,3,6367
29294,2016-04-17,21:56:00,279,1,4085
29295,2016-04-17,22:02:00,225,1,10361
29296,2016-04-17,22:08:00,370,1,10630
29297,2016-04-17,22:10:00,256,1,2854
29298,2016-04-17,22:11:00,317,4,7625
29299,2016-04-17,22:19:00,49,2,3009
29300,2016-04-17,22:21:00,410,5,9743
29301,2016-04-17,22:24:00,226,1,6168
29302,2016-04-17,22:25:00,8,1,9256
29303,2016-04-17,22:32:00,241,2,909
29304,2016-04-17,22:33:00,198,1,8671
29305,2016-04-17,22:41:00,449,3,6939
29306,2016-04-17,22:52:00,74,2,7544
29307,2016-04-17,23:01:00,232,3,1736
29308,2016-04-17,23:14:00,205,1,2113
29309,2016-04-17,23:18:00,64,2,5029
29310,2016-04-17,23:19:00,158,3,1237
29311,2016-04-17,23:19:00,119,3,5949
29312,2016-04-17,23:30:00,4,1,5900
29313,2016-04-17,23:34:00,166,1,2345
29314,2016-04-17,23:47:00,302,4,8898
29315,2016-04-17,23:59:00,432,1,458
29316,2016-04-18,00:08:00,305,3,10512
29317,2016-04-18,00:09:00,259,2,6320
29318,2016-04-18,00:15:00,125,1,4882
29319,2016-04-18,00:29:00,261,2,680
29320,2016-04-18,00:38:00,456,2,2054
29321,2016-04-18,00:41:00,447,3,9842
29322,2016-04-18,00:45:00,380,1,8740
29323,2016-04-18,00:48:00,233,2,3268
29324,2016-04-18,00:50:00,129,2,2782
29325,2016-04-18,00:58:00,141,3,8025
29326,2016-04-18,01:00:00,316,1,3520
29327,2016-04-18,01:00:00,117,2,5340
29328,2016-04-18,01:02:00,74,2,11869
29329,2016-04-18,01:07:00,60,6,8137
29330,2016-04-18,01:08:00,188,3,10108
29331,2016-04-18,01:10:00,210,1,10454
29332,2016-04-18,01:12:00,265,3,8726
29333,2016-04-18,01:19:00,314,1,4592
29334,2016-04-18,01:21:00,456,2,9744
29335,2016-04-18,01:21:00,421,1,10374
29336,2016-04-18,01:23:00,34,2,11994
29337,2016-04-18,01:25:00,451,4,10931
29338,2016-04-18,01:29:00,61,2,8065
29339,2016-04-18,01:31:00,357,1,5550
29340,2016-04-18,01:39:00,315,1,1054
29341,2016-04-18,01:45:00,309,2,7553
29342,2016-04-18,01:46:00,274,1,7611
29343,2016-04-18,01:56:00,384,2,4433
29344,2016-04-18,01:57:00,439,1,1484
29345,2016-04-18,01:57:00,106,1,1122
29346,2016-04-18,02:00:00,249,2,4422
29347,2016-04-18,02:01:00,419,3,3293
29348,2016-04-18,02:04:00,293,2,8306
29349,2016-04-18,02:05:00,12,3,9483
29350,2016-04-18,02:05:00,340,3,3106
29351,2016-04-18,02:11:00,244,2,2670
29352,2016-04-18,02:13:00,435,4,938
29353,2016-04-18,02:13:00,43,3,8884
29354,2016-04-18,02:16:00,237,3,6177
29355,2016-04-18,02:17:00,281,4,5843
29356,2016-04-18,02:25:00,37,3,11816
29357,2016-04-18,02:29:00,292,1,5828
29358,2016-04-18,02:31:00,428,4,11808
29359,2016-04-18,02:31:00,285,2,9296
29360,2016-04-18,02:34:00,364,3,8971
29361,2016-04-18,02:36:00,306,2,9816
29362,2016-04-18,02:51:00,256,3,1126
29363,2016-04-18,02:59:00,440,1,3242
29364,2016-04-18,03:00:00,195,1,8664
29365,2016-04-18,03:13:00,208,2,2648
29366,2016-04-18,03:19:00,23,2,8930
29367,2016-04-18,03:21:00,369,2,4807
29368,2016-04-18,03:33:00,201,1,9138
29369,2016-04-18,03:35:00,348,2,843
29370,2016-04-18,03:48:00,189,1,2074
29371,2016-04-18,03:53:00,321,4,9596
29372,2016-04-18,03:53:00,221,2,910
29373,2016-04-18,04:12:00,61,2,10694
29374,2016-04-18,04:19:00,441,3,10986
29375,2016-04-18,04:23:00,440,4,11959
29376,2016-04-18,04:29:00,428,2,8114
29377,2016-04-18,04:46:00,208,2,5923
29378,2016-04-18,05:00:00,56,3,8166
29379,2016-04-18,05:07:00,195,1,5318
29380,2016-04-18,05:12:00,50,2,8328
29381,2016-04-18,05:17:00,330,1,4777
29382,2016-04-18,05:18:00,402,3,7140
29383,2016-04-18,05:19:00,453,3,2943
29384,2016-04-18,05:20:00,41,2,6113
29385,2016-04-18,05:22:00,197,2,1788
29386,2016-04-18,05:34:00,424,3,2416
29387,2016-04-18,05:36:00,206,2,10143
29388,2016-04-18,05:37:00,255,3,9999
29389,2016-04-18,05:50:00,275,1,11142
29390,2016-04-18,05:52:00,120,1,831
29391,2016-04-18,05:54:00,444,2,2404
29392,2016-04-18,05:55:00,146,4,8998
29393,2016-04-18,05:56:00,319,1,10707
29394,2016-04-18,06:03:00,301,3,6185
29395,2016-04-18,06:11:00,255,2,8885
29396,2016-04-18,06:12:00,14,4,10519
29397,2016-04-18,06:20:00,187,3,9897
29398,2016-04-18,06:30:00,176,2,7428
29399,2016-04-18,06:37:00,387,2,10727
29400,2016-04-18,06:39:00,426,2,11264
29401,2016-04-18,06:39:00,13,4,4908
29402,2016-04-18,06:41:00,300,3,4166
29403,2016-04-18,06:44:00,271,2,3135
29404,2016-04-18,07:13:00,283,3,8780
29405,2016-04-18,07:29:00,320,2,954
29406,2016-04-18,07:35:00,326,2,8934
29407,2016-04-18,07:40:00,102,2,6589
29408,2016-04-18,07:42:00,334,4,1491
29409,2016-04-18,07:42:00,107,2,1471
29410,2016-04-18,07:48:00,165,2,5454
29411,2016-04-18,07:54:00,72,2,11113
29412,2016-04-18,07:58:00,116,4,5030
29413,2016-04-18,08:09:00,108,1,8547
29414,2016-04-18,08:10:00,162,2,11006
29415,2016-04-18,08:14:00,20,1,5907
29416,2016-04-18,08:17:00,112,2,2888
29417,2016-04-18,08:31:00,177,1,3022
29418,2016-04-18,08:35:00,323,1,11748
29419,2016-04-18,08:47:00,150,1,6243
29420,2016-04-18,08:54:00,204,3,1619
29421,2016-04-18,08:57:00,208,1,2734
29422,2016-04-18,08:58:00,112,3,8837
29423,2016-04-18,09:01:00,156,1,468
29424,2016-04-18,09:02:00,389,1,3492
29425,2016-04-18,09:07:00,412,3,4621
29426,2016-04-18,09:10:00,372,1,5784
29427,2016-04-18,09:13:00,452,3,1603
29428,2016-04-18,09:14:00,232,2,9159
29429,2016-04-18,09:15:00,308,2,7885
29430,2016-04-18,09:29:00,16,2,1633
29431,2016-04-18,09:29:00,75,3,10700
29432,2016-04-18,09:35:00,186,2,4512
29433,2016-04-18,09:37:00,268,2,2690
29434,2016-04-18,09:41:00,238,2,1437
29435,2016-04-18,09:42:00,377,1,7534
29436,2016-04-18,09:45:00,296,3,9919
29437,2016-04-18,09:48:00,29,1,6521
29438,2016-04-18,09:52:00,173,2,7641
29439,2016-04-18,09:54:00,320,1,9327
29440,2016-04-18,10:01:00,136,2,6037
29441,2016-04-18,10:01:00,157,2,3109
29442,2016-04-18,10:10:00,282,1,11495
29443,2016-04-18,10:20:00,70,2,10459
29444,2016-04-18,10:21:00,255,3,1225
29445,2016-04-18,10:21:00,397,1,2274
29446,2016-04-18,10:41:00,267,2,10450
29447,2016-04-18,10:46:00,335,2,2293
29448,2016-04-18,10:52:00,17,3,7550
29449,2016-04-18,10:52:00,241,2,8641
29450,2016-04-18,10:53:00,136,3,6152
29451,2016-04-18,11:31:00,269,2,69
29452,2016-04-18,11:44:00,20,2,896
29453,2016-04-18,11:51:00,93,2,11389
29454,2016-04-18,11:54:00,128,2,356
29455,2016-04-18,12:00:00,255,2,7392
29456,2016-04-18,12:00:00,358,3,8063
29457,2016-04-18,12:02:00,230,4,9916
29458,2016-04-18,12:05:00,193,2,11023
29459,2016-04-18,12:13:00,291,1,6167
29460,2016-04-18,12:14:00,131,2,9980
29461,2016-04-18,12:20:00,279,2,9377
29462,2016-04-18,12:24:00,80,3,1687
29463,2016-04-18,12:36:00,38,1,5794
29464,2016-04-18,12:42:00,362,1,5924
29465,2016-04-18,12:43:00,433,3,8042
29466,2016-04-18,12:45:00,270,1,8344
29467,2016-04-18,12:46:00,21,2,48
29468,2016-04-18,12:53:00,54,1,11371
29469,2016-04-18,12:59:00,118,2,11053
29470,2016-04-18,13:07:00,236,1,7986
29471,2016-04-18,13:12:00,72,1,8505
29472,2016-04-18,13:17:00,131,2,9686
29473,2016-04-18,13:24:00,194,1,2690
29474,2016-04-18,13:28:00,8,3,336
29475,2016-04-18,13:30:00,128,1,5893
29476,2016-04-18,13:30:00,19,3,8215
29477,2016-04-18,13:31:00,23,2,2723
29478,2016-04-18,13:32:00,146,2,10650
29479,2016-04-18,13:37:00,238,6,2329
29480,2016-04-18,13:38:00,45,1,4109
29481,2016-04-18,13:42:00,219,2,2521
29482,2016-04-18,13:43:00,123,2,11772
29483,2016-04-18,13:49:00,283,1,10911
29484,2016-04-18,14:01:00,216,1,10415
29485,2016-04-18,14:01:00,174,2,3022
29486,2016-04-18,14:15:00,272,1,9743
29487,2016-04-18,14:18:00,360,1,882
29488,2016-04-18,14:22:00,121,2,2467
29489,2016-04-18,14:27:00,410,3,410
29490,2016-04-18,14:32:00,430,1,8158
29491,2016-04-18,14:32:00,15,1,5619
29492,2016-04-18,14:34:00,218,4,2718
29493,2016-04-18,14:40:00,438,2,11347
29494,2016-04-18,14:44:00,158,2,5420
29495,2016-04-18,14:56:00,138,2,1328
29496,2016-04-18,14:57:00,88,3,961
29497,2016-04-18,15:12:00,420,1,4908
29498,2016-04-18,15:12:00,43,4,893
29499,2016-04-18,15:16:00,249,1,5974
29500,2016-04-18,15:17:00,456,3,1203
29501,2016-04-18,15:17:00,192,2,10357
29502,2016-04-18,15:22:00,313,5,2269
29503,2016-04-18,15:41:00,99,4,8040
29504,2016-04-18,16:04:00,231,2,5004
29505,2016-04-18,16:09:00,316,2,5176
29506,2016-04-18,16:11:00,380,3,3820
29507,2016-04-18,16:12:00,105,1,3096
29508,2016-04-18,16:22:00,402,1,6791
29509,2016-04-18,16:22:00,396,4,4090
29510,2016-04-18,16:27:00,285,1,7537
29511,2016-04-18,16:32:00,4,3,8518
29512,2016-04-18,16:33:00,16,3,8750
29513,2016-04-18,16:39:00,263,2,9581
29514,2016-04-18,16:46:00,174,2,1097
29515,2016-04-18,16:50:00,428,2,337
29516,2016-04-18,16:55:00,342,3,7911
29517,2016-04-18,17:07:00,276,1,6177
29518,2016-04-18,17:10:00,261,4,6756
29519,2016-04-18,17:20:00,405,3,3864
29520,2016-04-18,17:27:00,37,3,8060
29521,2016-04-18,17:29:00,268,1,10711
29522,2016-04-18,17:29:00,28,2,5516
29523,2016-04-18,17:33:00,160,2,1048
29524,2016-04-18,17:41:00,291,3,6130
29525,2016-04-18,17:51:00,313,2,2990
29526,2016-04-18,17:59:00,257,3,11649
29527,2016-04-18,18:01:00,285,1,3823
29528,2016-04-18,18:05:00,353,3,8237
29529,2016-04-18,18:12:00,159,1,409
29530,2016-04-18,18:15:00,396,2,9576
29531,2016-04-18,18:21:00,111,2,2345
29532,2016-04-18,18:32:00,186,1,11587
29533,2016-04-18,18:34:00,368,4,9249
29534,2016-04-18,18:46:00,339,1,1776
29535,2016-04-18,18:47:00,56,2,2466
29536,2016-04-18,19:00:00,280,2,9367
29537,2016-04-18,19:08:00,365,1,5148
29538,2016-04-18,19:11:00,209,1,417
29539,2016-04-18,19:11:00,109,1,699
29540,2016-04-18,19:25:00,280,2,10689
29541,2016-04-18,19:30:00,183,2,7819
29542,2016-04-18,19:38:00,343,4,5887
29543,2016-04-18,19:52:00,226,3,8364
29544,2016-04-18,19:56:00,254,1,11952
29545,2016-04-18,19:57:00,312,3,3024
29546,2016-04-18,20:05:00,201,1,1363
29547,2016-04-18,20:17:00,300,1,305
29548,2016-04-18,20:21:00,149,2,10591
29549,2016-04-18,20:58:00,6,2,3164
29550,2016-04-18,21:04:00,150,3,7195
29551,2016-04-18,21:09:00,297,2,9209
29552,2016-04-18,21:10:00,7,2,1480
29553,2016-04-18,21:17:00,313,1,1183
29554,2016-04-18,21:22:00,257,4,3449
29555,2016-04-18,21:28:00,301,2,5438
29556,2016-04-18,21:32:00,171,1,7001
29557,2016-04-18,21:39:00,369,1,11906
29558,2016-04-18,21:43:00,142,1,6055
29559,2016-04-18,21:50:00,20,1,7455
29560,2016-04-18,21:54:00,101,2,11104
29561,2016-04-18,21:54:00,309,5,9779
29562,2016-04-18,22:04:00,301,2,10129
29563,2016-04-18,22:23:00,438,2,7584
29564,2016-04-18,22:26:00,234,2,11850
29565,2016-04-18,22:28:00,227,2,4580
29566,2016-04-18,22:31:00,287,2,11687
29567,2016-04-18,22:35:00,434,6,9691
29568,2016-04-18,22:41:00,432,1,11565
29569,2016-04-18,22:41:00,45,2,10387
29570,2016-04-18,22:47:00,372,2,4652
29571,2016-04-18,22:47:00,149,3,7823
29572,2016-04-18,22:50:00,388,1,7458
29573,2016-04-18,22:51:00,302,2,9015
29574,2016-04-18,22:53:00,72,2,5416
29575,2016-04-18,22:53:00,423,4,1576
29576,2016-04-18,22:56:00,347,2,5444
29577,2016-04-18,22:58:00,396,1,11263
29578,2016-04-18,23:02:00,240,1,8637
29579,2016-04-18,23:02:00,342,1,5144
29580,2016-04-18,23:05:00,70,3,7246
29581,2016-04-18,23:16:00,162,3,1636
29582,2016-04-18,23:23:00,57,3,5267
29583,2016-04-18,23:25:00,292,2,7967
29584,2016-04-18,23:35:00,353,1,6360
29585,2016-04-18,23:37:00,421,2,7167
29586,2016-04-18,23:37:00,165,2,3739
29587,2016-04-18,23:37:00,318,3,1046
29588,2016-04-18,23:51:00,142,2,1745
29589,2016-04-18,23:52:00,172,2,8935
29590,2016-04-19,00:00:00,407,1,11539
29591,2016-04-19,00:08:00,175,3,8228
29592,2016-04-19,00:14:00,440,2,257
29593,2016-04-19,00:21:00,303,1,1183
29594,2016-04-19,00:25:00,35,1,6382
29595,2016-04-19,00:32:00,79,2,2574
29596,2016-04-19,00:32:00,413,1,9393
29597,2016-04-19,00:39:00,387,1,11393
29598,2016-04-19,00:44:00,395,3,7503
29599,2016-04-19,00:49:00,287,1,10587
29600,2016-04-19,00:52:00,101,1,10235
29601,2016-04-19,00:54:00,284,1,8756
29602,2016-04-19,00:54:00,15,2,1486
29603,2016-04-19,00:55:00,203,1,10028
29604,2016-04-19,00:56:00,302,1,8103
29605,2016-04-19,00:59:00,104,2,3627
29606,2016-04-19,01:06:00,447,1,7737
29607,2016-04-19,01:18:00,341,3,861
29608,2016-04-19,01:19:00,353,3,7341
29609,2016-04-19,01:20:00,418,1,10894
29610,2016-04-19,01:23:00,364,3,10991
29611,2016-04-19,01:27:00,212,2,5807
29612,2016-04-19,01:30:00,429,1,9764
29613,2016-04-19,01:32:00,76,2,3069
29614,2016-04-19,01:33:00,162,2,4790
29615,2016-04-19,01:34:00,5,2,5376
29616,2016-04-19,01:38:00,211,1,3801
29617,2016-04-19,01:43:00,36,1,4630
29618,2016-04-19,01:47:00,128,2,3845
29619,2016-04-19,01:54:00,180,3,5254
29620,2016-04-19,01:56:00,453,3,10748
29621,2016-04-19,01:57:00,123,3,1829
29622,2016-04-19,02:02:00,192,1,8193
29623,2016-04-19,02:03:00,22,1,1746
29624,2016-04-19,02:03:00,272,1,436
29625,2016-04-19,02:08:00,188,2,778
29626,2016-04-19,02:16:00,171,2,3798
29627,2016-04-19,02:18:00,169,3,5183
29628,2016-04-19,02:21:00,229,2,1496
29629,2016-04-19,02:27:00,154,3,3847
29630,2016-04-19,02:40:00,309,1,7157
29631,2016-04-19,02:46:00,98,2,5186
29632,2016-04-19,03:06:00,116,2,5560
29633,2016-04-19,03:13:00,320,3,9773
29634,2016-04-19,03:14:00,397,2,10934
29635,2016-04-19,03:26:00,52,1,8451
29636,2016-04-19,03:31:00,201,3,7955
29637,2016-04-19,03:33:00,271,2,2531
29638,2016-04-19,03:35:00,137,2,7318
29639,2016-04-19,03:42:00,288,3,7733
29640,2016-04-19,03:51:00,259,5,7537
29641,2016-04-19,03:53:00,254,1,11224
29642,2016-04-19,03:56:00,433,3,2731
29643,2016-04-19,04:03:00,97,2,9044
29644,2016-04-19,04:03:00,333,3,9886
29645,2016-04-19,04:06:00,14,1,5312
29646,2016-04-19,04:08:00,391,1,10578
29647,2016-04-19,04:12:00,318,3,11463
29648,2016-04-19,04:18:00,439,2,1207
29649,2016-04-19,04:23:00,330,1,9151
29650,2016-04-19,04:23:00,145,2,6826
29651,2016-04-19,04:26:00,126,1,10625
29652,2016-04-19,04:32:00,24,1,10781
29653,2016-04-19,04:33:00,106,2,1998
29654,2016-04-19,04:41:00,313,1,3372
29655,2016-04-19,04:58:00,429,2,403
29656,2016-04-19,05:05:00,74,1,1670
29657,2016-04-19,05:11:00,141,1,9436
29658,2016-04-19,05:12:00,119,1,4781
29659,2016-04-19,05:16:00,92,2,6808
29660,2016-04-19,05:19:00,113,3,4158
29661,2016-04-19,05:25:00,451,5,9397
29662,2016-04-19,05:30:00,229,2,10107
29663,2016-04-19,05:31:00,288,3,1557
29664,2016-04-19,05:40:00,249,2,11556
29665,2016-04-19,05:50:00,31,2,6794
29666,2016-04-19,05:58:00,157,1,1403
29667,2016-04-19,05:59:00,60,1,10754
29668,2016-04-19,06:14:00,95,2,10591
29669,2016-04-19,06:17:00,51,2,1901
29670,2016-04-19,06:18:00,62,1,7385
29671,2016-04-19,06:27:00,221,1,1884
29672,2016-04-19,06:32:00,334,2,7030
29673,2016-04-19,06:36:00,248,1,4255
29674,2016-04-19,06:38:00,133,1,3917
29675,2016-04-19,06:46:00,267,1,2738
29676,2016-04-19,06:47:00,410,2,5050
29677,2016-04-19,06:50:00,138,3,1541
29678,2016-04-19,06:51:00,397,2,9149
29679,2016-04-19,06:53:00,343,1,3791
29680,2016-04-19,06:58:00,431,3,4154
29681,2016-04-19,07:01:00,201,1,3429
29682,2016-04-19,07:06:00,68,1,7587
29683,2016-04-19,07:08:00,238,1,3263
29684,2016-04-19,07:09:00,148,4,5204
29685,2016-04-19,07:15:00,450,2,9298
29686,2016-04-19,07:17:00,148,5,9262
29687,2016-04-19,07:18:00,453,2,8174
29688,2016-04-19,07:18:00,436,2,7913
29689,2016-04-19,07:29:00,151,3,7823
29690,2016-04-19,07:31:00,346,1,4645
29691,2016-04-19,07:33:00,372,2,2215
29692,2016-04-19,07:38:00,374,1,4803
29693,2016-04-19,07:39:00,6,2,3259
29694,2016-04-19,07:47:00,308,1,8094
29695,2016-04-19,07:47:00,360,2,6481
29696,2016-04-19,07:49:00,104,3,414
29697,2016-04-19,07:51:00,212,1,6986
29698,2016-04-19,08:01:00,175,2,5936
29699,2016-04-19,08:09:00,434,3,6419
29700,2016-04-19,08:20:00,398,3,11483
29701,2016-04-19,08:28:00,185,1,8858
29702,2016-04-19,08:31:00,45,1,898
29703,2016-04-19,08:42:00,439,2,1141
29704,2016-04-19,08:47:00,234,1,10879
29705,2016-04-19,08:47:00,98,1,9147
29706,2016-04-19,08:48:00,26,1,1278
29707,2016-04-19,08:56:00,184,2,575
29708,2016-04-19,08:57:00,259,1,7025
29709,2016-04-19,09:04:00,172,4,7632
29710,2016-04-19,09:11:00,287,2,6197
29711,2016-04-19,09:19:00,66,2,4122
29712,2016-04-19,09:26:00,165,1,11146
29713,2016-04-19,09:27:00,248,3,1322
29714,2016-04-19,09:30:00,260,1,1646
29715,2016-04-19,09:34:00,104,1,1596
29716,2016-04-19,09:34:00,266,2,765
29717,2016-04-19,09:42:00,276,2,4908
29718,2016-04-19,09:47:00,181,2,1937
29719,2016-04-19,09:52:00,429,3,6203
29720,2016-04-19,09:56:00,100,1,5918
29721,2016-04-19,10:00:00,123,1,10431
29722,2016-04-19,10:07:00,15,5,9409
29723,2016-04-19,10:14:00,27,1,4413
29724,2016-04-19,10:21:00,294,1,2291
29725,2016-04-19,10:26:00,237,3,581
29726,2016-04-19,10:27:00,96,2,6896
29727,2016-04-19,10:28:00,434,1,953
29728,2016-04-19,10:29:00,141,1,4682
29729,2016-04-19,10:38:00,388,3,3248
29730,2016-04-19,10:39:00,395,2,4619
29731,2016-04-19,10:40:00,343,3,65
29732,2016-04-19,10:47:00,164,1,3788
29733,2016-04-19,10:48:00,301,2,9749
29734,2016-04-19,10:49:00,266,1,10016
29735,2016-04-19,11:11:00,140,1,6067
29736,2016-04-19,11:13:00,392,2,6678
29737,2016-04-19,11:27:00,156,3,497
29738,2016-04-19,11:37:00,199,3,9468
29739,2016-04-19,11:49:00,21,4,6591
29740,2016-04-19,11:50:00,254,3,9887
29741,2016-04-19,11:54:00,40,2,8941
29742,2016-04-19,11:56:00,276,1,9838
29743,2016-04-19,11:57:00,282,1,2979
29744,2016-04-19,12:00:00,18,1,2259
29745,2016-04-19,12:03:00,358,1,349
29746,2016-04-19,12:12:00,126,2,1289
29747,2016-04-19,12:15:00,283,1,447
29748,2016-04-19,12:19:00,278,2,7305
29749,2016-04-19,12:21:00,226,3,9514
29750,2016-04-19,12:23:00,322,3,1511
29751,2016-04-19,12:23:00,296,3,9411
29752,2016-04-19,12:31:00,67,1,4745
29753,2016-04-19,12:34:00,231,2,1840
29754,2016-04-19,12:38:00,264,4,8017
29755,2016-04-19,12:38:00,373,4,1717
29756,2016-04-19,12:44:00,196,2,776
29757,2016-04-19,12:51:00,402,1,1277
29758,2016-04-19,12:51:00,424,2,11221
29759,2016-04-19,12:54:00,327,3,9214
29760,2016-04-19,12:55:00,71,2,1509
29761,2016-04-19,12:57:00,313,2,9097
29762,2016-04-19,12:57:00,21,3,10189
29763,2016-04-19,12:58:00,166,1,1216
29764,2016-04-19,13:01:00,220,4,7129
29765,2016-04-19,13:10:00,277,1,7358
29766,2016-04-19,13:11:00,356,3,10329
29767,2016-04-19,13:13:00,311,3,5617
29768,2016-04-19,13:21:00,449,1,5480
29769,2016-04-19,13:28:00,381,3,11970
29770,2016-04-19,13:44:00,135,1,10134
29771,2016-04-19,13:50:00,337,3,613
29772,2016-04-19,13:53:00,129,5,5767
29773,2016-04-19,13:56:00,127,1,5728
29774,2016-04-19,13:59:00,53,1,2819
29775,2016-04-19,14:01:00,194,2,11732
29776,2016-04-19,14:12:00,233,2,10615
29777,2016-04-19,14:19:00,346,2,9088
29778,2016-04-19,14:27:00,2,2,7258
29779,2016-04-19,14:28:00,55,1,7442
29780,2016-04-19,14:29:00,263,3,5127
29781,2016-04-19,14:42:00,269,2,8284
29782,2016-04-19,14:50:00,200,3,11925
29783,2016-04-19,14:54:00,44,1,284
29784,2016-04-19,14:55:00,291,4,2070
29785,2016-04-19,14:55:00,85,3,7328
29786,2016-04-19,14:57:00,39,2,11074
29787,2016-04-19,15:01:00,392,3,6313
29788,2016-04-19,15:06:00,404,2,7549
29789,2016-04-19,15:10:00,16,3,6996
29790,2016-04-19,15:13:00,325,3,5175
29791,2016-04-19,15:15:00,280,1,8465
29792,2016-04-19,15:19:00,106,2,8392
29793,2016-04-19,15:29:00,287,3,11022
29794,2016-04-19,15:33:00,296,3,9222
29795,2016-04-19,15:33:00,80,2,1192
29796,2016-04-19,15:43:00,48,2,7319
29797,2016-04-19,15:44:00,440,2,5338
29798,2016-04-19,15:44:00,285,5,2817
29799,2016-04-19,15:45:00,161,1,8273
29800,2016-04-19,15:50:00,191,2,7059
29801,2016-04-19,16:02:00,416,3,10330
29802,2016-04-19,16:06:00,114,1,9558
29803,2016-04-19,16:09:00,442,3,8614
29804,2016-04-19,16:21:00,158,3,11294
29805,2016-04-19,16:24:00,395,3,6040
29806,2016-04-19,16:30:00,118,1,2646
29807,2016-04-19,16:30:00,365,1,4318
29808,2016-04-19,16:31:00,364,2,6434
29809,2016-04-19,16:37:00,77,3,409
29810,2016-04-19,16:39:00,18,1,11801
29811,2016-04-19,16:42:00,320,2,8076
29812,2016-04-19,16:52:00,89,2,10277
29813,2016-04-19,16:58:00,264,2,3596
29814,2016-04-19,17:01:00,24,1,6090
29815,2016-04-19,17:05:00,418,2,2785
29816,2016-04-19,17:06:00,356,1,1449
29817,2016-04-19,17:17:00,103,2,2870
29818,2016-04-19,17:33:00,159,1,5649
29819,2016-04-19,17:36:00,28,2,4552
29820,2016-04-19,17:51:00,393,2,190
29821,2016-04-19,17:55:00,424,1,6790
29822,2016-04-19,17:58:00,49,1,8445
29823,2016-04-19,18:03:00,448,2,8822
29824,2016-04-19,18:06:00,236,2,10432
29825,2016-04-19,18:07:00,406,2,5387
29826,2016-04-19,18:10:00,84,3,3888
29827,2016-04-19,18:10:00,258,1,1034
29828,2016-04-19,18:15:00,70,2,9890
29829,2016-04-19,18:18:00,82,5,5597
29830,2016-04-19,18:22:00,295,2,9852
29831,2016-04-19,18:26:00,197,2,6087
29832,2016-04-19,18:31:00,61,1,3238
29833,2016-04-19,18:32:00,162,2,819
29834,2016-04-19,18:39:00,61,1,174
29835,2016-04-19,18:43:00,312,2,2435
29836,2016-04-19,18:44:00,5,1,10800
29837,2016-04-19,18:55:00,348,2,10541
29838,2016-04-19,18:55:00,170,4,2330
29839,2016-04-19,18:58:00,181,1,3192
29840,2016-04-19,19:08:00,242,1,972
29841,2016-04-19,19:29:00,215,1,4059
29842,2016-04-19,19:37:00,141,1,4010
29843,2016-04-19,19:44:00,110,1,9650
29844,2016-04-19,19:46:00,176,1,4907
29845,2016-04-19,19:50:00,415,2,3891
29846,2016-04-19,19:51:00,123,3,3314
29847,2016-04-19,19:51:00,314,4,8280
29848,2016-04-19,19:52:00,56,4,669
29849,2016-04-19,20:01:00,126,2,11502
29850,2016-04-19,20:01:00,97,2,5328
29851,2016-04-19,20:07:00,159,3,316
29852,2016-04-19,20:12:00,180,2,2376
29853,2016-04-19,20:13:00,28,1,11273
29854,2016-04-19,20:14:00,58,2,409
29855,2016-04-19,20:15:00,36,2,7885
29856,2016-04-19,20:16:00,273,1,2980
29857,2016-04-19,20:22:00,184,1,9312
29858,2016-04-19,20:28:00,159,1,8098
29859,2016-04-19,20:28:00,2,4,4223
29860,2016-04-19,20:31:00,232,1,9264
29861,2016-04-19,20:32:00,32,2,3122
29862,2016-04-19,20:36:00,322,2,4638
29863,2016-04-19,20:38:00,79,1,1795
29864,2016-04-19,20:45:00,266,2,5935
29865,2016-04-19,20:53:00,96,3,6282
29866,2016-04-19,20:56:00,376,2,8682
29867,2016-04-19,20:56:00,149,3,8446
29868,2016-04-19,21:03:00,382,2,10431
29869,2016-04-19,21:10:00,112,3,4772
29870,2016-04-19,21:20:00,381,1,6510
29871,2016-04-19,21:23:00,265,2,939
29872,2016-04-19,21:32:00,156,1,5912
29873,2016-04-19,21:40:00,42,1,2635
29874,2016-04-19,21:53:00,363,1,11262
29875,2016-04-19,22:25:00,336,2,1793
29876,2016-04-19,22:35:00,423,3,6247
29877,2016-04-19,22:38:00,135,3,4208
29878,2016-04-19,23:11:00,24,1,5103
29879,2016-04-19,23:15:00,420,2,11029
29880,2016-04-19,23:25:00,388,3,8025
29881,2016-04-19,23:27:00,234,3,3022
29882,2016-04-19,23:37:00,435,1,10314
29883,2016-04-19,23:39:00,35,1,5871
29884,2016-04-19,23:42:00,297,6,2804
29885,2016-04-19,23:53:00,215,1,11330
29886,2016-04-20,00:00:00,180,2,2751
29887,2016-04-20,00:13:00,270,1,2898
29888,2016-04-20,00:15:00,409,1,6631
29889,2016-04-20,00:19:00,310,2,4505
29890,2016-04-20,00:22:00,139,1,866
29891,2016-04-20,00:24:00,30,2,7997
29892,2016-04-20,00:28:00,275,2,7043
29893,2016-04-20,00:35:00,48,1,2596
29894,2016-04-20,00:47:00,3,4,2655
29895,2016-04-20,00:50:00,315,2,502
29896,2016-04-20,00:54:00,303,2,7389
29897,2016-04-20,00:57:00,194,2,6459
29898,2016-04-20,01:07:00,73,2,752
29899,2016-04-20,01:08:00,255,1,5568
29900,2016-04-20,01:19:00,172,5,10057
29901,2016-04-20,01:23:00,184,2,11508
29902,2016-04-20,01:28:00,174,2,6519
29903,2016-04-20,01:32:00,120,3,880
29904,2016-04-20,01:42:00,450,5,11875
29905,2016-04-20,01:54:00,417,3,2831
29906,2016-04-20,01:57:00,391,2,10042
29907,2016-04-20,02:01:00,392,1,4342
29908,2016-04-20,02:02:00,365,3,2241
29909,2016-04-20,02:12:00,235,2,7764
29910,2016-04-20,02:13:00,297,3,237
29911,2016-04-20,02:19:00,419,1,3391
29912,2016-04-20,02:19:00,240,3,7674
29913,2016-04-20,02:22:00,206,1,1377
29914,2016-04-20,02:26:00,94,1,5422
29915,2016-04-20,02:29:00,256,1,5533
29916,2016-04-20,02:33:00,333,2,6978
29917,2016-04-20,02:36:00,405,2,5087
29918,2016-04-20,02:37:00,160,2,11919
29919,2016-04-20,02:43:00,255,2,3064
29920,2016-04-20,02:45:00,174,4,4344
29921,2016-04-20,02:47:00,416,3,99
29922,2016-04-20,02:48:00,349,2,3037
29923,2016-04-20,02:55:00,45,3,4773
29924,2016-04-20,03:12:00,66,4,247
29925,2016-04-20,03:23:00,439,1,5281
29926,2016-04-20,03:28:00,323,1,3211
29927,2016-04-20,03:36:00,215,2,498
29928,2016-04-20,03:39:00,53,2,4911
29929,2016-04-20,04:00:00,230,2,11265
29930,2016-04-20,04:02:00,49,1,10799
29931,2016-04-20,04:05:00,379,2,10711
29932,2016-04-20,04:11:00,446,1,5233
29933,2016-04-20,04:24:00,291,2,10320
29934,2016-04-20,04:27:00,148,2,4953
29935,2016-04-20,04:37:00,359,3,6549
29936,2016-04-20,04:39:00,442,1,1096
29937,2016-04-20,04:45:00,360,1,11453
29938,2016-04-20,04:47:00,73,2,6441
29939,2016-04-20,04:54:00,123,1,4542
29940,2016-04-20,05:12:00,101,1,10517
29941,2016-04-20,05:14:00,241,1,6591
29942,2016-04-20,05:17:00,276,1,8921
29943,2016-04-20,05:28:00,195,2,1925
29944,2016-04-20,05:36:00,278,1,4617
29945,2016-04-20,05:37:00,421,3,6216
29946,2016-04-20,05:38:00,376,1,4383
29947,2016-04-20,05:38:00,239,3,4588
29948,2016-04-20,05:42:00,21,2,5739
29949,2016-04-20,05:44:00,327,2,610
29950,2016-04-20,05:45:00,37,1,10315
29951,2016-04-20,05:47:00,263,2,4649
29952,2016-04-20,05:56:00,451,1,8502
29953,2016-04-20,06:01:00,1,1,6455
29954,2016-04-20,06:04:00,333,2,2017
29955,2016-04-20,06:08:00,169,2,10409
29956,2016-04-20,06:25:00,278,4,2369
29957,2016-04-20,06:28:00,275,4,9187
29958,2016-04-20,06:29:00,243,1,947
29959,2016-04-20,06:44:00,268,2,7256
29960,2016-04-20,06:46:00,65,3,3274
29961,2016-04-20,06:52:00,202,1,10046
29962,2016-04-20,06:57:00,113,2,8116
29963,2016-04-20,07:07:00,380,2,978
29964,2016-04-20,07:09:00,51,1,4161
29965,2016-04-20,07:10:00,1,2,7667
29966,2016-04-20,07:11:00,183,2,867
29967,2016-04-20,07:18:00,422,2,1603
29968,2016-04-20,07:19:00,56,1,7669
29969,2016-04-20,07:25:00,5,2,3627
29970,2016-04-20,07:27:00,435,1,6349
29971,2016-04-20,07:32:00,2,4,10328
29972,2016-04-20,07:33:00,141,2,8813
29973,2016-04-20,07:35:00,322,4,10833
29974,2016-04-20,07:37:00,9,1,5872
29975,2016-04-20,07:38:00,138,2,5670
29976,2016-04-20,07:40:00,24,1,8447
29977,2016-04-20,07:48:00,210,2,4635
29978,2016-04-20,07:50:00,324,2,7269
29979,2016-04-20,07:52:00,256,1,10374
29980,2016-04-20,08:15:00,325,3,2159
29981,2016-04-20,08:17:00,251,3,9406
29982,2016-04-20,08:17:00,318,3,3651
29983,2016-04-20,08:18:00,249,2,1344
29984,2016-04-20,08:18:00,453,1,3873
29985,2016-04-20,08:19:00,245,4,6362
29986,2016-04-20,08:29:00,311,2,2902
29987,2016-04-20,08:44:00,118,1,5609
29988,2016-04-20,08:52:00,269,1,7881
29989,2016-04-20,08:55:00,343,2,1674
29990,2016-04-20,09:03:00,386,2,11074
29991,2016-04-20,09:08:00,329,2,3619
29992,2016-04-20,09:09:00,369,2,10470
29993,2016-04-20,09:10:00,192,1,6285
29994,2016-04-20,09:12:00,63,2,6883
29995,2016-04-20,09:13:00,408,2,7568
29996,2016-04-20,09:13:00,226,3,8052
29997,2016-04-20,09:16:00,399,1,1398
29998,2016-04-20,09:17:00,85,2,9928
29999,2016-04-20,09:22:00,219,1,1934
30000,2016-04-20,09:23:00,449,2,6173
30001,2016-04-20,09:28:00,344,1,8366
30002,2016-04-20,09:31:00,72,3,4224
30003,2016-04-20,09:38:00,240,2,7947
30004,2016-04-20,09:39:00,35,2,6396
30005,2016-04-20,09:41:00,126,1,1137
30006,2016-04-20,09:46:00,161,1,9142
30007,2016-04-20,09:49:00,14,4,11873
30008,2016-04-20,10:01:00,436,2,96
30009,2016-04-20,10:14:00,340,1,11089
30010,2016-04-20,10:14:00,164,2,2330
30011,2016-04-20,10:20:00,367,2,365
30012,2016-04-20,10:23:00,259,3,3859
30013,2016-04-20,10:25:00,203,5,10781
30014,2016-04-20,10:32:00,440,1,5346
30015,2016-04-20,10:32:00,61,2,910
30016,2016-04-20,10:35:00,217,2,907
30017,2016-04-20,10:37:00,27,1,7457
30018,2016-04-20,10:38:00,58,2,8180
30019,2016-04-20,11:06:00,322,1,6409
30020,2016-04-20,11:14:00,180,2,6910
30021,2016-04-20,11:17:00,322,3,9934
30022,2016-04-20,11:29:00,103,2,7901
30023,2016-04-20,11:44:00,299,2,9200
30024,2016-04-20,11:46:00,309,2,4591
30025,2016-04-20,11:46:00,147,3,396
30026,2016-04-20,11:54:00,5,1,10945
30027,2016-04-20,12:12:00,423,1,10455
30028,2016-04-20,12:13:00,296,2,11955
30029,2016-04-20,12:15:00,351,2,5303
30030,2016-04-20,12:21:00,355,4,9394
30031,2016-04-20,12:22:00,110,2,4036
30032,2016-04-20,12:28:00,51,2,11108
30033,2016-04-20,12:29:00,419,1,4957
30034,2016-04-20,12:41:00,401,1,11866
30035,2016-04-20,12:45:00,456,1,3249
30036,2016-04-20,12:51:00,434,1,603
30037,2016-04-20,13:00:00,451,1,4129
30038,2016-04-20,13:01:00,238,2,6218
30039,2016-04-20,13:04:00,43,2,4786
30040,2016-04-20,13:06:00,158,1,4884
30041,2016-04-20,13:07:00,204,2,9861
30042,2016-04-20,13:28:00,144,1,7367
30043,2016-04-20,13:28:00,64,1,5515
30044,2016-04-20,13:30:00,232,2,1837
30045,2016-04-20,13:38:00,201,2,7929
30046,2016-04-20,13:39:00,358,2,6595
30047,2016-04-20,13:49:00,319,2,5410
30048,2016-04-20,13:53:00,312,3,7407
30049,2016-04-20,13:58:00,307,3,2296
30050,2016-04-20,14:06:00,44,2,4873
30051,2016-04-20,14:07:00,48,1,4824
30052,2016-04-20,14:16:00,370,3,831
30053,2016-04-20,14:20:00,3,2,11603
30054,2016-04-20,14:25:00,33,4,8187
30055,2016-04-20,14:25:00,432,1,9794
30056,2016-04-20,14:29:00,68,1,11855
30057,2016-04-20,14:32:00,77,1,102
30058,2016-04-20,14:36:00,10,2,4531
30059,2016-04-20,14:39:00,137,3,1516
30060,2016-04-20,14:40:00,326,3,782
30061,2016-04-20,14:54:00,448,3,6307
30062,2016-04-20,14:57:00,78,1,1385
30063,2016-04-20,14:59:00,352,3,11316
30064,2016-04-20,15:06:00,317,3,9963
30065,2016-04-20,15:28:00,236,1,4449
30066,2016-04-20,15:29:00,356,2,10011
30067,2016-04-20,15:30:00,447,2,7255
30068,2016-04-20,15:31:00,409,1,3557
30069,2016-04-20,15:34:00,397,2,9805
30070,2016-04-20,15:40:00,122,2,3042
30071,2016-04-20,15:47:00,134,1,1730
30072,2016-04-20,15:48:00,186,1,2438
30073,2016-04-20,15:56:00,424,2,8686
30074,2016-04-20,15:58:00,163,4,956
30075,2016-04-20,16:03:00,16,1,813
30076,2016-04-20,16:06:00,93,1,7976
30077,2016-04-20,16:10:00,386,4,2916
30078,2016-04-20,16:19:00,204,1,4480
30079,2016-04-20,16:23:00,205,1,9765
30080,2016-04-20,16:26:00,210,3,2735
30081,2016-04-20,16:27:00,34,1,2731
30082,2016-04-20,16:30:00,316,1,8670
30083,2016-04-20,16:39:00,58,1,5674
30084,2016-04-20,16:48:00,253,1,11913
30085,2016-04-20,16:50:00,156,1,10251
30086,2016-04-20,16:54:00,364,1,8195
30087,2016-04-20,16:56:00,120,1,8881
30088,2016-04-20,17:06:00,32,1,3564
30089,2016-04-20,17:16:00,153,3,10855
30090,2016-04-20,17:20:00,180,1,4365
30091,2016-04-20,17:22:00,4,1,10883
30092,2016-04-20,17:25:00,120,2,7290
30093,2016-04-20,17:45:00,173,1,2570
30094,2016-04-20,17:47:00,318,2,11467
30095,2016-04-20,17:48:00,386,1,2450
30096,2016-04-20,18:00:00,432,2,3818
30097,2016-04-20,18:11:00,265,1,4001
30098,2016-04-20,18:29:00,108,1,8663
30099,2016-04-20,18:35:00,188,2,9615
30100,2016-04-20,18:37:00,287,1,6821
30101,2016-04-20,18:40:00,240,2,5563
30102,2016-04-20,18:40:00,263,1,422
30103,2016-04-20,18:41:00,117,1,3514
30104,2016-04-20,19:05:00,456,2,11691
30105,2016-04-20,19:06:00,148,1,11647
30106,2016-04-20,19:23:00,368,1,901
30107,2016-04-20,19:44:00,299,2,6214
30108,2016-04-20,19:45:00,394,1,16
30109,2016-04-20,19:49:00,117,2,8029
30110,2016-04-20,20:09:00,62,4,9922
30111,2016-04-20,20:12:00,190,1,5212
30112,2016-04-20,20:16:00,307,2,7483
30113,2016-04-20,20:21:00,185,3,2699
30114,2016-04-20,20:27:00,410,2,5
30115,2016-04-20,20:41:00,380,1,9659
30116,2016-04-20,20:55:00,269,2,5690
30117,2016-04-20,21:09:00,222,3,3808
30118,2016-04-20,21:12:00,325,1,567
30119,2016-04-20,21:18:00,61,1,9979
30120,2016-04-20,21:20:00,50,1,11849
30121,2016-04-20,21:21:00,383,3,3970
30122,2016-04-20,21:27:00,257,2,6858
30123,2016-04-20,21:43:00,283,2,5757
30124,2016-04-20,21:53:00,112,2,4473
30125,2016-04-20,21:56:00,456,1,4516
30126,2016-04-20,22:03:00,91,2,7397
30127,2016-04-20,22:03:00,5,1,7141
30128,2016-04-20,22:08:00,149,4,10346
30129,2016-04-20,22:10:00,327,1,9678
30130,2016-04-20,22:14:00,300,1,5632
30131,2016-04-20,22:17:00,180,1,9721
30132,2016-04-20,22:23:00,259,3,3877
30133,2016-04-20,22:24:00,162,2,328
30134,2016-04-20,22:24:00,292,2,4936
30135,2016-04-20,22:25:00,376,1,906
30136,2016-04-20,22:31:00,218,2,5686
30137,2016-04-20,22:33:00,294,1,5520
30138,2016-04-20,22:36:00,302,2,2695
30139,2016-04-20,22:38:00,418,3,7183
30140,2016-04-20,22:51:00,319,2,11936
30141,2016-04-20,23:06:00,22,2,4330
30142,2016-04-20,23:07:00,6,2,6081
30143,2016-04-20,23:12:00,384,2,11853
30144,2016-04-20,23:13:00,274,3,2568
30145,2016-04-20,23:19:00,233,2,2380
30146,2016-04-20,23:24:00,6,2,1525
30147,2016-04-20,23:33:00,444,2,8416
30148,2016-04-20,23:34:00,242,2,10752
30149,2016-04-20,23:40:00,230,1,10772
30150,2016-04-20,23:44:00,97,2,409
30151,2016-04-21,00:01:00,317,1,7651
30152,2016-04-21,00:06:00,180,3,8371
30153,2016-04-21,00:24:00,344,2,8451
30154,2016-04-21,00:25:00,237,1,10374
30155,2016-04-21,00:28:00,397,1,8194
30156,2016-04-21,00:31:00,75,2,7587
30157,2016-04-21,00:42:00,100,1,598
30158,2016-04-21,00:47:00,424,2,9380
30159,2016-04-21,00:50:00,337,1,2136
30160,2016-04-21,00:52:00,233,2,8389
30161,2016-04-21,00:58:00,384,1,7559
30162,2016-04-21,01:03:00,256,4,4579
30163,2016-04-21,01:04:00,274,1,8607
30164,2016-04-21,01:30:00,418,2,9014
30165,2016-04-21,01:39:00,278,1,11026
30166,2016-04-21,02:03:00,288,1,6479
30167,2016-04-21,02:27:00,91,2,7652
30168,2016-04-21,02:33:00,37,3,4538
30169,2016-04-21,02:34:00,223,2,10795
30170,2016-04-21,02:37:00,302,3,7369
30171,2016-04-21,02:38:00,307,2,5253
30172,2016-04-21,02:46:00,54,2,11300
30173,2016-04-21,02:46:00,414,4,4549
30174,2016-04-21,02:47:00,381,1,2111
30175,2016-04-21,02:48:00,274,2,2161
30176,2016-04-21,02:49:00,426,4,2193
30177,2016-04-21,02:59:00,219,1,10521
30178,2016-04-21,03:15:00,456,2,3897
30179,2016-04-21,03:16:00,339,1,6995
30180,2016-04-21,03:19:00,226,1,31
30181,2016-04-21,03:22:00,78,1,6331
30182,2016-04-21,03:23:00,18,2,2661
30183,2016-04-21,03:34:00,349,2,1870
30184,2016-04-21,03:42:00,165,3,8464
30185,2016-04-21,03:50:00,400,1,5868
30186,2016-04-21,03:52:00,440,1,4307
30187,2016-04-21,04:01:00,102,2,3169
30188,2016-04-21,04:05:00,64,2,10509
30189,2016-04-21,04:06:00,426,1,7151
30190,2016-04-21,04:26:00,344,4,1793
30191,2016-04-21,04:27:00,153,1,2471
30192,2016-04-21,04:28:00,383,3,11063
30193,2016-04-21,04:31:00,216,3,2509
30194,2016-04-21,04:34:00,315,2,6476
30195,2016-04-21,04:41:00,39,2,4089
30196,2016-04-21,04:50:00,242,2,8087
30197,2016-04-21,04:51:00,458,1,9378
30198,2016-04-21,04:52:00,60,2,3591
30199,2016-04-21,04:53:00,130,2,8992
30200,2016-04-21,04:53:00,43,4,7695
30201,2016-04-21,05:03:00,34,1,11984
30202,2016-04-21,05:03:00,391,2,9149
30203,2016-04-21,05:08:00,336,2,6705
30204,2016-04-21,05:23:00,171,1,6601
30205,2016-04-21,05:26:00,154,2,3300
30206,2016-04-21,05:34:00,271,1,3625
30207,2016-04-21,05:41:00,314,1,2928
30208,2016-04-21,05:43:00,82,1,7248
30209,2016-04-21,05:44:00,394,2,1205
30210,2016-04-21,05:45:00,291,2,3062
30211,2016-04-21,05:46:00,359,4,727
30212,2016-04-21,05:47:00,138,2,7508
30213,2016-04-21,06:00:00,403,1,8145
30214,2016-04-21,06:22:00,311,2,6549
30215,2016-04-21,06:23:00,57,1,6903
30216,2016-04-21,06:26:00,302,2,243
30217,2016-04-21,06:29:00,33,2,7585
30218,2016-04-21,06:32:00,252,1,11824
30219,2016-04-21,06:39:00,374,3,10274
30220,2016-04-21,06:40:00,212,1,6832
30221,2016-04-21,06:45:00,100,2,2173
30222,2016-04-21,06:48:00,378,1,5544
30223,2016-04-21,06:55:00,324,5,451
30224,2016-04-21,07:01:00,138,1,10196
30225,2016-04-21,07:03:00,105,1,11519
30226,2016-04-21,07:07:00,172,1,2523
30227,2016-04-21,07:08:00,158,1,2008
30228,2016-04-21,07:10:00,281,2,9989
30229,2016-04-21,07:21:00,326,2,7201
30230,2016-04-21,07:33:00,68,1,3057
30231,2016-04-21,07:52:00,145,2,8140
30232,2016-04-21,07:57:00,442,2,10317
30233,2016-04-21,07:57:00,264,3,5466
30234,2016-04-21,07:58:00,13,4,9634
30235,2016-04-21,08:04:00,408,1,11602
30236,2016-04-21,08:26:00,326,2,10410
30237,2016-04-21,08:35:00,315,1,4373
30238,2016-04-21,08:39:00,276,1,8749
30239,2016-04-21,08:47:00,188,1,1760
30240,2016-04-21,08:51:00,164,2,2338
30241,2016-04-21,08:53:00,38,5,316
30242,2016-04-21,09:04:00,60,1,9496
30243,2016-04-21,09:06:00,83,5,6032
30244,2016-04-21,09:15:00,37,3,5660
30245,2016-04-21,09:28:00,44,6,11338
30246,2016-04-21,09:30:00,391,3,2884
30247,2016-04-21,09:35:00,281,3,8180
30248,2016-04-21,09:43:00,141,4,6803
30249,2016-04-21,09:55:00,334,3,11768
30250,2016-04-21,09:58:00,40,1,9837
30251,2016-04-21,10:03:00,327,1,9610
30252,2016-04-21,10:07:00,214,3,5236
30253,2016-04-21,10:08:00,397,4,9622
30254,2016-04-21,10:17:00,298,1,7702
30255,2016-04-21,10:27:00,268,2,623
30256,2016-04-21,10:27:00,59,3,10924
30257,2016-04-21,10:28:00,41,6,11854
30258,2016-04-21,10:35:00,63,2,1177
30259,2016-04-21,10:36:00,379,3,9575
30260,2016-04-21,10:41:00,310,2,3656
30261,2016-04-21,10:43:00,259,1,5767
30262,2016-04-21,10:51:00,316,1,8124
30263,2016-04-21,10:53:00,245,1,415
30264,2016-04-21,10:54:00,298,3,7753
30265,2016-04-21,11:08:00,25,1,2078
30266,2016-04-21,11:25:00,388,1,6490
30267,2016-04-21,11:27:00,6,1,5918
30268,2016-04-21,11:28:00,446,2,5957
30269,2016-04-21,11:34:00,321,3,2759
30270,2016-04-21,11:36:00,145,4,269
30271,2016-04-21,11:39:00,296,1,2343
30272,2016-04-21,11:53:00,73,3,2036
30273,2016-04-21,11:54:00,325,3,6288
30274,2016-04-21,11:55:00,368,2,2078
30275,2016-04-21,11:55:00,155,2,7299
30276,2016-04-21,12:00:00,338,3,2596
30277,2016-04-21,12:06:00,265,2,5519
30278,2016-04-21,12:06:00,299,1,1518
30279,2016-04-21,12:18:00,345,3,11723
30280,2016-04-21,12:20:00,28,1,11659
30281,2016-04-21,12:23:00,64,2,6575
30282,2016-04-21,12:29:00,5,3,6449
30283,2016-04-21,12:33:00,276,1,4655
30284,2016-04-21,12:40:00,95,1,10515
30285,2016-04-21,12:42:00,170,2,2193
30286,2016-04-21,12:51:00,416,3,2434
30287,2016-04-21,13:00:00,157,1,10335
30288,2016-04-21,13:23:00,321,1,1811
30289,2016-04-21,13:32:00,281,1,350
30290,2016-04-21,13:37:00,198,2,287
30291,2016-04-21,14:04:00,189,1,903
30292,2016-04-21,14:12:00,454,2,1307
30293,2016-04-21,14:15:00,431,2,5747
30294,2016-04-21,14:17:00,387,1,11166
30295,2016-04-21,14:26:00,216,3,10845
30296,2016-04-21,14:27:00,405,2,8873
30297,2016-04-21,14:32:00,358,2,5738
30298,2016-04-21,14:43:00,141,3,10811
30299,2016-04-21,14:47:00,44,3,388
30300,2016-04-21,14:54:00,32,2,11988
30301,2016-04-21,14:55:00,355,3,11010
30302,2016-04-21,14:58:00,118,3,385
30303,2016-04-21,15:00:00,87,1,4532
30304,2016-04-21,15:04:00,261,3,7094
30305,2016-04-21,15:04:00,73,1,6988
30306,2016-04-21,15:04:00,325,1,4360
30307,2016-04-21,15:11:00,322,2,6139
30308,2016-04-21,15:13:00,247,4,10382
30309,2016-04-21,15:13:00,6,3,1990
30310,2016-04-21,15:15:00,17,1,1640
30311,2016-04-21,15:20:00,374,4,11968
30312,2016-04-21,15:26:00,131,1,7766
30313,2016-04-21,15:27:00,319,1,3658
30314,2016-04-21,15:52:00,439,1,7992
30315,2016-04-21,15:52:00,378,1,3124
30316,2016-04-21,16:00:00,453,1,5065
30317,2016-04-21,16:02:00,286,2,8397
30318,2016-04-21,16:07:00,272,1,6092
30319,2016-04-21,16:22:00,200,1,965
30320,2016-04-21,16:31:00,345,1,4490
30321,2016-04-21,16:33:00,169,2,835
30322,2016-04-21,16:48:00,125,1,3297
30323,2016-04-21,16:50:00,149,2,3585
30324,2016-04-21,17:05:00,115,3,1863
30325,2016-04-21,17:16:00,2,2,2064
30326,2016-04-21,17:17:00,78,3,3816
30327,2016-04-21,17:24:00,409,2,2557
30328,2016-04-21,17:24:00,88,1,11367
30329,2016-04-21,17:27:00,250,4,6018
30330,2016-04-21,17:33:00,38,2,2419
30331,2016-04-21,17:45:00,371,3,10349
30332,2016-04-21,17:53:00,446,1,8076
30333,2016-04-21,17:57:00,352,2,2222
30334,2016-04-21,17:58:00,8,2,521
30335,2016-04-21,18:03:00,216,1,10135
30336,2016-04-21,18:06:00,342,2,325
30337,2016-04-21,18:08:00,265,1,8207
30338,2016-04-21,18:10:00,384,1,8130
30339,2016-04-21,18:12:00,105,2,5939
30340,2016-04-21,18:14:00,370,1,8888
30341,2016-04-21,18:14:00,280,3,2555
30342,2016-04-21,18:17:00,180,1,4570
30343,2016-04-21,18:30:00,221,4,2232
30344,2016-04-21,18:37:00,394,4,10306
30345,2016-04-21,18:37:00,331,3,4537
30346,2016-04-21,18:41:00,24,2,10980
30347,2016-04-21,18:42:00,385,1,7472
30348,2016-04-21,18:44:00,241,2,10680
30349,2016-04-21,18:57:00,359,3,1508
30350,2016-04-21,18:59:00,169,3,2235
30351,2016-04-21,18:59:00,133,1,8194
30352,2016-04-21,19:01:00,282,1,5926
30353,2016-04-21,19:14:00,443,2,9361
30354,2016-04-21,19:15:00,324,1,10524
30355,2016-04-21,19:30:00,355,2,6966
30356,2016-04-21,19:47:00,86,1,1249
30357,2016-04-21,19:49:00,231,1,1786
30358,2016-04-21,20:00:00,183,2,147
30359,2016-04-21,20:16:00,174,2,5546
30360,2016-04-21,20:16:00,71,2,1600
30361,2016-04-21,20:18:00,386,2,9283
30362,2016-04-21,20:22:00,167,1,10241
30363,2016-04-21,20:36:00,312,3,11427
30364,2016-04-21,20:52:00,2,3,9940
30365,2016-04-21,20:52:00,228,1,7216
30366,2016-04-21,21:02:00,436,2,2684
30367,2016-04-21,21:03:00,111,2,2510
30368,2016-04-21,21:22:00,367,2,2725
30369,2016-04-21,21:25:00,268,1,5090
30370,2016-04-21,21:29:00,385,2,11210
30371,2016-04-21,21:39:00,240,2,7876
30372,2016-04-21,21:54:00,61,1,5101
30373,2016-04-21,21:54:00,3,1,4714
30374,2016-04-21,22:02:00,34,3,3110
30375,2016-04-21,22:14:00,421,4,1303
30376,2016-04-21,22:21:00,389,1,5598
30377,2016-04-21,22:22:00,194,1,1243
30378,2016-04-21,22:25:00,307,2,9820
30379,2016-04-21,22:38:00,386,1,3130
30380,2016-04-21,22:41:00,96,3,7734
30381,2016-04-21,22:46:00,250,1,2477
30382,2016-04-21,23:03:00,26,2,11687
30383,2016-04-21,23:12:00,52,3,10182
30384,2016-04-21,23:19:00,81,2,5752
30385,2016-04-21,23:24:00,281,2,25
30386,2016-04-21,23:26:00,77,2,2030
30387,2016-04-21,23:27:00,323,1,7619
30388,2016-04-21,23:33:00,182,1,2105
30389,2016-04-21,23:40:00,24,3,8529
30390,2016-04-21,23:49:00,390,3,5828
30391,2016-04-21,23:51:00,191,2,895
30392,2016-04-21,23:55:00,227,3,8794
30393,2016-04-22,00:00:00,32,2,3258
30394,2016-04-22,00:02:00,213,2,9904
30395,2016-04-22,00:03:00,192,3,1738
30396,2016-04-22,00:06:00,435,4,11044
30397,2016-04-22,00:06:00,69,1,10746
30398,2016-04-22,00:07:00,166,1,8900
30399,2016-04-22,00:07:00,84,4,5032
30400,2016-04-22,00:22:00,299,4,994
30401,2016-04-22,00:26:00,124,2,6400
30402,2016-04-22,00:33:00,400,3,2460
30403,2016-04-22,00:36:00,434,2,7818
30404,2016-04-22,00:40:00,265,2,10044
30405,2016-04-22,00:40:00,244,2,11352
30406,2016-04-22,00:42:00,198,2,5815
30407,2016-04-22,00:51:00,453,2,5267
30408,2016-04-22,00:52:00,429,3,3093
30409,2016-04-22,01:01:00,291,1,8167
30410,2016-04-22,01:07:00,36,1,4183
30411,2016-04-22,01:20:00,17,1,6799
30412,2016-04-22,01:20:00,449,3,5195
30413,2016-04-22,01:31:00,162,4,6276
30414,2016-04-22,01:33:00,380,1,6805
30415,2016-04-22,01:35:00,358,1,686
30416,2016-04-22,01:39:00,440,2,2968
30417,2016-04-22,01:50:00,59,2,7500
30418,2016-04-22,01:57:00,296,2,9363
30419,2016-04-22,02:09:00,172,3,11673
30420,2016-04-22,02:10:00,327,1,5348
30421,2016-04-22,02:13:00,259,3,4190
30422,2016-04-22,02:17:00,129,3,6350
30423,2016-04-22,02:21:00,257,3,6627
30424,2016-04-22,02:30:00,230,1,3548
30425,2016-04-22,02:30:00,118,2,5719
30426,2016-04-22,02:34:00,146,2,6176
30427,2016-04-22,02:37:00,73,1,2006
30428,2016-04-22,02:38:00,254,2,10375
30429,2016-04-22,02:41:00,1,2,9274
30430,2016-04-22,03:06:00,306,2,7404
30431,2016-04-22,03:12:00,120,1,2461
30432,2016-04-22,03:18:00,333,1,5839
30433,2016-04-22,03:21:00,159,1,4322
30434,2016-04-22,03:38:00,34,1,6838
30435,2016-04-22,03:42:00,55,2,561
30436,2016-04-22,03:44:00,357,2,10077
30437,2016-04-22,03:47:00,125,2,11313
30438,2016-04-22,03:59:00,199,2,5859
30439,2016-04-22,04:01:00,242,3,9685
30440,2016-04-22,04:01:00,15,1,7634
30441,2016-04-22,04:02:00,376,2,1971
30442,2016-04-22,04:03:00,248,1,9591
30443,2016-04-22,04:06:00,128,1,4630
30444,2016-04-22,04:06:00,23,1,11744
30445,2016-04-22,04:07:00,311,1,1588
30446,2016-04-22,04:09:00,282,1,9750
30447,2016-04-22,04:12:00,96,2,2521
30448,2016-04-22,04:12:00,340,4,5841
30449,2016-04-22,04:13:00,129,2,3150
30450,2016-04-22,04:17:00,235,2,1242
30451,2016-04-22,04:17:00,256,4,2498
30452,2016-04-22,04:19:00,23,1,9312
30453,2016-04-22,04:31:00,325,3,9178
30454,2016-04-22,04:35:00,199,2,4252
30455,2016-04-22,04:52:00,75,1,11908
30456,2016-04-22,04:57:00,270,3,1533
30457,2016-04-22,05:07:00,11,1,10380
30458,2016-04-22,05:09:00,26,2,264
30459,2016-04-22,05:10:00,216,3,5034
30460,2016-04-22,05:12:00,399,3,3800
30461,2016-04-22,05:14:00,40,2,11124
30462,2016-04-22,05:16:00,449,1,5109
30463,2016-04-22,05:19:00,98,1,5314
30464,2016-04-22,05:21:00,382,2,4506
30465,2016-04-22,05:26:00,351,3,6856
30466,2016-04-22,05:37:00,177,1,4596
30467,2016-04-22,05:40:00,167,1,10418
30468,2016-04-22,06:07:00,212,1,11760
30469,2016-04-22,06:29:00,283,3,3591
30470,2016-04-22,06:41:00,442,4,2358
30471,2016-04-22,06:41:00,267,1,7823
30472,2016-04-22,06:42:00,67,1,1514
30473,2016-04-22,06:49:00,144,2,1417
30474,2016-04-22,06:50:00,118,1,2682
30475,2016-04-22,06:51:00,330,1,11068
30476,2016-04-22,07:10:00,112,3,11573
30477,2016-04-22,07:20:00,213,1,810
30478,2016-04-22,07:28:00,22,2,6591
30479,2016-04-22,07:30:00,205,3,508
30480,2016-04-22,07:33:00,398,1,3317
30481,2016-04-22,07:34:00,28,1,10838
30482,2016-04-22,07:41:00,257,3,2555
30483,2016-04-22,07:46:00,396,3,9639
30484,2016-04-22,07:49:00,138,3,6738
30485,2016-04-22,07:54:00,298,3,2493
30486,2016-04-22,08:03:00,211,2,784
30487,2016-04-22,08:06:00,253,1,3399
30488,2016-04-22,08:07:00,168,2,4490
30489,2016-04-22,08:12:00,215,1,6879
30490,2016-04-22,08:20:00,32,1,1640
30491,2016-04-22,08:26:00,302,2,10550
30492,2016-04-22,08:35:00,106,1,9951
30493,2016-04-22,08:36:00,138,4,2737
30494,2016-04-22,08:37:00,237,1,5799
30495,2016-04-22,08:45:00,443,1,9997
30496,2016-04-22,08:56:00,197,4,4840
30497,2016-04-22,08:57:00,202,1,1672
30498,2016-04-22,09:00:00,54,1,6737
30499,2016-04-22,09:02:00,91,1,11606
30500,2016-04-22,09:09:00,35,1,2856
30501,2016-04-22,09:17:00,457,2,3262
30502,2016-04-22,09:17:00,262,1,812
30503,2016-04-22,09:18:00,437,1,8266
30504,2016-04-22,09:34:00,134,2,7429
30505,2016-04-22,09:34:00,140,1,3931
30506,2016-04-22,09:39:00,372,1,6905
30507,2016-04-22,09:42:00,280,2,3124
30508,2016-04-22,09:42:00,263,2,7563
30509,2016-04-22,09:44:00,122,5,1349
30510,2016-04-22,09:46:00,434,3,2231
30511,2016-04-22,09:52:00,393,3,922
30512,2016-04-22,10:07:00,366,1,3905
30513,2016-04-22,10:21:00,119,2,8985
30514,2016-04-22,10:29:00,33,1,11495
30515,2016-04-22,10:56:00,321,1,8411
30516,2016-04-22,11:00:00,419,4,6474
30517,2016-04-22,11:04:00,194,1,10429
30518,2016-04-22,11:04:00,7,2,6193
30519,2016-04-22,11:06:00,324,3,378
30520,2016-04-22,11:10:00,125,2,4428
30521,2016-04-22,11:13:00,346,2,3404
30522,2016-04-22,11:27:00,76,1,11891
30523,2016-04-22,11:32:00,410,3,11772
30524,2016-04-22,11:35:00,225,2,4409
30525,2016-04-22,11:42:00,377,2,11730
30526,2016-04-22,11:46:00,273,1,6580
30527,2016-04-22,11:49:00,184,1,5146
30528,2016-04-22,11:51:00,84,1,5687
30529,2016-04-22,11:57:00,313,3,9329
30530,2016-04-22,12:00:00,240,2,11193
30531,2016-04-22,12:06:00,303,2,2546
30532,2016-04-22,12:09:00,179,4,1327
30533,2016-04-22,12:11:00,368,2,4401
30534,2016-04-22,12:32:00,430,2,2838
30535,2016-04-22,12:35:00,321,3,3861
30536,2016-04-22,12:41:00,386,1,5310
30537,2016-04-22,12:44:00,427,2,987
30538,2016-04-22,12:47:00,456,2,4940
30539,2016-04-22,12:48:00,127,2,11251
30540,2016-04-22,12:50:00,345,2,6704
30541,2016-04-22,12:53:00,427,1,4559
30542,2016-04-22,13:03:00,284,3,3900
30543,2016-04-22,13:11:00,14,3,1781
30544,2016-04-22,13:20:00,400,3,3390
30545,2016-04-22,13:23:00,46,2,2944
30546,2016-04-22,13:27:00,344,1,91
30547,2016-04-22,13:33:00,35,1,2689
30548,2016-04-22,13:34:00,316,2,11073
30549,2016-04-22,13:43:00,352,3,6846
30550,2016-04-22,13:44:00,48,3,298
30551,2016-04-22,13:45:00,124,1,7174
30552,2016-04-22,13:49:00,394,1,8991
30553,2016-04-22,13:50:00,437,2,11325
30554,2016-04-22,14:00:00,409,2,11491
30555,2016-04-22,14:00:00,329,4,6405
30556,2016-04-22,14:05:00,154,2,196
30557,2016-04-22,14:08:00,294,1,5581
30558,2016-04-22,14:15:00,240,2,2166
30559,2016-04-22,14:21:00,262,2,2762
30560,2016-04-22,14:22:00,63,1,7531
30561,2016-04-22,14:27:00,6,3,2338
30562,2016-04-22,14:27:00,41,2,2633
30563,2016-04-22,14:29:00,407,4,9183
30564,2016-04-22,14:34:00,85,2,2794
30565,2016-04-22,14:35:00,17,2,6537
30566,2016-04-22,14:38:00,136,3,10054
30567,2016-04-22,14:39:00,378,2,10143
30568,2016-04-22,14:59:00,161,2,5353
30569,2016-04-22,15:06:00,19,1,5618
30570,2016-04-22,15:15:00,280,1,8660
30571,2016-04-22,15:32:00,144,2,4534
30572,2016-04-22,16:01:00,54,1,3571
30573,2016-04-22,16:13:00,9,1,7732
30574,2016-04-22,16:13:00,252,1,8990
30575,2016-04-22,16:21:00,324,1,7957
30576,2016-04-22,16:24:00,455,1,6555
30577,2016-04-22,16:25:00,218,3,94
30578,2016-04-22,16:26:00,280,2,11830
30579,2016-04-22,16:37:00,168,1,11834
30580,2016-04-22,16:38:00,367,1,480
30581,2016-04-22,16:50:00,428,1,786
30582,2016-04-22,16:51:00,355,2,5126
30583,2016-04-22,17:00:00,408,1,8756
30584,2016-04-22,17:03:00,381,1,8848
30585,2016-04-22,17:05:00,278,2,545
30586,2016-04-22,17:05:00,33,3,4912
30587,2016-04-22,17:06:00,398,1,3354
30588,2016-04-22,17:15:00,398,1,5316
30589,2016-04-22,17:18:00,386,2,7460
30590,2016-04-22,17:25:00,243,3,1110
30591,2016-04-22,17:26:00,245,2,10693
30592,2016-04-22,17:28:00,345,3,10881
30593,2016-04-22,17:33:00,334,2,4056
30594,2016-04-22,17:37:00,413,1,9328
30595,2016-04-22,17:39:00,105,4,7555
30596,2016-04-22,17:39:00,239,3,3323
30597,2016-04-22,17:41:00,89,3,11086
30598,2016-04-22,17:44:00,307,1,7969
30599,2016-04-22,17:48:00,236,2,7826
30600,2016-04-22,17:54:00,362,2,3227
30601,2016-04-22,17:57:00,226,1,2139
30602,2016-04-22,18:07:00,112,2,8046
30603,2016-04-22,18:14:00,94,3,9251
30604,2016-04-22,18:19:00,15,1,2145
30605,2016-04-22,18:20:00,451,3,9029
30606,2016-04-22,18:26:00,403,2,8688
30607,2016-04-22,18:27:00,313,2,11288
30608,2016-04-22,18:29:00,297,3,9975
30609,2016-04-22,18:49:00,339,2,3099
30610,2016-04-22,18:50:00,156,3,7796
30611,2016-04-22,18:56:00,383,1,3914
30612,2016-04-22,19:00:00,225,1,10529
30613,2016-04-22,19:01:00,98,1,1904
30614,2016-04-22,19:16:00,251,2,11480
30615,2016-04-22,19:23:00,16,2,7856
30616,2016-04-22,19:35:00,436,2,6881
30617,2016-04-22,19:37:00,342,2,5935
30618,2016-04-22,19:41:00,24,2,9914
30619,2016-04-22,19:42:00,44,2,5879
30620,2016-04-22,19:48:00,276,1,6648
30621,2016-04-22,19:48:00,430,1,7808
30622,2016-04-22,19:48:00,112,2,9146
30623,2016-04-22,19:58:00,247,1,11134
30624,2016-04-22,20:06:00,278,1,283
30625,2016-04-22,20:10:00,200,3,7214
30626,2016-04-22,20:21:00,263,2,3921
30627,2016-04-22,20:25:00,319,2,5726
30628,2016-04-22,20:28:00,132,1,4521
30629,2016-04-22,20:34:00,32,2,1609
30630,2016-04-22,20:35:00,78,2,10425
30631,2016-04-22,20:39:00,358,1,4297
30632,2016-04-22,20:47:00,176,2,3757
30633,2016-04-22,21:00:00,153,3,7431
30634,2016-04-22,21:01:00,268,2,683
30635,2016-04-22,21:03:00,351,2,496
30636,2016-04-22,21:18:00,52,2,451
30637,2016-04-22,21:22:00,28,2,580
30638,2016-04-22,21:26:00,272,2,6330
30639,2016-04-22,21:32:00,152,4,5745
30640,2016-04-22,21:32:00,95,3,4600
30641,2016-04-22,21:33:00,284,1,9164
30642,2016-04-22,21:34:00,292,2,6781
30643,2016-04-22,22:04:00,383,1,2937
30644,2016-04-22,22:07:00,315,1,6636
30645,2016-04-22,22:09:00,401,3,8718
30646,2016-04-22,22:10:00,259,1,9643
30647,2016-04-22,22:15:00,142,2,6384
30648,2016-04-22,22:17:00,269,2,4784
30649,2016-04-22,22:18:00,72,1,4443
30650,2016-04-22,22:19:00,129,2,11413
30651,2016-04-22,22:22:00,344,1,2322
30652,2016-04-22,22:24:00,35,3,8651
30653,2016-04-22,22:27:00,303,2,9999
30654,2016-04-22,22:28:00,233,2,5819
30655,2016-04-22,22:34:00,183,1,7764
30656,2016-04-22,22:47:00,250,1,4074
30657,2016-04-22,22:50:00,76,2,5261
30658,2016-04-22,22:53:00,425,3,7910
30659,2016-04-22,22:59:00,93,1,8778
30660,2016-04-22,23:01:00,232,2,3619
30661,2016-04-22,23:18:00,328,1,2218
30662,2016-04-22,23:18:00,167,2,4786
30663,2016-04-22,23:25:00,341,3,9153
30664,2016-04-22,23:29:00,315,2,4803
30665,2016-04-22,23:31:00,167,1,7261
30666,2016-04-22,23:35:00,262,2,410
30667,2016-04-22,23:50:00,299,2,5670
30668,2016-04-22,23:53:00,388,2,682
30669,2016-04-22,23:56:00,38,3,2747
30670,2016-04-23,00:04:00,444,2,10898
30671,2016-04-23,00:08:00,163,3,8415
30672,2016-04-23,00:27:00,163,3,2930
30673,2016-04-23,00:27:00,116,3,11203
30674,2016-04-23,00:29:00,347,3,4707
30675,2016-04-23,00:30:00,64,1,10312
30676,2016-04-23,00:32:00,281,3,9977
30677,2016-04-23,00:38:00,254,4,677
30678,2016-04-23,00:47:00,251,1,6435
30679,2016-04-23,00:52:00,10,1,10459
30680,2016-04-23,01:09:00,211,2,10510
30681,2016-04-23,01:24:00,176,1,11300
30682,2016-04-23,01:39:00,440,2,11677
30683,2016-04-23,01:52:00,403,3,1555
30684,2016-04-23,01:53:00,340,1,4346
30685,2016-04-23,01:54:00,299,1,7424
30686,2016-04-23,01:54:00,25,4,807
30687,2016-04-23,02:07:00,26,1,8110
30688,2016-04-23,02:30:00,318,2,11585
30689,2016-04-23,02:35:00,220,1,2508
30690,2016-04-23,02:40:00,397,1,6520
30691,2016-04-23,02:43:00,130,2,5552
30692,2016-04-23,02:47:00,113,1,8315
30693,2016-04-23,02:53:00,71,5,1363
30694,2016-04-23,02:57:00,241,2,4124
30695,2016-04-23,03:03:00,414,2,1189
30696,2016-04-23,03:03:00,209,2,10408
30697,2016-04-23,03:23:00,294,3,9343
30698,2016-04-23,03:30:00,378,2,4600
30699,2016-04-23,03:31:00,171,2,7091
30700,2016-04-23,03:31:00,62,1,6879
30701,2016-04-23,03:40:00,84,1,7894
30702,2016-04-23,03:45:00,291,2,6057
30703,2016-04-23,04:04:00,421,1,7173
30704,2016-04-23,04:11:00,146,3,9783
30705,2016-04-23,04:14:00,156,1,565
30706,2016-04-23,04:15:00,33,1,5040
30707,2016-04-23,04:15:00,62,2,9154
30708,2016-04-23,04:20:00,314,3,3626
30709,2016-04-23,04:21:00,172,3,2735
30710,2016-04-23,04:27:00,411,4,4821
30711,2016-04-23,04:37:00,388,5,8678
30712,2016-04-23,04:40:00,13,1,5197
30713,2016-04-23,04:41:00,70,3,115
30714,2016-04-23,04:41:00,410,1,6586
30715,2016-04-23,04:48:00,182,4,3806
30716,2016-04-23,04:53:00,407,2,3712
30717,2016-04-23,04:57:00,231,1,1259
30718,2016-04-23,04:59:00,426,1,4990
30719,2016-04-23,05:01:00,377,1,6060
30720,2016-04-23,05:03:00,337,3,3986
30721,2016-04-23,05:26:00,246,2,6066
30722,2016-04-23,05:27:00,112,1,9396
30723,2016-04-23,05:37:00,198,2,11631
30724,2016-04-23,05:38:00,14,1,10457
30725,2016-04-23,05:41:00,430,1,335
30726,2016-04-23,05:41:00,347,2,10074
30727,2016-04-23,05:41:00,181,3,6265
30728,2016-04-23,05:43:00,447,2,6625
30729,2016-04-23,05:52:00,421,2,45
30730,2016-04-23,05:53:00,412,1,3879
30731,2016-04-23,05:56:00,378,1,11506
30732,2016-04-23,06:00:00,274,1,6702
30733,2016-04-23,06:07:00,49,3,5840
30734,2016-04-23,06:07:00,68,1,11902
30735,2016-04-23,06:09:00,170,1,6302
30736,2016-04-23,06:09:00,173,3,8721
30737,2016-04-23,06:36:00,203,3,1634
30738,2016-04-23,06:39:00,447,1,1265
30739,2016-04-23,06:51:00,22,2,5814
30740,2016-04-23,07:07:00,426,3,2964
30741,2016-04-23,07:09:00,276,2,4178
30742,2016-04-23,07:14:00,42,1,696
30743,2016-04-23,07:24:00,102,1,2612
30744,2016-04-23,07:28:00,166,4,8633
30745,2016-04-23,07:34:00,15,1,3980
30746,2016-04-23,07:38:00,207,3,11506
30747,2016-04-23,07:40:00,37,1,5732
30748,2016-04-23,07:43:00,4,3,4886
30749,2016-04-23,08:10:00,420,3,4385
30750,2016-04-23,08:10:00,23,1,6816
30751,2016-04-23,08:19:00,107,3,10591
30752,2016-04-23,08:24:00,82,1,5455
30753,2016-04-23,08:41:00,35,3,7061
30754,2016-04-23,08:49:00,93,5,5746
30755,2016-04-23,08:50:00,42,5,6626
30756,2016-04-23,08:58:00,365,1,5255
30757,2016-04-23,08:59:00,332,3,446
30758,2016-04-23,09:01:00,420,2,6889
30759,2016-04-23,09:10:00,303,3,3583
30760,2016-04-23,09:10:00,407,1,7231
30761,2016-04-23,09:11:00,67,2,6167
30762,2016-04-23,09:30:00,367,2,7706
30763,2016-04-23,09:33:00,108,3,3848
30764,2016-04-23,09:43:00,412,1,9330
30765,2016-04-23,09:52:00,446,3,4111
30766,2016-04-23,09:53:00,440,1,2692
30767,2016-04-23,09:54:00,383,1,1787
30768,2016-04-23,10:00:00,359,1,5115
30769,2016-04-23,10:00:00,138,4,5295
30770,2016-04-23,10:14:00,313,1,8241
30771,2016-04-23,10:19:00,15,1,10570
30772,2016-04-23,10:24:00,454,1,11023
30773,2016-04-23,10:30:00,258,3,1225
30774,2016-04-23,10:43:00,231,2,7055
30775,2016-04-23,10:44:00,127,3,8473
30776,2016-04-23,10:45:00,184,3,8065
30777,2016-04-23,10:46:00,423,5,9805
30778,2016-04-23,10:50:00,365,2,9245
30779,2016-04-23,10:53:00,331,2,3951
30780,2016-04-23,10:54:00,330,4,4389
30781,2016-04-23,10:54:00,451,1,4452
30782,2016-04-23,10:57:00,176,2,6299
30783,2016-04-23,11:02:00,101,1,101
30784,2016-04-23,11:05:00,195,1,4600
30785,2016-04-23,11:07:00,427,4,7079
30786,2016-04-23,11:10:00,207,2,8898
30787,2016-04-23,11:11:00,373,2,6718
30788,2016-04-23,11:14:00,220,4,4433
30789,2016-04-23,11:19:00,200,3,3663
30790,2016-04-23,11:45:00,22,2,2003
30791,2016-04-23,11:50:00,94,2,1252
30792,2016-04-23,11:50:00,258,2,1998
30793,2016-04-23,11:57:00,128,1,11092
30794,2016-04-23,12:01:00,410,5,9606
30795,2016-04-23,12:01:00,221,1,9560
30796,2016-04-23,12:07:00,67,6,2528
30797,2016-04-23,12:09:00,18,5,399
30798,2016-04-23,12:16:00,225,2,9135
30799,2016-04-23,12:19:00,438,3,3158
30800,2016-04-23,12:34:00,408,1,675
30801,2016-04-23,12:44:00,138,1,5071
30802,2016-04-23,12:46:00,366,2,9521
30803,2016-04-23,12:51:00,269,2,623
30804,2016-04-23,12:51:00,195,1,6633
30805,2016-04-23,12:59:00,109,1,2684
30806,2016-04-23,13:14:00,13,1,6131
30807,2016-04-23,13:19:00,30,1,1326
30808,2016-04-23,13:24:00,360,2,11327
30809,2016-04-23,13:28:00,451,2,7416
30810,2016-04-23,13:32:00,268,1,131
30811,2016-04-23,13:41:00,199,2,7295
30812,2016-04-23,13:43:00,365,2,4851
30813,2016-04-23,13:44:00,407,3,10302
30814,2016-04-23,13:47:00,68,2,9854
30815,2016-04-23,13:47:00,239,3,2596
30816,2016-04-23,13:53:00,216,2,9014
30817,2016-04-23,13:53:00,10,4,10510
30818,2016-04-23,14:13:00,269,1,7438
30819,2016-04-23,14:19:00,114,1,10587
30820,2016-04-23,14:27:00,114,2,10205
30821,2016-04-23,14:38:00,18,3,9276
30822,2016-04-23,14:40:00,44,1,10486
30823,2016-04-23,14:41:00,227,1,5139
30824,2016-04-23,14:48:00,10,2,8045
30825,2016-04-23,14:57:00,60,2,6209
30826,2016-04-23,15:02:00,204,1,10706
30827,2016-04-23,15:05:00,23,2,5814
30828,2016-04-23,15:06:00,94,3,466
30829,2016-04-23,15:12:00,354,2,444
30830,2016-04-23,15:12:00,85,1,8043
30831,2016-04-23,15:18:00,228,1,10224
30832,2016-04-23,15:26:00,35,2,11969
30833,2016-04-23,15:42:00,392,1,7328
30834,2016-04-23,15:48:00,32,4,697
30835,2016-04-23,15:53:00,71,1,467
30836,2016-04-23,15:55:00,125,2,9242
30837,2016-04-23,15:59:00,25,2,8595
30838,2016-04-23,16:01:00,449,2,480
30839,2016-04-23,16:04:00,345,1,8612
30840,2016-04-23,16:17:00,168,3,1829
30841,2016-04-23,16:30:00,183,2,7872
30842,2016-04-23,16:30:00,161,1,11100
30843,2016-04-23,16:31:00,404,3,3462
30844,2016-04-23,16:34:00,148,3,3844
30845,2016-04-23,16:41:00,185,1,5112
30846,2016-04-23,16:49:00,187,1,6868
30847,2016-04-23,16:54:00,282,2,5879
30848,2016-04-23,17:00:00,85,1,6133
30849,2016-04-23,17:01:00,282,3,3452
30850,2016-04-23,17:05:00,359,5,5416
30851,2016-04-23,17:07:00,440,3,9096
30852,2016-04-23,17:10:00,267,2,2883
30853,2016-04-23,17:23:00,226,1,6455
30854,2016-04-23,17:26:00,72,3,2630
30855,2016-04-23,17:39:00,262,2,2907
30856,2016-04-23,17:43:00,447,1,11990
30857,2016-04-23,17:48:00,401,2,4743
30858,2016-04-23,17:55:00,259,3,7486
30859,2016-04-23,17:57:00,62,2,4241
30860,2016-04-23,17:57:00,247,2,9200
30861,2016-04-23,18:02:00,263,1,4071
30862,2016-04-23,18:04:00,75,2,1842
30863,2016-04-23,18:04:00,217,1,1253
30864,2016-04-23,18:06:00,391,2,4430
30865,2016-04-23,18:11:00,256,2,10611
30866,2016-04-23,18:12:00,423,1,8354
30867,2016-04-23,18:24:00,346,3,71
30868,2016-04-23,18:26:00,72,1,8696
30869,2016-04-23,18:33:00,50,1,1879
30870,2016-04-23,18:39:00,53,1,8968
30871,2016-04-23,18:41:00,331,2,9506
30872,2016-04-23,18:45:00,80,1,2596
30873,2016-04-23,18:47:00,442,1,1621
30874,2016-04-23,18:49:00,280,2,9269
30875,2016-04-23,18:55:00,129,1,5676
30876,2016-04-23,18:55:00,451,2,9294
30877,2016-04-23,18:59:00,89,1,1068
30878,2016-04-23,19:09:00,332,3,4824
30879,2016-04-23,19:12:00,1,1,6020
30880,2016-04-23,19:18:00,388,1,3935
30881,2016-04-23,19:21:00,149,2,1336
30882,2016-04-23,19:31:00,65,1,10058
30883,2016-04-23,19:31:00,350,4,11977
30884,2016-04-23,19:33:00,199,2,9953
30885,2016-04-23,20:07:00,68,1,6425
30886,2016-04-23,20:08:00,267,2,4776
30887,2016-04-23,20:15:00,116,1,6143
30888,2016-04-23,20:17:00,299,2,3573
30889,2016-04-23,20:25:00,431,4,10240
30890,2016-04-23,20:29:00,110,3,6307
30891,2016-04-23,20:30:00,106,2,1208
30892,2016-04-23,20:31:00,75,2,3044
30893,2016-04-23,20:31:00,300,1,2493
30894,2016-04-23,20:42:00,25,2,9648
30895,2016-04-23,20:43:00,429,2,142
30896,2016-04-23,20:52:00,153,1,9729
30897,2016-04-23,20:54:00,91,2,2593
30898,2016-04-23,20:54:00,42,1,6212
30899,2016-04-23,20:59:00,12,6,2304
30900,2016-04-23,21:01:00,422,1,8745
30901,2016-04-23,21:25:00,344,1,8772
30902,2016-04-23,21:28:00,14,2,8421
30903,2016-04-23,21:31:00,194,3,7233
30904,2016-04-23,21:37:00,356,1,6183
30905,2016-04-23,21:42:00,68,1,4111
30906,2016-04-23,21:43:00,84,1,6691
30907,2016-04-23,21:44:00,348,3,788
30908,2016-04-23,21:46:00,74,2,10260
30909,2016-04-23,21:49:00,223,3,2289
30910,2016-04-23,21:53:00,435,1,6454
30911,2016-04-23,22:01:00,330,2,3082
30912,2016-04-23,22:12:00,276,3,6321
30913,2016-04-23,22:15:00,166,2,1044
30914,2016-04-23,22:15:00,221,2,8156
30915,2016-04-23,22:15:00,418,1,3384
30916,2016-04-23,22:20:00,131,1,8976
30917,2016-04-23,22:32:00,287,2,1492
30918,2016-04-23,22:38:00,91,1,22
30919,2016-04-23,22:39:00,111,2,6804
30920,2016-04-23,22:43:00,72,1,10545
30921,2016-04-23,22:43:00,115,1,4897
30922,2016-04-23,22:43:00,360,1,7491
30923,2016-04-23,22:46:00,198,4,1388
30924,2016-04-23,22:58:00,403,1,11310
30925,2016-04-23,23:00:00,154,3,4684
30926,2016-04-23,23:01:00,35,2,2628
30927,2016-04-23,23:08:00,96,4,5830
30928,2016-04-23,23:10:00,322,1,11359
30929,2016-04-23,23:13:00,408,3,10782
30930,2016-04-23,23:23:00,12,1,5283
30931,2016-04-23,23:34:00,282,1,414
30932,2016-04-23,23:40:00,8,2,6619
30933,2016-04-23,23:42:00,258,2,10579
30934,2016-04-23,23:53:00,282,2,1283
30935,2016-04-23,23:55:00,457,3,9775
30936,2016-04-23,23:55:00,376,3,11676
30937,2016-04-24,00:11:00,133,4,9353
30938,2016-04-24,00:15:00,222,1,11645
30939,2016-04-24,00:15:00,303,2,2261
30940,2016-04-24,00:25:00,376,2,5659
30941,2016-04-24,00:26:00,18,1,1454
30942,2016-04-24,00:32:00,110,4,4379
30943,2016-04-24,00:36:00,214,1,5427
30944,2016-04-24,00:41:00,401,2,400
30945,2016-04-24,00:50:00,186,2,9686
30946,2016-04-24,01:00:00,427,1,6181
30947,2016-04-24,01:00:00,301,1,11488
30948,2016-04-24,01:01:00,35,1,11676
30949,2016-04-24,01:01:00,407,4,7825
30950,2016-04-24,01:09:00,374,1,4520
30951,2016-04-24,01:12:00,404,1,3236
30952,2016-04-24,01:24:00,258,2,3661
30953,2016-04-24,01:24:00,163,3,2503
30954,2016-04-24,01:25:00,408,1,6487
30955,2016-04-24,01:31:00,383,5,11113
30956,2016-04-24,01:38:00,166,1,8428
30957,2016-04-24,01:42:00,77,6,6758
30958,2016-04-24,01:42:00,275,1,10151
30959,2016-04-24,01:47:00,310,3,8619
30960,2016-04-24,01:47:00,301,1,3525
30961,2016-04-24,01:49:00,223,3,6960
30962,2016-04-24,01:50:00,25,1,2157
30963,2016-04-24,01:50:00,387,2,4732
30964,2016-04-24,01:51:00,17,1,1735
30965,2016-04-24,01:53:00,176,2,4340
30966,2016-04-24,01:54:00,83,1,124
30967,2016-04-24,01:55:00,269,1,6232
30968,2016-04-24,01:55:00,427,3,1485
30969,2016-04-24,02:15:00,384,1,7646
30970,2016-04-24,02:16:00,23,1,2975
30971,2016-04-24,02:21:00,105,3,5329
30972,2016-04-24,02:23:00,240,3,5363
30973,2016-04-24,02:25:00,304,2,10694
30974,2016-04-24,02:34:00,339,2,4399
30975,2016-04-24,02:42:00,280,2,32
30976,2016-04-24,02:43:00,63,2,7960
30977,2016-04-24,02:43:00,169,2,5107
30978,2016-04-24,02:44:00,77,4,9562
30979,2016-04-24,02:51:00,124,1,9595
30980,2016-04-24,03:09:00,389,1,3137
30981,2016-04-24,03:12:00,185,1,3306
30982,2016-04-24,03:15:00,107,2,10239
30983,2016-04-24,03:25:00,249,2,1968
30984,2016-04-24,03:27:00,351,1,2171
30985,2016-04-24,03:28:00,202,1,1163
30986,2016-04-24,03:34:00,221,1,5420
30987,2016-04-24,03:36:00,254,2,1036
30988,2016-04-24,03:37:00,391,2,8815
30989,2016-04-24,03:50:00,130,1,2073
30990,2016-04-24,03:56:00,383,2,6060
30991,2016-04-24,04:05:00,60,1,5575
30992,2016-04-24,04:07:00,71,3,9359
30993,2016-04-24,04:13:00,177,2,5674
30994,2016-04-24,04:22:00,455,3,1989
30995,2016-04-24,04:26:00,444,1,8426
30996,2016-04-24,04:32:00,119,2,6240
30997,2016-04-24,04:47:00,278,1,10993
30998,2016-04-24,04:49:00,148,3,11880
30999,2016-04-24,04:50:00,209,2,171
31000,2016-04-24,04:51:00,394,1,7222
31001,2016-04-24,04:53:00,49,1,11903
31002,2016-04-24,04:55:00,27,2,8580
31003,2016-04-24,04:55:00,265,2,11900
31004,2016-04-24,05:01:00,22,3,254
31005,2016-04-24,05:01:00,451,1,945
31006,2016-04-24,05:09:00,418,2,8899
31007,2016-04-24,05:15:00,25,4,10184
31008,2016-04-24,05:16:00,112,2,4523
31009,2016-04-24,05:21:00,153,1,6770
31010,2016-04-24,05:26:00,87,1,7792
31011,2016-04-24,05:38:00,305,1,7836
31012,2016-04-24,05:56:00,50,2,141
31013,2016-04-24,06:01:00,179,2,4637
31014,2016-04-24,06:05:00,257,3,1675
31015,2016-04-24,06:12:00,201,3,7492
31016,2016-04-24,06:13:00,274,2,9913
31017,2016-04-24,06:20:00,233,2,10353
31018,2016-04-24,06:20:00,212,3,4959
31019,2016-04-24,06:23:00,76,2,1092
31020,2016-04-24,06:39:00,336,4,7150
31021,2016-04-24,06:40:00,314,3,10900
31022,2016-04-24,06:57:00,222,3,10837
31023,2016-04-24,07:01:00,54,2,127
31024,2016-04-24,07:17:00,364,3,3160
31025,2016-04-24,07:23:00,82,3,9728
31026,2016-04-24,07:27:00,16,2,8423
31027,2016-04-24,07:31:00,134,1,10588
31028,2016-04-24,07:32:00,163,3,9469
31029,2016-04-24,07:32:00,311,4,10276
31030,2016-04-24,07:36:00,257,1,1930
31031,2016-04-24,07:38:00,230,1,8281
31032,2016-04-24,07:39:00,335,3,7821
31033,2016-04-24,07:45:00,35,1,2822
31034,2016-04-24,07:46:00,188,3,7323
31035,2016-04-24,07:57:00,193,2,4176
31036,2016-04-24,07:57:00,308,1,2995
31037,2016-04-24,08:02:00,307,2,7786
31038,2016-04-24,08:16:00,412,2,6750
31039,2016-04-24,08:22:00,346,1,5034
31040,2016-04-24,08:24:00,122,2,4222
31041,2016-04-24,08:32:00,234,1,5827
31042,2016-04-24,08:40:00,336,3,11637
31043,2016-04-24,08:44:00,12,1,6215
31044,2016-04-24,09:07:00,155,1,3300
31045,2016-04-24,09:12:00,334,2,9251
31046,2016-04-24,09:13:00,303,3,11763
31047,2016-04-24,09:23:00,117,1,2832
31048,2016-04-24,09:25:00,84,3,2959
31049,2016-04-24,09:43:00,440,1,136
31050,2016-04-24,09:48:00,186,3,5472
31051,2016-04-24,09:53:00,363,3,7584
31052,2016-04-24,09:55:00,196,5,4445
31053,2016-04-24,10:01:00,356,4,2886
31054,2016-04-24,10:09:00,219,2,4932
31055,2016-04-24,10:18:00,378,2,11631
31056,2016-04-24,10:20:00,409,2,9865
31057,2016-04-24,10:21:00,275,2,4273
31058,2016-04-24,10:23:00,304,3,7895
31059,2016-04-24,10:25:00,345,2,11639
31060,2016-04-24,10:32:00,176,2,1399
31061,2016-04-24,10:33:00,354,3,4829
31062,2016-04-24,10:35:00,438,1,9863
31063,2016-04-24,10:38:00,351,5,4806
31064,2016-04-24,10:40:00,295,1,1927
31065,2016-04-24,10:43:00,97,1,7329
31066,2016-04-24,10:52:00,64,2,5962
31067,2016-04-24,10:59:00,100,2,364
31068,2016-04-24,10:59:00,170,3,6665
31069,2016-04-24,11:04:00,307,3,9363
31070,2016-04-24,11:04:00,5,4,7677
31071,2016-04-24,11:08:00,69,1,9320
31072,2016-04-24,11:12:00,449,3,6591
31073,2016-04-24,11:13:00,99,1,7125
31074,2016-04-24,11:14:00,144,2,10208
31075,2016-04-24,11:22:00,9,1,3349
31076,2016-04-24,11:26:00,334,3,1887
31077,2016-04-24,11:31:00,296,1,9823
31078,2016-04-24,11:32:00,221,2,10217
31079,2016-04-24,11:34:00,115,2,5283
31080,2016-04-24,11:35:00,400,2,10776
31081,2016-04-24,11:35:00,246,3,9971
31082,2016-04-24,12:11:00,32,1,3877
31083,2016-04-24,12:16:00,105,1,7639
31084,2016-04-24,12:21:00,116,1,7904
31085,2016-04-24,12:22:00,254,1,7901
31086,2016-04-24,12:28:00,38,2,7403
31087,2016-04-24,12:32:00,69,2,11929
31088,2016-04-24,12:38:00,84,3,518
31089,2016-04-24,12:51:00,323,2,7074
31090,2016-04-24,13:07:00,156,1,4094
31091,2016-04-24,13:17:00,355,1,7279
31092,2016-04-24,13:18:00,286,2,6364
31093,2016-04-24,13:18:00,437,3,1183
31094,2016-04-24,13:27:00,300,3,3386
31095,2016-04-24,13:32:00,152,1,722
31096,2016-04-24,13:39:00,315,1,9717
31097,2016-04-24,13:46:00,445,3,7109
31098,2016-04-24,13:59:00,309,2,2758
31099,2016-04-24,14:03:00,257,1,7093
31100,2016-04-24,14:08:00,168,2,11592
31101,2016-04-24,14:13:00,413,3,2442
31102,2016-04-24,14:21:00,388,2,4725
31103,2016-04-24,14:26:00,104,3,2372
31104,2016-04-24,14:30:00,418,2,11322
31105,2016-04-24,14:33:00,121,3,8241
31106,2016-04-24,14:34:00,89,2,1843
31107,2016-04-24,14:37:00,211,3,3235
31108,2016-04-24,14:53:00,389,1,11437
31109,2016-04-24,15:13:00,220,3,10914
31110,2016-04-24,15:20:00,281,2,7455
31111,2016-04-24,15:25:00,239,2,5235
31112,2016-04-24,15:30:00,327,1,5634
31113,2016-04-24,15:37:00,304,1,3862
31114,2016-04-24,15:39:00,110,2,6412
31115,2016-04-24,15:40:00,338,3,5175
31116,2016-04-24,15:42:00,14,2,8687
31117,2016-04-24,16:00:00,199,3,7393
31118,2016-04-24,16:04:00,141,2,5993
31119,2016-04-24,16:12:00,436,1,6749
31120,2016-04-24,16:13:00,399,2,3057
31121,2016-04-24,16:14:00,98,1,10960
31122,2016-04-24,16:16:00,383,5,7849
31123,2016-04-24,16:17:00,260,3,10700
31124,2016-04-24,16:20:00,196,4,2108
31125,2016-04-24,16:34:00,344,3,6473
31126,2016-04-24,16:41:00,414,1,1116
31127,2016-04-24,16:52:00,33,3,2612
31128,2016-04-24,16:54:00,134,1,8549
31129,2016-04-24,16:54:00,3,1,3623
31130,2016-04-24,16:58:00,402,1,10835
31131,2016-04-24,17:06:00,233,2,7143
31132,2016-04-24,17:08:00,404,1,6118
31133,2016-04-24,17:08:00,330,3,3387
31134,2016-04-24,17:11:00,397,1,11422
31135,2016-04-24,17:13:00,382,1,2095
31136,2016-04-24,17:31:00,188,1,6444
31137,2016-04-24,17:35:00,271,2,1118
31138,2016-04-24,17:44:00,84,4,3160
31139,2016-04-24,17:45:00,375,3,5308
31140,2016-04-24,17:50:00,292,2,6074
31141,2016-04-24,17:53:00,326,1,9706
31142,2016-04-24,17:53:00,195,2,2730
31143,2016-04-24,17:53:00,202,2,4737
31144,2016-04-24,18:00:00,273,3,6581
31145,2016-04-24,18:04:00,186,3,1232
31146,2016-04-24,18:07:00,94,3,7053
31147,2016-04-24,18:08:00,423,2,8244
31148,2016-04-24,18:10:00,283,3,8984
31149,2016-04-24,18:20:00,374,1,7885
31150,2016-04-24,18:26:00,348,4,7052
31151,2016-04-24,18:32:00,59,2,4790
31152,2016-04-24,18:40:00,450,2,97
31153,2016-04-24,18:45:00,106,2,4474
31154,2016-04-24,18:45:00,223,4,7739
31155,2016-04-24,18:50:00,344,2,3986
31156,2016-04-24,18:58:00,1,3,11463
31157,2016-04-24,19:02:00,172,1,8494
31158,2016-04-24,19:05:00,121,3,7858
31159,2016-04-24,19:18:00,170,1,2457
31160,2016-04-24,19:20:00,91,2,11194
31161,2016-04-24,19:29:00,299,3,5194
31162,2016-04-24,19:30:00,77,1,1693
31163,2016-04-24,19:39:00,55,3,419
31164,2016-04-24,19:39:00,405,2,11084
31165,2016-04-24,19:40:00,108,2,9962
31166,2016-04-24,19:43:00,288,1,571
31167,2016-04-24,19:45:00,352,4,8138
31168,2016-04-24,19:48:00,115,3,1799
31169,2016-04-24,19:48:00,330,3,2114
31170,2016-04-24,20:03:00,18,1,11543
31171,2016-04-24,20:18:00,42,4,11116
31172,2016-04-24,20:19:00,272,2,11105
31173,2016-04-24,20:19:00,332,4,5343
31174,2016-04-24,20:25:00,81,2,10834
31175,2016-04-24,20:27:00,362,3,5498
31176,2016-04-24,20:29:00,307,1,8273
31177,2016-04-24,20:43:00,25,2,4
31178,2016-04-24,20:46:00,222,2,14
31179,2016-04-24,20:49:00,393,2,404
31180,2016-04-24,20:49:00,412,1,1747
31181,2016-04-24,20:56:00,259,1,8722
31182,2016-04-24,20:58:00,102,2,8476
31183,2016-04-24,21:00:00,106,1,2441
31184,2016-04-24,21:09:00,327,1,3485
31185,2016-04-24,21:26:00,160,1,10496
31186,2016-04-24,21:26:00,156,1,5045
31187,2016-04-24,21:39:00,425,2,3128
31188,2016-04-24,21:39:00,113,3,3647
31189,2016-04-24,21:42:00,413,1,4972
31190,2016-04-24,21:42:00,256,1,8160
31191,2016-04-24,21:50:00,431,1,6299
31192,2016-04-24,21:54:00,159,2,10603
31193,2016-04-24,21:59:00,73,3,11949
31194,2016-04-24,22:02:00,238,1,1083
31195,2016-04-24,22:02:00,401,1,7675
31196,2016-04-24,22:06:00,205,2,9327
31197,2016-04-24,22:24:00,181,1,3630
31198,2016-04-24,22:30:00,7,2,8968
31199,2016-04-24,22:33:00,254,4,10701
31200,2016-04-24,22:51:00,434,3,11590
31201,2016-04-24,23:02:00,241,2,3374
31202,2016-04-24,23:18:00,271,1,7140
31203,2016-04-24,23:28:00,144,1,2710
31204,2016-04-24,23:47:00,3,3,6547
31205,2016-04-24,23:49:00,278,3,7135
31206,2016-04-24,23:52:00,386,2,4705
31207,2016-04-24,23:59:00,35,5,10714
31208,2016-04-25,00:10:00,290,3,5164
31209,2016-04-25,00:15:00,185,1,6438
31210,2016-04-25,00:21:00,103,1,874
31211,2016-04-25,00:25:00,227,2,2431
31212,2016-04-25,00:27:00,82,3,5415
31213,2016-04-25,00:28:00,437,2,834
31214,2016-04-25,00:31:00,95,2,3008
31215,2016-04-25,00:35:00,294,1,8085
31216,2016-04-25,00:36:00,36,2,8370
31217,2016-04-25,01:06:00,192,1,11884
31218,2016-04-25,01:16:00,275,2,10020
31219,2016-04-25,01:19:00,331,1,1047
31220,2016-04-25,01:20:00,185,1,5390
31221,2016-04-25,01:22:00,169,1,1178
31222,2016-04-25,01:22:00,358,1,8115
31223,2016-04-25,01:32:00,157,1,10546
31224,2016-04-25,01:39:00,324,1,4032
31225,2016-04-25,01:51:00,190,1,5850
31226,2016-04-25,01:52:00,327,1,2421
31227,2016-04-25,01:52:00,329,1,9352
31228,2016-04-25,01:59:00,63,1,4910
31229,2016-04-25,02:01:00,132,2,10742
31230,2016-04-25,02:09:00,80,3,9233
31231,2016-04-25,02:18:00,131,1,39
31232,2016-04-25,02:22:00,102,2,3331
31233,2016-04-25,02:22:00,128,2,8440
31234,2016-04-25,02:23:00,366,2,3731
31235,2016-04-25,02:25:00,324,2,11023
31236,2016-04-25,02:32:00,82,2,3149
31237,2016-04-25,02:33:00,419,2,9450
31238,2016-04-25,02:36:00,443,3,4428
31239,2016-04-25,02:38:00,225,2,7986
31240,2016-04-25,02:41:00,333,1,1208
31241,2016-04-25,02:43:00,260,1,9473
31242,2016-04-25,02:49:00,284,3,315
31243,2016-04-25,02:50:00,54,2,308
31244,2016-04-25,02:54:00,354,1,3093
31245,2016-04-25,02:59:00,261,2,2982
31246,2016-04-25,02:59:00,360,1,1058
31247,2016-04-25,03:02:00,26,2,10790
31248,2016-04-25,03:11:00,365,1,11218
31249,2016-04-25,03:13:00,371,1,9956
31250,2016-04-25,03:15:00,42,1,3738
31251,2016-04-25,03:16:00,252,4,6305
31252,2016-04-25,03:17:00,90,3,3580
31253,2016-04-25,03:17:00,204,1,6368
31254,2016-04-25,03:21:00,151,1,5328
31255,2016-04-25,03:22:00,169,3,11762
31256,2016-04-25,03:22:00,39,2,3288
31257,2016-04-25,03:30:00,143,4,3096
31258,2016-04-25,03:40:00,342,6,8321
31259,2016-04-25,03:42:00,360,3,9677
31260,2016-04-25,03:45:00,116,1,8379
31261,2016-04-25,03:50:00,33,1,3687
31262,2016-04-25,03:54:00,208,3,3859
31263,2016-04-25,04:02:00,398,2,8995
31264,2016-04-25,04:03:00,306,3,6118
31265,2016-04-25,04:04:00,19,2,11417
31266,2016-04-25,04:19:00,212,3,6317
31267,2016-04-25,04:21:00,249,3,4187
31268,2016-04-25,04:24:00,84,2,4429
31269,2016-04-25,04:47:00,140,1,7212
31270,2016-04-25,04:51:00,292,2,3721
31271,2016-04-25,04:57:00,303,1,7627
31272,2016-04-25,05:06:00,76,1,9041
31273,2016-04-25,05:09:00,30,4,10344
31274,2016-04-25,05:13:00,446,4,1180
31275,2016-04-25,05:22:00,394,1,4112
31276,2016-04-25,05:23:00,157,2,1765
31277,2016-04-25,05:24:00,128,2,5143
31278,2016-04-25,05:28:00,322,2,7872
31279,2016-04-25,05:31:00,151,3,11422
31280,2016-04-25,05:34:00,367,1,10454
31281,2016-04-25,05:35:00,23,1,2468
31282,2016-04-25,05:39:00,283,3,11645
31283,2016-04-25,05:49:00,168,2,1098
31284,2016-04-25,05:54:00,31,2,106
31285,2016-04-25,06:05:00,160,1,9763
31286,2016-04-25,06:07:00,13,3,2852
31287,2016-04-25,06:23:00,301,2,7905
31288,2016-04-25,06:23:00,8,1,4099
31289,2016-04-25,06:25:00,456,3,8852
31290,2016-04-25,06:28:00,286,1,5868
31291,2016-04-25,06:35:00,404,2,10222
31292,2016-04-25,06:44:00,100,1,8101
31293,2016-04-25,06:45:00,167,1,7465
31294,2016-04-25,06:50:00,28,4,9554
31295,2016-04-25,06:55:00,455,2,9614
31296,2016-04-25,06:58:00,374,3,2937
31297,2016-04-25,06:59:00,178,3,9275
31298,2016-04-25,06:59:00,432,2,7488
31299,2016-04-25,07:04:00,182,1,9008
31300,2016-04-25,07:11:00,127,1,9782
31301,2016-04-25,07:16:00,310,1,8520
31302,2016-04-25,07:40:00,395,4,3959
31303,2016-04-25,07:41:00,40,3,10307
31304,2016-04-25,07:48:00,214,2,4507
31305,2016-04-25,07:49:00,318,1,8706
31306,2016-04-25,07:50:00,82,2,11524
31307,2016-04-25,07:52:00,267,4,11569
31308,2016-04-25,07:54:00,409,1,8558
31309,2016-04-25,07:58:00,286,1,10935
31310,2016-04-25,07:59:00,377,2,6296
31311,2016-04-25,08:01:00,295,1,3764
31312,2016-04-25,08:19:00,392,1,5001
31313,2016-04-25,08:29:00,312,1,7118
31314,2016-04-25,08:37:00,132,1,1409
31315,2016-04-25,08:46:00,150,2,8740
31316,2016-04-25,08:53:00,76,2,3725
31317,2016-04-25,08:58:00,296,1,2107
31318,2016-04-25,09:03:00,307,2,4139
31319,2016-04-25,09:14:00,97,2,6104
31320,2016-04-25,09:22:00,97,3,10495
31321,2016-04-25,09:26:00,237,3,5024
31322,2016-04-25,09:30:00,427,2,7916
31323,2016-04-25,09:38:00,158,1,955
31324,2016-04-25,09:56:00,402,1,4450
31325,2016-04-25,09:57:00,303,1,10636
31326,2016-04-25,10:00:00,41,3,5222
31327,2016-04-25,10:12:00,232,1,1023
31328,2016-04-25,10:13:00,451,1,7878
31329,2016-04-25,10:18:00,171,1,4305
31330,2016-04-25,10:24:00,230,3,3877
31331,2016-04-25,10:26:00,121,3,5544
31332,2016-04-25,10:38:00,136,2,11745
31333,2016-04-25,10:40:00,226,2,1955
31334,2016-04-25,10:41:00,428,1,8887
31335,2016-04-25,10:45:00,281,1,7742
31336,2016-04-25,10:46:00,118,2,7116
31337,2016-04-25,11:00:00,169,2,10192
31338,2016-04-25,11:00:00,90,3,6218
31339,2016-04-25,11:08:00,387,2,8206
31340,2016-04-25,11:12:00,438,2,8755
31341,2016-04-25,11:17:00,25,1,8682
31342,2016-04-25,11:19:00,106,4,2669
31343,2016-04-25,11:21:00,356,2,11248
31344,2016-04-25,11:21:00,403,2,9746
31345,2016-04-25,11:30:00,187,4,11502
31346,2016-04-25,11:34:00,335,2,1273
31347,2016-04-25,11:40:00,255,3,5711
31348,2016-04-25,11:42:00,116,1,1037
31349,2016-04-25,11:46:00,26,1,7819
31350,2016-04-25,11:48:00,403,2,9173
31351,2016-04-25,12:06:00,203,2,8642
31352,2016-04-25,12:10:00,163,1,9246
31353,2016-04-25,12:15:00,164,2,7074
31354,2016-04-25,12:17:00,374,1,6199
31355,2016-04-25,12:23:00,329,1,2052
31356,2016-04-25,12:37:00,386,1,71
31357,2016-04-25,12:37:00,112,1,1301
31358,2016-04-25,12:42:00,426,1,1737
31359,2016-04-25,12:45:00,10,1,11638
31360,2016-04-25,12:50:00,445,2,9750
31361,2016-04-25,12:56:00,291,4,2814
31362,2016-04-25,12:57:00,380,4,9964
31363,2016-04-25,13:06:00,420,1,9374
31364,2016-04-25,13:07:00,399,1,4818
31365,2016-04-25,13:07:00,322,3,8411
31366,2016-04-25,13:14:00,368,2,6333
31367,2016-04-25,13:15:00,380,1,315
31368,2016-04-25,13:17:00,217,4,9933
31369,2016-04-25,13:18:00,309,1,7727
31370,2016-04-25,13:24:00,166,1,7587
31371,2016-04-25,13:26:00,273,1,7329
31372,2016-04-25,13:29:00,241,2,5919
31373,2016-04-25,13:34:00,452,2,5629
31374,2016-04-25,13:36:00,427,2,3907
31375,2016-04-25,13:45:00,36,2,924
31376,2016-04-25,13:56:00,419,1,10997
31377,2016-04-25,13:56:00,283,1,5018
31378,2016-04-25,14:03:00,39,1,5161
31379,2016-04-25,14:11:00,41,2,3175
31380,2016-04-25,14:21:00,169,1,3334
31381,2016-04-25,14:24:00,315,2,8777
31382,2016-04-25,14:27:00,116,2,2532
31383,2016-04-25,14:30:00,449,3,7113
31384,2016-04-25,14:32:00,354,2,989
31385,2016-04-25,14:35:00,11,2,11822
31386,2016-04-25,14:37:00,177,3,4688
31387,2016-04-25,14:43:00,82,2,10560
31388,2016-04-25,14:46:00,389,2,11360
31389,2016-04-25,14:48:00,49,3,7271
31390,2016-04-25,15:00:00,458,1,2853
31391,2016-04-25,15:03:00,168,1,11701
31392,2016-04-25,15:06:00,407,2,7457
31393,2016-04-25,15:19:00,19,1,6975
31394,2016-04-25,15:22:00,213,1,7329
31395,2016-04-25,15:30:00,296,1,701
31396,2016-04-25,15:42:00,282,1,6381
31397,2016-04-25,15:44:00,349,2,1069
31398,2016-04-25,15:48:00,434,2,3113
31399,2016-04-25,15:51:00,21,1,1357
31400,2016-04-25,15:55:00,454,1,11043
31401,2016-04-25,16:13:00,447,2,4901
31402,2016-04-25,16:21:00,333,2,7929
31403,2016-04-25,16:23:00,410,2,8879
31404,2016-04-25,16:26:00,284,1,11861
31405,2016-04-25,16:29:00,406,1,10724
31406,2016-04-25,16:31:00,162,2,10252
31407,2016-04-25,16:33:00,379,1,6648
31408,2016-04-25,16:41:00,29,2,4638
31409,2016-04-25,16:54:00,322,1,2640
31410,2016-04-25,16:57:00,376,1,6638
31411,2016-04-25,17:09:00,14,2,1061
31412,2016-04-25,17:10:00,294,3,6661
31413,2016-04-25,17:17:00,443,1,5934
31414,2016-04-25,17:17:00,211,3,4448
31415,2016-04-25,17:23:00,121,4,2280
31416,2016-04-25,17:30:00,227,1,6660
31417,2016-04-25,17:33:00,352,4,5722
31418,2016-04-25,17:34:00,35,1,9003
31419,2016-04-25,17:34:00,57,1,11950
31420,2016-04-25,17:38:00,76,1,3693
31421,2016-04-25,17:44:00,73,3,6000
31422,2016-04-25,17:46:00,69,2,7191
31423,2016-04-25,17:46:00,268,1,6500
31424,2016-04-25,17:47:00,291,1,3761
31425,2016-04-25,17:50:00,289,2,11119
31426,2016-04-25,18:02:00,284,2,1035
31427,2016-04-25,18:03:00,206,2,1429
31428,2016-04-25,18:21:00,388,2,9457
31429,2016-04-25,18:23:00,225,4,6041
31430,2016-04-25,18:39:00,184,2,7203
31431,2016-04-25,18:42:00,123,2,6081
31432,2016-04-25,18:47:00,426,1,2315
31433,2016-04-25,18:48:00,49,1,2505
31434,2016-04-25,18:51:00,163,2,3152
31435,2016-04-25,18:53:00,73,1,2201
31436,2016-04-25,18:53:00,48,1,6792
31437,2016-04-25,19:02:00,410,1,2893
31438,2016-04-25,19:04:00,53,1,10653
31439,2016-04-25,19:08:00,107,1,9668
31440,2016-04-25,19:09:00,26,3,5267
31441,2016-04-25,19:11:00,12,2,11551
31442,2016-04-25,19:15:00,415,2,2173
31443,2016-04-25,19:29:00,317,1,8429
31444,2016-04-25,19:30:00,138,5,8434
31445,2016-04-25,19:42:00,271,2,3023
31446,2016-04-25,19:48:00,173,1,2345
31447,2016-04-25,19:49:00,350,1,4913
31448,2016-04-25,19:51:00,245,5,3142
31449,2016-04-25,19:59:00,293,4,10749
31450,2016-04-25,20:00:00,164,2,7429
31451,2016-04-25,20:04:00,234,2,5906
31452,2016-04-25,20:09:00,104,2,3673
31453,2016-04-25,20:09:00,5,3,7264
31454,2016-04-25,20:10:00,433,3,7400
31455,2016-04-25,20:19:00,12,3,3449
31456,2016-04-25,20:24:00,408,2,3512
31457,2016-04-25,20:34:00,288,3,11177
31458,2016-04-25,20:39:00,94,2,984
31459,2016-04-25,20:42:00,454,2,4145
31460,2016-04-25,20:44:00,402,1,944
31461,2016-04-25,20:53:00,362,1,7618
31462,2016-04-25,20:54:00,209,2,292
31463,2016-04-25,20:56:00,415,2,6277
31464,2016-04-25,21:02:00,313,1,4043
31465,2016-04-25,21:02:00,390,2,7114
31466,2016-04-25,21:02:00,325,1,1617
31467,2016-04-25,21:07:00,345,2,8837
31468,2016-04-25,21:07:00,89,2,3733
31469,2016-04-25,21:08:00,55,1,2951
31470,2016-04-25,21:09:00,290,3,5054
31471,2016-04-25,21:26:00,218,1,8032
31472,2016-04-25,21:34:00,309,2,11285
31473,2016-04-25,21:43:00,77,2,8389
31474,2016-04-25,21:43:00,18,2,7840
31475,2016-04-25,21:47:00,74,1,1156
31476,2016-04-25,21:47:00,158,1,5924
31477,2016-04-25,21:49:00,398,1,11356
31478,2016-04-25,21:50:00,212,1,7467
31479,2016-04-25,21:57:00,326,2,10630
31480,2016-04-25,22:02:00,396,2,7670
31481,2016-04-25,22:38:00,37,1,8685
31482,2016-04-25,22:45:00,386,2,2954
31483,2016-04-25,22:52:00,261,3,6524
31484,2016-04-25,22:57:00,333,4,5041
31485,2016-04-25,23:02:00,353,1,1721
31486,2016-04-25,23:09:00,292,4,10433
31487,2016-04-25,23:16:00,263,2,5148
31488,2016-04-25,23:36:00,189,1,7957
31489,2016-04-25,23:36:00,268,1,10144
31490,2016-04-25,23:37:00,322,1,6014
31491,2016-04-25,23:46:00,356,3,4215
31492,2016-04-25,23:46:00,245,1,8655
31493,2016-04-25,23:46:00,101,2,3733
31494,2016-04-25,23:53:00,134,1,9057
31495,2016-04-25,23:58:00,365,2,1723
31496,2016-04-26,00:10:00,77,2,1561
31497,2016-04-26,00:10:00,104,2,8300
31498,2016-04-26,00:13:00,438,2,5090
31499,2016-04-26,00:16:00,297,3,10499
31500,2016-04-26,00:18:00,167,3,10411
31501,2016-04-26,00:23:00,129,1,4125
31502,2016-04-26,00:29:00,101,2,4416
31503,2016-04-26,00:39:00,443,2,1244
31504,2016-04-26,00:41:00,78,1,2475
31505,2016-04-26,00:48:00,311,5,9285
31506,2016-04-26,00:57:00,106,3,7087
31507,2016-04-26,01:11:00,371,1,6949
31508,2016-04-26,01:12:00,5,2,8384
31509,2016-04-26,01:20:00,320,2,8221
31510,2016-04-26,01:30:00,199,3,1973
31511,2016-04-26,01:31:00,65,2,7998
31512,2016-04-26,01:32:00,295,1,2270
31513,2016-04-26,01:42:00,70,1,1511
31514,2016-04-26,01:50:00,75,1,10192
31515,2016-04-26,01:58:00,170,1,6074
31516,2016-04-26,02:03:00,351,2,6564
31517,2016-04-26,02:10:00,136,1,7828
31518,2016-04-26,02:15:00,311,2,5755
31519,2016-04-26,02:21:00,317,3,5468
31520,2016-04-26,02:26:00,1,2,5502
31521,2016-04-26,02:35:00,375,2,6152
31522,2016-04-26,02:46:00,194,1,10687
31523,2016-04-26,02:59:00,54,1,3337
31524,2016-04-26,03:06:00,222,1,3284
31525,2016-04-26,03:25:00,433,3,6843
31526,2016-04-26,03:28:00,163,3,938
31527,2016-04-26,03:28:00,377,1,9150
31528,2016-04-26,03:31:00,217,4,1171
31529,2016-04-26,03:35:00,215,1,3451
31530,2016-04-26,03:37:00,205,2,3519
31531,2016-04-26,03:48:00,280,1,5778
31532,2016-04-26,03:49:00,365,1,1079
31533,2016-04-26,03:51:00,67,2,3738
31534,2016-04-26,04:00:00,9,1,1044
31535,2016-04-26,04:10:00,150,2,4029
31536,2016-04-26,04:15:00,455,2,3089
31537,2016-04-26,04:21:00,409,3,7551
31538,2016-04-26,04:26:00,444,2,4567
31539,2016-04-26,04:26:00,368,1,10812
31540,2016-04-26,04:28:00,432,1,1188
31541,2016-04-26,04:35:00,125,2,11047
31542,2016-04-26,04:37:00,79,2,9165
31543,2016-04-26,04:38:00,52,2,804
31544,2016-04-26,04:43:00,3,4,10293
31545,2016-04-26,04:43:00,275,2,9658
31546,2016-04-26,04:49:00,37,1,8052
31547,2016-04-26,04:50:00,153,3,6885
31548,2016-04-26,04:51:00,100,1,6225
31549,2016-04-26,04:54:00,131,1,9094
31550,2016-04-26,05:00:00,361,2,9238
31551,2016-04-26,05:00:00,391,5,1380
31552,2016-04-26,05:05:00,180,1,8729
31553,2016-04-26,05:08:00,152,1,5221
31554,2016-04-26,05:08:00,313,1,1754
31555,2016-04-26,05:14:00,258,4,2750
31556,2016-04-26,05:20:00,53,1,6172
31557,2016-04-26,05:27:00,163,2,7261
31558,2016-04-26,05:31:00,78,3,2810
31559,2016-04-26,05:31:00,63,1,4558
31560,2016-04-26,05:36:00,280,1,6064
31561,2016-04-26,05:46:00,77,3,57
31562,2016-04-26,05:56:00,172,1,10665
31563,2016-04-26,06:07:00,217,4,8900
31564,2016-04-26,06:11:00,302,1,8680
31565,2016-04-26,06:13:00,232,2,7393
31566,2016-04-26,06:20:00,458,2,8432
31567,2016-04-26,06:23:00,156,2,5204
31568,2016-04-26,06:25:00,220,3,9829
31569,2016-04-26,06:28:00,433,1,3464
31570,2016-04-26,06:45:00,286,1,245
31571,2016-04-26,06:45:00,305,2,6784
31572,2016-04-26,06:46:00,437,1,10421
31573,2016-04-26,06:48:00,275,1,6644
31574,2016-04-26,07:13:00,281,1,10867
31575,2016-04-26,07:13:00,287,2,10120
31576,2016-04-26,07:26:00,383,2,11293
31577,2016-04-26,07:28:00,34,4,517
31578,2016-04-26,07:51:00,68,2,1527
31579,2016-04-26,07:57:00,420,3,10390
31580,2016-04-26,08:00:00,332,1,9817
31581,2016-04-26,08:00:00,416,2,8925
31582,2016-04-26,08:02:00,107,3,890
31583,2016-04-26,08:37:00,353,1,170
31584,2016-04-26,08:41:00,415,2,8113
31585,2016-04-26,08:43:00,409,2,1651
31586,2016-04-26,08:50:00,267,2,8739
31587,2016-04-26,08:52:00,202,2,8575
31588,2016-04-26,08:59:00,144,3,5457
31589,2016-04-26,09:01:00,103,3,7982
31590,2016-04-26,09:19:00,201,4,3704
31591,2016-04-26,09:21:00,14,2,5596
31592,2016-04-26,09:32:00,254,2,1517
31593,2016-04-26,09:35:00,27,1,4455
31594,2016-04-26,09:37:00,196,4,4380
31595,2016-04-26,09:41:00,244,1,6974
31596,2016-04-26,09:41:00,389,2,8245
31597,2016-04-26,10:27:00,73,2,9599
31598,2016-04-26,10:41:00,22,5,3425
31599,2016-04-26,10:42:00,197,2,3706
31600,2016-04-26,10:42:00,390,3,2587
31601,2016-04-26,10:53:00,355,2,9220
31602,2016-04-26,10:54:00,205,1,3710
31603,2016-04-26,10:59:00,94,1,10190
31604,2016-04-26,11:13:00,415,1,4116
31605,2016-04-26,11:26:00,197,2,8434
31606,2016-04-26,11:26:00,105,3,8323
31607,2016-04-26,11:40:00,175,2,11175
31608,2016-04-26,11:42:00,209,1,6465
31609,2016-04-26,11:43:00,424,5,7925
31610,2016-04-26,11:49:00,84,1,11151
31611,2016-04-26,11:50:00,329,2,10118
31612,2016-04-26,11:52:00,161,3,10005
31613,2016-04-26,11:53:00,328,4,276
31614,2016-04-26,11:56:00,55,3,9883
31615,2016-04-26,12:00:00,415,4,10582
31616,2016-04-26,12:25:00,4,3,7583
31617,2016-04-26,12:31:00,139,2,4708
31618,2016-04-26,12:33:00,337,1,11425
31619,2016-04-26,12:57:00,2,1,9471
31620,2016-04-26,13:01:00,363,3,10983
31621,2016-04-26,13:02:00,222,1,2668
31622,2016-04-26,13:06:00,140,2,803
31623,2016-04-26,13:16:00,399,2,7618
31624,2016-04-26,13:16:00,418,2,10335
31625,2016-04-26,13:22:00,2,2,9497
31626,2016-04-26,13:22:00,268,2,7907
31627,2016-04-26,13:23:00,197,2,7239
31628,2016-04-26,13:25:00,437,1,1052
31629,2016-04-26,13:26:00,98,1,6552
31630,2016-04-26,13:27:00,283,2,6839
31631,2016-04-26,13:31:00,109,2,515
31632,2016-04-26,13:39:00,315,2,4330
31633,2016-04-26,13:40:00,313,1,5514
31634,2016-04-26,13:44:00,101,2,2216
31635,2016-04-26,13:48:00,380,3,557
31636,2016-04-26,13:49:00,107,2,49
31637,2016-04-26,13:52:00,69,2,8707
31638,2016-04-26,13:52:00,20,1,7441
31639,2016-04-26,14:11:00,391,1,9404
31640,2016-04-26,14:18:00,195,3,1890
31641,2016-04-26,14:20:00,114,4,4537
31642,2016-04-26,14:26:00,277,2,7149
31643,2016-04-26,14:50:00,454,4,10688
31644,2016-04-26,14:53:00,162,1,4616
31645,2016-04-26,14:56:00,291,2,7802
31646,2016-04-26,15:00:00,112,4,11079
31647,2016-04-26,15:08:00,332,1,5091
31648,2016-04-26,15:10:00,365,2,4916
31649,2016-04-26,15:13:00,251,2,10321
31650,2016-04-26,15:16:00,189,2,10845
31651,2016-04-26,15:19:00,367,5,46
31652,2016-04-26,15:28:00,362,1,2541
31653,2016-04-26,15:29:00,430,2,3453
31654,2016-04-26,15:35:00,297,1,7240
31655,2016-04-26,15:44:00,346,3,10917
31656,2016-04-26,15:50:00,440,1,10484
31657,2016-04-26,15:51:00,140,1,3870
31658,2016-04-26,15:52:00,126,1,5989
31659,2016-04-26,16:09:00,121,3,8487
31660,2016-04-26,16:12:00,452,2,1031
31661,2016-04-26,16:13:00,147,1,2368
31662,2016-04-26,16:19:00,111,2,6967
31663,2016-04-26,16:19:00,359,2,4203
31664,2016-04-26,16:25:00,76,2,3026
31665,2016-04-26,16:28:00,78,4,545
31666,2016-04-26,16:29:00,187,1,11554
31667,2016-04-26,16:38:00,113,5,1210
31668,2016-04-26,16:43:00,427,2,6935
31669,2016-04-26,16:51:00,347,2,8503
31670,2016-04-26,16:52:00,245,4,319
31671,2016-04-26,16:59:00,347,4,7172
31672,2016-04-26,17:08:00,19,1,1977
31673,2016-04-26,17:10:00,288,2,4209
31674,2016-04-26,17:10:00,430,1,10039
31675,2016-04-26,17:19:00,413,4,7923
31676,2016-04-26,17:26:00,225,4,7095
31677,2016-04-26,17:27:00,392,3,8123
31678,2016-04-26,17:28:00,109,4,6603
31679,2016-04-26,17:35:00,161,2,2465
31680,2016-04-26,17:40:00,363,1,9694
31681,2016-04-26,17:43:00,355,2,10723
31682,2016-04-26,17:54:00,21,3,6468
31683,2016-04-26,17:59:00,413,3,8531
31684,2016-04-26,17:59:00,394,3,7451
31685,2016-04-26,18:12:00,69,3,4723
31686,2016-04-26,18:12:00,255,2,6527
31687,2016-04-26,18:23:00,396,3,6182
31688,2016-04-26,18:24:00,287,3,8986
31689,2016-04-26,18:31:00,277,3,11463
31690,2016-04-26,18:41:00,152,2,5411
31691,2016-04-26,18:43:00,403,2,255
31692,2016-04-26,18:48:00,352,2,3935
31693,2016-04-26,18:56:00,42,3,499
31694,2016-04-26,19:00:00,203,4,7207
31695,2016-04-26,19:05:00,323,1,3837
31696,2016-04-26,19:08:00,235,1,7532
31697,2016-04-26,19:14:00,341,2,8658
31698,2016-04-26,19:21:00,146,1,1367
31699,2016-04-26,19:29:00,404,1,11202
31700,2016-04-26,19:57:00,103,1,2003
31701,2016-04-26,20:04:00,4,4,4622
31702,2016-04-26,20:06:00,174,2,7084
31703,2016-04-26,20:07:00,32,2,10760
31704,2016-04-26,20:17:00,338,1,6060
31705,2016-04-26,20:23:00,145,1,7386
31706,2016-04-26,20:26:00,26,4,10691
31707,2016-04-26,20:26:00,70,2,7868
31708,2016-04-26,20:26:00,405,2,4020
31709,2016-04-26,20:29:00,409,2,10754
31710,2016-04-26,20:30:00,80,3,4519
31711,2016-04-26,20:30:00,292,1,1848
31712,2016-04-26,20:32:00,124,2,8446
31713,2016-04-26,20:46:00,121,1,4693
31714,2016-04-26,20:48:00,268,1,3896
31715,2016-04-26,20:49:00,24,2,1787
31716,2016-04-26,21:06:00,21,1,6471
31717,2016-04-26,21:20:00,211,2,10756
31718,2016-04-26,21:22:00,428,2,8144
31719,2016-04-26,21:27:00,259,4,1264
31720,2016-04-26,21:35:00,135,2,5266
31721,2016-04-26,21:39:00,212,2,3167
31722,2016-04-26,21:56:00,192,3,1302
31723,2016-04-26,21:59:00,389,2,1129
31724,2016-04-26,22:00:00,280,3,9783
31725,2016-04-26,22:02:00,2,1,11617
31726,2016-04-26,22:02:00,431,1,905
31727,2016-04-26,22:09:00,341,1,7296
31728,2016-04-26,22:13:00,79,2,1658
31729,2016-04-26,22:13:00,431,2,10941
31730,2016-04-26,22:14:00,90,2,7891
31731,2016-04-26,22:18:00,408,1,8899
31732,2016-04-26,22:25:00,134,1,6826
31733,2016-04-26,22:26:00,142,1,3511
31734,2016-04-26,22:26:00,316,1,7981
31735,2016-04-26,22:40:00,152,1,2569
31736,2016-04-26,22:44:00,453,1,360
31737,2016-04-26,22:44:00,444,1,1103
31738,2016-04-26,22:46:00,458,4,7715
31739,2016-04-26,22:54:00,330,3,11814
31740,2016-04-26,22:55:00,294,4,5340
31741,2016-04-26,23:00:00,272,2,8270
31742,2016-04-26,23:05:00,128,3,11238
31743,2016-04-26,23:07:00,45,2,1029
31744,2016-04-26,23:10:00,37,2,10711
31745,2016-04-26,23:25:00,55,2,2243
31746,2016-04-26,23:34:00,388,2,6187
31747,2016-04-26,23:40:00,18,1,7203
31748,2016-04-26,23:42:00,216,3,10282
31749,2016-04-26,23:46:00,170,2,6251
31750,2016-04-26,23:48:00,375,1,6451
31751,2016-04-26,23:52:00,341,3,2391
31752,2016-04-26,23:56:00,333,2,3698
31753,2016-04-26,23:57:00,322,2,1286
31754,2016-04-26,23:59:00,281,1,3657
31755,2016-04-27,00:07:00,376,2,1241
31756,2016-04-27,00:14:00,340,3,3232
31757,2016-04-27,00:22:00,93,1,5649
31758,2016-04-27,00:28:00,156,3,1851
31759,2016-04-27,00:30:00,18,2,6344
31760,2016-04-27,00:34:00,151,1,9451
31761,2016-04-27,00:42:00,420,2,9562
31762,2016-04-27,00:49:00,221,2,2608
31763,2016-04-27,00:53:00,197,2,10879
31764,2016-04-27,00:56:00,217,2,9538
31765,2016-04-27,01:05:00,347,1,4102
31766,2016-04-27,01:06:00,303,3,3922
31767,2016-04-27,01:16:00,443,2,6927
31768,2016-04-27,01:21:00,6,2,5700
31769,2016-04-27,01:28:00,216,1,5259
31770,2016-04-27,01:34:00,400,2,3908
31771,2016-04-27,01:50:00,254,3,8472
31772,2016-04-27,02:03:00,82,3,6126
31773,2016-04-27,02:10:00,280,3,10341
31774,2016-04-27,02:11:00,313,1,1790
31775,2016-04-27,02:15:00,199,4,5582
31776,2016-04-27,02:27:00,416,2,586
31777,2016-04-27,02:27:00,317,4,11238
31778,2016-04-27,02:33:00,287,4,4226
31779,2016-04-27,02:35:00,444,2,10775
31780,2016-04-27,02:38:00,103,1,3210
31781,2016-04-27,02:41:00,21,1,9738
31782,2016-04-27,02:47:00,356,2,2773
31783,2016-04-27,02:53:00,27,4,5086
31784,2016-04-27,03:02:00,8,2,7537
31785,2016-04-27,03:07:00,148,2,1580
31786,2016-04-27,03:10:00,265,1,5924
31787,2016-04-27,03:17:00,262,1,3198
31788,2016-04-27,03:20:00,134,2,601
31789,2016-04-27,03:28:00,121,2,674
31790,2016-04-27,03:28:00,438,3,11137
31791,2016-04-27,03:30:00,186,2,6198
31792,2016-04-27,03:31:00,92,2,4184
31793,2016-04-27,03:34:00,165,2,2547
31794,2016-04-27,03:43:00,129,2,2834
31795,2016-04-27,03:43:00,123,2,4388
31796,2016-04-27,03:43:00,304,1,788
31797,2016-04-27,03:47:00,206,2,4648
31798,2016-04-27,03:49:00,388,1,2195
31799,2016-04-27,03:59:00,312,1,7260
31800,2016-04-27,04:00:00,198,2,7565
31801,2016-04-27,04:07:00,153,1,11820
31802,2016-04-27,04:09:00,397,1,10402
31803,2016-04-27,04:10:00,283,4,8821
31804,2016-04-27,04:17:00,454,1,10696
31805,2016-04-27,04:17:00,78,1,8267
31806,2016-04-27,04:18:00,361,5,1060
31807,2016-04-27,04:21:00,39,2,4767
31808,2016-04-27,04:23:00,111,3,6816
31809,2016-04-27,04:24:00,114,2,4156
31810,2016-04-27,04:34:00,355,1,767
31811,2016-04-27,04:37:00,248,1,9708
31812,2016-04-27,04:39:00,133,2,4101
31813,2016-04-27,04:39:00,96,2,125
31814,2016-04-27,04:41:00,366,3,9829
31815,2016-04-27,04:44:00,145,2,7713
31816,2016-04-27,04:55:00,183,1,8138
31817,2016-04-27,05:07:00,397,3,3424
31818,2016-04-27,05:11:00,84,1,10928
31819,2016-04-27,05:20:00,450,4,4242
31820,2016-04-27,05:21:00,147,2,4821
31821,2016-04-27,05:22:00,207,1,2076
31822,2016-04-27,05:32:00,446,2,1777
31823,2016-04-27,05:37:00,110,1,2416
31824,2016-04-27,05:41:00,400,1,6766
31825,2016-04-27,05:42:00,142,2,10494
31826,2016-04-27,05:50:00,99,1,10296
31827,2016-04-27,05:52:00,316,1,2262
31828,2016-04-27,05:57:00,267,3,4692
31829,2016-04-27,05:59:00,115,3,10089
31830,2016-04-27,06:02:00,424,1,5857
31831,2016-04-27,06:03:00,375,1,6937
31832,2016-04-27,06:14:00,270,2,8639
31833,2016-04-27,06:15:00,112,2,8243
31834,2016-04-27,06:39:00,115,1,10225
31835,2016-04-27,06:45:00,112,1,11612
31836,2016-04-27,06:58:00,411,1,4930
31837,2016-04-27,07:10:00,295,2,7866
31838,2016-04-27,07:19:00,91,2,10510
31839,2016-04-27,07:23:00,145,2,8938
31840,2016-04-27,07:23:00,280,3,1464
31841,2016-04-27,07:23:00,214,2,3703
31842,2016-04-27,07:36:00,219,1,9599
31843,2016-04-27,07:37:00,348,1,1872
31844,2016-04-27,07:38:00,358,1,10806
31845,2016-04-27,07:40:00,420,3,4739
31846,2016-04-27,07:46:00,270,4,7561
31847,2016-04-27,07:50:00,358,3,3584
31848,2016-04-27,08:07:00,84,2,8386
31849,2016-04-27,08:10:00,36,4,9021
31850,2016-04-27,08:14:00,196,1,272
31851,2016-04-27,08:22:00,400,3,2834
31852,2016-04-27,08:33:00,388,1,11524
31853,2016-04-27,08:46:00,353,3,10804
31854,2016-04-27,09:03:00,210,1,532
31855,2016-04-27,09:07:00,431,3,10020
31856,2016-04-27,09:08:00,317,2,11517
31857,2016-04-27,09:11:00,41,3,7929
31858,2016-04-27,09:33:00,215,3,3567
31859,2016-04-27,09:37:00,103,3,1967
31860,2016-04-27,09:38:00,246,2,5363
31861,2016-04-27,09:42:00,178,1,141
31862,2016-04-27,09:43:00,132,2,1909
31863,2016-04-27,09:44:00,121,2,5921
31864,2016-04-27,09:45:00,290,2,2798
31865,2016-04-27,09:48:00,15,2,737
31866,2016-04-27,09:48:00,38,1,2972
31867,2016-04-27,09:57:00,154,1,9336
31868,2016-04-27,10:05:00,275,2,10652
31869,2016-04-27,10:09:00,32,3,76
31870,2016-04-27,10:25:00,376,3,8466
31871,2016-04-27,10:28:00,262,2,3060
31872,2016-04-27,10:28:00,353,1,4822
31873,2016-04-27,10:29:00,450,1,8076
31874,2016-04-27,10:32:00,250,1,9422
31875,2016-04-27,10:35:00,254,2,4435
31876,2016-04-27,10:37:00,117,2,4317
31877,2016-04-27,10:42:00,181,2,6884
31878,2016-04-27,10:48:00,115,3,2624
31879,2016-04-27,10:55:00,99,2,418
31880,2016-04-27,11:02:00,240,2,2543
31881,2016-04-27,11:12:00,292,1,7875
31882,2016-04-27,11:22:00,209,2,2408
31883,2016-04-27,11:28:00,13,2,3103
31884,2016-04-27,11:31:00,115,1,2179
31885,2016-04-27,11:32:00,143,3,11198
31886,2016-04-27,11:34:00,243,2,10577
31887,2016-04-27,11:35:00,236,1,6627
31888,2016-04-27,11:39:00,304,1,9574
31889,2016-04-27,11:41:00,95,3,2342
31890,2016-04-27,12:14:00,365,2,8593
31891,2016-04-27,12:15:00,322,2,9209
31892,2016-04-27,12:26:00,411,1,10902
31893,2016-04-27,12:29:00,120,2,6532
31894,2016-04-27,12:34:00,202,3,4700
31895,2016-04-27,13:03:00,188,3,7739
31896,2016-04-27,13:09:00,60,2,3171
31897,2016-04-27,13:27:00,353,3,1551
31898,2016-04-27,13:43:00,416,2,1177
31899,2016-04-27,13:43:00,387,2,6829
31900,2016-04-27,13:46:00,299,1,7224
31901,2016-04-27,13:48:00,271,3,4644
31902,2016-04-27,13:58:00,312,3,52
31903,2016-04-27,14:13:00,176,2,82
31904,2016-04-27,14:15:00,173,2,10044
31905,2016-04-27,14:17:00,338,1,5726
31906,2016-04-27,14:20:00,149,1,2703
31907,2016-04-27,14:25:00,59,4,8890
31908,2016-04-27,14:33:00,238,1,6284
31909,2016-04-27,14:34:00,246,1,355
31910,2016-04-27,14:36:00,160,2,8970
31911,2016-04-27,14:38:00,122,2,9586
31912,2016-04-27,14:39:00,414,1,2977
31913,2016-04-27,14:43:00,435,4,1690
31914,2016-04-27,14:44:00,280,1,5186
31915,2016-04-27,14:47:00,2,2,11152
31916,2016-04-27,14:57:00,347,2,4551
31917,2016-04-27,14:59:00,223,6,11184
31918,2016-04-27,15:16:00,255,4,5531
31919,2016-04-27,15:17:00,321,3,11999
31920,2016-04-27,15:19:00,79,3,11078
31921,2016-04-27,15:20:00,149,2,2400
31922,2016-04-27,15:25:00,340,4,9003
31923,2016-04-27,15:38:00,220,4,5936
31924,2016-04-27,15:55:00,434,3,2073
31925,2016-04-27,15:59:00,70,2,11335
31926,2016-04-27,15:59:00,124,2,5494
31927,2016-04-27,16:02:00,163,1,10737
31928,2016-04-27,16:08:00,179,2,7332
31929,2016-04-27,16:15:00,420,2,6342
31930,2016-04-27,16:17:00,307,1,10889
31931,2016-04-27,16:25:00,166,2,78
31932,2016-04-27,16:29:00,272,2,9136
31933,2016-04-27,16:29:00,395,2,2082
31934,2016-04-27,16:30:00,343,2,768
31935,2016-04-27,16:39:00,416,3,78
31936,2016-04-27,16:42:00,90,3,2460
31937,2016-04-27,16:47:00,377,1,7726
31938,2016-04-27,16:48:00,261,2,3423
31939,2016-04-27,16:54:00,285,1,5913
31940,2016-04-27,16:55:00,225,2,9052
31941,2016-04-27,16:58:00,264,2,2137
31942,2016-04-27,17:01:00,425,1,10427
31943,2016-04-27,17:08:00,19,2,240
31944,2016-04-27,17:09:00,213,1,9338
31945,2016-04-27,17:20:00,364,2,4183
31946,2016-04-27,17:23:00,18,2,11183
31947,2016-04-27,17:27:00,144,1,8119
31948,2016-04-27,17:37:00,283,1,4202
31949,2016-04-27,17:39:00,183,3,248
31950,2016-04-27,17:41:00,245,1,10336
31951,2016-04-27,17:49:00,93,4,2821
31952,2016-04-27,17:54:00,301,2,3474
31953,2016-04-27,17:58:00,195,3,2561
31954,2016-04-27,18:04:00,300,2,7163
31955,2016-04-27,18:16:00,71,1,3788
31956,2016-04-27,18:18:00,96,2,9853
31957,2016-04-27,18:20:00,84,2,10262
31958,2016-04-27,18:37:00,274,2,1241
31959,2016-04-27,18:55:00,337,1,1138
31960,2016-04-27,19:02:00,15,2,11980
31961,2016-04-27,19:04:00,229,1,11547
31962,2016-04-27,19:07:00,13,3,6040
31963,2016-04-27,19:12:00,14,4,11750
31964,2016-04-27,19:23:00,9,3,11208
31965,2016-04-27,19:26:00,15,4,5914
31966,2016-04-27,19:30:00,457,4,5145
31967,2016-04-27,19:33:00,53,2,9575
31968,2016-04-27,19:39:00,363,2,1141
31969,2016-04-27,19:41:00,136,1,8362
31970,2016-04-27,19:43:00,270,1,2358
31971,2016-04-27,19:43:00,102,3,8330
31972,2016-04-27,19:50:00,27,2,4101
31973,2016-04-27,19:55:00,37,1,11908
31974,2016-04-27,19:55:00,337,2,10919
31975,2016-04-27,19:58:00,220,2,5929
31976,2016-04-27,19:59:00,17,2,2586
31977,2016-04-27,20:02:00,132,3,1775
31978,2016-04-27,20:03:00,349,2,7235
31979,2016-04-27,20:09:00,248,1,11509
31980,2016-04-27,20:13:00,64,1,2874
31981,2016-04-27,20:31:00,310,3,11303
31982,2016-04-27,20:35:00,351,2,8043
31983,2016-04-27,20:41:00,21,4,11150
31984,2016-04-27,20:42:00,180,1,8601
31985,2016-04-27,20:49:00,329,1,4096
31986,2016-04-27,20:50:00,104,1,3430
31987,2016-04-27,20:52:00,215,1,5738
31988,2016-04-27,21:07:00,408,2,3254
31989,2016-04-27,21:11:00,3,2,3161
31990,2016-04-27,21:14:00,69,2,10908
31991,2016-04-27,21:18:00,265,2,8675
31992,2016-04-27,21:20:00,428,1,8145
31993,2016-04-27,21:25:00,61,5,949
31994,2016-04-27,21:26:00,230,3,9163
31995,2016-04-27,21:26:00,184,1,1692
31996,2016-04-27,21:27:00,47,2,8473
31997,2016-04-27,21:28:00,391,1,5563
31998,2016-04-27,21:35:00,307,3,10259
31999,2016-04-27,21:39:00,207,4,3483
32000,2016-04-27,21:40:00,103,3,3234
32001,2016-04-27,21:40:00,449,2,3884
32002,2016-04-27,21:42:00,244,3,7144
32003,2016-04-27,21:42:00,374,2,8439
32004,2016-04-27,21:46:00,457,1,4739
32005,2016-04-27,21:49:00,426,3,10534
32006,2016-04-27,21:54:00,108,3,8005
32007,2016-04-27,21:59:00,312,1,8293
32008,2016-04-27,21:59:00,345,2,10566
32009,2016-04-27,22:00:00,298,1,1008
32010,2016-04-27,22:51:00,195,3,3991
32011,2016-04-27,23:01:00,268,1,1640
32012,2016-04-27,23:02:00,219,1,9992
32013,2016-04-27,23:03:00,325,1,8205
32014,2016-04-27,23:11:00,377,2,11438
32015,2016-04-27,23:11:00,287,1,5963
32016,2016-04-27,23:13:00,141,2,2991
32017,2016-04-27,23:17:00,409,2,3266
32018,2016-04-27,23:19:00,165,1,2908
32019,2016-04-27,23:33:00,322,5,11936
32020,2016-04-27,23:39:00,411,1,5603
32021,2016-04-27,23:41:00,75,2,3543
32022,2016-04-27,23:46:00,312,1,7829
32023,2016-04-27,23:54:00,283,1,6729
32024,2016-04-27,23:57:00,276,2,2358
32025,2016-04-27,23:59:00,435,2,3492
32026,2016-04-28,00:01:00,317,2,7316
32027,2016-04-28,00:04:00,29,2,11167
32028,2016-04-28,00:11:00,396,1,1022
32029,2016-04-28,00:16:00,448,1,4865
32030,2016-04-28,00:18:00,319,2,5338
32031,2016-04-28,00:19:00,158,2,9580
32032,2016-04-28,00:25:00,77,1,3732
32033,2016-04-28,00:37:00,273,3,9699
32034,2016-04-28,00:43:00,318,1,2325
32035,2016-04-28,01:09:00,150,2,149
32036,2016-04-28,01:23:00,114,4,11293
32037,2016-04-28,01:35:00,369,2,1446
32038,2016-04-28,01:43:00,14,3,11677
32039,2016-04-28,01:51:00,224,1,4465
32040,2016-04-28,01:53:00,134,3,9736
32041,2016-04-28,02:01:00,40,1,2842
32042,2016-04-28,02:02:00,206,1,11819
32043,2016-04-28,02:02:00,229,1,10349
32044,2016-04-28,02:02:00,75,2,5516
32045,2016-04-28,02:13:00,210,3,6088
32046,2016-04-28,02:14:00,92,3,11504
32047,2016-04-28,02:21:00,2,2,3509
32048,2016-04-28,02:28:00,57,1,9548
32049,2016-04-28,02:30:00,424,2,164
32050,2016-04-28,02:31:00,421,3,5786
32051,2016-04-28,02:37:00,54,3,4536
32052,2016-04-28,02:37:00,234,1,9470
32053,2016-04-28,02:45:00,290,1,825
32054,2016-04-28,02:48:00,391,3,6309
32055,2016-04-28,03:02:00,77,1,7426
32056,2016-04-28,03:03:00,451,3,5576
32057,2016-04-28,03:08:00,63,2,4299
32058,2016-04-28,03:10:00,372,3,9190
32059,2016-04-28,03:11:00,380,2,10199
32060,2016-04-28,03:15:00,347,2,3517
32061,2016-04-28,03:17:00,413,2,3580
32062,2016-04-28,03:30:00,307,2,1841
32063,2016-04-28,03:33:00,382,2,5952
32064,2016-04-28,03:41:00,152,3,8491
32065,2016-04-28,03:52:00,400,2,7196
32066,2016-04-28,03:55:00,25,4,1595
32067,2016-04-28,04:13:00,348,1,3105
32068,2016-04-28,04:41:00,399,2,11962
32069,2016-04-28,04:43:00,144,5,7333
32070,2016-04-28,04:46:00,455,4,7466
32071,2016-04-28,04:55:00,306,2,11852
32072,2016-04-28,05:09:00,241,2,10691
32073,2016-04-28,05:17:00,176,3,11200
32074,2016-04-28,05:21:00,183,1,11885
32075,2016-04-28,05:27:00,379,4,4041
32076,2016-04-28,05:38:00,121,3,2525
32077,2016-04-28,05:39:00,288,2,10059
32078,2016-04-28,05:41:00,198,1,1544
32079,2016-04-28,05:46:00,443,1,6535
32080,2016-04-28,05:46:00,261,1,3907
32081,2016-04-28,05:47:00,155,4,9231
32082,2016-04-28,05:53:00,254,2,9390
32083,2016-04-28,06:00:00,14,2,2582
32084,2016-04-28,06:02:00,160,1,7568
32085,2016-04-28,06:07:00,132,1,2412
32086,2016-04-28,06:11:00,174,2,11296
32087,2016-04-28,06:14:00,96,1,8523
32088,2016-04-28,06:17:00,366,2,6890
32089,2016-04-28,06:21:00,95,4,7372
32090,2016-04-28,06:30:00,359,1,857
32091,2016-04-28,06:35:00,235,2,6458
32092,2016-04-28,06:39:00,351,1,6972
32093,2016-04-28,06:45:00,451,3,11285
32094,2016-04-28,06:55:00,236,1,726
32095,2016-04-28,06:55:00,287,2,278
32096,2016-04-28,06:59:00,447,5,2475
32097,2016-04-28,07:00:00,272,4,29
32098,2016-04-28,07:24:00,326,1,262
32099,2016-04-28,07:31:00,271,3,6463
32100,2016-04-28,07:32:00,351,4,8220
32101,2016-04-28,07:32:00,226,5,7931
32102,2016-04-28,07:38:00,406,1,1350
32103,2016-04-28,07:49:00,407,1,3997
32104,2016-04-28,07:59:00,388,1,6698
32105,2016-04-28,08:04:00,176,1,5706
32106,2016-04-28,08:11:00,412,1,6035
32107,2016-04-28,08:21:00,364,2,4237
32108,2016-04-28,08:21:00,436,3,6444
32109,2016-04-28,08:27:00,283,1,301
32110,2016-04-28,08:29:00,198,3,8495
32111,2016-04-28,08:32:00,455,3,4040
32112,2016-04-28,08:38:00,418,1,6881
32113,2016-04-28,08:41:00,246,3,2941
32114,2016-04-28,08:42:00,342,3,6239
32115,2016-04-28,08:49:00,110,2,1753
32116,2016-04-28,08:53:00,328,1,10113
32117,2016-04-28,09:01:00,189,2,4877
32118,2016-04-28,09:03:00,375,3,11154
32119,2016-04-28,09:04:00,47,2,977
32120,2016-04-28,09:06:00,186,2,2451
32121,2016-04-28,09:09:00,454,1,6486
32122,2016-04-28,09:17:00,321,3,11308
32123,2016-04-28,09:18:00,435,5,5924
32124,2016-04-28,09:24:00,320,2,1418
32125,2016-04-28,09:30:00,143,2,565
32126,2016-04-28,09:31:00,145,1,7475
32127,2016-04-28,09:39:00,2,1,1704
32128,2016-04-28,09:40:00,73,1,3901
32129,2016-04-28,09:48:00,434,3,5790
32130,2016-04-28,09:54:00,373,1,7990
32131,2016-04-28,09:54:00,43,2,4011
32132,2016-04-28,10:03:00,333,2,1127
32133,2016-04-28,10:10:00,116,2,8100
32134,2016-04-28,10:11:00,68,1,10111
32135,2016-04-28,10:14:00,184,1,7486
32136,2016-04-28,10:15:00,238,2,11569
32137,2016-04-28,10:15:00,68,3,4644
32138,2016-04-28,10:29:00,325,2,11570
32139,2016-04-28,10:30:00,40,1,6450
32140,2016-04-28,10:41:00,433,1,6015
32141,2016-04-28,10:43:00,59,2,5336
32142,2016-04-28,10:43:00,341,2,11862
32143,2016-04-28,10:47:00,94,2,7486
32144,2016-04-28,10:48:00,219,1,10901
32145,2016-04-28,10:50:00,224,3,9710
32146,2016-04-28,10:54:00,110,1,8261
32147,2016-04-28,11:00:00,161,2,1830
32148,2016-04-28,11:00:00,213,2,4243
32149,2016-04-28,11:00:00,293,1,7677
32150,2016-04-28,11:12:00,254,2,8592
32151,2016-04-28,11:12:00,169,1,11436
32152,2016-04-28,11:15:00,349,2,10458
32153,2016-04-28,11:17:00,276,2,9591
32154,2016-04-28,11:21:00,291,2,10194
32155,2016-04-28,11:34:00,258,2,780
32156,2016-04-28,11:34:00,447,2,9790
32157,2016-04-28,11:34:00,237,1,11875
32158,2016-04-28,11:37:00,241,1,10054
32159,2016-04-28,11:40:00,282,1,4392
32160,2016-04-28,11:41:00,56,3,694
32161,2016-04-28,11:41:00,384,6,7452
32162,2016-04-28,12:03:00,376,2,3259
32163,2016-04-28,12:05:00,272,1,3734
32164,2016-04-28,12:08:00,296,3,10688
32165,2016-04-28,12:12:00,125,1,188
32166,2016-04-28,12:18:00,384,1,4288
32167,2016-04-28,12:25:00,18,2,10510
32168,2016-04-28,12:49:00,455,2,3954
32169,2016-04-28,12:54:00,432,4,4932
32170,2016-04-28,12:54:00,92,3,10440
32171,2016-04-28,13:04:00,229,3,1024
32172,2016-04-28,13:13:00,414,2,6622
32173,2016-04-28,13:14:00,9,1,3401
32174,2016-04-28,13:17:00,221,1,10438
32175,2016-04-28,13:22:00,151,2,8225
32176,2016-04-28,13:26:00,275,3,4045
32177,2016-04-28,13:28:00,218,3,11083
32178,2016-04-28,13:52:00,335,1,9903
32179,2016-04-28,13:59:00,77,4,5796
32180,2016-04-28,14:01:00,60,2,1398
32181,2016-04-28,14:11:00,40,1,5965
32182,2016-04-28,14:12:00,320,4,9876
32183,2016-04-28,14:14:00,350,1,11614
32184,2016-04-28,14:16:00,271,2,7374
32185,2016-04-28,14:21:00,155,2,782
32186,2016-04-28,14:22:00,338,2,9012
32187,2016-04-28,14:27:00,378,2,870
32188,2016-04-28,14:28:00,143,1,11279
32189,2016-04-28,14:31:00,271,3,1957
32190,2016-04-28,14:32:00,399,2,6027
32191,2016-04-28,14:41:00,346,3,8179
32192,2016-04-28,14:55:00,297,2,6132
32193,2016-04-28,14:58:00,114,2,10531
32194,2016-04-28,15:06:00,26,1,2703
32195,2016-04-28,15:16:00,223,2,1726
32196,2016-04-28,15:26:00,84,1,11784
32197,2016-04-28,15:27:00,27,1,7576
32198,2016-04-28,15:29:00,114,2,3501
32199,2016-04-28,15:31:00,61,1,1357
32200,2016-04-28,15:32:00,252,2,1542
32201,2016-04-28,15:34:00,220,4,6945
32202,2016-04-28,15:34:00,86,2,2418
32203,2016-04-28,15:37:00,222,1,5683
32204,2016-04-28,15:41:00,446,2,496
32205,2016-04-28,15:42:00,49,1,10087
32206,2016-04-28,15:47:00,59,1,6412
32207,2016-04-28,15:51:00,236,1,1876
32208,2016-04-28,15:58:00,10,2,6726
32209,2016-04-28,16:04:00,424,2,6862
32210,2016-04-28,16:06:00,394,1,579
32211,2016-04-28,16:10:00,428,1,7111
32212,2016-04-28,16:19:00,448,2,5155
32213,2016-04-28,16:20:00,3,1,10950
32214,2016-04-28,16:22:00,41,2,6000
32215,2016-04-28,16:29:00,146,1,9483
32216,2016-04-28,16:32:00,153,3,1289
32217,2016-04-28,16:34:00,281,1,118
32218,2016-04-28,16:38:00,133,4,6284
32219,2016-04-28,16:40:00,40,1,1044
32220,2016-04-28,16:42:00,188,2,7777
32221,2016-04-28,16:49:00,454,1,11338
32222,2016-04-28,16:49:00,198,2,1015
32223,2016-04-28,16:51:00,286,1,7801
32224,2016-04-28,16:52:00,327,2,5554
32225,2016-04-28,16:54:00,96,1,5147
32226,2016-04-28,17:06:00,194,3,2629
32227,2016-04-28,17:11:00,452,2,4928
32228,2016-04-28,17:12:00,137,1,2797
32229,2016-04-28,17:22:00,202,1,9771
32230,2016-04-28,17:31:00,136,2,750
32231,2016-04-28,17:37:00,351,1,8668
32232,2016-04-28,17:45:00,377,2,10876
32233,2016-04-28,18:05:00,163,4,8547
32234,2016-04-28,18:14:00,99,3,7227
32235,2016-04-28,18:16:00,78,2,2850
32236,2016-04-28,18:19:00,353,1,6774
32237,2016-04-28,18:25:00,235,2,10063
32238,2016-04-28,18:32:00,338,2,9149
32239,2016-04-28,18:34:00,63,2,8650
32240,2016-04-28,18:39:00,290,1,8255
32241,2016-04-28,18:40:00,100,3,3895
32242,2016-04-28,18:45:00,11,2,150
32243,2016-04-28,18:50:00,118,1,7164
32244,2016-04-28,18:52:00,6,2,4297
32245,2016-04-28,18:56:00,327,3,7862
32246,2016-04-28,19:01:00,115,1,11973
32247,2016-04-28,19:08:00,433,3,10264
32248,2016-04-28,19:16:00,73,2,11907
32249,2016-04-28,19:32:00,257,1,9798
32250,2016-04-28,19:53:00,26,2,6709
32251,2016-04-28,19:58:00,284,3,3024
32252,2016-04-28,20:01:00,257,3,7201
32253,2016-04-28,20:06:00,256,1,5289
32254,2016-04-28,20:10:00,188,4,3825
32255,2016-04-28,20:11:00,250,1,5616
32256,2016-04-28,20:13:00,378,3,3413
32257,2016-04-28,20:15:00,312,4,8894
32258,2016-04-28,20:33:00,395,1,8357
32259,2016-04-28,20:52:00,195,3,10044
32260,2016-04-28,20:55:00,189,1,1214
32261,2016-04-28,20:55:00,277,2,10085
32262,2016-04-28,20:56:00,186,1,11582
32263,2016-04-28,21:09:00,431,2,9398
32264,2016-04-28,21:19:00,224,1,7489
32265,2016-04-28,21:21:00,200,2,3682
32266,2016-04-28,21:39:00,396,3,4889
32267,2016-04-28,21:40:00,19,2,11170
32268,2016-04-28,22:06:00,92,3,2242
32269,2016-04-28,22:10:00,37,1,6885
32270,2016-04-28,22:15:00,188,1,10878
32271,2016-04-28,22:15:00,359,3,1755
32272,2016-04-28,22:18:00,214,1,7757
32273,2016-04-28,22:18:00,178,2,2209
32274,2016-04-28,22:18:00,91,3,6718
32275,2016-04-28,22:23:00,407,1,4099
32276,2016-04-28,22:24:00,398,2,8155
32277,2016-04-28,22:34:00,268,1,8819
32278,2016-04-28,22:35:00,49,2,9218
32279,2016-04-28,22:38:00,394,3,8224
32280,2016-04-28,22:40:00,329,2,6544
32281,2016-04-28,22:41:00,273,1,472
32282,2016-04-28,22:43:00,315,2,8999
32283,2016-04-28,22:50:00,298,1,10235
32284,2016-04-28,23:00:00,428,2,3932
32285,2016-04-28,23:06:00,239,3,2892
32286,2016-04-28,23:19:00,315,2,7755
32287,2016-04-28,23:22:00,66,3,5342
32288,2016-04-28,23:28:00,120,1,8288
32289,2016-04-28,23:30:00,89,2,8966
32290,2016-04-28,23:31:00,164,2,11417
32291,2016-04-28,23:33:00,324,2,2419
32292,2016-04-28,23:40:00,22,2,6580
32293,2016-04-28,23:47:00,313,2,3676
32294,2016-04-28,23:47:00,381,2,796
32295,2016-04-28,23:54:00,156,3,5428
32296,2016-04-28,23:55:00,201,1,7170
32297,2016-04-28,23:55:00,233,2,780
32298,2016-04-28,23:56:00,379,1,3064
32299,2016-04-29,00:30:00,97,2,10262
32300,2016-04-29,00:34:00,203,2,11414
32301,2016-04-29,00:36:00,199,1,16
32302,2016-04-29,00:39:00,67,1,5895
32303,2016-04-29,00:40:00,445,2,9150
32304,2016-04-29,00:40:00,248,2,2151
32305,2016-04-29,01:17:00,388,2,255
32306,2016-04-29,01:28:00,107,1,6667
32307,2016-04-29,01:32:00,140,2,919
32308,2016-04-29,01:34:00,260,1,3219
32309,2016-04-29,01:38:00,447,2,8633
32310,2016-04-29,01:39:00,52,2,1260
32311,2016-04-29,01:43:00,78,2,11196
32312,2016-04-29,01:57:00,341,2,10013
32313,2016-04-29,01:58:00,89,1,7932
32314,2016-04-29,02:02:00,52,1,9707
32315,2016-04-29,02:03:00,235,1,6063
32316,2016-04-29,02:06:00,127,1,9659
32317,2016-04-29,02:25:00,47,2,3546
32318,2016-04-29,02:28:00,420,2,2262
32319,2016-04-29,02:29:00,414,1,7
32320,2016-04-29,02:30:00,355,2,10351
32321,2016-04-29,02:35:00,40,1,6086
32322,2016-04-29,02:41:00,368,1,3509
32323,2016-04-29,02:42:00,76,3,148
32324,2016-04-29,02:42:00,175,1,5600
32325,2016-04-29,02:46:00,171,3,9028
32326,2016-04-29,02:46:00,45,2,5773
32327,2016-04-29,02:54:00,355,2,6816
32328,2016-04-29,03:04:00,137,1,7096
32329,2016-04-29,03:06:00,216,2,944
32330,2016-04-29,03:06:00,308,3,10830
32331,2016-04-29,03:14:00,321,2,7412
32332,2016-04-29,03:16:00,415,2,8626
32333,2016-04-29,03:24:00,300,2,4129
32334,2016-04-29,03:26:00,22,4,2064
32335,2016-04-29,03:36:00,245,3,1218
32336,2016-04-29,03:37:00,331,3,2430
32337,2016-04-29,03:38:00,365,1,420
32338,2016-04-29,03:41:00,213,2,11666
32339,2016-04-29,03:42:00,237,1,800
32340,2016-04-29,03:43:00,453,2,8496
32341,2016-04-29,03:45:00,353,2,973
32342,2016-04-29,03:48:00,355,1,3885
32343,2016-04-29,03:49:00,230,2,4802
32344,2016-04-29,03:50:00,402,1,5921
32345,2016-04-29,03:51:00,91,1,3315
32346,2016-04-29,03:59:00,426,2,3135
32347,2016-04-29,04:06:00,80,2,5859
32348,2016-04-29,04:11:00,402,1,319
32349,2016-04-29,04:17:00,124,1,10531
32350,2016-04-29,04:24:00,99,1,1631
32351,2016-04-29,04:26:00,403,3,4573
32352,2016-04-29,04:28:00,414,1,8359
32353,2016-04-29,04:31:00,123,1,9178
32354,2016-04-29,04:34:00,292,2,8714
32355,2016-04-29,04:36:00,319,3,7332
32356,2016-04-29,04:41:00,42,1,10412
32357,2016-04-29,04:42:00,118,1,2657
32358,2016-04-29,04:47:00,17,1,1856
32359,2016-04-29,04:52:00,413,1,2159
32360,2016-04-29,04:54:00,454,2,2478
32361,2016-04-29,05:08:00,452,2,10068
32362,2016-04-29,05:19:00,386,2,267
32363,2016-04-29,05:24:00,124,2,9201
32364,2016-04-29,05:24:00,130,2,2939
32365,2016-04-29,05:30:00,223,3,3156
32366,2016-04-29,05:41:00,340,4,3775
32367,2016-04-29,05:41:00,230,2,6359
32368,2016-04-29,05:59:00,420,3,6985
32369,2016-04-29,06:07:00,172,3,2066
32370,2016-04-29,06:07:00,158,1,8137
32371,2016-04-29,06:08:00,309,1,3064
32372,2016-04-29,06:13:00,361,3,6590
32373,2016-04-29,06:18:00,8,3,2135
32374,2016-04-29,06:27:00,52,1,9204
32375,2016-04-29,06:32:00,303,1,6489
32376,2016-04-29,06:34:00,30,1,9413
32377,2016-04-29,06:46:00,283,2,3175
32378,2016-04-29,06:53:00,419,1,8820
32379,2016-04-29,06:55:00,183,1,9096
32380,2016-04-29,07:00:00,111,2,3035
32381,2016-04-29,07:05:00,87,5,11984
32382,2016-04-29,07:13:00,48,1,10833
32383,2016-04-29,07:13:00,404,2,1120
32384,2016-04-29,07:13:00,278,1,8499
32385,2016-04-29,07:22:00,249,1,9026
32386,2016-04-29,07:32:00,275,1,11949
32387,2016-04-29,07:36:00,393,2,8613
32388,2016-04-29,07:42:00,389,1,886
32389,2016-04-29,07:45:00,317,2,8363
32390,2016-04-29,07:49:00,332,3,10470
32391,2016-04-29,07:52:00,31,2,11034
32392,2016-04-29,07:53:00,279,4,5539
32393,2016-04-29,07:59:00,293,1,9380
32394,2016-04-29,08:00:00,134,1,10190
32395,2016-04-29,08:00:00,115,2,3294
32396,2016-04-29,08:01:00,92,2,11792
32397,2016-04-29,08:07:00,287,2,3236
32398,2016-04-29,08:10:00,454,1,7680
32399,2016-04-29,08:10:00,224,3,1585
32400,2016-04-29,08:12:00,414,2,247
32401,2016-04-29,08:12:00,157,3,1563
32402,2016-04-29,08:40:00,265,1,4716
32403,2016-04-29,08:43:00,384,1,1285
32404,2016-04-29,08:57:00,158,2,9527
32405,2016-04-29,08:59:00,422,3,11898
32406,2016-04-29,09:06:00,455,1,9121
32407,2016-04-29,09:08:00,36,1,6677
32408,2016-04-29,09:10:00,12,2,1952
32409,2016-04-29,09:13:00,220,3,5420
32410,2016-04-29,09:23:00,15,2,4263
32411,2016-04-29,09:24:00,146,2,3915
32412,2016-04-29,09:27:00,383,3,9712
32413,2016-04-29,09:34:00,339,5,3305
32414,2016-04-29,09:37:00,73,3,4452
32415,2016-04-29,09:45:00,64,1,9900
32416,2016-04-29,09:45:00,297,3,10559
32417,2016-04-29,09:45:00,368,2,5194
32418,2016-04-29,09:56:00,54,2,4574
32419,2016-04-29,10:07:00,31,3,2904
32420,2016-04-29,10:08:00,39,2,10902
32421,2016-04-29,10:10:00,380,2,8520
32422,2016-04-29,10:16:00,55,1,6684
32423,2016-04-29,10:19:00,108,3,10488
32424,2016-04-29,10:25:00,299,3,9483
32425,2016-04-29,10:29:00,441,2,11563
32426,2016-04-29,10:36:00,208,1,305
32427,2016-04-29,10:38:00,305,2,3725
32428,2016-04-29,10:40:00,276,1,6621
32429,2016-04-29,10:47:00,271,3,352
32430,2016-04-29,10:49:00,76,2,9187
32431,2016-04-29,11:10:00,106,1,257
32432,2016-04-29,11:12:00,436,1,4144
32433,2016-04-29,11:25:00,412,2,10938
32434,2016-04-29,11:25:00,160,1,6015
32435,2016-04-29,11:26:00,442,2,9250
32436,2016-04-29,11:38:00,137,2,2320
32437,2016-04-29,11:45:00,194,2,8862
32438,2016-04-29,11:47:00,373,1,1577
32439,2016-04-29,11:48:00,183,1,714
32440,2016-04-29,11:49:00,85,1,10059
32441,2016-04-29,11:49:00,261,2,3574
32442,2016-04-29,11:52:00,103,3,5089
32443,2016-04-29,11:54:00,210,2,4066
32444,2016-04-29,11:56:00,5,1,7744
32445,2016-04-29,11:58:00,415,3,7692
32446,2016-04-29,11:58:00,119,1,10876
32447,2016-04-29,11:58:00,134,1,3274
32448,2016-04-29,12:07:00,430,1,4285
32449,2016-04-29,12:17:00,149,3,2426
32450,2016-04-29,12:17:00,128,1,1762
32451,2016-04-29,12:18:00,310,3,6239
32452,2016-04-29,12:20:00,432,1,6291
32453,2016-04-29,12:23:00,285,1,11560
32454,2016-04-29,12:27:00,231,1,11879
32455,2016-04-29,12:35:00,258,2,8188
32456,2016-04-29,12:40:00,148,1,4953
32457,2016-04-29,12:42:00,109,1,550
32458,2016-04-29,12:49:00,100,3,4823
32459,2016-04-29,12:53:00,12,3,5283
32460,2016-04-29,12:57:00,177,3,2421
32461,2016-04-29,12:58:00,178,2,11565
32462,2016-04-29,13:02:00,110,2,453
32463,2016-04-29,13:05:00,257,4,7252
32464,2016-04-29,13:18:00,28,1,4522
32465,2016-04-29,13:28:00,187,4,8227
32466,2016-04-29,13:44:00,191,2,11247
32467,2016-04-29,14:17:00,358,2,2125
32468,2016-04-29,14:18:00,150,2,9124
32469,2016-04-29,14:21:00,311,2,2258
32470,2016-04-29,14:25:00,123,2,7590
32471,2016-04-29,14:44:00,401,1,3173
32472,2016-04-29,14:49:00,12,1,6397
32473,2016-04-29,14:50:00,209,1,5213
32474,2016-04-29,15:01:00,257,2,3189
32475,2016-04-29,15:04:00,293,1,1035
32476,2016-04-29,15:08:00,26,3,3079
32477,2016-04-29,15:15:00,426,5,4018
32478,2016-04-29,15:22:00,396,2,7742
32479,2016-04-29,15:28:00,39,2,11837
32480,2016-04-29,15:40:00,451,1,9429
32481,2016-04-29,15:47:00,14,2,3917
32482,2016-04-29,15:57:00,172,2,1493
32483,2016-04-29,15:59:00,366,2,2588
32484,2016-04-29,15:59:00,27,2,3858
32485,2016-04-29,16:05:00,63,3,6870
32486,2016-04-29,16:09:00,55,3,7407
32487,2016-04-29,16:09:00,81,1,10017
32488,2016-04-29,16:11:00,287,1,7642
32489,2016-04-29,16:13:00,25,2,6919
32490,2016-04-29,16:16:00,33,1,11151
32491,2016-04-29,16:16:00,352,1,6128
32492,2016-04-29,16:16:00,394,3,6382
32493,2016-04-29,16:22:00,385,2,7391
32494,2016-04-29,16:26:00,227,1,7297
32495,2016-04-29,16:43:00,3,3,8987
32496,2016-04-29,16:51:00,117,3,9801
32497,2016-04-29,17:10:00,298,1,2767
32498,2016-04-29,17:13:00,219,1,11220
32499,2016-04-29,17:16:00,52,1,9998
32500,2016-04-29,17:19:00,34,3,3145
32501,2016-04-29,17:24:00,216,1,8101
32502,2016-04-29,17:25:00,54,1,10719
32503,2016-04-29,17:37:00,350,3,10620
32504,2016-04-29,17:40:00,137,2,6354
32505,2016-04-29,17:42:00,137,1,1375
32506,2016-04-29,18:12:00,185,1,10301
32507,2016-04-29,18:14:00,28,1,10732
32508,2016-04-29,18:14:00,59,3,3619
32509,2016-04-29,18:17:00,237,2,344
32510,2016-04-29,18:29:00,231,5,446
32511,2016-04-29,18:42:00,58,2,11509
32512,2016-04-29,18:48:00,418,2,7308
32513,2016-04-29,18:49:00,191,1,7996
32514,2016-04-29,19:00:00,8,2,2065
32515,2016-04-29,19:01:00,200,3,11185
32516,2016-04-29,19:13:00,333,3,7090
32517,2016-04-29,19:22:00,136,3,1216
32518,2016-04-29,19:29:00,199,4,3327
32519,2016-04-29,19:33:00,171,1,11167
32520,2016-04-29,19:41:00,396,1,11946
32521,2016-04-29,19:48:00,397,2,8705
32522,2016-04-29,19:58:00,333,1,6718
32523,2016-04-29,20:00:00,151,3,6246
32524,2016-04-29,20:06:00,321,1,9574
32525,2016-04-29,20:07:00,268,2,10351
32526,2016-04-29,20:25:00,28,2,6820
32527,2016-04-29,20:28:00,11,1,9354
32528,2016-04-29,20:40:00,398,3,9856
32529,2016-04-29,20:43:00,414,1,10882
32530,2016-04-29,20:44:00,23,1,4019
32531,2016-04-29,20:47:00,152,2,1019
32532,2016-04-29,20:51:00,209,1,2860
32533,2016-04-29,20:56:00,203,2,5969
32534,2016-04-29,21:07:00,407,2,6414
32535,2016-04-29,21:16:00,255,1,8428
32536,2016-04-29,21:35:00,49,3,8840
32537,2016-04-29,21:38:00,356,2,1782
32538,2016-04-29,21:41:00,341,1,10382
32539,2016-04-29,21:48:00,351,1,3566
32540,2016-04-29,21:51:00,230,2,7486
32541,2016-04-29,21:53:00,128,2,6597
32542,2016-04-29,22:07:00,428,1,8376
32543,2016-04-29,22:09:00,271,2,2486
32544,2016-04-29,22:12:00,42,1,7165
32545,2016-04-29,22:12:00,410,1,11731
32546,2016-04-29,22:15:00,230,7,1836
32547,2016-04-29,22:16:00,144,3,5264
32548,2016-04-29,23:11:00,417,1,1393
32549,2016-04-29,23:12:00,108,2,11004
32550,2016-04-29,23:21:00,400,2,8615
32551,2016-04-29,23:32:00,440,2,11201
32552,2016-04-29,23:33:00,372,2,10673
32553,2016-04-29,23:38:00,350,2,751
32554,2016-04-29,23:48:00,95,2,4001
32555,2016-04-29,23:50:00,301,3,2834
32556,2016-04-29,23:55:00,215,5,7577
32557,2016-04-30,00:12:00,101,1,11232
32558,2016-04-30,00:14:00,31,2,4771
32559,2016-04-30,00:14:00,246,1,10613
32560,2016-04-30,00:17:00,71,2,3700
32561,2016-04-30,00:23:00,374,3,8919
32562,2016-04-30,00:26:00,15,1,4463
32563,2016-04-30,00:33:00,214,2,10591
32564,2016-04-30,00:42:00,365,2,8455
32565,2016-04-30,00:42:00,252,3,8202
32566,2016-04-30,01:03:00,432,1,10532
32567,2016-04-30,01:04:00,74,2,7530
32568,2016-04-30,01:16:00,212,4,1131
32569,2016-04-30,01:16:00,62,3,6760
32570,2016-04-30,01:19:00,251,3,4245
32571,2016-04-30,01:37:00,132,4,4237
32572,2016-04-30,01:37:00,214,1,10159
32573,2016-04-30,01:40:00,225,1,7966
32574,2016-04-30,01:40:00,158,1,6987
32575,2016-04-30,01:43:00,114,3,8582
32576,2016-04-30,01:43:00,311,2,4500
32577,2016-04-30,01:51:00,154,2,5550
32578,2016-04-30,01:51:00,360,2,4190
32579,2016-04-30,02:01:00,280,2,2706
32580,2016-04-30,02:02:00,114,1,2965
32581,2016-04-30,02:06:00,409,1,7820
32582,2016-04-30,02:11:00,259,3,9131
32583,2016-04-30,02:16:00,451,3,3421
32584,2016-04-30,02:17:00,253,3,8045
32585,2016-04-30,02:17:00,284,2,2545
32586,2016-04-30,02:18:00,99,2,2769
32587,2016-04-30,02:25:00,243,2,4119
32588,2016-04-30,02:30:00,34,3,3108
32589,2016-04-30,02:40:00,203,1,263
32590,2016-04-30,02:40:00,12,1,8147
32591,2016-04-30,02:42:00,111,1,1057
32592,2016-04-30,02:44:00,278,3,3393
32593,2016-04-30,02:44:00,394,2,1475
32594,2016-04-30,02:51:00,271,2,8033
32595,2016-04-30,02:54:00,100,1,3480
32596,2016-04-30,02:55:00,231,3,5726
32597,2016-04-30,02:57:00,452,2,9043
32598,2016-04-30,03:09:00,103,1,11112
32599,2016-04-30,03:12:00,222,1,2943
32600,2016-04-30,03:22:00,153,1,11758
32601,2016-04-30,03:31:00,244,1,2408
32602,2016-04-30,03:38:00,56,3,9279
32603,2016-04-30,03:48:00,163,3,1503
32604,2016-04-30,03:54:00,311,2,2533
32605,2016-04-30,04:01:00,284,2,6624
32606,2016-04-30,04:06:00,271,3,847
32607,2016-04-30,04:08:00,84,1,4197
32608,2016-04-30,04:10:00,51,3,1154
32609,2016-04-30,04:11:00,185,2,2431
32610,2016-04-30,04:19:00,75,2,10461
32611,2016-04-30,04:19:00,245,1,11081
32612,2016-04-30,04:20:00,420,4,6214
32613,2016-04-30,04:30:00,323,1,7801
32614,2016-04-30,04:32:00,265,2,5971
32615,2016-04-30,04:35:00,143,1,11827
32616,2016-04-30,04:40:00,233,2,11818
32617,2016-04-30,04:42:00,337,4,5648
32618,2016-04-30,04:43:00,219,3,10658
32619,2016-04-30,04:47:00,340,3,7884
32620,2016-04-30,05:11:00,433,2,5661
32621,2016-04-30,05:15:00,242,1,1333
32622,2016-04-30,05:15:00,154,2,8020
32623,2016-04-30,05:21:00,73,3,11796
32624,2016-04-30,05:22:00,29,1,7907
32625,2016-04-30,05:33:00,289,1,8459
32626,2016-04-30,05:43:00,427,3,8488
32627,2016-04-30,05:43:00,341,2,5423
32628,2016-04-30,05:55:00,221,3,3060
32629,2016-04-30,05:56:00,434,1,6798
32630,2016-04-30,06:09:00,224,3,3138
32631,2016-04-30,06:11:00,316,1,8763
32632,2016-04-30,06:13:00,5,1,7073
32633,2016-04-30,06:16:00,324,2,9581
32634,2016-04-30,06:27:00,386,1,6013
32635,2016-04-30,06:28:00,222,1,11553
32636,2016-04-30,06:33:00,118,2,4860
32637,2016-04-30,06:41:00,135,1,2495
32638,2016-04-30,06:48:00,211,5,5334
32639,2016-04-30,06:55:00,446,2,8349
32640,2016-04-30,06:58:00,227,1,4605
32641,2016-04-30,07:08:00,223,2,7408
32642,2016-04-30,07:15:00,251,2,11122
32643,2016-04-30,07:22:00,350,2,4165
32644,2016-04-30,07:22:00,372,2,11449
32645,2016-04-30,07:23:00,167,2,7874
32646,2016-04-30,07:23:00,117,5,9962
32647,2016-04-30,07:29:00,5,4,5556
32648,2016-04-30,07:36:00,128,1,9382
32649,2016-04-30,07:53:00,300,2,6407
32650,2016-04-30,08:03:00,246,2,5596
32651,2016-04-30,08:03:00,309,2,1077
32652,2016-04-30,08:05:00,23,2,867
32653,2016-04-30,08:06:00,172,3,6449
32654,2016-04-30,08:08:00,197,1,8746
32655,2016-04-30,08:14:00,202,3,9639
32656,2016-04-30,08:20:00,413,1,4333
32657,2016-04-30,08:22:00,334,1,8713
32658,2016-04-30,08:30:00,368,2,4251
32659,2016-04-30,08:32:00,31,1,7195
32660,2016-04-30,08:33:00,321,2,841
32661,2016-04-30,08:33:00,234,1,4650
32662,2016-04-30,08:41:00,183,2,3446
32663,2016-04-30,08:45:00,290,3,8810
32664,2016-04-30,08:59:00,369,1,11661
32665,2016-04-30,09:00:00,42,3,3696
32666,2016-04-30,09:15:00,66,2,10514
32667,2016-04-30,09:19:00,413,2,9388
32668,2016-04-30,09:24:00,129,3,2915
32669,2016-04-30,09:33:00,133,1,11380
32670,2016-04-30,09:35:00,81,2,10466
32671,2016-04-30,09:36:00,266,2,222
32672,2016-04-30,09:43:00,182,3,5795
32673,2016-04-30,09:50:00,201,2,1684
32674,2016-04-30,10:00:00,373,2,7037
32675,2016-04-30,10:13:00,23,1,9637
32676,2016-04-30,10:30:00,204,1,11170
32677,2016-04-30,10:30:00,172,1,9253
32678,2016-04-30,10:35:00,29,3,309
32679,2016-04-30,10:56:00,313,1,2707
32680,2016-04-30,11:11:00,250,1,6290
32681,2016-04-30,11:22:00,191,5,8483
32682,2016-04-30,11:23:00,430,2,4945
32683,2016-04-30,11:30:00,251,2,8432
32684,2016-04-30,11:30:00,367,1,4665
32685,2016-04-30,11:35:00,217,3,9791
32686,2016-04-30,11:37:00,5,2,3840
32687,2016-04-30,11:38:00,256,1,10111
32688,2016-04-30,11:40:00,179,2,2555
32689,2016-04-30,11:42:00,275,1,8444
32690,2016-04-30,12:00:00,294,1,6022
32691,2016-04-30,12:09:00,153,2,11647
32692,2016-04-30,12:14:00,137,1,3931
32693,2016-04-30,12:17:00,400,2,3768
32694,2016-04-30,12:27:00,87,3,3188
32695,2016-04-30,12:31:00,216,3,8988
32696,2016-04-30,12:31:00,206,2,9778
32697,2016-04-30,12:56:00,55,1,3123
32698,2016-04-30,12:58:00,400,1,5560
32699,2016-04-30,13:02:00,359,1,10774
32700,2016-04-30,13:03:00,395,1,8500
32701,2016-04-30,13:10:00,317,2,4009
32702,2016-04-30,13:10:00,249,3,7620
32703,2016-04-30,13:15:00,394,3,3930
32704,2016-04-30,13:17:00,92,2,7639
32705,2016-04-30,13:26:00,325,3,2799
32706,2016-04-30,13:31:00,344,1,11042
32707,2016-04-30,13:38:00,77,1,4419
32708,2016-04-30,13:43:00,54,1,1794
32709,2016-04-30,13:48:00,455,1,11891
32710,2016-04-30,13:55:00,41,5,5153
32711,2016-04-30,13:59:00,456,1,5439
32712,2016-04-30,14:01:00,263,2,8911
32713,2016-04-30,14:16:00,221,1,8187
32714,2016-04-30,14:19:00,280,3,9568
32715,2016-04-30,14:29:00,31,2,10577
32716,2016-04-30,14:31:00,93,3,11385
32717,2016-04-30,14:34:00,253,2,3472
32718,2016-04-30,14:35:00,308,1,11351
32719,2016-04-30,14:39:00,38,5,4150
32720,2016-04-30,14:43:00,379,2,4012
32721,2016-04-30,14:54:00,207,2,8807
32722,2016-04-30,14:55:00,366,1,5625
32723,2016-04-30,14:56:00,152,1,9555
32724,2016-04-30,15:02:00,62,3,314
32725,2016-04-30,15:05:00,73,1,11953
32726,2016-04-30,15:11:00,170,1,1834
32727,2016-04-30,15:13:00,176,2,5972
32728,2016-04-30,15:20:00,331,5,3948
32729,2016-04-30,15:31:00,439,2,9283
32730,2016-04-30,15:39:00,354,1,10769
32731,2016-04-30,15:55:00,65,3,2113
32732,2016-04-30,16:05:00,314,5,11909
32733,2016-04-30,16:07:00,48,2,8666
32734,2016-04-30,16:12:00,130,2,2259
32735,2016-04-30,16:14:00,445,1,1848
32736,2016-04-30,16:22:00,279,1,7664
32737,2016-04-30,16:24:00,289,2,1445
32738,2016-04-30,16:38:00,251,3,6518
32739,2016-04-30,16:43:00,365,2,589
32740,2016-04-30,16:53:00,238,2,501
32741,2016-04-30,16:53:00,242,2,2667
32742,2016-04-30,16:55:00,251,4,3093
32743,2016-04-30,17:11:00,400,1,4617
32744,2016-04-30,17:28:00,225,3,2271
32745,2016-04-30,17:29:00,176,1,3054
32746,2016-04-30,17:38:00,241,2,6936
32747,2016-04-30,17:45:00,349,1,10922
32748,2016-04-30,17:54:00,421,1,9400
32749,2016-04-30,17:55:00,41,2,6496
32750,2016-04-30,17:58:00,370,1,1738
32751,2016-04-30,17:59:00,42,1,8022
32752,2016-04-30,18:02:00,165,2,10147
32753,2016-04-30,18:03:00,120,1,7846
32754,2016-04-30,18:04:00,182,1,2977
32755,2016-04-30,18:06:00,315,1,635
32756,2016-04-30,18:14:00,93,2,3724
32757,2016-04-30,18:16:00,408,2,810
32758,2016-04-30,18:17:00,449,2,7815
32759,2016-04-30,18:31:00,274,1,4352
32760,2016-04-30,18:38:00,88,2,2897
32761,2016-04-30,18:47:00,137,2,11755
32762,2016-04-30,18:53:00,102,2,4943
32763,2016-04-30,18:54:00,42,2,10512
32764,2016-04-30,18:54:00,178,1,5071
32765,2016-04-30,18:55:00,278,1,10432
32766,2016-04-30,18:58:00,11,1,8218
32767,2016-04-30,19:00:00,3,2,8307
32768,2016-04-30,19:01:00,78,1,1360
32769,2016-04-30,19:08:00,352,2,9140
32770,2016-04-30,19:12:00,227,2,3772
32771,2016-04-30,19:16:00,446,1,3819
32772,2016-04-30,19:17:00,61,2,3963
32773,2016-04-30,19:25:00,250,2,7636
32774,2016-04-30,19:42:00,205,2,9261
32775,2016-04-30,19:43:00,433,2,11520
32776,2016-04-30,19:43:00,38,2,3078
32777,2016-04-30,19:44:00,370,3,2422
32778,2016-04-30,19:50:00,393,1,744
32779,2016-04-30,19:52:00,349,3,4804
32780,2016-04-30,19:54:00,210,3,6144
32781,2016-04-30,19:56:00,455,2,1147
32782,2016-04-30,20:03:00,84,1,10154
32783,2016-04-30,20:06:00,343,3,6291
32784,2016-04-30,20:08:00,74,1,5516
32785,2016-04-30,20:15:00,371,4,1929
32786,2016-04-30,20:23:00,389,2,4535
32787,2016-04-30,20:24:00,67,1,6129
32788,2016-04-30,20:30:00,132,3,2666
32789,2016-04-30,20:32:00,252,2,8560
32790,2016-04-30,20:40:00,28,3,3080
32791,2016-04-30,20:59:00,157,3,10065
32792,2016-04-30,20:59:00,54,2,3386
32793,2016-04-30,21:00:00,362,1,7006
32794,2016-04-30,21:02:00,202,1,1884
32795,2016-04-30,21:07:00,373,1,11827
32796,2016-04-30,21:07:00,365,1,9734
32797,2016-04-30,21:14:00,287,2,1736
32798,2016-04-30,21:17:00,32,1,9525
32799,2016-04-30,21:20:00,83,2,527
32800,2016-04-30,21:27:00,100,2,11347
32801,2016-04-30,21:33:00,361,1,6360
32802,2016-04-30,21:33:00,230,2,2706
32803,2016-04-30,21:35:00,191,2,9018
32804,2016-04-30,21:40:00,90,2,10338
32805,2016-04-30,21:50:00,67,2,6084
32806,2016-04-30,21:52:00,415,1,1165
32807,2016-04-30,21:52:00,8,2,5596
32808,2016-04-30,21:55:00,136,1,8413
32809,2016-04-30,21:56:00,345,3,2382
32810,2016-04-30,22:04:00,308,1,5122
32811,2016-04-30,22:06:00,133,2,2972
32812,2016-04-30,22:09:00,74,1,752
32813,2016-04-30,22:13:00,458,2,1700
32814,2016-04-30,22:30:00,316,3,849
32815,2016-04-30,22:31:00,162,2,8383
32816,2016-04-30,22:36:00,147,2,1621
32817,2016-04-30,22:39:00,23,2,718
32818,2016-04-30,22:41:00,168,3,6394
32819,2016-04-30,22:42:00,458,3,5407
32820,2016-04-30,22:45:00,263,1,8603
32821,2016-04-30,22:51:00,406,1,1877
32822,2016-04-30,23:02:00,206,1,3261
32823,2016-04-30,23:18:00,352,3,530
32824,2016-04-30,23:19:00,457,1,6250
32825,2016-04-30,23:25:00,61,2,10692
32826,2016-04-30,23:44:00,219,2,7836
32827,2016-04-30,23:50:00,309,2,2338
32828,2016-04-30,23:55:00,349,2,10582
32829,2016-05-01,00:18:00,435,2,4610
32830,2016-05-01,00:18:00,419,3,6493
32831,2016-05-01,00:20:00,398,1,3503
32832,2016-05-01,00:25:00,65,2,1973
32833,2016-05-01,00:26:00,91,3,5177
32834,2016-05-01,00:26:00,202,1,2169
32835,2016-05-01,00:31:00,316,3,4273
32836,2016-05-01,00:40:00,111,2,786
32837,2016-05-01,00:45:00,69,1,10261
32838,2016-05-01,00:47:00,293,2,10117
32839,2016-05-01,00:54:00,179,4,1315
32840,2016-05-01,01:02:00,35,3,7021
32841,2016-05-01,01:09:00,254,1,111
32842,2016-05-01,01:11:00,66,2,6501
32843,2016-05-01,01:13:00,449,4,8119
32844,2016-05-01,01:15:00,365,3,3348
32845,2016-05-01,01:16:00,244,2,11128
32846,2016-05-01,01:18:00,184,2,10897
32847,2016-05-01,01:23:00,73,2,9540
32848,2016-05-01,01:24:00,142,3,4945
32849,2016-05-01,01:35:00,25,2,8035
32850,2016-05-01,01:35:00,194,3,1951
32851,2016-05-01,01:45:00,280,1,10339
32852,2016-05-01,02:43:00,410,1,9089
32853,2016-05-01,02:43:00,386,3,569
32854,2016-05-01,02:45:00,243,1,11897
32855,2016-05-01,02:49:00,338,3,845
32856,2016-05-01,02:53:00,399,2,5299
32857,2016-05-01,02:58:00,429,3,8411
32858,2016-05-01,03:00:00,202,2,3205
32859,2016-05-01,03:01:00,111,3,8639
32860,2016-05-01,03:03:00,272,2,10868
32861,2016-05-01,03:03:00,247,4,11572
32862,2016-05-01,03:03:00,453,3,1117
32863,2016-05-01,03:05:00,337,3,10156
32864,2016-05-01,03:08:00,161,3,10496
32865,2016-05-01,03:08:00,302,2,1794
32866,2016-05-01,03:10:00,315,2,6520
32867,2016-05-01,03:12:00,28,1,4388
32868,2016-05-01,03:14:00,205,3,5374
32869,2016-05-01,03:17:00,446,1,3839
32870,2016-05-01,03:18:00,29,1,3653
32871,2016-05-01,03:24:00,243,1,979
32872,2016-05-01,03:32:00,134,1,10160
32873,2016-05-01,03:34:00,405,2,1690
32874,2016-05-01,03:56:00,109,1,11632
32875,2016-05-01,04:16:00,214,2,8456
32876,2016-05-01,04:18:00,367,3,3173
32877,2016-05-01,04:20:00,25,2,2170
32878,2016-05-01,04:44:00,123,2,11570
32879,2016-05-01,04:45:00,139,2,8214
32880,2016-05-01,04:49:00,152,1,10364
32881,2016-05-01,04:53:00,456,1,10801
32882,2016-05-01,05:02:00,293,2,11971
32883,2016-05-01,05:08:00,18,4,2655
32884,2016-05-01,05:09:00,86,1,4912
32885,2016-05-01,05:11:00,60,2,5095
32886,2016-05-01,05:14:00,362,2,3609
32887,2016-05-01,05:21:00,69,3,6116
32888,2016-05-01,05:24:00,190,3,9217
32889,2016-05-01,05:32:00,120,3,2790
32890,2016-05-01,05:32:00,234,2,3577
32891,2016-05-01,05:33:00,294,3,526
32892,2016-05-01,05:37:00,401,4,4250
32893,2016-05-01,05:45:00,261,1,6553
32894,2016-05-01,05:48:00,167,3,910
32895,2016-05-01,05:51:00,154,2,997
32896,2016-05-01,05:53:00,168,2,9677
32897,2016-05-01,05:53:00,210,1,5805
32898,2016-05-01,05:54:00,232,1,3572
32899,2016-05-01,05:54:00,1,4,2686
32900,2016-05-01,05:56:00,445,4,5783
32901,2016-05-01,05:58:00,342,1,11648
32902,2016-05-01,05:59:00,193,1,9041
32903,2016-05-01,06:07:00,329,5,6427
32904,2016-05-01,06:09:00,105,1,6928
32905,2016-05-01,06:09:00,85,2,7978
32906,2016-05-01,06:12:00,52,2,768
32907,2016-05-01,06:13:00,227,3,7470
32908,2016-05-01,06:16:00,409,1,6455
32909,2016-05-01,06:18:00,245,2,9323
32910,2016-05-01,06:39:00,261,4,7561
32911,2016-05-01,06:50:00,286,2,7882
32912,2016-05-01,06:54:00,313,1,11923
32913,2016-05-01,06:55:00,268,1,4897
32914,2016-05-01,06:59:00,227,3,2365
32915,2016-05-01,07:10:00,241,2,1279
32916,2016-05-01,07:15:00,338,2,5656
32917,2016-05-01,07:38:00,74,1,6982
32918,2016-05-01,07:39:00,11,3,10619
32919,2016-05-01,07:59:00,347,1,6625
32920,2016-05-01,08:08:00,288,2,9020
32921,2016-05-01,08:08:00,437,2,10346
32922,2016-05-01,08:12:00,403,2,789
32923,2016-05-01,08:14:00,157,2,3742
32924,2016-05-01,08:21:00,275,2,3649
32925,2016-05-01,08:24:00,36,1,2187
32926,2016-05-01,08:24:00,43,5,9698
32927,2016-05-01,08:31:00,127,1,883
32928,2016-05-01,08:32:00,3,4,9589
32929,2016-05-01,08:42:00,120,2,6025
32930,2016-05-01,08:47:00,216,2,10671
32931,2016-05-01,08:57:00,199,3,2257
32932,2016-05-01,09:19:00,48,2,2176
32933,2016-05-01,09:22:00,256,2,8929
32934,2016-05-01,09:31:00,66,2,6697
32935,2016-05-01,09:34:00,153,1,9047
32936,2016-05-01,09:36:00,154,3,6567
32937,2016-05-01,09:37:00,158,3,1218
32938,2016-05-01,09:38:00,339,2,10076
32939,2016-05-01,09:39:00,370,2,4597
32940,2016-05-01,09:46:00,326,3,5939
32941,2016-05-01,09:52:00,122,1,5677
32942,2016-05-01,10:05:00,67,4,10317
32943,2016-05-01,10:09:00,335,2,11223
32944,2016-05-01,10:11:00,162,3,11189
32945,2016-05-01,10:16:00,306,2,11754
32946,2016-05-01,10:19:00,173,3,4670
32947,2016-05-01,10:23:00,175,1,8792
32948,2016-05-01,10:23:00,357,3,10920
32949,2016-05-01,10:39:00,321,2,1741
32950,2016-05-01,10:47:00,36,3,476
32951,2016-05-01,10:53:00,372,2,9612
32952,2016-05-01,10:55:00,368,1,10478
32953,2016-05-01,10:58:00,256,2,8879
32954,2016-05-01,11:06:00,41,2,10126
32955,2016-05-01,11:14:00,13,2,2794
32956,2016-05-01,11:16:00,426,1,4093
32957,2016-05-01,11:22:00,303,1,10476
32958,2016-05-01,11:26:00,18,2,6705
32959,2016-05-01,11:26:00,326,2,3108
32960,2016-05-01,11:32:00,164,3,6104
32961,2016-05-01,11:37:00,456,3,7007
32962,2016-05-01,11:41:00,405,1,10610
32963,2016-05-01,11:43:00,231,2,2868
32964,2016-05-01,11:56:00,366,2,4545
32965,2016-05-01,12:02:00,442,2,8262
32966,2016-05-01,12:04:00,28,2,3288
32967,2016-05-01,12:04:00,278,2,9661
32968,2016-05-01,12:05:00,204,2,11674
32969,2016-05-01,12:35:00,286,2,9175
32970,2016-05-01,12:35:00,413,1,11119
32971,2016-05-01,12:42:00,210,3,4648
32972,2016-05-01,12:44:00,439,2,2471
32973,2016-05-01,12:48:00,34,4,5461
32974,2016-05-01,12:51:00,7,2,7536
32975,2016-05-01,12:56:00,111,3,3995
32976,2016-05-01,13:14:00,39,3,3838
32977,2016-05-01,13:15:00,232,2,5117
32978,2016-05-01,13:16:00,145,5,11451
32979,2016-05-01,13:19:00,27,1,2015
32980,2016-05-01,13:29:00,14,2,1776
32981,2016-05-01,13:30:00,88,3,9730
32982,2016-05-01,13:32:00,217,3,10552
32983,2016-05-01,13:35:00,147,1,11596
32984,2016-05-01,13:36:00,363,2,8429
32985,2016-05-01,13:42:00,140,1,7890
32986,2016-05-01,13:45:00,40,4,232
32987,2016-05-01,13:50:00,119,2,8339
32988,2016-05-01,13:55:00,68,7,6551
32989,2016-05-01,14:02:00,161,3,8631
32990,2016-05-01,14:07:00,143,4,19
32991,2016-05-01,14:08:00,18,2,8299
32992,2016-05-01,14:10:00,100,3,4227
32993,2016-05-01,14:10:00,394,1,1983
32994,2016-05-01,14:14:00,188,2,5917
32995,2016-05-01,14:14:00,92,1,2691
32996,2016-05-01,14:26:00,70,1,4981
32997,2016-05-01,14:45:00,42,1,5509
32998,2016-05-01,14:55:00,178,2,11262
32999,2016-05-01,15:06:00,279,2,9291
33000,2016-05-01,15:06:00,3,3,3370
33001,2016-05-01,15:11:00,268,1,1543
33002,2016-05-01,15:13:00,326,3,6858
33003,2016-05-01,15:26:00,253,1,4017
33004,2016-05-01,15:27:00,39,1,7704
33005,2016-05-01,15:29:00,12,2,10584
33006,2016-05-01,15:32:00,67,3,10332
33007,2016-05-01,15:36:00,386,1,288
33008,2016-05-01,15:52:00,381,2,3463
33009,2016-05-01,16:06:00,222,3,3053
33010,2016-05-01,16:08:00,67,1,5933
33011,2016-05-01,16:20:00,196,3,5165
33012,2016-05-01,16:28:00,380,1,1236
33013,2016-05-01,16:43:00,82,1,9464
33014,2016-05-01,16:44:00,282,4,1768
33015,2016-05-01,16:55:00,311,1,4373
33016,2016-05-01,17:07:00,383,2,9376
33017,2016-05-01,17:19:00,139,1,9794
33018,2016-05-01,17:30:00,415,3,515
33019,2016-05-01,17:42:00,421,1,10519
33020,2016-05-01,17:46:00,230,2,8091
33021,2016-05-01,17:48:00,375,3,10727
33022,2016-05-01,17:51:00,263,2,4638
33023,2016-05-01,17:55:00,280,3,1549
33024,2016-05-01,18:01:00,375,3,282
33025,2016-05-01,18:16:00,100,2,6604
33026,2016-05-01,18:24:00,192,2,3515
33027,2016-05-01,18:26:00,439,2,7710
33028,2016-05-01,18:30:00,250,1,851
33029,2016-05-01,18:33:00,10,2,3219
33030,2016-05-01,18:36:00,403,2,8450
33031,2016-05-01,18:36:00,7,1,1991
33032,2016-05-01,18:43:00,238,1,5680
33033,2016-05-01,18:52:00,334,1,5513
33034,2016-05-01,19:02:00,313,3,7201
33035,2016-05-01,19:07:00,373,3,8543
33036,2016-05-01,19:14:00,83,2,815
33037,2016-05-01,19:21:00,88,1,1466
33038,2016-05-01,19:25:00,402,2,6181
33039,2016-05-01,19:30:00,30,3,11266
33040,2016-05-01,19:41:00,351,2,3673
33041,2016-05-01,19:42:00,249,1,11565
33042,2016-05-01,19:50:00,61,1,1100
33043,2016-05-01,19:59:00,381,2,5969
33044,2016-05-01,20:00:00,391,1,11060
33045,2016-05-01,20:01:00,250,2,5555
33046,2016-05-01,20:04:00,10,1,3746
33047,2016-05-01,20:17:00,309,1,10777
33048,2016-05-01,20:24:00,300,2,7341
33049,2016-05-01,20:26:00,191,1,587
33050,2016-05-01,20:28:00,154,2,5594
33051,2016-05-01,20:31:00,34,1,285
33052,2016-05-01,20:36:00,264,1,146
33053,2016-05-01,20:38:00,185,1,1690
33054,2016-05-01,20:41:00,300,2,8611
33055,2016-05-01,20:43:00,218,2,8081
33056,2016-05-01,20:44:00,28,1,6123
33057,2016-05-01,20:57:00,338,3,3082
33058,2016-05-01,21:01:00,350,1,11115
33059,2016-05-01,21:02:00,247,2,9498
33060,2016-05-01,21:03:00,127,1,10686
33061,2016-05-01,21:05:00,119,1,6259
33062,2016-05-01,21:13:00,424,2,6627
33063,2016-05-01,21:17:00,424,4,1817
33064,2016-05-01,21:26:00,378,3,9139
33065,2016-05-01,21:30:00,417,1,1732
33066,2016-05-01,21:36:00,436,3,9215
33067,2016-05-01,21:49:00,30,2,7950
33068,2016-05-01,21:53:00,213,4,7418
33069,2016-05-01,22:04:00,413,1,11754
33070,2016-05-01,22:07:00,318,2,8529
33071,2016-05-01,22:07:00,309,2,3206
33072,2016-05-01,22:08:00,109,1,7489
33073,2016-05-01,22:13:00,293,3,11896
33074,2016-05-01,22:14:00,245,1,10878
33075,2016-05-01,22:19:00,75,4,8598
33076,2016-05-01,22:29:00,16,5,7420
33077,2016-05-01,22:31:00,213,2,3593
33078,2016-05-01,22:34:00,62,3,8121
33079,2016-05-01,22:35:00,165,1,1472
33080,2016-05-01,22:44:00,70,1,10082
33081,2016-05-01,22:49:00,440,1,7119
33082,2016-05-01,23:06:00,197,1,6114
33083,2016-05-01,23:07:00,145,1,11405
33084,2016-05-01,23:10:00,431,1,7974
33085,2016-05-01,23:18:00,258,1,11794
33086,2016-05-01,23:32:00,121,1,2646
33087,2016-05-01,23:32:00,394,2,73
33088,2016-05-01,23:35:00,35,1,3816
33089,2016-05-01,23:38:00,390,3,7506
33090,2016-05-01,23:40:00,186,2,7207
33091,2016-05-01,23:42:00,454,2,2250
33092,2016-05-01,23:46:00,193,2,9981
33093,2016-05-02,00:02:00,364,4,8321
33094,2016-05-02,00:04:00,128,2,4190
33095,2016-05-02,00:10:00,290,2,4889
33096,2016-05-02,00:11:00,365,2,622
33097,2016-05-02,00:14:00,269,1,9921
33098,2016-05-02,00:23:00,230,1,3740
33099,2016-05-02,00:32:00,88,4,1284
33100,2016-05-02,00:35:00,6,4,8963
33101,2016-05-02,00:38:00,397,2,10262
33102,2016-05-02,00:38:00,45,2,3791
33103,2016-05-02,00:43:00,385,1,3536
33104,2016-05-02,00:43:00,399,2,481
33105,2016-05-02,00:44:00,323,2,4644
33106,2016-05-02,00:45:00,413,4,7069
33107,2016-05-02,01:00:00,375,3,5523
33108,2016-05-02,01:00:00,129,2,11062
33109,2016-05-02,01:01:00,199,1,11371
33110,2016-05-02,01:08:00,225,4,4983
33111,2016-05-02,01:10:00,185,4,11976
33112,2016-05-02,01:27:00,7,2,10156
33113,2016-05-02,01:34:00,298,2,2658
33114,2016-05-02,01:39:00,228,1,2690
33115,2016-05-02,01:39:00,290,2,3617
33116,2016-05-02,02:04:00,374,1,6852
33117,2016-05-02,02:07:00,365,1,9284
33118,2016-05-02,02:09:00,444,2,8136
33119,2016-05-02,02:11:00,425,1,2309
33120,2016-05-02,02:13:00,85,3,4268
33121,2016-05-02,02:18:00,237,4,6505
33122,2016-05-02,02:25:00,121,2,10413
33123,2016-05-02,02:28:00,329,4,3867
33124,2016-05-02,02:38:00,68,2,9416
33125,2016-05-02,02:46:00,2,3,8087
33126,2016-05-02,02:55:00,19,2,3793
33127,2016-05-02,03:10:00,440,1,11134
33128,2016-05-02,03:14:00,215,2,11749
33129,2016-05-02,03:23:00,161,3,4414
33130,2016-05-02,03:26:00,130,4,7560
33131,2016-05-02,03:33:00,99,2,4815
33132,2016-05-02,03:34:00,332,4,8014
33133,2016-05-02,03:34:00,405,2,9105
33134,2016-05-02,03:36:00,353,2,9916
33135,2016-05-02,03:36:00,301,1,4224
33136,2016-05-02,03:37:00,298,2,2325
33137,2016-05-02,03:38:00,153,2,9324
33138,2016-05-02,03:42:00,241,1,4626
33139,2016-05-02,03:46:00,337,1,5109
33140,2016-05-02,03:49:00,142,1,9833
33141,2016-05-02,03:51:00,294,3,4687
33142,2016-05-02,03:56:00,209,1,2867
33143,2016-05-02,04:07:00,315,3,6259
33144,2016-05-02,04:28:00,284,3,6372
33145,2016-05-02,04:43:00,276,1,5971
33146,2016-05-02,04:44:00,346,5,2667
33147,2016-05-02,04:48:00,295,3,909
33148,2016-05-02,04:49:00,183,2,9755
33149,2016-05-02,04:58:00,3,2,8039
33150,2016-05-02,05:00:00,115,1,2731
33151,2016-05-02,05:01:00,90,1,3873
33152,2016-05-02,05:02:00,91,4,3555
33153,2016-05-02,05:05:00,20,1,9589
33154,2016-05-02,05:16:00,456,1,10674
33155,2016-05-02,05:18:00,17,2,3392
33156,2016-05-02,05:29:00,291,2,4585
33157,2016-05-02,05:39:00,189,1,777
33158,2016-05-02,05:39:00,98,2,3320
33159,2016-05-02,05:40:00,128,2,10373
33160,2016-05-02,05:40:00,8,2,561
33161,2016-05-02,05:52:00,201,2,5389
33162,2016-05-02,06:00:00,4,3,4655
33163,2016-05-02,06:07:00,260,2,11562
33164,2016-05-02,06:08:00,443,2,7611
33165,2016-05-02,06:10:00,50,2,11095
33166,2016-05-02,06:10:00,154,1,7869
33167,2016-05-02,06:27:00,235,1,8341
33168,2016-05-02,06:36:00,215,3,5078
33169,2016-05-02,06:39:00,93,1,3824
33170,2016-05-02,06:41:00,24,2,1876
33171,2016-05-02,06:43:00,313,2,10711
33172,2016-05-02,06:46:00,334,1,10190
33173,2016-05-02,06:49:00,137,2,7017
33174,2016-05-02,06:53:00,225,3,4198
33175,2016-05-02,07:03:00,236,3,2402
33176,2016-05-02,07:11:00,49,1,1099
33177,2016-05-02,07:17:00,144,1,10366
33178,2016-05-02,07:32:00,352,1,6068
33179,2016-05-02,07:33:00,413,2,5797
33180,2016-05-02,07:42:00,313,1,7842
33181,2016-05-02,07:42:00,281,1,10983
33182,2016-05-02,07:43:00,184,1,6110
33183,2016-05-02,07:49:00,443,1,3280
33184,2016-05-02,07:53:00,346,4,9825
33185,2016-05-02,07:59:00,302,2,4360
33186,2016-05-02,08:09:00,33,3,2168
33187,2016-05-02,08:13:00,448,4,8888
33188,2016-05-02,08:17:00,202,3,7970
33189,2016-05-02,08:32:00,331,3,3297
33190,2016-05-02,08:48:00,366,2,6540
33191,2016-05-02,08:54:00,389,2,7368
33192,2016-05-02,09:06:00,137,2,7258
33193,2016-05-02,09:13:00,360,2,4371
33194,2016-05-02,09:19:00,455,1,264
33195,2016-05-02,09:22:00,176,3,9820
33196,2016-05-02,09:24:00,69,1,7900
33197,2016-05-02,09:32:00,420,1,396
33198,2016-05-02,09:33:00,153,1,6931
33199,2016-05-02,09:43:00,54,1,9596
33200,2016-05-02,09:44:00,78,1,2972
33201,2016-05-02,09:46:00,187,3,9464
33202,2016-05-02,10:08:00,210,1,9636
33203,2016-05-02,10:13:00,396,2,8453
33204,2016-05-02,10:20:00,241,1,9363
33205,2016-05-02,10:25:00,91,4,5106
33206,2016-05-02,10:38:00,33,3,10458
33207,2016-05-02,10:40:00,7,2,6364
33208,2016-05-02,10:42:00,369,1,11306
33209,2016-05-02,10:43:00,217,2,5424
33210,2016-05-02,10:48:00,7,2,7441
33211,2016-05-02,10:48:00,336,3,490
33212,2016-05-02,10:50:00,342,4,5291
33213,2016-05-02,10:58:00,417,2,3965
33214,2016-05-02,10:59:00,54,1,877
33215,2016-05-02,11:07:00,186,1,5667
33216,2016-05-02,11:09:00,217,2,11928
33217,2016-05-02,11:17:00,202,3,11109
33218,2016-05-02,11:19:00,313,1,5838
33219,2016-05-02,11:20:00,348,1,2103
33220,2016-05-02,11:22:00,447,1,4628
33221,2016-05-02,11:22:00,233,2,6140
33222,2016-05-02,11:28:00,228,2,8479
33223,2016-05-02,11:34:00,176,2,8509
33224,2016-05-02,11:39:00,413,3,1940
33225,2016-05-02,11:39:00,238,3,26
33226,2016-05-02,11:41:00,218,2,7456
33227,2016-05-02,11:48:00,367,2,2266
33228,2016-05-02,12:04:00,44,3,8079
33229,2016-05-02,12:05:00,318,2,5551
33230,2016-05-02,12:09:00,236,2,8388
33231,2016-05-02,12:10:00,11,1,8620
33232,2016-05-02,12:13:00,211,2,9234
33233,2016-05-02,12:13:00,24,2,7611
33234,2016-05-02,12:17:00,446,1,10088
33235,2016-05-02,12:20:00,119,2,7624
33236,2016-05-02,12:30:00,298,2,8020
33237,2016-05-02,12:32:00,188,3,10864
33238,2016-05-02,12:34:00,121,4,7449
33239,2016-05-02,12:35:00,93,2,1180
33240,2016-05-02,12:43:00,86,3,4434
33241,2016-05-02,12:54:00,362,3,9097
33242,2016-05-02,12:59:00,122,2,575
33243,2016-05-02,13:16:00,176,2,368
33244,2016-05-02,13:23:00,211,3,8616
33245,2016-05-02,13:25:00,6,3,717
33246,2016-05-02,13:30:00,419,2,4504
33247,2016-05-02,13:33:00,314,3,6999
33248,2016-05-02,13:36:00,372,2,11230
33249,2016-05-02,13:40:00,390,3,5045
33250,2016-05-02,13:41:00,54,3,10218
33251,2016-05-02,13:48:00,243,1,6253
33252,2016-05-02,13:50:00,452,2,8648
33253,2016-05-02,13:54:00,386,2,1561
33254,2016-05-02,14:02:00,407,2,5447
33255,2016-05-02,14:12:00,71,2,8963
33256,2016-05-02,14:14:00,138,5,11413
33257,2016-05-02,14:14:00,158,4,10621
33258,2016-05-02,14:19:00,239,2,11866
33259,2016-05-02,14:23:00,52,1,10608
33260,2016-05-02,14:38:00,229,2,669
33261,2016-05-02,14:40:00,339,1,386
33262,2016-05-02,14:44:00,137,3,10440
33263,2016-05-02,14:45:00,385,2,6293
33264,2016-05-02,14:54:00,192,1,7039
33265,2016-05-02,14:54:00,7,1,10191
33266,2016-05-02,14:55:00,103,2,10156
33267,2016-05-02,15:00:00,16,3,5575
33268,2016-05-02,15:03:00,181,4,4429
33269,2016-05-02,15:24:00,295,1,6988
33270,2016-05-02,15:25:00,359,1,6211
33271,2016-05-02,15:42:00,63,1,5055
33272,2016-05-02,15:46:00,69,2,1517
33273,2016-05-02,15:53:00,69,1,3449
33274,2016-05-02,15:55:00,455,3,8190
33275,2016-05-02,15:59:00,424,3,11981
33276,2016-05-02,16:01:00,239,2,8009
33277,2016-05-02,16:03:00,412,3,1693
33278,2016-05-02,16:15:00,20,1,6638
33279,2016-05-02,16:20:00,291,2,6562
33280,2016-05-02,16:25:00,218,2,9496
33281,2016-05-02,16:31:00,315,3,2627
33282,2016-05-02,16:32:00,142,1,1797
33283,2016-05-02,16:33:00,236,2,9811
33284,2016-05-02,16:39:00,19,3,10900
33285,2016-05-02,16:40:00,343,1,8539
33286,2016-05-02,16:40:00,118,1,7869
33287,2016-05-02,16:40:00,16,2,3492
33288,2016-05-02,16:46:00,58,1,4277
33289,2016-05-02,16:48:00,169,3,569
33290,2016-05-02,16:49:00,124,1,1617
33291,2016-05-02,16:52:00,417,2,7398
33292,2016-05-02,16:55:00,77,2,9988
33293,2016-05-02,16:56:00,307,2,4040
33294,2016-05-02,17:06:00,118,1,6958
33295,2016-05-02,17:13:00,429,1,6586
33296,2016-05-02,17:18:00,282,4,7173
33297,2016-05-02,17:28:00,228,1,2466
33298,2016-05-02,17:31:00,247,1,6123
33299,2016-05-02,17:33:00,219,2,10465
33300,2016-05-02,17:34:00,331,2,571
33301,2016-05-02,17:41:00,322,2,2023
33302,2016-05-02,17:50:00,157,2,6980
33303,2016-05-02,17:52:00,336,3,2016
33304,2016-05-02,17:53:00,17,2,9183
33305,2016-05-02,17:55:00,346,3,11887
33306,2016-05-02,17:57:00,402,2,10921
33307,2016-05-02,17:59:00,231,3,9508
33308,2016-05-02,18:12:00,193,2,11338
33309,2016-05-02,18:17:00,15,1,626
33310,2016-05-02,18:18:00,181,1,3931
33311,2016-05-02,18:27:00,303,1,10072
33312,2016-05-02,18:29:00,314,2,8742
33313,2016-05-02,18:32:00,380,2,7003
33314,2016-05-02,18:37:00,114,1,3283
33315,2016-05-02,18:38:00,222,2,4857
33316,2016-05-02,18:50:00,244,2,3756
33317,2016-05-02,18:51:00,438,1,4689
33318,2016-05-02,18:57:00,227,2,4763
33319,2016-05-02,19:00:00,171,2,10702
33320,2016-05-02,19:01:00,203,3,7086
33321,2016-05-02,19:15:00,121,3,7765
33322,2016-05-02,19:24:00,332,1,5705
33323,2016-05-02,19:31:00,31,1,2744
33324,2016-05-02,19:38:00,48,1,140
33325,2016-05-02,19:47:00,104,5,1501
33326,2016-05-02,19:50:00,368,1,2789
33327,2016-05-02,19:53:00,25,3,4277
33328,2016-05-02,19:54:00,66,1,10974
33329,2016-05-02,19:58:00,384,2,4108
33330,2016-05-02,20:07:00,419,1,10008
33331,2016-05-02,20:10:00,230,3,11116
33332,2016-05-02,20:14:00,109,3,5680
33333,2016-05-02,20:15:00,356,3,1802
33334,2016-05-02,20:21:00,127,2,5868
33335,2016-05-02,20:40:00,64,2,8749
33336,2016-05-02,20:43:00,312,2,452
33337,2016-05-02,20:45:00,357,1,6021
33338,2016-05-02,20:47:00,253,1,9595
33339,2016-05-02,20:49:00,251,2,5523
33340,2016-05-02,21:01:00,281,1,1798
33341,2016-05-02,21:09:00,201,1,8711
33342,2016-05-02,21:12:00,456,2,5380
33343,2016-05-02,21:14:00,18,3,9884
33344,2016-05-02,21:25:00,223,2,4937
33345,2016-05-02,21:26:00,355,3,5585
33346,2016-05-02,21:33:00,23,2,2968
33347,2016-05-02,21:34:00,192,2,8622
33348,2016-05-02,21:35:00,458,2,2960
33349,2016-05-02,21:36:00,420,2,3478
33350,2016-05-02,21:39:00,40,3,3531
33351,2016-05-02,21:42:00,215,2,11437
33352,2016-05-02,21:54:00,46,1,5181
33353,2016-05-02,22:14:00,372,2,3365
33354,2016-05-02,22:25:00,57,1,2672
33355,2016-05-02,22:25:00,129,4,6045
33356,2016-05-02,22:26:00,436,3,5903
33357,2016-05-02,22:26:00,95,1,3341
33358,2016-05-02,22:42:00,121,3,3021
33359,2016-05-02,22:46:00,386,3,10088
33360,2016-05-02,22:47:00,148,2,486
33361,2016-05-02,22:50:00,332,3,6997
33362,2016-05-02,22:56:00,130,2,9705
33363,2016-05-02,23:05:00,77,1,2506
33364,2016-05-02,23:06:00,213,1,9323
33365,2016-05-02,23:06:00,76,2,1310
33366,2016-05-02,23:08:00,160,2,6406
33367,2016-05-02,23:08:00,440,1,1956
33368,2016-05-02,23:15:00,363,4,6275
33369,2016-05-02,23:15:00,412,4,3992
33370,2016-05-02,23:27:00,308,4,6076
33371,2016-05-02,23:32:00,295,3,241
33372,2016-05-02,23:36:00,333,3,7563
33373,2016-05-02,23:39:00,450,1,7728
33374,2016-05-02,23:44:00,172,3,4484
33375,2016-05-02,23:49:00,414,2,4019
33376,2016-05-02,23:50:00,430,1,1572
33377,2016-05-02,23:51:00,218,2,153
33378,2016-05-02,23:58:00,288,1,4079
33379,2016-05-03,00:11:00,103,1,9369
33380,2016-05-03,00:13:00,57,2,11689
33381,2016-05-03,00:14:00,76,2,299
33382,2016-05-03,00:16:00,148,1,1921
33383,2016-05-03,00:17:00,95,1,225
33384,2016-05-03,00:24:00,219,2,5162
33385,2016-05-03,00:28:00,111,1,10727
33386,2016-05-03,00:29:00,1,2,8635
33387,2016-05-03,00:33:00,454,1,10470
33388,2016-05-03,00:48:00,48,1,6310
33389,2016-05-03,00:50:00,200,2,4432
33390,2016-05-03,00:53:00,234,2,5739
33391,2016-05-03,00:54:00,251,1,10515
33392,2016-05-03,00:54:00,47,3,8949
33393,2016-05-03,00:56:00,205,2,10016
33394,2016-05-03,01:05:00,300,2,1080
33395,2016-05-03,01:07:00,63,2,9406
33396,2016-05-03,01:09:00,362,2,6260
33397,2016-05-03,01:16:00,30,2,6418
33398,2016-05-03,01:18:00,65,1,6122
33399,2016-05-03,01:25:00,45,2,607
33400,2016-05-03,01:27:00,228,1,11754
33401,2016-05-03,01:27:00,438,2,6223
33402,2016-05-03,01:27:00,212,4,1994
33403,2016-05-03,01:28:00,7,1,1062
33404,2016-05-03,01:42:00,270,1,2071
33405,2016-05-03,01:48:00,9,3,973
33406,2016-05-03,01:52:00,332,2,10696
33407,2016-05-03,01:53:00,382,1,8781
33408,2016-05-03,01:58:00,339,1,741
33409,2016-05-03,01:59:00,32,2,9474
33410,2016-05-03,02:04:00,31,2,8346
33411,2016-05-03,02:04:00,161,2,2951
33412,2016-05-03,02:05:00,30,2,10567
33413,2016-05-03,02:14:00,336,2,7945
33414,2016-05-03,02:15:00,51,3,5489
33415,2016-05-03,02:32:00,259,2,1836
33416,2016-05-03,02:39:00,322,2,4637
33417,2016-05-03,02:41:00,204,2,2774
33418,2016-05-03,02:50:00,171,1,7010
33419,2016-05-03,02:51:00,414,2,3345
33420,2016-05-03,03:00:00,388,1,7644
33421,2016-05-03,03:01:00,159,5,1994
33422,2016-05-03,03:01:00,109,2,4651
33423,2016-05-03,03:07:00,83,2,1137
33424,2016-05-03,03:16:00,409,3,3875
33425,2016-05-03,03:17:00,203,3,2383
33426,2016-05-03,03:24:00,249,3,9220
33427,2016-05-03,03:32:00,245,4,5912
33428,2016-05-03,03:44:00,361,1,734
33429,2016-05-03,03:46:00,104,1,4219
33430,2016-05-03,03:49:00,54,1,7719
33431,2016-05-03,03:54:00,313,1,5465
33432,2016-05-03,03:59:00,323,2,7069
33433,2016-05-03,04:07:00,176,2,3311
33434,2016-05-03,04:10:00,90,2,9522
33435,2016-05-03,04:12:00,93,3,6961
33436,2016-05-03,04:25:00,321,1,2621
33437,2016-05-03,04:33:00,72,4,10363
33438,2016-05-03,04:36:00,456,2,11894
33439,2016-05-03,04:39:00,107,3,6620
33440,2016-05-03,04:55:00,196,2,11719
33441,2016-05-03,04:57:00,13,2,749
33442,2016-05-03,05:07:00,110,1,7145
33443,2016-05-03,05:12:00,344,1,7563
33444,2016-05-03,05:16:00,1,1,7694
33445,2016-05-03,05:26:00,162,2,11834
33446,2016-05-03,05:34:00,70,1,8644
33447,2016-05-03,05:42:00,35,3,6611
33448,2016-05-03,05:46:00,361,1,220
33449,2016-05-03,05:46:00,27,1,11083
33450,2016-05-03,06:09:00,289,1,3376
33451,2016-05-03,06:10:00,434,1,10513
33452,2016-05-03,06:16:00,30,1,7536
33453,2016-05-03,06:19:00,158,1,7945
33454,2016-05-03,06:20:00,268,3,9506
33455,2016-05-03,06:22:00,4,1,188
33456,2016-05-03,06:26:00,142,1,6993
33457,2016-05-03,06:31:00,413,1,10716
33458,2016-05-03,06:32:00,248,1,11216
33459,2016-05-03,06:34:00,424,2,5402
33460,2016-05-03,06:48:00,149,2,3335
33461,2016-05-03,06:54:00,362,1,9839
33462,2016-05-03,06:54:00,45,3,11086
33463,2016-05-03,06:58:00,444,3,8847
33464,2016-05-03,07:03:00,342,1,474
33465,2016-05-03,07:03:00,364,1,6572
33466,2016-05-03,07:09:00,408,2,2494
33467,2016-05-03,07:11:00,385,2,8342
33468,2016-05-03,07:35:00,29,2,2070
33469,2016-05-03,07:40:00,222,3,10794
33470,2016-05-03,07:42:00,449,4,6507
33471,2016-05-03,07:42:00,65,1,4762
33472,2016-05-03,07:52:00,67,2,10927
33473,2016-05-03,08:01:00,29,1,1445
33474,2016-05-03,08:03:00,229,3,11705
33475,2016-05-03,08:07:00,232,1,6243
33476,2016-05-03,08:15:00,70,4,7472
33477,2016-05-03,08:15:00,18,4,8740
33478,2016-05-03,08:16:00,9,2,4062
33479,2016-05-03,08:21:00,430,2,5535
33480,2016-05-03,08:22:00,356,2,4482
33481,2016-05-03,08:28:00,36,1,5085
33482,2016-05-03,08:34:00,61,2,2919
33483,2016-05-03,08:40:00,82,2,6262
33484,2016-05-03,08:54:00,29,3,378
33485,2016-05-03,09:12:00,65,3,1301
33486,2016-05-03,09:23:00,240,1,4285
33487,2016-05-03,09:33:00,304,1,1398
33488,2016-05-03,09:35:00,85,1,4075
33489,2016-05-03,09:38:00,267,2,5354
33490,2016-05-03,09:40:00,394,3,1891
33491,2016-05-03,09:50:00,287,3,190
33492,2016-05-03,09:53:00,205,1,4314
33493,2016-05-03,10:03:00,198,1,9923
33494,2016-05-03,10:08:00,117,1,8061
33495,2016-05-03,10:10:00,132,1,2437
33496,2016-05-03,10:12:00,274,1,3721
33497,2016-05-03,10:19:00,220,1,6728
33498,2016-05-03,10:31:00,267,1,8226
33499,2016-05-03,10:33:00,151,1,513
33500,2016-05-03,10:38:00,201,1,290
33501,2016-05-03,10:38:00,374,2,1016
33502,2016-05-03,10:39:00,336,2,3650
33503,2016-05-03,10:40:00,395,2,2915
33504,2016-05-03,10:46:00,431,1,10029
33505,2016-05-03,10:46:00,348,1,2564
33506,2016-05-03,10:56:00,351,2,7612
33507,2016-05-03,11:00:00,404,2,1069
33508,2016-05-03,11:03:00,107,3,8339
33509,2016-05-03,11:04:00,423,1,10642
33510,2016-05-03,11:09:00,399,1,8048
33511,2016-05-03,11:13:00,66,1,24
33512,2016-05-03,11:13:00,7,1,6895
33513,2016-05-03,11:17:00,442,1,8939
33514,2016-05-03,11:20:00,140,2,4685
33515,2016-05-03,11:24:00,141,2,757
33516,2016-05-03,11:26:00,256,1,3682
33517,2016-05-03,11:28:00,131,2,7286
33518,2016-05-03,11:42:00,257,2,3662
33519,2016-05-03,11:48:00,222,1,7150
33520,2016-05-03,11:48:00,397,2,6462
33521,2016-05-03,11:53:00,47,2,8844
33522,2016-05-03,11:55:00,175,2,8532
33523,2016-05-03,11:58:00,144,2,4428
33524,2016-05-03,12:02:00,384,1,6182
33525,2016-05-03,12:12:00,76,1,3800
33526,2016-05-03,12:14:00,108,4,3933
33527,2016-05-03,12:14:00,234,2,3525
33528,2016-05-03,12:33:00,77,1,9489
33529,2016-05-03,12:35:00,193,1,945
33530,2016-05-03,12:43:00,235,3,2077
33531,2016-05-03,12:43:00,122,4,2309
33532,2016-05-03,12:45:00,291,2,2481
33533,2016-05-03,12:47:00,183,3,10961
33534,2016-05-03,12:53:00,191,2,8819
33535,2016-05-03,13:01:00,103,1,9268
33536,2016-05-03,13:03:00,328,2,1921
33537,2016-05-03,13:05:00,267,2,2536
33538,2016-05-03,13:06:00,254,3,7515
33539,2016-05-03,13:15:00,434,3,11383
33540,2016-05-03,13:30:00,108,1,6319
33541,2016-05-03,13:33:00,226,4,4519
33542,2016-05-03,13:38:00,384,2,4143
33543,2016-05-03,14:00:00,350,3,7262
33544,2016-05-03,14:20:00,357,2,2269
33545,2016-05-03,14:26:00,83,1,518
33546,2016-05-03,14:27:00,382,1,2829
33547,2016-05-03,14:27:00,80,2,3763
33548,2016-05-03,14:32:00,281,1,9555
33549,2016-05-03,14:38:00,422,3,7052
33550,2016-05-03,14:49:00,387,2,4012
33551,2016-05-03,14:50:00,20,1,8943
33552,2016-05-03,14:55:00,9,1,8582
33553,2016-05-03,14:59:00,11,2,6160
33554,2016-05-03,15:02:00,122,2,6931
33555,2016-05-03,15:07:00,164,2,6179
33556,2016-05-03,15:25:00,51,1,9044
33557,2016-05-03,15:26:00,17,3,8004
33558,2016-05-03,15:27:00,30,2,1919
33559,2016-05-03,15:27:00,34,4,6055
33560,2016-05-03,15:33:00,366,3,4720
33561,2016-05-03,15:34:00,393,1,4583
33562,2016-05-03,15:35:00,169,4,7634
33563,2016-05-03,15:47:00,112,2,1313
33564,2016-05-03,16:02:00,37,1,4204
33565,2016-05-03,16:03:00,59,5,10987
33566,2016-05-03,16:09:00,372,1,9274
33567,2016-05-03,16:13:00,290,1,3595
33568,2016-05-03,16:14:00,28,2,9117
33569,2016-05-03,16:19:00,373,1,9679
33570,2016-05-03,16:22:00,192,2,3137
33571,2016-05-03,16:32:00,249,2,319
33572,2016-05-03,16:38:00,33,2,7877
33573,2016-05-03,16:41:00,66,1,8581
33574,2016-05-03,16:42:00,208,2,114
33575,2016-05-03,16:54:00,18,2,4157
33576,2016-05-03,17:02:00,369,3,6890
33577,2016-05-03,17:09:00,157,1,4886
33578,2016-05-03,17:14:00,286,1,604
33579,2016-05-03,17:17:00,194,3,8430
33580,2016-05-03,17:20:00,224,3,481
33581,2016-05-03,17:48:00,398,1,11850
33582,2016-05-03,17:49:00,199,5,11709
33583,2016-05-03,17:54:00,153,2,7058
33584,2016-05-03,17:55:00,232,1,10313
33585,2016-05-03,17:56:00,227,3,10969
33586,2016-05-03,17:58:00,428,1,900
33587,2016-05-03,18:05:00,126,3,4707
33588,2016-05-03,18:14:00,174,2,10815
33589,2016-05-03,18:15:00,237,2,3921
33590,2016-05-03,18:16:00,8,2,5754
33591,2016-05-03,18:21:00,336,1,6515
33592,2016-05-03,18:22:00,65,3,8076
33593,2016-05-03,18:27:00,324,2,8891
33594,2016-05-03,18:29:00,111,2,4805
33595,2016-05-03,18:34:00,37,3,8286
33596,2016-05-03,18:46:00,254,1,780
33597,2016-05-03,18:54:00,232,1,11032
33598,2016-05-03,18:55:00,204,3,5560
33599,2016-05-03,18:55:00,397,2,10003
33600,2016-05-03,19:04:00,128,1,5389
33601,2016-05-03,19:09:00,431,2,10016
33602,2016-05-03,19:14:00,109,3,2519
33603,2016-05-03,19:19:00,194,4,2459
33604,2016-05-03,19:28:00,140,2,4629
33605,2016-05-03,19:32:00,282,1,3335
33606,2016-05-03,19:33:00,98,2,9494
33607,2016-05-03,19:36:00,317,2,7212
33608,2016-05-03,19:36:00,294,3,728
33609,2016-05-03,19:37:00,141,1,9752
33610,2016-05-03,19:38:00,437,1,8415
33611,2016-05-03,19:39:00,368,2,5724
33612,2016-05-03,19:43:00,325,4,11633
33613,2016-05-03,19:54:00,144,1,5366
33614,2016-05-03,19:58:00,234,2,2612
33615,2016-05-03,20:02:00,438,2,6309
33616,2016-05-03,20:10:00,120,2,3624
33617,2016-05-03,20:16:00,131,2,11969
33618,2016-05-03,20:24:00,176,1,964
33619,2016-05-03,20:33:00,352,1,9481
33620,2016-05-03,20:59:00,444,2,10188
33621,2016-05-03,21:00:00,140,1,1470
33622,2016-05-03,21:03:00,5,2,4564
33623,2016-05-03,21:07:00,428,1,1587
33624,2016-05-03,21:21:00,342,2,2997
33625,2016-05-03,21:26:00,298,2,4210
33626,2016-05-03,21:27:00,375,1,9874
33627,2016-05-03,21:32:00,408,2,5155
33628,2016-05-03,21:40:00,220,2,8056
33629,2016-05-03,21:41:00,323,2,9869
33630,2016-05-03,21:42:00,21,3,359
33631,2016-05-03,21:43:00,329,1,8172
33632,2016-05-03,21:48:00,315,3,1185
33633,2016-05-03,21:53:00,237,1,6624
33634,2016-05-03,21:56:00,259,3,2051
33635,2016-05-03,21:58:00,424,1,3972
33636,2016-05-03,22:03:00,442,2,4900
33637,2016-05-03,22:15:00,266,1,1465
33638,2016-05-03,22:19:00,147,2,11056
33639,2016-05-03,22:22:00,135,2,5428
33640,2016-05-03,22:30:00,380,2,11688
33641,2016-05-03,22:32:00,398,1,7748
33642,2016-05-03,22:33:00,115,3,11664
33643,2016-05-03,22:38:00,328,2,5165
33644,2016-05-03,22:49:00,180,3,11239
33645,2016-05-03,22:54:00,67,2,5773
33646,2016-05-03,23:00:00,7,1,1949
33647,2016-05-03,23:18:00,396,2,81
33648,2016-05-03,23:24:00,361,2,3246
33649,2016-05-03,23:26:00,5,1,4947
33650,2016-05-03,23:43:00,212,2,11697
33651,2016-05-03,23:51:00,368,3,1217
33652,2016-05-04,00:03:00,36,2,2044
33653,2016-05-04,00:09:00,109,4,10843
33654,2016-05-04,00:11:00,131,1,2044
33655,2016-05-04,00:14:00,23,1,8720
33656,2016-05-04,00:19:00,378,1,10854
33657,2016-05-04,00:23:00,284,1,8427
33658,2016-05-04,00:25:00,447,1,492
33659,2016-05-04,00:34:00,38,2,5428
33660,2016-05-04,00:36:00,179,1,9837
33661,2016-05-04,00:40:00,13,3,10798
33662,2016-05-04,00:43:00,369,3,4076
33663,2016-05-04,00:55:00,34,2,8306
33664,2016-05-04,01:00:00,384,2,3060
33665,2016-05-04,01:02:00,323,1,2436
33666,2016-05-04,01:06:00,288,2,9152
33667,2016-05-04,01:08:00,248,1,2337
33668,2016-05-04,01:28:00,390,1,8934
33669,2016-05-04,01:29:00,195,1,1595
33670,2016-05-04,01:51:00,345,1,9775
33671,2016-05-04,01:52:00,232,3,11116
33672,2016-05-04,02:03:00,172,2,1099
33673,2016-05-04,02:04:00,430,3,8316
33674,2016-05-04,02:05:00,226,1,11406
33675,2016-05-04,02:08:00,307,3,7815
33676,2016-05-04,02:08:00,15,1,9787
33677,2016-05-04,02:12:00,39,1,203
33678,2016-05-04,02:21:00,430,1,2238
33679,2016-05-04,02:23:00,140,2,1054
33680,2016-05-04,02:23:00,382,1,3721
33681,2016-05-04,02:36:00,436,2,9539
33682,2016-05-04,02:36:00,177,4,5060
33683,2016-05-04,02:40:00,423,3,2887
33684,2016-05-04,02:49:00,200,2,6438
33685,2016-05-04,02:50:00,189,1,8034
33686,2016-05-04,02:56:00,226,1,5434
33687,2016-05-04,03:06:00,202,3,5793
33688,2016-05-04,03:07:00,41,1,11237
33689,2016-05-04,03:25:00,425,3,3410
33690,2016-05-04,03:42:00,185,1,8800
33691,2016-05-04,03:48:00,301,1,6067
33692,2016-05-04,03:57:00,309,1,942
33693,2016-05-04,04:00:00,84,2,3247
33694,2016-05-04,04:05:00,252,2,4031
33695,2016-05-04,04:06:00,456,2,9360
33696,2016-05-04,04:08:00,262,1,11605
33697,2016-05-04,04:10:00,167,4,619
33698,2016-05-04,04:23:00,378,1,11637
33699,2016-05-04,04:27:00,333,1,4548
33700,2016-05-04,04:33:00,116,1,1722
33701,2016-05-04,04:38:00,292,2,8286
33702,2016-05-04,04:40:00,410,2,11280
33703,2016-05-04,04:41:00,57,3,2967
33704,2016-05-04,04:45:00,260,3,8388
33705,2016-05-04,04:46:00,232,3,10677
33706,2016-05-04,04:46:00,400,3,865
33707,2016-05-04,04:47:00,126,2,8586
33708,2016-05-04,05:00:00,455,1,11497
33709,2016-05-04,05:10:00,220,3,7133
33710,2016-05-04,05:12:00,158,2,10776
33711,2016-05-04,05:18:00,173,1,11095
33712,2016-05-04,05:22:00,371,2,9029
33713,2016-05-04,05:39:00,32,1,11484
33714,2016-05-04,05:42:00,131,2,11773
33715,2016-05-04,05:51:00,77,3,11361
33716,2016-05-04,06:02:00,249,2,7797
33717,2016-05-04,06:13:00,214,2,11345
33718,2016-05-04,06:18:00,216,2,346
33719,2016-05-04,06:20:00,269,2,2194
33720,2016-05-04,06:26:00,405,3,103
33721,2016-05-04,06:27:00,163,1,5489
33722,2016-05-04,06:30:00,6,1,9127
33723,2016-05-04,06:31:00,280,2,5699
33724,2016-05-04,06:35:00,327,2,7924
33725,2016-05-04,06:36:00,267,2,4240
33726,2016-05-04,06:47:00,438,2,4951
33727,2016-05-04,06:55:00,147,6,9452
33728,2016-05-04,07:16:00,134,2,6473
33729,2016-05-04,07:17:00,448,1,1574
33730,2016-05-04,07:18:00,257,1,1750
33731,2016-05-04,07:19:00,78,4,397
33732,2016-05-04,07:37:00,9,1,7867
33733,2016-05-04,07:38:00,337,1,9489
33734,2016-05-04,07:41:00,115,1,6677
33735,2016-05-04,07:52:00,224,3,5459
33736,2016-05-04,08:02:00,61,3,1773
33737,2016-05-04,08:08:00,298,1,6113
33738,2016-05-04,08:13:00,435,1,4836
33739,2016-05-04,08:18:00,344,2,6039
33740,2016-05-04,08:32:00,341,1,3439
33741,2016-05-04,08:32:00,384,2,10351
33742,2016-05-04,08:40:00,123,2,4072
33743,2016-05-04,08:46:00,357,2,10334
33744,2016-05-04,08:48:00,188,3,8439
33745,2016-05-04,08:49:00,284,2,11624
33746,2016-05-04,08:55:00,409,3,9046
33747,2016-05-04,09:03:00,402,3,2017
33748,2016-05-04,09:05:00,12,3,3053
33749,2016-05-04,09:09:00,447,1,1173
33750,2016-05-04,09:13:00,148,4,3320
33751,2016-05-04,09:16:00,255,2,514
33752,2016-05-04,09:22:00,77,1,11244
33753,2016-05-04,09:31:00,22,3,7625
33754,2016-05-04,09:39:00,351,2,10899
33755,2016-05-04,09:43:00,139,2,2272
33756,2016-05-04,09:46:00,141,2,2109
33757,2016-05-04,09:46:00,301,1,9570
33758,2016-05-04,09:47:00,23,2,6002
33759,2016-05-04,09:50:00,173,2,2454
33760,2016-05-04,09:50:00,162,1,176
33761,2016-05-04,09:54:00,88,1,3153
33762,2016-05-04,09:55:00,74,2,3241
33763,2016-05-04,09:56:00,376,1,11028
33764,2016-05-04,09:57:00,453,3,10604
33765,2016-05-04,09:57:00,18,1,7122
33766,2016-05-04,10:05:00,47,2,10859
33767,2016-05-04,10:14:00,91,4,1095
33768,2016-05-04,10:20:00,220,2,10615
33769,2016-05-04,10:20:00,365,2,3035
33770,2016-05-04,10:24:00,424,3,4149
33771,2016-05-04,10:31:00,355,1,3332
33772,2016-05-04,10:39:00,189,1,6440
33773,2016-05-04,10:42:00,183,3,4566
33774,2016-05-04,10:43:00,438,2,9107
33775,2016-05-04,10:46:00,58,2,11133
33776,2016-05-04,10:48:00,439,2,3061
33777,2016-05-04,10:49:00,141,2,6551
33778,2016-05-04,10:50:00,308,2,9297
33779,2016-05-04,10:56:00,379,1,6751
33780,2016-05-04,10:59:00,355,2,3787
33781,2016-05-04,11:18:00,137,1,8770
33782,2016-05-04,11:37:00,181,1,4142
33783,2016-05-04,11:45:00,47,1,5341
33784,2016-05-04,11:47:00,345,1,1492
33785,2016-05-04,11:48:00,348,2,10495
33786,2016-05-04,11:50:00,206,2,3226
33787,2016-05-04,11:59:00,137,1,8142
33788,2016-05-04,12:00:00,308,1,11398
33789,2016-05-04,12:05:00,82,2,2389
33790,2016-05-04,12:14:00,404,3,3517
33791,2016-05-04,12:53:00,424,1,3609
33792,2016-05-04,12:53:00,74,1,4631
33793,2016-05-04,13:04:00,14,1,2048
33794,2016-05-04,13:11:00,308,1,4652
33795,2016-05-04,13:14:00,258,1,165
33796,2016-05-04,13:16:00,180,3,11469
33797,2016-05-04,13:20:00,272,1,4520
33798,2016-05-04,13:26:00,344,4,3728
33799,2016-05-04,13:26:00,105,1,9230
33800,2016-05-04,13:29:00,371,1,1258
33801,2016-05-04,13:34:00,406,2,11270
33802,2016-05-04,14:03:00,132,1,2132
33803,2016-05-04,14:11:00,105,3,7078
33804,2016-05-04,14:13:00,214,2,5575
33805,2016-05-04,14:17:00,343,2,8666
33806,2016-05-04,14:23:00,376,1,11077
33807,2016-05-04,14:24:00,311,1,8503
33808,2016-05-04,14:26:00,297,2,2490
33809,2016-05-04,14:43:00,66,1,11883
33810,2016-05-04,14:52:00,266,2,4523
33811,2016-05-04,14:53:00,362,2,7518
33812,2016-05-04,14:54:00,114,1,7240
33813,2016-05-04,14:58:00,240,4,7552
33814,2016-05-04,14:59:00,237,1,5750
33815,2016-05-04,14:59:00,125,1,3983
33816,2016-05-04,14:59:00,216,3,1460
33817,2016-05-04,15:16:00,325,1,117
33818,2016-05-04,15:16:00,134,3,9557
33819,2016-05-04,15:35:00,238,3,6878
33820,2016-05-04,15:39:00,1,3,10949
33821,2016-05-04,15:46:00,364,1,8601
33822,2016-05-04,15:50:00,123,3,7819
33823,2016-05-04,15:59:00,123,2,315
33824,2016-05-04,16:01:00,312,3,9052
33825,2016-05-04,16:09:00,110,1,9150
33826,2016-05-04,16:09:00,233,1,8319
33827,2016-05-04,16:12:00,361,2,6119
33828,2016-05-04,16:23:00,206,1,6501
33829,2016-05-04,16:26:00,458,1,11365
33830,2016-05-04,16:32:00,156,2,10497
33831,2016-05-04,16:36:00,128,2,5877
33832,2016-05-04,16:38:00,100,1,5705
33833,2016-05-04,16:42:00,80,2,7972
33834,2016-05-04,16:43:00,274,2,1733
33835,2016-05-04,16:48:00,89,1,3841
33836,2016-05-04,16:49:00,110,2,1781
33837,2016-05-04,16:49:00,379,1,7077
33838,2016-05-04,16:50:00,219,2,745
33839,2016-05-04,16:59:00,66,1,7322
33840,2016-05-04,17:03:00,332,3,1036
33841,2016-05-04,17:05:00,297,2,5053
33842,2016-05-04,17:05:00,416,1,9749
33843,2016-05-04,17:12:00,155,2,10796
33844,2016-05-04,17:12:00,187,1,7135
33845,2016-05-04,17:18:00,203,2,2628
33846,2016-05-04,17:22:00,103,1,3970
33847,2016-05-04,17:23:00,81,1,5367
33848,2016-05-04,17:28:00,2,4,1129
33849,2016-05-04,17:31:00,206,1,9764
33850,2016-05-04,17:33:00,153,1,6608
33851,2016-05-04,17:40:00,389,1,777
33852,2016-05-04,17:45:00,155,2,7193
33853,2016-05-04,18:02:00,339,1,789
33854,2016-05-04,18:07:00,318,2,5905
33855,2016-05-04,18:08:00,294,2,519
33856,2016-05-04,18:11:00,457,1,4747
33857,2016-05-04,18:24:00,283,3,10726
33858,2016-05-04,18:52:00,289,2,10070
33859,2016-05-04,18:54:00,239,3,345
33860,2016-05-04,19:04:00,377,2,800
33861,2016-05-04,19:10:00,328,3,8691
33862,2016-05-04,19:30:00,144,1,3293
33863,2016-05-04,19:33:00,39,5,4926
33864,2016-05-04,19:38:00,333,3,4670
33865,2016-05-04,19:47:00,49,2,7475
33866,2016-05-04,20:02:00,41,2,439
33867,2016-05-04,20:04:00,333,3,919
33868,2016-05-04,20:11:00,378,2,8469
33869,2016-05-04,20:14:00,113,2,4048
33870,2016-05-04,20:16:00,413,3,1408
33871,2016-05-04,20:16:00,31,2,4084
33872,2016-05-04,20:17:00,103,2,3430
33873,2016-05-04,20:26:00,202,4,8026
33874,2016-05-04,20:33:00,441,1,6306
33875,2016-05-04,20:34:00,360,2,6501
33876,2016-05-04,20:38:00,395,1,9744
33877,2016-05-04,20:40:00,211,2,8931
33878,2016-05-04,20:46:00,358,2,2152
33879,2016-05-04,20:47:00,336,1,1454
33880,2016-05-04,20:50:00,352,2,5265
33881,2016-05-04,21:05:00,39,1,9519
33882,2016-05-04,21:08:00,301,2,6829
33883,2016-05-04,21:13:00,418,3,1543
33884,2016-05-04,21:17:00,137,3,3917
33885,2016-05-04,21:17:00,323,1,5748
33886,2016-05-04,21:25:00,90,2,10380
33887,2016-05-04,21:26:00,384,2,4363
33888,2016-05-04,21:28:00,119,3,9612
33889,2016-05-04,21:29:00,292,3,1657
33890,2016-05-04,21:36:00,347,4,916
33891,2016-05-04,21:43:00,380,2,9343
33892,2016-05-04,21:45:00,250,2,1789
33893,2016-05-04,21:51:00,128,1,398
33894,2016-05-04,22:03:00,5,1,2206
33895,2016-05-04,22:04:00,171,2,1532
33896,2016-05-04,22:04:00,69,2,8344
33897,2016-05-04,22:05:00,37,3,3882
33898,2016-05-04,22:35:00,361,1,5901
33899,2016-05-04,22:37:00,321,3,4280
33900,2016-05-04,22:39:00,305,1,8088
33901,2016-05-04,22:55:00,215,2,10513
33902,2016-05-04,22:57:00,256,2,4245
33903,2016-05-04,22:58:00,293,1,8844
33904,2016-05-04,23:03:00,62,1,9481
33905,2016-05-04,23:07:00,284,2,3325
33906,2016-05-04,23:13:00,70,5,4916
33907,2016-05-04,23:13:00,138,4,11982
33908,2016-05-04,23:22:00,48,3,5236
33909,2016-05-04,23:23:00,396,2,8260
33910,2016-05-04,23:24:00,5,3,7063
33911,2016-05-04,23:32:00,215,3,10809
33912,2016-05-04,23:33:00,355,3,8395
33913,2016-05-04,23:34:00,350,1,3165
33914,2016-05-04,23:34:00,419,3,1439
33915,2016-05-04,23:46:00,205,5,11921
33916,2016-05-04,23:54:00,255,2,1899
33917,2016-05-04,23:56:00,76,2,7075
33918,2016-05-04,23:57:00,440,2,3653
33919,2016-05-04,23:58:00,105,3,7463
33920,2016-05-04,23:58:00,283,2,10219
33921,2016-05-05,00:00:00,105,1,7821
33922,2016-05-05,00:00:00,341,2,1262
33923,2016-05-05,00:03:00,103,2,11722
33924,2016-05-05,00:12:00,403,1,8366
33925,2016-05-05,00:13:00,450,2,437
33926,2016-05-05,00:20:00,387,1,6972
33927,2016-05-05,00:28:00,66,3,7056
33928,2016-05-05,00:47:00,313,1,5832
33929,2016-05-05,00:51:00,457,3,3483
33930,2016-05-05,00:51:00,8,1,8105
33931,2016-05-05,00:53:00,388,3,9388
33932,2016-05-05,01:00:00,372,1,8863
33933,2016-05-05,01:06:00,348,1,290
33934,2016-05-05,01:06:00,305,1,6750
33935,2016-05-05,01:19:00,40,1,6544
33936,2016-05-05,01:20:00,256,2,9297
33937,2016-05-05,01:27:00,334,1,10132
33938,2016-05-05,01:28:00,446,1,1295
33939,2016-05-05,01:36:00,55,2,10490
33940,2016-05-05,01:40:00,65,1,8789
33941,2016-05-05,01:54:00,177,3,5685
33942,2016-05-05,02:09:00,71,3,9891
33943,2016-05-05,02:10:00,111,3,1367
33944,2016-05-05,02:13:00,75,3,10345
33945,2016-05-05,02:20:00,450,4,1913
33946,2016-05-05,02:23:00,377,1,9908
33947,2016-05-05,02:28:00,355,2,10215
33948,2016-05-05,02:33:00,268,3,11145
33949,2016-05-05,02:34:00,348,2,5493
33950,2016-05-05,02:37:00,337,1,11034
33951,2016-05-05,02:38:00,372,2,6331
33952,2016-05-05,02:47:00,390,2,1964
33953,2016-05-05,02:48:00,172,1,4788
33954,2016-05-05,02:50:00,333,3,6173
33955,2016-05-05,02:52:00,241,1,2512
33956,2016-05-05,02:56:00,403,4,1323
33957,2016-05-05,02:58:00,196,2,9662
33958,2016-05-05,03:01:00,246,2,3688
33959,2016-05-05,03:02:00,357,2,2251
33960,2016-05-05,03:11:00,40,3,10214
33961,2016-05-05,03:21:00,61,1,3307
33962,2016-05-05,03:25:00,247,1,534
33963,2016-05-05,03:30:00,139,2,9683
33964,2016-05-05,03:57:00,193,3,959
33965,2016-05-05,04:02:00,327,2,6725
33966,2016-05-05,04:09:00,288,2,4800
33967,2016-05-05,04:12:00,112,1,6665
33968,2016-05-05,04:15:00,194,1,2993
33969,2016-05-05,04:15:00,266,3,8757
33970,2016-05-05,04:17:00,230,2,3521
33971,2016-05-05,04:31:00,52,2,2097
33972,2016-05-05,04:40:00,121,1,6090
33973,2016-05-05,04:42:00,141,1,135
33974,2016-05-05,04:52:00,36,4,11441
33975,2016-05-05,04:58:00,217,1,9679
33976,2016-05-05,05:01:00,290,2,1830
33977,2016-05-05,05:07:00,24,4,8335
33978,2016-05-05,05:10:00,271,1,8352
33979,2016-05-05,05:19:00,153,3,9422
33980,2016-05-05,05:21:00,35,2,5463
33981,2016-05-05,05:26:00,209,5,4407
33982,2016-05-05,05:29:00,276,2,11285
33983,2016-05-05,05:30:00,447,4,11611
33984,2016-05-05,05:45:00,72,2,10760
33985,2016-05-05,05:46:00,297,2,5271
33986,2016-05-05,05:48:00,223,2,6848
33987,2016-05-05,05:48:00,162,1,11929
33988,2016-05-05,05:49:00,256,4,4988
33989,2016-05-05,05:53:00,288,2,490
33990,2016-05-05,05:57:00,175,3,2476
33991,2016-05-05,06:03:00,190,3,1762
33992,2016-05-05,06:08:00,169,1,6762
33993,2016-05-05,06:13:00,409,1,2344
33994,2016-05-05,06:17:00,426,2,11125
33995,2016-05-05,06:17:00,387,2,4077
33996,2016-05-05,06:31:00,134,1,8986
33997,2016-05-05,06:34:00,325,1,7583
33998,2016-05-05,06:44:00,134,2,10506
33999,2016-05-05,06:50:00,422,1,3172
34000,2016-05-05,06:52:00,171,1,3986
34001,2016-05-05,07:01:00,369,2,2561
34002,2016-05-05,07:03:00,125,4,9419
34003,2016-05-05,07:14:00,187,1,1587
34004,2016-05-05,07:14:00,405,1,10386
34005,2016-05-05,07:34:00,96,1,7868
34006,2016-05-05,07:44:00,390,2,11641
34007,2016-05-05,07:54:00,155,1,718
34008,2016-05-05,07:55:00,31,1,3102
34009,2016-05-05,08:00:00,301,2,11799
34010,2016-05-05,08:10:00,427,2,1667
34011,2016-05-05,08:10:00,261,3,11217
34012,2016-05-05,08:12:00,141,2,25
34013,2016-05-05,08:15:00,271,2,7383
34014,2016-05-05,08:16:00,296,1,491
34015,2016-05-05,08:29:00,242,4,5644
34016,2016-05-05,08:31:00,323,4,4720
34017,2016-05-05,08:32:00,281,1,11223
34018,2016-05-05,08:43:00,172,2,9615
34019,2016-05-05,08:45:00,194,2,4458
34020,2016-05-05,08:45:00,157,4,1493
34021,2016-05-05,08:52:00,37,3,8342
34022,2016-05-05,08:54:00,11,1,3946
34023,2016-05-05,08:58:00,118,3,10225
34024,2016-05-05,09:07:00,213,2,1154
34025,2016-05-05,09:16:00,401,1,7338
34026,2016-05-05,09:32:00,79,2,9889
34027,2016-05-05,09:33:00,36,1,1715
34028,2016-05-05,09:36:00,318,5,2907
34029,2016-05-05,10:00:00,79,2,10117
34030,2016-05-05,10:01:00,80,1,5552
34031,2016-05-05,10:07:00,72,1,7888
34032,2016-05-05,10:12:00,15,2,1182
34033,2016-05-05,10:19:00,26,3,5338
34034,2016-05-05,10:22:00,68,1,5519
34035,2016-05-05,10:23:00,180,2,2516
34036,2016-05-05,10:27:00,200,2,6308
34037,2016-05-05,10:27:00,69,2,7979
34038,2016-05-05,10:30:00,286,2,979
34039,2016-05-05,10:36:00,197,2,8989
34040,2016-05-05,10:38:00,323,1,4755
34041,2016-05-05,10:47:00,417,4,5188
34042,2016-05-05,10:48:00,386,3,4826
34043,2016-05-05,10:56:00,251,2,3942
34044,2016-05-05,10:57:00,363,2,8986
34045,2016-05-05,10:58:00,91,1,8826
34046,2016-05-05,11:13:00,410,1,4657
34047,2016-05-05,11:13:00,68,4,5562
34048,2016-05-05,11:14:00,292,3,7401
34049,2016-05-05,11:16:00,442,3,11026
34050,2016-05-05,11:19:00,233,1,9711
34051,2016-05-05,11:22:00,327,1,8504
34052,2016-05-05,11:27:00,162,1,9819
34053,2016-05-05,11:35:00,182,2,8925
34054,2016-05-05,11:43:00,291,1,11901
34055,2016-05-05,11:51:00,453,3,8232
34056,2016-05-05,11:57:00,189,1,1124
34057,2016-05-05,12:13:00,117,5,895
34058,2016-05-05,12:13:00,212,2,10418
34059,2016-05-05,12:15:00,94,2,1273
34060,2016-05-05,12:16:00,249,1,1696
34061,2016-05-05,12:20:00,397,3,1411
34062,2016-05-05,12:24:00,179,3,8412
34063,2016-05-05,12:31:00,253,1,11960
34064,2016-05-05,12:37:00,266,1,2324
34065,2016-05-05,12:41:00,149,2,7179
34066,2016-05-05,12:42:00,173,1,1174
34067,2016-05-05,12:42:00,261,2,11016
34068,2016-05-05,12:43:00,170,2,5329
34069,2016-05-05,12:45:00,256,2,1324
34070,2016-05-05,12:49:00,194,2,7670
34071,2016-05-05,12:49:00,37,4,7714
34072,2016-05-05,12:58:00,48,1,3694
34073,2016-05-05,13:05:00,19,2,5953
34074,2016-05-05,13:12:00,188,1,8234
34075,2016-05-05,13:16:00,59,1,1231
34076,2016-05-05,13:22:00,194,2,4884
34077,2016-05-05,13:23:00,394,1,2854
34078,2016-05-05,13:30:00,113,2,2346
34079,2016-05-05,13:31:00,170,1,154
34080,2016-05-05,13:32:00,85,1,3128
34081,2016-05-05,14:09:00,280,1,2091
34082,2016-05-05,14:12:00,433,1,11786
34083,2016-05-05,14:13:00,195,4,3531
34084,2016-05-05,14:15:00,5,1,3640
34085,2016-05-05,14:26:00,259,3,7672
34086,2016-05-05,14:28:00,9,3,11984
34087,2016-05-05,14:33:00,21,2,6202
34088,2016-05-05,14:34:00,317,5,656
34089,2016-05-05,14:39:00,340,1,2130
34090,2016-05-05,14:40:00,282,3,9616
34091,2016-05-05,14:47:00,320,3,7196
34092,2016-05-05,14:55:00,247,1,794
34093,2016-05-05,14:59:00,161,2,152
34094,2016-05-05,15:10:00,139,1,1402
34095,2016-05-05,15:13:00,305,4,6801
34096,2016-05-05,15:16:00,247,3,11375
34097,2016-05-05,15:21:00,331,1,5959
34098,2016-05-05,15:33:00,364,1,9986
34099,2016-05-05,15:33:00,84,3,1823
34100,2016-05-05,15:38:00,135,2,926
34101,2016-05-05,15:43:00,375,1,3265
34102,2016-05-05,15:50:00,304,1,6266
34103,2016-05-05,16:04:00,423,2,852
34104,2016-05-05,16:07:00,282,2,4580
34105,2016-05-05,16:10:00,317,4,1700
34106,2016-05-05,16:11:00,167,2,261
34107,2016-05-05,16:11:00,21,1,2106
34108,2016-05-05,16:13:00,401,4,4029
34109,2016-05-05,16:16:00,229,2,4923
34110,2016-05-05,16:26:00,45,3,9895
34111,2016-05-05,16:26:00,314,2,9824
34112,2016-05-05,16:36:00,291,2,8941
34113,2016-05-05,16:40:00,21,1,3909
34114,2016-05-05,16:42:00,345,2,7644
34115,2016-05-05,16:49:00,181,1,8181
34116,2016-05-05,16:51:00,283,3,9442
34117,2016-05-05,16:57:00,393,1,3390
34118,2016-05-05,16:57:00,204,1,9999
34119,2016-05-05,17:07:00,306,2,7071
34120,2016-05-05,17:08:00,133,2,572
34121,2016-05-05,17:26:00,266,4,4719
34122,2016-05-05,17:33:00,252,2,2770
34123,2016-05-05,17:33:00,399,2,1453
34124,2016-05-05,17:34:00,157,1,10892
34125,2016-05-05,17:37:00,244,3,1787
34126,2016-05-05,17:57:00,57,2,5028
34127,2016-05-05,17:57:00,113,1,11242
34128,2016-05-05,18:11:00,180,2,102
34129,2016-05-05,18:13:00,200,1,9059
34130,2016-05-05,18:13:00,125,1,4308
34131,2016-05-05,18:22:00,241,1,3988
34132,2016-05-05,18:33:00,303,1,909
34133,2016-05-05,18:37:00,389,3,9921
34134,2016-05-05,18:40:00,69,2,2497
34135,2016-05-05,18:43:00,185,1,1569
34136,2016-05-05,18:50:00,4,1,4702
34137,2016-05-05,18:54:00,297,4,2640
34138,2016-05-05,18:55:00,294,2,7985
34139,2016-05-05,19:08:00,237,1,3562
34140,2016-05-05,19:13:00,350,1,9237
34141,2016-05-05,19:14:00,250,3,10665
34142,2016-05-05,19:29:00,422,1,9208
34143,2016-05-05,19:40:00,290,2,6209
34144,2016-05-05,19:42:00,33,1,2701
34145,2016-05-05,20:04:00,208,2,4307
34146,2016-05-05,20:04:00,410,3,368
34147,2016-05-05,20:06:00,448,1,1859
34148,2016-05-05,20:08:00,75,2,3471
34149,2016-05-05,20:11:00,192,3,6054
34150,2016-05-05,20:20:00,425,1,3441
34151,2016-05-05,20:27:00,340,1,4340
34152,2016-05-05,20:29:00,337,1,2061
34153,2016-05-05,20:32:00,245,4,1547
34154,2016-05-05,20:35:00,116,1,7967
34155,2016-05-05,20:45:00,271,2,2402
34156,2016-05-05,21:13:00,82,2,11439
34157,2016-05-05,21:15:00,115,2,1620
34158,2016-05-05,21:20:00,291,1,10696
34159,2016-05-05,21:23:00,386,1,5538
34160,2016-05-05,21:27:00,451,1,5972
34161,2016-05-05,21:27:00,430,2,4389
34162,2016-05-05,21:33:00,276,1,10388
34163,2016-05-05,21:37:00,400,1,5693
34164,2016-05-05,21:38:00,339,1,10439
34165,2016-05-05,21:40:00,418,2,1617
34166,2016-05-05,21:41:00,436,2,5219
34167,2016-05-05,21:49:00,274,3,11860
34168,2016-05-05,21:51:00,152,1,565
34169,2016-05-05,21:53:00,387,2,111
34170,2016-05-05,22:01:00,291,3,9290
34171,2016-05-05,22:02:00,379,2,739
34172,2016-05-05,22:04:00,24,3,10927
34173,2016-05-05,22:07:00,69,2,10223
34174,2016-05-05,22:08:00,138,2,5782
34175,2016-05-05,22:09:00,40,4,1853
34176,2016-05-05,22:17:00,46,1,11650
34177,2016-05-05,22:22:00,193,3,1985
34178,2016-05-05,22:36:00,361,2,7134
34179,2016-05-05,22:37:00,17,2,4462
34180,2016-05-05,22:53:00,40,3,3681
34181,2016-05-05,22:56:00,201,3,5412
34182,2016-05-05,23:04:00,29,2,602
34183,2016-05-05,23:12:00,125,1,1677
34184,2016-05-05,23:12:00,265,1,9697
34185,2016-05-05,23:14:00,36,1,4471
34186,2016-05-05,23:15:00,23,2,1491
34187,2016-05-05,23:18:00,226,2,6037
34188,2016-05-05,23:19:00,121,3,2371
34189,2016-05-05,23:21:00,140,2,10337
34190,2016-05-05,23:22:00,340,1,9658
34191,2016-05-05,23:40:00,41,1,7075
34192,2016-05-05,23:42:00,393,1,4368
34193,2016-05-05,23:47:00,419,4,5665
34194,2016-05-05,23:48:00,319,3,5856
34195,2016-05-05,23:56:00,344,3,5199
34196,2016-05-06,00:01:00,243,2,9180
34197,2016-05-06,00:03:00,389,1,7384
34198,2016-05-06,00:05:00,183,1,1910
34199,2016-05-06,00:15:00,84,4,10430
34200,2016-05-06,00:18:00,26,2,692
34201,2016-05-06,00:24:00,276,2,3176
34202,2016-05-06,00:29:00,12,1,5161
34203,2016-05-06,00:33:00,100,1,8769
34204,2016-05-06,00:45:00,401,2,7695
34205,2016-05-06,00:46:00,291,1,1082
34206,2016-05-06,00:52:00,409,2,2543
34207,2016-05-06,00:55:00,64,2,7941
34208,2016-05-06,00:57:00,356,3,1995
34209,2016-05-06,00:59:00,266,2,679
34210,2016-05-06,00:59:00,265,1,8718
34211,2016-05-06,01:03:00,317,1,3035
34212,2016-05-06,01:14:00,449,1,11034
34213,2016-05-06,01:16:00,397,5,7816
34214,2016-05-06,01:17:00,77,3,4713
34215,2016-05-06,01:17:00,47,2,3221
34216,2016-05-06,01:18:00,309,2,6473
34217,2016-05-06,01:18:00,427,1,11294
34218,2016-05-06,01:19:00,223,4,1306
34219,2016-05-06,01:21:00,260,1,8197
34220,2016-05-06,01:24:00,72,1,4450
34221,2016-05-06,01:28:00,127,1,317
34222,2016-05-06,01:37:00,74,3,2901
34223,2016-05-06,01:46:00,26,1,1644
34224,2016-05-06,01:48:00,390,3,5271
34225,2016-05-06,01:52:00,38,2,7794
34226,2016-05-06,02:02:00,292,1,497
34227,2016-05-06,02:04:00,213,2,8161
34228,2016-05-06,02:05:00,423,2,10344
34229,2016-05-06,02:07:00,266,2,11126
34230,2016-05-06,02:07:00,187,1,11359
34231,2016-05-06,02:09:00,273,3,10365
34232,2016-05-06,02:12:00,14,1,5834
34233,2016-05-06,02:21:00,205,2,1141
34234,2016-05-06,02:22:00,257,1,9907
34235,2016-05-06,02:25:00,223,1,10084
34236,2016-05-06,02:30:00,238,3,191
34237,2016-05-06,02:34:00,190,5,3744
34238,2016-05-06,02:39:00,451,1,1397
34239,2016-05-06,02:39:00,430,2,8064
34240,2016-05-06,02:43:00,317,2,9015
34241,2016-05-06,02:44:00,388,2,6309
34242,2016-05-06,02:45:00,208,1,9653
34243,2016-05-06,02:45:00,172,3,7852
34244,2016-05-06,02:51:00,97,2,4575
34245,2016-05-06,02:52:00,139,3,11593
34246,2016-05-06,02:53:00,436,2,8817
34247,2016-05-06,03:03:00,164,1,122
34248,2016-05-06,03:08:00,229,1,1350
34249,2016-05-06,03:26:00,151,2,1644
34250,2016-05-06,03:31:00,245,4,489
34251,2016-05-06,03:46:00,325,2,9301
34252,2016-05-06,03:50:00,50,2,6516
34253,2016-05-06,03:53:00,127,1,1047
34254,2016-05-06,04:05:00,84,2,10640
34255,2016-05-06,04:05:00,41,2,4508
34256,2016-05-06,04:18:00,14,4,1863
34257,2016-05-06,04:20:00,176,2,4151
34258,2016-05-06,04:23:00,191,1,6581
34259,2016-05-06,04:24:00,86,2,8759
34260,2016-05-06,04:25:00,318,1,5131
34261,2016-05-06,04:37:00,34,2,5148
34262,2016-05-06,04:43:00,249,3,5288
34263,2016-05-06,04:46:00,47,1,6685
34264,2016-05-06,04:54:00,164,2,7095
34265,2016-05-06,04:55:00,324,3,11533
34266,2016-05-06,04:55:00,390,3,3538
34267,2016-05-06,04:57:00,322,1,499
34268,2016-05-06,05:02:00,187,1,2401
34269,2016-05-06,05:22:00,178,1,7151
34270,2016-05-06,05:22:00,286,2,7486
34271,2016-05-06,05:37:00,28,1,11830
34272,2016-05-06,05:50:00,275,2,8725
34273,2016-05-06,05:52:00,90,1,3074
34274,2016-05-06,05:52:00,161,2,6785
34275,2016-05-06,05:59:00,6,1,1868
34276,2016-05-06,06:07:00,416,2,6197
34277,2016-05-06,06:20:00,339,3,6134
34278,2016-05-06,06:22:00,146,2,8810
34279,2016-05-06,06:24:00,436,2,10549
34280,2016-05-06,06:43:00,15,1,11174
34281,2016-05-06,06:54:00,428,2,7091
34282,2016-05-06,06:56:00,60,1,5835
34283,2016-05-06,06:57:00,28,1,5796
34284,2016-05-06,07:03:00,393,2,8126
34285,2016-05-06,07:09:00,248,1,7281
34286,2016-05-06,07:12:00,413,1,6659
34287,2016-05-06,07:15:00,158,2,5977
34288,2016-05-06,07:18:00,244,2,6941
34289,2016-05-06,07:24:00,153,2,1954
34290,2016-05-06,07:27:00,250,1,6770
34291,2016-05-06,07:28:00,443,5,2658
34292,2016-05-06,07:28:00,210,2,7752
34293,2016-05-06,07:28:00,357,2,4014
34294,2016-05-06,07:31:00,414,4,1916
34295,2016-05-06,07:39:00,100,2,2114
34296,2016-05-06,07:42:00,64,2,5135
34297,2016-05-06,07:55:00,413,2,1426
34298,2016-05-06,07:56:00,63,2,4041
34299,2016-05-06,07:56:00,275,1,3715
34300,2016-05-06,07:59:00,91,2,8007
34301,2016-05-06,08:04:00,144,1,1428
34302,2016-05-06,08:05:00,314,2,8743
34303,2016-05-06,08:10:00,263,1,10985
34304,2016-05-06,08:19:00,353,3,6232
34305,2016-05-06,08:19:00,363,2,8727
34306,2016-05-06,08:24:00,396,1,49
34307,2016-05-06,08:32:00,323,1,8485
34308,2016-05-06,08:53:00,210,1,1519
34309,2016-05-06,08:57:00,327,1,10620
34310,2016-05-06,08:58:00,208,3,3667
34311,2016-05-06,09:05:00,161,1,9187
34312,2016-05-06,09:06:00,430,1,3784
34313,2016-05-06,09:10:00,386,4,8418
34314,2016-05-06,09:14:00,277,2,9290
34315,2016-05-06,09:23:00,231,2,8938
34316,2016-05-06,09:52:00,252,3,4800
34317,2016-05-06,10:10:00,204,1,9946
34318,2016-05-06,10:14:00,401,2,840
34319,2016-05-06,10:15:00,318,2,10443
34320,2016-05-06,10:16:00,400,3,11348
34321,2016-05-06,10:18:00,147,2,6245
34322,2016-05-06,10:20:00,27,4,2233
34323,2016-05-06,10:21:00,63,1,2902
34324,2016-05-06,10:21:00,23,2,8076
34325,2016-05-06,10:28:00,28,4,8052
34326,2016-05-06,10:30:00,418,2,5370
34327,2016-05-06,10:32:00,53,1,6589
34328,2016-05-06,10:45:00,6,1,6681
34329,2016-05-06,10:46:00,39,1,7700
34330,2016-05-06,10:52:00,97,2,6615
34331,2016-05-06,10:54:00,384,1,4788
34332,2016-05-06,11:04:00,122,3,11438
34333,2016-05-06,11:04:00,83,1,10005
34334,2016-05-06,11:06:00,288,1,10332
34335,2016-05-06,11:06:00,66,1,9578
34336,2016-05-06,11:20:00,57,3,3848
34337,2016-05-06,11:32:00,259,2,3922
34338,2016-05-06,11:41:00,143,2,7760
34339,2016-05-06,11:41:00,340,2,6419
34340,2016-05-06,11:42:00,260,2,7610
34341,2016-05-06,11:49:00,47,3,8120
34342,2016-05-06,11:51:00,31,2,8155
34343,2016-05-06,12:06:00,348,1,2643
34344,2016-05-06,12:08:00,435,3,1817
34345,2016-05-06,12:15:00,14,3,2009
34346,2016-05-06,12:17:00,42,2,10907
34347,2016-05-06,12:27:00,214,2,1813
34348,2016-05-06,12:32:00,328,2,6497
34349,2016-05-06,12:38:00,135,2,6392
34350,2016-05-06,12:48:00,196,4,8641
34351,2016-05-06,12:56:00,277,2,4302
34352,2016-05-06,13:08:00,65,1,9197
34353,2016-05-06,13:10:00,19,1,4650
34354,2016-05-06,13:26:00,15,1,4872
34355,2016-05-06,13:27:00,187,1,4377
34356,2016-05-06,13:31:00,369,2,108
34357,2016-05-06,13:43:00,356,2,9533
34358,2016-05-06,13:44:00,370,1,8871
34359,2016-05-06,13:45:00,337,3,2656
34360,2016-05-06,13:52:00,411,1,5217
34361,2016-05-06,13:53:00,24,1,6920
34362,2016-05-06,13:55:00,322,1,11151
34363,2016-05-06,13:55:00,383,4,5416
34364,2016-05-06,14:01:00,311,2,8571
34365,2016-05-06,14:07:00,71,3,6181
34366,2016-05-06,14:16:00,171,2,9193
34367,2016-05-06,14:23:00,375,1,6524
34368,2016-05-06,14:38:00,340,3,8505
34369,2016-05-06,14:43:00,388,1,5681
34370,2016-05-06,14:54:00,84,1,3386
34371,2016-05-06,14:57:00,173,1,8983
34372,2016-05-06,14:59:00,88,2,2299
34373,2016-05-06,15:00:00,226,2,1230
34374,2016-05-06,15:01:00,39,1,4881
34375,2016-05-06,15:01:00,46,2,9149
34376,2016-05-06,15:17:00,82,3,11255
34377,2016-05-06,15:20:00,379,2,1810
34378,2016-05-06,15:27:00,18,2,6688
34379,2016-05-06,15:34:00,113,2,4353
34380,2016-05-06,15:35:00,64,2,2864
34381,2016-05-06,15:39:00,76,2,7563
34382,2016-05-06,15:43:00,197,2,11905
34383,2016-05-06,15:46:00,77,3,3771
34384,2016-05-06,15:51:00,334,3,8389
34385,2016-05-06,15:52:00,358,1,4422
34386,2016-05-06,15:53:00,290,1,1351
34387,2016-05-06,15:56:00,262,2,6460
34388,2016-05-06,16:02:00,231,2,868
34389,2016-05-06,16:10:00,8,4,8372
34390,2016-05-06,16:25:00,56,5,2233
34391,2016-05-06,16:36:00,105,4,1014
34392,2016-05-06,16:46:00,417,3,5621
34393,2016-05-06,16:48:00,241,2,2967
34394,2016-05-06,16:50:00,449,2,6897
34395,2016-05-06,16:52:00,54,2,9209
34396,2016-05-06,16:55:00,57,2,10412
34397,2016-05-06,16:59:00,441,1,3844
34398,2016-05-06,17:00:00,367,1,1213
34399,2016-05-06,17:11:00,324,1,1385
34400,2016-05-06,17:13:00,203,3,9704
34401,2016-05-06,17:33:00,124,4,724
34402,2016-05-06,17:36:00,393,1,5677
34403,2016-05-06,17:41:00,145,2,4836
34404,2016-05-06,17:47:00,189,1,9753
34405,2016-05-06,17:48:00,7,1,3573
34406,2016-05-06,17:48:00,419,3,9611
34407,2016-05-06,17:51:00,448,3,6993
34408,2016-05-06,18:00:00,77,1,7685
34409,2016-05-06,18:02:00,251,2,6958
34410,2016-05-06,18:07:00,378,1,7111
34411,2016-05-06,18:08:00,27,1,8995
34412,2016-05-06,18:08:00,4,1,11581
34413,2016-05-06,18:18:00,126,1,2286
34414,2016-05-06,18:28:00,115,4,7847
34415,2016-05-06,18:31:00,313,1,2990
34416,2016-05-06,18:33:00,134,1,10565
34417,2016-05-06,18:34:00,172,1,8133
34418,2016-05-06,18:44:00,83,3,1390
34419,2016-05-06,18:47:00,2,2,6874
34420,2016-05-06,19:02:00,39,2,4398
34421,2016-05-06,19:03:00,214,1,5548
34422,2016-05-06,19:05:00,312,1,11330
34423,2016-05-06,19:11:00,264,2,2355
34424,2016-05-06,19:17:00,244,1,1329
34425,2016-05-06,19:19:00,433,4,4340
34426,2016-05-06,19:21:00,181,1,11228
34427,2016-05-06,19:26:00,324,2,4855
34428,2016-05-06,19:30:00,267,3,9751
34429,2016-05-06,19:34:00,152,4,2869
34430,2016-05-06,19:34:00,351,1,5092
34431,2016-05-06,19:36:00,433,2,1899
34432,2016-05-06,19:39:00,415,1,697
34433,2016-05-06,19:43:00,280,3,8377
34434,2016-05-06,19:44:00,419,2,5983
34435,2016-05-06,19:49:00,434,1,3812
34436,2016-05-06,20:20:00,91,1,3368
34437,2016-05-06,20:20:00,450,2,530
34438,2016-05-06,20:27:00,428,1,6706
34439,2016-05-06,20:27:00,314,2,10482
34440,2016-05-06,20:35:00,428,2,2059
34441,2016-05-06,20:38:00,91,1,9679
34442,2016-05-06,20:45:00,405,1,1595
34443,2016-05-06,20:48:00,212,1,7746
34444,2016-05-06,20:51:00,133,2,1517
34445,2016-05-06,20:54:00,415,2,9079
34446,2016-05-06,21:07:00,170,1,7467
34447,2016-05-06,21:20:00,423,4,10869
34448,2016-05-06,21:23:00,279,1,9169
34449,2016-05-06,21:41:00,231,3,10782
34450,2016-05-06,21:44:00,315,2,8848
34451,2016-05-06,21:50:00,367,3,6038
34452,2016-05-06,22:02:00,234,1,7711
34453,2016-05-06,22:03:00,248,3,2951
34454,2016-05-06,22:03:00,233,1,2330
34455,2016-05-06,22:08:00,302,3,6456
34456,2016-05-06,22:14:00,32,2,787
34457,2016-05-06,22:20:00,268,5,9900
34458,2016-05-06,22:21:00,225,4,5408
34459,2016-05-06,22:26:00,181,2,8545
34460,2016-05-06,22:29:00,44,3,1247
34461,2016-05-06,22:33:00,105,2,9541
34462,2016-05-06,22:55:00,175,3,4216
34463,2016-05-06,22:55:00,95,2,7461
34464,2016-05-06,22:58:00,42,1,9956
34465,2016-05-06,23:02:00,12,1,4001
34466,2016-05-06,23:05:00,188,2,7769
34467,2016-05-06,23:08:00,439,4,10417
34468,2016-05-06,23:13:00,5,2,9063
34469,2016-05-06,23:20:00,144,3,1631
34470,2016-05-06,23:22:00,105,3,3007
34471,2016-05-06,23:26:00,286,3,7981
34472,2016-05-06,23:52:00,417,2,4188
34473,2016-05-06,23:58:00,249,1,838
34474,2016-05-07,00:27:00,382,2,5686
34475,2016-05-07,00:34:00,282,2,10398
34476,2016-05-07,00:46:00,167,2,8257
34477,2016-05-07,00:57:00,106,2,3947
34478,2016-05-07,01:05:00,262,2,3242
34479,2016-05-07,01:07:00,31,1,2148
34480,2016-05-07,01:25:00,221,1,1738
34481,2016-05-07,01:30:00,323,1,1754
34482,2016-05-07,01:39:00,222,1,8145
34483,2016-05-07,01:46:00,363,1,11133
34484,2016-05-07,01:52:00,296,1,6577
34485,2016-05-07,01:55:00,132,1,7551
34486,2016-05-07,01:58:00,305,3,4915
34487,2016-05-07,02:02:00,446,4,8814
34488,2016-05-07,02:04:00,88,1,4027
34489,2016-05-07,02:07:00,82,2,273
34490,2016-05-07,02:17:00,157,4,11483
34491,2016-05-07,02:22:00,87,2,1560
34492,2016-05-07,02:25:00,125,2,11880
34493,2016-05-07,02:26:00,362,1,10930
34494,2016-05-07,02:30:00,425,3,10653
34495,2016-05-07,02:34:00,437,2,1421
34496,2016-05-07,02:37:00,305,2,9360
34497,2016-05-07,02:46:00,34,3,2333
34498,2016-05-07,02:48:00,122,2,10818
34499,2016-05-07,02:50:00,275,4,5980
34500,2016-05-07,02:53:00,13,2,4269
34501,2016-05-07,02:54:00,339,3,3205
34502,2016-05-07,03:02:00,119,1,11873
34503,2016-05-07,03:05:00,267,3,549
34504,2016-05-07,03:07:00,388,4,7660
34505,2016-05-07,03:09:00,179,2,11885
34506,2016-05-07,03:10:00,57,1,9442
34507,2016-05-07,03:11:00,153,2,1357
34508,2016-05-07,03:15:00,61,1,2866
34509,2016-05-07,03:17:00,280,2,8792
34510,2016-05-07,03:26:00,369,1,11957
34511,2016-05-07,03:31:00,303,2,11155
34512,2016-05-07,03:33:00,228,3,3670
34513,2016-05-07,03:33:00,248,2,10686
34514,2016-05-07,03:36:00,93,1,492
34515,2016-05-07,03:39:00,90,2,6035
34516,2016-05-07,03:45:00,146,2,2331
34517,2016-05-07,03:48:00,334,1,4034
34518,2016-05-07,03:55:00,203,1,2611
34519,2016-05-07,03:56:00,43,3,1800
34520,2016-05-07,04:00:00,113,2,8205
34521,2016-05-07,04:00:00,355,2,10655
34522,2016-05-07,04:02:00,243,1,2535
34523,2016-05-07,04:07:00,198,1,1782
34524,2016-05-07,04:10:00,418,2,10324
34525,2016-05-07,04:22:00,343,4,9409
34526,2016-05-07,04:23:00,404,3,8547
34527,2016-05-07,04:23:00,206,3,9519
34528,2016-05-07,04:24:00,379,2,2471
34529,2016-05-07,04:36:00,284,2,9839
34530,2016-05-07,04:36:00,442,1,9012
34531,2016-05-07,04:37:00,25,3,4555
34532,2016-05-07,04:41:00,231,2,2410
34533,2016-05-07,04:49:00,284,1,6566
34534,2016-05-07,04:56:00,272,3,5354
34535,2016-05-07,05:02:00,293,2,4101
34536,2016-05-07,05:13:00,99,2,4693
34537,2016-05-07,05:39:00,252,1,5611
34538,2016-05-07,05:46:00,356,2,11743
34539,2016-05-07,05:49:00,75,1,4231
34540,2016-05-07,06:02:00,188,1,481
34541,2016-05-07,06:12:00,14,1,8777
34542,2016-05-07,06:13:00,256,4,10717
34543,2016-05-07,06:15:00,9,2,1422
34544,2016-05-07,06:18:00,3,1,3378
34545,2016-05-07,06:18:00,441,2,7588
34546,2016-05-07,06:22:00,324,4,905
34547,2016-05-07,06:26:00,242,3,7849
34548,2016-05-07,06:26:00,353,2,7219
34549,2016-05-07,06:32:00,394,3,1489
34550,2016-05-07,06:40:00,344,1,11464
34551,2016-05-07,06:40:00,322,4,8324
34552,2016-05-07,06:48:00,58,2,4445
34553,2016-05-07,06:54:00,230,2,10204
34554,2016-05-07,06:56:00,150,2,1965
34555,2016-05-07,07:00:00,433,5,207
34556,2016-05-07,07:19:00,429,1,4476
34557,2016-05-07,07:28:00,369,2,2384
34558,2016-05-07,07:29:00,64,1,4464
34559,2016-05-07,07:32:00,306,1,3588
34560,2016-05-07,07:33:00,161,3,5331
34561,2016-05-07,07:33:00,434,3,2840
34562,2016-05-07,07:33:00,119,4,4886
34563,2016-05-07,07:41:00,247,3,7488
34564,2016-05-07,07:43:00,268,2,5103
34565,2016-05-07,07:48:00,268,2,6796
34566,2016-05-07,07:49:00,331,3,5948
34567,2016-05-07,07:50:00,294,1,3403
34568,2016-05-07,07:51:00,116,2,7129
34569,2016-05-07,07:52:00,142,2,8949
34570,2016-05-07,07:55:00,260,2,1080
34571,2016-05-07,08:05:00,210,2,1074
34572,2016-05-07,08:07:00,307,3,11793
34573,2016-05-07,08:12:00,312,2,5676
34574,2016-05-07,08:14:00,215,1,6464
34575,2016-05-07,08:14:00,305,3,2540
34576,2016-05-07,08:15:00,437,1,8970
34577,2016-05-07,08:21:00,408,1,2575
34578,2016-05-07,08:22:00,347,3,7110
34579,2016-05-07,08:23:00,222,1,9996
34580,2016-05-07,08:29:00,122,1,2834
34581,2016-05-07,08:31:00,63,1,7014
34582,2016-05-07,08:38:00,65,5,329
34583,2016-05-07,08:45:00,378,1,6682
34584,2016-05-07,08:52:00,415,2,1228
34585,2016-05-07,08:57:00,62,3,1516
34586,2016-05-07,08:58:00,58,3,11945
34587,2016-05-07,09:03:00,211,3,6847
34588,2016-05-07,09:04:00,177,1,8529
34589,2016-05-07,09:14:00,330,3,9190
34590,2016-05-07,09:20:00,179,1,10051
34591,2016-05-07,09:21:00,109,2,7433
34592,2016-05-07,09:26:00,194,1,8944
34593,2016-05-07,09:32:00,431,2,322
34594,2016-05-07,09:34:00,302,1,1571
34595,2016-05-07,09:44:00,87,3,3182
34596,2016-05-07,09:44:00,77,2,2363
34597,2016-05-07,09:57:00,66,1,11129
34598,2016-05-07,09:59:00,211,2,7224
34599,2016-05-07,10:00:00,133,2,5001
34600,2016-05-07,10:02:00,415,3,10143
34601,2016-05-07,10:13:00,367,2,3578
34602,2016-05-07,10:22:00,431,2,10505
34603,2016-05-07,10:40:00,280,2,10235
34604,2016-05-07,10:56:00,381,1,2321
34605,2016-05-07,11:02:00,229,1,11878
34606,2016-05-07,11:13:00,137,2,2404
34607,2016-05-07,11:18:00,252,1,6707
34608,2016-05-07,11:19:00,48,3,4449
34609,2016-05-07,11:23:00,455,3,6054
34610,2016-05-07,11:41:00,355,2,7382
34611,2016-05-07,11:49:00,212,3,606
34612,2016-05-07,11:49:00,53,5,3485
34613,2016-05-07,12:04:00,266,2,1975
34614,2016-05-07,12:04:00,125,1,1346
34615,2016-05-07,12:19:00,190,2,10525
34616,2016-05-07,12:20:00,400,2,6253
34617,2016-05-07,12:20:00,139,1,7585
34618,2016-05-07,12:41:00,405,1,8548
34619,2016-05-07,12:41:00,236,1,2658
34620,2016-05-07,12:52:00,302,3,2548
34621,2016-05-07,12:54:00,148,2,9633
34622,2016-05-07,12:55:00,184,1,9630
34623,2016-05-07,12:57:00,195,4,8617
34624,2016-05-07,12:58:00,170,1,5947
34625,2016-05-07,13:03:00,221,1,3573
34626,2016-05-07,13:06:00,208,1,1115
34627,2016-05-07,13:09:00,415,2,8975
34628,2016-05-07,13:10:00,444,3,9718
34629,2016-05-07,13:22:00,225,1,2716
34630,2016-05-07,13:28:00,217,2,5238
34631,2016-05-07,13:30:00,236,2,5997
34632,2016-05-07,13:37:00,412,1,1004
34633,2016-05-07,13:39:00,431,2,2969
34634,2016-05-07,13:45:00,272,1,11122
34635,2016-05-07,13:48:00,101,1,9951
34636,2016-05-07,13:57:00,15,3,6619
34637,2016-05-07,13:58:00,34,1,6047
34638,2016-05-07,14:04:00,325,2,11734
34639,2016-05-07,14:10:00,284,2,3460
34640,2016-05-07,14:15:00,357,4,8336
34641,2016-05-07,14:21:00,219,2,10682
34642,2016-05-07,14:25:00,10,1,5765
34643,2016-05-07,14:37:00,381,3,5867
34644,2016-05-07,14:42:00,340,2,1320
34645,2016-05-07,14:45:00,427,3,10824
34646,2016-05-07,14:50:00,252,1,4939
34647,2016-05-07,15:01:00,396,2,9780
34648,2016-05-07,15:04:00,167,2,488
34649,2016-05-07,15:04:00,93,2,7712
34650,2016-05-07,15:07:00,138,2,8029
34651,2016-05-07,15:08:00,193,2,2888
34652,2016-05-07,15:12:00,279,1,2919
34653,2016-05-07,15:14:00,316,4,5493
34654,2016-05-07,15:19:00,422,1,2020
34655,2016-05-07,15:20:00,211,2,8925
34656,2016-05-07,15:25:00,449,1,5498
34657,2016-05-07,15:28:00,11,1,532
34658,2016-05-07,15:37:00,75,2,11845
34659,2016-05-07,15:38:00,340,1,8998
34660,2016-05-07,15:40:00,430,2,11715
34661,2016-05-07,15:41:00,103,1,9283
34662,2016-05-07,15:41:00,74,4,5391
34663,2016-05-07,15:47:00,242,1,9535
34664,2016-05-07,15:47:00,238,3,10523
34665,2016-05-07,15:57:00,142,2,6580
34666,2016-05-07,16:03:00,438,1,9756
34667,2016-05-07,16:07:00,187,3,4828
34668,2016-05-07,16:13:00,206,1,1393
34669,2016-05-07,16:18:00,447,3,2470
34670,2016-05-07,16:23:00,302,1,8062
34671,2016-05-07,16:25:00,30,2,8248
34672,2016-05-07,16:26:00,340,2,9096
34673,2016-05-07,16:41:00,127,4,5249
34674,2016-05-07,16:49:00,90,2,5937
34675,2016-05-07,16:59:00,93,2,6630
34676,2016-05-07,17:00:00,429,2,5174
34677,2016-05-07,17:05:00,280,3,477
34678,2016-05-07,17:06:00,275,1,9169
34679,2016-05-07,17:32:00,241,1,10458
34680,2016-05-07,17:34:00,82,3,10578
34681,2016-05-07,17:41:00,84,2,3062
34682,2016-05-07,17:45:00,116,2,7570
34683,2016-05-07,17:49:00,279,2,5307
34684,2016-05-07,17:53:00,40,1,1603
34685,2016-05-07,17:56:00,212,1,10273
34686,2016-05-07,18:04:00,341,2,9689
34687,2016-05-07,18:05:00,374,2,11238
34688,2016-05-07,18:17:00,28,1,10061
34689,2016-05-07,18:19:00,254,1,2864
34690,2016-05-07,18:23:00,169,2,8835
34691,2016-05-07,18:30:00,452,2,219
34692,2016-05-07,18:30:00,14,1,3513
34693,2016-05-07,18:49:00,113,3,3377
34694,2016-05-07,18:51:00,346,1,8120
34695,2016-05-07,18:53:00,181,1,3428
34696,2016-05-07,19:04:00,388,1,629
34697,2016-05-07,19:06:00,283,1,5472
34698,2016-05-07,19:06:00,218,2,3166
34699,2016-05-07,19:14:00,408,1,11235
34700,2016-05-07,19:20:00,211,3,6903
34701,2016-05-07,19:21:00,75,2,3236
34702,2016-05-07,19:22:00,358,3,3290
34703,2016-05-07,19:24:00,102,1,4664
34704,2016-05-07,19:26:00,30,2,1344
34705,2016-05-07,19:30:00,42,1,6957
34706,2016-05-07,19:33:00,458,2,2968
34707,2016-05-07,19:39:00,332,1,7347
34708,2016-05-07,19:41:00,398,2,3436
34709,2016-05-07,19:47:00,356,3,1274
34710,2016-05-07,19:48:00,170,2,2661
34711,2016-05-07,19:55:00,335,1,11289
34712,2016-05-07,20:11:00,206,1,10414
34713,2016-05-07,20:11:00,317,1,6419
34714,2016-05-07,20:18:00,91,4,938
34715,2016-05-07,20:19:00,109,1,7520
34716,2016-05-07,20:20:00,437,1,8538
34717,2016-05-07,20:25:00,374,4,1943
34718,2016-05-07,20:29:00,342,2,1881
34719,2016-05-07,20:34:00,348,2,6162
34720,2016-05-07,20:37:00,179,2,7731
34721,2016-05-07,20:42:00,67,2,7574
34722,2016-05-07,20:42:00,82,3,962
34723,2016-05-07,20:53:00,267,1,4678
34724,2016-05-07,20:56:00,65,1,3196
34725,2016-05-07,21:02:00,269,1,5310
34726,2016-05-07,21:14:00,365,2,8690
34727,2016-05-07,21:22:00,258,4,5089
34728,2016-05-07,21:22:00,396,2,8325
34729,2016-05-07,21:30:00,98,3,5687
34730,2016-05-07,21:31:00,361,3,738
34731,2016-05-07,21:33:00,213,2,2630
34732,2016-05-07,21:53:00,404,1,8779
34733,2016-05-07,21:55:00,50,1,6905
34734,2016-05-07,21:56:00,394,3,3022
34735,2016-05-07,21:58:00,292,2,5660
34736,2016-05-07,21:59:00,312,2,5235
34737,2016-05-07,22:01:00,239,2,360
34738,2016-05-07,22:04:00,357,4,6543
34739,2016-05-07,22:30:00,94,2,11916
34740,2016-05-07,22:35:00,295,1,2634
34741,2016-05-07,22:43:00,451,1,5318
34742,2016-05-07,22:53:00,300,1,5756
34743,2016-05-07,22:56:00,73,1,7992
34744,2016-05-07,23:02:00,444,3,2207
34745,2016-05-07,23:21:00,136,3,3233
34746,2016-05-07,23:37:00,122,2,9940
34747,2016-05-07,23:39:00,59,1,525
34748,2016-05-07,23:42:00,105,3,3682
34749,2016-05-07,23:53:00,442,1,10930
34750,2016-05-08,00:03:00,4,1,9791
34751,2016-05-08,00:22:00,124,3,6774
34752,2016-05-08,00:27:00,205,2,783
34753,2016-05-08,00:30:00,266,1,7933
34754,2016-05-08,00:36:00,70,2,8438
34755,2016-05-08,00:42:00,115,2,2621
34756,2016-05-08,00:51:00,237,4,3511
34757,2016-05-08,00:54:00,248,1,3660
34758,2016-05-08,00:56:00,175,2,7295
34759,2016-05-08,00:58:00,340,1,4352
34760,2016-05-08,01:13:00,164,3,5786
34761,2016-05-08,01:16:00,354,1,11524
34762,2016-05-08,01:24:00,299,1,8283
34763,2016-05-08,01:32:00,242,3,2444
34764,2016-05-08,01:33:00,457,3,2526
34765,2016-05-08,01:36:00,71,3,10533
34766,2016-05-08,01:39:00,220,4,3995
34767,2016-05-08,01:46:00,146,3,8816
34768,2016-05-08,01:49:00,52,2,3901
34769,2016-05-08,01:49:00,288,4,2888
34770,2016-05-08,01:53:00,326,1,6558
34771,2016-05-08,01:54:00,411,2,9130
34772,2016-05-08,01:56:00,239,2,7066
34773,2016-05-08,01:57:00,444,3,10002
34774,2016-05-08,02:02:00,458,3,5546
34775,2016-05-08,02:03:00,197,1,855
34776,2016-05-08,02:04:00,173,3,6388
34777,2016-05-08,02:05:00,431,1,1876
34778,2016-05-08,02:07:00,454,2,7491
34779,2016-05-08,02:09:00,420,2,1819
34780,2016-05-08,02:14:00,40,1,7898
34781,2016-05-08,02:15:00,347,2,5868
34782,2016-05-08,02:21:00,191,3,4156
34783,2016-05-08,02:23:00,271,1,1750
34784,2016-05-08,02:23:00,48,4,11967
34785,2016-05-08,02:36:00,113,2,5037
34786,2016-05-08,02:39:00,385,4,6229
34787,2016-05-08,02:39:00,120,2,7565
34788,2016-05-08,02:41:00,445,2,5522
34789,2016-05-08,02:58:00,171,1,9962
34790,2016-05-08,02:59:00,375,1,670
34791,2016-05-08,03:07:00,458,1,2285
34792,2016-05-08,03:13:00,195,2,8694
34793,2016-05-08,03:16:00,291,2,3764
34794,2016-05-08,03:18:00,25,1,7817
34795,2016-05-08,03:19:00,108,3,2134
34796,2016-05-08,03:37:00,112,3,5179
34797,2016-05-08,03:38:00,234,2,1221
34798,2016-05-08,03:38:00,322,1,7499
34799,2016-05-08,03:40:00,307,2,2012
34800,2016-05-08,03:52:00,141,2,5803
34801,2016-05-08,03:54:00,286,2,4794
34802,2016-05-08,04:00:00,325,1,8929
34803,2016-05-08,04:05:00,113,1,6105
34804,2016-05-08,04:07:00,152,1,4812
34805,2016-05-08,04:10:00,239,1,11165
34806,2016-05-08,04:17:00,71,1,3837
34807,2016-05-08,04:24:00,334,1,10454
34808,2016-05-08,04:24:00,114,2,6601
34809,2016-05-08,04:31:00,363,1,9889
34810,2016-05-08,04:35:00,90,2,8901
34811,2016-05-08,04:37:00,267,1,12000
34812,2016-05-08,04:38:00,27,1,8687
34813,2016-05-08,04:51:00,283,2,6134
34814,2016-05-08,04:59:00,76,2,214
34815,2016-05-08,05:03:00,409,2,11796
34816,2016-05-08,05:07:00,120,3,10892
34817,2016-05-08,05:13:00,5,1,3956
34818,2016-05-08,05:20:00,272,1,8226
34819,2016-05-08,05:23:00,347,1,9019
34820,2016-05-08,05:24:00,440,1,3553
34821,2016-05-08,05:27:00,71,3,523
34822,2016-05-08,05:27:00,211,2,967
34823,2016-05-08,05:29:00,314,1,416
34824,2016-05-08,05:31:00,388,1,9154
34825,2016-05-08,05:39:00,448,1,8796
34826,2016-05-08,05:44:00,130,2,733
34827,2016-05-08,05:45:00,15,1,11517
34828,2016-05-08,05:53:00,452,1,7937
34829,2016-05-08,05:55:00,228,1,8508
34830,2016-05-08,05:57:00,109,2,3436
34831,2016-05-08,05:58:00,162,2,523
34832,2016-05-08,05:59:00,236,2,10326
34833,2016-05-08,06:17:00,41,2,1815
34834,2016-05-08,06:21:00,51,3,1220
34835,2016-05-08,06:22:00,201,4,11689
34836,2016-05-08,06:22:00,369,2,10669
34837,2016-05-08,06:23:00,42,2,7999
34838,2016-05-08,06:25:00,274,1,3038
34839,2016-05-08,06:25:00,374,1,2713
34840,2016-05-08,06:39:00,107,1,10215
34841,2016-05-08,06:55:00,5,1,2417
34842,2016-05-08,06:59:00,247,1,7764
34843,2016-05-08,07:08:00,433,1,7585
34844,2016-05-08,07:17:00,32,1,9144
34845,2016-05-08,07:18:00,427,3,2581
34846,2016-05-08,07:18:00,160,3,9427
34847,2016-05-08,07:31:00,430,2,10699
34848,2016-05-08,07:35:00,96,1,10360
34849,2016-05-08,07:35:00,21,2,11734
34850,2016-05-08,07:41:00,325,2,4516
34851,2016-05-08,07:49:00,299,2,9065
34852,2016-05-08,07:50:00,135,1,2638
34853,2016-05-08,07:53:00,374,1,9969
34854,2016-05-08,07:54:00,108,1,11734
34855,2016-05-08,08:09:00,14,1,1296
34856,2016-05-08,08:10:00,352,1,4025
34857,2016-05-08,08:12:00,162,2,3967
34858,2016-05-08,08:23:00,233,2,11957
34859,2016-05-08,08:23:00,162,3,5014
34860,2016-05-08,08:26:00,386,2,9294
34861,2016-05-08,08:29:00,366,2,5719
34862,2016-05-08,08:31:00,80,1,11928
34863,2016-05-08,08:33:00,166,1,8264
34864,2016-05-08,08:37:00,9,2,10175
34865,2016-05-08,08:39:00,42,2,1274
34866,2016-05-08,08:43:00,112,2,10330
34867,2016-05-08,08:54:00,270,1,5223
34868,2016-05-08,09:01:00,252,3,7664
34869,2016-05-08,09:02:00,92,3,9618
34870,2016-05-08,09:02:00,47,4,6546
34871,2016-05-08,09:02:00,50,1,9197
34872,2016-05-08,09:09:00,28,4,1075
34873,2016-05-08,09:18:00,141,2,5230
34874,2016-05-08,09:24:00,369,1,3877
34875,2016-05-08,09:27:00,341,1,1567
34876,2016-05-08,09:29:00,365,1,2308
34877,2016-05-08,09:35:00,209,1,9214
34878,2016-05-08,09:52:00,4,1,1276
34879,2016-05-08,10:02:00,331,2,5216
34880,2016-05-08,10:04:00,156,2,4074
34881,2016-05-08,10:11:00,206,1,9754
34882,2016-05-08,10:12:00,198,2,904
34883,2016-05-08,10:29:00,273,1,6271
34884,2016-05-08,10:35:00,353,1,5805
34885,2016-05-08,10:36:00,345,3,2218
34886,2016-05-08,10:46:00,182,1,5469
34887,2016-05-08,10:46:00,230,3,2370
34888,2016-05-08,10:52:00,352,2,1367
34889,2016-05-08,10:55:00,395,1,10438
34890,2016-05-08,10:55:00,348,1,2013
34891,2016-05-08,10:58:00,247,1,2858
34892,2016-05-08,11:02:00,97,2,8409
34893,2016-05-08,11:09:00,289,2,1656
34894,2016-05-08,11:13:00,346,3,1025
34895,2016-05-08,11:17:00,374,3,937
34896,2016-05-08,11:26:00,164,1,3950
34897,2016-05-08,11:38:00,59,2,5082
34898,2016-05-08,11:42:00,311,2,8694
34899,2016-05-08,11:45:00,199,2,3683
34900,2016-05-08,11:46:00,172,1,4809
34901,2016-05-08,11:56:00,124,1,685
34902,2016-05-08,11:56:00,422,1,6577
34903,2016-05-08,11:57:00,301,2,5654
34904,2016-05-08,12:43:00,104,1,5007
34905,2016-05-08,12:46:00,389,2,9802
34906,2016-05-08,12:48:00,223,2,10438
34907,2016-05-08,12:57:00,294,1,2251
34908,2016-05-08,12:59:00,220,3,2086
34909,2016-05-08,13:04:00,273,4,6113
34910,2016-05-08,13:09:00,395,1,203
34911,2016-05-08,13:12:00,20,2,11189
34912,2016-05-08,13:14:00,397,3,4370
34913,2016-05-08,13:26:00,138,5,9986
34914,2016-05-08,13:37:00,257,3,978
34915,2016-05-08,13:39:00,203,2,9581
34916,2016-05-08,13:41:00,345,2,1535
34917,2016-05-08,13:41:00,111,3,4342
34918,2016-05-08,13:42:00,458,2,2199
34919,2016-05-08,13:43:00,141,2,751
34920,2016-05-08,13:46:00,298,2,6411
34921,2016-05-08,13:52:00,280,2,11446
34922,2016-05-08,13:54:00,252,1,9543
34923,2016-05-08,13:58:00,273,2,6207
34924,2016-05-08,13:58:00,400,1,8698
34925,2016-05-08,14:02:00,163,1,4105
34926,2016-05-08,14:04:00,303,1,9791
34927,2016-05-08,14:09:00,100,2,7755
34928,2016-05-08,14:14:00,60,1,4626
34929,2016-05-08,14:20:00,2,1,10118
34930,2016-05-08,14:22:00,404,3,8069
34931,2016-05-08,14:22:00,379,3,11581
34932,2016-05-08,14:37:00,211,3,5685
34933,2016-05-08,14:40:00,286,3,5182
34934,2016-05-08,14:48:00,313,2,9361
34935,2016-05-08,14:49:00,20,2,9490
34936,2016-05-08,14:55:00,31,1,1200
34937,2016-05-08,14:56:00,353,1,5762
34938,2016-05-08,14:58:00,104,1,9907
34939,2016-05-08,15:03:00,3,3,8100
34940,2016-05-08,15:03:00,225,1,2201
34941,2016-05-08,15:09:00,170,2,6057
34942,2016-05-08,15:13:00,268,2,10736
34943,2016-05-08,15:14:00,263,4,7943
34944,2016-05-08,15:19:00,195,3,6715
34945,2016-05-08,15:34:00,66,4,5511
34946,2016-05-08,15:35:00,31,1,3160
34947,2016-05-08,15:38:00,30,1,9598
34948,2016-05-08,15:51:00,31,1,5571
34949,2016-05-08,15:51:00,151,1,2399
34950,2016-05-08,15:52:00,391,2,10683
34951,2016-05-08,15:57:00,153,2,6821
34952,2016-05-08,15:59:00,70,2,5174
34953,2016-05-08,16:02:00,382,1,11152
34954,2016-05-08,16:08:00,148,3,1415
34955,2016-05-08,16:22:00,274,1,3064
34956,2016-05-08,16:23:00,263,2,5920
34957,2016-05-08,16:27:00,380,3,6069
34958,2016-05-08,16:28:00,309,2,2699
34959,2016-05-08,16:30:00,159,4,4441
34960,2016-05-08,16:32:00,392,3,3751
34961,2016-05-08,16:32:00,438,3,5540
34962,2016-05-08,16:37:00,20,1,5626
34963,2016-05-08,16:45:00,18,3,11980
34964,2016-05-08,16:59:00,266,2,7373
34965,2016-05-08,17:16:00,5,1,8410
34966,2016-05-08,17:16:00,331,3,6930
34967,2016-05-08,17:34:00,381,1,8800
34968,2016-05-08,17:34:00,179,2,3415
34969,2016-05-08,17:38:00,4,2,3434
34970,2016-05-08,17:39:00,45,2,7824
34971,2016-05-08,17:43:00,442,1,10534
34972,2016-05-08,17:44:00,409,1,11089
34973,2016-05-08,17:46:00,108,3,5219
34974,2016-05-08,17:47:00,317,2,6724
34975,2016-05-08,17:50:00,305,3,1051
34976,2016-05-08,17:54:00,401,3,8760
34977,2016-05-08,17:55:00,213,2,194
34978,2016-05-08,17:59:00,20,1,10662
34979,2016-05-08,18:02:00,33,2,473
34980,2016-05-08,18:06:00,316,1,8156
34981,2016-05-08,18:08:00,14,1,5826
34982,2016-05-08,18:09:00,252,3,3216
34983,2016-05-08,18:22:00,347,1,6482
34984,2016-05-08,18:23:00,248,1,2705
34985,2016-05-08,18:27:00,223,1,8718
34986,2016-05-08,18:27:00,43,1,7876
34987,2016-05-08,18:28:00,326,3,6825
34988,2016-05-08,18:32:00,337,4,10011
34989,2016-05-08,18:34:00,266,1,6903
34990,2016-05-08,18:40:00,368,2,540
34991,2016-05-08,18:40:00,184,3,11025
34992,2016-05-08,18:49:00,8,1,4116
34993,2016-05-08,18:51:00,229,2,10781
34994,2016-05-08,18:57:00,369,1,10637
34995,2016-05-08,19:01:00,171,2,11793
34996,2016-05-08,19:02:00,292,4,9065
34997,2016-05-08,19:08:00,292,1,6439
34998,2016-05-08,19:13:00,402,2,800
34999,2016-05-08,19:18:00,245,5,4793
35000,2016-05-08,19:18:00,29,3,10317
35001,2016-05-08,19:27:00,321,2,2127
35002,2016-05-08,19:36:00,363,1,108
35003,2016-05-08,19:40:00,398,3,870
35004,2016-05-08,19:54:00,170,1,9325
35005,2016-05-08,19:57:00,352,1,5897
35006,2016-05-08,19:57:00,375,2,91
35007,2016-05-08,20:02:00,235,1,11480
35008,2016-05-08,20:14:00,134,2,2560
35009,2016-05-08,20:14:00,196,2,1473
35010,2016-05-08,20:26:00,38,2,4435
35011,2016-05-08,20:27:00,151,1,2489
35012,2016-05-08,20:48:00,114,4,560
35013,2016-05-08,20:51:00,13,3,2167
35014,2016-05-08,20:56:00,238,2,345
35015,2016-05-08,20:58:00,397,1,11858
35016,2016-05-08,21:03:00,19,1,2971
35017,2016-05-08,21:06:00,252,3,4552
35018,2016-05-08,21:08:00,345,1,7405
35019,2016-05-08,21:11:00,125,2,11490
35020,2016-05-08,21:15:00,265,1,5937
35021,2016-05-08,21:16:00,412,2,5719
35022,2016-05-08,21:16:00,408,2,1534
35023,2016-05-08,21:20:00,325,3,8404
35024,2016-05-08,21:24:00,443,1,8517
35025,2016-05-08,21:27:00,164,3,6951
35026,2016-05-08,21:27:00,31,2,7751
35027,2016-05-08,21:27:00,277,3,2552
35028,2016-05-08,21:29:00,171,1,10893
35029,2016-05-08,21:37:00,426,3,5364
35030,2016-05-08,21:42:00,272,2,10114
35031,2016-05-08,21:53:00,91,1,11230
35032,2016-05-08,21:58:00,454,1,9213
35033,2016-05-08,22:15:00,274,1,6872
35034,2016-05-08,22:19:00,111,3,1406
35035,2016-05-08,22:28:00,36,3,8740
35036,2016-05-08,22:28:00,451,3,3185
35037,2016-05-08,22:39:00,226,2,7771
35038,2016-05-08,22:39:00,180,1,8289
35039,2016-05-08,22:43:00,379,2,2953
35040,2016-05-08,22:58:00,317,1,11613
35041,2016-05-08,23:00:00,341,2,8080
35042,2016-05-08,23:02:00,255,2,4357
35043,2016-05-08,23:22:00,437,2,8908
35044,2016-05-08,23:25:00,320,3,1696
35045,2016-05-08,23:26:00,241,1,96
35046,2016-05-08,23:31:00,261,1,11913
35047,2016-05-08,23:31:00,414,2,11287
35048,2016-05-08,23:37:00,262,3,4545
35049,2016-05-08,23:40:00,422,2,9223
35050,2016-05-08,23:46:00,343,2,8336
35051,2016-05-08,23:49:00,398,1,10399
35052,2016-05-09,00:04:00,361,4,8529
35053,2016-05-09,00:04:00,414,1,5028
35054,2016-05-09,00:05:00,185,3,3882
35055,2016-05-09,00:06:00,246,1,8525
35056,2016-05-09,00:08:00,399,3,3995
35057,2016-05-09,00:20:00,397,4,4223
35058,2016-05-09,00:21:00,390,1,5990
35059,2016-05-09,00:22:00,221,3,5059
35060,2016-05-09,00:30:00,241,2,1125
35061,2016-05-09,00:43:00,111,3,10447
35062,2016-05-09,00:53:00,12,2,10968
35063,2016-05-09,00:54:00,170,1,7932
35064,2016-05-09,00:54:00,384,2,6405
35065,2016-05-09,00:55:00,156,1,2905
35066,2016-05-09,00:55:00,195,2,8622
35067,2016-05-09,01:15:00,238,2,6217
35068,2016-05-09,01:25:00,163,1,10398
35069,2016-05-09,01:30:00,282,1,7377
35070,2016-05-09,01:38:00,426,1,4539
35071,2016-05-09,01:47:00,208,3,1955
35072,2016-05-09,02:03:00,388,1,10248
35073,2016-05-09,02:05:00,453,1,11152
35074,2016-05-09,02:13:00,91,1,10092
35075,2016-05-09,02:15:00,317,2,689
35076,2016-05-09,02:22:00,281,2,221
35077,2016-05-09,02:25:00,357,3,9367
35078,2016-05-09,02:34:00,326,3,2572
35079,2016-05-09,02:35:00,402,1,7209
35080,2016-05-09,02:37:00,317,2,11548
35081,2016-05-09,02:38:00,85,1,8719
35082,2016-05-09,02:48:00,136,2,7174
35083,2016-05-09,02:48:00,314,2,3133
35084,2016-05-09,03:02:00,179,3,509
35085,2016-05-09,03:14:00,287,1,11580
35086,2016-05-09,03:20:00,399,2,504
35087,2016-05-09,03:20:00,371,1,6386
35088,2016-05-09,03:28:00,3,2,3979
35089,2016-05-09,03:29:00,85,1,1949
35090,2016-05-09,03:32:00,117,1,8783
35091,2016-05-09,03:40:00,26,1,3442
35092,2016-05-09,03:42:00,293,2,2060
35093,2016-05-09,03:52:00,198,2,3423
35094,2016-05-09,04:15:00,349,3,10823
35095,2016-05-09,04:19:00,231,2,501
35096,2016-05-09,04:20:00,352,2,9841
35097,2016-05-09,04:22:00,302,2,11258
35098,2016-05-09,04:24:00,48,2,9578
35099,2016-05-09,04:39:00,77,1,2655
35100,2016-05-09,04:48:00,126,2,2587
35101,2016-05-09,04:48:00,96,1,397
35102,2016-05-09,04:50:00,182,1,2612
35103,2016-05-09,04:53:00,208,1,6379
35104,2016-05-09,04:56:00,432,2,2046
35105,2016-05-09,05:06:00,110,1,4600
35106,2016-05-09,05:08:00,103,2,568
35107,2016-05-09,05:12:00,286,2,4378
35108,2016-05-09,05:19:00,434,2,3841
35109,2016-05-09,05:20:00,76,3,4395
35110,2016-05-09,05:26:00,243,1,1139
35111,2016-05-09,05:31:00,455,3,10943
35112,2016-05-09,05:34:00,107,2,2662
35113,2016-05-09,05:36:00,448,2,1921
35114,2016-05-09,05:43:00,213,2,9566
35115,2016-05-09,05:44:00,116,1,1358
35116,2016-05-09,06:00:00,268,1,1795
35117,2016-05-09,06:01:00,43,2,3496
35118,2016-05-09,06:02:00,208,1,365
35119,2016-05-09,06:13:00,453,2,6261
35120,2016-05-09,06:22:00,367,2,4054
35121,2016-05-09,06:28:00,47,1,7283
35122,2016-05-09,06:28:00,228,2,9015
35123,2016-05-09,06:34:00,304,3,1132
35124,2016-05-09,06:39:00,406,1,4516
35125,2016-05-09,06:40:00,276,2,10807
35126,2016-05-09,06:41:00,290,2,2345
35127,2016-05-09,06:42:00,240,5,1498
35128,2016-05-09,06:47:00,133,2,11355
35129,2016-05-09,06:51:00,432,2,8858
35130,2016-05-09,06:52:00,305,3,9707
35131,2016-05-09,06:53:00,267,1,936
35132,2016-05-09,06:53:00,274,1,7448
35133,2016-05-09,06:54:00,205,2,1682
35134,2016-05-09,07:02:00,260,1,2082
35135,2016-05-09,07:05:00,309,1,10181
35136,2016-05-09,07:14:00,96,1,2002
35137,2016-05-09,07:14:00,420,2,5258
35138,2016-05-09,07:16:00,6,3,1864
35139,2016-05-09,07:16:00,85,3,512
35140,2016-05-09,07:16:00,327,3,489
35141,2016-05-09,07:18:00,227,2,8385
35142,2016-05-09,07:26:00,306,1,4217
35143,2016-05-09,07:32:00,184,1,3247
35144,2016-05-09,07:33:00,378,1,9170
35145,2016-05-09,07:38:00,181,2,5379
35146,2016-05-09,07:43:00,407,3,101
35147,2016-05-09,07:50:00,454,1,2810
35148,2016-05-09,07:53:00,358,1,5033
35149,2016-05-09,07:54:00,213,3,4004
35150,2016-05-09,07:57:00,152,1,8053
35151,2016-05-09,07:57:00,393,1,5227
35152,2016-05-09,08:19:00,126,3,4460
35153,2016-05-09,08:20:00,327,2,7675
35154,2016-05-09,08:22:00,117,2,3155
35155,2016-05-09,08:36:00,155,1,1738
35156,2016-05-09,08:42:00,164,2,11752
35157,2016-05-09,08:43:00,130,1,11418
35158,2016-05-09,08:51:00,111,1,2625
35159,2016-05-09,08:52:00,250,3,10201
35160,2016-05-09,08:57:00,269,1,2199
35161,2016-05-09,09:00:00,51,4,6645
35162,2016-05-09,09:04:00,373,3,5295
35163,2016-05-09,09:07:00,127,3,7647
35164,2016-05-09,09:08:00,341,3,6735
35165,2016-05-09,09:09:00,410,1,5612
35166,2016-05-09,09:09:00,32,1,4079
35167,2016-05-09,09:14:00,219,2,6949
35168,2016-05-09,09:16:00,204,2,5446
35169,2016-05-09,09:20:00,364,1,4588
35170,2016-05-09,09:27:00,170,3,5665
35171,2016-05-09,09:28:00,365,2,11060
35172,2016-05-09,09:34:00,91,3,2379
35173,2016-05-09,09:38:00,64,3,6037
35174,2016-05-09,09:51:00,135,2,11209
35175,2016-05-09,10:09:00,207,2,6397
35176,2016-05-09,10:11:00,112,1,2147
35177,2016-05-09,10:14:00,130,3,1975
35178,2016-05-09,10:26:00,31,4,7347
35179,2016-05-09,10:36:00,206,3,5941
35180,2016-05-09,10:43:00,199,3,1363
35181,2016-05-09,10:44:00,228,2,7508
35182,2016-05-09,10:45:00,328,2,6881
35183,2016-05-09,10:49:00,135,3,9627
35184,2016-05-09,10:50:00,195,4,10351
35185,2016-05-09,10:52:00,100,1,4228
35186,2016-05-09,11:00:00,19,2,2625
35187,2016-05-09,11:03:00,243,3,10126
35188,2016-05-09,11:31:00,269,2,5796
35189,2016-05-09,11:48:00,88,4,7841
35190,2016-05-09,11:48:00,412,2,821
35191,2016-05-09,11:57:00,87,2,11137
35192,2016-05-09,12:12:00,84,5,2407
35193,2016-05-09,12:18:00,116,2,9725
35194,2016-05-09,12:25:00,428,2,5334
35195,2016-05-09,12:37:00,244,2,9699
35196,2016-05-09,12:53:00,214,2,188
35197,2016-05-09,12:54:00,260,1,7055
35198,2016-05-09,12:58:00,322,2,1458
35199,2016-05-09,13:03:00,230,2,1490
35200,2016-05-09,13:09:00,307,2,375
35201,2016-05-09,13:19:00,298,1,2230
35202,2016-05-09,13:19:00,33,3,3375
35203,2016-05-09,13:26:00,88,2,11758
35204,2016-05-09,13:30:00,265,4,10999
35205,2016-05-09,13:37:00,44,1,9417
35206,2016-05-09,13:37:00,63,3,11207
35207,2016-05-09,13:46:00,179,2,10664
35208,2016-05-09,13:52:00,315,3,8903
35209,2016-05-09,14:03:00,299,1,1918
35210,2016-05-09,14:10:00,56,2,887
35211,2016-05-09,14:11:00,63,1,5602
35212,2016-05-09,14:14:00,108,1,5680
35213,2016-05-09,14:21:00,16,5,1145
35214,2016-05-09,14:31:00,241,2,8664
35215,2016-05-09,14:39:00,181,4,8615
35216,2016-05-09,14:46:00,286,3,5737
35217,2016-05-09,14:49:00,1,4,11279
35218,2016-05-09,14:50:00,255,1,11050
35219,2016-05-09,14:54:00,266,2,11747
35220,2016-05-09,14:55:00,204,3,1868
35221,2016-05-09,14:58:00,119,2,1498
35222,2016-05-09,15:08:00,362,3,541
35223,2016-05-09,15:09:00,206,2,2702
35224,2016-05-09,15:15:00,287,4,1006
35225,2016-05-09,15:20:00,180,2,9296
35226,2016-05-09,15:41:00,220,3,9773
35227,2016-05-09,15:42:00,107,5,2971
35228,2016-05-09,15:47:00,142,2,5173
35229,2016-05-09,15:49:00,17,2,1409
35230,2016-05-09,15:50:00,352,2,6570
35231,2016-05-09,15:55:00,326,2,11622
35232,2016-05-09,15:56:00,77,3,1768
35233,2016-05-09,16:00:00,190,2,1
35234,2016-05-09,16:00:00,333,1,11328
35235,2016-05-09,16:01:00,370,4,6430
35236,2016-05-09,16:06:00,391,2,5082
35237,2016-05-09,16:08:00,311,2,2432
35238,2016-05-09,16:20:00,421,1,5823
35239,2016-05-09,16:24:00,369,2,8347
35240,2016-05-09,16:29:00,280,2,8050
35241,2016-05-09,16:33:00,351,3,8144
35242,2016-05-09,16:35:00,196,1,1519
35243,2016-05-09,16:36:00,210,2,10473
35244,2016-05-09,16:38:00,26,1,2342
35245,2016-05-09,16:50:00,226,2,61
35246,2016-05-09,16:51:00,66,1,2038
35247,2016-05-09,16:57:00,107,1,5624
35248,2016-05-09,16:58:00,274,4,7158
35249,2016-05-09,17:02:00,400,4,315
35250,2016-05-09,17:10:00,158,1,8440
35251,2016-05-09,17:14:00,377,1,4371
35252,2016-05-09,17:16:00,234,1,9714
35253,2016-05-09,17:18:00,305,2,751
35254,2016-05-09,17:24:00,292,2,10334
35255,2016-05-09,17:24:00,137,2,4591
35256,2016-05-09,17:33:00,181,1,8923
35257,2016-05-09,17:35:00,225,2,4879
35258,2016-05-09,17:41:00,202,3,4825
35259,2016-05-09,17:42:00,328,2,6239
35260,2016-05-09,17:45:00,105,3,1285
35261,2016-05-09,18:00:00,219,2,10432
35262,2016-05-09,18:04:00,127,1,2879
35263,2016-05-09,18:08:00,107,3,7736
35264,2016-05-09,18:25:00,154,1,5513
35265,2016-05-09,18:27:00,53,1,5391
35266,2016-05-09,18:31:00,64,1,5071
35267,2016-05-09,18:42:00,301,3,1537
35268,2016-05-09,18:53:00,261,2,5723
35269,2016-05-09,18:54:00,159,1,3517
35270,2016-05-09,18:55:00,228,3,6935
35271,2016-05-09,18:55:00,283,1,5510
35272,2016-05-09,18:57:00,90,3,1665
35273,2016-05-09,18:57:00,325,3,11840
35274,2016-05-09,18:59:00,71,2,11751
35275,2016-05-09,19:14:00,112,2,8266
35276,2016-05-09,19:19:00,329,1,10763
35277,2016-05-09,19:21:00,143,3,512
35278,2016-05-09,19:33:00,180,2,1583
35279,2016-05-09,19:34:00,69,1,1184
35280,2016-05-09,19:42:00,57,1,8737
35281,2016-05-09,19:58:00,127,2,5672
35282,2016-05-09,20:10:00,439,1,876
35283,2016-05-09,20:14:00,92,1,43
35284,2016-05-09,20:20:00,205,2,7200
35285,2016-05-09,20:35:00,301,3,6330
35286,2016-05-09,20:38:00,283,1,1205
35287,2016-05-09,20:39:00,392,1,1938
35288,2016-05-09,20:50:00,171,3,9491
35289,2016-05-09,20:52:00,410,2,1783
35290,2016-05-09,20:55:00,185,1,1816
35291,2016-05-09,21:01:00,323,2,4915
35292,2016-05-09,21:15:00,305,1,7504
35293,2016-05-09,21:26:00,51,4,9208
35294,2016-05-09,21:27:00,135,1,2470
35295,2016-05-09,21:44:00,257,2,3865
35296,2016-05-09,21:44:00,388,2,10687
35297,2016-05-09,21:49:00,379,4,2707
35298,2016-05-09,21:51:00,122,4,11301
35299,2016-05-09,22:04:00,276,1,1321
35300,2016-05-09,22:09:00,102,1,5404
35301,2016-05-09,22:09:00,62,2,10611
35302,2016-05-09,22:09:00,339,3,9013
35303,2016-05-09,22:10:00,14,3,4434
35304,2016-05-09,22:23:00,135,3,5527
35305,2016-05-09,22:23:00,204,3,10597
35306,2016-05-09,22:37:00,136,3,947
35307,2016-05-09,22:41:00,430,1,10820
35308,2016-05-09,22:51:00,165,2,4315
35309,2016-05-09,22:53:00,166,1,9550
35310,2016-05-09,22:56:00,140,2,10718
35311,2016-05-09,23:00:00,245,1,7495
35312,2016-05-09,23:03:00,408,1,2395
35313,2016-05-09,23:04:00,132,5,11486
35314,2016-05-09,23:09:00,279,3,9091
35315,2016-05-09,23:13:00,436,1,8178
35316,2016-05-09,23:17:00,264,1,7526
35317,2016-05-09,23:24:00,27,3,2790
35318,2016-05-09,23:27:00,421,1,6469
35319,2016-05-09,23:28:00,277,3,8942
35320,2016-05-09,23:32:00,62,2,3994
35321,2016-05-09,23:33:00,60,1,7138
35322,2016-05-09,23:34:00,417,2,4079
35323,2016-05-09,23:42:00,259,2,10712
35324,2016-05-09,23:52:00,128,3,10892
35325,2016-05-09,23:52:00,443,3,130
35326,2016-05-10,00:01:00,385,1,8425
35327,2016-05-10,00:10:00,36,2,1583
35328,2016-05-10,00:13:00,360,2,8395
35329,2016-05-10,00:15:00,295,3,7211
35330,2016-05-10,00:26:00,409,2,10552
35331,2016-05-10,00:41:00,21,3,2215
35332,2016-05-10,00:46:00,227,2,5307
35333,2016-05-10,00:49:00,380,2,6391
35334,2016-05-10,00:58:00,447,1,3427
35335,2016-05-10,01:09:00,120,3,5516
35336,2016-05-10,01:15:00,192,1,8656
35337,2016-05-10,01:21:00,101,2,6856
35338,2016-05-10,01:28:00,213,3,1593
35339,2016-05-10,01:47:00,329,2,981
35340,2016-05-10,01:51:00,274,2,8173
35341,2016-05-10,01:52:00,153,1,6618
35342,2016-05-10,01:56:00,71,6,9687
35343,2016-05-10,02:05:00,432,1,9214
35344,2016-05-10,02:05:00,202,1,8817
35345,2016-05-10,02:07:00,317,5,469
35346,2016-05-10,02:07:00,432,2,9697
35347,2016-05-10,02:27:00,395,1,2424
35348,2016-05-10,02:27:00,236,2,5974
35349,2016-05-10,02:36:00,32,1,1426
35350,2016-05-10,02:39:00,412,2,6859
35351,2016-05-10,02:40:00,326,3,9083
35352,2016-05-10,02:40:00,355,2,1827
35353,2016-05-10,02:48:00,217,2,817
35354,2016-05-10,02:51:00,82,3,8704
35355,2016-05-10,02:54:00,407,2,4247
35356,2016-05-10,03:04:00,426,2,3080
35357,2016-05-10,03:16:00,32,5,3326
35358,2016-05-10,03:22:00,299,2,1750
35359,2016-05-10,03:32:00,65,1,3416
35360,2016-05-10,03:36:00,91,3,5589
35361,2016-05-10,03:41:00,116,1,4790
35362,2016-05-10,03:52:00,29,2,1176
35363,2016-05-10,03:58:00,115,3,5005
35364,2016-05-10,04:04:00,122,2,7409
35365,2016-05-10,04:05:00,65,2,5690
35366,2016-05-10,04:06:00,178,1,5287
35367,2016-05-10,04:11:00,313,1,6934
35368,2016-05-10,04:33:00,296,1,11539
35369,2016-05-10,04:36:00,352,4,5086
35370,2016-05-10,04:42:00,397,1,110
35371,2016-05-10,04:44:00,102,3,1183
35372,2016-05-10,04:55:00,115,2,2863
35373,2016-05-10,04:55:00,194,1,1523
35374,2016-05-10,04:58:00,310,2,6352
35375,2016-05-10,05:08:00,324,2,6962
35376,2016-05-10,05:10:00,68,2,292
35377,2016-05-10,05:23:00,52,3,9523
35378,2016-05-10,05:25:00,427,3,7348
35379,2016-05-10,05:31:00,392,2,7000
35380,2016-05-10,05:33:00,334,1,8221
35381,2016-05-10,05:41:00,119,4,8943
35382,2016-05-10,05:52:00,316,1,2587
35383,2016-05-10,05:56:00,125,1,3487
35384,2016-05-10,05:57:00,63,2,2508
35385,2016-05-10,05:57:00,348,2,1482
35386,2016-05-10,06:04:00,424,2,5006
35387,2016-05-10,06:07:00,320,2,10902
35388,2016-05-10,06:18:00,393,1,1571
35389,2016-05-10,06:22:00,42,4,9194
35390,2016-05-10,06:28:00,403,2,9333
35391,2016-05-10,06:31:00,275,2,1710
35392,2016-05-10,06:32:00,42,1,6083
35393,2016-05-10,06:34:00,213,1,7455
35394,2016-05-10,06:39:00,391,4,4264
35395,2016-05-10,06:43:00,71,1,8301
35396,2016-05-10,06:45:00,269,1,5377
35397,2016-05-10,06:49:00,179,1,4384
35398,2016-05-10,06:49:00,91,2,411
35399,2016-05-10,06:55:00,399,2,509
35400,2016-05-10,07:01:00,98,1,7666
35401,2016-05-10,07:14:00,117,3,6360
35402,2016-05-10,07:15:00,98,1,3721
35403,2016-05-10,07:23:00,35,3,2660
35404,2016-05-10,07:34:00,421,2,9647
35405,2016-05-10,07:36:00,113,4,8622
35406,2016-05-10,07:36:00,239,2,8474
35407,2016-05-10,07:38:00,105,1,401
35408,2016-05-10,07:43:00,98,1,7294
35409,2016-05-10,07:52:00,37,2,308
35410,2016-05-10,07:53:00,200,1,1666
35411,2016-05-10,07:53:00,336,2,7231
35412,2016-05-10,07:57:00,362,2,10670
35413,2016-05-10,07:59:00,235,2,11707
35414,2016-05-10,08:18:00,403,4,10294
35415,2016-05-10,08:26:00,406,1,306
35416,2016-05-10,08:31:00,140,1,7620
35417,2016-05-10,08:34:00,38,1,11884
35418,2016-05-10,08:35:00,404,1,5724
35419,2016-05-10,08:41:00,347,4,1783
35420,2016-05-10,08:44:00,172,1,1879
35421,2016-05-10,08:57:00,386,1,6812
35422,2016-05-10,08:58:00,89,2,9243
35423,2016-05-10,09:01:00,180,2,941
35424,2016-05-10,09:01:00,299,2,4275
35425,2016-05-10,09:06:00,283,2,9300
35426,2016-05-10,09:11:00,178,2,11908
35427,2016-05-10,09:27:00,119,3,10912
35428,2016-05-10,09:38:00,278,4,1257
35429,2016-05-10,09:46:00,90,1,7133
35430,2016-05-10,09:47:00,24,2,5130
35431,2016-05-10,09:49:00,13,3,7040
35432,2016-05-10,09:51:00,412,2,1927
35433,2016-05-10,10:06:00,25,2,404
35434,2016-05-10,10:12:00,335,1,2850
35435,2016-05-10,10:13:00,445,4,8146
35436,2016-05-10,10:14:00,94,1,4904
35437,2016-05-10,10:15:00,320,1,2035
35438,2016-05-10,10:18:00,163,1,11704
35439,2016-05-10,10:18:00,3,3,1443
35440,2016-05-10,10:24:00,107,4,4354
35441,2016-05-10,10:28:00,412,1,6388
35442,2016-05-10,10:28:00,311,2,1259
35443,2016-05-10,10:34:00,451,1,9571
35444,2016-05-10,10:38:00,172,1,4035
35445,2016-05-10,10:44:00,52,2,9461
35446,2016-05-10,10:45:00,70,1,6050
35447,2016-05-10,10:51:00,50,2,11219
35448,2016-05-10,10:53:00,143,2,11695
35449,2016-05-10,10:56:00,97,3,8634
35450,2016-05-10,11:02:00,420,2,3435
35451,2016-05-10,11:05:00,421,1,9730
35452,2016-05-10,11:10:00,223,1,2386
35453,2016-05-10,11:17:00,84,1,7389
35454,2016-05-10,11:21:00,64,7,6371
35455,2016-05-10,11:23:00,405,2,9559
35456,2016-05-10,11:25:00,322,1,11264
35457,2016-05-10,11:35:00,5,3,6356
35458,2016-05-10,11:40:00,219,1,2841
35459,2016-05-10,11:44:00,100,1,5677
35460,2016-05-10,11:49:00,321,1,11541
35461,2016-05-10,11:53:00,24,1,2142
35462,2016-05-10,11:53:00,291,2,4550
35463,2016-05-10,12:05:00,14,1,3358
35464,2016-05-10,12:06:00,295,1,7341
35465,2016-05-10,12:08:00,299,3,2601
35466,2016-05-10,12:28:00,58,2,11806
35467,2016-05-10,12:29:00,1,3,9793
35468,2016-05-10,12:43:00,345,3,4122
35469,2016-05-10,12:46:00,156,4,11955
35470,2016-05-10,12:54:00,262,1,10618
35471,2016-05-10,12:57:00,400,3,11314
35472,2016-05-10,13:10:00,384,1,4234
35473,2016-05-10,13:14:00,18,2,6253
35474,2016-05-10,13:18:00,289,3,10434
35475,2016-05-10,13:23:00,7,2,3507
35476,2016-05-10,13:27:00,123,1,3334
35477,2016-05-10,13:33:00,98,2,11598
35478,2016-05-10,13:44:00,71,2,10136
35479,2016-05-10,13:51:00,20,1,10054
35480,2016-05-10,13:54:00,215,2,6432
35481,2016-05-10,14:00:00,154,5,368
35482,2016-05-10,14:03:00,97,2,5584
35483,2016-05-10,14:06:00,14,1,10033
35484,2016-05-10,14:08:00,289,3,5650
35485,2016-05-10,14:44:00,436,1,832
35486,2016-05-10,14:47:00,28,2,10247
35487,2016-05-10,14:58:00,226,3,7307
35488,2016-05-10,15:09:00,248,2,4893
35489,2016-05-10,15:09:00,338,2,929
35490,2016-05-10,15:12:00,308,3,1216
35491,2016-05-10,15:16:00,157,2,826
35492,2016-05-10,15:19:00,180,2,5390
35493,2016-05-10,15:20:00,457,1,3398
35494,2016-05-10,15:23:00,147,2,9628
35495,2016-05-10,15:23:00,8,2,9137
35496,2016-05-10,15:23:00,20,2,74
35497,2016-05-10,15:27:00,441,2,7403
35498,2016-05-10,15:37:00,100,3,335
35499,2016-05-10,15:37:00,449,3,4073
35500,2016-05-10,15:49:00,245,1,10525
35501,2016-05-10,15:52:00,435,2,11774
35502,2016-05-10,15:52:00,122,1,11836
35503,2016-05-10,16:01:00,18,3,2486
35504,2016-05-10,16:02:00,55,1,5287
35505,2016-05-10,16:07:00,119,2,11061
35506,2016-05-10,16:20:00,96,1,2797
35507,2016-05-10,16:25:00,312,3,4382
35508,2016-05-10,16:32:00,359,2,6711
35509,2016-05-10,16:39:00,354,3,6973
35510,2016-05-10,16:48:00,229,1,10053
35511,2016-05-10,16:50:00,282,2,4885
35512,2016-05-10,16:51:00,28,5,9947
35513,2016-05-10,17:02:00,235,1,8168
35514,2016-05-10,17:16:00,9,1,1163
35515,2016-05-10,17:17:00,9,2,10876
35516,2016-05-10,17:24:00,132,5,4318
35517,2016-05-10,17:36:00,450,2,4078
35518,2016-05-10,17:36:00,263,4,9438
35519,2016-05-10,17:38:00,182,1,1098
35520,2016-05-10,17:53:00,281,5,7180
35521,2016-05-10,17:59:00,259,1,1052
35522,2016-05-10,18:04:00,210,1,9593
35523,2016-05-10,18:04:00,366,2,10194
35524,2016-05-10,18:20:00,160,3,8744
35525,2016-05-10,18:24:00,32,1,4493
35526,2016-05-10,18:25:00,35,1,4130
35527,2016-05-10,18:26:00,108,3,6563
35528,2016-05-10,18:26:00,373,4,8191
35529,2016-05-10,18:30:00,321,2,7959
35530,2016-05-10,18:33:00,328,3,11540
35531,2016-05-10,18:46:00,80,3,7850
35532,2016-05-10,18:47:00,298,1,9853
35533,2016-05-10,18:56:00,205,3,1872
35534,2016-05-10,19:00:00,377,1,4779
35535,2016-05-10,19:01:00,245,2,11593
35536,2016-05-10,19:04:00,404,1,11088
35537,2016-05-10,19:05:00,36,1,3698
35538,2016-05-10,19:07:00,364,1,4040
35539,2016-05-10,19:10:00,70,2,9299
35540,2016-05-10,19:11:00,234,4,8589
35541,2016-05-10,19:15:00,193,2,6445
35542,2016-05-10,19:17:00,39,4,701
35543,2016-05-10,19:19:00,194,2,3449
35544,2016-05-10,19:23:00,41,3,2229
35545,2016-05-10,19:28:00,289,2,6338
35546,2016-05-10,19:37:00,408,1,9004
35547,2016-05-10,19:43:00,438,1,6618
35548,2016-05-10,19:50:00,101,3,8587
35549,2016-05-10,19:52:00,300,1,5175
35550,2016-05-10,19:56:00,109,1,6722
35551,2016-05-10,19:58:00,44,1,1541
35552,2016-05-10,19:58:00,431,1,4235
35553,2016-05-10,20:00:00,235,1,3312
35554,2016-05-10,20:04:00,354,2,8574
35555,2016-05-10,20:05:00,263,4,5456
35556,2016-05-10,20:06:00,104,1,6076
35557,2016-05-10,20:07:00,15,1,3478
35558,2016-05-10,20:08:00,387,2,6529
35559,2016-05-10,20:10:00,67,1,4021
35560,2016-05-10,20:21:00,335,1,10676
35561,2016-05-10,20:25:00,207,1,1752
35562,2016-05-10,20:29:00,239,5,1998
35563,2016-05-10,20:33:00,373,3,3741
35564,2016-05-10,20:35:00,166,3,4872
35565,2016-05-10,20:36:00,357,3,11236
35566,2016-05-10,20:43:00,431,2,11744
35567,2016-05-10,21:00:00,173,1,543
35568,2016-05-10,21:02:00,99,4,1228
35569,2016-05-10,21:03:00,206,1,992
35570,2016-05-10,21:08:00,411,2,3516
35571,2016-05-10,21:12:00,265,2,5943
35572,2016-05-10,21:16:00,173,4,9236
35573,2016-05-10,21:16:00,324,1,159
35574,2016-05-10,21:18:00,136,1,11980
35575,2016-05-10,21:19:00,30,2,3654
35576,2016-05-10,21:22:00,249,2,2873
35577,2016-05-10,21:28:00,147,2,11297
35578,2016-05-10,21:31:00,45,1,11841
35579,2016-05-10,21:34:00,280,4,10679
35580,2016-05-10,21:36:00,351,1,5099
35581,2016-05-10,21:42:00,150,1,2636
35582,2016-05-10,21:47:00,49,4,6939
35583,2016-05-10,21:48:00,253,1,5711
35584,2016-05-10,21:50:00,121,1,8920
35585,2016-05-10,21:52:00,343,1,1665
35586,2016-05-10,21:53:00,288,2,8502
35587,2016-05-10,21:56:00,246,3,5552
35588,2016-05-10,22:06:00,25,2,10397
35589,2016-05-10,22:21:00,81,2,11452
35590,2016-05-10,22:23:00,346,1,11912
35591,2016-05-10,22:25:00,379,2,10281
35592,2016-05-10,22:25:00,351,1,3820
35593,2016-05-10,22:26:00,178,4,4156
35594,2016-05-10,22:30:00,174,1,11539
35595,2016-05-10,22:43:00,192,3,6305
35596,2016-05-10,22:48:00,236,3,6992
35597,2016-05-10,22:49:00,410,1,4854
35598,2016-05-10,22:51:00,436,2,9792
35599,2016-05-10,23:04:00,159,1,1734
35600,2016-05-10,23:05:00,448,2,9521
35601,2016-05-10,23:07:00,164,2,2615
35602,2016-05-10,23:11:00,202,1,11318
35603,2016-05-10,23:11:00,199,2,8392
35604,2016-05-10,23:15:00,453,2,5837
35605,2016-05-10,23:21:00,401,2,3424
35606,2016-05-10,23:27:00,275,1,9251
35607,2016-05-10,23:28:00,4,2,1500
35608,2016-05-10,23:29:00,276,1,2182
35609,2016-05-10,23:32:00,45,3,10907
35610,2016-05-10,23:32:00,77,1,5236
35611,2016-05-10,23:33:00,183,3,8342
35612,2016-05-10,23:38:00,153,1,7421
35613,2016-05-10,23:39:00,343,3,9663
35614,2016-05-10,23:46:00,222,2,3151
35615,2016-05-10,23:46:00,153,2,9963
35616,2016-05-10,23:47:00,384,2,4070
35617,2016-05-10,23:47:00,65,2,8571
35618,2016-05-11,00:09:00,443,2,3252
35619,2016-05-11,00:17:00,204,3,2794
35620,2016-05-11,00:18:00,128,2,11012
35621,2016-05-11,00:24:00,333,2,8327
35622,2016-05-11,00:26:00,422,1,961
35623,2016-05-11,00:26:00,191,4,10551
35624,2016-05-11,00:34:00,10,2,6160
35625,2016-05-11,00:37:00,439,4,11918
35626,2016-05-11,00:37:00,88,4,10300
35627,2016-05-11,00:44:00,293,2,3754
35628,2016-05-11,00:48:00,95,2,9273
35629,2016-05-11,00:54:00,94,2,9149
35630,2016-05-11,00:56:00,46,3,4497
35631,2016-05-11,01:05:00,307,2,2049
35632,2016-05-11,01:11:00,307,2,11170
35633,2016-05-11,01:18:00,427,1,2862
35634,2016-05-11,01:20:00,456,3,8548
35635,2016-05-11,01:21:00,191,2,10026
35636,2016-05-11,01:29:00,49,3,9374
35637,2016-05-11,01:30:00,141,3,8149
35638,2016-05-11,01:30:00,376,3,1366
35639,2016-05-11,01:31:00,261,3,10717
35640,2016-05-11,01:32:00,155,4,3273
35641,2016-05-11,01:34:00,300,2,682
35642,2016-05-11,01:40:00,127,2,11575
35643,2016-05-11,01:42:00,347,1,11757
35644,2016-05-11,01:49:00,437,2,6092
35645,2016-05-11,01:54:00,221,2,3687
35646,2016-05-11,02:15:00,247,2,6709
35647,2016-05-11,02:27:00,31,1,9821
35648,2016-05-11,02:27:00,77,3,7446
35649,2016-05-11,02:31:00,230,2,3933
35650,2016-05-11,02:36:00,416,1,3826
35651,2016-05-11,02:38:00,330,3,785
35652,2016-05-11,02:40:00,442,2,11071
35653,2016-05-11,02:40:00,399,4,6869
35654,2016-05-11,02:55:00,340,1,9104
35655,2016-05-11,03:03:00,65,1,6190
35656,2016-05-11,03:14:00,214,3,11164
35657,2016-05-11,03:16:00,402,1,11002
35658,2016-05-11,03:17:00,136,2,5621
35659,2016-05-11,03:27:00,146,1,7561
35660,2016-05-11,03:29:00,324,1,2449
35661,2016-05-11,03:31:00,312,2,715
35662,2016-05-11,03:35:00,235,2,7801
35663,2016-05-11,03:56:00,25,2,4081
35664,2016-05-11,04:00:00,102,2,7131
35665,2016-05-11,04:04:00,409,3,2144
35666,2016-05-11,04:12:00,167,2,5560
35667,2016-05-11,04:16:00,195,3,4909
35668,2016-05-11,04:19:00,435,3,10120
35669,2016-05-11,04:23:00,440,3,9093
35670,2016-05-11,04:24:00,150,1,10979
35671,2016-05-11,04:25:00,394,2,7719
35672,2016-05-11,04:30:00,226,1,8534
35673,2016-05-11,04:40:00,211,2,6063
35674,2016-05-11,04:43:00,265,1,9457
35675,2016-05-11,04:44:00,290,1,10194
35676,2016-05-11,04:47:00,215,1,7369
35677,2016-05-11,04:48:00,324,1,10935
35678,2016-05-11,04:49:00,372,3,1300
35679,2016-05-11,04:50:00,215,2,1404
35680,2016-05-11,04:53:00,53,2,7680
35681,2016-05-11,04:56:00,186,1,3786
35682,2016-05-11,05:00:00,231,1,1421
35683,2016-05-11,05:05:00,384,1,1028
35684,2016-05-11,05:06:00,174,1,2855
35685,2016-05-11,05:07:00,366,1,5109
35686,2016-05-11,05:08:00,452,2,9311
35687,2016-05-11,05:18:00,433,2,11167
35688,2016-05-11,05:20:00,326,2,8758
35689,2016-05-11,05:22:00,223,2,2662
35690,2016-05-11,05:26:00,407,2,4666
35691,2016-05-11,05:33:00,118,2,2308
35692,2016-05-11,05:35:00,374,1,5057
35693,2016-05-11,05:48:00,430,1,8804
35694,2016-05-11,05:51:00,219,2,5076
35695,2016-05-11,05:53:00,97,1,7082
35696,2016-05-11,06:03:00,109,1,5181
35697,2016-05-11,06:03:00,293,3,4438
35698,2016-05-11,06:07:00,247,2,10345
35699,2016-05-11,06:10:00,89,2,198
35700,2016-05-11,06:10:00,90,2,10268
35701,2016-05-11,06:17:00,128,5,1621
35702,2016-05-11,06:33:00,83,3,1285
35703,2016-05-11,06:41:00,320,1,8861
35704,2016-05-11,06:53:00,191,2,10835
35705,2016-05-11,07:00:00,415,1,7266
35706,2016-05-11,07:01:00,164,3,3411
35707,2016-05-11,07:05:00,136,1,698
35708,2016-05-11,07:13:00,54,2,10816
35709,2016-05-11,07:23:00,175,3,5800
35710,2016-05-11,07:30:00,322,2,6236
35711,2016-05-11,07:33:00,362,2,3877
35712,2016-05-11,07:43:00,108,2,4899
35713,2016-05-11,07:49:00,122,1,2374
35714,2016-05-11,08:00:00,385,2,2626
35715,2016-05-11,08:01:00,107,2,5238
35716,2016-05-11,08:07:00,19,3,4025
35717,2016-05-11,08:08:00,291,1,472
35718,2016-05-11,08:12:00,212,4,7261
35719,2016-05-11,08:12:00,84,4,7745
35720,2016-05-11,08:12:00,143,1,4345
35721,2016-05-11,08:18:00,137,1,11844
35722,2016-05-11,08:27:00,72,1,11900
35723,2016-05-11,08:28:00,435,1,8875
35724,2016-05-11,08:31:00,206,3,2594
35725,2016-05-11,08:32:00,414,2,9593
35726,2016-05-11,08:40:00,52,2,7191
35727,2016-05-11,08:43:00,301,2,10224
35728,2016-05-11,08:44:00,149,3,7926
35729,2016-05-11,08:44:00,397,1,3189
35730,2016-05-11,08:45:00,308,2,7375
35731,2016-05-11,08:53:00,82,1,7344
35732,2016-05-11,08:54:00,207,1,10884
35733,2016-05-11,08:54:00,242,1,11097
35734,2016-05-11,08:58:00,388,2,8243
35735,2016-05-11,08:58:00,232,4,9925
35736,2016-05-11,08:59:00,306,1,2608
35737,2016-05-11,09:03:00,162,1,9882
35738,2016-05-11,09:09:00,300,1,6367
35739,2016-05-11,09:11:00,52,3,7785
35740,2016-05-11,09:15:00,442,4,11109
35741,2016-05-11,09:25:00,58,3,4778
35742,2016-05-11,09:26:00,202,2,1923
35743,2016-05-11,09:29:00,98,1,4810
35744,2016-05-11,09:37:00,287,2,3025
35745,2016-05-11,09:40:00,359,2,11132
35746,2016-05-11,09:41:00,217,3,2406
35747,2016-05-11,10:02:00,220,1,11167
35748,2016-05-11,10:07:00,135,1,10538
35749,2016-05-11,10:09:00,302,2,4969
35750,2016-05-11,10:15:00,230,1,5370
35751,2016-05-11,10:25:00,393,1,11920
35752,2016-05-11,10:27:00,456,2,3413
35753,2016-05-11,10:28:00,312,4,4156
35754,2016-05-11,10:39:00,94,1,2923
35755,2016-05-11,10:46:00,423,2,2066
35756,2016-05-11,10:51:00,271,2,7286
35757,2016-05-11,10:57:00,306,2,8166
35758,2016-05-11,11:26:00,54,3,5957
35759,2016-05-11,11:31:00,75,1,6447
35760,2016-05-11,11:35:00,371,1,8729
35761,2016-05-11,11:51:00,25,3,2218
35762,2016-05-11,12:01:00,154,2,2557
35763,2016-05-11,12:02:00,48,3,5852
35764,2016-05-11,12:08:00,227,1,7349
35765,2016-05-11,12:09:00,327,3,11308
35766,2016-05-11,12:14:00,14,1,1028
35767,2016-05-11,12:29:00,196,3,3977
35768,2016-05-11,12:36:00,456,1,5087
35769,2016-05-11,12:40:00,55,3,1315
35770,2016-05-11,12:41:00,271,2,9413
35771,2016-05-11,12:43:00,187,1,8235
35772,2016-05-11,12:45:00,195,1,10879
35773,2016-05-11,13:07:00,374,2,11286
35774,2016-05-11,13:12:00,180,1,3491
35775,2016-05-11,13:12:00,289,2,7713
35776,2016-05-11,13:37:00,425,1,8230
35777,2016-05-11,13:45:00,17,2,2276
35778,2016-05-11,13:49:00,383,1,4127
35779,2016-05-11,13:50:00,143,3,11312
35780,2016-05-11,14:03:00,440,4,8628
35781,2016-05-11,14:05:00,300,2,1487
35782,2016-05-11,14:06:00,317,1,5816
35783,2016-05-11,14:06:00,405,1,4097
35784,2016-05-11,14:08:00,227,2,9624
35785,2016-05-11,14:12:00,123,2,760
35786,2016-05-11,14:16:00,160,2,9340
35787,2016-05-11,14:24:00,293,1,5901
35788,2016-05-11,14:26:00,398,3,10022
35789,2016-05-11,14:31:00,297,2,4885
35790,2016-05-11,14:34:00,33,2,2644
35791,2016-05-11,14:35:00,337,1,3600
35792,2016-05-11,15:00:00,340,2,770
35793,2016-05-11,15:03:00,250,1,1928
35794,2016-05-11,15:07:00,281,1,10786
35795,2016-05-11,15:07:00,322,4,6087
35796,2016-05-11,15:18:00,340,2,9215
35797,2016-05-11,15:19:00,117,1,3555
35798,2016-05-11,15:21:00,11,1,3658
35799,2016-05-11,15:25:00,138,1,6673
35800,2016-05-11,15:26:00,33,1,3211
35801,2016-05-11,15:27:00,408,4,7529
35802,2016-05-11,15:30:00,435,3,9561
35803,2016-05-11,15:39:00,102,2,6429
35804,2016-05-11,15:43:00,160,3,4866
35805,2016-05-11,15:59:00,362,1,9006
35806,2016-05-11,16:03:00,304,3,9392
35807,2016-05-11,16:12:00,156,1,7519
35808,2016-05-11,16:27:00,134,2,5073
35809,2016-05-11,16:28:00,104,3,5876
35810,2016-05-11,16:35:00,77,1,3795
35811,2016-05-11,16:35:00,240,1,2552
35812,2016-05-11,16:54:00,76,2,523
35813,2016-05-11,16:57:00,306,2,2073
35814,2016-05-11,16:57:00,438,5,11040
35815,2016-05-11,17:01:00,219,1,6910
35816,2016-05-11,17:13:00,20,1,9373
35817,2016-05-11,17:29:00,52,2,3259
35818,2016-05-11,17:30:00,313,3,8015
35819,2016-05-11,17:34:00,244,1,6110
35820,2016-05-11,17:41:00,318,2,3321
35821,2016-05-11,17:47:00,373,3,6810
35822,2016-05-11,17:49:00,340,3,4549
35823,2016-05-11,17:51:00,15,1,6647
35824,2016-05-11,18:01:00,407,2,7213
35825,2016-05-11,18:12:00,386,4,3917
35826,2016-05-11,18:15:00,134,1,1851
35827,2016-05-11,18:22:00,336,2,6998
35828,2016-05-11,18:24:00,328,2,10195
35829,2016-05-11,18:31:00,219,2,2761
35830,2016-05-11,18:47:00,113,2,9967
35831,2016-05-11,18:58:00,218,1,10056
35832,2016-05-11,19:02:00,295,2,4474
35833,2016-05-11,19:02:00,123,1,881
35834,2016-05-11,19:04:00,336,5,5889
35835,2016-05-11,19:05:00,319,2,1260
35836,2016-05-11,19:08:00,389,2,11576
35837,2016-05-11,19:12:00,355,2,260
35838,2016-05-11,19:13:00,416,4,2846
35839,2016-05-11,19:19:00,143,1,4074
35840,2016-05-11,19:21:00,150,1,2831
35841,2016-05-11,19:21:00,8,1,5538
35842,2016-05-11,19:37:00,276,2,7150
35843,2016-05-11,19:39:00,232,1,8216
35844,2016-05-11,19:50:00,156,1,7976
35845,2016-05-11,20:18:00,88,2,3994
35846,2016-05-11,20:20:00,158,1,575
35847,2016-05-11,20:25:00,312,1,1532
35848,2016-05-11,20:29:00,157,1,2146
35849,2016-05-11,20:38:00,181,4,1427
35850,2016-05-11,20:41:00,340,1,8622
35851,2016-05-11,20:43:00,30,2,8685
35852,2016-05-11,20:45:00,247,2,4881
35853,2016-05-11,20:58:00,94,1,7021
35854,2016-05-11,20:58:00,9,2,9636
35855,2016-05-11,21:02:00,375,2,1566
35856,2016-05-11,21:16:00,140,2,11215
35857,2016-05-11,21:17:00,188,4,4050
35858,2016-05-11,21:24:00,167,1,10292
35859,2016-05-11,21:26:00,299,1,2095
35860,2016-05-11,21:28:00,187,2,5767
35861,2016-05-11,21:29:00,242,3,584
35862,2016-05-11,21:30:00,13,2,871
35863,2016-05-11,21:33:00,449,1,592
35864,2016-05-11,21:40:00,296,2,6412
35865,2016-05-11,21:45:00,453,1,4564
35866,2016-05-11,21:46:00,411,4,7343
35867,2016-05-11,21:57:00,420,1,3368
35868,2016-05-11,21:59:00,86,3,1636
35869,2016-05-11,22:03:00,180,5,2630
35870,2016-05-11,22:03:00,234,1,7175
35871,2016-05-11,22:06:00,456,3,11519
35872,2016-05-11,22:11:00,410,1,11359
35873,2016-05-11,22:13:00,295,2,2202
35874,2016-05-11,22:21:00,151,3,2690
35875,2016-05-11,22:22:00,347,4,6736
35876,2016-05-11,22:29:00,419,1,9591
35877,2016-05-11,22:39:00,6,4,9939
35878,2016-05-11,23:00:00,339,3,5203
35879,2016-05-11,23:02:00,54,4,10583
35880,2016-05-11,23:06:00,130,1,8247
35881,2016-05-11,23:06:00,442,1,9468
35882,2016-05-11,23:08:00,254,1,1838
35883,2016-05-11,23:12:00,316,1,7780
35884,2016-05-11,23:16:00,69,1,3007
35885,2016-05-11,23:18:00,138,2,10726
35886,2016-05-11,23:20:00,336,1,3240
35887,2016-05-11,23:21:00,61,1,3702
35888,2016-05-11,23:24:00,51,1,6362
35889,2016-05-11,23:24:00,274,2,4717
35890,2016-05-11,23:27:00,141,2,1222
35891,2016-05-11,23:29:00,145,1,805
35892,2016-05-11,23:35:00,107,1,2675
35893,2016-05-11,23:37:00,79,5,11640
35894,2016-05-11,23:41:00,348,1,3250
35895,2016-05-11,23:44:00,258,2,9515
35896,2016-05-11,23:45:00,53,2,2271
35897,2016-05-11,23:45:00,37,1,4090
35898,2016-05-11,23:54:00,295,1,230
35899,2016-05-12,00:12:00,409,1,5797
35900,2016-05-12,00:18:00,282,1,7520
35901,2016-05-12,00:18:00,91,3,10885
35902,2016-05-12,00:24:00,421,1,11425
35903,2016-05-12,00:28:00,94,1,8245
35904,2016-05-12,00:44:00,251,1,3451
35905,2016-05-12,01:00:00,57,2,1710
35906,2016-05-12,01:12:00,375,1,5471
35907,2016-05-12,01:20:00,240,1,9882
35908,2016-05-12,01:25:00,448,1,2502
35909,2016-05-12,01:32:00,180,3,9869
35910,2016-05-12,01:40:00,383,2,9253
35911,2016-05-12,01:45:00,33,4,1180
35912,2016-05-12,01:49:00,337,2,11699
35913,2016-05-12,01:49:00,33,2,9236
35914,2016-05-12,01:50:00,303,2,4924
35915,2016-05-12,01:54:00,232,2,337
35916,2016-05-12,01:57:00,252,1,2576
35917,2016-05-12,02:07:00,407,4,9130
35918,2016-05-12,02:08:00,298,1,8247
35919,2016-05-12,02:11:00,204,2,9885
35920,2016-05-12,02:24:00,207,3,11061
35921,2016-05-12,02:25:00,403,3,10713
35922,2016-05-12,02:25:00,117,4,7441
35923,2016-05-12,02:29:00,125,2,10481
35924,2016-05-12,02:34:00,291,5,8075
35925,2016-05-12,02:44:00,399,1,10664
35926,2016-05-12,02:55:00,346,3,11657
35927,2016-05-12,02:59:00,311,1,5013
35928,2016-05-12,03:03:00,264,1,6676
35929,2016-05-12,03:04:00,311,1,5834
35930,2016-05-12,03:06:00,392,2,3173
35931,2016-05-12,03:06:00,75,1,3321
35932,2016-05-12,03:15:00,179,1,7461
35933,2016-05-12,03:16:00,229,2,8908
35934,2016-05-12,03:17:00,45,2,1909
35935,2016-05-12,03:18:00,299,4,7431
35936,2016-05-12,03:32:00,17,2,1593
35937,2016-05-12,03:32:00,115,4,1463
35938,2016-05-12,03:33:00,316,2,7350
35939,2016-05-12,03:35:00,453,1,6582
35940,2016-05-12,03:41:00,457,1,4251
35941,2016-05-12,03:51:00,157,3,7123
35942,2016-05-12,03:53:00,194,2,392
35943,2016-05-12,03:55:00,201,1,11006
35944,2016-05-12,03:59:00,254,1,5090
35945,2016-05-12,04:05:00,97,1,8569
35946,2016-05-12,04:08:00,453,2,837
35947,2016-05-12,04:09:00,328,3,3734
35948,2016-05-12,04:15:00,434,4,7587
35949,2016-05-12,04:21:00,45,3,8184
35950,2016-05-12,04:22:00,312,1,6589
35951,2016-05-12,04:24:00,413,1,4854
35952,2016-05-12,04:29:00,133,2,1518
35953,2016-05-12,04:34:00,92,1,4410
35954,2016-05-12,04:35:00,112,2,7491
35955,2016-05-12,04:39:00,144,2,7611
35956,2016-05-12,04:39:00,221,2,7896
35957,2016-05-12,04:45:00,452,2,9228
35958,2016-05-12,04:50:00,142,1,427
35959,2016-05-12,04:52:00,443,1,652
35960,2016-05-12,04:58:00,264,4,4752
35961,2016-05-12,05:00:00,412,4,7610
35962,2016-05-12,05:07:00,434,2,7815
35963,2016-05-12,05:09:00,361,1,6344
35964,2016-05-12,05:24:00,256,3,1717
35965,2016-05-12,05:32:00,289,4,4059
35966,2016-05-12,05:34:00,152,1,4332
35967,2016-05-12,05:38:00,435,2,5923
35968,2016-05-12,05:39:00,174,1,1386
35969,2016-05-12,05:42:00,53,3,1474
35970,2016-05-12,05:52:00,208,3,2678
35971,2016-05-12,05:58:00,147,1,4028
35972,2016-05-12,06:08:00,29,3,6782
35973,2016-05-12,06:08:00,247,1,6627
35974,2016-05-12,06:14:00,240,1,7749
35975,2016-05-12,06:32:00,337,2,8129
35976,2016-05-12,06:40:00,31,1,10084
35977,2016-05-12,06:50:00,324,1,2841
35978,2016-05-12,06:54:00,404,1,3375
35979,2016-05-12,06:54:00,228,2,4389
35980,2016-05-12,07:00:00,353,2,8843
35981,2016-05-12,07:10:00,295,3,9314
35982,2016-05-12,07:13:00,68,1,8503
35983,2016-05-12,07:18:00,319,2,10658
35984,2016-05-12,07:25:00,457,1,8074
35985,2016-05-12,07:29:00,269,3,4410
35986,2016-05-12,07:38:00,87,1,8078
35987,2016-05-12,07:43:00,301,1,11485
35988,2016-05-12,07:49:00,232,2,2130
35989,2016-05-12,07:54:00,3,2,5335
35990,2016-05-12,07:57:00,49,2,7251
35991,2016-05-12,08:06:00,299,1,9176
35992,2016-05-12,08:07:00,281,2,4386
35993,2016-05-12,08:12:00,280,2,9774
35994,2016-05-12,08:17:00,299,1,890
35995,2016-05-12,08:23:00,253,1,6857
35996,2016-05-12,08:34:00,292,2,8227
35997,2016-05-12,08:39:00,294,2,8169
35998,2016-05-12,08:46:00,438,2,3678
35999,2016-05-12,08:48:00,45,2,1931
36000,2016-05-12,08:59:00,356,1,868
36001,2016-05-12,09:02:00,41,2,8062
36002,2016-05-12,09:03:00,124,2,7687
36003,2016-05-12,09:04:00,321,3,10586
36004,2016-05-12,09:04:00,416,3,6298
36005,2016-05-12,09:12:00,399,1,7319
36006,2016-05-12,09:12:00,171,1,7951
36007,2016-05-12,09:24:00,325,2,6395
36008,2016-05-12,09:29:00,154,1,4749
36009,2016-05-12,09:30:00,224,1,9030
36010,2016-05-12,09:31:00,180,3,865
36011,2016-05-12,09:50:00,266,2,4074
36012,2016-05-12,09:53:00,25,2,58
36013,2016-05-12,09:56:00,107,2,3323
36014,2016-05-12,09:56:00,327,1,4301
36015,2016-05-12,09:59:00,318,2,1424
36016,2016-05-12,09:59:00,430,3,9164
36017,2016-05-12,10:05:00,199,1,4601
36018,2016-05-12,10:05:00,105,2,7382
36019,2016-05-12,10:16:00,130,1,9423
36020,2016-05-12,10:20:00,75,2,10524
36021,2016-05-12,10:23:00,178,2,2078
36022,2016-05-12,10:28:00,310,3,7012
36023,2016-05-12,10:34:00,89,2,10762
36024,2016-05-12,10:38:00,333,2,4157
36025,2016-05-12,10:40:00,413,1,6296
36026,2016-05-12,10:40:00,19,1,2922
36027,2016-05-12,10:41:00,344,1,7419
36028,2016-05-12,10:43:00,337,2,7425
36029,2016-05-12,10:48:00,455,1,1251
36030,2016-05-12,10:53:00,296,2,9393
36031,2016-05-12,10:55:00,92,2,4795
36032,2016-05-12,10:56:00,72,2,1520
36033,2016-05-12,11:02:00,73,4,7375
36034,2016-05-12,11:02:00,291,2,4083
36035,2016-05-12,11:03:00,407,2,3386
36036,2016-05-12,11:03:00,52,2,6261
36037,2016-05-12,11:09:00,65,1,5693
36038,2016-05-12,11:25:00,129,1,6641
36039,2016-05-12,11:28:00,452,2,8550
36040,2016-05-12,11:40:00,333,1,513
36041,2016-05-12,11:41:00,301,1,496
36042,2016-05-12,11:56:00,82,1,11953
36043,2016-05-12,11:56:00,16,3,8735
36044,2016-05-12,12:09:00,41,1,9644
36045,2016-05-12,12:12:00,178,2,8155
36046,2016-05-12,12:14:00,447,2,9340
36047,2016-05-12,12:16:00,77,1,8683
36048,2016-05-12,12:20:00,299,3,11457
36049,2016-05-12,12:24:00,55,1,3129
36050,2016-05-12,12:29:00,291,2,10785
36051,2016-05-12,12:41:00,163,1,4256
36052,2016-05-12,13:00:00,53,2,8847
36053,2016-05-12,13:13:00,148,2,1195
36054,2016-05-12,13:20:00,305,1,8154
36055,2016-05-12,13:20:00,447,2,247
36056,2016-05-12,13:40:00,364,1,3657
36057,2016-05-12,13:40:00,319,2,5218
36058,2016-05-12,13:44:00,313,2,7944
36059,2016-05-12,13:46:00,197,4,11590
36060,2016-05-12,14:05:00,305,2,6457
36061,2016-05-12,14:06:00,170,1,10435
36062,2016-05-12,14:08:00,424,1,9780
36063,2016-05-12,14:13:00,43,2,745
36064,2016-05-12,14:28:00,61,1,2793
36065,2016-05-12,14:28:00,120,2,3431
36066,2016-05-12,14:30:00,175,3,5230
36067,2016-05-12,14:30:00,363,2,1794
36068,2016-05-12,14:51:00,213,3,2755
36069,2016-05-12,14:52:00,176,1,9619
36070,2016-05-12,14:55:00,266,2,1471
36071,2016-05-12,15:04:00,128,4,7564
36072,2016-05-12,15:05:00,255,2,5861
36073,2016-05-12,15:10:00,451,1,11652
36074,2016-05-12,15:13:00,219,2,10010
36075,2016-05-12,15:14:00,183,2,10356
36076,2016-05-12,15:17:00,409,1,4983
36077,2016-05-12,15:18:00,280,1,1392
36078,2016-05-12,15:21:00,226,2,4849
36079,2016-05-12,15:26:00,32,2,3134
36080,2016-05-12,15:27:00,154,3,6133
36081,2016-05-12,15:29:00,393,2,10291
36082,2016-05-12,15:34:00,181,5,8903
36083,2016-05-12,15:34:00,138,4,9764
36084,2016-05-12,15:42:00,322,1,10403
36085,2016-05-12,15:52:00,12,2,2968
36086,2016-05-12,15:55:00,279,1,5135
36087,2016-05-12,15:58:00,188,2,6315
36088,2016-05-12,15:58:00,238,2,1399
36089,2016-05-12,15:59:00,110,2,5373
36090,2016-05-12,16:05:00,247,4,2895
36091,2016-05-12,16:13:00,355,3,1453
36092,2016-05-12,16:16:00,430,3,10053
36093,2016-05-12,16:24:00,421,2,3873
36094,2016-05-12,16:24:00,441,1,2719
36095,2016-05-12,16:33:00,104,1,7992
36096,2016-05-12,16:35:00,205,1,2980
36097,2016-05-12,16:36:00,178,1,3108
36098,2016-05-12,16:54:00,75,3,3741
36099,2016-05-12,17:06:00,427,2,1414
36100,2016-05-12,17:12:00,206,4,9357
36101,2016-05-12,17:13:00,168,1,9538
36102,2016-05-12,17:21:00,142,1,3895
36103,2016-05-12,17:24:00,104,3,1149
36104,2016-05-12,17:37:00,148,1,4223
36105,2016-05-12,17:53:00,151,2,8271
36106,2016-05-12,17:55:00,96,1,9824
36107,2016-05-12,17:56:00,426,2,758
36108,2016-05-12,17:57:00,146,1,3023
36109,2016-05-12,18:06:00,267,2,3733
36110,2016-05-12,18:08:00,20,2,2829
36111,2016-05-12,18:14:00,98,2,5364
36112,2016-05-12,18:23:00,140,3,7327
36113,2016-05-12,18:27:00,100,2,1594
36114,2016-05-12,18:37:00,341,2,7603
36115,2016-05-12,18:40:00,183,2,8763
36116,2016-05-12,18:41:00,259,1,8410
36117,2016-05-12,18:43:00,415,3,11241
36118,2016-05-12,18:49:00,414,1,8240
36119,2016-05-12,18:52:00,60,4,6015
36120,2016-05-12,18:57:00,5,2,4544
36121,2016-05-12,19:00:00,274,2,3713
36122,2016-05-12,19:10:00,170,2,11545
36123,2016-05-12,19:17:00,318,2,7292
36124,2016-05-12,19:18:00,64,4,6526
36125,2016-05-12,19:22:00,59,1,3094
36126,2016-05-12,19:25:00,422,3,1438
36127,2016-05-12,19:31:00,375,1,1833
36128,2016-05-12,19:37:00,116,1,6177
36129,2016-05-12,19:39:00,77,1,5729
36130,2016-05-12,19:52:00,439,2,9524
36131,2016-05-12,19:55:00,165,1,2606
36132,2016-05-12,19:56:00,299,1,9584
36133,2016-05-12,19:56:00,155,1,1452
36134,2016-05-12,20:00:00,197,2,8244
36135,2016-05-12,20:07:00,455,1,7627
36136,2016-05-12,20:15:00,107,1,6658
36137,2016-05-12,20:32:00,65,1,3052
36138,2016-05-12,20:33:00,458,3,4775
36139,2016-05-12,20:43:00,250,1,100
36140,2016-05-12,20:43:00,100,1,1627
36141,2016-05-12,20:44:00,302,3,10013
36142,2016-05-12,21:02:00,88,2,4344
36143,2016-05-12,21:04:00,23,2,845
36144,2016-05-12,21:04:00,155,6,9777
36145,2016-05-12,21:06:00,428,1,6012
36146,2016-05-12,21:16:00,340,2,10711
36147,2016-05-12,21:18:00,20,1,9890
36148,2016-05-12,21:48:00,349,1,6505
36149,2016-05-12,21:54:00,328,3,4176
36150,2016-05-12,22:06:00,156,2,7927
36151,2016-05-12,22:06:00,116,3,10983
36152,2016-05-12,22:15:00,177,1,1088
36153,2016-05-12,22:16:00,196,2,9935
36154,2016-05-12,22:18:00,296,3,10432
36155,2016-05-12,22:34:00,183,1,10355
36156,2016-05-12,22:36:00,352,3,2242
36157,2016-05-12,22:36:00,227,2,8216
36158,2016-05-12,22:38:00,187,1,2635
36159,2016-05-12,22:40:00,23,2,4280
36160,2016-05-12,22:40:00,155,3,4770
36161,2016-05-12,22:52:00,69,1,10020
36162,2016-05-12,23:01:00,219,4,11985
36163,2016-05-12,23:07:00,132,2,2981
36164,2016-05-12,23:16:00,29,1,8937
36165,2016-05-12,23:18:00,253,1,3557
36166,2016-05-12,23:39:00,453,5,825
36167,2016-05-12,23:41:00,205,4,7541
36168,2016-05-12,23:46:00,389,2,10871
36169,2016-05-12,23:54:00,144,1,11017
36170,2016-05-12,23:55:00,307,4,8439
36171,2016-05-12,23:57:00,59,3,4343
36172,2016-05-13,00:00:00,6,1,7961
36173,2016-05-13,00:00:00,39,1,10564
36174,2016-05-13,00:10:00,118,2,10519
36175,2016-05-13,00:12:00,268,2,1208
36176,2016-05-13,00:14:00,206,1,6519
36177,2016-05-13,00:21:00,143,2,9523
36178,2016-05-13,00:23:00,324,1,2602
36179,2016-05-13,00:24:00,403,1,7805
36180,2016-05-13,00:25:00,413,1,818
36181,2016-05-13,00:38:00,148,2,8232
36182,2016-05-13,00:40:00,224,2,9570
36183,2016-05-13,00:40:00,271,3,1788
36184,2016-05-13,00:43:00,252,1,10295
36185,2016-05-13,00:45:00,64,3,1803
36186,2016-05-13,00:49:00,275,1,4491
36187,2016-05-13,00:49:00,418,3,1407
36188,2016-05-13,00:51:00,444,1,2368
36189,2016-05-13,01:04:00,281,1,6155
36190,2016-05-13,01:04:00,430,2,4658
36191,2016-05-13,01:06:00,314,3,3182
36192,2016-05-13,01:07:00,62,2,7063
36193,2016-05-13,01:08:00,313,2,2873
36194,2016-05-13,01:11:00,304,1,3212
36195,2016-05-13,01:14:00,218,1,10556
36196,2016-05-13,01:17:00,133,4,9825
36197,2016-05-13,01:19:00,294,3,7407
36198,2016-05-13,01:25:00,15,1,8006
36199,2016-05-13,01:28:00,151,4,8841
36200,2016-05-13,01:35:00,75,2,9730
36201,2016-05-13,01:36:00,41,1,11132
36202,2016-05-13,01:36:00,270,2,5225
36203,2016-05-13,01:41:00,189,4,8106
36204,2016-05-13,01:50:00,25,2,2233
36205,2016-05-13,01:53:00,92,2,6565
36206,2016-05-13,01:56:00,36,1,1038
36207,2016-05-13,01:58:00,111,2,4697
36208,2016-05-13,02:15:00,209,2,239
36209,2016-05-13,02:23:00,445,3,2178
36210,2016-05-13,02:26:00,457,2,2586
36211,2016-05-13,02:29:00,265,2,11759
36212,2016-05-13,02:29:00,46,2,7840
36213,2016-05-13,02:34:00,46,1,3203
36214,2016-05-13,02:39:00,222,3,10216
36215,2016-05-13,02:54:00,75,3,4854
36216,2016-05-13,03:04:00,28,3,2969
36217,2016-05-13,03:04:00,190,1,785
36218,2016-05-13,03:15:00,133,2,4877
36219,2016-05-13,03:24:00,32,1,5057
36220,2016-05-13,03:26:00,6,1,3571
36221,2016-05-13,03:26:00,310,1,4519
36222,2016-05-13,03:27:00,170,3,11608
36223,2016-05-13,03:30:00,348,2,1562
36224,2016-05-13,03:35:00,117,2,11743
36225,2016-05-13,03:39:00,385,1,3390
36226,2016-05-13,03:39:00,264,3,5404
36227,2016-05-13,03:45:00,38,4,1676
36228,2016-05-13,03:54:00,322,3,2827
36229,2016-05-13,04:01:00,216,2,11690
36230,2016-05-13,04:02:00,155,2,11381
36231,2016-05-13,04:03:00,432,1,11382
36232,2016-05-13,04:04:00,199,1,6268
36233,2016-05-13,04:10:00,361,5,1875
36234,2016-05-13,04:19:00,363,2,3910
36235,2016-05-13,04:25:00,50,3,4027
36236,2016-05-13,04:25:00,285,2,498
36237,2016-05-13,04:37:00,341,2,11696
36238,2016-05-13,04:41:00,64,2,1881
36239,2016-05-13,04:42:00,15,2,6934
36240,2016-05-13,04:47:00,236,2,6154
36241,2016-05-13,04:48:00,359,2,5262
36242,2016-05-13,04:59:00,108,1,2217
36243,2016-05-13,05:00:00,62,3,9312
36244,2016-05-13,05:05:00,144,1,5469
36245,2016-05-13,05:10:00,96,3,6049
36246,2016-05-13,05:19:00,266,4,10829
36247,2016-05-13,05:46:00,112,1,8092
36248,2016-05-13,05:48:00,8,2,7984
36249,2016-05-13,05:50:00,423,1,10313
36250,2016-05-13,05:50:00,406,4,8076
36251,2016-05-13,05:58:00,249,1,1575
36252,2016-05-13,06:04:00,363,3,7963
36253,2016-05-13,06:19:00,405,1,11260
36254,2016-05-13,06:19:00,241,2,6525
36255,2016-05-13,06:20:00,256,4,1562
36256,2016-05-13,06:36:00,34,2,551
36257,2016-05-13,06:37:00,396,3,1271
36258,2016-05-13,06:39:00,91,1,4045
36259,2016-05-13,06:40:00,165,2,2094
36260,2016-05-13,06:43:00,313,2,9072
36261,2016-05-13,06:47:00,59,1,11380
36262,2016-05-13,06:50:00,244,3,7101
36263,2016-05-13,06:51:00,5,2,4161
36264,2016-05-13,07:01:00,326,3,7984
36265,2016-05-13,07:03:00,249,1,6261
36266,2016-05-13,07:14:00,345,1,1996
36267,2016-05-13,07:15:00,145,2,4091
36268,2016-05-13,07:24:00,430,1,7253
36269,2016-05-13,07:28:00,168,1,11637
36270,2016-05-13,07:29:00,415,4,9229
36271,2016-05-13,07:34:00,323,3,5136
36272,2016-05-13,07:48:00,406,1,9760
36273,2016-05-13,07:50:00,123,2,407
36274,2016-05-13,07:53:00,231,1,10741
36275,2016-05-13,08:02:00,18,1,6668
36276,2016-05-13,08:08:00,425,2,1319
36277,2016-05-13,08:12:00,238,2,8912
36278,2016-05-13,08:17:00,369,2,9970
36279,2016-05-13,08:18:00,167,1,7948
36280,2016-05-13,08:25:00,299,2,11361
36281,2016-05-13,08:29:00,79,2,5270
36282,2016-05-13,08:36:00,73,3,6792
36283,2016-05-13,08:43:00,24,2,8943
36284,2016-05-13,08:46:00,429,3,3684
36285,2016-05-13,08:46:00,416,3,7150
36286,2016-05-13,08:56:00,81,1,2719
36287,2016-05-13,08:56:00,16,4,1337
36288,2016-05-13,09:02:00,164,2,8598
36289,2016-05-13,09:14:00,28,4,4905
36290,2016-05-13,09:14:00,308,3,9223
36291,2016-05-13,09:15:00,219,1,10132
36292,2016-05-13,09:18:00,164,1,4885
36293,2016-05-13,09:19:00,36,5,7848
36294,2016-05-13,09:23:00,69,2,2777
36295,2016-05-13,09:52:00,375,2,5491
36296,2016-05-13,09:54:00,421,1,83
36297,2016-05-13,09:58:00,232,3,6364
36298,2016-05-13,10:00:00,97,2,4841
36299,2016-05-13,10:24:00,337,4,11989
36300,2016-05-13,10:32:00,440,2,6963
36301,2016-05-13,10:35:00,372,1,11917
36302,2016-05-13,10:44:00,312,2,5881
36303,2016-05-13,10:55:00,409,1,7983
36304,2016-05-13,10:56:00,452,1,6427
36305,2016-05-13,11:05:00,138,4,9292
36306,2016-05-13,11:07:00,230,2,3231
36307,2016-05-13,11:20:00,215,4,1785
36308,2016-05-13,11:21:00,407,3,4657
36309,2016-05-13,11:26:00,247,2,10993
36310,2016-05-13,11:26:00,159,3,7682
36311,2016-05-13,11:32:00,449,1,9183
36312,2016-05-13,11:39:00,160,2,5370
36313,2016-05-13,11:39:00,406,2,11395
36314,2016-05-13,11:40:00,316,3,8354
36315,2016-05-13,11:42:00,10,2,4426
36316,2016-05-13,11:58:00,377,2,3237
36317,2016-05-13,12:09:00,20,3,4327
36318,2016-05-13,12:20:00,159,2,6544
36319,2016-05-13,12:23:00,177,2,11782
36320,2016-05-13,12:25:00,244,2,4801
36321,2016-05-13,12:29:00,446,2,9838
36322,2016-05-13,12:42:00,218,1,869
36323,2016-05-13,12:43:00,453,3,2161
36324,2016-05-13,12:43:00,89,2,3757
36325,2016-05-13,12:45:00,202,1,5847
36326,2016-05-13,12:47:00,305,1,5457
36327,2016-05-13,12:48:00,68,1,9253
36328,2016-05-13,12:50:00,153,4,11078
36329,2016-05-13,12:58:00,302,4,3672
36330,2016-05-13,13:05:00,154,2,9174
36331,2016-05-13,13:06:00,206,3,10825
36332,2016-05-13,13:08:00,210,1,11265
36333,2016-05-13,13:17:00,174,1,7785
36334,2016-05-13,13:19:00,181,1,5982
36335,2016-05-13,13:21:00,415,4,11630
36336,2016-05-13,13:25:00,37,1,6544
36337,2016-05-13,13:35:00,367,1,967
36338,2016-05-13,13:36:00,440,2,9606
36339,2016-05-13,13:47:00,263,1,5184
36340,2016-05-13,13:52:00,276,2,6934
36341,2016-05-13,13:54:00,92,2,1772
36342,2016-05-13,13:55:00,3,2,8696
36343,2016-05-13,13:57:00,312,2,8455
36344,2016-05-13,13:58:00,422,1,1121
36345,2016-05-13,14:04:00,72,3,11393
36346,2016-05-13,14:08:00,144,2,8080
36347,2016-05-13,14:21:00,426,2,2003
36348,2016-05-13,14:23:00,148,1,9261
36349,2016-05-13,14:23:00,371,1,11751
36350,2016-05-13,14:29:00,260,1,8451
36351,2016-05-13,14:39:00,398,2,10302
36352,2016-05-13,14:52:00,73,1,3671
36353,2016-05-13,14:52:00,114,2,7853
36354,2016-05-13,15:04:00,308,2,8894
36355,2016-05-13,15:05:00,123,1,3875
36356,2016-05-13,15:05:00,362,1,4434
36357,2016-05-13,15:08:00,410,3,8997
36358,2016-05-13,15:11:00,343,1,1848
36359,2016-05-13,15:14:00,425,2,7668
36360,2016-05-13,15:22:00,179,2,814
36361,2016-05-13,15:26:00,286,1,1490
36362,2016-05-13,15:29:00,209,2,6658
36363,2016-05-13,15:31:00,309,1,9825
36364,2016-05-13,15:39:00,302,1,3135
36365,2016-05-13,15:39:00,166,3,302
36366,2016-05-13,15:54:00,257,1,1726
36367,2016-05-13,15:57:00,362,3,411
36368,2016-05-13,15:58:00,246,5,10328
36369,2016-05-13,16:00:00,325,4,1950
36370,2016-05-13,16:00:00,221,2,7563
36371,2016-05-13,16:14:00,439,3,4685
36372,2016-05-13,16:25:00,194,1,7890
36373,2016-05-13,16:26:00,271,2,3417
36374,2016-05-13,16:26:00,415,2,1808
36375,2016-05-13,16:26:00,338,2,3544
36376,2016-05-13,16:27:00,427,1,9482
36377,2016-05-13,16:35:00,154,7,11588
36378,2016-05-13,16:37:00,420,2,5708
36379,2016-05-13,16:42:00,268,3,5036
36380,2016-05-13,16:51:00,367,1,9997
36381,2016-05-13,17:12:00,267,2,4349
36382,2016-05-13,17:12:00,34,1,3364
36383,2016-05-13,17:15:00,51,1,4330
36384,2016-05-13,17:25:00,456,4,8531
36385,2016-05-13,17:27:00,199,1,3826
36386,2016-05-13,17:34:00,351,3,3050
36387,2016-05-13,17:34:00,456,2,2804
36388,2016-05-13,17:34:00,148,2,11321
36389,2016-05-13,17:36:00,396,2,7031
36390,2016-05-13,17:41:00,441,4,7156
36391,2016-05-13,17:42:00,362,2,6891
36392,2016-05-13,17:48:00,7,2,8088
36393,2016-05-13,17:57:00,26,2,9602
36394,2016-05-13,18:05:00,24,3,2012
36395,2016-05-13,18:07:00,277,2,9999
36396,2016-05-13,18:10:00,155,4,2175
36397,2016-05-13,18:35:00,443,1,7932
36398,2016-05-13,18:39:00,351,1,11634
36399,2016-05-13,18:43:00,209,2,7576
36400,2016-05-13,18:45:00,307,2,4131
36401,2016-05-13,19:00:00,64,1,9334
36402,2016-05-13,19:00:00,277,3,5567
36403,2016-05-13,19:00:00,292,1,280
36404,2016-05-13,19:00:00,357,2,5877
36405,2016-05-13,19:04:00,131,1,6508
36406,2016-05-13,19:21:00,5,3,4964
36407,2016-05-13,19:22:00,20,5,5095
36408,2016-05-13,19:23:00,281,2,5229
36409,2016-05-13,19:24:00,45,2,11006
36410,2016-05-13,19:26:00,202,2,10851
36411,2016-05-13,19:27:00,68,3,3983
36412,2016-05-13,19:30:00,365,3,2331
36413,2016-05-13,19:40:00,154,1,3221
36414,2016-05-13,19:43:00,315,1,5493
36415,2016-05-13,19:47:00,410,1,1516
36416,2016-05-13,19:49:00,98,2,629
36417,2016-05-13,19:54:00,113,1,4163
36418,2016-05-13,19:55:00,355,1,10531
36419,2016-05-13,19:55:00,271,1,660
36420,2016-05-13,20:01:00,251,2,1755
36421,2016-05-13,20:03:00,156,4,3837
36422,2016-05-13,20:10:00,232,3,5556
36423,2016-05-13,20:14:00,387,1,6424
36424,2016-05-13,20:16:00,207,2,5947
36425,2016-05-13,20:37:00,134,2,5499
36426,2016-05-13,20:45:00,66,2,402
36427,2016-05-13,20:50:00,88,2,10692
36428,2016-05-13,20:52:00,46,2,4828
36429,2016-05-13,21:01:00,132,2,9177
36430,2016-05-13,21:01:00,188,1,3480
36431,2016-05-13,21:03:00,117,3,4464
36432,2016-05-13,21:07:00,40,3,1620
36433,2016-05-13,21:09:00,363,3,1201
36434,2016-05-13,21:12:00,137,1,8282
36435,2016-05-13,21:18:00,280,2,9836
36436,2016-05-13,21:18:00,359,2,3012
36437,2016-05-13,21:34:00,172,4,4310
36438,2016-05-13,21:37:00,50,2,7895
36439,2016-05-13,21:39:00,244,2,8073
36440,2016-05-13,21:45:00,282,3,4080
36441,2016-05-13,21:46:00,404,1,8836
36442,2016-05-13,21:47:00,107,2,283
36443,2016-05-13,22:00:00,83,1,8827
36444,2016-05-13,22:11:00,451,3,3406
36445,2016-05-13,22:11:00,339,3,7279
36446,2016-05-13,22:18:00,301,3,11210
36447,2016-05-13,22:28:00,242,3,9089
36448,2016-05-13,22:28:00,129,1,2574
36449,2016-05-13,22:29:00,177,2,2913
36450,2016-05-13,23:00:00,305,3,5729
36451,2016-05-13,23:01:00,430,2,10016
36452,2016-05-13,23:09:00,405,1,9869
36453,2016-05-13,23:14:00,325,3,6702
36454,2016-05-13,23:16:00,265,3,5699
36455,2016-05-13,23:18:00,413,1,4488
36456,2016-05-13,23:24:00,399,1,4598
36457,2016-05-13,23:29:00,322,3,5273
36458,2016-05-13,23:33:00,412,3,5957
36459,2016-05-13,23:33:00,101,1,5301
36460,2016-05-13,23:38:00,399,3,8662
36461,2016-05-13,23:44:00,157,1,11904
36462,2016-05-13,23:48:00,58,2,1933
36463,2016-05-13,23:48:00,358,3,6475
36464,2016-05-13,23:52:00,258,4,9922
36465,2016-05-13,23:54:00,367,2,2829
36466,2016-05-13,23:56:00,80,2,7779
36467,2016-05-14,00:01:00,417,1,2763
36468,2016-05-14,00:02:00,391,1,9701
36469,2016-05-14,00:03:00,182,3,5344
36470,2016-05-14,00:04:00,241,4,2246
36471,2016-05-14,00:16:00,447,2,11836
36472,2016-05-14,00:30:00,394,1,2305
36473,2016-05-14,00:39:00,407,2,5832
36474,2016-05-14,00:42:00,201,3,7359
36475,2016-05-14,00:49:00,100,2,1599
36476,2016-05-14,00:51:00,187,1,11803
36477,2016-05-14,00:54:00,16,1,11655
36478,2016-05-14,01:08:00,393,1,9148
36479,2016-05-14,01:09:00,370,1,2923
36480,2016-05-14,01:09:00,235,2,3484
36481,2016-05-14,01:13:00,309,2,6940
36482,2016-05-14,01:16:00,275,5,6201
36483,2016-05-14,01:20:00,227,3,1484
36484,2016-05-14,01:21:00,326,2,4386
36485,2016-05-14,01:30:00,293,1,7881
36486,2016-05-14,01:40:00,41,1,11038
36487,2016-05-14,01:44:00,353,4,2335
36488,2016-05-14,01:46:00,314,1,11743
36489,2016-05-14,01:50:00,237,1,1867
36490,2016-05-14,01:55:00,318,1,11793
36491,2016-05-14,02:20:00,14,2,2202
36492,2016-05-14,02:20:00,190,2,10973
36493,2016-05-14,02:24:00,455,2,11520
36494,2016-05-14,02:31:00,265,2,3903
36495,2016-05-14,02:36:00,15,2,1945
36496,2016-05-14,02:36:00,58,3,3744
36497,2016-05-14,02:37:00,316,2,6981
36498,2016-05-14,02:39:00,48,2,7335
36499,2016-05-14,02:46:00,152,2,680
36500,2016-05-14,02:52:00,387,1,1882
36501,2016-05-14,02:56:00,257,2,9910
36502,2016-05-14,02:59:00,215,4,3663
36503,2016-05-14,03:09:00,241,1,8973
36504,2016-05-14,03:14:00,205,2,10327
36505,2016-05-14,03:15:00,337,1,5177
36506,2016-05-14,03:22:00,296,3,1154
36507,2016-05-14,03:25:00,403,1,11764
36508,2016-05-14,03:31:00,93,1,11674
36509,2016-05-14,03:32:00,166,3,10778
36510,2016-05-14,03:37:00,11,3,7312
36511,2016-05-14,03:53:00,191,3,9577
36512,2016-05-14,03:53:00,361,1,6209
36513,2016-05-14,04:12:00,119,2,3567
36514,2016-05-14,04:14:00,386,1,4825
36515,2016-05-14,04:20:00,117,1,5130
36516,2016-05-14,04:21:00,53,2,7615
36517,2016-05-14,04:21:00,189,1,4179
36518,2016-05-14,04:22:00,324,1,3184
36519,2016-05-14,04:29:00,143,2,7205
36520,2016-05-14,04:36:00,140,1,5754
36521,2016-05-14,04:48:00,321,2,5595
36522,2016-05-14,04:48:00,107,1,2756
36523,2016-05-14,04:53:00,158,2,698
36524,2016-05-14,04:58:00,198,2,2606
36525,2016-05-14,04:59:00,296,1,11803
36526,2016-05-14,05:04:00,353,2,9520
36527,2016-05-14,05:34:00,116,1,9449
36528,2016-05-14,05:46:00,393,2,7720
36529,2016-05-14,05:47:00,99,3,8438
36530,2016-05-14,05:50:00,369,2,2952
36531,2016-05-14,05:57:00,234,2,5669
36532,2016-05-14,06:10:00,296,4,5790
36533,2016-05-14,06:11:00,383,1,11294
36534,2016-05-14,06:31:00,423,2,4996
36535,2016-05-14,06:32:00,183,2,6531
36536,2016-05-14,06:37:00,17,3,175
36537,2016-05-14,06:52:00,126,3,1064
36538,2016-05-14,06:59:00,76,1,10978
36539,2016-05-14,07:05:00,193,2,2630
36540,2016-05-14,07:06:00,225,3,7206
36541,2016-05-14,07:07:00,221,2,10511
36542,2016-05-14,07:17:00,369,3,9769
36543,2016-05-14,07:18:00,166,2,10023
36544,2016-05-14,07:51:00,99,2,5784
36545,2016-05-14,07:55:00,447,1,4336
36546,2016-05-14,07:58:00,241,2,3088
36547,2016-05-14,08:04:00,371,3,2992
36548,2016-05-14,08:08:00,112,1,8463
36549,2016-05-14,08:13:00,442,2,6785
36550,2016-05-14,08:14:00,141,2,7221
36551,2016-05-14,08:16:00,390,1,1888
36552,2016-05-14,08:26:00,316,1,455
36553,2016-05-14,08:27:00,260,1,10428
36554,2016-05-14,08:28:00,309,2,6379
36555,2016-05-14,08:28:00,53,3,3387
36556,2016-05-14,08:30:00,387,1,6776
36557,2016-05-14,08:35:00,115,3,5237
36558,2016-05-14,08:37:00,325,1,11779
36559,2016-05-14,08:41:00,305,2,5717
36560,2016-05-14,08:50:00,411,4,11884
36561,2016-05-14,08:50:00,415,2,7469
36562,2016-05-14,09:01:00,300,2,7115
36563,2016-05-14,09:01:00,40,1,6901
36564,2016-05-14,09:15:00,358,2,4696
36565,2016-05-14,09:27:00,239,3,7933
36566,2016-05-14,09:40:00,20,1,7470
36567,2016-05-14,09:48:00,112,3,293
36568,2016-05-14,09:49:00,39,1,8645
36569,2016-05-14,09:52:00,425,2,9088
36570,2016-05-14,09:53:00,280,1,5241
36571,2016-05-14,10:05:00,395,4,6797
36572,2016-05-14,10:14:00,60,1,1521
36573,2016-05-14,10:15:00,194,2,7479
36574,2016-05-14,10:33:00,128,2,4101
36575,2016-05-14,10:37:00,379,4,6781
36576,2016-05-14,10:42:00,202,3,10045
36577,2016-05-14,11:15:00,420,1,4036
36578,2016-05-14,11:16:00,214,1,7899
36579,2016-05-14,11:19:00,321,5,4555
36580,2016-05-14,11:38:00,233,2,11306
36581,2016-05-14,11:58:00,1,1,11789
36582,2016-05-14,12:10:00,31,3,8696
36583,2016-05-14,12:16:00,46,2,10414
36584,2016-05-14,12:20:00,189,3,4672
36585,2016-05-14,12:26:00,415,2,427
36586,2016-05-14,12:27:00,309,3,9658
36587,2016-05-14,12:44:00,147,1,8548
36588,2016-05-14,12:54:00,66,3,2185
36589,2016-05-14,13:00:00,215,4,6880
36590,2016-05-14,13:02:00,156,2,7297
36591,2016-05-14,13:12:00,6,1,6911
36592,2016-05-14,13:20:00,345,1,8763
36593,2016-05-14,13:27:00,21,1,8658
36594,2016-05-14,13:32:00,131,2,10693
36595,2016-05-14,13:35:00,44,3,8108
36596,2016-05-14,13:39:00,143,3,7689
36597,2016-05-14,13:41:00,203,3,11106
36598,2016-05-14,13:41:00,8,3,3822
36599,2016-05-14,14:05:00,189,1,7522
36600,2016-05-14,14:06:00,128,3,9634
36601,2016-05-14,14:11:00,277,1,10629
36602,2016-05-14,14:21:00,213,2,8261
36603,2016-05-14,14:21:00,209,3,3059
36604,2016-05-14,14:23:00,11,1,1228
36605,2016-05-14,14:27:00,12,3,10536
36606,2016-05-14,14:29:00,10,1,10095
36607,2016-05-14,14:34:00,134,1,707
36608,2016-05-14,14:34:00,432,2,4659
36609,2016-05-14,14:44:00,312,2,9777
36610,2016-05-14,14:46:00,220,1,3082
36611,2016-05-14,14:51:00,346,3,2483
36612,2016-05-14,14:53:00,84,3,11046
36613,2016-05-14,14:56:00,161,2,8932
36614,2016-05-14,14:57:00,290,1,6263
36615,2016-05-14,15:00:00,71,2,2854
36616,2016-05-14,15:04:00,60,4,10222
36617,2016-05-14,15:13:00,322,1,2103
36618,2016-05-14,15:23:00,370,1,4182
36619,2016-05-14,15:44:00,391,1,716
36620,2016-05-14,15:59:00,208,3,10392
36621,2016-05-14,16:05:00,337,4,1839
36622,2016-05-14,16:08:00,27,1,8678
36623,2016-05-14,16:17:00,9,1,2421
36624,2016-05-14,16:17:00,374,2,5585
36625,2016-05-14,16:34:00,107,1,9172
36626,2016-05-14,16:37:00,209,4,816
36627,2016-05-14,16:44:00,323,3,3752
36628,2016-05-14,16:50:00,191,1,4838
36629,2016-05-14,16:56:00,12,3,5546
36630,2016-05-14,16:59:00,168,1,2142
36631,2016-05-14,17:06:00,86,1,8430
36632,2016-05-14,17:24:00,85,1,2758
36633,2016-05-14,17:29:00,84,2,412
36634,2016-05-14,17:47:00,372,2,7015
36635,2016-05-14,17:49:00,146,2,1681
36636,2016-05-14,17:49:00,240,1,11538
36637,2016-05-14,17:55:00,439,3,4313
36638,2016-05-14,18:14:00,347,2,1846
36639,2016-05-14,18:17:00,430,2,7319
36640,2016-05-14,18:21:00,184,2,11760
36641,2016-05-14,18:43:00,434,1,11270
36642,2016-05-14,18:56:00,54,2,10870
36643,2016-05-14,19:00:00,222,2,4849
36644,2016-05-14,19:01:00,2,1,2360
36645,2016-05-14,19:01:00,36,2,6947
36646,2016-05-14,19:05:00,254,3,11748
36647,2016-05-14,19:08:00,187,1,6934
36648,2016-05-14,19:18:00,455,3,5189
36649,2016-05-14,19:23:00,90,3,4976
36650,2016-05-14,19:23:00,257,4,11400
36651,2016-05-14,19:23:00,301,1,1328
36652,2016-05-14,19:29:00,95,2,10517
36653,2016-05-14,19:31:00,62,2,2213
36654,2016-05-14,19:33:00,313,1,9303
36655,2016-05-14,19:35:00,36,2,5267
36656,2016-05-14,19:40:00,434,1,6041
36657,2016-05-14,19:42:00,444,2,1972
36658,2016-05-14,19:48:00,369,2,71
36659,2016-05-14,19:49:00,353,1,1206
36660,2016-05-14,19:51:00,180,2,1488
36661,2016-05-14,19:58:00,390,2,7214
36662,2016-05-14,20:01:00,183,2,7240
36663,2016-05-14,20:07:00,146,3,5888
36664,2016-05-14,20:09:00,430,1,7648
36665,2016-05-14,20:16:00,412,3,10967
36666,2016-05-14,20:18:00,53,2,232
36667,2016-05-14,20:19:00,332,1,2848
36668,2016-05-14,20:19:00,421,1,1986
36669,2016-05-14,20:24:00,213,2,3409
36670,2016-05-14,20:26:00,274,2,2175
36671,2016-05-14,20:27:00,368,2,1851
36672,2016-05-14,20:32:00,261,1,761
36673,2016-05-14,20:33:00,240,1,3577
36674,2016-05-14,20:55:00,247,1,9441
36675,2016-05-14,20:56:00,209,3,5125
36676,2016-05-14,20:58:00,175,1,2627
36677,2016-05-14,21:03:00,24,2,821
36678,2016-05-14,21:05:00,6,1,9836
36679,2016-05-14,21:17:00,9,2,7250
36680,2016-05-14,21:27:00,325,1,11783
36681,2016-05-14,21:28:00,237,1,2460
36682,2016-05-14,21:41:00,342,4,2496
36683,2016-05-14,21:55:00,439,2,2289
36684,2016-05-14,22:01:00,422,2,7159
36685,2016-05-14,22:04:00,407,2,7256
36686,2016-05-14,22:07:00,377,1,11106
36687,2016-05-14,22:15:00,350,3,8288
36688,2016-05-14,22:16:00,445,3,6321
36689,2016-05-14,22:26:00,218,1,3538
36690,2016-05-14,22:29:00,396,2,10226
36691,2016-05-14,22:30:00,354,1,6129
36692,2016-05-14,22:41:00,114,2,11932
36693,2016-05-14,22:43:00,436,2,8997
36694,2016-05-14,22:54:00,297,1,2163
36695,2016-05-14,22:54:00,179,1,11395
36696,2016-05-14,22:55:00,18,1,6679
36697,2016-05-14,23:09:00,300,1,7193
36698,2016-05-14,23:51:00,320,1,8849
36699,2016-05-14,23:52:00,188,3,9195
36700,2016-05-14,23:54:00,136,1,9940
36701,2016-05-14,23:55:00,127,1,10167
36702,2016-05-15,00:03:00,228,2,9428
36703,2016-05-15,00:10:00,134,2,8949
36704,2016-05-15,00:12:00,210,2,454
36705,2016-05-15,00:16:00,262,3,3977
36706,2016-05-15,00:20:00,163,2,6602
36707,2016-05-15,00:20:00,323,3,10940
36708,2016-05-15,00:31:00,282,6,7879
36709,2016-05-15,00:45:00,344,3,6391
36710,2016-05-15,00:54:00,317,2,6989
36711,2016-05-15,01:00:00,380,2,11643
36712,2016-05-15,01:02:00,166,1,1869
36713,2016-05-15,01:07:00,204,2,1246
36714,2016-05-15,01:10:00,291,2,3165
36715,2016-05-15,01:14:00,167,1,6616
36716,2016-05-15,01:18:00,58,2,3140
36717,2016-05-15,01:19:00,384,5,8613
36718,2016-05-15,01:19:00,120,2,1297
36719,2016-05-15,01:19:00,200,1,3674
36720,2016-05-15,01:34:00,381,2,6480
36721,2016-05-15,01:37:00,90,3,10874
36722,2016-05-15,01:43:00,388,2,5751
36723,2016-05-15,01:48:00,47,2,1718
36724,2016-05-15,01:52:00,64,1,1405
36725,2016-05-15,02:03:00,118,1,9982
36726,2016-05-15,02:08:00,392,1,1094
36727,2016-05-15,02:14:00,455,3,2254
36728,2016-05-15,02:22:00,141,2,6911
36729,2016-05-15,02:34:00,96,1,2551
36730,2016-05-15,02:45:00,387,1,8268
36731,2016-05-15,02:52:00,208,4,6066
36732,2016-05-15,02:55:00,39,4,11977
36733,2016-05-15,03:09:00,300,1,8083
36734,2016-05-15,03:21:00,46,2,7820
36735,2016-05-15,03:37:00,281,2,6591
36736,2016-05-15,03:38:00,77,2,10022
36737,2016-05-15,03:42:00,42,1,10174
36738,2016-05-15,03:53:00,318,2,10773
36739,2016-05-15,03:55:00,370,4,35
36740,2016-05-15,03:55:00,452,1,47
36741,2016-05-15,04:00:00,171,2,5726
36742,2016-05-15,04:09:00,127,1,4448
36743,2016-05-15,04:11:00,90,1,353
36744,2016-05-15,04:21:00,101,3,807
36745,2016-05-15,04:26:00,356,1,11772
36746,2016-05-15,04:49:00,305,1,2153
36747,2016-05-15,04:58:00,293,3,10084
36748,2016-05-15,05:02:00,85,3,10858
36749,2016-05-15,05:07:00,72,2,1336
36750,2016-05-15,05:12:00,165,1,1187
36751,2016-05-15,05:18:00,85,2,6873
36752,2016-05-15,05:21:00,145,3,5551
36753,2016-05-15,05:23:00,210,3,1611
36754,2016-05-15,05:27:00,315,2,1671
36755,2016-05-15,05:45:00,208,4,8654
36756,2016-05-15,05:45:00,88,1,4196
36757,2016-05-15,05:47:00,66,4,7530
36758,2016-05-15,05:52:00,134,3,7760
36759,2016-05-15,05:54:00,417,1,4941
36760,2016-05-15,05:55:00,136,2,220
36761,2016-05-15,05:55:00,432,2,7189
36762,2016-05-15,05:56:00,108,3,9252
36763,2016-05-15,05:57:00,253,4,5686
36764,2016-05-15,06:10:00,8,2,7573
36765,2016-05-15,06:14:00,353,2,4204
36766,2016-05-15,06:15:00,206,2,6816
36767,2016-05-15,06:30:00,92,1,1643
36768,2016-05-15,06:37:00,180,2,5927
36769,2016-05-15,06:43:00,451,2,10928
36770,2016-05-15,06:47:00,74,3,2267
36771,2016-05-15,06:49:00,395,2,7203
36772,2016-05-15,06:50:00,303,3,8207
36773,2016-05-15,07:08:00,341,3,2873
36774,2016-05-15,07:18:00,387,1,1140
36775,2016-05-15,07:30:00,188,1,476
36776,2016-05-15,07:32:00,77,1,3395
36777,2016-05-15,07:34:00,254,2,5580
36778,2016-05-15,07:40:00,40,2,9971
36779,2016-05-15,07:44:00,189,1,920
36780,2016-05-15,07:50:00,138,2,7543
36781,2016-05-15,08:09:00,119,3,8361
36782,2016-05-15,08:12:00,168,2,1017
36783,2016-05-15,08:15:00,44,4,4040
36784,2016-05-15,08:18:00,101,2,11838
36785,2016-05-15,08:20:00,249,1,894
36786,2016-05-15,08:22:00,47,4,11956
36787,2016-05-15,08:25:00,242,2,8196
36788,2016-05-15,08:28:00,243,2,1783
36789,2016-05-15,08:29:00,358,2,3991
36790,2016-05-15,08:41:00,91,4,11785
36791,2016-05-15,08:41:00,307,2,11101
36792,2016-05-15,08:54:00,17,1,942
36793,2016-05-15,08:55:00,252,1,10072
36794,2016-05-15,09:01:00,275,2,11016
36795,2016-05-15,09:02:00,236,3,9304
36796,2016-05-15,09:14:00,300,2,2707
36797,2016-05-15,09:16:00,178,2,9175
36798,2016-05-15,09:23:00,14,1,1223
36799,2016-05-15,09:24:00,398,4,5785
36800,2016-05-15,09:33:00,362,1,610
36801,2016-05-15,09:45:00,132,1,4909
36802,2016-05-15,09:50:00,298,3,5155
36803,2016-05-15,09:53:00,197,1,2792
36804,2016-05-15,09:54:00,397,2,3685
36805,2016-05-15,09:57:00,145,2,810
36806,2016-05-15,10:05:00,21,3,1311
36807,2016-05-15,10:14:00,329,4,4254
36808,2016-05-15,10:25:00,7,1,10513
36809,2016-05-15,10:26:00,448,3,11685
36810,2016-05-15,10:45:00,145,1,7981
36811,2016-05-15,10:45:00,103,1,9045
36812,2016-05-15,10:49:00,441,2,10588
36813,2016-05-15,11:01:00,443,1,11091
36814,2016-05-15,11:02:00,40,1,9893
36815,2016-05-15,11:07:00,212,3,11393
36816,2016-05-15,11:09:00,57,1,2352
36817,2016-05-15,11:11:00,431,2,5479
36818,2016-05-15,11:11:00,208,2,8394
36819,2016-05-15,11:15:00,301,1,10972
36820,2016-05-15,11:18:00,385,2,2952
36821,2016-05-15,11:25:00,367,4,8180
36822,2016-05-15,11:26:00,113,1,4405
36823,2016-05-15,11:32:00,438,2,1764
36824,2016-05-15,11:39:00,403,1,3503
36825,2016-05-15,11:46:00,162,1,8038
36826,2016-05-15,11:53:00,366,1,8303
36827,2016-05-15,12:05:00,412,2,10112
36828,2016-05-15,12:24:00,104,2,9092
36829,2016-05-15,12:34:00,414,1,9973
36830,2016-05-15,12:40:00,405,2,10616
36831,2016-05-15,12:45:00,314,2,7425
36832,2016-05-15,12:49:00,346,1,7592
36833,2016-05-15,12:54:00,250,2,4578
36834,2016-05-15,13:01:00,307,1,3665
36835,2016-05-15,13:05:00,346,2,5636
36836,2016-05-15,13:06:00,73,3,9573
36837,2016-05-15,13:13:00,276,2,9404
36838,2016-05-15,13:15:00,248,4,827
36839,2016-05-15,13:17:00,49,1,11749
36840,2016-05-15,13:22:00,97,2,11643
36841,2016-05-15,13:25:00,44,1,5925
36842,2016-05-15,13:29:00,182,1,4759
36843,2016-05-15,13:38:00,252,3,1238
36844,2016-05-15,13:41:00,438,1,545
36845,2016-05-15,13:47:00,281,2,11108
36846,2016-05-15,14:09:00,188,3,5862
36847,2016-05-15,14:13:00,281,1,8706
36848,2016-05-15,14:17:00,407,2,4133
36849,2016-05-15,14:25:00,70,2,2385
36850,2016-05-15,14:26:00,391,1,6993
36851,2016-05-15,14:42:00,359,1,1154
36852,2016-05-15,14:42:00,394,2,6735
36853,2016-05-15,14:43:00,98,1,7503
36854,2016-05-15,14:46:00,118,1,477
36855,2016-05-15,14:46:00,225,2,639
36856,2016-05-15,14:53:00,90,2,11404
36857,2016-05-15,14:55:00,155,4,1047
36858,2016-05-15,15:00:00,207,2,9316
36859,2016-05-15,15:01:00,117,2,5205
36860,2016-05-15,15:06:00,381,5,593
36861,2016-05-15,15:17:00,324,2,7018
36862,2016-05-15,15:29:00,422,3,9743
36863,2016-05-15,15:30:00,255,2,11551
36864,2016-05-15,15:33:00,154,2,3633
36865,2016-05-15,15:35:00,172,3,11350
36866,2016-05-15,15:37:00,222,2,4873
36867,2016-05-15,15:38:00,125,3,6203
36868,2016-05-15,15:39:00,243,3,7101
36869,2016-05-15,15:44:00,390,2,2446
36870,2016-05-15,15:47:00,297,2,8430
36871,2016-05-15,15:48:00,371,1,2413
36872,2016-05-15,15:50:00,17,3,9692
36873,2016-05-15,15:53:00,230,3,4852
36874,2016-05-15,16:03:00,11,2,9975
36875,2016-05-15,16:20:00,25,2,8363
36876,2016-05-15,16:33:00,128,3,3973
36877,2016-05-15,16:40:00,295,3,20
36878,2016-05-15,16:42:00,443,2,8184
36879,2016-05-15,16:48:00,266,1,776
36880,2016-05-15,16:51:00,183,1,1345
36881,2016-05-15,16:52:00,88,2,2637
36882,2016-05-15,16:53:00,138,1,2476
36883,2016-05-15,17:10:00,203,2,2576
36884,2016-05-15,17:14:00,199,1,2835
36885,2016-05-15,17:25:00,32,1,10526
36886,2016-05-15,17:27:00,313,1,1504
36887,2016-05-15,17:32:00,56,2,11041
36888,2016-05-15,17:34:00,55,3,1959
36889,2016-05-15,17:44:00,353,1,7630
36890,2016-05-15,17:50:00,99,1,902
36891,2016-05-15,17:51:00,271,2,10041
36892,2016-05-15,17:52:00,217,2,7135
36893,2016-05-15,17:55:00,260,1,7447
36894,2016-05-15,17:57:00,443,2,5770
36895,2016-05-15,18:08:00,119,2,6455
36896,2016-05-15,18:19:00,171,2,2552
36897,2016-05-15,18:20:00,275,4,9977
36898,2016-05-15,18:30:00,329,5,10107
36899,2016-05-15,18:37:00,196,3,8617
36900,2016-05-15,18:37:00,78,1,1475
36901,2016-05-15,18:37:00,116,3,5022
36902,2016-05-15,18:39:00,422,1,11141
36903,2016-05-15,18:45:00,456,1,1317
36904,2016-05-15,18:46:00,80,2,7368
36905,2016-05-15,18:48:00,26,3,11554
36906,2016-05-15,18:57:00,435,4,11861
36907,2016-05-15,18:58:00,220,1,11927
36908,2016-05-15,19:03:00,249,3,8099
36909,2016-05-15,19:14:00,324,2,7721
36910,2016-05-15,19:14:00,196,1,8389
36911,2016-05-15,19:17:00,194,2,8709
36912,2016-05-15,19:25:00,107,1,7658
36913,2016-05-15,19:26:00,175,2,10521
36914,2016-05-15,19:36:00,416,3,3619
36915,2016-05-15,19:44:00,195,3,5793
36916,2016-05-15,19:53:00,279,2,2876
36917,2016-05-15,20:02:00,128,1,832
36918,2016-05-15,20:12:00,30,3,3777
36919,2016-05-15,20:13:00,382,2,7426
36920,2016-05-15,20:18:00,427,3,11153
36921,2016-05-15,20:22:00,358,3,2685
36922,2016-05-15,20:23:00,131,1,4004
36923,2016-05-15,20:26:00,294,3,11645
36924,2016-05-15,20:27:00,413,6,2445
36925,2016-05-15,20:37:00,335,2,1327
36926,2016-05-15,20:37:00,245,1,9808
36927,2016-05-15,20:38:00,1,1,3369
36928,2016-05-15,20:47:00,124,3,5187
36929,2016-05-15,20:50:00,103,2,1908
36930,2016-05-15,20:52:00,267,5,8529
36931,2016-05-15,20:56:00,27,2,1249
36932,2016-05-15,20:57:00,306,2,9158
36933,2016-05-15,21:03:00,48,1,2260
36934,2016-05-15,21:10:00,205,3,10775
36935,2016-05-15,21:12:00,411,1,3790
36936,2016-05-15,21:12:00,2,1,3453
36937,2016-05-15,21:33:00,32,2,3335
36938,2016-05-15,21:40:00,355,3,4957
36939,2016-05-15,22:01:00,169,1,4193
36940,2016-05-15,22:02:00,299,3,7442
36941,2016-05-15,22:07:00,336,2,4191
36942,2016-05-15,22:26:00,238,2,10310
36943,2016-05-15,22:28:00,263,1,7699
36944,2016-05-15,22:33:00,75,2,8084
36945,2016-05-15,22:38:00,81,1,10185
36946,2016-05-15,22:39:00,178,1,6399
36947,2016-05-15,22:42:00,54,2,1168
36948,2016-05-15,22:50:00,372,1,839
36949,2016-05-15,22:55:00,18,1,7778
36950,2016-05-15,23:03:00,158,1,4379
36951,2016-05-15,23:14:00,115,1,5196
36952,2016-05-15,23:16:00,397,3,10057
36953,2016-05-15,23:17:00,400,2,2835
36954,2016-05-15,23:18:00,14,2,6484
36955,2016-05-15,23:20:00,390,1,3876
36956,2016-05-15,23:25:00,165,3,5480
36957,2016-05-15,23:26:00,398,1,10745
36958,2016-05-15,23:26:00,112,4,10941
36959,2016-05-15,23:34:00,349,3,4487
36960,2016-05-15,23:51:00,264,3,6034
36961,2016-05-15,23:52:00,437,3,11923
36962,2016-05-15,23:53:00,379,1,6189
36963,2016-05-15,23:54:00,130,1,7381
36964,2016-05-15,23:54:00,364,3,8224
36965,2016-05-16,00:00:00,282,2,2356
36966,2016-05-16,00:08:00,99,2,7348
36967,2016-05-16,00:09:00,27,2,9474
36968,2016-05-16,00:10:00,418,1,9434
36969,2016-05-16,00:10:00,264,1,6725
36970,2016-05-16,00:27:00,246,2,11379
36971,2016-05-16,00:27:00,3,2,4650
36972,2016-05-16,00:36:00,90,4,5484
36973,2016-05-16,00:36:00,394,2,7526
36974,2016-05-16,00:42:00,92,3,6817
36975,2016-05-16,00:55:00,175,3,4591
36976,2016-05-16,01:07:00,353,2,4289
36977,2016-05-16,01:17:00,380,1,11736
36978,2016-05-16,01:21:00,36,1,9657
36979,2016-05-16,01:24:00,353,1,2066
36980,2016-05-16,01:24:00,257,2,2712
36981,2016-05-16,01:29:00,61,2,3790
36982,2016-05-16,01:38:00,349,3,9596
36983,2016-05-16,01:45:00,275,2,4661
36984,2016-05-16,01:48:00,36,2,6027
36985,2016-05-16,01:51:00,270,3,7251
36986,2016-05-16,02:03:00,209,1,4290
36987,2016-05-16,02:07:00,58,2,6083
36988,2016-05-16,02:14:00,246,2,1633
36989,2016-05-16,02:14:00,290,2,3974
36990,2016-05-16,02:22:00,361,1,10694
36991,2016-05-16,02:26:00,213,2,6269
36992,2016-05-16,02:30:00,299,2,6566
36993,2016-05-16,02:32:00,98,2,8931
36994,2016-05-16,02:32:00,151,4,8328
36995,2016-05-16,02:33:00,385,4,6646
36996,2016-05-16,02:35:00,194,2,11009
36997,2016-05-16,02:41:00,342,2,2815
36998,2016-05-16,02:45:00,160,2,6582
36999,2016-05-16,02:46:00,312,2,1485
37000,2016-05-16,02:49:00,208,1,10625
37001,2016-05-16,02:52:00,127,2,10681
37002,2016-05-16,02:58:00,289,2,8947
37003,2016-05-16,03:28:00,96,2,5149
37004,2016-05-16,03:30:00,49,3,6702
37005,2016-05-16,03:39:00,148,2,11285
37006,2016-05-16,03:51:00,349,1,8972
37007,2016-05-16,03:51:00,327,2,5802
37008,2016-05-16,03:55:00,126,1,2726
37009,2016-05-16,03:56:00,188,2,1358
37010,2016-05-16,03:58:00,142,3,2635
37011,2016-05-16,03:59:00,129,1,11720
37012,2016-05-16,03:59:00,161,2,5847
37013,2016-05-16,04:05:00,246,3,3983
37014,2016-05-16,04:06:00,263,1,3584
37015,2016-05-16,04:16:00,332,1,5427
37016,2016-05-16,04:19:00,4,3,5060
37017,2016-05-16,04:23:00,281,1,234
37018,2016-05-16,04:24:00,39,1,9587
37019,2016-05-16,04:31:00,61,2,8715
37020,2016-05-16,04:31:00,426,3,10869
37021,2016-05-16,04:37:00,416,3,7248
37022,2016-05-16,04:37:00,264,1,283
37023,2016-05-16,04:37:00,19,2,6052
37024,2016-05-16,04:48:00,14,2,732
37025,2016-05-16,04:53:00,51,2,7918
37026,2016-05-16,05:05:00,211,3,6693
37027,2016-05-16,05:06:00,229,1,7478
37028,2016-05-16,05:17:00,268,1,9384
37029,2016-05-16,05:28:00,103,1,3835
37030,2016-05-16,05:31:00,72,1,76
37031,2016-05-16,05:34:00,451,1,10515
37032,2016-05-16,05:35:00,220,1,1695
37033,2016-05-16,05:45:00,358,3,8563
37034,2016-05-16,05:47:00,336,1,9839
37035,2016-05-16,06:01:00,377,3,10162
37036,2016-05-16,06:03:00,241,2,970
37037,2016-05-16,06:06:00,227,1,5396
37038,2016-05-16,06:13:00,19,2,4830
37039,2016-05-16,06:21:00,232,1,8473
37040,2016-05-16,06:26:00,327,2,1632
37041,2016-05-16,06:26:00,2,3,5934
37042,2016-05-16,06:36:00,166,1,925
37043,2016-05-16,06:39:00,174,2,9026
37044,2016-05-16,06:41:00,178,2,9291
37045,2016-05-16,06:59:00,142,1,2794
37046,2016-05-16,07:00:00,156,5,2159
37047,2016-05-16,07:00:00,140,1,4118
37048,2016-05-16,07:13:00,84,2,8792
37049,2016-05-16,07:21:00,434,2,5050
37050,2016-05-16,07:30:00,54,2,10948
37051,2016-05-16,07:35:00,312,2,7498
37052,2016-05-16,07:36:00,359,1,1733
37053,2016-05-16,07:48:00,436,1,3650
37054,2016-05-16,07:51:00,105,2,5460
37055,2016-05-16,07:57:00,86,1,6719
37056,2016-05-16,07:59:00,259,1,8136
37057,2016-05-16,08:01:00,348,2,4425
37058,2016-05-16,08:17:00,328,2,1499
37059,2016-05-16,08:28:00,317,2,4206
37060,2016-05-16,08:42:00,64,3,6729
37061,2016-05-16,08:44:00,24,4,2686
37062,2016-05-16,08:54:00,179,1,2039
37063,2016-05-16,08:58:00,374,1,9092
37064,2016-05-16,09:01:00,389,2,7500
37065,2016-05-16,09:02:00,204,1,9825
37066,2016-05-16,09:15:00,401,1,531
37067,2016-05-16,09:16:00,91,3,2989
37068,2016-05-16,09:16:00,351,2,9141
37069,2016-05-16,09:35:00,33,1,3096
37070,2016-05-16,09:44:00,165,3,1525
37071,2016-05-16,09:49:00,144,1,6665
37072,2016-05-16,09:52:00,45,1,6330
37073,2016-05-16,09:53:00,221,1,8751
37074,2016-05-16,09:57:00,420,2,6679
37075,2016-05-16,10:06:00,396,2,5535
37076,2016-05-16,10:12:00,144,1,6042
37077,2016-05-16,10:29:00,355,2,393
37078,2016-05-16,10:34:00,312,3,958
37079,2016-05-16,10:39:00,131,2,1431
37080,2016-05-16,10:41:00,40,2,10967
37081,2016-05-16,10:44:00,388,1,4436
37082,2016-05-16,10:44:00,101,1,11429
37083,2016-05-16,10:45:00,254,3,8056
37084,2016-05-16,10:51:00,353,1,2658
37085,2016-05-16,10:54:00,394,1,11039
37086,2016-05-16,11:17:00,176,1,6000
37087,2016-05-16,11:25:00,17,2,10083
37088,2016-05-16,11:25:00,244,1,7390
37089,2016-05-16,11:26:00,252,1,7453
37090,2016-05-16,11:26:00,372,1,3554
37091,2016-05-16,11:38:00,375,1,2058
37092,2016-05-16,11:43:00,17,1,3013
37093,2016-05-16,11:51:00,165,2,5441
37094,2016-05-16,11:54:00,199,2,5100
37095,2016-05-16,11:58:00,413,2,8772
37096,2016-05-16,12:04:00,224,2,1102
37097,2016-05-16,12:08:00,26,1,11058
37098,2016-05-16,12:11:00,200,2,2686
37099,2016-05-16,12:16:00,234,3,11641
37100,2016-05-16,12:24:00,399,3,11927
37101,2016-05-16,12:30:00,363,2,3191
37102,2016-05-16,12:36:00,33,3,10712
37103,2016-05-16,12:38:00,384,3,9945
37104,2016-05-16,12:38:00,92,2,10046
37105,2016-05-16,12:40:00,55,1,9441
37106,2016-05-16,12:46:00,64,1,2911
37107,2016-05-16,12:57:00,78,3,5798
37108,2016-05-16,12:59:00,31,3,2836
37109,2016-05-16,13:02:00,88,1,3727
37110,2016-05-16,13:04:00,123,1,5048
37111,2016-05-16,13:37:00,366,1,6536
37112,2016-05-16,13:48:00,279,1,696
37113,2016-05-16,13:51:00,278,1,11062
37114,2016-05-16,14:08:00,276,2,9648
37115,2016-05-16,14:12:00,421,3,3095
37116,2016-05-16,14:15:00,155,2,560
37117,2016-05-16,14:18:00,303,1,10289
37118,2016-05-16,14:26:00,348,1,8290
37119,2016-05-16,14:28:00,458,1,7594
37120,2016-05-16,14:30:00,327,2,2246
37121,2016-05-16,14:33:00,250,2,1148
37122,2016-05-16,14:38:00,426,2,7814
37123,2016-05-16,14:43:00,286,3,571
37124,2016-05-16,14:50:00,371,3,3559
37125,2016-05-16,14:50:00,91,2,8035
37126,2016-05-16,14:51:00,351,4,5527
37127,2016-05-16,15:00:00,212,1,9253
37128,2016-05-16,15:05:00,244,2,3939
37129,2016-05-16,15:06:00,356,1,277
37130,2016-05-16,15:14:00,322,2,4369
37131,2016-05-16,15:15:00,213,2,789
37132,2016-05-16,15:15:00,1,2,6943
37133,2016-05-16,15:31:00,74,2,2546
37134,2016-05-16,15:33:00,66,1,4151
37135,2016-05-16,15:35:00,143,2,2408
37136,2016-05-16,15:38:00,37,3,6520
37137,2016-05-16,15:41:00,73,3,3098
37138,2016-05-16,15:53:00,170,1,11999
37139,2016-05-16,15:56:00,218,2,6926
37140,2016-05-16,15:56:00,197,1,5132
37141,2016-05-16,15:57:00,340,1,2336
37142,2016-05-16,16:01:00,285,1,1748
37143,2016-05-16,16:03:00,379,5,7495
37144,2016-05-16,16:10:00,100,1,6691
37145,2016-05-16,16:12:00,109,1,6299
37146,2016-05-16,16:17:00,129,2,9648
37147,2016-05-16,16:19:00,335,1,96
37148,2016-05-16,16:28:00,39,3,2600
37149,2016-05-16,16:43:00,338,3,7905
37150,2016-05-16,16:54:00,15,3,11169
37151,2016-05-16,16:57:00,411,1,7994
37152,2016-05-16,16:58:00,213,3,3534
37153,2016-05-16,16:59:00,327,1,1192
37154,2016-05-16,17:02:00,126,1,717
37155,2016-05-16,17:09:00,217,3,11711
37156,2016-05-16,17:12:00,349,3,8285
37157,2016-05-16,17:15:00,43,2,11107
37158,2016-05-16,17:21:00,389,1,595
37159,2016-05-16,17:26:00,379,1,1640
37160,2016-05-16,17:33:00,324,1,9236
37161,2016-05-16,17:39:00,235,3,6789
37162,2016-05-16,17:44:00,440,1,1507
37163,2016-05-16,17:47:00,227,2,10572
37164,2016-05-16,17:54:00,258,1,4552
37165,2016-05-16,17:54:00,37,2,4926
37166,2016-05-16,18:00:00,258,2,3562
37167,2016-05-16,18:00:00,380,2,5987
37168,2016-05-16,18:04:00,408,2,9188
37169,2016-05-16,18:10:00,195,1,10213
37170,2016-05-16,18:17:00,400,2,4289
37171,2016-05-16,18:17:00,336,5,350
37172,2016-05-16,18:22:00,138,1,2258
37173,2016-05-16,18:25:00,150,3,8024
37174,2016-05-16,18:35:00,39,1,11252
37175,2016-05-16,18:40:00,197,5,6422
37176,2016-05-16,18:49:00,247,2,4868
37177,2016-05-16,18:56:00,353,2,5540
37178,2016-05-16,18:58:00,124,2,2451
37179,2016-05-16,18:58:00,121,1,7834
37180,2016-05-16,19:00:00,251,2,10470
37181,2016-05-16,19:01:00,427,1,7604
37182,2016-05-16,19:44:00,419,2,8343
37183,2016-05-16,19:45:00,38,1,99
37184,2016-05-16,19:47:00,69,1,6105
37185,2016-05-16,19:51:00,59,1,31
37186,2016-05-16,19:52:00,39,3,8630
37187,2016-05-16,20:06:00,431,1,2848
37188,2016-05-16,20:14:00,380,5,9671
37189,2016-05-16,20:14:00,328,2,1516
37190,2016-05-16,20:20:00,12,3,6413
37191,2016-05-16,20:33:00,127,1,7746
37192,2016-05-16,20:36:00,280,2,11639
37193,2016-05-16,20:54:00,274,1,452
37194,2016-05-16,21:00:00,445,1,4454
37195,2016-05-16,21:07:00,194,2,1414
37196,2016-05-16,21:09:00,304,2,360
37197,2016-05-16,21:16:00,232,1,217
37198,2016-05-16,21:23:00,32,1,6930
37199,2016-05-16,21:28:00,315,3,4810
37200,2016-05-16,21:33:00,80,4,7302
37201,2016-05-16,21:42:00,97,2,500
37202,2016-05-16,22:12:00,66,1,6526
37203,2016-05-16,22:13:00,249,1,5313
37204,2016-05-16,22:13:00,239,2,9527
37205,2016-05-16,22:14:00,71,3,5086
37206,2016-05-16,22:20:00,267,1,802
37207,2016-05-16,22:28:00,101,1,6393
37208,2016-05-16,22:30:00,166,5,6443
37209,2016-05-16,22:31:00,397,2,10927
37210,2016-05-16,22:42:00,74,3,10728
37211,2016-05-16,23:08:00,408,4,7356
37212,2016-05-16,23:12:00,338,2,414
37213,2016-05-16,23:16:00,374,3,4731
37214,2016-05-16,23:18:00,454,2,3515
37215,2016-05-16,23:38:00,40,2,7925
37216,2016-05-16,23:38:00,444,2,3564
37217,2016-05-16,23:38:00,48,2,807
37218,2016-05-16,23:42:00,110,2,2013
37219,2016-05-16,23:44:00,380,1,2133
37220,2016-05-17,00:06:00,101,2,8183
37221,2016-05-17,00:12:00,75,5,5087
37222,2016-05-17,00:13:00,294,1,1532
37223,2016-05-17,00:17:00,143,1,1398
37224,2016-05-17,00:22:00,361,2,8697
37225,2016-05-17,00:30:00,241,1,6608
37226,2016-05-17,00:33:00,359,2,8393
37227,2016-05-17,00:46:00,226,3,2877
37228,2016-05-17,00:49:00,173,4,3392
37229,2016-05-17,00:53:00,157,2,7726
37230,2016-05-17,01:02:00,99,2,5744
37231,2016-05-17,01:02:00,234,2,11222
37232,2016-05-17,01:04:00,93,2,6096
37233,2016-05-17,01:12:00,327,1,7321
37234,2016-05-17,01:20:00,346,2,9991
37235,2016-05-17,01:21:00,119,2,5482
37236,2016-05-17,01:25:00,96,2,7768
37237,2016-05-17,01:27:00,345,3,9555
37238,2016-05-17,01:30:00,336,1,11772
37239,2016-05-17,01:35:00,425,3,8453
37240,2016-05-17,01:36:00,12,1,10227
37241,2016-05-17,01:37:00,27,2,11650
37242,2016-05-17,01:58:00,241,1,9131
37243,2016-05-17,02:01:00,253,2,7096
37244,2016-05-17,02:04:00,406,1,1531
37245,2016-05-17,02:05:00,210,1,3170
37246,2016-05-17,02:06:00,251,1,6513
37247,2016-05-17,02:07:00,159,1,3569
37248,2016-05-17,02:15:00,397,2,501
37249,2016-05-17,02:17:00,379,4,1196
37250,2016-05-17,02:18:00,168,2,3563
37251,2016-05-17,02:20:00,236,1,10687
37252,2016-05-17,02:28:00,259,3,5912
37253,2016-05-17,02:29:00,163,1,5655
37254,2016-05-17,02:31:00,418,3,11655
37255,2016-05-17,02:39:00,42,2,5340
37256,2016-05-17,02:40:00,229,1,2498
37257,2016-05-17,02:42:00,417,3,4545
37258,2016-05-17,02:45:00,197,3,6985
37259,2016-05-17,02:48:00,33,1,11570
37260,2016-05-17,02:51:00,299,1,10645
37261,2016-05-17,02:52:00,81,1,8865
37262,2016-05-17,02:55:00,123,2,11657
37263,2016-05-17,02:58:00,392,2,10197
37264,2016-05-17,03:08:00,307,3,8700
37265,2016-05-17,03:14:00,320,3,4243
37266,2016-05-17,03:14:00,101,4,1141
37267,2016-05-17,03:15:00,293,3,109
37268,2016-05-17,03:17:00,343,3,7702
37269,2016-05-17,03:25:00,358,1,10365
37270,2016-05-17,03:26:00,356,1,112
37271,2016-05-17,03:30:00,73,2,4146
37272,2016-05-17,03:31:00,82,1,10255
37273,2016-05-17,03:37:00,371,2,2216
37274,2016-05-17,03:38:00,178,2,8292
37275,2016-05-17,03:41:00,402,2,8796
37276,2016-05-17,03:45:00,444,1,11874
37277,2016-05-17,03:47:00,228,2,3465
37278,2016-05-17,04:06:00,165,2,7332
37279,2016-05-17,04:16:00,228,3,1277
37280,2016-05-17,04:20:00,225,1,8198
37281,2016-05-17,04:29:00,360,3,4428
37282,2016-05-17,04:30:00,416,2,4111
37283,2016-05-17,04:32:00,95,2,5938
37284,2016-05-17,04:39:00,62,1,3498
37285,2016-05-17,04:39:00,119,2,11957
37286,2016-05-17,04:51:00,337,4,8484
37287,2016-05-17,04:57:00,13,1,1306
37288,2016-05-17,05:04:00,197,1,8877
37289,2016-05-17,05:05:00,76,2,10912
37290,2016-05-17,05:06:00,81,4,6821
37291,2016-05-17,05:11:00,188,1,3091
37292,2016-05-17,05:11:00,436,1,7485
37293,2016-05-17,05:19:00,310,2,1503
37294,2016-05-17,05:20:00,286,2,11612
37295,2016-05-17,05:24:00,228,2,6621
37296,2016-05-17,05:38:00,93,2,3500
37297,2016-05-17,05:39:00,71,4,10993
37298,2016-05-17,05:41:00,10,2,7030
37299,2016-05-17,05:50:00,385,1,7385
37300,2016-05-17,05:56:00,177,3,3794
37301,2016-05-17,06:01:00,224,1,7929
37302,2016-05-17,06:07:00,378,3,1242
37303,2016-05-17,06:16:00,161,2,422
37304,2016-05-17,06:23:00,319,2,10336
37305,2016-05-17,06:32:00,269,2,8886
37306,2016-05-17,06:34:00,438,1,7908
37307,2016-05-17,06:37:00,190,4,11101
37308,2016-05-17,06:58:00,106,2,11386
37309,2016-05-17,07:04:00,156,3,6622
37310,2016-05-17,07:06:00,276,2,503
37311,2016-05-17,07:18:00,155,1,8113
37312,2016-05-17,07:19:00,94,1,4118
37313,2016-05-17,07:20:00,390,3,8928
37314,2016-05-17,07:22:00,405,1,9748
37315,2016-05-17,07:24:00,40,1,9762
37316,2016-05-17,07:28:00,21,2,2495
37317,2016-05-17,07:42:00,192,2,2552
37318,2016-05-17,07:54:00,216,3,3038
37319,2016-05-17,07:57:00,165,1,8129
37320,2016-05-17,07:58:00,110,2,6956
37321,2016-05-17,07:59:00,321,3,3271
37322,2016-05-17,07:59:00,227,3,2549
37323,2016-05-17,08:04:00,231,2,11322
37324,2016-05-17,08:10:00,407,1,6728
37325,2016-05-17,08:15:00,347,1,74
37326,2016-05-17,08:19:00,242,2,606
37327,2016-05-17,08:25:00,125,1,9785
37328,2016-05-17,08:27:00,394,1,8310
37329,2016-05-17,08:32:00,453,2,5024
37330,2016-05-17,08:38:00,37,2,9298
37331,2016-05-17,08:43:00,366,3,9619
37332,2016-05-17,08:47:00,269,2,6789
37333,2016-05-17,08:58:00,345,5,5013
37334,2016-05-17,09:04:00,108,1,248
37335,2016-05-17,09:15:00,322,2,8136
37336,2016-05-17,09:25:00,453,2,9830
37337,2016-05-17,09:30:00,298,4,5670
37338,2016-05-17,09:32:00,362,2,7293
37339,2016-05-17,09:39:00,25,2,160
37340,2016-05-17,09:40:00,387,2,10389
37341,2016-05-17,09:41:00,57,1,1901
37342,2016-05-17,09:58:00,442,1,8116
37343,2016-05-17,10:00:00,88,4,1674
37344,2016-05-17,10:01:00,272,3,9075
37345,2016-05-17,10:03:00,323,2,4631
37346,2016-05-17,10:27:00,205,1,3885
37347,2016-05-17,10:27:00,426,2,8092
37348,2016-05-17,10:29:00,233,2,9714
37349,2016-05-17,10:31:00,341,1,7799
37350,2016-05-17,10:40:00,104,3,11108
37351,2016-05-17,10:45:00,121,1,6740
37352,2016-05-17,10:55:00,202,2,9075
37353,2016-05-17,11:04:00,425,1,11544
37354,2016-05-17,11:06:00,396,2,1706
37355,2016-05-17,11:11:00,239,3,9237
37356,2016-05-17,11:11:00,311,1,10353
37357,2016-05-17,11:21:00,113,1,7457
37358,2016-05-17,11:22:00,103,1,2324
37359,2016-05-17,11:26:00,401,1,8372
37360,2016-05-17,11:38:00,140,2,6803
37361,2016-05-17,11:39:00,151,3,5825
37362,2016-05-17,11:44:00,279,3,10424
37363,2016-05-17,11:55:00,28,1,8589
37364,2016-05-17,11:56:00,264,2,2784
37365,2016-05-17,11:57:00,452,2,7899
37366,2016-05-17,12:03:00,229,2,7057
37367,2016-05-17,12:06:00,74,2,465
37368,2016-05-17,12:06:00,215,2,4144
37369,2016-05-17,12:09:00,418,2,5268
37370,2016-05-17,12:09:00,52,1,8893
37371,2016-05-17,12:34:00,47,3,7858
37372,2016-05-17,12:34:00,247,1,650
37373,2016-05-17,12:39:00,60,3,3530
37374,2016-05-17,12:43:00,199,3,2860
37375,2016-05-17,12:44:00,419,2,9458
37376,2016-05-17,12:56:00,401,3,439
37377,2016-05-17,13:02:00,281,1,4540
37378,2016-05-17,13:02:00,346,3,2262
37379,2016-05-17,13:13:00,209,1,3020
37380,2016-05-17,13:13:00,20,1,4706
37381,2016-05-17,13:15:00,24,2,8722
37382,2016-05-17,13:25:00,67,2,7189
37383,2016-05-17,13:38:00,451,2,11101
37384,2016-05-17,13:48:00,406,2,4763
37385,2016-05-17,13:49:00,43,2,1784
37386,2016-05-17,14:05:00,299,3,9740
37387,2016-05-17,14:10:00,265,2,6363
37388,2016-05-17,14:17:00,129,2,10618
37389,2016-05-17,14:23:00,448,2,1603
37390,2016-05-17,14:28:00,66,1,5995
37391,2016-05-17,14:32:00,269,1,4836
37392,2016-05-17,14:41:00,133,3,11190
37393,2016-05-17,14:48:00,81,3,9313
37394,2016-05-17,14:49:00,239,2,3865
37395,2016-05-17,14:51:00,348,3,2603
37396,2016-05-17,14:58:00,106,1,1132
37397,2016-05-17,14:59:00,394,2,9790
37398,2016-05-17,15:21:00,408,3,7285
37399,2016-05-17,15:31:00,77,1,6703
37400,2016-05-17,15:34:00,56,2,2632
37401,2016-05-17,15:40:00,264,1,11871
37402,2016-05-17,15:44:00,221,2,8886
37403,2016-05-17,15:54:00,221,3,2165
37404,2016-05-17,15:55:00,291,1,3896
37405,2016-05-17,16:02:00,316,2,1347
37406,2016-05-17,16:04:00,356,2,4366
37407,2016-05-17,16:23:00,413,1,3466
37408,2016-05-17,16:26:00,85,1,7575
37409,2016-05-17,16:29:00,349,1,10927
37410,2016-05-17,16:30:00,342,1,3375
37411,2016-05-17,16:32:00,28,2,9954
37412,2016-05-17,16:32:00,150,2,11977
37413,2016-05-17,16:33:00,154,1,11885
37414,2016-05-17,16:35:00,69,3,8577
37415,2016-05-17,16:50:00,337,2,7881
37416,2016-05-17,16:51:00,445,1,3705
37417,2016-05-17,17:00:00,10,2,7012
37418,2016-05-17,17:00:00,284,3,10676
37419,2016-05-17,17:02:00,21,1,7649
37420,2016-05-17,17:03:00,135,2,1342
37421,2016-05-17,17:30:00,269,3,7635
37422,2016-05-17,17:50:00,227,1,11409
37423,2016-05-17,17:57:00,214,3,5050
37424,2016-05-17,18:10:00,285,3,2974
37425,2016-05-17,18:24:00,86,3,4061
37426,2016-05-17,18:35:00,347,2,11940
37427,2016-05-17,18:38:00,353,3,4652
37428,2016-05-17,18:40:00,202,1,9545
37429,2016-05-17,18:44:00,211,1,5409
37430,2016-05-17,18:45:00,41,2,4052
37431,2016-05-17,18:47:00,302,3,11167
37432,2016-05-17,19:09:00,75,1,2419
37433,2016-05-17,19:10:00,268,4,1768
37434,2016-05-17,19:21:00,137,3,2001
37435,2016-05-17,19:26:00,450,2,10750
37436,2016-05-17,19:27:00,407,1,1770
37437,2016-05-17,19:30:00,443,3,7397
37438,2016-05-17,19:35:00,301,2,10877
37439,2016-05-17,19:35:00,404,2,5640
37440,2016-05-17,19:37:00,29,3,9603
37441,2016-05-17,20:05:00,160,1,9022
37442,2016-05-17,20:12:00,293,2,11758
37443,2016-05-17,20:12:00,32,4,11339
37444,2016-05-17,20:12:00,373,3,10195
37445,2016-05-17,20:14:00,301,2,6426
37446,2016-05-17,20:26:00,98,5,2646
37447,2016-05-17,20:27:00,280,3,7641
37448,2016-05-17,20:27:00,40,3,11854
37449,2016-05-17,20:30:00,66,2,5867
37450,2016-05-17,20:34:00,198,1,4047
37451,2016-05-17,20:36:00,63,3,7364
37452,2016-05-17,20:49:00,272,1,10936
37453,2016-05-17,20:49:00,329,1,10377
37454,2016-05-17,21:36:00,116,2,2016
37455,2016-05-17,21:41:00,327,2,9382
37456,2016-05-17,21:47:00,360,3,1615
37457,2016-05-17,21:49:00,130,1,9761
37458,2016-05-17,21:51:00,452,1,10569
37459,2016-05-17,21:51:00,325,3,11654
37460,2016-05-17,21:58:00,201,1,8884
37461,2016-05-17,22:03:00,69,4,9513
37462,2016-05-17,22:13:00,414,3,2603
37463,2016-05-17,22:16:00,330,1,10064
37464,2016-05-17,22:24:00,446,2,2473
37465,2016-05-17,22:29:00,321,2,4244
37466,2016-05-17,22:31:00,285,3,5546
37467,2016-05-17,22:33:00,108,2,2356
37468,2016-05-17,22:42:00,231,2,8989
37469,2016-05-17,23:00:00,430,2,7125
37470,2016-05-17,23:06:00,115,1,4716
37471,2016-05-17,23:21:00,340,2,4614
37472,2016-05-17,23:23:00,107,1,978
37473,2016-05-17,23:31:00,360,3,2622
37474,2016-05-17,23:33:00,42,2,4073
37475,2016-05-17,23:35:00,153,1,11598
37476,2016-05-17,23:43:00,457,1,6808
37477,2016-05-17,23:44:00,359,2,7379
37478,2016-05-17,23:47:00,208,4,2581
37479,2016-05-17,23:50:00,409,1,5670
37480,2016-05-17,23:50:00,215,1,9192
37481,2016-05-18,00:11:00,271,1,11605
37482,2016-05-18,00:16:00,260,1,9642
37483,2016-05-18,00:20:00,372,2,8049
37484,2016-05-18,00:23:00,428,3,6046
37485,2016-05-18,00:27:00,256,3,4557
37486,2016-05-18,00:30:00,238,4,11825
37487,2016-05-18,00:37:00,446,2,7758
37488,2016-05-18,00:43:00,312,2,1994
37489,2016-05-18,00:49:00,48,2,8387
37490,2016-05-18,00:49:00,421,3,10581
37491,2016-05-18,00:51:00,167,2,8801
37492,2016-05-18,00:53:00,300,1,945
37493,2016-05-18,00:53:00,7,1,1705
37494,2016-05-18,01:01:00,199,3,6454
37495,2016-05-18,01:03:00,229,2,9639
37496,2016-05-18,01:04:00,175,2,6224
37497,2016-05-18,01:05:00,429,2,4818
37498,2016-05-18,01:17:00,133,3,1109
37499,2016-05-18,01:18:00,189,3,6794
37500,2016-05-18,01:21:00,266,3,2555
37501,2016-05-18,01:23:00,217,2,1951
37502,2016-05-18,01:24:00,193,2,3376
37503,2016-05-18,01:24:00,103,2,4148
37504,2016-05-18,01:35:00,278,1,10490
37505,2016-05-18,01:37:00,316,2,6426
37506,2016-05-18,01:47:00,414,2,8182
37507,2016-05-18,01:49:00,432,2,10823
37508,2016-05-18,01:53:00,57,2,5622
37509,2016-05-18,01:55:00,412,2,11136
37510,2016-05-18,02:04:00,401,1,6294
37511,2016-05-18,02:07:00,173,2,3645
37512,2016-05-18,02:11:00,373,3,11571
37513,2016-05-18,02:15:00,371,1,5873
37514,2016-05-18,02:22:00,213,2,9265
37515,2016-05-18,02:24:00,183,2,599
37516,2016-05-18,02:51:00,145,2,11361
37517,2016-05-18,02:56:00,321,2,9603
37518,2016-05-18,02:59:00,254,3,2253
37519,2016-05-18,03:07:00,447,1,8148
37520,2016-05-18,03:11:00,160,2,138
37521,2016-05-18,03:13:00,18,3,8682
37522,2016-05-18,03:14:00,398,4,11237
37523,2016-05-18,03:15:00,67,3,3020
37524,2016-05-18,03:26:00,228,2,617
37525,2016-05-18,03:34:00,178,2,2561
37526,2016-05-18,03:43:00,186,1,1113
37527,2016-05-18,03:48:00,435,2,6353
37528,2016-05-18,03:58:00,38,1,7652
37529,2016-05-18,04:05:00,435,2,2076
37530,2016-05-18,04:13:00,205,4,6270
37531,2016-05-18,04:15:00,129,3,11238
37532,2016-05-18,04:17:00,103,2,10595
37533,2016-05-18,04:26:00,58,1,880
37534,2016-05-18,04:27:00,453,2,5276
37535,2016-05-18,04:28:00,308,2,3829
37536,2016-05-18,04:33:00,354,3,3676
37537,2016-05-18,04:37:00,330,3,3259
37538,2016-05-18,04:39:00,58,4,7386
37539,2016-05-18,04:44:00,286,1,6432
37540,2016-05-18,04:45:00,114,1,9536
37541,2016-05-18,04:47:00,279,1,6203
37542,2016-05-18,04:56:00,353,1,6472
37543,2016-05-18,04:59:00,389,5,288
37544,2016-05-18,05:01:00,260,2,8032
37545,2016-05-18,05:02:00,250,2,4013
37546,2016-05-18,05:05:00,443,3,10102
37547,2016-05-18,05:10:00,45,1,1350
37548,2016-05-18,05:11:00,3,1,4541
37549,2016-05-18,05:16:00,127,1,10303
37550,2016-05-18,05:24:00,393,2,5972
37551,2016-05-18,05:33:00,202,2,4504
37552,2016-05-18,05:34:00,78,2,9330
37553,2016-05-18,05:38:00,139,1,8210
37554,2016-05-18,05:40:00,408,2,271
37555,2016-05-18,05:44:00,211,2,11973
37556,2016-05-18,05:44:00,16,1,720
37557,2016-05-18,05:57:00,412,1,4812
37558,2016-05-18,06:09:00,389,2,7964
37559,2016-05-18,06:23:00,72,1,11575
37560,2016-05-18,06:39:00,199,1,4452
37561,2016-05-18,06:41:00,399,2,5666
37562,2016-05-18,06:44:00,377,1,10972
37563,2016-05-18,07:01:00,248,3,1290
37564,2016-05-18,07:02:00,311,3,3723
37565,2016-05-18,07:04:00,26,3,5466
37566,2016-05-18,07:04:00,75,2,9671
37567,2016-05-18,07:04:00,402,1,3020
37568,2016-05-18,07:04:00,292,4,5397
37569,2016-05-18,07:05:00,269,3,2455
37570,2016-05-18,07:11:00,1,4,7466
37571,2016-05-18,07:29:00,153,3,9668
37572,2016-05-18,07:36:00,189,1,5397
37573,2016-05-18,07:41:00,79,1,10750
37574,2016-05-18,07:42:00,146,4,9510
37575,2016-05-18,07:50:00,155,1,9079
37576,2016-05-18,07:52:00,279,1,8927
37577,2016-05-18,07:56:00,315,2,7701
37578,2016-05-18,08:08:00,188,3,9596
37579,2016-05-18,08:15:00,64,3,6218
37580,2016-05-18,08:16:00,313,2,5029
37581,2016-05-18,08:28:00,326,1,2872
37582,2016-05-18,08:31:00,101,2,11418
37583,2016-05-18,08:32:00,314,2,5728
37584,2016-05-18,08:32:00,233,3,2543
37585,2016-05-18,08:32:00,358,1,6276
37586,2016-05-18,08:33:00,378,2,4491
37587,2016-05-18,08:33:00,383,2,9148
37588,2016-05-18,08:42:00,294,2,3654
37589,2016-05-18,08:47:00,148,1,9162
37590,2016-05-18,08:54:00,91,2,10902
37591,2016-05-18,08:56:00,7,1,6137
37592,2016-05-18,09:02:00,342,4,10603
37593,2016-05-18,09:06:00,267,1,2108
37594,2016-05-18,09:26:00,186,1,9639
37595,2016-05-18,09:30:00,229,2,6300
37596,2016-05-18,09:30:00,189,1,7459
37597,2016-05-18,09:35:00,307,4,5329
37598,2016-05-18,09:43:00,85,3,9668
37599,2016-05-18,10:05:00,110,2,10113
37600,2016-05-18,10:27:00,250,1,2653
37601,2016-05-18,10:30:00,414,2,10800
37602,2016-05-18,10:32:00,55,1,8006
37603,2016-05-18,10:35:00,409,3,10616
37604,2016-05-18,10:39:00,369,2,4056
37605,2016-05-18,10:39:00,208,3,2536
37606,2016-05-18,10:41:00,91,1,5441
37607,2016-05-18,10:50:00,182,1,7354
37608,2016-05-18,10:51:00,13,2,6165
37609,2016-05-18,10:52:00,146,7,5879
37610,2016-05-18,10:59:00,431,2,10998
37611,2016-05-18,10:59:00,379,1,3858
37612,2016-05-18,11:20:00,116,2,4638
37613,2016-05-18,11:27:00,423,1,2378
37614,2016-05-18,11:34:00,129,1,897
37615,2016-05-18,11:34:00,65,3,3230
37616,2016-05-18,11:34:00,132,2,10574
37617,2016-05-18,11:35:00,402,1,2712
37618,2016-05-18,11:36:00,16,2,1401
37619,2016-05-18,11:51:00,213,2,11062
37620,2016-05-18,12:07:00,204,2,581
37621,2016-05-18,12:12:00,196,2,2398
37622,2016-05-18,12:15:00,30,1,295
37623,2016-05-18,12:15:00,247,3,45
37624,2016-05-18,12:21:00,339,1,961
37625,2016-05-18,12:23:00,145,3,992
37626,2016-05-18,12:35:00,50,2,10948
37627,2016-05-18,12:47:00,334,1,4689
37628,2016-05-18,13:00:00,412,1,110
37629,2016-05-18,13:13:00,441,1,8106
37630,2016-05-18,13:14:00,249,1,5166
37631,2016-05-18,13:15:00,270,3,9045
37632,2016-05-18,13:19:00,317,2,5127
37633,2016-05-18,13:24:00,95,3,9907
37634,2016-05-18,13:29:00,85,1,1773
37635,2016-05-18,13:33:00,158,1,11961
37636,2016-05-18,13:36:00,18,1,11533
37637,2016-05-18,13:45:00,250,3,10855
37638,2016-05-18,13:49:00,77,2,9254
37639,2016-05-18,14:10:00,209,1,5235
37640,2016-05-18,14:17:00,357,3,11528
37641,2016-05-18,14:24:00,322,2,6633
37642,2016-05-18,14:27:00,214,1,689
37643,2016-05-18,14:27:00,169,2,6518
37644,2016-05-18,14:36:00,29,2,11258
37645,2016-05-18,14:38:00,212,2,9849
37646,2016-05-18,14:38:00,216,2,5677
37647,2016-05-18,14:39:00,454,2,4539
37648,2016-05-18,14:40:00,340,1,4688
37649,2016-05-18,14:44:00,164,2,6454
37650,2016-05-18,15:03:00,203,2,11317
37651,2016-05-18,15:07:00,51,1,10227
37652,2016-05-18,15:09:00,15,2,3652
37653,2016-05-18,15:13:00,10,1,8046
37654,2016-05-18,15:29:00,73,1,2092
37655,2016-05-18,15:32:00,388,1,436
37656,2016-05-18,15:39:00,170,5,2933
37657,2016-05-18,15:42:00,458,2,2795
37658,2016-05-18,15:44:00,338,1,5109
37659,2016-05-18,15:48:00,402,3,129
37660,2016-05-18,15:51:00,445,3,2867
37661,2016-05-18,15:53:00,360,4,6831
37662,2016-05-18,15:58:00,392,1,3304
37663,2016-05-18,16:03:00,335,3,4778
37664,2016-05-18,16:19:00,168,3,5974
37665,2016-05-18,16:33:00,457,2,1806
37666,2016-05-18,16:35:00,243,2,6727
37667,2016-05-18,16:40:00,217,1,10466
37668,2016-05-18,16:42:00,62,2,8375
37669,2016-05-18,16:44:00,191,1,4935
37670,2016-05-18,16:44:00,51,1,2320
37671,2016-05-18,16:44:00,366,2,885
37672,2016-05-18,16:51:00,435,3,1779
37673,2016-05-18,16:54:00,128,4,459
37674,2016-05-18,17:00:00,370,1,11825
37675,2016-05-18,17:13:00,71,2,2015
37676,2016-05-18,17:13:00,308,1,9100
37677,2016-05-18,17:14:00,287,2,1599
37678,2016-05-18,17:16:00,293,1,3257
37679,2016-05-18,17:18:00,406,2,10404
37680,2016-05-18,17:25:00,321,3,5625
37681,2016-05-18,17:25:00,103,3,1291
37682,2016-05-18,17:42:00,444,1,4531
37683,2016-05-18,17:48:00,288,2,1921
37684,2016-05-18,17:51:00,45,3,2972
37685,2016-05-18,17:53:00,32,2,10579
37686,2016-05-18,18:05:00,187,1,10305
37687,2016-05-18,18:07:00,204,1,2799
37688,2016-05-18,18:08:00,382,2,11184
37689,2016-05-18,18:10:00,366,1,545
37690,2016-05-18,18:10:00,455,2,9191
37691,2016-05-18,18:16:00,118,2,4002
37692,2016-05-18,18:17:00,22,1,4237
37693,2016-05-18,18:19:00,204,2,69
37694,2016-05-18,18:39:00,150,6,6205
37695,2016-05-18,18:44:00,63,2,1521
37696,2016-05-18,18:46:00,88,3,10645
37697,2016-05-18,19:10:00,307,3,7191
37698,2016-05-18,19:27:00,385,3,10572
37699,2016-05-18,19:32:00,109,3,1797
37700,2016-05-18,19:34:00,339,2,11756
37701,2016-05-18,19:37:00,49,2,4934
37702,2016-05-18,19:42:00,140,3,685
37703,2016-05-18,19:49:00,299,5,2224
37704,2016-05-18,19:52:00,455,1,3568
37705,2016-05-18,19:55:00,188,2,9764
37706,2016-05-18,19:57:00,455,1,239
37707,2016-05-18,20:01:00,276,1,6104
37708,2016-05-18,20:06:00,70,1,2215
37709,2016-05-18,20:06:00,108,2,2100
37710,2016-05-18,20:06:00,326,1,7008
37711,2016-05-18,20:07:00,194,1,10796
37712,2016-05-18,20:36:00,169,1,11542
37713,2016-05-18,20:40:00,270,1,10835
37714,2016-05-18,20:49:00,26,2,9350
37715,2016-05-18,21:01:00,174,1,6925
37716,2016-05-18,21:05:00,165,1,5592
37717,2016-05-18,21:07:00,80,2,6800
37718,2016-05-18,21:10:00,408,1,9647
37719,2016-05-18,21:11:00,391,2,10676
37720,2016-05-18,21:12:00,439,2,1289
37721,2016-05-18,21:18:00,283,5,5860
37722,2016-05-18,21:24:00,2,1,9328
37723,2016-05-18,21:25:00,77,1,2161
37724,2016-05-18,21:45:00,369,3,11967
37725,2016-05-18,21:58:00,368,1,1684
37726,2016-05-18,22:14:00,437,1,3908
37727,2016-05-18,22:19:00,334,1,1966
37728,2016-05-18,22:23:00,456,3,7472
37729,2016-05-18,22:24:00,292,3,5859
37730,2016-05-18,22:29:00,379,3,9770
37731,2016-05-18,22:44:00,402,2,141
37732,2016-05-18,22:49:00,338,2,1466
37733,2016-05-18,22:51:00,149,1,10524
37734,2016-05-18,22:54:00,3,3,10501
37735,2016-05-18,22:57:00,336,3,10545
37736,2016-05-18,23:09:00,356,3,6377
37737,2016-05-18,23:19:00,206,4,2861
37738,2016-05-18,23:22:00,343,1,3204
37739,2016-05-18,23:23:00,199,3,7705
37740,2016-05-18,23:29:00,234,3,380
37741,2016-05-18,23:34:00,109,3,3962
37742,2016-05-18,23:37:00,95,2,7168
37743,2016-05-18,23:42:00,343,2,11605
37744,2016-05-18,23:45:00,329,3,4729
37745,2016-05-18,23:54:00,374,3,6350
37746,2016-05-18,23:55:00,168,1,8173
37747,2016-05-18,23:56:00,353,5,9298
37748,2016-05-18,23:57:00,170,2,8553
37749,2016-05-19,00:00:00,389,2,8338
37750,2016-05-19,00:09:00,197,1,10031
37751,2016-05-19,00:24:00,47,2,3568
37752,2016-05-19,00:33:00,384,2,11591
37753,2016-05-19,00:37:00,117,2,6509
37754,2016-05-19,00:40:00,11,1,9044
37755,2016-05-19,00:54:00,222,2,1791
37756,2016-05-19,00:56:00,120,3,8608
37757,2016-05-19,00:56:00,241,3,1260
37758,2016-05-19,00:59:00,220,1,11712
37759,2016-05-19,01:03:00,426,1,2749
37760,2016-05-19,01:04:00,136,2,4852
37761,2016-05-19,01:05:00,334,2,936
37762,2016-05-19,01:09:00,44,2,4569
37763,2016-05-19,01:12:00,332,2,420
37764,2016-05-19,01:14:00,361,1,6796
37765,2016-05-19,01:15:00,23,1,8111
37766,2016-05-19,01:16:00,162,1,8723
37767,2016-05-19,01:16:00,137,2,1115
37768,2016-05-19,01:21:00,289,2,6950
37769,2016-05-19,01:30:00,436,1,2097
37770,2016-05-19,01:32:00,419,1,8269
37771,2016-05-19,01:36:00,44,1,1239
37772,2016-05-19,01:56:00,359,2,3927
37773,2016-05-19,02:05:00,109,1,11952
37774,2016-05-19,02:10:00,194,2,4561
37775,2016-05-19,02:11:00,429,2,10402
37776,2016-05-19,02:14:00,302,2,4311
37777,2016-05-19,02:22:00,258,1,5880
37778,2016-05-19,02:23:00,105,1,10553
37779,2016-05-19,02:26:00,204,3,778
37780,2016-05-19,02:27:00,417,1,1898
37781,2016-05-19,02:39:00,397,1,8580
37782,2016-05-19,02:51:00,400,2,5145
37783,2016-05-19,02:59:00,110,3,9302
37784,2016-05-19,02:59:00,378,2,11180
37785,2016-05-19,03:05:00,173,3,10931
37786,2016-05-19,03:16:00,204,3,3881
37787,2016-05-19,03:18:00,336,2,2157
37788,2016-05-19,03:29:00,83,2,1084
37789,2016-05-19,03:33:00,291,3,9719
37790,2016-05-19,03:42:00,89,2,2492
37791,2016-05-19,03:44:00,220,2,9802
37792,2016-05-19,03:49:00,221,2,4941
37793,2016-05-19,03:58:00,251,1,4263
37794,2016-05-19,03:58:00,401,1,8583
37795,2016-05-19,04:04:00,232,1,5432
37796,2016-05-19,04:12:00,398,1,7203
37797,2016-05-19,04:17:00,386,5,1973
37798,2016-05-19,04:21:00,323,1,11855
37799,2016-05-19,04:27:00,266,1,9381
37800,2016-05-19,04:29:00,243,1,1653
37801,2016-05-19,04:36:00,204,1,4495
37802,2016-05-19,04:49:00,82,4,9560
37803,2016-05-19,04:52:00,346,2,3271
37804,2016-05-19,04:53:00,186,1,3934
37805,2016-05-19,04:54:00,427,4,6281
37806,2016-05-19,05:01:00,344,1,3225
37807,2016-05-19,05:13:00,77,1,6448
37808,2016-05-19,05:21:00,51,3,5188
37809,2016-05-19,05:22:00,317,1,6988
37810,2016-05-19,05:23:00,264,1,10946
37811,2016-05-19,05:23:00,263,4,3538
37812,2016-05-19,05:25:00,113,1,9274
37813,2016-05-19,05:29:00,73,2,7360
37814,2016-05-19,05:30:00,250,1,2703
37815,2016-05-19,05:32:00,347,1,3060
37816,2016-05-19,05:34:00,387,2,9964
37817,2016-05-19,05:37:00,122,2,4584
37818,2016-05-19,05:44:00,71,3,1274
37819,2016-05-19,05:46:00,65,1,5205
37820,2016-05-19,05:50:00,388,2,11189
37821,2016-05-19,05:51:00,250,1,1514
37822,2016-05-19,06:00:00,82,2,5538
37823,2016-05-19,06:06:00,185,3,300
37824,2016-05-19,06:15:00,147,1,5639
37825,2016-05-19,06:19:00,361,2,3510
37826,2016-05-19,06:25:00,330,2,11904
37827,2016-05-19,06:27:00,61,2,8390
37828,2016-05-19,06:28:00,421,1,209
37829,2016-05-19,06:42:00,236,2,11941
37830,2016-05-19,06:47:00,341,4,3141
37831,2016-05-19,06:48:00,76,1,1029
37832,2016-05-19,06:54:00,445,2,8110
37833,2016-05-19,06:59:00,31,1,6480
37834,2016-05-19,06:59:00,449,2,4473
37835,2016-05-19,07:00:00,17,2,4748
37836,2016-05-19,07:03:00,390,1,3909
37837,2016-05-19,07:05:00,8,3,8342
37838,2016-05-19,07:13:00,48,4,2845
37839,2016-05-19,07:14:00,112,4,6222
37840,2016-05-19,07:14:00,410,1,11519
37841,2016-05-19,07:41:00,248,3,7679
37842,2016-05-19,07:48:00,106,2,10604
37843,2016-05-19,07:53:00,293,1,6477
37844,2016-05-19,07:57:00,284,1,7555
37845,2016-05-19,08:07:00,243,1,1185
37846,2016-05-19,08:09:00,263,3,5990
37847,2016-05-19,08:10:00,364,3,9298
37848,2016-05-19,08:18:00,408,1,6636
37849,2016-05-19,08:18:00,303,6,9663
37850,2016-05-19,08:18:00,405,3,7821
37851,2016-05-19,08:21:00,207,1,2996
37852,2016-05-19,08:36:00,313,2,1283
37853,2016-05-19,08:52:00,28,2,6350
37854,2016-05-19,08:52:00,202,2,4128
37855,2016-05-19,08:54:00,151,2,3363
37856,2016-05-19,08:58:00,252,1,11849
37857,2016-05-19,08:58:00,351,2,9194
37858,2016-05-19,09:01:00,263,1,3581
37859,2016-05-19,09:04:00,151,1,8817
37860,2016-05-19,09:23:00,197,1,2439
37861,2016-05-19,09:26:00,291,1,11050
37862,2016-05-19,09:31:00,44,1,5716
37863,2016-05-19,09:37:00,335,1,4519
37864,2016-05-19,09:50:00,66,2,9256
37865,2016-05-19,09:50:00,145,2,960
37866,2016-05-19,09:58:00,456,1,9804
37867,2016-05-19,09:59:00,110,3,11051
37868,2016-05-19,10:00:00,265,1,9221
37869,2016-05-19,10:03:00,444,2,8952
37870,2016-05-19,10:04:00,290,3,1201
37871,2016-05-19,10:08:00,424,1,5659
37872,2016-05-19,10:12:00,364,1,884
37873,2016-05-19,10:14:00,418,1,2419
37874,2016-05-19,10:17:00,338,1,1202
37875,2016-05-19,10:17:00,316,1,10204
37876,2016-05-19,10:18:00,455,1,6699
37877,2016-05-19,10:20:00,181,2,4489
37878,2016-05-19,10:25:00,83,2,3470
37879,2016-05-19,10:27:00,49,2,9812
37880,2016-05-19,10:29:00,216,1,1188
37881,2016-05-19,10:29:00,65,1,5688
37882,2016-05-19,10:31:00,59,1,2548
37883,2016-05-19,10:48:00,352,2,11104
37884,2016-05-19,10:55:00,156,2,8660
37885,2016-05-19,10:59:00,216,3,7067
37886,2016-05-19,11:03:00,364,4,7942
37887,2016-05-19,11:04:00,57,2,11747
37888,2016-05-19,11:05:00,371,1,3863
37889,2016-05-19,11:07:00,277,1,3022
37890,2016-05-19,11:09:00,54,1,1564
37891,2016-05-19,11:10:00,95,1,7044
37892,2016-05-19,11:11:00,457,2,2320
37893,2016-05-19,11:15:00,151,4,10814
37894,2016-05-19,11:20:00,174,3,8543
37895,2016-05-19,11:21:00,365,1,5967
37896,2016-05-19,11:26:00,424,4,8714
37897,2016-05-19,11:29:00,1,1,7761
37898,2016-05-19,11:43:00,439,1,5832
37899,2016-05-19,11:48:00,120,3,4499
37900,2016-05-19,11:52:00,402,2,7839
37901,2016-05-19,12:03:00,245,2,1668
37902,2016-05-19,12:12:00,197,1,7522
37903,2016-05-19,12:13:00,241,1,4968
37904,2016-05-19,12:13:00,71,1,11227
37905,2016-05-19,12:17:00,70,3,6844
37906,2016-05-19,12:20:00,366,3,7030
37907,2016-05-19,12:28:00,323,4,2755
37908,2016-05-19,12:46:00,57,2,11123
37909,2016-05-19,12:47:00,316,1,3446
37910,2016-05-19,12:48:00,30,3,3167
37911,2016-05-19,12:57:00,364,3,6243
37912,2016-05-19,12:59:00,419,3,10592
37913,2016-05-19,13:00:00,158,2,7492
37914,2016-05-19,13:08:00,358,2,3460
37915,2016-05-19,13:15:00,64,7,10472
37916,2016-05-19,13:19:00,7,1,3538
37917,2016-05-19,13:20:00,286,3,9880
37918,2016-05-19,13:27:00,388,4,10713
37919,2016-05-19,13:34:00,77,2,1021
37920,2016-05-19,13:39:00,267,2,1067
37921,2016-05-19,13:40:00,347,1,10407
37922,2016-05-19,13:44:00,446,2,8949
37923,2016-05-19,13:45:00,388,2,11348
37924,2016-05-19,13:49:00,132,2,2363
37925,2016-05-19,13:58:00,213,1,5900
37926,2016-05-19,14:15:00,301,2,8355
37927,2016-05-19,14:18:00,428,3,4680
37928,2016-05-19,14:24:00,158,2,4486
37929,2016-05-19,14:32:00,131,2,1083
37930,2016-05-19,14:33:00,113,1,1697
37931,2016-05-19,14:36:00,173,2,10818
37932,2016-05-19,14:37:00,19,2,752
37933,2016-05-19,14:49:00,12,2,9301
37934,2016-05-19,14:51:00,60,3,5378
37935,2016-05-19,15:18:00,106,1,1760
37936,2016-05-19,15:21:00,33,2,11655
37937,2016-05-19,15:23:00,173,2,4037
37938,2016-05-19,15:24:00,188,1,2539
37939,2016-05-19,15:25:00,403,2,6573
37940,2016-05-19,15:29:00,158,2,1804
37941,2016-05-19,15:33:00,436,1,8956
37942,2016-05-19,15:33:00,132,2,4625
37943,2016-05-19,15:35:00,29,1,8590
37944,2016-05-19,15:37:00,159,1,1872
37945,2016-05-19,15:57:00,178,2,9657
37946,2016-05-19,15:59:00,400,1,5965
37947,2016-05-19,16:00:00,104,1,3896
37948,2016-05-19,16:16:00,139,1,5200
37949,2016-05-19,16:17:00,448,4,8867
37950,2016-05-19,16:29:00,429,1,7909
37951,2016-05-19,16:30:00,280,1,11842
37952,2016-05-19,16:35:00,338,1,7283
37953,2016-05-19,16:35:00,201,2,7898
37954,2016-05-19,16:46:00,230,3,3570
37955,2016-05-19,16:58:00,448,2,4763
37956,2016-05-19,17:04:00,390,2,10607
37957,2016-05-19,17:07:00,310,2,8093
37958,2016-05-19,17:11:00,419,4,7841
37959,2016-05-19,17:16:00,137,1,1705
37960,2016-05-19,17:16:00,389,1,8788
37961,2016-05-19,17:17:00,407,2,889
37962,2016-05-19,17:20:00,407,1,11696
37963,2016-05-19,17:29:00,267,1,3345
37964,2016-05-19,17:31:00,180,1,8565
37965,2016-05-19,17:39:00,127,2,7351
37966,2016-05-19,17:46:00,313,3,4684
37967,2016-05-19,17:59:00,389,2,9698
37968,2016-05-19,18:02:00,442,2,1054
37969,2016-05-19,18:06:00,95,2,11671
37970,2016-05-19,18:09:00,92,1,7311
37971,2016-05-19,18:17:00,434,2,1077
37972,2016-05-19,18:21:00,41,1,2393
37973,2016-05-19,18:28:00,129,2,8670
37974,2016-05-19,18:29:00,171,2,5749
37975,2016-05-19,18:30:00,452,1,4836
37976,2016-05-19,18:37:00,125,3,3888
37977,2016-05-19,18:37:00,69,1,7956
37978,2016-05-19,18:40:00,424,3,8572
37979,2016-05-19,18:41:00,400,2,11302
37980,2016-05-19,18:44:00,157,1,662
37981,2016-05-19,18:49:00,260,1,5426
37982,2016-05-19,18:52:00,359,4,257
37983,2016-05-19,18:54:00,321,4,7373
37984,2016-05-19,18:55:00,153,1,8384
37985,2016-05-19,19:02:00,10,2,8867
37986,2016-05-19,19:07:00,415,3,8544
37987,2016-05-19,19:18:00,179,2,1802
37988,2016-05-19,19:26:00,266,2,6954
37989,2016-05-19,19:29:00,264,2,11074
37990,2016-05-19,19:35:00,243,2,4384
37991,2016-05-19,19:47:00,306,2,4843
37992,2016-05-19,20:04:00,34,2,5429
37993,2016-05-19,20:09:00,120,3,5170
37994,2016-05-19,20:12:00,69,3,6745
37995,2016-05-19,20:31:00,47,2,5272
37996,2016-05-19,20:32:00,244,1,709
37997,2016-05-19,20:35:00,71,1,8474
37998,2016-05-19,20:44:00,409,3,492
37999,2016-05-19,20:47:00,225,1,9847
38000,2016-05-19,20:56:00,86,1,1127
38001,2016-05-19,20:56:00,63,4,1615
38002,2016-05-19,21:01:00,112,1,7899
38003,2016-05-19,21:04:00,309,2,4606
38004,2016-05-19,21:05:00,36,2,2844
38005,2016-05-19,21:11:00,93,3,2095
38006,2016-05-19,21:41:00,437,2,270
38007,2016-05-19,21:44:00,220,2,36
38008,2016-05-19,21:54:00,300,2,7588
38009,2016-05-19,21:54:00,266,3,8820
38010,2016-05-19,21:55:00,404,1,10467
38011,2016-05-19,21:58:00,326,3,7955
38012,2016-05-19,22:03:00,279,1,1772
38013,2016-05-19,22:03:00,386,1,3781
38014,2016-05-19,22:04:00,164,2,6894
38015,2016-05-19,22:04:00,165,3,9063
38016,2016-05-19,22:05:00,50,2,4354
38017,2016-05-19,22:11:00,374,2,7014
38018,2016-05-19,22:31:00,316,1,9223
38019,2016-05-19,22:32:00,318,2,11383
38020,2016-05-19,22:35:00,186,2,4856
38021,2016-05-19,22:38:00,188,2,1498
38022,2016-05-19,22:42:00,368,2,9175
38023,2016-05-19,22:46:00,92,1,10610
38024,2016-05-19,22:49:00,223,1,7070
38025,2016-05-19,22:53:00,356,1,7319
38026,2016-05-19,22:54:00,179,3,4581
38027,2016-05-19,22:58:00,151,1,7736
38028,2016-05-19,23:01:00,189,1,7975
38029,2016-05-19,23:04:00,190,1,10277
38030,2016-05-19,23:07:00,403,2,6493
38031,2016-05-19,23:07:00,362,1,816
38032,2016-05-19,23:07:00,200,2,1532
38033,2016-05-19,23:10:00,212,2,3883
38034,2016-05-19,23:18:00,445,2,6606
38035,2016-05-19,23:19:00,308,1,6745
38036,2016-05-19,23:24:00,402,1,7920
38037,2016-05-19,23:27:00,11,1,3125
38038,2016-05-19,23:33:00,394,3,10748
38039,2016-05-19,23:37:00,335,3,1695
38040,2016-05-19,23:42:00,125,1,9575
38041,2016-05-19,23:43:00,246,2,8446
38042,2016-05-19,23:44:00,236,1,7476
38043,2016-05-20,00:02:00,167,4,5068
38044,2016-05-20,00:06:00,431,3,2289
38045,2016-05-20,00:07:00,393,1,4773
38046,2016-05-20,00:14:00,112,1,10054
38047,2016-05-20,00:17:00,43,1,11024
38048,2016-05-20,00:21:00,333,3,9723
38049,2016-05-20,00:23:00,339,2,4942
38050,2016-05-20,00:23:00,396,2,5270
38051,2016-05-20,00:24:00,85,1,11068
38052,2016-05-20,00:33:00,398,1,5548
38053,2016-05-20,00:36:00,390,5,3267
38054,2016-05-20,00:36:00,151,2,1872
38055,2016-05-20,00:47:00,283,1,5625
38056,2016-05-20,00:54:00,309,3,11103
38057,2016-05-20,01:02:00,420,2,8475
38058,2016-05-20,01:07:00,70,1,8894
38059,2016-05-20,01:10:00,250,4,7664
38060,2016-05-20,01:12:00,213,2,1330
38061,2016-05-20,01:15:00,103,2,5687
38062,2016-05-20,01:23:00,375,1,11270
38063,2016-05-20,01:29:00,256,1,10228
38064,2016-05-20,01:33:00,12,1,7533
38065,2016-05-20,01:42:00,262,2,842
38066,2016-05-20,01:44:00,342,3,7336
38067,2016-05-20,01:46:00,5,2,1463
38068,2016-05-20,01:51:00,406,1,3625
38069,2016-05-20,02:04:00,153,4,11913
38070,2016-05-20,02:16:00,276,5,8649
38071,2016-05-20,02:19:00,410,1,9115
38072,2016-05-20,02:33:00,88,3,10439
38073,2016-05-20,02:35:00,365,2,3277
38074,2016-05-20,02:41:00,175,3,10227
38075,2016-05-20,02:47:00,328,3,7790
38076,2016-05-20,02:48:00,190,2,5312
38077,2016-05-20,02:51:00,282,3,11481
38078,2016-05-20,02:52:00,293,1,4467
38079,2016-05-20,02:59:00,126,2,2388
38080,2016-05-20,03:08:00,428,1,6280
38081,2016-05-20,03:12:00,50,1,8026
38082,2016-05-20,03:15:00,313,2,7217
38083,2016-05-20,03:18:00,160,2,1043
38084,2016-05-20,03:20:00,93,1,5367
38085,2016-05-20,03:22:00,89,3,4990
38086,2016-05-20,03:23:00,9,3,5240
38087,2016-05-20,03:24:00,25,1,3649
38088,2016-05-20,03:26:00,234,2,8877
38089,2016-05-20,03:27:00,423,1,6408
38090,2016-05-20,03:30:00,76,1,7205
38091,2016-05-20,03:38:00,155,1,196
38092,2016-05-20,03:47:00,163,4,1977
38093,2016-05-20,03:47:00,15,2,517
38094,2016-05-20,03:51:00,163,1,3291
38095,2016-05-20,04:06:00,382,1,1956
38096,2016-05-20,04:12:00,441,2,2321
38097,2016-05-20,04:19:00,47,2,3683
38098,2016-05-20,04:24:00,290,1,673
38099,2016-05-20,04:34:00,379,1,8164
38100,2016-05-20,04:36:00,181,3,202
38101,2016-05-20,04:42:00,248,3,772
38102,2016-05-20,04:43:00,427,3,6825
38103,2016-05-20,04:44:00,345,1,8145
38104,2016-05-20,04:51:00,83,4,8477
38105,2016-05-20,04:54:00,349,3,10015
38106,2016-05-20,04:58:00,137,2,1334
38107,2016-05-20,04:59:00,445,1,6364
38108,2016-05-20,05:07:00,437,1,11817
38109,2016-05-20,05:12:00,184,1,2252
38110,2016-05-20,05:28:00,347,1,2392
38111,2016-05-20,05:52:00,194,3,11929
38112,2016-05-20,05:52:00,414,2,5101
38113,2016-05-20,05:57:00,53,2,5495
38114,2016-05-20,05:59:00,440,2,10660
38115,2016-05-20,06:16:00,305,2,1086
38116,2016-05-20,06:25:00,62,3,4412
38117,2016-05-20,06:28:00,249,3,3566
38118,2016-05-20,06:39:00,1,2,1216
38119,2016-05-20,06:47:00,234,1,11826
38120,2016-05-20,06:54:00,56,3,5252
38121,2016-05-20,06:58:00,97,1,5142
38122,2016-05-20,07:09:00,255,3,4011
38123,2016-05-20,07:21:00,7,2,10170
38124,2016-05-20,07:26:00,331,1,6835
38125,2016-05-20,07:30:00,147,2,3790
38126,2016-05-20,07:35:00,287,1,3032
38127,2016-05-20,07:35:00,353,1,3595
38128,2016-05-20,07:39:00,378,3,8699
38129,2016-05-20,07:40:00,404,1,8403
38130,2016-05-20,07:41:00,209,1,1610
38131,2016-05-20,07:44:00,458,2,9477
38132,2016-05-20,07:47:00,318,2,2565
38133,2016-05-20,07:48:00,8,1,7331
38134,2016-05-20,07:49:00,212,2,1660
38135,2016-05-20,07:50:00,37,2,820
38136,2016-05-20,07:52:00,345,2,1156
38137,2016-05-20,07:56:00,189,3,11609
38138,2016-05-20,08:02:00,178,2,5757
38139,2016-05-20,08:13:00,251,3,1003
38140,2016-05-20,08:33:00,165,3,11348
38141,2016-05-20,08:35:00,360,2,8038
38142,2016-05-20,08:38:00,318,2,3780
38143,2016-05-20,08:40:00,101,1,4897
38144,2016-05-20,08:44:00,309,1,835
38145,2016-05-20,08:46:00,374,1,10177
38146,2016-05-20,09:02:00,319,4,2192
38147,2016-05-20,09:05:00,187,4,7851
38148,2016-05-20,09:06:00,367,1,11097
38149,2016-05-20,09:09:00,194,2,8976
38150,2016-05-20,09:20:00,203,2,10402
38151,2016-05-20,09:50:00,140,1,11603
38152,2016-05-20,09:58:00,152,2,7621
38153,2016-05-20,09:59:00,53,1,8072
38154,2016-05-20,10:01:00,270,1,10925
38155,2016-05-20,10:10:00,221,2,1352
38156,2016-05-20,10:12:00,98,2,6992
38157,2016-05-20,10:15:00,368,2,3697
38158,2016-05-20,10:22:00,52,4,7033
38159,2016-05-20,10:25:00,82,1,6105
38160,2016-05-20,10:33:00,155,1,4722
38161,2016-05-20,10:35:00,189,2,3856
38162,2016-05-20,10:36:00,42,2,10498
38163,2016-05-20,10:37:00,410,3,1436
38164,2016-05-20,10:43:00,240,3,3474
38165,2016-05-20,10:43:00,55,2,11372
38166,2016-05-20,10:48:00,440,1,3816
38167,2016-05-20,10:48:00,332,1,11590
38168,2016-05-20,10:51:00,3,4,5380
38169,2016-05-20,11:07:00,71,5,2860
38170,2016-05-20,11:07:00,35,1,6200
38171,2016-05-20,11:14:00,71,2,7186
38172,2016-05-20,11:16:00,120,2,790
38173,2016-05-20,11:19:00,130,2,7379
38174,2016-05-20,11:21:00,81,2,1866
38175,2016-05-20,11:33:00,340,2,4524
38176,2016-05-20,11:39:00,358,1,11592
38177,2016-05-20,11:49:00,54,1,9681
38178,2016-05-20,11:52:00,323,1,6287
38179,2016-05-20,11:54:00,46,2,4073
38180,2016-05-20,11:55:00,282,1,6684
38181,2016-05-20,12:02:00,345,1,817
38182,2016-05-20,12:02:00,103,5,11502
38183,2016-05-20,12:03:00,27,2,5728
38184,2016-05-20,12:12:00,57,2,2550
38185,2016-05-20,12:15:00,243,1,940
38186,2016-05-20,12:20:00,47,5,6510
38187,2016-05-20,12:20:00,292,1,11660
38188,2016-05-20,12:25:00,424,5,11426
38189,2016-05-20,12:34:00,236,1,10434
38190,2016-05-20,12:38:00,442,2,9665
38191,2016-05-20,12:41:00,284,2,7859
38192,2016-05-20,12:45:00,7,1,3702
38193,2016-05-20,12:46:00,299,2,10793
38194,2016-05-20,12:49:00,285,1,614
38195,2016-05-20,13:02:00,219,2,11741
38196,2016-05-20,13:08:00,107,3,4492
38197,2016-05-20,13:11:00,175,2,4566
38198,2016-05-20,13:17:00,411,2,3158
38199,2016-05-20,13:28:00,249,1,10294
38200,2016-05-20,13:38:00,208,2,11788
38201,2016-05-20,13:42:00,294,2,8243
38202,2016-05-20,13:45:00,151,1,7920
38203,2016-05-20,13:46:00,58,1,2190
38204,2016-05-20,13:47:00,351,1,1357
38205,2016-05-20,13:52:00,393,3,6613
38206,2016-05-20,13:56:00,341,3,1322
38207,2016-05-20,14:01:00,398,2,10519
38208,2016-05-20,14:06:00,109,1,646
38209,2016-05-20,14:09:00,266,2,11443
38210,2016-05-20,14:15:00,140,2,3086
38211,2016-05-20,14:25:00,64,2,935
38212,2016-05-20,14:35:00,199,2,9601
38213,2016-05-20,14:39:00,367,1,3936
38214,2016-05-20,14:51:00,142,1,9153
38215,2016-05-20,14:56:00,258,1,8853
38216,2016-05-20,14:56:00,253,1,817
38217,2016-05-20,15:02:00,390,2,3706
38218,2016-05-20,15:11:00,280,1,10660
38219,2016-05-20,15:13:00,300,1,4736
38220,2016-05-20,15:18:00,191,3,7765
38221,2016-05-20,15:24:00,126,2,4594
38222,2016-05-20,15:24:00,318,1,1454
38223,2016-05-20,15:42:00,450,3,4864
38224,2016-05-20,15:45:00,433,2,9408
38225,2016-05-20,15:48:00,60,1,6810
38226,2016-05-20,15:51:00,401,1,4694
38227,2016-05-20,15:56:00,4,2,9623
38228,2016-05-20,16:00:00,249,3,5398
38229,2016-05-20,16:06:00,139,2,10158
38230,2016-05-20,16:14:00,120,2,9119
38231,2016-05-20,16:23:00,431,1,9670
38232,2016-05-20,16:28:00,281,1,2730
38233,2016-05-20,16:39:00,115,4,4385
38234,2016-05-20,16:54:00,8,2,3581
38235,2016-05-20,17:02:00,324,1,547
38236,2016-05-20,17:03:00,134,1,9078
38237,2016-05-20,17:06:00,170,3,8249
38238,2016-05-20,17:12:00,311,3,5800
38239,2016-05-20,17:18:00,352,2,4206
38240,2016-05-20,17:34:00,95,2,3658
38241,2016-05-20,17:39:00,113,3,707
38242,2016-05-20,17:42:00,18,1,11254
38243,2016-05-20,17:45:00,314,2,3503
38244,2016-05-20,17:46:00,333,1,8669
38245,2016-05-20,17:48:00,20,2,11533
38246,2016-05-20,17:51:00,139,1,2941
38247,2016-05-20,17:57:00,451,4,3437
38248,2016-05-20,18:03:00,79,2,7152
38249,2016-05-20,18:06:00,208,2,3096
38250,2016-05-20,18:12:00,174,2,66
38251,2016-05-20,18:21:00,346,2,1928
38252,2016-05-20,18:22:00,237,2,7619
38253,2016-05-20,18:29:00,305,1,9499
38254,2016-05-20,18:29:00,143,3,7973
38255,2016-05-20,18:33:00,80,2,2624
38256,2016-05-20,18:34:00,244,5,7202
38257,2016-05-20,18:35:00,252,1,1197
38258,2016-05-20,18:39:00,115,1,10687
38259,2016-05-20,19:01:00,198,3,660
38260,2016-05-20,19:04:00,145,3,3905
38261,2016-05-20,19:06:00,320,1,7924
38262,2016-05-20,19:16:00,333,2,7973
38263,2016-05-20,19:23:00,189,2,4577
38264,2016-05-20,19:28:00,181,2,11558
38265,2016-05-20,19:46:00,402,4,8883
38266,2016-05-20,19:49:00,288,2,4343
38267,2016-05-20,19:54:00,425,1,10737
38268,2016-05-20,20:00:00,221,2,870
38269,2016-05-20,20:11:00,454,2,6598
38270,2016-05-20,20:11:00,2,1,9593
38271,2016-05-20,20:12:00,17,1,2910
38272,2016-05-20,20:19:00,95,2,10697
38273,2016-05-20,20:20:00,282,2,11369
38274,2016-05-20,20:29:00,34,1,3100
38275,2016-05-20,20:30:00,2,2,10847
38276,2016-05-20,20:37:00,215,1,7927
38277,2016-05-20,20:37:00,406,3,11604
38278,2016-05-20,20:46:00,19,1,4607
38279,2016-05-20,20:47:00,104,2,6394
38280,2016-05-20,20:49:00,52,2,8279
38281,2016-05-20,21:04:00,410,2,8273
38282,2016-05-20,21:04:00,346,1,9602
38283,2016-05-20,21:06:00,449,2,2618
38284,2016-05-20,21:14:00,19,2,11538
38285,2016-05-20,21:20:00,224,3,7030
38286,2016-05-20,21:22:00,40,2,10648
38287,2016-05-20,21:25:00,50,1,10548
38288,2016-05-20,21:36:00,330,4,4197
38289,2016-05-20,21:39:00,208,3,6718
38290,2016-05-20,21:41:00,194,2,2167
38291,2016-05-20,21:51:00,96,2,1127
38292,2016-05-20,21:53:00,112,5,2525
38293,2016-05-20,21:56:00,136,3,5207
38294,2016-05-20,21:58:00,399,1,5126
38295,2016-05-20,22:07:00,441,1,1618
38296,2016-05-20,22:09:00,311,1,8932
38297,2016-05-20,22:10:00,367,1,4634
38298,2016-05-20,22:14:00,47,3,10357
38299,2016-05-20,22:31:00,233,3,4763
38300,2016-05-20,22:36:00,141,2,9203
38301,2016-05-20,22:40:00,44,1,11026
38302,2016-05-20,22:46:00,126,3,8344
38303,2016-05-20,22:47:00,247,2,10136
38304,2016-05-20,22:59:00,83,1,2738
38305,2016-05-20,23:05:00,296,2,1109
38306,2016-05-20,23:09:00,393,2,4400
38307,2016-05-20,23:10:00,359,1,6543
38308,2016-05-20,23:11:00,253,1,4870
38309,2016-05-20,23:18:00,46,1,4299
38310,2016-05-20,23:28:00,145,4,10304
38311,2016-05-20,23:29:00,276,1,11874
38312,2016-05-20,23:39:00,356,3,6144
38313,2016-05-20,23:39:00,271,3,3544
38314,2016-05-20,23:44:00,279,1,3608
38315,2016-05-20,23:45:00,455,2,6084
38316,2016-05-20,23:47:00,229,1,2502
38317,2016-05-20,23:48:00,225,3,11968
38318,2016-05-20,23:54:00,203,4,1698
38319,2016-05-20,23:57:00,308,1,5458
38320,2016-05-21,00:05:00,48,1,3279
38321,2016-05-21,00:13:00,167,3,44
38322,2016-05-21,00:21:00,328,2,6035
38323,2016-05-21,00:27:00,297,1,8429
38324,2016-05-21,00:31:00,6,1,4203
38325,2016-05-21,00:47:00,398,1,4500
38326,2016-05-21,00:47:00,275,2,4293
38327,2016-05-21,00:57:00,16,2,2581
38328,2016-05-21,01:02:00,10,1,9580
38329,2016-05-21,01:02:00,73,3,9410
38330,2016-05-21,01:02:00,123,3,5635
38331,2016-05-21,01:05:00,162,1,4456
38332,2016-05-21,01:06:00,371,2,7649
38333,2016-05-21,01:08:00,403,1,5623
38334,2016-05-21,01:09:00,207,2,3971
38335,2016-05-21,01:12:00,56,1,10648
38336,2016-05-21,01:13:00,172,5,10042
38337,2016-05-21,01:23:00,255,1,5121
38338,2016-05-21,01:27:00,431,5,9893
38339,2016-05-21,01:34:00,271,1,11655
38340,2016-05-21,01:34:00,183,2,9466
38341,2016-05-21,01:50:00,145,2,2536
38342,2016-05-21,01:57:00,310,4,8874
38343,2016-05-21,02:00:00,153,2,1073
38344,2016-05-21,02:02:00,35,1,3344
38345,2016-05-21,02:29:00,286,3,3205
38346,2016-05-21,02:32:00,149,1,11023
38347,2016-05-21,02:38:00,370,1,6741
38348,2016-05-21,02:38:00,227,2,11092
38349,2016-05-21,02:42:00,413,2,5604
38350,2016-05-21,02:43:00,139,1,6971
38351,2016-05-21,03:15:00,457,2,7611
38352,2016-05-21,03:16:00,44,1,4987
38353,2016-05-21,03:16:00,387,4,11841
38354,2016-05-21,03:19:00,150,1,11584
38355,2016-05-21,03:28:00,100,2,6980
38356,2016-05-21,03:32:00,318,3,7545
38357,2016-05-21,03:39:00,93,1,9435
38358,2016-05-21,03:43:00,4,1,6948
38359,2016-05-21,03:44:00,393,1,6358
38360,2016-05-21,03:56:00,98,1,6946
38361,2016-05-21,04:01:00,265,3,11893
38362,2016-05-21,04:08:00,40,1,7400
38363,2016-05-21,04:15:00,132,2,3455
38364,2016-05-21,04:22:00,292,2,3700
38365,2016-05-21,04:28:00,77,5,687
38366,2016-05-21,04:29:00,70,2,2953
38367,2016-05-21,04:35:00,18,1,5443
38368,2016-05-21,04:38:00,362,3,3128
38369,2016-05-21,04:42:00,371,3,11279
38370,2016-05-21,04:43:00,47,2,654
38371,2016-05-21,04:48:00,246,1,11743
38372,2016-05-21,04:53:00,85,1,1712
38373,2016-05-21,05:09:00,293,3,7762
38374,2016-05-21,05:09:00,220,3,1561
38375,2016-05-21,05:11:00,221,1,6290
38376,2016-05-21,05:13:00,169,2,3281
38377,2016-05-21,05:18:00,129,1,10014
38378,2016-05-21,05:21:00,122,2,1721
38379,2016-05-21,05:35:00,362,1,7254
38380,2016-05-21,05:37:00,38,4,2654
38381,2016-05-21,05:42:00,446,1,3663
38382,2016-05-21,05:49:00,307,2,3701
38383,2016-05-21,05:51:00,5,3,7228
38384,2016-05-21,05:52:00,211,1,11135
38385,2016-05-21,06:01:00,16,1,2629
38386,2016-05-21,06:02:00,374,2,8717
38387,2016-05-21,06:03:00,181,1,45
38388,2016-05-21,06:04:00,169,2,11276
38389,2016-05-21,06:14:00,17,1,9801
38390,2016-05-21,06:15:00,395,2,10653
38391,2016-05-21,06:17:00,380,3,8652
38392,2016-05-21,06:20:00,91,2,4851
38393,2016-05-21,06:22:00,103,1,7512
38394,2016-05-21,06:37:00,57,1,7658
38395,2016-05-21,06:38:00,335,3,6416
38396,2016-05-21,06:45:00,156,4,3082
38397,2016-05-21,06:48:00,14,3,1130
38398,2016-05-21,06:48:00,200,3,2447
38399,2016-05-21,06:49:00,197,2,4363
38400,2016-05-21,06:52:00,59,3,1751
38401,2016-05-21,06:53:00,259,1,4085
38402,2016-05-21,07:06:00,47,1,8641
38403,2016-05-21,07:11:00,214,2,258
38404,2016-05-21,07:12:00,310,4,1671
38405,2016-05-21,07:17:00,63,1,1714
38406,2016-05-21,07:19:00,299,2,5726
38407,2016-05-21,07:23:00,12,2,5610
38408,2016-05-21,07:33:00,455,2,1063
38409,2016-05-21,07:35:00,273,1,4931
38410,2016-05-21,07:43:00,203,2,1291
38411,2016-05-21,07:44:00,187,1,6101
38412,2016-05-21,07:47:00,315,1,6658
38413,2016-05-21,07:47:00,21,3,6737
38414,2016-05-21,07:51:00,406,3,4074
38415,2016-05-21,08:00:00,15,1,3270
38416,2016-05-21,08:04:00,173,2,4724
38417,2016-05-21,08:05:00,29,1,590
38418,2016-05-21,08:07:00,202,2,3251
38419,2016-05-21,08:07:00,404,1,7489
38420,2016-05-21,08:13:00,330,2,10071
38421,2016-05-21,08:22:00,338,4,9154
38422,2016-05-21,08:24:00,29,4,7731
38423,2016-05-21,08:27:00,110,1,3211
38424,2016-05-21,08:48:00,185,1,3482
38425,2016-05-21,09:05:00,308,2,1477
38426,2016-05-21,09:05:00,320,2,2945
38427,2016-05-21,09:08:00,190,1,5832
38428,2016-05-21,09:09:00,162,4,4977
38429,2016-05-21,09:13:00,139,2,3402
38430,2016-05-21,09:14:00,144,2,2754
38431,2016-05-21,09:18:00,235,1,1334
38432,2016-05-21,09:30:00,316,2,3033
38433,2016-05-21,09:47:00,169,3,7836
38434,2016-05-21,09:51:00,208,1,11920
38435,2016-05-21,09:54:00,251,2,10841
38436,2016-05-21,10:03:00,186,3,11606
38437,2016-05-21,10:03:00,227,2,10406
38438,2016-05-21,10:24:00,310,3,3534
38439,2016-05-21,10:35:00,137,2,10139
38440,2016-05-21,11:00:00,128,1,5725
38441,2016-05-21,11:16:00,434,1,4793
38442,2016-05-21,11:43:00,155,1,6271
38443,2016-05-21,11:52:00,113,2,3159
38444,2016-05-21,11:58:00,211,3,4388
38445,2016-05-21,12:17:00,20,5,11784
38446,2016-05-21,12:28:00,270,4,9459
38447,2016-05-21,12:35:00,173,1,3645
38448,2016-05-21,12:42:00,64,2,9379
38449,2016-05-21,12:42:00,77,2,4881
38450,2016-05-21,12:45:00,427,1,9824
38451,2016-05-21,12:45:00,104,2,10430
38452,2016-05-21,12:50:00,345,2,3581
38453,2016-05-21,12:56:00,124,1,8059
38454,2016-05-21,12:56:00,198,2,7200
38455,2016-05-21,12:57:00,397,2,8122
38456,2016-05-21,12:59:00,368,1,7894
38457,2016-05-21,13:04:00,152,4,4346
38458,2016-05-21,13:06:00,276,1,7523
38459,2016-05-21,13:19:00,405,2,5118
38460,2016-05-21,13:21:00,456,3,9669
38461,2016-05-21,13:22:00,86,2,7357
38462,2016-05-21,13:37:00,386,3,5159
38463,2016-05-21,13:39:00,183,2,10270
38464,2016-05-21,13:41:00,84,2,2274
38465,2016-05-21,13:42:00,194,3,608
38466,2016-05-21,13:44:00,370,2,3427
38467,2016-05-21,13:47:00,413,2,10682
38468,2016-05-21,13:54:00,188,5,2681
38469,2016-05-21,14:01:00,26,3,1014
38470,2016-05-21,14:01:00,325,2,11464
38471,2016-05-21,14:09:00,154,2,2837
38472,2016-05-21,14:14:00,323,3,4610
38473,2016-05-21,14:26:00,403,2,2986
38474,2016-05-21,14:29:00,35,1,8617
38475,2016-05-21,14:30:00,259,2,3511
38476,2016-05-21,14:38:00,428,3,796
38477,2016-05-21,14:41:00,17,4,9698
38478,2016-05-21,14:42:00,127,1,6391
38479,2016-05-21,14:43:00,58,1,6817
38480,2016-05-21,14:44:00,434,3,11894
38481,2016-05-21,14:53:00,124,1,965
38482,2016-05-21,15:04:00,11,1,7962
38483,2016-05-21,15:07:00,52,3,6791
38484,2016-05-21,15:13:00,32,4,472
38485,2016-05-21,15:18:00,403,1,3482
38486,2016-05-21,15:24:00,207,1,3545
38487,2016-05-21,15:27:00,277,2,3097
38488,2016-05-21,15:28:00,387,1,1390
38489,2016-05-21,15:31:00,211,3,537
38490,2016-05-21,15:32:00,330,3,5778
38491,2016-05-21,15:36:00,82,2,9137
38492,2016-05-21,15:37:00,397,2,5440
38493,2016-05-21,15:38:00,83,2,5247
38494,2016-05-21,15:48:00,272,3,4850
38495,2016-05-21,16:04:00,117,1,8304
38496,2016-05-21,16:08:00,124,1,10736
38497,2016-05-21,16:16:00,231,2,6817
38498,2016-05-21,16:20:00,362,1,5498
38499,2016-05-21,16:24:00,258,1,1126
38500,2016-05-21,16:28:00,13,1,2897
38501,2016-05-21,16:34:00,427,1,6058
38502,2016-05-21,16:40:00,170,3,7381
38503,2016-05-21,16:40:00,346,1,9107
38504,2016-05-21,16:54:00,260,1,11029
38505,2016-05-21,16:57:00,419,2,2556
38506,2016-05-21,16:57:00,116,3,10080
38507,2016-05-21,17:00:00,351,2,1853
38508,2016-05-21,17:05:00,86,2,991
38509,2016-05-21,17:13:00,242,1,5336
38510,2016-05-21,17:21:00,189,3,5706
38511,2016-05-21,17:21:00,178,1,30
38512,2016-05-21,17:31:00,347,2,4675
38513,2016-05-21,17:39:00,139,2,10822
38514,2016-05-21,17:56:00,149,4,3140
38515,2016-05-21,17:59:00,204,1,651
38516,2016-05-21,18:00:00,19,2,10997
38517,2016-05-21,18:07:00,231,2,5706
38518,2016-05-21,18:16:00,67,1,9020
38519,2016-05-21,18:20:00,131,1,1418
38520,2016-05-21,18:23:00,455,2,10069
38521,2016-05-21,18:23:00,38,2,7621
38522,2016-05-21,18:35:00,217,2,4508
38523,2016-05-21,18:42:00,353,3,3995
38524,2016-05-21,18:42:00,427,1,11044
38525,2016-05-21,18:44:00,413,3,9132
38526,2016-05-21,18:46:00,325,4,5518
38527,2016-05-21,18:56:00,335,2,1740
38528,2016-05-21,18:57:00,114,1,4871
38529,2016-05-21,19:04:00,26,4,931
38530,2016-05-21,19:04:00,5,2,11956
38531,2016-05-21,19:04:00,70,4,1119
38532,2016-05-21,19:12:00,87,2,3939
38533,2016-05-21,19:16:00,280,2,9766
38534,2016-05-21,19:20:00,108,2,5178
38535,2016-05-21,19:23:00,405,3,5759
38536,2016-05-21,19:28:00,24,1,5983
38537,2016-05-21,19:31:00,320,1,6152
38538,2016-05-21,19:32:00,419,3,9949
38539,2016-05-21,19:35:00,258,1,8447
38540,2016-05-21,19:36:00,238,1,3099
38541,2016-05-21,19:37:00,350,1,1414
38542,2016-05-21,19:37:00,181,1,1700
38543,2016-05-21,19:40:00,215,1,10580
38544,2016-05-21,19:53:00,277,1,7596
38545,2016-05-21,19:58:00,243,1,11581
38546,2016-05-21,20:05:00,346,2,3804
38547,2016-05-21,20:15:00,177,2,10629
38548,2016-05-21,20:18:00,440,2,2050
38549,2016-05-21,20:21:00,330,2,9775
38550,2016-05-21,20:23:00,260,2,9309
38551,2016-05-21,20:23:00,283,1,6046
38552,2016-05-21,20:25:00,165,2,1435
38553,2016-05-21,20:34:00,131,2,10982
38554,2016-05-21,20:37:00,255,3,2313
38555,2016-05-21,20:40:00,369,2,11828
38556,2016-05-21,20:41:00,281,3,6406
38557,2016-05-21,20:48:00,156,2,11604
38558,2016-05-21,20:52:00,187,2,11188
38559,2016-05-21,20:54:00,193,4,7003
38560,2016-05-21,21:05:00,2,1,8408
38561,2016-05-21,21:06:00,367,1,8263
38562,2016-05-21,21:08:00,290,1,10421
38563,2016-05-21,21:14:00,406,1,8081
38564,2016-05-21,21:22:00,413,2,9774
38565,2016-05-21,21:36:00,114,2,5839
38566,2016-05-21,21:37:00,135,1,1509
38567,2016-05-21,21:39:00,176,1,321
38568,2016-05-21,21:46:00,79,1,7630
38569,2016-05-21,21:46:00,314,1,10022
38570,2016-05-21,21:55:00,375,4,69
38571,2016-05-21,22:00:00,4,1,5387
38572,2016-05-21,22:03:00,188,2,8111
38573,2016-05-21,22:14:00,425,1,6145
38574,2016-05-21,22:18:00,369,1,9172
38575,2016-05-21,22:25:00,263,1,292
38576,2016-05-21,22:27:00,49,1,1781
38577,2016-05-21,22:36:00,88,4,252
38578,2016-05-21,22:40:00,448,1,6321
38579,2016-05-21,22:40:00,70,1,11624
38580,2016-05-21,22:40:00,140,2,1182
38581,2016-05-21,22:41:00,458,1,7689
38582,2016-05-21,22:43:00,395,2,4557
38583,2016-05-21,22:52:00,382,5,8213
38584,2016-05-21,22:52:00,38,1,6503
38585,2016-05-21,23:02:00,189,4,10917
38586,2016-05-21,23:04:00,76,3,9277
38587,2016-05-21,23:10:00,390,3,11210
38588,2016-05-21,23:18:00,21,2,7501
38589,2016-05-21,23:27:00,44,3,3724
38590,2016-05-21,23:28:00,184,3,4805
38591,2016-05-21,23:32:00,396,2,5239
38592,2016-05-21,23:36:00,430,1,2814
38593,2016-05-21,23:36:00,156,1,5963
38594,2016-05-21,23:42:00,381,1,8439
38595,2016-05-21,23:45:00,417,2,6438
38596,2016-05-21,23:48:00,418,2,146
38597,2016-05-21,23:50:00,430,3,10050
38598,2016-05-21,23:54:00,175,1,9816
38599,2016-05-22,00:01:00,117,2,6355
38600,2016-05-22,00:03:00,387,2,11832
38601,2016-05-22,00:03:00,434,1,1402
38602,2016-05-22,00:05:00,444,1,10096
38603,2016-05-22,00:08:00,357,2,10117
38604,2016-05-22,00:08:00,170,2,3848
38605,2016-05-22,00:12:00,304,2,4481
38606,2016-05-22,00:12:00,155,2,8953
38607,2016-05-22,00:14:00,134,3,10146
38608,2016-05-22,00:17:00,172,1,1943
38609,2016-05-22,00:21:00,160,3,10430
38610,2016-05-22,00:25:00,452,3,6867
38611,2016-05-22,00:27:00,285,3,9211
38612,2016-05-22,00:33:00,325,2,4285
38613,2016-05-22,00:45:00,141,1,784
38614,2016-05-22,00:47:00,187,1,5758
38615,2016-05-22,00:47:00,216,1,1465
38616,2016-05-22,00:54:00,377,3,8148
38617,2016-05-22,01:01:00,318,2,2813
38618,2016-05-22,01:02:00,90,2,723
38619,2016-05-22,01:06:00,362,2,1867
38620,2016-05-22,01:08:00,160,2,10191
38621,2016-05-22,01:17:00,389,2,7017
38622,2016-05-22,01:18:00,20,1,2314
38623,2016-05-22,01:37:00,61,3,6713
38624,2016-05-22,01:44:00,302,5,10346
38625,2016-05-22,01:45:00,391,2,10940
38626,2016-05-22,01:47:00,367,1,7703
38627,2016-05-22,01:57:00,152,3,8735
38628,2016-05-22,02:02:00,456,3,10380
38629,2016-05-22,02:06:00,236,3,5477
38630,2016-05-22,02:09:00,419,5,395
38631,2016-05-22,02:14:00,333,3,7914
38632,2016-05-22,02:15:00,318,1,7795
38633,2016-05-22,02:15:00,450,3,316
38634,2016-05-22,02:15:00,44,1,9811
38635,2016-05-22,02:18:00,253,1,6670
38636,2016-05-22,02:23:00,15,2,1118
38637,2016-05-22,02:23:00,87,1,6055
38638,2016-05-22,02:30:00,401,2,5109
38639,2016-05-22,02:31:00,335,2,206
38640,2016-05-22,02:36:00,341,3,4583
38641,2016-05-22,02:44:00,327,2,5715
38642,2016-05-22,02:49:00,70,2,5298
38643,2016-05-22,03:07:00,442,3,10702
38644,2016-05-22,03:08:00,446,2,11833
38645,2016-05-22,03:08:00,454,2,2004
38646,2016-05-22,03:14:00,62,4,5578
38647,2016-05-22,03:21:00,101,2,1736
38648,2016-05-22,03:29:00,417,5,3240
38649,2016-05-22,03:47:00,222,2,7534
38650,2016-05-22,03:50:00,138,1,10017
38651,2016-05-22,03:50:00,323,3,10768
38652,2016-05-22,03:54:00,321,1,11797
38653,2016-05-22,04:03:00,234,3,8982
38654,2016-05-22,04:10:00,304,1,10031
38655,2016-05-22,04:12:00,45,2,2274
38656,2016-05-22,04:16:00,275,1,3231
38657,2016-05-22,04:24:00,283,3,10612
38658,2016-05-22,04:25:00,194,1,6843
38659,2016-05-22,04:31:00,116,2,2973
38660,2016-05-22,04:32:00,240,3,9470
38661,2016-05-22,04:47:00,375,1,9599
38662,2016-05-22,05:14:00,11,1,11765
38663,2016-05-22,05:16:00,381,2,6337
38664,2016-05-22,05:16:00,335,2,1653
38665,2016-05-22,05:19:00,44,2,7217
38666,2016-05-22,05:19:00,262,2,2271
38667,2016-05-22,05:26:00,455,2,3567
38668,2016-05-22,05:28:00,20,3,1822
38669,2016-05-22,05:30:00,400,1,9656
38670,2016-05-22,05:59:00,453,1,2558
38671,2016-05-22,06:00:00,396,2,6970
38672,2016-05-22,06:04:00,205,3,9402
38673,2016-05-22,06:05:00,208,1,10600
38674,2016-05-22,06:05:00,238,2,10052
38675,2016-05-22,06:17:00,269,1,10214
38676,2016-05-22,06:26:00,280,1,1198
38677,2016-05-22,06:35:00,278,1,4588
38678,2016-05-22,06:44:00,35,3,10251
38679,2016-05-22,06:53:00,452,1,2549
38680,2016-05-22,07:00:00,324,1,2512
38681,2016-05-22,07:05:00,417,2,7898
38682,2016-05-22,07:08:00,230,1,11420
38683,2016-05-22,07:11:00,383,4,8427
38684,2016-05-22,07:14:00,16,2,1914
38685,2016-05-22,07:20:00,348,3,1896
38686,2016-05-22,07:24:00,176,3,7321
38687,2016-05-22,07:31:00,163,2,11268
38688,2016-05-22,07:35:00,242,1,2745
38689,2016-05-22,07:44:00,294,2,7667
38690,2016-05-22,08:05:00,12,2,1283
38691,2016-05-22,08:11:00,406,4,1381
38692,2016-05-22,08:15:00,31,1,9329
38693,2016-05-22,08:18:00,206,2,2702
38694,2016-05-22,08:19:00,80,2,7889
38695,2016-05-22,08:20:00,4,2,6064
38696,2016-05-22,08:26:00,328,1,8848
38697,2016-05-22,08:32:00,132,2,11425
38698,2016-05-22,08:34:00,441,2,5614
38699,2016-05-22,08:36:00,11,3,9357
38700,2016-05-22,08:52:00,217,2,9369
38701,2016-05-22,08:56:00,112,1,5134
38702,2016-05-22,09:07:00,296,3,5290
38703,2016-05-22,09:11:00,150,2,7317
38704,2016-05-22,09:13:00,275,1,10645
38705,2016-05-22,09:14:00,434,1,7233
38706,2016-05-22,09:19:00,426,1,7338
38707,2016-05-22,09:26:00,167,5,3048
38708,2016-05-22,09:32:00,6,2,10401
38709,2016-05-22,09:38:00,114,1,169
38710,2016-05-22,09:38:00,208,2,927
38711,2016-05-22,09:40:00,263,2,11351
38712,2016-05-22,09:44:00,243,3,10797
38713,2016-05-22,09:46:00,434,3,4976
38714,2016-05-22,09:53:00,188,2,5298
38715,2016-05-22,09:57:00,32,4,5869
38716,2016-05-22,10:15:00,187,3,5322
38717,2016-05-22,10:17:00,122,2,10580
38718,2016-05-22,10:18:00,13,4,2736
38719,2016-05-22,10:21:00,297,1,9210
38720,2016-05-22,10:35:00,369,2,3362
38721,2016-05-22,10:39:00,389,2,11373
38722,2016-05-22,10:41:00,266,3,7375
38723,2016-05-22,10:49:00,341,3,11003
38724,2016-05-22,10:53:00,41,3,4201
38725,2016-05-22,11:10:00,277,2,931
38726,2016-05-22,11:25:00,193,2,2415
38727,2016-05-22,11:31:00,90,1,6695
38728,2016-05-22,11:47:00,249,2,2855
38729,2016-05-22,11:54:00,241,4,9891
38730,2016-05-22,12:01:00,239,2,3301
38731,2016-05-22,12:01:00,95,2,10312
38732,2016-05-22,12:02:00,172,1,352
38733,2016-05-22,12:06:00,448,3,10316
38734,2016-05-22,12:09:00,21,2,11862
38735,2016-05-22,12:10:00,175,1,5240
38736,2016-05-22,12:13:00,391,2,7712
38737,2016-05-22,12:16:00,39,3,11899
38738,2016-05-22,12:23:00,309,1,8042
38739,2016-05-22,12:30:00,405,3,8677
38740,2016-05-22,12:40:00,371,2,5376
38741,2016-05-22,12:43:00,252,1,9096
38742,2016-05-22,12:51:00,395,1,7913
38743,2016-05-22,13:02:00,446,3,8449
38744,2016-05-22,13:07:00,91,3,5884
38745,2016-05-22,13:26:00,140,1,11589
38746,2016-05-22,13:27:00,401,1,7629
38747,2016-05-22,13:27:00,91,1,8812
38748,2016-05-22,13:29:00,18,2,9270
38749,2016-05-22,13:34:00,285,1,1502
38750,2016-05-22,13:40:00,318,1,3885
38751,2016-05-22,13:44:00,201,2,4848
38752,2016-05-22,13:45:00,187,2,3169
38753,2016-05-22,13:46:00,430,4,8034
38754,2016-05-22,13:52:00,425,3,7593
38755,2016-05-22,13:52:00,303,1,5307
38756,2016-05-22,13:57:00,56,2,3996
38757,2016-05-22,14:02:00,89,1,9761
38758,2016-05-22,14:08:00,396,5,9495
38759,2016-05-22,14:12:00,326,2,8470
38760,2016-05-22,14:15:00,436,1,3321
38761,2016-05-22,14:25:00,69,2,3186
38762,2016-05-22,14:30:00,119,3,8085
38763,2016-05-22,14:33:00,372,2,2887
38764,2016-05-22,14:34:00,70,2,2212
38765,2016-05-22,14:35:00,227,3,3658
38766,2016-05-22,14:37:00,385,2,2591
38767,2016-05-22,14:39:00,254,1,813
38768,2016-05-22,14:41:00,434,5,2640
38769,2016-05-22,14:47:00,81,2,3816
38770,2016-05-22,14:47:00,449,2,10164
38771,2016-05-22,14:48:00,163,3,11152
38772,2016-05-22,14:53:00,320,1,1013
38773,2016-05-22,14:53:00,269,3,1375
38774,2016-05-22,14:57:00,298,3,636
38775,2016-05-22,14:59:00,387,2,10030
38776,2016-05-22,15:02:00,151,1,6094
38777,2016-05-22,15:04:00,29,2,383
38778,2016-05-22,15:07:00,383,2,6702
38779,2016-05-22,15:13:00,306,2,3337
38780,2016-05-22,15:15:00,390,2,9614
38781,2016-05-22,15:21:00,383,4,9966
38782,2016-05-22,15:22:00,268,2,2311
38783,2016-05-22,15:24:00,438,2,1956
38784,2016-05-22,15:24:00,228,2,6569
38785,2016-05-22,15:27:00,293,1,10482
38786,2016-05-22,15:48:00,230,1,3555
38787,2016-05-22,16:04:00,77,2,10109
38788,2016-05-22,16:08:00,317,3,7792
38789,2016-05-22,16:18:00,441,3,3016
38790,2016-05-22,16:20:00,32,4,11431
38791,2016-05-22,16:26:00,316,2,6306
38792,2016-05-22,16:52:00,415,3,2958
38793,2016-05-22,16:55:00,241,1,7709
38794,2016-05-22,17:00:00,156,2,1261
38795,2016-05-22,17:01:00,19,2,10118
38796,2016-05-22,17:13:00,29,1,8772
38797,2016-05-22,17:18:00,106,1,6520
38798,2016-05-22,17:20:00,441,2,6507
38799,2016-05-22,17:37:00,364,2,483
38800,2016-05-22,17:55:00,310,1,4685
38801,2016-05-22,17:55:00,76,2,5755
38802,2016-05-22,17:58:00,17,2,6943
38803,2016-05-22,18:01:00,184,1,4392
38804,2016-05-22,18:47:00,134,2,1032
38805,2016-05-22,18:59:00,92,2,43
38806,2016-05-22,18:59:00,441,2,5631
38807,2016-05-22,19:01:00,339,2,9879
38808,2016-05-22,19:13:00,122,1,5591
38809,2016-05-22,19:31:00,152,4,2425
38810,2016-05-22,19:36:00,223,3,1814
38811,2016-05-22,19:42:00,82,1,9788
38812,2016-05-22,19:43:00,2,1,8795
38813,2016-05-22,19:57:00,222,1,1042
38814,2016-05-22,19:57:00,237,2,7478
38815,2016-05-22,19:59:00,160,2,943
38816,2016-05-22,20:00:00,352,1,10772
38817,2016-05-22,20:00:00,232,3,2071
38818,2016-05-22,20:06:00,93,1,5575
38819,2016-05-22,20:11:00,204,1,3421
38820,2016-05-22,20:13:00,307,2,5517
38821,2016-05-22,20:15:00,165,2,9456
38822,2016-05-22,20:19:00,201,2,1381
38823,2016-05-22,20:19:00,204,1,10841
38824,2016-05-22,20:37:00,449,1,9893
38825,2016-05-22,20:39:00,262,1,8306
38826,2016-05-22,20:39:00,338,2,11412
38827,2016-05-22,20:41:00,171,2,5446
38828,2016-05-22,20:54:00,145,4,7976
38829,2016-05-22,20:57:00,244,2,8777
38830,2016-05-22,20:59:00,9,3,3887
38831,2016-05-22,21:00:00,307,2,329
38832,2016-05-22,21:12:00,87,1,9210
38833,2016-05-22,21:12:00,134,1,11325
38834,2016-05-22,21:22:00,21,1,1830
38835,2016-05-22,21:23:00,189,2,147
38836,2016-05-22,21:23:00,34,2,9003
38837,2016-05-22,21:32:00,405,2,6962
38838,2016-05-22,21:32:00,420,3,5326
38839,2016-05-22,21:41:00,377,2,3056
38840,2016-05-22,21:43:00,66,1,9815
38841,2016-05-22,21:43:00,280,1,10286
38842,2016-05-22,21:52:00,367,1,9819
38843,2016-05-22,21:54:00,392,3,6938
38844,2016-05-22,21:54:00,226,3,7408
38845,2016-05-22,22:12:00,381,1,1478
38846,2016-05-22,22:12:00,192,1,2558
38847,2016-05-22,22:47:00,397,3,11971
38848,2016-05-22,22:47:00,40,2,8335
38849,2016-05-22,22:49:00,27,2,12000
38850,2016-05-22,22:49:00,137,1,7283
38851,2016-05-22,22:51:00,149,1,9539
38852,2016-05-22,22:54:00,232,2,140
38853,2016-05-22,23:21:00,257,1,8522
38854,2016-05-22,23:28:00,383,1,432
38855,2016-05-22,23:32:00,184,4,770
38856,2016-05-22,23:48:00,259,2,3705
38857,2016-05-22,23:50:00,361,4,1310
38858,2016-05-23,00:00:00,62,1,2316
38859,2016-05-23,00:10:00,360,1,11840
38860,2016-05-23,00:16:00,172,4,10248
38861,2016-05-23,00:22:00,180,5,7456
38862,2016-05-23,00:26:00,413,2,11302
38863,2016-05-23,00:28:00,27,1,1566
38864,2016-05-23,00:28:00,255,2,7939
38865,2016-05-23,00:32:00,22,2,10130
38866,2016-05-23,00:33:00,48,3,11374
38867,2016-05-23,00:37:00,440,2,11898
38868,2016-05-23,00:47:00,126,3,5552
38869,2016-05-23,01:14:00,244,1,1579
38870,2016-05-23,01:14:00,414,2,11678
38871,2016-05-23,01:18:00,17,1,3452
38872,2016-05-23,01:20:00,122,3,2486
38873,2016-05-23,01:21:00,306,2,2686
38874,2016-05-23,01:31:00,390,1,4813
38875,2016-05-23,01:38:00,382,1,2844
38876,2016-05-23,01:39:00,397,2,10708
38877,2016-05-23,01:42:00,5,1,3314
38878,2016-05-23,01:43:00,431,1,4173
38879,2016-05-23,01:45:00,424,3,366
38880,2016-05-23,01:46:00,45,2,1348
38881,2016-05-23,01:53:00,206,1,5974
38882,2016-05-23,02:07:00,15,1,3721
38883,2016-05-23,02:08:00,281,1,5203
38884,2016-05-23,02:10:00,99,4,3803
38885,2016-05-23,02:15:00,128,1,8679
38886,2016-05-23,02:17:00,278,2,11844
38887,2016-05-23,02:17:00,277,2,2372
38888,2016-05-23,02:28:00,235,2,6720
38889,2016-05-23,02:37:00,362,5,6604
38890,2016-05-23,02:38:00,290,3,8677
38891,2016-05-23,02:47:00,369,4,5169
38892,2016-05-23,02:50:00,361,3,4296
38893,2016-05-23,02:55:00,81,1,8958
38894,2016-05-23,02:56:00,173,2,9863
38895,2016-05-23,02:58:00,244,1,4643
38896,2016-05-23,02:59:00,265,1,11780
38897,2016-05-23,03:10:00,28,1,3007
38898,2016-05-23,03:23:00,445,1,696
38899,2016-05-23,03:25:00,265,1,7643
38900,2016-05-23,03:30:00,189,2,1762
38901,2016-05-23,03:36:00,293,2,1978
38902,2016-05-23,03:41:00,71,1,2558
38903,2016-05-23,03:58:00,355,3,7444
38904,2016-05-23,04:00:00,42,4,1215
38905,2016-05-23,04:03:00,383,3,7352
38906,2016-05-23,04:05:00,346,1,8370
38907,2016-05-23,04:07:00,50,2,785
38908,2016-05-23,04:11:00,370,5,3653
38909,2016-05-23,04:11:00,142,1,10322
38910,2016-05-23,04:22:00,316,3,1793
38911,2016-05-23,04:25:00,137,2,7680
38912,2016-05-23,04:27:00,288,1,6045
38913,2016-05-23,04:36:00,240,3,2145
38914,2016-05-23,04:40:00,407,3,10626
38915,2016-05-23,04:43:00,241,1,2672
38916,2016-05-23,04:50:00,297,2,7140
38917,2016-05-23,04:55:00,413,2,274
38918,2016-05-23,05:01:00,244,2,9507
38919,2016-05-23,05:21:00,441,2,3917
38920,2016-05-23,05:28:00,274,3,4682
38921,2016-05-23,05:28:00,294,2,1210
38922,2016-05-23,05:32:00,237,1,9698
38923,2016-05-23,05:40:00,40,2,9311
38924,2016-05-23,05:41:00,164,1,5054
38925,2016-05-23,05:44:00,127,2,4948
38926,2016-05-23,05:46:00,109,1,5771
38927,2016-05-23,05:49:00,119,2,5160
38928,2016-05-23,05:50:00,80,1,3405
38929,2016-05-23,05:52:00,447,2,6042
38930,2016-05-23,05:55:00,427,2,3359
38931,2016-05-23,06:04:00,304,3,11221
38932,2016-05-23,06:07:00,231,3,5966
38933,2016-05-23,06:10:00,374,1,1023
38934,2016-05-23,06:11:00,324,1,11940
38935,2016-05-23,06:11:00,4,1,4604
38936,2016-05-23,06:19:00,453,2,10382
38937,2016-05-23,06:19:00,371,1,3190
38938,2016-05-23,06:22:00,399,3,7888
38939,2016-05-23,06:29:00,411,2,421
38940,2016-05-23,06:29:00,246,3,11548
38941,2016-05-23,06:33:00,387,2,3763
38942,2016-05-23,06:35:00,458,1,3035
38943,2016-05-23,06:54:00,287,2,6206
38944,2016-05-23,06:54:00,139,2,4148
38945,2016-05-23,06:58:00,31,3,3627
38946,2016-05-23,07:01:00,138,2,1700
38947,2016-05-23,07:04:00,434,3,1863
38948,2016-05-23,07:29:00,68,4,121
38949,2016-05-23,07:29:00,141,3,8497
38950,2016-05-23,07:31:00,315,1,9843
38951,2016-05-23,07:36:00,203,2,2115
38952,2016-05-23,07:47:00,217,1,7067
38953,2016-05-23,07:49:00,152,2,7446
38954,2016-05-23,07:52:00,131,3,3746
38955,2016-05-23,08:02:00,86,1,1382
38956,2016-05-23,08:17:00,417,2,5857
38957,2016-05-23,08:22:00,67,3,5042
38958,2016-05-23,08:23:00,144,1,1945
38959,2016-05-23,08:29:00,427,3,10786
38960,2016-05-23,08:32:00,364,1,6936
38961,2016-05-23,08:40:00,24,1,6789
38962,2016-05-23,08:46:00,335,2,10856
38963,2016-05-23,08:48:00,355,1,6209
38964,2016-05-23,08:49:00,113,1,4297
38965,2016-05-23,09:01:00,99,1,10179
38966,2016-05-23,09:07:00,222,3,11430
38967,2016-05-23,09:13:00,319,1,5999
38968,2016-05-23,09:18:00,71,1,11700
38969,2016-05-23,09:22:00,368,3,7787
38970,2016-05-23,09:24:00,333,1,10477
38971,2016-05-23,09:29:00,406,2,2415
38972,2016-05-23,09:30:00,430,2,7322
38973,2016-05-23,09:32:00,452,2,1471
38974,2016-05-23,09:50:00,318,1,2291
38975,2016-05-23,09:55:00,91,3,680
38976,2016-05-23,10:01:00,434,1,6232
38977,2016-05-23,10:02:00,3,1,7363
38978,2016-05-23,10:02:00,45,2,4377
38979,2016-05-23,10:03:00,293,1,11066
38980,2016-05-23,10:03:00,3,1,6091
38981,2016-05-23,10:10:00,160,2,11499
38982,2016-05-23,10:13:00,141,3,10787
38983,2016-05-23,10:14:00,20,2,1826
38984,2016-05-23,10:29:00,136,2,11635
38985,2016-05-23,10:32:00,99,2,1736
38986,2016-05-23,10:34:00,149,1,3507
38987,2016-05-23,10:37:00,335,2,1625
38988,2016-05-23,10:40:00,77,1,591
38989,2016-05-23,10:49:00,50,5,11651
38990,2016-05-23,10:52:00,321,3,9430
38991,2016-05-23,10:58:00,372,5,10899
38992,2016-05-23,11:05:00,284,1,4440
38993,2016-05-23,11:05:00,171,1,771
38994,2016-05-23,11:08:00,324,2,997
38995,2016-05-23,11:11:00,38,2,10724
38996,2016-05-23,11:13:00,402,3,5617
38997,2016-05-23,11:15:00,170,3,7228
38998,2016-05-23,11:18:00,27,1,11565
38999,2016-05-23,11:21:00,166,4,1495
39000,2016-05-23,11:34:00,220,2,10794
39001,2016-05-23,11:36:00,344,2,8168
39002,2016-05-23,11:43:00,312,2,6919
39003,2016-05-23,11:51:00,386,2,4699
39004,2016-05-23,11:58:00,422,2,6772
39005,2016-05-23,11:58:00,252,2,5006
39006,2016-05-23,11:58:00,93,1,10610
39007,2016-05-23,11:59:00,285,1,579
39008,2016-05-23,12:03:00,278,1,11824
39009,2016-05-23,12:12:00,193,1,9280
39010,2016-05-23,12:14:00,63,2,6679
39011,2016-05-23,12:18:00,448,2,9568
39012,2016-05-23,12:29:00,150,1,11876
39013,2016-05-23,12:35:00,374,2,5295
39014,2016-05-23,12:36:00,201,2,4206
39015,2016-05-23,12:42:00,209,3,8029
39016,2016-05-23,12:45:00,334,3,854
39017,2016-05-23,12:45:00,444,2,4684
39018,2016-05-23,12:51:00,29,2,7936
39019,2016-05-23,12:53:00,50,3,2120
39020,2016-05-23,12:57:00,43,2,8458
39021,2016-05-23,12:59:00,214,4,4941
39022,2016-05-23,13:01:00,378,1,7297
39023,2016-05-23,13:01:00,79,1,1118
39024,2016-05-23,13:02:00,289,1,6066
39025,2016-05-23,13:04:00,15,1,451
39026,2016-05-23,13:06:00,3,1,267
39027,2016-05-23,13:36:00,223,1,5762
39028,2016-05-23,13:37:00,176,1,4012
39029,2016-05-23,14:00:00,324,3,5559
39030,2016-05-23,14:02:00,196,2,5956
39031,2016-05-23,14:06:00,1,3,5155
39032,2016-05-23,14:13:00,361,2,5884
39033,2016-05-23,14:14:00,402,3,5906
39034,2016-05-23,14:15:00,362,3,11
39035,2016-05-23,14:18:00,307,2,8141
39036,2016-05-23,14:21:00,141,2,10688
39037,2016-05-23,14:26:00,434,4,3980
39038,2016-05-23,14:30:00,15,2,11057
39039,2016-05-23,14:32:00,419,1,4097
39040,2016-05-23,14:34:00,101,2,4461
39041,2016-05-23,14:36:00,7,2,683
39042,2016-05-23,14:43:00,330,2,8609
39043,2016-05-23,15:07:00,171,2,261
39044,2016-05-23,15:08:00,361,3,42
39045,2016-05-23,15:15:00,172,1,5914
39046,2016-05-23,15:46:00,205,2,1176
39047,2016-05-23,15:52:00,329,2,6683
39048,2016-05-23,15:54:00,379,1,1560
39049,2016-05-23,16:03:00,19,1,380
39050,2016-05-23,16:09:00,30,3,6631
39051,2016-05-23,16:11:00,240,1,10758
39052,2016-05-23,16:13:00,244,4,7856
39053,2016-05-23,16:15:00,447,1,9201
39054,2016-05-23,16:16:00,109,2,3940
39055,2016-05-23,16:18:00,175,2,2992
39056,2016-05-23,16:19:00,99,1,11482
39057,2016-05-23,16:22:00,382,2,5517
39058,2016-05-23,16:27:00,420,1,11831
39059,2016-05-23,16:30:00,94,2,11307
39060,2016-05-23,16:33:00,296,2,7840
39061,2016-05-23,16:39:00,38,2,4436
39062,2016-05-23,16:47:00,234,2,5348
39063,2016-05-23,16:53:00,225,3,7078
39064,2016-05-23,16:58:00,281,1,8480
39065,2016-05-23,17:01:00,107,1,8692
39066,2016-05-23,17:02:00,212,4,1747
39067,2016-05-23,17:03:00,197,4,7452
39068,2016-05-23,17:16:00,198,1,10910
39069,2016-05-23,17:16:00,177,1,5746
39070,2016-05-23,17:19:00,355,2,2496
39071,2016-05-23,17:21:00,305,2,3751
39072,2016-05-23,17:32:00,167,1,9736
39073,2016-05-23,17:33:00,123,3,3984
39074,2016-05-23,17:38:00,43,2,11335
39075,2016-05-23,17:42:00,212,2,8301
39076,2016-05-23,17:42:00,201,3,10929
39077,2016-05-23,17:46:00,335,1,634
39078,2016-05-23,17:50:00,346,1,6678
39079,2016-05-23,17:54:00,74,1,3693
39080,2016-05-23,17:54:00,109,1,339
39081,2016-05-23,18:10:00,177,2,297
39082,2016-05-23,18:13:00,400,3,10094
39083,2016-05-23,18:14:00,178,1,9172
39084,2016-05-23,18:21:00,261,1,5418
39085,2016-05-23,18:31:00,12,1,7080
39086,2016-05-23,18:38:00,183,2,3387
39087,2016-05-23,18:41:00,85,1,7914
39088,2016-05-23,18:49:00,25,2,9386
39089,2016-05-23,18:52:00,133,3,4226
39090,2016-05-23,18:52:00,215,2,9020
39091,2016-05-23,18:54:00,94,2,3028
39092,2016-05-23,18:56:00,62,2,1935
39093,2016-05-23,18:58:00,386,2,11258
39094,2016-05-23,19:00:00,389,2,7571
39095,2016-05-23,19:14:00,381,3,9549
39096,2016-05-23,19:17:00,338,1,5703
39097,2016-05-23,19:18:00,127,1,7989
39098,2016-05-23,19:23:00,195,2,5176
39099,2016-05-23,19:27:00,226,5,5214
39100,2016-05-23,19:27:00,255,2,11816
39101,2016-05-23,19:32:00,394,1,6908
39102,2016-05-23,19:41:00,34,2,2418
39103,2016-05-23,19:42:00,451,2,983
39104,2016-05-23,19:43:00,439,1,7317
39105,2016-05-23,19:43:00,46,2,2082
39106,2016-05-23,19:48:00,268,2,10047
39107,2016-05-23,20:05:00,435,2,3057
39108,2016-05-23,20:08:00,80,5,11747
39109,2016-05-23,20:08:00,312,2,1036
39110,2016-05-23,20:25:00,140,2,10356
39111,2016-05-23,20:31:00,208,1,6818
39112,2016-05-23,20:38:00,397,1,5368
39113,2016-05-23,20:40:00,66,4,936
39114,2016-05-23,20:40:00,300,1,4979
39115,2016-05-23,20:42:00,32,1,11108
39116,2016-05-23,20:46:00,271,1,984
39117,2016-05-23,20:50:00,429,3,1117
39118,2016-05-23,21:01:00,93,3,2986
39119,2016-05-23,21:02:00,407,3,8464
39120,2016-05-23,21:11:00,49,2,1774
39121,2016-05-23,21:16:00,329,2,3238
39122,2016-05-23,21:22:00,79,2,1808
39123,2016-05-23,21:32:00,31,5,8884
39124,2016-05-23,21:32:00,117,1,9695
39125,2016-05-23,21:39:00,50,2,4325
39126,2016-05-23,21:42:00,7,3,4679
39127,2016-05-23,21:46:00,56,1,382
39128,2016-05-23,21:48:00,100,3,4912
39129,2016-05-23,21:52:00,451,1,8615
39130,2016-05-23,21:54:00,103,2,1175
39131,2016-05-23,21:55:00,367,1,5358
39132,2016-05-23,21:58:00,200,1,7195
39133,2016-05-23,21:59:00,77,1,10389
39134,2016-05-23,22:04:00,194,1,1024
39135,2016-05-23,22:25:00,346,2,10384
39136,2016-05-23,22:47:00,357,2,4554
39137,2016-05-23,22:54:00,187,2,7184
39138,2016-05-23,23:08:00,404,1,8807
39139,2016-05-23,23:10:00,371,1,8269
39140,2016-05-23,23:12:00,146,2,10278
39141,2016-05-23,23:13:00,313,2,376
39142,2016-05-23,23:28:00,389,3,8854
39143,2016-05-23,23:28:00,250,1,445
39144,2016-05-23,23:28:00,402,1,10198
39145,2016-05-23,23:29:00,455,2,5213
39146,2016-05-23,23:29:00,277,1,7535
39147,2016-05-23,23:37:00,337,1,1314
39148,2016-05-23,23:37:00,366,2,5458
39149,2016-05-23,23:54:00,331,3,6671
39150,2016-05-23,23:54:00,439,1,10584
39151,2016-05-23,23:58:00,65,2,6839
39152,2016-05-24,00:00:00,3,2,9782
39153,2016-05-24,00:13:00,41,1,4856
39154,2016-05-24,00:22:00,59,1,2923
39155,2016-05-24,00:41:00,330,4,10537
39156,2016-05-24,00:41:00,376,1,7687
39157,2016-05-24,00:43:00,18,1,1534
39158,2016-05-24,00:50:00,396,3,9204
39159,2016-05-24,00:56:00,209,2,7544
39160,2016-05-24,00:59:00,234,2,7372
39161,2016-05-24,01:07:00,264,1,1463
39162,2016-05-24,01:07:00,115,2,11491
39163,2016-05-24,01:16:00,286,4,8753
39164,2016-05-24,01:18:00,144,2,8059
39165,2016-05-24,01:19:00,166,5,4827
39166,2016-05-24,01:24:00,248,2,2873
39167,2016-05-24,01:32:00,410,2,2498
39168,2016-05-24,01:36:00,150,2,7701
39169,2016-05-24,01:39:00,413,2,9431
39170,2016-05-24,01:56:00,304,1,6150
39171,2016-05-24,01:56:00,456,2,8402
39172,2016-05-24,01:59:00,86,2,7059
39173,2016-05-24,02:00:00,352,1,5790
39174,2016-05-24,02:03:00,14,3,10908
39175,2016-05-24,02:06:00,92,4,10807
39176,2016-05-24,02:09:00,154,3,5218
39177,2016-05-24,02:16:00,425,2,2471
39178,2016-05-24,02:18:00,151,1,3240
39179,2016-05-24,02:19:00,61,1,5640
39180,2016-05-24,02:28:00,398,2,3043
39181,2016-05-24,02:32:00,176,3,8336
39182,2016-05-24,02:45:00,19,3,8308
39183,2016-05-24,02:45:00,283,2,4387
39184,2016-05-24,02:45:00,15,1,198
39185,2016-05-24,02:48:00,32,2,6278
39186,2016-05-24,02:51:00,43,2,6749
39187,2016-05-24,02:55:00,359,3,8604
39188,2016-05-24,03:04:00,91,1,11501
39189,2016-05-24,03:12:00,190,2,8795
39190,2016-05-24,03:13:00,349,1,9159
39191,2016-05-24,03:16:00,201,1,10312
39192,2016-05-24,03:18:00,39,2,3317
39193,2016-05-24,03:18:00,292,4,11978
39194,2016-05-24,03:19:00,7,2,3946
39195,2016-05-24,03:31:00,381,1,2144
39196,2016-05-24,03:32:00,345,1,8921
39197,2016-05-24,03:44:00,244,2,158
39198,2016-05-24,03:45:00,157,2,3285
39199,2016-05-24,03:49:00,301,3,9681
39200,2016-05-24,03:49:00,411,2,2666
39201,2016-05-24,03:53:00,226,1,1125
39202,2016-05-24,03:53:00,24,2,9321
39203,2016-05-24,03:57:00,144,2,3403
39204,2016-05-24,03:58:00,320,1,4915
39205,2016-05-24,04:00:00,101,1,2865
39206,2016-05-24,04:07:00,13,4,11725
39207,2016-05-24,04:10:00,395,1,5853
39208,2016-05-24,04:29:00,94,2,7236
39209,2016-05-24,04:31:00,373,1,2041
39210,2016-05-24,04:40:00,279,1,11575
39211,2016-05-24,04:48:00,196,2,4438
39212,2016-05-24,04:54:00,394,1,11689
39213,2016-05-24,05:00:00,322,2,5433
39214,2016-05-24,05:05:00,37,4,150
39215,2016-05-24,05:13:00,271,3,7304
39216,2016-05-24,05:17:00,177,2,5321
39217,2016-05-24,05:21:00,211,2,260
39218,2016-05-24,05:23:00,346,2,9076
39219,2016-05-24,05:23:00,373,1,8504
39220,2016-05-24,05:24:00,329,1,6169
39221,2016-05-24,05:26:00,1,2,11256
39222,2016-05-24,05:27:00,402,1,3094
39223,2016-05-24,05:33:00,249,2,8655
39224,2016-05-24,05:35:00,455,2,2728
39225,2016-05-24,05:39:00,66,3,3545
39226,2016-05-24,05:42:00,182,1,2028
39227,2016-05-24,05:42:00,57,2,8272
39228,2016-05-24,05:45:00,9,1,268
39229,2016-05-24,05:47:00,119,2,1914
39230,2016-05-24,05:55:00,84,4,11736
39231,2016-05-24,06:02:00,353,2,4342
39232,2016-05-24,06:05:00,273,2,8425
39233,2016-05-24,06:10:00,316,1,8470
39234,2016-05-24,06:13:00,332,2,4260
39235,2016-05-24,06:14:00,34,1,2175
39236,2016-05-24,06:18:00,343,2,4144
39237,2016-05-24,06:21:00,313,2,2324
39238,2016-05-24,06:28:00,404,1,8301
39239,2016-05-24,06:52:00,148,2,9972
39240,2016-05-24,06:52:00,97,2,6241
39241,2016-05-24,06:53:00,80,3,7230
39242,2016-05-24,06:54:00,231,2,6354
39243,2016-05-24,07:00:00,179,1,5574
39244,2016-05-24,07:05:00,395,1,10492
39245,2016-05-24,07:06:00,428,2,6130
39246,2016-05-24,07:13:00,227,5,9912
39247,2016-05-24,07:20:00,46,2,5270
39248,2016-05-24,07:20:00,437,3,11852
39249,2016-05-24,07:26:00,144,1,6133
39250,2016-05-24,07:26:00,143,1,2161
39251,2016-05-24,07:33:00,180,2,3489
39252,2016-05-24,07:34:00,44,2,2061
39253,2016-05-24,07:39:00,26,2,9751
39254,2016-05-24,07:43:00,306,1,6167
39255,2016-05-24,07:47:00,374,2,9688
39256,2016-05-24,07:55:00,230,2,7409
39257,2016-05-24,07:58:00,392,1,4003
39258,2016-05-24,08:04:00,67,1,3295
39259,2016-05-24,08:05:00,194,3,9986
39260,2016-05-24,08:11:00,325,3,8928
39261,2016-05-24,08:14:00,126,2,6327
39262,2016-05-24,08:15:00,41,3,10363
39263,2016-05-24,08:16:00,76,1,984
39264,2016-05-24,08:17:00,57,1,2420
39265,2016-05-24,08:17:00,50,2,3211
39266,2016-05-24,08:23:00,262,3,10852
39267,2016-05-24,08:26:00,19,1,5634
39268,2016-05-24,08:32:00,438,2,2454
39269,2016-05-24,08:33:00,294,1,2418
39270,2016-05-24,08:47:00,174,1,10761
39271,2016-05-24,08:55:00,54,2,5923
39272,2016-05-24,08:58:00,262,2,9322
39273,2016-05-24,09:01:00,296,5,6456
39274,2016-05-24,09:05:00,180,1,5188
39275,2016-05-24,09:07:00,148,1,6734
39276,2016-05-24,09:09:00,91,2,10560
39277,2016-05-24,09:10:00,284,1,8471
39278,2016-05-24,09:24:00,367,2,10102
39279,2016-05-24,09:31:00,458,4,8001
39280,2016-05-24,09:33:00,69,4,6100
39281,2016-05-24,09:36:00,278,2,4077
39282,2016-05-24,09:37:00,177,1,8554
39283,2016-05-24,09:47:00,28,5,11613
39284,2016-05-24,09:53:00,5,1,10990
39285,2016-05-24,10:07:00,308,5,5919
39286,2016-05-24,10:08:00,233,2,9797
39287,2016-05-24,10:09:00,137,1,4843
39288,2016-05-24,10:14:00,79,1,9238
39289,2016-05-24,10:14:00,417,2,6254
39290,2016-05-24,10:28:00,422,3,1943
39291,2016-05-24,10:30:00,124,5,10368
39292,2016-05-24,10:33:00,378,1,6959
39293,2016-05-24,10:37:00,93,3,6769
39294,2016-05-24,10:37:00,172,3,1142
39295,2016-05-24,10:39:00,411,4,5181
39296,2016-05-24,10:42:00,248,1,3825
39297,2016-05-24,10:49:00,145,1,11381
39298,2016-05-24,10:50:00,396,2,549
39299,2016-05-24,10:52:00,291,3,11964
39300,2016-05-24,10:55:00,34,2,2960
39301,2016-05-24,10:56:00,324,2,6633
39302,2016-05-24,10:56:00,203,1,9687
39303,2016-05-24,11:02:00,110,1,967
39304,2016-05-24,11:06:00,135,2,8162
39305,2016-05-24,11:09:00,85,1,378
39306,2016-05-24,11:12:00,243,1,11808
39307,2016-05-24,11:12:00,325,4,3627
39308,2016-05-24,11:19:00,380,2,6928
39309,2016-05-24,11:23:00,27,1,8765
39310,2016-05-24,11:24:00,419,2,4441
39311,2016-05-24,11:25:00,208,1,10295
39312,2016-05-24,11:25:00,99,5,4160
39313,2016-05-24,11:31:00,445,4,6273
39314,2016-05-24,11:32:00,127,1,8801
39315,2016-05-24,11:32:00,9,3,1475
39316,2016-05-24,11:34:00,221,4,11749
39317,2016-05-24,11:35:00,152,2,4879
39318,2016-05-24,11:38:00,10,1,8044
39319,2016-05-24,11:42:00,363,2,2507
39320,2016-05-24,11:44:00,250,4,5828
39321,2016-05-24,11:50:00,434,3,825
39322,2016-05-24,11:51:00,72,3,11414
39323,2016-05-24,11:54:00,430,3,4589
39324,2016-05-24,12:09:00,335,2,10921
39325,2016-05-24,12:14:00,344,1,8736
39326,2016-05-24,12:22:00,116,3,10257
39327,2016-05-24,12:40:00,227,2,2068
39328,2016-05-24,12:45:00,221,1,2714
39329,2016-05-24,12:52:00,217,3,5129
39330,2016-05-24,12:56:00,223,2,10807
39331,2016-05-24,12:57:00,322,5,1608
39332,2016-05-24,12:57:00,187,3,4594
39333,2016-05-24,13:02:00,329,3,4497
39334,2016-05-24,13:04:00,356,2,2179
39335,2016-05-24,13:16:00,429,3,6213
39336,2016-05-24,13:21:00,220,2,142
39337,2016-05-24,13:21:00,3,3,7896
39338,2016-05-24,13:28:00,290,2,5794
39339,2016-05-24,13:47:00,401,1,5680
39340,2016-05-24,13:50:00,259,2,7106
39341,2016-05-24,14:03:00,52,2,11457
39342,2016-05-24,14:06:00,196,2,1925
39343,2016-05-24,14:14:00,322,2,10194
39344,2016-05-24,14:17:00,448,1,9185
39345,2016-05-24,14:22:00,361,2,2150
39346,2016-05-24,14:22:00,117,3,9326
39347,2016-05-24,14:25:00,200,1,10247
39348,2016-05-24,14:25:00,281,3,6169
39349,2016-05-24,14:26:00,154,2,6028
39350,2016-05-24,14:31:00,365,4,6885
39351,2016-05-24,14:39:00,256,1,1862
39352,2016-05-24,14:45:00,115,1,5711
39353,2016-05-24,14:49:00,254,4,404
39354,2016-05-24,14:51:00,348,1,1666
39355,2016-05-24,15:01:00,299,3,11252
39356,2016-05-24,15:04:00,169,2,6819
39357,2016-05-24,15:14:00,290,3,3909
39358,2016-05-24,15:15:00,79,2,1406
39359,2016-05-24,15:25:00,194,1,5705
39360,2016-05-24,15:40:00,174,2,7074
39361,2016-05-24,15:46:00,230,2,224
39362,2016-05-24,15:50:00,56,4,6463
39363,2016-05-24,16:06:00,434,2,1033
39364,2016-05-24,16:08:00,426,2,1887
39365,2016-05-24,16:11:00,350,3,1755
39366,2016-05-24,16:14:00,164,3,7400
39367,2016-05-24,16:18:00,259,3,1037
39368,2016-05-24,16:21:00,234,3,362
39369,2016-05-24,16:22:00,107,1,9065
39370,2016-05-24,16:23:00,400,1,6540
39371,2016-05-24,16:23:00,317,1,6792
39372,2016-05-24,16:26:00,113,1,6716
39373,2016-05-24,16:27:00,312,1,11125
39374,2016-05-24,16:29:00,454,1,4702
39375,2016-05-24,16:35:00,12,2,11116
39376,2016-05-24,16:38:00,407,3,9294
39377,2016-05-24,16:38:00,386,2,2536
39378,2016-05-24,16:52:00,261,1,3103
39379,2016-05-24,16:55:00,95,1,1632
39380,2016-05-24,16:56:00,409,3,7285
39381,2016-05-24,16:56:00,65,2,11642
39382,2016-05-24,17:02:00,450,2,10057
39383,2016-05-24,17:06:00,161,2,4731
39384,2016-05-24,17:13:00,293,2,4944
39385,2016-05-24,17:14:00,325,4,5515
39386,2016-05-24,17:16:00,100,4,11248
39387,2016-05-24,17:25:00,105,4,2728
39388,2016-05-24,17:25:00,234,4,6457
39389,2016-05-24,17:26:00,156,3,5352
39390,2016-05-24,17:26:00,362,1,11132
39391,2016-05-24,17:26:00,252,2,1606
39392,2016-05-24,17:40:00,435,3,3298
39393,2016-05-24,17:40:00,350,1,5627
39394,2016-05-24,17:45:00,188,2,8602
39395,2016-05-24,17:46:00,290,2,9905
39396,2016-05-24,17:46:00,28,4,3617
39397,2016-05-24,17:52:00,348,2,2365
39398,2016-05-24,17:57:00,3,3,6266
39399,2016-05-24,18:04:00,396,2,1684
39400,2016-05-24,18:05:00,302,1,4582
39401,2016-05-24,18:06:00,29,2,4693
39402,2016-05-24,18:07:00,18,2,8179
39403,2016-05-24,18:09:00,377,3,11715
39404,2016-05-24,18:09:00,231,4,8767
39405,2016-05-24,18:22:00,437,1,8796
39406,2016-05-24,18:42:00,28,1,101
39407,2016-05-24,18:43:00,51,5,8288
39408,2016-05-24,18:43:00,321,1,2141
39409,2016-05-24,18:46:00,80,3,115
39410,2016-05-24,18:56:00,152,2,1321
39411,2016-05-24,18:56:00,398,1,1929
39412,2016-05-24,18:56:00,64,1,5415
39413,2016-05-24,18:59:00,265,3,2677
39414,2016-05-24,19:00:00,353,1,6219
39415,2016-05-24,19:00:00,186,1,9589
39416,2016-05-24,19:04:00,156,5,3329
39417,2016-05-24,19:04:00,15,3,8384
39418,2016-05-24,19:20:00,13,2,11371
39419,2016-05-24,19:32:00,266,2,10787
39420,2016-05-24,19:38:00,174,1,6568
39421,2016-05-24,19:42:00,199,1,8360
39422,2016-05-24,19:42:00,329,3,3438
39423,2016-05-24,19:45:00,9,2,7632
39424,2016-05-24,19:51:00,353,1,57
39425,2016-05-24,19:53:00,144,1,11110
39426,2016-05-24,19:54:00,65,2,5276
39427,2016-05-24,19:55:00,376,2,4713
39428,2016-05-24,19:59:00,275,2,2280
39429,2016-05-24,20:09:00,112,1,1036
39430,2016-05-24,20:17:00,340,3,8836
39431,2016-05-24,20:21:00,431,3,8503
39432,2016-05-24,20:46:00,213,2,7523
39433,2016-05-24,21:10:00,432,2,8501
39434,2016-05-24,21:12:00,181,2,6589
39435,2016-05-24,21:17:00,16,1,5222
39436,2016-05-24,21:22:00,360,1,9096
39437,2016-05-24,21:23:00,2,2,4068
39438,2016-05-24,21:33:00,398,3,8701
39439,2016-05-24,21:36:00,119,2,979
39440,2016-05-24,21:38:00,133,1,2968
39441,2016-05-24,21:51:00,256,2,5026
39442,2016-05-24,22:07:00,57,1,3059
39443,2016-05-24,22:10:00,429,2,7397
39444,2016-05-24,22:15:00,219,1,2374
39445,2016-05-24,22:15:00,6,3,3341
39446,2016-05-24,22:16:00,360,2,4894
39447,2016-05-24,22:19:00,425,2,4821
39448,2016-05-24,22:24:00,328,3,10529
39449,2016-05-24,22:31:00,401,3,6022
39450,2016-05-24,22:31:00,311,2,6351
39451,2016-05-24,22:32:00,400,2,3350
39452,2016-05-24,22:51:00,249,1,3600
39453,2016-05-24,22:52:00,28,2,11758
39454,2016-05-24,22:55:00,324,1,289
39455,2016-05-24,23:04:00,351,2,8724
39456,2016-05-24,23:05:00,316,2,2114
39457,2016-05-24,23:08:00,257,2,6316
39458,2016-05-24,23:10:00,26,1,1911
39459,2016-05-24,23:20:00,208,1,4863
39460,2016-05-24,23:26:00,170,2,1278
39461,2016-05-24,23:27:00,85,2,4571
39462,2016-05-24,23:28:00,122,3,3292
39463,2016-05-24,23:35:00,364,2,11976
39464,2016-05-24,23:39:00,284,1,6183
39465,2016-05-24,23:41:00,404,1,2453
39466,2016-05-24,23:52:00,351,1,2378
39467,2016-05-24,23:56:00,244,3,4115
39468,2016-05-24,23:58:00,18,2,11302
39469,2016-05-25,00:05:00,427,1,11240
39470,2016-05-25,00:13:00,273,1,2119
39471,2016-05-25,00:19:00,63,3,5541
39472,2016-05-25,00:23:00,167,1,807
39473,2016-05-25,00:30:00,419,2,7039
39474,2016-05-25,00:31:00,37,2,8735
39475,2016-05-25,00:34:00,425,1,9829
39476,2016-05-25,00:36:00,14,2,5920
39477,2016-05-25,00:37:00,274,1,5817
39478,2016-05-25,00:37:00,138,1,4987
39479,2016-05-25,00:38:00,348,2,5775
39480,2016-05-25,00:39:00,128,3,7732
39481,2016-05-25,00:40:00,40,5,9529
39482,2016-05-25,00:45:00,390,3,1090
39483,2016-05-25,00:46:00,415,3,8529
39484,2016-05-25,00:49:00,181,4,6255
39485,2016-05-25,01:00:00,308,2,5138
39486,2016-05-25,01:31:00,237,2,4589
39487,2016-05-25,01:32:00,234,3,6071
39488,2016-05-25,01:35:00,52,2,7259
39489,2016-05-25,01:51:00,324,2,9957
39490,2016-05-25,02:07:00,174,2,5468
39491,2016-05-25,02:28:00,290,2,11487
39492,2016-05-25,02:32:00,409,2,6405
39493,2016-05-25,02:33:00,178,3,4387
39494,2016-05-25,02:35:00,102,4,7717
39495,2016-05-25,02:37:00,281,1,1073
39496,2016-05-25,02:40:00,1,3,8795
39497,2016-05-25,02:44:00,220,2,2608
39498,2016-05-25,02:59:00,191,1,1719
39499,2016-05-25,03:01:00,203,1,9143
39500,2016-05-25,03:02:00,241,2,148
39501,2016-05-25,03:03:00,418,1,8165
39502,2016-05-25,03:04:00,439,1,11232
39503,2016-05-25,03:05:00,201,1,11923
39504,2016-05-25,03:14:00,393,4,6584
39505,2016-05-25,03:15:00,282,1,4385
39506,2016-05-25,03:19:00,126,1,3303
39507,2016-05-25,03:23:00,392,2,1563
39508,2016-05-25,03:26:00,251,5,7481
39509,2016-05-25,03:28:00,13,1,6437
39510,2016-05-25,03:29:00,231,3,6524
39511,2016-05-25,03:35:00,280,3,9560
39512,2016-05-25,03:37:00,282,1,6638
39513,2016-05-25,03:39:00,238,1,3660
39514,2016-05-25,03:44:00,195,2,31
39515,2016-05-25,03:59:00,145,1,4020
39516,2016-05-25,04:02:00,195,2,10760
39517,2016-05-25,04:03:00,95,3,7988
39518,2016-05-25,04:09:00,58,1,6725
39519,2016-05-25,04:13:00,2,2,2585
39520,2016-05-25,04:29:00,36,3,9030
39521,2016-05-25,04:33:00,259,2,11004
39522,2016-05-25,04:35:00,251,4,1857
39523,2016-05-25,04:35:00,87,2,9744
39524,2016-05-25,04:38:00,69,2,2066
39525,2016-05-25,04:48:00,83,1,7047
39526,2016-05-25,04:49:00,158,1,6332
39527,2016-05-25,04:49:00,351,3,8429
39528,2016-05-25,04:49:00,131,1,8669
39529,2016-05-25,04:54:00,295,3,2766
39530,2016-05-25,04:54:00,306,3,10390
39531,2016-05-25,05:06:00,295,2,1443
39532,2016-05-25,05:07:00,211,3,2657
39533,2016-05-25,05:17:00,2,1,6382
39534,2016-05-25,05:20:00,67,2,6352
39535,2016-05-25,05:37:00,424,1,3063
39536,2016-05-25,05:38:00,168,1,4013
39537,2016-05-25,05:42:00,143,3,9850
39538,2016-05-25,05:46:00,251,1,5662
39539,2016-05-25,05:46:00,113,2,7739
39540,2016-05-25,05:47:00,432,1,82
39541,2016-05-25,06:02:00,167,1,359
39542,2016-05-25,06:15:00,150,4,5288
39543,2016-05-25,06:19:00,344,2,10044
39544,2016-05-25,06:24:00,348,3,2117
39545,2016-05-25,06:27:00,166,1,586
39546,2016-05-25,06:30:00,11,1,1086
39547,2016-05-25,06:39:00,340,1,5669
39548,2016-05-25,06:39:00,120,2,10521
39549,2016-05-25,06:47:00,93,2,8190
39550,2016-05-25,06:50:00,375,3,10562
39551,2016-05-25,06:52:00,308,1,6407
39552,2016-05-25,06:52:00,173,1,2513
39553,2016-05-25,06:53:00,193,1,7151
39554,2016-05-25,06:53:00,400,1,8912
39555,2016-05-25,07:00:00,188,1,4995
39556,2016-05-25,07:01:00,272,3,5694
39557,2016-05-25,07:07:00,169,2,11782
39558,2016-05-25,07:09:00,62,1,10655
39559,2016-05-25,07:13:00,128,3,422
39560,2016-05-25,07:23:00,425,1,812
39561,2016-05-25,07:29:00,444,4,2787
39562,2016-05-25,07:30:00,349,1,343
39563,2016-05-25,07:37:00,112,2,4797
39564,2016-05-25,07:48:00,68,3,9889
39565,2016-05-25,07:50:00,341,2,9147
39566,2016-05-25,07:52:00,219,1,10779
39567,2016-05-25,08:00:00,64,1,6390
39568,2016-05-25,08:01:00,69,3,7820
39569,2016-05-25,08:04:00,17,2,11723
39570,2016-05-25,08:11:00,169,2,3235
39571,2016-05-25,08:12:00,322,1,1197
39572,2016-05-25,08:31:00,243,1,9518
39573,2016-05-25,08:51:00,113,1,9815
39574,2016-05-25,08:54:00,35,3,9496
39575,2016-05-25,08:57:00,136,1,10255
39576,2016-05-25,09:06:00,253,1,3873
39577,2016-05-25,09:06:00,457,1,402
39578,2016-05-25,09:12:00,321,1,4497
39579,2016-05-25,09:13:00,63,3,10636
39580,2016-05-25,09:13:00,51,1,10063
39581,2016-05-25,09:16:00,7,1,10177
39582,2016-05-25,09:18:00,224,3,4601
39583,2016-05-25,09:19:00,349,3,3038
39584,2016-05-25,09:23:00,378,2,10273
39585,2016-05-25,09:24:00,128,2,2438
39586,2016-05-25,09:34:00,410,1,7326
39587,2016-05-25,09:43:00,411,2,8554
39588,2016-05-25,09:47:00,343,4,7577
39589,2016-05-25,09:57:00,185,1,4179
39590,2016-05-25,10:00:00,443,3,700
39591,2016-05-25,10:01:00,222,2,11569
39592,2016-05-25,10:06:00,246,2,6026
39593,2016-05-25,10:08:00,206,2,11907
39594,2016-05-25,10:09:00,281,5,8526
39595,2016-05-25,10:14:00,422,2,3019
39596,2016-05-25,10:33:00,392,4,2878
39597,2016-05-25,10:48:00,275,1,3188
39598,2016-05-25,10:55:00,256,1,11575
39599,2016-05-25,10:57:00,38,1,2406
39600,2016-05-25,11:04:00,325,1,11847
39601,2016-05-25,11:11:00,185,4,933
39602,2016-05-25,11:11:00,450,3,11673
39603,2016-05-25,11:17:00,296,1,7249
39604,2016-05-25,11:24:00,218,2,144
39605,2016-05-25,11:28:00,330,3,7349
39606,2016-05-25,11:35:00,161,3,6431
39607,2016-05-25,11:36:00,73,2,10092
39608,2016-05-25,11:37:00,414,3,5647
39609,2016-05-25,11:45:00,275,2,3411
39610,2016-05-25,11:47:00,179,3,11940
39611,2016-05-25,11:51:00,344,2,7455
39612,2016-05-25,11:56:00,5,3,11381
39613,2016-05-25,11:59:00,295,2,3566
39614,2016-05-25,12:00:00,26,1,3141
39615,2016-05-25,12:13:00,68,3,11448
39616,2016-05-25,12:15:00,241,1,2454
39617,2016-05-25,12:17:00,328,4,5892
39618,2016-05-25,12:20:00,420,3,4996
39619,2016-05-25,12:31:00,182,3,2120
39620,2016-05-25,12:36:00,142,2,11118
39621,2016-05-25,12:40:00,301,2,6961
39622,2016-05-25,12:46:00,454,3,1808
39623,2016-05-25,12:47:00,380,1,39
39624,2016-05-25,12:48:00,417,1,11579
39625,2016-05-25,12:53:00,372,3,2391
39626,2016-05-25,12:58:00,254,2,7061
39627,2016-05-25,13:00:00,452,5,3126
39628,2016-05-25,13:42:00,249,3,5379
39629,2016-05-25,13:47:00,403,1,657
39630,2016-05-25,13:56:00,277,1,3101
39631,2016-05-25,14:12:00,37,2,236
39632,2016-05-25,14:16:00,338,3,10668
39633,2016-05-25,14:20:00,237,3,7742
39634,2016-05-25,14:28:00,392,2,691
39635,2016-05-25,14:33:00,112,2,7984
39636,2016-05-25,14:42:00,160,3,10885
39637,2016-05-25,14:46:00,403,3,3972
39638,2016-05-25,14:46:00,196,1,705
39639,2016-05-25,14:53:00,94,2,9535
39640,2016-05-25,15:03:00,163,2,9197
39641,2016-05-25,15:03:00,423,2,11756
39642,2016-05-25,15:18:00,355,1,5474
39643,2016-05-25,15:34:00,190,4,2860
39644,2016-05-25,15:34:00,257,1,9842
39645,2016-05-25,15:36:00,94,1,10356
39646,2016-05-25,15:42:00,143,1,3159
39647,2016-05-25,15:43:00,339,1,8110
39648,2016-05-25,15:45:00,408,2,3857
39649,2016-05-25,15:47:00,413,3,9284
39650,2016-05-25,15:48:00,90,3,1875
39651,2016-05-25,15:54:00,334,1,4738
39652,2016-05-25,15:56:00,111,2,9930
39653,2016-05-25,15:59:00,174,1,8833
39654,2016-05-25,16:00:00,145,1,10628
39655,2016-05-25,16:02:00,258,2,7411
39656,2016-05-25,16:02:00,184,3,3694
39657,2016-05-25,16:04:00,205,2,3244
39658,2016-05-25,16:05:00,169,1,3973
39659,2016-05-25,16:06:00,412,2,4167
39660,2016-05-25,16:09:00,185,3,6209
39661,2016-05-25,16:12:00,39,1,11931
39662,2016-05-25,16:29:00,117,2,11536
39663,2016-05-25,16:37:00,304,3,11187
39664,2016-05-25,16:56:00,51,4,7817
39665,2016-05-25,17:07:00,41,2,3509
39666,2016-05-25,17:22:00,2,1,2383
39667,2016-05-25,17:25:00,404,1,9794
39668,2016-05-25,17:31:00,352,2,8473
39669,2016-05-25,17:31:00,349,2,3211
39670,2016-05-25,17:41:00,378,1,2614
39671,2016-05-25,17:41:00,409,4,4734
39672,2016-05-25,17:45:00,305,2,5239
39673,2016-05-25,17:45:00,6,1,5582
39674,2016-05-25,17:54:00,406,2,2896
39675,2016-05-25,18:11:00,180,2,8197
39676,2016-05-25,18:12:00,30,1,5278
39677,2016-05-25,18:19:00,414,1,8892
39678,2016-05-25,18:30:00,222,3,6897
39679,2016-05-25,18:49:00,388,2,3453
39680,2016-05-25,18:50:00,301,2,5148
39681,2016-05-25,19:02:00,66,2,401
39682,2016-05-25,19:07:00,389,2,4175
39683,2016-05-25,19:12:00,336,1,10378
39684,2016-05-25,19:14:00,349,1,11626
39685,2016-05-25,19:14:00,436,1,8619
39686,2016-05-25,19:14:00,319,1,4423
39687,2016-05-25,19:21:00,323,3,2402
39688,2016-05-25,19:38:00,70,4,7286
39689,2016-05-25,20:03:00,151,1,9917
39690,2016-05-25,20:05:00,431,2,1931
39691,2016-05-25,20:06:00,311,3,9365
39692,2016-05-25,20:18:00,82,4,3391
39693,2016-05-25,20:22:00,89,2,6825
39694,2016-05-25,20:27:00,318,1,1804
39695,2016-05-25,20:27:00,230,3,402
39696,2016-05-25,20:37:00,188,1,2456
39697,2016-05-25,20:39:00,322,1,9533
39698,2016-05-25,20:45:00,115,2,1473
39699,2016-05-25,20:47:00,30,1,1984
39700,2016-05-25,20:54:00,199,2,3579
39701,2016-05-25,20:58:00,91,2,5589
39702,2016-05-25,21:08:00,212,3,1515
39703,2016-05-25,21:16:00,201,2,8413
39704,2016-05-25,21:20:00,427,2,1525
39705,2016-05-25,21:33:00,353,2,2385
39706,2016-05-25,21:38:00,8,1,6848
39707,2016-05-25,21:44:00,250,2,2951
39708,2016-05-25,21:45:00,179,2,8898
39709,2016-05-25,21:45:00,141,1,8842
39710,2016-05-25,21:49:00,249,1,8327
39711,2016-05-25,21:50:00,46,2,9333
39712,2016-05-25,21:51:00,392,3,2746
39713,2016-05-25,21:57:00,369,2,7400
39714,2016-05-25,22:11:00,14,2,5522
39715,2016-05-25,22:15:00,408,2,5437
39716,2016-05-25,22:16:00,258,3,3001
39717,2016-05-25,22:30:00,265,2,7945
39718,2016-05-25,22:36:00,315,1,10355
39719,2016-05-25,22:36:00,347,1,4415
39720,2016-05-25,22:36:00,131,2,10171
39721,2016-05-25,22:39:00,267,3,1302
39722,2016-05-25,22:48:00,384,2,7193
39723,2016-05-25,22:52:00,432,1,3616
39724,2016-05-25,22:55:00,216,2,3923
39725,2016-05-25,22:57:00,215,1,7171
39726,2016-05-25,22:58:00,115,2,7282
39727,2016-05-25,23:01:00,326,4,2467
39728,2016-05-25,23:01:00,25,1,11512
39729,2016-05-25,23:07:00,267,2,10066
39730,2016-05-25,23:22:00,45,2,6903
39731,2016-05-25,23:23:00,138,2,10063
39732,2016-05-25,23:26:00,220,2,1860
39733,2016-05-25,23:27:00,91,2,1931
39734,2016-05-25,23:33:00,96,1,2720
39735,2016-05-25,23:35:00,141,3,2193
39736,2016-05-25,23:42:00,77,1,3270
39737,2016-05-25,23:45:00,132,5,9435
39738,2016-05-25,23:47:00,258,2,10941
39739,2016-05-25,23:53:00,133,2,9109
39740,2016-05-25,23:57:00,226,2,2938
39741,2016-05-26,00:07:00,166,2,2063
39742,2016-05-26,00:19:00,123,2,10436
39743,2016-05-26,00:23:00,40,2,8019
39744,2016-05-26,00:47:00,370,3,6228
39745,2016-05-26,00:53:00,363,3,3675
39746,2016-05-26,00:54:00,50,3,8001
39747,2016-05-26,00:59:00,45,4,3721
39748,2016-05-26,01:01:00,408,1,8478
39749,2016-05-26,01:02:00,61,2,7110
39750,2016-05-26,01:12:00,129,3,2660
39751,2016-05-26,01:13:00,201,2,11496
39752,2016-05-26,01:15:00,19,1,3936
39753,2016-05-26,01:22:00,334,3,428
39754,2016-05-26,01:27:00,437,4,5224
39755,2016-05-26,01:27:00,163,3,9875
39756,2016-05-26,01:29:00,246,4,8993
39757,2016-05-26,01:40:00,145,1,5380
39758,2016-05-26,01:42:00,85,2,7922
39759,2016-05-26,01:42:00,353,2,6485
39760,2016-05-26,01:43:00,92,2,3674
39761,2016-05-26,01:50:00,227,2,11212
39762,2016-05-26,01:50:00,189,5,10618
39763,2016-05-26,01:57:00,100,3,10284
39764,2016-05-26,02:00:00,444,2,3497
39765,2016-05-26,02:12:00,151,3,9258
39766,2016-05-26,02:19:00,129,2,9175
39767,2016-05-26,02:41:00,227,2,4713
39768,2016-05-26,02:42:00,444,3,3790
39769,2016-05-26,02:49:00,171,1,2994
39770,2016-05-26,02:51:00,317,2,4680
39771,2016-05-26,02:51:00,199,1,550
39772,2016-05-26,03:00:00,90,6,11064
39773,2016-05-26,03:02:00,246,3,8229
39774,2016-05-26,03:02:00,208,2,2164
39775,2016-05-26,03:03:00,194,3,2312
39776,2016-05-26,03:04:00,440,2,3717
39777,2016-05-26,03:17:00,95,2,2456
39778,2016-05-26,03:25:00,278,1,10422
39779,2016-05-26,03:25:00,223,2,7350
39780,2016-05-26,03:37:00,9,2,5893
39781,2016-05-26,03:51:00,372,1,5866
39782,2016-05-26,03:51:00,151,2,8360
39783,2016-05-26,03:57:00,424,2,6765
39784,2016-05-26,03:58:00,110,2,4072
39785,2016-05-26,04:06:00,186,1,11765
39786,2016-05-26,04:16:00,363,1,8128
39787,2016-05-26,04:18:00,351,1,92
39788,2016-05-26,04:18:00,217,2,11805
39789,2016-05-26,04:21:00,329,1,2665
39790,2016-05-26,04:29:00,448,4,8403
39791,2016-05-26,04:30:00,149,2,740
39792,2016-05-26,04:35:00,118,3,4803
39793,2016-05-26,04:40:00,254,2,1395
39794,2016-05-26,04:50:00,102,1,1648
39795,2016-05-26,04:56:00,88,1,3628
39796,2016-05-26,05:03:00,241,2,647
39797,2016-05-26,05:11:00,116,1,2072
39798,2016-05-26,05:11:00,115,3,6724
39799,2016-05-26,05:16:00,258,2,5710
39800,2016-05-26,05:29:00,295,2,10194
39801,2016-05-26,05:31:00,331,3,8559
39802,2016-05-26,05:34:00,298,1,11125
39803,2016-05-26,05:42:00,277,4,6305
39804,2016-05-26,05:47:00,145,3,11561
39805,2016-05-26,05:50:00,216,2,6865
39806,2016-05-26,05:53:00,244,2,3028
39807,2016-05-26,05:59:00,396,4,11696
39808,2016-05-26,05:59:00,9,3,740
39809,2016-05-26,05:59:00,222,1,9875
39810,2016-05-26,06:00:00,297,2,5919
39811,2016-05-26,06:02:00,242,1,9270
39812,2016-05-26,06:16:00,84,1,11133
39813,2016-05-26,06:18:00,158,2,2257
39814,2016-05-26,06:19:00,257,1,2571
39815,2016-05-26,06:20:00,21,2,11789
39816,2016-05-26,06:24:00,435,1,2316
39817,2016-05-26,06:26:00,148,2,647
39818,2016-05-26,06:51:00,341,2,4749
39819,2016-05-26,06:58:00,270,1,11302
39820,2016-05-26,07:01:00,14,2,10359
39821,2016-05-26,07:10:00,88,2,6504
39822,2016-05-26,07:34:00,86,1,7953
39823,2016-05-26,07:36:00,284,5,8022
39824,2016-05-26,07:36:00,305,5,771
39825,2016-05-26,07:37:00,123,1,5348
39826,2016-05-26,07:41:00,168,2,2406
39827,2016-05-26,07:46:00,223,2,1524
39828,2016-05-26,08:18:00,367,3,189
39829,2016-05-26,08:21:00,103,2,8377
39830,2016-05-26,08:25:00,57,2,512
39831,2016-05-26,08:30:00,63,4,6860
39832,2016-05-26,08:58:00,31,2,11448
39833,2016-05-26,08:59:00,138,4,9675
39834,2016-05-26,09:06:00,396,1,8430
39835,2016-05-26,09:13:00,364,2,9810
39836,2016-05-26,09:21:00,357,3,10520
39837,2016-05-26,09:22:00,344,2,3612
39838,2016-05-26,09:22:00,284,2,7144
39839,2016-05-26,09:29:00,39,3,9783
39840,2016-05-26,09:33:00,343,1,2516
39841,2016-05-26,09:37:00,430,1,3444
39842,2016-05-26,09:49:00,143,5,2036
39843,2016-05-26,09:49:00,221,2,11672
39844,2016-05-26,09:55:00,162,1,2571
39845,2016-05-26,09:58:00,302,1,9600
39846,2016-05-26,09:59:00,439,1,2835
39847,2016-05-26,10:09:00,44,1,3155
39848,2016-05-26,10:15:00,336,2,751
39849,2016-05-26,10:15:00,274,4,2880
39850,2016-05-26,10:19:00,101,2,7059
39851,2016-05-26,10:20:00,360,1,3890
39852,2016-05-26,10:21:00,120,2,6982
39853,2016-05-26,10:26:00,394,1,4216
39854,2016-05-26,10:29:00,133,2,1170
39855,2016-05-26,10:34:00,113,1,9328
39856,2016-05-26,10:40:00,98,3,4947
39857,2016-05-26,10:57:00,137,3,7104
39858,2016-05-26,11:02:00,435,3,9624
39859,2016-05-26,11:07:00,336,1,4583
39860,2016-05-26,11:21:00,308,4,7559
39861,2016-05-26,11:26:00,306,2,5023
39862,2016-05-26,11:27:00,279,4,11522
39863,2016-05-26,11:36:00,194,1,3326
39864,2016-05-26,11:42:00,390,1,4034
39865,2016-05-26,11:49:00,357,1,8723
39866,2016-05-26,11:53:00,249,4,9592
39867,2016-05-26,12:01:00,389,3,2040
39868,2016-05-26,12:02:00,97,2,10830
39869,2016-05-26,12:03:00,374,2,3237
39870,2016-05-26,12:10:00,154,1,399
39871,2016-05-26,12:11:00,105,3,11480
39872,2016-05-26,12:18:00,55,1,9021
39873,2016-05-26,12:22:00,376,2,3992
39874,2016-05-26,12:25:00,311,3,11900
39875,2016-05-26,12:26:00,107,3,4204
39876,2016-05-26,12:30:00,207,1,1879
39877,2016-05-26,12:32:00,365,2,11534
39878,2016-05-26,12:35:00,66,2,8737
39879,2016-05-26,12:43:00,7,2,9660
39880,2016-05-26,12:44:00,206,2,4166
39881,2016-05-26,12:53:00,135,1,8029
39882,2016-05-26,12:56:00,331,2,5810
39883,2016-05-26,13:00:00,75,2,4108
39884,2016-05-26,13:05:00,273,1,10871
39885,2016-05-26,13:13:00,56,4,5831
39886,2016-05-26,13:13:00,438,4,4437
39887,2016-05-26,13:21:00,33,1,5
39888,2016-05-26,13:23:00,228,5,7953
39889,2016-05-26,13:28:00,68,3,3932
39890,2016-05-26,13:30:00,335,4,5253
39891,2016-05-26,13:34:00,72,1,6223
39892,2016-05-26,13:34:00,175,1,7859
39893,2016-05-26,13:41:00,144,3,1105
39894,2016-05-26,13:48:00,255,1,811
39895,2016-05-26,14:19:00,196,3,7314
39896,2016-05-26,14:24:00,5,3,5698
39897,2016-05-26,14:32:00,25,1,895
39898,2016-05-26,14:35:00,252,1,10916
39899,2016-05-26,14:47:00,235,2,5958
39900,2016-05-26,14:49:00,265,1,11119
39901,2016-05-26,14:57:00,206,1,1522
39902,2016-05-26,15:01:00,136,2,4184
39903,2016-05-26,15:15:00,66,4,1154
39904,2016-05-26,15:17:00,121,3,249
39905,2016-05-26,15:19:00,215,2,667
39906,2016-05-26,15:29:00,69,2,5292
39907,2016-05-26,15:29:00,391,2,2017
39908,2016-05-26,15:35:00,434,2,10286
39909,2016-05-26,15:35:00,284,1,11862
39910,2016-05-26,15:40:00,423,2,8913
39911,2016-05-26,15:43:00,183,2,3166
39912,2016-05-26,15:46:00,181,2,2376
39913,2016-05-26,15:49:00,71,2,7142
39914,2016-05-26,16:00:00,243,2,7312
39915,2016-05-26,16:00:00,78,1,3618
39916,2016-05-26,16:01:00,352,1,6852
39917,2016-05-26,16:01:00,30,2,2604
39918,2016-05-26,16:01:00,257,1,11861
39919,2016-05-26,16:04:00,416,2,238
39920,2016-05-26,16:13:00,30,2,6368
39921,2016-05-26,16:21:00,89,2,9222
39922,2016-05-26,16:26:00,119,2,10434
39923,2016-05-26,16:29:00,160,1,1746
39924,2016-05-26,16:39:00,108,3,4789
39925,2016-05-26,16:40:00,13,1,6460
39926,2016-05-26,16:45:00,443,1,11131
39927,2016-05-26,16:45:00,447,2,11501
39928,2016-05-26,16:50:00,368,2,4915
39929,2016-05-26,16:52:00,353,2,330
39930,2016-05-26,16:55:00,329,2,4978
39931,2016-05-26,16:58:00,413,3,9317
39932,2016-05-26,16:59:00,427,2,5721
39933,2016-05-26,17:03:00,420,3,1305
39934,2016-05-26,17:07:00,120,2,3231
39935,2016-05-26,17:09:00,341,5,3153
39936,2016-05-26,17:10:00,111,2,9792
39937,2016-05-26,17:10:00,31,1,10818
39938,2016-05-26,17:14:00,145,1,6805
39939,2016-05-26,17:23:00,104,1,8649
39940,2016-05-26,17:33:00,421,2,843
39941,2016-05-26,17:33:00,352,2,6106
39942,2016-05-26,17:33:00,379,3,3280
39943,2016-05-26,17:34:00,447,1,447
39944,2016-05-26,17:46:00,134,2,10788
39945,2016-05-26,17:49:00,266,2,2938
39946,2016-05-26,17:51:00,239,1,6546
39947,2016-05-26,18:01:00,423,2,10747
39948,2016-05-26,18:01:00,181,1,5305
39949,2016-05-26,18:02:00,261,2,5603
39950,2016-05-26,18:09:00,15,1,4005
39951,2016-05-26,18:16:00,254,3,6456
39952,2016-05-26,18:19:00,119,2,11489
39953,2016-05-26,18:29:00,331,2,9187
39954,2016-05-26,18:33:00,421,2,11804
39955,2016-05-26,18:37:00,369,2,4493
39956,2016-05-26,18:43:00,37,3,6490
39957,2016-05-26,18:45:00,101,2,4367
39958,2016-05-26,18:53:00,72,1,11707
39959,2016-05-26,18:54:00,433,3,6593
39960,2016-05-26,19:08:00,90,2,9182
39961,2016-05-26,19:17:00,423,3,11657
39962,2016-05-26,19:19:00,456,3,10854
39963,2016-05-26,19:22:00,75,1,10090
39964,2016-05-26,19:30:00,177,1,7547
39965,2016-05-26,19:36:00,381,1,896
39966,2016-05-26,19:39:00,263,1,11368
39967,2016-05-26,19:44:00,148,4,3851
39968,2016-05-26,19:48:00,301,2,7839
39969,2016-05-26,19:54:00,371,1,2511
39970,2016-05-26,20:05:00,241,1,7103
39971,2016-05-26,20:06:00,363,4,7749
39972,2016-05-26,20:07:00,411,1,10030
39973,2016-05-26,20:09:00,184,1,1004
39974,2016-05-26,20:15:00,320,1,1091
39975,2016-05-26,20:17:00,205,2,1163
39976,2016-05-26,20:17:00,429,1,4418
39977,2016-05-26,20:19:00,192,2,2873
39978,2016-05-26,20:20:00,174,2,9661
39979,2016-05-26,20:34:00,406,2,88
39980,2016-05-26,20:36:00,250,7,1391
39981,2016-05-26,20:40:00,163,2,4194
39982,2016-05-26,20:53:00,333,2,213
39983,2016-05-26,21:11:00,157,1,1010
39984,2016-05-26,21:13:00,257,2,6467
39985,2016-05-26,21:17:00,175,1,3824
39986,2016-05-26,21:20:00,434,1,579
39987,2016-05-26,21:25:00,402,1,319
39988,2016-05-26,21:32:00,284,2,9942
39989,2016-05-26,21:32:00,2,1,2124
39990,2016-05-26,21:33:00,329,3,3588
39991,2016-05-26,21:33:00,351,1,7483
39992,2016-05-26,21:41:00,438,2,5628
39993,2016-05-26,21:55:00,252,1,6125
39994,2016-05-26,22:00:00,158,2,831
39995,2016-05-26,22:14:00,154,3,830
39996,2016-05-26,22:15:00,107,2,1313
39997,2016-05-26,22:17:00,138,1,6736
39998,2016-05-26,22:19:00,144,1,4419
39999,2016-05-26,22:29:00,36,2,2513
40000,2016-05-26,22:33:00,280,3,1522
40001,2016-05-26,22:33:00,62,1,4958
40002,2016-05-26,22:41:00,298,1,3223
40003,2016-05-26,22:51:00,242,2,11763
40004,2016-05-26,22:53:00,216,1,6583
40005,2016-05-26,23:05:00,133,1,9985
40006,2016-05-26,23:05:00,261,2,10196
40007,2016-05-26,23:06:00,273,1,3046
40008,2016-05-26,23:11:00,288,4,8378
40009,2016-05-26,23:12:00,342,1,6812
40010,2016-05-26,23:13:00,127,2,1156
40011,2016-05-26,23:14:00,72,1,3995
40012,2016-05-26,23:21:00,450,2,3573
40013,2016-05-26,23:26:00,452,2,2376
40014,2016-05-26,23:29:00,439,3,5180
40015,2016-05-26,23:31:00,93,2,9246
40016,2016-05-26,23:32:00,316,3,1653
40017,2016-05-26,23:32:00,308,2,10410
40018,2016-05-26,23:33:00,458,2,5250
40019,2016-05-26,23:35:00,122,3,8718
40020,2016-05-26,23:45:00,287,2,7360
40021,2016-05-26,23:47:00,161,3,9304
40022,2016-05-26,23:51:00,53,1,10733
40023,2016-05-26,23:54:00,262,3,11503
40024,2016-05-26,23:54:00,345,3,4784
40025,2016-05-27,00:19:00,397,2,10866
40026,2016-05-27,00:28:00,436,1,1385
40027,2016-05-27,00:37:00,36,2,1328
40028,2016-05-27,01:15:00,378,1,6138
40029,2016-05-27,01:17:00,356,3,861
40030,2016-05-27,01:28:00,323,1,824
40031,2016-05-27,01:31:00,450,1,3655
40032,2016-05-27,01:33:00,199,2,1771
40033,2016-05-27,01:33:00,363,1,4121
40034,2016-05-27,01:36:00,204,1,361
40035,2016-05-27,01:41:00,116,1,1588
40036,2016-05-27,01:49:00,296,1,4643
40037,2016-05-27,01:51:00,381,2,8207
40038,2016-05-27,01:54:00,224,2,7277
40039,2016-05-27,02:08:00,56,3,9186
40040,2016-05-27,02:11:00,220,1,4352
40041,2016-05-27,02:24:00,437,2,5104
40042,2016-05-27,02:25:00,96,2,4501
40043,2016-05-27,02:25:00,350,2,5564
40044,2016-05-27,02:30:00,19,1,8785
40045,2016-05-27,02:36:00,217,1,6248
40046,2016-05-27,02:38:00,341,2,8688
40047,2016-05-27,02:38:00,340,2,3582
40048,2016-05-27,02:40:00,66,4,10289
40049,2016-05-27,02:41:00,362,2,9257
40050,2016-05-27,02:46:00,223,1,11435
40051,2016-05-27,02:48:00,443,3,1324
40052,2016-05-27,02:52:00,448,1,10453
40053,2016-05-27,02:55:00,111,2,390
40054,2016-05-27,02:59:00,172,2,10057
40055,2016-05-27,03:12:00,445,2,7624
40056,2016-05-27,03:22:00,153,2,2422
40057,2016-05-27,03:23:00,2,3,9705
40058,2016-05-27,03:27:00,204,3,954
40059,2016-05-27,03:29:00,434,2,9250
40060,2016-05-27,03:32:00,288,2,2299
40061,2016-05-27,03:44:00,291,2,7894
40062,2016-05-27,04:06:00,153,2,5728
40063,2016-05-27,04:07:00,163,2,1125
40064,2016-05-27,04:08:00,292,3,6108
40065,2016-05-27,04:15:00,272,2,10126
40066,2016-05-27,04:18:00,363,2,2218
40067,2016-05-27,04:21:00,21,2,7495
40068,2016-05-27,04:21:00,172,2,10953
40069,2016-05-27,04:23:00,11,2,3303
40070,2016-05-27,04:24:00,157,4,9517
40071,2016-05-27,04:24:00,40,1,4806
40072,2016-05-27,04:31:00,119,2,8691
40073,2016-05-27,04:49:00,380,2,10964
40074,2016-05-27,04:56:00,296,2,7689
40075,2016-05-27,05:05:00,409,2,11388
40076,2016-05-27,05:08:00,442,2,313
40077,2016-05-27,05:11:00,305,4,7390
40078,2016-05-27,05:13:00,267,1,7586
40079,2016-05-27,05:17:00,356,2,6878
40080,2016-05-27,05:17:00,234,2,5497
40081,2016-05-27,05:20:00,272,2,9581
40082,2016-05-27,05:21:00,320,2,4208
40083,2016-05-27,05:30:00,452,3,10625
40084,2016-05-27,05:33:00,137,2,4482
40085,2016-05-27,05:37:00,168,1,2426
40086,2016-05-27,05:39:00,253,2,7376
40087,2016-05-27,05:42:00,71,1,10641
40088,2016-05-27,05:44:00,225,1,5395
40089,2016-05-27,05:52:00,25,1,11467
40090,2016-05-27,06:09:00,437,2,9861
40091,2016-05-27,06:11:00,341,3,9051
40092,2016-05-27,06:13:00,182,3,1743
40093,2016-05-27,06:16:00,216,2,3648
40094,2016-05-27,06:17:00,132,1,4499
40095,2016-05-27,06:19:00,446,1,925
40096,2016-05-27,06:20:00,188,2,6486
40097,2016-05-27,06:22:00,380,2,122
40098,2016-05-27,06:27:00,408,1,999
40099,2016-05-27,06:31:00,287,1,2315
40100,2016-05-27,06:37:00,265,2,4497
40101,2016-05-27,06:43:00,176,1,9225
40102,2016-05-27,06:43:00,109,2,1213
40103,2016-05-27,06:44:00,261,4,1781
40104,2016-05-27,06:46:00,418,3,8933
40105,2016-05-27,06:47:00,337,1,7623
40106,2016-05-27,07:06:00,314,2,11457
40107,2016-05-27,07:11:00,46,3,4698
40108,2016-05-27,07:21:00,59,2,10707
40109,2016-05-27,07:22:00,31,2,2030
40110,2016-05-27,07:22:00,392,2,2369
40111,2016-05-27,07:24:00,230,4,2863
40112,2016-05-27,07:24:00,51,1,5771
40113,2016-05-27,07:26:00,136,4,6747
40114,2016-05-27,07:33:00,231,3,1643
40115,2016-05-27,07:43:00,438,2,6984
40116,2016-05-27,07:44:00,337,1,3936
40117,2016-05-27,07:49:00,446,3,7212
40118,2016-05-27,07:51:00,238,1,4949
40119,2016-05-27,08:06:00,136,1,2196
40120,2016-05-27,08:10:00,235,1,4806
40121,2016-05-27,08:14:00,217,1,11414
40122,2016-05-27,08:15:00,318,1,5594
40123,2016-05-27,08:20:00,168,1,8637
40124,2016-05-27,08:21:00,362,2,10154
40125,2016-05-27,08:25:00,175,3,11203
40126,2016-05-27,08:30:00,403,2,964
40127,2016-05-27,08:39:00,82,2,339
40128,2016-05-27,08:44:00,445,2,62
40129,2016-05-27,08:47:00,446,2,5844
40130,2016-05-27,08:50:00,306,3,4229
40131,2016-05-27,08:52:00,38,2,2861
40132,2016-05-27,08:54:00,143,4,795
40133,2016-05-27,08:58:00,334,2,2448
40134,2016-05-27,09:06:00,342,2,2035
40135,2016-05-27,09:10:00,261,1,6264
40136,2016-05-27,09:19:00,52,1,10482
40137,2016-05-27,09:32:00,440,1,7838
40138,2016-05-27,09:36:00,264,3,5768
40139,2016-05-27,09:43:00,237,3,7062
40140,2016-05-27,09:54:00,408,2,10955
40141,2016-05-27,09:56:00,348,1,3304
40142,2016-05-27,09:59:00,168,1,9921
40143,2016-05-27,10:07:00,302,2,9794
40144,2016-05-27,10:11:00,398,1,7476
40145,2016-05-27,10:14:00,51,1,11189
40146,2016-05-27,10:20:00,457,2,7954
40147,2016-05-27,10:21:00,123,3,11442
40148,2016-05-27,10:22:00,449,2,8882
40149,2016-05-27,10:25:00,83,1,10946
40150,2016-05-27,10:31:00,263,2,10532
40151,2016-05-27,10:33:00,58,1,7172
40152,2016-05-27,10:36:00,155,2,446
40153,2016-05-27,10:43:00,338,1,3655
40154,2016-05-27,10:44:00,450,1,1213
40155,2016-05-27,10:58:00,52,4,5478
40156,2016-05-27,11:13:00,112,3,641
40157,2016-05-27,11:16:00,127,2,5523
40158,2016-05-27,11:34:00,124,2,1689
40159,2016-05-27,11:38:00,391,1,6376
40160,2016-05-27,11:38:00,206,2,4183
40161,2016-05-27,11:47:00,5,3,2578
40162,2016-05-27,11:49:00,86,4,10199
40163,2016-05-27,11:55:00,97,2,6954
40164,2016-05-27,11:59:00,275,3,7282
40165,2016-05-27,12:04:00,128,1,7575
40166,2016-05-27,12:07:00,131,1,10908
40167,2016-05-27,12:07:00,365,2,1455
40168,2016-05-27,12:13:00,42,1,4105
40169,2016-05-27,12:19:00,225,3,5785
40170,2016-05-27,12:22:00,137,3,6959
40171,2016-05-27,12:26:00,8,2,6939
40172,2016-05-27,12:27:00,365,1,538
40173,2016-05-27,12:30:00,101,2,4113
40174,2016-05-27,12:31:00,352,3,6346
40175,2016-05-27,12:33:00,242,2,284
40176,2016-05-27,12:37:00,103,1,5001
40177,2016-05-27,12:45:00,107,2,11271
40178,2016-05-27,12:46:00,97,2,8787
40179,2016-05-27,12:54:00,404,5,5649
40180,2016-05-27,12:57:00,399,3,9942
40181,2016-05-27,13:04:00,410,2,9916
40182,2016-05-27,13:05:00,344,3,10346
40183,2016-05-27,13:26:00,334,1,115
40184,2016-05-27,13:27:00,95,1,9951
40185,2016-05-27,13:29:00,103,4,10793
40186,2016-05-27,13:31:00,119,1,8484
40187,2016-05-27,13:35:00,308,2,1555
40188,2016-05-27,13:39:00,214,2,10330
40189,2016-05-27,13:40:00,226,2,3152
40190,2016-05-27,13:43:00,347,1,1982
40191,2016-05-27,13:53:00,165,2,1733
40192,2016-05-27,13:54:00,144,2,11208
40193,2016-05-27,13:56:00,79,3,3168
40194,2016-05-27,13:56:00,16,2,7113
40195,2016-05-27,13:57:00,277,2,8583
40196,2016-05-27,13:59:00,444,2,6053
40197,2016-05-27,14:16:00,82,2,3403
40198,2016-05-27,14:19:00,83,2,5256
40199,2016-05-27,14:21:00,4,1,9052
40200,2016-05-27,14:25:00,431,2,343
40201,2016-05-27,14:27:00,188,2,4796
40202,2016-05-27,14:39:00,192,2,11768
40203,2016-05-27,14:40:00,8,2,11508
40204,2016-05-27,14:41:00,15,1,11760
40205,2016-05-27,14:46:00,363,1,10381
40206,2016-05-27,14:49:00,7,3,279
40207,2016-05-27,14:51:00,163,3,7569
40208,2016-05-27,14:52:00,293,1,7779
40209,2016-05-27,14:52:00,216,3,1621
40210,2016-05-27,14:53:00,304,2,5796
40211,2016-05-27,14:58:00,123,3,8809
40212,2016-05-27,15:00:00,287,3,11761
40213,2016-05-27,15:02:00,454,2,9029
40214,2016-05-27,15:05:00,14,1,10816
40215,2016-05-27,15:19:00,382,4,347
40216,2016-05-27,15:28:00,419,3,11995
40217,2016-05-27,15:32:00,17,4,9859
40218,2016-05-27,15:33:00,447,4,7262
40219,2016-05-27,15:35:00,389,2,11521
40220,2016-05-27,15:39:00,243,3,168
40221,2016-05-27,15:41:00,145,2,9925
40222,2016-05-27,15:57:00,445,2,3213
40223,2016-05-27,16:03:00,220,5,4798
40224,2016-05-27,16:03:00,256,3,2677
40225,2016-05-27,16:05:00,92,4,11369
40226,2016-05-27,16:06:00,186,2,4351
40227,2016-05-27,16:07:00,281,2,4074
40228,2016-05-27,16:09:00,11,1,6218
40229,2016-05-27,16:15:00,259,2,10177
40230,2016-05-27,16:17:00,96,1,8205
40231,2016-05-27,16:48:00,272,1,1672
40232,2016-05-27,16:50:00,366,2,11652
40233,2016-05-27,16:56:00,375,1,6032
40234,2016-05-27,16:57:00,95,3,3500
40235,2016-05-27,16:58:00,139,2,6040
40236,2016-05-27,16:59:00,149,3,7543
40237,2016-05-27,16:59:00,356,1,1536
40238,2016-05-27,16:59:00,120,1,3869
40239,2016-05-27,17:08:00,244,2,11092
40240,2016-05-27,17:14:00,128,1,7900
40241,2016-05-27,17:14:00,454,1,8011
40242,2016-05-27,17:18:00,413,3,8390
40243,2016-05-27,17:22:00,331,1,5442
40244,2016-05-27,17:26:00,33,1,9730
40245,2016-05-27,17:28:00,353,1,2859
40246,2016-05-27,17:30:00,212,1,1589
40247,2016-05-27,17:37:00,448,1,7059
40248,2016-05-27,17:57:00,151,2,5550
40249,2016-05-27,17:58:00,304,2,1889
40250,2016-05-27,18:02:00,171,4,1176
40251,2016-05-27,18:04:00,192,1,11653
40252,2016-05-27,18:08:00,202,1,10943
40253,2016-05-27,18:29:00,9,1,722
40254,2016-05-27,18:30:00,241,1,1037
40255,2016-05-27,18:38:00,238,1,981
40256,2016-05-27,18:41:00,78,2,6301
40257,2016-05-27,18:56:00,358,1,9325
40258,2016-05-27,18:56:00,201,2,11290
40259,2016-05-27,19:10:00,190,2,10137
40260,2016-05-27,19:17:00,274,2,8755
40261,2016-05-27,19:22:00,348,2,8560
40262,2016-05-27,19:26:00,269,2,8918
40263,2016-05-27,19:29:00,310,2,10612
40264,2016-05-27,19:39:00,431,3,2659
40265,2016-05-27,19:47:00,266,1,11831
40266,2016-05-27,19:49:00,137,2,3853
40267,2016-05-27,19:56:00,44,2,2981
40268,2016-05-27,19:58:00,333,3,5220
40269,2016-05-27,20:03:00,95,2,8290
40270,2016-05-27,20:07:00,140,3,6253
40271,2016-05-27,20:07:00,87,2,8649
40272,2016-05-27,20:08:00,452,1,3670
40273,2016-05-27,20:09:00,342,3,2869
40274,2016-05-27,20:18:00,279,2,8116
40275,2016-05-27,20:21:00,396,2,8246
40276,2016-05-27,20:25:00,308,3,8432
40277,2016-05-27,20:28:00,195,3,9798
40278,2016-05-27,20:29:00,76,2,6311
40279,2016-05-27,20:39:00,135,3,6613
40280,2016-05-27,20:44:00,322,2,693
40281,2016-05-27,20:53:00,96,1,3191
40282,2016-05-27,20:55:00,367,2,9822
40283,2016-05-27,20:59:00,410,1,5203
40284,2016-05-27,21:10:00,283,1,4790
40285,2016-05-27,21:23:00,221,1,906
40286,2016-05-27,21:32:00,255,1,9653
40287,2016-05-27,21:32:00,372,1,2350
40288,2016-05-27,21:37:00,200,1,7919
40289,2016-05-27,21:39:00,51,2,1261
40290,2016-05-27,21:44:00,401,2,6927
40291,2016-05-27,21:45:00,381,4,11750
40292,2016-05-27,21:47:00,163,1,9140
40293,2016-05-27,21:52:00,397,1,6444
40294,2016-05-27,21:58:00,348,3,5043
40295,2016-05-27,22:14:00,162,1,4816
40296,2016-05-27,22:29:00,452,1,1812
40297,2016-05-27,22:30:00,316,1,3653
40298,2016-05-27,22:31:00,143,1,9245
40299,2016-05-27,22:36:00,378,3,9770
40300,2016-05-27,22:44:00,440,1,5811
40301,2016-05-27,22:50:00,451,1,4561
40302,2016-05-27,22:51:00,142,3,11611
40303,2016-05-27,22:53:00,233,2,3605
40304,2016-05-27,22:55:00,221,3,3126
40305,2016-05-27,22:56:00,381,1,6907
40306,2016-05-27,22:57:00,282,2,6547
40307,2016-05-27,22:59:00,378,1,10188
40308,2016-05-27,23:03:00,51,1,5038
40309,2016-05-27,23:11:00,128,1,8351
40310,2016-05-27,23:13:00,118,1,3837
40311,2016-05-27,23:15:00,176,2,4805
40312,2016-05-27,23:17:00,74,1,6864
40313,2016-05-27,23:18:00,27,1,8691
40314,2016-05-27,23:23:00,263,4,9441
40315,2016-05-27,23:31:00,265,2,297
40316,2016-05-27,23:34:00,251,1,8135
40317,2016-05-27,23:40:00,51,2,3511
40318,2016-05-27,23:44:00,372,2,9046
40319,2016-05-27,23:52:00,156,2,5581
40320,2016-05-28,00:04:00,58,1,9743
40321,2016-05-28,00:07:00,229,1,155
40322,2016-05-28,00:09:00,207,1,10737
40323,2016-05-28,00:12:00,414,2,3721
40324,2016-05-28,00:16:00,166,5,2779
40325,2016-05-28,00:24:00,124,2,4237
40326,2016-05-28,00:33:00,177,2,445
40327,2016-05-28,00:34:00,16,3,877
40328,2016-05-28,00:38:00,344,1,9743
40329,2016-05-28,00:44:00,67,2,9790
40330,2016-05-28,00:47:00,263,1,6933
40331,2016-05-28,00:50:00,271,4,7313
40332,2016-05-28,00:54:00,452,2,4725
40333,2016-05-28,00:55:00,139,4,11831
40334,2016-05-28,00:55:00,236,2,53
40335,2016-05-28,01:06:00,229,3,1721
40336,2016-05-28,01:10:00,130,2,8111
40337,2016-05-28,01:40:00,70,2,2896
40338,2016-05-28,01:43:00,217,2,5094
40339,2016-05-28,02:03:00,122,1,7493
40340,2016-05-28,02:05:00,406,1,2071
40341,2016-05-28,02:10:00,304,2,3650
40342,2016-05-28,02:10:00,403,2,11446
40343,2016-05-28,02:11:00,118,1,9422
40344,2016-05-28,02:23:00,38,3,4204
40345,2016-05-28,02:27:00,196,1,3088
40346,2016-05-28,02:29:00,9,1,10054
40347,2016-05-28,03:00:00,457,2,2153
40348,2016-05-28,03:01:00,409,1,7761
40349,2016-05-28,03:04:00,69,1,8378
40350,2016-05-28,03:05:00,443,2,5892
40351,2016-05-28,03:10:00,398,2,5341
40352,2016-05-28,03:10:00,121,1,9255
40353,2016-05-28,03:41:00,118,1,1924
40354,2016-05-28,03:46:00,424,1,9633
40355,2016-05-28,03:56:00,275,2,9196
40356,2016-05-28,04:04:00,142,1,6082
40357,2016-05-28,04:12:00,8,1,2931
40358,2016-05-28,04:15:00,243,1,3441
40359,2016-05-28,04:15:00,175,1,8880
40360,2016-05-28,04:16:00,212,1,9662
40361,2016-05-28,04:17:00,272,3,5318
40362,2016-05-28,04:19:00,203,1,3550
40363,2016-05-28,04:21:00,285,1,8275
40364,2016-05-28,04:27:00,269,6,9581
40365,2016-05-28,04:30:00,200,2,2427
40366,2016-05-28,04:36:00,380,1,577
40367,2016-05-28,04:38:00,176,2,10290
40368,2016-05-28,04:38:00,367,2,3085
40369,2016-05-28,04:57:00,89,4,4546
40370,2016-05-28,05:12:00,200,1,2330
40371,2016-05-28,05:12:00,352,4,7153
40372,2016-05-28,05:18:00,70,1,10447
40373,2016-05-28,05:25:00,232,2,3622
40374,2016-05-28,05:30:00,172,1,11383
40375,2016-05-28,05:37:00,70,2,803
40376,2016-05-28,05:43:00,433,4,7427
40377,2016-05-28,05:43:00,456,2,8139
40378,2016-05-28,05:45:00,285,1,3627
40379,2016-05-28,06:02:00,285,3,839
40380,2016-05-28,06:03:00,231,1,585
40381,2016-05-28,06:05:00,403,1,9742
40382,2016-05-28,06:08:00,79,3,7995
40383,2016-05-28,06:11:00,92,2,1334
40384,2016-05-28,06:21:00,133,1,7730
40385,2016-05-28,06:22:00,214,1,7367
40386,2016-05-28,06:25:00,173,2,6351
40387,2016-05-28,06:32:00,355,2,6020
40388,2016-05-28,06:36:00,425,3,6292
40389,2016-05-28,06:43:00,155,4,9731
40390,2016-05-28,06:45:00,317,2,9574
40391,2016-05-28,06:51:00,17,2,3816
40392,2016-05-28,06:51:00,403,2,11636
40393,2016-05-28,07:06:00,344,2,1856
40394,2016-05-28,07:12:00,281,3,957
40395,2016-05-28,07:13:00,426,2,980
40396,2016-05-28,07:15:00,421,1,11713
40397,2016-05-28,07:17:00,314,4,3857
40398,2016-05-28,07:18:00,177,2,6483
40399,2016-05-28,07:19:00,8,2,3486
40400,2016-05-28,07:26:00,63,3,11373
40401,2016-05-28,07:33:00,343,1,3119
40402,2016-05-28,07:36:00,261,1,1870
40403,2016-05-28,07:37:00,100,1,8969
40404,2016-05-28,07:49:00,421,1,1601
40405,2016-05-28,07:51:00,306,2,387
40406,2016-05-28,07:51:00,404,2,8869
40407,2016-05-28,07:52:00,42,2,8118
40408,2016-05-28,07:55:00,352,2,3380
40409,2016-05-28,08:00:00,382,1,7173
40410,2016-05-28,08:11:00,240,2,60
40411,2016-05-28,08:16:00,112,3,10078
40412,2016-05-28,08:20:00,270,1,5415
40413,2016-05-28,08:36:00,84,1,5284
40414,2016-05-28,08:38:00,369,2,2368
40415,2016-05-28,08:45:00,234,1,8597
40416,2016-05-28,08:53:00,38,2,9053
40417,2016-05-28,09:05:00,431,1,9125
40418,2016-05-28,09:11:00,205,1,9415
40419,2016-05-28,09:12:00,69,2,469
40420,2016-05-28,09:12:00,114,1,11401
40421,2016-05-28,09:38:00,211,4,7319
40422,2016-05-28,09:47:00,275,4,11062
40423,2016-05-28,09:49:00,396,1,8838
40424,2016-05-28,09:51:00,430,3,4814
40425,2016-05-28,09:56:00,100,2,2428
40426,2016-05-28,10:04:00,283,2,10002
40427,2016-05-28,10:07:00,320,1,9694
40428,2016-05-28,10:14:00,118,1,6003
40429,2016-05-28,10:14:00,433,1,1864
40430,2016-05-28,10:21:00,153,2,10743
40431,2016-05-28,10:27:00,281,1,7317
40432,2016-05-28,10:32:00,41,3,6987
40433,2016-05-28,10:35:00,105,1,4867
40434,2016-05-28,10:37:00,203,3,2928
40435,2016-05-28,10:48:00,185,1,6666
40436,2016-05-28,11:01:00,386,3,11972
40437,2016-05-28,11:09:00,234,1,7716
40438,2016-05-28,11:10:00,190,1,11311
40439,2016-05-28,11:15:00,388,3,3049
40440,2016-05-28,11:16:00,197,2,2544
40441,2016-05-28,11:19:00,238,1,5653
40442,2016-05-28,11:24:00,32,2,11650
40443,2016-05-28,11:26:00,375,3,6525
40444,2016-05-28,11:41:00,381,2,1718
40445,2016-05-28,11:50:00,311,2,769
40446,2016-05-28,12:18:00,162,2,4723
40447,2016-05-28,12:20:00,149,1,3666
40448,2016-05-28,12:27:00,457,4,2125
40449,2016-05-28,12:35:00,85,4,6830
40450,2016-05-28,12:38:00,235,2,72
40451,2016-05-28,12:40:00,100,2,930
40452,2016-05-28,12:44:00,32,1,9497
40453,2016-05-28,12:45:00,183,1,1906
40454,2016-05-28,12:52:00,25,1,6017
40455,2016-05-28,12:52:00,241,2,5976
40456,2016-05-28,12:58:00,325,2,9310
40457,2016-05-28,13:14:00,286,2,5134
40458,2016-05-28,13:21:00,162,2,944
40459,2016-05-28,13:31:00,105,3,7554
40460,2016-05-28,13:32:00,422,2,8614
40461,2016-05-28,13:40:00,323,1,8763
40462,2016-05-28,13:41:00,267,2,5374
40463,2016-05-28,13:49:00,274,1,10954
40464,2016-05-28,13:50:00,386,2,4909
40465,2016-05-28,13:52:00,396,2,6313
40466,2016-05-28,13:53:00,233,1,5640
40467,2016-05-28,13:55:00,105,1,468
40468,2016-05-28,13:57:00,244,3,10845
40469,2016-05-28,14:01:00,414,1,11086
40470,2016-05-28,14:10:00,55,1,8757
40471,2016-05-28,14:20:00,313,2,2478
40472,2016-05-28,14:26:00,145,1,11563
40473,2016-05-28,14:36:00,97,1,11406
40474,2016-05-28,14:38:00,23,1,2666
40475,2016-05-28,14:44:00,112,3,10445
40476,2016-05-28,14:46:00,40,3,7975
40477,2016-05-28,14:54:00,26,3,8744
40478,2016-05-28,15:00:00,90,2,2298
40479,2016-05-28,15:02:00,239,4,4358
40480,2016-05-28,15:05:00,234,1,5524
40481,2016-05-28,15:11:00,44,2,6009
40482,2016-05-28,15:12:00,99,2,7197
40483,2016-05-28,15:13:00,5,2,11449
40484,2016-05-28,15:16:00,334,2,6387
40485,2016-05-28,15:24:00,113,1,1998
40486,2016-05-28,15:31:00,223,2,4780
40487,2016-05-28,15:37:00,303,3,405
40488,2016-05-28,15:44:00,152,3,7411
40489,2016-05-28,15:51:00,47,1,11138
40490,2016-05-28,15:52:00,123,1,5020
40491,2016-05-28,15:57:00,16,1,4248
40492,2016-05-28,15:59:00,139,1,3802
40493,2016-05-28,16:00:00,233,1,10916
40494,2016-05-28,16:01:00,18,2,10824
40495,2016-05-28,16:07:00,82,4,3627
40496,2016-05-28,16:14:00,321,2,11482
40497,2016-05-28,16:19:00,235,3,6327
40498,2016-05-28,16:28:00,18,2,5999
40499,2016-05-28,16:31:00,257,2,7402
40500,2016-05-28,16:36:00,260,3,8831
40501,2016-05-28,16:37:00,303,1,8767
40502,2016-05-28,16:37:00,330,3,8443
40503,2016-05-28,16:42:00,23,3,2539
40504,2016-05-28,16:44:00,222,3,9370
40505,2016-05-28,16:46:00,321,2,1544
40506,2016-05-28,16:48:00,105,1,10807
40507,2016-05-28,16:54:00,259,4,771
40508,2016-05-28,16:57:00,193,1,7125
40509,2016-05-28,16:59:00,242,1,960
40510,2016-05-28,17:00:00,56,3,143
40511,2016-05-28,17:03:00,436,3,2595
40512,2016-05-28,17:05:00,301,3,8686
40513,2016-05-28,17:07:00,391,1,11679
40514,2016-05-28,17:10:00,254,4,6608
40515,2016-05-28,17:14:00,336,2,2812
40516,2016-05-28,17:14:00,46,1,11276
40517,2016-05-28,17:15:00,446,2,11790
40518,2016-05-28,17:17:00,87,1,2580
40519,2016-05-28,17:17:00,35,3,9946
40520,2016-05-28,17:21:00,392,3,11024
40521,2016-05-28,17:21:00,352,1,9009
40522,2016-05-28,17:33:00,300,2,7558
40523,2016-05-28,17:37:00,103,2,4591
40524,2016-05-28,17:43:00,129,1,10722
40525,2016-05-28,17:47:00,81,1,4639
40526,2016-05-28,17:48:00,226,1,3452
40527,2016-05-28,17:50:00,300,2,6178
40528,2016-05-28,18:10:00,234,3,1316
40529,2016-05-28,18:14:00,412,2,5977
40530,2016-05-28,18:18:00,149,5,2440
40531,2016-05-28,18:19:00,96,1,3907
40532,2016-05-28,18:27:00,99,2,786
40533,2016-05-28,18:28:00,358,1,4891
40534,2016-05-28,18:28:00,51,2,11568
40535,2016-05-28,18:59:00,92,1,11979
40536,2016-05-28,19:01:00,287,2,4957
40537,2016-05-28,19:03:00,328,2,8943
40538,2016-05-28,19:11:00,419,2,300
40539,2016-05-28,19:16:00,166,1,2592
40540,2016-05-28,19:28:00,252,2,522
40541,2016-05-28,19:31:00,74,1,3299
40542,2016-05-28,19:31:00,259,2,9877
40543,2016-05-28,19:36:00,145,2,8701
40544,2016-05-28,19:37:00,307,3,5001
40545,2016-05-28,19:43:00,457,2,5321
40546,2016-05-28,19:46:00,80,2,11355
40547,2016-05-28,19:51:00,216,1,11164
40548,2016-05-28,19:58:00,260,4,3142
40549,2016-05-28,20:02:00,373,2,5553
40550,2016-05-28,20:04:00,87,2,11107
40551,2016-05-28,20:04:00,346,2,8454
40552,2016-05-28,20:10:00,24,2,2209
40553,2016-05-28,20:13:00,290,1,7471
40554,2016-05-28,20:14:00,102,1,6247
40555,2016-05-28,20:16:00,86,2,10509
40556,2016-05-28,20:19:00,218,1,4195
40557,2016-05-28,20:21:00,311,1,6389
40558,2016-05-28,20:22:00,58,1,9523
40559,2016-05-28,20:33:00,402,2,4777
40560,2016-05-28,20:33:00,8,2,9632
40561,2016-05-28,20:35:00,110,1,8796
40562,2016-05-28,20:56:00,411,1,7622
40563,2016-05-28,20:58:00,221,1,9384
40564,2016-05-28,21:04:00,112,3,7161
40565,2016-05-28,21:18:00,82,2,4304
40566,2016-05-28,21:25:00,110,2,132
40567,2016-05-28,21:27:00,366,2,9681
40568,2016-05-28,21:36:00,335,1,2997
40569,2016-05-28,21:42:00,385,1,52
40570,2016-05-28,21:43:00,65,2,10289
40571,2016-05-28,21:45:00,314,1,5601
40572,2016-05-28,21:48:00,441,2,9935
40573,2016-05-28,21:48:00,97,3,11234
40574,2016-05-28,21:52:00,382,1,7058
40575,2016-05-28,21:58:00,203,3,1659
40576,2016-05-28,22:13:00,309,4,10468
40577,2016-05-28,22:16:00,175,2,5354
40578,2016-05-28,22:19:00,352,2,7930
40579,2016-05-28,22:26:00,46,2,10683
40580,2016-05-28,22:29:00,258,1,5952
40581,2016-05-28,22:29:00,45,1,1754
40582,2016-05-28,22:31:00,197,3,6419
40583,2016-05-28,22:42:00,159,3,6385
40584,2016-05-28,22:53:00,262,1,10034
40585,2016-05-28,22:59:00,82,3,11219
40586,2016-05-28,22:59:00,293,2,8467
40587,2016-05-28,23:12:00,434,2,7412
40588,2016-05-28,23:15:00,62,4,7771
40589,2016-05-28,23:23:00,53,3,10549
40590,2016-05-28,23:28:00,327,2,1503
40591,2016-05-28,23:30:00,55,2,200
40592,2016-05-28,23:42:00,286,1,1845
40593,2016-05-28,23:42:00,430,2,3179
40594,2016-05-28,23:47:00,82,1,7721
40595,2016-05-28,23:52:00,55,3,1240
40596,2016-05-29,00:06:00,188,4,4851
40597,2016-05-29,00:16:00,168,1,1015
40598,2016-05-29,00:16:00,399,1,10054
40599,2016-05-29,00:17:00,230,2,8225
40600,2016-05-29,00:17:00,55,1,1583
40601,2016-05-29,00:21:00,257,2,6472
40602,2016-05-29,00:22:00,21,3,6342
40603,2016-05-29,00:23:00,319,2,8453
40604,2016-05-29,00:24:00,133,3,6429
40605,2016-05-29,00:38:00,7,1,2996
40606,2016-05-29,00:41:00,428,3,10805
40607,2016-05-29,00:45:00,284,2,4113
40608,2016-05-29,00:50:00,389,3,9407
40609,2016-05-29,00:52:00,178,1,3533
40610,2016-05-29,00:53:00,119,2,3088
40611,2016-05-29,00:58:00,166,1,10483
40612,2016-05-29,01:09:00,227,4,10115
40613,2016-05-29,01:18:00,181,2,3572
40614,2016-05-29,01:19:00,157,2,988
40615,2016-05-29,01:23:00,19,1,3139
40616,2016-05-29,01:27:00,257,2,1494
40617,2016-05-29,02:02:00,377,2,6374
40618,2016-05-29,02:02:00,448,1,10035
40619,2016-05-29,02:07:00,274,2,2696
40620,2016-05-29,02:14:00,396,2,6433
40621,2016-05-29,02:15:00,26,3,4759
40622,2016-05-29,02:26:00,359,1,3874
40623,2016-05-29,02:35:00,100,2,8379
40624,2016-05-29,02:38:00,223,3,5339
40625,2016-05-29,03:03:00,256,1,7141
40626,2016-05-29,03:15:00,115,2,11679
40627,2016-05-29,03:15:00,126,2,2556
40628,2016-05-29,03:19:00,19,3,1115
40629,2016-05-29,03:20:00,437,2,11185
40630,2016-05-29,03:28:00,290,2,4773
40631,2016-05-29,03:28:00,264,2,123
40632,2016-05-29,03:29:00,275,2,1868
40633,2016-05-29,03:31:00,229,2,67
40634,2016-05-29,03:40:00,334,2,4289
40635,2016-05-29,03:48:00,329,3,4567
40636,2016-05-29,03:54:00,183,1,5089
40637,2016-05-29,03:54:00,382,3,9128
40638,2016-05-29,03:57:00,400,3,1615
40639,2016-05-29,03:57:00,369,1,4725
40640,2016-05-29,03:58:00,358,4,7949
40641,2016-05-29,04:02:00,122,3,3508
40642,2016-05-29,04:06:00,290,3,9564
40643,2016-05-29,04:06:00,60,1,2803
40644,2016-05-29,04:17:00,112,2,10352
40645,2016-05-29,04:26:00,404,4,5878
40646,2016-05-29,04:30:00,280,2,3233
40647,2016-05-29,04:36:00,133,4,3908
40648,2016-05-29,04:37:00,14,1,7811
40649,2016-05-29,04:38:00,342,3,2590
40650,2016-05-29,04:40:00,14,1,7778
40651,2016-05-29,04:43:00,382,2,10034
40652,2016-05-29,04:46:00,264,1,6353
40653,2016-05-29,04:52:00,295,2,4501
40654,2016-05-29,04:53:00,234,2,3733
40655,2016-05-29,04:53:00,278,1,7032
40656,2016-05-29,04:54:00,428,3,8944
40657,2016-05-29,05:01:00,366,1,10020
40658,2016-05-29,05:07:00,9,1,7455
40659,2016-05-29,05:14:00,18,1,11663
40660,2016-05-29,05:18:00,132,2,3888
40661,2016-05-29,05:23:00,95,2,1183
40662,2016-05-29,05:26:00,141,2,2503
40663,2016-05-29,05:29:00,423,2,4339
40664,2016-05-29,05:35:00,400,1,3775
40665,2016-05-29,05:36:00,32,3,7385
40666,2016-05-29,05:37:00,64,1,8948
40667,2016-05-29,05:39:00,176,1,5591
40668,2016-05-29,05:42:00,330,1,3377
40669,2016-05-29,05:43:00,17,2,319
40670,2016-05-29,05:47:00,351,3,4098
40671,2016-05-29,05:52:00,449,1,9097
40672,2016-05-29,05:55:00,48,2,2682
40673,2016-05-29,05:59:00,20,2,2875
40674,2016-05-29,06:04:00,207,4,2992
40675,2016-05-29,06:10:00,153,2,6670
40676,2016-05-29,06:20:00,78,3,3739
40677,2016-05-29,06:21:00,15,2,8225
40678,2016-05-29,06:32:00,321,3,3384
40679,2016-05-29,06:45:00,52,3,8264
40680,2016-05-29,06:57:00,64,1,10556
40681,2016-05-29,06:59:00,101,5,1263
40682,2016-05-29,07:08:00,50,2,3369
40683,2016-05-29,07:09:00,255,1,7341
40684,2016-05-29,07:11:00,143,1,9685
40685,2016-05-29,07:11:00,23,2,1473
40686,2016-05-29,07:16:00,85,2,10646
40687,2016-05-29,07:17:00,73,2,11429
40688,2016-05-29,07:19:00,446,1,4735
40689,2016-05-29,07:21:00,11,3,2814
40690,2016-05-29,07:22:00,442,2,10452
40691,2016-05-29,07:29:00,309,1,562
40692,2016-05-29,07:30:00,369,1,4139
40693,2016-05-29,07:33:00,74,1,7294
40694,2016-05-29,07:33:00,169,3,7641
40695,2016-05-29,07:51:00,23,2,1196
40696,2016-05-29,07:52:00,186,3,739
40697,2016-05-29,07:55:00,214,1,7833
40698,2016-05-29,07:55:00,108,2,8436
40699,2016-05-29,08:01:00,118,2,138
40700,2016-05-29,08:11:00,125,2,1028
40701,2016-05-29,08:11:00,299,2,2119
40702,2016-05-29,08:12:00,140,1,11090
40703,2016-05-29,08:22:00,76,1,9256
40704,2016-05-29,08:23:00,176,3,3224
40705,2016-05-29,08:36:00,144,1,9794
40706,2016-05-29,08:41:00,299,2,10363
40707,2016-05-29,09:04:00,229,2,1338
40708,2016-05-29,09:07:00,53,1,11872
40709,2016-05-29,09:12:00,180,4,2494
40710,2016-05-29,09:21:00,109,3,6426
40711,2016-05-29,09:23:00,118,3,2976
40712,2016-05-29,09:23:00,32,2,10297
40713,2016-05-29,09:27:00,423,2,3641
40714,2016-05-29,09:30:00,371,4,1126
40715,2016-05-29,09:38:00,209,2,3900
40716,2016-05-29,09:56:00,298,3,7314
40717,2016-05-29,10:16:00,140,2,2979
40718,2016-05-29,10:20:00,70,3,561
40719,2016-05-29,10:20:00,224,1,3663
40720,2016-05-29,10:36:00,337,3,2504
40721,2016-05-29,10:44:00,261,2,5073
40722,2016-05-29,10:48:00,26,1,899
40723,2016-05-29,10:50:00,328,1,3381
40724,2016-05-29,10:50:00,352,2,7137
40725,2016-05-29,10:51:00,409,1,6416
40726,2016-05-29,11:03:00,166,1,4494
40727,2016-05-29,11:05:00,147,1,1197
40728,2016-05-29,11:27:00,348,1,10432
40729,2016-05-29,11:28:00,68,1,4659
40730,2016-05-29,11:30:00,135,1,1825
40731,2016-05-29,11:30:00,234,1,5965
40732,2016-05-29,11:32:00,201,3,4533
40733,2016-05-29,11:33:00,298,1,1914
40734,2016-05-29,11:34:00,12,3,1589
40735,2016-05-29,11:39:00,12,1,7867
40736,2016-05-29,11:51:00,208,1,2285
40737,2016-05-29,11:52:00,345,2,6179
40738,2016-05-29,11:57:00,234,1,11217
40739,2016-05-29,12:04:00,302,3,3748
40740,2016-05-29,12:09:00,409,1,10096
40741,2016-05-29,12:26:00,222,2,4259
40742,2016-05-29,12:35:00,266,2,8199
40743,2016-05-29,12:35:00,350,3,6207
40744,2016-05-29,12:41:00,89,3,5202
40745,2016-05-29,12:43:00,55,1,930
40746,2016-05-29,12:51:00,285,2,311
40747,2016-05-29,12:52:00,261,2,7090
40748,2016-05-29,12:52:00,4,1,4317
40749,2016-05-29,13:02:00,110,2,239
40750,2016-05-29,13:04:00,355,1,8335
40751,2016-05-29,13:07:00,197,3,4188
40752,2016-05-29,13:10:00,29,1,1434
40753,2016-05-29,13:27:00,22,2,7444
40754,2016-05-29,13:32:00,441,1,9116
40755,2016-05-29,13:43:00,148,2,1398
40756,2016-05-29,13:52:00,283,4,4635
40757,2016-05-29,13:52:00,15,3,1621
40758,2016-05-29,13:53:00,80,3,6596
40759,2016-05-29,13:54:00,177,1,6587
40760,2016-05-29,13:56:00,391,1,4300
40761,2016-05-29,14:07:00,366,2,5902
40762,2016-05-29,14:27:00,385,1,2737
40763,2016-05-29,14:35:00,80,1,11464
40764,2016-05-29,14:50:00,374,3,4175
40765,2016-05-29,14:54:00,101,1,6950
40766,2016-05-29,15:12:00,438,1,9989
40767,2016-05-29,15:21:00,139,3,9864
40768,2016-05-29,15:25:00,372,3,8404
40769,2016-05-29,15:27:00,403,1,4351
40770,2016-05-29,15:29:00,358,1,8120
40771,2016-05-29,15:33:00,229,2,10581
40772,2016-05-29,15:41:00,384,4,4899
40773,2016-05-29,15:51:00,298,3,6890
40774,2016-05-29,16:02:00,397,3,1849
40775,2016-05-29,16:06:00,363,1,5897
40776,2016-05-29,16:10:00,67,2,7602
40777,2016-05-29,16:13:00,187,2,1427
40778,2016-05-29,16:21:00,366,3,2106
40779,2016-05-29,16:23:00,43,2,7475
40780,2016-05-29,16:25:00,380,2,3993
40781,2016-05-29,16:28:00,75,1,8006
40782,2016-05-29,16:31:00,105,2,10971
40783,2016-05-29,16:36:00,3,1,1732
40784,2016-05-29,16:52:00,73,1,1777
40785,2016-05-29,16:52:00,311,3,4088
40786,2016-05-29,17:11:00,404,2,4061
40787,2016-05-29,17:31:00,421,1,10502
40788,2016-05-29,17:35:00,81,1,11602
40789,2016-05-29,17:36:00,4,2,6524
40790,2016-05-29,17:39:00,205,2,8691
40791,2016-05-29,17:43:00,48,2,7910
40792,2016-05-29,17:44:00,266,3,4571
40793,2016-05-29,17:50:00,403,3,11593
40794,2016-05-29,17:50:00,121,2,7350
40795,2016-05-29,17:53:00,214,2,95
40796,2016-05-29,17:56:00,183,2,6299
40797,2016-05-29,18:00:00,399,1,221
40798,2016-05-29,18:01:00,158,3,11188
40799,2016-05-29,18:12:00,376,2,359
40800,2016-05-29,18:17:00,151,1,8706
40801,2016-05-29,18:18:00,138,1,4149
40802,2016-05-29,18:18:00,32,1,2229
40803,2016-05-29,18:30:00,236,1,878
40804,2016-05-29,18:35:00,43,3,7058
40805,2016-05-29,18:35:00,87,1,4593
40806,2016-05-29,18:40:00,371,3,9226
40807,2016-05-29,18:43:00,365,3,11438
40808,2016-05-29,18:47:00,24,3,5496
40809,2016-05-29,18:51:00,21,1,7674
40810,2016-05-29,18:53:00,325,2,3554
40811,2016-05-29,18:59:00,16,3,1711
40812,2016-05-29,19:04:00,247,4,5184
40813,2016-05-29,19:15:00,399,2,8442
40814,2016-05-29,19:17:00,306,1,221
40815,2016-05-29,19:19:00,152,1,8167
40816,2016-05-29,19:28:00,72,2,6408
40817,2016-05-29,19:30:00,297,2,1102
40818,2016-05-29,19:32:00,72,2,9655
40819,2016-05-29,19:45:00,13,3,6923
40820,2016-05-29,19:47:00,340,1,2141
40821,2016-05-29,19:47:00,445,2,520
40822,2016-05-29,19:48:00,119,3,9186
40823,2016-05-29,19:49:00,447,1,3841
40824,2016-05-29,19:55:00,237,3,9762
40825,2016-05-29,20:06:00,172,1,381
40826,2016-05-29,20:09:00,241,2,9577
40827,2016-05-29,20:28:00,439,1,4237
40828,2016-05-29,20:30:00,356,2,9590
40829,2016-05-29,20:32:00,228,4,9944
40830,2016-05-29,20:34:00,170,2,8920
40831,2016-05-29,20:44:00,157,2,3042
40832,2016-05-29,20:52:00,12,1,1786
40833,2016-05-29,21:01:00,252,3,11056
40834,2016-05-29,21:03:00,147,5,6227
40835,2016-05-29,21:22:00,340,1,4091
40836,2016-05-29,21:25:00,66,1,10303
40837,2016-05-29,21:26:00,200,1,529
40838,2016-05-29,21:27:00,455,1,10762
40839,2016-05-29,21:46:00,134,3,4878
40840,2016-05-29,21:54:00,377,2,3923
40841,2016-05-29,21:56:00,399,3,1298
40842,2016-05-29,21:59:00,442,2,6463
40843,2016-05-29,22:05:00,331,1,3426
40844,2016-05-29,22:08:00,429,2,10755
40845,2016-05-29,22:13:00,181,5,8948
40846,2016-05-29,22:13:00,219,2,5275
40847,2016-05-29,22:15:00,119,4,5767
40848,2016-05-29,22:16:00,343,2,4236
40849,2016-05-29,22:19:00,136,3,6222
40850,2016-05-29,22:22:00,215,3,8645
40851,2016-05-29,22:28:00,256,1,1553
40852,2016-05-29,22:35:00,305,2,4944
40853,2016-05-29,22:36:00,349,2,6829
40854,2016-05-29,22:39:00,364,1,8755
40855,2016-05-29,22:42:00,399,1,7282
40856,2016-05-29,22:44:00,17,1,9073
40857,2016-05-29,22:49:00,232,2,11349
40858,2016-05-29,22:55:00,197,2,60
40859,2016-05-29,23:01:00,61,1,4397
40860,2016-05-29,23:01:00,116,2,5613
40861,2016-05-29,23:06:00,255,1,10240
40862,2016-05-29,23:07:00,325,5,4274
40863,2016-05-29,23:07:00,289,1,11689
40864,2016-05-29,23:08:00,63,3,6759
40865,2016-05-29,23:09:00,42,1,9142
40866,2016-05-29,23:13:00,248,4,8142
40867,2016-05-29,23:19:00,234,3,2107
40868,2016-05-29,23:30:00,60,2,11254
40869,2016-05-29,23:52:00,292,1,8644
40870,2016-05-30,00:00:00,419,2,7901
40871,2016-05-30,00:05:00,238,1,9120
40872,2016-05-30,00:10:00,249,1,6422
40873,2016-05-30,00:10:00,129,2,1560
40874,2016-05-30,00:12:00,56,2,1572
40875,2016-05-30,00:18:00,337,2,4409
40876,2016-05-30,00:22:00,205,2,2229
40877,2016-05-30,00:29:00,426,1,8817
40878,2016-05-30,00:34:00,408,6,6424
40879,2016-05-30,00:35:00,199,2,1037
40880,2016-05-30,00:39:00,280,4,10912
40881,2016-05-30,00:39:00,160,3,2011
40882,2016-05-30,00:48:00,409,3,10438
40883,2016-05-30,00:49:00,112,3,7649
40884,2016-05-30,00:50:00,236,2,9877
40885,2016-05-30,00:51:00,316,4,8931
40886,2016-05-30,01:07:00,423,1,2926
40887,2016-05-30,01:10:00,219,1,4192
40888,2016-05-30,01:16:00,331,1,7585
40889,2016-05-30,01:18:00,16,2,9548
40890,2016-05-30,01:32:00,117,1,9236
40891,2016-05-30,01:45:00,43,5,9639
40892,2016-05-30,01:55:00,9,1,5247
40893,2016-05-30,01:58:00,158,2,3478
40894,2016-05-30,02:03:00,366,2,9155
40895,2016-05-30,02:04:00,414,3,1210
40896,2016-05-30,02:09:00,397,2,4087
40897,2016-05-30,02:12:00,87,3,6144
40898,2016-05-30,02:14:00,260,1,9229
40899,2016-05-30,02:16:00,18,2,10558
40900,2016-05-30,02:28:00,450,1,11696
40901,2016-05-30,02:34:00,365,3,8452
40902,2016-05-30,02:39:00,343,1,3140
40903,2016-05-30,02:41:00,331,2,3984
40904,2016-05-30,02:49:00,56,2,3841
40905,2016-05-30,02:53:00,229,2,5279
40906,2016-05-30,03:05:00,168,3,1492
40907,2016-05-30,03:08:00,435,3,11981
40908,2016-05-30,03:09:00,49,4,3116
40909,2016-05-30,03:10:00,194,1,7935
40910,2016-05-30,03:17:00,20,4,1246
40911,2016-05-30,03:20:00,342,2,4652
40912,2016-05-30,03:21:00,181,1,6072
40913,2016-05-30,03:27:00,186,1,3921
40914,2016-05-30,03:28:00,244,3,7326
40915,2016-05-30,03:32:00,100,2,11175
40916,2016-05-30,03:45:00,264,3,10433
40917,2016-05-30,03:48:00,442,2,11155
40918,2016-05-30,03:49:00,92,1,3290
40919,2016-05-30,03:54:00,316,2,1390
40920,2016-05-30,04:00:00,429,1,2384
40921,2016-05-30,04:02:00,425,1,10041
40922,2016-05-30,04:10:00,285,1,10158
40923,2016-05-30,04:30:00,59,4,11942
40924,2016-05-30,04:32:00,178,2,2694
40925,2016-05-30,04:33:00,112,3,8708
40926,2016-05-30,04:43:00,94,2,3159
40927,2016-05-30,04:49:00,225,1,407
40928,2016-05-30,04:52:00,292,3,8495
40929,2016-05-30,04:59:00,250,2,9194
40930,2016-05-30,05:02:00,347,1,5862
40931,2016-05-30,05:10:00,389,3,5060
40932,2016-05-30,05:14:00,130,2,6204
40933,2016-05-30,05:14:00,347,2,8885
40934,2016-05-30,05:16:00,328,2,10140
40935,2016-05-30,05:19:00,96,3,7603
40936,2016-05-30,05:35:00,374,2,2782
40937,2016-05-30,05:38:00,127,4,6
40938,2016-05-30,05:46:00,76,1,11802
40939,2016-05-30,05:56:00,121,1,11731
40940,2016-05-30,06:06:00,274,3,4068
40941,2016-05-30,06:07:00,402,4,2866
40942,2016-05-30,06:10:00,316,2,11147
40943,2016-05-30,06:11:00,163,3,11989
40944,2016-05-30,06:11:00,438,2,10507
40945,2016-05-30,06:35:00,151,1,2336
40946,2016-05-30,06:38:00,135,2,6515
40947,2016-05-30,06:54:00,387,3,4915
40948,2016-05-30,06:54:00,305,3,8347
40949,2016-05-30,06:57:00,80,1,10485
40950,2016-05-30,07:16:00,87,2,4894
40951,2016-05-30,07:17:00,165,3,1770
40952,2016-05-30,07:22:00,300,1,2099
40953,2016-05-30,07:25:00,416,2,1961
40954,2016-05-30,07:34:00,453,3,7394
40955,2016-05-30,07:43:00,420,1,8577
40956,2016-05-30,07:45:00,429,2,3299
40957,2016-05-30,07:55:00,170,3,10193
40958,2016-05-30,07:57:00,406,5,10140
40959,2016-05-30,08:02:00,41,1,8959
40960,2016-05-30,08:04:00,250,2,10579
40961,2016-05-30,08:22:00,382,1,8256
40962,2016-05-30,08:45:00,10,3,7496
40963,2016-05-30,08:57:00,426,1,10122
40964,2016-05-30,08:57:00,352,1,9702
40965,2016-05-30,08:59:00,38,2,8274
40966,2016-05-30,09:04:00,82,2,2290
40967,2016-05-30,09:10:00,452,1,10315
40968,2016-05-30,09:10:00,434,1,9959
40969,2016-05-30,09:21:00,199,2,2752
40970,2016-05-30,09:25:00,296,1,6026
40971,2016-05-30,09:30:00,243,1,5464
40972,2016-05-30,09:31:00,236,2,343
40973,2016-05-30,09:37:00,186,2,4022
40974,2016-05-30,09:49:00,230,1,10417
40975,2016-05-30,09:57:00,238,3,5878
40976,2016-05-30,09:57:00,346,1,724
40977,2016-05-30,10:11:00,342,2,102
40978,2016-05-30,10:13:00,102,2,8536
40979,2016-05-30,10:15:00,249,2,9331
40980,2016-05-30,10:16:00,385,2,1272
40981,2016-05-30,10:16:00,375,3,9392
40982,2016-05-30,10:28:00,384,1,11401
40983,2016-05-30,10:38:00,230,2,3622
40984,2016-05-30,10:39:00,217,3,11493
40985,2016-05-30,11:07:00,313,2,4439
40986,2016-05-30,11:09:00,190,1,10531
40987,2016-05-30,11:11:00,239,3,7596
40988,2016-05-30,11:13:00,454,3,9271
40989,2016-05-30,11:15:00,435,1,2619
40990,2016-05-30,11:30:00,163,2,11438
40991,2016-05-30,11:34:00,51,1,7011
40992,2016-05-30,11:38:00,229,2,3659
40993,2016-05-30,11:39:00,280,2,8142
40994,2016-05-30,11:41:00,197,1,2159
40995,2016-05-30,11:43:00,408,1,5655
40996,2016-05-30,11:53:00,224,1,3178
40997,2016-05-30,11:53:00,447,1,7210
40998,2016-05-30,11:56:00,371,1,9425
40999,2016-05-30,12:01:00,357,3,9711
41000,2016-05-30,12:05:00,192,1,10699
41001,2016-05-30,12:08:00,155,2,3135
41002,2016-05-30,12:16:00,394,2,1562
41003,2016-05-30,12:21:00,89,1,8435
41004,2016-05-30,12:26:00,168,4,376
41005,2016-05-30,12:46:00,96,1,7488
41006,2016-05-30,12:47:00,252,5,7240
41007,2016-05-30,12:52:00,49,3,5585
41008,2016-05-30,12:54:00,17,1,3452
41009,2016-05-30,12:57:00,180,1,3186
41010,2016-05-30,12:58:00,222,5,3051
41011,2016-05-30,13:16:00,183,2,8571
41012,2016-05-30,13:21:00,136,2,7694
41013,2016-05-30,13:27:00,100,2,9541
41014,2016-05-30,13:40:00,253,2,6408
41015,2016-05-30,13:47:00,13,1,2159
41016,2016-05-30,13:48:00,380,3,7863
41017,2016-05-30,13:51:00,327,2,8931
41018,2016-05-30,13:51:00,6,1,2030
41019,2016-05-30,13:56:00,106,2,9215
41020,2016-05-30,14:15:00,378,1,4336
41021,2016-05-30,14:19:00,50,3,278
41022,2016-05-30,14:20:00,438,2,11807
41023,2016-05-30,14:31:00,329,2,3295
41024,2016-05-30,15:04:00,135,3,10198
41025,2016-05-30,15:08:00,147,3,1260
41026,2016-05-30,15:09:00,340,1,1742
41027,2016-05-30,15:22:00,64,4,4843
41028,2016-05-30,15:23:00,409,2,7581
41029,2016-05-30,15:27:00,381,3,9598
41030,2016-05-30,15:44:00,131,3,7504
41031,2016-05-30,15:46:00,423,2,2043
41032,2016-05-30,15:50:00,167,3,9428
41033,2016-05-30,15:54:00,329,1,10440
41034,2016-05-30,15:56:00,140,1,6585
41035,2016-05-30,16:19:00,437,3,4991
41036,2016-05-30,16:21:00,187,2,7308
41037,2016-05-30,16:25:00,102,2,10397
41038,2016-05-30,16:27:00,38,2,141
41039,2016-05-30,16:29:00,301,3,2163
41040,2016-05-30,16:34:00,360,3,1402
41041,2016-05-30,16:36:00,164,2,7100
41042,2016-05-30,16:36:00,45,2,8722
41043,2016-05-30,16:38:00,224,3,6499
41044,2016-05-30,16:40:00,355,2,6353
41045,2016-05-30,16:43:00,216,2,3052
41046,2016-05-30,16:44:00,29,2,5156
41047,2016-05-30,16:46:00,451,1,6567
41048,2016-05-30,16:47:00,78,1,271
41049,2016-05-30,16:49:00,42,2,2620
41050,2016-05-30,17:07:00,230,2,4479
41051,2016-05-30,17:14:00,235,3,1622
41052,2016-05-30,17:20:00,432,1,7317
41053,2016-05-30,17:29:00,52,1,6232
41054,2016-05-30,17:35:00,386,2,3971
41055,2016-05-30,17:37:00,40,1,6931
41056,2016-05-30,17:44:00,144,2,2339
41057,2016-05-30,17:54:00,207,3,1061
41058,2016-05-30,18:01:00,294,3,2544
41059,2016-05-30,18:09:00,385,1,9217
41060,2016-05-30,18:25:00,230,1,2128
41061,2016-05-30,18:39:00,37,2,10220
41062,2016-05-30,18:42:00,356,3,5918
41063,2016-05-30,18:43:00,84,1,420
41064,2016-05-30,18:49:00,372,3,4714
41065,2016-05-30,18:58:00,36,5,2553
41066,2016-05-30,18:58:00,140,1,10313
41067,2016-05-30,18:58:00,421,3,9667
41068,2016-05-30,18:59:00,48,3,7554
41069,2016-05-30,19:00:00,37,2,10008
41070,2016-05-30,19:01:00,204,2,6417
41071,2016-05-30,19:07:00,437,3,8228
41072,2016-05-30,19:09:00,13,1,5083
41073,2016-05-30,19:11:00,318,1,10797
41074,2016-05-30,19:12:00,313,4,4318
41075,2016-05-30,19:16:00,386,1,11566
41076,2016-05-30,19:26:00,171,1,7530
41077,2016-05-30,19:27:00,208,2,8042
41078,2016-05-30,19:29:00,191,2,9040
41079,2016-05-30,19:35:00,241,1,9946
41080,2016-05-30,19:49:00,348,1,7759
41081,2016-05-30,19:58:00,398,1,5518
41082,2016-05-30,20:03:00,324,2,11054
41083,2016-05-30,20:13:00,200,2,11378
41084,2016-05-30,20:16:00,94,4,2966
41085,2016-05-30,20:22:00,336,2,1567
41086,2016-05-30,20:26:00,383,1,862
41087,2016-05-30,20:26:00,64,1,4214
41088,2016-05-30,20:27:00,208,1,2924
41089,2016-05-30,20:42:00,17,3,10503
41090,2016-05-30,20:48:00,243,3,5602
41091,2016-05-30,20:54:00,295,3,1883
41092,2016-05-30,20:56:00,174,1,5573
41093,2016-05-30,20:59:00,186,3,6272
41094,2016-05-30,21:12:00,456,3,11660
41095,2016-05-30,21:14:00,402,1,11115
41096,2016-05-30,21:17:00,283,2,5412
41097,2016-05-30,21:23:00,344,2,10567
41098,2016-05-30,21:28:00,94,4,10663
41099,2016-05-30,21:29:00,212,2,814
41100,2016-05-30,21:33:00,180,2,9025
41101,2016-05-30,21:34:00,187,1,11245
41102,2016-05-30,21:40:00,434,1,5296
41103,2016-05-30,21:41:00,207,4,3245
41104,2016-05-30,21:45:00,85,2,5968
41105,2016-05-30,21:47:00,178,2,7986
41106,2016-05-30,21:51:00,385,2,11885
41107,2016-05-30,21:51:00,33,5,1980
41108,2016-05-30,21:58:00,295,2,5653
41109,2016-05-30,22:07:00,188,4,9373
41110,2016-05-30,22:11:00,31,1,748
41111,2016-05-30,22:11:00,270,3,1230
41112,2016-05-30,22:15:00,223,1,9826
41113,2016-05-30,22:20:00,110,2,8575
41114,2016-05-30,22:20:00,193,2,7452
41115,2016-05-30,22:38:00,3,2,2161
41116,2016-05-30,22:45:00,73,1,3453
41117,2016-05-30,22:55:00,449,3,7252
41118,2016-05-30,22:55:00,347,1,5656
41119,2016-05-30,23:00:00,120,4,9792
41120,2016-05-30,23:00:00,259,1,5059
41121,2016-05-30,23:00:00,179,2,6719
41122,2016-05-30,23:01:00,411,2,9174
41123,2016-05-30,23:14:00,164,3,1897
41124,2016-05-30,23:20:00,354,2,4124
41125,2016-05-30,23:39:00,143,1,5578
41126,2016-05-30,23:46:00,92,1,5748
41127,2016-05-30,23:48:00,95,1,4215
41128,2016-05-31,00:01:00,335,1,2239
41129,2016-05-31,00:06:00,226,1,7116
41130,2016-05-31,00:13:00,282,2,7219
41131,2016-05-31,00:14:00,63,2,2296
41132,2016-05-31,00:18:00,92,1,6967
41133,2016-05-31,00:24:00,422,2,585
41134,2016-05-31,00:25:00,251,1,7585
41135,2016-05-31,00:28:00,297,1,8852
41136,2016-05-31,00:32:00,210,3,5088
41137,2016-05-31,00:32:00,253,1,2355
41138,2016-05-31,00:32:00,450,1,11795
41139,2016-05-31,00:39:00,119,2,830
41140,2016-05-31,00:39:00,399,2,469
41141,2016-05-31,00:41:00,289,2,8403
41142,2016-05-31,00:52:00,104,3,6438
41143,2016-05-31,00:55:00,70,3,3706
41144,2016-05-31,00:57:00,423,1,9392
41145,2016-05-31,01:07:00,217,2,10054
41146,2016-05-31,01:10:00,148,2,10580
41147,2016-05-31,01:11:00,21,1,10072
41148,2016-05-31,01:20:00,400,2,3530
41149,2016-05-31,01:23:00,114,1,4054
41150,2016-05-31,01:27:00,340,2,1253
41151,2016-05-31,01:39:00,193,2,1134
41152,2016-05-31,01:47:00,59,2,7285
41153,2016-05-31,01:51:00,145,1,8183
41154,2016-05-31,01:53:00,196,1,10440
41155,2016-05-31,01:55:00,121,3,10549
41156,2016-05-31,02:20:00,409,1,11083
41157,2016-05-31,02:24:00,154,1,6796
41158,2016-05-31,02:31:00,302,3,3979
41159,2016-05-31,02:32:00,397,1,8816
41160,2016-05-31,02:32:00,285,2,4666
41161,2016-05-31,02:38:00,391,4,4688
41162,2016-05-31,02:40:00,360,2,2978
41163,2016-05-31,02:43:00,27,2,649
41164,2016-05-31,02:45:00,404,1,9784
41165,2016-05-31,02:52:00,413,4,5735
41166,2016-05-31,02:52:00,203,3,8692
41167,2016-05-31,02:56:00,1,3,10909
41168,2016-05-31,02:57:00,266,1,3691
41169,2016-05-31,03:00:00,7,2,4724
41170,2016-05-31,03:04:00,261,2,7775
41171,2016-05-31,03:11:00,338,1,10124
41172,2016-05-31,03:17:00,187,2,1685
41173,2016-05-31,03:20:00,423,4,1190
41174,2016-05-31,03:22:00,113,1,10782
41175,2016-05-31,03:39:00,151,1,2206
41176,2016-05-31,03:45:00,356,1,2720
41177,2016-05-31,03:47:00,185,2,5937
41178,2016-05-31,03:50:00,180,2,3454
41179,2016-05-31,03:57:00,274,2,6557
41180,2016-05-31,04:02:00,367,1,6083
41181,2016-05-31,04:12:00,409,1,7026
41182,2016-05-31,04:14:00,402,3,8634
41183,2016-05-31,04:27:00,309,1,2153
41184,2016-05-31,04:33:00,303,2,6926
41185,2016-05-31,04:38:00,407,1,6699
41186,2016-05-31,04:47:00,197,1,1895
41187,2016-05-31,05:09:00,111,1,5608
41188,2016-05-31,05:16:00,57,1,10638
41189,2016-05-31,05:24:00,239,2,3875
41190,2016-05-31,05:39:00,401,1,920
41191,2016-05-31,05:41:00,457,2,11792
41192,2016-05-31,05:49:00,184,2,1692
41193,2016-05-31,05:49:00,63,4,2831
41194,2016-05-31,05:51:00,389,1,9509
41195,2016-05-31,06:07:00,304,3,6441
41196,2016-05-31,06:11:00,111,2,5576
41197,2016-05-31,06:14:00,388,4,9542
41198,2016-05-31,06:14:00,382,3,9684
41199,2016-05-31,06:15:00,194,3,293
41200,2016-05-31,06:18:00,52,1,5312
41201,2016-05-31,06:20:00,26,1,11890
41202,2016-05-31,06:27:00,98,4,7353
41203,2016-05-31,06:33:00,74,1,11345
41204,2016-05-31,06:35:00,438,2,4819
41205,2016-05-31,06:36:00,115,2,1445
41206,2016-05-31,06:37:00,188,1,954
41207,2016-05-31,06:44:00,49,1,11375
41208,2016-05-31,06:46:00,49,1,917
41209,2016-05-31,06:54:00,1,3,7197
41210,2016-05-31,07:13:00,291,2,2586
41211,2016-05-31,07:24:00,241,2,3543
41212,2016-05-31,07:31:00,201,2,384
41213,2016-05-31,07:33:00,205,3,3921
41214,2016-05-31,07:37:00,205,4,8545
41215,2016-05-31,07:39:00,89,1,5236
41216,2016-05-31,07:41:00,123,3,4413
41217,2016-05-31,07:42:00,217,3,7539
41218,2016-05-31,07:48:00,13,5,258
41219,2016-05-31,07:56:00,453,2,11642
41220,2016-05-31,08:00:00,345,3,977
41221,2016-05-31,08:02:00,36,2,6981
41222,2016-05-31,08:02:00,451,1,2735
41223,2016-05-31,08:02:00,194,4,3894
41224,2016-05-31,08:08:00,333,1,3167
41225,2016-05-31,08:21:00,122,3,3508
41226,2016-05-31,08:22:00,272,1,2194
41227,2016-05-31,08:29:00,8,3,3780
41228,2016-05-31,08:30:00,324,1,5673
41229,2016-05-31,08:40:00,410,2,8482
41230,2016-05-31,08:43:00,379,1,7278
41231,2016-05-31,08:45:00,33,1,1302
41232,2016-05-31,08:53:00,410,2,391
41233,2016-05-31,09:00:00,173,3,3878
41234,2016-05-31,09:06:00,74,3,5962
41235,2016-05-31,09:10:00,416,2,1068
41236,2016-05-31,09:12:00,227,1,8374
41237,2016-05-31,09:20:00,161,3,3231
41238,2016-05-31,09:22:00,309,2,10276
41239,2016-05-31,09:30:00,1,2,2523
41240,2016-05-31,09:32:00,2,2,9800
41241,2016-05-31,09:34:00,286,1,5328
41242,2016-05-31,09:35:00,305,3,894
41243,2016-05-31,09:37:00,13,3,469
41244,2016-05-31,09:37:00,160,2,2232
41245,2016-05-31,09:38:00,107,4,5518
41246,2016-05-31,09:47:00,424,2,7378
41247,2016-05-31,09:56:00,178,2,8541
41248,2016-05-31,10:11:00,146,4,8232
41249,2016-05-31,10:17:00,109,1,5100
41250,2016-05-31,10:22:00,50,1,6733
41251,2016-05-31,10:31:00,393,1,8777
41252,2016-05-31,10:40:00,405,1,2819
41253,2016-05-31,10:42:00,199,1,1656
41254,2016-05-31,10:44:00,408,3,8045
41255,2016-05-31,10:47:00,439,2,4904
41256,2016-05-31,10:56:00,178,2,10465
41257,2016-05-31,11:01:00,362,2,6109
41258,2016-05-31,11:16:00,18,1,795
41259,2016-05-31,11:19:00,307,1,11303
41260,2016-05-31,11:23:00,84,1,11068
41261,2016-05-31,11:27:00,105,4,10797
41262,2016-05-31,11:27:00,262,3,11368
41263,2016-05-31,11:29:00,234,2,7627
41264,2016-05-31,11:35:00,382,2,3108
41265,2016-05-31,11:39:00,40,1,11830
41266,2016-05-31,11:48:00,204,2,4782
41267,2016-05-31,11:55:00,48,2,2576
41268,2016-05-31,11:57:00,200,2,695
41269,2016-05-31,11:58:00,241,4,9829
41270,2016-05-31,12:00:00,314,1,5965
41271,2016-05-31,12:02:00,150,1,8706
41272,2016-05-31,12:04:00,421,3,10025
41273,2016-05-31,12:06:00,360,1,10775
41274,2016-05-31,12:09:00,316,2,2943
41275,2016-05-31,12:10:00,329,1,1816
41276,2016-05-31,12:11:00,236,2,86
41277,2016-05-31,12:13:00,284,4,5568
41278,2016-05-31,12:21:00,380,2,1093
41279,2016-05-31,12:27:00,46,1,8697
41280,2016-05-31,12:30:00,328,2,4905
41281,2016-05-31,12:31:00,91,2,656
41282,2016-05-31,12:33:00,144,2,3784
41283,2016-05-31,12:37:00,153,3,3908
41284,2016-05-31,12:37:00,94,1,11986
41285,2016-05-31,12:42:00,317,2,11622
41286,2016-05-31,12:49:00,214,2,4305
41287,2016-05-31,12:53:00,144,1,8781
41288,2016-05-31,12:58:00,151,1,10054
41289,2016-05-31,12:59:00,56,3,11611
41290,2016-05-31,13:01:00,440,1,6017
41291,2016-05-31,13:08:00,196,1,10747
41292,2016-05-31,13:28:00,138,2,6785
41293,2016-05-31,13:31:00,26,3,2039
41294,2016-05-31,13:33:00,153,1,9536
41295,2016-05-31,13:34:00,40,1,8196
41296,2016-05-31,13:35:00,432,2,8623
41297,2016-05-31,13:37:00,312,1,7268
41298,2016-05-31,13:41:00,198,2,11268
41299,2016-05-31,13:44:00,194,2,3088
41300,2016-05-31,13:57:00,328,3,6826
41301,2016-05-31,14:06:00,458,1,189
41302,2016-05-31,14:06:00,409,3,6162
41303,2016-05-31,14:09:00,452,1,10070
41304,2016-05-31,14:16:00,385,1,8150
41305,2016-05-31,14:16:00,375,1,2426
41306,2016-05-31,14:17:00,204,4,3729
41307,2016-05-31,14:22:00,189,5,10908
41308,2016-05-31,14:27:00,390,2,4862
41309,2016-05-31,14:28:00,421,2,3543
41310,2016-05-31,14:36:00,248,1,11836
41311,2016-05-31,14:46:00,416,1,11080
41312,2016-05-31,14:51:00,387,3,7644
41313,2016-05-31,14:57:00,278,2,6982
41314,2016-05-31,14:58:00,201,1,9455
41315,2016-05-31,15:09:00,248,2,2713
41316,2016-05-31,15:15:00,149,2,3207
41317,2016-05-31,15:38:00,318,1,4711
41318,2016-05-31,15:47:00,386,2,4531
41319,2016-05-31,15:50:00,86,1,6449
41320,2016-05-31,15:56:00,436,2,11928
41321,2016-05-31,16:06:00,288,2,3550
41322,2016-05-31,16:18:00,115,2,5346
41323,2016-05-31,16:18:00,210,2,7178
41324,2016-05-31,16:23:00,387,2,3600
41325,2016-05-31,16:30:00,24,1,8046
41326,2016-05-31,16:32:00,305,3,8565
41327,2016-05-31,16:34:00,52,3,1729
41328,2016-05-31,16:40:00,64,1,2486
41329,2016-05-31,16:41:00,159,2,8232
41330,2016-05-31,16:41:00,10,3,1187
41331,2016-05-31,16:42:00,229,3,5650
41332,2016-05-31,16:46:00,365,1,3098
41333,2016-05-31,16:50:00,203,1,8410
41334,2016-05-31,16:54:00,230,2,6468
41335,2016-05-31,16:54:00,305,1,3551
41336,2016-05-31,16:58:00,337,1,6975
41337,2016-05-31,17:02:00,21,3,2994
41338,2016-05-31,17:05:00,264,1,2559
41339,2016-05-31,17:05:00,320,2,7305
41340,2016-05-31,17:18:00,175,1,11092
41341,2016-05-31,17:25:00,169,1,2850
41342,2016-05-31,17:28:00,347,1,5813
41343,2016-05-31,17:30:00,147,2,1723
41344,2016-05-31,17:34:00,269,2,1540
41345,2016-05-31,17:37:00,49,2,10253
41346,2016-05-31,17:37:00,334,4,5153
41347,2016-05-31,17:41:00,332,2,8545
41348,2016-05-31,17:45:00,253,3,1240
41349,2016-05-31,17:46:00,347,2,4339
41350,2016-05-31,17:47:00,298,1,6149
41351,2016-05-31,17:49:00,136,1,10587
41352,2016-05-31,17:49:00,340,1,5357
41353,2016-05-31,18:11:00,241,2,7354
41354,2016-05-31,18:11:00,161,1,3506
41355,2016-05-31,18:11:00,209,3,1474
41356,2016-05-31,18:11:00,178,2,4123
41357,2016-05-31,18:14:00,6,3,745
41358,2016-05-31,18:18:00,62,1,4662
41359,2016-05-31,18:24:00,249,3,4657
41360,2016-05-31,18:27:00,243,1,7223
41361,2016-05-31,18:29:00,165,1,1946
41362,2016-05-31,18:29:00,368,2,4360
41363,2016-05-31,18:32:00,58,1,10567
41364,2016-05-31,18:45:00,405,3,10735
41365,2016-05-31,18:47:00,318,2,8687
41366,2016-05-31,18:47:00,5,2,11461
41367,2016-05-31,18:50:00,356,2,1687
41368,2016-05-31,18:55:00,271,2,1466
41369,2016-05-31,18:57:00,122,2,1496
41370,2016-05-31,18:59:00,270,2,9442
41371,2016-05-31,19:14:00,75,2,1237
41372,2016-05-31,19:22:00,205,2,5848
41373,2016-05-31,19:25:00,373,1,7607
41374,2016-05-31,19:30:00,189,3,1049
41375,2016-05-31,19:37:00,205,2,3494
41376,2016-05-31,19:43:00,109,3,3232
41377,2016-05-31,19:52:00,450,2,11035
41378,2016-05-31,20:02:00,124,1,6042
41379,2016-05-31,20:04:00,338,1,289
41380,2016-05-31,20:14:00,65,2,3333
41381,2016-05-31,20:21:00,432,1,11555
41382,2016-05-31,20:36:00,94,4,5160
41383,2016-05-31,20:44:00,73,2,5133
41384,2016-05-31,20:45:00,110,1,2782
41385,2016-05-31,20:50:00,234,2,8976
41386,2016-05-31,20:59:00,227,2,10998
41387,2016-05-31,21:01:00,426,3,2799
41388,2016-05-31,21:05:00,346,3,7830
41389,2016-05-31,21:07:00,440,1,4263
41390,2016-05-31,21:10:00,326,1,4151
41391,2016-05-31,21:11:00,273,2,7454
41392,2016-05-31,21:14:00,129,2,10757
41393,2016-05-31,21:18:00,37,2,1560
41394,2016-05-31,21:20:00,341,2,7801
41395,2016-05-31,21:27:00,451,3,1406
41396,2016-05-31,21:31:00,414,1,2971
41397,2016-05-31,21:36:00,316,2,6686
41398,2016-05-31,21:45:00,34,3,9993
41399,2016-05-31,21:50:00,149,2,10925
41400,2016-05-31,21:53:00,118,1,6222
41401,2016-05-31,21:53:00,371,3,7044
41402,2016-05-31,21:54:00,150,1,4625
41403,2016-05-31,21:55:00,201,2,10154
41404,2016-05-31,21:58:00,131,1,11970
41405,2016-05-31,22:01:00,426,2,8865
41406,2016-05-31,22:11:00,412,4,154
41407,2016-05-31,22:14:00,423,3,6248
41408,2016-05-31,22:17:00,339,4,5721
41409,2016-05-31,22:29:00,174,2,7985
41410,2016-05-31,22:35:00,219,1,2438
41411,2016-05-31,22:36:00,89,2,6659
41412,2016-05-31,22:41:00,366,3,619
41413,2016-05-31,22:43:00,33,1,2511
41414,2016-05-31,22:43:00,292,1,1862
41415,2016-05-31,22:54:00,154,4,11909
41416,2016-05-31,23:00:00,130,2,10466
41417,2016-05-31,23:08:00,286,3,9398
41418,2016-05-31,23:13:00,244,1,7887
41419,2016-05-31,23:22:00,259,1,26
41420,2016-05-31,23:28:00,183,5,9869
41421,2016-05-31,23:30:00,13,3,5993
41422,2016-05-31,23:47:00,385,2,11801
41423,2016-05-31,23:54:00,269,1,2922
41424,2016-06-01,00:00:00,384,4,9947
41425,2016-06-01,00:01:00,443,2,806
41426,2016-06-01,00:15:00,45,1,1803
41427,2016-06-01,00:21:00,81,1,8911
41428,2016-06-01,00:21:00,349,3,2544
41429,2016-06-01,00:22:00,377,1,5532
41430,2016-06-01,00:25:00,443,2,3181
41431,2016-06-01,00:25:00,169,1,6124
41432,2016-06-01,00:33:00,114,1,5850
41433,2016-06-01,00:34:00,344,5,2671
41434,2016-06-01,00:53:00,193,2,5578
41435,2016-06-01,00:54:00,5,2,10489
41436,2016-06-01,00:55:00,234,2,3310
41437,2016-06-01,00:56:00,32,2,7406
41438,2016-06-01,01:08:00,169,2,97
41439,2016-06-01,01:15:00,6,1,11244
41440,2016-06-01,01:18:00,119,1,3731
41441,2016-06-01,01:27:00,352,1,9314
41442,2016-06-01,01:30:00,443,1,4506
41443,2016-06-01,01:31:00,276,2,1398
41444,2016-06-01,01:42:00,21,3,1349
41445,2016-06-01,01:48:00,198,2,5193
41446,2016-06-01,01:54:00,39,2,7304
41447,2016-06-01,01:54:00,156,1,6270
41448,2016-06-01,02:05:00,69,4,4108
41449,2016-06-01,02:07:00,429,2,10380
41450,2016-06-01,02:17:00,425,1,9353
41451,2016-06-01,02:22:00,194,1,3252
41452,2016-06-01,02:31:00,281,1,10959
41453,2016-06-01,02:36:00,167,1,4610
41454,2016-06-01,02:47:00,251,1,6394
41455,2016-06-01,02:49:00,281,2,1969
41456,2016-06-01,02:51:00,153,2,11164
41457,2016-06-01,02:55:00,187,1,28
41458,2016-06-01,02:55:00,192,3,11291
41459,2016-06-01,02:58:00,355,1,5868
41460,2016-06-01,03:14:00,306,1,3994
41461,2016-06-01,03:15:00,113,2,2417
41462,2016-06-01,03:22:00,372,2,8473
41463,2016-06-01,03:22:00,364,2,1030
41464,2016-06-01,03:25:00,397,1,2800
41465,2016-06-01,03:26:00,288,2,9627
41466,2016-06-01,03:31:00,386,2,1656
41467,2016-06-01,03:35:00,273,2,2699
41468,2016-06-01,03:54:00,255,1,9458
41469,2016-06-01,04:02:00,423,3,74
41470,2016-06-01,04:10:00,179,1,1923
41471,2016-06-01,04:12:00,53,3,5650
41472,2016-06-01,04:50:00,384,2,2686
41473,2016-06-01,04:52:00,135,1,10809
41474,2016-06-01,04:53:00,34,2,4191
41475,2016-06-01,05:00:00,258,1,1622
41476,2016-06-01,05:05:00,386,2,7755
41477,2016-06-01,05:08:00,366,1,2677
41478,2016-06-01,05:12:00,407,3,2025
41479,2016-06-01,05:17:00,193,3,535
41480,2016-06-01,05:22:00,250,2,2227
41481,2016-06-01,05:30:00,147,1,7900
41482,2016-06-01,05:31:00,457,1,7780
41483,2016-06-01,05:31:00,294,1,11653
41484,2016-06-01,05:32:00,57,2,5772
41485,2016-06-01,05:34:00,70,2,1386
41486,2016-06-01,05:49:00,167,4,10786
41487,2016-06-01,05:58:00,206,2,1981
41488,2016-06-01,06:05:00,85,3,1781
41489,2016-06-01,06:06:00,69,3,4282
41490,2016-06-01,06:11:00,401,2,375
41491,2016-06-01,06:21:00,26,2,10083
41492,2016-06-01,06:22:00,321,1,6596
41493,2016-06-01,06:25:00,20,2,5425
41494,2016-06-01,06:26:00,269,2,11410
41495,2016-06-01,06:27:00,315,1,2929
41496,2016-06-01,06:31:00,240,2,10693
41497,2016-06-01,06:38:00,117,4,667
41498,2016-06-01,06:39:00,451,2,345
41499,2016-06-01,06:41:00,330,3,10503
41500,2016-06-01,06:47:00,44,1,3160
41501,2016-06-01,06:48:00,23,1,6961
41502,2016-06-01,06:51:00,359,3,7087
41503,2016-06-01,06:56:00,240,2,6940
41504,2016-06-01,07:01:00,414,2,5054
41505,2016-06-01,07:08:00,32,1,6502
41506,2016-06-01,07:10:00,113,1,1349
41507,2016-06-01,07:17:00,347,1,11380
41508,2016-06-01,07:18:00,86,3,776
41509,2016-06-01,07:23:00,217,1,2349
41510,2016-06-01,07:25:00,393,1,1815
41511,2016-06-01,07:28:00,183,2,816
41512,2016-06-01,07:29:00,315,3,11156
41513,2016-06-01,07:39:00,375,1,11073
41514,2016-06-01,07:40:00,394,2,5008
41515,2016-06-01,07:51:00,144,2,10473
41516,2016-06-01,08:16:00,109,2,8769
41517,2016-06-01,08:20:00,407,4,8963
41518,2016-06-01,08:22:00,132,2,10980
41519,2016-06-01,08:25:00,397,3,3790
41520,2016-06-01,08:25:00,367,2,8598
41521,2016-06-01,08:28:00,297,1,4910
41522,2016-06-01,08:42:00,246,2,4115
41523,2016-06-01,08:45:00,11,1,3284
41524,2016-06-01,08:57:00,86,3,898
41525,2016-06-01,08:58:00,11,3,8195
41526,2016-06-01,08:58:00,446,1,855
41527,2016-06-01,09:04:00,340,2,6227
41528,2016-06-01,09:05:00,126,3,4552
41529,2016-06-01,09:05:00,67,1,5362
41530,2016-06-01,09:06:00,292,2,3791
41531,2016-06-01,09:07:00,93,2,9100
41532,2016-06-01,09:19:00,146,1,4623
41533,2016-06-01,09:23:00,269,1,9758
41534,2016-06-01,09:31:00,301,2,9859
41535,2016-06-01,09:41:00,296,3,499
41536,2016-06-01,09:44:00,266,1,4107
41537,2016-06-01,09:46:00,292,1,11249
41538,2016-06-01,09:47:00,435,3,9422
41539,2016-06-01,09:58:00,111,1,9909
41540,2016-06-01,10:02:00,372,3,5892
41541,2016-06-01,10:04:00,440,1,11790
41542,2016-06-01,10:18:00,445,2,4780
41543,2016-06-01,10:19:00,178,1,7283
41544,2016-06-01,10:25:00,398,2,9317
41545,2016-06-01,10:27:00,328,5,10744
41546,2016-06-01,10:27:00,370,2,11130
41547,2016-06-01,10:30:00,206,3,10820
41548,2016-06-01,10:31:00,403,3,486
41549,2016-06-01,10:41:00,170,1,9987
41550,2016-06-01,10:47:00,428,1,6487
41551,2016-06-01,11:04:00,325,3,11404
41552,2016-06-01,11:06:00,87,2,4603
41553,2016-06-01,11:12:00,319,4,11209
41554,2016-06-01,11:19:00,9,2,6446
41555,2016-06-01,11:22:00,182,2,4611
41556,2016-06-01,11:23:00,256,2,2813
41557,2016-06-01,11:33:00,183,4,8289
41558,2016-06-01,11:47:00,305,1,1938
41559,2016-06-01,11:50:00,450,2,11967
41560,2016-06-01,11:56:00,245,3,8980
41561,2016-06-01,11:57:00,46,4,1195
41562,2016-06-01,11:59:00,430,1,9062
41563,2016-06-01,11:59:00,238,2,8031
41564,2016-06-01,12:01:00,111,2,7052
41565,2016-06-01,12:01:00,216,2,7433
41566,2016-06-01,12:11:00,394,1,2690
41567,2016-06-01,12:12:00,322,1,3449
41568,2016-06-01,12:16:00,157,2,9539
41569,2016-06-01,12:18:00,355,3,4524
41570,2016-06-01,12:25:00,397,3,1625
41571,2016-06-01,12:32:00,378,1,6160
41572,2016-06-01,12:32:00,305,2,5024
41573,2016-06-01,12:33:00,204,2,8535
41574,2016-06-01,12:45:00,303,2,908
41575,2016-06-01,12:49:00,356,3,11686
41576,2016-06-01,13:00:00,207,1,5604
41577,2016-06-01,13:03:00,345,1,6138
41578,2016-06-01,13:13:00,2,1,9952
41579,2016-06-01,13:13:00,117,2,7870
41580,2016-06-01,13:15:00,12,1,9677
41581,2016-06-01,13:31:00,421,1,9485
41582,2016-06-01,13:31:00,269,2,4524
41583,2016-06-01,13:36:00,102,4,6214
41584,2016-06-01,13:46:00,14,1,4489
41585,2016-06-01,13:48:00,301,2,2935
41586,2016-06-01,13:49:00,423,2,10792
41587,2016-06-01,13:57:00,256,3,803
41588,2016-06-01,14:04:00,390,1,10487
41589,2016-06-01,14:09:00,129,3,11578
41590,2016-06-01,14:12:00,113,3,3880
41591,2016-06-01,14:12:00,296,2,182
41592,2016-06-01,14:19:00,20,1,857
41593,2016-06-01,14:20:00,129,1,1389
41594,2016-06-01,14:27:00,290,2,9998
41595,2016-06-01,14:32:00,215,1,10789
41596,2016-06-01,14:53:00,269,2,1592
41597,2016-06-01,15:03:00,176,1,5628
41598,2016-06-01,15:04:00,95,2,7028
41599,2016-06-01,15:20:00,345,4,10390
41600,2016-06-01,15:28:00,215,1,9885
41601,2016-06-01,15:34:00,295,4,11029
41602,2016-06-01,15:40:00,197,2,6916
41603,2016-06-01,15:48:00,99,2,11996
41604,2016-06-01,15:49:00,331,4,7050
41605,2016-06-01,15:59:00,95,3,7872
41606,2016-06-01,16:10:00,384,2,11913
41607,2016-06-01,16:23:00,351,2,5851
41608,2016-06-01,16:25:00,251,4,2136
41609,2016-06-01,16:31:00,138,1,6199
41610,2016-06-01,16:32:00,409,1,9380
41611,2016-06-01,16:33:00,325,3,10868
41612,2016-06-01,16:35:00,151,2,1809
41613,2016-06-01,16:38:00,128,1,700
41614,2016-06-01,16:38:00,391,2,3376
41615,2016-06-01,16:48:00,188,1,3120
41616,2016-06-01,16:49:00,225,2,10736
41617,2016-06-01,17:02:00,363,1,9629
41618,2016-06-01,17:03:00,9,2,5495
41619,2016-06-01,17:18:00,188,4,6316
41620,2016-06-01,17:20:00,134,3,5083
41621,2016-06-01,17:23:00,46,2,3059
41622,2016-06-01,17:23:00,338,2,924
41623,2016-06-01,17:27:00,267,1,11340
41624,2016-06-01,17:32:00,199,2,545
41625,2016-06-01,17:42:00,400,2,5228
41626,2016-06-01,17:48:00,225,1,7518
41627,2016-06-01,17:48:00,445,2,5383
41628,2016-06-01,17:50:00,195,1,6800
41629,2016-06-01,17:54:00,274,1,10586
41630,2016-06-01,17:57:00,154,1,10931
41631,2016-06-01,18:00:00,293,1,5568
41632,2016-06-01,18:04:00,60,1,11270
41633,2016-06-01,18:41:00,24,1,6012
41634,2016-06-01,18:51:00,191,4,10322
41635,2016-06-01,18:55:00,378,2,2719
41636,2016-06-01,18:56:00,31,3,3846
41637,2016-06-01,18:58:00,379,1,11700
41638,2016-06-01,18:58:00,139,2,2138
41639,2016-06-01,18:58:00,454,2,2565
41640,2016-06-01,19:00:00,225,1,10906
41641,2016-06-01,19:07:00,204,5,10240
41642,2016-06-01,19:10:00,154,1,11942
41643,2016-06-01,19:20:00,33,2,6117
41644,2016-06-01,19:21:00,263,2,8952
41645,2016-06-01,19:23:00,446,2,2404
41646,2016-06-01,19:31:00,209,1,7849
41647,2016-06-01,19:37:00,396,2,348
41648,2016-06-01,19:39:00,409,2,336
41649,2016-06-01,19:52:00,166,2,2748
41650,2016-06-01,19:54:00,58,2,7013
41651,2016-06-01,20:04:00,290,1,4065
41652,2016-06-01,20:05:00,371,1,9386
41653,2016-06-01,20:05:00,105,1,2722
41654,2016-06-01,20:18:00,231,1,1517
41655,2016-06-01,20:22:00,139,1,4101
41656,2016-06-01,20:32:00,135,3,7882
41657,2016-06-01,20:42:00,205,3,4143
41658,2016-06-01,20:47:00,86,1,11780
41659,2016-06-01,21:09:00,362,1,3343
41660,2016-06-01,21:24:00,313,1,11032
41661,2016-06-01,21:30:00,214,3,7877
41662,2016-06-01,21:32:00,426,2,1000
41663,2016-06-01,21:36:00,278,1,11073
41664,2016-06-01,21:56:00,230,1,5863
41665,2016-06-01,21:59:00,21,3,4321
41666,2016-06-01,22:03:00,47,3,7709
41667,2016-06-01,22:08:00,442,4,11516
41668,2016-06-01,22:12:00,337,1,11117
41669,2016-06-01,22:13:00,51,3,6618
41670,2016-06-01,22:14:00,32,3,6816
41671,2016-06-01,22:35:00,30,1,4968
41672,2016-06-01,22:39:00,51,4,7030
41673,2016-06-01,22:40:00,363,3,1743
41674,2016-06-01,22:41:00,60,2,1228
41675,2016-06-01,22:54:00,407,2,8029
41676,2016-06-01,23:04:00,44,2,1805
41677,2016-06-01,23:17:00,283,1,133
41678,2016-06-01,23:27:00,377,2,8253
41679,2016-06-01,23:36:00,345,3,10703
41680,2016-06-01,23:38:00,93,3,4630
41681,2016-06-01,23:41:00,449,2,4788
41682,2016-06-01,23:41:00,409,3,351
41683,2016-06-01,23:45:00,319,1,8335
41684,2016-06-01,23:47:00,247,2,3846
41685,2016-06-01,23:52:00,10,2,551
41686,2016-06-01,23:57:00,100,3,11784
41687,2016-06-02,00:04:00,317,1,5292
41688,2016-06-02,00:06:00,231,1,8425
41689,2016-06-02,00:09:00,268,2,939
41690,2016-06-02,00:10:00,225,2,10576
41691,2016-06-02,00:10:00,102,1,1778
41692,2016-06-02,00:11:00,291,1,5898
41693,2016-06-02,00:16:00,188,1,11468
41694,2016-06-02,00:19:00,340,1,894
41695,2016-06-02,00:25:00,413,1,9343
41696,2016-06-02,00:25:00,177,4,11242
41697,2016-06-02,00:35:00,202,3,1246
41698,2016-06-02,00:40:00,318,1,5755
41699,2016-06-02,00:40:00,137,2,3086
41700,2016-06-02,00:42:00,254,2,8705
41701,2016-06-02,00:45:00,427,1,2506
41702,2016-06-02,00:56:00,385,1,689
41703,2016-06-02,00:58:00,84,2,10830
41704,2016-06-02,01:02:00,53,2,11802
41705,2016-06-02,01:02:00,341,1,5585
41706,2016-06-02,01:03:00,121,1,6600
41707,2016-06-02,01:10:00,220,2,1533
41708,2016-06-02,01:11:00,361,2,5686
41709,2016-06-02,01:12:00,24,3,6693
41710,2016-06-02,01:24:00,192,2,6682
41711,2016-06-02,01:30:00,334,1,6224
41712,2016-06-02,01:33:00,446,1,4100
41713,2016-06-02,01:42:00,359,1,5395
41714,2016-06-02,01:43:00,291,1,3829
41715,2016-06-02,01:44:00,321,1,4270
41716,2016-06-02,01:46:00,131,2,9817
41717,2016-06-02,01:47:00,393,2,10351
41718,2016-06-02,01:53:00,23,2,8859
41719,2016-06-02,01:58:00,277,2,6836
41720,2016-06-02,01:59:00,186,4,3097
41721,2016-06-02,02:12:00,33,3,10431
41722,2016-06-02,02:13:00,67,1,5817
41723,2016-06-02,02:16:00,160,1,2692
41724,2016-06-02,02:28:00,20,2,7812
41725,2016-06-02,02:29:00,299,4,7282
41726,2016-06-02,02:31:00,338,2,9363
41727,2016-06-02,02:33:00,43,1,1037
41728,2016-06-02,02:35:00,97,1,146
41729,2016-06-02,02:37:00,160,2,5813
41730,2016-06-02,02:39:00,355,1,10107
41731,2016-06-02,02:46:00,283,2,1578
41732,2016-06-02,02:50:00,6,2,3838
41733,2016-06-02,02:50:00,84,3,3690
41734,2016-06-02,03:05:00,298,1,3554
41735,2016-06-02,03:05:00,234,2,10656
41736,2016-06-02,03:14:00,36,1,4467
41737,2016-06-02,03:15:00,3,1,8518
41738,2016-06-02,03:24:00,439,1,5094
41739,2016-06-02,03:32:00,5,1,341
41740,2016-06-02,03:40:00,407,1,10596
41741,2016-06-02,03:49:00,110,2,536
41742,2016-06-02,03:49:00,164,2,7566
41743,2016-06-02,03:59:00,268,3,10046
41744,2016-06-02,04:01:00,24,2,7069
41745,2016-06-02,04:06:00,68,2,6803
41746,2016-06-02,04:08:00,338,3,2181
41747,2016-06-02,04:14:00,77,1,6855
41748,2016-06-02,04:14:00,43,2,3841
41749,2016-06-02,04:29:00,247,1,5305
41750,2016-06-02,04:37:00,275,3,5061
41751,2016-06-02,04:39:00,122,1,9158
41752,2016-06-02,04:41:00,177,2,11644
41753,2016-06-02,04:46:00,343,1,1217
41754,2016-06-02,04:47:00,98,3,11991
41755,2016-06-02,04:57:00,374,2,11926
41756,2016-06-02,05:00:00,435,1,5045
41757,2016-06-02,05:07:00,231,1,2602
41758,2016-06-02,05:17:00,134,1,3582
41759,2016-06-02,05:24:00,429,2,5744
41760,2016-06-02,05:41:00,439,3,7573
41761,2016-06-02,05:44:00,216,1,221
41762,2016-06-02,06:12:00,333,3,8312
41763,2016-06-02,06:16:00,9,2,1572
41764,2016-06-02,06:19:00,141,2,9979
41765,2016-06-02,06:20:00,408,3,9901
41766,2016-06-02,06:23:00,41,1,9763
41767,2016-06-02,06:29:00,301,3,7604
41768,2016-06-02,06:40:00,91,1,1387
41769,2016-06-02,06:45:00,308,3,11928
41770,2016-06-02,06:47:00,204,2,11775
41771,2016-06-02,06:49:00,145,1,1934
41772,2016-06-02,06:59:00,256,1,6617
41773,2016-06-02,07:03:00,440,2,7927
41774,2016-06-02,07:07:00,274,2,946
41775,2016-06-02,07:11:00,238,2,961
41776,2016-06-02,07:12:00,99,1,903
41777,2016-06-02,07:13:00,93,1,3239
41778,2016-06-02,07:14:00,444,2,1810
41779,2016-06-02,07:16:00,45,3,9301
41780,2016-06-02,07:18:00,325,3,5822
41781,2016-06-02,07:31:00,49,2,8909
41782,2016-06-02,07:32:00,131,3,4573
41783,2016-06-02,07:35:00,46,2,5098
41784,2016-06-02,07:37:00,28,1,4184
41785,2016-06-02,07:45:00,363,2,6240
41786,2016-06-02,07:50:00,370,3,2770
41787,2016-06-02,07:50:00,8,2,8238
41788,2016-06-02,07:51:00,413,4,11709
41789,2016-06-02,07:52:00,81,2,11830
41790,2016-06-02,07:57:00,81,1,1482
41791,2016-06-02,08:00:00,77,1,6229
41792,2016-06-02,08:06:00,290,2,10063
41793,2016-06-02,08:07:00,371,1,5309
41794,2016-06-02,08:11:00,259,1,6913
41795,2016-06-02,08:16:00,22,3,4675
41796,2016-06-02,08:33:00,421,1,3876
41797,2016-06-02,08:57:00,416,1,8261
41798,2016-06-02,09:07:00,312,1,7656
41799,2016-06-02,09:11:00,128,3,9983
41800,2016-06-02,09:14:00,340,2,2703
41801,2016-06-02,09:15:00,19,3,11716
41802,2016-06-02,09:17:00,422,3,5050
41803,2016-06-02,09:21:00,196,3,1031
41804,2016-06-02,09:32:00,413,1,6344
41805,2016-06-02,09:39:00,382,4,10224
41806,2016-06-02,09:42:00,119,4,8341
41807,2016-06-02,09:44:00,386,3,8795
41808,2016-06-02,09:48:00,371,1,6543
41809,2016-06-02,09:54:00,6,4,1138
41810,2016-06-02,10:15:00,24,1,11361
41811,2016-06-02,10:16:00,295,2,11722
41812,2016-06-02,10:16:00,67,1,11756
41813,2016-06-02,10:16:00,274,1,8255
41814,2016-06-02,10:17:00,15,1,4732
41815,2016-06-02,10:18:00,298,1,3783
41816,2016-06-02,10:32:00,429,3,5792
41817,2016-06-02,10:38:00,131,1,3167
41818,2016-06-02,10:44:00,207,3,1722
41819,2016-06-02,10:56:00,65,3,7913
41820,2016-06-02,10:56:00,277,3,2312
41821,2016-06-02,10:58:00,423,2,6507
41822,2016-06-02,11:01:00,86,2,4788
41823,2016-06-02,11:05:00,345,1,5330
41824,2016-06-02,11:08:00,189,1,8438
41825,2016-06-02,11:08:00,162,4,3613
41826,2016-06-02,11:10:00,397,4,1504
41827,2016-06-02,11:12:00,408,3,8909
41828,2016-06-02,11:12:00,328,2,6149
41829,2016-06-02,11:18:00,310,1,5314
41830,2016-06-02,11:43:00,266,2,10207
41831,2016-06-02,12:06:00,321,1,8985
41832,2016-06-02,12:07:00,115,2,9055
41833,2016-06-02,12:32:00,431,4,10523
41834,2016-06-02,12:37:00,227,1,3020
41835,2016-06-02,12:49:00,362,1,9335
41836,2016-06-02,12:49:00,253,2,9354
41837,2016-06-02,12:53:00,292,3,5856
41838,2016-06-02,13:01:00,327,2,7344
41839,2016-06-02,13:03:00,316,2,5850
41840,2016-06-02,13:04:00,356,3,7366
41841,2016-06-02,13:15:00,311,4,4042
41842,2016-06-02,13:18:00,200,1,2800
41843,2016-06-02,13:23:00,5,2,11656
41844,2016-06-02,13:35:00,10,5,8328
41845,2016-06-02,13:38:00,374,1,6016
41846,2016-06-02,13:49:00,341,1,1107
41847,2016-06-02,13:54:00,70,1,11359
41848,2016-06-02,13:59:00,444,3,9738
41849,2016-06-02,14:00:00,100,1,7997
41850,2016-06-02,14:09:00,166,1,1736
41851,2016-06-02,14:10:00,105,3,3404
41852,2016-06-02,14:20:00,223,3,6525
41853,2016-06-02,14:26:00,32,2,5969
41854,2016-06-02,14:31:00,322,1,8184
41855,2016-06-02,14:31:00,327,2,7126
41856,2016-06-02,14:36:00,216,3,1971
41857,2016-06-02,14:36:00,36,3,10104
41858,2016-06-02,14:42:00,391,2,6886
41859,2016-06-02,14:42:00,203,2,7403
41860,2016-06-02,14:50:00,85,1,5798
41861,2016-06-02,14:57:00,77,3,3049
41862,2016-06-02,14:57:00,183,3,10024
41863,2016-06-02,14:58:00,5,2,7158
41864,2016-06-02,15:15:00,409,3,5886
41865,2016-06-02,15:26:00,234,2,4368
41866,2016-06-02,15:46:00,440,1,5981
41867,2016-06-02,15:48:00,68,3,11031
41868,2016-06-02,15:57:00,65,1,5437
41869,2016-06-02,15:57:00,377,3,1768
41870,2016-06-02,15:59:00,11,2,3549
41871,2016-06-02,15:59:00,408,1,7061
41872,2016-06-02,15:59:00,81,4,2288
41873,2016-06-02,16:00:00,229,2,206
41874,2016-06-02,16:01:00,302,1,11881
41875,2016-06-02,16:07:00,220,2,9098
41876,2016-06-02,16:12:00,423,2,3683
41877,2016-06-02,16:20:00,112,3,5314
41878,2016-06-02,16:21:00,220,5,11544
41879,2016-06-02,16:30:00,50,2,8201
41880,2016-06-02,16:41:00,38,2,10183
41881,2016-06-02,16:42:00,197,1,3071
41882,2016-06-02,16:44:00,31,2,9112
41883,2016-06-02,17:00:00,56,6,474
41884,2016-06-02,17:05:00,250,2,3843
41885,2016-06-02,17:18:00,19,2,8051
41886,2016-06-02,17:50:00,281,3,4722
41887,2016-06-02,17:54:00,329,1,280
41888,2016-06-02,18:02:00,228,2,5683
41889,2016-06-02,18:05:00,457,2,9431
41890,2016-06-02,18:15:00,403,2,9356
41891,2016-06-02,18:15:00,236,1,4662
41892,2016-06-02,18:25:00,388,1,494
41893,2016-06-02,18:30:00,266,2,6346
41894,2016-06-02,18:36:00,143,2,6319
41895,2016-06-02,18:36:00,457,3,3665
41896,2016-06-02,18:44:00,232,1,4371
41897,2016-06-02,18:47:00,297,1,4697
41898,2016-06-02,18:56:00,291,1,3262
41899,2016-06-02,19:25:00,29,1,4303
41900,2016-06-02,19:26:00,34,1,3389
41901,2016-06-02,19:30:00,76,1,3624
41902,2016-06-02,19:46:00,242,1,2231
41903,2016-06-02,19:57:00,14,2,4846
41904,2016-06-02,20:00:00,303,1,3614
41905,2016-06-02,20:03:00,241,1,7860
41906,2016-06-02,20:16:00,351,1,9977
41907,2016-06-02,20:25:00,141,2,1325
41908,2016-06-02,20:29:00,332,2,2650
41909,2016-06-02,20:32:00,359,1,8057
41910,2016-06-02,20:43:00,295,2,8465
41911,2016-06-02,20:56:00,437,1,6341
41912,2016-06-02,20:58:00,394,3,3365
41913,2016-06-02,20:59:00,108,2,6606
41914,2016-06-02,21:03:00,321,4,11933
41915,2016-06-02,21:03:00,428,2,1590
41916,2016-06-02,21:14:00,361,1,2683
41917,2016-06-02,21:26:00,178,1,7784
41918,2016-06-02,21:33:00,259,3,7385
41919,2016-06-02,21:39:00,177,2,4109
41920,2016-06-02,21:40:00,319,1,7311
41921,2016-06-02,21:43:00,266,1,40
41922,2016-06-02,21:45:00,31,4,10827
41923,2016-06-02,21:46:00,69,1,3472
41924,2016-06-02,21:47:00,72,2,1746
41925,2016-06-02,21:48:00,458,1,4161
41926,2016-06-02,22:01:00,112,2,4935
41927,2016-06-02,22:06:00,357,2,6971
41928,2016-06-02,22:09:00,366,2,5615
41929,2016-06-02,22:14:00,395,2,11913
41930,2016-06-02,22:21:00,271,1,7667
41931,2016-06-02,22:22:00,193,1,8859
41932,2016-06-02,22:29:00,282,2,10618
41933,2016-06-02,22:52:00,458,2,7106
41934,2016-06-02,23:05:00,423,3,3674
41935,2016-06-02,23:09:00,213,1,1728
41936,2016-06-02,23:09:00,19,1,4994
41937,2016-06-02,23:20:00,366,2,4802
41938,2016-06-02,23:27:00,236,1,359
41939,2016-06-02,23:29:00,409,1,6981
41940,2016-06-02,23:36:00,113,1,2143
41941,2016-06-02,23:37:00,95,1,5719
41942,2016-06-02,23:40:00,105,2,354
41943,2016-06-02,23:44:00,256,1,11958
41944,2016-06-02,23:49:00,175,3,3033
41945,2016-06-03,00:03:00,323,2,7926
41946,2016-06-03,00:03:00,177,2,1999
41947,2016-06-03,00:08:00,219,1,9068
41948,2016-06-03,00:10:00,301,1,4212
41949,2016-06-03,00:12:00,189,1,4942
41950,2016-06-03,00:18:00,140,2,10022
41951,2016-06-03,00:23:00,457,1,6534
41952,2016-06-03,00:28:00,98,3,7117
41953,2016-06-03,00:31:00,449,1,11277
41954,2016-06-03,00:49:00,232,1,5807
41955,2016-06-03,01:06:00,430,1,5929
41956,2016-06-03,01:06:00,307,1,10601
41957,2016-06-03,01:19:00,382,1,8526
41958,2016-06-03,01:26:00,385,3,11247
41959,2016-06-03,01:37:00,95,2,5979
41960,2016-06-03,01:44:00,397,1,9205
41961,2016-06-03,01:48:00,329,2,2893
41962,2016-06-03,01:49:00,314,1,6147
41963,2016-06-03,01:49:00,278,1,1088
41964,2016-06-03,01:49:00,195,2,862
41965,2016-06-03,01:50:00,449,1,8545
41966,2016-06-03,01:52:00,249,1,11881
41967,2016-06-03,01:54:00,337,2,7028
41968,2016-06-03,02:05:00,297,3,3147
41969,2016-06-03,02:28:00,207,4,8068
41970,2016-06-03,02:31:00,18,2,5924
41971,2016-06-03,02:32:00,449,2,7559
41972,2016-06-03,02:33:00,401,1,4704
41973,2016-06-03,02:36:00,182,3,4939
41974,2016-06-03,02:38:00,384,2,952
41975,2016-06-03,02:42:00,454,1,6831
41976,2016-06-03,02:48:00,316,2,6012
41977,2016-06-03,02:53:00,425,1,6216
41978,2016-06-03,02:56:00,355,2,2403
41979,2016-06-03,03:01:00,201,2,7070
41980,2016-06-03,03:05:00,64,2,9724
41981,2016-06-03,03:07:00,344,3,5274
41982,2016-06-03,03:17:00,155,3,10335
41983,2016-06-03,03:17:00,437,2,8168
41984,2016-06-03,03:30:00,87,3,2896
41985,2016-06-03,03:31:00,280,2,2900
41986,2016-06-03,03:36:00,372,1,7387
41987,2016-06-03,03:37:00,99,1,1019
41988,2016-06-03,03:39:00,428,1,10941
41989,2016-06-03,03:39:00,132,3,9692
41990,2016-06-03,03:40:00,181,2,6877
41991,2016-06-03,03:54:00,347,4,5357
41992,2016-06-03,04:00:00,13,1,7473
41993,2016-06-03,04:01:00,202,1,3237
41994,2016-06-03,04:09:00,238,2,9136
41995,2016-06-03,04:17:00,306,2,2040
41996,2016-06-03,04:32:00,31,3,6271
41997,2016-06-03,04:45:00,350,3,2980
41998,2016-06-03,04:46:00,268,1,11022
41999,2016-06-03,04:47:00,324,1,105
42000,2016-06-03,05:01:00,341,1,4600
42001,2016-06-03,05:01:00,107,2,7356
42002,2016-06-03,05:02:00,454,2,11394
42003,2016-06-03,05:08:00,78,2,6656
42004,2016-06-03,05:18:00,197,2,3115
42005,2016-06-03,05:33:00,41,3,4386
42006,2016-06-03,05:34:00,223,1,8784
42007,2016-06-03,05:36:00,75,2,4376
42008,2016-06-03,05:39:00,76,2,11130
42009,2016-06-03,05:42:00,216,4,14
42010,2016-06-03,05:44:00,303,1,3590
42011,2016-06-03,06:08:00,256,1,8263
42012,2016-06-03,06:09:00,437,1,270
42013,2016-06-03,06:11:00,193,1,8912
42014,2016-06-03,06:12:00,117,4,3818
42015,2016-06-03,06:13:00,311,2,2944
42016,2016-06-03,06:14:00,282,3,8400
42017,2016-06-03,06:18:00,410,1,1610
42018,2016-06-03,06:19:00,55,2,10673
42019,2016-06-03,06:30:00,387,2,7562
42020,2016-06-03,06:31:00,4,1,10774
42021,2016-06-03,06:38:00,127,1,9134
42022,2016-06-03,06:49:00,305,2,9141
42023,2016-06-03,06:55:00,42,2,10659
42024,2016-06-03,06:56:00,186,2,4073
42025,2016-06-03,07:00:00,304,2,8793
42026,2016-06-03,07:08:00,281,1,717
42027,2016-06-03,07:35:00,397,2,10418
42028,2016-06-03,07:39:00,347,1,5002
42029,2016-06-03,07:41:00,371,2,2502
42030,2016-06-03,07:51:00,54,1,5250
42031,2016-06-03,08:10:00,237,1,5756
42032,2016-06-03,08:15:00,279,2,5687
42033,2016-06-03,08:18:00,55,1,8027
42034,2016-06-03,08:33:00,11,2,6078
42035,2016-06-03,08:47:00,58,2,10197
42036,2016-06-03,08:47:00,430,1,9344
42037,2016-06-03,08:48:00,311,1,5806
42038,2016-06-03,08:52:00,152,4,246
42039,2016-06-03,08:55:00,323,2,1002
42040,2016-06-03,08:58:00,169,2,9485
42041,2016-06-03,09:00:00,91,2,6690
42042,2016-06-03,09:02:00,248,3,9535
42043,2016-06-03,09:04:00,360,3,7404
42044,2016-06-03,09:07:00,49,3,9570
42045,2016-06-03,09:08:00,355,2,10524
42046,2016-06-03,09:13:00,407,1,4529
42047,2016-06-03,09:13:00,442,1,8694
42048,2016-06-03,09:17:00,184,3,8830
42049,2016-06-03,09:19:00,324,3,2651
42050,2016-06-03,09:26:00,153,1,9042
42051,2016-06-03,09:26:00,175,1,9029
42052,2016-06-03,09:29:00,56,1,6293
42053,2016-06-03,09:30:00,152,2,7493
42054,2016-06-03,09:31:00,130,1,9759
42055,2016-06-03,09:33:00,343,2,1464
42056,2016-06-03,09:36:00,117,1,4457
42057,2016-06-03,09:41:00,334,4,3643
42058,2016-06-03,09:41:00,51,1,4236
42059,2016-06-03,09:45:00,172,2,35
42060,2016-06-03,09:53:00,44,1,11030
42061,2016-06-03,09:55:00,232,3,3757
42062,2016-06-03,09:56:00,386,1,5037
42063,2016-06-03,10:02:00,404,1,2737
42064,2016-06-03,10:07:00,39,1,1182
42065,2016-06-03,10:20:00,322,2,4908
42066,2016-06-03,10:21:00,438,2,5969
42067,2016-06-03,10:44:00,365,1,1231
42068,2016-06-03,10:46:00,422,1,2054
42069,2016-06-03,10:51:00,327,1,1911
42070,2016-06-03,11:05:00,62,1,4120
42071,2016-06-03,11:15:00,182,1,1420
42072,2016-06-03,11:16:00,234,2,3101
42073,2016-06-03,11:18:00,90,2,6370
42074,2016-06-03,11:22:00,243,3,6291
42075,2016-06-03,11:30:00,300,1,1935
42076,2016-06-03,11:36:00,137,1,551
42077,2016-06-03,11:46:00,365,3,9053
42078,2016-06-03,11:46:00,240,1,1862
42079,2016-06-03,11:47:00,32,1,11552
42080,2016-06-03,11:50:00,186,3,10946
42081,2016-06-03,11:53:00,285,1,9676
42082,2016-06-03,12:10:00,49,1,10637
42083,2016-06-03,12:11:00,236,2,7215
42084,2016-06-03,12:13:00,84,2,8400
42085,2016-06-03,12:14:00,265,2,7940
42086,2016-06-03,12:17:00,45,4,8533
42087,2016-06-03,12:32:00,371,1,5465
42088,2016-06-03,12:32:00,6,4,9590
42089,2016-06-03,12:35:00,326,3,8599
42090,2016-06-03,13:00:00,149,2,2127
42091,2016-06-03,13:17:00,365,2,6848
42092,2016-06-03,13:41:00,228,6,6080
42093,2016-06-03,13:42:00,263,2,2674
42094,2016-06-03,13:43:00,351,5,5003
42095,2016-06-03,14:01:00,338,2,10344
42096,2016-06-03,14:07:00,123,1,7551
42097,2016-06-03,14:10:00,441,2,9332
42098,2016-06-03,14:11:00,10,2,7163
42099,2016-06-03,14:13:00,397,3,7
42100,2016-06-03,14:14:00,149,3,9049
42101,2016-06-03,14:15:00,89,2,6720
42102,2016-06-03,14:18:00,395,3,5844
42103,2016-06-03,14:19:00,375,3,11352
42104,2016-06-03,14:21:00,375,1,3041
42105,2016-06-03,14:39:00,186,1,1896
42106,2016-06-03,14:41:00,257,3,2481
42107,2016-06-03,15:01:00,352,3,8116
42108,2016-06-03,15:01:00,236,2,6564
42109,2016-06-03,15:03:00,1,2,8295
42110,2016-06-03,15:13:00,232,3,8820
42111,2016-06-03,15:15:00,300,1,7549
42112,2016-06-03,15:16:00,78,1,2172
42113,2016-06-03,15:21:00,361,3,11930
42114,2016-06-03,15:24:00,305,2,8676
42115,2016-06-03,15:32:00,184,5,6078
42116,2016-06-03,15:37:00,211,2,6906
42117,2016-06-03,15:38:00,455,1,4616
42118,2016-06-03,15:39:00,228,1,1527
42119,2016-06-03,15:43:00,279,2,4512
42120,2016-06-03,15:47:00,86,2,1764
42121,2016-06-03,16:15:00,231,1,5795
42122,2016-06-03,16:18:00,33,3,4979
42123,2016-06-03,16:29:00,311,2,2049
42124,2016-06-03,16:32:00,247,2,8378
42125,2016-06-03,16:34:00,290,3,9148
42126,2016-06-03,16:35:00,263,4,7640
42127,2016-06-03,16:39:00,363,2,860
42128,2016-06-03,16:42:00,50,3,2221
42129,2016-06-03,16:43:00,122,2,1872
42130,2016-06-03,16:44:00,312,1,701
42131,2016-06-03,17:00:00,320,2,6860
42132,2016-06-03,17:04:00,111,4,11397
42133,2016-06-03,17:14:00,41,1,9879
42134,2016-06-03,17:18:00,43,2,805
42135,2016-06-03,17:21:00,212,1,53
42136,2016-06-03,17:23:00,126,2,3739
42137,2016-06-03,17:24:00,209,1,8119
42138,2016-06-03,17:31:00,181,2,5565
42139,2016-06-03,17:41:00,305,3,3598
42140,2016-06-03,17:53:00,87,2,5597
42141,2016-06-03,18:01:00,283,1,367
42142,2016-06-03,18:04:00,406,2,5947
42143,2016-06-03,18:04:00,218,4,498
42144,2016-06-03,18:09:00,382,4,6073
42145,2016-06-03,18:10:00,167,1,1180
42146,2016-06-03,18:10:00,268,2,7703
42147,2016-06-03,18:13:00,119,1,7568
42148,2016-06-03,18:16:00,258,2,9296
42149,2016-06-03,18:23:00,8,2,949
42150,2016-06-03,18:23:00,448,1,4607
42151,2016-06-03,18:44:00,90,3,642
42152,2016-06-03,18:46:00,330,4,5568
42153,2016-06-03,18:51:00,390,1,7754
42154,2016-06-03,18:52:00,307,2,3741
42155,2016-06-03,19:15:00,174,1,7118
42156,2016-06-03,19:16:00,168,4,3932
42157,2016-06-03,19:24:00,303,2,8030
42158,2016-06-03,19:25:00,445,1,11426
42159,2016-06-03,19:34:00,74,1,8645
42160,2016-06-03,19:36:00,407,2,6936
42161,2016-06-03,19:43:00,324,2,6397
42162,2016-06-03,19:50:00,277,2,7875
42163,2016-06-03,19:56:00,450,2,10428
42164,2016-06-03,19:57:00,102,1,4533
42165,2016-06-03,19:58:00,248,4,2886
42166,2016-06-03,20:01:00,395,2,2209
42167,2016-06-03,20:06:00,264,1,9589
42168,2016-06-03,20:07:00,150,2,8620
42169,2016-06-03,20:08:00,351,2,4299
42170,2016-06-03,20:09:00,3,3,6492
42171,2016-06-03,20:09:00,169,1,9366
42172,2016-06-03,20:12:00,182,4,10748
42173,2016-06-03,20:12:00,33,2,6343
42174,2016-06-03,20:14:00,85,3,4694
42175,2016-06-03,20:24:00,170,3,4087
42176,2016-06-03,20:27:00,193,2,5930
42177,2016-06-03,20:33:00,104,1,3135
42178,2016-06-03,20:41:00,224,3,7089
42179,2016-06-03,20:47:00,388,2,9029
42180,2016-06-03,20:51:00,219,1,9110
42181,2016-06-03,20:56:00,315,2,4419
42182,2016-06-03,21:08:00,311,4,4536
42183,2016-06-03,21:15:00,373,1,10746
42184,2016-06-03,21:28:00,264,2,6149
42185,2016-06-03,21:34:00,85,1,1687
42186,2016-06-03,21:36:00,423,2,6536
42187,2016-06-03,21:42:00,246,1,3138
42188,2016-06-03,21:46:00,154,1,3823
42189,2016-06-03,21:49:00,206,2,8462
42190,2016-06-03,21:54:00,344,2,6584
42191,2016-06-03,21:58:00,3,1,11252
42192,2016-06-03,22:03:00,35,3,5300
42193,2016-06-03,22:19:00,159,1,6133
42194,2016-06-03,22:31:00,421,2,11455
42195,2016-06-03,22:32:00,9,1,11101
42196,2016-06-03,22:46:00,248,1,2911
42197,2016-06-03,22:53:00,434,2,5756
42198,2016-06-03,22:54:00,106,2,7408
42199,2016-06-03,22:55:00,181,2,1360
42200,2016-06-03,23:01:00,164,1,7222
42201,2016-06-03,23:01:00,433,3,5019
42202,2016-06-03,23:04:00,314,3,152
42203,2016-06-03,23:05:00,276,3,1438
42204,2016-06-03,23:13:00,244,2,2253
42205,2016-06-03,23:14:00,157,2,5345
42206,2016-06-03,23:24:00,135,3,11569
42207,2016-06-03,23:31:00,300,2,10457
42208,2016-06-03,23:43:00,210,1,6834
42209,2016-06-03,23:45:00,3,3,11739
42210,2016-06-03,23:59:00,162,1,3631
42211,2016-06-04,00:01:00,354,1,7325
42212,2016-06-04,00:11:00,38,2,27
42213,2016-06-04,00:16:00,65,2,2383
42214,2016-06-04,00:18:00,296,3,11866
42215,2016-06-04,00:26:00,380,1,5450
42216,2016-06-04,00:26:00,430,3,8500
42217,2016-06-04,00:31:00,78,1,6531
42218,2016-06-04,00:32:00,375,1,353
42219,2016-06-04,00:34:00,244,2,3877
42220,2016-06-04,00:40:00,420,1,4631
42221,2016-06-04,00:51:00,304,2,10468
42222,2016-06-04,00:58:00,439,1,11714
42223,2016-06-04,01:00:00,339,1,957
42224,2016-06-04,01:05:00,27,1,4187
42225,2016-06-04,01:14:00,381,2,10883
42226,2016-06-04,01:15:00,413,5,4364
42227,2016-06-04,01:20:00,408,1,2159
42228,2016-06-04,01:22:00,280,2,3666
42229,2016-06-04,01:23:00,241,1,3900
42230,2016-06-04,01:28:00,437,2,2781
42231,2016-06-04,01:35:00,40,2,10592
42232,2016-06-04,01:37:00,436,1,2886
42233,2016-06-04,01:40:00,32,2,8258
42234,2016-06-04,01:45:00,98,1,794
42235,2016-06-04,01:48:00,103,2,3590
42236,2016-06-04,01:57:00,228,2,1577
42237,2016-06-04,01:58:00,425,3,6230
42238,2016-06-04,02:02:00,405,1,1549
42239,2016-06-04,02:09:00,346,1,9929
42240,2016-06-04,02:14:00,158,2,2750
42241,2016-06-04,02:21:00,243,1,9634
42242,2016-06-04,02:24:00,257,1,2741
42243,2016-06-04,02:26:00,2,2,9640
42244,2016-06-04,02:30:00,368,2,3570
42245,2016-06-04,02:30:00,412,1,9983
42246,2016-06-04,02:35:00,435,4,6017
42247,2016-06-04,02:36:00,213,3,10516
42248,2016-06-04,02:48:00,83,4,3556
42249,2016-06-04,02:55:00,175,4,9778
42250,2016-06-04,03:06:00,113,2,4470
42251,2016-06-04,03:11:00,130,1,6065
42252,2016-06-04,03:22:00,389,5,8747
42253,2016-06-04,03:22:00,275,1,8234
42254,2016-06-04,03:25:00,373,2,5034
42255,2016-06-04,03:31:00,383,1,10262
42256,2016-06-04,03:33:00,247,2,8864
42257,2016-06-04,03:36:00,325,1,10898
42258,2016-06-04,03:39:00,136,3,5751
42259,2016-06-04,03:46:00,356,2,8138
42260,2016-06-04,03:47:00,232,4,417
42261,2016-06-04,03:54:00,7,2,4355
42262,2016-06-04,03:55:00,423,1,3084
42263,2016-06-04,04:00:00,371,1,11851
42264,2016-06-04,04:00:00,30,3,9680
42265,2016-06-04,04:03:00,105,4,4311
42266,2016-06-04,04:37:00,444,2,6546
42267,2016-06-04,04:37:00,315,6,2924
42268,2016-06-04,04:58:00,7,5,9039
42269,2016-06-04,05:05:00,126,2,8821
42270,2016-06-04,05:13:00,152,1,95
42271,2016-06-04,05:16:00,390,2,11114
42272,2016-06-04,05:23:00,51,2,1264
42273,2016-06-04,05:26:00,418,1,7033
42274,2016-06-04,05:29:00,2,4,9767
42275,2016-06-04,05:33:00,440,3,11941
42276,2016-06-04,05:36:00,160,2,6883
42277,2016-06-04,05:40:00,455,2,955
42278,2016-06-04,05:40:00,369,2,9584
42279,2016-06-04,05:41:00,52,1,9356
42280,2016-06-04,05:41:00,87,1,1241
42281,2016-06-04,05:41:00,82,2,8856
42282,2016-06-04,05:52:00,165,1,5447
42283,2016-06-04,05:53:00,418,1,2325
42284,2016-06-04,05:58:00,207,1,9285
42285,2016-06-04,06:09:00,395,1,11213
42286,2016-06-04,06:19:00,267,1,3316
42287,2016-06-04,06:20:00,333,1,11459
42288,2016-06-04,06:26:00,104,3,5281
42289,2016-06-04,06:33:00,119,2,7663
42290,2016-06-04,06:33:00,1,3,10615
42291,2016-06-04,06:43:00,204,2,4923
42292,2016-06-04,06:43:00,318,1,2318
42293,2016-06-04,06:48:00,240,2,8940
42294,2016-06-04,06:51:00,247,3,11872
42295,2016-06-04,06:56:00,76,3,7422
42296,2016-06-04,06:57:00,63,3,2334
42297,2016-06-04,07:06:00,65,1,10689
42298,2016-06-04,07:15:00,251,3,2481
42299,2016-06-04,07:22:00,267,2,4110
42300,2016-06-04,07:25:00,408,2,10497
42301,2016-06-04,07:36:00,46,3,1768
42302,2016-06-04,07:42:00,46,1,7965
42303,2016-06-04,07:46:00,363,1,3817
42304,2016-06-04,07:49:00,212,2,11539
42305,2016-06-04,08:05:00,286,2,2538
42306,2016-06-04,08:06:00,170,1,8346
42307,2016-06-04,08:07:00,142,3,11783
42308,2016-06-04,08:10:00,186,2,9392
42309,2016-06-04,08:13:00,319,2,1957
42310,2016-06-04,08:30:00,117,2,7503
42311,2016-06-04,08:34:00,151,1,4773
42312,2016-06-04,08:34:00,254,1,215
42313,2016-06-04,08:39:00,457,2,6716
42314,2016-06-04,08:44:00,4,1,3646
42315,2016-06-04,08:47:00,167,1,6739
42316,2016-06-04,08:48:00,195,2,7004
42317,2016-06-04,08:50:00,20,1,2961
42318,2016-06-04,08:50:00,26,2,7934
42319,2016-06-04,09:00:00,224,3,3793
42320,2016-06-04,09:01:00,1,1,10290
42321,2016-06-04,09:05:00,183,2,10439
42322,2016-06-04,09:07:00,243,2,4260
42323,2016-06-04,09:13:00,150,2,10437
42324,2016-06-04,09:19:00,156,1,3667
42325,2016-06-04,09:29:00,296,1,5723
42326,2016-06-04,09:43:00,117,4,1525
42327,2016-06-04,09:51:00,19,1,4486
42328,2016-06-04,09:59:00,102,1,6140
42329,2016-06-04,10:01:00,61,2,9607
42330,2016-06-04,10:08:00,297,1,294
42331,2016-06-04,10:21:00,191,2,2178
42332,2016-06-04,10:23:00,29,1,3634
42333,2016-06-04,10:26:00,183,1,8564
42334,2016-06-04,10:27:00,289,2,11731
42335,2016-06-04,10:35:00,71,4,1078
42336,2016-06-04,10:36:00,203,3,9331
42337,2016-06-04,10:41:00,444,2,6673
42338,2016-06-04,10:46:00,4,3,6163
42339,2016-06-04,11:03:00,137,2,2444
42340,2016-06-04,11:04:00,253,2,5447
42341,2016-06-04,11:09:00,314,3,871
42342,2016-06-04,11:12:00,126,2,9983
42343,2016-06-04,11:21:00,385,2,10450
42344,2016-06-04,11:21:00,442,2,7524
42345,2016-06-04,11:23:00,356,1,2889
42346,2016-06-04,11:25:00,132,1,701
42347,2016-06-04,11:28:00,238,2,10853
42348,2016-06-04,11:30:00,221,2,10275
42349,2016-06-04,11:32:00,446,2,6146
42350,2016-06-04,11:33:00,221,1,7531
42351,2016-06-04,11:35:00,36,1,1511
42352,2016-06-04,11:37:00,308,3,4189
42353,2016-06-04,11:39:00,206,3,9274
42354,2016-06-04,11:45:00,146,2,1114
42355,2016-06-04,11:47:00,378,2,8936
42356,2016-06-04,11:49:00,308,1,11709
42357,2016-06-04,11:51:00,453,1,6380
42358,2016-06-04,11:55:00,69,2,9704
42359,2016-06-04,11:55:00,157,1,9309
42360,2016-06-04,11:56:00,129,2,2261
42361,2016-06-04,12:10:00,254,4,6678
42362,2016-06-04,12:10:00,319,1,1901
42363,2016-06-04,12:20:00,301,3,5548
42364,2016-06-04,12:21:00,12,2,11163
42365,2016-06-04,12:28:00,311,2,3643
42366,2016-06-04,12:35:00,455,2,9482
42367,2016-06-04,12:36:00,412,4,6325
42368,2016-06-04,12:37:00,190,4,458
42369,2016-06-04,12:37:00,50,1,146
42370,2016-06-04,12:39:00,101,1,203
42371,2016-06-04,12:43:00,316,3,5849
42372,2016-06-04,13:00:00,365,2,9879
42373,2016-06-04,13:07:00,369,4,3340
42374,2016-06-04,13:10:00,309,2,10843
42375,2016-06-04,13:11:00,53,2,6927
42376,2016-06-04,13:29:00,28,2,3683
42377,2016-06-04,13:32:00,359,1,5363
42378,2016-06-04,13:46:00,384,3,114
42379,2016-06-04,13:55:00,243,1,7031
42380,2016-06-04,13:58:00,432,3,8383
42381,2016-06-04,14:10:00,178,1,3129
42382,2016-06-04,14:11:00,111,3,3608
42383,2016-06-04,14:14:00,311,1,2303
42384,2016-06-04,14:17:00,357,1,5028
42385,2016-06-04,14:17:00,104,2,698
42386,2016-06-04,14:23:00,168,4,5557
42387,2016-06-04,14:32:00,93,3,10135
42388,2016-06-04,14:35:00,397,2,10101
42389,2016-06-04,14:39:00,179,4,5229
42390,2016-06-04,14:41:00,136,2,2784
42391,2016-06-04,14:42:00,251,1,1439
42392,2016-06-04,14:42:00,42,3,11780
42393,2016-06-04,14:43:00,239,1,10745
42394,2016-06-04,14:48:00,247,1,4902
42395,2016-06-04,14:48:00,192,4,1665
42396,2016-06-04,14:54:00,60,2,8157
42397,2016-06-04,14:56:00,158,1,9514
42398,2016-06-04,15:05:00,93,1,8600
42399,2016-06-04,15:07:00,222,1,4754
42400,2016-06-04,15:11:00,292,1,9105
42401,2016-06-04,15:13:00,27,2,10258
42402,2016-06-04,15:18:00,226,1,10995
42403,2016-06-04,15:20:00,133,2,1504
42404,2016-06-04,15:31:00,26,1,739
42405,2016-06-04,15:31:00,270,3,10376
42406,2016-06-04,15:34:00,201,3,8568
42407,2016-06-04,15:42:00,347,4,10328
42408,2016-06-04,15:43:00,370,2,4559
42409,2016-06-04,15:53:00,91,1,3889
42410,2016-06-04,16:03:00,110,2,1179
42411,2016-06-04,16:16:00,171,1,11161
42412,2016-06-04,16:31:00,49,3,7873
42413,2016-06-04,16:59:00,90,1,7633
42414,2016-06-04,17:20:00,139,1,2247
42415,2016-06-04,17:24:00,278,2,8875
42416,2016-06-04,17:25:00,187,2,1121
42417,2016-06-04,17:36:00,227,1,3965
42418,2016-06-04,17:36:00,139,1,1582
42419,2016-06-04,17:47:00,188,2,9541
42420,2016-06-04,17:48:00,377,2,11341
42421,2016-06-04,17:54:00,210,1,11150
42422,2016-06-04,17:56:00,32,2,4668
42423,2016-06-04,17:56:00,433,1,7933
42424,2016-06-04,18:16:00,50,1,8610
42425,2016-06-04,18:17:00,18,1,3398
42426,2016-06-04,18:20:00,279,3,10924
42427,2016-06-04,18:23:00,358,1,8894
42428,2016-06-04,18:23:00,52,2,7949
42429,2016-06-04,18:24:00,118,1,6928
42430,2016-06-04,18:30:00,261,1,10434
42431,2016-06-04,18:36:00,228,2,11689
42432,2016-06-04,18:50:00,243,4,7149
42433,2016-06-04,18:54:00,451,1,11598
42434,2016-06-04,19:04:00,295,1,7894
42435,2016-06-04,19:04:00,412,2,9257
42436,2016-06-04,19:07:00,174,2,10126
42437,2016-06-04,19:08:00,203,3,31
42438,2016-06-04,19:21:00,14,2,9849
42439,2016-06-04,19:26:00,217,2,1700
42440,2016-06-04,19:32:00,87,2,6659
42441,2016-06-04,19:44:00,278,1,11536
42442,2016-06-04,19:45:00,453,1,5648
42443,2016-06-04,20:02:00,282,3,5362
42444,2016-06-04,20:13:00,439,1,8546
42445,2016-06-04,20:16:00,374,1,10248
42446,2016-06-04,20:20:00,421,1,6475
42447,2016-06-04,20:21:00,263,2,2013
42448,2016-06-04,20:31:00,43,1,11105
42449,2016-06-04,20:34:00,308,1,3934
42450,2016-06-04,20:48:00,377,3,3604
42451,2016-06-04,21:00:00,441,1,4930
42452,2016-06-04,21:20:00,183,1,9801
42453,2016-06-04,21:20:00,289,4,4874
42454,2016-06-04,21:23:00,424,1,3447
42455,2016-06-04,21:28:00,321,5,1231
42456,2016-06-04,21:42:00,349,2,7794
42457,2016-06-04,21:46:00,340,1,5562
42458,2016-06-04,21:57:00,208,3,10089
42459,2016-06-04,21:57:00,30,2,8873
42460,2016-06-04,22:08:00,144,2,3416
42461,2016-06-04,22:13:00,390,2,10073
42462,2016-06-04,22:14:00,67,1,8900
42463,2016-06-04,22:19:00,307,3,8169
42464,2016-06-04,22:20:00,418,3,8535
42465,2016-06-04,22:26:00,64,2,9638
42466,2016-06-04,22:27:00,126,1,9432
42467,2016-06-04,22:33:00,62,4,7070
42468,2016-06-04,22:39:00,360,1,9688
42469,2016-06-04,22:43:00,225,2,5110
42470,2016-06-04,22:50:00,191,3,9149
42471,2016-06-04,22:56:00,127,2,4961
42472,2016-06-04,23:04:00,140,2,1382
42473,2016-06-04,23:09:00,137,2,11774
42474,2016-06-04,23:15:00,45,1,5889
42475,2016-06-04,23:16:00,165,3,209
42476,2016-06-04,23:18:00,274,1,8174
42477,2016-06-04,23:28:00,168,2,552
42478,2016-06-04,23:30:00,169,1,1107
42479,2016-06-04,23:30:00,184,1,11710
42480,2016-06-04,23:31:00,227,3,579
42481,2016-06-04,23:34:00,8,2,6850
42482,2016-06-04,23:36:00,382,1,914
42483,2016-06-04,23:38:00,182,1,4540
42484,2016-06-04,23:38:00,281,1,5481
42485,2016-06-04,23:41:00,406,2,11258
42486,2016-06-04,23:45:00,406,2,1909
42487,2016-06-04,23:54:00,423,2,1822
42488,2016-06-04,23:57:00,130,2,6071
42489,2016-06-05,00:00:00,9,2,1465
42490,2016-06-05,00:02:00,361,1,4223
42491,2016-06-05,00:03:00,374,1,8314
42492,2016-06-05,00:16:00,353,2,11734
42493,2016-06-05,00:18:00,383,2,8877
42494,2016-06-05,00:22:00,84,4,7769
42495,2016-06-05,00:24:00,153,1,9480
42496,2016-06-05,00:33:00,447,4,11725
42497,2016-06-05,00:35:00,276,2,9479
42498,2016-06-05,00:41:00,263,2,5613
42499,2016-06-05,00:49:00,137,1,2293
42500,2016-06-05,00:53:00,187,2,2772
42501,2016-06-05,00:54:00,195,2,4878
42502,2016-06-05,00:56:00,276,2,659
42503,2016-06-05,00:58:00,137,2,11259
42504,2016-06-05,01:05:00,108,1,6461
42505,2016-06-05,01:07:00,165,2,8830
42506,2016-06-05,01:07:00,142,2,5387
42507,2016-06-05,01:14:00,81,1,8776
42508,2016-06-05,01:16:00,441,3,10160
42509,2016-06-05,01:16:00,220,4,1757
42510,2016-06-05,01:18:00,142,2,4609
42511,2016-06-05,01:19:00,320,3,11066
42512,2016-06-05,01:26:00,293,2,4619
42513,2016-06-05,01:37:00,142,1,11971
42514,2016-06-05,01:43:00,176,3,429
42515,2016-06-05,01:46:00,186,3,9014
42516,2016-06-05,01:47:00,319,2,1891
42517,2016-06-05,01:56:00,256,2,3428
42518,2016-06-05,01:59:00,257,4,10539
42519,2016-06-05,02:05:00,376,1,108
42520,2016-06-05,02:07:00,355,1,4392
42521,2016-06-05,02:13:00,17,1,11568
42522,2016-06-05,02:28:00,140,3,7216
42523,2016-06-05,02:31:00,136,3,928
42524,2016-06-05,02:31:00,12,2,2872
42525,2016-06-05,02:42:00,248,1,8969
42526,2016-06-05,02:42:00,68,1,8994
42527,2016-06-05,02:44:00,167,1,11820
42528,2016-06-05,02:56:00,228,1,4609
42529,2016-06-05,02:56:00,53,3,11045
42530,2016-06-05,02:56:00,428,2,1262
42531,2016-06-05,02:58:00,409,3,3812
42532,2016-06-05,03:02:00,317,1,9587
42533,2016-06-05,03:04:00,61,2,10253
42534,2016-06-05,03:25:00,196,2,8817
42535,2016-06-05,03:26:00,224,2,1700
42536,2016-06-05,03:26:00,363,1,3215
42537,2016-06-05,03:27:00,43,3,10429
42538,2016-06-05,03:30:00,10,1,2056
42539,2016-06-05,03:38:00,89,1,6616
42540,2016-06-05,03:40:00,11,4,5516
42541,2016-06-05,03:52:00,171,1,9523
42542,2016-06-05,03:54:00,23,1,6193
42543,2016-06-05,03:54:00,196,1,7257
42544,2016-06-05,03:57:00,288,2,8581
42545,2016-06-05,04:06:00,357,4,3422
42546,2016-06-05,04:16:00,423,3,11573
42547,2016-06-05,04:17:00,87,1,3302
42548,2016-06-05,04:21:00,327,2,2930
42549,2016-06-05,04:27:00,49,1,6891
42550,2016-06-05,04:29:00,150,1,8855
42551,2016-06-05,04:33:00,291,3,7658
42552,2016-06-05,04:33:00,152,1,9348
42553,2016-06-05,04:36:00,289,4,6289
42554,2016-06-05,04:51:00,25,1,4843
42555,2016-06-05,04:57:00,252,1,4818
42556,2016-06-05,05:03:00,168,1,2177
42557,2016-06-05,05:03:00,74,2,4939
42558,2016-06-05,05:28:00,186,2,1701
42559,2016-06-05,05:31:00,30,3,9582
42560,2016-06-05,05:31:00,245,2,7275
42561,2016-06-05,05:33:00,86,2,7195
42562,2016-06-05,05:37:00,36,1,1269
42563,2016-06-05,05:55:00,336,1,10709
42564,2016-06-05,06:02:00,298,1,9714
42565,2016-06-05,06:22:00,375,3,989
42566,2016-06-05,06:35:00,341,4,7691
42567,2016-06-05,06:48:00,157,1,11095
42568,2016-06-05,06:52:00,248,2,10891
42569,2016-06-05,06:54:00,89,2,11082
42570,2016-06-05,06:57:00,379,3,8164
42571,2016-06-05,06:57:00,411,2,2031
42572,2016-06-05,07:03:00,247,3,1254
42573,2016-06-05,07:05:00,276,1,1549
42574,2016-06-05,07:14:00,161,1,1477
42575,2016-06-05,07:29:00,448,2,7126
42576,2016-06-05,07:30:00,168,1,1599
42577,2016-06-05,07:30:00,444,1,9164
42578,2016-06-05,07:32:00,330,3,773
42579,2016-06-05,07:39:00,114,2,11886
42580,2016-06-05,07:40:00,345,2,11029
42581,2016-06-05,07:47:00,438,2,7736
42582,2016-06-05,07:48:00,232,1,1692
42583,2016-06-05,07:58:00,23,4,10033
42584,2016-06-05,08:33:00,281,2,11586
42585,2016-06-05,08:38:00,95,2,5942
42586,2016-06-05,08:40:00,414,1,7425
42587,2016-06-05,08:44:00,148,1,2858
42588,2016-06-05,08:56:00,341,2,184
42589,2016-06-05,08:57:00,281,3,10220
42590,2016-06-05,09:01:00,112,2,2385
42591,2016-06-05,09:04:00,310,3,6364
42592,2016-06-05,09:06:00,348,3,3068
42593,2016-06-05,09:16:00,356,1,7310
42594,2016-06-05,09:23:00,326,1,10813
42595,2016-06-05,09:37:00,392,2,4105
42596,2016-06-05,09:42:00,43,1,7070
42597,2016-06-05,09:44:00,227,2,8818
42598,2016-06-05,09:48:00,449,1,8623
42599,2016-06-05,09:52:00,247,1,6768
42600,2016-06-05,09:56:00,220,1,10410
42601,2016-06-05,09:58:00,145,3,7664
42602,2016-06-05,10:03:00,373,1,5846
42603,2016-06-05,10:05:00,324,1,3493
42604,2016-06-05,10:09:00,13,1,506
42605,2016-06-05,10:13:00,312,1,9617
42606,2016-06-05,10:18:00,93,3,10655
42607,2016-06-05,10:21:00,405,1,10042
42608,2016-06-05,10:22:00,49,1,11777
42609,2016-06-05,10:24:00,357,2,180
42610,2016-06-05,10:25:00,332,4,4957
42611,2016-06-05,10:27:00,97,1,1486
42612,2016-06-05,10:29:00,221,1,2590
42613,2016-06-05,10:33:00,294,3,5117
42614,2016-06-05,10:54:00,395,2,6558
42615,2016-06-05,11:05:00,11,2,6051
42616,2016-06-05,11:12:00,222,5,4584
42617,2016-06-05,11:20:00,222,3,352
42618,2016-06-05,11:27:00,116,1,9112
42619,2016-06-05,11:27:00,160,2,6881
42620,2016-06-05,11:29:00,26,2,11466
42621,2016-06-05,11:37:00,287,2,5222
42622,2016-06-05,11:42:00,49,4,5745
42623,2016-06-05,11:54:00,178,3,9069
42624,2016-06-05,11:55:00,256,2,3839
42625,2016-06-05,11:55:00,140,3,4599
42626,2016-06-05,11:55:00,355,1,8560
42627,2016-06-05,12:02:00,90,2,11400
42628,2016-06-05,12:04:00,70,2,138
42629,2016-06-05,12:09:00,110,1,1572
42630,2016-06-05,12:09:00,420,2,910
42631,2016-06-05,12:09:00,245,1,11888
42632,2016-06-05,12:14:00,201,1,3448
42633,2016-06-05,12:22:00,266,1,2264
42634,2016-06-05,12:26:00,159,2,1103
42635,2016-06-05,12:28:00,40,1,4073
42636,2016-06-05,12:34:00,411,2,11547
42637,2016-06-05,12:36:00,312,1,3178
42638,2016-06-05,12:36:00,254,1,9353
42639,2016-06-05,12:49:00,389,3,1736
42640,2016-06-05,12:51:00,123,2,4784
42641,2016-06-05,12:52:00,61,1,2131
42642,2016-06-05,12:54:00,341,3,1880
42643,2016-06-05,13:00:00,204,1,7138
42644,2016-06-05,13:01:00,78,3,3787
42645,2016-06-05,13:01:00,401,1,2287
42646,2016-06-05,13:01:00,51,1,6314
42647,2016-06-05,13:02:00,286,2,10709
42648,2016-06-05,13:09:00,415,1,2220
42649,2016-06-05,13:16:00,265,3,9219
42650,2016-06-05,13:17:00,364,2,6215
42651,2016-06-05,13:26:00,213,2,10222
42652,2016-06-05,13:32:00,178,2,1129
42653,2016-06-05,13:34:00,294,1,6956
42654,2016-06-05,13:36:00,166,2,1294
42655,2016-06-05,13:41:00,185,1,8655
42656,2016-06-05,13:55:00,181,1,116
42657,2016-06-05,13:59:00,233,1,8251
42658,2016-06-05,14:04:00,193,2,5228
42659,2016-06-05,14:06:00,366,3,8762
42660,2016-06-05,14:08:00,55,2,6770
42661,2016-06-05,14:31:00,66,2,64
42662,2016-06-05,14:33:00,382,2,8104
42663,2016-06-05,14:36:00,282,1,8641
42664,2016-06-05,14:59:00,11,1,10817
42665,2016-06-05,15:12:00,117,3,11038
42666,2016-06-05,15:17:00,367,3,489
42667,2016-06-05,15:18:00,371,4,1036
42668,2016-06-05,15:22:00,444,2,5866
42669,2016-06-05,15:25:00,219,3,9372
42670,2016-06-05,15:26:00,100,4,9090
42671,2016-06-05,15:28:00,186,4,611
42672,2016-06-05,15:29:00,284,2,4750
42673,2016-06-05,15:30:00,431,1,7071
42674,2016-06-05,15:31:00,106,1,4319
42675,2016-06-05,15:53:00,94,2,4536
42676,2016-06-05,15:55:00,117,1,5858
42677,2016-06-05,15:56:00,308,3,11406
42678,2016-06-05,16:02:00,336,2,6235
42679,2016-06-05,16:03:00,53,6,4769
42680,2016-06-05,16:11:00,258,2,2579
42681,2016-06-05,16:12:00,27,2,5133
42682,2016-06-05,16:21:00,212,1,3111
42683,2016-06-05,16:26:00,373,2,2672
42684,2016-06-05,16:28:00,255,5,4428
42685,2016-06-05,16:29:00,243,3,10085
42686,2016-06-05,16:43:00,157,1,5056
42687,2016-06-05,16:45:00,78,4,9002
42688,2016-06-05,16:47:00,425,1,1579
42689,2016-06-05,16:51:00,289,3,5653
42690,2016-06-05,16:52:00,127,2,6520
42691,2016-06-05,16:52:00,159,3,6492
42692,2016-06-05,16:54:00,214,3,9353
42693,2016-06-05,16:54:00,260,2,7310
42694,2016-06-05,17:02:00,39,2,7531
42695,2016-06-05,17:02:00,94,1,1649
42696,2016-06-05,17:03:00,301,2,11832
42697,2016-06-05,17:06:00,355,1,1497
42698,2016-06-05,17:08:00,370,4,418
42699,2016-06-05,17:18:00,36,1,11003
42700,2016-06-05,17:24:00,390,4,5054
42701,2016-06-05,17:30:00,157,2,7146
42702,2016-06-05,17:31:00,409,4,5914
42703,2016-06-05,17:31:00,187,1,9972
42704,2016-06-05,17:32:00,354,1,533
42705,2016-06-05,17:39:00,375,1,9665
42706,2016-06-05,17:40:00,269,1,4256
42707,2016-06-05,17:42:00,135,1,5245
42708,2016-06-05,17:43:00,16,2,5349
42709,2016-06-05,17:59:00,300,2,4035
42710,2016-06-05,18:06:00,143,3,7465
42711,2016-06-05,18:19:00,241,2,6882
42712,2016-06-05,18:21:00,80,1,602
42713,2016-06-05,18:21:00,226,1,3885
42714,2016-06-05,18:26:00,313,1,5176
42715,2016-06-05,18:26:00,258,3,7272
42716,2016-06-05,18:27:00,234,1,8597
42717,2016-06-05,18:33:00,163,2,7712
42718,2016-06-05,18:34:00,350,2,9225
42719,2016-06-05,18:36:00,342,2,490
42720,2016-06-05,18:46:00,334,1,6382
42721,2016-06-05,18:58:00,211,1,11049
42722,2016-06-05,19:11:00,403,2,2936
42723,2016-06-05,19:16:00,50,1,9716
42724,2016-06-05,19:21:00,94,1,3290
42725,2016-06-05,19:27:00,428,2,8209
42726,2016-06-05,19:29:00,320,6,7843
42727,2016-06-05,19:30:00,260,2,3269
42728,2016-06-05,19:35:00,30,2,2892
42729,2016-06-05,19:37:00,35,4,8778
42730,2016-06-05,19:41:00,55,5,3479
42731,2016-06-05,19:42:00,196,3,2967
42732,2016-06-05,19:43:00,323,1,6209
42733,2016-06-05,19:46:00,443,2,8642
42734,2016-06-05,19:46:00,3,4,5995
42735,2016-06-05,19:51:00,47,2,4219
42736,2016-06-05,19:52:00,392,2,8260
42737,2016-06-05,19:54:00,436,2,2710
42738,2016-06-05,20:15:00,289,1,4041
42739,2016-06-05,20:17:00,110,1,6590
42740,2016-06-05,20:24:00,75,2,9076
42741,2016-06-05,20:27:00,215,2,3320
42742,2016-06-05,20:30:00,147,4,10829
42743,2016-06-05,20:31:00,138,2,2090
42744,2016-06-05,20:38:00,7,1,7702
42745,2016-06-05,21:00:00,283,1,7100
42746,2016-06-05,21:06:00,308,2,10934
42747,2016-06-05,21:07:00,209,1,1991
42748,2016-06-05,21:09:00,362,1,11788
42749,2016-06-05,21:22:00,72,2,6539
42750,2016-06-05,21:54:00,367,2,7940
42751,2016-06-05,21:57:00,110,3,3869
42752,2016-06-05,21:57:00,230,2,8232
42753,2016-06-05,22:00:00,335,1,5865
42754,2016-06-05,22:06:00,279,3,1928
42755,2016-06-05,22:07:00,323,1,1659
42756,2016-06-05,22:12:00,124,2,2412
42757,2016-06-05,22:15:00,198,2,2664
42758,2016-06-05,22:16:00,59,2,59
42759,2016-06-05,22:23:00,377,2,4112
42760,2016-06-05,22:39:00,82,2,4624
42761,2016-06-05,22:41:00,370,2,1051
42762,2016-06-05,22:52:00,282,1,912
42763,2016-06-05,22:53:00,116,2,9440
42764,2016-06-05,22:55:00,53,2,10212
42765,2016-06-05,23:00:00,253,2,2511
42766,2016-06-05,23:13:00,367,1,542
42767,2016-06-05,23:14:00,351,1,3293
42768,2016-06-05,23:23:00,269,3,5143
42769,2016-06-05,23:23:00,274,1,9318
42770,2016-06-05,23:28:00,122,2,8624
42771,2016-06-05,23:29:00,328,2,11144
42772,2016-06-05,23:33:00,420,1,1180
42773,2016-06-05,23:39:00,351,1,7943
42774,2016-06-05,23:48:00,393,5,7318
42775,2016-06-05,23:52:00,169,1,9541
42776,2016-06-05,23:55:00,103,2,8990
42777,2016-06-05,23:58:00,333,2,4338
42778,2016-06-05,23:59:00,26,3,4677
42779,2016-06-06,00:01:00,301,2,9757
42780,2016-06-06,00:10:00,329,3,8881
42781,2016-06-06,00:12:00,317,1,1709
42782,2016-06-06,00:18:00,383,4,4559
42783,2016-06-06,00:32:00,369,1,6804
42784,2016-06-06,00:37:00,67,2,11264
42785,2016-06-06,00:38:00,112,2,3264
42786,2016-06-06,00:40:00,387,3,4721
42787,2016-06-06,00:42:00,138,2,471
42788,2016-06-06,00:43:00,133,2,6982
42789,2016-06-06,00:48:00,272,1,1182
42790,2016-06-06,01:04:00,368,2,2831
42791,2016-06-06,01:07:00,73,2,7159
42792,2016-06-06,01:09:00,248,1,526
42793,2016-06-06,01:37:00,454,1,4686
42794,2016-06-06,01:44:00,45,3,3975
42795,2016-06-06,01:53:00,226,3,7996
42796,2016-06-06,02:12:00,168,2,8680
42797,2016-06-06,02:13:00,118,3,2786
42798,2016-06-06,02:14:00,216,2,10643
42799,2016-06-06,02:14:00,279,3,3019
42800,2016-06-06,02:15:00,244,3,8394
42801,2016-06-06,02:18:00,97,3,11723
42802,2016-06-06,02:33:00,437,4,11481
42803,2016-06-06,02:35:00,165,1,9797
42804,2016-06-06,02:42:00,406,3,10823
42805,2016-06-06,02:53:00,217,3,10996
42806,2016-06-06,02:55:00,114,6,4000
42807,2016-06-06,03:02:00,215,4,82
42808,2016-06-06,03:12:00,242,1,7190
42809,2016-06-06,03:15:00,393,1,5799
42810,2016-06-06,03:16:00,405,1,4315
42811,2016-06-06,03:16:00,319,2,11811
42812,2016-06-06,03:22:00,451,1,7730
42813,2016-06-06,03:27:00,318,2,10279
42814,2016-06-06,03:28:00,401,1,9532
42815,2016-06-06,03:28:00,307,2,1374
42816,2016-06-06,03:28:00,360,2,2074
42817,2016-06-06,03:28:00,74,5,1262
42818,2016-06-06,03:32:00,126,4,3235
42819,2016-06-06,03:36:00,104,1,2788
42820,2016-06-06,03:45:00,388,2,11957
42821,2016-06-06,03:47:00,113,1,8835
42822,2016-06-06,03:48:00,164,2,639
42823,2016-06-06,03:49:00,421,1,9430
42824,2016-06-06,03:55:00,223,1,6067
42825,2016-06-06,04:09:00,160,3,7009
42826,2016-06-06,04:13:00,387,2,2613
42827,2016-06-06,04:15:00,146,2,2604
42828,2016-06-06,04:23:00,305,2,9069
42829,2016-06-06,04:28:00,138,2,8230
42830,2016-06-06,04:34:00,3,2,9760
42831,2016-06-06,04:36:00,64,2,5780
42832,2016-06-06,04:38:00,352,1,3768
42833,2016-06-06,04:41:00,31,3,9460
42834,2016-06-06,04:51:00,132,4,11156
42835,2016-06-06,04:52:00,360,4,7320
42836,2016-06-06,05:03:00,393,1,1323
42837,2016-06-06,05:03:00,205,3,2962
42838,2016-06-06,05:05:00,301,4,6642
42839,2016-06-06,05:07:00,445,4,3729
42840,2016-06-06,05:12:00,435,3,4302
42841,2016-06-06,05:14:00,226,3,801
42842,2016-06-06,05:24:00,314,2,8272
42843,2016-06-06,05:43:00,241,2,6299
42844,2016-06-06,05:49:00,35,1,7402
42845,2016-06-06,06:00:00,387,1,5937
42846,2016-06-06,06:01:00,306,1,6355
42847,2016-06-06,06:08:00,334,2,1979
42848,2016-06-06,06:10:00,241,3,10157
42849,2016-06-06,06:23:00,4,2,9873
42850,2016-06-06,06:26:00,315,2,2260
42851,2016-06-06,06:27:00,14,2,2122
42852,2016-06-06,06:29:00,424,1,9112
42853,2016-06-06,06:38:00,90,1,5840
42854,2016-06-06,06:39:00,455,3,6711
42855,2016-06-06,06:39:00,87,5,3738
42856,2016-06-06,06:59:00,294,1,10691
42857,2016-06-06,07:02:00,203,1,10700
42858,2016-06-06,07:05:00,299,3,3321
42859,2016-06-06,07:05:00,71,3,7308
42860,2016-06-06,07:13:00,456,4,5537
42861,2016-06-06,07:20:00,38,4,4222
42862,2016-06-06,07:27:00,185,2,3510
42863,2016-06-06,07:34:00,178,1,11764
42864,2016-06-06,07:49:00,193,3,3080
42865,2016-06-06,07:52:00,112,2,3042
42866,2016-06-06,07:54:00,375,2,8884
42867,2016-06-06,08:05:00,128,2,7012
42868,2016-06-06,08:08:00,242,3,3156
42869,2016-06-06,08:14:00,211,2,9342
42870,2016-06-06,08:17:00,172,3,3207
42871,2016-06-06,08:21:00,427,2,6894
42872,2016-06-06,08:23:00,203,1,10307
42873,2016-06-06,08:35:00,337,3,3506
42874,2016-06-06,08:50:00,182,1,10619
42875,2016-06-06,08:54:00,185,3,10640
42876,2016-06-06,09:08:00,102,2,4129
42877,2016-06-06,09:16:00,245,2,424
42878,2016-06-06,09:17:00,25,3,10677
42879,2016-06-06,09:26:00,113,2,6185
42880,2016-06-06,09:34:00,108,5,5343
42881,2016-06-06,09:50:00,203,3,6789
42882,2016-06-06,10:03:00,23,1,9153
42883,2016-06-06,10:04:00,401,1,9584
42884,2016-06-06,10:06:00,430,1,10218
42885,2016-06-06,10:06:00,436,2,9372
42886,2016-06-06,10:08:00,260,3,11981
42887,2016-06-06,10:10:00,361,1,1626
42888,2016-06-06,10:17:00,286,1,1851
42889,2016-06-06,10:21:00,66,2,7902
42890,2016-06-06,10:24:00,80,2,5098
42891,2016-06-06,10:27:00,125,2,30
42892,2016-06-06,10:33:00,45,2,9575
42893,2016-06-06,10:36:00,137,1,9993
42894,2016-06-06,10:42:00,295,1,439
42895,2016-06-06,10:44:00,10,2,792
42896,2016-06-06,10:48:00,409,1,11634
42897,2016-06-06,10:53:00,145,1,7208
42898,2016-06-06,10:56:00,301,3,563
42899,2016-06-06,10:56:00,432,2,4838
42900,2016-06-06,11:00:00,6,3,8354
42901,2016-06-06,11:04:00,457,3,7361
42902,2016-06-06,11:07:00,179,1,6429
42903,2016-06-06,11:08:00,402,4,5624
42904,2016-06-06,11:18:00,381,3,11271
42905,2016-06-06,11:19:00,6,1,3843
42906,2016-06-06,11:20:00,124,3,1171
42907,2016-06-06,11:23:00,381,1,9861
42908,2016-06-06,11:27:00,452,2,5970
42909,2016-06-06,11:30:00,354,3,298
42910,2016-06-06,11:39:00,119,2,6059
42911,2016-06-06,11:41:00,358,3,5400
42912,2016-06-06,11:49:00,26,1,9137
42913,2016-06-06,11:53:00,268,2,2172
42914,2016-06-06,11:55:00,131,1,4972
42915,2016-06-06,12:00:00,303,3,2167
42916,2016-06-06,12:07:00,49,3,8270
42917,2016-06-06,12:08:00,356,4,101
42918,2016-06-06,12:09:00,395,2,6798
42919,2016-06-06,12:10:00,50,1,1056
42920,2016-06-06,12:10:00,76,2,7549
42921,2016-06-06,12:11:00,331,2,1794
42922,2016-06-06,12:29:00,218,1,5921
42923,2016-06-06,12:33:00,400,2,10780
42924,2016-06-06,12:42:00,157,3,1847
42925,2016-06-06,12:45:00,193,2,10396
42926,2016-06-06,12:47:00,47,3,10195
42927,2016-06-06,12:48:00,205,4,1415
42928,2016-06-06,12:54:00,40,2,9447
42929,2016-06-06,12:55:00,344,2,3429
42930,2016-06-06,12:57:00,391,2,4986
42931,2016-06-06,13:22:00,313,2,8708
42932,2016-06-06,13:36:00,346,2,370
42933,2016-06-06,13:37:00,53,1,9681
42934,2016-06-06,13:38:00,375,3,345
42935,2016-06-06,13:39:00,313,1,804
42936,2016-06-06,13:41:00,225,1,4524
42937,2016-06-06,14:17:00,167,3,8989
42938,2016-06-06,14:24:00,356,1,4155
42939,2016-06-06,14:35:00,445,2,8683
42940,2016-06-06,14:36:00,171,1,11592
42941,2016-06-06,14:41:00,392,2,9884
42942,2016-06-06,14:41:00,119,1,9014
42943,2016-06-06,14:44:00,59,1,8774
42944,2016-06-06,14:53:00,21,2,7801
42945,2016-06-06,14:53:00,18,4,8345
42946,2016-06-06,15:07:00,367,1,4360
42947,2016-06-06,15:07:00,317,2,8719
42948,2016-06-06,15:19:00,354,1,2878
42949,2016-06-06,15:24:00,315,5,10531
42950,2016-06-06,15:27:00,225,2,1014
42951,2016-06-06,15:31:00,83,2,8528
42952,2016-06-06,15:40:00,261,3,4672
42953,2016-06-06,15:44:00,102,3,5767
42954,2016-06-06,15:47:00,140,2,10106
42955,2016-06-06,15:50:00,243,3,2019
42956,2016-06-06,15:55:00,232,2,9692
42957,2016-06-06,15:56:00,166,4,2090
42958,2016-06-06,15:58:00,241,3,377
42959,2016-06-06,15:59:00,94,1,11800
42960,2016-06-06,16:00:00,366,2,3952
42961,2016-06-06,16:16:00,201,2,9481
42962,2016-06-06,16:19:00,348,2,7205
42963,2016-06-06,16:27:00,413,1,11255
42964,2016-06-06,16:27:00,85,1,8963
42965,2016-06-06,16:32:00,125,3,7527
42966,2016-06-06,16:34:00,52,3,11778
42967,2016-06-06,16:40:00,406,3,8129
42968,2016-06-06,16:41:00,241,1,3600
42969,2016-06-06,16:49:00,74,1,8130
42970,2016-06-06,16:50:00,394,2,9076
42971,2016-06-06,17:02:00,349,1,3039
42972,2016-06-06,17:02:00,146,1,3338
42973,2016-06-06,17:06:00,198,2,2624
42974,2016-06-06,17:20:00,444,3,4052
42975,2016-06-06,17:22:00,165,3,7164
42976,2016-06-06,17:23:00,1,4,3106
42977,2016-06-06,17:26:00,387,4,11717
42978,2016-06-06,17:32:00,271,2,3026
42979,2016-06-06,17:34:00,245,1,7075
42980,2016-06-06,17:40:00,135,1,10274
42981,2016-06-06,17:42:00,198,2,6468
42982,2016-06-06,17:42:00,39,1,11277
42983,2016-06-06,17:43:00,118,2,9308
42984,2016-06-06,17:50:00,55,2,1288
42985,2016-06-06,17:52:00,327,2,1156
42986,2016-06-06,17:52:00,148,3,5368
42987,2016-06-06,18:00:00,150,2,11647
42988,2016-06-06,18:01:00,420,1,4953
42989,2016-06-06,18:03:00,248,2,1661
42990,2016-06-06,18:06:00,231,2,9857
42991,2016-06-06,18:09:00,231,4,2422
42992,2016-06-06,18:13:00,364,1,969
42993,2016-06-06,18:19:00,36,1,6813
42994,2016-06-06,18:20:00,164,1,3917
42995,2016-06-06,18:35:00,46,1,5564
42996,2016-06-06,18:36:00,151,2,9656
42997,2016-06-06,18:49:00,211,1,950
42998,2016-06-06,19:06:00,244,1,7922
42999,2016-06-06,19:07:00,330,4,2511
43000,2016-06-06,19:08:00,11,3,8919
43001,2016-06-06,19:11:00,254,1,9169
43002,2016-06-06,19:20:00,266,3,1459
43003,2016-06-06,19:21:00,351,4,10851
43004,2016-06-06,19:41:00,437,2,7323
43005,2016-06-06,19:44:00,315,2,9297
43006,2016-06-06,19:54:00,146,1,3991
43007,2016-06-06,20:02:00,424,3,3053
43008,2016-06-06,20:11:00,452,2,8170
43009,2016-06-06,20:12:00,10,3,5776
43010,2016-06-06,20:16:00,128,2,1230
43011,2016-06-06,20:19:00,344,1,4670
43012,2016-06-06,20:34:00,451,2,399
43013,2016-06-06,20:34:00,214,3,2881
43014,2016-06-06,20:41:00,335,2,8675
43015,2016-06-06,20:44:00,346,3,5845
43016,2016-06-06,20:45:00,116,3,408
43017,2016-06-06,20:45:00,4,3,1870
43018,2016-06-06,20:46:00,154,3,7390
43019,2016-06-06,20:47:00,84,1,8095
43020,2016-06-06,20:49:00,304,2,2446
43021,2016-06-06,20:54:00,151,2,5933
43022,2016-06-06,20:57:00,262,2,3781
43023,2016-06-06,21:00:00,270,1,331
43024,2016-06-06,21:00:00,173,3,1478
43025,2016-06-06,21:02:00,165,2,6217
43026,2016-06-06,21:03:00,262,1,10897
43027,2016-06-06,21:07:00,28,2,1336
43028,2016-06-06,21:18:00,130,3,4920
43029,2016-06-06,21:20:00,315,2,1850
43030,2016-06-06,21:28:00,260,2,11916
43031,2016-06-06,21:31:00,263,4,6444
43032,2016-06-06,21:32:00,255,1,812
43033,2016-06-06,21:34:00,299,4,3580
43034,2016-06-06,21:35:00,79,3,10855
43035,2016-06-06,21:47:00,307,1,9831
43036,2016-06-06,21:49:00,50,2,5771
43037,2016-06-06,21:54:00,141,1,11142
43038,2016-06-06,22:01:00,392,3,8845
43039,2016-06-06,22:03:00,199,4,2961
43040,2016-06-06,22:08:00,427,1,1705
43041,2016-06-06,22:09:00,314,1,5468
43042,2016-06-06,22:12:00,458,3,8801
43043,2016-06-06,22:12:00,100,2,8259
43044,2016-06-06,22:23:00,319,3,6468
43045,2016-06-06,22:30:00,151,3,4290
43046,2016-06-06,22:30:00,248,1,2257
43047,2016-06-06,22:45:00,230,2,8876
43048,2016-06-06,22:48:00,151,2,2565
43049,2016-06-06,22:57:00,31,4,4760
43050,2016-06-06,22:57:00,199,1,2189
43051,2016-06-06,23:01:00,423,1,649
43052,2016-06-06,23:07:00,195,2,7909
43053,2016-06-06,23:14:00,385,2,6686
43054,2016-06-06,23:14:00,378,3,7539
43055,2016-06-06,23:19:00,267,2,3927
43056,2016-06-06,23:20:00,64,3,10753
43057,2016-06-06,23:30:00,254,2,10246
43058,2016-06-06,23:30:00,1,2,4078
43059,2016-06-06,23:34:00,212,1,1862
43060,2016-06-06,23:41:00,341,2,7341
43061,2016-06-06,23:44:00,395,2,4644
43062,2016-06-06,23:51:00,442,1,5957
43063,2016-06-06,23:57:00,368,2,7844
43064,2016-06-06,23:59:00,409,2,690
43065,2016-06-06,23:59:00,151,2,10168
43066,2016-06-07,00:00:00,112,2,1630
43067,2016-06-07,00:00:00,421,3,9421
43068,2016-06-07,00:07:00,458,3,412
43069,2016-06-07,00:13:00,207,1,2006
43070,2016-06-07,00:15:00,345,2,4649
43071,2016-06-07,00:23:00,209,1,6884
43072,2016-06-07,00:31:00,414,1,8969
43073,2016-06-07,00:35:00,392,4,9471
43074,2016-06-07,00:40:00,272,2,8424
43075,2016-06-07,00:47:00,134,2,8123
43076,2016-06-07,00:50:00,255,2,5661
43077,2016-06-07,00:54:00,271,2,2421
43078,2016-06-07,00:55:00,417,4,9458
43079,2016-06-07,00:59:00,245,4,4124
43080,2016-06-07,01:06:00,336,2,72
43081,2016-06-07,01:14:00,386,1,7522
43082,2016-06-07,01:18:00,176,2,8418
43083,2016-06-07,01:20:00,359,2,8183
43084,2016-06-07,01:23:00,343,1,885
43085,2016-06-07,01:31:00,384,1,1975
43086,2016-06-07,01:32:00,401,1,777
43087,2016-06-07,01:35:00,184,3,5175
43088,2016-06-07,01:36:00,60,2,11192
43089,2016-06-07,01:43:00,442,2,3878
43090,2016-06-07,01:43:00,248,1,8618
43091,2016-06-07,01:45:00,2,1,2959
43092,2016-06-07,01:47:00,217,1,2400
43093,2016-06-07,01:51:00,279,2,4808
43094,2016-06-07,01:55:00,373,1,2369
43095,2016-06-07,02:00:00,212,2,4989
43096,2016-06-07,02:01:00,367,3,9472
43097,2016-06-07,02:05:00,266,3,8522
43098,2016-06-07,02:06:00,52,4,10315
43099,2016-06-07,02:10:00,104,1,9547
43100,2016-06-07,02:10:00,343,3,2082
43101,2016-06-07,02:16:00,160,1,8425
43102,2016-06-07,02:25:00,325,2,11922
43103,2016-06-07,02:28:00,166,3,4271
43104,2016-06-07,02:31:00,400,2,11271
43105,2016-06-07,02:32:00,375,3,6797
43106,2016-06-07,02:32:00,23,2,2439
43107,2016-06-07,02:36:00,436,1,11268
43108,2016-06-07,02:38:00,215,2,7669
43109,2016-06-07,02:48:00,153,2,7030
43110,2016-06-07,02:54:00,213,2,11164
43111,2016-06-07,02:56:00,110,2,11395
43112,2016-06-07,02:56:00,94,2,8573
43113,2016-06-07,02:57:00,331,1,760
43114,2016-06-07,03:06:00,242,3,11605
43115,2016-06-07,03:07:00,433,2,7036
43116,2016-06-07,03:09:00,265,2,3054
43117,2016-06-07,03:18:00,387,2,8633
43118,2016-06-07,03:20:00,4,5,6206
43119,2016-06-07,03:22:00,167,4,4134
43120,2016-06-07,03:32:00,246,1,5441
43121,2016-06-07,03:34:00,29,3,2112
43122,2016-06-07,03:45:00,116,1,5540
43123,2016-06-07,03:50:00,230,2,8595
43124,2016-06-07,03:51:00,352,1,11085
43125,2016-06-07,04:02:00,250,1,10551
43126,2016-06-07,04:13:00,371,4,3883
43127,2016-06-07,04:15:00,267,1,5415
43128,2016-06-07,04:19:00,371,1,1322
43129,2016-06-07,04:30:00,410,2,5506
43130,2016-06-07,04:33:00,425,3,9704
43131,2016-06-07,04:52:00,301,2,4161
43132,2016-06-07,04:54:00,128,2,9702
43133,2016-06-07,05:00:00,86,1,1668
43134,2016-06-07,05:06:00,442,1,3633
43135,2016-06-07,05:11:00,9,1,7097
43136,2016-06-07,05:25:00,64,2,5349
43137,2016-06-07,05:31:00,229,4,2386
43138,2016-06-07,05:34:00,113,1,10691
43139,2016-06-07,05:42:00,321,1,4204
43140,2016-06-07,05:43:00,270,2,731
43141,2016-06-07,05:52:00,365,3,2858
43142,2016-06-07,05:55:00,2,2,8043
43143,2016-06-07,05:56:00,429,1,4972
43144,2016-06-07,06:01:00,100,2,1323
43145,2016-06-07,06:23:00,235,3,9742
43146,2016-06-07,06:28:00,125,2,8621
43147,2016-06-07,06:42:00,454,2,10100
43148,2016-06-07,06:52:00,239,1,7387
43149,2016-06-07,06:58:00,348,2,4413
43150,2016-06-07,07:01:00,242,2,11372
43151,2016-06-07,07:01:00,328,3,10435
43152,2016-06-07,07:03:00,173,1,3540
43153,2016-06-07,07:11:00,453,3,3151
43154,2016-06-07,07:17:00,344,2,2000
43155,2016-06-07,07:21:00,220,1,6291
43156,2016-06-07,07:26:00,148,3,5241
43157,2016-06-07,07:27:00,396,3,9770
43158,2016-06-07,07:31:00,74,1,5449
43159,2016-06-07,07:40:00,105,2,3072
43160,2016-06-07,07:44:00,248,2,10817
43161,2016-06-07,07:45:00,84,1,11751
43162,2016-06-07,07:45:00,88,3,1784
43163,2016-06-07,07:47:00,392,1,791
43164,2016-06-07,07:51:00,298,1,8931
43165,2016-06-07,07:52:00,129,2,4254
43166,2016-06-07,07:55:00,97,3,716
43167,2016-06-07,07:57:00,239,3,4265
43168,2016-06-07,07:58:00,122,3,3297
43169,2016-06-07,08:03:00,8,2,4475
43170,2016-06-07,08:09:00,86,2,3728
43171,2016-06-07,08:13:00,265,3,1201
43172,2016-06-07,08:28:00,341,3,8110
43173,2016-06-07,08:36:00,45,2,11049
43174,2016-06-07,08:40:00,413,3,9129
43175,2016-06-07,08:48:00,309,3,6050
43176,2016-06-07,08:55:00,21,1,2315
43177,2016-06-07,08:58:00,288,1,3816
43178,2016-06-07,09:00:00,299,2,9395
43179,2016-06-07,09:01:00,359,1,3385
43180,2016-06-07,09:08:00,134,1,6195
43181,2016-06-07,09:12:00,289,5,7898
43182,2016-06-07,09:18:00,353,3,4683
43183,2016-06-07,09:20:00,327,4,3776
43184,2016-06-07,09:20:00,131,2,8281
43185,2016-06-07,09:23:00,351,1,1973
43186,2016-06-07,09:25:00,142,2,7704
43187,2016-06-07,09:29:00,236,2,4633
43188,2016-06-07,09:32:00,63,1,9952
43189,2016-06-07,09:40:00,329,2,60
43190,2016-06-07,09:43:00,246,3,5871
43191,2016-06-07,09:48:00,420,3,154
43192,2016-06-07,09:57:00,159,4,895
43193,2016-06-07,09:58:00,257,1,1211
43194,2016-06-07,10:01:00,432,1,2621
43195,2016-06-07,10:16:00,43,2,9461
43196,2016-06-07,10:30:00,23,2,2405
43197,2016-06-07,10:36:00,365,3,9782
43198,2016-06-07,10:36:00,282,1,9877
43199,2016-06-07,10:39:00,232,2,984
43200,2016-06-07,11:05:00,381,1,8614
43201,2016-06-07,11:05:00,16,2,4802
43202,2016-06-07,11:06:00,268,1,6014
43203,2016-06-07,11:08:00,129,1,9240
43204,2016-06-07,11:18:00,205,3,7970
43205,2016-06-07,11:19:00,434,7,3456
43206,2016-06-07,11:20:00,66,4,2599
43207,2016-06-07,11:21:00,179,3,3899
43208,2016-06-07,11:22:00,362,2,10596
43209,2016-06-07,11:23:00,265,2,7779
43210,2016-06-07,11:27:00,161,3,4727
43211,2016-06-07,11:38:00,34,2,11023
43212,2016-06-07,11:58:00,351,1,11119
43213,2016-06-07,11:59:00,228,3,779
43214,2016-06-07,12:03:00,296,3,11279
43215,2016-06-07,12:07:00,360,2,5964
43216,2016-06-07,12:19:00,286,1,5504
43217,2016-06-07,12:25:00,185,1,3989
43218,2016-06-07,12:29:00,300,2,5108
43219,2016-06-07,12:38:00,92,3,2674
43220,2016-06-07,12:41:00,447,1,1187
43221,2016-06-07,12:41:00,409,1,3117
43222,2016-06-07,12:49:00,77,3,1243
43223,2016-06-07,12:55:00,426,1,8768
43224,2016-06-07,13:01:00,318,2,4394
43225,2016-06-07,13:10:00,208,1,8498
43226,2016-06-07,13:20:00,112,3,10262
43227,2016-06-07,13:34:00,175,1,10571
43228,2016-06-07,13:35:00,209,1,9756
43229,2016-06-07,13:51:00,430,2,10788
43230,2016-06-07,13:51:00,384,2,6377
43231,2016-06-07,13:56:00,198,1,5223
43232,2016-06-07,13:59:00,405,2,11975
43233,2016-06-07,13:59:00,422,2,4594
43234,2016-06-07,14:05:00,425,3,4777
43235,2016-06-07,14:11:00,355,1,2999
43236,2016-06-07,14:15:00,333,1,11879
43237,2016-06-07,14:28:00,20,1,11249
43238,2016-06-07,14:35:00,8,2,5791
43239,2016-06-07,14:37:00,193,1,4693
43240,2016-06-07,14:38:00,195,2,11286
43241,2016-06-07,14:40:00,93,2,6661
43242,2016-06-07,14:40:00,342,1,8512
43243,2016-06-07,14:55:00,406,2,4902
43244,2016-06-07,15:01:00,24,1,9150
43245,2016-06-07,15:06:00,440,4,8463
43246,2016-06-07,15:12:00,279,3,4186
43247,2016-06-07,15:15:00,150,2,7297
43248,2016-06-07,15:18:00,455,3,5712
43249,2016-06-07,15:23:00,276,2,9648
43250,2016-06-07,15:24:00,381,2,2037
43251,2016-06-07,15:25:00,454,1,2476
43252,2016-06-07,15:26:00,35,2,9321
43253,2016-06-07,15:29:00,5,1,10678
43254,2016-06-07,15:36:00,306,2,10853
43255,2016-06-07,15:37:00,388,2,2359
43256,2016-06-07,15:40:00,5,1,1017
43257,2016-06-07,15:41:00,236,2,7956
43258,2016-06-07,15:43:00,416,1,541
43259,2016-06-07,15:48:00,155,2,7440
43260,2016-06-07,15:54:00,372,1,5126
43261,2016-06-07,15:55:00,151,2,11480
43262,2016-06-07,16:02:00,128,1,6978
43263,2016-06-07,16:12:00,345,2,11810
43264,2016-06-07,16:12:00,84,2,1839
43265,2016-06-07,16:23:00,378,1,815
43266,2016-06-07,16:24:00,273,2,10293
43267,2016-06-07,16:30:00,441,1,2497
43268,2016-06-07,16:35:00,439,3,3998
43269,2016-06-07,16:39:00,117,4,2870
43270,2016-06-07,16:40:00,249,1,10602
43271,2016-06-07,16:48:00,428,2,5974
43272,2016-06-07,16:52:00,227,1,7406
43273,2016-06-07,17:04:00,177,2,9395
43274,2016-06-07,17:13:00,379,1,5058
43275,2016-06-07,17:18:00,321,3,6281
43276,2016-06-07,17:18:00,402,2,5764
43277,2016-06-07,17:26:00,128,3,7789
43278,2016-06-07,17:28:00,405,2,903
43279,2016-06-07,17:31:00,215,2,3243
43280,2016-06-07,17:32:00,407,1,7056
43281,2016-06-07,17:39:00,148,2,9110
43282,2016-06-07,17:47:00,38,1,2185
43283,2016-06-07,17:54:00,158,1,7234
43284,2016-06-07,17:57:00,241,3,7275
43285,2016-06-07,18:09:00,130,3,2389
43286,2016-06-07,18:14:00,12,2,6621
43287,2016-06-07,18:16:00,336,3,6835
43288,2016-06-07,18:18:00,270,3,2058
43289,2016-06-07,18:22:00,277,3,4066
43290,2016-06-07,18:37:00,336,2,1544
43291,2016-06-07,18:37:00,213,1,8478
43292,2016-06-07,18:40:00,441,3,7768
43293,2016-06-07,18:46:00,415,2,3003
43294,2016-06-07,18:57:00,287,3,1828
43295,2016-06-07,18:59:00,155,2,3877
43296,2016-06-07,18:59:00,334,2,2398
43297,2016-06-07,19:06:00,286,2,2203
43298,2016-06-07,19:10:00,174,2,1786
43299,2016-06-07,19:15:00,122,2,479
43300,2016-06-07,19:15:00,419,2,606
43301,2016-06-07,19:36:00,217,2,653
43302,2016-06-07,19:42:00,32,1,8461
43303,2016-06-07,19:46:00,369,2,4060
43304,2016-06-07,19:48:00,7,1,9505
43305,2016-06-07,19:53:00,69,1,5437
43306,2016-06-07,19:56:00,283,3,9340
43307,2016-06-07,20:09:00,2,1,9201
43308,2016-06-07,20:17:00,107,2,370
43309,2016-06-07,20:19:00,431,5,9745
43310,2016-06-07,20:19:00,340,2,2058
43311,2016-06-07,20:20:00,283,2,1363
43312,2016-06-07,20:28:00,433,1,9363
43313,2016-06-07,20:32:00,243,2,1667
43314,2016-06-07,20:35:00,260,3,4685
43315,2016-06-07,20:41:00,250,3,11038
43316,2016-06-07,20:43:00,10,1,11539
43317,2016-06-07,21:02:00,151,2,5241
43318,2016-06-07,21:02:00,452,3,4973
43319,2016-06-07,21:10:00,409,1,3089
43320,2016-06-07,21:11:00,347,1,5193
43321,2016-06-07,21:14:00,335,1,5868
43322,2016-06-07,21:16:00,211,3,2954
43323,2016-06-07,21:18:00,172,3,4839
43324,2016-06-07,21:23:00,78,2,1405
43325,2016-06-07,21:23:00,384,1,6877
43326,2016-06-07,21:23:00,75,3,9862
43327,2016-06-07,21:23:00,362,2,5147
43328,2016-06-07,21:25:00,100,2,6542
43329,2016-06-07,21:31:00,385,3,10146
43330,2016-06-07,21:43:00,428,2,7863
43331,2016-06-07,21:43:00,88,1,7224
43332,2016-06-07,22:04:00,457,1,9216
43333,2016-06-07,22:07:00,185,2,2496
43334,2016-06-07,22:15:00,403,1,4350
43335,2016-06-07,22:18:00,103,2,8978
43336,2016-06-07,22:27:00,295,1,9547
43337,2016-06-07,22:39:00,152,6,4206
43338,2016-06-07,22:39:00,272,1,5339
43339,2016-06-07,22:40:00,455,3,2090
43340,2016-06-07,22:42:00,211,5,7423
43341,2016-06-07,22:45:00,445,1,9105
43342,2016-06-07,22:49:00,451,1,371
43343,2016-06-07,22:50:00,360,2,5456
43344,2016-06-07,22:51:00,260,2,8777
43345,2016-06-07,23:08:00,195,2,6711
43346,2016-06-07,23:09:00,337,3,6032
43347,2016-06-07,23:12:00,325,1,4546
43348,2016-06-07,23:30:00,385,2,8043
43349,2016-06-07,23:31:00,67,1,5108
43350,2016-06-07,23:39:00,120,1,1792
43351,2016-06-07,23:46:00,154,2,9755
43352,2016-06-07,23:52:00,128,2,5250
43353,2016-06-07,23:57:00,295,4,4220
43354,2016-06-08,00:07:00,34,1,5647
43355,2016-06-08,00:08:00,208,1,634
43356,2016-06-08,00:13:00,414,3,3435
43357,2016-06-08,00:16:00,299,3,4441
43358,2016-06-08,00:17:00,315,2,10075
43359,2016-06-08,00:25:00,333,2,7189
43360,2016-06-08,00:26:00,89,2,5262
43361,2016-06-08,00:29:00,162,2,6526
43362,2016-06-08,00:29:00,248,1,10927
43363,2016-06-08,00:34:00,254,1,244
43364,2016-06-08,00:36:00,457,2,10895
43365,2016-06-08,01:12:00,81,2,9608
43366,2016-06-08,01:13:00,184,1,1472
43367,2016-06-08,01:16:00,51,2,7266
43368,2016-06-08,01:17:00,106,3,9177
43369,2016-06-08,01:19:00,217,3,10120
43370,2016-06-08,01:25:00,137,4,1739
43371,2016-06-08,01:26:00,291,2,7606
43372,2016-06-08,01:41:00,177,2,7240
43373,2016-06-08,01:43:00,130,1,8644
43374,2016-06-08,01:51:00,260,3,9393
43375,2016-06-08,01:54:00,322,2,916
43376,2016-06-08,01:54:00,119,2,191
43377,2016-06-08,01:54:00,89,1,8318
43378,2016-06-08,01:54:00,88,1,4465
43379,2016-06-08,01:55:00,269,1,7250
43380,2016-06-08,01:57:00,366,4,1790
43381,2016-06-08,02:01:00,71,1,3587
43382,2016-06-08,02:01:00,355,1,5916
43383,2016-06-08,02:03:00,349,1,9161
43384,2016-06-08,02:03:00,350,1,10121
43385,2016-06-08,02:16:00,343,3,11109
43386,2016-06-08,02:25:00,247,2,5733
43387,2016-06-08,02:30:00,14,2,3661
43388,2016-06-08,02:31:00,408,1,8539
43389,2016-06-08,02:38:00,272,3,1205
43390,2016-06-08,02:39:00,193,1,3848
43391,2016-06-08,02:53:00,69,4,2978
43392,2016-06-08,02:55:00,320,2,9902
43393,2016-06-08,02:56:00,429,1,6703
43394,2016-06-08,03:04:00,173,4,8421
43395,2016-06-08,03:11:00,35,1,6488
43396,2016-06-08,03:24:00,164,1,4395
43397,2016-06-08,03:24:00,190,3,6638
43398,2016-06-08,03:25:00,371,1,1556
43399,2016-06-08,03:39:00,81,2,9592
43400,2016-06-08,03:47:00,184,1,7446
43401,2016-06-08,03:57:00,280,1,5302
43402,2016-06-08,04:11:00,99,1,3492
43403,2016-06-08,04:14:00,40,2,7250
43404,2016-06-08,04:17:00,309,3,49
43405,2016-06-08,04:23:00,284,2,2932
43406,2016-06-08,04:32:00,61,3,141
43407,2016-06-08,04:36:00,136,1,11974
43408,2016-06-08,04:44:00,53,3,4041
43409,2016-06-08,04:52:00,123,1,9537
43410,2016-06-08,04:54:00,296,3,3835
43411,2016-06-08,04:56:00,103,1,4283
43412,2016-06-08,05:17:00,236,1,8591
43413,2016-06-08,05:20:00,307,1,810
43414,2016-06-08,05:26:00,47,1,10791
43415,2016-06-08,05:27:00,20,1,6986
43416,2016-06-08,05:28:00,453,3,762
43417,2016-06-08,05:29:00,125,2,9988
43418,2016-06-08,05:38:00,98,2,9411
43419,2016-06-08,05:41:00,348,1,5005
43420,2016-06-08,05:46:00,406,3,2610
43421,2016-06-08,05:49:00,127,2,6753
43422,2016-06-08,06:03:00,30,2,6292
43423,2016-06-08,06:04:00,376,2,10692
43424,2016-06-08,06:15:00,359,1,3353
43425,2016-06-08,06:19:00,9,2,1401
43426,2016-06-08,06:23:00,207,2,1307
43427,2016-06-08,06:24:00,315,2,11736
43428,2016-06-08,06:25:00,147,3,3570
43429,2016-06-08,06:26:00,234,2,691
43430,2016-06-08,06:27:00,151,1,11959
43431,2016-06-08,06:29:00,67,2,6478
43432,2016-06-08,06:30:00,371,2,2529
43433,2016-06-08,06:37:00,279,2,4549
43434,2016-06-08,06:40:00,227,2,441
43435,2016-06-08,06:42:00,110,1,2336
43436,2016-06-08,06:47:00,25,3,1772
43437,2016-06-08,07:01:00,190,4,4993
43438,2016-06-08,07:09:00,76,3,6600
43439,2016-06-08,07:23:00,29,1,11571
43440,2016-06-08,07:43:00,71,1,5986
43441,2016-06-08,07:45:00,140,2,11868
43442,2016-06-08,07:48:00,64,3,6373
43443,2016-06-08,07:50:00,135,3,9661
43444,2016-06-08,07:51:00,50,4,290
43445,2016-06-08,07:54:00,49,1,10983
43446,2016-06-08,07:54:00,273,1,1645
43447,2016-06-08,07:54:00,311,1,2074
43448,2016-06-08,08:08:00,445,1,1038
43449,2016-06-08,08:12:00,438,2,4751
43450,2016-06-08,08:16:00,50,3,3056
43451,2016-06-08,08:19:00,289,2,2548
43452,2016-06-08,08:23:00,131,3,6480
43453,2016-06-08,08:28:00,419,2,6204
43454,2016-06-08,08:53:00,192,1,1705
43455,2016-06-08,08:56:00,64,1,175
43456,2016-06-08,08:56:00,219,1,9823
43457,2016-06-08,08:58:00,355,1,4920
43458,2016-06-08,09:34:00,291,3,9517
43459,2016-06-08,09:39:00,371,1,3927
43460,2016-06-08,09:39:00,361,2,6481
43461,2016-06-08,09:42:00,31,2,3891
43462,2016-06-08,09:49:00,147,2,2009
43463,2016-06-08,09:56:00,406,2,2457
43464,2016-06-08,09:56:00,106,1,9854
43465,2016-06-08,10:17:00,99,1,7762
43466,2016-06-08,10:17:00,271,7,1899
43467,2016-06-08,10:18:00,139,2,7542
43468,2016-06-08,10:25:00,392,1,8416
43469,2016-06-08,10:29:00,417,1,300
43470,2016-06-08,10:30:00,445,1,2989
43471,2016-06-08,10:39:00,314,3,8332
43472,2016-06-08,10:41:00,267,1,9544
43473,2016-06-08,10:52:00,355,1,5918
43474,2016-06-08,11:07:00,370,2,11360
43475,2016-06-08,11:13:00,116,4,4596
43476,2016-06-08,11:16:00,188,3,11416
43477,2016-06-08,11:17:00,106,4,8275
43478,2016-06-08,11:22:00,103,4,4424
43479,2016-06-08,11:25:00,43,1,10420
43480,2016-06-08,11:27:00,210,2,11677
43481,2016-06-08,11:33:00,226,2,11859
43482,2016-06-08,11:33:00,452,3,89
43483,2016-06-08,11:39:00,350,3,11765
43484,2016-06-08,11:44:00,8,2,5564
43485,2016-06-08,12:05:00,58,1,5093
43486,2016-06-08,12:21:00,56,1,263
43487,2016-06-08,12:30:00,360,1,3340
43488,2016-06-08,12:35:00,389,2,9000
43489,2016-06-08,12:35:00,453,2,5699
43490,2016-06-08,12:41:00,227,2,5033
43491,2016-06-08,12:42:00,108,3,6372
43492,2016-06-08,12:49:00,294,1,1625
43493,2016-06-08,12:52:00,200,1,9603
43494,2016-06-08,12:53:00,365,1,7279
43495,2016-06-08,12:55:00,65,4,521
43496,2016-06-08,13:05:00,287,2,7481
43497,2016-06-08,13:09:00,37,1,10103
43498,2016-06-08,13:11:00,346,2,4975
43499,2016-06-08,13:11:00,110,3,11225
43500,2016-06-08,13:16:00,331,1,4721
43501,2016-06-08,13:22:00,212,1,10193
43502,2016-06-08,13:32:00,311,1,2272
43503,2016-06-08,13:39:00,94,2,4325
43504,2016-06-08,13:40:00,26,1,2884
43505,2016-06-08,13:42:00,236,2,8342
43506,2016-06-08,13:45:00,89,4,2032
43507,2016-06-08,13:45:00,336,3,9945
43508,2016-06-08,13:49:00,41,1,3337
43509,2016-06-08,13:50:00,265,2,8760
43510,2016-06-08,13:58:00,222,4,811
43511,2016-06-08,13:59:00,171,3,582
43512,2016-06-08,14:05:00,314,2,11829
43513,2016-06-08,14:10:00,211,2,3140
43514,2016-06-08,14:14:00,230,2,10561
43515,2016-06-08,14:20:00,11,4,2616
43516,2016-06-08,14:20:00,254,1,9806
43517,2016-06-08,14:24:00,12,2,1373
43518,2016-06-08,14:25:00,442,2,5296
43519,2016-06-08,14:32:00,454,4,8845
43520,2016-06-08,14:35:00,85,1,5716
43521,2016-06-08,14:47:00,115,1,4143
43522,2016-06-08,14:50:00,199,3,9263
43523,2016-06-08,14:58:00,189,2,2676
43524,2016-06-08,15:02:00,188,2,380
43525,2016-06-08,15:08:00,400,3,3440
43526,2016-06-08,15:28:00,160,2,1355
43527,2016-06-08,15:33:00,291,1,4222
43528,2016-06-08,15:33:00,239,1,2117
43529,2016-06-08,15:34:00,75,1,10000
43530,2016-06-08,15:39:00,367,2,1794
43531,2016-06-08,15:50:00,329,2,3917
43532,2016-06-08,15:58:00,151,1,11079
43533,2016-06-08,16:14:00,236,1,8263
43534,2016-06-08,16:19:00,144,2,8873
43535,2016-06-08,16:20:00,293,2,9611
43536,2016-06-08,16:22:00,170,2,4938
43537,2016-06-08,16:34:00,259,1,10045
43538,2016-06-08,16:35:00,455,4,8836
43539,2016-06-08,16:37:00,50,1,5601
43540,2016-06-08,16:38:00,116,5,1986
43541,2016-06-08,16:39:00,293,3,5005
43542,2016-06-08,16:45:00,43,3,8678
43543,2016-06-08,16:55:00,79,1,245
43544,2016-06-08,16:56:00,73,2,849
43545,2016-06-08,17:05:00,280,1,3452
43546,2016-06-08,17:09:00,140,2,2293
43547,2016-06-08,17:09:00,73,3,5614
43548,2016-06-08,17:21:00,105,2,3900
43549,2016-06-08,17:32:00,378,2,6653
43550,2016-06-08,17:33:00,319,2,1832
43551,2016-06-08,17:35:00,317,2,1223
43552,2016-06-08,17:36:00,104,1,2309
43553,2016-06-08,17:38:00,357,3,7767
43554,2016-06-08,17:40:00,9,1,7714
43555,2016-06-08,17:43:00,280,3,7055
43556,2016-06-08,17:46:00,305,2,10949
43557,2016-06-08,17:50:00,209,3,1115
43558,2016-06-08,17:56:00,235,2,5300
43559,2016-06-08,18:01:00,186,2,10518
43560,2016-06-08,18:04:00,216,2,1010
43561,2016-06-08,18:04:00,79,1,1122
43562,2016-06-08,18:06:00,6,5,9126
43563,2016-06-08,18:13:00,311,2,5955
43564,2016-06-08,18:14:00,423,1,11790
43565,2016-06-08,18:22:00,403,2,10858
43566,2016-06-08,18:32:00,99,1,4205
43567,2016-06-08,18:37:00,266,1,3098
43568,2016-06-08,18:39:00,68,1,11547
43569,2016-06-08,18:44:00,163,1,3460
43570,2016-06-08,18:47:00,375,1,11816
43571,2016-06-08,18:53:00,172,1,10465
43572,2016-06-08,18:54:00,118,3,4452
43573,2016-06-08,18:54:00,35,1,3517
43574,2016-06-08,19:04:00,224,1,7352
43575,2016-06-08,19:04:00,358,1,1343
43576,2016-06-08,19:18:00,28,1,3116
43577,2016-06-08,19:22:00,188,3,9995
43578,2016-06-08,19:22:00,171,2,4119
43579,2016-06-08,19:25:00,219,3,5862
43580,2016-06-08,19:31:00,40,2,2838
43581,2016-06-08,19:37:00,442,3,572
43582,2016-06-08,19:41:00,140,3,7960
43583,2016-06-08,19:42:00,280,2,11141
43584,2016-06-08,19:45:00,360,4,1645
43585,2016-06-08,19:46:00,334,2,8161
43586,2016-06-08,19:49:00,141,2,11147
43587,2016-06-08,19:54:00,72,1,3997
43588,2016-06-08,19:55:00,399,2,3379
43589,2016-06-08,19:58:00,164,1,1631
43590,2016-06-08,20:05:00,139,1,5278
43591,2016-06-08,20:16:00,235,3,4753
43592,2016-06-08,20:16:00,95,3,950
43593,2016-06-08,20:22:00,113,3,4684
43594,2016-06-08,20:26:00,390,2,2629
43595,2016-06-08,20:34:00,43,2,2644
43596,2016-06-08,20:40:00,260,1,5256
43597,2016-06-08,20:45:00,211,1,11649
43598,2016-06-08,20:57:00,31,4,6502
43599,2016-06-08,21:03:00,160,3,8309
43600,2016-06-08,21:03:00,305,2,801
43601,2016-06-08,21:07:00,336,4,7638
43602,2016-06-08,21:08:00,145,3,9625
43603,2016-06-08,21:12:00,236,1,4361
43604,2016-06-08,21:20:00,436,2,6171
43605,2016-06-08,21:22:00,284,1,7595
43606,2016-06-08,21:23:00,449,2,5191
43607,2016-06-08,21:24:00,190,2,3764
43608,2016-06-08,21:25:00,19,4,658
43609,2016-06-08,21:25:00,361,2,8275
43610,2016-06-08,21:29:00,428,2,1091
43611,2016-06-08,21:38:00,193,4,7735
43612,2016-06-08,21:48:00,250,3,8984
43613,2016-06-08,21:50:00,149,2,9816
43614,2016-06-08,21:51:00,348,1,8282
43615,2016-06-08,21:56:00,29,2,5341
43616,2016-06-08,21:57:00,119,1,4404
43617,2016-06-08,22:10:00,337,2,1818
43618,2016-06-08,22:18:00,277,2,9673
43619,2016-06-08,22:19:00,371,2,7086
43620,2016-06-08,22:22:00,166,2,7354
43621,2016-06-08,22:26:00,195,1,2951
43622,2016-06-08,22:33:00,252,2,6882
43623,2016-06-08,22:44:00,302,3,10525
43624,2016-06-08,22:48:00,84,3,8790
43625,2016-06-08,22:53:00,158,2,11924
43626,2016-06-08,22:55:00,264,3,10595
43627,2016-06-08,23:01:00,29,2,11295
43628,2016-06-08,23:03:00,285,3,6416
43629,2016-06-08,23:08:00,397,1,2100
43630,2016-06-08,23:10:00,201,4,7112
43631,2016-06-08,23:13:00,249,3,1331
43632,2016-06-08,23:17:00,104,4,550
43633,2016-06-08,23:29:00,279,3,9778
43634,2016-06-08,23:31:00,121,2,7036
43635,2016-06-08,23:39:00,432,1,6481
43636,2016-06-08,23:42:00,233,7,4447
43637,2016-06-08,23:45:00,53,3,8052
43638,2016-06-08,23:45:00,208,1,10535
43639,2016-06-08,23:46:00,42,1,11671
43640,2016-06-08,23:46:00,178,1,3514
43641,2016-06-08,23:51:00,103,3,117
43642,2016-06-08,23:53:00,341,2,4703
43643,2016-06-08,23:54:00,108,2,2021
43644,2016-06-08,23:57:00,24,4,7871
43645,2016-06-08,23:58:00,415,1,5232
43646,2016-06-08,23:59:00,450,6,2668
43647,2016-06-09,00:02:00,312,3,8677
43648,2016-06-09,00:07:00,125,3,2208
43649,2016-06-09,00:07:00,426,2,7898
43650,2016-06-09,00:11:00,359,2,3432
43651,2016-06-09,00:16:00,223,3,7084
43652,2016-06-09,00:20:00,225,2,8339
43653,2016-06-09,00:21:00,329,4,5544
43654,2016-06-09,00:31:00,86,1,3656
43655,2016-06-09,00:32:00,291,2,5136
43656,2016-06-09,00:34:00,429,3,2119
43657,2016-06-09,00:41:00,420,2,7764
43658,2016-06-09,01:07:00,362,3,2628
43659,2016-06-09,01:08:00,166,1,5855
43660,2016-06-09,01:12:00,337,1,5276
43661,2016-06-09,01:14:00,286,2,4122
43662,2016-06-09,01:22:00,303,3,3004
43663,2016-06-09,01:29:00,192,4,4392
43664,2016-06-09,01:34:00,56,2,11549
43665,2016-06-09,01:41:00,317,2,1261
43666,2016-06-09,02:00:00,288,2,5428
43667,2016-06-09,02:02:00,370,3,668
43668,2016-06-09,02:13:00,262,1,1454
43669,2016-06-09,02:23:00,84,2,8395
43670,2016-06-09,02:29:00,318,2,5347
43671,2016-06-09,02:30:00,243,1,820
43672,2016-06-09,02:32:00,18,3,10552
43673,2016-06-09,02:35:00,399,4,877
43674,2016-06-09,02:47:00,186,4,5995
43675,2016-06-09,02:48:00,155,2,3309
43676,2016-06-09,02:51:00,113,2,3206
43677,2016-06-09,02:53:00,184,1,5484
43678,2016-06-09,02:57:00,334,2,11486
43679,2016-06-09,03:22:00,124,1,8068
43680,2016-06-09,03:26:00,190,1,196
43681,2016-06-09,03:27:00,449,2,3641
43682,2016-06-09,03:28:00,224,1,3489
43683,2016-06-09,03:40:00,30,2,4025
43684,2016-06-09,03:42:00,238,3,1452
43685,2016-06-09,03:44:00,433,2,7526
43686,2016-06-09,03:46:00,264,2,7104
43687,2016-06-09,03:47:00,273,2,2421
43688,2016-06-09,03:51:00,440,2,5810
43689,2016-06-09,03:57:00,68,2,4230
43690,2016-06-09,04:00:00,210,1,6027
43691,2016-06-09,04:04:00,431,2,8744
43692,2016-06-09,04:05:00,280,2,6123
43693,2016-06-09,04:14:00,247,2,6649
43694,2016-06-09,04:15:00,182,3,7209
43695,2016-06-09,04:29:00,2,1,10754
43696,2016-06-09,04:32:00,329,2,11734
43697,2016-06-09,04:36:00,365,1,10563
43698,2016-06-09,04:45:00,108,2,8874
43699,2016-06-09,05:04:00,82,1,4490
43700,2016-06-09,05:15:00,234,3,9339
43701,2016-06-09,05:24:00,278,1,10871
43702,2016-06-09,05:25:00,187,2,8710
43703,2016-06-09,05:25:00,420,1,502
43704,2016-06-09,05:28:00,40,2,1650
43705,2016-06-09,05:34:00,285,1,422
43706,2016-06-09,05:39:00,255,2,8823
43707,2016-06-09,05:40:00,365,1,9064
43708,2016-06-09,05:49:00,417,2,10142
43709,2016-06-09,05:54:00,372,2,3612
43710,2016-06-09,05:56:00,254,3,2894
43711,2016-06-09,06:06:00,55,2,5420
43712,2016-06-09,06:14:00,304,1,4982
43713,2016-06-09,06:20:00,196,4,5326
43714,2016-06-09,06:25:00,52,2,2097
43715,2016-06-09,06:25:00,426,1,1566
43716,2016-06-09,06:28:00,254,4,10404
43717,2016-06-09,06:35:00,311,1,10679
43718,2016-06-09,06:39:00,15,2,8730
43719,2016-06-09,06:53:00,350,1,10969
43720,2016-06-09,06:54:00,70,1,2852
43721,2016-06-09,06:55:00,315,1,11684
43722,2016-06-09,06:56:00,106,3,1485
43723,2016-06-09,07:01:00,248,2,9500
43724,2016-06-09,07:02:00,396,1,8236
43725,2016-06-09,07:11:00,252,2,4685
43726,2016-06-09,07:11:00,251,2,1102
43727,2016-06-09,07:24:00,327,3,10378
43728,2016-06-09,07:27:00,89,1,5875
43729,2016-06-09,07:34:00,352,2,3747
43730,2016-06-09,07:56:00,173,2,2903
43731,2016-06-09,08:08:00,41,2,11604
43732,2016-06-09,08:08:00,240,2,4020
43733,2016-06-09,08:09:00,153,1,3678
43734,2016-06-09,08:11:00,343,1,2640
43735,2016-06-09,08:12:00,352,1,445
43736,2016-06-09,08:15:00,172,2,10230
43737,2016-06-09,08:16:00,231,2,10265
43738,2016-06-09,08:24:00,107,2,8021
43739,2016-06-09,08:24:00,360,2,5826
43740,2016-06-09,08:24:00,291,3,4795
43741,2016-06-09,08:27:00,66,2,7453
43742,2016-06-09,08:45:00,67,1,5997
43743,2016-06-09,08:52:00,250,1,4677
43744,2016-06-09,08:59:00,377,1,8245
43745,2016-06-09,09:08:00,319,2,3814
43746,2016-06-09,09:11:00,146,1,11849
43747,2016-06-09,09:17:00,34,3,6907
43748,2016-06-09,09:19:00,263,1,8133
43749,2016-06-09,09:30:00,164,2,1190
43750,2016-06-09,09:31:00,310,2,11410
43751,2016-06-09,09:35:00,30,3,11806
43752,2016-06-09,09:36:00,275,1,991
43753,2016-06-09,09:37:00,231,2,2561
43754,2016-06-09,09:40:00,192,1,7042
43755,2016-06-09,09:47:00,410,2,7910
43756,2016-06-09,09:55:00,184,1,6743
43757,2016-06-09,09:59:00,241,1,8653
43758,2016-06-09,10:12:00,368,2,2923
43759,2016-06-09,10:39:00,311,3,10320
43760,2016-06-09,10:46:00,310,2,2705
43761,2016-06-09,10:55:00,244,1,6889
43762,2016-06-09,11:02:00,109,1,5951
43763,2016-06-09,11:06:00,186,4,7679
43764,2016-06-09,11:07:00,213,3,6281
43765,2016-06-09,11:20:00,452,1,4511
43766,2016-06-09,11:26:00,394,6,6695
43767,2016-06-09,11:27:00,2,3,2717
43768,2016-06-09,11:32:00,181,2,5898
43769,2016-06-09,11:37:00,152,2,5891
43770,2016-06-09,11:38:00,165,3,4928
43771,2016-06-09,11:42:00,151,2,5229
43772,2016-06-09,11:48:00,63,1,8822
43773,2016-06-09,11:51:00,382,2,3233
43774,2016-06-09,11:56:00,97,2,6847
43775,2016-06-09,11:56:00,216,3,6492
43776,2016-06-09,12:16:00,263,2,2628
43777,2016-06-09,12:18:00,330,3,4270
43778,2016-06-09,12:24:00,404,1,6144
43779,2016-06-09,12:29:00,358,4,7682
43780,2016-06-09,12:33:00,443,1,11331
43781,2016-06-09,12:34:00,43,2,2060
43782,2016-06-09,12:34:00,133,3,3157
43783,2016-06-09,12:48:00,296,1,658
43784,2016-06-09,12:48:00,160,5,2030
43785,2016-06-09,13:01:00,98,3,16
43786,2016-06-09,13:08:00,85,2,335
43787,2016-06-09,13:11:00,23,1,9241
43788,2016-06-09,13:14:00,249,1,2961
43789,2016-06-09,13:27:00,279,2,5605
43790,2016-06-09,13:29:00,446,3,6165
43791,2016-06-09,13:30:00,315,2,11046
43792,2016-06-09,13:40:00,34,2,3248
43793,2016-06-09,13:43:00,146,4,1914
43794,2016-06-09,13:46:00,448,1,2674
43795,2016-06-09,13:47:00,48,2,7114
43796,2016-06-09,13:50:00,325,2,8532
43797,2016-06-09,13:51:00,113,3,9842
43798,2016-06-09,13:55:00,28,3,2023
43799,2016-06-09,13:57:00,179,1,2959
43800,2016-06-09,13:59:00,37,3,6287
43801,2016-06-09,14:07:00,258,1,5544
43802,2016-06-09,14:10:00,19,3,10765
43803,2016-06-09,14:18:00,268,1,11715
43804,2016-06-09,14:23:00,171,2,1109
43805,2016-06-09,14:39:00,81,3,11869
43806,2016-06-09,14:57:00,223,3,11490
43807,2016-06-09,15:07:00,5,2,5334
43808,2016-06-09,15:18:00,201,1,8442
43809,2016-06-09,15:23:00,103,1,5387
43810,2016-06-09,15:25:00,136,1,10699
43811,2016-06-09,15:27:00,319,1,9982
43812,2016-06-09,15:44:00,202,2,9259
43813,2016-06-09,15:46:00,205,1,11099
43814,2016-06-09,15:52:00,22,1,4678
43815,2016-06-09,15:55:00,199,3,471
43816,2016-06-09,15:56:00,326,3,2945
43817,2016-06-09,15:58:00,373,1,2358
43818,2016-06-09,15:59:00,167,1,688
43819,2016-06-09,16:13:00,92,2,8548
43820,2016-06-09,16:14:00,248,2,9901
43821,2016-06-09,16:17:00,314,4,5907
43822,2016-06-09,16:25:00,397,1,5003
43823,2016-06-09,16:28:00,132,2,4281
43824,2016-06-09,16:41:00,406,1,7497
43825,2016-06-09,16:50:00,376,4,7989
43826,2016-06-09,16:52:00,118,3,11775
43827,2016-06-09,16:55:00,345,1,830
43828,2016-06-09,16:58:00,361,2,6008
43829,2016-06-09,17:02:00,8,3,9699
43830,2016-06-09,17:11:00,391,2,10010
43831,2016-06-09,17:13:00,294,4,8466
43832,2016-06-09,17:16:00,223,3,6272
43833,2016-06-09,17:28:00,383,1,3456
43834,2016-06-09,17:30:00,427,1,3243
43835,2016-06-09,17:33:00,280,1,7813
43836,2016-06-09,17:37:00,396,1,4067
43837,2016-06-09,17:41:00,212,4,3741
43838,2016-06-09,17:46:00,112,2,2102
43839,2016-06-09,17:47:00,85,2,3318
43840,2016-06-09,17:48:00,73,1,5636
43841,2016-06-09,17:51:00,136,5,2159
43842,2016-06-09,17:55:00,156,1,11698
43843,2016-06-09,18:10:00,283,3,9051
43844,2016-06-09,18:15:00,159,1,10187
43845,2016-06-09,18:16:00,97,4,11594
43846,2016-06-09,18:18:00,2,2,44
43847,2016-06-09,18:19:00,355,1,2177
43848,2016-06-09,18:25:00,423,1,6094
43849,2016-06-09,18:26:00,162,2,7867
43850,2016-06-09,18:27:00,384,2,7014
43851,2016-06-09,18:34:00,109,2,8949
43852,2016-06-09,18:40:00,226,2,5653
43853,2016-06-09,18:50:00,353,3,11788
43854,2016-06-09,18:51:00,361,1,9047
43855,2016-06-09,18:52:00,62,5,3360
43856,2016-06-09,19:08:00,194,2,9756
43857,2016-06-09,19:21:00,28,2,6585
43858,2016-06-09,19:26:00,137,3,5950
43859,2016-06-09,19:30:00,155,3,10903
43860,2016-06-09,19:31:00,111,1,2618
43861,2016-06-09,19:31:00,425,3,4909
43862,2016-06-09,19:37:00,71,2,7788
43863,2016-06-09,19:48:00,185,4,7940
43864,2016-06-09,19:51:00,44,2,1247
43865,2016-06-09,19:56:00,3,1,5115
43866,2016-06-09,20:00:00,407,1,6821
43867,2016-06-09,20:04:00,145,1,8178
43868,2016-06-09,20:15:00,314,3,10661
43869,2016-06-09,20:26:00,311,1,7411
43870,2016-06-09,20:29:00,137,4,10332
43871,2016-06-09,20:29:00,102,2,11997
43872,2016-06-09,20:43:00,279,1,4388
43873,2016-06-09,21:04:00,302,1,98
43874,2016-06-09,21:16:00,454,1,2681
43875,2016-06-09,21:19:00,129,2,540
43876,2016-06-09,21:22:00,328,3,3008
43877,2016-06-09,21:25:00,381,1,1571
43878,2016-06-09,21:50:00,169,4,7732
43879,2016-06-09,21:58:00,125,2,1034
43880,2016-06-09,22:02:00,14,3,11349
43881,2016-06-09,22:07:00,2,2,7132
43882,2016-06-09,22:09:00,390,2,471
43883,2016-06-09,22:23:00,360,1,3362
43884,2016-06-09,22:32:00,133,2,6334
43885,2016-06-09,22:36:00,332,1,3828
43886,2016-06-09,22:41:00,232,1,577
43887,2016-06-09,22:47:00,40,1,11596
43888,2016-06-09,22:48:00,120,2,4968
43889,2016-06-09,22:50:00,35,2,995
43890,2016-06-09,22:55:00,436,1,8174
43891,2016-06-09,22:56:00,447,1,9912
43892,2016-06-09,23:00:00,111,3,2222
43893,2016-06-09,23:07:00,157,1,1763
43894,2016-06-09,23:08:00,92,3,1362
43895,2016-06-09,23:08:00,194,2,8919
43896,2016-06-09,23:10:00,233,3,6755
43897,2016-06-09,23:15:00,191,1,905
43898,2016-06-09,23:17:00,123,3,10377
43899,2016-06-09,23:21:00,126,3,4235
43900,2016-06-09,23:30:00,47,3,97
43901,2016-06-09,23:40:00,362,2,5955
43902,2016-06-09,23:41:00,411,1,9660
43903,2016-06-09,23:50:00,125,4,1750
43904,2016-06-09,23:51:00,195,3,11975
43905,2016-06-09,23:53:00,25,3,7994
43906,2016-06-09,23:54:00,297,1,6371
43907,2016-06-09,23:59:00,250,2,8933
43908,2016-06-10,00:02:00,361,1,5649
43909,2016-06-10,00:06:00,383,2,4352
43910,2016-06-10,00:25:00,326,1,1838
43911,2016-06-10,00:33:00,75,1,1451
43912,2016-06-10,00:44:00,161,2,11272
43913,2016-06-10,00:53:00,239,2,11488
43914,2016-06-10,01:02:00,365,1,6260
43915,2016-06-10,01:06:00,70,3,23
43916,2016-06-10,01:07:00,201,1,11161
43917,2016-06-10,01:08:00,306,2,10980
43918,2016-06-10,01:08:00,4,2,9032
43919,2016-06-10,01:22:00,344,4,7055
43920,2016-06-10,01:23:00,55,2,3039
43921,2016-06-10,01:27:00,242,2,1609
43922,2016-06-10,01:27:00,126,2,2081
43923,2016-06-10,01:33:00,4,2,5614
43924,2016-06-10,01:33:00,191,1,7318
43925,2016-06-10,01:37:00,116,2,6427
43926,2016-06-10,01:37:00,151,2,10405
43927,2016-06-10,01:39:00,362,3,10845
43928,2016-06-10,01:44:00,436,4,556
43929,2016-06-10,01:46:00,310,2,7955
43930,2016-06-10,01:48:00,228,2,4972
43931,2016-06-10,01:48:00,252,3,9323
43932,2016-06-10,01:55:00,278,2,4931
43933,2016-06-10,02:03:00,339,3,2401
43934,2016-06-10,02:08:00,428,1,7152
43935,2016-06-10,02:15:00,391,2,1283
43936,2016-06-10,02:16:00,63,2,377
43937,2016-06-10,02:17:00,399,1,1960
43938,2016-06-10,02:17:00,385,4,8074
43939,2016-06-10,02:19:00,215,3,798
43940,2016-06-10,02:24:00,1,1,2473
43941,2016-06-10,02:28:00,203,2,7738
43942,2016-06-10,02:33:00,13,1,6904
43943,2016-06-10,02:35:00,315,2,10997
43944,2016-06-10,02:36:00,445,2,4801
43945,2016-06-10,02:41:00,307,2,5270
43946,2016-06-10,02:42:00,347,1,5013
43947,2016-06-10,02:47:00,372,1,8366
43948,2016-06-10,02:48:00,248,1,3378
43949,2016-06-10,02:51:00,371,3,10717
43950,2016-06-10,02:56:00,9,1,889
43951,2016-06-10,03:01:00,405,1,4208
43952,2016-06-10,03:04:00,184,2,3675
43953,2016-06-10,03:17:00,44,1,7163
43954,2016-06-10,03:23:00,405,2,10303
43955,2016-06-10,03:27:00,425,1,7248
43956,2016-06-10,03:29:00,376,3,1274
43957,2016-06-10,03:37:00,2,1,4975
43958,2016-06-10,03:38:00,167,1,6856
43959,2016-06-10,03:40:00,234,1,4547
43960,2016-06-10,03:41:00,98,3,10867
43961,2016-06-10,03:47:00,103,1,6815
43962,2016-06-10,03:57:00,12,2,2239
43963,2016-06-10,04:06:00,424,2,3617
43964,2016-06-10,04:08:00,196,1,10291
43965,2016-06-10,04:09:00,421,1,7436
43966,2016-06-10,04:15:00,453,3,11276
43967,2016-06-10,04:17:00,347,2,5399
43968,2016-06-10,04:21:00,17,4,5594
43969,2016-06-10,04:21:00,283,1,9767
43970,2016-06-10,04:31:00,446,1,719
43971,2016-06-10,04:34:00,396,1,4641
43972,2016-06-10,04:37:00,55,3,4100
43973,2016-06-10,04:46:00,240,1,3300
43974,2016-06-10,04:52:00,349,1,4118
43975,2016-06-10,04:54:00,172,2,10210
43976,2016-06-10,04:59:00,81,2,321
43977,2016-06-10,05:00:00,431,1,2406
43978,2016-06-10,05:01:00,207,1,2984
43979,2016-06-10,05:02:00,274,2,8493
43980,2016-06-10,05:03:00,440,3,1576
43981,2016-06-10,05:06:00,440,1,1997
43982,2016-06-10,05:38:00,434,4,58
43983,2016-06-10,05:40:00,83,3,1999
43984,2016-06-10,05:41:00,349,2,10345
43985,2016-06-10,05:43:00,113,2,394
43986,2016-06-10,05:45:00,396,4,8997
43987,2016-06-10,05:47:00,392,2,6644
43988,2016-06-10,05:49:00,225,2,9142
43989,2016-06-10,05:56:00,458,1,9383
43990,2016-06-10,06:01:00,237,3,5282
43991,2016-06-10,06:10:00,166,3,3193
43992,2016-06-10,06:15:00,67,2,1885
43993,2016-06-10,06:19:00,5,3,8499
43994,2016-06-10,06:20:00,10,3,4970
43995,2016-06-10,06:23:00,187,2,1588
43996,2016-06-10,06:24:00,116,3,2583
43997,2016-06-10,06:27:00,291,3,11858
43998,2016-06-10,06:44:00,232,1,3669
43999,2016-06-10,06:49:00,448,1,9590
44000,2016-06-10,06:50:00,37,1,11078
44001,2016-06-10,06:52:00,85,1,6247
44002,2016-06-10,06:55:00,212,2,4250
44003,2016-06-10,06:57:00,50,4,1919
44004,2016-06-10,06:59:00,79,1,10497
44005,2016-06-10,07:01:00,20,2,8965
44006,2016-06-10,07:03:00,328,1,1692
44007,2016-06-10,07:22:00,48,2,6522
44008,2016-06-10,07:27:00,54,4,1079
44009,2016-06-10,07:27:00,297,2,5253
44010,2016-06-10,07:31:00,134,4,3120
44011,2016-06-10,07:38:00,256,4,1797
44012,2016-06-10,07:40:00,317,1,11574
44013,2016-06-10,07:45:00,75,3,8186
44014,2016-06-10,07:46:00,371,2,1240
44015,2016-06-10,07:47:00,327,1,4192
44016,2016-06-10,07:51:00,83,2,881
44017,2016-06-10,07:55:00,102,4,10992
44018,2016-06-10,07:58:00,95,2,596
44019,2016-06-10,08:04:00,110,1,8908
44020,2016-06-10,08:05:00,387,1,1491
44021,2016-06-10,08:27:00,457,2,9233
44022,2016-06-10,08:28:00,345,4,3139
44023,2016-06-10,08:29:00,129,4,1320
44024,2016-06-10,08:34:00,119,2,3299
44025,2016-06-10,08:38:00,76,1,8984
44026,2016-06-10,08:39:00,338,2,7349
44027,2016-06-10,08:46:00,203,2,1701
44028,2016-06-10,08:47:00,137,4,8422
44029,2016-06-10,08:49:00,158,3,8218
44030,2016-06-10,08:54:00,201,1,6156
44031,2016-06-10,08:57:00,197,3,791
44032,2016-06-10,08:59:00,142,2,5982
44033,2016-06-10,09:08:00,193,1,9484
44034,2016-06-10,09:09:00,279,3,8128
44035,2016-06-10,09:12:00,1,1,8979
44036,2016-06-10,09:18:00,202,1,3802
44037,2016-06-10,09:24:00,150,2,2252
44038,2016-06-10,09:25:00,306,3,5711
44039,2016-06-10,09:28:00,371,2,9104
44040,2016-06-10,09:39:00,267,1,846
44041,2016-06-10,09:50:00,450,3,10449
44042,2016-06-10,09:56:00,199,2,8469
44043,2016-06-10,10:01:00,98,2,10132
44044,2016-06-10,10:11:00,353,1,1660
44045,2016-06-10,10:15:00,307,1,7676
44046,2016-06-10,10:16:00,393,3,1182
44047,2016-06-10,10:20:00,220,1,8242
44048,2016-06-10,10:24:00,369,2,1877
44049,2016-06-10,10:51:00,11,1,2597
44050,2016-06-10,10:55:00,303,2,7505
44051,2016-06-10,11:05:00,81,1,5009
44052,2016-06-10,11:07:00,314,1,2802
44053,2016-06-10,11:21:00,435,2,1284
44054,2016-06-10,11:25:00,308,2,3128
44055,2016-06-10,11:32:00,165,2,6260
44056,2016-06-10,11:33:00,403,3,342
44057,2016-06-10,11:33:00,413,1,7467
44058,2016-06-10,11:34:00,416,3,11093
44059,2016-06-10,11:36:00,16,1,9262
44060,2016-06-10,11:39:00,93,1,9629
44061,2016-06-10,11:39:00,177,1,9466
44062,2016-06-10,11:44:00,55,2,9641
44063,2016-06-10,11:46:00,252,3,3135
44064,2016-06-10,11:46:00,286,3,2981
44065,2016-06-10,11:56:00,352,2,4053
44066,2016-06-10,12:02:00,46,2,11488
44067,2016-06-10,12:03:00,276,1,11790
44068,2016-06-10,12:05:00,29,1,1725
44069,2016-06-10,12:08:00,121,2,4115
44070,2016-06-10,12:09:00,86,2,9215
44071,2016-06-10,12:20:00,337,2,226
44072,2016-06-10,12:35:00,189,2,6998
44073,2016-06-10,12:42:00,259,5,11762
44074,2016-06-10,12:43:00,43,2,4430
44075,2016-06-10,12:48:00,175,1,415
44076,2016-06-10,12:58:00,85,1,10207
44077,2016-06-10,13:04:00,337,1,1235
44078,2016-06-10,13:08:00,437,2,7904
44079,2016-06-10,13:11:00,359,2,10345
44080,2016-06-10,13:12:00,37,1,8334
44081,2016-06-10,13:12:00,341,2,6309
44082,2016-06-10,13:15:00,51,1,1137
44083,2016-06-10,13:15:00,307,2,8630
44084,2016-06-10,13:49:00,221,3,5633
44085,2016-06-10,13:52:00,282,1,8912
44086,2016-06-10,14:01:00,166,3,661
44087,2016-06-10,14:02:00,339,1,10321
44088,2016-06-10,14:04:00,182,2,11024
44089,2016-06-10,14:04:00,107,1,3190
44090,2016-06-10,14:07:00,174,1,107
44091,2016-06-10,14:10:00,352,2,279
44092,2016-06-10,14:12:00,383,1,6658
44093,2016-06-10,14:18:00,147,1,5118
44094,2016-06-10,14:19:00,254,3,826
44095,2016-06-10,14:28:00,198,2,5493
44096,2016-06-10,14:28:00,112,3,4572
44097,2016-06-10,14:29:00,147,3,1641
44098,2016-06-10,14:32:00,293,2,2699
44099,2016-06-10,14:32:00,385,2,5834
44100,2016-06-10,14:41:00,119,1,5081
44101,2016-06-10,14:44:00,140,4,7668
44102,2016-06-10,14:48:00,417,2,6043
44103,2016-06-10,14:53:00,425,1,1667
44104,2016-06-10,14:56:00,286,5,10597
44105,2016-06-10,15:00:00,322,1,3397
44106,2016-06-10,15:00:00,168,3,10080
44107,2016-06-10,15:01:00,214,3,6123
44108,2016-06-10,15:05:00,206,4,1586
44109,2016-06-10,15:07:00,167,2,3861
44110,2016-06-10,15:07:00,34,2,2108
44111,2016-06-10,15:13:00,428,2,695
44112,2016-06-10,15:20:00,213,2,4303
44113,2016-06-10,15:21:00,99,2,2865
44114,2016-06-10,15:22:00,382,1,2111
44115,2016-06-10,15:29:00,7,3,122
44116,2016-06-10,15:37:00,204,2,9583
44117,2016-06-10,15:38:00,162,2,9124
44118,2016-06-10,15:47:00,90,2,3228
44119,2016-06-10,16:04:00,216,1,3329
44120,2016-06-10,16:04:00,213,4,11182
44121,2016-06-10,16:05:00,408,1,10253
44122,2016-06-10,16:07:00,283,1,4284
44123,2016-06-10,16:16:00,274,3,3514
44124,2016-06-10,16:19:00,152,3,2201
44125,2016-06-10,16:22:00,384,3,10381
44126,2016-06-10,16:23:00,322,2,4012
44127,2016-06-10,16:24:00,448,1,11607
44128,2016-06-10,16:24:00,113,1,9495
44129,2016-06-10,16:31:00,445,2,9207
44130,2016-06-10,16:35:00,257,1,2484
44131,2016-06-10,16:49:00,382,2,8527
44132,2016-06-10,16:49:00,39,2,6777
44133,2016-06-10,16:54:00,5,1,6413
44134,2016-06-10,16:55:00,142,3,8902
44135,2016-06-10,16:55:00,34,1,7596
44136,2016-06-10,16:59:00,131,2,9876
44137,2016-06-10,17:01:00,189,4,7565
44138,2016-06-10,17:02:00,100,2,10141
44139,2016-06-10,17:16:00,449,2,1602
44140,2016-06-10,17:18:00,322,1,11268
44141,2016-06-10,17:20:00,2,1,10339
44142,2016-06-10,17:21:00,287,2,8638
44143,2016-06-10,17:21:00,294,2,6531
44144,2016-06-10,17:27:00,378,1,3051
44145,2016-06-10,17:29:00,395,1,11318
44146,2016-06-10,17:44:00,51,2,7128
44147,2016-06-10,17:47:00,300,1,4948
44148,2016-06-10,17:50:00,137,1,5185
44149,2016-06-10,17:54:00,348,3,11867
44150,2016-06-10,17:54:00,406,2,2475
44151,2016-06-10,18:02:00,89,2,1911
44152,2016-06-10,18:09:00,85,1,9793
44153,2016-06-10,18:11:00,345,3,2310
44154,2016-06-10,18:11:00,138,3,1752
44155,2016-06-10,18:12:00,17,2,6297
44156,2016-06-10,18:15:00,124,2,8419
44157,2016-06-10,18:16:00,198,2,9634
44158,2016-06-10,18:17:00,6,1,217
44159,2016-06-10,18:22:00,112,3,692
44160,2016-06-10,18:26:00,56,2,2608
44161,2016-06-10,18:29:00,244,2,6504
44162,2016-06-10,18:33:00,109,1,5916
44163,2016-06-10,18:38:00,146,3,9510
44164,2016-06-10,18:39:00,142,3,11327
44165,2016-06-10,18:42:00,167,4,5522
44166,2016-06-10,18:43:00,151,2,1285
44167,2016-06-10,19:14:00,190,1,161
44168,2016-06-10,19:16:00,42,2,11069
44169,2016-06-10,19:24:00,173,2,11366
44170,2016-06-10,19:37:00,6,2,1129
44171,2016-06-10,19:49:00,453,5,5842
44172,2016-06-10,19:54:00,114,1,9719
44173,2016-06-10,20:04:00,6,1,4476
44174,2016-06-10,20:08:00,376,5,2892
44175,2016-06-10,20:20:00,159,2,2030
44176,2016-06-10,20:22:00,433,2,9631
44177,2016-06-10,20:24:00,134,2,2472
44178,2016-06-10,20:25:00,36,1,10570
44179,2016-06-10,20:26:00,250,4,7792
44180,2016-06-10,20:32:00,60,4,4146
44181,2016-06-10,20:39:00,82,2,8166
44182,2016-06-10,20:43:00,145,2,8198
44183,2016-06-10,20:45:00,244,1,4409
44184,2016-06-10,20:55:00,77,4,6364
44185,2016-06-10,20:57:00,37,1,8161
44186,2016-06-10,21:05:00,228,2,9932
44187,2016-06-10,21:11:00,11,1,8480
44188,2016-06-10,21:19:00,363,1,5877
44189,2016-06-10,21:25:00,256,2,2451
44190,2016-06-10,21:25:00,408,3,1050
44191,2016-06-10,21:34:00,342,2,2849
44192,2016-06-10,21:36:00,3,2,663
44193,2016-06-10,21:39:00,332,3,1397
44194,2016-06-10,21:44:00,39,1,1016
44195,2016-06-10,21:46:00,315,2,11841
44196,2016-06-10,21:52:00,263,4,5617
44197,2016-06-10,21:56:00,393,2,8582
44198,2016-06-10,22:06:00,365,2,5477
44199,2016-06-10,22:13:00,244,1,4054
44200,2016-06-10,22:16:00,174,1,8876
44201,2016-06-10,22:23:00,96,2,4780
44202,2016-06-10,22:32:00,305,2,11196
44203,2016-06-10,22:38:00,385,1,437
44204,2016-06-10,22:44:00,53,5,5015
44205,2016-06-10,23:03:00,176,4,11655
44206,2016-06-10,23:06:00,423,1,4362
44207,2016-06-10,23:07:00,399,1,3120
44208,2016-06-10,23:13:00,405,1,2259
44209,2016-06-10,23:21:00,120,2,8848
44210,2016-06-10,23:26:00,282,2,1493
44211,2016-06-10,23:30:00,452,1,6089
44212,2016-06-10,23:32:00,394,3,7289
44213,2016-06-10,23:37:00,376,1,5395
44214,2016-06-10,23:37:00,291,1,6803
44215,2016-06-10,23:39:00,228,2,8712
44216,2016-06-10,23:43:00,199,3,8484
44217,2016-06-10,23:48:00,18,2,8396
44218,2016-06-10,23:49:00,243,3,5615
44219,2016-06-10,23:50:00,297,4,7301
44220,2016-06-11,00:05:00,92,1,5747
44221,2016-06-11,00:06:00,165,1,2720
44222,2016-06-11,00:09:00,292,3,10148
44223,2016-06-11,00:11:00,429,1,782
44224,2016-06-11,00:14:00,334,3,3481
44225,2016-06-11,00:14:00,320,1,3618
44226,2016-06-11,00:19:00,430,1,10976
44227,2016-06-11,00:19:00,116,1,3143
44228,2016-06-11,00:21:00,263,2,6439
44229,2016-06-11,00:29:00,148,1,3413
44230,2016-06-11,00:33:00,6,2,1968
44231,2016-06-11,00:41:00,110,1,11642
44232,2016-06-11,00:48:00,48,2,283
44233,2016-06-11,00:49:00,98,1,4162
44234,2016-06-11,00:52:00,205,1,6454
44235,2016-06-11,00:54:00,302,2,3310
44236,2016-06-11,00:57:00,270,3,11995
44237,2016-06-11,01:07:00,51,2,3386
44238,2016-06-11,01:11:00,113,1,647
44239,2016-06-11,01:17:00,189,1,2991
44240,2016-06-11,01:20:00,55,1,8926
44241,2016-06-11,01:20:00,322,3,6057
44242,2016-06-11,01:23:00,3,1,7606
44243,2016-06-11,01:32:00,333,1,3751
44244,2016-06-11,01:35:00,438,2,7039
44245,2016-06-11,01:41:00,255,3,1088
44246,2016-06-11,01:44:00,201,1,574
44247,2016-06-11,01:45:00,285,2,757
44248,2016-06-11,01:49:00,340,1,2130
44249,2016-06-11,01:50:00,224,4,10200
44250,2016-06-11,02:02:00,128,3,9206
44251,2016-06-11,02:07:00,330,3,10918
44252,2016-06-11,02:11:00,90,1,11140
44253,2016-06-11,02:32:00,275,2,11796
44254,2016-06-11,02:34:00,449,1,1469
44255,2016-06-11,02:38:00,218,1,11981
44256,2016-06-11,02:39:00,237,2,8179
44257,2016-06-11,02:47:00,18,2,9933
44258,2016-06-11,02:54:00,103,3,9614
44259,2016-06-11,02:55:00,361,3,7235
44260,2016-06-11,02:59:00,221,2,10350
44261,2016-06-11,03:00:00,430,1,691
44262,2016-06-11,03:02:00,306,1,6886
44263,2016-06-11,03:24:00,239,2,5914
44264,2016-06-11,03:31:00,446,2,2687
44265,2016-06-11,03:33:00,32,1,4653
44266,2016-06-11,03:38:00,220,1,161
44267,2016-06-11,03:40:00,114,2,365
44268,2016-06-11,03:41:00,47,2,4892
44269,2016-06-11,03:47:00,194,4,10631
44270,2016-06-11,03:50:00,158,4,7055
44271,2016-06-11,03:52:00,22,1,786
44272,2016-06-11,04:14:00,243,1,10644
44273,2016-06-11,04:21:00,140,3,3608
44274,2016-06-11,04:23:00,365,1,7902
44275,2016-06-11,04:24:00,93,2,10305
44276,2016-06-11,04:33:00,142,5,11330
44277,2016-06-11,04:36:00,444,1,3792
44278,2016-06-11,04:40:00,156,2,10487
44279,2016-06-11,04:42:00,444,1,2352
44280,2016-06-11,04:57:00,36,2,7715
44281,2016-06-11,05:00:00,42,2,10490
44282,2016-06-11,05:05:00,407,2,4159
44283,2016-06-11,05:10:00,421,3,5454
44284,2016-06-11,05:17:00,352,1,4032
44285,2016-06-11,05:20:00,345,2,3495
44286,2016-06-11,05:30:00,154,2,5929
44287,2016-06-11,05:43:00,360,2,10843
44288,2016-06-11,05:44:00,49,1,6693
44289,2016-06-11,06:01:00,302,2,9784
44290,2016-06-11,06:04:00,383,2,8770
44291,2016-06-11,06:04:00,18,2,8912
44292,2016-06-11,06:06:00,161,2,7723
44293,2016-06-11,06:26:00,29,2,9785
44294,2016-06-11,06:27:00,385,3,3704
44295,2016-06-11,06:35:00,301,2,11572
44296,2016-06-11,06:37:00,85,3,2594
44297,2016-06-11,06:44:00,2,2,2413
44298,2016-06-11,06:51:00,128,2,818
44299,2016-06-11,06:51:00,441,2,7484
44300,2016-06-11,06:51:00,217,2,7220
44301,2016-06-11,06:54:00,248,1,2293
44302,2016-06-11,06:58:00,455,2,10527
44303,2016-06-11,07:01:00,277,1,6477
44304,2016-06-11,07:34:00,162,2,7580
44305,2016-06-11,07:38:00,2,1,5580
44306,2016-06-11,07:40:00,290,1,9098
44307,2016-06-11,07:43:00,301,2,9968
44308,2016-06-11,07:54:00,202,1,9576
44309,2016-06-11,08:02:00,449,1,7063
44310,2016-06-11,08:07:00,316,2,6023
44311,2016-06-11,08:15:00,158,2,9224
44312,2016-06-11,08:16:00,25,3,7257
44313,2016-06-11,08:19:00,314,1,3768
44314,2016-06-11,08:28:00,179,2,3400
44315,2016-06-11,08:30:00,375,1,2318
44316,2016-06-11,08:32:00,358,3,11021
44317,2016-06-11,08:34:00,161,2,11833
44318,2016-06-11,08:38:00,212,1,10911
44319,2016-06-11,08:38:00,359,3,6949
44320,2016-06-11,08:39:00,340,2,11749
44321,2016-06-11,08:41:00,250,2,5853
44322,2016-06-11,08:43:00,437,1,7490
44323,2016-06-11,08:47:00,107,1,6679
44324,2016-06-11,08:53:00,299,1,3769
44325,2016-06-11,09:01:00,269,4,5553
44326,2016-06-11,09:02:00,360,2,7735
44327,2016-06-11,09:10:00,50,2,4723
44328,2016-06-11,09:10:00,266,1,11833
44329,2016-06-11,09:11:00,206,2,4788
44330,2016-06-11,09:25:00,339,3,9275
44331,2016-06-11,09:34:00,169,4,7494
44332,2016-06-11,09:37:00,182,1,11038
44333,2016-06-11,09:42:00,115,1,5773
44334,2016-06-11,09:57:00,85,1,1306
44335,2016-06-11,10:05:00,429,2,6042
44336,2016-06-11,10:11:00,211,2,2044
44337,2016-06-11,10:16:00,225,1,9945
44338,2016-06-11,10:17:00,134,2,1733
44339,2016-06-11,10:28:00,69,1,5639
44340,2016-06-11,10:29:00,131,3,8279
44341,2016-06-11,10:32:00,230,2,9364
44342,2016-06-11,10:37:00,166,4,4865
44343,2016-06-11,10:53:00,112,2,6511
44344,2016-06-11,10:54:00,12,4,8665
44345,2016-06-11,11:04:00,178,2,2412
44346,2016-06-11,11:04:00,352,3,7717
44347,2016-06-11,11:09:00,11,3,11532
44348,2016-06-11,11:11:00,12,2,8465
44349,2016-06-11,11:21:00,251,2,11246
44350,2016-06-11,11:29:00,88,2,11275
44351,2016-06-11,11:34:00,57,1,3661
44352,2016-06-11,11:36:00,450,2,1516
44353,2016-06-11,11:36:00,208,3,9420
44354,2016-06-11,11:40:00,123,3,4132
44355,2016-06-11,11:41:00,399,1,2814
44356,2016-06-11,11:45:00,73,1,7172
44357,2016-06-11,11:46:00,312,1,4306
44358,2016-06-11,11:53:00,107,2,8216
44359,2016-06-11,11:54:00,208,3,9270
44360,2016-06-11,12:09:00,312,4,7382
44361,2016-06-11,12:12:00,35,2,2129
44362,2016-06-11,12:19:00,446,3,5286
44363,2016-06-11,12:22:00,431,3,7731
44364,2016-06-11,12:23:00,313,1,1834
44365,2016-06-11,12:36:00,81,1,9028
44366,2016-06-11,12:47:00,447,2,1021
44367,2016-06-11,12:47:00,1,2,11692
44368,2016-06-11,12:52:00,419,2,7202
44369,2016-06-11,12:56:00,153,2,4854
44370,2016-06-11,12:57:00,384,1,7196
44371,2016-06-11,12:59:00,356,1,4371
44372,2016-06-11,13:12:00,166,1,10260
44373,2016-06-11,13:13:00,87,2,5228
44374,2016-06-11,13:45:00,6,2,3211
44375,2016-06-11,13:49:00,64,3,569
44376,2016-06-11,13:49:00,159,3,571
44377,2016-06-11,13:51:00,413,1,4395
44378,2016-06-11,13:57:00,97,1,2973
44379,2016-06-11,13:57:00,430,3,2456
44380,2016-06-11,14:03:00,302,3,8199
44381,2016-06-11,14:05:00,436,2,3279
44382,2016-06-11,14:08:00,10,1,4006
44383,2016-06-11,14:08:00,126,2,7497
44384,2016-06-11,14:23:00,139,1,7200
44385,2016-06-11,14:33:00,281,3,507
44386,2016-06-11,14:42:00,227,2,8138
44387,2016-06-11,14:48:00,70,2,4799
44388,2016-06-11,14:53:00,176,2,10538
44389,2016-06-11,15:00:00,200,3,11889
44390,2016-06-11,15:05:00,102,3,11608
44391,2016-06-11,15:19:00,110,3,3348
44392,2016-06-11,15:24:00,55,1,6783
44393,2016-06-11,15:27:00,88,1,9114
44394,2016-06-11,15:28:00,453,2,7488
44395,2016-06-11,15:31:00,434,2,1266
44396,2016-06-11,15:31:00,309,4,7149
44397,2016-06-11,15:35:00,333,2,11170
44398,2016-06-11,15:36:00,350,1,11712
44399,2016-06-11,15:50:00,371,2,8191
44400,2016-06-11,15:56:00,141,1,1763
44401,2016-06-11,15:59:00,238,4,9709
44402,2016-06-11,16:07:00,326,1,6141
44403,2016-06-11,16:11:00,128,2,1375
44404,2016-06-11,16:12:00,436,1,7857
44405,2016-06-11,16:13:00,358,1,6520
44406,2016-06-11,16:13:00,214,1,8919
44407,2016-06-11,16:25:00,21,1,7561
44408,2016-06-11,16:25:00,228,2,3492
44409,2016-06-11,16:25:00,385,2,6496
44410,2016-06-11,16:32:00,264,3,10253
44411,2016-06-11,16:37:00,121,1,1643
44412,2016-06-11,16:48:00,369,3,3224
44413,2016-06-11,16:50:00,142,4,4322
44414,2016-06-11,16:53:00,75,1,11957
44415,2016-06-11,16:53:00,310,2,2212
44416,2016-06-11,16:57:00,307,2,10395
44417,2016-06-11,17:00:00,453,2,2332
44418,2016-06-11,17:02:00,141,2,8741
44419,2016-06-11,17:16:00,300,2,2939
44420,2016-06-11,17:22:00,398,3,528
44421,2016-06-11,17:31:00,135,1,2940
44422,2016-06-11,17:38:00,103,3,10546
44423,2016-06-11,17:41:00,86,2,2740
44424,2016-06-11,17:43:00,177,3,8638
44425,2016-06-11,17:48:00,54,1,7629
44426,2016-06-11,17:52:00,416,3,3523
44427,2016-06-11,17:57:00,444,1,7810
44428,2016-06-11,18:06:00,376,4,10885
44429,2016-06-11,18:07:00,81,2,1197
44430,2016-06-11,18:09:00,319,2,2304
44431,2016-06-11,18:24:00,93,1,81
44432,2016-06-11,18:30:00,356,1,5440
44433,2016-06-11,18:44:00,337,2,11731
44434,2016-06-11,19:09:00,266,2,6552
44435,2016-06-11,19:16:00,287,2,402
44436,2016-06-11,19:19:00,23,1,11854
44437,2016-06-11,19:23:00,173,2,245
44438,2016-06-11,19:28:00,264,3,4764
44439,2016-06-11,19:28:00,444,1,5041
44440,2016-06-11,19:34:00,297,1,9921
44441,2016-06-11,19:35:00,249,1,3153
44442,2016-06-11,19:44:00,420,2,8399
44443,2016-06-11,19:44:00,382,2,9145
44444,2016-06-11,20:23:00,104,1,8351
44445,2016-06-11,20:27:00,447,2,8741
44446,2016-06-11,20:43:00,450,3,7539
44447,2016-06-11,20:44:00,72,3,4613
44448,2016-06-11,20:51:00,180,2,5120
44449,2016-06-11,20:58:00,316,2,5760
44450,2016-06-11,20:59:00,425,1,7038
44451,2016-06-11,21:01:00,5,2,1875
44452,2016-06-11,21:14:00,392,3,3561
44453,2016-06-11,21:16:00,435,3,2430
44454,2016-06-11,21:18:00,32,2,2943
44455,2016-06-11,21:21:00,457,1,10189
44456,2016-06-11,21:24:00,19,1,1169
44457,2016-06-11,21:28:00,123,1,2081
44458,2016-06-11,21:30:00,221,2,2189
44459,2016-06-11,21:30:00,338,1,7386
44460,2016-06-11,21:31:00,12,1,9822
44461,2016-06-11,21:39:00,161,2,11294
44462,2016-06-11,21:40:00,159,2,929
44463,2016-06-11,21:48:00,110,2,6962
44464,2016-06-11,21:51:00,308,1,5021
44465,2016-06-11,21:55:00,383,4,1458
44466,2016-06-11,21:56:00,305,3,11173
44467,2016-06-11,21:58:00,83,3,1291
44468,2016-06-11,21:59:00,318,1,897
44469,2016-06-11,22:03:00,42,2,166
44470,2016-06-11,22:21:00,58,2,7051
44471,2016-06-11,22:22:00,368,1,6814
44472,2016-06-11,22:23:00,310,2,1712
44473,2016-06-11,22:24:00,417,1,6715
44474,2016-06-11,22:27:00,208,1,4026
44475,2016-06-11,22:36:00,373,2,6377
44476,2016-06-11,22:41:00,62,1,6395
44477,2016-06-11,22:42:00,116,1,2575
44478,2016-06-11,22:45:00,321,1,3341
44479,2016-06-11,22:50:00,403,2,4509
44480,2016-06-11,22:52:00,353,1,11205
44481,2016-06-11,22:56:00,386,1,8640
44482,2016-06-11,23:07:00,209,1,11022
44483,2016-06-11,23:07:00,422,2,3235
44484,2016-06-11,23:15:00,392,5,3499
44485,2016-06-11,23:16:00,322,2,5534
44486,2016-06-11,23:29:00,125,1,2979
44487,2016-06-11,23:34:00,308,2,11340
44488,2016-06-11,23:36:00,143,1,10114
44489,2016-06-11,23:37:00,205,2,9183
44490,2016-06-11,23:40:00,417,3,6139
44491,2016-06-11,23:45:00,208,2,9412
44492,2016-06-11,23:45:00,96,1,3773
44493,2016-06-11,23:47:00,188,4,9863
44494,2016-06-12,00:00:00,228,1,2461
44495,2016-06-12,00:04:00,140,3,4728
44496,2016-06-12,00:06:00,54,2,9742
44497,2016-06-12,00:11:00,172,1,1979
44498,2016-06-12,00:23:00,276,1,10219
44499,2016-06-12,00:29:00,414,2,8014
44500,2016-06-12,00:32:00,163,1,9332
44501,2016-06-12,00:35:00,49,1,641
44502,2016-06-12,00:56:00,335,1,6168
44503,2016-06-12,01:05:00,355,2,6464
44504,2016-06-12,01:11:00,25,3,6345
44505,2016-06-12,01:27:00,394,2,1466
44506,2016-06-12,01:28:00,429,1,5289
44507,2016-06-12,01:29:00,207,1,10059
44508,2016-06-12,01:33:00,145,3,8551
44509,2016-06-12,01:36:00,408,2,8148
44510,2016-06-12,01:44:00,27,2,10427
44511,2016-06-12,01:46:00,118,4,95
44512,2016-06-12,01:47:00,260,1,10281
44513,2016-06-12,01:56:00,217,1,9220
44514,2016-06-12,02:06:00,411,1,8163
44515,2016-06-12,02:11:00,228,1,1700
44516,2016-06-12,02:22:00,135,1,7625
44517,2016-06-12,02:23:00,368,3,9141
44518,2016-06-12,02:36:00,252,1,4809
44519,2016-06-12,02:52:00,62,3,11098
44520,2016-06-12,02:52:00,13,3,8716
44521,2016-06-12,02:59:00,234,3,4483
44522,2016-06-12,03:13:00,444,2,11717
44523,2016-06-12,03:33:00,444,1,177
44524,2016-06-12,03:35:00,129,2,197
44525,2016-06-12,03:44:00,86,1,1909
44526,2016-06-12,03:44:00,379,4,4835
44527,2016-06-12,03:47:00,206,1,11524
44528,2016-06-12,04:03:00,449,1,8535
44529,2016-06-12,04:10:00,164,5,5094
44530,2016-06-12,04:13:00,161,4,11569
44531,2016-06-12,04:15:00,169,1,3132
44532,2016-06-12,04:21:00,122,5,3561
44533,2016-06-12,04:24:00,431,3,5856
44534,2016-06-12,04:34:00,120,3,10100
44535,2016-06-12,04:35:00,330,2,6404
44536,2016-06-12,04:37:00,58,4,4141
44537,2016-06-12,04:54:00,65,1,9320
44538,2016-06-12,05:04:00,335,2,7077
44539,2016-06-12,05:13:00,58,2,6836
44540,2016-06-12,05:18:00,335,2,2456
44541,2016-06-12,05:29:00,59,2,152
44542,2016-06-12,05:30:00,21,1,4925
44543,2016-06-12,05:30:00,39,2,1498
44544,2016-06-12,05:40:00,194,3,11112
44545,2016-06-12,05:40:00,242,1,11803
44546,2016-06-12,05:40:00,450,1,2865
44547,2016-06-12,05:44:00,43,2,3385
44548,2016-06-12,05:44:00,3,2,7809
44549,2016-06-12,05:46:00,298,2,3062
44550,2016-06-12,05:55:00,361,4,8095
44551,2016-06-12,06:00:00,195,1,3789
44552,2016-06-12,06:13:00,352,1,3807
44553,2016-06-12,06:16:00,8,1,5427
44554,2016-06-12,06:18:00,422,2,11388
44555,2016-06-12,06:25:00,422,1,1541
44556,2016-06-12,06:26:00,377,1,2172
44557,2016-06-12,06:37:00,335,1,5579
44558,2016-06-12,06:40:00,194,1,10387
44559,2016-06-12,06:46:00,337,1,11764
44560,2016-06-12,07:04:00,329,1,8328
44561,2016-06-12,07:11:00,89,2,5906
44562,2016-06-12,07:19:00,120,2,10078
44563,2016-06-12,07:21:00,38,1,10222
44564,2016-06-12,07:37:00,298,2,2943
44565,2016-06-12,07:41:00,254,1,2235
44566,2016-06-12,07:43:00,266,1,11919
44567,2016-06-12,07:51:00,152,4,6309
44568,2016-06-12,07:56:00,23,3,2455
44569,2016-06-12,07:59:00,320,1,2095
44570,2016-06-12,08:02:00,284,1,7622
44571,2016-06-12,08:06:00,360,3,2091
44572,2016-06-12,08:11:00,105,3,10021
44573,2016-06-12,08:11:00,28,4,1441
44574,2016-06-12,08:13:00,289,2,4431
44575,2016-06-12,08:21:00,129,1,3019
44576,2016-06-12,08:22:00,101,2,11359
44577,2016-06-12,08:39:00,401,1,5952
44578,2016-06-12,08:40:00,103,1,7915
44579,2016-06-12,08:41:00,74,2,10232
44580,2016-06-12,08:44:00,6,2,5727
44581,2016-06-12,08:46:00,196,1,5635
44582,2016-06-12,08:55:00,380,2,9155
44583,2016-06-12,09:00:00,57,1,5933
44584,2016-06-12,09:07:00,153,3,7330
44585,2016-06-12,09:17:00,202,4,6128
44586,2016-06-12,09:28:00,113,2,7927
44587,2016-06-12,09:35:00,238,3,4466
44588,2016-06-12,09:35:00,16,1,1647
44589,2016-06-12,09:41:00,424,3,7907
44590,2016-06-12,09:46:00,128,1,8208
44591,2016-06-12,09:48:00,425,2,10145
44592,2016-06-12,09:51:00,309,4,6712
44593,2016-06-12,09:57:00,309,1,6481
44594,2016-06-12,10:00:00,253,3,8183
44595,2016-06-12,10:10:00,457,3,8616
44596,2016-06-12,10:15:00,311,3,9200
44597,2016-06-12,10:16:00,270,2,3879
44598,2016-06-12,10:19:00,188,1,7505
44599,2016-06-12,10:20:00,10,2,4697
44600,2016-06-12,10:23:00,87,3,7373
44601,2016-06-12,10:26:00,197,1,1087
44602,2016-06-12,10:28:00,383,2,1904
44603,2016-06-12,10:29:00,379,1,1281
44604,2016-06-12,10:31:00,330,2,7078
44605,2016-06-12,10:32:00,279,1,8152
44606,2016-06-12,10:32:00,32,2,3539
44607,2016-06-12,10:36:00,156,2,5784
44608,2016-06-12,10:49:00,138,2,7445
44609,2016-06-12,10:51:00,305,1,1610
44610,2016-06-12,10:56:00,284,1,10832
44611,2016-06-12,11:05:00,96,5,8003
44612,2016-06-12,11:10:00,443,1,4008
44613,2016-06-12,11:13:00,85,2,6544
44614,2016-06-12,11:20:00,128,2,9939
44615,2016-06-12,11:28:00,407,2,2973
44616,2016-06-12,11:57:00,404,2,4640
44617,2016-06-12,11:59:00,100,2,7515
44618,2016-06-12,12:16:00,343,2,2826
44619,2016-06-12,12:30:00,341,1,11455
44620,2016-06-12,12:49:00,29,2,5652
44621,2016-06-12,12:52:00,8,2,11622
44622,2016-06-12,12:54:00,66,3,10880
44623,2016-06-12,12:54:00,56,2,9228
44624,2016-06-12,13:03:00,358,1,10090
44625,2016-06-12,13:04:00,342,4,9042
44626,2016-06-12,13:06:00,133,1,11489
44627,2016-06-12,13:15:00,305,4,3151
44628,2016-06-12,13:23:00,146,2,2216
44629,2016-06-12,13:23:00,13,2,10586
44630,2016-06-12,13:27:00,340,2,4687
44631,2016-06-12,13:32:00,225,1,11757
44632,2016-06-12,13:34:00,67,3,6706
44633,2016-06-12,13:40:00,158,2,7697
44634,2016-06-12,13:43:00,424,3,4205
44635,2016-06-12,13:48:00,204,2,2985
44636,2016-06-12,13:49:00,49,1,11071
44637,2016-06-12,14:01:00,311,4,8549
44638,2016-06-12,14:05:00,280,2,2782
44639,2016-06-12,14:21:00,274,1,7581
44640,2016-06-12,14:23:00,412,2,6519
44641,2016-06-12,14:24:00,408,3,2690
44642,2016-06-12,14:27:00,356,1,8570
44643,2016-06-12,14:28:00,433,4,2969
44644,2016-06-12,14:38:00,209,1,5855
44645,2016-06-12,14:48:00,194,3,11698
44646,2016-06-12,14:59:00,320,1,7598
44647,2016-06-12,15:00:00,214,1,2406
44648,2016-06-12,15:08:00,435,1,8198
44649,2016-06-12,15:09:00,120,2,1143
44650,2016-06-12,15:20:00,192,1,2116
44651,2016-06-12,15:25:00,313,4,10000
44652,2016-06-12,15:27:00,358,1,4130
44653,2016-06-12,15:28:00,356,1,4336
44654,2016-06-12,15:31:00,290,1,5216
44655,2016-06-12,15:36:00,405,2,5185
44656,2016-06-12,15:38:00,413,1,10891
44657,2016-06-12,15:52:00,212,2,5505
44658,2016-06-12,15:57:00,138,3,9065
44659,2016-06-12,16:14:00,424,3,10699
44660,2016-06-12,16:20:00,332,1,5389
44661,2016-06-12,16:27:00,229,2,9381
44662,2016-06-12,16:33:00,232,2,5392
44663,2016-06-12,16:35:00,113,2,9473
44664,2016-06-12,16:43:00,390,1,2219
44665,2016-06-12,16:51:00,19,2,4777
44666,2016-06-12,16:55:00,132,2,10343
44667,2016-06-12,16:56:00,51,1,4970
44668,2016-06-12,16:57:00,85,1,9720
44669,2016-06-12,16:57:00,204,1,8351
44670,2016-06-12,17:03:00,193,2,5302
44671,2016-06-12,17:05:00,267,1,6574
44672,2016-06-12,17:10:00,402,4,9591
44673,2016-06-12,17:17:00,384,2,1756
44674,2016-06-12,17:27:00,429,2,11220
44675,2016-06-12,17:34:00,228,3,2733
44676,2016-06-12,17:43:00,322,3,10397
44677,2016-06-12,17:51:00,434,1,5152
44678,2016-06-12,18:00:00,388,2,8659
44679,2016-06-12,18:09:00,441,1,1730
44680,2016-06-12,18:11:00,98,2,10366
44681,2016-06-12,18:18:00,275,2,3526
44682,2016-06-12,18:19:00,300,1,1658
44683,2016-06-12,18:26:00,300,2,3244
44684,2016-06-12,18:29:00,365,2,7826
44685,2016-06-12,18:37:00,198,1,10004
44686,2016-06-12,18:48:00,53,1,9209
44687,2016-06-12,18:49:00,97,1,10764
44688,2016-06-12,18:50:00,132,4,11342
44689,2016-06-12,18:52:00,327,1,11489
44690,2016-06-12,18:56:00,249,4,3761
44691,2016-06-12,19:12:00,150,2,9858
44692,2016-06-12,19:30:00,315,2,2865
44693,2016-06-12,19:30:00,359,4,409
44694,2016-06-12,19:31:00,362,2,7882
44695,2016-06-12,19:31:00,340,2,10539
44696,2016-06-12,19:41:00,344,2,8053
44697,2016-06-12,19:42:00,229,3,9959
44698,2016-06-12,19:45:00,456,2,9627
44699,2016-06-12,19:46:00,406,2,2739
44700,2016-06-12,19:54:00,381,1,7494
44701,2016-06-12,19:57:00,391,2,3928
44702,2016-06-12,19:59:00,96,1,9309
44703,2016-06-12,20:00:00,437,4,11777
44704,2016-06-12,20:17:00,369,3,1612
44705,2016-06-12,20:20:00,399,2,11495
44706,2016-06-12,20:29:00,129,1,2423
44707,2016-06-12,20:35:00,76,1,569
44708,2016-06-12,20:36:00,441,1,1958
44709,2016-06-12,20:46:00,402,1,9867
44710,2016-06-12,20:48:00,442,4,4628
44711,2016-06-12,20:55:00,183,4,649
44712,2016-06-12,20:57:00,71,2,3671
44713,2016-06-12,20:57:00,349,4,8716
44714,2016-06-12,21:03:00,4,2,7926
44715,2016-06-12,21:05:00,186,2,10280
44716,2016-06-12,21:05:00,121,3,8671
44717,2016-06-12,21:10:00,14,1,8987
44718,2016-06-12,21:11:00,422,1,5417
44719,2016-06-12,21:15:00,135,1,608
44720,2016-06-12,21:22:00,22,3,11185
44721,2016-06-12,21:25:00,161,1,7518
44722,2016-06-12,21:33:00,303,2,7057
44723,2016-06-12,21:33:00,255,5,11174
44724,2016-06-12,21:38:00,7,1,7513
44725,2016-06-12,21:38:00,312,3,4484
44726,2016-06-12,21:40:00,164,2,8714
44727,2016-06-12,21:49:00,88,5,11812
44728,2016-06-12,21:54:00,86,1,7064
44729,2016-06-12,22:00:00,243,1,9000
44730,2016-06-12,22:03:00,64,3,4752
44731,2016-06-12,22:07:00,434,2,4227
44732,2016-06-12,22:12:00,266,3,915
44733,2016-06-12,22:17:00,283,1,11861
44734,2016-06-12,22:24:00,119,2,4192
44735,2016-06-12,22:37:00,183,2,1337
44736,2016-06-12,23:00:00,104,2,5722
44737,2016-06-12,23:01:00,333,1,6311
44738,2016-06-12,23:01:00,252,1,9409
44739,2016-06-12,23:04:00,406,4,3187
44740,2016-06-12,23:11:00,403,2,2432
44741,2016-06-12,23:15:00,61,2,11738
44742,2016-06-12,23:34:00,334,2,3543
44743,2016-06-12,23:37:00,434,1,2909
44744,2016-06-12,23:42:00,179,3,6120
44745,2016-06-12,23:44:00,276,1,4175
44746,2016-06-12,23:50:00,396,2,2200
44747,2016-06-12,23:51:00,216,1,6874
44748,2016-06-12,23:55:00,325,1,9220
44749,2016-06-12,23:56:00,313,3,273
44750,2016-06-12,23:58:00,104,1,6702
44751,2016-06-13,00:04:00,435,2,4639
44752,2016-06-13,00:13:00,449,5,2547
44753,2016-06-13,00:16:00,350,1,7014
44754,2016-06-13,00:16:00,217,1,1412
44755,2016-06-13,00:24:00,222,1,4982
44756,2016-06-13,00:33:00,392,3,10242
44757,2016-06-13,00:54:00,257,1,5269
44758,2016-06-13,00:54:00,251,2,2034
44759,2016-06-13,00:57:00,205,1,7605
44760,2016-06-13,01:00:00,74,1,49
44761,2016-06-13,01:05:00,83,2,4020
44762,2016-06-13,01:06:00,177,1,1190
44763,2016-06-13,01:09:00,141,1,8303
44764,2016-06-13,01:13:00,175,2,11369
44765,2016-06-13,01:14:00,78,2,11922
44766,2016-06-13,01:19:00,303,1,5143
44767,2016-06-13,01:19:00,62,1,8891
44768,2016-06-13,01:21:00,109,1,6704
44769,2016-06-13,01:26:00,423,1,7639
44770,2016-06-13,01:29:00,321,2,2001
44771,2016-06-13,01:33:00,379,2,8854
44772,2016-06-13,01:42:00,280,1,541
44773,2016-06-13,01:47:00,444,2,932
44774,2016-06-13,02:00:00,79,3,10775
44775,2016-06-13,02:11:00,446,4,5930
44776,2016-06-13,02:13:00,306,2,6957
44777,2016-06-13,02:14:00,132,3,6891
44778,2016-06-13,02:15:00,201,2,11113
44779,2016-06-13,02:17:00,26,2,4878
44780,2016-06-13,02:27:00,430,1,7813
44781,2016-06-13,02:33:00,9,4,9159
44782,2016-06-13,02:51:00,131,3,10494
44783,2016-06-13,02:52:00,262,4,8268
44784,2016-06-13,02:53:00,329,5,7502
44785,2016-06-13,02:53:00,419,5,9462
44786,2016-06-13,03:38:00,401,2,1913
44787,2016-06-13,03:43:00,252,1,5746
44788,2016-06-13,03:51:00,295,1,9024
44789,2016-06-13,03:53:00,115,1,2487
44790,2016-06-13,03:58:00,408,2,9745
44791,2016-06-13,04:05:00,302,2,11222
44792,2016-06-13,04:14:00,347,2,5692
44793,2016-06-13,04:22:00,336,1,1439
44794,2016-06-13,04:23:00,137,2,3614
44795,2016-06-13,04:28:00,249,1,10444
44796,2016-06-13,04:34:00,453,3,9805
44797,2016-06-13,04:36:00,67,1,7411
44798,2016-06-13,04:44:00,376,1,2310
44799,2016-06-13,04:58:00,335,3,5625
44800,2016-06-13,05:00:00,176,1,879
44801,2016-06-13,05:02:00,64,2,9232
44802,2016-06-13,05:05:00,342,1,3067
44803,2016-06-13,05:08:00,246,1,6346
44804,2016-06-13,05:10:00,130,1,5005
44805,2016-06-13,05:20:00,276,3,8292
44806,2016-06-13,05:33:00,433,3,10160
44807,2016-06-13,05:35:00,263,3,4350
44808,2016-06-13,05:36:00,40,3,7024
44809,2016-06-13,05:50:00,383,1,4227
44810,2016-06-13,05:55:00,263,1,3941
44811,2016-06-13,06:07:00,127,1,1690
44812,2016-06-13,06:20:00,423,3,8690
44813,2016-06-13,06:21:00,348,6,2664
44814,2016-06-13,06:23:00,406,2,3872
44815,2016-06-13,06:28:00,166,2,6192
44816,2016-06-13,06:31:00,173,1,6276
44817,2016-06-13,06:33:00,145,2,7311
44818,2016-06-13,06:35:00,73,2,1587
44819,2016-06-13,06:36:00,351,2,4796
44820,2016-06-13,06:41:00,435,1,7346
44821,2016-06-13,06:55:00,207,1,1569
44822,2016-06-13,06:57:00,430,2,1166
44823,2016-06-13,07:07:00,419,2,4682
44824,2016-06-13,07:11:00,444,1,6082
44825,2016-06-13,07:13:00,329,2,8404
44826,2016-06-13,07:15:00,3,1,13
44827,2016-06-13,07:20:00,239,2,4472
44828,2016-06-13,07:22:00,63,3,10234
44829,2016-06-13,07:29:00,207,1,1246
44830,2016-06-13,07:44:00,376,1,5063
44831,2016-06-13,07:44:00,148,2,9559
44832,2016-06-13,07:47:00,393,2,2721
44833,2016-06-13,07:48:00,331,1,367
44834,2016-06-13,08:03:00,60,2,6529
44835,2016-06-13,08:26:00,311,2,3183
44836,2016-06-13,08:32:00,259,1,11012
44837,2016-06-13,08:51:00,205,1,1821
44838,2016-06-13,08:52:00,249,2,5728
44839,2016-06-13,08:57:00,290,2,4233
44840,2016-06-13,08:57:00,96,2,3801
44841,2016-06-13,09:09:00,451,1,10839
44842,2016-06-13,09:16:00,298,1,7401
44843,2016-06-13,09:24:00,331,1,2084
44844,2016-06-13,09:29:00,11,1,11892
44845,2016-06-13,09:48:00,119,1,3456
44846,2016-06-13,10:00:00,57,3,750
44847,2016-06-13,10:05:00,115,1,3183
44848,2016-06-13,10:13:00,416,2,2167
44849,2016-06-13,10:21:00,259,3,5601
44850,2016-06-13,10:23:00,273,2,4320
44851,2016-06-13,10:25:00,341,3,6885
44852,2016-06-13,10:28:00,194,1,7643
44853,2016-06-13,10:34:00,373,2,929
44854,2016-06-13,10:41:00,100,2,2941
44855,2016-06-13,10:50:00,450,1,7497
44856,2016-06-13,10:51:00,191,1,9640
44857,2016-06-13,10:53:00,454,1,3861
44858,2016-06-13,11:05:00,305,1,2076
44859,2016-06-13,11:07:00,99,2,7385
44860,2016-06-13,11:14:00,352,2,2289
44861,2016-06-13,11:16:00,26,3,9787
44862,2016-06-13,11:18:00,440,3,827
44863,2016-06-13,11:26:00,241,3,5931
44864,2016-06-13,11:28:00,390,2,7721
44865,2016-06-13,11:32:00,31,5,9372
44866,2016-06-13,11:37:00,164,1,4614
44867,2016-06-13,11:41:00,375,1,2558
44868,2016-06-13,11:47:00,298,1,3080
44869,2016-06-13,11:53:00,417,2,6556
44870,2016-06-13,11:54:00,55,1,11606
44871,2016-06-13,11:58:00,300,3,1253
44872,2016-06-13,12:03:00,220,1,6392
44873,2016-06-13,12:08:00,394,2,7409
44874,2016-06-13,12:10:00,235,3,5447
44875,2016-06-13,12:16:00,277,4,10328
44876,2016-06-13,12:17:00,51,3,1404
44877,2016-06-13,12:20:00,14,1,7343
44878,2016-06-13,12:21:00,348,3,5863
44879,2016-06-13,12:25:00,392,3,11857
44880,2016-06-13,12:30:00,358,2,8635
44881,2016-06-13,12:32:00,135,1,765
44882,2016-06-13,12:36:00,87,4,8390
44883,2016-06-13,12:41:00,320,1,1852
44884,2016-06-13,12:45:00,230,1,3407
44885,2016-06-13,13:05:00,180,2,6488
44886,2016-06-13,13:19:00,5,1,2885
44887,2016-06-13,13:20:00,281,3,8575
44888,2016-06-13,13:28:00,100,1,7193
44889,2016-06-13,13:48:00,63,2,3370
44890,2016-06-13,13:53:00,276,2,11033
44891,2016-06-13,13:55:00,403,1,289
44892,2016-06-13,13:56:00,126,4,3630
44893,2016-06-13,13:56:00,23,2,7723
44894,2016-06-13,14:03:00,207,1,1507
44895,2016-06-13,14:07:00,134,3,2962
44896,2016-06-13,14:08:00,407,1,11974
44897,2016-06-13,14:10:00,367,2,3395
44898,2016-06-13,14:16:00,76,4,11910
44899,2016-06-13,14:17:00,337,1,5308
44900,2016-06-13,14:18:00,343,2,1348
44901,2016-06-13,14:21:00,221,1,6501
44902,2016-06-13,14:29:00,147,4,6116
44903,2016-06-13,14:31:00,213,1,5044
44904,2016-06-13,14:40:00,261,3,6199
44905,2016-06-13,14:43:00,434,3,11535
44906,2016-06-13,15:02:00,137,3,19
44907,2016-06-13,15:07:00,417,1,6331
44908,2016-06-13,15:09:00,11,1,11361
44909,2016-06-13,15:16:00,293,2,5828
44910,2016-06-13,15:19:00,43,2,5312
44911,2016-06-13,15:20:00,392,3,5761
44912,2016-06-13,15:25:00,378,1,2722
44913,2016-06-13,15:43:00,38,4,8843
44914,2016-06-13,15:44:00,130,1,4072
44915,2016-06-13,15:46:00,104,1,2080
44916,2016-06-13,15:48:00,259,3,9147
44917,2016-06-13,16:03:00,296,1,4137
44918,2016-06-13,16:04:00,5,2,11151
44919,2016-06-13,16:04:00,274,2,1116
44920,2016-06-13,16:12:00,362,3,7085
44921,2016-06-13,16:13:00,370,1,813
44922,2016-06-13,16:19:00,424,1,7279
44923,2016-06-13,16:24:00,40,2,10457
44924,2016-06-13,16:24:00,262,4,4974
44925,2016-06-13,16:25:00,202,2,5016
44926,2016-06-13,16:26:00,86,3,10652
44927,2016-06-13,16:30:00,286,5,10023
44928,2016-06-13,16:33:00,81,2,4879
44929,2016-06-13,16:36:00,383,1,2550
44930,2016-06-13,16:43:00,247,4,2928
44931,2016-06-13,16:49:00,410,1,3357
44932,2016-06-13,16:53:00,68,3,6707
44933,2016-06-13,16:54:00,303,4,1794
44934,2016-06-13,17:01:00,277,1,1823
44935,2016-06-13,17:02:00,128,2,2793
44936,2016-06-13,17:04:00,282,1,160
44937,2016-06-13,17:29:00,17,1,7485
44938,2016-06-13,17:30:00,264,1,8086
44939,2016-06-13,17:31:00,381,1,2333
44940,2016-06-13,17:36:00,158,4,3436
44941,2016-06-13,17:43:00,309,2,7435
44942,2016-06-13,17:44:00,180,3,46
44943,2016-06-13,17:46:00,65,1,876
44944,2016-06-13,17:49:00,319,1,2215
44945,2016-06-13,17:50:00,63,2,7712
44946,2016-06-13,17:54:00,457,2,11419
44947,2016-06-13,17:59:00,392,2,2729
44948,2016-06-13,18:09:00,40,3,6691
44949,2016-06-13,18:13:00,253,3,10123
44950,2016-06-13,18:24:00,195,4,3171
44951,2016-06-13,18:32:00,327,2,9617
44952,2016-06-13,18:45:00,382,1,7094
44953,2016-06-13,18:50:00,221,4,3489
44954,2016-06-13,19:07:00,423,1,11553
44955,2016-06-13,19:07:00,110,6,2377
44956,2016-06-13,19:15:00,167,2,8787
44957,2016-06-13,19:18:00,390,1,2902
44958,2016-06-13,19:18:00,189,1,4703
44959,2016-06-13,19:21:00,159,2,10023
44960,2016-06-13,19:27:00,141,2,7576
44961,2016-06-13,19:28:00,393,2,10728
44962,2016-06-13,19:38:00,111,3,11004
44963,2016-06-13,19:44:00,393,3,4640
44964,2016-06-13,19:50:00,289,3,8774
44965,2016-06-13,19:50:00,357,2,1630
44966,2016-06-13,19:55:00,131,1,5134
44967,2016-06-13,19:59:00,96,1,2281
44968,2016-06-13,20:00:00,45,3,7897
44969,2016-06-13,20:04:00,255,1,11796
44970,2016-06-13,20:06:00,43,1,9820
44971,2016-06-13,20:12:00,289,2,1684
44972,2016-06-13,20:15:00,331,1,5905
44973,2016-06-13,20:24:00,379,1,746
44974,2016-06-13,20:24:00,369,3,5995
44975,2016-06-13,20:32:00,154,1,1898
44976,2016-06-13,20:43:00,197,2,8499
44977,2016-06-13,20:58:00,138,3,728
44978,2016-06-13,21:01:00,382,2,2212
44979,2016-06-13,21:05:00,449,1,4304
44980,2016-06-13,21:06:00,102,1,4270
44981,2016-06-13,21:18:00,218,3,9432
44982,2016-06-13,21:27:00,343,2,4781
44983,2016-06-13,21:33:00,455,1,7818
44984,2016-06-13,21:40:00,17,1,3277
44985,2016-06-13,21:47:00,89,2,9508
44986,2016-06-13,21:52:00,451,4,616
44987,2016-06-13,21:54:00,375,5,10700
44988,2016-06-13,22:00:00,99,1,3767
44989,2016-06-13,22:03:00,45,1,8774
44990,2016-06-13,22:06:00,54,4,1095
44991,2016-06-13,22:11:00,160,1,2725
44992,2016-06-13,22:13:00,397,2,10977
44993,2016-06-13,22:16:00,388,3,8900
44994,2016-06-13,22:22:00,101,2,7552
44995,2016-06-13,22:24:00,444,3,8272
44996,2016-06-13,22:41:00,209,2,2511
44997,2016-06-13,22:42:00,368,2,7337
44998,2016-06-13,22:43:00,108,2,10417
44999,2016-06-13,22:46:00,396,1,11068
45000,2016-06-13,22:47:00,115,1,4977
45001,2016-06-13,22:49:00,167,2,3872
45002,2016-06-13,22:54:00,49,2,7025
45003,2016-06-13,22:59:00,8,2,7591
45004,2016-06-13,23:09:00,201,3,11461
45005,2016-06-13,23:12:00,132,1,1101
45006,2016-06-13,23:13:00,286,3,93
45007,2016-06-13,23:30:00,273,2,10868
45008,2016-06-13,23:31:00,327,1,6094
45009,2016-06-13,23:41:00,48,2,2887
45010,2016-06-13,23:42:00,296,1,3544
45011,2016-06-13,23:47:00,37,1,2220
45012,2016-06-13,23:50:00,409,2,11309
45013,2016-06-14,00:05:00,59,2,9628
45014,2016-06-14,00:06:00,211,1,10827
45015,2016-06-14,00:19:00,204,4,113
45016,2016-06-14,00:27:00,38,3,7371
45017,2016-06-14,00:31:00,70,3,8231
45018,2016-06-14,00:32:00,170,1,11019
45019,2016-06-14,00:46:00,212,3,8219
45020,2016-06-14,00:50:00,442,1,4345
45021,2016-06-14,00:56:00,223,2,11282
45022,2016-06-14,01:05:00,277,3,6648
45023,2016-06-14,01:05:00,71,3,7772
45024,2016-06-14,01:11:00,389,1,8372
45025,2016-06-14,01:13:00,367,2,2881
45026,2016-06-14,01:25:00,178,1,11709
45027,2016-06-14,01:40:00,264,2,3451
45028,2016-06-14,01:43:00,161,1,8691
45029,2016-06-14,02:03:00,180,1,3372
45030,2016-06-14,02:09:00,329,3,5584
45031,2016-06-14,02:11:00,449,2,11188
45032,2016-06-14,02:19:00,205,2,5575
45033,2016-06-14,02:25:00,216,2,11012
45034,2016-06-14,02:32:00,216,1,3483
45035,2016-06-14,02:39:00,420,1,11744
45036,2016-06-14,02:39:00,123,3,8626
45037,2016-06-14,02:47:00,276,4,8006
45038,2016-06-14,02:50:00,3,1,19
45039,2016-06-14,02:52:00,293,2,1259
45040,2016-06-14,02:59:00,134,3,11474
45041,2016-06-14,03:03:00,341,1,1504
45042,2016-06-14,03:05:00,413,4,8876
45043,2016-06-14,03:07:00,115,2,8561
45044,2016-06-14,03:11:00,317,2,8172
45045,2016-06-14,03:13:00,8,2,5404
45046,2016-06-14,03:21:00,252,4,4960
45047,2016-06-14,03:28:00,237,2,415
45048,2016-06-14,03:34:00,69,3,9403
45049,2016-06-14,03:49:00,367,1,11014
45050,2016-06-14,03:54:00,277,4,3632
45051,2016-06-14,03:57:00,367,2,10394
45052,2016-06-14,03:59:00,448,3,8124
45053,2016-06-14,04:16:00,349,1,7543
45054,2016-06-14,04:17:00,363,2,1387
45055,2016-06-14,04:18:00,173,2,9239
45056,2016-06-14,04:18:00,344,1,6557
45057,2016-06-14,04:44:00,33,2,2826
45058,2016-06-14,04:52:00,256,3,5234
45059,2016-06-14,04:54:00,372,3,6466
45060,2016-06-14,04:56:00,260,1,3143
45061,2016-06-14,05:05:00,449,2,4821
45062,2016-06-14,05:06:00,168,1,2411
45063,2016-06-14,05:09:00,284,2,779
45064,2016-06-14,05:12:00,163,2,296
45065,2016-06-14,05:23:00,443,3,1935
45066,2016-06-14,05:24:00,170,4,7825
45067,2016-06-14,05:25:00,113,2,2354
45068,2016-06-14,05:26:00,156,2,9496
45069,2016-06-14,05:30:00,445,2,11575
45070,2016-06-14,05:30:00,30,2,5995
45071,2016-06-14,05:46:00,114,1,3553
45072,2016-06-14,05:47:00,185,2,9029
45073,2016-06-14,05:49:00,404,3,1762
45074,2016-06-14,05:55:00,277,2,2555
45075,2016-06-14,05:56:00,178,1,9193
45076,2016-06-14,05:56:00,47,3,10110
45077,2016-06-14,06:03:00,440,3,2630
45078,2016-06-14,06:08:00,365,1,6873
45079,2016-06-14,06:15:00,383,2,11927
45080,2016-06-14,06:15:00,278,2,2397
45081,2016-06-14,06:22:00,66,2,6634
45082,2016-06-14,06:45:00,379,3,9242
45083,2016-06-14,06:47:00,313,2,11987
45084,2016-06-14,06:55:00,65,3,8490
45085,2016-06-14,06:59:00,130,1,4917
45086,2016-06-14,07:01:00,313,2,1592
45087,2016-06-14,07:06:00,399,2,5077
45088,2016-06-14,07:08:00,201,1,8143
45089,2016-06-14,07:08:00,133,1,9053
45090,2016-06-14,07:14:00,86,1,1750
45091,2016-06-14,07:15:00,320,1,4491
45092,2016-06-14,07:15:00,276,1,11210
45093,2016-06-14,07:18:00,243,2,2337
45094,2016-06-14,07:30:00,220,1,8188
45095,2016-06-14,07:32:00,245,3,11913
45096,2016-06-14,07:35:00,249,1,10389
45097,2016-06-14,07:46:00,193,2,4964
45098,2016-06-14,07:48:00,243,2,6332
45099,2016-06-14,07:49:00,52,4,3455
45100,2016-06-14,07:52:00,333,2,4232
45101,2016-06-14,07:56:00,230,1,6225
45102,2016-06-14,07:56:00,362,2,7883
45103,2016-06-14,08:00:00,252,2,3231
45104,2016-06-14,08:00:00,178,1,10675
45105,2016-06-14,08:07:00,138,1,4816
45106,2016-06-14,08:09:00,134,2,835
45107,2016-06-14,08:09:00,379,3,9459
45108,2016-06-14,08:12:00,241,2,5339
45109,2016-06-14,08:15:00,125,1,7671
45110,2016-06-14,08:17:00,365,1,3119
45111,2016-06-14,08:27:00,422,2,6089
45112,2016-06-14,08:29:00,100,1,1880
45113,2016-06-14,08:38:00,414,1,5888
45114,2016-06-14,08:45:00,220,2,325
45115,2016-06-14,09:01:00,230,2,11800
45116,2016-06-14,09:07:00,350,4,9386
45117,2016-06-14,09:10:00,5,1,3637
45118,2016-06-14,09:13:00,232,2,781
45119,2016-06-14,09:22:00,162,1,1569
45120,2016-06-14,09:31:00,210,2,11491
45121,2016-06-14,09:34:00,258,2,3975
45122,2016-06-14,09:35:00,95,2,10318
45123,2016-06-14,09:46:00,188,1,7937
45124,2016-06-14,10:03:00,5,1,1501
45125,2016-06-14,10:06:00,60,2,1225
45126,2016-06-14,10:08:00,399,1,8789
45127,2016-06-14,10:09:00,10,2,6409
45128,2016-06-14,10:12:00,279,3,3358
45129,2016-06-14,10:13:00,60,1,2277
45130,2016-06-14,10:22:00,51,1,5850
45131,2016-06-14,10:25:00,22,1,4152
45132,2016-06-14,10:30:00,80,3,3627
45133,2016-06-14,10:32:00,110,1,9881
45134,2016-06-14,10:32:00,191,3,3682
45135,2016-06-14,10:34:00,266,2,11973
45136,2016-06-14,10:49:00,360,2,10318
45137,2016-06-14,10:57:00,433,1,3388
45138,2016-06-14,10:58:00,269,2,11136
45139,2016-06-14,11:05:00,323,4,6550
45140,2016-06-14,11:08:00,203,1,1994
45141,2016-06-14,11:26:00,321,2,5289
45142,2016-06-14,11:31:00,4,2,4676
45143,2016-06-14,11:45:00,351,1,2873
45144,2016-06-14,11:53:00,155,1,5008
45145,2016-06-14,12:05:00,183,4,741
45146,2016-06-14,12:07:00,143,1,10924
45147,2016-06-14,12:15:00,362,2,5780
45148,2016-06-14,12:19:00,38,1,7866
45149,2016-06-14,12:20:00,398,1,11123
45150,2016-06-14,12:20:00,70,3,2997
45151,2016-06-14,12:21:00,52,2,10340
45152,2016-06-14,12:38:00,345,4,3339
45153,2016-06-14,12:38:00,146,2,1701
45154,2016-06-14,12:41:00,174,4,6210
45155,2016-06-14,12:46:00,383,2,7793
45156,2016-06-14,12:49:00,83,4,1304
45157,2016-06-14,13:01:00,204,2,1108
45158,2016-06-14,13:02:00,291,2,11515
45159,2016-06-14,13:08:00,124,1,9051
45160,2016-06-14,13:15:00,167,2,7166
45161,2016-06-14,13:16:00,401,1,8572
45162,2016-06-14,13:17:00,354,1,681
45163,2016-06-14,13:19:00,167,4,3598
45164,2016-06-14,13:20:00,108,3,1394
45165,2016-06-14,13:24:00,388,3,10239
45166,2016-06-14,13:25:00,146,3,235
45167,2016-06-14,13:27:00,27,1,2973
45168,2016-06-14,13:31:00,449,2,7052
45169,2016-06-14,13:38:00,255,2,8559
45170,2016-06-14,13:40:00,366,2,352
45171,2016-06-14,13:40:00,346,3,10566
45172,2016-06-14,13:44:00,413,1,3839
45173,2016-06-14,13:47:00,234,1,9126
45174,2016-06-14,13:54:00,315,2,2877
45175,2016-06-14,13:59:00,134,4,9319
45176,2016-06-14,14:03:00,38,1,11211
45177,2016-06-14,14:10:00,404,1,5768
45178,2016-06-14,14:12:00,301,3,8840
45179,2016-06-14,14:18:00,343,1,11856
45180,2016-06-14,14:18:00,238,2,5433
45181,2016-06-14,14:21:00,279,2,3135
45182,2016-06-14,14:25:00,142,3,10718
45183,2016-06-14,14:35:00,282,2,1219
45184,2016-06-14,14:36:00,245,3,6000
45185,2016-06-14,14:38:00,52,1,11437
45186,2016-06-14,14:39:00,47,1,8570
45187,2016-06-14,14:46:00,164,4,1521
45188,2016-06-14,14:49:00,135,1,6905
45189,2016-06-14,14:56:00,259,2,6524
45190,2016-06-14,15:06:00,276,2,10333
45191,2016-06-14,15:08:00,171,1,8727
45192,2016-06-14,15:21:00,304,3,2038
45193,2016-06-14,15:27:00,368,2,5199
45194,2016-06-14,15:37:00,230,4,5201
45195,2016-06-14,15:37:00,423,1,2868
45196,2016-06-14,15:42:00,229,1,11171
45197,2016-06-14,15:43:00,267,1,9562
45198,2016-06-14,15:43:00,448,2,11934
45199,2016-06-14,15:44:00,201,1,10361
45200,2016-06-14,15:45:00,357,2,9178
45201,2016-06-14,15:45:00,39,1,410
45202,2016-06-14,15:49:00,148,1,5790
45203,2016-06-14,15:54:00,76,1,4293
45204,2016-06-14,15:58:00,295,2,3349
45205,2016-06-14,16:02:00,151,2,3820
45206,2016-06-14,16:08:00,203,2,5633
45207,2016-06-14,16:15:00,28,2,3279
45208,2016-06-14,16:15:00,407,2,7442
45209,2016-06-14,16:16:00,260,3,8624
45210,2016-06-14,16:18:00,163,1,6612
45211,2016-06-14,16:27:00,292,4,6185
45212,2016-06-14,16:34:00,321,3,7291
45213,2016-06-14,16:37:00,150,4,8994
45214,2016-06-14,16:39:00,65,2,11631
45215,2016-06-14,16:51:00,217,5,10959
45216,2016-06-14,16:51:00,217,3,4141
45217,2016-06-14,16:54:00,275,5,3108
45218,2016-06-14,17:04:00,348,2,10646
45219,2016-06-14,17:09:00,281,3,11203
45220,2016-06-14,17:10:00,205,1,1150
45221,2016-06-14,17:13:00,413,3,7672
45222,2016-06-14,17:14:00,410,2,10695
45223,2016-06-14,17:19:00,410,2,1591
45224,2016-06-14,17:20:00,248,2,290
45225,2016-06-14,17:31:00,434,2,9733
45226,2016-06-14,17:50:00,128,2,4607
45227,2016-06-14,17:52:00,382,4,11776
45228,2016-06-14,17:56:00,347,1,4397
45229,2016-06-14,17:56:00,58,4,10808
45230,2016-06-14,18:02:00,397,1,6721
45231,2016-06-14,18:07:00,452,1,6050
45232,2016-06-14,18:12:00,336,1,7956
45233,2016-06-14,18:13:00,211,3,6362
45234,2016-06-14,18:16:00,14,1,11879
45235,2016-06-14,18:18:00,165,3,2389
45236,2016-06-14,18:18:00,276,3,9634
45237,2016-06-14,18:24:00,359,1,5112
45238,2016-06-14,18:26:00,421,2,1029
45239,2016-06-14,18:37:00,249,5,3418
45240,2016-06-14,18:44:00,131,1,1303
45241,2016-06-14,18:49:00,394,1,9899
45242,2016-06-14,18:58:00,171,1,448
45243,2016-06-14,19:06:00,378,3,11669
45244,2016-06-14,19:10:00,253,4,3026
45245,2016-06-14,19:10:00,131,2,1869
45246,2016-06-14,19:16:00,334,2,8189
45247,2016-06-14,19:19:00,399,1,3951
45248,2016-06-14,19:22:00,163,2,8913
45249,2016-06-14,19:35:00,168,3,3414
45250,2016-06-14,19:47:00,297,3,2784
45251,2016-06-14,19:51:00,403,2,10710
45252,2016-06-14,19:54:00,354,2,7099
45253,2016-06-14,19:58:00,421,1,733
45254,2016-06-14,20:09:00,446,1,11719
45255,2016-06-14,20:10:00,452,3,11032
45256,2016-06-14,20:15:00,7,2,6795
45257,2016-06-14,20:26:00,449,1,6304
45258,2016-06-14,20:31:00,9,2,11035
45259,2016-06-14,20:38:00,85,2,544
45260,2016-06-14,20:48:00,259,3,9873
45261,2016-06-14,20:49:00,427,4,4303
45262,2016-06-14,20:52:00,320,3,59
45263,2016-06-14,20:59:00,42,1,548
45264,2016-06-14,21:06:00,377,3,4402
45265,2016-06-14,21:12:00,287,2,9493
45266,2016-06-14,21:14:00,200,6,5433
45267,2016-06-14,21:15:00,436,2,8315
45268,2016-06-14,21:35:00,317,3,8
45269,2016-06-14,21:38:00,36,4,8436
45270,2016-06-14,21:38:00,97,1,1243
45271,2016-06-14,21:40:00,416,1,1023
45272,2016-06-14,21:41:00,34,1,8036
45273,2016-06-14,21:42:00,199,2,1454
45274,2016-06-14,22:04:00,255,3,11993
45275,2016-06-14,22:09:00,1,3,4303
45276,2016-06-14,22:10:00,78,1,8785
45277,2016-06-14,22:17:00,112,1,11708
45278,2016-06-14,22:18:00,285,2,692
45279,2016-06-14,22:20:00,420,1,6092
45280,2016-06-14,22:21:00,146,2,11998
45281,2016-06-14,22:35:00,85,1,1148
45282,2016-06-14,22:42:00,204,1,10829
45283,2016-06-14,22:46:00,434,2,10599
45284,2016-06-14,22:48:00,132,1,4025
45285,2016-06-14,22:49:00,80,1,7098
45286,2016-06-14,23:06:00,67,1,11360
45287,2016-06-14,23:10:00,256,2,6453
45288,2016-06-14,23:13:00,34,3,3830
45289,2016-06-14,23:29:00,342,2,11405
45290,2016-06-14,23:31:00,74,1,178
45291,2016-06-14,23:35:00,53,3,2993
45292,2016-06-14,23:37:00,306,3,1433
45293,2016-06-14,23:43:00,193,4,4235
45294,2016-06-14,23:43:00,35,1,10071
45295,2016-06-14,23:44:00,151,3,2246
45296,2016-06-14,23:45:00,6,1,7016
45297,2016-06-14,23:52:00,76,1,10456
45298,2016-06-15,00:05:00,311,1,834
45299,2016-06-15,00:14:00,152,2,2366
45300,2016-06-15,00:24:00,357,2,1811
45301,2016-06-15,00:30:00,297,1,9829
45302,2016-06-15,00:34:00,391,3,5437
45303,2016-06-15,00:36:00,10,3,1333
45304,2016-06-15,00:37:00,190,1,2286
45305,2016-06-15,00:41:00,164,4,11313
45306,2016-06-15,00:45:00,106,1,8059
45307,2016-06-15,00:48:00,57,1,8517
45308,2016-06-15,00:50:00,362,2,4863
45309,2016-06-15,00:56:00,265,1,10548
45310,2016-06-15,00:59:00,409,2,3756
45311,2016-06-15,01:03:00,440,2,3820
45312,2016-06-15,01:09:00,402,1,2930
45313,2016-06-15,01:13:00,233,3,5218
45314,2016-06-15,01:16:00,268,1,661
45315,2016-06-15,01:17:00,99,1,5113
45316,2016-06-15,01:19:00,296,1,8816
45317,2016-06-15,01:20:00,216,1,4477
45318,2016-06-15,01:30:00,24,2,3382
45319,2016-06-15,01:39:00,403,2,5190
45320,2016-06-15,01:48:00,16,2,10452
45321,2016-06-15,01:54:00,291,2,5986
45322,2016-06-15,01:56:00,171,2,2746
45323,2016-06-15,02:04:00,372,1,572
45324,2016-06-15,02:08:00,275,2,8321
45325,2016-06-15,02:12:00,44,1,10964
45326,2016-06-15,02:16:00,8,3,4425
45327,2016-06-15,02:30:00,165,1,333
45328,2016-06-15,02:31:00,199,3,1231
45329,2016-06-15,02:40:00,390,5,8410
45330,2016-06-15,02:41:00,191,3,3060
45331,2016-06-15,02:42:00,456,2,2798
45332,2016-06-15,02:47:00,113,3,447
45333,2016-06-15,02:53:00,386,1,8963
45334,2016-06-15,02:53:00,133,3,8088
45335,2016-06-15,02:59:00,59,1,564
45336,2016-06-15,03:01:00,418,1,7612
45337,2016-06-15,03:16:00,163,3,1583
45338,2016-06-15,03:17:00,214,1,9016
45339,2016-06-15,03:20:00,354,3,1422
45340,2016-06-15,03:23:00,304,2,3607
45341,2016-06-15,03:24:00,262,5,3094
45342,2016-06-15,03:24:00,117,2,4872
45343,2016-06-15,03:33:00,383,3,8721
45344,2016-06-15,03:33:00,192,1,5918
45345,2016-06-15,03:39:00,125,1,2821
45346,2016-06-15,03:48:00,190,2,8438
45347,2016-06-15,03:53:00,198,2,4719
45348,2016-06-15,03:53:00,1,2,5591
45349,2016-06-15,03:56:00,107,2,6105
45350,2016-06-15,03:58:00,275,2,10666
45351,2016-06-15,04:04:00,451,4,2071
45352,2016-06-15,04:06:00,309,1,11082
45353,2016-06-15,04:13:00,208,2,2077
45354,2016-06-15,04:15:00,186,1,4881
45355,2016-06-15,04:18:00,24,2,8441
45356,2016-06-15,04:27:00,31,3,9176
45357,2016-06-15,04:30:00,147,2,10343
45358,2016-06-15,04:33:00,118,2,778
45359,2016-06-15,04:33:00,241,2,11123
45360,2016-06-15,04:36:00,109,3,1823
45361,2016-06-15,04:47:00,160,3,7376
45362,2016-06-15,04:54:00,385,1,913
45363,2016-06-15,04:55:00,299,3,10787
45364,2016-06-15,04:55:00,282,3,2417
45365,2016-06-15,05:06:00,451,3,4696
45366,2016-06-15,05:13:00,291,1,4917
45367,2016-06-15,05:15:00,101,4,10373
45368,2016-06-15,05:15:00,207,2,2777
45369,2016-06-15,05:18:00,15,3,1152
45370,2016-06-15,05:18:00,369,2,5206
45371,2016-06-15,05:29:00,365,3,9685
45372,2016-06-15,05:29:00,72,3,8031
45373,2016-06-15,05:36:00,208,2,11197
45374,2016-06-15,05:40:00,334,2,1821
45375,2016-06-15,05:42:00,248,5,8474
45376,2016-06-15,05:50:00,138,1,1972
45377,2016-06-15,05:55:00,143,2,10409
45378,2016-06-15,06:06:00,196,3,11610
45379,2016-06-15,06:08:00,379,2,10134
45380,2016-06-15,06:09:00,228,1,2521
45381,2016-06-15,06:09:00,16,2,5068
45382,2016-06-15,06:13:00,132,3,8222
45383,2016-06-15,06:30:00,153,1,3048
45384,2016-06-15,06:42:00,295,1,6748
45385,2016-06-15,06:43:00,249,3,9178
45386,2016-06-15,06:55:00,139,2,1651
45387,2016-06-15,06:57:00,300,1,5872
45388,2016-06-15,07:02:00,350,3,685
45389,2016-06-15,07:07:00,392,2,3625
45390,2016-06-15,07:13:00,49,1,2722
45391,2016-06-15,07:13:00,440,2,9125
45392,2016-06-15,07:19:00,418,3,725
45393,2016-06-15,07:41:00,415,1,3585
45394,2016-06-15,07:47:00,264,1,2504
45395,2016-06-15,08:08:00,75,2,5825
45396,2016-06-15,08:13:00,369,3,4865
45397,2016-06-15,08:23:00,396,2,38
45398,2016-06-15,08:24:00,264,3,38
45399,2016-06-15,08:28:00,341,2,6468
45400,2016-06-15,08:29:00,239,3,122
45401,2016-06-15,08:36:00,61,1,7322
45402,2016-06-15,08:39:00,286,1,5473
45403,2016-06-15,08:47:00,362,2,8360
45404,2016-06-15,08:51:00,441,5,9826
45405,2016-06-15,08:57:00,133,2,11216
45406,2016-06-15,08:57:00,127,3,5979
45407,2016-06-15,08:59:00,247,1,6999
45408,2016-06-15,09:21:00,431,1,8270
45409,2016-06-15,09:28:00,457,4,5517
45410,2016-06-15,09:28:00,176,1,3459
45411,2016-06-15,09:30:00,100,3,4529
45412,2016-06-15,09:32:00,33,3,3028
45413,2016-06-15,09:33:00,134,2,8051
45414,2016-06-15,09:53:00,446,1,1414
45415,2016-06-15,10:02:00,208,3,9770
45416,2016-06-15,10:07:00,224,4,1274
45417,2016-06-15,10:28:00,422,2,9910
45418,2016-06-15,10:32:00,435,1,8903
45419,2016-06-15,10:33:00,425,1,469
45420,2016-06-15,10:44:00,113,4,5888
45421,2016-06-15,10:49:00,56,1,3661
45422,2016-06-15,10:49:00,414,2,7052
45423,2016-06-15,10:50:00,422,2,11373
45424,2016-06-15,10:53:00,221,3,7932
45425,2016-06-15,11:03:00,385,3,7141
45426,2016-06-15,11:15:00,187,2,9226
45427,2016-06-15,11:16:00,5,1,9688
45428,2016-06-15,11:27:00,397,4,6465
45429,2016-06-15,11:31:00,14,2,11560
45430,2016-06-15,11:37:00,319,2,11729
45431,2016-06-15,11:56:00,315,4,8917
45432,2016-06-15,12:01:00,239,4,8444
45433,2016-06-15,12:06:00,131,3,10993
45434,2016-06-15,12:07:00,400,1,7062
45435,2016-06-15,12:10:00,408,1,6745
45436,2016-06-15,12:11:00,311,2,3353
45437,2016-06-15,12:11:00,259,1,11150
45438,2016-06-15,12:15:00,17,2,11105
45439,2016-06-15,12:17:00,34,3,5257
45440,2016-06-15,12:23:00,431,1,5061
45441,2016-06-15,12:26:00,87,1,9396
45442,2016-06-15,12:27:00,126,2,11971
45443,2016-06-15,12:35:00,200,2,11607
45444,2016-06-15,12:40:00,410,1,8440
45445,2016-06-15,12:42:00,150,1,4364
45446,2016-06-15,12:59:00,57,2,5219
45447,2016-06-15,13:02:00,417,2,2439
45448,2016-06-15,13:05:00,422,3,8459
45449,2016-06-15,13:07:00,409,3,4563
45450,2016-06-15,13:15:00,331,2,5104
45451,2016-06-15,13:16:00,66,2,8612
45452,2016-06-15,13:32:00,226,3,7247
45453,2016-06-15,13:39:00,76,2,9135
45454,2016-06-15,13:56:00,211,2,2297
45455,2016-06-15,14:11:00,25,3,1065
45456,2016-06-15,14:12:00,287,2,8484
45457,2016-06-15,14:13:00,342,1,2416
45458,2016-06-15,14:14:00,354,1,7163
45459,2016-06-15,14:17:00,299,1,7272
45460,2016-06-15,14:27:00,66,3,602
45461,2016-06-15,14:27:00,438,1,10690
45462,2016-06-15,14:31:00,29,1,11204
45463,2016-06-15,14:37:00,253,1,5189
45464,2016-06-15,14:38:00,210,1,7914
45465,2016-06-15,14:44:00,124,2,11750
45466,2016-06-15,15:04:00,153,3,4055
45467,2016-06-15,15:12:00,110,1,6797
45468,2016-06-15,15:18:00,306,3,5868
45469,2016-06-15,15:25:00,332,1,11507
45470,2016-06-15,15:25:00,198,4,811
45471,2016-06-15,15:35:00,61,3,6836
45472,2016-06-15,15:37:00,61,1,4155
45473,2016-06-15,15:44:00,86,1,10353
45474,2016-06-15,15:49:00,204,1,9694
45475,2016-06-15,16:04:00,115,2,11119
45476,2016-06-15,16:06:00,202,1,3693
45477,2016-06-15,16:18:00,231,2,3614
45478,2016-06-15,16:18:00,249,2,9171
45479,2016-06-15,16:27:00,229,2,11372
45480,2016-06-15,16:28:00,30,1,10592
45481,2016-06-15,16:30:00,194,1,1605
45482,2016-06-15,16:31:00,28,2,6210
45483,2016-06-15,16:42:00,34,1,625
45484,2016-06-15,16:49:00,217,3,5190
45485,2016-06-15,16:49:00,158,3,8593
45486,2016-06-15,16:51:00,378,1,6451
45487,2016-06-15,16:58:00,358,1,5025
45488,2016-06-15,17:05:00,421,2,4166
45489,2016-06-15,17:12:00,122,1,678
45490,2016-06-15,17:40:00,204,3,5541
45491,2016-06-15,17:42:00,8,2,8810
45492,2016-06-15,17:46:00,357,1,10217
45493,2016-06-15,17:47:00,29,1,6416
45494,2016-06-15,17:49:00,109,3,11469
45495,2016-06-15,17:52:00,443,2,4080
45496,2016-06-15,17:54:00,137,3,976
45497,2016-06-15,17:56:00,52,3,3150
45498,2016-06-15,17:58:00,144,2,7488
45499,2016-06-15,18:00:00,435,2,410
45500,2016-06-15,18:01:00,265,1,5909
45501,2016-06-15,18:02:00,95,2,1066
45502,2016-06-15,18:05:00,208,1,1017
45503,2016-06-15,18:10:00,396,2,6468
45504,2016-06-15,18:12:00,90,1,5228
45505,2016-06-15,18:16:00,299,2,1969
45506,2016-06-15,18:27:00,141,4,9446
45507,2016-06-15,18:36:00,361,2,11291
45508,2016-06-15,18:37:00,80,2,9529
45509,2016-06-15,18:53:00,369,2,6466
45510,2016-06-15,18:55:00,236,2,7017
45511,2016-06-15,19:04:00,406,1,429
45512,2016-06-15,19:12:00,426,1,378
45513,2016-06-15,19:18:00,168,1,6282
45514,2016-06-15,19:24:00,441,2,4923
45515,2016-06-15,19:25:00,350,4,1683
45516,2016-06-15,19:26:00,263,1,7168
45517,2016-06-15,19:28:00,178,2,8466
45518,2016-06-15,19:35:00,27,2,10519
45519,2016-06-15,19:37:00,128,2,4826
45520,2016-06-15,19:37:00,52,3,10582
45521,2016-06-15,19:37:00,386,1,11897
45522,2016-06-15,19:46:00,78,1,7328
45523,2016-06-15,19:47:00,338,3,3033
45524,2016-06-15,19:51:00,25,1,1895
45525,2016-06-15,19:57:00,330,2,334
45526,2016-06-15,20:00:00,448,3,742
45527,2016-06-15,20:13:00,71,2,7252
45528,2016-06-15,20:18:00,201,1,9828
45529,2016-06-15,20:20:00,134,3,5084
45530,2016-06-15,20:23:00,387,2,1470
45531,2016-06-15,20:24:00,447,1,8694
45532,2016-06-15,20:30:00,458,2,2130
45533,2016-06-15,20:36:00,408,1,2022
45534,2016-06-15,20:37:00,182,1,1661
45535,2016-06-15,20:39:00,97,2,9214
45536,2016-06-15,20:52:00,256,2,5106
45537,2016-06-15,20:52:00,110,1,2077
45538,2016-06-15,20:56:00,349,5,1142
45539,2016-06-15,20:56:00,202,4,5954
45540,2016-06-15,20:57:00,165,1,6343
45541,2016-06-15,20:57:00,64,1,7165
45542,2016-06-15,21:01:00,353,1,6528
45543,2016-06-15,21:24:00,344,4,4504
45544,2016-06-15,21:31:00,443,2,10092
45545,2016-06-15,21:37:00,224,1,10822
45546,2016-06-15,21:43:00,335,1,5528
45547,2016-06-15,21:45:00,18,1,2967
45548,2016-06-15,21:56:00,247,1,10079
45549,2016-06-15,21:56:00,153,1,10943
45550,2016-06-15,21:58:00,448,1,1915
45551,2016-06-15,22:21:00,417,1,11739
45552,2016-06-15,22:39:00,231,2,9734
45553,2016-06-15,22:47:00,369,3,5306
45554,2016-06-15,22:52:00,332,5,6757
45555,2016-06-15,22:57:00,5,3,173
45556,2016-06-15,23:08:00,107,4,10525
45557,2016-06-15,23:08:00,277,2,5350
45558,2016-06-15,23:10:00,417,2,5721
45559,2016-06-15,23:15:00,42,1,2014
45560,2016-06-15,23:22:00,200,3,5293
45561,2016-06-15,23:37:00,87,1,950
45562,2016-06-15,23:42:00,271,2,7095
45563,2016-06-15,23:42:00,2,2,8267
45564,2016-06-15,23:50:00,112,2,8598
45565,2016-06-15,23:55:00,291,3,7530
45566,2016-06-16,00:00:00,120,1,2416
45567,2016-06-16,00:12:00,448,2,7204
45568,2016-06-16,00:15:00,89,1,4650
45569,2016-06-16,00:17:00,449,2,8426
45570,2016-06-16,00:19:00,174,4,3805
45571,2016-06-16,00:23:00,261,2,4341
45572,2016-06-16,00:31:00,29,2,8481
45573,2016-06-16,00:33:00,367,2,5149
45574,2016-06-16,00:38:00,96,1,7861
45575,2016-06-16,00:47:00,17,4,8912
45576,2016-06-16,00:48:00,126,2,5558
45577,2016-06-16,00:52:00,445,3,1630
45578,2016-06-16,00:56:00,18,1,3688
45579,2016-06-16,01:07:00,222,1,2353
45580,2016-06-16,01:17:00,132,2,9232
45581,2016-06-16,01:22:00,402,1,9733
45582,2016-06-16,01:24:00,148,1,5830
45583,2016-06-16,01:28:00,194,2,11569
45584,2016-06-16,01:29:00,7,2,10048
45585,2016-06-16,01:34:00,241,3,7198
45586,2016-06-16,01:41:00,75,4,6861
45587,2016-06-16,01:42:00,222,1,5873
45588,2016-06-16,01:58:00,402,2,2716
45589,2016-06-16,02:01:00,426,2,11255
45590,2016-06-16,02:06:00,423,2,5118
45591,2016-06-16,02:08:00,147,1,10341
45592,2016-06-16,02:14:00,169,2,7652
45593,2016-06-16,02:25:00,193,2,2968
45594,2016-06-16,02:33:00,263,2,2765
45595,2016-06-16,02:38:00,272,3,5241
45596,2016-06-16,02:41:00,384,2,5083
45597,2016-06-16,02:45:00,322,2,9205
45598,2016-06-16,02:49:00,280,2,8390
45599,2016-06-16,02:49:00,415,1,5176
45600,2016-06-16,02:50:00,27,3,4555
45601,2016-06-16,03:02:00,309,2,7511
45602,2016-06-16,03:05:00,318,1,5052
45603,2016-06-16,03:08:00,317,3,1021
45604,2016-06-16,03:13:00,328,1,5343
45605,2016-06-16,03:15:00,75,3,11685
45606,2016-06-16,03:17:00,66,2,10141
45607,2016-06-16,03:21:00,210,1,4438
45608,2016-06-16,03:30:00,133,1,7526
45609,2016-06-16,03:30:00,20,3,146
45610,2016-06-16,03:32:00,274,2,10131
45611,2016-06-16,03:36:00,118,2,4355
45612,2016-06-16,03:55:00,94,1,9786
45613,2016-06-16,04:01:00,199,5,8088
45614,2016-06-16,04:05:00,299,2,6891
45615,2016-06-16,04:20:00,349,1,9909
45616,2016-06-16,04:22:00,420,3,4758
45617,2016-06-16,04:27:00,375,4,2281
45618,2016-06-16,04:29:00,273,1,11426
45619,2016-06-16,04:34:00,85,2,1960
45620,2016-06-16,04:45:00,215,1,3607
45621,2016-06-16,04:49:00,16,1,8432
45622,2016-06-16,04:56:00,6,2,6388
45623,2016-06-16,05:10:00,135,1,7648
45624,2016-06-16,05:11:00,163,2,7415
45625,2016-06-16,05:30:00,241,2,5069
45626,2016-06-16,05:31:00,273,2,3823
45627,2016-06-16,05:32:00,458,1,11900
45628,2016-06-16,05:48:00,19,3,10233
45629,2016-06-16,05:53:00,371,2,5479
45630,2016-06-16,05:53:00,457,1,1395
45631,2016-06-16,05:55:00,251,1,9820
45632,2016-06-16,06:00:00,419,2,11620
45633,2016-06-16,06:04:00,89,1,9907
45634,2016-06-16,06:23:00,128,2,7178
45635,2016-06-16,06:26:00,73,2,3232
45636,2016-06-16,06:26:00,266,2,8945
45637,2016-06-16,06:41:00,191,1,9231
45638,2016-06-16,06:43:00,90,2,5791
45639,2016-06-16,06:48:00,297,1,6467
45640,2016-06-16,06:54:00,3,1,3325
45641,2016-06-16,07:01:00,72,2,11695
45642,2016-06-16,07:02:00,235,3,4254
45643,2016-06-16,07:05:00,360,3,942
45644,2016-06-16,07:22:00,160,2,2639
45645,2016-06-16,07:29:00,431,3,1793
45646,2016-06-16,07:39:00,334,2,8273
45647,2016-06-16,07:43:00,294,1,1411
45648,2016-06-16,07:48:00,226,3,9748
45649,2016-06-16,07:48:00,181,2,7520
45650,2016-06-16,08:00:00,257,1,6642
45651,2016-06-16,08:00:00,190,2,134
45652,2016-06-16,08:03:00,267,2,11353
45653,2016-06-16,08:03:00,335,2,10637
45654,2016-06-16,08:05:00,303,5,3785
45655,2016-06-16,08:08:00,229,3,1624
45656,2016-06-16,08:10:00,96,2,6092
45657,2016-06-16,08:12:00,308,3,6419
45658,2016-06-16,08:12:00,82,2,4995
45659,2016-06-16,08:14:00,396,1,399
45660,2016-06-16,08:29:00,452,3,7396
45661,2016-06-16,08:31:00,55,2,3403
45662,2016-06-16,08:35:00,348,1,4246
45663,2016-06-16,08:44:00,289,1,4665
45664,2016-06-16,08:46:00,110,2,9920
45665,2016-06-16,08:47:00,88,3,1742
45666,2016-06-16,08:52:00,121,1,2661
45667,2016-06-16,09:04:00,62,1,11839
45668,2016-06-16,09:24:00,217,3,8420
45669,2016-06-16,09:27:00,257,2,4673
45670,2016-06-16,09:29:00,359,2,8626
45671,2016-06-16,09:34:00,92,1,4562
45672,2016-06-16,09:44:00,80,1,4803
45673,2016-06-16,09:51:00,150,4,1810
45674,2016-06-16,10:01:00,231,2,3748
45675,2016-06-16,10:14:00,123,1,4448
45676,2016-06-16,10:30:00,355,5,7408
45677,2016-06-16,10:33:00,301,1,4175
45678,2016-06-16,10:46:00,394,3,9085
45679,2016-06-16,10:47:00,305,4,1251
45680,2016-06-16,10:57:00,144,1,5184
45681,2016-06-16,11:00:00,211,1,5331
45682,2016-06-16,11:02:00,424,1,4906
45683,2016-06-16,11:08:00,404,2,8410
45684,2016-06-16,11:09:00,369,3,4137
45685,2016-06-16,11:12:00,237,1,8100
45686,2016-06-16,11:19:00,392,2,1843
45687,2016-06-16,11:28:00,78,1,5956
45688,2016-06-16,11:33:00,279,3,819
45689,2016-06-16,11:33:00,104,1,2515
45690,2016-06-16,11:37:00,362,2,1189
45691,2016-06-16,11:45:00,401,3,1762
45692,2016-06-16,11:50:00,406,4,8739
45693,2016-06-16,11:53:00,25,3,3405
45694,2016-06-16,12:07:00,274,2,5652
45695,2016-06-16,12:08:00,93,2,4831
45696,2016-06-16,12:10:00,141,2,8628
45697,2016-06-16,12:14:00,201,2,712
45698,2016-06-16,12:15:00,202,2,3868
45699,2016-06-16,12:15:00,428,2,1150
45700,2016-06-16,12:25:00,68,2,9395
45701,2016-06-16,12:34:00,56,1,9192
45702,2016-06-16,12:40:00,346,2,1463
45703,2016-06-16,12:46:00,278,2,4353
45704,2016-06-16,12:47:00,103,2,9233
45705,2016-06-16,12:53:00,435,3,672
45706,2016-06-16,12:54:00,235,2,10283
45707,2016-06-16,12:56:00,112,1,3008
45708,2016-06-16,13:02:00,448,1,8778
45709,2016-06-16,13:03:00,385,2,4782
45710,2016-06-16,13:04:00,162,2,720
45711,2016-06-16,13:22:00,158,1,11454
45712,2016-06-16,13:26:00,340,1,7040
45713,2016-06-16,13:34:00,282,4,10587
45714,2016-06-16,13:36:00,176,1,4691
45715,2016-06-16,13:41:00,285,1,1496
45716,2016-06-16,13:42:00,336,3,7537
45717,2016-06-16,13:44:00,379,1,6576
45718,2016-06-16,13:50:00,365,2,3892
45719,2016-06-16,14:00:00,6,2,8440
45720,2016-06-16,14:04:00,353,3,11924
45721,2016-06-16,14:11:00,124,1,5006
45722,2016-06-16,14:15:00,408,2,2224
45723,2016-06-16,14:26:00,88,6,8888
45724,2016-06-16,14:31:00,244,1,11989
45725,2016-06-16,14:32:00,311,3,4927
45726,2016-06-16,14:32:00,381,1,8030
45727,2016-06-16,14:36:00,8,2,9797
45728,2016-06-16,14:42:00,158,3,8424
45729,2016-06-16,14:43:00,416,1,7935
45730,2016-06-16,14:45:00,389,3,11163
45731,2016-06-16,14:52:00,411,3,7135
45732,2016-06-16,14:53:00,16,2,8051
45733,2016-06-16,15:03:00,396,2,7940
45734,2016-06-16,15:05:00,252,3,1671
45735,2016-06-16,15:08:00,80,1,3153
45736,2016-06-16,15:20:00,219,1,8045
45737,2016-06-16,15:23:00,295,2,228
45738,2016-06-16,15:25:00,443,2,8745
45739,2016-06-16,15:28:00,203,1,1557
45740,2016-06-16,15:29:00,248,2,5297
45741,2016-06-16,15:31:00,442,1,4675
45742,2016-06-16,15:33:00,422,2,1265
45743,2016-06-16,15:34:00,327,1,9611
45744,2016-06-16,15:35:00,336,1,11138
45745,2016-06-16,15:41:00,377,4,1035
45746,2016-06-16,15:45:00,167,1,3433
45747,2016-06-16,15:45:00,37,1,4503
45748,2016-06-16,15:49:00,338,1,9572
45749,2016-06-16,15:52:00,383,2,199
45750,2016-06-16,15:53:00,310,2,11096
45751,2016-06-16,15:53:00,442,2,7400
45752,2016-06-16,16:08:00,417,3,6549
45753,2016-06-16,16:17:00,453,3,4883
45754,2016-06-16,16:25:00,238,3,11966
45755,2016-06-16,16:29:00,24,1,343
45756,2016-06-16,16:34:00,205,2,2488
45757,2016-06-16,16:37:00,76,1,3344
45758,2016-06-16,16:40:00,250,3,6631
45759,2016-06-16,16:53:00,240,2,11867
45760,2016-06-16,16:59:00,457,1,9555
45761,2016-06-16,17:07:00,138,2,4022
45762,2016-06-16,17:14:00,23,1,10382
45763,2016-06-16,17:17:00,47,2,10458
45764,2016-06-16,17:21:00,381,2,7056
45765,2016-06-16,17:28:00,263,1,4523
45766,2016-06-16,17:41:00,245,1,800
45767,2016-06-16,17:43:00,336,2,3384
45768,2016-06-16,17:52:00,308,1,11523
45769,2016-06-16,18:04:00,401,1,1493
45770,2016-06-16,18:13:00,75,2,2048
45771,2016-06-16,18:14:00,449,1,6041
45772,2016-06-16,18:15:00,325,2,5632
45773,2016-06-16,18:27:00,114,2,5025
45774,2016-06-16,18:33:00,139,2,6494
45775,2016-06-16,18:38:00,95,2,4387
45776,2016-06-16,18:39:00,124,2,10479
45777,2016-06-16,18:40:00,70,2,8371
45778,2016-06-16,18:42:00,227,3,11988
45779,2016-06-16,18:49:00,308,3,1351
45780,2016-06-16,18:52:00,331,3,7839
45781,2016-06-16,18:52:00,224,3,447
45782,2016-06-16,18:57:00,74,2,5875
45783,2016-06-16,18:58:00,443,1,5009
45784,2016-06-16,19:00:00,458,2,5422
45785,2016-06-16,19:06:00,218,2,10943
45786,2016-06-16,19:07:00,436,2,10978
45787,2016-06-16,19:24:00,389,1,4269
45788,2016-06-16,19:28:00,89,4,10980
45789,2016-06-16,19:29:00,274,1,3407
45790,2016-06-16,19:30:00,18,4,7516
45791,2016-06-16,19:32:00,300,1,9832
45792,2016-06-16,19:33:00,270,2,2145
45793,2016-06-16,19:34:00,108,1,7059
45794,2016-06-16,19:45:00,403,1,4829
45795,2016-06-16,19:46:00,353,2,1706
45796,2016-06-16,19:51:00,321,3,2421
45797,2016-06-16,19:52:00,250,3,858
45798,2016-06-16,19:56:00,263,3,11746
45799,2016-06-16,19:59:00,206,2,4182
45800,2016-06-16,20:06:00,324,1,5984
45801,2016-06-16,20:07:00,281,1,3559
45802,2016-06-16,20:08:00,403,2,9619
45803,2016-06-16,20:11:00,306,2,9963
45804,2016-06-16,20:20:00,149,3,9419
45805,2016-06-16,20:20:00,289,2,8040
45806,2016-06-16,20:24:00,94,1,2881
45807,2016-06-16,20:24:00,163,2,1948
45808,2016-06-16,20:30:00,81,1,11963
45809,2016-06-16,20:35:00,407,2,5799
45810,2016-06-16,20:42:00,293,3,5651
45811,2016-06-16,20:47:00,289,2,11470
45812,2016-06-16,21:05:00,364,3,6925
45813,2016-06-16,21:19:00,100,1,8094
45814,2016-06-16,21:25:00,156,2,6426
45815,2016-06-16,21:27:00,214,2,5605
45816,2016-06-16,21:38:00,373,2,7914
45817,2016-06-16,21:40:00,344,6,389
45818,2016-06-16,21:42:00,359,1,7700
45819,2016-06-16,21:43:00,19,1,8140
45820,2016-06-16,21:48:00,331,2,1701
45821,2016-06-16,21:53:00,82,3,4194
45822,2016-06-16,21:59:00,277,1,9327
45823,2016-06-16,22:17:00,117,4,6590
45824,2016-06-16,22:20:00,103,2,9199
45825,2016-06-16,22:22:00,156,4,11564
45826,2016-06-16,22:23:00,254,1,10239
45827,2016-06-16,22:32:00,135,3,10524
45828,2016-06-16,22:40:00,182,2,1262
45829,2016-06-16,23:01:00,439,1,7870
45830,2016-06-16,23:08:00,422,3,10554
45831,2016-06-16,23:13:00,4,1,2704
45832,2016-06-16,23:13:00,22,1,1887
45833,2016-06-16,23:17:00,370,1,10152
45834,2016-06-16,23:23:00,7,2,2138
45835,2016-06-16,23:23:00,53,2,10308
45836,2016-06-16,23:30:00,314,2,10416
45837,2016-06-16,23:35:00,432,3,4528
45838,2016-06-16,23:38:00,120,3,6686
45839,2016-06-16,23:46:00,433,2,1662
45840,2016-06-16,23:56:00,131,2,3316
45841,2016-06-17,00:02:00,166,3,4938
45842,2016-06-17,00:03:00,192,3,4874
45843,2016-06-17,00:04:00,246,3,4672
45844,2016-06-17,00:06:00,286,2,31
45845,2016-06-17,00:08:00,163,1,7423
45846,2016-06-17,00:27:00,361,2,10193
45847,2016-06-17,00:27:00,410,1,913
45848,2016-06-17,00:32:00,71,1,1011
45849,2016-06-17,00:33:00,195,3,401
45850,2016-06-17,00:46:00,326,2,4791
45851,2016-06-17,00:46:00,316,3,4053
45852,2016-06-17,00:50:00,417,1,2030
45853,2016-06-17,00:50:00,83,2,6662
45854,2016-06-17,00:51:00,265,1,902
45855,2016-06-17,00:51:00,71,4,5787
45856,2016-06-17,00:54:00,286,3,234
45857,2016-06-17,01:00:00,293,1,6795
45858,2016-06-17,01:15:00,433,2,6325
45859,2016-06-17,01:21:00,91,3,6860
45860,2016-06-17,01:22:00,448,1,5833
45861,2016-06-17,01:26:00,10,2,10631
45862,2016-06-17,01:47:00,22,2,9868
45863,2016-06-17,01:50:00,122,2,9840
45864,2016-06-17,01:55:00,14,1,10046
45865,2016-06-17,02:01:00,341,2,11216
45866,2016-06-17,02:02:00,103,4,2539
45867,2016-06-17,02:05:00,373,5,614
45868,2016-06-17,02:12:00,17,2,10689
45869,2016-06-17,02:12:00,44,1,1194
45870,2016-06-17,02:16:00,166,2,10798
45871,2016-06-17,02:50:00,142,2,8886
45872,2016-06-17,02:54:00,181,2,4825
45873,2016-06-17,02:55:00,223,3,7522
45874,2016-06-17,03:01:00,234,1,3163
45875,2016-06-17,03:12:00,218,1,9053
45876,2016-06-17,03:15:00,34,2,3636
45877,2016-06-17,03:23:00,154,1,5362
45878,2016-06-17,03:27:00,440,3,4470
45879,2016-06-17,03:28:00,229,3,6393
45880,2016-06-17,03:33:00,151,5,11145
45881,2016-06-17,03:36:00,349,3,5966
45882,2016-06-17,03:42:00,179,2,5693
45883,2016-06-17,03:44:00,421,2,10910
45884,2016-06-17,03:45:00,242,1,3100
45885,2016-06-17,03:47:00,25,1,9489
45886,2016-06-17,03:48:00,306,5,9778
45887,2016-06-17,03:48:00,305,4,8970
45888,2016-06-17,03:49:00,185,3,10992
45889,2016-06-17,03:52:00,296,2,8562
45890,2016-06-17,03:55:00,237,3,1700
45891,2016-06-17,04:00:00,427,2,10179
45892,2016-06-17,04:01:00,267,2,9755
45893,2016-06-17,04:03:00,122,1,8001
45894,2016-06-17,04:08:00,446,1,10333
45895,2016-06-17,04:14:00,209,3,10771
45896,2016-06-17,04:16:00,165,3,1630
45897,2016-06-17,04:17:00,442,2,11687
45898,2016-06-17,04:22:00,446,1,11589
45899,2016-06-17,04:29:00,318,1,9754
45900,2016-06-17,04:31:00,85,3,7297
45901,2016-06-17,04:32:00,311,1,5401
45902,2016-06-17,04:34:00,99,1,9460
45903,2016-06-17,04:38:00,141,4,277
45904,2016-06-17,04:44:00,183,2,4505
45905,2016-06-17,04:45:00,456,1,4769
45906,2016-06-17,04:48:00,27,2,3890
45907,2016-06-17,04:52:00,139,1,5512
45908,2016-06-17,04:55:00,391,2,616
45909,2016-06-17,05:04:00,300,1,1094
45910,2016-06-17,05:12:00,5,2,690
45911,2016-06-17,05:13:00,234,1,8473
45912,2016-06-17,05:18:00,390,2,6741
45913,2016-06-17,05:19:00,36,4,9112
45914,2016-06-17,05:30:00,292,1,8511
45915,2016-06-17,05:38:00,91,1,3425
45916,2016-06-17,05:43:00,285,3,1197
45917,2016-06-17,05:45:00,394,2,5758
45918,2016-06-17,05:53:00,106,3,1650
45919,2016-06-17,06:04:00,191,3,6652
45920,2016-06-17,06:20:00,444,2,1517
45921,2016-06-17,06:22:00,74,1,4640
45922,2016-06-17,06:22:00,109,2,523
45923,2016-06-17,06:23:00,204,2,11767
45924,2016-06-17,06:26:00,190,5,252
45925,2016-06-17,06:29:00,106,1,1123
45926,2016-06-17,06:32:00,162,1,7201
45927,2016-06-17,06:39:00,320,2,3949
45928,2016-06-17,06:42:00,424,1,8150
45929,2016-06-17,06:44:00,435,2,3938
45930,2016-06-17,06:47:00,145,1,8800
45931,2016-06-17,06:49:00,140,2,11942
45932,2016-06-17,06:50:00,328,1,8308
45933,2016-06-17,06:53:00,11,2,7614
45934,2016-06-17,07:02:00,136,1,7905
45935,2016-06-17,07:06:00,364,2,2048
45936,2016-06-17,07:18:00,112,1,6164
45937,2016-06-17,07:22:00,318,1,11958
45938,2016-06-17,07:31:00,402,2,7033
45939,2016-06-17,07:41:00,244,4,4341
45940,2016-06-17,07:46:00,444,3,3708
45941,2016-06-17,07:52:00,198,3,1487
45942,2016-06-17,08:00:00,133,1,4594
45943,2016-06-17,08:09:00,362,1,5507
45944,2016-06-17,08:18:00,413,1,7730
45945,2016-06-17,08:19:00,306,2,9156
45946,2016-06-17,08:21:00,357,2,4697
45947,2016-06-17,08:21:00,15,2,8894
45948,2016-06-17,08:27:00,210,2,3041
45949,2016-06-17,08:36:00,148,1,5436
45950,2016-06-17,08:43:00,404,1,4482
45951,2016-06-17,08:43:00,233,1,8560
45952,2016-06-17,08:43:00,225,1,1429
45953,2016-06-17,08:49:00,313,3,6106
45954,2016-06-17,08:51:00,294,2,3950
45955,2016-06-17,08:51:00,260,1,10227
45956,2016-06-17,08:51:00,348,1,697
45957,2016-06-17,09:04:00,7,1,7303
45958,2016-06-17,09:11:00,437,2,10087
45959,2016-06-17,09:20:00,222,1,1844
45960,2016-06-17,09:24:00,146,2,303
45961,2016-06-17,09:43:00,273,4,11158
45962,2016-06-17,09:46:00,238,2,11575
45963,2016-06-17,09:50:00,451,1,4435
45964,2016-06-17,10:00:00,87,3,2587
45965,2016-06-17,10:07:00,394,1,9372
45966,2016-06-17,10:10:00,219,1,5451
45967,2016-06-17,10:12:00,195,2,10037
45968,2016-06-17,10:13:00,178,2,4128
45969,2016-06-17,10:18:00,384,3,10225
45970,2016-06-17,10:27:00,388,1,5931
45971,2016-06-17,10:29:00,426,2,8443
45972,2016-06-17,10:33:00,34,1,5599
45973,2016-06-17,10:47:00,221,2,9545
45974,2016-06-17,10:52:00,208,2,7612
45975,2016-06-17,10:55:00,151,1,1443
45976,2016-06-17,10:56:00,363,2,11321
45977,2016-06-17,11:05:00,227,1,5636
45978,2016-06-17,11:08:00,288,1,6059
45979,2016-06-17,11:09:00,144,2,4478
45980,2016-06-17,11:20:00,406,2,1004
45981,2016-06-17,11:30:00,389,2,5454
45982,2016-06-17,11:32:00,271,1,637
45983,2016-06-17,11:40:00,380,2,11140
45984,2016-06-17,11:51:00,118,3,7108
45985,2016-06-17,11:51:00,388,3,4419
45986,2016-06-17,11:51:00,343,2,8455
45987,2016-06-17,11:52:00,432,2,5919
45988,2016-06-17,11:57:00,365,3,9114
45989,2016-06-17,12:09:00,343,1,3443
45990,2016-06-17,12:12:00,219,1,5412
45991,2016-06-17,12:17:00,90,2,7840
45992,2016-06-17,12:22:00,61,1,3450
45993,2016-06-17,12:23:00,46,1,683
45994,2016-06-17,12:29:00,30,2,7714
45995,2016-06-17,12:31:00,401,2,9828
45996,2016-06-17,12:36:00,349,2,6406
45997,2016-06-17,12:43:00,232,1,4137
45998,2016-06-17,12:43:00,362,2,11602
45999,2016-06-17,12:45:00,296,1,7673
46000,2016-06-17,12:47:00,4,3,7436
46001,2016-06-17,12:52:00,41,2,3380
46002,2016-06-17,12:53:00,4,1,632
46003,2016-06-17,12:54:00,130,2,5250
46004,2016-06-17,13:07:00,220,2,10046
46005,2016-06-17,13:09:00,392,1,8590
46006,2016-06-17,13:25:00,114,2,326
46007,2016-06-17,13:29:00,290,4,8302
46008,2016-06-17,13:45:00,404,3,9059
46009,2016-06-17,13:58:00,430,2,9770
46010,2016-06-17,13:59:00,306,1,7984
46011,2016-06-17,14:02:00,100,1,10246
46012,2016-06-17,14:05:00,187,3,762
46013,2016-06-17,14:10:00,395,2,997
46014,2016-06-17,14:31:00,384,2,11662
46015,2016-06-17,14:31:00,206,1,10848
46016,2016-06-17,14:40:00,449,2,374
46017,2016-06-17,14:41:00,66,1,2621
46018,2016-06-17,14:44:00,271,3,1526
46019,2016-06-17,14:52:00,26,1,4315
46020,2016-06-17,14:54:00,357,2,2744
46021,2016-06-17,14:57:00,98,2,4642
46022,2016-06-17,15:02:00,445,3,4265
46023,2016-06-17,15:04:00,103,4,10134
46024,2016-06-17,15:08:00,210,3,2502
46025,2016-06-17,15:14:00,81,3,2027
46026,2016-06-17,15:15:00,341,2,166
46027,2016-06-17,15:19:00,310,3,6546
46028,2016-06-17,15:24:00,182,1,9266
46029,2016-06-17,15:27:00,440,2,4810
46030,2016-06-17,15:38:00,402,1,5336
46031,2016-06-17,15:39:00,117,3,10445
46032,2016-06-17,15:48:00,320,4,5244
46033,2016-06-17,15:53:00,178,1,6722
46034,2016-06-17,16:02:00,38,3,4963
46035,2016-06-17,16:03:00,310,3,7740
46036,2016-06-17,16:06:00,148,1,2446
46037,2016-06-17,16:07:00,42,3,1025
46038,2016-06-17,16:08:00,308,3,11605
46039,2016-06-17,16:12:00,322,1,6074
46040,2016-06-17,16:16:00,301,1,240
46041,2016-06-17,16:16:00,409,2,6720
46042,2016-06-17,16:24:00,64,3,1033
46043,2016-06-17,16:26:00,235,1,10412
46044,2016-06-17,16:27:00,229,2,9212
46045,2016-06-17,16:55:00,5,2,9650
46046,2016-06-17,16:58:00,84,3,2824
46047,2016-06-17,17:01:00,356,2,1219
46048,2016-06-17,17:03:00,404,4,10988
46049,2016-06-17,17:03:00,397,2,7572
46050,2016-06-17,17:04:00,418,4,2917
46051,2016-06-17,17:07:00,168,4,3719
46052,2016-06-17,17:09:00,288,5,308
46053,2016-06-17,17:10:00,396,3,8172
46054,2016-06-17,17:22:00,243,5,10732
46055,2016-06-17,17:22:00,237,3,9854
46056,2016-06-17,17:25:00,36,2,224
46057,2016-06-17,17:29:00,229,3,8230
46058,2016-06-17,17:33:00,82,1,1088
46059,2016-06-17,17:43:00,66,2,2930
46060,2016-06-17,17:44:00,378,2,1991
46061,2016-06-17,17:45:00,308,3,7110
46062,2016-06-17,17:51:00,292,1,6195
46063,2016-06-17,17:54:00,282,4,9504
46064,2016-06-17,18:04:00,411,2,3068
46065,2016-06-17,18:28:00,64,2,1615
46066,2016-06-17,18:28:00,67,3,604
46067,2016-06-17,18:29:00,429,2,235
46068,2016-06-17,18:31:00,101,3,11680
46069,2016-06-17,18:44:00,226,3,4912
46070,2016-06-17,18:48:00,70,3,11249
46071,2016-06-17,18:54:00,331,1,2495
46072,2016-06-17,19:07:00,69,2,8061
46073,2016-06-17,19:08:00,359,1,383
46074,2016-06-17,19:25:00,309,2,11194
46075,2016-06-17,19:33:00,375,1,3497
46076,2016-06-17,19:40:00,30,2,6545
46077,2016-06-17,19:41:00,243,1,4261
46078,2016-06-17,19:51:00,196,1,8639
46079,2016-06-17,20:00:00,172,1,5000
46080,2016-06-17,20:11:00,264,1,10401
46081,2016-06-17,20:17:00,107,1,1880
46082,2016-06-17,20:17:00,292,2,10752
46083,2016-06-17,20:20:00,180,3,3424
46084,2016-06-17,20:30:00,445,1,11753
46085,2016-06-17,20:35:00,421,2,7812
46086,2016-06-17,20:36:00,175,3,1436
46087,2016-06-17,20:39:00,443,1,11536
46088,2016-06-17,20:42:00,382,1,4492
46089,2016-06-17,21:00:00,166,2,9438
46090,2016-06-17,21:03:00,349,1,882
46091,2016-06-17,21:04:00,319,2,8221
46092,2016-06-17,21:05:00,433,3,216
46093,2016-06-17,21:07:00,74,2,3410
46094,2016-06-17,21:14:00,29,3,9940
46095,2016-06-17,21:21:00,372,1,7179
46096,2016-06-17,21:26:00,299,1,2039
46097,2016-06-17,21:29:00,288,2,8471
46098,2016-06-17,21:36:00,46,2,1714
46099,2016-06-17,21:37:00,198,5,6188
46100,2016-06-17,21:42:00,280,1,2638
46101,2016-06-17,21:57:00,359,1,8781
46102,2016-06-17,22:06:00,352,2,2600
46103,2016-06-17,22:07:00,278,3,2393
46104,2016-06-17,22:10:00,206,3,11140
46105,2016-06-17,22:13:00,77,1,6645
46106,2016-06-17,22:42:00,247,2,7880
46107,2016-06-17,22:45:00,277,2,4707
46108,2016-06-17,22:50:00,321,2,10586
46109,2016-06-17,22:53:00,159,2,8974
46110,2016-06-17,23:15:00,39,3,7983
46111,2016-06-17,23:18:00,421,1,8985
46112,2016-06-17,23:18:00,57,1,4492
46113,2016-06-17,23:19:00,267,2,2289
46114,2016-06-17,23:29:00,453,2,11972
46115,2016-06-17,23:31:00,57,3,6094
46116,2016-06-17,23:34:00,69,3,11927
46117,2016-06-17,23:37:00,355,3,7474
46118,2016-06-17,23:48:00,232,1,5416
46119,2016-06-17,23:50:00,215,1,6771
46120,2016-06-17,23:50:00,41,2,6970
46121,2016-06-18,00:01:00,63,3,6845
46122,2016-06-18,00:02:00,193,1,4501
46123,2016-06-18,00:08:00,380,2,9868
46124,2016-06-18,00:21:00,150,1,1282
46125,2016-06-18,00:21:00,134,3,603
46126,2016-06-18,00:22:00,153,3,8088
46127,2016-06-18,00:24:00,52,1,3328
46128,2016-06-18,00:24:00,390,1,1549
46129,2016-06-18,00:33:00,423,1,6020
46130,2016-06-18,00:39:00,255,1,7281
46131,2016-06-18,00:51:00,422,3,3083
46132,2016-06-18,00:55:00,83,1,2789
46133,2016-06-18,00:58:00,356,2,1663
46134,2016-06-18,01:02:00,12,1,7199
46135,2016-06-18,01:03:00,65,6,5343
46136,2016-06-18,01:07:00,85,1,11271
46137,2016-06-18,01:24:00,204,2,2026
46138,2016-06-18,01:28:00,243,4,7654
46139,2016-06-18,01:29:00,254,3,5118
46140,2016-06-18,01:33:00,19,2,7923
46141,2016-06-18,01:34:00,257,4,8423
46142,2016-06-18,01:34:00,432,1,8814
46143,2016-06-18,01:35:00,326,2,3585
46144,2016-06-18,01:35:00,178,2,11300
46145,2016-06-18,01:40:00,265,3,439
46146,2016-06-18,01:49:00,399,1,4259
46147,2016-06-18,01:54:00,267,2,11413
46148,2016-06-18,01:55:00,120,2,682
46149,2016-06-18,01:56:00,331,1,3269
46150,2016-06-18,01:57:00,365,1,3856
46151,2016-06-18,02:21:00,127,3,3514
46152,2016-06-18,02:27:00,219,4,6869
46153,2016-06-18,02:32:00,296,3,1930
46154,2016-06-18,02:41:00,332,4,10083
46155,2016-06-18,02:42:00,214,1,3585
46156,2016-06-18,02:43:00,21,2,603
46157,2016-06-18,02:43:00,295,1,9632
46158,2016-06-18,02:50:00,424,1,7265
46159,2016-06-18,02:50:00,78,2,422
46160,2016-06-18,02:50:00,81,1,11901
46161,2016-06-18,02:58:00,14,3,5636
46162,2016-06-18,02:59:00,250,3,1852
46163,2016-06-18,03:18:00,445,2,11110
46164,2016-06-18,03:23:00,212,4,10328
46165,2016-06-18,03:24:00,429,2,8797
46166,2016-06-18,03:28:00,63,2,11827
46167,2016-06-18,03:36:00,422,2,1295
46168,2016-06-18,03:38:00,353,2,11979
46169,2016-06-18,03:39:00,454,2,5254
46170,2016-06-18,03:42:00,28,1,2158
46171,2016-06-18,03:46:00,44,2,4235
46172,2016-06-18,03:46:00,228,1,4902
46173,2016-06-18,03:48:00,458,1,1765
46174,2016-06-18,03:49:00,195,2,9349
46175,2016-06-18,03:50:00,103,2,7901
46176,2016-06-18,04:00:00,256,2,7998
46177,2016-06-18,04:01:00,246,2,7312
46178,2016-06-18,04:02:00,369,2,643
46179,2016-06-18,04:09:00,366,2,2337
46180,2016-06-18,04:09:00,70,2,6525
46181,2016-06-18,04:11:00,215,2,9127
46182,2016-06-18,04:28:00,360,2,8496
46183,2016-06-18,04:38:00,420,2,2620
46184,2016-06-18,04:43:00,177,3,2901
46185,2016-06-18,04:44:00,442,1,4403
46186,2016-06-18,04:46:00,423,2,5573
46187,2016-06-18,04:54:00,178,1,11027
46188,2016-06-18,04:58:00,257,2,4075
46189,2016-06-18,05:14:00,331,2,1677
46190,2016-06-18,05:14:00,377,3,7004
46191,2016-06-18,05:19:00,356,3,8209
46192,2016-06-18,05:20:00,351,1,5658
46193,2016-06-18,05:22:00,382,1,9864
46194,2016-06-18,05:23:00,402,4,8684
46195,2016-06-18,05:44:00,228,3,9011
46196,2016-06-18,05:45:00,431,2,4036
46197,2016-06-18,05:47:00,315,1,7224
46198,2016-06-18,05:54:00,22,2,8334
46199,2016-06-18,05:54:00,447,4,11586
46200,2016-06-18,05:59:00,394,2,5834
46201,2016-06-18,06:11:00,438,3,4688
46202,2016-06-18,06:17:00,122,3,9966
46203,2016-06-18,06:24:00,28,2,10624
46204,2016-06-18,06:28:00,327,2,6881
46205,2016-06-18,06:31:00,132,3,2243
46206,2016-06-18,06:45:00,85,2,8972
46207,2016-06-18,06:47:00,398,1,8778
46208,2016-06-18,06:48:00,125,2,2971
46209,2016-06-18,06:54:00,132,3,9838
46210,2016-06-18,07:01:00,285,1,8747
46211,2016-06-18,07:05:00,320,2,1717
46212,2016-06-18,07:12:00,260,1,5463
46213,2016-06-18,07:17:00,63,1,9694
46214,2016-06-18,07:20:00,338,2,541
46215,2016-06-18,07:25:00,259,2,9794
46216,2016-06-18,07:26:00,64,2,9335
46217,2016-06-18,07:28:00,427,1,10774
46218,2016-06-18,07:33:00,369,4,8140
46219,2016-06-18,07:45:00,149,1,8345
46220,2016-06-18,07:51:00,30,1,8250
46221,2016-06-18,07:52:00,22,2,3151
46222,2016-06-18,07:54:00,81,2,3476
46223,2016-06-18,08:05:00,67,1,1491
46224,2016-06-18,08:06:00,220,1,11822
46225,2016-06-18,08:06:00,100,1,10578
46226,2016-06-18,08:27:00,276,1,3324
46227,2016-06-18,08:27:00,116,1,9133
46228,2016-06-18,08:36:00,188,1,4233
46229,2016-06-18,08:43:00,226,2,3919
46230,2016-06-18,08:45:00,390,2,5866
46231,2016-06-18,08:52:00,45,2,5939
46232,2016-06-18,08:54:00,159,2,7445
46233,2016-06-18,08:56:00,391,1,7558
46234,2016-06-18,09:07:00,259,2,6215
46235,2016-06-18,09:10:00,356,2,5225
46236,2016-06-18,09:12:00,204,3,9062
46237,2016-06-18,09:12:00,199,3,4478
46238,2016-06-18,09:13:00,360,2,10861
46239,2016-06-18,09:14:00,185,1,6493
46240,2016-06-18,09:19:00,6,3,9808
46241,2016-06-18,09:20:00,302,2,536
46242,2016-06-18,09:49:00,169,1,4366
46243,2016-06-18,09:50:00,23,1,7031
46244,2016-06-18,09:51:00,389,2,3806
46245,2016-06-18,09:53:00,304,4,10496
46246,2016-06-18,10:00:00,425,2,11535
46247,2016-06-18,10:04:00,272,2,356
46248,2016-06-18,10:11:00,154,3,8322
46249,2016-06-18,10:12:00,328,2,9938
46250,2016-06-18,10:18:00,437,1,2323
46251,2016-06-18,10:30:00,166,1,11621
46252,2016-06-18,10:32:00,12,2,5775
46253,2016-06-18,10:35:00,322,2,697
46254,2016-06-18,10:35:00,249,1,9720
46255,2016-06-18,10:43:00,333,3,2159
46256,2016-06-18,10:45:00,231,3,2728
46257,2016-06-18,10:48:00,288,2,11714
46258,2016-06-18,10:54:00,84,3,160
46259,2016-06-18,10:55:00,258,2,169
46260,2016-06-18,10:59:00,153,3,11407
46261,2016-06-18,10:59:00,227,1,307
46262,2016-06-18,11:00:00,319,1,7600
46263,2016-06-18,11:00:00,296,1,2022
46264,2016-06-18,11:12:00,41,3,5675
46265,2016-06-18,11:17:00,117,1,4624
46266,2016-06-18,11:20:00,64,1,9199
46267,2016-06-18,11:29:00,342,1,4822
46268,2016-06-18,11:29:00,384,4,3925
46269,2016-06-18,11:37:00,104,1,7380
46270,2016-06-18,11:40:00,358,2,5929
46271,2016-06-18,11:49:00,430,2,6258
46272,2016-06-18,11:52:00,285,2,9798
46273,2016-06-18,11:59:00,443,2,5363
46274,2016-06-18,12:11:00,2,3,9558
46275,2016-06-18,12:12:00,322,1,8460
46276,2016-06-18,12:19:00,415,5,2582
46277,2016-06-18,12:21:00,362,2,9807
46278,2016-06-18,12:23:00,338,2,3768
46279,2016-06-18,12:32:00,207,2,6464
46280,2016-06-18,12:36:00,370,2,8018
46281,2016-06-18,12:44:00,337,2,8054
46282,2016-06-18,12:52:00,1,1,10398
46283,2016-06-18,13:18:00,358,1,4875
46284,2016-06-18,13:20:00,201,1,9690
46285,2016-06-18,13:25:00,229,3,6772
46286,2016-06-18,13:33:00,285,2,1720
46287,2016-06-18,14:16:00,166,1,11449
46288,2016-06-18,14:20:00,178,2,2835
46289,2016-06-18,14:25:00,97,2,9666
46290,2016-06-18,14:30:00,352,2,7708
46291,2016-06-18,14:36:00,97,1,4277
46292,2016-06-18,14:42:00,119,3,600
46293,2016-06-18,14:49:00,377,2,10236
46294,2016-06-18,14:54:00,400,2,11869
46295,2016-06-18,15:13:00,35,1,8308
46296,2016-06-18,15:15:00,283,2,546
46297,2016-06-18,15:20:00,123,1,5620
46298,2016-06-18,15:24:00,62,1,691
46299,2016-06-18,15:28:00,369,2,5383
46300,2016-06-18,15:32:00,377,4,6258
46301,2016-06-18,15:47:00,453,1,4636
46302,2016-06-18,15:49:00,317,2,5832
46303,2016-06-18,15:50:00,336,1,3232
46304,2016-06-18,15:58:00,44,2,8812
46305,2016-06-18,16:11:00,99,3,8325
46306,2016-06-18,16:13:00,387,1,860
46307,2016-06-18,16:29:00,91,2,9957
46308,2016-06-18,16:38:00,177,1,4732
46309,2016-06-18,16:41:00,174,2,3383
46310,2016-06-18,16:42:00,160,3,10408
46311,2016-06-18,16:42:00,46,1,2202
46312,2016-06-18,16:46:00,226,1,10327
46313,2016-06-18,17:01:00,276,1,2789
46314,2016-06-18,17:09:00,69,2,10592
46315,2016-06-18,17:15:00,173,2,4167
46316,2016-06-18,17:16:00,104,1,5762
46317,2016-06-18,17:26:00,12,1,5388
46318,2016-06-18,17:30:00,457,1,11753
46319,2016-06-18,17:44:00,300,2,10832
46320,2016-06-18,18:02:00,87,1,1628
46321,2016-06-18,18:02:00,198,4,10773
46322,2016-06-18,18:23:00,148,3,7993
46323,2016-06-18,18:40:00,70,2,8219
46324,2016-06-18,18:58:00,330,4,3618
46325,2016-06-18,19:23:00,315,2,1824
46326,2016-06-18,19:35:00,258,2,5961
46327,2016-06-18,19:39:00,330,2,9695
46328,2016-06-18,19:39:00,389,2,11065
46329,2016-06-18,19:43:00,394,1,2371
46330,2016-06-18,19:46:00,26,1,6862
46331,2016-06-18,19:49:00,238,2,9434
46332,2016-06-18,19:50:00,59,2,6406
46333,2016-06-18,19:51:00,152,4,7529
46334,2016-06-18,19:54:00,255,2,8387
46335,2016-06-18,19:57:00,167,1,3128
46336,2016-06-18,20:00:00,115,3,7892
46337,2016-06-18,20:11:00,341,2,9590
46338,2016-06-18,20:15:00,407,3,2464
46339,2016-06-18,20:22:00,362,1,7797
46340,2016-06-18,20:48:00,395,2,5422
46341,2016-06-18,20:51:00,385,1,10588
46342,2016-06-18,21:07:00,301,2,8946
46343,2016-06-18,21:16:00,133,1,2163
46344,2016-06-18,21:29:00,321,2,11468
46345,2016-06-18,21:31:00,188,1,10672
46346,2016-06-18,21:32:00,458,1,11198
46347,2016-06-18,21:35:00,219,2,10522
46348,2016-06-18,21:36:00,144,2,10384
46349,2016-06-18,21:39:00,167,2,8233
46350,2016-06-18,21:42:00,261,4,614
46351,2016-06-18,21:47:00,363,3,3762
46352,2016-06-18,21:48:00,47,3,4266
46353,2016-06-18,21:49:00,456,2,4797
46354,2016-06-18,21:50:00,177,2,7095
46355,2016-06-18,22:02:00,8,1,6695
46356,2016-06-18,22:17:00,256,2,840
46357,2016-06-18,22:19:00,198,3,11726
46358,2016-06-18,22:20:00,67,1,8662
46359,2016-06-18,22:30:00,117,2,4178
46360,2016-06-18,22:31:00,440,3,11217
46361,2016-06-18,22:31:00,226,2,11529
46362,2016-06-18,22:32:00,449,4,1583
46363,2016-06-18,22:32:00,307,1,1836
46364,2016-06-18,22:37:00,281,2,11105
46365,2016-06-18,22:41:00,235,2,7119
46366,2016-06-18,22:43:00,186,2,2059
46367,2016-06-18,22:46:00,84,2,4319
46368,2016-06-18,22:52:00,134,1,3006
46369,2016-06-18,22:53:00,307,1,436
46370,2016-06-18,22:54:00,218,1,5318
46371,2016-06-18,22:58:00,388,1,8508
46372,2016-06-18,22:59:00,297,1,11199
46373,2016-06-18,23:01:00,195,2,3173
46374,2016-06-18,23:08:00,267,3,2463
46375,2016-06-18,23:10:00,49,3,4950
46376,2016-06-18,23:24:00,212,3,150
46377,2016-06-18,23:27:00,315,3,5008
46378,2016-06-18,23:33:00,336,2,4974
46379,2016-06-18,23:51:00,352,1,8686
46380,2016-06-18,23:52:00,266,1,3870
46381,2016-06-18,23:54:00,32,3,4149
46382,2016-06-18,23:57:00,313,1,2413
46383,2016-06-18,23:57:00,11,3,6513
46384,2016-06-19,00:06:00,153,1,8974
46385,2016-06-19,00:08:00,378,2,10701
46386,2016-06-19,00:19:00,242,4,4606
46387,2016-06-19,00:25:00,352,3,10584
46388,2016-06-19,00:31:00,207,1,8935
46389,2016-06-19,00:33:00,280,1,11085
46390,2016-06-19,00:35:00,444,2,7616
46391,2016-06-19,00:38:00,186,1,3983
46392,2016-06-19,00:40:00,435,2,5739
46393,2016-06-19,00:42:00,322,1,4065
46394,2016-06-19,00:50:00,211,2,6571
46395,2016-06-19,00:51:00,406,4,11548
46396,2016-06-19,00:55:00,394,1,8577
46397,2016-06-19,00:59:00,450,1,3169
46398,2016-06-19,01:02:00,176,2,3288
46399,2016-06-19,01:03:00,34,2,4284
46400,2016-06-19,01:03:00,26,2,3944
46401,2016-06-19,01:05:00,20,2,5250
46402,2016-06-19,01:08:00,143,6,2412
46403,2016-06-19,01:08:00,445,1,5533
46404,2016-06-19,01:11:00,71,4,1507
46405,2016-06-19,01:31:00,364,1,1712
46406,2016-06-19,01:31:00,270,2,10206
46407,2016-06-19,01:45:00,47,1,6631
46408,2016-06-19,01:52:00,12,3,1208
46409,2016-06-19,01:55:00,78,1,2126
46410,2016-06-19,02:03:00,53,2,11362
46411,2016-06-19,02:13:00,322,1,4982
46412,2016-06-19,02:19:00,409,3,9602
46413,2016-06-19,02:35:00,65,1,9429
46414,2016-06-19,02:48:00,386,3,464
46415,2016-06-19,02:49:00,181,1,7007
46416,2016-06-19,02:56:00,39,2,543
46417,2016-06-19,03:05:00,27,2,9552
46418,2016-06-19,03:17:00,190,2,9527
46419,2016-06-19,03:28:00,186,1,8716
46420,2016-06-19,03:56:00,412,1,3622
46421,2016-06-19,04:02:00,21,1,3446
46422,2016-06-19,04:10:00,345,1,2940
46423,2016-06-19,04:28:00,37,3,6125
46424,2016-06-19,04:31:00,125,2,1152
46425,2016-06-19,04:32:00,153,1,4001
46426,2016-06-19,04:34:00,64,4,746
46427,2016-06-19,04:35:00,342,2,1432
46428,2016-06-19,04:36:00,338,3,2028
46429,2016-06-19,04:37:00,383,3,8601
46430,2016-06-19,04:40:00,71,1,8371
46431,2016-06-19,04:44:00,35,1,1841
46432,2016-06-19,04:54:00,336,3,10899
46433,2016-06-19,05:17:00,76,1,9753
46434,2016-06-19,05:17:00,190,3,8175
46435,2016-06-19,05:19:00,428,2,3640
46436,2016-06-19,05:26:00,366,2,830
46437,2016-06-19,05:29:00,453,1,11551
46438,2016-06-19,05:30:00,441,1,5412
46439,2016-06-19,05:30:00,49,1,1903
46440,2016-06-19,05:31:00,149,1,5991
46441,2016-06-19,05:32:00,191,2,6489
46442,2016-06-19,05:46:00,257,1,2464
46443,2016-06-19,05:46:00,107,4,2536
46444,2016-06-19,05:49:00,106,2,6919
46445,2016-06-19,05:51:00,456,1,5101
46446,2016-06-19,05:58:00,88,1,2469
46447,2016-06-19,06:00:00,159,2,2394
46448,2016-06-19,06:05:00,195,1,9338
46449,2016-06-19,06:06:00,271,2,4068
46450,2016-06-19,06:20:00,17,1,4347
46451,2016-06-19,06:22:00,172,3,3678
46452,2016-06-19,06:25:00,423,1,7327
46453,2016-06-19,06:35:00,67,1,2065
46454,2016-06-19,06:37:00,413,1,5275
46455,2016-06-19,06:40:00,81,3,48
46456,2016-06-19,06:40:00,93,1,355
46457,2016-06-19,06:45:00,210,3,9605
46458,2016-06-19,06:47:00,134,3,5272
46459,2016-06-19,06:55:00,454,1,3090
46460,2016-06-19,07:00:00,24,2,2540
46461,2016-06-19,07:04:00,237,1,6524
46462,2016-06-19,07:05:00,299,1,10367
46463,2016-06-19,07:21:00,30,2,6924
46464,2016-06-19,07:23:00,333,1,2003
46465,2016-06-19,07:33:00,443,1,7481
46466,2016-06-19,07:34:00,199,1,5747
46467,2016-06-19,07:37:00,180,1,1150
46468,2016-06-19,07:39:00,235,1,5593
46469,2016-06-19,07:43:00,405,1,6164
46470,2016-06-19,07:46:00,166,4,5195
46471,2016-06-19,07:48:00,346,3,10111
46472,2016-06-19,07:49:00,385,5,2701
46473,2016-06-19,08:19:00,293,1,6300
46474,2016-06-19,08:21:00,107,3,5218
46475,2016-06-19,08:24:00,43,3,2533
46476,2016-06-19,08:25:00,168,1,8117
46477,2016-06-19,08:44:00,193,4,4034
46478,2016-06-19,08:47:00,95,2,8785
46479,2016-06-19,08:52:00,147,3,5144
46480,2016-06-19,08:53:00,396,1,5976
46481,2016-06-19,08:56:00,108,2,10720
46482,2016-06-19,08:56:00,371,2,5589
46483,2016-06-19,09:04:00,202,1,9994
46484,2016-06-19,09:06:00,73,1,5776
46485,2016-06-19,09:13:00,110,1,5528
46486,2016-06-19,09:17:00,42,3,6212
46487,2016-06-19,09:20:00,392,1,10050
46488,2016-06-19,09:24:00,298,1,1695
46489,2016-06-19,09:28:00,358,6,9688
46490,2016-06-19,09:30:00,160,2,5926
46491,2016-06-19,09:35:00,285,1,6832
46492,2016-06-19,09:40:00,209,2,9349
46493,2016-06-19,09:44:00,184,3,11031
46494,2016-06-19,09:47:00,117,4,5291
46495,2016-06-19,09:55:00,357,1,6021
46496,2016-06-19,10:02:00,329,1,5459
46497,2016-06-19,10:05:00,325,2,7093
46498,2016-06-19,10:10:00,254,1,8123
46499,2016-06-19,10:10:00,305,1,10977
46500,2016-06-19,10:11:00,284,1,6607
46501,2016-06-19,10:25:00,55,3,11865
46502,2016-06-19,10:27:00,62,1,365
46503,2016-06-19,10:38:00,109,1,1163
46504,2016-06-19,10:43:00,202,3,7309
46505,2016-06-19,10:51:00,449,2,4581
46506,2016-06-19,10:51:00,80,2,10512
46507,2016-06-19,10:53:00,101,3,1780
46508,2016-06-19,10:57:00,20,2,4108
46509,2016-06-19,10:58:00,53,2,5981
46510,2016-06-19,11:11:00,3,1,9003
46511,2016-06-19,11:14:00,330,2,3867
46512,2016-06-19,11:24:00,213,1,160
46513,2016-06-19,11:24:00,222,1,9951
46514,2016-06-19,11:26:00,243,1,10091
46515,2016-06-19,11:27:00,283,2,6567
46516,2016-06-19,11:28:00,239,3,11845
46517,2016-06-19,11:29:00,428,4,8296
46518,2016-06-19,11:36:00,120,1,5669
46519,2016-06-19,11:40:00,437,1,7491
46520,2016-06-19,11:45:00,205,2,7990
46521,2016-06-19,11:50:00,183,2,1237
46522,2016-06-19,11:51:00,171,1,11961
46523,2016-06-19,11:51:00,241,1,2336
46524,2016-06-19,11:53:00,120,2,1606
46525,2016-06-19,11:54:00,430,2,3848
46526,2016-06-19,11:57:00,251,3,7569
46527,2016-06-19,12:04:00,255,2,10957
46528,2016-06-19,12:05:00,375,3,8134
46529,2016-06-19,12:08:00,456,2,7505
46530,2016-06-19,12:09:00,182,3,478
46531,2016-06-19,12:11:00,455,3,8530
46532,2016-06-19,12:13:00,404,1,472
46533,2016-06-19,12:14:00,211,2,9758
46534,2016-06-19,12:16:00,83,3,11737
46535,2016-06-19,12:27:00,78,1,5482
46536,2016-06-19,12:31:00,60,1,5431
46537,2016-06-19,12:32:00,14,4,11904
46538,2016-06-19,12:42:00,21,3,3016
46539,2016-06-19,12:46:00,237,1,4691
46540,2016-06-19,12:50:00,203,1,4174
46541,2016-06-19,12:55:00,276,1,5598
46542,2016-06-19,13:01:00,184,3,3834
46543,2016-06-19,13:02:00,83,1,1356
46544,2016-06-19,13:02:00,309,2,6634
46545,2016-06-19,13:07:00,9,3,4916
46546,2016-06-19,13:08:00,265,3,4603
46547,2016-06-19,13:09:00,365,1,6991
46548,2016-06-19,13:15:00,412,3,10381
46549,2016-06-19,13:17:00,99,1,7114
46550,2016-06-19,13:22:00,412,3,6852
46551,2016-06-19,13:24:00,55,2,4688
46552,2016-06-19,13:29:00,270,1,4734
46553,2016-06-19,13:45:00,43,3,9028
46554,2016-06-19,13:53:00,373,6,10655
46555,2016-06-19,14:04:00,139,1,11135
46556,2016-06-19,14:07:00,445,4,10064
46557,2016-06-19,14:28:00,313,2,7623
46558,2016-06-19,14:32:00,338,3,11940
46559,2016-06-19,14:55:00,32,2,6336
46560,2016-06-19,14:57:00,359,2,7530
46561,2016-06-19,14:57:00,239,1,2430
46562,2016-06-19,15:12:00,152,1,794
46563,2016-06-19,15:13:00,426,2,5535
46564,2016-06-19,15:24:00,401,3,6245
46565,2016-06-19,15:39:00,131,1,9263
46566,2016-06-19,15:42:00,395,1,11750
46567,2016-06-19,15:51:00,108,2,3016
46568,2016-06-19,15:58:00,92,2,4078
46569,2016-06-19,16:05:00,164,4,709
46570,2016-06-19,16:09:00,110,3,6389
46571,2016-06-19,16:14:00,136,4,11807
46572,2016-06-19,16:19:00,239,3,9473
46573,2016-06-19,16:23:00,16,2,9899
46574,2016-06-19,16:29:00,216,3,7723
46575,2016-06-19,16:40:00,309,2,1861
46576,2016-06-19,16:43:00,189,2,8313
46577,2016-06-19,16:46:00,397,2,1008
46578,2016-06-19,16:47:00,390,3,3711
46579,2016-06-19,16:59:00,303,3,6414
46580,2016-06-19,17:07:00,72,2,9528
46581,2016-06-19,17:18:00,132,6,2545
46582,2016-06-19,17:20:00,382,2,11101
46583,2016-06-19,17:26:00,357,3,4900
46584,2016-06-19,17:32:00,49,1,4686
46585,2016-06-19,17:35:00,425,1,2696
46586,2016-06-19,17:36:00,276,4,627
46587,2016-06-19,17:36:00,41,3,5182
46588,2016-06-19,17:37:00,64,2,1832
46589,2016-06-19,17:38:00,94,2,587
46590,2016-06-19,17:40:00,184,3,1632
46591,2016-06-19,17:43:00,18,3,2886
46592,2016-06-19,17:44:00,216,2,5812
46593,2016-06-19,17:48:00,179,1,2170
46594,2016-06-19,17:57:00,42,3,5162
46595,2016-06-19,18:01:00,372,2,5647
46596,2016-06-19,18:14:00,422,3,3014
46597,2016-06-19,18:17:00,171,2,10909
46598,2016-06-19,18:25:00,291,3,2667
46599,2016-06-19,18:33:00,332,2,7750
46600,2016-06-19,18:35:00,163,3,2138
46601,2016-06-19,18:43:00,386,2,251
46602,2016-06-19,18:55:00,410,2,11933
46603,2016-06-19,18:59:00,406,1,1200
46604,2016-06-19,18:59:00,183,1,3825
46605,2016-06-19,19:00:00,356,4,1643
46606,2016-06-19,19:06:00,126,1,10469
46607,2016-06-19,19:17:00,110,2,10516
46608,2016-06-19,19:28:00,350,2,67
46609,2016-06-19,19:33:00,97,2,5976
46610,2016-06-19,19:34:00,32,3,9640
46611,2016-06-19,19:37:00,278,2,10988
46612,2016-06-19,19:41:00,63,1,5712
46613,2016-06-19,19:41:00,73,2,757
46614,2016-06-19,19:55:00,221,1,2039
46615,2016-06-19,19:59:00,388,2,8079
46616,2016-06-19,19:59:00,6,2,1181
46617,2016-06-19,20:03:00,38,1,11138
46618,2016-06-19,20:28:00,335,3,6140
46619,2016-06-19,20:35:00,203,2,2291
46620,2016-06-19,20:40:00,268,2,9162
46621,2016-06-19,20:44:00,171,2,822
46622,2016-06-19,20:54:00,455,4,10791
46623,2016-06-19,21:04:00,238,1,3820
46624,2016-06-19,21:10:00,366,1,3310
46625,2016-06-19,21:13:00,215,1,8902
46626,2016-06-19,21:16:00,226,1,4949
46627,2016-06-19,21:18:00,403,2,6864
46628,2016-06-19,21:21:00,75,3,2133
46629,2016-06-19,21:21:00,373,3,1715
46630,2016-06-19,21:29:00,305,2,10260
46631,2016-06-19,21:31:00,204,1,9023
46632,2016-06-19,21:37:00,57,2,10300
46633,2016-06-19,21:54:00,423,1,8388
46634,2016-06-19,22:07:00,78,3,10686
46635,2016-06-19,22:13:00,401,1,11122
46636,2016-06-19,22:28:00,89,1,2178
46637,2016-06-19,22:38:00,139,3,10903
46638,2016-06-19,22:41:00,175,3,5485
46639,2016-06-19,22:41:00,86,1,6838
46640,2016-06-19,22:44:00,121,2,2148
46641,2016-06-19,22:50:00,349,1,3495
46642,2016-06-19,23:00:00,280,1,4586
46643,2016-06-19,23:01:00,1,2,8866
46644,2016-06-19,23:04:00,230,1,5481
46645,2016-06-19,23:25:00,189,1,10457
46646,2016-06-19,23:27:00,243,1,4752
46647,2016-06-19,23:30:00,229,2,8766
46648,2016-06-19,23:42:00,114,1,2078
46649,2016-06-19,23:45:00,271,1,9057
46650,2016-06-19,23:48:00,382,5,3091
46651,2016-06-19,23:49:00,67,3,5642
46652,2016-06-19,23:59:00,429,1,9971
46653,2016-06-20,00:00:00,435,1,4659
46654,2016-06-20,00:02:00,394,1,2287
46655,2016-06-20,00:03:00,365,2,8404
46656,2016-06-20,00:08:00,14,3,8615
46657,2016-06-20,00:19:00,35,3,1743
46658,2016-06-20,00:19:00,272,5,105
46659,2016-06-20,00:21:00,426,1,5274
46660,2016-06-20,00:22:00,167,3,8568
46661,2016-06-20,00:36:00,215,5,11602
46662,2016-06-20,00:50:00,23,2,10804
46663,2016-06-20,00:52:00,63,1,10285
46664,2016-06-20,00:54:00,129,2,5501
46665,2016-06-20,00:58:00,376,3,2565
46666,2016-06-20,01:05:00,87,1,6202
46667,2016-06-20,01:06:00,192,4,7184
46668,2016-06-20,01:10:00,349,4,6755
46669,2016-06-20,01:17:00,289,1,11868
46670,2016-06-20,01:20:00,88,2,1188
46671,2016-06-20,01:34:00,450,3,567
46672,2016-06-20,01:38:00,248,2,11624
46673,2016-06-20,01:41:00,355,1,6514
46674,2016-06-20,01:45:00,241,1,11133
46675,2016-06-20,01:46:00,334,1,9499
46676,2016-06-20,01:52:00,32,4,180
46677,2016-06-20,01:53:00,51,1,9371
46678,2016-06-20,02:04:00,291,2,643
46679,2016-06-20,02:12:00,50,1,6114
46680,2016-06-20,02:21:00,398,1,11825
46681,2016-06-20,02:35:00,49,2,3369
46682,2016-06-20,02:36:00,163,2,6633
46683,2016-06-20,02:39:00,346,1,1472
46684,2016-06-20,02:40:00,454,3,6828
46685,2016-06-20,02:49:00,206,3,9454
46686,2016-06-20,02:56:00,336,1,5277
46687,2016-06-20,03:03:00,86,2,1528
46688,2016-06-20,03:04:00,203,4,9010
46689,2016-06-20,03:05:00,341,3,11516
46690,2016-06-20,03:08:00,319,3,2572
46691,2016-06-20,03:13:00,2,1,8621
46692,2016-06-20,03:18:00,90,2,808
46693,2016-06-20,03:29:00,346,2,11782
46694,2016-06-20,03:57:00,369,1,11019
46695,2016-06-20,04:02:00,130,2,11209
46696,2016-06-20,04:08:00,181,1,1162
46697,2016-06-20,04:11:00,183,1,9954
46698,2016-06-20,04:13:00,156,2,211
46699,2016-06-20,04:15:00,319,2,2017
46700,2016-06-20,04:15:00,419,1,2093
46701,2016-06-20,04:17:00,381,1,2021
46702,2016-06-20,04:18:00,439,4,10980
46703,2016-06-20,04:24:00,1,1,9994
46704,2016-06-20,04:30:00,75,1,4130
46705,2016-06-20,04:39:00,429,4,1786
46706,2016-06-20,04:46:00,401,1,4794
46707,2016-06-20,04:51:00,13,6,11064
46708,2016-06-20,04:54:00,446,2,369
46709,2016-06-20,05:04:00,332,3,11644
46710,2016-06-20,05:08:00,202,1,11544
46711,2016-06-20,05:10:00,154,1,11711
46712,2016-06-20,05:13:00,41,5,10444
46713,2016-06-20,05:19:00,106,2,216
46714,2016-06-20,05:21:00,317,2,3823
46715,2016-06-20,05:25:00,319,2,5385
46716,2016-06-20,05:33:00,156,3,6831
46717,2016-06-20,05:40:00,123,1,4803
46718,2016-06-20,05:41:00,176,1,6329
46719,2016-06-20,05:41:00,124,2,1134
46720,2016-06-20,05:42:00,189,1,4673
46721,2016-06-20,05:52:00,281,2,6773
46722,2016-06-20,05:58:00,120,1,5909
46723,2016-06-20,06:13:00,451,2,722
46724,2016-06-20,06:28:00,201,1,2644
46725,2016-06-20,06:37:00,323,3,3667
46726,2016-06-20,07:02:00,403,3,5351
46727,2016-06-20,07:09:00,393,3,9031
46728,2016-06-20,07:16:00,375,1,10226
46729,2016-06-20,07:27:00,134,2,5146
46730,2016-06-20,07:30:00,367,4,6153
46731,2016-06-20,07:34:00,300,4,7854
46732,2016-06-20,07:41:00,170,1,1381
46733,2016-06-20,07:44:00,408,2,1490
46734,2016-06-20,07:44:00,85,2,10239
46735,2016-06-20,08:00:00,76,3,7144
46736,2016-06-20,08:00:00,410,1,10886
46737,2016-06-20,08:02:00,403,1,2684
46738,2016-06-20,08:03:00,243,1,5797
46739,2016-06-20,08:08:00,431,2,9191
46740,2016-06-20,08:10:00,247,3,4721
46741,2016-06-20,08:26:00,177,2,1758
46742,2016-06-20,08:27:00,372,2,3913
46743,2016-06-20,08:27:00,193,2,1100
46744,2016-06-20,08:31:00,345,1,10323
46745,2016-06-20,08:47:00,412,1,2906
46746,2016-06-20,08:49:00,143,1,9801
46747,2016-06-20,08:50:00,181,1,7607
46748,2016-06-20,08:51:00,79,1,2352
46749,2016-06-20,08:52:00,303,3,10147
46750,2016-06-20,08:53:00,179,2,5003
46751,2016-06-20,08:56:00,322,1,8174
46752,2016-06-20,08:57:00,327,4,1004
46753,2016-06-20,08:57:00,214,3,6074
46754,2016-06-20,08:58:00,157,2,215
46755,2016-06-20,09:03:00,139,1,326
46756,2016-06-20,09:04:00,378,2,6387
46757,2016-06-20,09:04:00,16,1,1960
46758,2016-06-20,09:06:00,106,1,6572
46759,2016-06-20,09:10:00,290,3,202
46760,2016-06-20,09:16:00,353,1,9459
46761,2016-06-20,09:20:00,3,1,7454
46762,2016-06-20,09:25:00,172,2,5545
46763,2016-06-20,09:30:00,90,3,2700
46764,2016-06-20,09:36:00,90,2,3477
46765,2016-06-20,09:37:00,429,1,2827
46766,2016-06-20,09:49:00,352,3,281
46767,2016-06-20,09:53:00,73,1,11379
46768,2016-06-20,09:53:00,236,2,8673
46769,2016-06-20,09:54:00,189,2,676
46770,2016-06-20,10:02:00,446,2,10018
46771,2016-06-20,10:06:00,42,1,4845
46772,2016-06-20,10:08:00,408,1,777
46773,2016-06-20,10:09:00,102,1,3086
46774,2016-06-20,10:13:00,174,2,5802
46775,2016-06-20,10:29:00,329,2,139
46776,2016-06-20,10:33:00,110,4,10247
46777,2016-06-20,10:35:00,113,3,8967
46778,2016-06-20,10:43:00,338,1,2807
46779,2016-06-20,10:58:00,160,2,9110
46780,2016-06-20,10:59:00,16,2,6091
46781,2016-06-20,11:04:00,278,2,8045
46782,2016-06-20,11:06:00,406,2,849
46783,2016-06-20,11:08:00,97,3,2888
46784,2016-06-20,11:12:00,293,2,8684
46785,2016-06-20,11:12:00,264,3,11554
46786,2016-06-20,11:30:00,217,1,4226
46787,2016-06-20,11:35:00,247,1,9426
46788,2016-06-20,11:36:00,110,1,10855
46789,2016-06-20,11:37:00,374,1,5929
46790,2016-06-20,11:51:00,312,3,2109
46791,2016-06-20,11:54:00,133,4,1210
46792,2016-06-20,11:57:00,34,1,9163
46793,2016-06-20,12:11:00,27,1,5174
46794,2016-06-20,12:20:00,230,1,7751
46795,2016-06-20,12:23:00,1,1,8367
46796,2016-06-20,12:27:00,8,1,5433
46797,2016-06-20,12:35:00,379,1,10475
46798,2016-06-20,12:56:00,38,1,7264
46799,2016-06-20,13:02:00,116,1,4482
46800,2016-06-20,13:03:00,20,4,3786
46801,2016-06-20,13:04:00,205,3,5177
46802,2016-06-20,13:09:00,240,2,5916
46803,2016-06-20,13:11:00,76,1,9242
46804,2016-06-20,13:17:00,387,2,7528
46805,2016-06-20,13:17:00,216,2,10331
46806,2016-06-20,13:32:00,452,2,1821
46807,2016-06-20,13:43:00,50,3,11904
46808,2016-06-20,13:48:00,88,2,6166
46809,2016-06-20,13:48:00,150,1,2280
46810,2016-06-20,13:49:00,125,2,310
46811,2016-06-20,13:51:00,432,2,2952
46812,2016-06-20,13:51:00,280,1,2171
46813,2016-06-20,13:52:00,385,4,4977
46814,2016-06-20,13:58:00,136,1,9580
46815,2016-06-20,13:59:00,123,2,3023
46816,2016-06-20,14:00:00,92,1,11767
46817,2016-06-20,14:01:00,205,1,9771
46818,2016-06-20,14:07:00,243,1,3292
46819,2016-06-20,14:08:00,311,5,2511
46820,2016-06-20,14:15:00,215,2,4928
46821,2016-06-20,14:23:00,213,2,5835
46822,2016-06-20,14:25:00,251,4,9350
46823,2016-06-20,14:26:00,273,2,11871
46824,2016-06-20,14:29:00,313,2,1292
46825,2016-06-20,14:30:00,215,1,915
46826,2016-06-20,14:33:00,195,2,3323
46827,2016-06-20,15:00:00,172,1,8856
46828,2016-06-20,15:11:00,106,2,4190
46829,2016-06-20,15:15:00,32,1,6519
46830,2016-06-20,15:32:00,50,1,9705
46831,2016-06-20,15:33:00,383,2,11289
46832,2016-06-20,15:37:00,20,2,9598
46833,2016-06-20,15:55:00,38,1,770
46834,2016-06-20,16:01:00,389,1,4487
46835,2016-06-20,16:11:00,429,1,11807
46836,2016-06-20,16:25:00,290,1,6441
46837,2016-06-20,16:34:00,154,3,11367
46838,2016-06-20,16:35:00,177,2,2062
46839,2016-06-20,16:36:00,380,1,2876
46840,2016-06-20,16:44:00,345,1,10278
46841,2016-06-20,16:53:00,211,2,308
46842,2016-06-20,16:58:00,105,2,3205
46843,2016-06-20,17:02:00,223,4,11451
46844,2016-06-20,17:06:00,189,2,5282
46845,2016-06-20,17:14:00,66,1,5134
46846,2016-06-20,17:15:00,314,1,2537
46847,2016-06-20,17:16:00,81,1,10564
46848,2016-06-20,17:23:00,174,3,10327
46849,2016-06-20,17:30:00,385,2,10643
46850,2016-06-20,17:43:00,456,2,4344
46851,2016-06-20,17:46:00,234,4,9531
46852,2016-06-20,17:49:00,145,1,11255
46853,2016-06-20,18:06:00,431,1,10704
46854,2016-06-20,18:08:00,108,4,7534
46855,2016-06-20,18:09:00,320,2,10938
46856,2016-06-20,18:09:00,153,2,8509
46857,2016-06-20,18:15:00,310,1,1475
46858,2016-06-20,18:21:00,184,2,1198
46859,2016-06-20,18:29:00,52,3,8868
46860,2016-06-20,18:32:00,131,3,9011
46861,2016-06-20,18:37:00,50,3,3446
46862,2016-06-20,18:37:00,132,2,1886
46863,2016-06-20,18:38:00,208,3,513
46864,2016-06-20,18:52:00,124,1,113
46865,2016-06-20,19:09:00,17,3,2643
46866,2016-06-20,19:16:00,185,2,11879
46867,2016-06-20,19:22:00,154,1,6039
46868,2016-06-20,19:23:00,110,2,8010
46869,2016-06-20,19:32:00,233,2,11302
46870,2016-06-20,19:33:00,138,1,6689
46871,2016-06-20,19:47:00,68,2,2042
46872,2016-06-20,19:47:00,331,1,9150
46873,2016-06-20,20:03:00,123,2,896
46874,2016-06-20,20:03:00,94,2,851
46875,2016-06-20,20:23:00,207,3,4796
46876,2016-06-20,20:28:00,197,2,11359
46877,2016-06-20,20:29:00,106,2,5691
46878,2016-06-20,20:35:00,13,4,3561
46879,2016-06-20,20:38:00,141,1,5929
46880,2016-06-20,20:41:00,73,3,11848
46881,2016-06-20,20:42:00,228,3,2439
46882,2016-06-20,20:51:00,353,2,6096
46883,2016-06-20,21:05:00,125,1,10582
46884,2016-06-20,21:09:00,401,1,7771
46885,2016-06-20,21:15:00,178,1,5526
46886,2016-06-20,21:21:00,148,2,7598
46887,2016-06-20,21:31:00,274,2,7861
46888,2016-06-20,21:37:00,135,2,8124
46889,2016-06-20,21:41:00,119,2,11216
46890,2016-06-20,21:58:00,452,2,8126
46891,2016-06-20,22:06:00,335,1,9603
46892,2016-06-20,22:08:00,280,2,981
46893,2016-06-20,22:14:00,409,2,8539
46894,2016-06-20,22:14:00,317,3,4106
46895,2016-06-20,22:17:00,211,2,4248
46896,2016-06-20,22:19:00,134,2,2229
46897,2016-06-20,22:24:00,384,1,9052
46898,2016-06-20,22:33:00,101,3,4590
46899,2016-06-20,22:35:00,377,2,4879
46900,2016-06-20,22:47:00,242,3,2669
46901,2016-06-20,22:50:00,334,1,4115
46902,2016-06-20,23:03:00,243,3,2387
46903,2016-06-20,23:05:00,264,4,1409
46904,2016-06-20,23:15:00,229,2,11353
46905,2016-06-20,23:19:00,102,2,10853
46906,2016-06-20,23:21:00,284,2,7304
46907,2016-06-20,23:22:00,374,1,1635
46908,2016-06-20,23:51:00,7,2,9446
46909,2016-06-21,00:11:00,119,1,1345
46910,2016-06-21,00:13:00,155,2,11276
46911,2016-06-21,00:18:00,314,3,2534
46912,2016-06-21,00:23:00,45,1,6375
46913,2016-06-21,00:26:00,124,2,11280
46914,2016-06-21,00:32:00,184,1,7489
46915,2016-06-21,00:33:00,183,3,3507
46916,2016-06-21,00:42:00,387,3,4927
46917,2016-06-21,00:42:00,72,3,10076
46918,2016-06-21,00:43:00,349,1,11356
46919,2016-06-21,00:45:00,321,1,11541
46920,2016-06-21,00:49:00,15,1,2380
46921,2016-06-21,00:52:00,37,2,7455
46922,2016-06-21,00:57:00,450,2,2506
46923,2016-06-21,01:12:00,93,3,8264
46924,2016-06-21,01:16:00,60,1,9303
46925,2016-06-21,01:18:00,308,1,10377
46926,2016-06-21,01:35:00,8,1,10233
46927,2016-06-21,01:42:00,132,1,3625
46928,2016-06-21,01:43:00,338,1,4946
46929,2016-06-21,01:58:00,57,2,3882
46930,2016-06-21,02:00:00,91,1,290
46931,2016-06-21,02:02:00,340,1,8924
46932,2016-06-21,02:02:00,419,1,9582
46933,2016-06-21,02:15:00,223,3,837
46934,2016-06-21,02:18:00,188,1,11111
46935,2016-06-21,02:31:00,279,3,10989
46936,2016-06-21,02:31:00,329,1,3777
46937,2016-06-21,02:33:00,342,8,7800
46938,2016-06-21,02:33:00,71,2,9925
46939,2016-06-21,02:37:00,353,4,7636
46940,2016-06-21,02:40:00,141,3,7655
46941,2016-06-21,02:45:00,53,1,10593
46942,2016-06-21,02:48:00,109,2,10216
46943,2016-06-21,03:03:00,123,2,1761
46944,2016-06-21,03:11:00,245,1,6720
46945,2016-06-21,03:23:00,100,1,9589
46946,2016-06-21,03:33:00,116,2,5417
46947,2016-06-21,03:36:00,204,1,10
46948,2016-06-21,03:40:00,152,2,9865
46949,2016-06-21,03:46:00,180,1,6798
46950,2016-06-21,04:25:00,396,2,5778
46951,2016-06-21,04:26:00,1,2,2267
46952,2016-06-21,04:27:00,144,2,5007
46953,2016-06-21,04:34:00,359,2,8946
46954,2016-06-21,04:45:00,56,1,10344
46955,2016-06-21,04:50:00,411,2,10687
46956,2016-06-21,04:51:00,185,2,2238
46957,2016-06-21,05:04:00,321,3,11970
46958,2016-06-21,05:21:00,357,2,1196
46959,2016-06-21,05:58:00,6,2,8738
46960,2016-06-21,06:00:00,124,2,8708
46961,2016-06-21,06:03:00,439,1,5147
46962,2016-06-21,06:10:00,201,1,242
46963,2016-06-21,06:12:00,442,4,6099
46964,2016-06-21,06:20:00,189,2,7600
46965,2016-06-21,06:21:00,295,2,663
46966,2016-06-21,06:28:00,276,1,8547
46967,2016-06-21,06:40:00,381,1,2352
46968,2016-06-21,06:50:00,434,2,879
46969,2016-06-21,06:58:00,380,2,1172
46970,2016-06-21,07:18:00,110,1,2117
46971,2016-06-21,07:48:00,451,1,10824
46972,2016-06-21,08:08:00,140,2,5303
46973,2016-06-21,08:23:00,226,3,2821
46974,2016-06-21,08:23:00,408,1,11879
46975,2016-06-21,08:25:00,354,1,10817
46976,2016-06-21,08:32:00,138,2,7437
46977,2016-06-21,08:44:00,237,3,10718
46978,2016-06-21,08:56:00,408,2,10288
46979,2016-06-21,09:02:00,181,4,1435
46980,2016-06-21,09:04:00,408,1,3173
46981,2016-06-21,09:05:00,182,1,9130
46982,2016-06-21,09:06:00,379,2,9158
46983,2016-06-21,09:07:00,98,2,2028
46984,2016-06-21,09:18:00,172,2,1439
46985,2016-06-21,09:22:00,387,1,3049
46986,2016-06-21,09:35:00,411,2,474
46987,2016-06-21,09:38:00,395,2,1316
46988,2016-06-21,09:38:00,251,3,5065
46989,2016-06-21,10:11:00,304,4,7818
46990,2016-06-21,10:12:00,43,4,530
46991,2016-06-21,10:23:00,88,2,2417
46992,2016-06-21,10:23:00,391,2,7393
46993,2016-06-21,10:28:00,412,1,2981
46994,2016-06-21,10:44:00,104,2,10646
46995,2016-06-21,10:45:00,267,2,7690
46996,2016-06-21,10:46:00,166,2,1932
46997,2016-06-21,10:50:00,117,2,9697
46998,2016-06-21,10:51:00,15,2,10784
46999,2016-06-21,10:54:00,325,1,5380
47000,2016-06-21,11:00:00,180,3,5731
47001,2016-06-21,11:00:00,405,2,5421
47002,2016-06-21,11:00:00,160,2,3196
47003,2016-06-21,11:00:00,5,1,10475
47004,2016-06-21,11:04:00,327,2,1704
47005,2016-06-21,11:06:00,152,2,6227
47006,2016-06-21,11:07:00,315,2,4342
47007,2016-06-21,11:08:00,431,3,7425
47008,2016-06-21,11:17:00,238,2,11961
47009,2016-06-21,11:23:00,199,1,10740
47010,2016-06-21,11:24:00,189,3,9540
47011,2016-06-21,11:28:00,287,1,5305
47012,2016-06-21,11:30:00,333,4,8155
47013,2016-06-21,11:32:00,213,1,4829
47014,2016-06-21,11:34:00,259,2,1819
47015,2016-06-21,11:37:00,66,2,4190
47016,2016-06-21,11:44:00,115,1,10394
47017,2016-06-21,11:48:00,127,1,10439
47018,2016-06-21,11:57:00,412,2,2585
47019,2016-06-21,12:03:00,133,1,734
47020,2016-06-21,12:06:00,38,1,3141
47021,2016-06-21,12:11:00,51,1,7255
47022,2016-06-21,12:15:00,457,3,1272
47023,2016-06-21,12:17:00,435,1,1536
47024,2016-06-21,12:19:00,422,1,9832
47025,2016-06-21,12:24:00,40,2,2938
47026,2016-06-21,12:27:00,231,1,9765
47027,2016-06-21,12:28:00,168,3,1586
47028,2016-06-21,12:39:00,87,4,11312
47029,2016-06-21,12:44:00,389,2,6012
47030,2016-06-21,12:48:00,197,3,10506
47031,2016-06-21,12:50:00,64,3,6872
47032,2016-06-21,13:07:00,336,3,960
47033,2016-06-21,13:16:00,312,2,3038
47034,2016-06-21,13:18:00,152,2,7266
47035,2016-06-21,13:19:00,382,2,11070
47036,2016-06-21,13:52:00,28,1,7090
47037,2016-06-21,13:55:00,412,4,9870
47038,2016-06-21,14:01:00,148,1,4402
47039,2016-06-21,14:11:00,435,1,8064
47040,2016-06-21,14:11:00,240,2,11125
47041,2016-06-21,14:12:00,407,1,11474
47042,2016-06-21,14:13:00,145,1,7850
47043,2016-06-21,14:19:00,355,1,10370
47044,2016-06-21,14:23:00,387,1,2208
47045,2016-06-21,14:30:00,32,1,4388
47046,2016-06-21,14:39:00,348,3,9174
47047,2016-06-21,14:43:00,14,1,2013
47048,2016-06-21,14:46:00,49,6,4265
47049,2016-06-21,14:48:00,58,3,5974
47050,2016-06-21,14:52:00,348,4,9430
47051,2016-06-21,14:54:00,427,1,5575
47052,2016-06-21,14:59:00,52,2,4937
47053,2016-06-21,15:00:00,276,1,11051
47054,2016-06-21,15:07:00,388,3,1281
47055,2016-06-21,15:11:00,88,1,8248
47056,2016-06-21,15:13:00,154,1,6866
47057,2016-06-21,15:30:00,423,3,967
47058,2016-06-21,15:46:00,368,2,1921
47059,2016-06-21,15:54:00,402,5,3495
47060,2016-06-21,15:55:00,58,2,9386
47061,2016-06-21,16:04:00,87,1,2028
47062,2016-06-21,16:05:00,422,3,2996
47063,2016-06-21,16:11:00,191,1,5006
47064,2016-06-21,16:31:00,436,4,7206
47065,2016-06-21,16:36:00,38,3,10209
47066,2016-06-21,16:41:00,34,2,10424
47067,2016-06-21,16:43:00,245,2,9317
47068,2016-06-21,16:45:00,298,2,7906
47069,2016-06-21,16:49:00,418,2,11182
47070,2016-06-21,16:54:00,50,3,6786
47071,2016-06-21,16:56:00,304,3,6290
47072,2016-06-21,16:58:00,268,2,679
47073,2016-06-21,17:01:00,386,1,1724
47074,2016-06-21,17:02:00,4,4,6720
47075,2016-06-21,17:11:00,320,5,7527
47076,2016-06-21,17:15:00,424,3,7724
47077,2016-06-21,17:15:00,207,1,11347
47078,2016-06-21,17:19:00,157,2,11277
47079,2016-06-21,17:22:00,261,4,5220
47080,2016-06-21,17:23:00,52,4,4494
47081,2016-06-21,17:23:00,267,3,3643
47082,2016-06-21,17:25:00,348,3,4477
47083,2016-06-21,17:30:00,155,3,9632
47084,2016-06-21,17:33:00,106,2,10031
47085,2016-06-21,17:35:00,299,2,716
47086,2016-06-21,17:36:00,316,2,7841
47087,2016-06-21,17:38:00,11,3,7355
47088,2016-06-21,17:38:00,452,2,1001
47089,2016-06-21,17:42:00,383,2,9879
47090,2016-06-21,17:46:00,39,1,1640
47091,2016-06-21,17:50:00,362,1,8499
47092,2016-06-21,17:57:00,447,3,3046
47093,2016-06-21,18:03:00,227,3,3578
47094,2016-06-21,18:06:00,63,1,10616
47095,2016-06-21,18:06:00,187,2,7835
47096,2016-06-21,18:07:00,254,2,1754
47097,2016-06-21,18:16:00,418,1,1456
47098,2016-06-21,18:24:00,292,3,10492
47099,2016-06-21,18:24:00,150,1,455
47100,2016-06-21,18:25:00,456,1,5169
47101,2016-06-21,18:32:00,90,1,3099
47102,2016-06-21,18:36:00,245,2,11122
47103,2016-06-21,18:37:00,412,2,9225
47104,2016-06-21,18:45:00,121,1,1089
47105,2016-06-21,18:56:00,444,1,9170
47106,2016-06-21,18:57:00,172,1,7805
47107,2016-06-21,19:00:00,142,1,9370
47108,2016-06-21,19:09:00,168,2,731
47109,2016-06-21,19:15:00,342,2,1106
47110,2016-06-21,19:24:00,368,1,1705
47111,2016-06-21,19:32:00,103,2,4731
47112,2016-06-21,19:32:00,169,2,9572
47113,2016-06-21,19:38:00,39,4,10849
47114,2016-06-21,19:41:00,42,1,443
47115,2016-06-21,19:41:00,438,3,736
47116,2016-06-21,19:42:00,57,3,6478
47117,2016-06-21,19:45:00,141,3,4134
47118,2016-06-21,19:49:00,26,1,3449
47119,2016-06-21,19:53:00,15,4,4730
47120,2016-06-21,20:02:00,265,2,11503
47121,2016-06-21,20:05:00,41,4,8668
47122,2016-06-21,20:15:00,77,2,6949
47123,2016-06-21,20:31:00,150,2,4129
47124,2016-06-21,21:11:00,388,1,3223
47125,2016-06-21,21:20:00,18,1,11229
47126,2016-06-21,21:29:00,326,3,9569
47127,2016-06-21,21:40:00,347,1,89
47128,2016-06-21,21:40:00,361,3,787
47129,2016-06-21,21:42:00,195,3,2043
47130,2016-06-21,21:43:00,342,3,3746
47131,2016-06-21,22:02:00,26,4,6856
47132,2016-06-21,22:02:00,334,2,4854
47133,2016-06-21,22:03:00,297,2,11099
47134,2016-06-21,22:06:00,286,1,8265
47135,2016-06-21,22:14:00,15,2,8818
47136,2016-06-21,22:21:00,187,2,8912
47137,2016-06-21,22:29:00,115,3,5102
47138,2016-06-21,22:36:00,185,1,9616
47139,2016-06-21,22:36:00,136,3,3576
47140,2016-06-21,22:43:00,261,1,1248
47141,2016-06-21,22:53:00,140,2,2679
47142,2016-06-21,22:54:00,432,2,11728
47143,2016-06-21,22:58:00,238,2,369
47144,2016-06-21,23:00:00,45,5,8867
47145,2016-06-21,23:12:00,320,1,1798
47146,2016-06-21,23:21:00,299,1,4710
47147,2016-06-21,23:21:00,273,1,7689
47148,2016-06-21,23:28:00,216,1,10435
47149,2016-06-21,23:33:00,108,1,5674
47150,2016-06-21,23:40:00,138,1,7511
47151,2016-06-21,23:40:00,3,3,10833
47152,2016-06-21,23:57:00,162,1,4202
47153,2016-06-21,23:58:00,200,3,47
47154,2016-06-21,23:59:00,316,2,6963
47155,2016-06-22,00:00:00,17,2,9017
47156,2016-06-22,00:15:00,448,2,6860
47157,2016-06-22,00:22:00,152,3,1370
47158,2016-06-22,00:22:00,110,3,1214
47159,2016-06-22,00:24:00,118,4,11362
47160,2016-06-22,00:32:00,18,2,8207
47161,2016-06-22,00:32:00,128,2,9873
47162,2016-06-22,00:35:00,197,1,3043
47163,2016-06-22,00:35:00,276,3,9489
47164,2016-06-22,00:49:00,244,1,9140
47165,2016-06-22,00:54:00,108,3,4266
47166,2016-06-22,01:03:00,274,3,10340
47167,2016-06-22,01:06:00,239,3,10497
47168,2016-06-22,01:11:00,257,2,1889
47169,2016-06-22,01:12:00,453,2,6848
47170,2016-06-22,01:30:00,209,2,9580
47171,2016-06-22,01:44:00,351,2,1975
47172,2016-06-22,01:45:00,331,5,8606
47173,2016-06-22,01:52:00,229,1,3776
47174,2016-06-22,02:07:00,193,2,789
47175,2016-06-22,02:07:00,318,3,7589
47176,2016-06-22,02:11:00,73,3,969
47177,2016-06-22,02:15:00,187,1,6489
47178,2016-06-22,02:15:00,249,1,78
47179,2016-06-22,02:16:00,446,1,4659
47180,2016-06-22,02:33:00,358,2,1550
47181,2016-06-22,02:36:00,162,1,7610
47182,2016-06-22,02:53:00,209,2,1863
47183,2016-06-22,02:54:00,34,2,9499
47184,2016-06-22,02:56:00,30,3,9946
47185,2016-06-22,03:07:00,289,2,8695
47186,2016-06-22,03:11:00,172,3,443
47187,2016-06-22,03:34:00,23,2,7188
47188,2016-06-22,03:38:00,249,2,11380
47189,2016-06-22,03:39:00,12,2,2402
47190,2016-06-22,03:48:00,236,2,2996
47191,2016-06-22,03:49:00,396,1,806
47192,2016-06-22,03:51:00,31,1,8610
47193,2016-06-22,03:52:00,189,1,10000
47194,2016-06-22,03:55:00,13,3,7104
47195,2016-06-22,03:55:00,100,2,9245
47196,2016-06-22,04:08:00,112,2,500
47197,2016-06-22,04:09:00,230,1,5267
47198,2016-06-22,04:10:00,178,1,11898
47199,2016-06-22,04:16:00,362,1,4302
47200,2016-06-22,04:21:00,393,3,1498
47201,2016-06-22,04:34:00,227,3,10881
47202,2016-06-22,04:45:00,393,2,4227
47203,2016-06-22,04:46:00,308,2,7894
47204,2016-06-22,04:59:00,131,1,702
47205,2016-06-22,05:05:00,448,1,4812
47206,2016-06-22,05:11:00,372,2,5761
47207,2016-06-22,05:11:00,397,2,8455
47208,2016-06-22,05:14:00,324,1,7498
47209,2016-06-22,05:21:00,312,1,1108
47210,2016-06-22,05:23:00,325,1,4722
47211,2016-06-22,05:32:00,85,1,8275
47212,2016-06-22,05:36:00,119,4,6403
47213,2016-06-22,05:46:00,440,1,7183
47214,2016-06-22,05:50:00,33,5,5726
47215,2016-06-22,05:56:00,364,2,3623
47216,2016-06-22,06:00:00,125,4,2660
47217,2016-06-22,06:09:00,120,2,8301
47218,2016-06-22,06:12:00,63,1,1087
47219,2016-06-22,06:15:00,367,3,3721
47220,2016-06-22,06:16:00,148,1,3848
47221,2016-06-22,06:16:00,323,1,1911
47222,2016-06-22,06:38:00,260,2,7699
47223,2016-06-22,06:42:00,103,3,7725
47224,2016-06-22,06:45:00,128,1,9195
47225,2016-06-22,06:48:00,454,3,5761
47226,2016-06-22,06:48:00,14,5,7980
47227,2016-06-22,06:50:00,246,2,1075
47228,2016-06-22,06:58:00,126,1,8355
47229,2016-06-22,06:59:00,113,1,6288
47230,2016-06-22,07:03:00,118,2,6405
47231,2016-06-22,07:15:00,137,1,4955
47232,2016-06-22,07:29:00,265,2,5069
47233,2016-06-22,07:34:00,113,1,3876
47234,2016-06-22,07:39:00,239,4,2594
47235,2016-06-22,07:43:00,196,1,6231
47236,2016-06-22,07:53:00,75,3,3296
47237,2016-06-22,07:56:00,284,2,11388
47238,2016-06-22,08:01:00,443,1,10744
47239,2016-06-22,08:03:00,364,2,8746
47240,2016-06-22,08:10:00,155,3,9620
47241,2016-06-22,08:13:00,217,2,2108
47242,2016-06-22,08:27:00,416,1,1198
47243,2016-06-22,08:31:00,176,1,6672
47244,2016-06-22,08:34:00,73,2,8220
47245,2016-06-22,08:36:00,208,1,11256
47246,2016-06-22,08:46:00,422,2,11650
47247,2016-06-22,09:01:00,181,2,4937
47248,2016-06-22,09:09:00,347,1,9237
47249,2016-06-22,09:17:00,211,3,5590
47250,2016-06-22,09:18:00,80,2,10272
47251,2016-06-22,09:38:00,414,2,6247
47252,2016-06-22,09:39:00,408,5,2012
47253,2016-06-22,09:46:00,118,3,5299
47254,2016-06-22,09:47:00,322,1,2166
47255,2016-06-22,09:52:00,1,3,5292
47256,2016-06-22,09:54:00,6,1,6963
47257,2016-06-22,10:01:00,301,3,6776
47258,2016-06-22,10:08:00,290,1,367
47259,2016-06-22,10:15:00,214,2,8182
47260,2016-06-22,10:16:00,94,1,6900
47261,2016-06-22,10:17:00,333,2,9549
47262,2016-06-22,10:24:00,299,2,1472
47263,2016-06-22,10:35:00,93,2,11796
47264,2016-06-22,10:38:00,368,2,9767
47265,2016-06-22,10:56:00,102,1,11976
47266,2016-06-22,10:58:00,252,2,3693
47267,2016-06-22,11:02:00,407,2,1470
47268,2016-06-22,11:05:00,438,2,7209
47269,2016-06-22,11:09:00,90,3,8358
47270,2016-06-22,11:12:00,400,2,7788
47271,2016-06-22,11:20:00,83,1,78
47272,2016-06-22,11:21:00,68,1,9121
47273,2016-06-22,11:24:00,42,3,200
47274,2016-06-22,11:29:00,455,2,2571
47275,2016-06-22,11:30:00,388,1,5754
47276,2016-06-22,11:34:00,282,1,7907
47277,2016-06-22,11:45:00,84,2,11312
47278,2016-06-22,11:48:00,378,2,8265
47279,2016-06-22,11:49:00,84,2,3843
47280,2016-06-22,11:56:00,161,1,3554
47281,2016-06-22,11:59:00,43,1,1015
47282,2016-06-22,12:06:00,94,2,8413
47283,2016-06-22,12:11:00,243,1,8357
47284,2016-06-22,12:17:00,105,2,1095
47285,2016-06-22,12:26:00,429,1,10790
47286,2016-06-22,12:27:00,33,3,10510
47287,2016-06-22,12:33:00,186,3,6765
47288,2016-06-22,12:43:00,433,1,6337
47289,2016-06-22,12:45:00,171,2,9570
47290,2016-06-22,12:45:00,331,2,858
47291,2016-06-22,12:48:00,411,1,5445
47292,2016-06-22,12:54:00,44,2,5093
47293,2016-06-22,13:03:00,73,2,4794
47294,2016-06-22,13:04:00,85,4,11389
47295,2016-06-22,13:05:00,8,3,1559
47296,2016-06-22,13:05:00,251,2,8436
47297,2016-06-22,13:18:00,41,2,1633
47298,2016-06-22,13:26:00,128,2,5085
47299,2016-06-22,13:27:00,264,1,2178
47300,2016-06-22,13:32:00,168,2,4009
47301,2016-06-22,13:32:00,268,2,5457
47302,2016-06-22,14:02:00,213,3,1714
47303,2016-06-22,14:02:00,387,2,10296
47304,2016-06-22,14:03:00,300,2,3608
47305,2016-06-22,14:05:00,426,1,9815
47306,2016-06-22,14:37:00,412,2,1166
47307,2016-06-22,14:39:00,343,2,575
47308,2016-06-22,14:43:00,107,3,1361
47309,2016-06-22,14:44:00,84,4,1875
47310,2016-06-22,14:53:00,137,1,3347
47311,2016-06-22,14:58:00,254,2,7271
47312,2016-06-22,15:08:00,383,1,9969
47313,2016-06-22,15:44:00,195,1,11018
47314,2016-06-22,15:48:00,184,2,4136
47315,2016-06-22,15:52:00,392,3,7686
47316,2016-06-22,15:54:00,400,2,7426
47317,2016-06-22,15:55:00,220,2,2398
47318,2016-06-22,16:16:00,189,2,6042
47319,2016-06-22,16:18:00,166,2,9718
47320,2016-06-22,16:34:00,66,2,1019
47321,2016-06-22,16:44:00,261,3,3403
47322,2016-06-22,16:50:00,108,3,11746
47323,2016-06-22,16:55:00,121,3,2816
47324,2016-06-22,16:58:00,237,3,6106
47325,2016-06-22,17:07:00,196,1,9541
47326,2016-06-22,17:14:00,291,1,1219
47327,2016-06-22,17:19:00,396,1,2650
47328,2016-06-22,17:19:00,252,1,8793
47329,2016-06-22,17:20:00,49,1,3553
47330,2016-06-22,17:24:00,138,1,5160
47331,2016-06-22,17:27:00,389,1,5203
47332,2016-06-22,17:28:00,419,2,11309
47333,2016-06-22,17:49:00,225,2,9168
47334,2016-06-22,17:51:00,239,1,335
47335,2016-06-22,17:57:00,444,1,3832
47336,2016-06-22,17:58:00,416,3,10623
47337,2016-06-22,17:59:00,408,1,9898
47338,2016-06-22,18:02:00,34,1,2263
47339,2016-06-22,18:02:00,101,2,10061
47340,2016-06-22,18:09:00,122,2,6442
47341,2016-06-22,18:15:00,17,2,4793
47342,2016-06-22,18:33:00,220,1,6194
47343,2016-06-22,18:34:00,210,2,7774
47344,2016-06-22,18:36:00,25,1,994
47345,2016-06-22,18:38:00,188,1,2764
47346,2016-06-22,18:38:00,75,3,1833
47347,2016-06-22,18:42:00,125,1,10620
47348,2016-06-22,18:42:00,165,1,4977
47349,2016-06-22,18:48:00,187,1,4603
47350,2016-06-22,18:50:00,25,1,3557
47351,2016-06-22,18:56:00,182,2,3077
47352,2016-06-22,19:08:00,154,1,4079
47353,2016-06-22,19:23:00,182,3,3705
47354,2016-06-22,19:25:00,420,1,6998
47355,2016-06-22,19:25:00,169,2,1947
47356,2016-06-22,19:26:00,353,1,5258
47357,2016-06-22,19:30:00,356,1,5069
47358,2016-06-22,19:34:00,365,1,641
47359,2016-06-22,19:36:00,175,2,10464
47360,2016-06-22,19:39:00,394,1,10069
47361,2016-06-22,19:40:00,57,2,5933
47362,2016-06-22,19:56:00,186,1,7301
47363,2016-06-22,20:04:00,5,1,3358
47364,2016-06-22,20:05:00,347,2,4178
47365,2016-06-22,20:15:00,146,2,6843
47366,2016-06-22,20:15:00,369,3,6671
47367,2016-06-22,20:34:00,442,1,9648
47368,2016-06-22,20:49:00,335,1,1389
47369,2016-06-22,20:52:00,235,1,10802
47370,2016-06-22,20:52:00,245,2,6490
47371,2016-06-22,20:54:00,25,4,7915
47372,2016-06-22,20:59:00,159,1,8889
47373,2016-06-22,21:02:00,364,1,10905
47374,2016-06-22,21:04:00,337,2,9622
47375,2016-06-22,21:25:00,357,1,5172
47376,2016-06-22,21:27:00,213,1,4158
47377,2016-06-22,21:35:00,235,2,3419
47378,2016-06-22,21:35:00,141,2,2812
47379,2016-06-22,21:41:00,2,5,9175
47380,2016-06-22,21:47:00,271,2,4370
47381,2016-06-22,21:52:00,359,3,1324
47382,2016-06-22,21:56:00,404,2,8766
47383,2016-06-22,21:58:00,225,2,880
47384,2016-06-22,22:00:00,184,1,8969
47385,2016-06-22,22:02:00,14,2,8657
47386,2016-06-22,22:03:00,264,5,9356
47387,2016-06-22,22:08:00,443,2,7864
47388,2016-06-22,22:19:00,282,3,5584
47389,2016-06-22,22:24:00,153,1,10492
47390,2016-06-22,22:29:00,421,1,10112
47391,2016-06-22,22:36:00,96,3,6031
47392,2016-06-22,22:37:00,385,2,1797
47393,2016-06-22,22:42:00,413,3,7008
47394,2016-06-22,22:44:00,138,1,7531
47395,2016-06-22,22:45:00,251,4,3924
47396,2016-06-22,22:47:00,64,3,4807
47397,2016-06-22,22:51:00,448,1,3804
47398,2016-06-22,22:58:00,161,1,1223
47399,2016-06-22,22:59:00,390,2,8792
47400,2016-06-22,23:01:00,62,2,2595
47401,2016-06-22,23:20:00,117,1,7698
47402,2016-06-22,23:24:00,203,1,7418
47403,2016-06-22,23:35:00,367,4,11361
47404,2016-06-22,23:37:00,193,3,3177
47405,2016-06-22,23:39:00,297,2,5407
47406,2016-06-22,23:39:00,136,5,6840
47407,2016-06-22,23:41:00,438,2,3484
47408,2016-06-22,23:46:00,47,2,9954
47409,2016-06-22,23:47:00,273,1,6429
47410,2016-06-22,23:48:00,247,1,10736
47411,2016-06-22,23:52:00,277,3,9078
47412,2016-06-23,00:02:00,296,1,7630
47413,2016-06-23,00:02:00,43,2,5474
47414,2016-06-23,00:11:00,404,1,8002
47415,2016-06-23,00:13:00,119,2,2477
47416,2016-06-23,00:17:00,157,1,1080
47417,2016-06-23,00:19:00,33,2,9899
47418,2016-06-23,00:26:00,82,3,5406
47419,2016-06-23,00:28:00,236,1,4805
47420,2016-06-23,00:32:00,242,1,1627
47421,2016-06-23,00:33:00,274,2,1315
47422,2016-06-23,00:34:00,181,1,6001
47423,2016-06-23,00:35:00,283,1,4288
47424,2016-06-23,00:39:00,91,3,4861
47425,2016-06-23,00:49:00,177,3,7343
47426,2016-06-23,01:11:00,389,1,10511
47427,2016-06-23,01:12:00,275,1,2541
47428,2016-06-23,01:22:00,224,1,4283
47429,2016-06-23,01:26:00,39,1,9210
47430,2016-06-23,01:27:00,5,2,11338
47431,2016-06-23,01:27:00,432,3,11810
47432,2016-06-23,01:28:00,146,2,9937
47433,2016-06-23,01:31:00,204,1,9308
47434,2016-06-23,01:39:00,183,4,10425
47435,2016-06-23,01:44:00,113,1,6838
47436,2016-06-23,01:48:00,433,1,4613
47437,2016-06-23,01:50:00,232,2,9618
47438,2016-06-23,01:51:00,275,1,8293
47439,2016-06-23,02:03:00,128,5,5572
47440,2016-06-23,02:03:00,40,1,5256
47441,2016-06-23,02:05:00,181,3,8138
47442,2016-06-23,02:08:00,345,1,9738
47443,2016-06-23,02:14:00,409,1,8462
47444,2016-06-23,02:14:00,222,2,9207
47445,2016-06-23,02:15:00,17,2,10343
47446,2016-06-23,02:16:00,400,1,1574
47447,2016-06-23,02:21:00,254,1,6616
47448,2016-06-23,02:40:00,377,2,7340
47449,2016-06-23,02:40:00,36,2,4098
47450,2016-06-23,02:50:00,377,1,6183
47451,2016-06-23,02:53:00,121,1,2943
47452,2016-06-23,02:56:00,381,3,6853
47453,2016-06-23,03:05:00,437,2,1459
47454,2016-06-23,03:10:00,307,2,9541
47455,2016-06-23,03:10:00,366,2,8688
47456,2016-06-23,03:15:00,204,2,4698
47457,2016-06-23,03:16:00,120,2,11086
47458,2016-06-23,03:25:00,14,1,517
47459,2016-06-23,03:26:00,225,4,625
47460,2016-06-23,03:28:00,58,2,6335
47461,2016-06-23,03:30:00,74,1,4637
47462,2016-06-23,03:35:00,241,1,8111
47463,2016-06-23,03:38:00,306,2,4984
47464,2016-06-23,03:38:00,103,2,8075
47465,2016-06-23,03:42:00,272,2,1328
47466,2016-06-23,03:43:00,427,3,3255
47467,2016-06-23,03:56:00,56,1,9440
47468,2016-06-23,03:58:00,348,3,11497
47469,2016-06-23,04:12:00,230,1,4950
47470,2016-06-23,04:30:00,365,6,9213
47471,2016-06-23,04:30:00,308,1,9134
47472,2016-06-23,04:31:00,424,4,1036
47473,2016-06-23,04:36:00,321,3,9944
47474,2016-06-23,04:50:00,79,2,5291
47475,2016-06-23,04:50:00,434,2,5157
47476,2016-06-23,04:54:00,380,2,4224
47477,2016-06-23,04:57:00,204,1,11519
47478,2016-06-23,04:58:00,145,3,3494
47479,2016-06-23,05:00:00,325,1,8022
47480,2016-06-23,05:01:00,229,2,10346
47481,2016-06-23,05:02:00,448,1,3233
47482,2016-06-23,05:04:00,382,6,5065
47483,2016-06-23,05:07:00,155,4,4977
47484,2016-06-23,05:20:00,410,5,1097
47485,2016-06-23,05:32:00,335,3,7406
47486,2016-06-23,05:32:00,80,2,9522
47487,2016-06-23,05:32:00,235,1,4837
47488,2016-06-23,05:33:00,32,2,6533
47489,2016-06-23,05:34:00,33,2,1819
47490,2016-06-23,05:35:00,347,2,8467
47491,2016-06-23,05:37:00,345,1,942
47492,2016-06-23,05:39:00,149,2,7413
47493,2016-06-23,05:41:00,67,2,737
47494,2016-06-23,05:46:00,260,3,4959
47495,2016-06-23,05:46:00,294,1,5294
47496,2016-06-23,05:49:00,332,1,7956
47497,2016-06-23,05:58:00,1,1,9379
47498,2016-06-23,06:46:00,359,1,5068
47499,2016-06-23,06:47:00,420,2,698
47500,2016-06-23,07:00:00,27,2,8018
47501,2016-06-23,07:01:00,278,3,5601
47502,2016-06-23,07:09:00,82,1,10533
47503,2016-06-23,07:14:00,335,4,7782
47504,2016-06-23,07:16:00,156,4,10693
47505,2016-06-23,07:19:00,385,1,5741
47506,2016-06-23,07:46:00,298,1,11039
47507,2016-06-23,08:05:00,221,2,10535
47508,2016-06-23,08:19:00,352,3,8180
47509,2016-06-23,08:22:00,238,2,3022
47510,2016-06-23,08:31:00,416,2,5981
47511,2016-06-23,08:55:00,357,1,7759
47512,2016-06-23,08:57:00,399,4,578
47513,2016-06-23,08:59:00,242,3,6498
47514,2016-06-23,09:00:00,343,2,1029
47515,2016-06-23,09:00:00,263,3,6878
47516,2016-06-23,09:08:00,130,1,5813
47517,2016-06-23,09:10:00,308,4,3164
47518,2016-06-23,09:11:00,305,1,11901
47519,2016-06-23,09:20:00,202,2,755
47520,2016-06-23,09:20:00,221,1,3347
47521,2016-06-23,09:31:00,213,1,676
47522,2016-06-23,09:33:00,417,1,1205
47523,2016-06-23,09:34:00,233,1,8017
47524,2016-06-23,09:42:00,18,2,9686
47525,2016-06-23,09:53:00,366,2,10759
47526,2016-06-23,09:57:00,134,2,2307
47527,2016-06-23,09:58:00,161,3,7543
47528,2016-06-23,09:58:00,90,4,7522
47529,2016-06-23,09:59:00,64,2,9545
47530,2016-06-23,10:00:00,117,2,1221
47531,2016-06-23,10:06:00,226,2,11151
47532,2016-06-23,10:07:00,288,2,8500
47533,2016-06-23,10:12:00,38,1,7092
47534,2016-06-23,10:27:00,320,2,2498
47535,2016-06-23,10:28:00,410,1,11187
47536,2016-06-23,10:38:00,378,2,9137
47537,2016-06-23,10:43:00,50,2,6689
47538,2016-06-23,10:49:00,50,3,11155
47539,2016-06-23,10:50:00,206,2,4661
47540,2016-06-23,10:52:00,370,1,4214
47541,2016-06-23,10:53:00,431,2,11755
47542,2016-06-23,10:57:00,433,1,9711
47543,2016-06-23,10:58:00,105,3,8989
47544,2016-06-23,10:59:00,402,2,6658
47545,2016-06-23,11:05:00,99,1,8912
47546,2016-06-23,11:08:00,308,3,9906
47547,2016-06-23,11:16:00,315,1,6861
47548,2016-06-23,11:20:00,321,1,3036
47549,2016-06-23,11:24:00,44,1,4238
47550,2016-06-23,11:30:00,313,2,9872
47551,2016-06-23,11:34:00,35,2,9466
47552,2016-06-23,11:38:00,229,1,3613
47553,2016-06-23,11:41:00,18,2,5453
47554,2016-06-23,11:42:00,45,3,1320
47555,2016-06-23,11:49:00,149,1,2325
47556,2016-06-23,11:51:00,341,2,110
47557,2016-06-23,11:54:00,69,2,4839
47558,2016-06-23,12:00:00,45,1,6423
47559,2016-06-23,12:03:00,338,1,2974
47560,2016-06-23,12:04:00,103,1,10321
47561,2016-06-23,12:10:00,133,2,6395
47562,2016-06-23,12:17:00,224,2,7907
47563,2016-06-23,12:35:00,107,2,10262
47564,2016-06-23,12:55:00,252,2,11341
47565,2016-06-23,12:56:00,97,1,5553
47566,2016-06-23,13:01:00,215,3,7554
47567,2016-06-23,13:04:00,114,1,10704
47568,2016-06-23,13:07:00,336,1,4987
47569,2016-06-23,13:12:00,235,2,6254
47570,2016-06-23,13:17:00,128,1,10693
47571,2016-06-23,13:26:00,343,1,5107
47572,2016-06-23,13:26:00,439,3,173
47573,2016-06-23,13:26:00,124,4,1948
47574,2016-06-23,13:32:00,29,1,314
47575,2016-06-23,13:33:00,245,3,2471
47576,2016-06-23,13:37:00,88,2,6928
47577,2016-06-23,13:38:00,356,4,10089
47578,2016-06-23,13:46:00,305,2,6142
47579,2016-06-23,13:57:00,430,2,8234
47580,2016-06-23,14:03:00,177,1,8751
47581,2016-06-23,14:14:00,142,4,2838
47582,2016-06-23,14:15:00,157,2,4054
47583,2016-06-23,14:15:00,436,1,9815
47584,2016-06-23,14:34:00,320,2,10404
47585,2016-06-23,14:40:00,312,1,10395
47586,2016-06-23,14:52:00,208,2,9618
47587,2016-06-23,15:01:00,347,2,10284
47588,2016-06-23,15:01:00,180,4,568
47589,2016-06-23,15:07:00,38,2,302
47590,2016-06-23,15:07:00,380,3,473
47591,2016-06-23,15:09:00,8,2,7115
47592,2016-06-23,15:19:00,199,2,6957
47593,2016-06-23,15:28:00,342,2,5367
47594,2016-06-23,15:46:00,406,2,8099
47595,2016-06-23,15:51:00,78,1,7473
47596,2016-06-23,15:52:00,1,2,4342
47597,2016-06-23,15:54:00,89,4,8834
47598,2016-06-23,16:01:00,150,3,6534
47599,2016-06-23,16:06:00,248,1,4133
47600,2016-06-23,16:13:00,132,3,9681
47601,2016-06-23,16:23:00,131,2,10475
47602,2016-06-23,16:28:00,256,1,628
47603,2016-06-23,16:28:00,2,2,6423
47604,2016-06-23,16:35:00,9,2,9036
47605,2016-06-23,16:55:00,318,4,7992
47606,2016-06-23,17:00:00,395,3,6938
47607,2016-06-23,17:05:00,130,1,8005
47608,2016-06-23,17:09:00,370,1,3068
47609,2016-06-23,17:21:00,211,2,9786
47610,2016-06-23,17:24:00,325,4,1095
47611,2016-06-23,17:29:00,294,1,8919
47612,2016-06-23,17:43:00,116,5,6800
47613,2016-06-23,17:45:00,118,1,2102
47614,2016-06-23,17:48:00,78,2,5859
47615,2016-06-23,17:56:00,410,1,1265
47616,2016-06-23,17:57:00,411,2,8845
47617,2016-06-23,17:57:00,355,3,10974
47618,2016-06-23,18:01:00,425,1,8288
47619,2016-06-23,18:03:00,170,3,10717
47620,2016-06-23,18:05:00,95,3,8197
47621,2016-06-23,18:09:00,29,2,1431
47622,2016-06-23,18:13:00,413,1,11324
47623,2016-06-23,18:19:00,353,1,9677
47624,2016-06-23,18:19:00,266,1,9067
47625,2016-06-23,18:22:00,251,1,255
47626,2016-06-23,18:25:00,292,1,6637
47627,2016-06-23,18:42:00,114,3,11590
47628,2016-06-23,18:48:00,189,2,5575
47629,2016-06-23,18:48:00,364,1,11420
47630,2016-06-23,18:53:00,99,1,7768
47631,2016-06-23,19:01:00,427,1,10816
47632,2016-06-23,19:08:00,122,1,2857
47633,2016-06-23,19:12:00,167,1,11451
47634,2016-06-23,19:12:00,254,2,2745
47635,2016-06-23,19:13:00,244,3,9245
47636,2016-06-23,19:17:00,424,3,10645
47637,2016-06-23,19:18:00,120,2,6077
47638,2016-06-23,19:20:00,293,3,9745
47639,2016-06-23,19:30:00,351,2,6055
47640,2016-06-23,19:38:00,72,1,9832
47641,2016-06-23,19:41:00,133,4,3631
47642,2016-06-23,19:46:00,25,1,4938
47643,2016-06-23,19:56:00,378,4,262
47644,2016-06-23,20:09:00,322,1,7760
47645,2016-06-23,20:15:00,187,1,5993
47646,2016-06-23,20:18:00,119,1,3218
47647,2016-06-23,20:24:00,221,1,633
47648,2016-06-23,20:29:00,431,2,1879
47649,2016-06-23,20:32:00,158,3,11894
47650,2016-06-23,20:35:00,382,5,4548
47651,2016-06-23,20:36:00,142,3,7569
47652,2016-06-23,20:40:00,106,4,7075
47653,2016-06-23,20:45:00,314,3,11408
47654,2016-06-23,20:51:00,439,2,4166
47655,2016-06-23,20:56:00,214,1,10711
47656,2016-06-23,21:07:00,364,3,4079
47657,2016-06-23,21:11:00,39,2,11044
47658,2016-06-23,21:11:00,303,1,5836
47659,2016-06-23,21:35:00,212,1,7401
47660,2016-06-23,21:37:00,14,2,4841
47661,2016-06-23,21:42:00,218,3,11812
47662,2016-06-23,21:45:00,283,3,7386
47663,2016-06-23,21:46:00,39,1,5753
47664,2016-06-23,21:53:00,120,2,3947
47665,2016-06-23,21:57:00,298,2,586
47666,2016-06-23,21:57:00,203,2,8903
47667,2016-06-23,22:01:00,402,2,10753
47668,2016-06-23,22:08:00,388,2,8777
47669,2016-06-23,22:21:00,409,1,11187
47670,2016-06-23,22:26:00,14,1,9697
47671,2016-06-23,22:40:00,235,1,6845
47672,2016-06-23,22:42:00,123,2,10147
47673,2016-06-23,22:43:00,260,2,9796
47674,2016-06-23,22:44:00,175,2,9475
47675,2016-06-23,22:47:00,166,1,9719
47676,2016-06-23,22:47:00,3,1,1358
47677,2016-06-23,22:59:00,163,4,10880
47678,2016-06-23,23:04:00,310,2,9941
47679,2016-06-23,23:12:00,133,1,7004
47680,2016-06-23,23:14:00,372,3,1270
47681,2016-06-23,23:22:00,256,1,12
47682,2016-06-23,23:23:00,324,2,5738
47683,2016-06-23,23:40:00,57,1,5972
47684,2016-06-23,23:41:00,129,2,8873
47685,2016-06-23,23:46:00,270,2,1399
47686,2016-06-23,23:54:00,254,2,9098
47687,2016-06-24,00:29:00,400,2,6280
47688,2016-06-24,00:33:00,280,2,7502
47689,2016-06-24,00:43:00,449,4,4014
47690,2016-06-24,00:45:00,434,3,2906
47691,2016-06-24,00:47:00,398,1,1016
47692,2016-06-24,00:51:00,345,1,8570
47693,2016-06-24,00:54:00,450,4,4901
47694,2016-06-24,01:15:00,313,1,130
47695,2016-06-24,01:21:00,189,2,4301
47696,2016-06-24,01:23:00,423,2,1271
47697,2016-06-24,01:39:00,91,2,8420
47698,2016-06-24,01:41:00,373,1,7697
47699,2016-06-24,01:42:00,86,1,6006
47700,2016-06-24,01:46:00,52,2,5511
47701,2016-06-24,01:47:00,455,2,8113
47702,2016-06-24,01:50:00,170,2,1850
47703,2016-06-24,01:54:00,78,1,6930
47704,2016-06-24,01:54:00,301,2,9921
47705,2016-06-24,02:30:00,447,1,6126
47706,2016-06-24,02:33:00,455,1,9549
47707,2016-06-24,02:44:00,246,2,4086
47708,2016-06-24,02:46:00,414,3,10990
47709,2016-06-24,02:52:00,389,2,11327
47710,2016-06-24,03:00:00,404,2,6987
47711,2016-06-24,03:03:00,375,2,2645
47712,2016-06-24,03:07:00,99,1,11906
47713,2016-06-24,03:13:00,28,3,4284
47714,2016-06-24,03:17:00,310,2,1790
47715,2016-06-24,03:22:00,182,2,7886
47716,2016-06-24,03:22:00,456,2,414
47717,2016-06-24,03:28:00,307,3,11773
47718,2016-06-24,03:38:00,16,3,7712
47719,2016-06-24,03:45:00,283,3,8607
47720,2016-06-24,03:54:00,76,2,6423
47721,2016-06-24,04:02:00,319,4,5185
47722,2016-06-24,04:09:00,448,2,10481
47723,2016-06-24,04:20:00,311,3,4007
47724,2016-06-24,04:38:00,272,2,2708
47725,2016-06-24,04:39:00,77,3,4498
47726,2016-06-24,04:43:00,440,2,408
47727,2016-06-24,04:46:00,347,2,8143
47728,2016-06-24,04:47:00,4,2,5012
47729,2016-06-24,04:52:00,98,2,2185
47730,2016-06-24,04:56:00,52,1,6227
47731,2016-06-24,05:02:00,110,4,945
47732,2016-06-24,05:11:00,244,2,3139
47733,2016-06-24,05:12:00,416,1,7185
47734,2016-06-24,05:13:00,396,1,2136
47735,2016-06-24,05:13:00,421,2,5629
47736,2016-06-24,05:23:00,223,2,6325
47737,2016-06-24,05:24:00,410,2,6154
47738,2016-06-24,05:27:00,144,1,1405
47739,2016-06-24,05:28:00,382,2,5737
47740,2016-06-24,05:30:00,363,3,2989
47741,2016-06-24,05:42:00,143,2,3085
47742,2016-06-24,05:49:00,279,2,11577
47743,2016-06-24,05:54:00,380,1,2952
47744,2016-06-24,05:55:00,164,1,10759
47745,2016-06-24,05:59:00,384,1,5519
47746,2016-06-24,06:02:00,85,1,1453
47747,2016-06-24,06:06:00,118,3,1402
47748,2016-06-24,06:12:00,359,2,3459
47749,2016-06-24,06:16:00,145,2,6395
47750,2016-06-24,06:25:00,185,4,605
47751,2016-06-24,06:26:00,279,2,9168
47752,2016-06-24,06:27:00,442,2,11391
47753,2016-06-24,06:33:00,237,4,7833
47754,2016-06-24,06:35:00,45,1,4219
47755,2016-06-24,06:38:00,84,2,10712
47756,2016-06-24,06:41:00,35,2,7144
47757,2016-06-24,06:45:00,300,2,1021
47758,2016-06-24,06:59:00,382,2,3109
47759,2016-06-24,07:00:00,263,2,7599
47760,2016-06-24,07:08:00,370,1,5962
47761,2016-06-24,07:10:00,412,2,5977
47762,2016-06-24,07:13:00,307,3,4516
47763,2016-06-24,07:23:00,192,2,4361
47764,2016-06-24,07:27:00,266,2,3807
47765,2016-06-24,07:27:00,154,2,6508
47766,2016-06-24,07:31:00,230,2,5965
47767,2016-06-24,07:39:00,439,1,235
47768,2016-06-24,07:48:00,236,3,6142
47769,2016-06-24,07:51:00,153,2,3775
47770,2016-06-24,08:06:00,219,3,11559
47771,2016-06-24,08:12:00,26,1,2934
47772,2016-06-24,08:14:00,37,2,11321
47773,2016-06-24,08:16:00,77,2,3548
47774,2016-06-24,08:22:00,23,2,9711
47775,2016-06-24,08:37:00,194,3,10164
47776,2016-06-24,08:38:00,377,1,1544
47777,2016-06-24,08:49:00,201,3,9282
47778,2016-06-24,08:57:00,84,2,5938
47779,2016-06-24,08:58:00,348,2,373
47780,2016-06-24,08:58:00,428,1,11468
47781,2016-06-24,08:58:00,133,2,5351
47782,2016-06-24,09:02:00,230,1,3800
47783,2016-06-24,09:16:00,13,2,10896
47784,2016-06-24,09:34:00,415,2,7108
47785,2016-06-24,09:46:00,38,3,3222
47786,2016-06-24,09:46:00,72,1,3819
47787,2016-06-24,09:47:00,100,1,1246
47788,2016-06-24,09:57:00,212,2,3948
47789,2016-06-24,10:07:00,152,5,892
47790,2016-06-24,10:08:00,207,1,705
47791,2016-06-24,10:09:00,300,2,4825
47792,2016-06-24,10:20:00,407,3,7058
47793,2016-06-24,10:26:00,18,1,4743
47794,2016-06-24,10:43:00,177,2,4100
47795,2016-06-24,10:44:00,175,2,2912
47796,2016-06-24,10:49:00,92,1,7915
47797,2016-06-24,10:51:00,24,3,1513
47798,2016-06-24,10:52:00,328,1,4851
47799,2016-06-24,10:56:00,22,1,6864
47800,2016-06-24,11:11:00,17,2,8512
47801,2016-06-24,11:19:00,159,2,7499
47802,2016-06-24,11:21:00,51,2,10792
47803,2016-06-24,11:22:00,121,2,11807
47804,2016-06-24,11:31:00,81,3,7864
47805,2016-06-24,11:32:00,129,2,143
47806,2016-06-24,11:33:00,280,2,726
47807,2016-06-24,11:36:00,91,2,679
47808,2016-06-24,11:38:00,133,1,10437
47809,2016-06-24,11:41:00,181,1,2666
47810,2016-06-24,11:43:00,273,1,7210
47811,2016-06-24,11:46:00,46,3,78
47812,2016-06-24,11:53:00,322,2,1523
47813,2016-06-24,11:54:00,291,2,10916
47814,2016-06-24,11:54:00,219,3,7620
47815,2016-06-24,11:54:00,72,1,29
47816,2016-06-24,11:59:00,184,1,8471
47817,2016-06-24,12:03:00,310,2,4589
47818,2016-06-24,12:10:00,105,1,1593
47819,2016-06-24,12:15:00,231,2,8591
47820,2016-06-24,12:27:00,348,1,11969
47821,2016-06-24,12:31:00,427,2,5288
47822,2016-06-24,12:50:00,159,2,3902
47823,2016-06-24,12:57:00,219,1,11714
47824,2016-06-24,13:00:00,440,3,5910
47825,2016-06-24,13:05:00,438,3,3858
47826,2016-06-24,13:28:00,367,2,4146
47827,2016-06-24,13:35:00,78,5,3565
47828,2016-06-24,13:40:00,449,1,10214
47829,2016-06-24,13:56:00,57,1,8750
47830,2016-06-24,14:07:00,202,3,6633
47831,2016-06-24,14:07:00,409,1,7299
47832,2016-06-24,14:18:00,397,3,10557
47833,2016-06-24,14:20:00,448,1,4693
47834,2016-06-24,14:25:00,167,2,10843
47835,2016-06-24,14:25:00,370,2,4246
47836,2016-06-24,14:26:00,182,2,1692
47837,2016-06-24,14:26:00,388,1,6921
47838,2016-06-24,14:35:00,451,2,1091
47839,2016-06-24,14:45:00,165,2,4110
47840,2016-06-24,15:11:00,265,2,8719
47841,2016-06-24,15:26:00,169,2,7521
47842,2016-06-24,15:30:00,308,1,4835
47843,2016-06-24,15:35:00,36,4,9126
47844,2016-06-24,15:35:00,382,1,7807
47845,2016-06-24,15:39:00,361,2,1020
47846,2016-06-24,15:42:00,193,2,10482
47847,2016-06-24,15:42:00,351,2,1344
47848,2016-06-24,15:48:00,376,4,1833
47849,2016-06-24,15:48:00,156,1,4812
47850,2016-06-24,15:51:00,427,2,3540
47851,2016-06-24,15:53:00,127,2,3527
47852,2016-06-24,15:55:00,401,1,10405
47853,2016-06-24,16:03:00,165,2,9685
47854,2016-06-24,16:06:00,315,1,10473
47855,2016-06-24,16:07:00,385,2,11389
47856,2016-06-24,16:07:00,148,1,10279
47857,2016-06-24,16:14:00,36,1,2
47858,2016-06-24,16:22:00,354,3,3220
47859,2016-06-24,16:30:00,145,2,6353
47860,2016-06-24,16:31:00,248,4,10321
47861,2016-06-24,16:43:00,196,1,10258
47862,2016-06-24,16:47:00,65,2,1926
47863,2016-06-24,16:50:00,423,2,5610
47864,2016-06-24,17:02:00,355,1,11323
47865,2016-06-24,17:06:00,56,3,4247
47866,2016-06-24,17:09:00,315,1,1018
47867,2016-06-24,17:19:00,125,2,5818
47868,2016-06-24,17:23:00,242,2,1619
47869,2016-06-24,17:23:00,198,1,9408
47870,2016-06-24,17:26:00,13,2,2513
47871,2016-06-24,17:51:00,36,1,6050
47872,2016-06-24,18:05:00,317,2,4027
47873,2016-06-24,18:06:00,141,4,1593
47874,2016-06-24,18:11:00,156,2,11767
47875,2016-06-24,18:15:00,325,1,9064
47876,2016-06-24,18:21:00,314,2,7312
47877,2016-06-24,18:23:00,268,5,2096
47878,2016-06-24,18:26:00,166,3,10404
47879,2016-06-24,18:26:00,35,2,930
47880,2016-06-24,18:42:00,162,1,10857
47881,2016-06-24,18:46:00,213,2,8575
47882,2016-06-24,18:46:00,232,1,569
47883,2016-06-24,18:54:00,307,2,10119
47884,2016-06-24,18:56:00,380,2,6427
47885,2016-06-24,19:03:00,1,3,10849
47886,2016-06-24,19:04:00,231,1,7094
47887,2016-06-24,19:09:00,57,3,641
47888,2016-06-24,19:09:00,33,3,10667
47889,2016-06-24,19:11:00,355,3,295
47890,2016-06-24,19:22:00,229,1,11383
47891,2016-06-24,19:27:00,145,2,315
47892,2016-06-24,19:30:00,305,1,11593
47893,2016-06-24,19:42:00,92,3,8663
47894,2016-06-24,19:42:00,133,4,9577
47895,2016-06-24,19:44:00,285,2,3937
47896,2016-06-24,19:45:00,89,3,4545
47897,2016-06-24,20:08:00,275,1,228
47898,2016-06-24,20:16:00,456,1,8017
47899,2016-06-24,20:19:00,122,3,468
47900,2016-06-24,20:20:00,146,4,2027
47901,2016-06-24,20:25:00,449,1,4393
47902,2016-06-24,20:28:00,378,1,1215
47903,2016-06-24,20:29:00,184,2,1702
47904,2016-06-24,20:34:00,208,2,2750
47905,2016-06-24,20:34:00,76,5,8399
47906,2016-06-24,20:34:00,72,1,4939
47907,2016-06-24,20:37:00,130,2,5543
47908,2016-06-24,20:37:00,389,2,9626
47909,2016-06-24,20:46:00,128,4,6840
47910,2016-06-24,21:19:00,73,1,10164
47911,2016-06-24,21:23:00,423,3,5413
47912,2016-06-24,21:23:00,440,1,4489
47913,2016-06-24,21:25:00,282,2,3674
47914,2016-06-24,21:25:00,381,2,2350
47915,2016-06-24,21:34:00,214,3,8791
47916,2016-06-24,21:41:00,7,3,6043
47917,2016-06-24,21:41:00,254,1,3856
47918,2016-06-24,21:47:00,444,2,11346
47919,2016-06-24,21:49:00,189,1,8494
47920,2016-06-24,21:49:00,16,5,3235
47921,2016-06-24,21:58:00,396,1,4971
47922,2016-06-24,22:00:00,220,4,10292
47923,2016-06-24,22:02:00,206,3,4814
47924,2016-06-24,22:02:00,14,3,11992
47925,2016-06-24,22:15:00,430,2,1838
47926,2016-06-24,22:15:00,176,1,4349
47927,2016-06-24,22:21:00,354,1,5978
47928,2016-06-24,22:28:00,198,1,10601
47929,2016-06-24,22:30:00,260,2,3012
47930,2016-06-24,22:31:00,97,1,7554
47931,2016-06-24,22:35:00,139,5,1223
47932,2016-06-24,22:42:00,380,3,5881
47933,2016-06-24,22:45:00,415,1,5266
47934,2016-06-24,22:53:00,143,2,787
47935,2016-06-24,23:00:00,351,3,5862
47936,2016-06-24,23:06:00,380,1,5211
47937,2016-06-24,23:10:00,295,2,5644
47938,2016-06-24,23:11:00,429,2,5732
47939,2016-06-24,23:16:00,234,5,9601
47940,2016-06-24,23:17:00,284,3,11275
47941,2016-06-24,23:20:00,328,2,11388
47942,2016-06-24,23:33:00,76,3,4662
47943,2016-06-24,23:33:00,112,2,7030
47944,2016-06-24,23:48:00,300,2,5678
47945,2016-06-25,00:03:00,151,1,8336
47946,2016-06-25,00:08:00,312,1,6963
47947,2016-06-25,00:18:00,259,1,1936
47948,2016-06-25,00:22:00,337,2,961
47949,2016-06-25,00:22:00,411,1,10163
47950,2016-06-25,00:25:00,389,2,4612
47951,2016-06-25,00:36:00,409,2,2740
47952,2016-06-25,00:43:00,390,1,10315
47953,2016-06-25,00:51:00,41,2,3281
47954,2016-06-25,00:59:00,53,2,1836
47955,2016-06-25,01:05:00,362,1,9494
47956,2016-06-25,01:10:00,348,2,6834
47957,2016-06-25,01:11:00,175,1,3207
47958,2016-06-25,01:20:00,270,2,1766
47959,2016-06-25,01:22:00,411,4,1436
47960,2016-06-25,01:26:00,444,1,2567
47961,2016-06-25,01:31:00,438,2,3378
47962,2016-06-25,01:36:00,116,2,10940
47963,2016-06-25,01:40:00,153,3,5415
47964,2016-06-25,01:45:00,152,2,9139
47965,2016-06-25,01:48:00,150,2,10535
47966,2016-06-25,01:49:00,283,2,5315
47967,2016-06-25,01:58:00,301,1,8441
47968,2016-06-25,01:59:00,244,1,4872
47969,2016-06-25,02:06:00,227,4,193
47970,2016-06-25,02:08:00,124,2,481
47971,2016-06-25,02:11:00,383,2,9308
47972,2016-06-25,02:14:00,280,1,10639
47973,2016-06-25,02:15:00,31,2,4227
47974,2016-06-25,02:16:00,109,1,1822
47975,2016-06-25,02:18:00,420,2,10672
47976,2016-06-25,02:18:00,331,5,5039
47977,2016-06-25,02:24:00,444,1,7667
47978,2016-06-25,02:33:00,306,1,929
47979,2016-06-25,02:42:00,208,1,10677
47980,2016-06-25,02:45:00,314,1,2409
47981,2016-06-25,02:52:00,196,1,7477
47982,2016-06-25,03:05:00,151,2,4469
47983,2016-06-25,03:07:00,356,4,7532
47984,2016-06-25,03:09:00,111,3,9595
47985,2016-06-25,03:10:00,181,1,11445
47986,2016-06-25,03:11:00,279,2,7681
47987,2016-06-25,03:13:00,314,5,9487
47988,2016-06-25,03:16:00,124,1,2149
47989,2016-06-25,03:24:00,450,3,3659
47990,2016-06-25,03:26:00,68,2,4319
47991,2016-06-25,03:30:00,121,1,9217
47992,2016-06-25,03:34:00,357,2,373
47993,2016-06-25,03:36:00,68,1,10076
47994,2016-06-25,03:37:00,56,3,8017
47995,2016-06-25,03:41:00,335,3,5743
47996,2016-06-25,03:46:00,273,2,10318
47997,2016-06-25,03:53:00,112,2,1805
47998,2016-06-25,03:53:00,11,2,6311
47999,2016-06-25,03:57:00,27,2,11143
48000,2016-06-25,03:57:00,45,1,33
48001,2016-06-25,04:10:00,137,1,320
48002,2016-06-25,04:30:00,413,2,6650
48003,2016-06-25,04:37:00,102,3,99
48004,2016-06-25,04:41:00,445,2,4555
48005,2016-06-25,05:04:00,16,2,1532
48006,2016-06-25,05:06:00,254,1,7649
48007,2016-06-25,05:23:00,363,1,9605
48008,2016-06-25,05:36:00,305,1,5964
48009,2016-06-25,05:43:00,186,1,1544
48010,2016-06-25,05:44:00,265,4,9979
48011,2016-06-25,05:45:00,241,3,3143
48012,2016-06-25,05:46:00,140,1,10755
48013,2016-06-25,05:51:00,251,1,6740
48014,2016-06-25,05:51:00,128,1,3027
48015,2016-06-25,05:52:00,28,3,11412
48016,2016-06-25,06:02:00,25,3,2871
48017,2016-06-25,06:11:00,405,1,8281
48018,2016-06-25,06:19:00,333,1,7943
48019,2016-06-25,06:19:00,111,1,8881
48020,2016-06-25,06:21:00,107,1,5218
48021,2016-06-25,06:27:00,160,2,7812
48022,2016-06-25,06:35:00,204,1,7692
48023,2016-06-25,06:37:00,122,1,11032
48024,2016-06-25,06:41:00,71,2,3234
48025,2016-06-25,06:43:00,218,2,5847
48026,2016-06-25,06:43:00,166,3,11261
48027,2016-06-25,06:44:00,256,3,7821
48028,2016-06-25,06:44:00,168,3,1055
48029,2016-06-25,06:49:00,375,1,6640
48030,2016-06-25,07:04:00,385,2,1273
48031,2016-06-25,07:14:00,427,1,10223
48032,2016-06-25,07:16:00,442,6,2788
48033,2016-06-25,07:21:00,47,2,11331
48034,2016-06-25,07:25:00,57,3,4482
48035,2016-06-25,07:47:00,456,2,4252
48036,2016-06-25,07:58:00,191,2,904
48037,2016-06-25,08:04:00,428,1,6138
48038,2016-06-25,08:12:00,178,1,10752
48039,2016-06-25,08:22:00,237,2,5987
48040,2016-06-25,08:24:00,223,4,3103
48041,2016-06-25,08:25:00,333,2,11421
48042,2016-06-25,08:26:00,220,1,9103
48043,2016-06-25,08:41:00,422,3,9809
48044,2016-06-25,08:41:00,54,1,3479
48045,2016-06-25,08:41:00,346,3,2444
48046,2016-06-25,08:46:00,60,3,5116
48047,2016-06-25,08:46:00,228,1,3102
48048,2016-06-25,08:47:00,120,1,8456
48049,2016-06-25,09:13:00,229,2,5986
48050,2016-06-25,09:15:00,290,1,5993
48051,2016-06-25,09:15:00,409,1,4382
48052,2016-06-25,09:20:00,190,2,1594
48053,2016-06-25,09:24:00,152,3,9373
48054,2016-06-25,09:25:00,338,2,539
48055,2016-06-25,09:28:00,346,1,4756
48056,2016-06-25,09:40:00,332,3,10580
48057,2016-06-25,09:42:00,306,3,881
48058,2016-06-25,09:43:00,208,2,3572
48059,2016-06-25,09:47:00,294,2,8214
48060,2016-06-25,09:51:00,181,1,11607
48061,2016-06-25,09:53:00,408,1,10442
48062,2016-06-25,09:53:00,248,2,9993
48063,2016-06-25,09:55:00,31,2,7661
48064,2016-06-25,09:59:00,60,3,6532
48065,2016-06-25,10:13:00,426,2,5645
48066,2016-06-25,10:16:00,29,2,4547
48067,2016-06-25,10:21:00,123,2,9833
48068,2016-06-25,10:28:00,254,1,1245
48069,2016-06-25,10:29:00,43,3,1079
48070,2016-06-25,10:30:00,32,2,7408
48071,2016-06-25,10:45:00,352,2,6085
48072,2016-06-25,10:49:00,396,3,11780
48073,2016-06-25,10:59:00,75,2,2588
48074,2016-06-25,11:00:00,331,1,5601
48075,2016-06-25,11:04:00,278,4,4086
48076,2016-06-25,11:06:00,155,1,8591
48077,2016-06-25,11:07:00,23,2,3276
48078,2016-06-25,11:26:00,190,2,1490
48079,2016-06-25,11:37:00,351,1,7196
48080,2016-06-25,11:39:00,108,1,7981
48081,2016-06-25,11:44:00,414,5,10148
48082,2016-06-25,11:55:00,276,2,4967
48083,2016-06-25,12:00:00,3,3,3279
48084,2016-06-25,12:13:00,49,2,6612
48085,2016-06-25,12:31:00,393,2,10845
48086,2016-06-25,12:35:00,147,1,11356
48087,2016-06-25,12:38:00,366,2,11623
48088,2016-06-25,12:43:00,266,2,6461
48089,2016-06-25,12:51:00,358,1,10959
48090,2016-06-25,12:54:00,277,2,5563
48091,2016-06-25,12:56:00,392,1,5287
48092,2016-06-25,13:01:00,310,1,4691
48093,2016-06-25,13:05:00,315,3,81
48094,2016-06-25,13:14:00,314,3,8865
48095,2016-06-25,13:20:00,169,1,4548
48096,2016-06-25,13:21:00,337,1,5217
48097,2016-06-25,13:23:00,249,3,801
48098,2016-06-25,13:36:00,115,2,5154
48099,2016-06-25,13:51:00,23,1,7086
48100,2016-06-25,13:56:00,132,3,11956
48101,2016-06-25,13:58:00,266,2,6481
48102,2016-06-25,14:05:00,203,2,1216
48103,2016-06-25,14:09:00,226,3,4246
48104,2016-06-25,14:09:00,48,1,7961
48105,2016-06-25,14:10:00,72,3,11191
48106,2016-06-25,14:15:00,17,2,8394
48107,2016-06-25,14:18:00,364,2,3499
48108,2016-06-25,14:24:00,202,4,892
48109,2016-06-25,14:25:00,79,2,6886
48110,2016-06-25,14:25:00,218,2,9588
48111,2016-06-25,14:32:00,373,3,2661
48112,2016-06-25,14:34:00,77,1,3910
48113,2016-06-25,14:34:00,215,1,1741
48114,2016-06-25,14:35:00,137,1,1473
48115,2016-06-25,14:36:00,218,2,10559
48116,2016-06-25,14:46:00,399,3,8355
48117,2016-06-25,14:49:00,107,4,6024
48118,2016-06-25,14:49:00,319,1,4907
48119,2016-06-25,14:56:00,309,3,9605
48120,2016-06-25,14:57:00,285,1,6935
48121,2016-06-25,15:03:00,145,3,9948
48122,2016-06-25,15:08:00,398,2,6305
48123,2016-06-25,15:12:00,326,2,6997
48124,2016-06-25,15:22:00,142,1,8064
48125,2016-06-25,15:25:00,337,2,4131
48126,2016-06-25,15:35:00,445,1,7031
48127,2016-06-25,15:39:00,50,4,633
48128,2016-06-25,15:44:00,81,2,11356
48129,2016-06-25,15:46:00,393,3,5831
48130,2016-06-25,15:51:00,405,2,5181
48131,2016-06-25,16:00:00,264,2,4772
48132,2016-06-25,16:15:00,452,3,10027
48133,2016-06-25,16:21:00,47,1,9380
48134,2016-06-25,16:24:00,60,1,10865
48135,2016-06-25,16:25:00,144,1,8844
48136,2016-06-25,16:26:00,301,1,4455
48137,2016-06-25,16:39:00,179,2,10673
48138,2016-06-25,16:42:00,456,2,481
48139,2016-06-25,16:44:00,238,1,9510
48140,2016-06-25,16:49:00,323,1,5661
48141,2016-06-25,17:00:00,370,2,11725
48142,2016-06-25,17:01:00,165,2,3379
48143,2016-06-25,17:08:00,120,2,9630
48144,2016-06-25,17:10:00,199,3,310
48145,2016-06-25,17:15:00,77,1,2751
48146,2016-06-25,17:16:00,222,3,2908
48147,2016-06-25,17:16:00,36,3,7479
48148,2016-06-25,17:18:00,248,1,8656
48149,2016-06-25,17:26:00,131,3,10579
48150,2016-06-25,17:26:00,132,3,9793
48151,2016-06-25,17:32:00,401,2,501
48152,2016-06-25,17:50:00,133,2,3065
48153,2016-06-25,17:53:00,313,2,9224
48154,2016-06-25,17:56:00,131,3,7435
48155,2016-06-25,17:59:00,449,4,5755
48156,2016-06-25,17:59:00,248,1,540
48157,2016-06-25,18:11:00,285,4,4518
48158,2016-06-25,18:22:00,196,2,2550
48159,2016-06-25,18:25:00,358,2,7362
48160,2016-06-25,18:40:00,279,3,9046
48161,2016-06-25,18:42:00,280,3,2259
48162,2016-06-25,18:44:00,317,3,7019
48163,2016-06-25,18:46:00,283,2,5359
48164,2016-06-25,18:48:00,141,4,2895
48165,2016-06-25,18:57:00,308,3,3959
48166,2016-06-25,19:01:00,180,2,5293
48167,2016-06-25,19:10:00,285,5,10514
48168,2016-06-25,19:25:00,446,4,5510
48169,2016-06-25,19:26:00,131,2,11101
48170,2016-06-25,19:35:00,402,2,10387
48171,2016-06-25,19:46:00,180,1,823
48172,2016-06-25,19:54:00,309,2,10116
48173,2016-06-25,19:57:00,201,3,6031
48174,2016-06-25,20:00:00,377,2,6564
48175,2016-06-25,20:12:00,100,2,1477
48176,2016-06-25,20:12:00,258,1,4028
48177,2016-06-25,20:15:00,173,1,10996
48178,2016-06-25,20:24:00,145,1,11664
48179,2016-06-25,20:25:00,68,2,11123
48180,2016-06-25,20:33:00,367,3,2929
48181,2016-06-25,20:52:00,405,3,10875
48182,2016-06-25,20:57:00,70,1,628
48183,2016-06-25,21:00:00,458,2,4142
48184,2016-06-25,21:02:00,324,2,685
48185,2016-06-25,21:11:00,223,2,7942
48186,2016-06-25,21:26:00,419,3,2778
48187,2016-06-25,21:42:00,272,2,11888
48188,2016-06-25,21:45:00,405,2,10402
48189,2016-06-25,21:48:00,22,1,10429
48190,2016-06-25,21:49:00,168,1,6068
48191,2016-06-25,21:50:00,234,2,11657
48192,2016-06-25,21:53:00,78,2,7218
48193,2016-06-25,21:58:00,402,1,3701
48194,2016-06-25,21:59:00,92,1,9032
48195,2016-06-25,22:05:00,379,1,3959
48196,2016-06-25,22:09:00,129,3,11352
48197,2016-06-25,22:15:00,390,1,611
48198,2016-06-25,22:17:00,188,2,6690
48199,2016-06-25,22:29:00,169,4,6967
48200,2016-06-25,22:30:00,375,1,2828
48201,2016-06-25,22:36:00,140,1,9916
48202,2016-06-25,22:41:00,370,4,8648
48203,2016-06-25,22:56:00,221,2,9731
48204,2016-06-25,22:58:00,338,2,8286
48205,2016-06-25,23:02:00,442,2,9037
48206,2016-06-25,23:06:00,359,2,1034
48207,2016-06-25,23:11:00,197,1,10248
48208,2016-06-25,23:22:00,85,2,6938
48209,2016-06-25,23:31:00,383,1,5036
48210,2016-06-25,23:39:00,229,2,9456
48211,2016-06-25,23:46:00,388,1,1018
48212,2016-06-25,23:48:00,152,2,1299
48213,2016-06-25,23:51:00,364,2,4560
48214,2016-06-25,23:57:00,104,2,8235
48215,2016-06-26,00:09:00,23,2,3532
48216,2016-06-26,00:10:00,228,2,754
48217,2016-06-26,00:23:00,56,2,10373
48218,2016-06-26,00:42:00,170,2,8332
48219,2016-06-26,00:43:00,119,1,11813
48220,2016-06-26,00:52:00,184,2,8026
48221,2016-06-26,01:00:00,387,2,5147
48222,2016-06-26,01:00:00,202,2,1366
48223,2016-06-26,01:02:00,347,1,6769
48224,2016-06-26,01:09:00,456,3,7808
48225,2016-06-26,01:13:00,306,1,2548
48226,2016-06-26,01:14:00,240,3,2441
48227,2016-06-26,01:15:00,130,2,8335
48228,2016-06-26,01:26:00,364,2,5743
48229,2016-06-26,01:27:00,54,2,5567
48230,2016-06-26,01:32:00,351,1,10423
48231,2016-06-26,01:34:00,124,4,10491
48232,2016-06-26,01:34:00,200,1,6148
48233,2016-06-26,01:38:00,404,2,5779
48234,2016-06-26,01:40:00,419,5,3109
48235,2016-06-26,01:46:00,260,4,3479
48236,2016-06-26,01:49:00,217,1,1235
48237,2016-06-26,01:50:00,410,1,4164
48238,2016-06-26,02:03:00,2,1,3583
48239,2016-06-26,02:03:00,334,1,3393
48240,2016-06-26,02:05:00,280,5,6688
48241,2016-06-26,02:07:00,370,4,1129
48242,2016-06-26,02:07:00,351,4,7880
48243,2016-06-26,02:17:00,289,1,4065
48244,2016-06-26,02:20:00,175,1,8769
48245,2016-06-26,02:22:00,381,2,10586
48246,2016-06-26,02:28:00,451,1,9259
48247,2016-06-26,02:29:00,96,1,5316
48248,2016-06-26,02:33:00,163,3,11268
48249,2016-06-26,02:33:00,319,2,419
48250,2016-06-26,02:44:00,151,3,725
48251,2016-06-26,02:50:00,199,2,5597
48252,2016-06-26,02:52:00,312,1,3418
48253,2016-06-26,03:03:00,458,2,2897
48254,2016-06-26,03:04:00,272,1,5590
48255,2016-06-26,03:17:00,161,1,5638
48256,2016-06-26,03:28:00,59,2,5290
48257,2016-06-26,03:32:00,188,1,6695
48258,2016-06-26,03:35:00,208,4,2298
48259,2016-06-26,03:37:00,457,2,1880
48260,2016-06-26,03:40:00,283,2,3048
48261,2016-06-26,03:44:00,255,1,1383
48262,2016-06-26,03:46:00,80,2,9030
48263,2016-06-26,03:46:00,423,2,1060
48264,2016-06-26,03:57:00,41,1,5130
48265,2016-06-26,04:02:00,386,1,7107
48266,2016-06-26,04:03:00,211,1,24
48267,2016-06-26,04:04:00,59,3,6876
48268,2016-06-26,04:04:00,352,3,854
48269,2016-06-26,04:30:00,162,1,3680
48270,2016-06-26,04:33:00,229,1,3715
48271,2016-06-26,04:35:00,136,2,8541
48272,2016-06-26,04:39:00,151,1,9868
48273,2016-06-26,04:43:00,230,3,11890
48274,2016-06-26,04:53:00,440,2,6944
48275,2016-06-26,05:01:00,3,1,4876
48276,2016-06-26,05:02:00,403,2,9988
48277,2016-06-26,05:04:00,246,1,8165
48278,2016-06-26,05:27:00,211,2,4357
48279,2016-06-26,05:27:00,83,4,4869
48280,2016-06-26,05:50:00,393,3,10730
48281,2016-06-26,05:51:00,95,1,10503
48282,2016-06-26,05:53:00,150,1,7770
48283,2016-06-26,05:56:00,281,4,6088
48284,2016-06-26,05:58:00,29,2,35
48285,2016-06-26,06:02:00,58,2,7778
48286,2016-06-26,06:16:00,306,1,11900
48287,2016-06-26,06:19:00,175,2,2700
48288,2016-06-26,06:21:00,139,4,1878
48289,2016-06-26,06:23:00,170,3,1096
48290,2016-06-26,06:35:00,15,4,9238
48291,2016-06-26,06:38:00,138,1,5973
48292,2016-06-26,06:38:00,422,5,10405
48293,2016-06-26,06:45:00,442,2,8498
48294,2016-06-26,06:50:00,396,2,5999
48295,2016-06-26,06:52:00,451,2,625
48296,2016-06-26,06:54:00,429,2,314
48297,2016-06-26,07:06:00,349,2,3368
48298,2016-06-26,07:07:00,238,4,11127
48299,2016-06-26,07:16:00,320,1,6569
48300,2016-06-26,07:19:00,409,2,6928
48301,2016-06-26,07:28:00,400,1,6616
48302,2016-06-26,07:34:00,322,3,7551
48303,2016-06-26,07:35:00,374,1,3995
48304,2016-06-26,07:40:00,230,3,5833
48305,2016-06-26,07:44:00,31,1,9080
48306,2016-06-26,07:44:00,448,2,5868
48307,2016-06-26,07:45:00,126,2,6821
48308,2016-06-26,07:49:00,135,1,4251
48309,2016-06-26,07:54:00,229,1,8320
48310,2016-06-26,07:55:00,353,3,2067
48311,2016-06-26,07:59:00,357,2,8347
48312,2016-06-26,08:09:00,317,1,10164
48313,2016-06-26,08:11:00,342,2,9561
48314,2016-06-26,08:21:00,309,1,4551
48315,2016-06-26,08:22:00,47,3,8770
48316,2016-06-26,08:26:00,261,2,6555
48317,2016-06-26,08:28:00,319,3,11665
48318,2016-06-26,08:34:00,264,1,947
48319,2016-06-26,08:40:00,232,4,2261
48320,2016-06-26,08:48:00,311,2,7140
48321,2016-06-26,08:51:00,58,1,1761
48322,2016-06-26,08:52:00,62,1,8249
48323,2016-06-26,08:53:00,329,1,2777
48324,2016-06-26,08:56:00,173,1,126
48325,2016-06-26,08:58:00,31,1,7871
48326,2016-06-26,09:00:00,211,2,1462
48327,2016-06-26,09:02:00,212,1,2252
48328,2016-06-26,09:04:00,363,4,11368
48329,2016-06-26,09:12:00,454,2,9378
48330,2016-06-26,09:15:00,458,3,927
48331,2016-06-26,09:19:00,394,2,3587
48332,2016-06-26,09:23:00,142,2,2488
48333,2016-06-26,09:30:00,424,2,7570
48334,2016-06-26,09:32:00,122,3,622
48335,2016-06-26,09:36:00,22,1,8700
48336,2016-06-26,09:37:00,15,2,2142
48337,2016-06-26,09:40:00,269,1,3409
48338,2016-06-26,09:42:00,316,2,1955
48339,2016-06-26,09:42:00,70,2,2745
48340,2016-06-26,09:59:00,176,1,9536
48341,2016-06-26,10:01:00,36,2,9529
48342,2016-06-26,10:07:00,225,1,8675
48343,2016-06-26,10:11:00,409,4,5212
48344,2016-06-26,10:11:00,127,1,4211
48345,2016-06-26,10:11:00,402,2,10007
48346,2016-06-26,10:12:00,25,1,7754
48347,2016-06-26,10:19:00,197,3,7057
48348,2016-06-26,10:22:00,259,2,8962
48349,2016-06-26,10:27:00,196,1,8617
48350,2016-06-26,10:28:00,386,5,5047
48351,2016-06-26,10:37:00,85,4,11245
48352,2016-06-26,10:40:00,164,2,3904
48353,2016-06-26,10:45:00,119,1,1186
48354,2016-06-26,10:55:00,214,1,8864
48355,2016-06-26,11:05:00,114,2,8607
48356,2016-06-26,11:16:00,137,1,7860
48357,2016-06-26,11:20:00,445,3,10004
48358,2016-06-26,11:21:00,58,1,10574
48359,2016-06-26,11:27:00,91,4,8683
48360,2016-06-26,11:34:00,125,4,5591
48361,2016-06-26,11:34:00,359,1,11303
48362,2016-06-26,11:35:00,88,1,7061
48363,2016-06-26,11:49:00,290,3,1226
48364,2016-06-26,11:50:00,79,4,8324
48365,2016-06-26,11:58:00,450,2,11575
48366,2016-06-26,12:04:00,128,2,9098
48367,2016-06-26,12:08:00,277,1,10667
48368,2016-06-26,12:14:00,83,3,10967
48369,2016-06-26,12:15:00,408,1,2954
48370,2016-06-26,12:16:00,361,1,1831
48371,2016-06-26,12:19:00,240,1,9895
48372,2016-06-26,12:20:00,186,3,9218
48373,2016-06-26,12:32:00,342,2,1411
48374,2016-06-26,12:35:00,101,2,8645
48375,2016-06-26,12:37:00,50,2,989
48376,2016-06-26,12:39:00,42,2,7985
48377,2016-06-26,12:39:00,450,3,9114
48378,2016-06-26,12:46:00,266,1,5453
48379,2016-06-26,12:51:00,161,1,371
48380,2016-06-26,12:54:00,66,1,7977
48381,2016-06-26,12:54:00,315,3,10562
48382,2016-06-26,12:57:00,402,3,3530
48383,2016-06-26,13:01:00,102,1,5744
48384,2016-06-26,13:02:00,23,2,2309
48385,2016-06-26,13:02:00,77,1,6638
48386,2016-06-26,13:06:00,412,2,47
48387,2016-06-26,13:07:00,23,3,63
48388,2016-06-26,13:12:00,202,2,7037
48389,2016-06-26,13:15:00,281,2,6168
48390,2016-06-26,13:19:00,457,2,2908
48391,2016-06-26,13:25:00,224,2,158
48392,2016-06-26,13:33:00,357,3,9565
48393,2016-06-26,13:36:00,405,2,3786
48394,2016-06-26,13:42:00,212,4,416
48395,2016-06-26,13:52:00,343,3,6646
48396,2016-06-26,13:53:00,458,1,4981
48397,2016-06-26,14:18:00,450,2,426
48398,2016-06-26,14:34:00,49,5,1475
48399,2016-06-26,14:41:00,361,2,11852
48400,2016-06-26,14:55:00,71,1,2626
48401,2016-06-26,15:02:00,133,1,3164
48402,2016-06-26,15:03:00,224,2,10621
48403,2016-06-26,15:12:00,374,1,7107
48404,2016-06-26,15:23:00,384,3,5695
48405,2016-06-26,15:30:00,282,2,2003
48406,2016-06-26,15:33:00,61,2,10156
48407,2016-06-26,15:40:00,138,2,1656
48408,2016-06-26,15:44:00,250,3,10982
48409,2016-06-26,15:57:00,46,4,8686
48410,2016-06-26,16:01:00,83,2,9071
48411,2016-06-26,16:04:00,235,1,6475
48412,2016-06-26,16:08:00,223,5,2179
48413,2016-06-26,16:19:00,84,2,10712
48414,2016-06-26,16:36:00,211,3,8493
48415,2016-06-26,16:40:00,146,2,8560
48416,2016-06-26,16:42:00,155,4,9680
48417,2016-06-26,16:51:00,27,2,1440
48418,2016-06-26,16:53:00,453,2,5190
48419,2016-06-26,17:08:00,314,1,9791
48420,2016-06-26,17:12:00,56,1,6994
48421,2016-06-26,17:15:00,247,3,1911
48422,2016-06-26,17:22:00,226,2,7015
48423,2016-06-26,17:24:00,2,4,10410
48424,2016-06-26,17:24:00,332,1,5542
48425,2016-06-26,17:30:00,254,1,7419
48426,2016-06-26,17:38:00,153,1,6269
48427,2016-06-26,17:45:00,366,1,8637
48428,2016-06-26,17:52:00,238,3,3208
48429,2016-06-26,17:55:00,225,1,11327
48430,2016-06-26,18:07:00,371,3,5717
48431,2016-06-26,18:08:00,289,2,8089
48432,2016-06-26,18:10:00,237,2,3449
48433,2016-06-26,18:15:00,321,1,5282
48434,2016-06-26,18:15:00,242,3,90
48435,2016-06-26,18:16:00,45,1,2984
48436,2016-06-26,18:26:00,375,2,1028
48437,2016-06-26,18:29:00,27,2,8121
48438,2016-06-26,18:33:00,342,2,1913
48439,2016-06-26,18:57:00,43,2,4043
48440,2016-06-26,19:07:00,410,1,11612
48441,2016-06-26,19:08:00,200,3,9168
48442,2016-06-26,19:16:00,415,1,11670
48443,2016-06-26,19:18:00,39,2,8974
48444,2016-06-26,19:18:00,408,1,8580
48445,2016-06-26,19:23:00,342,2,3039
48446,2016-06-26,19:23:00,438,3,7307
48447,2016-06-26,19:55:00,360,3,7923
48448,2016-06-26,19:59:00,364,3,6866
48449,2016-06-26,20:00:00,285,1,5134
48450,2016-06-26,20:03:00,410,3,8763
48451,2016-06-26,20:07:00,119,1,3347
48452,2016-06-26,20:09:00,354,2,2932
48453,2016-06-26,20:21:00,104,1,1810
48454,2016-06-26,20:23:00,268,2,3946
48455,2016-06-26,20:27:00,77,5,10776
48456,2016-06-26,20:36:00,69,2,4086
48457,2016-06-26,20:37:00,97,3,8801
48458,2016-06-26,20:40:00,221,2,2299
48459,2016-06-26,20:50:00,103,3,8916
48460,2016-06-26,20:54:00,31,3,3155
48461,2016-06-26,20:58:00,305,3,2861
48462,2016-06-26,21:01:00,140,3,1741
48463,2016-06-26,21:06:00,355,2,5073
48464,2016-06-26,21:07:00,139,1,11267
48465,2016-06-26,21:10:00,333,4,732
48466,2016-06-26,21:12:00,345,3,3588
48467,2016-06-26,21:14:00,334,1,9416
48468,2016-06-26,21:43:00,358,1,8252
48469,2016-06-26,21:47:00,184,1,11047
48470,2016-06-26,21:57:00,179,1,9435
48471,2016-06-26,22:00:00,167,3,6266
48472,2016-06-26,22:03:00,369,3,8707
48473,2016-06-26,22:12:00,24,3,3187
48474,2016-06-26,22:14:00,20,5,9776
48475,2016-06-26,22:17:00,349,1,6549
48476,2016-06-26,22:23:00,56,2,11274
48477,2016-06-26,22:42:00,362,1,5894
48478,2016-06-26,22:50:00,4,1,7225
48479,2016-06-26,22:50:00,230,2,8668
48480,2016-06-26,22:55:00,418,3,1886
48481,2016-06-26,23:02:00,94,3,5156
48482,2016-06-26,23:04:00,248,3,8087
48483,2016-06-26,23:05:00,13,2,7522
48484,2016-06-26,23:10:00,78,3,9587
48485,2016-06-26,23:23:00,174,1,10569
48486,2016-06-26,23:35:00,190,2,7593
48487,2016-06-26,23:39:00,357,1,11297
48488,2016-06-26,23:41:00,400,2,9046
48489,2016-06-26,23:41:00,71,1,8852
48490,2016-06-26,23:42:00,137,2,6574
48491,2016-06-26,23:43:00,332,1,2286
48492,2016-06-26,23:45:00,51,1,3816
48493,2016-06-26,23:45:00,416,1,6806
48494,2016-06-26,23:51:00,355,3,5058
48495,2016-06-26,23:51:00,1,1,1921
48496,2016-06-26,23:55:00,242,2,3066
48497,2016-06-26,23:58:00,187,1,3268
48498,2016-06-27,00:02:00,384,1,6124
48499,2016-06-27,00:10:00,267,3,7519
48500,2016-06-27,00:10:00,238,3,11993
48501,2016-06-27,00:13:00,339,1,86
48502,2016-06-27,00:15:00,261,2,4908
48503,2016-06-27,00:17:00,158,2,7347
48504,2016-06-27,00:20:00,308,3,6854
48505,2016-06-27,00:29:00,238,1,11046
48506,2016-06-27,00:33:00,13,1,179
48507,2016-06-27,00:36:00,392,1,11564
48508,2016-06-27,00:37:00,59,2,2402
48509,2016-06-27,00:39:00,260,2,9088
48510,2016-06-27,00:51:00,53,1,5643
48511,2016-06-27,00:54:00,149,2,10287
48512,2016-06-27,01:01:00,338,1,10961
48513,2016-06-27,01:10:00,130,2,4044
48514,2016-06-27,01:11:00,125,2,4182
48515,2016-06-27,01:15:00,66,2,2169
48516,2016-06-27,01:22:00,154,1,7517
48517,2016-06-27,01:24:00,114,2,6338
48518,2016-06-27,01:25:00,239,1,5979
48519,2016-06-27,01:38:00,40,2,4031
48520,2016-06-27,01:40:00,328,1,11686
48521,2016-06-27,01:41:00,260,3,2508
48522,2016-06-27,01:42:00,149,2,11004
48523,2016-06-27,01:47:00,57,1,9487
48524,2016-06-27,01:54:00,265,2,5947
48525,2016-06-27,01:55:00,302,2,470
48526,2016-06-27,01:59:00,237,1,11867
48527,2016-06-27,02:01:00,399,2,6942
48528,2016-06-27,02:04:00,148,1,11210
48529,2016-06-27,02:08:00,95,2,4276
48530,2016-06-27,02:12:00,403,3,8955
48531,2016-06-27,02:14:00,403,2,1831
48532,2016-06-27,02:22:00,454,1,958
48533,2016-06-27,02:27:00,117,1,4550
48534,2016-06-27,02:27:00,73,2,6873
48535,2016-06-27,02:28:00,296,3,6418
48536,2016-06-27,02:32:00,340,1,11982
48537,2016-06-27,02:33:00,45,2,9375
48538,2016-06-27,02:38:00,370,1,4130
48539,2016-06-27,02:40:00,411,1,6889
48540,2016-06-27,02:40:00,398,2,7783
48541,2016-06-27,02:48:00,310,5,3870
48542,2016-06-27,02:56:00,392,3,11279
48543,2016-06-27,03:06:00,275,1,4754
48544,2016-06-27,03:09:00,276,1,6314
48545,2016-06-27,03:11:00,69,2,7430
48546,2016-06-27,03:23:00,273,2,9084
48547,2016-06-27,03:26:00,354,2,6503
48548,2016-06-27,03:26:00,338,1,3529
48549,2016-06-27,03:27:00,277,1,3780
48550,2016-06-27,03:38:00,176,1,7783
48551,2016-06-27,03:39:00,198,2,4807
48552,2016-06-27,03:40:00,372,4,4322
48553,2016-06-27,03:51:00,369,1,4146
48554,2016-06-27,03:53:00,175,3,11057
48555,2016-06-27,03:54:00,331,1,9560
48556,2016-06-27,04:03:00,422,1,10109
48557,2016-06-27,04:08:00,176,1,9480
48558,2016-06-27,04:18:00,87,3,11919
48559,2016-06-27,04:22:00,165,2,6718
48560,2016-06-27,04:46:00,42,1,10427
48561,2016-06-27,05:03:00,295,6,10454
48562,2016-06-27,05:07:00,411,1,8007
48563,2016-06-27,05:10:00,357,2,612
48564,2016-06-27,05:12:00,423,1,7613
48565,2016-06-27,05:12:00,303,1,606
48566,2016-06-27,05:13:00,51,3,6899
48567,2016-06-27,05:13:00,242,2,549
48568,2016-06-27,05:13:00,269,2,3338
48569,2016-06-27,05:27:00,438,2,6635
48570,2016-06-27,05:31:00,333,2,9978
48571,2016-06-27,05:41:00,154,5,8361
48572,2016-06-27,05:42:00,114,3,2132
48573,2016-06-27,06:00:00,369,4,6787
48574,2016-06-27,06:03:00,249,1,4801
48575,2016-06-27,06:19:00,255,2,4798
48576,2016-06-27,06:21:00,447,1,6992
48577,2016-06-27,06:22:00,54,2,4373
48578,2016-06-27,06:24:00,443,2,1853
48579,2016-06-27,06:24:00,247,3,1393
48580,2016-06-27,06:27:00,191,1,9817
48581,2016-06-27,06:31:00,20,4,184
48582,2016-06-27,06:34:00,399,5,10636
48583,2016-06-27,06:37:00,216,4,9548
48584,2016-06-27,06:37:00,184,3,7262
48585,2016-06-27,06:44:00,423,2,6250
48586,2016-06-27,06:49:00,69,1,8939
48587,2016-06-27,06:49:00,278,1,6958
48588,2016-06-27,06:49:00,270,2,284
48589,2016-06-27,06:52:00,42,2,7389
48590,2016-06-27,06:54:00,112,3,9437
48591,2016-06-27,06:59:00,347,1,2920
48592,2016-06-27,07:12:00,375,3,9524
48593,2016-06-27,07:14:00,153,2,7018
48594,2016-06-27,07:18:00,90,2,3826
48595,2016-06-27,07:38:00,248,2,7644
48596,2016-06-27,07:42:00,68,1,11488
48597,2016-06-27,07:48:00,211,1,2301
48598,2016-06-27,07:49:00,358,1,6797
48599,2016-06-27,08:03:00,100,4,775
48600,2016-06-27,08:10:00,25,3,5759
48601,2016-06-27,08:10:00,379,1,8244
48602,2016-06-27,08:22:00,190,2,7304
48603,2016-06-27,08:23:00,299,3,10386
48604,2016-06-27,08:26:00,380,1,3133
48605,2016-06-27,08:28:00,114,1,6607
48606,2016-06-27,08:35:00,260,1,11159
48607,2016-06-27,08:38:00,372,3,9221
48608,2016-06-27,08:39:00,165,1,5203
48609,2016-06-27,08:54:00,143,2,3108
48610,2016-06-27,08:57:00,393,1,9037
48611,2016-06-27,09:01:00,171,3,5946
48612,2016-06-27,09:03:00,390,3,3021
48613,2016-06-27,09:08:00,218,1,11041
48614,2016-06-27,09:10:00,2,1,10077
48615,2016-06-27,09:14:00,272,1,7860
48616,2016-06-27,09:14:00,380,2,2181
48617,2016-06-27,09:16:00,121,4,2351
48618,2016-06-27,09:16:00,290,2,10548
48619,2016-06-27,09:16:00,388,1,9317
48620,2016-06-27,09:30:00,235,3,9315
48621,2016-06-27,09:34:00,337,1,7532
48622,2016-06-27,09:44:00,18,3,2317
48623,2016-06-27,09:44:00,396,2,9469
48624,2016-06-27,09:47:00,145,2,11990
48625,2016-06-27,09:50:00,179,4,1761
48626,2016-06-27,09:50:00,166,1,1039
48627,2016-06-27,09:53:00,409,2,7437
48628,2016-06-27,09:53:00,178,3,10037
48629,2016-06-27,10:01:00,54,1,9642
48630,2016-06-27,10:01:00,26,3,3907
48631,2016-06-27,10:08:00,93,1,6673
48632,2016-06-27,10:11:00,96,1,3882
48633,2016-06-27,10:16:00,289,2,2509
48634,2016-06-27,10:18:00,204,2,7337
48635,2016-06-27,10:25:00,263,2,7589
48636,2016-06-27,10:25:00,244,1,5559
48637,2016-06-27,10:29:00,221,3,6727
48638,2016-06-27,10:29:00,310,1,3980
48639,2016-06-27,10:54:00,320,1,5741
48640,2016-06-27,10:55:00,115,2,4592
48641,2016-06-27,10:56:00,213,1,4830
48642,2016-06-27,11:05:00,334,1,9314
48643,2016-06-27,11:13:00,80,1,9451
48644,2016-06-27,11:15:00,416,3,10405
48645,2016-06-27,11:16:00,228,2,1726
48646,2016-06-27,11:36:00,223,3,1691
48647,2016-06-27,11:37:00,153,2,4637
48648,2016-06-27,11:42:00,289,2,11233
48649,2016-06-27,11:44:00,26,3,121
48650,2016-06-27,11:47:00,404,1,396
48651,2016-06-27,11:56:00,291,1,11146
48652,2016-06-27,12:13:00,159,1,11383
48653,2016-06-27,12:23:00,381,2,11068
48654,2016-06-27,12:25:00,362,2,4388
48655,2016-06-27,12:31:00,317,4,6988
48656,2016-06-27,12:33:00,10,4,11357
48657,2016-06-27,12:33:00,251,2,949
48658,2016-06-27,12:35:00,301,1,9280
48659,2016-06-27,12:38:00,59,2,8762
48660,2016-06-27,12:50:00,69,3,1813
48661,2016-06-27,12:54:00,237,2,4083
48662,2016-06-27,12:56:00,196,1,2045
48663,2016-06-27,13:02:00,371,2,10147
48664,2016-06-27,13:11:00,86,4,10255
48665,2016-06-27,13:13:00,140,2,2560
48666,2016-06-27,13:17:00,352,2,7207
48667,2016-06-27,13:18:00,199,3,1264
48668,2016-06-27,13:21:00,349,5,10949
48669,2016-06-27,13:24:00,169,1,4838
48670,2016-06-27,13:26:00,212,3,3818
48671,2016-06-27,13:27:00,194,1,2601
48672,2016-06-27,13:32:00,345,3,5874
48673,2016-06-27,13:33:00,427,3,6249
48674,2016-06-27,13:33:00,105,2,11698
48675,2016-06-27,13:37:00,181,2,8375
48676,2016-06-27,13:43:00,45,1,2708
48677,2016-06-27,13:46:00,35,2,1362
48678,2016-06-27,13:54:00,371,1,7193
48679,2016-06-27,13:58:00,28,2,3213
48680,2016-06-27,14:00:00,253,1,2834
48681,2016-06-27,14:01:00,446,1,10933
48682,2016-06-27,14:05:00,282,2,4767
48683,2016-06-27,14:09:00,56,2,3931
48684,2016-06-27,14:10:00,411,1,9079
48685,2016-06-27,14:25:00,339,2,11860
48686,2016-06-27,14:26:00,328,1,11414
48687,2016-06-27,14:32:00,1,1,11986
48688,2016-06-27,14:36:00,255,3,11340
48689,2016-06-27,14:37:00,133,1,9143
48690,2016-06-27,14:42:00,28,2,77
48691,2016-06-27,14:42:00,269,1,1939
48692,2016-06-27,14:45:00,347,4,7673
48693,2016-06-27,14:47:00,190,3,9766
48694,2016-06-27,14:50:00,23,2,746
48695,2016-06-27,14:51:00,3,2,7075
48696,2016-06-27,14:52:00,231,3,6492
48697,2016-06-27,14:55:00,7,3,2186
48698,2016-06-27,14:59:00,180,1,3016
48699,2016-06-27,15:03:00,348,3,1166
48700,2016-06-27,15:07:00,119,2,1270
48701,2016-06-27,15:07:00,257,4,5661
48702,2016-06-27,15:10:00,285,3,10361
48703,2016-06-27,15:11:00,337,1,4331
48704,2016-06-27,15:14:00,238,1,6386
48705,2016-06-27,15:24:00,325,1,4037
48706,2016-06-27,15:27:00,293,5,6340
48707,2016-06-27,15:33:00,108,1,11186
48708,2016-06-27,15:50:00,308,1,3537
48709,2016-06-27,15:52:00,438,1,3736
48710,2016-06-27,15:55:00,219,1,11399
48711,2016-06-27,15:59:00,61,1,3223
48712,2016-06-27,16:11:00,256,1,10995
48713,2016-06-27,16:16:00,437,2,1927
48714,2016-06-27,16:17:00,31,3,4949
48715,2016-06-27,16:20:00,324,3,9284
48716,2016-06-27,16:22:00,46,2,6349
48717,2016-06-27,16:23:00,221,1,2218
48718,2016-06-27,16:24:00,248,1,11237
48719,2016-06-27,16:27:00,115,2,4588
48720,2016-06-27,16:32:00,370,1,7036
48721,2016-06-27,16:38:00,64,2,2533
48722,2016-06-27,16:39:00,454,2,822
48723,2016-06-27,16:42:00,33,3,1098
48724,2016-06-27,16:46:00,97,1,7306
48725,2016-06-27,16:49:00,245,2,5838
48726,2016-06-27,16:51:00,125,2,9729
48727,2016-06-27,16:52:00,429,3,11320
48728,2016-06-27,17:07:00,285,2,7291
48729,2016-06-27,17:14:00,264,2,5449
48730,2016-06-27,17:24:00,312,1,9785
48731,2016-06-27,17:25:00,390,1,9081
48732,2016-06-27,17:33:00,270,1,2023
48733,2016-06-27,17:59:00,223,5,5368
48734,2016-06-27,18:08:00,286,1,791
48735,2016-06-27,18:12:00,67,5,3534
48736,2016-06-27,18:18:00,274,1,4905
48737,2016-06-27,18:19:00,222,2,6042
48738,2016-06-27,18:25:00,39,1,336
48739,2016-06-27,18:27:00,74,2,9077
48740,2016-06-27,18:36:00,408,2,4989
48741,2016-06-27,18:41:00,326,4,3649
48742,2016-06-27,18:43:00,39,3,3164
48743,2016-06-27,18:51:00,382,2,8647
48744,2016-06-27,18:56:00,422,1,5808
48745,2016-06-27,19:07:00,150,3,2807
48746,2016-06-27,19:31:00,254,3,94
48747,2016-06-27,19:33:00,134,2,11066
48748,2016-06-27,19:40:00,146,1,4200
48749,2016-06-27,19:40:00,99,1,5045
48750,2016-06-27,19:42:00,111,2,9274
48751,2016-06-27,19:44:00,74,2,3449
48752,2016-06-27,19:45:00,108,4,1319
48753,2016-06-27,20:06:00,187,2,11774
48754,2016-06-27,20:16:00,276,1,2751
48755,2016-06-27,20:19:00,415,2,11373
48756,2016-06-27,20:22:00,365,1,82
48757,2016-06-27,20:30:00,145,1,4098
48758,2016-06-27,20:35:00,180,3,6578
48759,2016-06-27,20:38:00,39,2,8306
48760,2016-06-27,20:45:00,178,2,1530
48761,2016-06-27,21:09:00,190,3,8749
48762,2016-06-27,21:15:00,409,4,4300
48763,2016-06-27,21:32:00,138,2,6873
48764,2016-06-27,21:36:00,12,2,3850
48765,2016-06-27,21:51:00,361,5,3509
48766,2016-06-27,21:59:00,248,2,11094
48767,2016-06-27,21:59:00,245,1,7049
48768,2016-06-27,22:00:00,341,2,2059
48769,2016-06-27,22:08:00,257,1,11289
48770,2016-06-27,22:20:00,379,2,8236
48771,2016-06-27,22:26:00,192,2,1392
48772,2016-06-27,22:27:00,308,2,949
48773,2016-06-27,22:27:00,308,3,5634
48774,2016-06-27,22:47:00,431,3,10539
48775,2016-06-27,22:59:00,293,2,3604
48776,2016-06-27,23:01:00,61,3,654
48777,2016-06-27,23:03:00,275,4,9530
48778,2016-06-27,23:07:00,232,2,11139
48779,2016-06-27,23:07:00,426,3,2105
48780,2016-06-27,23:08:00,80,2,4149
48781,2016-06-27,23:13:00,247,1,5223
48782,2016-06-27,23:23:00,304,3,2410
48783,2016-06-27,23:46:00,3,2,4474
48784,2016-06-27,23:48:00,316,1,805
48785,2016-06-27,23:51:00,212,1,9957
48786,2016-06-28,00:01:00,203,2,1640
48787,2016-06-28,00:04:00,300,1,3775
48788,2016-06-28,00:07:00,1,2,8273
48789,2016-06-28,00:09:00,290,1,9419
48790,2016-06-28,00:11:00,27,2,10188
48791,2016-06-28,00:13:00,219,1,3310
48792,2016-06-28,00:18:00,39,3,11591
48793,2016-06-28,00:20:00,420,2,123
48794,2016-06-28,00:27:00,320,1,6782
48795,2016-06-28,00:28:00,332,2,10169
48796,2016-06-28,00:28:00,97,2,6168
48797,2016-06-28,00:37:00,186,2,658
48798,2016-06-28,00:44:00,434,2,442
48799,2016-06-28,00:54:00,134,2,11043
48800,2016-06-28,01:01:00,383,1,7556
48801,2016-06-28,01:10:00,147,3,1423
48802,2016-06-28,01:22:00,131,3,2626
48803,2016-06-28,01:24:00,412,2,9735
48804,2016-06-28,01:25:00,156,2,11242
48805,2016-06-28,01:34:00,368,1,11375
48806,2016-06-28,01:40:00,185,1,11289
48807,2016-06-28,01:52:00,304,3,7162
48808,2016-06-28,02:21:00,204,1,6358
48809,2016-06-28,02:30:00,388,1,8496
48810,2016-06-28,02:33:00,287,3,5101
48811,2016-06-28,02:44:00,396,2,1188
48812,2016-06-28,02:44:00,182,1,888
48813,2016-06-28,02:48:00,300,3,6569
48814,2016-06-28,03:06:00,49,1,9979
48815,2016-06-28,03:09:00,109,3,3959
48816,2016-06-28,03:18:00,387,3,6121
48817,2016-06-28,03:22:00,352,2,9625
48818,2016-06-28,03:33:00,279,1,2657
48819,2016-06-28,03:34:00,124,1,3572
48820,2016-06-28,03:40:00,198,1,3117
48821,2016-06-28,03:43:00,25,2,11555
48822,2016-06-28,03:48:00,362,3,4693
48823,2016-06-28,03:53:00,134,1,11022
48824,2016-06-28,04:10:00,81,2,2775
48825,2016-06-28,04:12:00,393,2,4652
48826,2016-06-28,04:12:00,156,2,7747
48827,2016-06-28,04:12:00,15,1,4771
48828,2016-06-28,04:13:00,31,2,6892
48829,2016-06-28,04:17:00,451,3,922
48830,2016-06-28,04:20:00,118,3,7281
48831,2016-06-28,04:24:00,341,1,3604
48832,2016-06-28,04:29:00,135,3,5709
48833,2016-06-28,04:33:00,14,3,1870
48834,2016-06-28,04:34:00,394,3,10392
48835,2016-06-28,04:44:00,457,1,8521
48836,2016-06-28,04:51:00,349,2,2264
48837,2016-06-28,05:04:00,208,1,4219
48838,2016-06-28,05:13:00,312,2,10291
48839,2016-06-28,05:20:00,343,1,2842
48840,2016-06-28,05:24:00,140,1,6438
48841,2016-06-28,05:41:00,314,3,7900
48842,2016-06-28,05:41:00,439,2,8660
48843,2016-06-28,05:53:00,219,1,7657
48844,2016-06-28,06:00:00,68,1,11603
48845,2016-06-28,06:02:00,64,1,571
48846,2016-06-28,06:04:00,190,3,11804
48847,2016-06-28,06:12:00,385,1,11597
48848,2016-06-28,06:16:00,73,2,10107
48849,2016-06-28,06:19:00,237,1,11184
48850,2016-06-28,06:47:00,277,1,6481
48851,2016-06-28,07:06:00,343,2,6547
48852,2016-06-28,07:17:00,251,2,6406
48853,2016-06-28,07:26:00,338,1,11776
48854,2016-06-28,07:26:00,290,1,1835
48855,2016-06-28,07:26:00,366,1,11449
48856,2016-06-28,07:34:00,11,2,11148
48857,2016-06-28,07:35:00,277,2,725
48858,2016-06-28,07:36:00,284,3,5168
48859,2016-06-28,07:38:00,136,2,5070
48860,2016-06-28,07:38:00,146,2,4350
48861,2016-06-28,07:39:00,267,2,6824
48862,2016-06-28,07:41:00,22,3,10756
48863,2016-06-28,07:46:00,262,2,4642
48864,2016-06-28,07:48:00,126,2,10635
48865,2016-06-28,07:49:00,359,2,7639
48866,2016-06-28,07:51:00,396,1,9250
48867,2016-06-28,08:00:00,9,2,5014
48868,2016-06-28,08:11:00,398,1,11091
48869,2016-06-28,08:12:00,457,2,3389
48870,2016-06-28,08:22:00,293,1,5383
48871,2016-06-28,08:30:00,118,3,3399
48872,2016-06-28,08:31:00,166,3,3848
48873,2016-06-28,08:37:00,269,3,11064
48874,2016-06-28,08:37:00,417,1,10592
48875,2016-06-28,08:50:00,430,2,8138
48876,2016-06-28,08:57:00,143,1,5723
48877,2016-06-28,09:06:00,106,3,10145
48878,2016-06-28,09:07:00,169,1,7468
48879,2016-06-28,09:14:00,56,2,11281
48880,2016-06-28,09:23:00,16,2,3592
48881,2016-06-28,09:24:00,147,1,3805
48882,2016-06-28,09:31:00,394,3,11618
48883,2016-06-28,09:33:00,56,3,3041
48884,2016-06-28,09:36:00,1,2,2764
48885,2016-06-28,09:41:00,439,2,8370
48886,2016-06-28,09:47:00,187,1,5072
48887,2016-06-28,09:59:00,278,2,9206
48888,2016-06-28,10:00:00,249,2,10448
48889,2016-06-28,10:11:00,97,1,3218
48890,2016-06-28,10:12:00,278,2,11561
48891,2016-06-28,10:18:00,336,3,6795
48892,2016-06-28,10:19:00,270,1,1922
48893,2016-06-28,10:20:00,407,3,11773
48894,2016-06-28,10:23:00,13,1,4497
48895,2016-06-28,10:29:00,416,2,356
48896,2016-06-28,10:29:00,81,2,8936
48897,2016-06-28,10:35:00,172,2,2725
48898,2016-06-28,10:38:00,240,1,6515
48899,2016-06-28,10:42:00,53,2,7515
48900,2016-06-28,10:59:00,448,1,2905
48901,2016-06-28,11:13:00,237,2,784
48902,2016-06-28,11:14:00,230,3,10035
48903,2016-06-28,11:18:00,190,4,5713
48904,2016-06-28,11:22:00,169,2,3196
48905,2016-06-28,11:22:00,417,2,727
48906,2016-06-28,11:23:00,46,5,272
48907,2016-06-28,11:38:00,168,2,2092
48908,2016-06-28,11:40:00,211,2,8043
48909,2016-06-28,11:42:00,315,1,5694
48910,2016-06-28,11:43:00,270,1,3161
48911,2016-06-28,11:53:00,289,2,3512
48912,2016-06-28,12:00:00,57,2,2724
48913,2016-06-28,12:02:00,37,1,1210
48914,2016-06-28,12:06:00,67,3,11860
48915,2016-06-28,12:28:00,59,3,10982
48916,2016-06-28,12:29:00,184,1,10956
48917,2016-06-28,12:36:00,196,3,3506
48918,2016-06-28,12:36:00,252,5,1796
48919,2016-06-28,12:46:00,69,1,9732
48920,2016-06-28,12:46:00,43,3,6520
48921,2016-06-28,12:48:00,455,2,11792
48922,2016-06-28,12:49:00,120,5,9501
48923,2016-06-28,12:53:00,258,3,9371
48924,2016-06-28,12:57:00,223,1,11154
48925,2016-06-28,12:59:00,68,3,10924
48926,2016-06-28,13:02:00,422,1,1324
48927,2016-06-28,13:06:00,67,2,11504
48928,2016-06-28,13:10:00,376,2,8143
48929,2016-06-28,13:10:00,244,1,1644
48930,2016-06-28,13:13:00,349,3,4589
48931,2016-06-28,13:14:00,333,2,4478
48932,2016-06-28,13:21:00,443,1,10659
48933,2016-06-28,13:21:00,7,1,3546
48934,2016-06-28,13:31:00,26,1,6850
48935,2016-06-28,13:32:00,218,2,10880
48936,2016-06-28,13:49:00,331,3,1426
48937,2016-06-28,14:01:00,135,2,4463
48938,2016-06-28,14:04:00,379,1,5881
48939,2016-06-28,14:06:00,241,3,9425
48940,2016-06-28,14:07:00,334,1,2775
48941,2016-06-28,14:12:00,39,1,4048
48942,2016-06-28,14:14:00,21,2,4487
48943,2016-06-28,14:16:00,22,1,5419
48944,2016-06-28,14:26:00,270,3,10866
48945,2016-06-28,14:28:00,408,3,5290
48946,2016-06-28,14:36:00,344,3,3762
48947,2016-06-28,14:43:00,358,2,10618
48948,2016-06-28,14:49:00,233,2,9069
48949,2016-06-28,14:58:00,318,2,5492
48950,2016-06-28,15:02:00,359,2,7308
48951,2016-06-28,15:06:00,118,1,2758
48952,2016-06-28,15:07:00,97,3,4153
48953,2016-06-28,15:08:00,252,4,80
48954,2016-06-28,15:08:00,380,1,11603
48955,2016-06-28,15:12:00,260,3,5478
48956,2016-06-28,15:21:00,376,2,3454
48957,2016-06-28,15:36:00,243,1,4802
48958,2016-06-28,15:36:00,57,2,1485
48959,2016-06-28,15:38:00,399,2,7377
48960,2016-06-28,15:38:00,335,2,8728
48961,2016-06-28,15:38:00,313,3,3404
48962,2016-06-28,15:49:00,209,1,8242
48963,2016-06-28,15:55:00,119,3,8469
48964,2016-06-28,16:01:00,128,2,1752
48965,2016-06-28,16:01:00,343,1,1787
48966,2016-06-28,16:09:00,228,1,3848
48967,2016-06-28,16:14:00,392,1,3271
48968,2016-06-28,16:26:00,116,1,962
48969,2016-06-28,16:31:00,271,1,3737
48970,2016-06-28,16:42:00,235,2,5342
48971,2016-06-28,16:47:00,159,2,10114
48972,2016-06-28,16:49:00,347,1,9790
48973,2016-06-28,16:51:00,427,2,11524
48974,2016-06-28,16:59:00,108,2,5025
48975,2016-06-28,17:10:00,226,1,8080
48976,2016-06-28,17:21:00,191,2,6458
48977,2016-06-28,17:30:00,349,1,3114
48978,2016-06-28,17:36:00,166,2,11971
48979,2016-06-28,17:38:00,120,2,10929
48980,2016-06-28,17:47:00,126,4,9418
48981,2016-06-28,17:49:00,88,1,9879
48982,2016-06-28,18:05:00,201,2,9723
48983,2016-06-28,18:07:00,421,1,5506
48984,2016-06-28,18:08:00,252,1,4464
48985,2016-06-28,18:18:00,113,1,5911
48986,2016-06-28,18:21:00,288,2,10478
48987,2016-06-28,18:25:00,18,1,8299
48988,2016-06-28,18:34:00,88,2,6099
48989,2016-06-28,18:35:00,183,3,4374
48990,2016-06-28,18:47:00,302,1,1863
48991,2016-06-28,18:52:00,133,1,9892
48992,2016-06-28,18:57:00,94,2,5093
48993,2016-06-28,19:00:00,249,1,8066
48994,2016-06-28,19:00:00,340,1,2541
48995,2016-06-28,19:01:00,36,2,9936
48996,2016-06-28,19:09:00,226,1,10731
48997,2016-06-28,19:11:00,371,1,2888
48998,2016-06-28,19:13:00,100,1,11811
48999,2016-06-28,19:13:00,90,2,6293
49000,2016-06-28,19:20:00,133,3,5946
49001,2016-06-28,19:20:00,271,1,6109
49002,2016-06-28,19:22:00,411,3,11374
49003,2016-06-28,19:23:00,8,3,8006
49004,2016-06-28,19:35:00,204,2,1714
49005,2016-06-28,19:39:00,134,3,6117
49006,2016-06-28,19:40:00,346,1,6442
49007,2016-06-28,19:50:00,305,3,3008
49008,2016-06-28,19:50:00,113,2,991
49009,2016-06-28,19:51:00,62,1,1361
49010,2016-06-28,20:06:00,354,2,3312
49011,2016-06-28,20:07:00,86,3,11678
49012,2016-06-28,20:16:00,86,2,6671
49013,2016-06-28,20:20:00,364,1,8166
49014,2016-06-28,20:22:00,265,1,6559
49015,2016-06-28,20:23:00,208,4,11562
49016,2016-06-28,20:24:00,114,1,8431
49017,2016-06-28,20:25:00,36,2,8193
49018,2016-06-28,20:25:00,18,2,7402
49019,2016-06-28,20:31:00,100,2,3015
49020,2016-06-28,20:42:00,100,3,3096
49021,2016-06-28,20:43:00,335,1,11311
49022,2016-06-28,20:56:00,131,2,7189
49023,2016-06-28,21:18:00,111,1,138
49024,2016-06-28,21:22:00,15,2,1061
49025,2016-06-28,21:24:00,223,1,10594
49026,2016-06-28,21:26:00,407,3,6212
49027,2016-06-28,21:29:00,46,1,4623
49028,2016-06-28,21:29:00,211,4,5943
49029,2016-06-28,21:30:00,346,1,5903
49030,2016-06-28,21:39:00,331,3,7710
49031,2016-06-28,21:51:00,232,2,11427
49032,2016-06-28,21:56:00,366,1,1552
49033,2016-06-28,21:58:00,265,1,3856
49034,2016-06-28,22:02:00,363,3,6302
49035,2016-06-28,22:11:00,357,6,8354
49036,2016-06-28,22:19:00,143,1,6277
49037,2016-06-28,22:22:00,185,2,2454
49038,2016-06-28,22:47:00,337,3,4154
49039,2016-06-28,22:50:00,42,6,1056
49040,2016-06-28,23:04:00,326,3,2731
49041,2016-06-28,23:05:00,81,4,9762
49042,2016-06-28,23:13:00,331,2,5325
49043,2016-06-28,23:16:00,252,3,1083
49044,2016-06-28,23:19:00,31,3,11309
49045,2016-06-28,23:19:00,330,2,863
49046,2016-06-28,23:23:00,123,3,9744
49047,2016-06-28,23:23:00,91,2,8124
49048,2016-06-28,23:29:00,95,1,2010
49049,2016-06-28,23:36:00,312,2,3068
49050,2016-06-28,23:36:00,64,2,3702
49051,2016-06-28,23:37:00,295,2,9765
49052,2016-06-28,23:37:00,102,1,867
49053,2016-06-28,23:42:00,188,2,9337
49054,2016-06-28,23:45:00,175,2,7927
49055,2016-06-28,23:54:00,20,2,6210
49056,2016-06-29,00:03:00,57,1,816
49057,2016-06-29,00:03:00,258,3,187
49058,2016-06-29,00:08:00,83,2,10878
49059,2016-06-29,00:09:00,249,4,9946
49060,2016-06-29,00:16:00,230,2,6021
49061,2016-06-29,00:18:00,155,2,3462
49062,2016-06-29,00:21:00,387,2,10645
49063,2016-06-29,00:21:00,139,2,3456
49064,2016-06-29,00:22:00,1,1,11574
49065,2016-06-29,00:24:00,215,2,9645
49066,2016-06-29,00:40:00,94,1,6533
49067,2016-06-29,00:41:00,214,1,6460
49068,2016-06-29,00:44:00,334,1,1669
49069,2016-06-29,00:50:00,62,6,1887
49070,2016-06-29,00:59:00,376,3,9532
49071,2016-06-29,01:10:00,356,3,9917
49072,2016-06-29,01:11:00,27,2,7051
49073,2016-06-29,01:23:00,431,2,2113
49074,2016-06-29,01:32:00,228,2,5419
49075,2016-06-29,01:33:00,279,2,3791
49076,2016-06-29,01:46:00,216,2,5621
49077,2016-06-29,01:49:00,217,4,9391
49078,2016-06-29,01:54:00,74,3,6230
49079,2016-06-29,01:55:00,452,4,5428
49080,2016-06-29,01:55:00,353,2,494
49081,2016-06-29,02:00:00,69,1,6393
49082,2016-06-29,02:04:00,421,1,4974
49083,2016-06-29,02:04:00,394,1,10586
49084,2016-06-29,02:07:00,340,3,2501
49085,2016-06-29,02:08:00,288,2,612
49086,2016-06-29,02:12:00,89,1,11283
49087,2016-06-29,02:21:00,417,1,534
49088,2016-06-29,02:22:00,81,1,6022
49089,2016-06-29,02:24:00,447,2,6668
49090,2016-06-29,02:28:00,418,2,147
49091,2016-06-29,02:40:00,294,4,9115
49092,2016-06-29,02:54:00,196,4,9882
49093,2016-06-29,02:58:00,235,1,1104
49094,2016-06-29,03:02:00,9,2,11045
49095,2016-06-29,03:03:00,425,1,9375
49096,2016-06-29,03:07:00,429,1,5880
49097,2016-06-29,03:37:00,449,2,6633
49098,2016-06-29,03:43:00,171,1,7365
49099,2016-06-29,03:45:00,204,1,5105
49100,2016-06-29,03:46:00,114,2,6191
49101,2016-06-29,04:21:00,366,1,4529
49102,2016-06-29,04:27:00,303,2,5742
49103,2016-06-29,04:28:00,147,2,7973
49104,2016-06-29,04:31:00,136,3,3995
49105,2016-06-29,04:38:00,335,3,431
49106,2016-06-29,04:47:00,255,3,9111
49107,2016-06-29,04:50:00,222,3,10920
49108,2016-06-29,04:54:00,226,3,2975
49109,2016-06-29,04:59:00,351,2,5632
49110,2016-06-29,05:04:00,268,4,3764
49111,2016-06-29,05:07:00,112,2,2837
49112,2016-06-29,05:14:00,422,2,9150
49113,2016-06-29,05:14:00,173,2,4645
49114,2016-06-29,05:14:00,437,3,10987
49115,2016-06-29,05:19:00,380,3,11351
49116,2016-06-29,05:39:00,304,2,10822
49117,2016-06-29,05:47:00,26,1,4751
49118,2016-06-29,05:52:00,306,3,1053
49119,2016-06-29,05:54:00,292,1,11227
49120,2016-06-29,06:05:00,393,2,8881
49121,2016-06-29,06:07:00,453,1,11877
49122,2016-06-29,06:14:00,362,1,882
49123,2016-06-29,06:16:00,305,1,4483
49124,2016-06-29,06:16:00,440,1,7414
49125,2016-06-29,06:16:00,193,1,898
49126,2016-06-29,06:17:00,12,2,7218
49127,2016-06-29,06:25:00,396,3,4980
49128,2016-06-29,06:28:00,365,4,6787
49129,2016-06-29,06:28:00,193,2,319
49130,2016-06-29,06:33:00,5,2,7683
49131,2016-06-29,06:34:00,199,2,6633
49132,2016-06-29,06:34:00,341,4,10812
49133,2016-06-29,06:36:00,45,3,10153
49134,2016-06-29,06:54:00,1,3,11435
49135,2016-06-29,07:05:00,301,4,457
49136,2016-06-29,07:13:00,154,2,1174
49137,2016-06-29,07:20:00,404,3,536
49138,2016-06-29,07:32:00,357,2,3914
49139,2016-06-29,07:32:00,217,4,8951
49140,2016-06-29,07:33:00,10,2,9428
49141,2016-06-29,07:37:00,294,2,81
49142,2016-06-29,07:39:00,70,1,5793
49143,2016-06-29,07:48:00,69,1,9078
49144,2016-06-29,07:59:00,282,2,3420
49145,2016-06-29,08:01:00,57,2,1482
49146,2016-06-29,08:02:00,176,1,10341
49147,2016-06-29,08:05:00,442,1,10335
49148,2016-06-29,08:05:00,6,1,1279
49149,2016-06-29,08:08:00,193,1,707
49150,2016-06-29,08:08:00,301,1,7390
49151,2016-06-29,08:19:00,325,1,1072
49152,2016-06-29,08:23:00,129,2,903
49153,2016-06-29,08:29:00,209,2,10218
49154,2016-06-29,08:29:00,260,4,11368
49155,2016-06-29,08:30:00,51,4,5716
49156,2016-06-29,08:31:00,112,3,5790
49157,2016-06-29,08:40:00,42,2,9501
49158,2016-06-29,08:52:00,391,4,1285
49159,2016-06-29,09:02:00,141,2,5045
49160,2016-06-29,09:06:00,87,2,3378
49161,2016-06-29,09:13:00,370,2,4369
49162,2016-06-29,09:18:00,312,2,11183
49163,2016-06-29,09:19:00,37,3,694
49164,2016-06-29,09:21:00,453,2,7956
49165,2016-06-29,09:25:00,317,4,4862
49166,2016-06-29,09:29:00,212,2,6343
49167,2016-06-29,09:32:00,200,1,8630
49168,2016-06-29,09:33:00,123,4,7603
49169,2016-06-29,09:38:00,378,4,9579
49170,2016-06-29,09:42:00,74,1,10856
49171,2016-06-29,09:42:00,348,1,6523
49172,2016-06-29,09:44:00,155,4,2830
49173,2016-06-29,09:48:00,416,1,5825
49174,2016-06-29,09:55:00,214,1,4220
49175,2016-06-29,10:17:00,201,3,9960
49176,2016-06-29,10:21:00,46,2,10693
49177,2016-06-29,10:23:00,180,2,3051
49178,2016-06-29,10:26:00,313,1,10805
49179,2016-06-29,10:34:00,222,3,10879
49180,2016-06-29,10:35:00,16,1,3138
49181,2016-06-29,10:38:00,226,3,2705
49182,2016-06-29,10:45:00,296,1,6139
49183,2016-06-29,10:53:00,314,1,1608
49184,2016-06-29,11:10:00,300,3,286
49185,2016-06-29,11:12:00,164,1,1238
49186,2016-06-29,11:19:00,186,2,5153
49187,2016-06-29,11:19:00,456,1,2123
49188,2016-06-29,11:22:00,278,3,212
49189,2016-06-29,11:25:00,88,2,397
49190,2016-06-29,11:28:00,348,1,8351
49191,2016-06-29,11:32:00,396,2,4634
49192,2016-06-29,11:34:00,300,1,5794
49193,2016-06-29,11:35:00,196,2,9475
49194,2016-06-29,11:36:00,358,3,7389
49195,2016-06-29,11:38:00,116,2,10150
49196,2016-06-29,11:41:00,50,1,9903
49197,2016-06-29,11:42:00,19,1,623
49198,2016-06-29,11:48:00,116,2,5063
49199,2016-06-29,12:00:00,65,1,11671
49200,2016-06-29,12:06:00,127,2,10343
49201,2016-06-29,12:10:00,442,2,102
49202,2016-06-29,12:13:00,219,2,8474
49203,2016-06-29,12:15:00,356,2,7631
49204,2016-06-29,12:16:00,191,3,1289
49205,2016-06-29,12:22:00,349,1,11344
49206,2016-06-29,12:32:00,209,4,9699
49207,2016-06-29,12:33:00,175,1,7019
49208,2016-06-29,12:35:00,257,2,9018
49209,2016-06-29,12:48:00,393,5,6880
49210,2016-06-29,12:59:00,397,1,6408
49211,2016-06-29,13:01:00,326,3,2270
49212,2016-06-29,13:04:00,122,2,3494
49213,2016-06-29,13:08:00,331,1,10795
49214,2016-06-29,13:08:00,349,2,5335
49215,2016-06-29,13:09:00,349,4,6024
49216,2016-06-29,13:12:00,427,1,4816
49217,2016-06-29,13:14:00,324,3,9102
49218,2016-06-29,13:16:00,358,1,2289
49219,2016-06-29,13:27:00,139,3,6855
49220,2016-06-29,13:28:00,224,3,9910
49221,2016-06-29,13:28:00,346,1,7578
49222,2016-06-29,13:45:00,260,3,11441
49223,2016-06-29,13:47:00,20,4,7299
49224,2016-06-29,13:53:00,203,2,4816
49225,2016-06-29,13:53:00,171,2,9921
49226,2016-06-29,14:09:00,415,2,3484
49227,2016-06-29,14:19:00,84,3,6839
49228,2016-06-29,14:21:00,410,4,11429
49229,2016-06-29,14:35:00,156,3,9502
49230,2016-06-29,14:39:00,399,3,3904
49231,2016-06-29,14:46:00,444,1,802
49232,2016-06-29,14:47:00,138,1,4808
49233,2016-06-29,14:49:00,254,1,8298
49234,2016-06-29,14:52:00,284,4,8156
49235,2016-06-29,14:59:00,117,3,1881
49236,2016-06-29,15:05:00,333,4,7401
49237,2016-06-29,15:22:00,194,1,174
49238,2016-06-29,15:28:00,197,4,2162
49239,2016-06-29,15:29:00,400,1,11046
49240,2016-06-29,15:33:00,287,1,7348
49241,2016-06-29,15:36:00,36,2,9549
49242,2016-06-29,15:46:00,305,1,11731
49243,2016-06-29,15:54:00,79,2,9295
49244,2016-06-29,15:55:00,276,2,5533
49245,2016-06-29,15:57:00,376,1,7730
49246,2016-06-29,15:58:00,95,1,1148
49247,2016-06-29,16:01:00,124,1,3469
49248,2016-06-29,16:10:00,434,2,2782
49249,2016-06-29,16:19:00,358,2,2428
49250,2016-06-29,16:23:00,280,2,11071
49251,2016-06-29,16:32:00,82,5,609
49252,2016-06-29,16:42:00,209,1,6874
49253,2016-06-29,16:43:00,400,1,4102
49254,2016-06-29,16:59:00,232,2,2201
49255,2016-06-29,17:31:00,5,1,4027
49256,2016-06-29,17:44:00,271,2,10948
49257,2016-06-29,17:48:00,294,1,11144
49258,2016-06-29,17:49:00,167,1,9585
49259,2016-06-29,17:58:00,69,2,11973
49260,2016-06-29,18:03:00,452,2,5006
49261,2016-06-29,18:03:00,48,1,6851
49262,2016-06-29,18:07:00,118,2,2684
49263,2016-06-29,18:07:00,251,1,2822
49264,2016-06-29,18:11:00,76,2,8950
49265,2016-06-29,18:17:00,176,2,3105
49266,2016-06-29,18:34:00,12,2,3946
49267,2016-06-29,18:39:00,243,1,9298
49268,2016-06-29,18:39:00,126,4,4489
49269,2016-06-29,18:41:00,118,2,8353
49270,2016-06-29,18:57:00,190,3,5573
49271,2016-06-29,18:59:00,418,2,10337
49272,2016-06-29,19:05:00,321,1,9938
49273,2016-06-29,19:13:00,131,2,3743
49274,2016-06-29,19:21:00,178,2,2973
49275,2016-06-29,19:34:00,260,2,3210
49276,2016-06-29,19:39:00,56,2,6822
49277,2016-06-29,19:41:00,223,1,9291
49278,2016-06-29,19:44:00,192,2,705
49279,2016-06-29,19:48:00,233,1,11314
49280,2016-06-29,20:00:00,13,2,5968
49281,2016-06-29,20:13:00,221,4,4545
49282,2016-06-29,20:14:00,14,2,9461
49283,2016-06-29,20:19:00,403,2,7496
49284,2016-06-29,20:25:00,105,2,11161
49285,2016-06-29,20:27:00,102,2,4374
49286,2016-06-29,20:28:00,29,2,8429
49287,2016-06-29,20:32:00,163,2,6707
49288,2016-06-29,20:32:00,168,3,7146
49289,2016-06-29,20:36:00,332,3,40
49290,2016-06-29,20:36:00,328,1,7602
49291,2016-06-29,20:40:00,205,2,90
49292,2016-06-29,20:59:00,53,3,9782
49293,2016-06-29,21:01:00,442,3,8110
49294,2016-06-29,21:07:00,62,6,9431
49295,2016-06-29,21:11:00,258,1,6134
49296,2016-06-29,21:19:00,194,3,10993
49297,2016-06-29,21:19:00,14,1,6468
49298,2016-06-29,21:25:00,133,1,8917
49299,2016-06-29,21:30:00,255,2,4994
49300,2016-06-29,21:31:00,320,1,6245
49301,2016-06-29,21:35:00,315,1,7259
49302,2016-06-29,21:35:00,399,2,5706
49303,2016-06-29,21:51:00,251,1,1212
49304,2016-06-29,21:58:00,266,3,1274
49305,2016-06-29,22:03:00,151,2,4065
49306,2016-06-29,22:05:00,399,2,9948
49307,2016-06-29,22:09:00,257,2,11740
49308,2016-06-29,22:10:00,10,2,52
49309,2016-06-29,22:10:00,245,2,10521
49310,2016-06-29,22:19:00,190,2,8714
49311,2016-06-29,22:19:00,148,1,4893
49312,2016-06-29,22:20:00,405,1,1435
49313,2016-06-29,22:24:00,254,2,8492
49314,2016-06-29,22:27:00,293,2,10824
49315,2016-06-29,22:57:00,65,2,10572
49316,2016-06-29,23:02:00,448,3,845
49317,2016-06-29,23:07:00,431,2,6151
49318,2016-06-29,23:10:00,131,1,4328
49319,2016-06-29,23:14:00,350,4,3038
49320,2016-06-29,23:14:00,45,2,11232
49321,2016-06-29,23:15:00,141,3,5555
49322,2016-06-29,23:24:00,181,1,2467
49323,2016-06-29,23:45:00,214,1,9038
49324,2016-06-29,23:46:00,370,2,2938
49325,2016-06-29,23:56:00,53,1,6335
49326,2016-06-30,00:04:00,416,2,7544
49327,2016-06-30,00:10:00,446,1,6517
49328,2016-06-30,00:12:00,39,2,2582
49329,2016-06-30,00:13:00,428,1,5997
49330,2016-06-30,00:24:00,339,2,11957
49331,2016-06-30,00:32:00,121,1,6066
49332,2016-06-30,00:35:00,121,3,2012
49333,2016-06-30,00:51:00,127,2,1956
49334,2016-06-30,00:56:00,367,2,11088
49335,2016-06-30,01:03:00,29,3,7730
49336,2016-06-30,01:05:00,378,2,5979
49337,2016-06-30,01:10:00,432,2,7341
49338,2016-06-30,01:13:00,318,4,10147
49339,2016-06-30,01:23:00,208,2,9987
49340,2016-06-30,01:24:00,198,2,6007
49341,2016-06-30,01:30:00,174,3,9770
49342,2016-06-30,01:32:00,176,1,6808
49343,2016-06-30,01:50:00,171,1,6507
49344,2016-06-30,01:51:00,404,2,7491
49345,2016-06-30,02:06:00,108,2,6028
49346,2016-06-30,02:10:00,12,1,6508
49347,2016-06-30,02:12:00,191,4,4394
49348,2016-06-30,02:20:00,77,1,2731
49349,2016-06-30,02:24:00,298,2,10966
49350,2016-06-30,02:42:00,310,3,3176
49351,2016-06-30,02:52:00,444,1,6167
49352,2016-06-30,02:56:00,423,2,6731
49353,2016-06-30,02:59:00,176,1,5847
49354,2016-06-30,03:01:00,1,3,5798
49355,2016-06-30,03:04:00,434,2,11530
49356,2016-06-30,03:10:00,417,2,4390
49357,2016-06-30,03:20:00,412,3,5561
49358,2016-06-30,03:24:00,446,2,10592
49359,2016-06-30,03:27:00,427,2,1613
49360,2016-06-30,03:27:00,144,2,7224
49361,2016-06-30,03:31:00,410,1,6895
49362,2016-06-30,03:33:00,263,1,6655
49363,2016-06-30,03:34:00,387,2,5586
49364,2016-06-30,03:38:00,288,3,11041
49365,2016-06-30,03:38:00,243,1,11062
49366,2016-06-30,03:41:00,366,3,2580
49367,2016-06-30,03:42:00,35,1,5273
49368,2016-06-30,03:45:00,275,3,21
49369,2016-06-30,03:59:00,217,1,11710
49370,2016-06-30,03:59:00,384,1,1155
49371,2016-06-30,04:08:00,278,2,9419
49372,2016-06-30,04:08:00,52,3,2681
49373,2016-06-30,04:14:00,351,3,7929
49374,2016-06-30,04:28:00,71,2,7410
49375,2016-06-30,04:35:00,26,2,2864
49376,2016-06-30,04:39:00,241,1,11034
49377,2016-06-30,04:42:00,251,1,5903
49378,2016-06-30,04:44:00,212,3,9912
49379,2016-06-30,04:47:00,367,2,9432
49380,2016-06-30,04:58:00,382,1,4601
49381,2016-06-30,04:59:00,95,2,6015
49382,2016-06-30,05:00:00,444,3,10020
49383,2016-06-30,05:08:00,271,3,8719
49384,2016-06-30,05:15:00,275,2,9024
49385,2016-06-30,05:16:00,110,2,4229
49386,2016-06-30,05:20:00,101,3,10872
49387,2016-06-30,05:20:00,249,2,9118
49388,2016-06-30,05:27:00,385,2,6962
49389,2016-06-30,05:28:00,394,3,10855
49390,2016-06-30,05:31:00,373,1,3872
49391,2016-06-30,05:35:00,379,3,8890
49392,2016-06-30,05:36:00,411,3,3128
49393,2016-06-30,05:37:00,430,2,2304
49394,2016-06-30,05:40:00,406,2,3783
49395,2016-06-30,06:12:00,384,2,4191
49396,2016-06-30,06:21:00,6,3,5250
49397,2016-06-30,06:36:00,241,2,9904
49398,2016-06-30,06:37:00,212,2,822
49399,2016-06-30,06:41:00,162,2,5634
49400,2016-06-30,06:41:00,149,1,10972
49401,2016-06-30,06:44:00,128,2,10044
49402,2016-06-30,06:48:00,440,2,2162
49403,2016-06-30,06:53:00,455,1,10017
49404,2016-06-30,06:59:00,295,1,1259
49405,2016-06-30,07:00:00,328,2,5584
49406,2016-06-30,07:13:00,187,1,6323
49407,2016-06-30,07:19:00,112,1,3974
49408,2016-06-30,07:27:00,83,4,7464
49409,2016-06-30,07:36:00,193,1,1402
49410,2016-06-30,07:37:00,180,2,2199
49411,2016-06-30,07:55:00,116,1,6979
49412,2016-06-30,07:55:00,82,1,10495
49413,2016-06-30,07:58:00,159,1,4895
49414,2016-06-30,08:03:00,63,2,7569
49415,2016-06-30,08:04:00,112,3,11094
49416,2016-06-30,08:05:00,194,1,4649
49417,2016-06-30,08:16:00,382,2,10332
49418,2016-06-30,08:17:00,171,1,5105
49419,2016-06-30,08:19:00,192,2,11219
49420,2016-06-30,08:28:00,111,1,9316
49421,2016-06-30,08:28:00,198,1,6964
49422,2016-06-30,08:30:00,301,3,3125
49423,2016-06-30,08:34:00,378,3,2702
49424,2016-06-30,08:37:00,138,2,11569
49425,2016-06-30,08:44:00,336,2,6823
49426,2016-06-30,08:44:00,146,1,8751
49427,2016-06-30,08:46:00,343,1,7478
49428,2016-06-30,08:50:00,253,2,11162
49429,2016-06-30,09:00:00,8,2,7991
49430,2016-06-30,09:01:00,87,2,4629
49431,2016-06-30,09:01:00,272,1,5931
49432,2016-06-30,09:04:00,328,2,6143
49433,2016-06-30,09:23:00,123,4,10126
49434,2016-06-30,09:26:00,415,3,3589
49435,2016-06-30,09:41:00,364,3,8838
49436,2016-06-30,10:03:00,102,3,8954
49437,2016-06-30,10:06:00,222,3,4728
49438,2016-06-30,10:10:00,424,2,3343
49439,2016-06-30,10:20:00,370,3,7652
49440,2016-06-30,10:28:00,448,2,11355
49441,2016-06-30,10:31:00,8,1,3842
49442,2016-06-30,10:33:00,435,1,4503
49443,2016-06-30,10:34:00,382,1,8184
49444,2016-06-30,10:37:00,87,4,3077
49445,2016-06-30,10:39:00,20,1,3350
49446,2016-06-30,10:47:00,357,2,313
49447,2016-06-30,10:58:00,388,3,10724
49448,2016-06-30,10:59:00,167,2,1156
49449,2016-06-30,11:02:00,446,2,1335
49450,2016-06-30,11:21:00,53,4,7851
49451,2016-06-30,11:22:00,118,1,6698
49452,2016-06-30,11:31:00,274,2,4481
49453,2016-06-30,11:41:00,138,1,10580
49454,2016-06-30,11:41:00,317,1,7745
49455,2016-06-30,11:54:00,14,3,6993
49456,2016-06-30,11:55:00,94,2,8137
49457,2016-06-30,11:56:00,152,1,7913
49458,2016-06-30,12:05:00,130,2,7686
49459,2016-06-30,12:09:00,180,1,5329
49460,2016-06-30,12:10:00,161,2,5831
49461,2016-06-30,12:11:00,321,3,1406
49462,2016-06-30,12:11:00,205,3,8399
49463,2016-06-30,12:11:00,340,2,8789
49464,2016-06-30,12:18:00,180,2,6387
49465,2016-06-30,12:26:00,426,1,3934
49466,2016-06-30,12:51:00,58,1,11676
49467,2016-06-30,12:53:00,438,2,4124
49468,2016-06-30,13:04:00,426,3,8105
49469,2016-06-30,13:05:00,324,1,8295
49470,2016-06-30,13:14:00,389,1,8630
49471,2016-06-30,13:17:00,131,2,10722
49472,2016-06-30,13:21:00,364,2,1733
49473,2016-06-30,13:23:00,284,1,1964
49474,2016-06-30,13:25:00,294,1,11860
49475,2016-06-30,13:26:00,42,1,438
49476,2016-06-30,13:33:00,144,2,4270
49477,2016-06-30,13:34:00,228,2,6684
49478,2016-06-30,13:46:00,381,3,4427
49479,2016-06-30,13:47:00,441,1,10388
49480,2016-06-30,13:59:00,219,1,10368
49481,2016-06-30,14:02:00,75,2,9418
49482,2016-06-30,14:05:00,202,1,2557
49483,2016-06-30,14:07:00,296,2,8467
49484,2016-06-30,14:09:00,206,2,1456
49485,2016-06-30,14:10:00,203,1,236
49486,2016-06-30,14:18:00,408,3,10300
49487,2016-06-30,14:27:00,185,1,2290
49488,2016-06-30,14:30:00,212,2,6191
49489,2016-06-30,14:33:00,51,2,2539
49490,2016-06-30,14:38:00,123,1,6338
49491,2016-06-30,14:39:00,146,1,252
49492,2016-06-30,14:52:00,229,1,4653
49493,2016-06-30,14:53:00,79,3,9655
49494,2016-06-30,14:54:00,31,2,5318
49495,2016-06-30,14:56:00,121,2,4928
49496,2016-06-30,14:58:00,205,1,681
49497,2016-06-30,15:02:00,25,1,8003
49498,2016-06-30,15:03:00,198,2,8477
49499,2016-06-30,15:14:00,167,4,2548
49500,2016-06-30,15:18:00,410,2,100
49501,2016-06-30,15:27:00,49,2,1785
49502,2016-06-30,15:32:00,138,2,10331
49503,2016-06-30,15:33:00,436,1,7071
49504,2016-06-30,15:34:00,351,1,7181
49505,2016-06-30,15:35:00,12,1,7030
49506,2016-06-30,15:36:00,321,5,7246
49507,2016-06-30,15:37:00,80,1,4814
49508,2016-06-30,15:44:00,439,2,1927
49509,2016-06-30,15:49:00,244,3,405
49510,2016-06-30,15:49:00,33,1,6950
49511,2016-06-30,15:50:00,265,1,4285
49512,2016-06-30,15:59:00,328,1,7386
49513,2016-06-30,16:04:00,205,2,1953
49514,2016-06-30,16:30:00,121,1,485
49515,2016-06-30,16:44:00,336,1,1585
49516,2016-06-30,16:45:00,444,2,11243
49517,2016-06-30,16:50:00,455,1,11500
49518,2016-06-30,16:55:00,33,2,10210
49519,2016-06-30,16:59:00,420,1,516
49520,2016-06-30,17:16:00,112,3,5129
49521,2016-06-30,17:23:00,248,4,6619
49522,2016-06-30,17:24:00,287,2,1186
49523,2016-06-30,17:31:00,182,2,1906
49524,2016-06-30,17:32:00,323,1,4306
49525,2016-06-30,17:36:00,409,2,10097
49526,2016-06-30,17:44:00,354,2,8591
49527,2016-06-30,17:49:00,343,1,2464
49528,2016-06-30,17:55:00,261,4,5769
49529,2016-06-30,18:00:00,450,2,4828
49530,2016-06-30,18:01:00,347,1,10609
49531,2016-06-30,18:02:00,53,2,8808
49532,2016-06-30,18:12:00,413,1,5190
49533,2016-06-30,18:17:00,4,3,5948
49534,2016-06-30,18:19:00,44,2,3816
49535,2016-06-30,18:26:00,62,2,3822
49536,2016-06-30,18:30:00,32,3,5390
49537,2016-06-30,18:31:00,26,1,7633
49538,2016-06-30,18:35:00,148,1,3587
49539,2016-06-30,18:43:00,383,3,11445
49540,2016-06-30,18:46:00,413,2,1028
49541,2016-06-30,18:52:00,186,3,10200
49542,2016-06-30,18:53:00,178,1,1303
49543,2016-06-30,18:57:00,181,1,11392
49544,2016-06-30,18:59:00,329,1,3917
49545,2016-06-30,19:03:00,409,2,1347
49546,2016-06-30,19:07:00,436,2,3335
49547,2016-06-30,19:13:00,404,2,2143
49548,2016-06-30,19:15:00,162,1,5415
49549,2016-06-30,19:18:00,314,2,8442
49550,2016-06-30,19:18:00,254,3,7125
49551,2016-06-30,19:19:00,396,1,8532
49552,2016-06-30,19:23:00,265,1,1962
49553,2016-06-30,19:24:00,196,2,5281
49554,2016-06-30,19:33:00,221,2,2313
49555,2016-06-30,19:36:00,266,2,2447
49556,2016-06-30,19:53:00,220,2,10080
49557,2016-06-30,19:53:00,235,1,2096
49558,2016-06-30,20:01:00,71,1,3866
49559,2016-06-30,20:07:00,450,1,4659
49560,2016-06-30,20:07:00,365,2,11801
49561,2016-06-30,20:10:00,217,2,7654
49562,2016-06-30,20:14:00,358,2,9827
49563,2016-06-30,20:15:00,294,4,7338
49564,2016-06-30,20:16:00,359,1,293
49565,2016-06-30,20:23:00,259,1,3387
49566,2016-06-30,20:29:00,121,1,4098
49567,2016-06-30,20:31:00,215,2,8305
49568,2016-06-30,20:33:00,149,1,4573
49569,2016-06-30,20:35:00,221,1,6399
49570,2016-06-30,20:38:00,315,1,10400
49571,2016-06-30,20:41:00,252,2,52
49572,2016-06-30,20:41:00,428,1,8205
49573,2016-06-30,20:43:00,5,2,363
49574,2016-06-30,20:55:00,65,1,3311
49575,2016-06-30,20:56:00,68,2,3454
49576,2016-06-30,21:25:00,55,2,10511
49577,2016-06-30,21:32:00,445,2,7571
49578,2016-06-30,21:35:00,212,1,1951
49579,2016-06-30,21:39:00,61,1,4139
49580,2016-06-30,21:51:00,317,1,8818
49581,2016-06-30,21:51:00,363,3,2178
49582,2016-06-30,21:55:00,246,1,10882
49583,2016-06-30,21:57:00,298,5,6726
49584,2016-06-30,21:59:00,231,5,7592
49585,2016-06-30,22:03:00,222,1,8585
49586,2016-06-30,22:05:00,59,3,6686
49587,2016-06-30,22:11:00,340,1,9557
49588,2016-06-30,22:25:00,407,3,6237
49589,2016-06-30,22:25:00,409,1,5391
49590,2016-06-30,22:32:00,265,3,1881
49591,2016-06-30,22:34:00,19,1,791
49592,2016-06-30,22:47:00,13,2,2593
49593,2016-06-30,22:50:00,335,2,4624
49594,2016-06-30,22:54:00,10,1,8843
49595,2016-06-30,22:57:00,342,1,2583
49596,2016-06-30,22:58:00,254,5,6551
49597,2016-06-30,22:59:00,178,3,11708
49598,2016-06-30,23:03:00,217,2,9593
49599,2016-06-30,23:04:00,173,3,251
49600,2016-06-30,23:05:00,206,2,10367
49601,2016-06-30,23:06:00,308,2,8284
49602,2016-06-30,23:11:00,362,2,4653
49603,2016-06-30,23:15:00,355,2,6140
49604,2016-06-30,23:18:00,151,3,10894
49605,2016-06-30,23:26:00,268,2,6966
49606,2016-06-30,23:34:00,451,2,7316
49607,2016-06-30,23:35:00,15,1,4451
49608,2016-06-30,23:36:00,233,1,8971
49609,2016-06-30,23:37:00,82,1,2210
49610,2016-06-30,23:40:00,268,4,11178
49611,2016-06-30,23:44:00,65,1,367
49612,2016-06-30,23:48:00,180,2,1355
49613,2016-06-30,23:50:00,125,1,8828
49614,2016-06-30,23:55:00,397,2,2621
49615,2016-07-01,00:11:00,315,2,1106
49616,2016-07-01,00:11:00,350,5,7002
49617,2016-07-01,00:12:00,231,2,11458
49618,2016-07-01,00:16:00,437,2,5492
49619,2016-07-01,00:18:00,158,1,1120
49620,2016-07-01,00:35:00,282,1,11188
49621,2016-07-01,00:35:00,364,2,2499
49622,2016-07-01,00:37:00,209,2,5961
49623,2016-07-01,00:46:00,307,3,9539
49624,2016-07-01,00:47:00,323,2,1682
49625,2016-07-01,00:52:00,91,2,569
49626,2016-07-01,00:57:00,18,3,549
49627,2016-07-01,01:04:00,171,2,8431
49628,2016-07-01,01:07:00,375,1,7187
49629,2016-07-01,01:11:00,317,1,4509
49630,2016-07-01,01:13:00,191,2,7067
49631,2016-07-01,01:19:00,101,1,8065
49632,2016-07-01,01:29:00,2,1,5601
49633,2016-07-01,01:36:00,291,2,2776
49634,2016-07-01,01:42:00,202,1,9011
49635,2016-07-01,01:42:00,244,1,2593
49636,2016-07-01,01:46:00,292,2,1416
49637,2016-07-01,01:49:00,263,2,7725
49638,2016-07-01,01:51:00,45,3,9326
49639,2016-07-01,01:56:00,394,2,10061
49640,2016-07-01,02:03:00,29,1,2341
49641,2016-07-01,02:21:00,297,2,8975
49642,2016-07-01,02:25:00,162,1,10526
49643,2016-07-01,02:34:00,279,2,46
49644,2016-07-01,02:34:00,162,2,9916
49645,2016-07-01,02:42:00,210,2,7119
49646,2016-07-01,02:44:00,102,2,3021
49647,2016-07-01,02:44:00,137,4,2844
49648,2016-07-01,02:45:00,279,2,8351
49649,2016-07-01,02:54:00,71,1,8949
49650,2016-07-01,02:54:00,40,2,8683
49651,2016-07-01,02:55:00,131,3,2627
49652,2016-07-01,03:20:00,74,2,4931
49653,2016-07-01,03:20:00,131,4,5820
49654,2016-07-01,03:22:00,162,1,2699
49655,2016-07-01,03:31:00,3,1,1440
49656,2016-07-01,03:31:00,115,1,1696
49657,2016-07-01,03:32:00,332,2,8956
49658,2016-07-01,03:34:00,129,2,9591
49659,2016-07-01,03:36:00,180,3,2021
49660,2016-07-01,03:39:00,108,3,2921
49661,2016-07-01,03:43:00,189,1,6631
49662,2016-07-01,03:46:00,348,3,1722
49663,2016-07-01,03:48:00,1,1,2165
49664,2016-07-01,03:50:00,428,1,2382
49665,2016-07-01,03:50:00,309,1,1619
49666,2016-07-01,03:51:00,326,3,7512
49667,2016-07-01,03:52:00,356,1,188
49668,2016-07-01,03:55:00,334,2,10708
49669,2016-07-01,03:55:00,90,2,2699
49670,2016-07-01,03:56:00,129,1,6793
49671,2016-07-01,03:57:00,86,2,11036
49672,2016-07-01,04:10:00,197,2,5973
49673,2016-07-01,04:11:00,361,1,291
49674,2016-07-01,04:12:00,290,2,3315
49675,2016-07-01,04:15:00,59,3,1361
49676,2016-07-01,04:21:00,214,1,3324
49677,2016-07-01,04:29:00,26,1,11713
49678,2016-07-01,04:31:00,145,2,1090
49679,2016-07-01,04:35:00,396,1,10071
49680,2016-07-01,04:37:00,42,3,1002
49681,2016-07-01,04:38:00,270,1,5991
49682,2016-07-01,04:38:00,408,1,952
49683,2016-07-01,04:59:00,376,1,2851
49684,2016-07-01,05:00:00,115,3,503
49685,2016-07-01,05:12:00,235,1,10561
49686,2016-07-01,05:22:00,181,2,4388
49687,2016-07-01,05:31:00,378,4,2648
49688,2016-07-01,05:35:00,175,2,8183
49689,2016-07-01,05:41:00,218,1,9744
49690,2016-07-01,05:46:00,409,1,2805
49691,2016-07-01,05:53:00,145,3,6047
49692,2016-07-01,05:55:00,17,1,9636
49693,2016-07-01,05:59:00,219,1,237
49694,2016-07-01,06:03:00,260,1,7626
49695,2016-07-01,06:05:00,441,2,4903
49696,2016-07-01,06:14:00,333,1,10558
49697,2016-07-01,06:17:00,425,1,7891
49698,2016-07-01,06:30:00,5,1,6658
49699,2016-07-01,06:31:00,110,2,9596
49700,2016-07-01,06:36:00,29,2,3424
49701,2016-07-01,06:41:00,153,2,5862
49702,2016-07-01,06:42:00,27,3,9717
49703,2016-07-01,06:48:00,245,1,5060
49704,2016-07-01,06:53:00,440,1,10984
49705,2016-07-01,06:54:00,18,3,6348
49706,2016-07-01,06:57:00,425,1,1852
49707,2016-07-01,06:59:00,1,4,10900
49708,2016-07-01,07:07:00,62,1,9607
49709,2016-07-01,07:08:00,355,1,8883
49710,2016-07-01,07:14:00,28,3,1888
49711,2016-07-01,07:15:00,206,2,8567
49712,2016-07-01,07:17:00,282,1,10385
49713,2016-07-01,07:21:00,404,2,7208
49714,2016-07-01,07:22:00,385,2,11820
49715,2016-07-01,07:23:00,378,2,11888
49716,2016-07-01,07:24:00,192,1,7816
49717,2016-07-01,07:33:00,292,2,4473
49718,2016-07-01,07:39:00,250,1,9805
49719,2016-07-01,07:50:00,100,6,4118
49720,2016-07-01,08:01:00,140,1,6484
49721,2016-07-01,08:09:00,97,2,8404
49722,2016-07-01,08:14:00,137,1,5058
49723,2016-07-01,08:15:00,370,2,4100
49724,2016-07-01,08:20:00,14,3,10047
49725,2016-07-01,08:26:00,48,2,11024
49726,2016-07-01,08:31:00,85,1,7740
49727,2016-07-01,08:33:00,268,2,1087
49728,2016-07-01,08:33:00,190,2,5432
49729,2016-07-01,08:34:00,19,1,11305
49730,2016-07-01,08:36:00,303,2,11202
49731,2016-07-01,08:37:00,426,2,3747
49732,2016-07-01,08:41:00,386,3,8056
49733,2016-07-01,08:41:00,26,2,5471
49734,2016-07-01,08:45:00,431,2,10600
49735,2016-07-01,08:49:00,385,3,10704
49736,2016-07-01,09:00:00,278,1,6571
49737,2016-07-01,09:04:00,38,3,5078
49738,2016-07-01,09:04:00,164,1,1704
49739,2016-07-01,09:27:00,306,2,1531
49740,2016-07-01,09:32:00,322,2,8533
49741,2016-07-01,09:34:00,159,1,6146
49742,2016-07-01,09:44:00,152,1,779
49743,2016-07-01,09:47:00,98,3,1524
49744,2016-07-01,09:49:00,72,1,8842
49745,2016-07-01,09:57:00,42,1,1260
49746,2016-07-01,09:58:00,209,2,501
49747,2016-07-01,10:07:00,292,2,2757
49748,2016-07-01,10:10:00,64,2,1672
49749,2016-07-01,10:18:00,211,1,8153
49750,2016-07-01,10:33:00,296,1,5519
49751,2016-07-01,10:35:00,364,3,4695
49752,2016-07-01,10:39:00,233,3,9205
49753,2016-07-01,10:40:00,298,3,6171
49754,2016-07-01,10:52:00,177,2,11599
49755,2016-07-01,10:53:00,412,1,6884
49756,2016-07-01,10:57:00,382,1,10265
49757,2016-07-01,11:02:00,387,3,7386
49758,2016-07-01,11:11:00,315,2,291
49759,2016-07-01,11:13:00,211,3,5996
49760,2016-07-01,11:14:00,70,3,7638
49761,2016-07-01,11:18:00,373,1,1513
49762,2016-07-01,11:29:00,186,1,9878
49763,2016-07-01,11:30:00,354,1,607
49764,2016-07-01,11:34:00,73,3,4753
49765,2016-07-01,11:38:00,136,1,3754
49766,2016-07-01,11:40:00,349,4,5769
49767,2016-07-01,11:40:00,418,2,8518
49768,2016-07-01,11:48:00,303,1,4348
49769,2016-07-01,11:55:00,50,3,8795
49770,2016-07-01,11:59:00,202,1,7939
49771,2016-07-01,12:07:00,382,2,4844
49772,2016-07-01,12:09:00,186,2,6625
49773,2016-07-01,12:17:00,19,1,11144
49774,2016-07-01,12:22:00,141,2,824
49775,2016-07-01,12:43:00,26,2,5593
49776,2016-07-01,12:48:00,454,2,7722
49777,2016-07-01,12:49:00,89,1,10440
49778,2016-07-01,13:02:00,263,3,6909
49779,2016-07-01,13:04:00,238,1,2359
49780,2016-07-01,13:09:00,254,1,11905
49781,2016-07-01,13:10:00,171,2,4973
49782,2016-07-01,13:18:00,298,2,9768
49783,2016-07-01,13:20:00,264,1,8133
49784,2016-07-01,13:39:00,341,1,2614
49785,2016-07-01,13:48:00,298,2,1557
49786,2016-07-01,13:53:00,388,1,4448
49787,2016-07-01,14:01:00,136,1,11774
49788,2016-07-01,14:10:00,108,2,11781
49789,2016-07-01,14:12:00,58,2,9057
49790,2016-07-01,14:16:00,39,3,8786
49791,2016-07-01,14:19:00,90,1,11431
49792,2016-07-01,14:27:00,292,3,9068
49793,2016-07-01,14:32:00,335,2,6431
49794,2016-07-01,14:37:00,1,2,7215
49795,2016-07-01,14:37:00,282,2,11186
49796,2016-07-01,14:54:00,82,3,3011
49797,2016-07-01,14:56:00,430,1,8317
49798,2016-07-01,15:02:00,50,2,9073
49799,2016-07-01,15:02:00,351,1,9149
49800,2016-07-01,15:06:00,341,2,10453
49801,2016-07-01,15:06:00,377,1,11303
49802,2016-07-01,15:08:00,24,3,7238
49803,2016-07-01,15:24:00,362,1,7120
49804,2016-07-01,15:31:00,44,1,8451
49805,2016-07-01,15:32:00,4,1,10627
49806,2016-07-01,15:41:00,128,3,3042
49807,2016-07-01,15:44:00,190,2,9243
49808,2016-07-01,15:47:00,76,1,9613
49809,2016-07-01,15:51:00,298,2,7254
49810,2016-07-01,15:55:00,288,2,2142
49811,2016-07-01,15:58:00,236,2,2189
49812,2016-07-01,16:03:00,63,1,5799
49813,2016-07-01,16:03:00,398,2,9179
49814,2016-07-01,16:06:00,215,1,462
49815,2016-07-01,16:08:00,281,2,30
49816,2016-07-01,16:15:00,120,1,3512
49817,2016-07-01,16:28:00,144,3,4458
49818,2016-07-01,16:33:00,12,1,1500
49819,2016-07-01,16:37:00,91,1,8688
49820,2016-07-01,17:01:00,410,4,5065
49821,2016-07-01,17:08:00,165,4,5703
49822,2016-07-01,17:08:00,107,4,3480
49823,2016-07-01,17:15:00,289,3,957
49824,2016-07-01,17:17:00,164,2,3562
49825,2016-07-01,17:21:00,69,1,6773
49826,2016-07-01,17:28:00,67,3,6366
49827,2016-07-01,17:32:00,356,2,2862
49828,2016-07-01,17:35:00,372,2,9612
49829,2016-07-01,17:36:00,322,1,7224
49830,2016-07-01,17:36:00,424,4,1971
49831,2016-07-01,17:43:00,34,3,3268
49832,2016-07-01,17:44:00,428,3,9123
49833,2016-07-01,17:47:00,11,2,5379
49834,2016-07-01,17:57:00,73,2,1459
49835,2016-07-01,18:01:00,237,2,2439
49836,2016-07-01,18:18:00,442,1,1013
49837,2016-07-01,18:25:00,39,2,9897
49838,2016-07-01,18:31:00,35,1,3097
49839,2016-07-01,18:38:00,399,1,977
49840,2016-07-01,18:39:00,54,4,5299
49841,2016-07-01,18:50:00,201,2,9259
49842,2016-07-01,18:52:00,203,1,8786
49843,2016-07-01,18:58:00,111,4,4099
49844,2016-07-01,19:02:00,147,1,11701
49845,2016-07-01,19:04:00,99,1,3541
49846,2016-07-01,19:04:00,187,1,2690
49847,2016-07-01,19:21:00,351,2,1967
49848,2016-07-01,19:21:00,437,2,11870
49849,2016-07-01,19:27:00,312,1,102
49850,2016-07-01,19:37:00,327,2,8049
49851,2016-07-01,19:49:00,34,1,3102
49852,2016-07-01,19:52:00,250,2,2941
49853,2016-07-01,20:00:00,1,1,1836
49854,2016-07-01,20:03:00,239,1,1252
49855,2016-07-01,20:14:00,198,3,11421
49856,2016-07-01,20:15:00,198,2,6547
49857,2016-07-01,20:25:00,277,2,5079
49858,2016-07-01,20:50:00,26,2,6823
49859,2016-07-01,20:57:00,133,3,4091
49860,2016-07-01,20:59:00,283,2,11957
49861,2016-07-01,21:13:00,182,2,2022
49862,2016-07-01,21:14:00,113,3,7214
49863,2016-07-01,21:17:00,409,3,11682
49864,2016-07-01,21:18:00,133,1,11383
49865,2016-07-01,21:20:00,5,2,2508
49866,2016-07-01,21:23:00,129,2,1857
49867,2016-07-01,21:49:00,113,3,8494
49868,2016-07-01,22:02:00,373,1,9528
49869,2016-07-01,22:08:00,256,3,1303
49870,2016-07-01,22:08:00,155,2,5193
49871,2016-07-01,22:10:00,234,1,4334
49872,2016-07-01,22:20:00,245,1,9285
49873,2016-07-01,22:22:00,42,2,10931
49874,2016-07-01,22:34:00,117,1,287
49875,2016-07-01,22:41:00,241,2,4430
49876,2016-07-01,22:41:00,343,1,1237
49877,2016-07-01,23:00:00,30,1,119
49878,2016-07-01,23:05:00,417,1,253
49879,2016-07-01,23:16:00,50,3,5993
49880,2016-07-01,23:17:00,149,1,11503
49881,2016-07-01,23:18:00,2,1,7559
49882,2016-07-01,23:20:00,411,3,3492
49883,2016-07-01,23:30:00,4,3,39
49884,2016-07-01,23:33:00,433,1,8770
49885,2016-07-01,23:43:00,311,1,1007
49886,2016-07-01,23:44:00,35,3,3157
49887,2016-07-01,23:45:00,410,1,3369
49888,2016-07-01,23:52:00,25,2,11212
49889,2016-07-01,23:54:00,454,1,7094
49890,2016-07-02,00:00:00,159,1,9261
49891,2016-07-02,00:07:00,421,1,2231
49892,2016-07-02,00:11:00,110,1,10557
49893,2016-07-02,00:21:00,98,1,3560
49894,2016-07-02,00:25:00,400,2,7000
49895,2016-07-02,00:27:00,294,2,10200
49896,2016-07-02,00:31:00,161,4,329
49897,2016-07-02,00:31:00,314,1,2378
49898,2016-07-02,00:45:00,266,3,7631
49899,2016-07-02,00:46:00,97,1,6984
49900,2016-07-02,00:51:00,300,3,2685
49901,2016-07-02,01:01:00,61,1,6027
49902,2016-07-02,01:02:00,117,2,1780
49903,2016-07-02,01:10:00,312,3,10660
49904,2016-07-02,01:19:00,317,2,5891
49905,2016-07-02,01:26:00,293,2,8715
49906,2016-07-02,01:27:00,298,4,3766
49907,2016-07-02,01:30:00,181,2,10881
49908,2016-07-02,01:47:00,57,3,6103
49909,2016-07-02,01:47:00,144,1,10707
49910,2016-07-02,01:47:00,321,2,5134
49911,2016-07-02,01:48:00,257,2,2333
49912,2016-07-02,01:48:00,421,1,301
49913,2016-07-02,01:48:00,320,1,3815
49914,2016-07-02,01:49:00,443,4,313
49915,2016-07-02,01:53:00,225,3,10507
49916,2016-07-02,01:55:00,213,1,2888
49917,2016-07-02,02:06:00,207,1,5446
49918,2016-07-02,02:08:00,409,2,9208
49919,2016-07-02,02:20:00,281,1,2664
49920,2016-07-02,02:22:00,140,4,1934
49921,2016-07-02,02:25:00,456,1,11338
49922,2016-07-02,02:27:00,388,1,7123
49923,2016-07-02,02:30:00,16,1,1478
49924,2016-07-02,02:36:00,115,1,4028
49925,2016-07-02,02:42:00,18,1,4712
49926,2016-07-02,02:54:00,47,3,1676
49927,2016-07-02,03:03:00,73,3,3839
49928,2016-07-02,03:04:00,89,4,7156
49929,2016-07-02,03:07:00,399,2,10437
49930,2016-07-02,03:08:00,432,4,1242
49931,2016-07-02,03:09:00,252,2,7397
49932,2016-07-02,03:18:00,238,1,9528
49933,2016-07-02,03:27:00,253,1,8888
49934,2016-07-02,03:39:00,292,2,6176
49935,2016-07-02,03:40:00,129,4,9071
49936,2016-07-02,03:53:00,120,3,8086
49937,2016-07-02,04:03:00,182,1,4744
49938,2016-07-02,04:08:00,125,4,8909
49939,2016-07-02,04:15:00,446,1,626
49940,2016-07-02,04:17:00,138,2,2481
49941,2016-07-02,04:27:00,127,1,9262
49942,2016-07-02,04:31:00,197,1,2675
49943,2016-07-02,04:35:00,431,2,1404
49944,2016-07-02,04:38:00,95,1,6016
49945,2016-07-02,04:43:00,37,1,6162
49946,2016-07-02,04:46:00,262,4,1785
49947,2016-07-02,04:53:00,168,3,2322
49948,2016-07-02,04:54:00,224,2,8733
49949,2016-07-02,04:55:00,230,1,7400
49950,2016-07-02,05:05:00,159,1,3667
49951,2016-07-02,05:11:00,238,4,11361
49952,2016-07-02,05:19:00,221,2,3479
49953,2016-07-02,05:20:00,25,2,9292
49954,2016-07-02,05:29:00,302,2,7057
49955,2016-07-02,05:58:00,295,1,11383
49956,2016-07-02,05:58:00,65,3,5652
49957,2016-07-02,06:01:00,42,4,3070
49958,2016-07-02,06:02:00,440,1,10943
49959,2016-07-02,06:03:00,394,1,2311
49960,2016-07-02,06:23:00,354,2,11693
49961,2016-07-02,06:36:00,400,1,7311
49962,2016-07-02,06:38:00,419,1,9960
49963,2016-07-02,06:38:00,352,1,2618
49964,2016-07-02,06:50:00,74,2,6991
49965,2016-07-02,06:50:00,412,3,4734
49966,2016-07-02,06:52:00,159,2,9769
49967,2016-07-02,06:53:00,315,2,1626
49968,2016-07-02,06:55:00,122,3,9642
49969,2016-07-02,07:00:00,408,1,3005
49970,2016-07-02,07:05:00,155,1,7740
49971,2016-07-02,07:05:00,433,1,10332
49972,2016-07-02,07:10:00,204,3,907
49973,2016-07-02,07:11:00,174,3,6578
49974,2016-07-02,07:14:00,94,2,4114
49975,2016-07-02,07:18:00,387,3,5318
49976,2016-07-02,07:26:00,284,1,8445
49977,2016-07-02,07:30:00,24,1,5452
49978,2016-07-02,07:34:00,392,1,8072
49979,2016-07-02,07:36:00,420,4,7974
49980,2016-07-02,07:42:00,144,3,1630
49981,2016-07-02,07:58:00,355,2,5557
49982,2016-07-02,07:59:00,353,2,6416
49983,2016-07-02,08:00:00,276,3,9930
49984,2016-07-02,08:27:00,372,2,108
49985,2016-07-02,08:44:00,214,5,9689
49986,2016-07-02,08:45:00,145,3,11420
49987,2016-07-02,08:46:00,249,3,11494
49988,2016-07-02,08:46:00,131,3,5543
49989,2016-07-02,08:47:00,227,1,1460
49990,2016-07-02,08:52:00,87,2,6061
49991,2016-07-02,08:57:00,402,1,9175
49992,2016-07-02,09:05:00,311,2,6280
49993,2016-07-02,09:08:00,103,3,5727
49994,2016-07-02,09:09:00,245,2,6284
49995,2016-07-02,09:15:00,247,3,7751
49996,2016-07-02,09:22:00,355,2,9540
49997,2016-07-02,09:27:00,362,2,5921
49998,2016-07-02,09:29:00,343,3,8222
49999,2016-07-02,09:31:00,338,3,3791
50000,2016-07-02,09:32:00,320,2,7500
50001,2016-07-02,09:33:00,162,1,1836
50002,2016-07-02,09:38:00,137,2,3141
50003,2016-07-02,09:52:00,317,1,1165
50004,2016-07-02,09:55:00,96,3,8601
50005,2016-07-02,09:58:00,199,1,5817
50006,2016-07-02,10:03:00,256,2,1240
50007,2016-07-02,10:23:00,396,3,11193
50008,2016-07-02,10:29:00,286,2,3573
50009,2016-07-02,10:29:00,380,2,4712
50010,2016-07-02,10:34:00,129,1,11063
50011,2016-07-02,10:34:00,100,2,2313
50012,2016-07-02,10:36:00,395,1,2404
50013,2016-07-02,10:45:00,321,2,9308
50014,2016-07-02,10:50:00,27,1,7866
50015,2016-07-02,10:54:00,44,2,6559
50016,2016-07-02,10:56:00,382,1,10756
50017,2016-07-02,10:59:00,226,1,6547
50018,2016-07-02,11:14:00,82,3,2102
50019,2016-07-02,11:38:00,147,3,4661
50020,2016-07-02,11:48:00,111,1,5350
50021,2016-07-02,11:49:00,294,1,5290
50022,2016-07-02,12:04:00,61,1,4727
50023,2016-07-02,12:06:00,276,1,4166
50024,2016-07-02,12:11:00,171,3,975
50025,2016-07-02,12:13:00,426,3,6314
50026,2016-07-02,12:15:00,57,2,5591
50027,2016-07-02,12:15:00,284,3,8385
50028,2016-07-02,12:19:00,177,1,7475
50029,2016-07-02,12:34:00,323,2,11058
50030,2016-07-02,12:35:00,264,2,2983
50031,2016-07-02,12:36:00,251,2,11728
50032,2016-07-02,12:38:00,35,3,485
50033,2016-07-02,12:47:00,58,2,1071
50034,2016-07-02,12:48:00,433,3,7140
50035,2016-07-02,12:49:00,96,2,5035
50036,2016-07-02,13:06:00,252,3,7344
50037,2016-07-02,13:17:00,14,2,11948
50038,2016-07-02,13:19:00,139,1,1887
50039,2016-07-02,13:33:00,141,3,8846
50040,2016-07-02,13:39:00,306,1,340
50041,2016-07-02,13:41:00,283,1,10079
50042,2016-07-02,13:42:00,447,1,7411
50043,2016-07-02,13:44:00,108,1,2169
50044,2016-07-02,13:47:00,336,1,9375
50045,2016-07-02,13:54:00,26,1,11083
50046,2016-07-02,13:55:00,224,1,10283
50047,2016-07-02,13:58:00,275,2,536
50048,2016-07-02,13:59:00,193,3,7467
50049,2016-07-02,14:01:00,245,2,6902
50050,2016-07-02,14:17:00,199,3,7614
50051,2016-07-02,14:22:00,450,1,8935
50052,2016-07-02,14:41:00,95,1,2816
50053,2016-07-02,14:46:00,65,2,7226
50054,2016-07-02,14:47:00,408,2,9548
50055,2016-07-02,15:03:00,326,2,5390
50056,2016-07-02,15:10:00,411,1,10473
50057,2016-07-02,15:19:00,371,5,9352
50058,2016-07-02,15:20:00,54,1,10943
50059,2016-07-02,15:25:00,348,1,5291
50060,2016-07-02,15:26:00,368,3,7429
50061,2016-07-02,15:35:00,451,1,10438
50062,2016-07-02,15:40:00,106,3,9613
50063,2016-07-02,15:45:00,396,1,1781
50064,2016-07-02,15:46:00,168,3,8493
50065,2016-07-02,15:48:00,307,1,4777
50066,2016-07-02,15:51:00,173,3,6670
50067,2016-07-02,15:52:00,1,1,2660
50068,2016-07-02,15:53:00,223,2,7643
50069,2016-07-02,15:53:00,346,2,9858
50070,2016-07-02,15:55:00,232,2,9748
50071,2016-07-02,15:58:00,279,2,7895
50072,2016-07-02,16:02:00,321,3,37
50073,2016-07-02,16:05:00,349,1,956
50074,2016-07-02,16:15:00,309,1,7562
50075,2016-07-02,16:26:00,219,4,10389
50076,2016-07-02,16:27:00,118,2,3295
50077,2016-07-02,16:30:00,281,2,2143
50078,2016-07-02,16:35:00,18,2,1219
50079,2016-07-02,16:41:00,105,3,10736
50080,2016-07-02,16:43:00,138,2,11959
50081,2016-07-02,16:46:00,319,1,1917
50082,2016-07-02,16:52:00,287,1,11456
50083,2016-07-02,16:53:00,79,3,6625
50084,2016-07-02,16:56:00,229,2,8373
50085,2016-07-02,16:57:00,165,3,3906
50086,2016-07-02,17:04:00,247,4,1811
50087,2016-07-02,17:07:00,243,2,9914
50088,2016-07-02,17:07:00,122,3,9376
50089,2016-07-02,17:13:00,16,4,11956
50090,2016-07-02,17:14:00,395,2,5330
50091,2016-07-02,17:21:00,365,2,8300
50092,2016-07-02,17:28:00,382,1,3128
50093,2016-07-02,17:35:00,114,2,4391
50094,2016-07-02,17:36:00,249,3,4707
50095,2016-07-02,17:53:00,34,1,2944
50096,2016-07-02,17:57:00,403,4,8685
50097,2016-07-02,18:02:00,315,3,5296
50098,2016-07-02,18:08:00,119,3,10188
50099,2016-07-02,18:16:00,334,1,6794
50100,2016-07-02,18:19:00,455,1,8339
50101,2016-07-02,18:21:00,416,2,11082
50102,2016-07-02,18:26:00,223,1,2361
50103,2016-07-02,18:27:00,180,1,2950
50104,2016-07-02,18:30:00,310,2,3325
50105,2016-07-02,18:32:00,246,1,10154
50106,2016-07-02,18:39:00,309,3,5818
50107,2016-07-02,18:41:00,39,6,11419
50108,2016-07-02,18:44:00,155,1,7488
50109,2016-07-02,18:50:00,7,3,6798
50110,2016-07-02,18:57:00,78,2,4139
50111,2016-07-02,19:00:00,451,1,2086
50112,2016-07-02,19:12:00,17,1,6047
50113,2016-07-02,19:18:00,297,3,8414
50114,2016-07-02,19:24:00,189,3,11384
50115,2016-07-02,19:34:00,6,3,8439
50116,2016-07-02,19:40:00,92,3,5534
50117,2016-07-02,19:41:00,68,1,11363
50118,2016-07-02,19:53:00,184,1,2752
50119,2016-07-02,20:00:00,44,2,1021
50120,2016-07-02,20:04:00,59,2,3469
50121,2016-07-02,20:28:00,28,3,7991
50122,2016-07-02,20:29:00,162,1,9755
50123,2016-07-02,20:29:00,130,5,6911
50124,2016-07-02,20:49:00,179,2,11154
50125,2016-07-02,20:50:00,449,2,8885
50126,2016-07-02,20:52:00,38,2,10332
50127,2016-07-02,20:53:00,331,3,8446
50128,2016-07-02,20:54:00,337,1,7458
50129,2016-07-02,20:58:00,175,2,7455
50130,2016-07-02,21:01:00,360,2,2524
50131,2016-07-02,21:04:00,3,2,9481
50132,2016-07-02,21:07:00,324,1,5449
50133,2016-07-02,21:07:00,350,1,3529
50134,2016-07-02,21:15:00,45,1,7161
50135,2016-07-02,21:22:00,168,1,7229
50136,2016-07-02,21:23:00,266,3,6629
50137,2016-07-02,21:28:00,365,2,14
50138,2016-07-02,21:30:00,380,2,10839
50139,2016-07-02,21:33:00,373,1,7140
50140,2016-07-02,21:36:00,194,1,4748
50141,2016-07-02,21:49:00,388,1,8665
50142,2016-07-02,21:53:00,254,1,8621
50143,2016-07-02,21:57:00,413,1,4975
50144,2016-07-02,22:15:00,394,2,10251
50145,2016-07-02,22:17:00,407,4,4952
50146,2016-07-02,22:30:00,119,2,11795
50147,2016-07-02,22:34:00,254,1,7388
50148,2016-07-02,22:35:00,20,2,10183
50149,2016-07-02,22:38:00,458,2,4253
50150,2016-07-02,22:50:00,197,2,7836
50151,2016-07-02,22:53:00,141,2,11905
50152,2016-07-02,23:00:00,241,1,7730
50153,2016-07-02,23:01:00,387,3,75
50154,2016-07-02,23:03:00,33,1,5139
50155,2016-07-02,23:17:00,450,2,463
50156,2016-07-02,23:17:00,430,1,4361
50157,2016-07-02,23:19:00,400,2,2157
50158,2016-07-02,23:20:00,30,4,2729
50159,2016-07-02,23:37:00,102,4,1462
50160,2016-07-02,23:40:00,141,1,3986
50161,2016-07-02,23:45:00,286,4,9016
50162,2016-07-02,23:45:00,61,1,5193
50163,2016-07-02,23:46:00,351,1,149
50164,2016-07-02,23:47:00,340,2,5752
50165,2016-07-02,23:49:00,331,3,8606
50166,2016-07-02,23:56:00,267,2,6864
50167,2016-07-02,23:56:00,452,1,7517
50168,2016-07-03,00:06:00,319,3,10709
50169,2016-07-03,00:12:00,338,2,7659
50170,2016-07-03,00:13:00,17,1,1741
50171,2016-07-03,00:13:00,311,2,4321
50172,2016-07-03,00:14:00,421,1,2575
50173,2016-07-03,00:19:00,380,2,8771
50174,2016-07-03,00:21:00,53,2,1945
50175,2016-07-03,00:29:00,332,2,6982
50176,2016-07-03,00:33:00,221,3,6835
50177,2016-07-03,00:44:00,347,2,11265
50178,2016-07-03,00:44:00,252,2,4220
50179,2016-07-03,00:57:00,1,1,7070
50180,2016-07-03,01:00:00,161,1,9871
50181,2016-07-03,01:12:00,405,2,4421
50182,2016-07-03,01:12:00,229,2,6161
50183,2016-07-03,01:13:00,356,2,1879
50184,2016-07-03,01:22:00,364,1,11140
50185,2016-07-03,01:29:00,398,2,4890
50186,2016-07-03,01:43:00,382,2,4728
50187,2016-07-03,01:59:00,249,2,2040
50188,2016-07-03,02:07:00,123,2,496
50189,2016-07-03,02:08:00,167,2,10267
50190,2016-07-03,02:12:00,267,2,5875
50191,2016-07-03,02:14:00,348,3,547
50192,2016-07-03,02:24:00,417,1,7913
50193,2016-07-03,02:25:00,87,2,2959
50194,2016-07-03,02:25:00,315,1,6957
50195,2016-07-03,02:31:00,348,2,8385
50196,2016-07-03,02:31:00,65,1,6957
50197,2016-07-03,02:39:00,16,2,9363
50198,2016-07-03,02:44:00,5,1,6644
50199,2016-07-03,02:47:00,118,1,3872
50200,2016-07-03,02:57:00,421,1,2794
50201,2016-07-03,02:57:00,421,2,6241
50202,2016-07-03,02:58:00,120,2,4525
50203,2016-07-03,03:06:00,130,1,3189
50204,2016-07-03,03:13:00,226,1,1499
50205,2016-07-03,03:16:00,22,1,7399
50206,2016-07-03,03:25:00,133,3,6092
50207,2016-07-03,03:30:00,364,1,9474
50208,2016-07-03,03:31:00,230,3,10473
50209,2016-07-03,03:36:00,360,1,5328
50210,2016-07-03,03:38:00,1,2,3682
50211,2016-07-03,03:38:00,191,2,2479
50212,2016-07-03,03:41:00,2,3,1775
50213,2016-07-03,03:42:00,389,3,529
50214,2016-07-03,03:50:00,427,2,7497
50215,2016-07-03,03:57:00,302,1,2194
50216,2016-07-03,03:58:00,86,1,11746
50217,2016-07-03,03:59:00,445,3,6741
50218,2016-07-03,04:04:00,338,1,8638
50219,2016-07-03,04:04:00,323,2,3579
50220,2016-07-03,04:13:00,140,2,11921
50221,2016-07-03,04:17:00,384,3,1238
50222,2016-07-03,04:21:00,423,6,330
50223,2016-07-03,04:25:00,275,1,7260
50224,2016-07-03,04:35:00,341,1,439
50225,2016-07-03,04:36:00,305,1,9623
50226,2016-07-03,04:36:00,227,2,10095
50227,2016-07-03,04:46:00,54,2,5128
50228,2016-07-03,04:46:00,348,3,7641
50229,2016-07-03,04:48:00,411,2,37
50230,2016-07-03,04:57:00,446,3,3017
50231,2016-07-03,05:02:00,142,2,8992
50232,2016-07-03,05:03:00,450,2,4994
50233,2016-07-03,05:09:00,224,2,1749
50234,2016-07-03,05:21:00,64,5,3774
50235,2016-07-03,05:25:00,335,2,9731
50236,2016-07-03,05:25:00,390,2,8743
50237,2016-07-03,05:40:00,329,3,5814
50238,2016-07-03,05:42:00,418,1,1902
50239,2016-07-03,05:55:00,235,2,10771
50240,2016-07-03,05:56:00,160,1,10918
50241,2016-07-03,05:56:00,423,3,3248
50242,2016-07-03,05:57:00,136,4,7789
50243,2016-07-03,06:12:00,207,2,5919
50244,2016-07-03,06:23:00,149,1,5344
50245,2016-07-03,06:29:00,439,3,9821
50246,2016-07-03,06:30:00,130,2,2767
50247,2016-07-03,06:51:00,372,2,1856
50248,2016-07-03,06:55:00,293,1,11069
50249,2016-07-03,06:55:00,315,2,1380
50250,2016-07-03,06:58:00,356,3,4598
50251,2016-07-03,07:00:00,2,2,9667
50252,2016-07-03,07:04:00,244,2,145
50253,2016-07-03,07:09:00,147,1,3643
50254,2016-07-03,07:20:00,295,2,8546
50255,2016-07-03,07:22:00,345,3,6828
50256,2016-07-03,07:36:00,287,1,5589
50257,2016-07-03,07:42:00,447,1,3135
50258,2016-07-03,07:47:00,60,1,9116
50259,2016-07-03,07:58:00,431,2,3065
50260,2016-07-03,08:00:00,314,2,9232
50261,2016-07-03,08:01:00,140,1,2674
50262,2016-07-03,08:10:00,278,3,3714
50263,2016-07-03,08:16:00,314,2,2287
50264,2016-07-03,08:25:00,56,2,9383
50265,2016-07-03,08:30:00,268,1,2724
50266,2016-07-03,08:37:00,51,2,5897
50267,2016-07-03,08:41:00,187,3,6986
50268,2016-07-03,08:59:00,141,2,6038
50269,2016-07-03,09:05:00,327,2,5946
50270,2016-07-03,09:17:00,76,2,8119
50271,2016-07-03,09:18:00,89,2,6822
50272,2016-07-03,09:24:00,28,4,9981
50273,2016-07-03,09:24:00,277,2,7503
50274,2016-07-03,09:33:00,415,1,379
50275,2016-07-03,09:41:00,76,2,7159
50276,2016-07-03,09:49:00,316,2,4888
50277,2016-07-03,10:07:00,457,2,10858
50278,2016-07-03,10:10:00,120,2,3693
50279,2016-07-03,10:18:00,414,1,10259
50280,2016-07-03,10:21:00,95,2,3231
50281,2016-07-03,10:40:00,337,1,246
50282,2016-07-03,10:41:00,458,2,3617
50283,2016-07-03,10:43:00,365,3,1357
50284,2016-07-03,10:44:00,308,3,7860
50285,2016-07-03,10:45:00,365,2,10236
50286,2016-07-03,10:48:00,390,1,8371
50287,2016-07-03,10:48:00,78,2,3986
50288,2016-07-03,10:53:00,155,1,6679
50289,2016-07-03,10:55:00,217,3,6101
50290,2016-07-03,10:58:00,350,1,10669
50291,2016-07-03,10:59:00,154,2,11208
50292,2016-07-03,11:09:00,16,2,6580
50293,2016-07-03,11:16:00,181,2,7610
50294,2016-07-03,11:16:00,55,2,8177
50295,2016-07-03,11:26:00,439,1,6126
50296,2016-07-03,11:27:00,409,2,6653
50297,2016-07-03,11:31:00,284,4,5368
50298,2016-07-03,11:41:00,130,2,11737
50299,2016-07-03,11:41:00,439,2,9617
50300,2016-07-03,11:53:00,221,1,3259
50301,2016-07-03,11:53:00,251,1,1013
50302,2016-07-03,12:06:00,448,1,11332
50303,2016-07-03,12:15:00,337,1,6033
50304,2016-07-03,12:20:00,23,2,7845
50305,2016-07-03,12:31:00,437,1,9035
50306,2016-07-03,12:39:00,24,3,10314
50307,2016-07-03,12:59:00,85,3,10863
50308,2016-07-03,13:07:00,333,3,10715
50309,2016-07-03,13:17:00,365,1,635
50310,2016-07-03,13:20:00,407,1,4232
50311,2016-07-03,13:24:00,361,1,11353
50312,2016-07-03,13:25:00,9,2,6149
50313,2016-07-03,13:31:00,305,2,10064
50314,2016-07-03,13:41:00,122,2,8843
50315,2016-07-03,13:42:00,4,1,4080
50316,2016-07-03,13:54:00,184,2,3922
50317,2016-07-03,13:54:00,78,1,431
50318,2016-07-03,14:04:00,441,1,4558
50319,2016-07-03,14:12:00,307,1,380
50320,2016-07-03,14:12:00,145,1,10797
50321,2016-07-03,14:19:00,56,1,6889
50322,2016-07-03,14:19:00,101,4,2238
50323,2016-07-03,14:24:00,420,2,10264
50324,2016-07-03,14:35:00,262,1,6509
50325,2016-07-03,14:39:00,189,2,5214
50326,2016-07-03,14:45:00,77,3,8440
50327,2016-07-03,14:51:00,371,3,1216
50328,2016-07-03,14:54:00,162,2,8584
50329,2016-07-03,14:56:00,128,1,6983
50330,2016-07-03,15:06:00,454,2,299
50331,2016-07-03,15:16:00,39,3,114
50332,2016-07-03,15:18:00,133,3,3832
50333,2016-07-03,15:20:00,238,2,7053
50334,2016-07-03,15:34:00,428,2,7454
50335,2016-07-03,15:34:00,191,3,79
50336,2016-07-03,15:53:00,343,2,829
50337,2016-07-03,15:53:00,257,2,193
50338,2016-07-03,15:56:00,431,1,5625
50339,2016-07-03,15:57:00,334,3,6940
50340,2016-07-03,16:00:00,357,1,2673
50341,2016-07-03,16:07:00,330,2,9900
50342,2016-07-03,16:12:00,95,3,6868
50343,2016-07-03,16:20:00,451,2,6305
50344,2016-07-03,16:20:00,30,1,9094
50345,2016-07-03,16:20:00,99,2,10209
50346,2016-07-03,16:28:00,399,2,7207
50347,2016-07-03,16:32:00,245,1,10027
50348,2016-07-03,16:34:00,48,2,6163
50349,2016-07-03,16:38:00,150,2,8789
50350,2016-07-03,16:40:00,314,3,5845
50351,2016-07-03,16:45:00,100,4,6555
50352,2016-07-03,17:00:00,142,2,1780
50353,2016-07-03,17:04:00,451,4,1651
50354,2016-07-03,17:07:00,288,2,8060
50355,2016-07-03,17:13:00,252,4,837
50356,2016-07-03,17:33:00,356,1,8624
50357,2016-07-03,17:36:00,202,2,9460
50358,2016-07-03,17:42:00,398,2,2791
50359,2016-07-03,17:48:00,135,1,2494
50360,2016-07-03,17:48:00,161,2,1688
50361,2016-07-03,17:49:00,388,2,2757
50362,2016-07-03,18:01:00,282,2,1918
50363,2016-07-03,18:02:00,47,2,10192
50364,2016-07-03,18:05:00,242,2,1003
50365,2016-07-03,18:05:00,430,2,6164
50366,2016-07-03,18:08:00,62,2,9513
50367,2016-07-03,18:10:00,370,2,2090
50368,2016-07-03,18:11:00,136,1,2848
50369,2016-07-03,18:12:00,349,3,5923
50370,2016-07-03,18:12:00,439,4,11596
50371,2016-07-03,18:15:00,45,1,9589
50372,2016-07-03,18:19:00,20,2,161
50373,2016-07-03,18:40:00,215,2,2989
50374,2016-07-03,18:54:00,396,2,1790
50375,2016-07-03,18:56:00,287,3,9350
50376,2016-07-03,18:59:00,224,1,9941
50377,2016-07-03,19:00:00,131,2,6442
50378,2016-07-03,19:06:00,449,1,8603
50379,2016-07-03,19:07:00,175,1,3703
50380,2016-07-03,19:25:00,133,2,8218
50381,2016-07-03,19:30:00,319,1,3045
50382,2016-07-03,19:44:00,4,2,5907
50383,2016-07-03,19:44:00,342,2,7030
50384,2016-07-03,19:44:00,114,1,5325
50385,2016-07-03,19:56:00,317,1,3994
50386,2016-07-03,20:04:00,394,3,2627
50387,2016-07-03,20:05:00,52,1,11910
50388,2016-07-03,20:16:00,347,1,6223
50389,2016-07-03,20:18:00,348,1,8817
50390,2016-07-03,20:18:00,210,1,7541
50391,2016-07-03,20:26:00,56,2,2115
50392,2016-07-03,20:29:00,455,2,11260
50393,2016-07-03,20:30:00,367,2,10361
50394,2016-07-03,20:30:00,444,1,5273
50395,2016-07-03,20:39:00,149,3,1600
50396,2016-07-03,20:40:00,162,2,2108
50397,2016-07-03,20:42:00,295,2,6476
50398,2016-07-03,20:54:00,63,4,7456
50399,2016-07-03,20:59:00,131,1,5004
50400,2016-07-03,20:59:00,235,1,6048
50401,2016-07-03,21:00:00,238,1,9048
50402,2016-07-03,21:10:00,413,1,7399
50403,2016-07-03,21:21:00,15,1,1639
50404,2016-07-03,21:22:00,284,2,4812
50405,2016-07-03,21:23:00,346,1,4914
50406,2016-07-03,21:24:00,34,2,712
50407,2016-07-03,21:24:00,147,2,1564
50408,2016-07-03,21:27:00,107,3,7512
50409,2016-07-03,21:37:00,297,2,11133
50410,2016-07-03,21:42:00,413,2,1083
50411,2016-07-03,21:42:00,145,1,4920
50412,2016-07-03,21:42:00,208,3,5752
50413,2016-07-03,21:45:00,382,1,6196
50414,2016-07-03,21:58:00,11,4,10109
50415,2016-07-03,21:59:00,148,1,503
50416,2016-07-03,22:00:00,236,3,6838
50417,2016-07-03,22:04:00,56,2,8550
50418,2016-07-03,22:06:00,223,3,1092
50419,2016-07-03,22:14:00,55,3,2814
50420,2016-07-03,22:18:00,420,1,10797
50421,2016-07-03,22:19:00,286,2,10825
50422,2016-07-03,22:20:00,258,2,233
50423,2016-07-03,22:22:00,195,4,8644
50424,2016-07-03,22:26:00,5,3,7448
50425,2016-07-03,22:28:00,439,2,3972
50426,2016-07-03,22:30:00,15,2,6783
50427,2016-07-03,22:34:00,424,2,11984
50428,2016-07-03,22:36:00,290,3,2712
50429,2016-07-03,22:55:00,90,2,2148
50430,2016-07-03,22:59:00,40,3,2323
50431,2016-07-03,23:05:00,222,2,5557
50432,2016-07-03,23:06:00,397,2,11262
50433,2016-07-03,23:09:00,390,3,6463
50434,2016-07-03,23:12:00,59,1,11714
50435,2016-07-03,23:23:00,263,1,9606
50436,2016-07-03,23:34:00,163,3,3424
50437,2016-07-03,23:38:00,80,2,1258
50438,2016-07-03,23:45:00,296,3,953
50439,2016-07-03,23:52:00,348,1,3660
50440,2016-07-03,23:56:00,438,3,6276
50441,2016-07-03,23:59:00,355,3,437
50442,2016-07-04,00:04:00,203,3,6374
50443,2016-07-04,00:06:00,135,1,491
50444,2016-07-04,00:07:00,428,2,3845
50445,2016-07-04,00:08:00,175,1,10888
50446,2016-07-04,00:11:00,36,1,11396
50447,2016-07-04,00:13:00,393,3,4723
50448,2016-07-04,00:20:00,443,1,7878
50449,2016-07-04,00:22:00,229,2,10111
50450,2016-07-04,00:32:00,324,2,7875
50451,2016-07-04,00:55:00,330,3,10479
50452,2016-07-04,00:58:00,88,1,8260
50453,2016-07-04,01:00:00,67,3,9152
50454,2016-07-04,01:10:00,238,2,10309
50455,2016-07-04,01:11:00,135,1,7515
50456,2016-07-04,01:16:00,264,1,3057
50457,2016-07-04,01:17:00,410,1,11681
50458,2016-07-04,01:20:00,285,1,366
50459,2016-07-04,01:20:00,147,1,9160
50460,2016-07-04,01:21:00,89,4,2193
50461,2016-07-04,01:32:00,433,5,365
50462,2016-07-04,01:40:00,364,1,10931
50463,2016-07-04,01:51:00,396,2,249
50464,2016-07-04,01:51:00,146,3,6783
50465,2016-07-04,02:03:00,326,2,3506
50466,2016-07-04,02:09:00,227,3,2963
50467,2016-07-04,02:27:00,397,4,10736
50468,2016-07-04,02:27:00,29,4,5998
50469,2016-07-04,02:33:00,323,2,6327
50470,2016-07-04,02:36:00,190,2,208
50471,2016-07-04,02:39:00,79,3,8382
50472,2016-07-04,02:49:00,249,2,182
50473,2016-07-04,02:58:00,105,1,1306
50474,2016-07-04,03:00:00,86,1,8054
50475,2016-07-04,03:07:00,14,3,11399
50476,2016-07-04,03:11:00,366,1,3747
50477,2016-07-04,03:21:00,359,2,11768
50478,2016-07-04,03:23:00,24,1,2412
50479,2016-07-04,03:42:00,260,2,7088
50480,2016-07-04,03:52:00,346,3,470
50481,2016-07-04,03:52:00,281,2,4215
50482,2016-07-04,04:05:00,77,1,11410
50483,2016-07-04,04:06:00,147,2,5983
50484,2016-07-04,04:08:00,60,2,10058
50485,2016-07-04,04:12:00,206,1,6726
50486,2016-07-04,04:21:00,391,2,10180
50487,2016-07-04,04:26:00,220,3,10250
50488,2016-07-04,04:34:00,261,3,9138
50489,2016-07-04,04:34:00,310,4,6019
50490,2016-07-04,04:38:00,148,3,7329
50491,2016-07-04,04:41:00,128,4,6663
50492,2016-07-04,04:42:00,164,1,10740
50493,2016-07-04,04:50:00,41,1,10888
50494,2016-07-04,04:59:00,255,2,8951
50495,2016-07-04,05:06:00,52,1,10630
50496,2016-07-04,05:06:00,441,3,11756
50497,2016-07-04,05:09:00,147,3,11229
50498,2016-07-04,05:10:00,273,2,7991
50499,2016-07-04,05:20:00,446,2,3036
50500,2016-07-04,05:21:00,49,1,2640
50501,2016-07-04,05:27:00,438,2,11652
50502,2016-07-04,05:28:00,214,2,7895
50503,2016-07-04,05:28:00,312,3,4204
50504,2016-07-04,05:32:00,154,4,4219
50505,2016-07-04,05:46:00,454,1,3299
50506,2016-07-04,06:05:00,3,2,8646
50507,2016-07-04,06:12:00,206,1,523
50508,2016-07-04,06:18:00,336,2,8563
50509,2016-07-04,06:21:00,102,4,4510
50510,2016-07-04,06:24:00,320,2,6221
50511,2016-07-04,06:27:00,57,2,2548
50512,2016-07-04,06:33:00,24,1,1460
50513,2016-07-04,06:34:00,80,1,4752
50514,2016-07-04,06:35:00,234,1,499
50515,2016-07-04,06:39:00,31,4,8109
50516,2016-07-04,06:41:00,340,1,5437
50517,2016-07-04,06:44:00,119,2,3910
50518,2016-07-04,07:01:00,218,1,3104
50519,2016-07-04,07:03:00,439,1,2967
50520,2016-07-04,07:21:00,389,2,8764
50521,2016-07-04,07:22:00,289,2,4840
50522,2016-07-04,07:28:00,212,2,1361
50523,2016-07-04,07:30:00,373,3,6076
50524,2016-07-04,07:37:00,103,3,9398
50525,2016-07-04,07:38:00,166,1,2685
50526,2016-07-04,07:42:00,131,1,6759
50527,2016-07-04,07:44:00,92,2,10087
50528,2016-07-04,07:45:00,374,1,3695
50529,2016-07-04,07:47:00,376,2,11635
50530,2016-07-04,07:48:00,289,1,746
50531,2016-07-04,08:00:00,89,3,3534
50532,2016-07-04,08:04:00,154,2,10236
50533,2016-07-04,08:08:00,371,4,10047
50534,2016-07-04,08:08:00,133,2,4903
50535,2016-07-04,08:18:00,170,5,2965
50536,2016-07-04,08:20:00,49,3,11816
50537,2016-07-04,08:25:00,348,2,2797
50538,2016-07-04,08:29:00,295,2,1101
50539,2016-07-04,08:30:00,4,2,9108
50540,2016-07-04,08:44:00,165,3,735
50541,2016-07-04,08:50:00,170,3,2106
50542,2016-07-04,08:59:00,34,1,8799
50543,2016-07-04,09:09:00,431,1,3361
50544,2016-07-04,09:16:00,171,1,8080
50545,2016-07-04,09:37:00,340,2,5126
50546,2016-07-04,09:38:00,36,1,7073
50547,2016-07-04,09:41:00,176,1,5761
50548,2016-07-04,09:45:00,407,2,8420
50549,2016-07-04,09:50:00,347,2,4135
50550,2016-07-04,09:52:00,427,2,6735
50551,2016-07-04,10:00:00,296,4,186
50552,2016-07-04,10:13:00,168,2,10171
50553,2016-07-04,10:17:00,377,1,681
50554,2016-07-04,10:25:00,345,3,9833
50555,2016-07-04,10:25:00,353,2,3975
50556,2016-07-04,10:31:00,395,2,9760
50557,2016-07-04,10:34:00,18,1,5451
50558,2016-07-04,10:38:00,162,3,10774
50559,2016-07-04,10:41:00,353,3,9738
50560,2016-07-04,10:44:00,437,1,4719
50561,2016-07-04,10:44:00,402,2,7427
50562,2016-07-04,10:51:00,446,3,3270
50563,2016-07-04,10:52:00,199,4,11956
50564,2016-07-04,11:00:00,111,1,3094
50565,2016-07-04,11:01:00,67,1,11158
50566,2016-07-04,11:01:00,94,1,1855
50567,2016-07-04,11:02:00,393,1,3213
50568,2016-07-04,11:03:00,252,1,6799
50569,2016-07-04,11:05:00,218,2,11870
50570,2016-07-04,11:13:00,180,4,5758
50571,2016-07-04,11:13:00,393,2,5722
50572,2016-07-04,11:18:00,399,1,3069
50573,2016-07-04,11:31:00,433,1,1209
50574,2016-07-04,11:33:00,95,1,4172
50575,2016-07-04,11:44:00,285,2,6011
50576,2016-07-04,11:52:00,199,1,5597
50577,2016-07-04,11:52:00,437,1,6632
50578,2016-07-04,11:54:00,234,2,7367
50579,2016-07-04,11:56:00,318,1,10146
50580,2016-07-04,12:01:00,226,1,2309
50581,2016-07-04,12:11:00,445,2,5353
50582,2016-07-04,12:19:00,412,1,10547
50583,2016-07-04,12:20:00,448,3,593
50584,2016-07-04,12:22:00,275,1,4867
50585,2016-07-04,12:22:00,314,2,8804
50586,2016-07-04,12:31:00,18,1,2989
50587,2016-07-04,12:43:00,408,4,1946
50588,2016-07-04,12:49:00,395,2,11485
50589,2016-07-04,13:05:00,2,1,10919
50590,2016-07-04,13:07:00,229,1,7714
50591,2016-07-04,13:10:00,142,3,7649
50592,2016-07-04,13:24:00,346,2,1252
50593,2016-07-04,13:27:00,380,2,7203
50594,2016-07-04,13:29:00,53,5,10070
50595,2016-07-04,13:33:00,168,1,9253
50596,2016-07-04,13:57:00,178,2,5054
50597,2016-07-04,13:58:00,158,2,1380
50598,2016-07-04,14:06:00,100,3,10587
50599,2016-07-04,14:14:00,4,1,2500
50600,2016-07-04,14:19:00,229,1,8078
50601,2016-07-04,14:20:00,69,2,2644
50602,2016-07-04,14:25:00,220,1,1485
50603,2016-07-04,14:26:00,277,1,2271
50604,2016-07-04,14:33:00,293,1,3526
50605,2016-07-04,14:36:00,261,2,2127
50606,2016-07-04,14:54:00,52,1,7904
50607,2016-07-04,14:59:00,372,3,3898
50608,2016-07-04,15:01:00,34,2,11520
50609,2016-07-04,15:02:00,401,2,9851
50610,2016-07-04,15:03:00,421,3,7372
50611,2016-07-04,15:09:00,50,1,2911
50612,2016-07-04,15:09:00,246,2,1981
50613,2016-07-04,15:12:00,352,2,7547
50614,2016-07-04,15:18:00,418,1,8094
50615,2016-07-04,15:24:00,317,1,10502
50616,2016-07-04,15:32:00,92,1,4186
50617,2016-07-04,15:33:00,298,2,10356
50618,2016-07-04,15:33:00,341,2,2803
50619,2016-07-04,15:49:00,340,1,5098
50620,2016-07-04,16:01:00,183,1,7956
50621,2016-07-04,16:03:00,353,1,1436
50622,2016-07-04,16:12:00,128,1,1935
50623,2016-07-04,16:25:00,151,2,3277
50624,2016-07-04,16:29:00,276,2,8800
50625,2016-07-04,16:29:00,33,2,2625
50626,2016-07-04,16:30:00,110,3,11673
50627,2016-07-04,16:31:00,115,1,8045
50628,2016-07-04,16:32:00,82,2,11209
50629,2016-07-04,16:40:00,58,4,9065
50630,2016-07-04,17:02:00,205,3,1008
50631,2016-07-04,17:07:00,88,2,2895
50632,2016-07-04,17:11:00,212,2,3159
50633,2016-07-04,17:32:00,74,1,7136
50634,2016-07-04,17:33:00,339,1,10543
50635,2016-07-04,17:36:00,98,2,8039
50636,2016-07-04,17:38:00,439,1,10235
50637,2016-07-04,17:53:00,374,2,9942
50638,2016-07-04,17:56:00,402,1,10733
50639,2016-07-04,18:01:00,339,2,7818
50640,2016-07-04,18:11:00,360,4,8688
50641,2016-07-04,18:26:00,366,1,3174
50642,2016-07-04,18:27:00,200,3,8377
50643,2016-07-04,18:41:00,124,2,475
50644,2016-07-04,18:50:00,106,1,7184
50645,2016-07-04,18:51:00,198,1,3990
50646,2016-07-04,18:54:00,362,3,751
50647,2016-07-04,18:56:00,14,2,5033
50648,2016-07-04,18:57:00,330,1,10115
50649,2016-07-04,18:59:00,233,1,8884
50650,2016-07-04,19:00:00,78,3,8454
50651,2016-07-04,19:01:00,419,1,2545
50652,2016-07-04,19:03:00,365,2,9590
50653,2016-07-04,19:09:00,102,2,10425
50654,2016-07-04,19:17:00,27,1,7625
50655,2016-07-04,19:20:00,416,1,10715
50656,2016-07-04,19:23:00,266,1,9603
50657,2016-07-04,19:23:00,405,2,10531
50658,2016-07-04,19:26:00,22,2,1518
50659,2016-07-04,19:27:00,411,1,8684
50660,2016-07-04,19:32:00,360,2,2888
50661,2016-07-04,19:35:00,150,2,3631
50662,2016-07-04,19:36:00,6,2,10570
50663,2016-07-04,19:47:00,434,2,691
50664,2016-07-04,19:49:00,135,2,9934
50665,2016-07-04,19:59:00,137,3,10816
50666,2016-07-04,20:10:00,323,4,484
50667,2016-07-04,20:13:00,350,2,2210
50668,2016-07-04,20:15:00,436,1,7092
50669,2016-07-04,20:23:00,270,2,7288
50670,2016-07-04,20:26:00,17,3,4687
50671,2016-07-04,20:29:00,351,5,7507
50672,2016-07-04,20:42:00,290,3,4103
50673,2016-07-04,20:45:00,323,3,4020
50674,2016-07-04,20:52:00,365,2,379
50675,2016-07-04,20:54:00,205,4,3798
50676,2016-07-04,21:03:00,254,2,7288
50677,2016-07-04,21:03:00,165,2,6656
50678,2016-07-04,21:07:00,299,4,2631
50679,2016-07-04,21:12:00,102,4,3499
50680,2016-07-04,21:20:00,194,2,5715
50681,2016-07-04,21:20:00,96,3,11781
50682,2016-07-04,21:33:00,375,2,2801
50683,2016-07-04,21:33:00,320,1,10047
50684,2016-07-04,21:34:00,252,1,10803
50685,2016-07-04,21:35:00,89,2,2496
50686,2016-07-04,21:42:00,61,2,10472
50687,2016-07-04,21:46:00,12,3,11337
50688,2016-07-04,21:47:00,334,3,8143
50689,2016-07-04,21:48:00,404,1,9597
50690,2016-07-04,21:54:00,289,2,4950
50691,2016-07-04,21:56:00,9,2,1549
50692,2016-07-04,22:06:00,323,2,8545
50693,2016-07-04,22:19:00,378,1,9759
50694,2016-07-04,22:20:00,220,3,9230
50695,2016-07-04,22:23:00,158,2,9560
50696,2016-07-04,22:26:00,258,2,7737
50697,2016-07-04,22:30:00,198,1,833
50698,2016-07-04,22:34:00,362,2,1970
50699,2016-07-04,22:40:00,451,2,7789
50700,2016-07-04,22:45:00,129,3,248
50701,2016-07-04,22:47:00,106,4,5188
50702,2016-07-04,22:48:00,178,2,6514
50703,2016-07-04,22:49:00,230,2,10292
50704,2016-07-04,23:00:00,116,1,946
50705,2016-07-04,23:10:00,25,1,5371
50706,2016-07-04,23:22:00,10,3,10978
50707,2016-07-04,23:26:00,380,1,2744
50708,2016-07-04,23:36:00,88,5,2197
50709,2016-07-04,23:36:00,416,3,11098
50710,2016-07-04,23:50:00,287,2,3326
50711,2016-07-04,23:52:00,248,2,2171
50712,2016-07-04,23:54:00,454,2,10681
50713,2016-07-04,23:56:00,402,2,1291
50714,2016-07-05,00:00:00,145,1,7280
50715,2016-07-05,00:02:00,245,2,7019
50716,2016-07-05,00:11:00,113,4,8751
50717,2016-07-05,00:14:00,379,1,1100
50718,2016-07-05,00:16:00,257,3,6901
50719,2016-07-05,00:20:00,308,3,7264
50720,2016-07-05,00:22:00,249,1,8093
50721,2016-07-05,00:25:00,81,2,11779
50722,2016-07-05,00:29:00,7,4,10669
50723,2016-07-05,00:31:00,252,2,4817
50724,2016-07-05,00:32:00,283,1,9563
50725,2016-07-05,00:33:00,240,1,7490
50726,2016-07-05,00:41:00,89,1,10029
50727,2016-07-05,00:41:00,80,1,694
50728,2016-07-05,00:44:00,274,1,4173
50729,2016-07-05,00:48:00,98,2,5529
50730,2016-07-05,00:51:00,270,1,2571
50731,2016-07-05,00:52:00,79,1,6808
50732,2016-07-05,00:52:00,156,3,1683
50733,2016-07-05,01:09:00,310,1,10608
50734,2016-07-05,01:14:00,103,2,11602
50735,2016-07-05,01:16:00,363,1,8997
50736,2016-07-05,01:22:00,236,2,2436
50737,2016-07-05,01:32:00,238,1,2979
50738,2016-07-05,01:38:00,184,2,7334
50739,2016-07-05,01:39:00,131,1,4317
50740,2016-07-05,01:39:00,67,1,5693
50741,2016-07-05,01:43:00,426,1,5260
50742,2016-07-05,01:56:00,373,2,2118
50743,2016-07-05,01:56:00,323,4,5417
50744,2016-07-05,01:56:00,219,1,2764
50745,2016-07-05,02:00:00,87,1,6712
50746,2016-07-05,02:03:00,257,2,5406
50747,2016-07-05,02:10:00,126,4,7905
50748,2016-07-05,02:14:00,3,2,7738
50749,2016-07-05,02:15:00,58,2,11876
50750,2016-07-05,02:16:00,259,3,6508
50751,2016-07-05,02:20:00,312,1,4595
50752,2016-07-05,02:35:00,131,3,400
50753,2016-07-05,02:41:00,405,2,3145
50754,2016-07-05,02:47:00,179,1,7136
50755,2016-07-05,02:51:00,278,2,14
50756,2016-07-05,02:52:00,385,1,6792
50757,2016-07-05,02:53:00,40,2,131
50758,2016-07-05,02:58:00,108,4,3374
50759,2016-07-05,03:10:00,339,4,11919
50760,2016-07-05,03:20:00,420,2,7500
50761,2016-07-05,03:21:00,252,1,1595
50762,2016-07-05,03:25:00,95,2,6045
50763,2016-07-05,03:30:00,123,3,4391
50764,2016-07-05,03:37:00,150,1,4809
50765,2016-07-05,03:40:00,361,3,6675
50766,2016-07-05,03:42:00,398,3,2439
50767,2016-07-05,03:43:00,146,1,281
50768,2016-07-05,03:45:00,246,2,7046
50769,2016-07-05,03:48:00,409,2,8801
50770,2016-07-05,03:48:00,231,5,3850
50771,2016-07-05,03:52:00,5,2,5185
50772,2016-07-05,03:57:00,111,1,6099
50773,2016-07-05,04:01:00,184,1,10086
50774,2016-07-05,04:02:00,403,4,8279
50775,2016-07-05,04:07:00,52,1,11174
50776,2016-07-05,04:18:00,56,5,8439
50777,2016-07-05,04:23:00,412,3,225
50778,2016-07-05,04:24:00,423,4,5491
50779,2016-07-05,04:29:00,146,2,3457
50780,2016-07-05,04:37:00,189,3,1295
50781,2016-07-05,04:37:00,349,2,10991
50782,2016-07-05,04:39:00,400,2,18
50783,2016-07-05,04:46:00,135,2,6237
50784,2016-07-05,04:47:00,247,2,9713
50785,2016-07-05,04:48:00,44,2,1211
50786,2016-07-05,04:49:00,309,3,6418
50787,2016-07-05,05:00:00,17,1,185
50788,2016-07-05,05:13:00,316,2,6088
50789,2016-07-05,05:14:00,448,2,7821
50790,2016-07-05,05:20:00,178,2,2311
50791,2016-07-05,05:25:00,64,1,608
50792,2016-07-05,05:26:00,74,1,2234
50793,2016-07-05,05:27:00,234,3,2896
50794,2016-07-05,05:29:00,274,1,351
50795,2016-07-05,05:31:00,42,2,2261
50796,2016-07-05,05:39:00,415,1,4345
50797,2016-07-05,05:45:00,68,2,7929
50798,2016-07-05,05:48:00,126,1,11500
50799,2016-07-05,05:51:00,401,2,9196
50800,2016-07-05,05:53:00,294,5,9234
50801,2016-07-05,06:02:00,92,2,8002
50802,2016-07-05,06:10:00,214,2,8780
50803,2016-07-05,06:21:00,160,1,1891
50804,2016-07-05,06:22:00,396,1,10616
50805,2016-07-05,06:22:00,367,2,9413
50806,2016-07-05,06:27:00,329,2,2697
50807,2016-07-05,06:34:00,46,1,10052
50808,2016-07-05,06:37:00,315,2,6160
50809,2016-07-05,06:39:00,35,2,3708
50810,2016-07-05,06:56:00,258,3,11355
50811,2016-07-05,06:59:00,152,2,8561
50812,2016-07-05,07:06:00,203,1,5600
50813,2016-07-05,07:07:00,114,3,260
50814,2016-07-05,07:12:00,364,1,5558
50815,2016-07-05,07:20:00,233,1,7090
50816,2016-07-05,07:21:00,209,2,9603
50817,2016-07-05,07:24:00,107,1,9348
50818,2016-07-05,07:25:00,218,1,6453
50819,2016-07-05,07:35:00,449,2,8086
50820,2016-07-05,07:36:00,87,2,2203
50821,2016-07-05,07:48:00,236,3,7076
50822,2016-07-05,07:51:00,457,1,226
50823,2016-07-05,07:51:00,440,2,3903
50824,2016-07-05,07:51:00,68,1,530
50825,2016-07-05,08:01:00,261,3,2395
50826,2016-07-05,08:02:00,226,2,2541
50827,2016-07-05,08:15:00,196,1,3679
50828,2016-07-05,08:17:00,434,1,3477
50829,2016-07-05,08:17:00,127,2,2614
50830,2016-07-05,08:23:00,216,1,6973
50831,2016-07-05,08:25:00,102,2,10127
50832,2016-07-05,08:26:00,140,1,9636
50833,2016-07-05,08:34:00,300,2,7248
50834,2016-07-05,08:34:00,46,1,6187
50835,2016-07-05,08:39:00,268,1,6210
50836,2016-07-05,08:45:00,298,2,9308
50837,2016-07-05,08:48:00,300,3,2512
50838,2016-07-05,08:57:00,452,2,8422
50839,2016-07-05,08:57:00,263,2,5892
50840,2016-07-05,08:59:00,362,2,3312
50841,2016-07-05,09:01:00,428,1,2649
50842,2016-07-05,09:11:00,204,1,6500
50843,2016-07-05,09:15:00,103,2,10581
50844,2016-07-05,09:17:00,434,1,5667
50845,2016-07-05,09:23:00,341,4,4821
50846,2016-07-05,09:25:00,449,1,1595
50847,2016-07-05,09:26:00,210,2,5660
50848,2016-07-05,09:42:00,352,2,101
50849,2016-07-05,09:43:00,355,3,8082
50850,2016-07-05,10:06:00,258,2,9127
50851,2016-07-05,10:07:00,194,2,4396
50852,2016-07-05,10:13:00,380,2,2679
50853,2016-07-05,10:16:00,284,2,11394
50854,2016-07-05,10:18:00,102,1,202
50855,2016-07-05,10:22:00,15,3,432
50856,2016-07-05,10:24:00,62,1,6133
50857,2016-07-05,10:29:00,229,1,207
50858,2016-07-05,10:37:00,299,4,2882
50859,2016-07-05,10:39:00,70,3,8651
50860,2016-07-05,10:44:00,349,4,5436
50861,2016-07-05,10:46:00,47,4,10601
50862,2016-07-05,10:46:00,170,2,11263
50863,2016-07-05,10:51:00,353,2,1332
50864,2016-07-05,10:52:00,235,2,4905
50865,2016-07-05,10:55:00,23,3,11157
50866,2016-07-05,11:16:00,392,1,1283
50867,2016-07-05,11:23:00,234,3,4699
50868,2016-07-05,11:32:00,356,1,4500
50869,2016-07-05,11:39:00,182,1,10813
50870,2016-07-05,11:41:00,316,1,6880
50871,2016-07-05,11:44:00,155,2,5438
50872,2016-07-05,11:46:00,399,1,10385
50873,2016-07-05,11:47:00,205,1,1564
50874,2016-07-05,11:49:00,403,3,1641
50875,2016-07-05,11:58:00,295,3,3340
50876,2016-07-05,11:59:00,429,3,2858
50877,2016-07-05,12:09:00,89,2,3344
50878,2016-07-05,12:13:00,301,2,9085
50879,2016-07-05,12:16:00,62,4,6715
50880,2016-07-05,12:33:00,430,1,1919
50881,2016-07-05,12:43:00,90,1,132
50882,2016-07-05,12:50:00,332,2,9421
50883,2016-07-05,12:54:00,145,3,6
50884,2016-07-05,13:05:00,204,4,9960
50885,2016-07-05,13:08:00,105,2,183
50886,2016-07-05,13:15:00,388,2,4081
50887,2016-07-05,13:19:00,349,1,9528
50888,2016-07-05,13:23:00,348,2,5949
50889,2016-07-05,13:24:00,284,2,5817
50890,2016-07-05,13:24:00,50,1,11628
50891,2016-07-05,13:27:00,424,2,4941
50892,2016-07-05,13:28:00,394,3,11415
50893,2016-07-05,13:29:00,79,2,8991
50894,2016-07-05,13:30:00,57,1,8387
50895,2016-07-05,13:31:00,158,2,1027
50896,2016-07-05,13:33:00,147,3,8355
50897,2016-07-05,13:44:00,329,2,10119
50898,2016-07-05,13:46:00,186,3,3297
50899,2016-07-05,13:55:00,236,2,2353
50900,2016-07-05,13:59:00,39,2,1272
50901,2016-07-05,14:13:00,193,3,10308
50902,2016-07-05,14:25:00,125,2,2107
50903,2016-07-05,14:28:00,355,1,4148
50904,2016-07-05,14:31:00,453,3,10235
50905,2016-07-05,14:34:00,391,5,9839
50906,2016-07-05,14:37:00,324,1,2536
50907,2016-07-05,14:49:00,447,2,2265
50908,2016-07-05,14:58:00,27,4,1814
50909,2016-07-05,15:00:00,125,3,8346
50910,2016-07-05,15:04:00,22,1,10227
50911,2016-07-05,15:06:00,137,1,7786
50912,2016-07-05,15:12:00,250,1,970
50913,2016-07-05,15:21:00,121,2,1849
50914,2016-07-05,15:22:00,211,1,314
50915,2016-07-05,15:29:00,34,1,6440
50916,2016-07-05,15:30:00,211,2,4331
50917,2016-07-05,15:30:00,397,1,6932
50918,2016-07-05,15:38:00,311,1,8233
50919,2016-07-05,15:44:00,25,2,4389
50920,2016-07-05,15:45:00,434,3,9034
50921,2016-07-05,15:47:00,151,2,7353
50922,2016-07-05,15:50:00,146,1,11894
50923,2016-07-05,15:57:00,424,2,295
50924,2016-07-05,15:57:00,14,2,4822
50925,2016-07-05,16:02:00,394,1,223
50926,2016-07-05,16:04:00,266,1,11745
50927,2016-07-05,16:05:00,371,2,8875
50928,2016-07-05,16:17:00,304,1,4291
50929,2016-07-05,16:40:00,394,2,4189
50930,2016-07-05,16:56:00,346,1,6865
50931,2016-07-05,17:05:00,356,3,3701
50932,2016-07-05,17:12:00,238,2,5178
50933,2016-07-05,17:24:00,34,2,5600
50934,2016-07-05,17:28:00,209,1,11707
50935,2016-07-05,17:28:00,432,3,2026
50936,2016-07-05,17:30:00,224,1,9780
50937,2016-07-05,17:30:00,65,1,6395
50938,2016-07-05,17:40:00,13,1,7258
50939,2016-07-05,17:45:00,455,1,7286
50940,2016-07-05,17:53:00,252,2,10306
50941,2016-07-05,18:00:00,51,1,9390
50942,2016-07-05,18:03:00,419,1,8538
50943,2016-07-05,18:17:00,27,3,9875
50944,2016-07-05,18:18:00,381,1,2396
50945,2016-07-05,18:19:00,386,2,1437
50946,2016-07-05,18:20:00,11,2,2233
50947,2016-07-05,18:21:00,303,1,8889
50948,2016-07-05,18:33:00,454,1,5847
50949,2016-07-05,18:38:00,340,2,2721
50950,2016-07-05,18:48:00,409,1,1514
50951,2016-07-05,19:05:00,188,3,11084
50952,2016-07-05,19:07:00,228,3,10667
50953,2016-07-05,19:12:00,263,1,7454
50954,2016-07-05,19:26:00,62,1,11894
50955,2016-07-05,19:33:00,447,1,4922
50956,2016-07-05,19:37:00,409,2,656
50957,2016-07-05,19:46:00,14,1,1132
50958,2016-07-05,19:59:00,169,2,3219
50959,2016-07-05,20:02:00,66,2,811
50960,2016-07-05,20:10:00,146,1,8381
50961,2016-07-05,20:13:00,92,1,10380
50962,2016-07-05,20:17:00,418,2,11537
50963,2016-07-05,20:21:00,432,1,8962
50964,2016-07-05,20:23:00,25,1,194
50965,2016-07-05,20:29:00,260,1,3158
50966,2016-07-05,20:32:00,334,4,756
50967,2016-07-05,20:38:00,352,5,461
50968,2016-07-05,20:54:00,86,5,8607
50969,2016-07-05,20:54:00,166,2,9461
50970,2016-07-05,20:56:00,273,3,8060
50971,2016-07-05,21:02:00,266,4,2259
50972,2016-07-05,21:12:00,349,4,7102
50973,2016-07-05,21:17:00,234,1,10279
50974,2016-07-05,21:17:00,64,2,9353
50975,2016-07-05,21:18:00,46,2,3320
50976,2016-07-05,21:19:00,263,1,8926
50977,2016-07-05,21:20:00,47,2,4088
50978,2016-07-05,21:26:00,257,3,168
50979,2016-07-05,21:28:00,88,2,2382
50980,2016-07-05,21:30:00,200,2,9615
50981,2016-07-05,21:38:00,139,1,3315
50982,2016-07-05,21:41:00,43,1,1363
50983,2016-07-05,21:47:00,315,2,8874
50984,2016-07-05,21:51:00,190,1,668
50985,2016-07-05,21:55:00,21,1,5033
50986,2016-07-05,22:19:00,94,2,3151
50987,2016-07-05,22:21:00,267,2,4680
50988,2016-07-05,22:24:00,134,1,3564
50989,2016-07-05,22:26:00,294,3,6536
50990,2016-07-05,22:28:00,313,1,11190
50991,2016-07-05,22:40:00,433,1,613
50992,2016-07-05,22:41:00,381,3,4572
50993,2016-07-05,22:50:00,89,1,6445
50994,2016-07-05,22:57:00,444,2,9577
50995,2016-07-05,22:58:00,4,1,3177
50996,2016-07-05,22:59:00,355,4,9060
50997,2016-07-05,23:07:00,5,3,1773
50998,2016-07-05,23:08:00,218,4,9608
50999,2016-07-05,23:08:00,171,2,1660
51000,2016-07-05,23:09:00,267,2,8076
51001,2016-07-05,23:12:00,392,2,9314
51002,2016-07-05,23:22:00,332,3,8220
51003,2016-07-05,23:23:00,301,2,4337
51004,2016-07-05,23:36:00,67,1,2752
51005,2016-07-05,23:38:00,396,3,11255
51006,2016-07-05,23:40:00,198,1,2246
51007,2016-07-05,23:44:00,449,2,3326
51008,2016-07-05,23:46:00,322,1,2962
51009,2016-07-05,23:52:00,400,2,6800
51010,2016-07-06,00:02:00,122,4,4770
51011,2016-07-06,00:04:00,428,1,3601
51012,2016-07-06,00:14:00,335,1,1457
51013,2016-07-06,00:14:00,173,1,2330
51014,2016-07-06,00:30:00,197,1,8324
51015,2016-07-06,00:35:00,122,4,5206
51016,2016-07-06,00:40:00,65,2,11210
51017,2016-07-06,00:42:00,273,1,8686
51018,2016-07-06,00:46:00,104,1,3855
51019,2016-07-06,00:47:00,179,3,5286
51020,2016-07-06,00:51:00,57,3,7172
51021,2016-07-06,00:58:00,436,2,2789
51022,2016-07-06,00:58:00,400,2,8601
51023,2016-07-06,01:07:00,221,2,10325
51024,2016-07-06,01:11:00,61,2,990
51025,2016-07-06,01:14:00,44,1,3181
51026,2016-07-06,01:16:00,281,2,1848
51027,2016-07-06,01:22:00,249,3,5008
51028,2016-07-06,01:23:00,196,3,7058
51029,2016-07-06,01:24:00,417,2,10102
51030,2016-07-06,01:26:00,146,1,10878
51031,2016-07-06,01:28:00,207,1,5500
51032,2016-07-06,01:33:00,385,3,8654
51033,2016-07-06,01:38:00,62,3,7393
51034,2016-07-06,01:40:00,235,3,868
51035,2016-07-06,01:42:00,113,2,2063
51036,2016-07-06,01:43:00,60,1,8719
51037,2016-07-06,01:44:00,389,1,4729
51038,2016-07-06,01:47:00,300,1,5189
51039,2016-07-06,01:49:00,282,3,10432
51040,2016-07-06,01:53:00,205,2,5966
51041,2016-07-06,02:02:00,285,1,7832
51042,2016-07-06,02:03:00,173,3,5402
51043,2016-07-06,02:05:00,250,3,4788
51044,2016-07-06,02:14:00,206,2,4626
51045,2016-07-06,02:14:00,280,1,4171
51046,2016-07-06,02:26:00,453,1,5592
51047,2016-07-06,02:37:00,171,1,651
51048,2016-07-06,02:40:00,56,1,9020
51049,2016-07-06,02:46:00,392,3,5588
51050,2016-07-06,02:55:00,212,1,5405
51051,2016-07-06,03:02:00,215,1,1324
51052,2016-07-06,03:02:00,236,3,7614
51053,2016-07-06,03:03:00,152,1,9133
51054,2016-07-06,03:05:00,395,2,8038
51055,2016-07-06,03:06:00,246,3,1904
51056,2016-07-06,03:11:00,26,1,4506
51057,2016-07-06,03:21:00,247,3,9288
51058,2016-07-06,03:43:00,4,3,10730
51059,2016-07-06,03:46:00,316,2,1656
51060,2016-07-06,03:51:00,263,3,7351
51061,2016-07-06,03:53:00,310,3,31
51062,2016-07-06,03:59:00,214,2,2209
51063,2016-07-06,04:04:00,124,1,8451
51064,2016-07-06,04:09:00,456,2,1923
51065,2016-07-06,04:09:00,320,1,11100
51066,2016-07-06,04:15:00,111,1,2491
51067,2016-07-06,04:22:00,167,2,2286
51068,2016-07-06,04:26:00,390,2,3055
51069,2016-07-06,04:27:00,11,2,8741
51070,2016-07-06,04:31:00,384,3,1873
51071,2016-07-06,04:51:00,202,2,3399
51072,2016-07-06,05:04:00,325,2,3430
51073,2016-07-06,05:06:00,80,2,6598
51074,2016-07-06,05:13:00,213,2,11090
51075,2016-07-06,05:16:00,149,2,9853
51076,2016-07-06,05:28:00,154,1,3182
51077,2016-07-06,05:33:00,107,3,1226
51078,2016-07-06,05:42:00,98,1,1847
51079,2016-07-06,05:43:00,250,2,516
51080,2016-07-06,05:47:00,401,2,7059
51081,2016-07-06,05:49:00,330,3,7890
51082,2016-07-06,05:50:00,46,3,11648
51083,2016-07-06,05:51:00,78,1,5184
51084,2016-07-06,05:55:00,263,2,2753
51085,2016-07-06,05:59:00,194,1,8599
51086,2016-07-06,06:00:00,392,3,9472
51087,2016-07-06,06:00:00,416,2,7682
51088,2016-07-06,06:01:00,266,2,1857
51089,2016-07-06,06:03:00,388,3,2455
51090,2016-07-06,06:07:00,295,3,11243
51091,2016-07-06,06:10:00,303,1,2248
51092,2016-07-06,06:18:00,266,2,6948
51093,2016-07-06,06:28:00,37,1,3172
51094,2016-07-06,06:34:00,28,4,5714
51095,2016-07-06,06:36:00,200,4,7921
51096,2016-07-06,06:41:00,437,1,10942
51097,2016-07-06,06:41:00,210,1,7952
51098,2016-07-06,06:47:00,230,2,1433
51099,2016-07-06,06:47:00,386,3,11984
51100,2016-07-06,06:56:00,188,3,54
51101,2016-07-06,06:58:00,416,4,11685
51102,2016-07-06,06:58:00,3,1,2348
51103,2016-07-06,07:02:00,189,4,3234
51104,2016-07-06,07:05:00,94,1,2274
51105,2016-07-06,07:17:00,59,2,10339
51106,2016-07-06,07:18:00,443,3,3283
51107,2016-07-06,07:27:00,321,1,6352
51108,2016-07-06,07:29:00,170,2,10552
51109,2016-07-06,07:35:00,404,3,1307
51110,2016-07-06,07:38:00,103,1,5500
51111,2016-07-06,07:38:00,195,2,2929
51112,2016-07-06,07:41:00,169,2,11848
51113,2016-07-06,07:47:00,406,1,1567
51114,2016-07-06,07:51:00,55,1,3815
51115,2016-07-06,07:53:00,319,3,331
51116,2016-07-06,07:56:00,451,4,7002
51117,2016-07-06,07:59:00,334,2,3629
51118,2016-07-06,08:00:00,315,4,3260
51119,2016-07-06,08:23:00,268,1,802
51120,2016-07-06,08:27:00,365,4,9252
51121,2016-07-06,08:32:00,120,3,3927
51122,2016-07-06,08:40:00,65,2,4795
51123,2016-07-06,08:41:00,59,3,9709
51124,2016-07-06,08:43:00,40,1,10902
51125,2016-07-06,08:48:00,177,4,1772
51126,2016-07-06,08:55:00,274,2,9289
51127,2016-07-06,08:58:00,173,2,5718
51128,2016-07-06,09:03:00,452,2,8859
51129,2016-07-06,09:13:00,185,2,4889
51130,2016-07-06,09:27:00,439,3,3943
51131,2016-07-06,09:27:00,78,1,9842
51132,2016-07-06,09:43:00,108,2,6272
51133,2016-07-06,09:45:00,34,1,11489
51134,2016-07-06,09:50:00,231,2,10336
51135,2016-07-06,09:58:00,38,2,9506
51136,2016-07-06,09:59:00,229,1,10845
51137,2016-07-06,10:00:00,453,1,8641
51138,2016-07-06,10:00:00,401,3,11804
51139,2016-07-06,10:01:00,224,1,2095
51140,2016-07-06,10:09:00,451,5,7239
51141,2016-07-06,10:12:00,148,1,10697
51142,2016-07-06,10:21:00,326,2,9014
51143,2016-07-06,10:24:00,326,1,7172
51144,2016-07-06,10:34:00,325,2,10183
51145,2016-07-06,10:37:00,286,2,7678
51146,2016-07-06,10:37:00,58,4,1578
51147,2016-07-06,10:41:00,239,4,7449
51148,2016-07-06,10:43:00,246,2,6071
51149,2016-07-06,11:11:00,151,1,4102
51150,2016-07-06,11:18:00,139,3,10638
51151,2016-07-06,11:19:00,147,3,4479
51152,2016-07-06,11:19:00,282,2,10550
51153,2016-07-06,11:22:00,303,2,3835
51154,2016-07-06,11:23:00,141,2,5963
51155,2016-07-06,11:23:00,303,1,9077
51156,2016-07-06,11:27:00,274,2,565
51157,2016-07-06,11:27:00,229,5,5630
51158,2016-07-06,11:32:00,94,1,2368
51159,2016-07-06,11:36:00,449,2,10401
51160,2016-07-06,11:41:00,394,1,4791
51161,2016-07-06,11:41:00,276,1,3085
51162,2016-07-06,11:45:00,353,1,6772
51163,2016-07-06,11:53:00,362,1,2679
51164,2016-07-06,11:59:00,257,3,10801
51165,2016-07-06,12:07:00,341,2,4465
51166,2016-07-06,12:08:00,57,3,9650
51167,2016-07-06,12:10:00,235,2,4505
51168,2016-07-06,12:13:00,454,1,1808
51169,2016-07-06,12:19:00,120,1,1358
51170,2016-07-06,12:57:00,27,1,4646
51171,2016-07-06,13:09:00,78,1,9426
51172,2016-07-06,13:13:00,111,2,1796
51173,2016-07-06,13:18:00,444,2,1766
51174,2016-07-06,13:29:00,413,1,11642
51175,2016-07-06,13:39:00,160,2,5323
51176,2016-07-06,13:39:00,14,2,6810
51177,2016-07-06,13:45:00,254,2,11032
51178,2016-07-06,13:50:00,447,1,11316
51179,2016-07-06,14:03:00,195,1,2392
51180,2016-07-06,14:10:00,81,4,3363
51181,2016-07-06,14:11:00,183,1,6290
51182,2016-07-06,14:16:00,100,2,8574
51183,2016-07-06,14:32:00,116,3,69
51184,2016-07-06,14:35:00,371,1,11988
51185,2016-07-06,14:35:00,43,1,10549
51186,2016-07-06,14:50:00,9,2,3962
51187,2016-07-06,14:51:00,68,1,1517
51188,2016-07-06,14:52:00,393,3,9502
51189,2016-07-06,14:53:00,89,1,8445
51190,2016-07-06,14:55:00,433,3,3913
51191,2016-07-06,15:01:00,412,2,8471
51192,2016-07-06,15:25:00,456,1,5799
51193,2016-07-06,15:29:00,273,3,5295
51194,2016-07-06,15:30:00,338,1,4682
51195,2016-07-06,15:33:00,112,2,3442
51196,2016-07-06,15:35:00,231,2,8719
51197,2016-07-06,15:35:00,443,2,3345
51198,2016-07-06,15:36:00,348,1,2473
51199,2016-07-06,16:09:00,258,2,10942
51200,2016-07-06,16:12:00,90,1,3399
51201,2016-07-06,16:15:00,324,2,11378
51202,2016-07-06,16:21:00,331,2,2132
51203,2016-07-06,16:43:00,404,5,11474
51204,2016-07-06,16:45:00,55,2,5462
51205,2016-07-06,16:46:00,278,2,2312
51206,2016-07-06,16:50:00,367,5,11394
51207,2016-07-06,16:53:00,270,2,4628
51208,2016-07-06,17:02:00,420,2,3609
51209,2016-07-06,17:03:00,237,3,3157
51210,2016-07-06,17:15:00,241,1,10659
51211,2016-07-06,17:20:00,29,1,5039
51212,2016-07-06,17:22:00,398,2,829
51213,2016-07-06,17:23:00,89,2,5490
51214,2016-07-06,17:27:00,396,1,9509
51215,2016-07-06,17:34:00,333,2,2068
51216,2016-07-06,17:36:00,251,1,1928
51217,2016-07-06,17:36:00,410,1,553
51218,2016-07-06,17:42:00,89,2,1029
51219,2016-07-06,17:45:00,203,3,4797
51220,2016-07-06,17:51:00,335,1,6757
51221,2016-07-06,17:56:00,109,2,1920
51222,2016-07-06,18:01:00,221,2,11023
51223,2016-07-06,18:09:00,158,3,10391
51224,2016-07-06,18:14:00,334,3,11068
51225,2016-07-06,18:22:00,303,1,8324
51226,2016-07-06,18:23:00,379,2,11303
51227,2016-07-06,18:25:00,158,2,9553
51228,2016-07-06,18:35:00,239,1,10319
51229,2016-07-06,18:37:00,310,1,5859
51230,2016-07-06,18:40:00,25,1,141
51231,2016-07-06,18:42:00,432,1,8166
51232,2016-07-06,18:43:00,155,2,1426
51233,2016-07-06,18:52:00,306,2,251
51234,2016-07-06,18:53:00,346,2,7939
51235,2016-07-06,18:56:00,426,1,3920
51236,2016-07-06,19:02:00,376,1,10351
51237,2016-07-06,19:06:00,135,2,3584
51238,2016-07-06,19:10:00,366,1,4276
51239,2016-07-06,19:29:00,391,2,10983
51240,2016-07-06,19:36:00,419,4,9516
51241,2016-07-06,19:45:00,453,1,2981
51242,2016-07-06,19:51:00,293,1,4170
51243,2016-07-06,19:53:00,173,2,5974
51244,2016-07-06,19:58:00,241,1,11447
51245,2016-07-06,20:11:00,67,1,5399
51246,2016-07-06,20:21:00,251,3,11288
51247,2016-07-06,20:36:00,337,1,3274
51248,2016-07-06,20:38:00,75,2,8910
51249,2016-07-06,20:41:00,277,1,713
51250,2016-07-06,20:42:00,46,1,10666
51251,2016-07-06,20:44:00,353,1,6818
51252,2016-07-06,20:51:00,279,1,6997
51253,2016-07-06,20:54:00,450,3,7621
51254,2016-07-06,20:54:00,162,3,862
51255,2016-07-06,20:57:00,13,5,2745
51256,2016-07-06,21:00:00,325,3,6374
51257,2016-07-06,21:05:00,159,2,10199
51258,2016-07-06,21:09:00,192,2,10355
51259,2016-07-06,21:12:00,398,3,11129
51260,2016-07-06,21:18:00,416,1,10183
51261,2016-07-06,21:19:00,17,1,8745
51262,2016-07-06,21:25:00,378,1,5145
51263,2016-07-06,21:27:00,128,3,737
51264,2016-07-06,21:28:00,90,2,9780
51265,2016-07-06,21:29:00,369,2,7566
51266,2016-07-06,21:33:00,300,3,10205
51267,2016-07-06,21:37:00,100,2,10327
51268,2016-07-06,21:43:00,33,2,2892
51269,2016-07-06,21:54:00,239,1,1520
51270,2016-07-06,21:57:00,220,2,1742
51271,2016-07-06,21:57:00,118,3,4162
51272,2016-07-06,21:57:00,136,1,2845
51273,2016-07-06,21:59:00,68,1,5497
51274,2016-07-06,22:08:00,95,1,1957
51275,2016-07-06,22:11:00,449,2,8494
51276,2016-07-06,22:40:00,430,1,11703
51277,2016-07-06,22:41:00,312,5,3852
51278,2016-07-06,22:41:00,352,2,9008
51279,2016-07-06,22:41:00,322,2,9613
51280,2016-07-06,22:48:00,21,2,1895
51281,2016-07-06,22:53:00,116,2,6021
51282,2016-07-06,23:00:00,93,1,7928
51283,2016-07-06,23:04:00,127,2,1644
51284,2016-07-06,23:06:00,174,3,445
51285,2016-07-06,23:10:00,351,1,7441
51286,2016-07-06,23:11:00,364,1,1557
51287,2016-07-06,23:15:00,302,1,9613
51288,2016-07-06,23:37:00,40,1,4153
51289,2016-07-06,23:39:00,221,2,11547
51290,2016-07-06,23:40:00,287,5,400
51291,2016-07-06,23:44:00,54,2,9722
51292,2016-07-06,23:47:00,125,7,10982
51293,2016-07-06,23:48:00,208,3,6252
51294,2016-07-06,23:56:00,152,2,3122
51295,2016-07-07,00:04:00,234,2,7499
51296,2016-07-07,00:09:00,309,2,10097
51297,2016-07-07,00:11:00,10,1,3055
51298,2016-07-07,00:19:00,439,3,5295
51299,2016-07-07,00:21:00,69,3,7570
51300,2016-07-07,00:24:00,229,3,8408
51301,2016-07-07,00:32:00,171,2,5756
51302,2016-07-07,00:34:00,411,1,3565
51303,2016-07-07,00:40:00,402,1,3647
51304,2016-07-07,00:53:00,406,2,5057
51305,2016-07-07,00:56:00,301,2,11590
51306,2016-07-07,00:57:00,201,1,9897
51307,2016-07-07,00:57:00,302,3,10378
51308,2016-07-07,01:02:00,340,2,5206
51309,2016-07-07,01:10:00,316,1,5863
51310,2016-07-07,01:19:00,455,3,176
51311,2016-07-07,01:26:00,22,1,4516
51312,2016-07-07,01:27:00,17,2,11011
51313,2016-07-07,01:31:00,178,1,2199
51314,2016-07-07,01:33:00,248,2,1317
51315,2016-07-07,01:41:00,108,1,9609
51316,2016-07-07,01:49:00,58,2,5888
51317,2016-07-07,01:53:00,117,2,11773
51318,2016-07-07,01:59:00,209,1,11617
51319,2016-07-07,02:21:00,377,1,5263
51320,2016-07-07,02:31:00,410,1,2938
51321,2016-07-07,02:35:00,347,1,11608
51322,2016-07-07,02:38:00,91,2,5772
51323,2016-07-07,02:44:00,251,1,8797
51324,2016-07-07,02:48:00,162,1,11499
51325,2016-07-07,02:52:00,62,3,4384
51326,2016-07-07,02:53:00,88,2,10988
51327,2016-07-07,02:58:00,360,3,6864
51328,2016-07-07,02:59:00,102,1,3864
51329,2016-07-07,02:59:00,430,1,11786
51330,2016-07-07,03:03:00,152,3,5681
51331,2016-07-07,03:07:00,5,2,3569
51332,2016-07-07,03:10:00,234,1,7314
51333,2016-07-07,03:13:00,163,2,10810
51334,2016-07-07,03:13:00,222,2,4122
51335,2016-07-07,03:18:00,422,1,9157
51336,2016-07-07,03:22:00,224,1,1947
51337,2016-07-07,03:27:00,92,2,9041
51338,2016-07-07,03:29:00,1,1,8141
51339,2016-07-07,03:34:00,415,1,4093
51340,2016-07-07,03:36:00,289,3,8141
51341,2016-07-07,03:43:00,398,2,468
51342,2016-07-07,03:50:00,58,1,58
51343,2016-07-07,03:50:00,431,1,5801
51344,2016-07-07,04:10:00,147,1,10283
51345,2016-07-07,04:12:00,45,1,5402
51346,2016-07-07,04:21:00,232,1,10378
51347,2016-07-07,04:28:00,299,1,9726
51348,2016-07-07,04:37:00,356,1,5580
51349,2016-07-07,04:38:00,86,2,4451
51350,2016-07-07,04:39:00,433,2,4700
51351,2016-07-07,04:44:00,230,2,282
51352,2016-07-07,04:54:00,86,1,5573
51353,2016-07-07,04:58:00,285,4,401
51354,2016-07-07,05:11:00,446,1,2873
51355,2016-07-07,05:15:00,130,3,11763
51356,2016-07-07,05:20:00,369,1,2995
51357,2016-07-07,05:44:00,260,3,8898
51358,2016-07-07,05:52:00,442,2,2288
51359,2016-07-07,05:53:00,291,3,3192
51360,2016-07-07,05:55:00,81,2,6331
51361,2016-07-07,05:59:00,321,2,3535
51362,2016-07-07,06:01:00,302,3,7373
51363,2016-07-07,06:04:00,191,1,4550
51364,2016-07-07,06:10:00,383,5,984
51365,2016-07-07,06:34:00,179,3,9910
51366,2016-07-07,06:49:00,202,2,8994
51367,2016-07-07,06:52:00,56,2,9388
51368,2016-07-07,07:09:00,138,1,2838
51369,2016-07-07,07:13:00,328,1,1378
51370,2016-07-07,07:17:00,201,3,3516
51371,2016-07-07,07:17:00,280,1,2955
51372,2016-07-07,07:22:00,339,2,4678
51373,2016-07-07,07:28:00,440,1,3943
51374,2016-07-07,07:33:00,338,3,6675
51375,2016-07-07,07:33:00,445,1,3238
51376,2016-07-07,07:39:00,115,1,5037
51377,2016-07-07,07:51:00,191,3,2514
51378,2016-07-07,08:05:00,365,2,10084
51379,2016-07-07,08:08:00,245,2,6406
51380,2016-07-07,08:10:00,154,2,9915
51381,2016-07-07,08:14:00,401,2,8071
51382,2016-07-07,08:16:00,443,2,6288
51383,2016-07-07,08:25:00,352,3,11530
51384,2016-07-07,08:26:00,395,2,1565
51385,2016-07-07,08:27:00,64,5,1193
51386,2016-07-07,08:27:00,367,2,1980
51387,2016-07-07,08:31:00,386,2,6783
51388,2016-07-07,08:31:00,458,1,6530
51389,2016-07-07,08:36:00,147,2,2566
51390,2016-07-07,08:40:00,442,2,3561
51391,2016-07-07,08:43:00,48,1,1366
51392,2016-07-07,08:58:00,108,1,10896
51393,2016-07-07,09:00:00,376,2,655
51394,2016-07-07,09:10:00,346,2,8000
51395,2016-07-07,09:17:00,299,3,9600
51396,2016-07-07,09:17:00,160,2,2254
51397,2016-07-07,09:21:00,301,2,6961
51398,2016-07-07,09:31:00,255,2,3807
51399,2016-07-07,09:35:00,213,2,10742
51400,2016-07-07,09:38:00,158,1,1290
51401,2016-07-07,09:45:00,306,1,10355
51402,2016-07-07,09:51:00,98,2,2182
51403,2016-07-07,09:54:00,139,1,10620
51404,2016-07-07,09:57:00,150,2,5691
51405,2016-07-07,09:58:00,253,1,10790
51406,2016-07-07,10:03:00,227,2,9113
51407,2016-07-07,10:11:00,147,2,11558
51408,2016-07-07,10:14:00,285,3,6364
51409,2016-07-07,10:14:00,42,1,10211
51410,2016-07-07,10:15:00,321,1,11351
51411,2016-07-07,10:42:00,224,1,6122
51412,2016-07-07,10:44:00,435,1,10034
51413,2016-07-07,11:05:00,59,3,6217
51414,2016-07-07,11:08:00,225,2,9205
51415,2016-07-07,11:27:00,287,1,733
51416,2016-07-07,11:31:00,216,1,11178
51417,2016-07-07,11:31:00,186,4,10224
51418,2016-07-07,11:32:00,244,2,2615
51419,2016-07-07,11:43:00,247,1,6706
51420,2016-07-07,11:46:00,425,3,11188
51421,2016-07-07,12:07:00,121,2,2701
51422,2016-07-07,12:10:00,238,5,10825
51423,2016-07-07,12:31:00,64,4,5964
51424,2016-07-07,12:47:00,446,2,979
51425,2016-07-07,12:48:00,24,1,2732
51426,2016-07-07,12:48:00,48,1,6328
51427,2016-07-07,12:54:00,91,2,495
51428,2016-07-07,12:55:00,390,3,4754
51429,2016-07-07,13:11:00,157,3,32
51430,2016-07-07,13:14:00,397,1,11000
51431,2016-07-07,13:18:00,107,1,9471
51432,2016-07-07,13:23:00,191,3,4265
51433,2016-07-07,13:24:00,42,1,7494
51434,2016-07-07,13:25:00,190,2,3556
51435,2016-07-07,13:36:00,23,2,11340
51436,2016-07-07,13:37:00,163,2,9673
51437,2016-07-07,13:41:00,185,2,6534
51438,2016-07-07,13:43:00,76,2,11261
51439,2016-07-07,13:45:00,220,1,7029
51440,2016-07-07,13:48:00,102,1,3350
51441,2016-07-07,13:53:00,262,2,7052
51442,2016-07-07,13:54:00,261,1,2317
51443,2016-07-07,14:06:00,33,1,502
51444,2016-07-07,14:07:00,324,2,11744
51445,2016-07-07,14:08:00,26,1,4072
51446,2016-07-07,14:11:00,426,1,2899
51447,2016-07-07,14:12:00,190,5,3469
51448,2016-07-07,14:15:00,147,2,9492
51449,2016-07-07,14:22:00,228,1,2283
51450,2016-07-07,14:24:00,376,1,4232
51451,2016-07-07,14:25:00,357,3,5044
51452,2016-07-07,14:33:00,38,3,2392
51453,2016-07-07,14:37:00,300,4,523
51454,2016-07-07,14:40:00,396,2,6806
51455,2016-07-07,14:41:00,273,3,9679
51456,2016-07-07,14:50:00,10,1,11760
51457,2016-07-07,15:00:00,265,2,304
51458,2016-07-07,15:21:00,352,2,9747
51459,2016-07-07,15:43:00,244,1,5852
51460,2016-07-07,15:43:00,439,1,5174
51461,2016-07-07,15:49:00,324,3,565
51462,2016-07-07,15:50:00,126,2,8784
51463,2016-07-07,15:51:00,153,1,11736
51464,2016-07-07,15:52:00,27,1,6998
51465,2016-07-07,15:58:00,47,2,6632
51466,2016-07-07,16:02:00,385,3,784
51467,2016-07-07,16:06:00,42,1,11134
51468,2016-07-07,16:15:00,263,1,11190
51469,2016-07-07,16:16:00,215,2,4199
51470,2016-07-07,16:19:00,282,2,11114
51471,2016-07-07,16:44:00,414,1,7857
51472,2016-07-07,16:46:00,265,4,11280
51473,2016-07-07,16:53:00,310,3,5598
51474,2016-07-07,16:53:00,399,1,11339
51475,2016-07-07,16:58:00,315,1,11636
51476,2016-07-07,16:58:00,255,1,2187
51477,2016-07-07,17:00:00,21,1,10106
51478,2016-07-07,17:03:00,422,1,2330
51479,2016-07-07,17:03:00,48,3,6398
51480,2016-07-07,17:07:00,67,2,9803
51481,2016-07-07,17:27:00,107,1,8572
51482,2016-07-07,17:32:00,166,1,3869
51483,2016-07-07,17:44:00,376,3,3591
51484,2016-07-07,17:55:00,37,4,2908
51485,2016-07-07,17:56:00,213,1,9148
51486,2016-07-07,17:57:00,187,2,10158
51487,2016-07-07,17:58:00,190,4,9625
51488,2016-07-07,18:00:00,362,1,655
51489,2016-07-07,18:05:00,414,2,8125
51490,2016-07-07,18:11:00,370,2,10223
51491,2016-07-07,18:29:00,414,2,53
51492,2016-07-07,18:31:00,122,2,7877
51493,2016-07-07,18:36:00,128,2,5700
51494,2016-07-07,18:37:00,315,2,6435
51495,2016-07-07,18:45:00,374,1,8477
51496,2016-07-07,18:53:00,434,1,10211
51497,2016-07-07,18:59:00,183,3,9376
51498,2016-07-07,19:09:00,24,3,5802
51499,2016-07-07,19:15:00,396,2,9576
51500,2016-07-07,19:20:00,408,2,6797
51501,2016-07-07,19:28:00,337,3,9215
51502,2016-07-07,19:28:00,275,3,9084
51503,2016-07-07,19:35:00,320,3,9314
51504,2016-07-07,19:38:00,191,1,1792
51505,2016-07-07,19:39:00,230,1,4843
51506,2016-07-07,19:41:00,247,3,5126
51507,2016-07-07,19:47:00,273,1,1989
51508,2016-07-07,19:53:00,64,3,5119
51509,2016-07-07,19:53:00,192,3,5260
51510,2016-07-07,19:59:00,411,3,8977
51511,2016-07-07,20:06:00,374,2,7854
51512,2016-07-07,20:11:00,18,1,7187
51513,2016-07-07,20:15:00,322,2,3144
51514,2016-07-07,20:19:00,271,3,2467
51515,2016-07-07,20:24:00,454,1,4920
51516,2016-07-07,20:27:00,273,1,6308
51517,2016-07-07,20:29:00,425,2,11269
51518,2016-07-07,20:45:00,43,1,11708
51519,2016-07-07,20:50:00,224,2,2746
51520,2016-07-07,21:14:00,443,5,7864
51521,2016-07-07,21:28:00,168,1,11237
51522,2016-07-07,21:33:00,222,3,3281
51523,2016-07-07,21:35:00,368,1,4067
51524,2016-07-07,21:54:00,397,2,6455
51525,2016-07-07,21:57:00,355,3,11740
51526,2016-07-07,21:59:00,224,1,2207
51527,2016-07-07,22:02:00,347,1,1270
51528,2016-07-07,22:07:00,56,4,2710
51529,2016-07-07,22:07:00,141,1,8242
51530,2016-07-07,22:17:00,141,1,11651
51531,2016-07-07,22:23:00,353,1,4659
51532,2016-07-07,22:28:00,101,1,9826
51533,2016-07-07,22:32:00,53,2,5298
51534,2016-07-07,22:38:00,117,2,6824
51535,2016-07-07,22:48:00,424,3,8463
51536,2016-07-07,22:53:00,154,1,3440
51537,2016-07-07,23:07:00,97,3,10746
51538,2016-07-07,23:07:00,111,4,10628
51539,2016-07-07,23:13:00,323,2,11544
51540,2016-07-07,23:15:00,255,1,6216
51541,2016-07-07,23:16:00,53,3,11897
51542,2016-07-07,23:24:00,278,1,2482
51543,2016-07-07,23:25:00,26,2,5704
51544,2016-07-07,23:26:00,142,1,3980
51545,2016-07-07,23:26:00,98,2,2931
51546,2016-07-07,23:27:00,448,2,630
51547,2016-07-07,23:28:00,63,3,2782
51548,2016-07-07,23:31:00,169,5,2756
51549,2016-07-07,23:33:00,28,3,98
51550,2016-07-07,23:35:00,28,2,2090
51551,2016-07-07,23:59:00,56,1,1780
51552,2016-07-08,00:02:00,241,3,5109
51553,2016-07-08,00:12:00,369,2,8294
51554,2016-07-08,00:19:00,335,2,9117
51555,2016-07-08,00:25:00,311,3,10447
51556,2016-07-08,00:27:00,127,3,1395
51557,2016-07-08,00:34:00,69,1,1863
51558,2016-07-08,00:46:00,13,1,2030
51559,2016-07-08,00:55:00,146,3,11529
51560,2016-07-08,00:57:00,284,1,8427
51561,2016-07-08,01:01:00,24,1,962
51562,2016-07-08,01:01:00,414,4,9211
51563,2016-07-08,01:04:00,83,1,5028
51564,2016-07-08,01:12:00,223,1,10106
51565,2016-07-08,01:22:00,53,2,3589
51566,2016-07-08,01:33:00,36,1,6843
51567,2016-07-08,01:34:00,177,4,7959
51568,2016-07-08,01:58:00,50,2,486
51569,2016-07-08,02:19:00,135,2,6131
51570,2016-07-08,02:21:00,426,3,10709
51571,2016-07-08,02:22:00,9,1,11025
51572,2016-07-08,02:22:00,343,2,4434
51573,2016-07-08,02:23:00,261,1,7334
51574,2016-07-08,02:23:00,331,1,8279
51575,2016-07-08,02:26:00,98,2,9456
51576,2016-07-08,02:35:00,357,2,3248
51577,2016-07-08,02:47:00,297,1,8105
51578,2016-07-08,02:49:00,197,1,4019
51579,2016-07-08,02:58:00,389,2,1836
51580,2016-07-08,02:58:00,297,1,813
51581,2016-07-08,03:08:00,220,1,3703
51582,2016-07-08,03:09:00,290,1,1841
51583,2016-07-08,03:11:00,299,3,1758
51584,2016-07-08,03:11:00,312,2,11831
51585,2016-07-08,03:18:00,113,1,2272
51586,2016-07-08,03:22:00,290,3,5115
51587,2016-07-08,03:26:00,223,3,11258
51588,2016-07-08,03:27:00,412,4,1620
51589,2016-07-08,03:28:00,88,1,7831
51590,2016-07-08,03:34:00,23,3,4797
51591,2016-07-08,03:36:00,438,1,1371
51592,2016-07-08,03:46:00,376,3,4244
51593,2016-07-08,03:47:00,1,4,331
51594,2016-07-08,03:52:00,257,4,10966
51595,2016-07-08,03:55:00,76,2,8760
51596,2016-07-08,04:07:00,358,1,4724
51597,2016-07-08,04:19:00,140,2,6367
51598,2016-07-08,04:19:00,324,1,6165
51599,2016-07-08,04:24:00,289,2,6523
51600,2016-07-08,04:29:00,305,4,7219
51601,2016-07-08,04:32:00,47,1,2521
51602,2016-07-08,04:35:00,91,1,6087
51603,2016-07-08,04:59:00,261,2,7371
51604,2016-07-08,05:01:00,381,1,8240
51605,2016-07-08,05:08:00,365,2,224
51606,2016-07-08,05:10:00,78,2,9782
51607,2016-07-08,05:13:00,194,1,11230
51608,2016-07-08,05:16:00,396,1,2701
51609,2016-07-08,05:20:00,45,1,3213
51610,2016-07-08,05:24:00,412,3,347
51611,2016-07-08,05:33:00,158,1,4073
51612,2016-07-08,05:59:00,58,2,7123
51613,2016-07-08,06:04:00,21,2,9282
51614,2016-07-08,06:06:00,419,2,925
51615,2016-07-08,06:15:00,409,3,6384
51616,2016-07-08,06:16:00,414,3,497
51617,2016-07-08,06:17:00,97,2,11582
51618,2016-07-08,06:18:00,427,1,10998
51619,2016-07-08,06:23:00,118,1,6180
51620,2016-07-08,06:52:00,145,2,2166
51621,2016-07-08,06:52:00,435,2,11098
51622,2016-07-08,06:56:00,131,2,3146
51623,2016-07-08,06:58:00,87,2,9267
51624,2016-07-08,07:00:00,37,3,1996
51625,2016-07-08,07:01:00,280,1,772
51626,2016-07-08,07:02:00,235,1,9786
51627,2016-07-08,07:20:00,268,1,3593
51628,2016-07-08,07:26:00,13,1,6910
51629,2016-07-08,07:26:00,45,4,10399
51630,2016-07-08,07:34:00,191,1,7078
51631,2016-07-08,07:44:00,458,2,7969
51632,2016-07-08,07:45:00,443,4,8986
51633,2016-07-08,07:45:00,36,1,6991
51634,2016-07-08,07:53:00,373,3,7763
51635,2016-07-08,07:54:00,138,1,453
51636,2016-07-08,08:00:00,87,2,7958
51637,2016-07-08,08:03:00,264,3,4681
51638,2016-07-08,08:11:00,132,3,1941
51639,2016-07-08,08:20:00,290,3,7301
51640,2016-07-08,08:21:00,413,3,7034
51641,2016-07-08,08:27:00,104,2,7547
51642,2016-07-08,08:28:00,5,4,3950
51643,2016-07-08,08:38:00,51,2,2608
51644,2016-07-08,08:40:00,439,1,9470
51645,2016-07-08,08:45:00,297,3,2520
51646,2016-07-08,08:46:00,226,1,5189
51647,2016-07-08,08:47:00,142,1,6580
51648,2016-07-08,08:50:00,76,1,5272
51649,2016-07-08,08:51:00,263,3,8464
51650,2016-07-08,08:53:00,18,2,7506
51651,2016-07-08,08:57:00,289,2,6540
51652,2016-07-08,09:11:00,127,3,3955
51653,2016-07-08,09:12:00,354,2,5660
51654,2016-07-08,09:14:00,108,5,2373
51655,2016-07-08,09:42:00,221,2,7213
51656,2016-07-08,09:42:00,18,1,5094
51657,2016-07-08,09:48:00,269,1,7534
51658,2016-07-08,09:48:00,427,2,6897
51659,2016-07-08,09:55:00,62,1,7821
51660,2016-07-08,09:56:00,338,2,10300
51661,2016-07-08,10:01:00,195,1,3253
51662,2016-07-08,10:01:00,455,2,8522
51663,2016-07-08,10:05:00,270,2,4612
51664,2016-07-08,10:07:00,381,1,8690
51665,2016-07-08,10:16:00,30,1,10249
51666,2016-07-08,10:40:00,414,2,9854
51667,2016-07-08,10:41:00,41,1,5899
51668,2016-07-08,10:42:00,407,1,2039
51669,2016-07-08,10:46:00,268,2,11872
51670,2016-07-08,11:09:00,199,1,8452
51671,2016-07-08,11:22:00,322,1,8808
51672,2016-07-08,11:25:00,451,2,5522
51673,2016-07-08,11:27:00,445,3,8460
51674,2016-07-08,11:27:00,2,2,10613
51675,2016-07-08,11:28:00,19,3,8757
51676,2016-07-08,11:33:00,305,2,8052
51677,2016-07-08,11:34:00,173,3,5847
51678,2016-07-08,11:36:00,41,3,4611
51679,2016-07-08,11:42:00,429,2,6396
51680,2016-07-08,11:45:00,387,1,3352
51681,2016-07-08,11:47:00,299,1,10760
51682,2016-07-08,11:50:00,352,3,4292
51683,2016-07-08,11:58:00,198,1,679
51684,2016-07-08,12:01:00,342,2,1199
51685,2016-07-08,12:02:00,186,1,8312
51686,2016-07-08,12:11:00,267,5,9788
51687,2016-07-08,12:18:00,255,3,8639
51688,2016-07-08,12:20:00,453,2,2734
51689,2016-07-08,12:33:00,50,1,9262
51690,2016-07-08,12:37:00,61,2,2731
51691,2016-07-08,12:38:00,105,1,8127
51692,2016-07-08,12:47:00,349,3,4300
51693,2016-07-08,12:49:00,13,1,7341
51694,2016-07-08,12:59:00,302,1,5671
51695,2016-07-08,13:03:00,15,1,2886
51696,2016-07-08,13:06:00,454,2,1001
51697,2016-07-08,13:07:00,417,3,2470
51698,2016-07-08,13:25:00,155,2,11680
51699,2016-07-08,13:28:00,370,3,8688
51700,2016-07-08,13:32:00,284,3,2231
51701,2016-07-08,13:37:00,147,1,10313
51702,2016-07-08,13:58:00,235,3,6956
51703,2016-07-08,14:08:00,198,1,11610
51704,2016-07-08,14:09:00,52,1,4824
51705,2016-07-08,14:10:00,403,3,687
51706,2016-07-08,14:27:00,228,1,9480
51707,2016-07-08,14:28:00,276,1,10575
51708,2016-07-08,14:36:00,298,2,9644
51709,2016-07-08,14:49:00,243,3,7435
51710,2016-07-08,14:53:00,280,2,1153
51711,2016-07-08,15:06:00,287,2,5645
51712,2016-07-08,15:09:00,139,4,7656
51713,2016-07-08,15:20:00,98,1,4288
51714,2016-07-08,15:36:00,79,2,2280
51715,2016-07-08,15:43:00,370,2,11857
51716,2016-07-08,15:46:00,99,2,10587
51717,2016-07-08,15:46:00,424,3,4531
51718,2016-07-08,15:48:00,456,2,8169
51719,2016-07-08,15:56:00,425,1,2625
51720,2016-07-08,15:59:00,1,2,2576
51721,2016-07-08,16:03:00,266,1,10800
51722,2016-07-08,16:06:00,264,3,11595
51723,2016-07-08,16:09:00,339,1,4251
51724,2016-07-08,16:20:00,145,1,10414
51725,2016-07-08,16:31:00,361,3,5866
51726,2016-07-08,16:33:00,458,1,7169
51727,2016-07-08,16:36:00,292,1,2730
51728,2016-07-08,16:43:00,271,1,10201
51729,2016-07-08,16:58:00,210,1,7916
51730,2016-07-08,17:00:00,203,3,6914
51731,2016-07-08,17:02:00,206,1,11496
51732,2016-07-08,17:09:00,12,1,1323
51733,2016-07-08,17:10:00,442,3,9882
51734,2016-07-08,17:12:00,391,2,5027
51735,2016-07-08,17:12:00,338,2,4918
51736,2016-07-08,17:12:00,152,2,10638
51737,2016-07-08,17:14:00,191,2,7319
51738,2016-07-08,17:15:00,205,3,8562
51739,2016-07-08,17:19:00,408,2,1999
51740,2016-07-08,17:21:00,201,2,3697
51741,2016-07-08,17:37:00,48,1,11941
51742,2016-07-08,17:42:00,55,3,2986
51743,2016-07-08,17:43:00,144,3,3444
51744,2016-07-08,17:44:00,221,1,1274
51745,2016-07-08,17:45:00,86,3,4489
51746,2016-07-08,17:49:00,355,4,7520
51747,2016-07-08,17:51:00,445,2,6870
51748,2016-07-08,17:54:00,271,2,8482
51749,2016-07-08,17:58:00,76,2,7875
51750,2016-07-08,18:02:00,61,2,61
51751,2016-07-08,18:03:00,404,2,2660
51752,2016-07-08,18:09:00,86,1,8595
51753,2016-07-08,18:16:00,322,1,9919
51754,2016-07-08,18:20:00,195,3,2536
51755,2016-07-08,18:33:00,169,1,3092
51756,2016-07-08,18:33:00,83,3,6776
51757,2016-07-08,18:40:00,355,3,4949
51758,2016-07-08,18:45:00,17,1,8195
51759,2016-07-08,18:49:00,19,2,11242
51760,2016-07-08,18:50:00,19,1,8399
51761,2016-07-08,18:51:00,299,2,1796
51762,2016-07-08,18:59:00,162,1,1105
51763,2016-07-08,19:20:00,133,1,11287
51764,2016-07-08,19:25:00,423,2,4387
51765,2016-07-08,19:27:00,403,2,9639
51766,2016-07-08,19:28:00,440,1,3004
51767,2016-07-08,19:31:00,161,3,2761
51768,2016-07-08,19:39:00,118,2,4304
51769,2016-07-08,19:44:00,27,4,7150
51770,2016-07-08,19:48:00,382,2,7825
51771,2016-07-08,19:50:00,314,1,11318
51772,2016-07-08,19:57:00,16,2,7190
51773,2016-07-08,20:01:00,356,3,509
51774,2016-07-08,20:03:00,279,2,10305
51775,2016-07-08,20:07:00,188,2,11711
51776,2016-07-08,20:10:00,117,2,3867
51777,2016-07-08,20:16:00,152,1,9626
51778,2016-07-08,20:21:00,437,3,1512
51779,2016-07-08,20:22:00,103,2,1229
51780,2016-07-08,20:23:00,415,1,6442
51781,2016-07-08,20:24:00,174,1,3044
51782,2016-07-08,20:33:00,353,3,3172
51783,2016-07-08,20:33:00,186,2,7473
51784,2016-07-08,20:37:00,216,3,5226
51785,2016-07-08,20:37:00,88,1,8452
51786,2016-07-08,20:47:00,373,1,2910
51787,2016-07-08,20:51:00,337,3,10597
51788,2016-07-08,20:52:00,456,3,7823
51789,2016-07-08,20:58:00,188,2,2827
51790,2016-07-08,21:02:00,262,1,8345
51791,2016-07-08,21:09:00,47,1,2722
51792,2016-07-08,21:14:00,85,1,2032
51793,2016-07-08,21:16:00,55,2,440
51794,2016-07-08,21:17:00,49,2,9357
51795,2016-07-08,21:19:00,383,1,9263
51796,2016-07-08,21:23:00,314,1,4708
51797,2016-07-08,21:27:00,99,3,5586
51798,2016-07-08,21:36:00,71,2,9704
51799,2016-07-08,21:37:00,420,2,3445
51800,2016-07-08,21:43:00,243,3,1951
51801,2016-07-08,21:45:00,306,1,2444
51802,2016-07-08,21:50:00,326,2,9326
51803,2016-07-08,22:00:00,157,1,7992
51804,2016-07-08,22:08:00,46,2,8020
51805,2016-07-08,22:10:00,73,3,6753
51806,2016-07-08,22:14:00,300,1,3845
51807,2016-07-08,22:20:00,209,1,10080
51808,2016-07-08,22:20:00,421,2,9834
51809,2016-07-08,22:20:00,280,1,11220
51810,2016-07-08,22:25:00,265,2,2427
51811,2016-07-08,22:28:00,223,1,2583
51812,2016-07-08,22:32:00,244,1,5436
51813,2016-07-08,22:38:00,175,2,11448
51814,2016-07-08,22:42:00,320,1,5464
51815,2016-07-08,22:43:00,331,2,8778
51816,2016-07-08,23:15:00,291,2,5094
51817,2016-07-08,23:16:00,8,2,10338
51818,2016-07-08,23:21:00,69,2,10950
51819,2016-07-08,23:24:00,12,2,11473
51820,2016-07-08,23:25:00,206,1,9366
51821,2016-07-08,23:33:00,335,3,21
51822,2016-07-08,23:35:00,264,4,8846
51823,2016-07-08,23:54:00,75,4,10664
51824,2016-07-09,00:01:00,402,2,6685
51825,2016-07-09,00:03:00,18,1,2006
51826,2016-07-09,00:07:00,381,3,538
51827,2016-07-09,00:09:00,192,2,1221
51828,2016-07-09,00:10:00,329,2,9725
51829,2016-07-09,00:13:00,153,1,5198
51830,2016-07-09,00:16:00,392,2,1346
51831,2016-07-09,00:25:00,51,3,5658
51832,2016-07-09,00:29:00,86,1,7110
51833,2016-07-09,00:34:00,418,2,7655
51834,2016-07-09,00:37:00,244,2,1459
51835,2016-07-09,00:43:00,277,1,7845
51836,2016-07-09,00:45:00,166,3,5847
51837,2016-07-09,00:55:00,26,1,9869
51838,2016-07-09,01:03:00,15,2,10352
51839,2016-07-09,01:04:00,221,1,589
51840,2016-07-09,01:14:00,307,3,9237
51841,2016-07-09,01:16:00,92,1,4975
51842,2016-07-09,01:20:00,207,2,7056
51843,2016-07-09,01:20:00,39,1,7460
51844,2016-07-09,01:42:00,117,1,4173
51845,2016-07-09,01:46:00,58,1,2149
51846,2016-07-09,01:53:00,173,1,7188
51847,2016-07-09,01:57:00,418,1,6876
51848,2016-07-09,02:03:00,129,1,52
51849,2016-07-09,02:15:00,223,2,11457
51850,2016-07-09,02:18:00,78,3,7818
51851,2016-07-09,02:20:00,135,3,5629
51852,2016-07-09,02:21:00,260,1,3795
51853,2016-07-09,02:23:00,181,1,8497
51854,2016-07-09,02:33:00,67,3,3947
51855,2016-07-09,02:37:00,218,3,3331
51856,2016-07-09,02:45:00,399,4,8172
51857,2016-07-09,02:58:00,276,3,2458
51858,2016-07-09,03:15:00,395,2,7919
51859,2016-07-09,03:29:00,69,1,10373
51860,2016-07-09,03:37:00,348,1,6424
51861,2016-07-09,03:38:00,61,2,3531
51862,2016-07-09,03:42:00,241,1,3637
51863,2016-07-09,03:42:00,89,4,11350
51864,2016-07-09,03:45:00,383,1,1309
51865,2016-07-09,03:46:00,35,3,9313
51866,2016-07-09,03:47:00,426,4,2258
51867,2016-07-09,03:55:00,154,2,9889
51868,2016-07-09,04:00:00,419,2,8849
51869,2016-07-09,04:19:00,128,1,10085
51870,2016-07-09,04:38:00,186,3,8744
51871,2016-07-09,04:40:00,131,2,672
51872,2016-07-09,04:43:00,143,1,1073
51873,2016-07-09,04:44:00,401,2,1234
51874,2016-07-09,04:54:00,367,1,2865
51875,2016-07-09,04:56:00,333,2,5767
51876,2016-07-09,05:01:00,220,2,8408
51877,2016-07-09,05:01:00,100,4,11783
51878,2016-07-09,05:09:00,431,1,6005
51879,2016-07-09,05:09:00,176,5,11731
51880,2016-07-09,05:09:00,442,1,7046
51881,2016-07-09,05:10:00,455,1,923
51882,2016-07-09,05:15:00,319,1,7611
51883,2016-07-09,05:16:00,180,2,4848
51884,2016-07-09,05:17:00,33,1,8082
51885,2016-07-09,05:17:00,240,3,4714
51886,2016-07-09,05:28:00,100,2,8076
51887,2016-07-09,05:31:00,29,3,8877
51888,2016-07-09,05:50:00,401,2,8763
51889,2016-07-09,05:52:00,249,2,9627
51890,2016-07-09,06:03:00,246,1,2581
51891,2016-07-09,06:05:00,260,3,10641
51892,2016-07-09,06:06:00,362,3,6223
51893,2016-07-09,06:06:00,70,2,11884
51894,2016-07-09,06:08:00,344,1,4679
51895,2016-07-09,06:08:00,47,3,6809
51896,2016-07-09,06:21:00,261,2,7539
51897,2016-07-09,06:24:00,309,1,10746
51898,2016-07-09,06:24:00,80,2,3260
51899,2016-07-09,06:28:00,105,1,11536
51900,2016-07-09,06:36:00,131,3,643
51901,2016-07-09,06:38:00,140,1,3976
51902,2016-07-09,06:41:00,365,1,8750
51903,2016-07-09,06:48:00,140,2,3232
51904,2016-07-09,06:51:00,19,2,3302
51905,2016-07-09,07:03:00,388,2,11856
51906,2016-07-09,07:12:00,309,1,1199
51907,2016-07-09,07:16:00,347,2,4566
51908,2016-07-09,07:26:00,419,4,10304
51909,2016-07-09,07:29:00,139,2,11952
51910,2016-07-09,07:45:00,203,5,9224
51911,2016-07-09,07:47:00,19,5,2846
51912,2016-07-09,07:48:00,237,2,11766
51913,2016-07-09,07:51:00,428,1,2954
51914,2016-07-09,07:58:00,377,1,1335
51915,2016-07-09,07:59:00,344,1,6747
51916,2016-07-09,08:03:00,41,1,1344
51917,2016-07-09,08:14:00,89,1,89
51918,2016-07-09,08:18:00,309,3,2682
51919,2016-07-09,08:28:00,176,2,6382
51920,2016-07-09,08:37:00,136,2,8130
51921,2016-07-09,08:42:00,73,1,4854
51922,2016-07-09,08:55:00,396,3,3517
51923,2016-07-09,09:01:00,101,2,7976
51924,2016-07-09,09:05:00,235,2,4040
51925,2016-07-09,09:07:00,41,2,4679
51926,2016-07-09,09:11:00,190,1,9587
51927,2016-07-09,09:18:00,26,1,293
51928,2016-07-09,09:26:00,6,1,3673
51929,2016-07-09,09:27:00,296,1,895
51930,2016-07-09,09:28:00,399,1,10632
51931,2016-07-09,09:29:00,204,3,11100
51932,2016-07-09,09:31:00,235,2,6428
51933,2016-07-09,09:32:00,383,1,146
51934,2016-07-09,09:41:00,74,2,213
51935,2016-07-09,09:50:00,39,2,6200
51936,2016-07-09,09:51:00,433,1,6923
51937,2016-07-09,09:52:00,433,2,778
51938,2016-07-09,09:52:00,287,1,4737
51939,2016-07-09,09:57:00,419,1,7664
51940,2016-07-09,10:20:00,185,1,9020
51941,2016-07-09,10:26:00,385,2,3703
51942,2016-07-09,10:31:00,52,2,4927
51943,2016-07-09,10:49:00,135,2,11525
51944,2016-07-09,10:51:00,144,1,6588
51945,2016-07-09,10:56:00,145,1,7724
51946,2016-07-09,11:08:00,458,1,9956
51947,2016-07-09,11:14:00,187,2,5097
51948,2016-07-09,11:16:00,379,1,6648
51949,2016-07-09,11:16:00,116,4,10444
51950,2016-07-09,11:24:00,231,2,4419
51951,2016-07-09,11:27:00,407,1,9448
51952,2016-07-09,11:29:00,116,2,305
51953,2016-07-09,11:38:00,412,4,8178
51954,2016-07-09,11:39:00,94,2,8958
51955,2016-07-09,11:44:00,342,3,4831
51956,2016-07-09,11:49:00,49,3,3218
51957,2016-07-09,11:52:00,15,2,2504
51958,2016-07-09,11:53:00,376,1,11643
51959,2016-07-09,12:08:00,337,2,3950
51960,2016-07-09,12:14:00,248,1,7356
51961,2016-07-09,12:26:00,396,2,7798
51962,2016-07-09,12:26:00,122,1,9991
51963,2016-07-09,12:28:00,383,1,5051
51964,2016-07-09,12:29:00,432,2,10561
51965,2016-07-09,12:44:00,175,1,6250
51966,2016-07-09,12:48:00,453,2,10498
51967,2016-07-09,12:49:00,181,1,336
51968,2016-07-09,12:49:00,352,2,9479
51969,2016-07-09,12:54:00,456,1,2955
51970,2016-07-09,12:54:00,304,3,6874
51971,2016-07-09,13:09:00,183,1,4754
51972,2016-07-09,13:10:00,345,4,7786
51973,2016-07-09,13:10:00,105,2,5150
51974,2016-07-09,13:10:00,136,4,6490
51975,2016-07-09,13:12:00,335,4,3067
51976,2016-07-09,13:29:00,255,2,6621
51977,2016-07-09,13:29:00,118,2,8810
51978,2016-07-09,13:43:00,444,4,8416
51979,2016-07-09,13:44:00,98,1,9653
51980,2016-07-09,14:06:00,352,1,8096
51981,2016-07-09,14:09:00,208,4,6632
51982,2016-07-09,14:12:00,154,3,5592
51983,2016-07-09,14:14:00,15,1,9196
51984,2016-07-09,14:17:00,377,2,9617
51985,2016-07-09,14:19:00,447,1,4946
51986,2016-07-09,14:34:00,252,1,10932
51987,2016-07-09,14:39:00,377,2,1613
51988,2016-07-09,14:44:00,129,3,5584
51989,2016-07-09,14:45:00,151,2,181
51990,2016-07-09,14:46:00,444,2,10106
51991,2016-07-09,14:56:00,126,2,5437
51992,2016-07-09,14:56:00,446,1,215
51993,2016-07-09,14:59:00,419,3,1219
51994,2016-07-09,15:02:00,217,1,4232
51995,2016-07-09,15:05:00,248,1,6817
51996,2016-07-09,15:05:00,171,1,10898
51997,2016-07-09,15:15:00,88,4,4672
51998,2016-07-09,15:15:00,22,3,267
51999,2016-07-09,15:22:00,405,2,10406
52000,2016-07-09,15:23:00,103,4,3131
52001,2016-07-09,15:30:00,386,2,6391
52002,2016-07-09,15:31:00,18,4,3740
52003,2016-07-09,15:41:00,405,2,11150
52004,2016-07-09,15:53:00,158,1,6729
52005,2016-07-09,15:57:00,328,1,1716
52006,2016-07-09,16:05:00,24,1,7894
52007,2016-07-09,16:13:00,333,1,7271
52008,2016-07-09,16:13:00,397,3,5102
52009,2016-07-09,16:16:00,250,2,10849
52010,2016-07-09,16:18:00,157,1,1212
52011,2016-07-09,16:21:00,417,2,1338
52012,2016-07-09,16:24:00,402,2,3604
52013,2016-07-09,16:29:00,63,2,6912
52014,2016-07-09,16:36:00,235,2,10170
52015,2016-07-09,16:52:00,419,1,9388
52016,2016-07-09,16:58:00,285,2,9828
52017,2016-07-09,17:08:00,45,1,8850
52018,2016-07-09,17:12:00,437,2,1217
52019,2016-07-09,17:13:00,351,4,10589
52020,2016-07-09,17:22:00,186,3,402
52021,2016-07-09,17:24:00,160,2,11743
52022,2016-07-09,17:25:00,161,3,10217
52023,2016-07-09,17:27:00,358,3,11955
52024,2016-07-09,17:29:00,456,3,10230
52025,2016-07-09,17:32:00,360,1,2551
52026,2016-07-09,17:33:00,22,2,8255
52027,2016-07-09,17:37:00,371,1,7887
52028,2016-07-09,17:40:00,17,2,4717
52029,2016-07-09,17:51:00,94,1,6929
52030,2016-07-09,17:54:00,130,1,2101
52031,2016-07-09,18:17:00,286,3,4493
52032,2016-07-09,18:21:00,251,2,2452
52033,2016-07-09,18:22:00,242,2,9593
52034,2016-07-09,18:28:00,287,2,6261
52035,2016-07-09,18:31:00,405,1,4736
52036,2016-07-09,18:38:00,55,4,6109
52037,2016-07-09,18:53:00,97,1,268
52038,2016-07-09,18:55:00,86,5,4780
52039,2016-07-09,18:58:00,450,1,3432
52040,2016-07-09,19:03:00,323,3,5925
52041,2016-07-09,19:07:00,82,2,4912
52042,2016-07-09,19:10:00,317,2,11844
52043,2016-07-09,19:10:00,14,1,848
52044,2016-07-09,19:22:00,234,2,7229
52045,2016-07-09,19:35:00,97,2,2615
52046,2016-07-09,19:36:00,164,1,987
52047,2016-07-09,19:41:00,185,1,4181
52048,2016-07-09,19:41:00,362,3,11154
52049,2016-07-09,19:42:00,297,1,10962
52050,2016-07-09,19:51:00,344,1,5561
52051,2016-07-09,19:53:00,183,2,3550
52052,2016-07-09,20:00:00,75,3,132
52053,2016-07-09,20:11:00,188,1,1508
52054,2016-07-09,20:14:00,322,2,9597
52055,2016-07-09,20:17:00,274,1,2738
52056,2016-07-09,20:26:00,365,1,5773
52057,2016-07-09,20:27:00,190,2,5539
52058,2016-07-09,20:31:00,37,2,10934
52059,2016-07-09,20:32:00,28,1,5290
52060,2016-07-09,20:35:00,8,5,7987
52061,2016-07-09,20:41:00,223,2,9271
52062,2016-07-09,20:42:00,132,1,3965
52063,2016-07-09,20:42:00,316,1,4525
52064,2016-07-09,20:43:00,399,2,10283
52065,2016-07-09,20:47:00,147,2,11825
52066,2016-07-09,20:54:00,445,1,6332
52067,2016-07-09,20:56:00,205,1,837
52068,2016-07-09,21:02:00,49,3,9422
52069,2016-07-09,21:10:00,431,2,6236
52070,2016-07-09,21:11:00,324,1,11203
52071,2016-07-09,21:16:00,53,2,5188
52072,2016-07-09,21:18:00,292,4,4898
52073,2016-07-09,21:19:00,223,1,8824
52074,2016-07-09,21:19:00,73,1,10610
52075,2016-07-09,21:31:00,336,1,6684
52076,2016-07-09,21:32:00,351,1,9706
52077,2016-07-09,21:45:00,195,3,3045
52078,2016-07-09,21:54:00,135,2,1755
52079,2016-07-09,22:00:00,47,4,10828
52080,2016-07-09,22:17:00,396,1,7835
52081,2016-07-09,22:24:00,219,1,126
52082,2016-07-09,22:37:00,340,1,5194
52083,2016-07-09,22:46:00,423,2,128
52084,2016-07-09,22:46:00,345,3,10677
52085,2016-07-09,22:51:00,177,1,10035
52086,2016-07-09,22:56:00,327,3,505
52087,2016-07-09,22:57:00,163,2,3702
52088,2016-07-09,23:02:00,220,3,6511
52089,2016-07-09,23:02:00,351,1,8297
52090,2016-07-09,23:13:00,69,4,10581
52091,2016-07-09,23:20:00,63,2,3803
52092,2016-07-09,23:27:00,264,2,8873
52093,2016-07-09,23:31:00,313,1,1579
52094,2016-07-09,23:32:00,189,2,7079
52095,2016-07-09,23:32:00,41,1,3650
52096,2016-07-09,23:35:00,120,2,11400
52097,2016-07-09,23:35:00,40,3,5615
52098,2016-07-09,23:42:00,415,2,3442
52099,2016-07-09,23:44:00,367,3,3306
52100,2016-07-09,23:55:00,311,2,11512
52101,2016-07-09,23:56:00,443,2,10660
52102,2016-07-10,00:03:00,47,4,2835
52103,2016-07-10,00:03:00,275,2,11241
52104,2016-07-10,00:07:00,155,4,1273
52105,2016-07-10,00:09:00,63,2,10066
52106,2016-07-10,00:13:00,310,1,9299
52107,2016-07-10,00:27:00,420,1,9665
52108,2016-07-10,00:34:00,430,2,2017
52109,2016-07-10,00:41:00,127,1,18
52110,2016-07-10,00:55:00,335,4,11892
52111,2016-07-10,00:59:00,68,2,2587
52112,2016-07-10,01:12:00,412,2,10199
52113,2016-07-10,01:21:00,352,1,5544
52114,2016-07-10,01:22:00,220,2,5989
52115,2016-07-10,01:26:00,304,1,1884
52116,2016-07-10,01:36:00,4,2,585
52117,2016-07-10,01:41:00,362,1,3579
52118,2016-07-10,01:47:00,23,2,3220
52119,2016-07-10,01:51:00,440,2,1207
52120,2016-07-10,01:53:00,313,2,11508
52121,2016-07-10,01:57:00,95,3,11167
52122,2016-07-10,02:00:00,27,4,9031
52123,2016-07-10,02:06:00,137,1,6483
52124,2016-07-10,02:12:00,162,3,839
52125,2016-07-10,02:12:00,433,1,8060
52126,2016-07-10,02:23:00,379,2,1442
52127,2016-07-10,02:42:00,384,3,6303
52128,2016-07-10,02:47:00,391,1,10227
52129,2016-07-10,03:04:00,11,1,7578
52130,2016-07-10,03:14:00,353,3,6889
52131,2016-07-10,03:16:00,232,2,2410
52132,2016-07-10,03:26:00,171,2,8813
52133,2016-07-10,03:27:00,9,1,4201
52134,2016-07-10,03:27:00,278,2,5329
52135,2016-07-10,03:28:00,83,1,6285
52136,2016-07-10,03:37:00,109,2,5696
52137,2016-07-10,03:47:00,440,2,11616
52138,2016-07-10,03:49:00,83,1,4836
52139,2016-07-10,03:54:00,106,1,7861
52140,2016-07-10,04:02:00,371,2,2265
52141,2016-07-10,04:12:00,346,1,2356
52142,2016-07-10,04:22:00,117,2,5174
52143,2016-07-10,04:23:00,280,1,2589
52144,2016-07-10,04:24:00,338,2,6053
52145,2016-07-10,04:31:00,163,2,10220
52146,2016-07-10,04:40:00,375,2,8737
52147,2016-07-10,04:42:00,116,2,4060
52148,2016-07-10,04:42:00,91,2,2895
52149,2016-07-10,04:44:00,91,1,9090
52150,2016-07-10,04:52:00,141,1,8210
52151,2016-07-10,04:56:00,60,3,3894
52152,2016-07-10,04:58:00,247,2,2676
52153,2016-07-10,04:59:00,157,3,11237
52154,2016-07-10,05:00:00,324,1,408
52155,2016-07-10,05:10:00,324,2,6398
52156,2016-07-10,05:13:00,213,1,9577
52157,2016-07-10,05:14:00,293,1,1630
52158,2016-07-10,05:22:00,96,2,10998
52159,2016-07-10,05:45:00,289,3,7538
52160,2016-07-10,05:47:00,275,1,11680
52161,2016-07-10,05:50:00,31,1,894
52162,2016-07-10,05:54:00,407,1,7805
52163,2016-07-10,05:56:00,26,2,6379
52164,2016-07-10,06:03:00,199,3,763
52165,2016-07-10,06:11:00,336,1,6567
52166,2016-07-10,06:11:00,436,3,3001
52167,2016-07-10,06:11:00,264,1,8448
52168,2016-07-10,06:16:00,23,2,6492
52169,2016-07-10,06:26:00,36,1,8104
52170,2016-07-10,06:34:00,65,1,6086
52171,2016-07-10,06:51:00,225,1,584
52172,2016-07-10,06:55:00,124,3,5849
52173,2016-07-10,07:01:00,410,4,8783
52174,2016-07-10,07:14:00,185,4,2602
52175,2016-07-10,07:36:00,415,3,11186
52176,2016-07-10,07:37:00,432,2,7624
52177,2016-07-10,07:39:00,296,2,2420
52178,2016-07-10,07:46:00,149,2,8897
52179,2016-07-10,07:56:00,384,2,2835
52180,2016-07-10,07:57:00,301,1,11904
52181,2016-07-10,07:59:00,320,1,9275
52182,2016-07-10,08:01:00,251,1,9589
52183,2016-07-10,08:19:00,272,4,5388
52184,2016-07-10,08:22:00,48,3,3206
52185,2016-07-10,08:32:00,359,1,7697
52186,2016-07-10,08:36:00,177,1,4921
52187,2016-07-10,08:42:00,397,1,11388
52188,2016-07-10,08:47:00,155,3,4104
52189,2016-07-10,09:01:00,239,1,9274
52190,2016-07-10,09:05:00,112,1,11656
52191,2016-07-10,09:12:00,61,5,11844
52192,2016-07-10,09:13:00,133,2,5462
52193,2016-07-10,09:16:00,252,2,9658
52194,2016-07-10,09:19:00,14,4,8379
52195,2016-07-10,09:24:00,278,1,11494
52196,2016-07-10,09:24:00,28,3,541
52197,2016-07-10,09:44:00,207,2,489
52198,2016-07-10,09:49:00,275,3,1225
52199,2016-07-10,09:55:00,452,1,9975
52200,2016-07-10,09:56:00,330,3,868
52201,2016-07-10,09:58:00,246,2,2374
52202,2016-07-10,09:58:00,361,1,6802
52203,2016-07-10,10:00:00,208,3,2950
52204,2016-07-10,10:00:00,136,2,11377
52205,2016-07-10,10:08:00,36,1,2958
52206,2016-07-10,10:11:00,163,1,5885
52207,2016-07-10,10:12:00,457,1,6827
52208,2016-07-10,10:15:00,291,3,10153
52209,2016-07-10,10:25:00,422,1,4079
52210,2016-07-10,10:34:00,194,2,1924
52211,2016-07-10,10:39:00,414,5,1117
52212,2016-07-10,10:40:00,373,2,612
52213,2016-07-10,10:43:00,310,2,7495
52214,2016-07-10,10:44:00,386,1,8827
52215,2016-07-10,10:46:00,255,2,8706
52216,2016-07-10,10:49:00,164,5,6047
52217,2016-07-10,10:51:00,87,4,6912
52218,2016-07-10,11:00:00,334,2,10841
52219,2016-07-10,11:02:00,136,2,9692
52220,2016-07-10,11:04:00,300,2,4546
52221,2016-07-10,11:07:00,151,1,2934
52222,2016-07-10,11:12:00,237,1,5814
52223,2016-07-10,11:16:00,357,1,2543
52224,2016-07-10,11:22:00,139,1,5711
52225,2016-07-10,11:38:00,147,3,6554
52226,2016-07-10,11:49:00,319,3,4616
52227,2016-07-10,11:51:00,247,2,1113
52228,2016-07-10,11:57:00,291,1,6637
52229,2016-07-10,12:11:00,70,1,8646
52230,2016-07-10,12:14:00,170,3,11618
52231,2016-07-10,12:19:00,345,1,5105
52232,2016-07-10,12:21:00,46,2,1165
52233,2016-07-10,12:21:00,56,2,3114
52234,2016-07-10,12:28:00,138,3,2353
52235,2016-07-10,12:29:00,362,2,11297
52236,2016-07-10,12:29:00,287,1,3807
52237,2016-07-10,12:33:00,318,3,4922
52238,2016-07-10,12:36:00,385,4,3087
52239,2016-07-10,12:37:00,247,3,8380
52240,2016-07-10,12:37:00,150,1,4956
52241,2016-07-10,12:45:00,308,2,6279
52242,2016-07-10,12:50:00,155,4,5092
52243,2016-07-10,12:52:00,323,2,7221
52244,2016-07-10,12:59:00,128,1,3271
52245,2016-07-10,13:14:00,112,2,1574
52246,2016-07-10,13:25:00,421,1,5355
52247,2016-07-10,13:30:00,119,3,3693
52248,2016-07-10,13:40:00,203,1,11025
52249,2016-07-10,13:44:00,272,1,3536
52250,2016-07-10,13:45:00,142,2,547
52251,2016-07-10,13:52:00,387,1,6616
52252,2016-07-10,14:05:00,184,1,19
52253,2016-07-10,14:19:00,98,1,3885
52254,2016-07-10,14:29:00,310,1,7705
52255,2016-07-10,14:34:00,216,1,9879
52256,2016-07-10,14:49:00,262,3,5603
52257,2016-07-10,14:54:00,330,1,5910
52258,2016-07-10,14:57:00,328,2,304
52259,2016-07-10,14:59:00,53,5,7335
52260,2016-07-10,15:01:00,68,2,7847
52261,2016-07-10,15:02:00,52,1,1585
52262,2016-07-10,15:09:00,367,3,3890
52263,2016-07-10,15:12:00,321,5,1185
52264,2016-07-10,15:19:00,59,3,10635
52265,2016-07-10,15:24:00,42,2,11514
52266,2016-07-10,15:36:00,6,2,544
52267,2016-07-10,15:41:00,178,2,7571
52268,2016-07-10,15:45:00,24,1,589
52269,2016-07-10,15:46:00,183,4,3986
52270,2016-07-10,15:48:00,91,2,7992
52271,2016-07-10,15:50:00,108,2,4840
52272,2016-07-10,15:55:00,245,1,4557
52273,2016-07-10,15:57:00,13,2,3903
52274,2016-07-10,16:02:00,220,3,10902
52275,2016-07-10,16:03:00,295,2,7004
52276,2016-07-10,16:03:00,87,3,6589
52277,2016-07-10,16:05:00,455,2,520
52278,2016-07-10,16:09:00,85,2,4042
52279,2016-07-10,16:12:00,82,3,6809
52280,2016-07-10,16:21:00,213,1,9849
52281,2016-07-10,16:35:00,2,1,9970
52282,2016-07-10,16:35:00,218,3,9790
52283,2016-07-10,16:39:00,199,1,5135
52284,2016-07-10,16:39:00,396,2,9984
52285,2016-07-10,16:44:00,308,1,9525
52286,2016-07-10,16:46:00,214,2,865
52287,2016-07-10,16:50:00,231,1,3333
52288,2016-07-10,16:58:00,355,3,6971
52289,2016-07-10,17:00:00,192,4,4137
52290,2016-07-10,17:08:00,143,1,7214
52291,2016-07-10,17:10:00,376,1,9012
52292,2016-07-10,17:21:00,420,2,11179
52293,2016-07-10,17:28:00,203,3,3340
52294,2016-07-10,17:29:00,258,3,6164
52295,2016-07-10,17:29:00,81,1,10060
52296,2016-07-10,17:33:00,392,3,7506
52297,2016-07-10,17:38:00,239,1,11751
52298,2016-07-10,17:42:00,91,4,1606
52299,2016-07-10,17:43:00,209,1,4311
52300,2016-07-10,18:01:00,127,4,8980
52301,2016-07-10,18:02:00,210,5,7121
52302,2016-07-10,18:03:00,410,2,2378
52303,2016-07-10,18:06:00,360,1,625
52304,2016-07-10,18:09:00,90,3,6392
52305,2016-07-10,18:10:00,99,1,6956
52306,2016-07-10,18:11:00,209,2,5792
52307,2016-07-10,18:14:00,240,2,2406
52308,2016-07-10,18:30:00,136,3,4279
52309,2016-07-10,18:33:00,134,1,10534
52310,2016-07-10,18:35:00,172,1,4886
52311,2016-07-10,18:39:00,77,1,4781
52312,2016-07-10,18:58:00,364,1,4500
52313,2016-07-10,19:02:00,277,2,6529
52314,2016-07-10,19:10:00,74,1,11854
52315,2016-07-10,19:11:00,294,3,3759
52316,2016-07-10,19:12:00,175,3,10832
52317,2016-07-10,19:15:00,214,1,5382
52318,2016-07-10,19:16:00,328,2,8668
52319,2016-07-10,19:18:00,212,2,1390
52320,2016-07-10,19:28:00,402,1,2989
52321,2016-07-10,19:31:00,369,2,3144
52322,2016-07-10,19:32:00,308,2,3305
52323,2016-07-10,19:42:00,274,3,9433
52324,2016-07-10,19:49:00,111,3,7486
52325,2016-07-10,19:57:00,300,4,8277
52326,2016-07-10,20:01:00,378,4,7237
52327,2016-07-10,20:13:00,284,2,2420
52328,2016-07-10,20:16:00,327,1,5127
52329,2016-07-10,20:18:00,74,2,5979
52330,2016-07-10,20:26:00,431,1,7360
52331,2016-07-10,20:31:00,388,1,4916
52332,2016-07-10,20:31:00,12,3,821
52333,2016-07-10,20:31:00,120,2,9448
52334,2016-07-10,20:36:00,454,2,1063
52335,2016-07-10,20:40:00,62,1,8491
52336,2016-07-10,20:42:00,458,2,10675
52337,2016-07-10,20:50:00,124,7,988
52338,2016-07-10,20:54:00,328,1,1670
52339,2016-07-10,21:06:00,128,2,357
52340,2016-07-10,21:25:00,172,1,1920
52341,2016-07-10,21:27:00,103,1,8981
52342,2016-07-10,21:33:00,70,4,9118
52343,2016-07-10,21:35:00,97,1,5437
52344,2016-07-10,21:47:00,218,1,7874
52345,2016-07-10,21:51:00,403,1,9840
52346,2016-07-10,21:58:00,280,1,1007
52347,2016-07-10,21:59:00,81,1,10523
52348,2016-07-10,22:03:00,291,3,6556
52349,2016-07-10,22:09:00,416,3,2647
52350,2016-07-10,22:33:00,104,1,36
52351,2016-07-10,22:35:00,145,3,4668
52352,2016-07-10,22:36:00,121,3,9461
52353,2016-07-10,22:38:00,175,1,8309
52354,2016-07-10,22:42:00,151,3,9940
52355,2016-07-10,22:42:00,395,3,7230
52356,2016-07-10,22:54:00,32,2,11103
52357,2016-07-10,22:56:00,226,2,1719
52358,2016-07-10,22:57:00,451,3,4054
52359,2016-07-10,23:04:00,388,2,860
52360,2016-07-10,23:07:00,24,2,3152
52361,2016-07-10,23:08:00,325,2,3934
52362,2016-07-10,23:09:00,345,2,8537
52363,2016-07-10,23:10:00,256,4,5476
52364,2016-07-10,23:10:00,216,1,172
52365,2016-07-10,23:24:00,299,3,4124
52366,2016-07-10,23:26:00,83,1,1804
52367,2016-07-10,23:48:00,362,3,8917
52368,2016-07-10,23:52:00,233,1,8458
52369,2016-07-10,23:53:00,113,1,10405
52370,2016-07-10,23:54:00,366,1,6989
52371,2016-07-10,23:58:00,143,2,2344
52372,2016-07-11,00:02:00,155,1,5304
52373,2016-07-11,00:03:00,332,1,1399
52374,2016-07-11,00:12:00,76,2,559
52375,2016-07-11,00:16:00,137,2,1163
52376,2016-07-11,00:19:00,437,1,3336
52377,2016-07-11,00:35:00,252,4,10395
52378,2016-07-11,00:36:00,42,5,11000
52379,2016-07-11,00:40:00,50,2,5391
52380,2016-07-11,00:42:00,155,2,2685
52381,2016-07-11,00:53:00,148,3,11271
52382,2016-07-11,01:29:00,51,3,9168
52383,2016-07-11,01:33:00,301,2,520
52384,2016-07-11,01:34:00,427,1,6680
52385,2016-07-11,01:38:00,420,3,9229
52386,2016-07-11,01:45:00,183,1,389
52387,2016-07-11,01:52:00,35,1,1243
52388,2016-07-11,01:53:00,126,1,1541
52389,2016-07-11,01:58:00,375,2,5080
52390,2016-07-11,02:04:00,72,2,1729
52391,2016-07-11,02:10:00,417,1,93
52392,2016-07-11,02:13:00,358,2,10464
52393,2016-07-11,02:16:00,277,2,1047
52394,2016-07-11,02:19:00,202,3,5051
52395,2016-07-11,02:26:00,259,2,4135
52396,2016-07-11,02:27:00,168,2,2690
52397,2016-07-11,02:41:00,277,2,5458
52398,2016-07-11,02:51:00,294,2,3563
52399,2016-07-11,02:52:00,182,3,6584
52400,2016-07-11,02:53:00,330,3,4350
52401,2016-07-11,02:54:00,120,1,197
52402,2016-07-11,02:55:00,394,1,5535
52403,2016-07-11,03:01:00,133,3,6569
52404,2016-07-11,03:02:00,404,3,1935
52405,2016-07-11,03:11:00,325,4,7243
52406,2016-07-11,03:15:00,328,3,2534
52407,2016-07-11,03:19:00,61,2,5965
52408,2016-07-11,03:28:00,448,3,902
52409,2016-07-11,03:29:00,421,2,9997
52410,2016-07-11,03:29:00,290,2,75
52411,2016-07-11,03:31:00,83,3,11716
52412,2016-07-11,03:39:00,6,1,4324
52413,2016-07-11,03:45:00,349,1,8592
52414,2016-07-11,03:52:00,205,2,1972
52415,2016-07-11,04:05:00,261,2,8632
52416,2016-07-11,04:06:00,207,1,1146
52417,2016-07-11,04:09:00,67,4,9887
52418,2016-07-11,04:10:00,116,1,638
52419,2016-07-11,04:16:00,38,2,3438
52420,2016-07-11,04:37:00,435,1,1600
52421,2016-07-11,04:37:00,294,1,495
52422,2016-07-11,04:38:00,394,2,380
52423,2016-07-11,04:38:00,79,4,10180
52424,2016-07-11,04:47:00,115,4,11611
52425,2016-07-11,04:51:00,284,1,8655
52426,2016-07-11,04:52:00,225,1,9506
52427,2016-07-11,04:53:00,423,3,1609
52428,2016-07-11,05:05:00,294,2,4937
52429,2016-07-11,05:06:00,116,1,2795
52430,2016-07-11,05:10:00,392,2,6672
52431,2016-07-11,05:25:00,405,1,7016
52432,2016-07-11,05:29:00,414,3,1434
52433,2016-07-11,05:31:00,100,1,8453
52434,2016-07-11,05:31:00,431,1,11584
52435,2016-07-11,05:43:00,61,4,4850
52436,2016-07-11,05:46:00,362,1,9761
52437,2016-07-11,05:46:00,291,2,6558
52438,2016-07-11,05:54:00,383,3,4113
52439,2016-07-11,05:56:00,425,1,8944
52440,2016-07-11,06:11:00,357,1,1326
52441,2016-07-11,06:15:00,51,4,3062
52442,2016-07-11,06:18:00,148,1,5243
52443,2016-07-11,06:21:00,239,4,4702
52444,2016-07-11,06:23:00,33,3,8488
52445,2016-07-11,06:24:00,363,2,5340
52446,2016-07-11,06:31:00,247,2,4968
52447,2016-07-11,06:31:00,257,2,10560
52448,2016-07-11,06:32:00,109,1,1486
52449,2016-07-11,06:40:00,435,2,8842
52450,2016-07-11,06:43:00,373,2,6923
52451,2016-07-11,06:49:00,153,3,7424
52452,2016-07-11,06:52:00,352,2,1298
52453,2016-07-11,07:00:00,184,2,4959
52454,2016-07-11,07:11:00,48,1,7422
52455,2016-07-11,07:27:00,205,2,7813
52456,2016-07-11,07:27:00,279,2,9051
52457,2016-07-11,07:37:00,77,1,7293
52458,2016-07-11,07:52:00,245,2,2504
52459,2016-07-11,07:54:00,408,2,9425
52460,2016-07-11,07:58:00,402,1,10070
52461,2016-07-11,08:06:00,15,2,9405
52462,2016-07-11,08:23:00,135,1,8445
52463,2016-07-11,08:28:00,136,1,9314
52464,2016-07-11,08:41:00,411,2,1128
52465,2016-07-11,08:51:00,436,1,5999
52466,2016-07-11,09:00:00,141,1,3730
52467,2016-07-11,09:02:00,396,3,5137
52468,2016-07-11,09:03:00,96,1,11656
52469,2016-07-11,09:05:00,117,3,2452
52470,2016-07-11,09:20:00,204,1,1037
52471,2016-07-11,09:23:00,113,2,2595
52472,2016-07-11,09:38:00,433,4,2178
52473,2016-07-11,09:41:00,358,3,1820
52474,2016-07-11,09:46:00,44,1,3812
52475,2016-07-11,09:47:00,98,2,3344
52476,2016-07-11,09:53:00,391,2,1339
52477,2016-07-11,09:59:00,451,3,1174
52478,2016-07-11,10:00:00,421,3,5366
52479,2016-07-11,10:04:00,340,2,10646
52480,2016-07-11,10:07:00,116,1,5988
52481,2016-07-11,10:10:00,44,2,927
52482,2016-07-11,10:12:00,317,2,7830
52483,2016-07-11,10:17:00,196,1,1596
52484,2016-07-11,10:29:00,238,1,5068
52485,2016-07-11,10:32:00,363,2,10241
52486,2016-07-11,10:35:00,50,1,10331
52487,2016-07-11,10:36:00,28,2,4885
52488,2016-07-11,10:58:00,27,1,7120
52489,2016-07-11,11:01:00,142,2,9022
52490,2016-07-11,11:07:00,359,1,2382
52491,2016-07-11,11:08:00,374,2,8722
52492,2016-07-11,11:16:00,438,2,9881
52493,2016-07-11,11:18:00,82,1,4500
52494,2016-07-11,11:21:00,408,2,6645
52495,2016-07-11,11:22:00,228,3,10272
52496,2016-07-11,11:42:00,373,4,5719
52497,2016-07-11,11:50:00,258,2,5980
52498,2016-07-11,11:51:00,354,1,8300
52499,2016-07-11,11:51:00,390,4,4877
52500,2016-07-11,11:53:00,137,2,10576
52501,2016-07-11,12:13:00,315,3,6422
52502,2016-07-11,12:18:00,455,1,5007
52503,2016-07-11,12:25:00,393,2,10781
52504,2016-07-11,12:32:00,210,2,9312
52505,2016-07-11,12:40:00,314,4,6472
52506,2016-07-11,12:46:00,296,1,618
52507,2016-07-11,12:48:00,352,1,3106
52508,2016-07-11,12:49:00,304,2,359
52509,2016-07-11,12:54:00,356,2,5502
52510,2016-07-11,13:02:00,438,3,1591
52511,2016-07-11,13:06:00,170,2,4581
52512,2016-07-11,13:09:00,368,2,11742
52513,2016-07-11,13:11:00,261,1,5685
52514,2016-07-11,13:17:00,165,1,4031
52515,2016-07-11,13:26:00,315,3,9712
52516,2016-07-11,13:35:00,91,2,1631
52517,2016-07-11,13:38:00,164,2,4841
52518,2016-07-11,13:38:00,340,2,9558
52519,2016-07-11,13:41:00,92,2,5338
52520,2016-07-11,13:41:00,332,2,2268
52521,2016-07-11,13:49:00,71,3,678
52522,2016-07-11,13:56:00,355,1,10798
52523,2016-07-11,14:01:00,361,4,10233
52524,2016-07-11,14:04:00,311,2,11129
52525,2016-07-11,14:12:00,249,1,7309
52526,2016-07-11,14:14:00,22,1,460
52527,2016-07-11,14:26:00,131,2,3787
52528,2016-07-11,14:29:00,161,1,7114
52529,2016-07-11,14:30:00,49,2,9976
52530,2016-07-11,14:34:00,202,5,2298
52531,2016-07-11,14:39:00,222,1,9607
52532,2016-07-11,14:41:00,130,2,7358
52533,2016-07-11,14:44:00,51,2,7472
52534,2016-07-11,15:10:00,314,2,3686
52535,2016-07-11,15:16:00,28,2,5980
52536,2016-07-11,15:20:00,326,1,8750
52537,2016-07-11,15:27:00,260,1,1796
52538,2016-07-11,15:32:00,108,2,2573
52539,2016-07-11,15:40:00,287,2,1527
52540,2016-07-11,15:44:00,199,1,9552
52541,2016-07-11,15:59:00,340,2,9671
52542,2016-07-11,16:04:00,403,4,6176
52543,2016-07-11,16:04:00,124,1,3303
52544,2016-07-11,16:29:00,370,1,9505
52545,2016-07-11,16:34:00,10,2,6703
52546,2016-07-11,16:34:00,262,3,408
52547,2016-07-11,16:43:00,139,2,2836
52548,2016-07-11,16:44:00,202,2,9165
52549,2016-07-11,17:00:00,59,3,8733
52550,2016-07-11,17:05:00,37,1,11546
52551,2016-07-11,17:08:00,114,2,5657
52552,2016-07-11,17:09:00,308,4,5588
52553,2016-07-11,17:14:00,120,1,6992
52554,2016-07-11,17:16:00,239,1,3229
52555,2016-07-11,17:26:00,340,3,2123
52556,2016-07-11,17:31:00,355,2,5118
52557,2016-07-11,17:56:00,56,1,1609
52558,2016-07-11,18:01:00,193,1,561
52559,2016-07-11,18:07:00,5,2,5094
52560,2016-07-11,18:13:00,125,1,81
52561,2016-07-11,18:16:00,407,3,9942
52562,2016-07-11,18:42:00,277,4,11132
52563,2016-07-11,18:45:00,222,4,2387
52564,2016-07-11,18:50:00,62,2,9637
52565,2016-07-11,18:58:00,212,1,3148
52566,2016-07-11,19:05:00,188,1,5112
52567,2016-07-11,19:11:00,228,1,3135
52568,2016-07-11,19:12:00,100,2,3466
52569,2016-07-11,19:20:00,456,2,8743
52570,2016-07-11,19:21:00,180,2,10563
52571,2016-07-11,19:21:00,58,1,7350
52572,2016-07-11,19:21:00,147,1,5454
52573,2016-07-11,19:38:00,80,1,4854
52574,2016-07-11,19:47:00,41,1,4958
52575,2016-07-11,19:48:00,287,2,3337
52576,2016-07-11,19:54:00,209,1,4842
52577,2016-07-11,20:03:00,176,1,10531
52578,2016-07-11,20:04:00,373,2,5267
52579,2016-07-11,20:05:00,406,1,7281
52580,2016-07-11,20:09:00,160,2,2122
52581,2016-07-11,20:10:00,315,2,8578
52582,2016-07-11,20:14:00,143,2,5562
52583,2016-07-11,20:22:00,437,2,8816
52584,2016-07-11,20:26:00,450,3,11599
52585,2016-07-11,20:32:00,453,1,7974
52586,2016-07-11,20:42:00,104,3,8055
52587,2016-07-11,20:43:00,43,4,8096
52588,2016-07-11,20:47:00,15,1,4716
52589,2016-07-11,20:53:00,219,2,1512
52590,2016-07-11,20:53:00,291,7,1093
52591,2016-07-11,20:57:00,372,2,5943
52592,2016-07-11,21:13:00,145,3,3161
52593,2016-07-11,21:30:00,362,2,3298
52594,2016-07-11,21:32:00,437,2,10714
52595,2016-07-11,21:34:00,168,1,5406
52596,2016-07-11,21:44:00,452,2,9453
52597,2016-07-11,21:46:00,154,2,11540
52598,2016-07-11,21:54:00,35,1,5766
52599,2016-07-11,21:58:00,132,2,5234
52600,2016-07-11,22:05:00,80,4,1561
52601,2016-07-11,22:07:00,25,1,2987
52602,2016-07-11,22:10:00,405,4,7096
52603,2016-07-11,22:14:00,309,2,4022
52604,2016-07-11,22:44:00,255,1,5620
52605,2016-07-11,22:44:00,141,1,2729
52606,2016-07-11,22:49:00,5,3,2415
52607,2016-07-11,22:55:00,12,1,3398
52608,2016-07-11,22:59:00,291,3,301
52609,2016-07-11,23:00:00,349,2,7836
52610,2016-07-11,23:01:00,221,2,1046
52611,2016-07-11,23:09:00,268,2,11361
52612,2016-07-11,23:10:00,404,1,2106
52613,2016-07-11,23:14:00,121,1,4879
52614,2016-07-11,23:18:00,131,3,9404
52615,2016-07-11,23:19:00,222,1,3386
52616,2016-07-11,23:21:00,327,4,3106
52617,2016-07-11,23:28:00,15,1,10122
52618,2016-07-11,23:29:00,275,3,9231
52619,2016-07-11,23:42:00,259,1,3053
52620,2016-07-11,23:44:00,370,2,7310
52621,2016-07-11,23:48:00,49,1,2267
52622,2016-07-11,23:50:00,440,2,7328
52623,2016-07-11,23:55:00,286,1,4103
52624,2016-07-12,00:10:00,311,1,3709
52625,2016-07-12,00:13:00,420,1,11949
52626,2016-07-12,00:23:00,372,1,4541
52627,2016-07-12,00:34:00,442,3,2486
52628,2016-07-12,00:36:00,31,1,9342
52629,2016-07-12,00:37:00,145,3,8424
52630,2016-07-12,00:45:00,151,2,8388
52631,2016-07-12,00:53:00,327,1,2071
52632,2016-07-12,01:10:00,134,1,3207
52633,2016-07-12,01:31:00,367,2,652
52634,2016-07-12,01:39:00,125,3,10156
52635,2016-07-12,01:41:00,194,1,10105
52636,2016-07-12,01:42:00,293,1,938
52637,2016-07-12,01:45:00,394,5,8103
52638,2016-07-12,01:45:00,160,1,2198
52639,2016-07-12,01:46:00,86,1,10422
52640,2016-07-12,01:46:00,399,2,3310
52641,2016-07-12,02:02:00,309,2,4394
52642,2016-07-12,02:10:00,268,2,5733
52643,2016-07-12,02:13:00,427,2,11383
52644,2016-07-12,02:15:00,175,2,4819
52645,2016-07-12,02:15:00,56,3,7119
52646,2016-07-12,02:19:00,406,1,8652
52647,2016-07-12,02:29:00,93,4,9655
52648,2016-07-12,02:35:00,379,1,3796
52649,2016-07-12,02:39:00,199,1,4744
52650,2016-07-12,02:46:00,432,4,10751
52651,2016-07-12,02:52:00,65,3,8845
52652,2016-07-12,02:59:00,247,1,10324
52653,2016-07-12,03:09:00,232,1,8336
52654,2016-07-12,03:12:00,289,1,8016
52655,2016-07-12,03:12:00,423,5,6096
52656,2016-07-12,03:24:00,393,1,10756
52657,2016-07-12,03:34:00,125,1,1410
52658,2016-07-12,03:39:00,371,1,5100
52659,2016-07-12,03:43:00,233,5,1805
52660,2016-07-12,03:59:00,357,3,7881
52661,2016-07-12,04:11:00,304,4,8221
52662,2016-07-12,04:18:00,413,2,4030
52663,2016-07-12,04:21:00,76,4,8341
52664,2016-07-12,04:24:00,180,2,6296
52665,2016-07-12,04:26:00,288,1,4966
52666,2016-07-12,04:34:00,378,2,6011
52667,2016-07-12,04:35:00,19,1,8507
52668,2016-07-12,04:39:00,245,1,10832
52669,2016-07-12,04:46:00,277,1,4827
52670,2016-07-12,04:56:00,182,1,1594
52671,2016-07-12,05:07:00,441,2,8187
52672,2016-07-12,05:10:00,51,1,7974
52673,2016-07-12,05:10:00,213,2,3580
52674,2016-07-12,05:15:00,275,1,817
52675,2016-07-12,05:18:00,318,3,88
52676,2016-07-12,05:26:00,93,2,8569
52677,2016-07-12,05:37:00,442,1,8007
52678,2016-07-12,05:39:00,217,2,3398
52679,2016-07-12,05:40:00,41,2,4052
52680,2016-07-12,05:43:00,311,1,9077
52681,2016-07-12,05:44:00,396,1,8258
52682,2016-07-12,05:49:00,34,4,8023
52683,2016-07-12,05:57:00,270,2,2230
52684,2016-07-12,06:00:00,178,3,1592
52685,2016-07-12,06:06:00,35,2,4319
52686,2016-07-12,06:08:00,186,1,5806
52687,2016-07-12,06:14:00,312,3,741
52688,2016-07-12,06:16:00,168,2,11670
52689,2016-07-12,06:21:00,38,1,1255
52690,2016-07-12,06:23:00,108,3,4494
52691,2016-07-12,06:24:00,220,1,3082
52692,2016-07-12,06:27:00,173,1,1692
52693,2016-07-12,06:33:00,453,2,10270
52694,2016-07-12,06:48:00,380,1,2764
52695,2016-07-12,06:57:00,11,2,4715
52696,2016-07-12,06:59:00,51,1,10742
52697,2016-07-12,07:00:00,335,4,5443
52698,2016-07-12,07:03:00,121,2,7172
52699,2016-07-12,07:17:00,281,1,1536
52700,2016-07-12,07:17:00,237,3,3975
52701,2016-07-12,07:28:00,344,6,606
52702,2016-07-12,07:34:00,53,1,4768
52703,2016-07-12,07:47:00,57,2,3210
52704,2016-07-12,07:55:00,239,2,4495
52705,2016-07-12,07:56:00,13,2,1707
52706,2016-07-12,07:56:00,441,2,11417
52707,2016-07-12,08:09:00,28,2,2956
52708,2016-07-12,08:12:00,433,1,10590
52709,2016-07-12,08:16:00,23,3,6384
52710,2016-07-12,08:20:00,401,2,7653
52711,2016-07-12,08:21:00,388,1,333
52712,2016-07-12,08:23:00,131,2,987
52713,2016-07-12,08:40:00,383,1,8266
52714,2016-07-12,08:48:00,250,2,4909
52715,2016-07-12,08:55:00,226,1,10434
52716,2016-07-12,08:57:00,136,1,3782
52717,2016-07-12,09:12:00,18,1,11987
52718,2016-07-12,09:12:00,440,1,789
52719,2016-07-12,09:23:00,85,1,10730
52720,2016-07-12,09:28:00,45,4,7157
52721,2016-07-12,09:38:00,68,3,11929
52722,2016-07-12,09:39:00,381,1,2824
52723,2016-07-12,09:45:00,458,2,3266
52724,2016-07-12,09:46:00,296,2,5270
52725,2016-07-12,09:52:00,413,3,4938
52726,2016-07-12,09:59:00,39,3,3132
52727,2016-07-12,10:02:00,298,3,6447
52728,2016-07-12,10:03:00,148,2,11683
52729,2016-07-12,10:07:00,121,2,3168
52730,2016-07-12,10:07:00,457,1,4100
52731,2016-07-12,10:14:00,350,3,364
52732,2016-07-12,10:16:00,294,3,2720
52733,2016-07-12,10:18:00,30,2,423
52734,2016-07-12,10:20:00,23,1,8433
52735,2016-07-12,10:21:00,40,3,6634
52736,2016-07-12,10:25:00,428,4,10569
52737,2016-07-12,10:32:00,169,1,7917
52738,2016-07-12,10:33:00,348,2,9924
52739,2016-07-12,10:44:00,67,2,7098
52740,2016-07-12,10:51:00,67,1,6887
52741,2016-07-12,11:07:00,327,1,11910
52742,2016-07-12,11:11:00,88,4,9777
52743,2016-07-12,11:11:00,261,3,4658
52744,2016-07-12,11:16:00,413,1,10903
52745,2016-07-12,11:17:00,152,2,5407
52746,2016-07-12,11:30:00,378,4,8798
52747,2016-07-12,11:31:00,402,1,3184
52748,2016-07-12,11:34:00,30,2,11463
52749,2016-07-12,11:34:00,49,2,5500
52750,2016-07-12,11:36:00,12,1,1063
52751,2016-07-12,11:37:00,109,2,11208
52752,2016-07-12,11:38:00,253,2,9665
52753,2016-07-12,11:39:00,137,1,8502
52754,2016-07-12,11:42:00,17,2,593
52755,2016-07-12,11:49:00,394,3,1376
52756,2016-07-12,11:51:00,171,3,5066
52757,2016-07-12,11:53:00,365,1,707
52758,2016-07-12,11:54:00,332,2,10219
52759,2016-07-12,11:56:00,330,2,1535
52760,2016-07-12,12:02:00,70,1,11443
52761,2016-07-12,12:14:00,276,2,5597
52762,2016-07-12,12:15:00,328,1,4872
52763,2016-07-12,12:26:00,137,2,4780
52764,2016-07-12,12:33:00,422,4,11934
52765,2016-07-12,12:34:00,323,1,2824
52766,2016-07-12,12:37:00,271,1,7824
52767,2016-07-12,12:51:00,312,2,7450
52768,2016-07-12,12:53:00,148,2,9993
52769,2016-07-12,12:56:00,54,3,8756
52770,2016-07-12,12:59:00,93,3,5436
52771,2016-07-12,13:02:00,193,3,6086
52772,2016-07-12,13:03:00,358,1,5554
52773,2016-07-12,13:07:00,212,1,169
52774,2016-07-12,13:08:00,67,1,8015
52775,2016-07-12,13:13:00,100,1,11922
52776,2016-07-12,13:16:00,250,1,8225
52777,2016-07-12,13:29:00,119,2,10404
52778,2016-07-12,13:29:00,342,3,7923
52779,2016-07-12,13:33:00,52,1,8797
52780,2016-07-12,13:37:00,172,4,5309
52781,2016-07-12,13:37:00,351,1,10779
52782,2016-07-12,13:52:00,77,2,9560
52783,2016-07-12,13:56:00,277,2,1540
52784,2016-07-12,14:00:00,295,1,1359
52785,2016-07-12,14:02:00,322,1,9649
52786,2016-07-12,14:02:00,303,1,2296
52787,2016-07-12,14:03:00,128,3,11122
52788,2016-07-12,14:06:00,305,3,3852
52789,2016-07-12,14:07:00,271,3,5350
52790,2016-07-12,14:19:00,334,1,7743
52791,2016-07-12,14:19:00,429,1,5140
52792,2016-07-12,14:21:00,50,2,11227
52793,2016-07-12,14:21:00,79,3,9688
52794,2016-07-12,14:45:00,407,3,9055
52795,2016-07-12,14:45:00,52,1,5409
52796,2016-07-12,15:01:00,288,4,7597
52797,2016-07-12,15:08:00,213,1,3315
52798,2016-07-12,15:09:00,337,2,2101
52799,2016-07-12,15:11:00,123,3,3013
52800,2016-07-12,15:14:00,94,2,4921
52801,2016-07-12,15:20:00,261,5,9820
52802,2016-07-12,15:23:00,351,3,8670
52803,2016-07-12,15:24:00,22,1,516
52804,2016-07-12,15:25:00,22,2,1855
52805,2016-07-12,15:27:00,42,3,3900
52806,2016-07-12,15:29:00,18,3,10571
52807,2016-07-12,15:42:00,43,3,4837
52808,2016-07-12,15:48:00,5,2,11301
52809,2016-07-12,15:50:00,300,4,1606
52810,2016-07-12,16:06:00,432,3,4732
52811,2016-07-12,16:17:00,149,3,4528
52812,2016-07-12,16:17:00,380,1,4588
52813,2016-07-12,16:21:00,327,4,3955
52814,2016-07-12,16:39:00,87,1,3595
52815,2016-07-12,16:56:00,344,3,369
52816,2016-07-12,16:58:00,130,3,5987
52817,2016-07-12,17:10:00,110,1,3210
52818,2016-07-12,17:17:00,204,1,8741
52819,2016-07-12,17:18:00,213,2,5383
52820,2016-07-12,17:19:00,142,1,6257
52821,2016-07-12,17:21:00,330,5,11718
52822,2016-07-12,17:23:00,357,1,3693
52823,2016-07-12,17:28:00,186,1,7085
52824,2016-07-12,17:38:00,430,1,8548
52825,2016-07-12,17:41:00,398,2,4418
52826,2016-07-12,17:56:00,15,1,4878
52827,2016-07-12,18:24:00,289,2,2908
52828,2016-07-12,18:25:00,101,4,6095
52829,2016-07-12,18:25:00,449,2,2795
52830,2016-07-12,18:35:00,439,3,8493
52831,2016-07-12,18:37:00,251,3,3087
52832,2016-07-12,18:40:00,130,1,7741
52833,2016-07-12,18:51:00,167,3,8988
52834,2016-07-12,18:53:00,375,1,8151
52835,2016-07-12,18:59:00,283,4,10757
52836,2016-07-12,19:00:00,404,1,5509
52837,2016-07-12,19:19:00,296,1,5994
52838,2016-07-12,19:33:00,152,1,8921
52839,2016-07-12,19:43:00,157,2,1244
52840,2016-07-12,19:46:00,230,2,9910
52841,2016-07-12,19:47:00,292,6,4774
52842,2016-07-12,19:49:00,149,2,8672
52843,2016-07-12,19:52:00,438,2,2466
52844,2016-07-12,19:55:00,452,2,4638
52845,2016-07-12,19:59:00,173,4,5107
52846,2016-07-12,20:01:00,392,1,2960
52847,2016-07-12,20:02:00,247,2,2109
52848,2016-07-12,20:10:00,2,3,4842
52849,2016-07-12,20:11:00,29,1,10661
52850,2016-07-12,20:18:00,162,2,2
52851,2016-07-12,20:21:00,86,1,11561
52852,2016-07-12,20:25:00,280,4,11607
52853,2016-07-12,20:26:00,173,1,8133
52854,2016-07-12,20:42:00,254,2,10431
52855,2016-07-12,20:42:00,380,1,5528
52856,2016-07-12,20:45:00,325,2,11574
52857,2016-07-12,20:56:00,258,3,7294
52858,2016-07-12,21:04:00,391,1,5485
52859,2016-07-12,21:14:00,159,1,9275
52860,2016-07-12,21:17:00,436,3,4863
52861,2016-07-12,21:20:00,75,2,3841
52862,2016-07-12,21:40:00,258,1,9187
52863,2016-07-12,21:42:00,362,2,7501
52864,2016-07-12,21:45:00,322,1,11770
52865,2016-07-12,21:46:00,63,2,3612
52866,2016-07-12,21:50:00,396,2,11459
52867,2016-07-12,21:55:00,406,2,6934
52868,2016-07-12,21:56:00,65,1,5476
52869,2016-07-12,21:58:00,209,2,971
52870,2016-07-12,22:02:00,222,1,6228
52871,2016-07-12,22:09:00,213,2,3883
52872,2016-07-12,22:09:00,90,3,7179
52873,2016-07-12,22:23:00,409,1,8177
52874,2016-07-12,22:31:00,391,3,9525
52875,2016-07-12,22:33:00,85,1,7307
52876,2016-07-12,22:33:00,182,1,10275
52877,2016-07-12,22:34:00,192,4,10697
52878,2016-07-12,22:41:00,149,2,8310
52879,2016-07-12,22:42:00,393,2,9133
52880,2016-07-12,22:44:00,158,3,6642
52881,2016-07-12,22:46:00,246,2,4235
52882,2016-07-12,22:54:00,218,3,10525
52883,2016-07-12,22:56:00,280,2,175
52884,2016-07-12,23:01:00,299,1,6540
52885,2016-07-12,23:07:00,310,1,10178
52886,2016-07-12,23:10:00,106,1,6972
52887,2016-07-12,23:15:00,385,3,7679
52888,2016-07-12,23:27:00,32,2,10505
52889,2016-07-12,23:27:00,102,3,6653
52890,2016-07-12,23:27:00,422,3,4074
52891,2016-07-12,23:30:00,437,2,7345
52892,2016-07-12,23:36:00,76,3,10195
52893,2016-07-12,23:43:00,156,1,3009
52894,2016-07-12,23:43:00,32,3,5965
52895,2016-07-12,23:45:00,119,1,7211
52896,2016-07-13,00:04:00,180,1,9771
52897,2016-07-13,00:07:00,202,1,5609
52898,2016-07-13,00:07:00,24,2,4109
52899,2016-07-13,00:14:00,404,2,3064
52900,2016-07-13,00:16:00,138,1,7473
52901,2016-07-13,00:28:00,353,3,3396
52902,2016-07-13,00:28:00,112,1,8385
52903,2016-07-13,00:49:00,127,2,1083
52904,2016-07-13,00:58:00,160,2,1360
52905,2016-07-13,01:07:00,410,1,5778
52906,2016-07-13,01:18:00,334,2,3638
52907,2016-07-13,01:19:00,39,3,875
52908,2016-07-13,01:26:00,405,3,9846
52909,2016-07-13,01:30:00,101,2,8651
52910,2016-07-13,01:30:00,219,1,9702
52911,2016-07-13,01:40:00,94,3,28
52912,2016-07-13,01:46:00,290,3,8200
52913,2016-07-13,01:54:00,424,1,4746
52914,2016-07-13,01:56:00,373,1,249
52915,2016-07-13,02:09:00,350,4,9234
52916,2016-07-13,02:10:00,84,1,5137
52917,2016-07-13,02:11:00,316,2,9183
52918,2016-07-13,02:19:00,119,3,8556
52919,2016-07-13,02:33:00,266,3,121
52920,2016-07-13,02:34:00,428,1,5594
52921,2016-07-13,02:38:00,384,5,8267
52922,2016-07-13,02:38:00,334,2,8119
52923,2016-07-13,02:45:00,199,3,2461
52924,2016-07-13,02:45:00,291,2,2707
52925,2016-07-13,02:49:00,364,1,4716
52926,2016-07-13,02:52:00,122,1,2777
52927,2016-07-13,02:53:00,328,3,6808
52928,2016-07-13,02:56:00,205,1,7778
52929,2016-07-13,03:21:00,22,3,4154
52930,2016-07-13,03:22:00,133,1,6863
52931,2016-07-13,03:29:00,87,2,10314
52932,2016-07-13,03:30:00,166,2,6382
52933,2016-07-13,03:36:00,421,3,7977
52934,2016-07-13,03:41:00,348,2,10844
52935,2016-07-13,03:43:00,25,2,1282
52936,2016-07-13,03:45:00,62,3,366
52937,2016-07-13,03:46:00,73,1,7229
52938,2016-07-13,03:46:00,249,1,8093
52939,2016-07-13,03:53:00,276,2,6843
52940,2016-07-13,03:56:00,354,1,889
52941,2016-07-13,04:06:00,3,2,10945
52942,2016-07-13,04:10:00,168,1,7238
52943,2016-07-13,04:22:00,26,2,11164
52944,2016-07-13,04:26:00,209,2,2648
52945,2016-07-13,04:36:00,441,1,2791
52946,2016-07-13,04:46:00,108,1,6400
52947,2016-07-13,04:48:00,40,3,9944
52948,2016-07-13,04:49:00,439,3,11468
52949,2016-07-13,04:52:00,108,2,324
52950,2016-07-13,04:58:00,249,1,1837
52951,2016-07-13,04:59:00,25,1,2976
52952,2016-07-13,05:07:00,7,2,6560
52953,2016-07-13,05:08:00,280,1,8521
52954,2016-07-13,05:10:00,93,2,1786
52955,2016-07-13,05:12:00,120,2,7062
52956,2016-07-13,05:13:00,294,1,8718
52957,2016-07-13,05:18:00,192,2,2306
52958,2016-07-13,05:35:00,199,2,5403
52959,2016-07-13,05:40:00,334,1,4263
52960,2016-07-13,05:42:00,10,2,4313
52961,2016-07-13,05:42:00,299,1,3214
52962,2016-07-13,05:44:00,3,2,9329
52963,2016-07-13,05:46:00,162,2,1880
52964,2016-07-13,05:46:00,210,2,7115
52965,2016-07-13,05:47:00,220,2,2577
52966,2016-07-13,05:51:00,380,3,8858
52967,2016-07-13,06:15:00,235,2,2334
52968,2016-07-13,06:20:00,298,2,11919
52969,2016-07-13,06:20:00,304,1,3262
52970,2016-07-13,06:20:00,90,1,8290
52971,2016-07-13,06:24:00,314,1,3894
52972,2016-07-13,06:26:00,117,2,3484
52973,2016-07-13,06:28:00,264,3,7018
52974,2016-07-13,06:41:00,130,1,7639
52975,2016-07-13,06:54:00,197,2,7420
52976,2016-07-13,06:58:00,416,1,10115
52977,2016-07-13,07:06:00,48,1,1326
52978,2016-07-13,07:13:00,454,1,5988
52979,2016-07-13,07:16:00,55,2,5874
52980,2016-07-13,07:16:00,336,2,11725
52981,2016-07-13,07:17:00,330,2,1254
52982,2016-07-13,07:23:00,50,1,8344
52983,2016-07-13,07:26:00,236,3,9843
52984,2016-07-13,07:29:00,191,1,2495
52985,2016-07-13,07:37:00,275,1,4367
52986,2016-07-13,07:42:00,427,1,9196
52987,2016-07-13,07:44:00,205,1,5160
52988,2016-07-13,07:52:00,231,2,6210
52989,2016-07-13,07:56:00,201,3,7925
52990,2016-07-13,08:16:00,392,3,1711
52991,2016-07-13,08:17:00,102,3,1771
52992,2016-07-13,08:20:00,175,2,5948
52993,2016-07-13,08:22:00,335,1,2085
52994,2016-07-13,08:27:00,284,1,8324
52995,2016-07-13,08:33:00,187,1,4881
52996,2016-07-13,08:41:00,12,3,3622
52997,2016-07-13,08:42:00,74,1,3786
52998,2016-07-13,08:47:00,256,4,1648
52999,2016-07-13,08:54:00,449,4,10147
53000,2016-07-13,08:54:00,24,2,4674
53001,2016-07-13,08:57:00,262,1,9401
53002,2016-07-13,08:57:00,66,2,778
53003,2016-07-13,09:05:00,165,1,1055
53004,2016-07-13,09:11:00,122,2,3674
53005,2016-07-13,09:15:00,176,1,3575
53006,2016-07-13,09:16:00,399,3,4859
53007,2016-07-13,09:19:00,412,4,9948
53008,2016-07-13,09:22:00,232,2,834
53009,2016-07-13,09:23:00,380,3,9323
53010,2016-07-13,09:30:00,114,1,7585
53011,2016-07-13,09:32:00,16,3,7761
53012,2016-07-13,09:42:00,4,2,9215
53013,2016-07-13,09:44:00,271,2,2783
53014,2016-07-13,09:57:00,171,3,6505
53015,2016-07-13,09:59:00,10,1,2970
53016,2016-07-13,09:59:00,13,3,8934
53017,2016-07-13,09:59:00,39,1,3461
53018,2016-07-13,10:00:00,284,2,1398
53019,2016-07-13,10:17:00,396,1,2039
53020,2016-07-13,10:26:00,26,2,2109
53021,2016-07-13,10:31:00,294,3,11015
53022,2016-07-13,10:33:00,174,2,4010
53023,2016-07-13,10:34:00,169,2,1834
53024,2016-07-13,10:35:00,361,2,9381
53025,2016-07-13,10:37:00,190,1,2937
53026,2016-07-13,10:59:00,125,2,1283
53027,2016-07-13,11:04:00,17,5,8945
53028,2016-07-13,11:05:00,335,1,3736
53029,2016-07-13,11:06:00,162,1,3481
53030,2016-07-13,11:08:00,155,1,8824
53031,2016-07-13,11:13:00,61,2,2534
53032,2016-07-13,11:20:00,62,2,3144
53033,2016-07-13,11:23:00,220,1,10446
53034,2016-07-13,11:31:00,304,2,8115
53035,2016-07-13,11:41:00,74,2,6381
53036,2016-07-13,11:50:00,197,1,7919
53037,2016-07-13,11:52:00,197,1,8854
53038,2016-07-13,12:08:00,50,3,812
53039,2016-07-13,12:13:00,27,1,9823
53040,2016-07-13,12:14:00,439,1,8924
53041,2016-07-13,12:15:00,102,1,6326
53042,2016-07-13,12:17:00,269,1,3204
53043,2016-07-13,12:20:00,151,2,7407
53044,2016-07-13,12:26:00,438,2,6773
53045,2016-07-13,12:28:00,88,1,11647
53046,2016-07-13,12:33:00,288,1,4862
53047,2016-07-13,12:37:00,103,2,1884
53048,2016-07-13,12:37:00,450,2,3541
53049,2016-07-13,12:44:00,377,1,2562
53050,2016-07-13,12:48:00,341,1,9733
53051,2016-07-13,12:49:00,185,1,8888
53052,2016-07-13,12:50:00,359,1,1524
53053,2016-07-13,12:52:00,27,4,637
53054,2016-07-13,12:55:00,4,2,2293
53055,2016-07-13,12:55:00,406,2,3190
53056,2016-07-13,13:01:00,101,1,4604
53057,2016-07-13,13:02:00,233,3,3144
53058,2016-07-13,13:15:00,384,2,10727
53059,2016-07-13,13:16:00,46,1,6260
53060,2016-07-13,13:22:00,359,1,2181
53061,2016-07-13,13:24:00,316,1,11642
53062,2016-07-13,13:25:00,299,2,11345
53063,2016-07-13,13:29:00,79,1,8428
53064,2016-07-13,13:36:00,453,1,7940
53065,2016-07-13,13:37:00,148,1,9317
53066,2016-07-13,13:45:00,71,2,4857
53067,2016-07-13,13:48:00,216,1,8211
53068,2016-07-13,13:54:00,188,3,10502
53069,2016-07-13,13:54:00,85,5,6221
53070,2016-07-13,13:55:00,381,3,5373
53071,2016-07-13,13:58:00,99,1,5190
53072,2016-07-13,13:58:00,235,1,6783
53073,2016-07-13,14:01:00,70,1,11150
53074,2016-07-13,14:03:00,398,2,9184
53075,2016-07-13,14:04:00,231,1,4663
53076,2016-07-13,14:04:00,52,1,5294
53077,2016-07-13,14:08:00,404,1,5834
53078,2016-07-13,14:12:00,356,3,9863
53079,2016-07-13,14:16:00,147,2,240
53080,2016-07-13,14:18:00,40,1,10967
53081,2016-07-13,14:20:00,97,1,8757
53082,2016-07-13,14:26:00,316,1,10491
53083,2016-07-13,14:28:00,172,3,7324
53084,2016-07-13,14:35:00,52,5,1265
53085,2016-07-13,14:49:00,161,2,4871
53086,2016-07-13,14:49:00,254,1,707
53087,2016-07-13,14:51:00,94,3,11107
53088,2016-07-13,14:54:00,313,1,4643
53089,2016-07-13,14:57:00,325,3,5885
53090,2016-07-13,14:58:00,66,1,3913
53091,2016-07-13,15:02:00,52,3,10713
53092,2016-07-13,15:03:00,299,2,2742
53093,2016-07-13,15:11:00,421,4,9097
53094,2016-07-13,15:13:00,132,3,4775
53095,2016-07-13,15:19:00,254,2,3194
53096,2016-07-13,15:22:00,328,3,7446
53097,2016-07-13,15:24:00,264,1,14
53098,2016-07-13,15:25:00,45,3,4839
53099,2016-07-13,15:26:00,412,2,8927
53100,2016-07-13,15:32:00,273,2,1415
53101,2016-07-13,15:51:00,20,2,2381
53102,2016-07-13,15:52:00,217,3,2105
53103,2016-07-13,15:53:00,76,2,694
53104,2016-07-13,16:00:00,204,1,2867
53105,2016-07-13,16:09:00,428,3,6650
53106,2016-07-13,16:14:00,373,1,456
53107,2016-07-13,16:14:00,1,2,1651
53108,2016-07-13,16:22:00,221,2,11956
53109,2016-07-13,16:24:00,294,5,9456
53110,2016-07-13,16:35:00,414,2,2411
53111,2016-07-13,16:35:00,124,2,10004
53112,2016-07-13,16:38:00,68,2,10539
53113,2016-07-13,16:39:00,448,3,6723
53114,2016-07-13,16:39:00,120,4,8335
53115,2016-07-13,16:53:00,402,3,2905
53116,2016-07-13,17:03:00,353,3,5089
53117,2016-07-13,17:06:00,178,1,6717
53118,2016-07-13,17:12:00,73,2,8331
53119,2016-07-13,17:16:00,443,1,7378
53120,2016-07-13,17:34:00,167,1,6149
53121,2016-07-13,17:37:00,217,2,3069
53122,2016-07-13,17:38:00,269,2,5144
53123,2016-07-13,17:55:00,13,2,9477
53124,2016-07-13,17:59:00,144,1,2456
53125,2016-07-13,18:00:00,431,2,3668
53126,2016-07-13,18:01:00,325,2,9267
53127,2016-07-13,18:05:00,406,4,10004
53128,2016-07-13,18:14:00,259,5,9951
53129,2016-07-13,18:14:00,109,1,8211
53130,2016-07-13,18:15:00,13,3,8370
53131,2016-07-13,18:25:00,196,2,1421
53132,2016-07-13,18:29:00,192,3,7747
53133,2016-07-13,18:30:00,262,3,9379
53134,2016-07-13,18:45:00,151,1,4391
53135,2016-07-13,18:46:00,369,1,2093
53136,2016-07-13,18:47:00,173,2,7722
53137,2016-07-13,18:51:00,377,3,2807
53138,2016-07-13,18:55:00,223,2,5271
53139,2016-07-13,18:58:00,152,2,10130
53140,2016-07-13,18:58:00,424,2,8795
53141,2016-07-13,19:03:00,92,4,142
53142,2016-07-13,19:22:00,444,2,6167
53143,2016-07-13,19:28:00,315,2,10206
53144,2016-07-13,19:30:00,204,1,4809
53145,2016-07-13,19:38:00,145,3,6138
53146,2016-07-13,19:44:00,376,1,4585
53147,2016-07-13,19:45:00,443,3,9865
53148,2016-07-13,19:46:00,407,2,750
53149,2016-07-13,19:48:00,160,2,10351
53150,2016-07-13,20:03:00,2,3,6114
53151,2016-07-13,20:07:00,263,1,8752
53152,2016-07-13,20:10:00,407,2,5216
53153,2016-07-13,20:11:00,453,2,6588
53154,2016-07-13,20:16:00,18,3,8364
53155,2016-07-13,20:20:00,44,5,7146
53156,2016-07-13,20:22:00,269,2,1879
53157,2016-07-13,20:22:00,269,1,6537
53158,2016-07-13,20:23:00,50,2,2378
53159,2016-07-13,20:25:00,26,2,362
53160,2016-07-13,20:26:00,458,1,10626
53161,2016-07-13,20:29:00,58,2,1046
53162,2016-07-13,20:32:00,318,1,11155
53163,2016-07-13,20:34:00,145,4,10928
53164,2016-07-13,20:34:00,85,3,1777
53165,2016-07-13,20:36:00,27,1,9907
53166,2016-07-13,20:39:00,443,2,3193
53167,2016-07-13,20:45:00,20,3,9305
53168,2016-07-13,20:47:00,150,3,8905
53169,2016-07-13,21:05:00,127,2,11347
53170,2016-07-13,21:11:00,156,3,6647
53171,2016-07-13,21:14:00,358,2,10728
53172,2016-07-13,21:23:00,80,1,7063
53173,2016-07-13,21:24:00,319,2,9470
53174,2016-07-13,21:36:00,122,2,4281
53175,2016-07-13,21:44:00,325,3,4716
53176,2016-07-13,21:45:00,190,2,5483
53177,2016-07-13,21:53:00,220,1,7913
53178,2016-07-13,22:14:00,173,1,7559
53179,2016-07-13,22:23:00,345,2,9888
53180,2016-07-13,22:23:00,336,2,9640
53181,2016-07-13,22:30:00,403,2,8363
53182,2016-07-13,22:44:00,133,2,1009
53183,2016-07-13,22:46:00,176,2,1326
53184,2016-07-13,22:49:00,61,2,421
53185,2016-07-13,22:52:00,436,1,4318
53186,2016-07-13,22:59:00,46,2,4940
53187,2016-07-13,23:00:00,247,2,2051
53188,2016-07-13,23:01:00,83,2,5500
53189,2016-07-13,23:08:00,189,1,10377
53190,2016-07-13,23:08:00,182,4,252
53191,2016-07-13,23:11:00,285,1,6955
53192,2016-07-13,23:13:00,416,1,10954
53193,2016-07-13,23:16:00,42,1,454
53194,2016-07-13,23:20:00,184,2,4126
53195,2016-07-13,23:23:00,371,4,548
53196,2016-07-13,23:27:00,434,2,7848
53197,2016-07-13,23:28:00,433,2,215
53198,2016-07-13,23:33:00,165,1,1872
53199,2016-07-13,23:34:00,281,1,5558
53200,2016-07-13,23:43:00,307,1,206
53201,2016-07-13,23:43:00,20,1,5336
53202,2016-07-13,23:44:00,288,3,10813
53203,2016-07-13,23:48:00,76,4,543
53204,2016-07-13,23:50:00,107,2,9909
53205,2016-07-14,00:04:00,234,3,7983
53206,2016-07-14,00:09:00,6,1,3481
53207,2016-07-14,00:14:00,292,1,2042
53208,2016-07-14,00:15:00,410,1,3809
53209,2016-07-14,00:17:00,181,2,9597
53210,2016-07-14,00:21:00,173,3,3567
53211,2016-07-14,00:26:00,55,3,2011
53212,2016-07-14,00:27:00,161,3,1604
53213,2016-07-14,00:29:00,33,2,6234
53214,2016-07-14,00:30:00,335,1,3376
53215,2016-07-14,00:43:00,152,2,6982
53216,2016-07-14,00:44:00,335,1,4841
53217,2016-07-14,00:48:00,385,2,9373
53218,2016-07-14,01:00:00,428,3,6132
53219,2016-07-14,01:04:00,309,2,3271
53220,2016-07-14,01:07:00,102,2,305
53221,2016-07-14,01:17:00,200,1,10611
53222,2016-07-14,01:22:00,173,1,7301
53223,2016-07-14,01:27:00,265,1,8965
53224,2016-07-14,01:28:00,231,3,4814
53225,2016-07-14,01:29:00,220,2,3407
53226,2016-07-14,01:31:00,80,2,8387
53227,2016-07-14,01:33:00,161,1,6804
53228,2016-07-14,01:34:00,23,2,1362
53229,2016-07-14,01:37:00,301,1,11962
53230,2016-07-14,01:39:00,408,1,6977
53231,2016-07-14,01:41:00,258,2,4197
53232,2016-07-14,01:41:00,199,3,11425
53233,2016-07-14,02:12:00,37,2,2382
53234,2016-07-14,02:15:00,162,4,11236
53235,2016-07-14,02:16:00,198,2,260
53236,2016-07-14,02:20:00,146,2,6865
53237,2016-07-14,02:24:00,156,2,4725
53238,2016-07-14,02:27:00,221,2,3097
53239,2016-07-14,02:29:00,347,1,9129
53240,2016-07-14,02:30:00,152,1,9995
53241,2016-07-14,02:34:00,452,2,9365
53242,2016-07-14,02:38:00,31,1,101
53243,2016-07-14,02:40:00,455,1,8064
53244,2016-07-14,02:48:00,337,3,1651
53245,2016-07-14,02:55:00,68,1,11516
53246,2016-07-14,03:02:00,162,2,9256
53247,2016-07-14,03:04:00,171,3,9919
53248,2016-07-14,03:05:00,441,1,11271
53249,2016-07-14,03:11:00,270,2,10619
53250,2016-07-14,03:12:00,177,1,7820
53251,2016-07-14,03:17:00,177,2,543
53252,2016-07-14,03:31:00,321,2,2521
53253,2016-07-14,03:46:00,103,4,10557
53254,2016-07-14,03:51:00,272,2,3430
53255,2016-07-14,03:51:00,420,2,7973
53256,2016-07-14,03:52:00,452,2,10598
53257,2016-07-14,03:52:00,427,2,3004
53258,2016-07-14,03:55:00,47,3,2213
53259,2016-07-14,03:55:00,444,1,2080
53260,2016-07-14,04:03:00,96,2,8452
53261,2016-07-14,04:03:00,49,2,11216
53262,2016-07-14,04:04:00,56,2,11591
53263,2016-07-14,04:05:00,262,3,4577
53264,2016-07-14,04:23:00,262,1,3671
53265,2016-07-14,04:26:00,118,2,1638
53266,2016-07-14,04:31:00,234,1,7771
53267,2016-07-14,04:35:00,164,1,7236
53268,2016-07-14,04:45:00,211,2,2153
53269,2016-07-14,04:52:00,232,1,11906
53270,2016-07-14,05:04:00,316,1,816
53271,2016-07-14,05:06:00,195,4,6320
53272,2016-07-14,05:09:00,288,2,7070
53273,2016-07-14,05:16:00,81,1,4251
53274,2016-07-14,05:25:00,306,2,8139
53275,2016-07-14,05:28:00,331,1,8845
53276,2016-07-14,05:40:00,311,1,11702
53277,2016-07-14,05:47:00,51,2,11439
53278,2016-07-14,05:52:00,237,1,3174
53279,2016-07-14,06:00:00,7,3,9417
53280,2016-07-14,06:03:00,179,2,10856
53281,2016-07-14,06:08:00,252,1,4199
53282,2016-07-14,06:13:00,220,1,3895
53283,2016-07-14,06:18:00,447,2,4078
53284,2016-07-14,06:19:00,404,1,6996
53285,2016-07-14,06:27:00,123,1,9911
53286,2016-07-14,06:40:00,247,2,2071
53287,2016-07-14,06:46:00,124,2,10560
53288,2016-07-14,06:50:00,112,3,6418
53289,2016-07-14,06:57:00,16,2,3523
53290,2016-07-14,07:08:00,182,1,8196
53291,2016-07-14,07:09:00,94,2,6603
53292,2016-07-14,07:20:00,392,2,11904
53293,2016-07-14,07:24:00,187,2,6349
53294,2016-07-14,07:24:00,244,3,6041
53295,2016-07-14,07:28:00,216,1,3775
53296,2016-07-14,07:38:00,35,1,7381
53297,2016-07-14,07:45:00,419,3,11402
53298,2016-07-14,07:52:00,443,2,9649
53299,2016-07-14,07:57:00,114,2,6568
53300,2016-07-14,08:03:00,295,1,8769
53301,2016-07-14,08:04:00,340,2,3272
53302,2016-07-14,08:09:00,254,2,4965
53303,2016-07-14,08:31:00,156,2,1727
53304,2016-07-14,08:33:00,38,1,8775
53305,2016-07-14,08:35:00,288,1,8181
53306,2016-07-14,08:40:00,270,2,5668
53307,2016-07-14,08:47:00,84,5,4079
53308,2016-07-14,08:53:00,117,2,1812
53309,2016-07-14,08:59:00,24,1,2743
53310,2016-07-14,09:19:00,277,1,2068
53311,2016-07-14,09:24:00,51,4,8751
53312,2016-07-14,09:29:00,377,2,1453
53313,2016-07-14,09:30:00,433,1,7136
53314,2016-07-14,09:33:00,377,3,4319
53315,2016-07-14,09:41:00,378,1,3558
53316,2016-07-14,09:54:00,169,1,1205
53317,2016-07-14,10:18:00,343,1,9766
53318,2016-07-14,10:23:00,260,1,3383
53319,2016-07-14,10:38:00,142,2,8472
53320,2016-07-14,10:46:00,120,2,7765
53321,2016-07-14,10:55:00,412,1,10420
53322,2016-07-14,10:55:00,292,2,8799
53323,2016-07-14,10:58:00,177,1,5768
53324,2016-07-14,11:00:00,322,2,9216
53325,2016-07-14,11:05:00,307,1,5429
53326,2016-07-14,11:40:00,209,1,1312
53327,2016-07-14,11:41:00,255,3,1140
53328,2016-07-14,12:08:00,255,1,253
53329,2016-07-14,12:21:00,309,1,8047
53330,2016-07-14,12:21:00,310,3,5912
53331,2016-07-14,12:28:00,253,1,2554
53332,2016-07-14,12:31:00,341,3,11488
53333,2016-07-14,12:39:00,403,1,11017
53334,2016-07-14,12:44:00,444,2,9291
53335,2016-07-14,12:53:00,81,2,5908
53336,2016-07-14,12:54:00,167,2,10171
53337,2016-07-14,13:04:00,97,1,6706
53338,2016-07-14,13:06:00,328,2,3
53339,2016-07-14,13:18:00,442,1,6770
53340,2016-07-14,13:19:00,292,2,8449
53341,2016-07-14,13:20:00,267,1,8353
53342,2016-07-14,13:35:00,224,1,8713
53343,2016-07-14,13:41:00,123,3,2382
53344,2016-07-14,13:51:00,458,3,3741
53345,2016-07-14,13:57:00,137,3,5625
53346,2016-07-14,14:03:00,261,1,10658
53347,2016-07-14,14:06:00,283,2,1112
53348,2016-07-14,14:09:00,247,2,4778
53349,2016-07-14,14:12:00,304,4,621
53350,2016-07-14,14:13:00,394,1,1464
53351,2016-07-14,14:18:00,41,3,11589
53352,2016-07-14,14:20:00,273,4,8174
53353,2016-07-14,14:23:00,381,4,2253
53354,2016-07-14,14:25:00,442,2,6370
53355,2016-07-14,14:28:00,291,2,1835
53356,2016-07-14,14:29:00,368,2,6017
53357,2016-07-14,14:38:00,186,1,1875
53358,2016-07-14,14:40:00,220,1,8508
53359,2016-07-14,14:43:00,11,3,2984
53360,2016-07-14,14:44:00,379,2,5976
53361,2016-07-14,14:48:00,87,3,2053
53362,2016-07-14,14:52:00,384,6,3747
53363,2016-07-14,14:55:00,56,2,1940
53364,2016-07-14,15:03:00,169,3,10768
53365,2016-07-14,15:05:00,40,2,6192
53366,2016-07-14,15:07:00,223,1,5216
53367,2016-07-14,15:09:00,262,2,6128
53368,2016-07-14,15:11:00,322,1,9565
53369,2016-07-14,15:15:00,211,3,5586
53370,2016-07-14,15:17:00,321,1,9433
53371,2016-07-14,15:20:00,315,3,4335
53372,2016-07-14,15:22:00,169,1,5777
53373,2016-07-14,15:24:00,250,2,7482
53374,2016-07-14,15:25:00,244,3,8781
53375,2016-07-14,15:26:00,18,1,9788
53376,2016-07-14,15:29:00,219,4,2266
53377,2016-07-14,15:48:00,290,4,8007
53378,2016-07-14,16:05:00,393,2,1844
53379,2016-07-14,16:06:00,401,1,7433
53380,2016-07-14,16:10:00,124,2,6994
53381,2016-07-14,16:13:00,399,2,11932
53382,2016-07-14,16:29:00,137,2,11396
53383,2016-07-14,16:29:00,388,1,7155
53384,2016-07-14,16:32:00,69,2,11882
53385,2016-07-14,16:36:00,93,1,10966
53386,2016-07-14,16:39:00,154,2,235
53387,2016-07-14,16:49:00,128,5,6306
53388,2016-07-14,16:49:00,123,3,8181
53389,2016-07-14,16:49:00,319,3,3417
53390,2016-07-14,16:53:00,202,3,423
53391,2016-07-14,16:56:00,454,3,9884
53392,2016-07-14,17:11:00,201,1,4611
53393,2016-07-14,17:24:00,173,2,3186
53394,2016-07-14,17:47:00,42,2,2993
53395,2016-07-14,17:52:00,58,4,10905
53396,2016-07-14,17:57:00,418,2,11792
53397,2016-07-14,18:19:00,138,5,346
53398,2016-07-14,18:21:00,345,4,10470
53399,2016-07-14,18:22:00,144,3,1889
53400,2016-07-14,18:23:00,453,2,3061
53401,2016-07-14,18:27:00,20,1,8209
53402,2016-07-14,18:27:00,444,1,2901
53403,2016-07-14,18:29:00,145,2,554
53404,2016-07-14,18:31:00,83,1,747
53405,2016-07-14,18:44:00,313,2,773
53406,2016-07-14,18:53:00,349,2,460
53407,2016-07-14,18:53:00,399,1,1779
53408,2016-07-14,18:54:00,133,2,7888
53409,2016-07-14,18:59:00,348,5,290
53410,2016-07-14,19:06:00,119,1,10036
53411,2016-07-14,19:16:00,236,1,1180
53412,2016-07-14,19:25:00,205,2,9143
53413,2016-07-14,19:25:00,292,1,4447
53414,2016-07-14,19:39:00,152,4,4648
53415,2016-07-14,19:41:00,440,2,9743
53416,2016-07-14,19:49:00,451,2,6550
53417,2016-07-14,19:50:00,215,2,11462
53418,2016-07-14,19:52:00,444,1,2261
53419,2016-07-14,19:57:00,143,2,10124
53420,2016-07-14,19:57:00,244,3,2167
53421,2016-07-14,19:59:00,41,3,9544
53422,2016-07-14,20:07:00,279,2,9734
53423,2016-07-14,20:07:00,128,2,6629
53424,2016-07-14,20:26:00,164,4,153
53425,2016-07-14,20:30:00,174,3,1372
53426,2016-07-14,20:41:00,208,2,3098
53427,2016-07-14,20:42:00,95,1,8902
53428,2016-07-14,20:43:00,395,1,6368
53429,2016-07-14,20:52:00,192,2,2311
53430,2016-07-14,21:01:00,79,1,8972
53431,2016-07-14,21:07:00,315,1,175
53432,2016-07-14,21:31:00,401,3,10732
53433,2016-07-14,21:33:00,218,4,3978
53434,2016-07-14,21:36:00,360,2,2839
53435,2016-07-14,21:44:00,12,2,9630
53436,2016-07-14,21:59:00,104,3,5829
53437,2016-07-14,22:05:00,446,3,7466
53438,2016-07-14,22:12:00,149,5,6222
53439,2016-07-14,22:16:00,389,2,1754
53440,2016-07-14,22:32:00,323,4,11937
53441,2016-07-14,22:34:00,164,1,3140
53442,2016-07-14,22:35:00,105,2,9632
53443,2016-07-14,22:36:00,435,3,748
53444,2016-07-14,22:38:00,333,3,3793
53445,2016-07-14,22:40:00,256,1,9189
53446,2016-07-14,22:48:00,83,1,5539
53447,2016-07-14,22:55:00,63,2,2884
53448,2016-07-14,23:18:00,281,2,5509
53449,2016-07-14,23:23:00,330,1,1000
53450,2016-07-14,23:23:00,338,1,3324
53451,2016-07-14,23:28:00,12,2,9719
53452,2016-07-14,23:32:00,113,2,2834
53453,2016-07-14,23:36:00,426,3,5589
53454,2016-07-14,23:42:00,120,3,1482
53455,2016-07-14,23:51:00,128,1,4526
53456,2016-07-14,23:52:00,415,3,7873
53457,2016-07-14,23:59:00,132,1,3772
53458,2016-07-15,00:03:00,278,4,3360
53459,2016-07-15,00:03:00,154,2,2868
53460,2016-07-15,00:10:00,132,1,3514
53461,2016-07-15,00:14:00,227,2,7241
53462,2016-07-15,00:17:00,431,2,5666
53463,2016-07-15,00:28:00,175,2,6436
53464,2016-07-15,00:45:00,380,1,11889
53465,2016-07-15,00:48:00,290,2,6460
53466,2016-07-15,00:52:00,360,1,7966
53467,2016-07-15,00:54:00,87,1,8559
53468,2016-07-15,00:54:00,425,2,9648
53469,2016-07-15,01:13:00,252,2,10441
53470,2016-07-15,01:17:00,189,3,8348
53471,2016-07-15,01:17:00,21,2,6073
53472,2016-07-15,01:19:00,179,2,4525
53473,2016-07-15,01:28:00,303,3,462
53474,2016-07-15,01:31:00,96,2,8431
53475,2016-07-15,01:44:00,83,2,9727
53476,2016-07-15,01:47:00,12,3,2209
53477,2016-07-15,02:04:00,104,3,8677
53478,2016-07-15,02:09:00,12,2,698
53479,2016-07-15,02:10:00,342,2,3348
53480,2016-07-15,02:25:00,303,2,901
53481,2016-07-15,02:30:00,386,3,3186
53482,2016-07-15,02:41:00,272,2,9143
53483,2016-07-15,02:42:00,292,1,2973
53484,2016-07-15,02:54:00,202,1,6503
53485,2016-07-15,02:54:00,179,3,1210
53486,2016-07-15,03:02:00,196,2,11472
53487,2016-07-15,03:04:00,322,3,5399
53488,2016-07-15,03:09:00,303,1,6116
53489,2016-07-15,03:24:00,233,1,3576
53490,2016-07-15,03:30:00,53,2,5361
53491,2016-07-15,03:38:00,402,1,46
53492,2016-07-15,03:55:00,60,2,5739
53493,2016-07-15,04:04:00,107,3,10312
53494,2016-07-15,04:04:00,197,2,6209
53495,2016-07-15,04:17:00,185,3,3285
53496,2016-07-15,04:17:00,200,2,7290
53497,2016-07-15,04:18:00,269,1,675
53498,2016-07-15,04:25:00,418,2,932
53499,2016-07-15,04:25:00,255,2,1585
53500,2016-07-15,04:30:00,376,2,9370
53501,2016-07-15,04:35:00,22,1,6909
53502,2016-07-15,04:44:00,253,2,11915
53503,2016-07-15,04:49:00,142,1,749
53504,2016-07-15,04:53:00,341,2,9548
53505,2016-07-15,05:00:00,144,2,11849
53506,2016-07-15,05:04:00,415,2,31
53507,2016-07-15,05:14:00,398,3,7137
53508,2016-07-15,05:14:00,451,3,1517
53509,2016-07-15,05:17:00,131,4,10399
53510,2016-07-15,05:22:00,147,2,4776
53511,2016-07-15,05:24:00,216,1,5274
53512,2016-07-15,05:27:00,221,2,4828
53513,2016-07-15,05:39:00,119,2,3934
53514,2016-07-15,05:42:00,52,1,6182
53515,2016-07-15,06:03:00,426,2,3434
53516,2016-07-15,06:21:00,135,2,5585
53517,2016-07-15,06:21:00,17,1,4873
53518,2016-07-15,06:25:00,392,2,3435
53519,2016-07-15,06:36:00,145,1,5116
53520,2016-07-15,07:01:00,50,1,3721
53521,2016-07-15,07:02:00,255,2,5904
53522,2016-07-15,07:06:00,343,1,4131
53523,2016-07-15,07:07:00,78,2,7554
53524,2016-07-15,07:16:00,193,1,6606
53525,2016-07-15,07:19:00,221,2,6387
53526,2016-07-15,07:25:00,235,3,5643
53527,2016-07-15,07:40:00,10,1,2358
53528,2016-07-15,08:01:00,26,2,5743
53529,2016-07-15,08:01:00,221,1,10627
53530,2016-07-15,08:30:00,358,1,2732
53531,2016-07-15,08:43:00,17,2,11592
53532,2016-07-15,08:48:00,239,2,11314
53533,2016-07-15,08:48:00,202,1,2845
53534,2016-07-15,09:02:00,223,1,2285
53535,2016-07-15,09:05:00,64,4,3811
53536,2016-07-15,09:07:00,404,2,6753
53537,2016-07-15,09:19:00,116,2,330
53538,2016-07-15,09:21:00,296,1,4393
53539,2016-07-15,09:33:00,82,2,9560
53540,2016-07-15,09:38:00,331,1,11174
53541,2016-07-15,09:45:00,138,1,7074
53542,2016-07-15,10:05:00,102,1,1102
53543,2016-07-15,10:05:00,46,2,10993
53544,2016-07-15,10:09:00,110,1,5626
53545,2016-07-15,10:12:00,390,3,10964
53546,2016-07-15,10:18:00,84,2,856
53547,2016-07-15,10:26:00,13,2,603
53548,2016-07-15,10:28:00,318,2,6816
53549,2016-07-15,10:28:00,70,1,4868
53550,2016-07-15,10:29:00,313,1,11941
53551,2016-07-15,10:30:00,38,1,5426
53552,2016-07-15,10:32:00,345,2,8616
53553,2016-07-15,10:36:00,240,2,344
53554,2016-07-15,10:37:00,438,1,4139
53555,2016-07-15,10:40:00,302,3,6765
53556,2016-07-15,10:57:00,50,2,9455
53557,2016-07-15,10:58:00,359,2,2208
53558,2016-07-15,11:02:00,458,1,10084
53559,2016-07-15,11:11:00,262,4,9093
53560,2016-07-15,11:17:00,252,2,9878
53561,2016-07-15,11:19:00,4,3,9207
53562,2016-07-15,11:21:00,73,2,10000
53563,2016-07-15,11:25:00,325,1,10366
53564,2016-07-15,11:26:00,116,2,6534
53565,2016-07-15,11:31:00,59,2,3797
53566,2016-07-15,11:33:00,134,1,1582
53567,2016-07-15,11:41:00,191,2,6460
53568,2016-07-15,11:42:00,60,1,8016
53569,2016-07-15,11:42:00,270,2,11404
53570,2016-07-15,11:44:00,87,1,11195
53571,2016-07-15,11:44:00,273,1,8547
53572,2016-07-15,11:49:00,14,1,5341
53573,2016-07-15,12:00:00,454,1,10226
53574,2016-07-15,12:02:00,25,2,1525
53575,2016-07-15,12:04:00,420,1,2215
53576,2016-07-15,12:04:00,172,2,11311
53577,2016-07-15,12:10:00,334,2,9506
53578,2016-07-15,12:18:00,25,2,2493
53579,2016-07-15,12:18:00,134,2,1179
53580,2016-07-15,12:30:00,221,2,7232
53581,2016-07-15,12:30:00,236,2,4696
53582,2016-07-15,12:51:00,219,1,6659
53583,2016-07-15,12:55:00,50,1,3589
53584,2016-07-15,13:00:00,123,2,3341
53585,2016-07-15,13:05:00,259,1,2628
53586,2016-07-15,13:05:00,336,2,5223
53587,2016-07-15,13:07:00,318,1,5961
53588,2016-07-15,13:10:00,311,3,9912
53589,2016-07-15,13:14:00,232,3,279
53590,2016-07-15,13:25:00,417,2,10399
53591,2016-07-15,13:25:00,120,2,4995
53592,2016-07-15,13:27:00,330,3,6627
53593,2016-07-15,13:31:00,90,4,3298
53594,2016-07-15,13:31:00,364,2,9616
53595,2016-07-15,13:39:00,343,2,4340
53596,2016-07-15,13:41:00,112,1,5329
53597,2016-07-15,14:17:00,130,3,11900
53598,2016-07-15,14:20:00,161,2,9594
53599,2016-07-15,14:21:00,80,1,7580
53600,2016-07-15,14:29:00,454,1,9350
53601,2016-07-15,14:36:00,370,1,8352
53602,2016-07-15,14:38:00,240,1,6576
53603,2016-07-15,14:41:00,197,1,11999
53604,2016-07-15,14:47:00,39,2,5747
53605,2016-07-15,14:48:00,387,3,10923
53606,2016-07-15,14:54:00,446,3,7192
53607,2016-07-15,15:19:00,122,2,4223
53608,2016-07-15,15:20:00,40,1,2610
53609,2016-07-15,15:27:00,388,1,6234
53610,2016-07-15,15:27:00,13,2,3068
53611,2016-07-15,15:33:00,239,3,5144
53612,2016-07-15,15:40:00,8,3,2417
53613,2016-07-15,15:41:00,105,2,5530
53614,2016-07-15,15:49:00,436,2,5953
53615,2016-07-15,15:50:00,279,1,2374
53616,2016-07-15,15:53:00,311,2,8534
53617,2016-07-15,15:59:00,129,2,11596
53618,2016-07-15,16:07:00,182,2,10385
53619,2016-07-15,16:14:00,104,1,10683
53620,2016-07-15,16:17:00,22,3,3965
53621,2016-07-15,16:18:00,112,1,3222
53622,2016-07-15,16:21:00,274,2,5150
53623,2016-07-15,16:27:00,391,1,9213
53624,2016-07-15,16:40:00,276,1,2537
53625,2016-07-15,16:41:00,152,2,7381
53626,2016-07-15,16:41:00,255,1,3863
53627,2016-07-15,16:48:00,76,1,6797
53628,2016-07-15,16:49:00,353,2,3979
53629,2016-07-15,17:07:00,404,4,7145
53630,2016-07-15,17:14:00,390,1,572
53631,2016-07-15,17:21:00,438,2,2011
53632,2016-07-15,17:31:00,31,3,10360
53633,2016-07-15,17:34:00,217,3,8908
53634,2016-07-15,17:34:00,333,3,4018
53635,2016-07-15,17:36:00,272,2,551
53636,2016-07-15,17:38:00,200,2,6074
53637,2016-07-15,17:38:00,441,3,8835
53638,2016-07-15,17:42:00,96,1,8059
53639,2016-07-15,17:44:00,180,3,11857
53640,2016-07-15,17:51:00,432,1,6789
53641,2016-07-15,17:56:00,384,2,4745
53642,2016-07-15,18:01:00,25,3,276
53643,2016-07-15,18:07:00,18,3,7468
53644,2016-07-15,18:12:00,52,2,6563
53645,2016-07-15,18:13:00,120,1,11663
53646,2016-07-15,18:13:00,350,2,9592
53647,2016-07-15,18:14:00,250,2,10152
53648,2016-07-15,18:33:00,263,1,10201
53649,2016-07-15,18:46:00,156,1,4269
53650,2016-07-15,18:46:00,418,3,1088
53651,2016-07-15,19:00:00,331,3,10293
53652,2016-07-15,19:01:00,43,1,6065
53653,2016-07-15,19:39:00,416,3,11369
53654,2016-07-15,19:45:00,19,1,6528
53655,2016-07-15,19:50:00,451,1,6314
53656,2016-07-15,20:11:00,270,1,1510
53657,2016-07-15,20:13:00,152,2,1796
53658,2016-07-15,20:15:00,136,2,5124
53659,2016-07-15,20:38:00,256,1,5921
53660,2016-07-15,20:42:00,143,2,5242
53661,2016-07-15,20:44:00,62,1,4935
53662,2016-07-15,20:47:00,200,4,5127
53663,2016-07-15,20:48:00,330,2,10107
53664,2016-07-15,20:54:00,263,3,9322
53665,2016-07-15,20:57:00,299,4,5892
53666,2016-07-15,21:00:00,360,2,10033
53667,2016-07-15,21:00:00,232,2,8369
53668,2016-07-15,21:03:00,38,4,9739
53669,2016-07-15,21:06:00,101,3,4290
53670,2016-07-15,21:07:00,53,2,11095
53671,2016-07-15,21:09:00,152,1,10789
53672,2016-07-15,21:24:00,267,1,4362
53673,2016-07-15,21:26:00,311,2,6371
53674,2016-07-15,21:29:00,60,2,7171
53675,2016-07-15,21:30:00,377,1,11780
53676,2016-07-15,21:39:00,241,3,3772
53677,2016-07-15,21:45:00,444,1,8687
53678,2016-07-15,21:50:00,227,1,2735
53679,2016-07-15,22:01:00,129,5,2358
53680,2016-07-15,22:05:00,178,2,2670
53681,2016-07-15,22:05:00,385,3,6234
53682,2016-07-15,22:09:00,268,1,9622
53683,2016-07-15,22:09:00,98,1,7648
53684,2016-07-15,22:13:00,68,1,3172
53685,2016-07-15,22:18:00,20,4,7114
53686,2016-07-15,22:18:00,10,1,4733
53687,2016-07-15,22:19:00,46,4,10493
53688,2016-07-15,22:20:00,29,1,11903
53689,2016-07-15,22:41:00,292,1,4654
53690,2016-07-15,22:53:00,267,3,6647
53691,2016-07-15,22:55:00,377,1,6480
53692,2016-07-15,22:57:00,440,1,7075
53693,2016-07-15,22:58:00,84,1,4876
53694,2016-07-15,23:02:00,11,3,7939
53695,2016-07-15,23:08:00,102,1,6190
53696,2016-07-15,23:09:00,366,1,1152
53697,2016-07-15,23:16:00,60,1,5136
53698,2016-07-15,23:24:00,376,2,8209
53699,2016-07-15,23:26:00,59,3,2254
53700,2016-07-15,23:38:00,443,1,10098
53701,2016-07-15,23:41:00,177,1,9338
53702,2016-07-15,23:41:00,88,1,7034
53703,2016-07-15,23:54:00,106,1,20
53704,2016-07-15,23:57:00,87,2,3041
53705,2016-07-16,00:01:00,184,3,6226
53706,2016-07-16,00:05:00,413,1,3884
53707,2016-07-16,00:08:00,46,2,10086
53708,2016-07-16,00:10:00,270,1,6090
53709,2016-07-16,00:14:00,253,1,11478
53710,2016-07-16,00:15:00,434,3,6353
53711,2016-07-16,00:16:00,331,2,132
53712,2016-07-16,00:17:00,22,1,8333
53713,2016-07-16,00:23:00,36,3,3405
53714,2016-07-16,00:28:00,70,1,2610
53715,2016-07-16,00:37:00,166,2,2403
53716,2016-07-16,00:43:00,5,1,4766
53717,2016-07-16,00:54:00,179,3,2723
53718,2016-07-16,01:09:00,20,3,6572
53719,2016-07-16,01:12:00,179,1,2743
53720,2016-07-16,01:12:00,126,3,2437
53721,2016-07-16,01:15:00,275,2,8003
53722,2016-07-16,01:22:00,366,2,2420
53723,2016-07-16,01:22:00,448,5,3316
53724,2016-07-16,01:25:00,182,5,11804
53725,2016-07-16,01:28:00,282,2,730
53726,2016-07-16,01:34:00,15,2,10035
53727,2016-07-16,01:36:00,432,2,2863
53728,2016-07-16,01:46:00,242,3,9222
53729,2016-07-16,01:49:00,453,1,3447
53730,2016-07-16,02:03:00,451,1,8153
53731,2016-07-16,02:06:00,246,1,2131
53732,2016-07-16,02:18:00,361,2,6794
53733,2016-07-16,02:26:00,253,1,8156
53734,2016-07-16,02:33:00,119,4,6153
53735,2016-07-16,02:34:00,172,2,4503
53736,2016-07-16,02:38:00,72,5,2523
53737,2016-07-16,02:39:00,190,3,5700
53738,2016-07-16,02:39:00,335,2,981
53739,2016-07-16,02:49:00,187,1,10381
53740,2016-07-16,03:07:00,135,3,1888
53741,2016-07-16,03:11:00,47,1,34
53742,2016-07-16,03:15:00,111,1,2566
53743,2016-07-16,03:22:00,330,2,9215
53744,2016-07-16,03:28:00,250,1,3246
53745,2016-07-16,03:28:00,291,1,6691
53746,2016-07-16,03:32:00,264,1,4586
53747,2016-07-16,03:42:00,162,1,3513
53748,2016-07-16,03:42:00,75,5,4807
53749,2016-07-16,03:52:00,130,1,5295
53750,2016-07-16,03:55:00,290,1,9513
53751,2016-07-16,03:58:00,213,1,6067
53752,2016-07-16,04:01:00,79,2,1460
53753,2016-07-16,04:07:00,410,2,1974
53754,2016-07-16,04:13:00,261,4,1789
53755,2016-07-16,04:20:00,201,3,6314
53756,2016-07-16,04:29:00,274,2,11693
53757,2016-07-16,04:35:00,62,2,46
53758,2016-07-16,04:45:00,220,3,6220
53759,2016-07-16,04:48:00,12,1,9682
53760,2016-07-16,04:50:00,410,1,4279
53761,2016-07-16,04:52:00,364,1,461
53762,2016-07-16,05:00:00,283,1,9721
53763,2016-07-16,05:07:00,28,3,11175
53764,2016-07-16,05:18:00,307,2,11204
53765,2016-07-16,05:24:00,360,1,11868
53766,2016-07-16,05:31:00,333,2,4368
53767,2016-07-16,05:39:00,43,1,1318
53768,2016-07-16,05:52:00,233,2,4332
53769,2016-07-16,05:53:00,251,3,4973
53770,2016-07-16,05:56:00,148,2,9300
53771,2016-07-16,05:57:00,50,2,1837
53772,2016-07-16,05:57:00,105,2,654
53773,2016-07-16,06:04:00,71,4,11472
53774,2016-07-16,06:07:00,53,2,9462
53775,2016-07-16,06:12:00,143,2,3982
53776,2016-07-16,06:12:00,383,2,6168
53777,2016-07-16,06:19:00,97,2,10654
53778,2016-07-16,06:20:00,194,1,4435
53779,2016-07-16,06:22:00,181,2,7859
53780,2016-07-16,06:22:00,403,3,7444
53781,2016-07-16,06:24:00,186,1,6846
53782,2016-07-16,06:29:00,431,1,6296
53783,2016-07-16,06:34:00,80,1,3050
53784,2016-07-16,06:36:00,200,2,11222
53785,2016-07-16,06:41:00,15,2,9175
53786,2016-07-16,06:42:00,55,2,5880
53787,2016-07-16,06:42:00,55,1,10416
53788,2016-07-16,06:44:00,366,1,7607
53789,2016-07-16,06:48:00,405,2,7635
53790,2016-07-16,06:48:00,20,3,10395
53791,2016-07-16,07:00:00,292,1,8516
53792,2016-07-16,07:09:00,428,2,9750
53793,2016-07-16,07:13:00,252,1,2392
53794,2016-07-16,07:24:00,266,1,346
53795,2016-07-16,07:31:00,366,4,10865
53796,2016-07-16,07:39:00,388,3,6507
53797,2016-07-16,07:45:00,424,1,2715
53798,2016-07-16,07:50:00,159,3,1105
53799,2016-07-16,07:50:00,201,1,834
53800,2016-07-16,08:13:00,143,1,8544
53801,2016-07-16,08:17:00,83,4,8035
53802,2016-07-16,08:18:00,79,2,8155
53803,2016-07-16,08:32:00,164,2,2028
53804,2016-07-16,08:39:00,320,2,10466
53805,2016-07-16,08:44:00,239,1,10666
53806,2016-07-16,08:46:00,169,2,6513
53807,2016-07-16,08:47:00,203,1,6902
53808,2016-07-16,08:47:00,173,2,7857
53809,2016-07-16,08:55:00,109,2,345
53810,2016-07-16,09:00:00,183,3,2602
53811,2016-07-16,09:00:00,124,2,9622
53812,2016-07-16,09:11:00,233,4,1297
53813,2016-07-16,09:12:00,344,3,4160
53814,2016-07-16,09:15:00,70,1,342
53815,2016-07-16,09:16:00,43,1,10976
53816,2016-07-16,09:24:00,70,3,11434
53817,2016-07-16,09:28:00,245,1,11488
53818,2016-07-16,09:45:00,284,2,7199
53819,2016-07-16,09:50:00,297,2,2687
53820,2016-07-16,09:53:00,185,3,1971
53821,2016-07-16,09:56:00,264,2,6945
53822,2016-07-16,10:00:00,103,2,909
53823,2016-07-16,10:04:00,226,2,11722
53824,2016-07-16,10:21:00,138,1,5536
53825,2016-07-16,10:22:00,226,2,8361
53826,2016-07-16,10:22:00,94,5,3831
53827,2016-07-16,10:24:00,66,2,7509
53828,2016-07-16,10:24:00,278,2,11569
53829,2016-07-16,10:24:00,160,1,6864
53830,2016-07-16,10:26:00,155,3,6028
53831,2016-07-16,10:39:00,343,1,268
53832,2016-07-16,10:41:00,306,2,10593
53833,2016-07-16,10:47:00,458,2,11490
53834,2016-07-16,10:48:00,163,1,6131
53835,2016-07-16,11:09:00,46,2,8255
53836,2016-07-16,11:10:00,235,3,2851
53837,2016-07-16,11:15:00,329,2,5699
53838,2016-07-16,11:21:00,378,3,9701
53839,2016-07-16,11:23:00,163,3,10424
53840,2016-07-16,11:23:00,325,3,4366
53841,2016-07-16,11:28:00,19,1,9206
53842,2016-07-16,11:42:00,42,4,10232
53843,2016-07-16,11:46:00,236,2,11361
53844,2016-07-16,11:47:00,34,2,7067
53845,2016-07-16,11:51:00,388,4,11820
53846,2016-07-16,11:53:00,118,2,9631
53847,2016-07-16,12:00:00,169,2,11143
53848,2016-07-16,12:01:00,301,2,1147
53849,2016-07-16,12:04:00,118,1,6311
53850,2016-07-16,12:06:00,153,1,8416
53851,2016-07-16,12:06:00,150,2,11918
53852,2016-07-16,12:08:00,242,3,4585
53853,2016-07-16,12:25:00,388,1,1122
53854,2016-07-16,12:45:00,120,2,4456
53855,2016-07-16,12:46:00,171,3,3215
53856,2016-07-16,12:48:00,224,3,8049
53857,2016-07-16,12:53:00,102,1,8438
53858,2016-07-16,12:59:00,385,3,1193
53859,2016-07-16,13:07:00,295,3,341
53860,2016-07-16,13:08:00,320,3,3473
53861,2016-07-16,13:14:00,304,3,851
53862,2016-07-16,13:18:00,288,1,8884
53863,2016-07-16,13:27:00,438,2,3583
53864,2016-07-16,13:28:00,186,4,5237
53865,2016-07-16,13:32:00,237,1,9952
53866,2016-07-16,13:39:00,320,2,10019
53867,2016-07-16,13:40:00,152,1,7283
53868,2016-07-16,13:44:00,314,1,1194
53869,2016-07-16,13:44:00,368,2,8067
53870,2016-07-16,13:45:00,76,2,1576
53871,2016-07-16,13:55:00,95,1,6396
53872,2016-07-16,13:55:00,210,5,6046
53873,2016-07-16,13:55:00,378,2,9163
53874,2016-07-16,13:59:00,235,1,3448
53875,2016-07-16,14:01:00,242,2,4300
53876,2016-07-16,14:07:00,118,1,484
53877,2016-07-16,14:15:00,418,1,6564
53878,2016-07-16,14:28:00,49,2,1884
53879,2016-07-16,14:30:00,287,1,972
53880,2016-07-16,14:35:00,153,5,5911
53881,2016-07-16,14:40:00,321,3,3412
53882,2016-07-16,14:43:00,321,2,8027
53883,2016-07-16,15:00:00,266,1,5767
53884,2016-07-16,15:00:00,232,1,6742
53885,2016-07-16,15:01:00,179,1,744
53886,2016-07-16,15:06:00,54,4,7341
53887,2016-07-16,15:09:00,456,1,8087
53888,2016-07-16,15:10:00,266,3,4118
53889,2016-07-16,15:13:00,339,2,4529
53890,2016-07-16,15:14:00,235,1,1869
53891,2016-07-16,15:15:00,290,1,1565
53892,2016-07-16,15:24:00,429,3,9396
53893,2016-07-16,15:24:00,398,2,7046
53894,2016-07-16,15:25:00,59,1,10604
53895,2016-07-16,15:28:00,97,2,4895
53896,2016-07-16,15:32:00,385,1,1054
53897,2016-07-16,15:32:00,31,1,5156
53898,2016-07-16,15:37:00,7,1,4440
53899,2016-07-16,15:40:00,429,3,5312
53900,2016-07-16,15:45:00,85,1,10695
53901,2016-07-16,15:54:00,120,2,1015
53902,2016-07-16,16:04:00,271,3,1247
53903,2016-07-16,16:06:00,89,1,1583
53904,2016-07-16,16:18:00,390,3,7956
53905,2016-07-16,16:22:00,231,2,10301
53906,2016-07-16,16:29:00,410,4,11249
53907,2016-07-16,16:30:00,208,1,4629
53908,2016-07-16,16:32:00,35,1,9149
53909,2016-07-16,16:37:00,5,2,5091
53910,2016-07-16,16:40:00,434,3,2306
53911,2016-07-16,16:41:00,399,2,9819
53912,2016-07-16,16:43:00,267,2,2283
53913,2016-07-16,16:45:00,26,2,4198
53914,2016-07-16,16:47:00,456,2,200
53915,2016-07-16,16:48:00,286,3,6826
53916,2016-07-16,16:50:00,209,3,7402
53917,2016-07-16,16:57:00,232,3,5458
53918,2016-07-16,17:05:00,330,4,114
53919,2016-07-16,17:08:00,308,1,8539
53920,2016-07-16,17:10:00,449,3,808
53921,2016-07-16,17:11:00,320,2,4156
53922,2016-07-16,17:17:00,301,2,1973
53923,2016-07-16,17:32:00,435,1,6670
53924,2016-07-16,17:33:00,178,3,590
53925,2016-07-16,17:36:00,417,4,7637
53926,2016-07-16,17:45:00,160,1,836
53927,2016-07-16,17:58:00,440,2,3129
53928,2016-07-16,18:02:00,221,3,9946
53929,2016-07-16,18:20:00,377,2,630
53930,2016-07-16,18:25:00,73,2,1298
53931,2016-07-16,18:25:00,297,2,7532
53932,2016-07-16,18:25:00,209,3,9532
53933,2016-07-16,18:32:00,279,1,1238
53934,2016-07-16,18:36:00,255,1,560
53935,2016-07-16,18:45:00,348,3,8956
53936,2016-07-16,18:49:00,47,2,11527
53937,2016-07-16,18:49:00,29,2,10770
53938,2016-07-16,18:50:00,252,1,5124
53939,2016-07-16,18:52:00,136,2,6387
53940,2016-07-16,19:04:00,376,3,11607
53941,2016-07-16,19:05:00,171,2,404
53942,2016-07-16,19:14:00,101,3,2897
53943,2016-07-16,19:14:00,217,2,142
53944,2016-07-16,19:16:00,374,1,8072
53945,2016-07-16,19:17:00,176,2,9490
53946,2016-07-16,19:25:00,24,5,1402
53947,2016-07-16,19:29:00,153,3,5515
53948,2016-07-16,19:43:00,373,3,1252
53949,2016-07-16,19:47:00,290,2,4892
53950,2016-07-16,20:05:00,143,1,10893
53951,2016-07-16,20:22:00,246,1,620
53952,2016-07-16,20:24:00,33,3,7425
53953,2016-07-16,20:40:00,46,2,4898
53954,2016-07-16,20:46:00,6,3,533
53955,2016-07-16,20:49:00,17,1,5120
53956,2016-07-16,20:50:00,315,2,8562
53957,2016-07-16,20:57:00,325,4,5729
53958,2016-07-16,20:58:00,391,1,1340
53959,2016-07-16,21:08:00,430,1,9732
53960,2016-07-16,21:16:00,121,2,11121
53961,2016-07-16,21:20:00,216,3,11358
53962,2016-07-16,21:26:00,456,4,3421
53963,2016-07-16,21:30:00,60,2,11574
53964,2016-07-16,21:31:00,269,3,9857
53965,2016-07-16,21:32:00,198,1,2440
53966,2016-07-16,22:01:00,143,2,10419
53967,2016-07-16,22:05:00,411,2,775
53968,2016-07-16,22:07:00,425,2,9377
53969,2016-07-16,22:27:00,193,1,10290
53970,2016-07-16,22:28:00,218,2,5888
53971,2016-07-16,22:30:00,181,2,5279
53972,2016-07-16,22:39:00,110,1,4597
53973,2016-07-16,23:04:00,395,3,3804
53974,2016-07-16,23:05:00,361,1,9181
53975,2016-07-16,23:07:00,208,1,5355
53976,2016-07-16,23:17:00,9,1,1372
53977,2016-07-16,23:21:00,261,1,9920
53978,2016-07-16,23:22:00,396,2,4980
53979,2016-07-16,23:32:00,139,1,2044
53980,2016-07-16,23:41:00,457,2,4410
53981,2016-07-16,23:43:00,350,2,7853
53982,2016-07-16,23:47:00,41,3,10145
53983,2016-07-17,00:01:00,36,3,2917
53984,2016-07-17,00:08:00,359,3,7032
53985,2016-07-17,00:09:00,417,2,11024
53986,2016-07-17,00:12:00,362,2,11353
53987,2016-07-17,00:13:00,52,3,7340
53988,2016-07-17,00:15:00,351,1,9536
53989,2016-07-17,00:24:00,315,1,71
53990,2016-07-17,00:31:00,437,3,7107
53991,2016-07-17,00:34:00,93,4,6510
53992,2016-07-17,00:41:00,187,1,5646
53993,2016-07-17,00:46:00,204,1,7412
53994,2016-07-17,00:50:00,355,2,10147
53995,2016-07-17,00:52:00,84,3,521
53996,2016-07-17,00:53:00,345,2,10445
53997,2016-07-17,00:56:00,174,1,5705
53998,2016-07-17,00:56:00,105,4,3471
53999,2016-07-17,01:03:00,166,1,9173
54000,2016-07-17,01:07:00,203,1,2536
54001,2016-07-17,01:10:00,413,2,5284
54002,2016-07-17,01:14:00,444,2,6255
54003,2016-07-17,01:34:00,353,1,1736
54004,2016-07-17,01:38:00,146,4,6235
54005,2016-07-17,01:40:00,424,2,8949
54006,2016-07-17,01:44:00,110,1,4766
54007,2016-07-17,01:48:00,408,2,11661
54008,2016-07-17,01:54:00,168,1,6913
54009,2016-07-17,02:01:00,439,4,6864
54010,2016-07-17,02:08:00,156,2,6122
54011,2016-07-17,02:18:00,103,2,804
54012,2016-07-17,02:18:00,286,1,11839
54013,2016-07-17,02:20:00,99,1,4581
54014,2016-07-17,02:26:00,319,1,10819
54015,2016-07-17,02:30:00,50,2,7823
54016,2016-07-17,02:34:00,193,1,7683
54017,2016-07-17,02:37:00,71,2,4453
54018,2016-07-17,02:43:00,405,4,6940
54019,2016-07-17,02:44:00,406,1,3435
54020,2016-07-17,02:47:00,211,2,4062
54021,2016-07-17,03:02:00,420,2,578
54022,2016-07-17,03:11:00,47,3,4989
54023,2016-07-17,03:17:00,365,2,5460
54024,2016-07-17,03:23:00,46,2,9410
54025,2016-07-17,03:38:00,379,2,4447
54026,2016-07-17,03:54:00,365,2,9490
54027,2016-07-17,03:54:00,298,2,3751
54028,2016-07-17,03:56:00,26,1,9897
54029,2016-07-17,03:57:00,451,2,4184
54030,2016-07-17,03:57:00,262,1,8721
54031,2016-07-17,04:01:00,132,1,5318
54032,2016-07-17,04:02:00,332,1,4043
54033,2016-07-17,04:07:00,150,1,10178
54034,2016-07-17,04:10:00,93,3,4389
54035,2016-07-17,04:12:00,36,1,9184
54036,2016-07-17,04:27:00,316,3,1
54037,2016-07-17,04:30:00,2,2,6669
54038,2016-07-17,04:32:00,409,2,2067
54039,2016-07-17,04:33:00,203,1,5737
54040,2016-07-17,04:34:00,157,2,10288
54041,2016-07-17,04:34:00,387,2,508
54042,2016-07-17,04:37:00,146,3,5712
54043,2016-07-17,04:53:00,250,2,548
54044,2016-07-17,04:55:00,444,1,11079
54045,2016-07-17,04:56:00,92,4,5059
54046,2016-07-17,05:03:00,266,4,10510
54047,2016-07-17,05:03:00,220,2,79
54048,2016-07-17,05:06:00,146,4,2084
54049,2016-07-17,05:12:00,195,2,9035
54050,2016-07-17,05:12:00,261,1,2698
54051,2016-07-17,05:26:00,186,3,2004
54052,2016-07-17,05:27:00,338,2,10514
54053,2016-07-17,05:29:00,141,2,8949
54054,2016-07-17,05:32:00,15,2,1280
54055,2016-07-17,05:45:00,19,2,1396
54056,2016-07-17,05:46:00,433,1,8216
54057,2016-07-17,05:50:00,225,1,1009
54058,2016-07-17,05:54:00,398,1,11931
54059,2016-07-17,06:07:00,157,4,10603
54060,2016-07-17,06:11:00,220,3,1904
54061,2016-07-17,06:28:00,284,4,9199
54062,2016-07-17,06:31:00,366,2,3759
54063,2016-07-17,06:36:00,82,1,8116
54064,2016-07-17,06:39:00,418,1,8602
54065,2016-07-17,06:44:00,226,2,10655
54066,2016-07-17,06:44:00,334,2,8592
54067,2016-07-17,06:49:00,275,1,7502
54068,2016-07-17,06:50:00,310,1,8890
54069,2016-07-17,07:03:00,8,2,1880
54070,2016-07-17,07:14:00,72,3,8305
54071,2016-07-17,07:25:00,59,2,9003
54072,2016-07-17,07:30:00,271,1,10047
54073,2016-07-17,07:30:00,454,1,8584
54074,2016-07-17,07:31:00,400,2,8727
54075,2016-07-17,07:43:00,293,1,698
54076,2016-07-17,07:43:00,239,2,3462
54077,2016-07-17,07:46:00,411,1,10340
54078,2016-07-17,07:46:00,270,3,4414
54079,2016-07-17,07:53:00,208,1,4678
54080,2016-07-17,07:53:00,178,2,11130
54081,2016-07-17,07:58:00,437,3,4171
54082,2016-07-17,08:00:00,84,3,5049
54083,2016-07-17,08:04:00,102,3,398
54084,2016-07-17,08:27:00,374,2,896
54085,2016-07-17,08:32:00,198,1,2927
54086,2016-07-17,08:35:00,61,2,10806
54087,2016-07-17,08:36:00,118,2,4534
54088,2016-07-17,08:41:00,401,1,6031
54089,2016-07-17,08:49:00,162,3,5540
54090,2016-07-17,08:51:00,344,1,9897
54091,2016-07-17,08:52:00,190,2,5271
54092,2016-07-17,08:55:00,429,1,1135
54093,2016-07-17,08:57:00,152,1,2904
54094,2016-07-17,08:58:00,361,2,2734
54095,2016-07-17,09:11:00,222,2,11972
54096,2016-07-17,09:11:00,448,1,10092
54097,2016-07-17,09:28:00,14,4,8970
54098,2016-07-17,09:31:00,306,2,7586
54099,2016-07-17,09:38:00,442,2,3946
54100,2016-07-17,09:43:00,189,3,3931
54101,2016-07-17,10:06:00,15,1,10985
54102,2016-07-17,10:13:00,45,1,3778
54103,2016-07-17,10:16:00,35,2,6308
54104,2016-07-17,10:19:00,174,2,334
54105,2016-07-17,10:20:00,207,5,8455
54106,2016-07-17,10:23:00,430,4,5255
54107,2016-07-17,10:30:00,172,1,2467
54108,2016-07-17,10:30:00,211,4,9753
54109,2016-07-17,10:33:00,211,2,2022
54110,2016-07-17,10:34:00,134,2,1243
54111,2016-07-17,10:41:00,302,2,11508
54112,2016-07-17,10:49:00,408,1,1363
54113,2016-07-17,10:55:00,96,2,1116
54114,2016-07-17,11:02:00,21,3,9135
54115,2016-07-17,11:10:00,376,2,1602
54116,2016-07-17,11:11:00,352,1,10013
54117,2016-07-17,11:16:00,214,2,7181
54118,2016-07-17,11:38:00,386,5,7289
54119,2016-07-17,11:38:00,143,2,1139
54120,2016-07-17,11:39:00,455,3,6388
54121,2016-07-17,11:49:00,393,2,4529
54122,2016-07-17,11:59:00,193,3,4063
54123,2016-07-17,12:01:00,16,1,5609
54124,2016-07-17,12:22:00,294,3,4266
54125,2016-07-17,12:22:00,220,2,11808
54126,2016-07-17,12:24:00,162,5,9818
54127,2016-07-17,12:27:00,113,3,1585
54128,2016-07-17,12:28:00,190,1,9276
54129,2016-07-17,12:36:00,31,2,11268
54130,2016-07-17,12:40:00,100,3,654
54131,2016-07-17,12:45:00,155,2,8910
54132,2016-07-17,12:52:00,314,1,9419
54133,2016-07-17,12:52:00,309,3,10207
54134,2016-07-17,12:53:00,222,3,4755
54135,2016-07-17,12:53:00,283,2,3753
54136,2016-07-17,13:02:00,254,5,584
54137,2016-07-17,13:08:00,22,2,9485
54138,2016-07-17,13:09:00,380,1,5269
54139,2016-07-17,13:20:00,248,1,9151
54140,2016-07-17,13:20:00,247,4,1659
54141,2016-07-17,13:42:00,23,3,5784
54142,2016-07-17,13:52:00,348,2,7263
54143,2016-07-17,13:54:00,386,1,9899
54144,2016-07-17,14:00:00,292,1,7514
54145,2016-07-17,14:04:00,134,1,3170
54146,2016-07-17,14:12:00,457,1,9909
54147,2016-07-17,14:18:00,50,3,1857
54148,2016-07-17,14:29:00,247,1,976
54149,2016-07-17,14:40:00,80,1,7053
54150,2016-07-17,14:41:00,195,2,2148
54151,2016-07-17,14:42:00,60,4,6577
54152,2016-07-17,14:45:00,25,1,943
54153,2016-07-17,14:53:00,51,2,5935
54154,2016-07-17,14:53:00,156,3,11263
54155,2016-07-17,14:54:00,55,1,5539
54156,2016-07-17,15:04:00,148,1,315
54157,2016-07-17,15:04:00,7,2,3307
54158,2016-07-17,15:07:00,231,2,8118
54159,2016-07-17,15:12:00,361,1,9870
54160,2016-07-17,15:12:00,378,2,4393
54161,2016-07-17,15:17:00,230,1,10656
54162,2016-07-17,15:22:00,209,2,9222
54163,2016-07-17,15:24:00,330,1,11838
54164,2016-07-17,15:32:00,227,2,2023
54165,2016-07-17,15:32:00,452,2,5145
54166,2016-07-17,15:36:00,264,3,7087
54167,2016-07-17,15:38:00,354,1,6296
54168,2016-07-17,15:38:00,286,3,7901
54169,2016-07-17,15:43:00,359,1,3458
54170,2016-07-17,15:44:00,376,3,2501
54171,2016-07-17,15:46:00,216,3,571
54172,2016-07-17,15:52:00,293,1,1183
54173,2016-07-17,15:55:00,414,1,6640
54174,2016-07-17,15:56:00,165,3,7272
54175,2016-07-17,16:10:00,353,1,10913
54176,2016-07-17,16:15:00,280,1,6991
54177,2016-07-17,16:16:00,48,2,11411
54178,2016-07-17,16:25:00,277,1,213
54179,2016-07-17,16:36:00,188,2,1383
54180,2016-07-17,16:41:00,214,1,4187
54181,2016-07-17,16:59:00,25,3,7749
54182,2016-07-17,17:05:00,327,1,5612
54183,2016-07-17,17:07:00,130,1,759
54184,2016-07-17,17:12:00,79,2,4841
54185,2016-07-17,17:12:00,274,1,4598
54186,2016-07-17,17:13:00,181,2,5870
54187,2016-07-17,17:16:00,429,1,2484
54188,2016-07-17,17:21:00,396,2,1033
54189,2016-07-17,17:34:00,397,1,397
54190,2016-07-17,17:48:00,285,1,10583
54191,2016-07-17,17:49:00,440,1,1587
54192,2016-07-17,17:49:00,185,1,41
54193,2016-07-17,17:50:00,354,1,3108
54194,2016-07-17,17:57:00,384,1,4365
54195,2016-07-17,17:59:00,133,1,2384
54196,2016-07-17,18:02:00,59,3,10009
54197,2016-07-17,18:08:00,77,3,6178
54198,2016-07-17,18:14:00,369,2,655
54199,2016-07-17,18:19:00,85,2,6935
54200,2016-07-17,18:23:00,349,2,1640
54201,2016-07-17,18:36:00,421,2,5837
54202,2016-07-17,18:47:00,157,1,4369
54203,2016-07-17,18:49:00,15,1,3664
54204,2016-07-17,18:53:00,356,2,2593
54205,2016-07-17,19:12:00,431,1,5951
54206,2016-07-17,19:17:00,99,1,7361
54207,2016-07-17,19:17:00,296,1,10280
54208,2016-07-17,19:18:00,376,1,9052
54209,2016-07-17,19:18:00,210,1,1289
54210,2016-07-17,19:21:00,166,3,11693
54211,2016-07-17,19:36:00,234,2,975
54212,2016-07-17,19:43:00,239,1,3370
54213,2016-07-17,19:50:00,378,2,10129
54214,2016-07-17,19:54:00,284,3,9083
54215,2016-07-17,19:56:00,208,2,3214
54216,2016-07-17,20:07:00,364,1,4828
54217,2016-07-17,20:10:00,296,1,4776
54218,2016-07-17,20:13:00,60,1,4354
54219,2016-07-17,20:14:00,281,2,6248
54220,2016-07-17,20:14:00,368,2,6028
54221,2016-07-17,20:17:00,266,3,2156
54222,2016-07-17,20:19:00,239,2,5773
54223,2016-07-17,20:19:00,287,2,7065
54224,2016-07-17,20:20:00,163,2,10513
54225,2016-07-17,20:22:00,315,3,9246
54226,2016-07-17,20:26:00,421,1,7531
54227,2016-07-17,20:36:00,194,3,4291
54228,2016-07-17,20:37:00,18,1,1087
54229,2016-07-17,20:37:00,437,1,11308
54230,2016-07-17,20:46:00,29,3,7880
54231,2016-07-17,20:48:00,323,2,2849
54232,2016-07-17,20:59:00,441,1,11892
54233,2016-07-17,20:59:00,192,3,11607
54234,2016-07-17,21:02:00,182,2,6616
54235,2016-07-17,21:06:00,396,3,2202
54236,2016-07-17,21:11:00,442,2,205
54237,2016-07-17,21:31:00,439,1,6234
54238,2016-07-17,21:38:00,334,1,6918
54239,2016-07-17,21:42:00,245,2,1568
54240,2016-07-17,21:47:00,269,3,7507
54241,2016-07-17,21:52:00,197,2,3979
54242,2016-07-17,21:57:00,13,2,11743
54243,2016-07-17,22:00:00,156,1,5994
54244,2016-07-17,22:02:00,89,3,9247
54245,2016-07-17,22:03:00,72,2,9597
54246,2016-07-17,22:11:00,141,1,10911
54247,2016-07-17,22:15:00,172,2,1668
54248,2016-07-17,22:19:00,187,2,4923
54249,2016-07-17,22:22:00,113,2,719
54250,2016-07-17,22:24:00,235,1,2175
54251,2016-07-17,22:38:00,350,2,8596
54252,2016-07-17,22:41:00,80,1,2086
54253,2016-07-17,22:56:00,231,1,5794
54254,2016-07-17,23:01:00,397,2,3896
54255,2016-07-17,23:01:00,112,2,7388
54256,2016-07-17,23:12:00,446,1,387
54257,2016-07-17,23:15:00,2,1,11971
54258,2016-07-17,23:15:00,230,1,10249
54259,2016-07-17,23:26:00,344,3,10872
54260,2016-07-17,23:36:00,161,1,379
54261,2016-07-17,23:37:00,55,2,11269
54262,2016-07-17,23:51:00,266,2,6508
54263,2016-07-17,23:53:00,386,2,10014
54264,2016-07-17,23:55:00,314,1,1922
54265,2016-07-18,00:07:00,434,1,4507
54266,2016-07-18,00:09:00,152,1,7875
54267,2016-07-18,00:16:00,77,1,6264
54268,2016-07-18,00:21:00,181,4,10987
54269,2016-07-18,00:22:00,403,4,6016
54270,2016-07-18,00:24:00,351,2,6782
54271,2016-07-18,00:27:00,103,2,11664
54272,2016-07-18,00:33:00,70,1,9927
54273,2016-07-18,00:34:00,192,4,9077
54274,2016-07-18,00:39:00,346,3,3173
54275,2016-07-18,00:40:00,380,1,7504
54276,2016-07-18,00:40:00,434,5,5954
54277,2016-07-18,00:41:00,388,3,11552
54278,2016-07-18,00:43:00,199,1,1273
54279,2016-07-18,00:44:00,389,2,8251
54280,2016-07-18,00:46:00,17,1,5978
54281,2016-07-18,00:46:00,115,1,10207
54282,2016-07-18,00:46:00,243,3,7292
54283,2016-07-18,00:49:00,298,2,11418
54284,2016-07-18,00:52:00,383,2,9569
54285,2016-07-18,00:57:00,219,1,11511
54286,2016-07-18,01:01:00,159,4,9470
54287,2016-07-18,01:02:00,109,2,10376
54288,2016-07-18,01:07:00,200,2,10561
54289,2016-07-18,01:14:00,185,2,7007
54290,2016-07-18,01:14:00,2,4,11289
54291,2016-07-18,01:28:00,19,3,6531
54292,2016-07-18,01:33:00,153,5,7317
54293,2016-07-18,01:40:00,329,2,10154
54294,2016-07-18,01:45:00,153,2,6651
54295,2016-07-18,01:53:00,342,3,8903
54296,2016-07-18,01:55:00,188,1,7737
54297,2016-07-18,01:58:00,234,2,4754
54298,2016-07-18,02:09:00,217,2,7512
54299,2016-07-18,02:19:00,446,1,10140
54300,2016-07-18,02:24:00,389,2,9859
54301,2016-07-18,02:30:00,2,4,9602
54302,2016-07-18,03:04:00,13,1,11085
54303,2016-07-18,03:07:00,157,3,2762
54304,2016-07-18,03:12:00,361,1,1768
54305,2016-07-18,03:13:00,314,1,10624
54306,2016-07-18,03:15:00,73,1,4128
54307,2016-07-18,03:17:00,305,2,10100
54308,2016-07-18,03:25:00,285,3,10267
54309,2016-07-18,03:32:00,452,2,6787
54310,2016-07-18,03:37:00,398,2,8981
54311,2016-07-18,03:43:00,266,1,8011
54312,2016-07-18,03:52:00,259,1,5958
54313,2016-07-18,03:54:00,219,2,7151
54314,2016-07-18,03:56:00,219,2,2177
54315,2016-07-18,04:00:00,298,1,3139
54316,2016-07-18,04:10:00,419,1,6688
54317,2016-07-18,04:11:00,31,3,11409
54318,2016-07-18,04:25:00,85,4,8333
54319,2016-07-18,04:37:00,410,3,9440
54320,2016-07-18,04:49:00,234,3,6146
54321,2016-07-18,04:50:00,278,2,3344
54322,2016-07-18,04:51:00,233,2,9343
54323,2016-07-18,04:53:00,353,4,3150
54324,2016-07-18,04:55:00,310,2,4417
54325,2016-07-18,04:57:00,186,3,9076
54326,2016-07-18,04:58:00,262,1,10038
54327,2016-07-18,05:20:00,411,2,1159
54328,2016-07-18,05:22:00,239,4,10332
54329,2016-07-18,05:24:00,123,1,3581
54330,2016-07-18,05:31:00,447,2,10234
54331,2016-07-18,05:36:00,120,5,11560
54332,2016-07-18,05:36:00,338,2,1560
54333,2016-07-18,05:41:00,367,3,917
54334,2016-07-18,05:43:00,123,4,1432
54335,2016-07-18,05:45:00,40,2,7127
54336,2016-07-18,05:53:00,259,1,3371
54337,2016-07-18,06:00:00,271,3,5975
54338,2016-07-18,06:01:00,288,3,11419
54339,2016-07-18,06:10:00,449,1,5382
54340,2016-07-18,06:11:00,7,1,4231
54341,2016-07-18,06:13:00,4,2,604
54342,2016-07-18,06:24:00,122,2,4718
54343,2016-07-18,06:32:00,198,1,2129
54344,2016-07-18,06:35:00,12,3,11761
54345,2016-07-18,06:38:00,362,3,9752
54346,2016-07-18,06:42:00,77,3,8815
54347,2016-07-18,06:49:00,332,2,5609
54348,2016-07-18,06:51:00,254,4,7768
54349,2016-07-18,06:56:00,400,1,4170
54350,2016-07-18,07:12:00,2,1,3124
54351,2016-07-18,07:13:00,238,1,3607
54352,2016-07-18,07:21:00,208,4,7297
54353,2016-07-18,07:25:00,231,1,3448
54354,2016-07-18,07:42:00,347,2,10115
54355,2016-07-18,07:50:00,186,1,8921
54356,2016-07-18,07:53:00,444,2,10428
54357,2016-07-18,07:59:00,400,3,3584
54358,2016-07-18,08:07:00,379,2,8135
54359,2016-07-18,08:16:00,82,2,6279
54360,2016-07-18,08:26:00,156,2,7631
54361,2016-07-18,08:29:00,63,1,9217
54362,2016-07-18,08:33:00,118,1,9075
54363,2016-07-18,08:35:00,399,3,840
54364,2016-07-18,08:44:00,4,2,372
54365,2016-07-18,08:56:00,383,2,3306
54366,2016-07-18,09:04:00,3,1,1533
54367,2016-07-18,09:09:00,1,1,9103
54368,2016-07-18,09:18:00,119,4,4850
54369,2016-07-18,09:26:00,195,1,324
54370,2016-07-18,09:30:00,292,3,246
54371,2016-07-18,09:32:00,37,1,3651
54372,2016-07-18,09:32:00,380,3,3598
54373,2016-07-18,09:34:00,102,2,656
54374,2016-07-18,09:43:00,197,1,7197
54375,2016-07-18,09:46:00,118,1,10034
54376,2016-07-18,09:49:00,364,5,6027
54377,2016-07-18,09:58:00,380,1,2503
54378,2016-07-18,10:05:00,156,1,644
54379,2016-07-18,10:09:00,350,2,6341
54380,2016-07-18,10:11:00,363,3,678
54381,2016-07-18,10:17:00,395,2,5218
54382,2016-07-18,10:20:00,116,2,1760
54383,2016-07-18,10:22:00,1,1,8643
54384,2016-07-18,10:26:00,195,1,59
54385,2016-07-18,10:26:00,326,6,6952
54386,2016-07-18,10:27:00,181,2,3139
54387,2016-07-18,10:27:00,204,2,11822
54388,2016-07-18,10:44:00,128,4,1141
54389,2016-07-18,10:47:00,4,1,11110
54390,2016-07-18,10:50:00,457,1,1118
54391,2016-07-18,10:52:00,242,5,11262
54392,2016-07-18,10:53:00,261,2,216
54393,2016-07-18,10:58:00,422,2,10971
54394,2016-07-18,11:00:00,445,3,11059
54395,2016-07-18,11:08:00,232,2,3807
54396,2016-07-18,11:10:00,194,3,4473
54397,2016-07-18,11:14:00,72,3,106
54398,2016-07-18,11:26:00,315,1,305
54399,2016-07-18,11:27:00,440,2,7107
54400,2016-07-18,11:28:00,181,1,9971
54401,2016-07-18,11:36:00,298,3,4719
54402,2016-07-18,11:40:00,242,2,3611
54403,2016-07-18,11:45:00,434,2,1666
54404,2016-07-18,11:45:00,290,2,7679
54405,2016-07-18,11:54:00,60,2,10081
54406,2016-07-18,12:00:00,197,2,3622
54407,2016-07-18,12:03:00,162,2,4492
54408,2016-07-18,12:09:00,114,3,8795
54409,2016-07-18,12:14:00,17,2,11470
54410,2016-07-18,12:28:00,343,1,10195
54411,2016-07-18,12:28:00,95,1,1150
54412,2016-07-18,12:50:00,209,3,9072
54413,2016-07-18,12:55:00,51,2,1477
54414,2016-07-18,12:55:00,102,2,365
54415,2016-07-18,12:56:00,321,1,8547
54416,2016-07-18,13:03:00,58,3,3649
54417,2016-07-18,13:13:00,147,1,4964
54418,2016-07-18,13:15:00,1,1,1073
54419,2016-07-18,13:16:00,14,2,2674
54420,2016-07-18,13:36:00,192,3,6643
54421,2016-07-18,13:37:00,65,2,689
54422,2016-07-18,13:51:00,78,2,748
54423,2016-07-18,13:51:00,125,1,6710
54424,2016-07-18,13:54:00,42,2,2375
54425,2016-07-18,13:56:00,245,1,8789
54426,2016-07-18,14:16:00,94,2,5918
54427,2016-07-18,14:19:00,400,1,8456
54428,2016-07-18,14:26:00,28,1,1679
54429,2016-07-18,14:35:00,95,2,10424
54430,2016-07-18,14:41:00,273,2,3741
54431,2016-07-18,14:47:00,240,2,10321
54432,2016-07-18,14:59:00,237,1,3230
54433,2016-07-18,15:07:00,246,5,9964
54434,2016-07-18,15:08:00,364,2,10747
54435,2016-07-18,15:15:00,42,3,8486
54436,2016-07-18,15:27:00,237,3,9603
54437,2016-07-18,15:39:00,126,2,11411
54438,2016-07-18,15:50:00,276,1,10118
54439,2016-07-18,16:04:00,47,1,8538
54440,2016-07-18,16:08:00,142,2,11277
54441,2016-07-18,16:11:00,256,1,10820
54442,2016-07-18,16:12:00,177,1,7362
54443,2016-07-18,16:13:00,81,1,2129
54444,2016-07-18,16:14:00,49,2,7404
54445,2016-07-18,16:17:00,352,1,7
54446,2016-07-18,16:20:00,186,1,10820
54447,2016-07-18,16:33:00,431,2,348
54448,2016-07-18,16:39:00,208,2,1363
54449,2016-07-18,16:43:00,388,2,4086
54450,2016-07-18,16:48:00,193,1,5308
54451,2016-07-18,16:51:00,184,4,4022
54452,2016-07-18,16:52:00,363,1,9022
54453,2016-07-18,17:01:00,77,2,7304
54454,2016-07-18,17:16:00,438,2,8399
54455,2016-07-18,17:24:00,442,2,4936
54456,2016-07-18,17:26:00,88,2,9209
54457,2016-07-18,17:34:00,235,3,10502
54458,2016-07-18,17:39:00,203,1,417
54459,2016-07-18,17:50:00,243,2,7119
54460,2016-07-18,17:50:00,412,1,4062
54461,2016-07-18,17:53:00,340,4,5484
54462,2016-07-18,17:58:00,81,2,931
54463,2016-07-18,18:06:00,319,3,5706
54464,2016-07-18,18:08:00,153,1,5932
54465,2016-07-18,18:11:00,51,1,2376
54466,2016-07-18,18:15:00,441,5,1929
54467,2016-07-18,18:26:00,147,1,3726
54468,2016-07-18,18:37:00,408,3,6423
54469,2016-07-18,18:38:00,430,2,11474
54470,2016-07-18,18:48:00,278,3,6345
54471,2016-07-18,18:59:00,164,1,3105
54472,2016-07-18,19:01:00,85,1,7626
54473,2016-07-18,19:02:00,70,2,6642
54474,2016-07-18,19:11:00,382,2,11800
54475,2016-07-18,19:11:00,269,3,1940
54476,2016-07-18,19:24:00,291,1,10282
54477,2016-07-18,19:35:00,243,3,5449
54478,2016-07-18,19:35:00,275,2,9392
54479,2016-07-18,19:40:00,390,2,9684
54480,2016-07-18,19:46:00,170,1,10809
54481,2016-07-18,19:53:00,393,1,7813
54482,2016-07-18,19:58:00,225,3,4685
54483,2016-07-18,20:01:00,5,2,499
54484,2016-07-18,20:22:00,119,4,8217
54485,2016-07-18,20:26:00,412,2,9747
54486,2016-07-18,20:37:00,288,1,8874
54487,2016-07-18,20:46:00,295,1,5710
54488,2016-07-18,21:02:00,109,3,2900
54489,2016-07-18,21:02:00,142,1,4762
54490,2016-07-18,21:27:00,266,2,5546
54491,2016-07-18,21:29:00,86,1,11832
54492,2016-07-18,21:49:00,307,1,6356
54493,2016-07-18,22:03:00,334,3,4147
54494,2016-07-18,22:03:00,293,1,3055
54495,2016-07-18,22:05:00,123,4,10854
54496,2016-07-18,22:13:00,73,1,1130
54497,2016-07-18,22:19:00,12,1,10566
54498,2016-07-18,22:35:00,47,2,1713
54499,2016-07-18,22:36:00,417,1,1361
54500,2016-07-18,22:39:00,286,1,8874
54501,2016-07-18,22:42:00,307,3,6402
54502,2016-07-18,22:42:00,398,2,4063
54503,2016-07-18,22:48:00,190,3,9971
54504,2016-07-18,22:50:00,25,3,3390
54505,2016-07-18,22:53:00,264,1,1244
54506,2016-07-18,22:56:00,227,1,70
54507,2016-07-18,22:57:00,99,1,2466
54508,2016-07-18,23:00:00,69,1,11653
54509,2016-07-18,23:05:00,256,2,4365
54510,2016-07-18,23:07:00,123,2,2252
54511,2016-07-18,23:08:00,130,2,11711
54512,2016-07-18,23:09:00,56,2,8614
54513,2016-07-18,23:15:00,71,1,3711
54514,2016-07-18,23:16:00,180,1,2798
54515,2016-07-18,23:20:00,447,1,1458
54516,2016-07-18,23:31:00,214,2,1387
54517,2016-07-18,23:33:00,351,2,8509
54518,2016-07-18,23:35:00,165,3,9453
54519,2016-07-18,23:35:00,332,1,231
54520,2016-07-18,23:46:00,10,1,9269
54521,2016-07-18,23:56:00,160,1,258
54522,2016-07-19,00:06:00,2,1,8138
54523,2016-07-19,00:10:00,331,1,3233
54524,2016-07-19,00:15:00,192,2,5989
54525,2016-07-19,00:18:00,253,6,5484
54526,2016-07-19,00:21:00,451,2,7033
54527,2016-07-19,00:26:00,10,3,4822
54528,2016-07-19,00:28:00,363,1,6055
54529,2016-07-19,00:30:00,75,2,468
54530,2016-07-19,00:37:00,413,3,7140
54531,2016-07-19,00:38:00,311,2,10206
54532,2016-07-19,00:42:00,181,1,1664
54533,2016-07-19,01:12:00,168,2,10922
54534,2016-07-19,01:22:00,430,1,8540
54535,2016-07-19,01:35:00,40,2,4014
54536,2016-07-19,01:37:00,12,2,6246
54537,2016-07-19,01:42:00,329,3,1629
54538,2016-07-19,01:43:00,277,3,4755
54539,2016-07-19,01:57:00,372,1,540
54540,2016-07-19,02:03:00,27,1,2126
54541,2016-07-19,02:05:00,342,3,2831
54542,2016-07-19,02:20:00,418,1,11606
54543,2016-07-19,02:25:00,93,1,6898
54544,2016-07-19,02:26:00,111,1,9847
54545,2016-07-19,02:31:00,215,1,758
54546,2016-07-19,02:45:00,254,1,6855
54547,2016-07-19,02:45:00,429,2,6792
54548,2016-07-19,02:48:00,124,1,11140
54549,2016-07-19,02:54:00,449,1,1903
54550,2016-07-19,02:54:00,216,1,5214
54551,2016-07-19,02:57:00,210,2,7079
54552,2016-07-19,03:13:00,74,1,5477
54553,2016-07-19,03:17:00,153,1,7062
54554,2016-07-19,03:35:00,67,5,10887
54555,2016-07-19,03:38:00,57,1,5216
54556,2016-07-19,03:40:00,236,1,10824
54557,2016-07-19,03:44:00,440,3,2607
54558,2016-07-19,03:45:00,339,2,8095
54559,2016-07-19,03:51:00,68,1,9846
54560,2016-07-19,03:55:00,165,1,7908
54561,2016-07-19,03:55:00,86,1,1978
54562,2016-07-19,03:59:00,363,2,9036
54563,2016-07-19,04:04:00,11,1,7624
54564,2016-07-19,04:09:00,373,2,1522
54565,2016-07-19,04:12:00,189,2,4749
54566,2016-07-19,04:16:00,189,1,11220
54567,2016-07-19,04:30:00,79,2,792
54568,2016-07-19,04:34:00,380,1,1204
54569,2016-07-19,04:36:00,247,1,10197
54570,2016-07-19,04:36:00,68,5,6275
54571,2016-07-19,04:39:00,176,1,3021
54572,2016-07-19,04:45:00,340,2,2746
54573,2016-07-19,04:48:00,338,1,768
54574,2016-07-19,04:50:00,294,4,6879
54575,2016-07-19,04:54:00,123,2,10002
54576,2016-07-19,04:55:00,456,1,5224
54577,2016-07-19,05:00:00,380,1,3322
54578,2016-07-19,05:11:00,452,2,7938
54579,2016-07-19,05:12:00,239,1,6142
54580,2016-07-19,05:21:00,132,1,2448
54581,2016-07-19,05:23:00,64,1,10048
54582,2016-07-19,05:27:00,33,2,6404
54583,2016-07-19,05:35:00,102,2,7225
54584,2016-07-19,05:39:00,247,1,2584
54585,2016-07-19,05:40:00,371,2,2530
54586,2016-07-19,05:42:00,335,3,8465
54587,2016-07-19,05:58:00,282,2,4388
54588,2016-07-19,06:02:00,65,1,3344
54589,2016-07-19,06:27:00,99,1,10005
54590,2016-07-19,06:28:00,209,5,2785
54591,2016-07-19,06:32:00,229,2,6752
54592,2016-07-19,06:34:00,277,3,8204
54593,2016-07-19,06:34:00,351,1,144
54594,2016-07-19,06:35:00,218,1,6566
54595,2016-07-19,06:41:00,42,3,11007
54596,2016-07-19,06:50:00,105,4,6487
54597,2016-07-19,06:53:00,209,2,11383
54598,2016-07-19,06:53:00,127,2,1099
54599,2016-07-19,06:55:00,118,1,9216
54600,2016-07-19,06:57:00,212,1,1996
54601,2016-07-19,07:06:00,245,3,8018
54602,2016-07-19,07:08:00,261,1,6873
54603,2016-07-19,07:09:00,4,1,4539
54604,2016-07-19,07:15:00,46,1,5813
54605,2016-07-19,07:20:00,249,2,5886
54606,2016-07-19,07:20:00,391,1,2554
54607,2016-07-19,07:25:00,367,1,11717
54608,2016-07-19,07:26:00,401,1,3988
54609,2016-07-19,07:28:00,254,3,1223
54610,2016-07-19,07:36:00,410,1,6175
54611,2016-07-19,07:38:00,91,1,10984
54612,2016-07-19,07:38:00,415,1,9115
54613,2016-07-19,07:39:00,14,1,3317
54614,2016-07-19,07:46:00,111,3,8244
54615,2016-07-19,07:51:00,121,2,5529
54616,2016-07-19,07:59:00,75,3,1165
54617,2016-07-19,08:13:00,19,1,11487
54618,2016-07-19,08:14:00,180,3,9041
54619,2016-07-19,08:21:00,62,2,5924
54620,2016-07-19,08:23:00,91,2,7443
54621,2016-07-19,08:23:00,327,2,8761
54622,2016-07-19,08:43:00,75,3,11007
54623,2016-07-19,08:46:00,417,1,6197
54624,2016-07-19,08:47:00,46,1,6695
54625,2016-07-19,08:50:00,426,2,4402
54626,2016-07-19,08:52:00,298,3,1013
54627,2016-07-19,09:21:00,385,3,3868
54628,2016-07-19,09:26:00,294,3,10004
54629,2016-07-19,09:30:00,172,1,7664
54630,2016-07-19,09:31:00,92,1,3175
54631,2016-07-19,09:37:00,30,1,985
54632,2016-07-19,09:38:00,172,2,10579
54633,2016-07-19,09:41:00,162,1,9238
54634,2016-07-19,09:47:00,443,2,8966
54635,2016-07-19,09:53:00,335,3,8058
54636,2016-07-19,09:56:00,209,1,1877
54637,2016-07-19,10:12:00,344,1,11649
54638,2016-07-19,10:15:00,160,1,11911
54639,2016-07-19,10:19:00,13,2,3733
54640,2016-07-19,10:26:00,140,1,8562
54641,2016-07-19,10:28:00,141,2,9508
54642,2016-07-19,10:38:00,286,1,11973
54643,2016-07-19,10:46:00,59,1,10495
54644,2016-07-19,10:49:00,114,1,8659
54645,2016-07-19,10:53:00,411,2,10872
54646,2016-07-19,10:58:00,429,1,11400
54647,2016-07-19,11:01:00,34,2,5995
54648,2016-07-19,11:02:00,93,1,8326
54649,2016-07-19,11:02:00,361,2,10846
54650,2016-07-19,11:09:00,153,3,3155
54651,2016-07-19,11:11:00,419,3,2578
54652,2016-07-19,11:12:00,447,1,9927
54653,2016-07-19,11:18:00,307,1,1698
54654,2016-07-19,11:23:00,124,7,11605
54655,2016-07-19,11:26:00,50,2,4255
54656,2016-07-19,11:31:00,201,1,6753
54657,2016-07-19,11:42:00,164,1,10333
54658,2016-07-19,11:44:00,230,2,8716
54659,2016-07-19,11:48:00,210,3,24
54660,2016-07-19,11:56:00,102,2,477
54661,2016-07-19,12:04:00,294,3,2946
54662,2016-07-19,12:07:00,222,2,10141
54663,2016-07-19,12:08:00,351,1,2100
54664,2016-07-19,12:13:00,447,2,8066
54665,2016-07-19,12:20:00,314,3,11636
54666,2016-07-19,12:30:00,74,2,11174
54667,2016-07-19,12:38:00,100,2,8413
54668,2016-07-19,12:39:00,298,4,6099
54669,2016-07-19,12:40:00,188,2,10316
54670,2016-07-19,12:44:00,66,1,395
54671,2016-07-19,12:49:00,28,3,5766
54672,2016-07-19,12:50:00,376,1,11299
54673,2016-07-19,13:00:00,184,2,6727
54674,2016-07-19,13:07:00,427,5,11820
54675,2016-07-19,13:10:00,362,4,2225
54676,2016-07-19,13:11:00,412,3,5417
54677,2016-07-19,13:16:00,434,2,6961
54678,2016-07-19,13:17:00,455,3,3900
54679,2016-07-19,13:24:00,313,3,8046
54680,2016-07-19,13:29:00,134,2,863
54681,2016-07-19,13:35:00,218,1,2836
54682,2016-07-19,13:42:00,114,2,1417
54683,2016-07-19,13:43:00,337,4,8904
54684,2016-07-19,13:46:00,254,2,4032
54685,2016-07-19,14:00:00,6,1,2252
54686,2016-07-19,14:02:00,166,2,4238
54687,2016-07-19,14:09:00,294,2,8029
54688,2016-07-19,14:12:00,353,1,8374
54689,2016-07-19,14:15:00,137,1,2019
54690,2016-07-19,14:18:00,330,2,9508
54691,2016-07-19,14:25:00,121,1,1062
54692,2016-07-19,14:32:00,120,1,9245
54693,2016-07-19,14:35:00,4,5,6926
54694,2016-07-19,14:35:00,54,3,10693
54695,2016-07-19,14:42:00,34,1,1499
54696,2016-07-19,14:49:00,36,3,3033
54697,2016-07-19,14:51:00,102,2,398
54698,2016-07-19,14:51:00,289,2,8151
54699,2016-07-19,14:53:00,344,1,8335
54700,2016-07-19,15:04:00,18,3,3880
54701,2016-07-19,15:05:00,23,2,111
54702,2016-07-19,15:05:00,361,1,11756
54703,2016-07-19,15:10:00,133,1,1256
54704,2016-07-19,15:15:00,19,2,483
54705,2016-07-19,15:33:00,321,3,8785
54706,2016-07-19,15:34:00,297,1,11776
54707,2016-07-19,15:37:00,428,4,7853
54708,2016-07-19,15:38:00,159,3,1224
54709,2016-07-19,15:45:00,222,3,2343
54710,2016-07-19,15:49:00,90,1,6912
54711,2016-07-19,15:51:00,31,1,2224
54712,2016-07-19,16:10:00,39,2,1351
54713,2016-07-19,16:13:00,202,2,5235
54714,2016-07-19,16:19:00,39,1,3122
54715,2016-07-19,16:20:00,407,2,8514
54716,2016-07-19,16:29:00,212,2,9746
54717,2016-07-19,16:31:00,410,2,817
54718,2016-07-19,16:37:00,173,2,8015
54719,2016-07-19,16:40:00,320,3,5016
54720,2016-07-19,16:42:00,276,2,1380
54721,2016-07-19,16:44:00,444,3,5516
54722,2016-07-19,16:50:00,120,2,8987
54723,2016-07-19,16:51:00,454,2,6263
54724,2016-07-19,16:55:00,449,2,350
54725,2016-07-19,17:00:00,300,1,7654
54726,2016-07-19,17:01:00,310,2,7815
54727,2016-07-19,17:02:00,193,1,7594
54728,2016-07-19,17:03:00,456,1,7549
54729,2016-07-19,17:06:00,439,2,2041
54730,2016-07-19,17:10:00,349,3,286
54731,2016-07-19,17:11:00,218,3,2666
54732,2016-07-19,17:15:00,452,4,7965
54733,2016-07-19,17:16:00,124,2,2928
54734,2016-07-19,17:19:00,92,2,3261
54735,2016-07-19,17:19:00,283,4,8559
54736,2016-07-19,17:30:00,427,2,7506
54737,2016-07-19,17:35:00,281,4,9120
54738,2016-07-19,17:43:00,279,2,1044
54739,2016-07-19,17:44:00,410,2,3338
54740,2016-07-19,17:50:00,419,3,2083
54741,2016-07-19,17:51:00,70,3,5078
54742,2016-07-19,17:56:00,433,2,7800
54743,2016-07-19,18:00:00,87,1,3100
54744,2016-07-19,18:04:00,275,2,2287
54745,2016-07-19,18:04:00,373,4,5896
54746,2016-07-19,18:04:00,76,1,644
54747,2016-07-19,18:06:00,294,1,698
54748,2016-07-19,18:13:00,243,2,819
54749,2016-07-19,18:16:00,336,2,4919
54750,2016-07-19,18:21:00,66,1,2597
54751,2016-07-19,18:24:00,325,1,997
54752,2016-07-19,18:39:00,176,1,144
54753,2016-07-19,18:39:00,71,5,9833
54754,2016-07-19,18:40:00,245,3,1486
54755,2016-07-19,18:48:00,42,1,8040
54756,2016-07-19,18:48:00,213,4,8476
54757,2016-07-19,18:56:00,165,1,11201
54758,2016-07-19,18:57:00,301,1,4944
54759,2016-07-19,19:01:00,20,2,9393
54760,2016-07-19,19:02:00,448,2,3976
54761,2016-07-19,19:08:00,257,1,6290
54762,2016-07-19,19:10:00,290,2,2901
54763,2016-07-19,19:10:00,172,2,4777
54764,2016-07-19,19:15:00,451,2,869
54765,2016-07-19,19:20:00,357,2,5262
54766,2016-07-19,19:27:00,296,1,112
54767,2016-07-19,19:29:00,28,2,2396
54768,2016-07-19,19:34:00,218,2,749
54769,2016-07-19,19:37:00,223,2,9334
54770,2016-07-19,19:46:00,16,2,5423
54771,2016-07-19,19:47:00,358,1,1576
54772,2016-07-19,19:48:00,362,1,6491
54773,2016-07-19,19:57:00,196,1,11560
54774,2016-07-19,20:00:00,214,1,1265
54775,2016-07-19,20:14:00,226,2,4187
54776,2016-07-19,20:23:00,283,2,3242
54777,2016-07-19,20:32:00,318,3,7025
54778,2016-07-19,20:36:00,80,3,2748
54779,2016-07-19,20:38:00,9,2,9723
54780,2016-07-19,20:56:00,419,3,10826
54781,2016-07-19,21:07:00,396,3,4222
54782,2016-07-19,21:07:00,331,1,3663
54783,2016-07-19,21:11:00,97,4,7937
54784,2016-07-19,21:14:00,162,4,8418
54785,2016-07-19,21:27:00,363,2,2988
54786,2016-07-19,21:34:00,356,1,3336
54787,2016-07-19,21:37:00,137,2,8130
54788,2016-07-19,21:38:00,200,4,4038
54789,2016-07-19,21:42:00,373,2,8045
54790,2016-07-19,21:48:00,329,2,5910
54791,2016-07-19,21:55:00,220,5,18
54792,2016-07-19,22:24:00,5,2,1155
54793,2016-07-19,22:31:00,235,1,6730
54794,2016-07-19,22:39:00,170,1,3607
54795,2016-07-19,22:39:00,15,2,4421
54796,2016-07-19,22:44:00,392,2,10957
54797,2016-07-19,22:52:00,198,1,7031
54798,2016-07-19,23:09:00,312,1,6944
54799,2016-07-19,23:17:00,58,2,6264
54800,2016-07-19,23:19:00,184,2,7091
54801,2016-07-19,23:19:00,161,1,9233
54802,2016-07-19,23:21:00,381,2,2863
54803,2016-07-19,23:23:00,254,1,10497
54804,2016-07-19,23:29:00,448,6,7539
54805,2016-07-19,23:40:00,74,1,1346
54806,2016-07-19,23:44:00,307,2,1295
54807,2016-07-19,23:54:00,221,1,2614
54808,2016-07-20,00:03:00,138,2,3151
54809,2016-07-20,00:07:00,256,1,3491
54810,2016-07-20,00:08:00,21,2,1824
54811,2016-07-20,00:11:00,100,1,72
54812,2016-07-20,00:28:00,413,1,2640
54813,2016-07-20,00:30:00,101,5,9091
54814,2016-07-20,00:32:00,346,1,1458
54815,2016-07-20,00:33:00,185,1,8869
54816,2016-07-20,00:45:00,273,4,7176
54817,2016-07-20,00:46:00,71,1,10491
54818,2016-07-20,00:53:00,298,2,4299
54819,2016-07-20,00:55:00,402,3,11553
54820,2016-07-20,00:57:00,156,2,10510
54821,2016-07-20,00:59:00,326,2,7616
54822,2016-07-20,00:59:00,45,1,4551
54823,2016-07-20,01:04:00,61,2,11871
54824,2016-07-20,01:08:00,398,1,5008
54825,2016-07-20,01:12:00,117,1,1256
54826,2016-07-20,01:15:00,21,3,2531
54827,2016-07-20,01:15:00,154,2,9737
54828,2016-07-20,01:30:00,244,1,4241
54829,2016-07-20,01:48:00,19,3,10675
54830,2016-07-20,01:59:00,276,3,2794
54831,2016-07-20,02:04:00,449,2,8390
54832,2016-07-20,02:07:00,133,1,2940
54833,2016-07-20,02:10:00,32,3,2366
54834,2016-07-20,02:13:00,372,1,1483
54835,2016-07-20,02:31:00,211,1,1453
54836,2016-07-20,02:34:00,398,2,1190
54837,2016-07-20,02:39:00,77,3,3970
54838,2016-07-20,02:41:00,238,5,685
54839,2016-07-20,02:44:00,67,1,3186
54840,2016-07-20,02:47:00,188,2,4087
54841,2016-07-20,02:50:00,28,1,734
54842,2016-07-20,02:50:00,315,1,7996
54843,2016-07-20,02:53:00,389,1,3121
54844,2016-07-20,03:07:00,370,1,1248
54845,2016-07-20,03:07:00,208,3,10333
54846,2016-07-20,03:07:00,2,2,700
54847,2016-07-20,03:10:00,126,4,9541
54848,2016-07-20,03:37:00,452,1,6999
54849,2016-07-20,03:42:00,445,1,11461
54850,2016-07-20,03:45:00,363,2,10163
54851,2016-07-20,03:48:00,7,2,1677
54852,2016-07-20,03:48:00,28,1,8267
54853,2016-07-20,03:52:00,59,4,7511
54854,2016-07-20,03:58:00,161,2,3558
54855,2016-07-20,04:12:00,90,3,10048
54856,2016-07-20,04:15:00,340,2,5478
54857,2016-07-20,04:17:00,168,1,10282
54858,2016-07-20,04:22:00,165,2,3191
54859,2016-07-20,04:24:00,141,2,8659
54860,2016-07-20,04:28:00,198,1,5499
54861,2016-07-20,04:32:00,253,3,1092
54862,2016-07-20,04:34:00,302,2,591
54863,2016-07-20,04:35:00,417,3,1456
54864,2016-07-20,04:37:00,395,1,8884
54865,2016-07-20,04:40:00,165,1,3308
54866,2016-07-20,04:43:00,457,1,11402
54867,2016-07-20,04:44:00,26,1,9029
54868,2016-07-20,05:01:00,54,1,10778
54869,2016-07-20,05:01:00,272,3,3639
54870,2016-07-20,05:07:00,220,2,2873
54871,2016-07-20,05:09:00,404,1,444
54872,2016-07-20,05:18:00,202,2,10044
54873,2016-07-20,05:40:00,47,1,10793
54874,2016-07-20,05:41:00,42,1,8565
54875,2016-07-20,05:50:00,258,2,3822
54876,2016-07-20,05:56:00,61,3,6502
54877,2016-07-20,06:02:00,8,1,824
54878,2016-07-20,06:02:00,119,2,5197
54879,2016-07-20,06:03:00,348,2,2191
54880,2016-07-20,06:14:00,197,1,8775
54881,2016-07-20,06:19:00,355,2,9557
54882,2016-07-20,06:28:00,278,2,9407
54883,2016-07-20,06:29:00,342,1,11076
54884,2016-07-20,06:35:00,439,3,6162
54885,2016-07-20,06:39:00,170,1,9770
54886,2016-07-20,06:47:00,321,3,1315
54887,2016-07-20,06:50:00,386,2,2150
54888,2016-07-20,06:57:00,153,1,3024
54889,2016-07-20,07:02:00,190,1,4926
54890,2016-07-20,07:20:00,413,2,9993
54891,2016-07-20,07:25:00,68,1,11659
54892,2016-07-20,07:28:00,438,2,11161
54893,2016-07-20,07:32:00,238,1,3107
54894,2016-07-20,07:41:00,52,1,1671
54895,2016-07-20,07:45:00,2,2,735
54896,2016-07-20,07:47:00,113,3,6810
54897,2016-07-20,07:47:00,73,2,7409
54898,2016-07-20,08:05:00,132,1,10853
54899,2016-07-20,08:08:00,42,3,11526
54900,2016-07-20,08:09:00,190,1,10277
54901,2016-07-20,08:10:00,210,3,9084
54902,2016-07-20,08:19:00,250,2,9780
54903,2016-07-20,08:20:00,345,1,5345
54904,2016-07-20,08:22:00,176,2,8733
54905,2016-07-20,08:26:00,45,2,5397
54906,2016-07-20,08:28:00,405,2,1742
54907,2016-07-20,08:32:00,182,2,4255
54908,2016-07-20,08:37:00,203,3,222
54909,2016-07-20,08:38:00,336,3,5240
54910,2016-07-20,08:41:00,86,3,9983
54911,2016-07-20,08:49:00,73,2,8880
54912,2016-07-20,08:51:00,349,2,2177
54913,2016-07-20,08:56:00,215,3,4204
54914,2016-07-20,08:56:00,251,2,4269
54915,2016-07-20,09:00:00,317,2,7833
54916,2016-07-20,09:11:00,455,1,11410
54917,2016-07-20,09:12:00,241,3,10961
54918,2016-07-20,09:15:00,327,1,10682
54919,2016-07-20,09:23:00,50,3,8218
54920,2016-07-20,09:29:00,204,1,5345
54921,2016-07-20,09:34:00,176,1,6134
54922,2016-07-20,09:49:00,93,3,1038
54923,2016-07-20,09:59:00,423,1,11215
54924,2016-07-20,10:03:00,257,3,8021
54925,2016-07-20,10:18:00,361,3,7245
54926,2016-07-20,10:18:00,385,1,7740
54927,2016-07-20,10:26:00,283,2,3019
54928,2016-07-20,10:28:00,126,1,11725
54929,2016-07-20,10:30:00,282,2,1803
54930,2016-07-20,10:37:00,192,2,10886
54931,2016-07-20,10:41:00,211,3,4314
54932,2016-07-20,10:51:00,383,2,4625
54933,2016-07-20,11:04:00,309,2,326
54934,2016-07-20,11:05:00,363,1,3984
54935,2016-07-20,11:08:00,177,2,1289
54936,2016-07-20,11:17:00,374,1,5
54937,2016-07-20,11:26:00,238,1,759
54938,2016-07-20,11:37:00,442,3,5237
54939,2016-07-20,11:38:00,422,2,5862
54940,2016-07-20,11:44:00,203,3,4026
54941,2016-07-20,11:45:00,321,1,11095
54942,2016-07-20,11:46:00,308,1,10709
54943,2016-07-20,11:52:00,99,2,11560
54944,2016-07-20,12:00:00,36,2,4390
54945,2016-07-20,12:04:00,52,2,9591
54946,2016-07-20,12:13:00,415,2,1693
54947,2016-07-20,12:20:00,287,2,8509
54948,2016-07-20,12:21:00,90,3,10981
54949,2016-07-20,12:24:00,394,6,8682
54950,2016-07-20,12:30:00,72,2,6380
54951,2016-07-20,12:31:00,143,2,628
54952,2016-07-20,12:59:00,88,1,1966
54953,2016-07-20,13:03:00,100,5,336
54954,2016-07-20,13:08:00,246,5,11198
54955,2016-07-20,13:14:00,111,1,4880
54956,2016-07-20,13:16:00,256,3,397
54957,2016-07-20,13:20:00,202,2,5259
54958,2016-07-20,13:21:00,146,2,9716
54959,2016-07-20,13:40:00,38,1,2651
54960,2016-07-20,13:47:00,371,2,5773
54961,2016-07-20,13:52:00,195,1,3938
54962,2016-07-20,13:55:00,347,3,10993
54963,2016-07-20,14:03:00,211,2,423
54964,2016-07-20,14:07:00,410,5,7180
54965,2016-07-20,14:14:00,44,1,4605
54966,2016-07-20,14:20:00,67,1,1100
54967,2016-07-20,14:30:00,301,1,6933
54968,2016-07-20,14:31:00,142,3,3741
54969,2016-07-20,14:41:00,202,1,11024
54970,2016-07-20,14:42:00,105,2,7585
54971,2016-07-20,14:45:00,86,1,2088
54972,2016-07-20,14:47:00,324,1,4037
54973,2016-07-20,14:48:00,313,2,7435
54974,2016-07-20,14:55:00,211,1,9713
54975,2016-07-20,14:57:00,146,2,9783
54976,2016-07-20,14:59:00,116,1,981
54977,2016-07-20,15:12:00,408,1,6469
54978,2016-07-20,15:12:00,273,2,3894
54979,2016-07-20,15:20:00,31,3,8019
54980,2016-07-20,15:30:00,27,2,7393
54981,2016-07-20,15:31:00,268,2,8884
54982,2016-07-20,15:32:00,357,1,11596
54983,2016-07-20,15:32:00,36,2,2636
54984,2016-07-20,15:33:00,458,1,5075
54985,2016-07-20,15:36:00,244,1,3962
54986,2016-07-20,15:36:00,261,4,6575
54987,2016-07-20,15:38:00,163,3,4426
54988,2016-07-20,15:41:00,373,1,3860
54989,2016-07-20,15:49:00,168,2,4925
54990,2016-07-20,15:57:00,440,1,97
54991,2016-07-20,15:57:00,84,1,8463
54992,2016-07-20,15:57:00,32,1,6882
54993,2016-07-20,16:02:00,314,1,9163
54994,2016-07-20,16:06:00,148,2,7744
54995,2016-07-20,16:08:00,271,2,6812
54996,2016-07-20,16:09:00,94,3,2984
54997,2016-07-20,16:10:00,457,1,555
54998,2016-07-20,16:11:00,32,2,42
54999,2016-07-20,16:13:00,292,1,10842
55000,2016-07-20,16:15:00,389,2,3206
55001,2016-07-20,16:17:00,170,1,1036
55002,2016-07-20,16:35:00,351,1,5698
55003,2016-07-20,16:36:00,37,3,5891
55004,2016-07-20,16:40:00,161,3,3276
55005,2016-07-20,16:44:00,303,2,11356
55006,2016-07-20,16:45:00,365,2,10605
55007,2016-07-20,16:48:00,375,2,6127
55008,2016-07-20,16:52:00,372,1,9128
55009,2016-07-20,16:54:00,81,1,1917
55010,2016-07-20,16:58:00,375,1,4269
55011,2016-07-20,17:02:00,314,3,6522
55012,2016-07-20,17:07:00,250,1,3851
55013,2016-07-20,17:09:00,255,1,4973
55014,2016-07-20,17:09:00,362,1,8605
55015,2016-07-20,17:14:00,345,2,4712
55016,2016-07-20,17:15:00,341,2,9901
55017,2016-07-20,17:16:00,319,2,6130
55018,2016-07-20,17:21:00,66,5,5287
55019,2016-07-20,17:29:00,27,3,7870
55020,2016-07-20,17:33:00,218,1,1456
55021,2016-07-20,17:34:00,287,1,8679
55022,2016-07-20,17:39:00,119,2,2172
55023,2016-07-20,17:43:00,198,2,8590
55024,2016-07-20,17:44:00,263,2,248
55025,2016-07-20,17:55:00,252,3,155
55026,2016-07-20,17:56:00,40,1,3671
55027,2016-07-20,17:56:00,319,3,6396
55028,2016-07-20,17:59:00,237,3,5668
55029,2016-07-20,18:05:00,162,3,2356
55030,2016-07-20,18:05:00,84,3,9042
55031,2016-07-20,18:10:00,66,3,3866
55032,2016-07-20,18:12:00,147,1,2886
55033,2016-07-20,18:17:00,323,2,3964
55034,2016-07-20,18:18:00,237,2,1519
55035,2016-07-20,18:40:00,421,1,2557
55036,2016-07-20,18:44:00,145,2,7074
55037,2016-07-20,18:47:00,226,1,8292
55038,2016-07-20,18:50:00,185,1,11515
55039,2016-07-20,18:52:00,89,2,7527
55040,2016-07-20,18:57:00,354,1,4041
55041,2016-07-20,19:00:00,296,1,9329
55042,2016-07-20,19:06:00,208,1,10905
55043,2016-07-20,19:08:00,301,2,3580
55044,2016-07-20,19:09:00,102,2,3168
55045,2016-07-20,19:14:00,305,2,965
55046,2016-07-20,19:17:00,7,1,11720
55047,2016-07-20,19:20:00,339,3,3192
55048,2016-07-20,19:22:00,91,1,10722
55049,2016-07-20,19:25:00,392,1,4610
55050,2016-07-20,19:26:00,221,2,8768
55051,2016-07-20,19:27:00,171,2,1980
55052,2016-07-20,19:32:00,248,2,6830
55053,2016-07-20,19:35:00,99,3,4774
55054,2016-07-20,19:46:00,8,2,7376
55055,2016-07-20,19:48:00,282,1,9481
55056,2016-07-20,19:52:00,409,3,8345
55057,2016-07-20,19:56:00,176,1,7930
55058,2016-07-20,20:04:00,453,1,7901
55059,2016-07-20,20:11:00,288,2,221
55060,2016-07-20,20:35:00,272,2,4355
55061,2016-07-20,20:42:00,390,1,10776
55062,2016-07-20,20:45:00,164,5,10370
55063,2016-07-20,20:46:00,255,1,8649
55064,2016-07-20,20:47:00,324,3,9128
55065,2016-07-20,20:48:00,44,2,9464
55066,2016-07-20,20:48:00,414,2,276
55067,2016-07-20,20:48:00,236,1,10849
55068,2016-07-20,20:54:00,112,2,10799
55069,2016-07-20,21:04:00,138,1,1543
55070,2016-07-20,21:11:00,341,1,2521
55071,2016-07-20,21:21:00,118,4,10331
55072,2016-07-20,21:23:00,399,2,6395
55073,2016-07-20,21:40:00,130,1,721
55074,2016-07-20,21:42:00,279,1,813
55075,2016-07-20,21:48:00,348,3,5300
55076,2016-07-20,21:48:00,381,2,1108
55077,2016-07-20,22:06:00,281,3,8081
55078,2016-07-20,22:11:00,385,1,7535
55079,2016-07-20,22:20:00,351,3,8544
55080,2016-07-20,22:23:00,94,2,4100
55081,2016-07-20,22:27:00,440,2,6081
55082,2016-07-20,22:27:00,364,2,11545
55083,2016-07-20,22:37:00,372,3,766
55084,2016-07-20,22:49:00,367,1,4887
55085,2016-07-20,22:49:00,114,1,11681
55086,2016-07-20,22:52:00,51,1,1307
55087,2016-07-20,22:55:00,279,3,6383
55088,2016-07-20,22:59:00,72,1,11402
55089,2016-07-20,22:59:00,331,1,11472
55090,2016-07-20,22:59:00,53,3,6332
55091,2016-07-20,23:00:00,397,2,3909
55092,2016-07-20,23:02:00,246,2,6948
55093,2016-07-20,23:02:00,191,3,1450
55094,2016-07-20,23:04:00,188,2,10129
55095,2016-07-20,23:09:00,274,1,3255
55096,2016-07-20,23:17:00,161,1,3911
55097,2016-07-20,23:22:00,289,1,6417
55098,2016-07-20,23:38:00,181,1,10257
55099,2016-07-20,23:39:00,238,1,5120
55100,2016-07-20,23:40:00,183,2,10433
55101,2016-07-20,23:48:00,90,1,10804
55102,2016-07-20,23:56:00,203,2,4677
55103,2016-07-21,00:00:00,135,2,284
55104,2016-07-21,00:01:00,234,1,2283
55105,2016-07-21,00:05:00,92,2,10893
55106,2016-07-21,00:07:00,293,2,884
55107,2016-07-21,00:08:00,207,1,341
55108,2016-07-21,00:14:00,53,1,9678
55109,2016-07-21,00:15:00,286,1,4902
55110,2016-07-21,00:15:00,267,2,7760
55111,2016-07-21,00:29:00,153,3,5848
55112,2016-07-21,00:36:00,223,2,3713
55113,2016-07-21,00:41:00,213,1,3544
55114,2016-07-21,00:41:00,140,3,4573
55115,2016-07-21,00:47:00,343,2,11065
55116,2016-07-21,00:48:00,340,2,9875
55117,2016-07-21,00:58:00,79,3,2670
55118,2016-07-21,01:03:00,132,3,7979
55119,2016-07-21,01:15:00,81,2,5534
55120,2016-07-21,01:16:00,195,2,230
55121,2016-07-21,01:18:00,307,2,3909
55122,2016-07-21,01:22:00,264,3,4434
55123,2016-07-21,01:22:00,424,3,8198
55124,2016-07-21,01:23:00,411,2,2834
55125,2016-07-21,01:23:00,32,1,5769
55126,2016-07-21,01:42:00,297,1,10391
55127,2016-07-21,01:42:00,408,5,1093
55128,2016-07-21,01:48:00,328,1,1614
55129,2016-07-21,02:12:00,441,3,185
55130,2016-07-21,02:21:00,447,2,5708
55131,2016-07-21,02:27:00,270,2,10971
55132,2016-07-21,02:31:00,82,1,1406
55133,2016-07-21,02:34:00,61,1,5624
55134,2016-07-21,02:35:00,200,2,3637
55135,2016-07-21,02:49:00,273,4,10652
55136,2016-07-21,02:52:00,71,3,10590
55137,2016-07-21,02:52:00,280,1,6108
55138,2016-07-21,03:02:00,147,2,5080
55139,2016-07-21,03:17:00,418,3,11912
55140,2016-07-21,03:19:00,420,1,7055
55141,2016-07-21,03:26:00,120,1,10285
55142,2016-07-21,03:29:00,147,1,1490
55143,2016-07-21,03:36:00,78,3,5009
55144,2016-07-21,03:42:00,354,1,7833
55145,2016-07-21,03:43:00,295,2,10784
55146,2016-07-21,03:51:00,227,2,9766
55147,2016-07-21,04:00:00,284,2,2731
55148,2016-07-21,04:02:00,442,2,2128
55149,2016-07-21,04:24:00,308,3,9982
55150,2016-07-21,04:32:00,63,1,10077
55151,2016-07-21,04:33:00,243,1,4226
55152,2016-07-21,04:33:00,409,2,11864
55153,2016-07-21,04:34:00,61,3,10313
55154,2016-07-21,04:43:00,232,1,2322
55155,2016-07-21,04:45:00,305,1,6769
55156,2016-07-21,05:08:00,366,2,6287
55157,2016-07-21,05:08:00,321,3,9636
55158,2016-07-21,05:08:00,11,1,733
55159,2016-07-21,05:12:00,186,2,4654
55160,2016-07-21,05:14:00,55,2,11994
55161,2016-07-21,05:17:00,408,1,448
55162,2016-07-21,05:19:00,310,2,9200
55163,2016-07-21,05:23:00,14,2,5022
55164,2016-07-21,05:24:00,237,2,3947
55165,2016-07-21,05:27:00,165,1,11858
55166,2016-07-21,05:46:00,444,3,480
55167,2016-07-21,06:00:00,327,2,7163
55168,2016-07-21,06:03:00,183,2,11568
55169,2016-07-21,06:05:00,342,1,9767
55170,2016-07-21,06:12:00,238,2,1914
55171,2016-07-21,06:16:00,223,2,11033
55172,2016-07-21,06:16:00,450,2,4085
55173,2016-07-21,06:30:00,294,3,10173
55174,2016-07-21,06:34:00,442,1,11885
55175,2016-07-21,06:40:00,268,4,8633
55176,2016-07-21,06:40:00,162,1,7184
55177,2016-07-21,06:48:00,249,1,6605
55178,2016-07-21,07:04:00,236,2,9037
55179,2016-07-21,07:09:00,126,3,11854
55180,2016-07-21,07:10:00,157,2,11924
55181,2016-07-21,07:13:00,227,1,4263
55182,2016-07-21,07:16:00,107,2,3684
55183,2016-07-21,07:17:00,324,1,3335
55184,2016-07-21,07:18:00,175,3,9027
55185,2016-07-21,07:25:00,385,2,477
55186,2016-07-21,07:25:00,407,1,7373
55187,2016-07-21,07:28:00,45,2,1098
55188,2016-07-21,07:39:00,219,5,2283
55189,2016-07-21,07:55:00,73,1,5958
55190,2016-07-21,07:55:00,224,3,5935
55191,2016-07-21,07:57:00,78,1,5156
55192,2016-07-21,08:00:00,94,1,11525
55193,2016-07-21,08:02:00,286,1,11929
55194,2016-07-21,08:21:00,414,2,1813
55195,2016-07-21,08:26:00,28,2,8544
55196,2016-07-21,08:30:00,202,2,10033
55197,2016-07-21,08:33:00,54,3,5200
55198,2016-07-21,08:36:00,104,1,3089
55199,2016-07-21,08:48:00,91,3,10104
55200,2016-07-21,08:50:00,198,3,5593
55201,2016-07-21,08:51:00,94,4,233
55202,2016-07-21,08:55:00,70,3,5895
55203,2016-07-21,08:58:00,420,3,4106
55204,2016-07-21,08:58:00,425,1,6743
55205,2016-07-21,09:01:00,175,1,622
55206,2016-07-21,09:03:00,239,1,8311
55207,2016-07-21,09:08:00,171,2,1043
55208,2016-07-21,09:09:00,434,3,6138
55209,2016-07-21,09:13:00,265,2,3283
55210,2016-07-21,09:21:00,200,2,6990
55211,2016-07-21,09:35:00,117,1,1432
55212,2016-07-21,09:47:00,10,1,6711
55213,2016-07-21,09:52:00,18,1,428
55214,2016-07-21,09:57:00,456,1,7865
55215,2016-07-21,10:00:00,44,1,7753
55216,2016-07-21,10:07:00,176,1,413
55217,2016-07-21,10:11:00,275,2,4721
55218,2016-07-21,10:13:00,25,1,6744
55219,2016-07-21,10:18:00,322,1,10713
55220,2016-07-21,10:29:00,369,1,4934
55221,2016-07-21,10:30:00,291,3,6174
55222,2016-07-21,10:42:00,385,2,684
55223,2016-07-21,10:46:00,314,2,6270
55224,2016-07-21,10:59:00,398,1,9735
55225,2016-07-21,11:10:00,297,1,6238
55226,2016-07-21,11:12:00,307,2,6286
55227,2016-07-21,11:13:00,51,1,8129
55228,2016-07-21,11:23:00,179,5,8245
55229,2016-07-21,11:25:00,390,3,760
55230,2016-07-21,11:26:00,357,1,895
55231,2016-07-21,11:31:00,231,1,7186
55232,2016-07-21,11:34:00,87,2,6966
55233,2016-07-21,11:36:00,409,2,7998
55234,2016-07-21,11:38:00,49,4,7958
55235,2016-07-21,11:46:00,315,2,3825
55236,2016-07-21,11:47:00,71,1,2056
55237,2016-07-21,11:49:00,29,2,6631
55238,2016-07-21,11:57:00,61,1,9684
55239,2016-07-21,12:06:00,342,3,1677
55240,2016-07-21,12:15:00,46,2,770
55241,2016-07-21,12:15:00,365,2,6402
55242,2016-07-21,12:16:00,368,1,1716
55243,2016-07-21,12:17:00,272,3,4913
55244,2016-07-21,12:24:00,13,1,6981
55245,2016-07-21,12:26:00,406,4,4406
55246,2016-07-21,12:37:00,139,2,11052
55247,2016-07-21,12:39:00,218,1,10436
55248,2016-07-21,12:44:00,369,1,1396
55249,2016-07-21,12:46:00,402,2,9786
55250,2016-07-21,12:53:00,145,2,9394
55251,2016-07-21,13:01:00,97,2,8451
55252,2016-07-21,13:12:00,367,1,9442
55253,2016-07-21,13:14:00,74,3,11929
55254,2016-07-21,13:14:00,34,1,11108
55255,2016-07-21,13:15:00,59,3,2091
55256,2016-07-21,13:17:00,190,2,5840
55257,2016-07-21,13:25:00,429,4,411
55258,2016-07-21,13:28:00,260,3,4048
55259,2016-07-21,13:34:00,343,2,7464
55260,2016-07-21,13:43:00,115,3,11439
55261,2016-07-21,13:48:00,81,1,5000
55262,2016-07-21,13:51:00,256,3,8902
55263,2016-07-21,13:52:00,76,1,6950
55264,2016-07-21,13:53:00,331,4,1116
55265,2016-07-21,13:54:00,106,4,7421
55266,2016-07-21,14:03:00,301,2,3364
55267,2016-07-21,14:17:00,386,4,7669
55268,2016-07-21,14:18:00,344,2,2534
55269,2016-07-21,14:26:00,24,2,4329
55270,2016-07-21,14:27:00,284,1,2649
55271,2016-07-21,14:29:00,377,2,4928
55272,2016-07-21,14:35:00,107,3,3386
55273,2016-07-21,14:49:00,21,1,10375
55274,2016-07-21,15:10:00,398,1,7391
55275,2016-07-21,15:17:00,360,2,8434
55276,2016-07-21,15:19:00,456,1,9712
55277,2016-07-21,15:26:00,58,2,7289
55278,2016-07-21,15:27:00,241,2,4705
55279,2016-07-21,15:28:00,338,5,10658
55280,2016-07-21,15:31:00,389,1,11704
55281,2016-07-21,15:35:00,89,1,11853
55282,2016-07-21,15:39:00,457,1,4573
55283,2016-07-21,15:53:00,430,1,5404
55284,2016-07-21,15:55:00,147,1,6685
55285,2016-07-21,16:06:00,258,1,253
55286,2016-07-21,16:13:00,310,1,9244
55287,2016-07-21,16:14:00,128,1,8942
55288,2016-07-21,16:15:00,426,2,898
55289,2016-07-21,16:21:00,105,2,6982
55290,2016-07-21,16:23:00,132,2,7193
55291,2016-07-21,16:28:00,384,2,7227
55292,2016-07-21,16:32:00,357,1,875
55293,2016-07-21,16:36:00,115,2,9890
55294,2016-07-21,16:53:00,140,2,9653
55295,2016-07-21,16:58:00,365,1,2143
55296,2016-07-21,17:11:00,414,2,9194
55297,2016-07-21,17:17:00,261,2,8767
55298,2016-07-21,17:20:00,98,1,4996
55299,2016-07-21,17:30:00,41,4,4815
55300,2016-07-21,17:47:00,255,2,1421
55301,2016-07-21,17:58:00,412,1,11571
55302,2016-07-21,17:59:00,197,1,6619
55303,2016-07-21,18:01:00,223,4,10911
55304,2016-07-21,18:04:00,14,4,2748
55305,2016-07-21,18:14:00,37,1,7185
55306,2016-07-21,18:14:00,377,2,3530
55307,2016-07-21,18:18:00,405,3,11628
55308,2016-07-21,18:27:00,341,2,8288
55309,2016-07-21,18:30:00,25,1,7307
55310,2016-07-21,18:34:00,301,1,9284
55311,2016-07-21,18:35:00,296,3,3395
55312,2016-07-21,18:43:00,130,2,8592
55313,2016-07-21,18:54:00,440,1,4032
55314,2016-07-21,18:57:00,390,2,7882
55315,2016-07-21,19:02:00,167,2,2112
55316,2016-07-21,19:09:00,424,2,9909
55317,2016-07-21,19:14:00,201,1,8173
55318,2016-07-21,19:24:00,240,3,5915
55319,2016-07-21,19:27:00,45,2,6115
55320,2016-07-21,19:28:00,449,3,8186
55321,2016-07-21,19:35:00,425,1,2694
55322,2016-07-21,19:53:00,133,1,6150
55323,2016-07-21,20:05:00,82,2,9723
55324,2016-07-21,20:06:00,316,4,7133
55325,2016-07-21,20:16:00,357,5,6566
55326,2016-07-21,20:16:00,243,1,10143
55327,2016-07-21,20:18:00,360,1,633
55328,2016-07-21,20:24:00,248,5,4271
55329,2016-07-21,20:25:00,313,1,10287
55330,2016-07-21,20:28:00,444,3,954
55331,2016-07-21,20:28:00,214,1,5185
55332,2016-07-21,20:31:00,364,4,2387
55333,2016-07-21,20:33:00,86,1,10084
55334,2016-07-21,20:34:00,207,1,10771
55335,2016-07-21,20:48:00,184,1,5799
55336,2016-07-21,21:01:00,388,2,5624
55337,2016-07-21,21:08:00,133,2,8499
55338,2016-07-21,21:10:00,245,2,11526
55339,2016-07-21,21:12:00,6,1,10099
55340,2016-07-21,21:20:00,147,2,3518
55341,2016-07-21,21:37:00,106,1,4308
55342,2016-07-21,21:42:00,110,1,3898
55343,2016-07-21,21:49:00,380,1,1680
55344,2016-07-21,21:53:00,159,1,8174
55345,2016-07-21,22:06:00,194,2,162
55346,2016-07-21,22:09:00,2,2,1870
55347,2016-07-21,22:16:00,315,2,1521
55348,2016-07-21,22:22:00,311,1,2349
55349,2016-07-21,22:22:00,452,2,22
55350,2016-07-21,22:33:00,192,2,4581
55351,2016-07-21,22:37:00,238,4,10242
55352,2016-07-21,22:38:00,190,1,2019
55353,2016-07-21,22:39:00,173,2,5864
55354,2016-07-21,22:40:00,335,2,3820
55355,2016-07-21,22:43:00,338,1,4975
55356,2016-07-21,22:43:00,35,4,1146
55357,2016-07-21,22:46:00,32,1,294
55358,2016-07-21,22:47:00,66,2,653
55359,2016-07-21,22:48:00,59,3,11805
55360,2016-07-21,22:53:00,61,3,6696
55361,2016-07-21,22:54:00,256,2,9845
55362,2016-07-21,22:57:00,219,1,2844
55363,2016-07-21,23:00:00,412,5,4051
55364,2016-07-21,23:02:00,196,2,11933
55365,2016-07-21,23:06:00,136,3,2589
55366,2016-07-21,23:10:00,171,2,9571
55367,2016-07-21,23:28:00,280,2,6346
55368,2016-07-21,23:40:00,237,1,2561
55369,2016-07-21,23:44:00,280,1,5354
55370,2016-07-21,23:50:00,68,2,2271
55371,2016-07-21,23:50:00,421,2,370
55372,2016-07-21,23:57:00,226,1,3107
55373,2016-07-22,00:06:00,215,3,10737
55374,2016-07-22,00:13:00,135,3,6001
55375,2016-07-22,00:14:00,189,1,5783
55376,2016-07-22,00:25:00,338,3,2880
55377,2016-07-22,00:42:00,105,1,6727
55378,2016-07-22,00:47:00,396,4,4955
55379,2016-07-22,00:50:00,78,1,3479
55380,2016-07-22,00:57:00,337,2,6828
55381,2016-07-22,00:57:00,100,1,9799
55382,2016-07-22,00:59:00,40,2,10699
55383,2016-07-22,01:02:00,254,2,8079
55384,2016-07-22,01:04:00,455,2,11968
55385,2016-07-22,01:06:00,95,1,2683
55386,2016-07-22,01:08:00,285,1,11168
55387,2016-07-22,01:21:00,62,1,6384
55388,2016-07-22,01:27:00,181,2,9
55389,2016-07-22,01:50:00,263,2,10790
55390,2016-07-22,01:56:00,120,2,1916
55391,2016-07-22,01:56:00,65,1,10556
55392,2016-07-22,02:07:00,352,2,10033
55393,2016-07-22,02:20:00,109,4,4838
55394,2016-07-22,02:21:00,353,2,10382
55395,2016-07-22,02:25:00,236,1,9128
55396,2016-07-22,02:29:00,235,2,6360
55397,2016-07-22,02:35:00,454,2,8555
55398,2016-07-22,02:39:00,36,1,10639
55399,2016-07-22,02:45:00,76,1,6677
55400,2016-07-22,02:54:00,13,2,2934
55401,2016-07-22,02:59:00,359,2,10650
55402,2016-07-22,03:00:00,317,2,5781
55403,2016-07-22,03:17:00,172,4,11299
55404,2016-07-22,03:17:00,268,1,2748
55405,2016-07-22,03:22:00,230,1,7688
55406,2016-07-22,03:22:00,391,2,1621
55407,2016-07-22,03:26:00,441,3,835
55408,2016-07-22,03:31:00,12,1,8316
55409,2016-07-22,03:34:00,43,1,7082
55410,2016-07-22,03:40:00,125,1,2434
55411,2016-07-22,03:40:00,316,2,10006
55412,2016-07-22,03:43:00,394,2,11980
55413,2016-07-22,03:45:00,276,1,6770
55414,2016-07-22,04:03:00,228,2,7189
55415,2016-07-22,04:06:00,4,3,10319
55416,2016-07-22,04:08:00,37,2,9282
55417,2016-07-22,04:13:00,452,2,1037
55418,2016-07-22,04:18:00,13,3,1121
55419,2016-07-22,04:18:00,408,2,68
55420,2016-07-22,04:22:00,12,1,9384
55421,2016-07-22,04:24:00,335,1,628
55422,2016-07-22,04:25:00,225,3,4905
55423,2016-07-22,04:30:00,119,1,6563
55424,2016-07-22,04:32:00,245,3,2933
55425,2016-07-22,04:47:00,261,1,8507
55426,2016-07-22,04:58:00,122,3,2030
55427,2016-07-22,05:02:00,309,3,5587
55428,2016-07-22,05:14:00,281,2,444
55429,2016-07-22,05:21:00,213,3,6178
55430,2016-07-22,05:24:00,456,2,2707
55431,2016-07-22,05:25:00,38,2,2230
55432,2016-07-22,05:35:00,217,1,11659
55433,2016-07-22,05:39:00,139,2,6118
55434,2016-07-22,05:40:00,409,1,10660
55435,2016-07-22,05:42:00,203,1,7062
55436,2016-07-22,05:45:00,187,1,7898
55437,2016-07-22,06:01:00,172,2,5754
55438,2016-07-22,06:02:00,344,2,8651
55439,2016-07-22,06:08:00,299,2,4525
55440,2016-07-22,06:13:00,29,1,821
55441,2016-07-22,06:17:00,257,1,5835
55442,2016-07-22,06:18:00,373,1,6989
55443,2016-07-22,06:19:00,340,1,3150
55444,2016-07-22,06:27:00,204,1,11726
55445,2016-07-22,06:31:00,1,2,9102
55446,2016-07-22,06:34:00,259,2,10923
55447,2016-07-22,06:37:00,114,2,11906
55448,2016-07-22,06:44:00,3,2,4164
55449,2016-07-22,06:44:00,437,3,8011
55450,2016-07-22,06:46:00,309,2,2149
55451,2016-07-22,07:25:00,171,3,5093
55452,2016-07-22,07:26:00,193,3,2403
55453,2016-07-22,07:37:00,265,2,9811
55454,2016-07-22,07:55:00,330,4,5938
55455,2016-07-22,07:59:00,196,2,7879
55456,2016-07-22,08:00:00,39,3,1720
55457,2016-07-22,08:17:00,330,1,944
55458,2016-07-22,08:21:00,338,6,3147
55459,2016-07-22,08:22:00,198,4,11519
55460,2016-07-22,08:26:00,271,2,6571
55461,2016-07-22,08:34:00,425,1,5162
55462,2016-07-22,08:54:00,402,1,2372
55463,2016-07-22,09:00:00,321,2,5077
55464,2016-07-22,09:03:00,260,2,6700
55465,2016-07-22,09:04:00,225,2,3163
55466,2016-07-22,09:05:00,360,1,5431
55467,2016-07-22,09:08:00,9,3,10044
55468,2016-07-22,09:10:00,129,3,10313
55469,2016-07-22,09:11:00,101,1,1761
55470,2016-07-22,09:16:00,441,1,2433
55471,2016-07-22,09:24:00,91,1,10283
55472,2016-07-22,09:40:00,343,2,7533
55473,2016-07-22,09:43:00,401,4,325
55474,2016-07-22,09:49:00,377,3,8884
55475,2016-07-22,09:50:00,231,2,1447
55476,2016-07-22,09:54:00,299,2,2776
55477,2016-07-22,10:00:00,253,1,5372
55478,2016-07-22,10:02:00,282,1,8743
55479,2016-07-22,10:10:00,322,2,1949
55480,2016-07-22,10:13:00,246,2,717
55481,2016-07-22,10:19:00,433,1,720
55482,2016-07-22,10:19:00,68,1,8376
55483,2016-07-22,10:24:00,444,2,228
55484,2016-07-22,10:35:00,337,4,7405
55485,2016-07-22,10:44:00,135,2,1036
55486,2016-07-22,10:58:00,270,2,7540
55487,2016-07-22,10:58:00,140,1,1425
55488,2016-07-22,11:08:00,116,2,7707
55489,2016-07-22,11:22:00,56,2,9348
55490,2016-07-22,11:25:00,394,3,9767
55491,2016-07-22,11:34:00,381,4,923
55492,2016-07-22,11:44:00,59,2,4177
55493,2016-07-22,12:00:00,369,1,188
55494,2016-07-22,12:00:00,287,2,6680
55495,2016-07-22,12:02:00,332,1,10964
55496,2016-07-22,12:24:00,307,3,9611
55497,2016-07-22,12:25:00,138,1,1254
55498,2016-07-22,12:29:00,399,2,4830
55499,2016-07-22,12:32:00,406,1,8164
55500,2016-07-22,12:38:00,274,2,3131
55501,2016-07-22,12:39:00,228,2,2104
55502,2016-07-22,12:47:00,113,4,2837
55503,2016-07-22,12:48:00,218,2,1527
55504,2016-07-22,13:09:00,98,2,7855
55505,2016-07-22,13:12:00,52,2,8943
55506,2016-07-22,13:22:00,37,1,5558
55507,2016-07-22,13:32:00,212,1,10394
55508,2016-07-22,13:36:00,404,2,7597
55509,2016-07-22,13:37:00,56,1,850
55510,2016-07-22,13:38:00,5,3,6731
55511,2016-07-22,13:44:00,377,3,586
55512,2016-07-22,13:48:00,64,1,1242
55513,2016-07-22,13:50:00,240,1,9431
55514,2016-07-22,13:52:00,365,2,5832
55515,2016-07-22,14:17:00,347,1,3352
55516,2016-07-22,14:25:00,93,1,761
55517,2016-07-22,14:28:00,191,1,8898
55518,2016-07-22,14:37:00,381,2,4407
55519,2016-07-22,14:37:00,377,1,7522
55520,2016-07-22,14:49:00,76,2,10895
55521,2016-07-22,14:50:00,338,1,10623
55522,2016-07-22,14:52:00,38,1,5468
55523,2016-07-22,15:03:00,234,1,10329
55524,2016-07-22,15:03:00,116,3,3221
55525,2016-07-22,15:03:00,261,2,6331
55526,2016-07-22,15:07:00,345,1,10987
55527,2016-07-22,15:08:00,38,2,7637
55528,2016-07-22,15:08:00,343,4,6587
55529,2016-07-22,15:21:00,301,1,6018
55530,2016-07-22,15:34:00,145,2,4500
55531,2016-07-22,15:51:00,323,2,4830
55532,2016-07-22,15:52:00,97,2,8002
55533,2016-07-22,15:53:00,198,1,4888
55534,2016-07-22,15:56:00,301,1,3619
55535,2016-07-22,16:01:00,282,1,5142
55536,2016-07-22,16:07:00,345,4,6860
55537,2016-07-22,16:08:00,135,2,7281
55538,2016-07-22,16:12:00,98,3,11141
55539,2016-07-22,16:17:00,406,2,11930
55540,2016-07-22,16:18:00,382,1,3381
55541,2016-07-22,16:20:00,123,1,2307
55542,2016-07-22,16:21:00,14,3,8769
55543,2016-07-22,16:27:00,185,1,7513
55544,2016-07-22,16:31:00,433,1,4567
55545,2016-07-22,16:35:00,98,1,4299
55546,2016-07-22,16:35:00,33,3,915
55547,2016-07-22,16:40:00,457,1,6784
55548,2016-07-22,16:48:00,17,2,8538
55549,2016-07-22,16:54:00,202,1,8261
55550,2016-07-22,16:58:00,194,3,1563
55551,2016-07-22,17:00:00,225,1,2285
55552,2016-07-22,17:02:00,363,2,3611
55553,2016-07-22,17:03:00,278,3,7095
55554,2016-07-22,17:08:00,203,2,2941
55555,2016-07-22,17:11:00,396,1,304
55556,2016-07-22,17:20:00,194,2,1647
55557,2016-07-22,17:21:00,267,1,4115
55558,2016-07-22,17:22:00,10,1,11648
55559,2016-07-22,17:24:00,18,1,6810
55560,2016-07-22,17:27:00,13,1,4481
55561,2016-07-22,17:38:00,30,4,9852
55562,2016-07-22,17:41:00,164,2,11382
55563,2016-07-22,17:44:00,405,4,4897
55564,2016-07-22,17:44:00,112,2,1709
55565,2016-07-22,17:45:00,195,3,9301
55566,2016-07-22,17:46:00,427,3,6172
55567,2016-07-22,17:49:00,215,1,6414
55568,2016-07-22,17:55:00,248,3,1666
55569,2016-07-22,17:55:00,419,3,10828
55570,2016-07-22,17:55:00,109,2,5148
55571,2016-07-22,17:55:00,62,1,4850
55572,2016-07-22,17:56:00,319,3,6705
55573,2016-07-22,17:58:00,147,4,2292
55574,2016-07-22,18:07:00,354,3,3060
55575,2016-07-22,18:25:00,117,3,8549
55576,2016-07-22,18:29:00,198,2,9157
55577,2016-07-22,18:38:00,166,2,1748
55578,2016-07-22,18:43:00,109,2,9480
55579,2016-07-22,18:46:00,82,1,7612
55580,2016-07-22,18:49:00,64,1,902
55581,2016-07-22,18:57:00,47,1,5704
55582,2016-07-22,19:07:00,120,4,555
55583,2016-07-22,19:09:00,270,1,7668
55584,2016-07-22,19:13:00,90,1,3857
55585,2016-07-22,19:14:00,434,2,11035
55586,2016-07-22,19:17:00,157,1,8470
55587,2016-07-22,19:19:00,457,2,9183
55588,2016-07-22,19:27:00,89,1,5128
55589,2016-07-22,19:31:00,326,1,9787
55590,2016-07-22,19:38:00,1,3,8010
55591,2016-07-22,19:50:00,179,2,6344
55592,2016-07-22,19:52:00,236,1,3415
55593,2016-07-22,19:55:00,348,3,8811
55594,2016-07-22,20:01:00,157,3,5727
55595,2016-07-22,20:05:00,309,2,11850
55596,2016-07-22,20:13:00,348,3,7780
55597,2016-07-22,20:32:00,418,3,1918
55598,2016-07-22,20:40:00,206,2,10689
55599,2016-07-22,20:46:00,372,1,7444
55600,2016-07-22,20:46:00,249,1,10205
55601,2016-07-22,20:49:00,366,3,521
55602,2016-07-22,20:49:00,168,4,5818
55603,2016-07-22,20:55:00,182,3,643
55604,2016-07-22,20:57:00,323,1,6565
55605,2016-07-22,21:00:00,112,2,5577
55606,2016-07-22,21:05:00,155,1,9427
55607,2016-07-22,21:25:00,77,4,2304
55608,2016-07-22,21:34:00,345,4,5123
55609,2016-07-22,21:39:00,99,2,1114
55610,2016-07-22,21:41:00,383,1,9057
55611,2016-07-22,21:44:00,230,3,7812
55612,2016-07-22,21:44:00,388,1,3566
55613,2016-07-22,21:46:00,309,1,7631
55614,2016-07-22,21:52:00,298,4,6480
55615,2016-07-22,21:54:00,59,5,5568
55616,2016-07-22,22:02:00,26,2,8212
55617,2016-07-22,22:04:00,305,2,5753
55618,2016-07-22,22:07:00,80,3,4275
55619,2016-07-22,22:12:00,430,2,3062
55620,2016-07-22,22:16:00,357,2,6878
55621,2016-07-22,22:17:00,213,2,3194
55622,2016-07-22,22:18:00,104,1,2721
55623,2016-07-22,22:19:00,371,1,8008
55624,2016-07-22,22:19:00,403,4,2282
55625,2016-07-22,22:20:00,426,1,7075
55626,2016-07-22,22:24:00,312,3,1689
55627,2016-07-22,22:27:00,410,1,5799
55628,2016-07-22,22:34:00,68,1,6882
55629,2016-07-22,22:37:00,6,2,6589
55630,2016-07-22,22:51:00,76,1,4901
55631,2016-07-22,22:54:00,317,2,6320
55632,2016-07-22,22:57:00,72,3,5366
55633,2016-07-22,23:02:00,385,2,6627
55634,2016-07-22,23:08:00,53,2,10862
55635,2016-07-22,23:15:00,321,1,11589
55636,2016-07-22,23:16:00,269,3,499
55637,2016-07-22,23:16:00,200,3,187
55638,2016-07-22,23:18:00,435,1,9919
55639,2016-07-22,23:19:00,412,3,6229
55640,2016-07-22,23:21:00,436,5,5941
55641,2016-07-22,23:25:00,414,1,9591
55642,2016-07-22,23:26:00,160,1,10700
55643,2016-07-22,23:28:00,318,2,1760
55644,2016-07-22,23:29:00,284,1,8337
55645,2016-07-22,23:34:00,442,1,3644
55646,2016-07-22,23:35:00,219,2,2042
55647,2016-07-22,23:36:00,370,1,2273
55648,2016-07-22,23:37:00,412,3,8904
55649,2016-07-22,23:40:00,315,2,10844
55650,2016-07-22,23:44:00,247,2,6806
55651,2016-07-22,23:44:00,387,2,7700
55652,2016-07-22,23:46:00,134,1,10393
55653,2016-07-22,23:51:00,193,1,1599
55654,2016-07-22,23:53:00,419,1,918
55655,2016-07-22,23:55:00,85,2,10672
55656,2016-07-23,00:02:00,4,2,3710
55657,2016-07-23,00:03:00,135,1,1691
55658,2016-07-23,00:11:00,14,3,1311
55659,2016-07-23,00:13:00,14,1,2824
55660,2016-07-23,00:14:00,316,1,9125
55661,2016-07-23,00:14:00,432,1,8618
55662,2016-07-23,00:18:00,153,2,6261
55663,2016-07-23,00:19:00,405,2,325
55664,2016-07-23,00:21:00,182,2,1357
55665,2016-07-23,00:24:00,82,2,11490
55666,2016-07-23,00:25:00,429,2,11465
55667,2016-07-23,00:25:00,57,1,10649
55668,2016-07-23,00:33:00,287,1,8976
55669,2016-07-23,00:35:00,87,4,11715
55670,2016-07-23,00:57:00,308,2,7756
55671,2016-07-23,01:24:00,260,1,3565
55672,2016-07-23,01:24:00,405,2,6128
55673,2016-07-23,01:25:00,121,2,11520
55674,2016-07-23,01:26:00,335,1,9047
55675,2016-07-23,01:27:00,8,3,2511
55676,2016-07-23,01:36:00,78,3,9514
55677,2016-07-23,01:41:00,282,1,484
55678,2016-07-23,01:45:00,278,4,2946
55679,2016-07-23,01:46:00,43,1,8423
55680,2016-07-23,01:48:00,95,1,9822
55681,2016-07-23,01:58:00,5,3,10200
55682,2016-07-23,02:05:00,44,2,4890
55683,2016-07-23,02:12:00,59,2,8112
55684,2016-07-23,02:14:00,399,3,4254
55685,2016-07-23,02:19:00,190,1,9796
55686,2016-07-23,02:19:00,192,3,275
55687,2016-07-23,02:28:00,226,3,6141
55688,2016-07-23,02:33:00,455,1,3892
55689,2016-07-23,02:33:00,118,2,5288
55690,2016-07-23,02:35:00,401,1,3140
55691,2016-07-23,02:38:00,182,3,8170
55692,2016-07-23,02:39:00,448,3,5728
55693,2016-07-23,02:52:00,315,2,9545
55694,2016-07-23,03:01:00,178,2,4859
55695,2016-07-23,03:03:00,299,2,8707
55696,2016-07-23,03:07:00,71,1,5648
55697,2016-07-23,03:10:00,279,4,5292
55698,2016-07-23,03:16:00,210,2,39
55699,2016-07-23,03:19:00,104,1,9423
55700,2016-07-23,03:26:00,426,1,9679
55701,2016-07-23,03:27:00,56,1,8095
55702,2016-07-23,03:46:00,67,2,11438
55703,2016-07-23,03:47:00,307,4,1077
55704,2016-07-23,03:54:00,206,3,4552
55705,2016-07-23,03:54:00,94,2,10065
55706,2016-07-23,03:55:00,235,3,3683
55707,2016-07-23,03:59:00,151,2,10870
55708,2016-07-23,04:01:00,118,1,1528
55709,2016-07-23,04:16:00,170,1,9920
55710,2016-07-23,04:24:00,170,2,4162
55711,2016-07-23,04:24:00,177,3,3476
55712,2016-07-23,04:27:00,426,3,2174
55713,2016-07-23,04:30:00,95,5,10595
55714,2016-07-23,04:31:00,419,3,9520
55715,2016-07-23,04:43:00,229,2,4558
55716,2016-07-23,04:58:00,295,1,334
55717,2016-07-23,05:00:00,62,2,1703
55718,2016-07-23,05:22:00,395,3,6435
55719,2016-07-23,05:27:00,131,4,10274
55720,2016-07-23,05:33:00,303,1,3648
55721,2016-07-23,05:35:00,256,2,11050
55722,2016-07-23,05:37:00,8,2,9936
55723,2016-07-23,05:46:00,324,3,6480
55724,2016-07-23,05:48:00,8,2,11433
55725,2016-07-23,05:51:00,341,2,8825
55726,2016-07-23,05:52:00,14,1,824
55727,2016-07-23,05:54:00,38,2,6058
55728,2016-07-23,05:54:00,115,2,5379
55729,2016-07-23,05:58:00,97,3,10157
55730,2016-07-23,06:02:00,355,2,9734
55731,2016-07-23,06:04:00,131,3,440
55732,2016-07-23,06:06:00,315,2,9376
55733,2016-07-23,06:06:00,33,2,10234
55734,2016-07-23,06:10:00,447,1,652
55735,2016-07-23,06:12:00,48,4,2020
55736,2016-07-23,06:13:00,235,2,166
55737,2016-07-23,06:14:00,203,1,9600
55738,2016-07-23,06:15:00,350,4,6238
55739,2016-07-23,06:17:00,69,2,10155
55740,2016-07-23,06:19:00,233,4,10410
55741,2016-07-23,06:22:00,282,2,5574
55742,2016-07-23,06:32:00,233,3,428
55743,2016-07-23,06:51:00,453,1,9726
55744,2016-07-23,06:53:00,43,2,9089
55745,2016-07-23,06:57:00,81,3,171
55746,2016-07-23,07:02:00,101,3,6257
55747,2016-07-23,07:07:00,362,1,3978
55748,2016-07-23,07:13:00,307,1,7406
55749,2016-07-23,07:22:00,400,2,8165
55750,2016-07-23,07:28:00,40,1,6326
55751,2016-07-23,07:31:00,73,1,4571
55752,2016-07-23,07:38:00,108,3,10908
55753,2016-07-23,07:38:00,99,1,7270
55754,2016-07-23,07:39:00,353,2,11765
55755,2016-07-23,07:41:00,262,1,10275
55756,2016-07-23,07:53:00,290,2,2282
55757,2016-07-23,07:57:00,456,1,11346
55758,2016-07-23,08:07:00,21,2,3534
55759,2016-07-23,08:08:00,33,1,10119
55760,2016-07-23,08:22:00,90,3,4008
55761,2016-07-23,08:22:00,234,3,7616
55762,2016-07-23,08:23:00,15,1,1557
55763,2016-07-23,08:24:00,153,1,175
55764,2016-07-23,08:26:00,332,1,8807
55765,2016-07-23,08:26:00,404,2,525
55766,2016-07-23,08:27:00,16,3,8693
55767,2016-07-23,08:28:00,398,2,2881
55768,2016-07-23,08:29:00,402,2,4427
55769,2016-07-23,08:30:00,251,2,10891
55770,2016-07-23,08:31:00,131,2,5105
55771,2016-07-23,08:39:00,110,3,1323
55772,2016-07-23,08:41:00,114,2,9892
55773,2016-07-23,08:43:00,326,3,923
55774,2016-07-23,08:47:00,409,2,6829
55775,2016-07-23,08:51:00,418,3,5860
55776,2016-07-23,08:52:00,162,3,9954
55777,2016-07-23,08:54:00,458,4,5811
55778,2016-07-23,09:02:00,176,2,293
55779,2016-07-23,09:13:00,254,1,5088
55780,2016-07-23,09:22:00,402,1,889
55781,2016-07-23,09:26:00,249,1,11396
55782,2016-07-23,09:30:00,385,1,7882
55783,2016-07-23,09:32:00,292,1,8464
55784,2016-07-23,09:39:00,218,2,11770
55785,2016-07-23,09:48:00,259,3,4700
55786,2016-07-23,09:59:00,333,3,10955
55787,2016-07-23,10:14:00,234,2,2960
55788,2016-07-23,10:14:00,348,1,7243
55789,2016-07-23,10:16:00,20,2,1749
55790,2016-07-23,10:21:00,428,3,5637
55791,2016-07-23,10:30:00,100,3,4033
55792,2016-07-23,10:40:00,143,3,2191
55793,2016-07-23,10:45:00,331,1,1915
55794,2016-07-23,10:49:00,160,1,11530
55795,2016-07-23,10:51:00,146,1,11808
55796,2016-07-23,10:53:00,81,1,6694
55797,2016-07-23,10:56:00,1,2,7479
55798,2016-07-23,11:01:00,342,1,486
55799,2016-07-23,11:03:00,191,2,10898
55800,2016-07-23,11:05:00,124,2,1511
55801,2016-07-23,11:17:00,214,2,921
55802,2016-07-23,11:18:00,361,2,11697
55803,2016-07-23,11:19:00,149,1,10785
55804,2016-07-23,11:30:00,147,2,4353
55805,2016-07-23,11:35:00,61,1,10555
55806,2016-07-23,11:44:00,196,3,3700
55807,2016-07-23,11:45:00,424,3,2339
55808,2016-07-23,11:45:00,208,1,4346
55809,2016-07-23,11:45:00,262,2,10024
55810,2016-07-23,11:46:00,213,4,6589
55811,2016-07-23,11:46:00,236,4,3427
55812,2016-07-23,11:54:00,356,2,716
55813,2016-07-23,11:57:00,328,1,5131
55814,2016-07-23,11:57:00,371,3,3818
55815,2016-07-23,12:00:00,243,1,883
55816,2016-07-23,12:01:00,223,1,10863
55817,2016-07-23,12:08:00,351,2,6963
55818,2016-07-23,12:28:00,444,2,7450
55819,2016-07-23,12:29:00,179,1,3005
55820,2016-07-23,12:29:00,417,1,7473
55821,2016-07-23,12:30:00,48,2,8597
55822,2016-07-23,12:36:00,139,1,983
55823,2016-07-23,12:37:00,87,2,974
55824,2016-07-23,12:43:00,320,4,8301
55825,2016-07-23,12:45:00,94,1,7334
55826,2016-07-23,12:49:00,104,1,7301
55827,2016-07-23,12:57:00,368,5,9760
55828,2016-07-23,12:57:00,63,3,6053
55829,2016-07-23,12:59:00,173,2,2806
55830,2016-07-23,13:01:00,204,1,4020
55831,2016-07-23,13:07:00,112,4,2023
55832,2016-07-23,13:17:00,209,3,9620
55833,2016-07-23,13:28:00,129,1,4128
55834,2016-07-23,13:30:00,183,3,315
55835,2016-07-23,13:31:00,292,5,8218
55836,2016-07-23,13:39:00,294,3,11621
55837,2016-07-23,13:40:00,223,3,7262
55838,2016-07-23,13:46:00,97,2,1238
55839,2016-07-23,13:47:00,188,2,3099
55840,2016-07-23,13:48:00,389,1,4880
55841,2016-07-23,13:50:00,219,2,3144
55842,2016-07-23,14:17:00,103,3,2534
55843,2016-07-23,14:20:00,400,3,7847
55844,2016-07-23,14:40:00,327,1,6960
55845,2016-07-23,14:48:00,33,3,8915
55846,2016-07-23,14:51:00,76,2,4599
55847,2016-07-23,15:04:00,136,1,8711
55848,2016-07-23,15:05:00,346,1,206
55849,2016-07-23,15:08:00,18,2,2754
55850,2016-07-23,15:14:00,365,2,2437
55851,2016-07-23,15:17:00,296,2,3823
55852,2016-07-23,15:19:00,273,2,3673
55853,2016-07-23,15:42:00,276,2,9141
55854,2016-07-23,15:43:00,119,2,5892
55855,2016-07-23,15:43:00,68,4,7405
55856,2016-07-23,15:54:00,81,2,10343
55857,2016-07-23,15:55:00,15,4,2840
55858,2016-07-23,15:55:00,254,2,4106
55859,2016-07-23,16:09:00,137,1,10535
55860,2016-07-23,16:12:00,391,2,645
55861,2016-07-23,16:13:00,254,1,8733
55862,2016-07-23,16:18:00,399,2,1721
55863,2016-07-23,16:18:00,112,1,1359
55864,2016-07-23,16:19:00,426,1,11647
55865,2016-07-23,16:20:00,199,1,10261
55866,2016-07-23,16:22:00,270,1,1360
55867,2016-07-23,16:26:00,159,1,10132
55868,2016-07-23,16:26:00,299,3,6918
55869,2016-07-23,16:52:00,323,1,4623
55870,2016-07-23,16:54:00,280,3,7329
55871,2016-07-23,17:12:00,131,2,727
55872,2016-07-23,17:15:00,45,2,10550
55873,2016-07-23,17:42:00,390,1,4975
55874,2016-07-23,17:45:00,457,2,10039
55875,2016-07-23,17:50:00,98,2,4023
55876,2016-07-23,17:51:00,88,2,384
55877,2016-07-23,17:56:00,134,3,3983
55878,2016-07-23,17:57:00,39,2,6604
55879,2016-07-23,18:20:00,326,4,1471
55880,2016-07-23,18:25:00,162,1,13
55881,2016-07-23,18:26:00,279,2,1018
55882,2016-07-23,18:32:00,176,1,4652
55883,2016-07-23,18:41:00,234,1,10535
55884,2016-07-23,18:45:00,35,4,3786
55885,2016-07-23,18:46:00,174,1,2980
55886,2016-07-23,18:54:00,66,1,4824
55887,2016-07-23,18:56:00,24,3,8349
55888,2016-07-23,18:56:00,436,1,5700
55889,2016-07-23,18:59:00,348,2,11507
55890,2016-07-23,19:03:00,11,4,2198
55891,2016-07-23,19:04:00,400,3,295
55892,2016-07-23,19:08:00,28,2,6836
55893,2016-07-23,19:14:00,150,3,7663
55894,2016-07-23,19:15:00,186,1,8721
55895,2016-07-23,19:37:00,368,1,6585
55896,2016-07-23,19:40:00,94,1,1423
55897,2016-07-23,19:41:00,385,1,11726
55898,2016-07-23,19:42:00,245,1,4206
55899,2016-07-23,19:49:00,193,2,5693
55900,2016-07-23,19:51:00,171,1,4353
55901,2016-07-23,19:51:00,279,3,71
55902,2016-07-23,19:54:00,184,3,4000
55903,2016-07-23,19:55:00,414,2,5921
55904,2016-07-23,19:57:00,182,1,2680
55905,2016-07-23,20:02:00,59,3,1707
55906,2016-07-23,20:05:00,369,2,10523
55907,2016-07-23,20:06:00,283,2,5473
55908,2016-07-23,20:07:00,57,1,6633
55909,2016-07-23,20:11:00,400,1,6949
55910,2016-07-23,20:15:00,374,1,6610
55911,2016-07-23,20:28:00,336,3,2149
55912,2016-07-23,20:32:00,375,1,717
55913,2016-07-23,20:45:00,389,2,5287
55914,2016-07-23,20:50:00,118,2,2557
55915,2016-07-23,20:56:00,393,2,104
55916,2016-07-23,20:59:00,301,2,988
55917,2016-07-23,21:02:00,201,3,887
55918,2016-07-23,21:08:00,433,1,146
55919,2016-07-23,21:41:00,258,4,5004
55920,2016-07-23,21:46:00,45,1,11002
55921,2016-07-23,21:54:00,409,1,8929
55922,2016-07-23,21:58:00,368,1,9939
55923,2016-07-23,21:58:00,87,3,8394
55924,2016-07-23,22:06:00,427,2,164
55925,2016-07-23,22:07:00,410,2,2633
55926,2016-07-23,22:07:00,141,1,9132
55927,2016-07-23,22:07:00,401,2,2036
55928,2016-07-23,22:09:00,251,2,97
55929,2016-07-23,22:10:00,443,2,3532
55930,2016-07-23,22:19:00,207,2,9265
55931,2016-07-23,22:20:00,425,2,8482
55932,2016-07-23,22:26:00,116,1,10598
55933,2016-07-23,22:33:00,79,3,6433
55934,2016-07-23,22:40:00,236,3,845
55935,2016-07-23,22:50:00,113,1,9922
55936,2016-07-23,22:56:00,106,3,10057
55937,2016-07-23,22:57:00,107,2,2172
55938,2016-07-23,23:08:00,362,5,7577
55939,2016-07-23,23:10:00,247,2,11052
55940,2016-07-23,23:20:00,46,2,2439
55941,2016-07-23,23:27:00,177,1,429
55942,2016-07-23,23:30:00,93,2,5038
55943,2016-07-23,23:43:00,196,1,9802
55944,2016-07-23,23:48:00,180,3,4581
55945,2016-07-23,23:49:00,263,2,8630
55946,2016-07-23,23:50:00,260,1,8877
55947,2016-07-23,23:54:00,215,2,10002
55948,2016-07-24,00:01:00,128,1,2412
55949,2016-07-24,00:07:00,365,3,6460
55950,2016-07-24,00:17:00,119,1,9869
55951,2016-07-24,00:18:00,192,2,2417
55952,2016-07-24,00:20:00,149,3,340
55953,2016-07-24,00:34:00,344,2,8764
55954,2016-07-24,00:39:00,147,1,9039
55955,2016-07-24,00:48:00,344,1,5671
55956,2016-07-24,00:51:00,254,3,322
55957,2016-07-24,00:54:00,410,2,1126
55958,2016-07-24,01:00:00,368,1,7600
55959,2016-07-24,01:02:00,437,1,9187
55960,2016-07-24,01:10:00,297,2,7362
55961,2016-07-24,01:21:00,52,2,2393
55962,2016-07-24,01:30:00,98,1,5470
55963,2016-07-24,01:32:00,344,1,1652
55964,2016-07-24,01:33:00,454,3,1161
55965,2016-07-24,01:36:00,172,1,5810
55966,2016-07-24,01:43:00,74,2,3880
55967,2016-07-24,01:43:00,282,3,771
55968,2016-07-24,01:45:00,420,1,11872
55969,2016-07-24,01:48:00,332,1,2638
55970,2016-07-24,01:56:00,251,1,4735
55971,2016-07-24,01:59:00,295,2,1041
55972,2016-07-24,02:00:00,211,2,67
55973,2016-07-24,02:07:00,27,4,1667
55974,2016-07-24,02:08:00,28,1,10945
55975,2016-07-24,02:12:00,189,3,9634
55976,2016-07-24,02:14:00,215,4,2337
55977,2016-07-24,02:17:00,345,4,1207
55978,2016-07-24,02:18:00,146,2,1356
55979,2016-07-24,02:20:00,185,1,1984
55980,2016-07-24,02:27:00,23,2,5204
55981,2016-07-24,02:30:00,296,1,3696
55982,2016-07-24,02:41:00,172,1,5893
55983,2016-07-24,02:43:00,400,2,5390
55984,2016-07-24,02:43:00,14,3,4861
55985,2016-07-24,02:43:00,267,3,11073
55986,2016-07-24,02:46:00,5,1,969
55987,2016-07-24,02:51:00,322,3,8254
55988,2016-07-24,02:57:00,76,2,349
55989,2016-07-24,02:58:00,347,1,2700
55990,2016-07-24,03:00:00,236,1,5372
55991,2016-07-24,03:20:00,448,1,2307
55992,2016-07-24,03:20:00,394,2,11541
55993,2016-07-24,03:30:00,145,1,10899
55994,2016-07-24,03:32:00,131,2,4720
55995,2016-07-24,03:34:00,173,2,10745
55996,2016-07-24,03:37:00,78,4,4726
55997,2016-07-24,03:39:00,90,2,9760
55998,2016-07-24,03:44:00,299,2,4748
55999,2016-07-24,03:47:00,116,4,11908
56000,2016-07-24,03:55:00,253,3,4734
56001,2016-07-24,04:16:00,397,1,11689
56002,2016-07-24,04:27:00,60,3,3014
56003,2016-07-24,04:29:00,451,4,1280
56004,2016-07-24,04:31:00,113,3,4915
56005,2016-07-24,04:45:00,197,2,8975
56006,2016-07-24,05:03:00,212,2,2281
56007,2016-07-24,05:06:00,194,2,9982
56008,2016-07-24,05:07:00,414,2,1420
56009,2016-07-24,05:11:00,457,1,10340
56010,2016-07-24,05:22:00,78,1,7119
56011,2016-07-24,05:26:00,130,4,11068
56012,2016-07-24,05:41:00,43,1,1929
56013,2016-07-24,05:41:00,68,3,8789
56014,2016-07-24,05:52:00,140,2,3735
56015,2016-07-24,05:55:00,230,1,1042
56016,2016-07-24,05:55:00,24,4,4140
56017,2016-07-24,06:10:00,221,1,5854
56018,2016-07-24,06:17:00,409,2,11676
56019,2016-07-24,06:19:00,319,2,3160
56020,2016-07-24,06:27:00,64,2,5323
56021,2016-07-24,06:30:00,315,1,7146
56022,2016-07-24,06:31:00,144,1,2872
56023,2016-07-24,06:34:00,396,1,5881
56024,2016-07-24,06:38:00,74,1,4354
56025,2016-07-24,06:39:00,396,4,9787
56026,2016-07-24,06:53:00,153,2,6352
56027,2016-07-24,06:58:00,115,1,412
56028,2016-07-24,07:14:00,130,2,9897
56029,2016-07-24,07:22:00,209,1,335
56030,2016-07-24,07:23:00,67,3,3457
56031,2016-07-24,07:42:00,122,4,1869
56032,2016-07-24,07:44:00,44,1,851
56033,2016-07-24,07:44:00,291,3,1679
56034,2016-07-24,07:46:00,156,2,2282
56035,2016-07-24,07:47:00,449,3,3464
56036,2016-07-24,07:51:00,11,2,3745
56037,2016-07-24,07:52:00,107,3,11240
56038,2016-07-24,07:56:00,258,1,2774
56039,2016-07-24,07:59:00,229,2,11455
56040,2016-07-24,08:09:00,389,1,4790
56041,2016-07-24,08:13:00,261,3,3502
56042,2016-07-24,08:20:00,406,4,2243
56043,2016-07-24,08:27:00,269,4,2827
56044,2016-07-24,08:34:00,426,2,6412
56045,2016-07-24,08:36:00,86,1,6803
56046,2016-07-24,08:39:00,435,1,11514
56047,2016-07-24,08:39:00,40,3,255
56048,2016-07-24,08:39:00,369,1,514
56049,2016-07-24,08:41:00,4,3,5867
56050,2016-07-24,08:44:00,369,2,11524
56051,2016-07-24,08:45:00,365,2,213
56052,2016-07-24,08:50:00,52,1,5065
56053,2016-07-24,08:53:00,250,1,663
56054,2016-07-24,08:56:00,201,2,11845
56055,2016-07-24,08:59:00,229,1,11926
56056,2016-07-24,09:06:00,23,3,4573
56057,2016-07-24,09:08:00,416,1,1579
56058,2016-07-24,09:14:00,165,5,9615
56059,2016-07-24,09:17:00,356,1,11150
56060,2016-07-24,09:18:00,309,1,222
56061,2016-07-24,09:18:00,140,3,9997
56062,2016-07-24,09:19:00,383,1,6388
56063,2016-07-24,09:21:00,170,2,7385
56064,2016-07-24,09:23:00,226,2,1481
56065,2016-07-24,09:24:00,57,2,1496
56066,2016-07-24,09:25:00,134,2,3974
56067,2016-07-24,09:30:00,270,1,1150
56068,2016-07-24,09:33:00,41,2,1209
56069,2016-07-24,09:36:00,33,1,8021
56070,2016-07-24,09:40:00,286,2,6340
56071,2016-07-24,09:42:00,293,3,8542
56072,2016-07-24,09:45:00,237,3,4362
56073,2016-07-24,09:51:00,199,2,11608
56074,2016-07-24,09:52:00,244,1,11810
56075,2016-07-24,09:56:00,49,4,6584
56076,2016-07-24,09:59:00,33,2,5939
56077,2016-07-24,09:59:00,189,1,9704
56078,2016-07-24,10:05:00,228,2,4635
56079,2016-07-24,10:11:00,307,2,6920
56080,2016-07-24,10:17:00,116,1,3228
56081,2016-07-24,10:18:00,246,2,2720
56082,2016-07-24,10:19:00,300,1,11542
56083,2016-07-24,10:21:00,299,2,274
56084,2016-07-24,10:24:00,132,1,3544
56085,2016-07-24,10:25:00,232,2,772
56086,2016-07-24,10:33:00,15,1,72
56087,2016-07-24,10:33:00,172,2,5624
56088,2016-07-24,10:57:00,85,2,10799
56089,2016-07-24,11:00:00,19,3,10758
56090,2016-07-24,11:00:00,79,2,1872
56091,2016-07-24,11:13:00,360,1,4007
56092,2016-07-24,11:13:00,226,1,5931
56093,2016-07-24,11:14:00,18,1,9169
56094,2016-07-24,11:16:00,418,3,752
56095,2016-07-24,11:25:00,47,3,7796
56096,2016-07-24,11:42:00,366,2,3536
56097,2016-07-24,11:43:00,29,1,240
56098,2016-07-24,11:49:00,377,1,429
56099,2016-07-24,11:49:00,213,1,8445
56100,2016-07-24,11:50:00,57,3,7974
56101,2016-07-24,11:54:00,122,3,10488
56102,2016-07-24,12:16:00,438,3,2032
56103,2016-07-24,12:21:00,386,1,5389
56104,2016-07-24,12:45:00,173,3,7960
56105,2016-07-24,12:48:00,41,2,5283
56106,2016-07-24,12:50:00,100,2,10197
56107,2016-07-24,12:59:00,346,1,7336
56108,2016-07-24,13:00:00,270,1,5132
56109,2016-07-24,13:12:00,124,2,11606
56110,2016-07-24,13:24:00,49,1,1020
56111,2016-07-24,13:26:00,100,1,11411
56112,2016-07-24,13:34:00,74,1,8005
56113,2016-07-24,13:42:00,75,2,8042
56114,2016-07-24,13:54:00,75,1,847
56115,2016-07-24,14:03:00,439,1,9491
56116,2016-07-24,14:05:00,32,3,2511
56117,2016-07-24,14:10:00,423,1,11522
56118,2016-07-24,14:13:00,321,3,11803
56119,2016-07-24,14:14:00,86,1,3019
56120,2016-07-24,14:14:00,252,1,10563
56121,2016-07-24,14:18:00,221,2,11754
56122,2016-07-24,14:35:00,349,1,856
56123,2016-07-24,14:49:00,82,1,2123
56124,2016-07-24,14:56:00,350,1,11290
56125,2016-07-24,15:12:00,349,2,6122
56126,2016-07-24,15:18:00,151,2,5813
56127,2016-07-24,15:32:00,235,3,4064
56128,2016-07-24,15:42:00,22,1,7652
56129,2016-07-24,15:46:00,179,2,804
56130,2016-07-24,15:47:00,396,1,6620
56131,2016-07-24,15:55:00,268,6,4890
56132,2016-07-24,16:15:00,394,2,4980
56133,2016-07-24,16:23:00,118,5,2157
56134,2016-07-24,16:26:00,201,1,3871
56135,2016-07-24,16:28:00,199,2,10004
56136,2016-07-24,16:31:00,35,3,8880
56137,2016-07-24,16:33:00,332,2,7650
56138,2016-07-24,16:36:00,37,1,4033
56139,2016-07-24,16:36:00,112,3,2903
56140,2016-07-24,16:41:00,153,1,303
56141,2016-07-24,17:03:00,442,1,3246
56142,2016-07-24,17:14:00,376,3,6196
56143,2016-07-24,17:20:00,37,1,427
56144,2016-07-24,17:22:00,207,1,10830
56145,2016-07-24,17:26:00,119,2,1497
56146,2016-07-24,17:30:00,377,3,7773
56147,2016-07-24,17:32:00,124,1,2944
56148,2016-07-24,17:35:00,216,1,10164
56149,2016-07-24,17:37:00,260,1,5279
56150,2016-07-24,17:48:00,153,2,8389
56151,2016-07-24,17:53:00,398,3,6233
56152,2016-07-24,18:01:00,408,1,5899
56153,2016-07-24,18:08:00,403,4,1591
56154,2016-07-24,18:20:00,190,1,4755
56155,2016-07-24,18:25:00,420,2,3130
56156,2016-07-24,18:30:00,396,2,10597
56157,2016-07-24,18:40:00,350,2,11184
56158,2016-07-24,18:40:00,405,2,7298
56159,2016-07-24,18:47:00,185,2,8547
56160,2016-07-24,18:48:00,395,1,11987
56161,2016-07-24,18:53:00,258,1,8382
56162,2016-07-24,18:55:00,327,2,8459
56163,2016-07-24,18:55:00,113,1,10082
56164,2016-07-24,19:03:00,53,2,4453
56165,2016-07-24,19:17:00,109,1,10090
56166,2016-07-24,19:18:00,382,1,10032
56167,2016-07-24,19:20:00,35,4,1723
56168,2016-07-24,19:23:00,330,1,608
56169,2016-07-24,19:25:00,374,3,7761
56170,2016-07-24,19:27:00,204,2,5635
56171,2016-07-24,19:32:00,226,3,6993
56172,2016-07-24,19:33:00,407,4,6854
56173,2016-07-24,19:46:00,122,2,11736
56174,2016-07-24,19:49:00,143,2,5425
56175,2016-07-24,20:04:00,269,2,1198
56176,2016-07-24,20:14:00,418,4,4283
56177,2016-07-24,20:16:00,20,4,7787
56178,2016-07-24,20:16:00,276,2,8136
56179,2016-07-24,20:31:00,362,2,995
56180,2016-07-24,20:32:00,203,3,271
56181,2016-07-24,20:37:00,88,2,1258
56182,2016-07-24,20:44:00,2,1,9802
56183,2016-07-24,20:46:00,270,2,9494
56184,2016-07-24,20:49:00,154,1,1041
56185,2016-07-24,20:52:00,344,1,2119
56186,2016-07-24,20:59:00,193,2,2647
56187,2016-07-24,21:00:00,309,4,11431
56188,2016-07-24,21:05:00,92,2,6584
56189,2016-07-24,21:06:00,375,2,2575
56190,2016-07-24,21:08:00,287,1,7038
56191,2016-07-24,21:13:00,344,3,10647
56192,2016-07-24,21:17:00,165,1,6692
56193,2016-07-24,21:23:00,246,2,10518
56194,2016-07-24,21:25:00,206,2,5989
56195,2016-07-24,21:27:00,305,3,4866
56196,2016-07-24,21:30:00,178,2,3542
56197,2016-07-24,21:36:00,217,1,4391
56198,2016-07-24,21:38:00,158,2,530
56199,2016-07-24,21:46:00,217,1,701
56200,2016-07-24,21:49:00,172,2,285
56201,2016-07-24,21:52:00,148,3,7458
56202,2016-07-24,22:00:00,315,1,6708
56203,2016-07-24,22:03:00,292,1,11747
56204,2016-07-24,22:04:00,184,2,2301
56205,2016-07-24,22:07:00,266,2,3072
56206,2016-07-24,22:15:00,69,1,3666
56207,2016-07-24,22:19:00,252,1,459
56208,2016-07-24,22:26:00,272,2,8594
56209,2016-07-24,22:29:00,208,1,2564
56210,2016-07-24,22:32:00,233,1,2727
56211,2016-07-24,22:33:00,53,2,5667
56212,2016-07-24,22:39:00,232,3,3954
56213,2016-07-24,22:44:00,175,1,3963
56214,2016-07-24,22:49:00,47,3,4809
56215,2016-07-24,22:52:00,203,5,3380
56216,2016-07-24,22:55:00,125,2,9436
56217,2016-07-24,23:00:00,105,5,10393
56218,2016-07-24,23:00:00,52,3,1057
56219,2016-07-24,23:05:00,304,2,8171
56220,2016-07-24,23:37:00,58,3,9867
56221,2016-07-24,23:50:00,446,4,3036
56222,2016-07-24,23:57:00,122,1,11611
56223,2016-07-25,00:02:00,261,1,1643
56224,2016-07-25,00:04:00,322,1,9713
56225,2016-07-25,00:10:00,230,2,10893
56226,2016-07-25,00:10:00,345,1,9841
56227,2016-07-25,00:14:00,267,2,7203
56228,2016-07-25,00:20:00,235,3,11251
56229,2016-07-25,00:33:00,91,4,7813
56230,2016-07-25,00:37:00,40,2,6359
56231,2016-07-25,00:43:00,28,1,1013
56232,2016-07-25,00:51:00,396,2,2795
56233,2016-07-25,00:51:00,106,2,7420
56234,2016-07-25,00:54:00,356,1,8486
56235,2016-07-25,00:56:00,78,2,1933
56236,2016-07-25,01:05:00,310,1,8564
56237,2016-07-25,01:09:00,318,2,8220
56238,2016-07-25,01:15:00,208,4,643
56239,2016-07-25,01:16:00,84,1,9250
56240,2016-07-25,01:19:00,187,2,3355
56241,2016-07-25,01:21:00,393,3,10785
56242,2016-07-25,01:21:00,222,1,902
56243,2016-07-25,01:26:00,231,2,1321
56244,2016-07-25,01:29:00,415,2,7486
56245,2016-07-25,01:38:00,272,1,8323
56246,2016-07-25,01:39:00,13,4,11380
56247,2016-07-25,01:45:00,406,3,58
56248,2016-07-25,01:46:00,320,1,9065
56249,2016-07-25,01:51:00,245,2,369
56250,2016-07-25,01:52:00,269,5,3000
56251,2016-07-25,01:53:00,443,1,827
56252,2016-07-25,01:59:00,268,2,3600
56253,2016-07-25,01:59:00,418,3,2285
56254,2016-07-25,02:02:00,262,3,10822
56255,2016-07-25,02:05:00,358,2,7558
56256,2016-07-25,02:08:00,65,1,11789
56257,2016-07-25,02:13:00,254,3,1304
56258,2016-07-25,02:18:00,177,3,6292
56259,2016-07-25,02:19:00,111,3,8699
56260,2016-07-25,02:22:00,225,2,8315
56261,2016-07-25,02:26:00,234,2,11368
56262,2016-07-25,02:33:00,143,3,4944
56263,2016-07-25,02:38:00,196,2,4679
56264,2016-07-25,02:42:00,339,1,8035
56265,2016-07-25,02:47:00,166,2,5604
56266,2016-07-25,02:49:00,456,2,5515
56267,2016-07-25,02:57:00,294,1,2875
56268,2016-07-25,03:02:00,31,1,6518
56269,2016-07-25,03:15:00,59,3,1649
56270,2016-07-25,03:17:00,52,1,10335
56271,2016-07-25,03:23:00,319,2,670
56272,2016-07-25,03:42:00,367,1,4506
56273,2016-07-25,03:47:00,167,1,6632
56274,2016-07-25,03:53:00,409,2,9062
56275,2016-07-25,03:55:00,169,1,11547
56276,2016-07-25,03:56:00,264,1,9224
56277,2016-07-25,04:06:00,297,1,5112
56278,2016-07-25,04:08:00,132,2,8811
56279,2016-07-25,04:12:00,362,2,9572
56280,2016-07-25,04:12:00,310,4,876
56281,2016-07-25,04:15:00,392,2,11654
56282,2016-07-25,04:29:00,55,1,3087
56283,2016-07-25,04:33:00,367,3,1363
56284,2016-07-25,04:34:00,120,1,7634
56285,2016-07-25,04:37:00,112,1,11381
56286,2016-07-25,04:45:00,297,2,9529
56287,2016-07-25,05:01:00,411,2,8315
56288,2016-07-25,05:08:00,205,1,3117
56289,2016-07-25,05:14:00,132,1,7901
56290,2016-07-25,05:29:00,84,2,1365
56291,2016-07-25,05:41:00,144,2,7163
56292,2016-07-25,05:53:00,438,2,7683
56293,2016-07-25,06:00:00,305,2,4627
56294,2016-07-25,06:00:00,284,1,3031
56295,2016-07-25,06:02:00,200,2,12000
56296,2016-07-25,06:19:00,38,1,9647
56297,2016-07-25,06:29:00,127,2,2686
56298,2016-07-25,06:30:00,345,1,9921
56299,2016-07-25,06:34:00,304,1,3807
56300,2016-07-25,06:34:00,323,1,2626
56301,2016-07-25,06:37:00,241,3,904
56302,2016-07-25,06:41:00,94,3,7781
56303,2016-07-25,06:41:00,315,1,254
56304,2016-07-25,06:42:00,22,2,8320
56305,2016-07-25,06:44:00,121,3,1099
56306,2016-07-25,07:10:00,104,5,11651
56307,2016-07-25,07:14:00,381,2,4747
56308,2016-07-25,07:23:00,405,2,2014
56309,2016-07-25,07:24:00,173,2,1891
56310,2016-07-25,07:30:00,32,2,7908
56311,2016-07-25,07:40:00,381,1,3332
56312,2016-07-25,07:45:00,52,2,11020
56313,2016-07-25,07:47:00,383,2,5570
56314,2016-07-25,07:48:00,10,1,2599
56315,2016-07-25,07:50:00,98,3,3471
56316,2016-07-25,07:58:00,388,2,2905
56317,2016-07-25,07:59:00,72,1,11433
56318,2016-07-25,08:00:00,260,1,7809
56319,2016-07-25,08:04:00,70,1,953
56320,2016-07-25,08:10:00,327,2,8132
56321,2016-07-25,08:23:00,279,1,865
56322,2016-07-25,08:38:00,89,1,3924
56323,2016-07-25,08:38:00,326,3,8421
56324,2016-07-25,08:49:00,371,2,5187
56325,2016-07-25,08:52:00,152,2,8748
56326,2016-07-25,09:04:00,264,3,8122
56327,2016-07-25,09:07:00,458,2,521
56328,2016-07-25,09:18:00,101,1,1060
56329,2016-07-25,09:19:00,154,1,976
56330,2016-07-25,09:20:00,342,2,11791
56331,2016-07-25,09:24:00,374,1,1187
56332,2016-07-25,09:29:00,218,2,11983
56333,2016-07-25,09:35:00,156,1,8006
56334,2016-07-25,09:36:00,411,2,4130
56335,2016-07-25,09:42:00,76,1,4953
56336,2016-07-25,10:02:00,220,4,11464
56337,2016-07-25,10:06:00,254,2,2957
56338,2016-07-25,10:06:00,116,1,1812
56339,2016-07-25,10:07:00,19,2,1063
56340,2016-07-25,10:12:00,176,1,8248
56341,2016-07-25,10:14:00,39,2,8865
56342,2016-07-25,10:15:00,255,2,7791
56343,2016-07-25,10:16:00,173,5,164
56344,2016-07-25,10:24:00,185,1,7529
56345,2016-07-25,10:32:00,10,1,3120
56346,2016-07-25,10:38:00,124,3,174
56347,2016-07-25,10:39:00,75,2,8806
56348,2016-07-25,10:40:00,207,1,2311
56349,2016-07-25,10:48:00,295,2,1794
56350,2016-07-25,10:56:00,19,1,775
56351,2016-07-25,11:16:00,12,4,11460
56352,2016-07-25,11:16:00,440,2,2336
56353,2016-07-25,11:18:00,390,2,4179
56354,2016-07-25,11:19:00,38,3,10650
56355,2016-07-25,11:20:00,98,2,7846
56356,2016-07-25,11:20:00,25,1,8775
56357,2016-07-25,11:27:00,144,3,7423
56358,2016-07-25,11:32:00,136,1,11673
56359,2016-07-25,11:33:00,422,1,2552
56360,2016-07-25,11:37:00,13,1,7023
56361,2016-07-25,11:38:00,431,1,1818
56362,2016-07-25,11:42:00,303,1,6392
56363,2016-07-25,11:43:00,186,2,7351
56364,2016-07-25,11:44:00,85,1,1968
56365,2016-07-25,11:50:00,378,2,8311
56366,2016-07-25,11:52:00,289,5,6405
56367,2016-07-25,11:55:00,115,3,8215
56368,2016-07-25,12:01:00,34,4,4218
56369,2016-07-25,12:05:00,65,3,6253
56370,2016-07-25,12:09:00,373,3,7456
56371,2016-07-25,12:12:00,375,2,9761
56372,2016-07-25,12:13:00,166,1,1372
56373,2016-07-25,12:21:00,25,2,4437
56374,2016-07-25,12:22:00,64,3,3044
56375,2016-07-25,12:25:00,159,3,11645
56376,2016-07-25,12:28:00,17,2,6892
56377,2016-07-25,12:40:00,53,2,9054
56378,2016-07-25,12:41:00,200,3,3163
56379,2016-07-25,12:47:00,259,2,9886
56380,2016-07-25,12:51:00,322,2,11827
56381,2016-07-25,12:56:00,163,2,4867
56382,2016-07-25,13:01:00,53,3,11345
56383,2016-07-25,13:02:00,101,1,4820
56384,2016-07-25,13:03:00,209,4,9691
56385,2016-07-25,13:03:00,268,1,8492
56386,2016-07-25,13:08:00,243,2,5286
56387,2016-07-25,13:12:00,4,3,8017
56388,2016-07-25,13:14:00,256,1,3524
56389,2016-07-25,13:31:00,239,2,2355
56390,2016-07-25,13:40:00,353,2,2858
56391,2016-07-25,13:48:00,348,1,4815
56392,2016-07-25,13:59:00,95,1,5566
56393,2016-07-25,14:02:00,165,3,7076
56394,2016-07-25,14:05:00,86,3,10208
56395,2016-07-25,14:14:00,405,1,6223
56396,2016-07-25,14:16:00,74,1,7030
56397,2016-07-25,14:22:00,377,1,11417
56398,2016-07-25,14:28:00,234,3,5817
56399,2016-07-25,14:34:00,373,4,2955
56400,2016-07-25,14:41:00,310,2,4192
56401,2016-07-25,14:43:00,373,4,2949
56402,2016-07-25,14:45:00,455,2,1260
56403,2016-07-25,14:48:00,32,1,6446
56404,2016-07-25,14:56:00,115,1,8140
56405,2016-07-25,14:58:00,211,1,6783
56406,2016-07-25,15:05:00,210,2,5780
56407,2016-07-25,15:14:00,210,1,8700
56408,2016-07-25,15:14:00,396,2,668
56409,2016-07-25,15:20:00,325,2,16
56410,2016-07-25,15:22:00,158,1,2556
56411,2016-07-25,15:30:00,389,3,10378
56412,2016-07-25,15:34:00,285,3,7775
56413,2016-07-25,15:35:00,141,2,3840
56414,2016-07-25,15:36:00,87,2,4638
56415,2016-07-25,15:42:00,263,2,7269
56416,2016-07-25,15:43:00,393,1,5239
56417,2016-07-25,15:44:00,31,3,6656
56418,2016-07-25,15:46:00,270,6,5945
56419,2016-07-25,15:46:00,219,1,444
56420,2016-07-25,15:48:00,274,3,3868
56421,2016-07-25,15:50:00,79,3,4842
56422,2016-07-25,15:53:00,377,4,6450
56423,2016-07-25,16:07:00,419,1,2343
56424,2016-07-25,16:27:00,119,2,127
56425,2016-07-25,16:29:00,305,1,4215
56426,2016-07-25,16:38:00,227,1,7617
56427,2016-07-25,16:40:00,233,1,4842
56428,2016-07-25,16:40:00,201,3,11530
56429,2016-07-25,16:47:00,13,2,9307
56430,2016-07-25,16:48:00,325,2,9415
56431,2016-07-25,16:49:00,453,1,1435
56432,2016-07-25,16:53:00,315,1,8686
56433,2016-07-25,17:01:00,163,1,5337
56434,2016-07-25,17:02:00,283,2,7528
56435,2016-07-25,17:02:00,395,5,5719
56436,2016-07-25,17:05:00,15,1,10847
56437,2016-07-25,17:12:00,196,2,5282
56438,2016-07-25,17:32:00,80,1,6859
56439,2016-07-25,17:49:00,113,1,10952
56440,2016-07-25,17:49:00,384,3,655
56441,2016-07-25,17:50:00,198,2,1454
56442,2016-07-25,17:56:00,174,2,11498
56443,2016-07-25,17:58:00,400,1,3428
56444,2016-07-25,17:59:00,146,2,6922
56445,2016-07-25,18:01:00,17,4,749
56446,2016-07-25,18:03:00,49,1,7398
56447,2016-07-25,18:25:00,295,1,9696
56448,2016-07-25,18:28:00,347,1,2245
56449,2016-07-25,18:39:00,314,2,9183
56450,2016-07-25,18:41:00,97,2,7543
56451,2016-07-25,18:42:00,242,2,9154
56452,2016-07-25,18:44:00,374,1,7644
56453,2016-07-25,18:45:00,68,1,8562
56454,2016-07-25,18:47:00,414,1,5279
56455,2016-07-25,18:51:00,387,1,5840
56456,2016-07-25,18:58:00,286,4,9784
56457,2016-07-25,19:17:00,392,4,1160
56458,2016-07-25,19:20:00,87,2,4826
56459,2016-07-25,19:39:00,405,2,11420
56460,2016-07-25,19:41:00,294,1,5623
56461,2016-07-25,19:44:00,287,1,11359
56462,2016-07-25,19:51:00,300,1,10698
56463,2016-07-25,20:19:00,457,2,8398
56464,2016-07-25,20:24:00,372,4,5111
56465,2016-07-25,20:31:00,455,2,6560
56466,2016-07-25,20:31:00,81,2,9582
56467,2016-07-25,20:44:00,446,2,4236
56468,2016-07-25,20:45:00,69,3,7167
56469,2016-07-25,20:46:00,347,2,7976
56470,2016-07-25,20:51:00,263,3,8520
56471,2016-07-25,20:54:00,100,1,4948
56472,2016-07-25,20:54:00,100,1,8702
56473,2016-07-25,20:59:00,396,2,10306
56474,2016-07-25,21:12:00,389,1,5844
56475,2016-07-25,21:17:00,276,2,3717
56476,2016-07-25,21:21:00,378,1,2884
56477,2016-07-25,21:28:00,437,2,4068
56478,2016-07-25,21:30:00,220,4,6234
56479,2016-07-25,21:38:00,169,2,1290
56480,2016-07-25,21:38:00,250,1,8868
56481,2016-07-25,21:40:00,75,1,7796
56482,2016-07-25,21:45:00,176,2,2835
56483,2016-07-25,21:48:00,292,1,10258
56484,2016-07-25,21:54:00,105,2,2052
56485,2016-07-25,22:04:00,222,2,3189
56486,2016-07-25,22:27:00,305,1,3824
56487,2016-07-25,22:33:00,298,1,3070
56488,2016-07-25,22:43:00,58,2,4156
56489,2016-07-25,22:47:00,281,2,2707
56490,2016-07-25,22:51:00,277,1,2365
56491,2016-07-25,22:56:00,14,1,1344
56492,2016-07-25,22:56:00,361,1,6108
56493,2016-07-25,23:00:00,293,2,1891
56494,2016-07-25,23:02:00,232,1,10281
56495,2016-07-25,23:07:00,8,3,2391
56496,2016-07-25,23:11:00,130,2,4593
56497,2016-07-25,23:13:00,312,2,1473
56498,2016-07-25,23:26:00,167,3,1879
56499,2016-07-25,23:27:00,332,2,1625
56500,2016-07-25,23:29:00,215,3,4265
56501,2016-07-25,23:32:00,332,2,1615
56502,2016-07-25,23:36:00,430,2,6628
56503,2016-07-25,23:36:00,23,4,9241
56504,2016-07-25,23:40:00,274,1,8173
56505,2016-07-25,23:42:00,411,2,9377
56506,2016-07-25,23:48:00,243,1,9638
56507,2016-07-25,23:48:00,383,1,2905
56508,2016-07-25,23:54:00,190,1,5975
56509,2016-07-26,00:11:00,234,3,2062
56510,2016-07-26,00:15:00,181,3,4970
56511,2016-07-26,00:17:00,63,1,10217
56512,2016-07-26,00:25:00,351,2,9773
56513,2016-07-26,00:27:00,446,1,7589
56514,2016-07-26,00:35:00,48,1,9975
56515,2016-07-26,00:45:00,175,2,10013
56516,2016-07-26,00:53:00,14,2,8581
56517,2016-07-26,00:59:00,134,2,3676
56518,2016-07-26,01:03:00,232,1,5392
56519,2016-07-26,01:22:00,203,1,4172
56520,2016-07-26,01:26:00,411,2,9082
56521,2016-07-26,01:28:00,381,2,9833
56522,2016-07-26,01:32:00,108,1,4685
56523,2016-07-26,01:35:00,113,4,8035
56524,2016-07-26,01:45:00,267,3,7707
56525,2016-07-26,01:46:00,214,1,4632
56526,2016-07-26,01:49:00,249,1,9447
56527,2016-07-26,01:50:00,446,1,8499
56528,2016-07-26,01:52:00,174,1,2585
56529,2016-07-26,01:57:00,188,2,8257
56530,2016-07-26,01:59:00,119,4,53
56531,2016-07-26,02:01:00,452,1,4068
56532,2016-07-26,02:04:00,252,1,4283
56533,2016-07-26,02:07:00,409,2,3872
56534,2016-07-26,02:08:00,45,1,11474
56535,2016-07-26,02:10:00,395,2,574
56536,2016-07-26,02:10:00,172,2,11944
56537,2016-07-26,02:14:00,166,1,7831
56538,2016-07-26,02:16:00,409,3,3862
56539,2016-07-26,02:28:00,94,2,11535
56540,2016-07-26,02:32:00,40,2,10683
56541,2016-07-26,02:36:00,291,2,2889
56542,2016-07-26,02:37:00,86,1,9548
56543,2016-07-26,02:49:00,81,1,5194
56544,2016-07-26,02:54:00,415,4,6730
56545,2016-07-26,02:56:00,140,2,3924
56546,2016-07-26,03:03:00,1,1,1108
56547,2016-07-26,03:09:00,203,4,7455
56548,2016-07-26,03:13:00,424,1,4375
56549,2016-07-26,03:23:00,191,4,2750
56550,2016-07-26,03:42:00,245,5,10204
56551,2016-07-26,03:52:00,91,2,7053
56552,2016-07-26,03:54:00,387,3,11084
56553,2016-07-26,04:04:00,275,2,3330
56554,2016-07-26,04:04:00,396,3,10334
56555,2016-07-26,04:04:00,390,3,9198
56556,2016-07-26,04:05:00,150,1,2148
56557,2016-07-26,04:07:00,339,2,11340
56558,2016-07-26,04:07:00,148,2,8765
56559,2016-07-26,04:12:00,159,2,9273
56560,2016-07-26,04:15:00,44,2,4017
56561,2016-07-26,04:21:00,344,3,7380
56562,2016-07-26,04:37:00,355,1,2990
56563,2016-07-26,04:38:00,117,4,11395
56564,2016-07-26,04:41:00,216,3,2240
56565,2016-07-26,04:41:00,450,1,9382
56566,2016-07-26,04:48:00,124,1,4939
56567,2016-07-26,04:49:00,355,1,5098
56568,2016-07-26,04:49:00,6,3,5308
56569,2016-07-26,04:50:00,212,2,10507
56570,2016-07-26,04:52:00,389,3,4362
56571,2016-07-26,04:52:00,163,3,4745
56572,2016-07-26,04:57:00,439,1,6615
56573,2016-07-26,04:58:00,101,2,122
56574,2016-07-26,05:02:00,122,4,6692
56575,2016-07-26,05:07:00,5,1,10829
56576,2016-07-26,05:11:00,458,1,8383
56577,2016-07-26,05:20:00,247,2,4456
56578,2016-07-26,05:26:00,132,1,7378
56579,2016-07-26,05:27:00,294,2,8496
56580,2016-07-26,05:32:00,98,1,7067
56581,2016-07-26,05:40:00,313,1,10231
56582,2016-07-26,05:40:00,394,2,7613
56583,2016-07-26,05:46:00,26,4,5190
56584,2016-07-26,05:48:00,378,1,11150
56585,2016-07-26,05:50:00,286,2,7368
56586,2016-07-26,05:57:00,203,4,11932
56587,2016-07-26,06:03:00,252,3,8327
56588,2016-07-26,06:13:00,396,1,3511
56589,2016-07-26,06:13:00,407,2,6210
56590,2016-07-26,06:21:00,16,1,3083
56591,2016-07-26,06:32:00,419,1,7617
56592,2016-07-26,06:33:00,252,3,11113
56593,2016-07-26,06:43:00,82,2,9745
56594,2016-07-26,06:48:00,138,2,9974
56595,2016-07-26,06:53:00,114,2,12000
56596,2016-07-26,06:56:00,349,2,7630
56597,2016-07-26,06:56:00,399,1,7351
56598,2016-07-26,06:59:00,80,4,1405
56599,2016-07-26,07:24:00,179,2,9191
56600,2016-07-26,07:26:00,127,3,7622
56601,2016-07-26,07:34:00,454,4,1719
56602,2016-07-26,07:37:00,346,2,793
56603,2016-07-26,07:50:00,19,3,954
56604,2016-07-26,07:53:00,433,1,5197
56605,2016-07-26,07:54:00,48,1,5887
56606,2016-07-26,07:57:00,167,3,8799
56607,2016-07-26,08:01:00,157,1,8746
56608,2016-07-26,08:08:00,225,1,2221
56609,2016-07-26,08:15:00,203,2,5058
56610,2016-07-26,08:25:00,239,2,2983
56611,2016-07-26,08:29:00,119,1,10896
56612,2016-07-26,08:40:00,317,2,6620
56613,2016-07-26,08:41:00,103,1,7730
56614,2016-07-26,08:42:00,107,1,11421
56615,2016-07-26,08:45:00,295,1,2450
56616,2016-07-26,08:57:00,282,3,3762
56617,2016-07-26,08:59:00,118,2,61
56618,2016-07-26,09:09:00,42,2,3436
56619,2016-07-26,09:13:00,150,2,4160
56620,2016-07-26,09:18:00,128,2,10823
56621,2016-07-26,09:23:00,298,3,10532
56622,2016-07-26,09:25:00,280,2,5848
56623,2016-07-26,09:29:00,231,2,8740
56624,2016-07-26,09:32:00,160,2,2164
56625,2016-07-26,09:45:00,256,3,4086
56626,2016-07-26,10:07:00,215,1,5302
56627,2016-07-26,10:28:00,66,4,8251
56628,2016-07-26,10:28:00,181,1,8474
56629,2016-07-26,10:40:00,334,1,10686
56630,2016-07-26,10:45:00,94,2,6774
56631,2016-07-26,10:49:00,299,2,4693
56632,2016-07-26,10:55:00,109,3,6724
56633,2016-07-26,10:58:00,319,3,5899
56634,2016-07-26,10:59:00,317,3,8898
56635,2016-07-26,11:13:00,105,2,11394
56636,2016-07-26,11:20:00,402,1,7981
56637,2016-07-26,11:30:00,321,2,2495
56638,2016-07-26,11:49:00,146,2,75
56639,2016-07-26,11:49:00,164,2,857
56640,2016-07-26,11:53:00,61,1,3761
56641,2016-07-26,11:55:00,293,4,8573
56642,2016-07-26,11:58:00,372,2,8376
56643,2016-07-26,12:11:00,161,1,7443
56644,2016-07-26,12:16:00,302,2,7313
56645,2016-07-26,12:17:00,406,2,7638
56646,2016-07-26,12:27:00,307,1,6151
56647,2016-07-26,12:32:00,132,4,1105
56648,2016-07-26,12:32:00,422,1,6807
56649,2016-07-26,12:36:00,31,2,8401
56650,2016-07-26,12:44:00,323,2,6654
56651,2016-07-26,12:45:00,297,2,7043
56652,2016-07-26,12:59:00,161,4,1421
56653,2016-07-26,13:12:00,449,2,3723
56654,2016-07-26,13:13:00,373,1,5309
56655,2016-07-26,13:15:00,65,3,11037
56656,2016-07-26,13:17:00,2,1,1610
56657,2016-07-26,13:19:00,59,1,9154
56658,2016-07-26,13:21:00,337,2,11334
56659,2016-07-26,13:22:00,429,5,7358
56660,2016-07-26,13:30:00,274,2,2287
56661,2016-07-26,13:34:00,183,2,3434
56662,2016-07-26,13:43:00,9,3,4416
56663,2016-07-26,13:47:00,458,1,11928
56664,2016-07-26,13:49:00,170,1,2058
56665,2016-07-26,13:59:00,244,1,4371
56666,2016-07-26,14:01:00,117,1,2932
56667,2016-07-26,14:18:00,350,1,6597
56668,2016-07-26,14:19:00,387,3,8197
56669,2016-07-26,14:30:00,261,3,4211
56670,2016-07-26,14:32:00,91,1,5862
56671,2016-07-26,14:35:00,72,1,991
56672,2016-07-26,14:42:00,157,2,1413
56673,2016-07-26,14:47:00,320,4,9818
56674,2016-07-26,14:48:00,291,1,9924
56675,2016-07-26,14:50:00,52,3,5232
56676,2016-07-26,14:51:00,23,2,36
56677,2016-07-26,14:56:00,370,3,8780
56678,2016-07-26,15:07:00,134,1,6615
56679,2016-07-26,15:12:00,320,2,1533
56680,2016-07-26,15:17:00,365,1,6684
56681,2016-07-26,15:27:00,309,2,11774
56682,2016-07-26,15:28:00,50,1,6186
56683,2016-07-26,15:31:00,150,1,10947
56684,2016-07-26,15:32:00,209,1,1863
56685,2016-07-26,15:52:00,222,3,478
56686,2016-07-26,15:53:00,123,3,830
56687,2016-07-26,15:54:00,421,2,2142
56688,2016-07-26,16:16:00,55,2,2979
56689,2016-07-26,16:19:00,444,3,11146
56690,2016-07-26,16:19:00,307,2,6697
56691,2016-07-26,16:20:00,388,3,694
56692,2016-07-26,16:30:00,354,3,3876
56693,2016-07-26,16:31:00,428,2,9411
56694,2016-07-26,16:41:00,412,2,10562
56695,2016-07-26,16:41:00,342,1,4828
56696,2016-07-26,17:12:00,268,1,8942
56697,2016-07-26,17:24:00,111,1,10577
56698,2016-07-26,17:25:00,275,2,4173
56699,2016-07-26,17:30:00,406,1,1144
56700,2016-07-26,17:32:00,375,1,1148
56701,2016-07-26,17:45:00,237,1,382
56702,2016-07-26,17:46:00,100,1,9109
56703,2016-07-26,17:47:00,120,2,4504
56704,2016-07-26,17:55:00,120,2,1645
56705,2016-07-26,18:01:00,170,1,477
56706,2016-07-26,18:04:00,428,2,4669
56707,2016-07-26,18:15:00,24,4,10115
56708,2016-07-26,18:18:00,59,1,6742
56709,2016-07-26,18:21:00,9,2,8259
56710,2016-07-26,18:30:00,350,1,254
56711,2016-07-26,18:41:00,270,2,9699
56712,2016-07-26,18:41:00,256,1,9409
56713,2016-07-26,18:45:00,177,4,248
56714,2016-07-26,19:00:00,221,2,4588
56715,2016-07-26,19:01:00,92,2,11134
56716,2016-07-26,19:11:00,202,2,962
56717,2016-07-26,19:17:00,261,1,4467
56718,2016-07-26,19:19:00,395,1,8533
56719,2016-07-26,19:22:00,255,1,10796
56720,2016-07-26,19:39:00,244,3,2328
56721,2016-07-26,19:45:00,393,2,8353
56722,2016-07-26,20:07:00,341,1,4481
56723,2016-07-26,20:13:00,91,1,11741
56724,2016-07-26,20:20:00,271,2,8987
56725,2016-07-26,20:50:00,412,1,3596
56726,2016-07-26,20:53:00,434,2,5740
56727,2016-07-26,20:53:00,12,2,4082
56728,2016-07-26,20:55:00,421,1,5840
56729,2016-07-26,21:02:00,83,3,9536
56730,2016-07-26,21:06:00,179,1,10573
56731,2016-07-26,21:06:00,14,2,3444
56732,2016-07-26,21:15:00,382,1,6673
56733,2016-07-26,21:17:00,413,1,3288
56734,2016-07-26,21:19:00,445,1,1997
56735,2016-07-26,21:20:00,409,2,10557
56736,2016-07-26,21:21:00,44,2,7280
56737,2016-07-26,21:24:00,269,1,3700
56738,2016-07-26,21:24:00,193,2,1055
56739,2016-07-26,21:28:00,313,2,10243
56740,2016-07-26,21:31:00,417,3,3380
56741,2016-07-26,21:35:00,25,1,10766
56742,2016-07-26,21:38:00,250,1,4356
56743,2016-07-26,21:39:00,122,4,1388
56744,2016-07-26,21:42:00,333,3,8938
56745,2016-07-26,21:52:00,424,4,6569
56746,2016-07-26,22:07:00,1,1,8119
56747,2016-07-26,22:41:00,386,3,5358
56748,2016-07-26,22:49:00,449,5,8586
56749,2016-07-26,22:51:00,59,3,9037
56750,2016-07-26,22:59:00,259,2,6508
56751,2016-07-26,23:04:00,432,2,8795
56752,2016-07-26,23:13:00,341,1,5569
56753,2016-07-26,23:16:00,82,1,2176
56754,2016-07-26,23:22:00,352,1,11221
56755,2016-07-26,23:31:00,36,5,6010
56756,2016-07-26,23:40:00,261,3,10351
56757,2016-07-26,23:42:00,20,1,711
56758,2016-07-26,23:45:00,289,1,8574
56759,2016-07-26,23:59:00,319,2,7235
56760,2016-07-27,00:01:00,319,2,7369
56761,2016-07-27,00:01:00,279,2,5822
56762,2016-07-27,00:05:00,357,1,2846
56763,2016-07-27,00:09:00,178,1,4044
56764,2016-07-27,00:10:00,267,3,4874
56765,2016-07-27,00:15:00,24,4,2031
56766,2016-07-27,00:21:00,214,1,7357
56767,2016-07-27,00:29:00,249,1,9999
56768,2016-07-27,00:29:00,374,3,1836
56769,2016-07-27,00:31:00,22,1,11766
56770,2016-07-27,00:33:00,53,3,6427
56771,2016-07-27,01:01:00,394,2,7335
56772,2016-07-27,01:08:00,456,2,9404
56773,2016-07-27,01:11:00,103,1,4070
56774,2016-07-27,01:12:00,27,2,9477
56775,2016-07-27,01:16:00,102,5,11090
56776,2016-07-27,01:16:00,127,2,1255
56777,2016-07-27,01:17:00,449,3,1705
56778,2016-07-27,01:21:00,123,2,1960
56779,2016-07-27,01:45:00,53,2,11445
56780,2016-07-27,01:55:00,96,2,5872
56781,2016-07-27,01:59:00,446,2,7225
56782,2016-07-27,02:01:00,319,3,610
56783,2016-07-27,02:02:00,385,1,5550
56784,2016-07-27,02:04:00,11,2,491
56785,2016-07-27,02:09:00,215,1,11688
56786,2016-07-27,02:11:00,49,1,5925
56787,2016-07-27,02:18:00,340,3,7626
56788,2016-07-27,02:21:00,81,2,10588
56789,2016-07-27,02:22:00,262,4,3282
56790,2016-07-27,02:33:00,414,2,4567
56791,2016-07-27,02:37:00,395,1,7846
56792,2016-07-27,02:43:00,317,4,11684
56793,2016-07-27,02:49:00,139,3,8784
56794,2016-07-27,02:54:00,202,4,5959
56795,2016-07-27,03:10:00,169,3,3975
56796,2016-07-27,03:10:00,183,2,2816
56797,2016-07-27,03:13:00,63,3,7849
56798,2016-07-27,03:15:00,73,1,10676
56799,2016-07-27,03:17:00,285,1,71
56800,2016-07-27,03:25:00,130,2,7054
56801,2016-07-27,03:26:00,175,3,1514
56802,2016-07-27,03:29:00,145,2,6356
56803,2016-07-27,03:35:00,50,1,4747
56804,2016-07-27,03:40:00,22,3,5324
56805,2016-07-27,03:42:00,146,1,5537
56806,2016-07-27,03:48:00,422,1,1984
56807,2016-07-27,03:51:00,76,2,8457
56808,2016-07-27,03:52:00,101,2,3445
56809,2016-07-27,03:54:00,149,1,4102
56810,2016-07-27,04:04:00,265,1,7694
56811,2016-07-27,04:06:00,204,1,10207
56812,2016-07-27,04:08:00,331,3,9688
56813,2016-07-27,04:15:00,166,2,9690
56814,2016-07-27,04:19:00,452,1,96
56815,2016-07-27,04:23:00,393,2,9267
56816,2016-07-27,04:24:00,441,1,389
56817,2016-07-27,04:29:00,98,3,10673
56818,2016-07-27,04:32:00,346,1,6939
56819,2016-07-27,04:42:00,140,2,5803
56820,2016-07-27,04:51:00,78,1,625
56821,2016-07-27,05:03:00,434,2,2379
56822,2016-07-27,05:04:00,454,1,6999
56823,2016-07-27,05:05:00,218,2,8068
56824,2016-07-27,05:05:00,121,1,8161
56825,2016-07-27,05:29:00,176,2,10961
56826,2016-07-27,05:34:00,238,2,2409
56827,2016-07-27,05:35:00,281,4,7363
56828,2016-07-27,05:45:00,303,1,3598
56829,2016-07-27,05:45:00,298,3,1092
56830,2016-07-27,05:51:00,113,2,73
56831,2016-07-27,05:53:00,285,2,11709
56832,2016-07-27,06:09:00,229,1,6333
56833,2016-07-27,06:18:00,328,2,5296
56834,2016-07-27,06:20:00,175,4,8004
56835,2016-07-27,06:26:00,419,2,6834
56836,2016-07-27,06:27:00,224,1,10713
56837,2016-07-27,06:29:00,173,2,7353
56838,2016-07-27,06:37:00,155,4,2915
56839,2016-07-27,06:43:00,275,1,8740
56840,2016-07-27,06:47:00,349,2,1795
56841,2016-07-27,06:52:00,338,1,10101
56842,2016-07-27,06:57:00,216,3,3747
56843,2016-07-27,07:00:00,144,1,5644
56844,2016-07-27,07:01:00,317,3,5381
56845,2016-07-27,07:02:00,291,2,29
56846,2016-07-27,07:10:00,70,1,8779
56847,2016-07-27,07:15:00,48,1,4233
56848,2016-07-27,07:17:00,196,1,1644
56849,2016-07-27,07:29:00,153,4,2547
56850,2016-07-27,07:31:00,414,2,11024
56851,2016-07-27,07:33:00,29,3,512
56852,2016-07-27,07:33:00,146,1,2684
56853,2016-07-27,07:37:00,95,3,4875
56854,2016-07-27,07:42:00,180,2,9046
56855,2016-07-27,07:47:00,390,2,1309
56856,2016-07-27,07:51:00,166,4,8455
56857,2016-07-27,08:03:00,303,4,7743
56858,2016-07-27,08:08:00,253,2,4788
56859,2016-07-27,08:11:00,362,2,3915
56860,2016-07-27,08:14:00,365,2,6952
56861,2016-07-27,08:22:00,117,1,9274
56862,2016-07-27,08:23:00,1,1,10567
56863,2016-07-27,08:29:00,270,2,7699
56864,2016-07-27,08:31:00,175,4,287
56865,2016-07-27,08:55:00,348,1,1128
56866,2016-07-27,08:56:00,248,4,1094
56867,2016-07-27,09:02:00,208,2,4722
56868,2016-07-27,09:13:00,403,1,248
56869,2016-07-27,09:18:00,414,1,4011
56870,2016-07-27,09:25:00,325,3,7680
56871,2016-07-27,09:25:00,307,2,574
56872,2016-07-27,09:27:00,72,2,3721
56873,2016-07-27,09:37:00,205,2,11989
56874,2016-07-27,09:41:00,332,1,11615
56875,2016-07-27,09:45:00,362,3,9545
56876,2016-07-27,09:50:00,227,3,2654
56877,2016-07-27,09:54:00,377,1,6813
56878,2016-07-27,09:55:00,140,3,6081
56879,2016-07-27,09:56:00,22,1,9884
56880,2016-07-27,09:58:00,272,1,9818
56881,2016-07-27,10:01:00,312,3,5837
56882,2016-07-27,10:07:00,84,4,1599
56883,2016-07-27,10:10:00,190,2,5104
56884,2016-07-27,10:17:00,125,2,7222
56885,2016-07-27,10:19:00,90,1,5261
56886,2016-07-27,10:24:00,7,2,7054
56887,2016-07-27,10:50:00,98,1,4420
56888,2016-07-27,11:02:00,27,1,9485
56889,2016-07-27,11:06:00,148,4,1653
56890,2016-07-27,11:09:00,384,1,7063
56891,2016-07-27,11:11:00,234,1,7634
56892,2016-07-27,11:13:00,43,1,9000
56893,2016-07-27,11:16:00,255,2,5815
56894,2016-07-27,11:17:00,385,1,1530
56895,2016-07-27,11:36:00,312,2,2013
56896,2016-07-27,11:37:00,405,2,11865
56897,2016-07-27,11:41:00,89,1,5601
56898,2016-07-27,11:44:00,320,1,3995
56899,2016-07-27,11:45:00,376,4,8276
56900,2016-07-27,11:48:00,121,3,5906
56901,2016-07-27,11:49:00,132,3,10745
56902,2016-07-27,12:06:00,58,4,7516
56903,2016-07-27,12:07:00,389,2,4281
56904,2016-07-27,12:17:00,409,1,7514
56905,2016-07-27,12:21:00,116,1,11467
56906,2016-07-27,12:22:00,265,2,11825
56907,2016-07-27,12:24:00,453,3,7775
56908,2016-07-27,12:28:00,293,2,9606
56909,2016-07-27,12:32:00,191,2,9936
56910,2016-07-27,12:33:00,168,2,8696
56911,2016-07-27,12:35:00,200,3,4072
56912,2016-07-27,12:42:00,441,1,9260
56913,2016-07-27,12:45:00,311,2,4516
56914,2016-07-27,12:52:00,318,1,2093
56915,2016-07-27,13:09:00,214,1,6926
56916,2016-07-27,13:12:00,291,3,10649
56917,2016-07-27,13:18:00,392,1,6403
56918,2016-07-27,13:18:00,64,2,136
56919,2016-07-27,13:23:00,97,1,8775
56920,2016-07-27,13:29:00,285,5,10146
56921,2016-07-27,13:30:00,293,2,1679
56922,2016-07-27,13:32:00,86,1,10596
56923,2016-07-27,13:38:00,236,1,21
56924,2016-07-27,13:42:00,437,2,1552
56925,2016-07-27,13:42:00,171,1,5604
56926,2016-07-27,13:46:00,375,2,5403
56927,2016-07-27,13:51:00,179,2,8461
56928,2016-07-27,13:52:00,457,1,684
56929,2016-07-27,13:53:00,225,3,9782
56930,2016-07-27,13:54:00,28,1,7800
56931,2016-07-27,13:54:00,1,2,7478
56932,2016-07-27,13:58:00,221,2,2461
56933,2016-07-27,13:59:00,395,4,9684
56934,2016-07-27,14:04:00,29,2,6498
56935,2016-07-27,14:05:00,424,3,4169
56936,2016-07-27,14:15:00,356,1,7748
56937,2016-07-27,14:26:00,22,1,2090
56938,2016-07-27,14:26:00,300,4,10420
56939,2016-07-27,14:28:00,423,2,3596
56940,2016-07-27,14:33:00,309,4,6315
56941,2016-07-27,14:41:00,81,1,5540
56942,2016-07-27,14:45:00,259,1,2903
56943,2016-07-27,14:54:00,309,2,6790
56944,2016-07-27,14:59:00,325,2,3366
56945,2016-07-27,15:11:00,250,2,2295
56946,2016-07-27,15:11:00,434,5,9789
56947,2016-07-27,15:11:00,30,1,10320
56948,2016-07-27,15:15:00,169,2,8619
56949,2016-07-27,15:16:00,1,3,4427
56950,2016-07-27,15:17:00,135,3,3334
56951,2016-07-27,15:24:00,217,3,7407
56952,2016-07-27,15:24:00,83,1,8822
56953,2016-07-27,15:28:00,108,1,1162
56954,2016-07-27,15:32:00,262,2,6191
56955,2016-07-27,15:44:00,134,1,20
56956,2016-07-27,15:46:00,27,1,8501
56957,2016-07-27,15:55:00,382,1,1907
56958,2016-07-27,16:05:00,87,3,255
56959,2016-07-27,16:06:00,402,2,5605
56960,2016-07-27,16:13:00,162,1,1649
56961,2016-07-27,16:23:00,437,3,3491
56962,2016-07-27,16:37:00,91,1,10176
56963,2016-07-27,16:42:00,112,1,11535
56964,2016-07-27,16:47:00,93,1,6082
56965,2016-07-27,17:00:00,418,1,4437
56966,2016-07-27,17:05:00,301,2,2050
56967,2016-07-27,17:06:00,372,1,9535
56968,2016-07-27,17:11:00,305,2,940
56969,2016-07-27,17:12:00,233,2,8841
56970,2016-07-27,17:29:00,157,1,2155
56971,2016-07-27,17:37:00,71,4,10118
56972,2016-07-27,17:48:00,294,3,8846
56973,2016-07-27,17:48:00,78,1,1637
56974,2016-07-27,17:49:00,284,2,10046
56975,2016-07-27,17:50:00,194,3,354
56976,2016-07-27,17:53:00,197,1,3181
56977,2016-07-27,18:01:00,390,1,5346
56978,2016-07-27,18:04:00,316,4,2222
56979,2016-07-27,18:18:00,314,2,750
56980,2016-07-27,18:19:00,209,1,27
56981,2016-07-27,18:21:00,39,2,291
56982,2016-07-27,18:24:00,266,2,173
56983,2016-07-27,18:30:00,408,4,8021
56984,2016-07-27,18:42:00,158,2,7266
56985,2016-07-27,18:55:00,453,3,10889
56986,2016-07-27,19:00:00,263,2,4029
56987,2016-07-27,19:01:00,381,1,227
56988,2016-07-27,19:16:00,199,4,12000
56989,2016-07-27,19:17:00,353,1,8280
56990,2016-07-27,19:20:00,220,1,5255
56991,2016-07-27,19:20:00,352,3,1090
56992,2016-07-27,19:31:00,202,1,9290
56993,2016-07-27,19:45:00,335,3,6671
56994,2016-07-27,19:47:00,419,1,1002
56995,2016-07-27,19:47:00,198,2,1956
56996,2016-07-27,19:48:00,66,1,5869
56997,2016-07-27,19:58:00,227,3,511
56998,2016-07-27,20:00:00,22,1,2911
56999,2016-07-27,20:13:00,309,2,7108
57000,2016-07-27,20:14:00,389,2,326
57001,2016-07-27,20:18:00,293,3,2649
57002,2016-07-27,20:20:00,113,3,9307
57003,2016-07-27,20:20:00,388,2,3580
57004,2016-07-27,20:29:00,57,4,6791
57005,2016-07-27,20:33:00,26,3,9258
57006,2016-07-27,20:34:00,100,1,7476
57007,2016-07-27,20:34:00,418,2,1597
57008,2016-07-27,20:41:00,353,4,1164
57009,2016-07-27,20:43:00,5,1,4050
57010,2016-07-27,20:45:00,288,1,11094
57011,2016-07-27,20:45:00,67,3,7773
57012,2016-07-27,20:50:00,452,3,6249
57013,2016-07-27,20:53:00,457,1,4449
57014,2016-07-27,20:57:00,232,2,7214
57015,2016-07-27,21:00:00,344,1,4272
57016,2016-07-27,21:01:00,321,2,10885
57017,2016-07-27,21:02:00,95,2,7404
57018,2016-07-27,21:12:00,69,2,9993
57019,2016-07-27,21:14:00,351,1,9771
57020,2016-07-27,21:14:00,234,1,5617
57021,2016-07-27,21:15:00,341,3,2477
57022,2016-07-27,21:18:00,268,3,8609
57023,2016-07-27,21:20:00,192,2,1300
57024,2016-07-27,21:22:00,308,2,2363
57025,2016-07-27,21:22:00,389,1,4897
57026,2016-07-27,21:22:00,395,2,2814
57027,2016-07-27,21:25:00,296,2,10200
57028,2016-07-27,21:26:00,265,2,10409
57029,2016-07-27,21:28:00,247,2,4862
57030,2016-07-27,21:35:00,146,1,2575
57031,2016-07-27,21:37:00,449,2,9329
57032,2016-07-27,21:38:00,210,5,11020
57033,2016-07-27,21:48:00,174,3,7584
57034,2016-07-27,21:51:00,84,2,3120
57035,2016-07-27,21:51:00,208,1,9276
57036,2016-07-27,22:01:00,441,4,8510
57037,2016-07-27,22:04:00,17,3,1727
57038,2016-07-27,22:19:00,394,2,11406
57039,2016-07-27,22:23:00,392,1,440
57040,2016-07-27,22:36:00,131,1,9178
57041,2016-07-27,22:50:00,22,1,9637
57042,2016-07-27,23:05:00,223,4,6743
57043,2016-07-27,23:20:00,66,2,4324
57044,2016-07-27,23:22:00,247,4,2782
57045,2016-07-27,23:23:00,97,2,8162
57046,2016-07-27,23:25:00,213,2,9358
57047,2016-07-27,23:49:00,30,1,4176
57048,2016-07-27,23:49:00,248,2,1623
57049,2016-07-27,23:51:00,89,1,2792
57050,2016-07-27,23:57:00,132,1,1811
57051,2016-07-28,00:09:00,340,3,563
57052,2016-07-28,00:16:00,129,2,11525
57053,2016-07-28,00:18:00,261,2,1665
57054,2016-07-28,00:29:00,294,3,7020
57055,2016-07-28,00:35:00,347,2,8722
57056,2016-07-28,00:37:00,219,2,9602
57057,2016-07-28,00:39:00,437,2,5539
57058,2016-07-28,01:04:00,136,2,3815
57059,2016-07-28,01:09:00,47,1,6224
57060,2016-07-28,01:10:00,438,2,7764
57061,2016-07-28,01:14:00,155,1,8251
57062,2016-07-28,01:18:00,307,1,5352
57063,2016-07-28,01:27:00,457,3,1204
57064,2016-07-28,01:34:00,171,3,7291
57065,2016-07-28,01:36:00,128,3,9120
57066,2016-07-28,01:36:00,138,2,1875
57067,2016-07-28,01:41:00,310,2,7692
57068,2016-07-28,02:04:00,44,2,4532
57069,2016-07-28,02:09:00,92,1,9624
57070,2016-07-28,02:09:00,122,1,11600
57071,2016-07-28,02:10:00,362,1,4211
57072,2016-07-28,02:10:00,309,4,5874
57073,2016-07-28,02:16:00,259,3,2651
57074,2016-07-28,02:27:00,99,1,9833
57075,2016-07-28,02:29:00,231,2,2893
57076,2016-07-28,02:31:00,1,3,2843
57077,2016-07-28,02:33:00,255,1,6034
57078,2016-07-28,02:40:00,412,1,1362
57079,2016-07-28,02:46:00,295,3,9953
57080,2016-07-28,02:49:00,259,3,10480
57081,2016-07-28,03:03:00,36,1,2320
57082,2016-07-28,03:14:00,342,3,1232
57083,2016-07-28,03:14:00,94,2,1279
57084,2016-07-28,03:18:00,449,2,1933
57085,2016-07-28,03:19:00,443,2,4995
57086,2016-07-28,03:24:00,14,3,3725
57087,2016-07-28,03:25:00,413,2,11502
57088,2016-07-28,03:29:00,322,1,951
57089,2016-07-28,03:32:00,326,1,2217
57090,2016-07-28,03:38:00,331,3,3539
57091,2016-07-28,03:52:00,59,3,4602
57092,2016-07-28,03:58:00,40,3,5429
57093,2016-07-28,04:05:00,214,1,7356
57094,2016-07-28,04:16:00,84,1,7167
57095,2016-07-28,04:20:00,198,2,5496
57096,2016-07-28,04:24:00,361,1,6579
57097,2016-07-28,04:28:00,392,1,9175
57098,2016-07-28,04:35:00,61,2,4211
57099,2016-07-28,04:35:00,371,2,1624
57100,2016-07-28,04:36:00,230,4,4351
57101,2016-07-28,04:43:00,384,1,11029
57102,2016-07-28,04:46:00,406,4,8496
57103,2016-07-28,04:48:00,210,2,10140
57104,2016-07-28,04:49:00,381,1,10334
57105,2016-07-28,04:53:00,415,3,4690
57106,2016-07-28,04:55:00,212,2,8113
57107,2016-07-28,04:56:00,62,1,2208
57108,2016-07-28,04:58:00,359,1,2948
57109,2016-07-28,05:11:00,255,2,9502
57110,2016-07-28,05:12:00,213,1,11872
57111,2016-07-28,05:13:00,272,2,6147
57112,2016-07-28,05:19:00,265,2,5242
57113,2016-07-28,05:19:00,92,1,10513
57114,2016-07-28,05:22:00,328,3,10169
57115,2016-07-28,05:25:00,384,2,9506
57116,2016-07-28,05:27:00,262,5,5687
57117,2016-07-28,05:29:00,281,1,1900
57118,2016-07-28,05:33:00,385,1,6051
57119,2016-07-28,05:34:00,389,1,4219
57120,2016-07-28,05:35:00,36,2,5536
57121,2016-07-28,05:37:00,375,2,10456
57122,2016-07-28,05:43:00,6,2,8569
57123,2016-07-28,05:43:00,387,1,1720
57124,2016-07-28,05:47:00,331,3,4764
57125,2016-07-28,05:51:00,176,2,7116
57126,2016-07-28,05:53:00,279,1,5853
57127,2016-07-28,05:56:00,381,2,9273
57128,2016-07-28,06:00:00,5,1,768
57129,2016-07-28,06:00:00,125,4,4227
57130,2016-07-28,06:01:00,265,2,7802
57131,2016-07-28,06:03:00,177,2,11574
57132,2016-07-28,06:12:00,219,4,6390
57133,2016-07-28,06:13:00,25,3,7691
57134,2016-07-28,06:28:00,285,3,7801
57135,2016-07-28,06:30:00,187,1,1069
57136,2016-07-28,06:31:00,72,1,5529
57137,2016-07-28,06:32:00,213,1,339
57138,2016-07-28,06:41:00,216,1,7293
57139,2016-07-28,06:41:00,440,2,10130
57140,2016-07-28,06:43:00,108,3,7899
57141,2016-07-28,06:46:00,449,3,11907
57142,2016-07-28,06:49:00,257,1,8328
57143,2016-07-28,06:56:00,42,2,7419
57144,2016-07-28,07:04:00,97,2,11807
57145,2016-07-28,07:07:00,92,1,180
57146,2016-07-28,07:14:00,384,4,1611
57147,2016-07-28,07:14:00,378,2,7970
57148,2016-07-28,07:20:00,234,5,9847
57149,2016-07-28,07:22:00,362,1,11774
57150,2016-07-28,07:34:00,251,1,810
57151,2016-07-28,07:46:00,361,1,6815
57152,2016-07-28,07:47:00,14,1,10804
57153,2016-07-28,07:57:00,270,2,1909
57154,2016-07-28,08:17:00,395,3,5105
57155,2016-07-28,08:28:00,328,3,7604
57156,2016-07-28,08:45:00,28,2,11956
57157,2016-07-28,08:50:00,87,2,2644
57158,2016-07-28,09:01:00,377,1,10913
57159,2016-07-28,09:02:00,270,4,613
57160,2016-07-28,09:09:00,178,1,642
57161,2016-07-28,09:11:00,151,5,4297
57162,2016-07-28,09:12:00,299,2,9428
57163,2016-07-28,09:14:00,139,1,3111
57164,2016-07-28,09:27:00,264,1,6368
57165,2016-07-28,09:30:00,267,1,6050
57166,2016-07-28,09:30:00,11,2,10895
57167,2016-07-28,09:30:00,342,2,2595
57168,2016-07-28,09:42:00,187,2,10025
57169,2016-07-28,09:46:00,113,1,7903
57170,2016-07-28,09:47:00,62,3,4842
57171,2016-07-28,09:52:00,399,1,1975
57172,2016-07-28,09:58:00,239,2,5625
57173,2016-07-28,10:09:00,294,2,638
57174,2016-07-28,10:17:00,435,1,1364
57175,2016-07-28,10:21:00,74,3,1527
57176,2016-07-28,10:23:00,227,2,3190
57177,2016-07-28,10:27:00,152,1,4550
57178,2016-07-28,10:31:00,310,2,585
57179,2016-07-28,10:37:00,83,2,4074
57180,2016-07-28,10:40:00,173,1,1261
57181,2016-07-28,10:48:00,171,2,5267
57182,2016-07-28,10:49:00,334,2,4062
57183,2016-07-28,10:53:00,40,1,8192
57184,2016-07-28,10:56:00,249,2,11536
57185,2016-07-28,10:58:00,108,1,10685
57186,2016-07-28,11:00:00,352,2,6754
57187,2016-07-28,11:02:00,411,2,2643
57188,2016-07-28,11:03:00,74,1,6436
57189,2016-07-28,11:08:00,34,2,7319
57190,2016-07-28,11:12:00,315,3,172
57191,2016-07-28,11:14:00,312,3,10033
57192,2016-07-28,11:16:00,296,1,11939
57193,2016-07-28,11:28:00,186,2,957
57194,2016-07-28,11:33:00,275,1,3032
57195,2016-07-28,11:36:00,431,4,6544
57196,2016-07-28,11:43:00,194,1,10960
57197,2016-07-28,11:45:00,337,2,7158
57198,2016-07-28,11:57:00,379,2,10519
57199,2016-07-28,11:59:00,91,2,9927
57200,2016-07-28,12:04:00,396,4,3004
57201,2016-07-28,12:05:00,317,3,1269
57202,2016-07-28,12:12:00,53,4,6757
57203,2016-07-28,12:22:00,164,2,7216
57204,2016-07-28,12:27:00,220,1,6018
57205,2016-07-28,12:30:00,217,2,4520
57206,2016-07-28,12:34:00,229,1,3731
57207,2016-07-28,12:47:00,86,1,6764
57208,2016-07-28,12:51:00,242,3,6795
57209,2016-07-28,12:57:00,216,1,188
57210,2016-07-28,13:02:00,403,3,9733
57211,2016-07-28,13:03:00,458,1,5146
57212,2016-07-28,13:07:00,288,2,192
57213,2016-07-28,13:19:00,6,5,11463
57214,2016-07-28,13:21:00,177,6,1822
57215,2016-07-28,13:23:00,105,3,7791
57216,2016-07-28,13:27:00,353,1,4019
57217,2016-07-28,13:29:00,89,3,11162
57218,2016-07-28,13:30:00,221,1,8968
57219,2016-07-28,13:30:00,230,2,10163
57220,2016-07-28,13:32:00,112,1,2320
57221,2016-07-28,13:36:00,252,3,1567
57222,2016-07-28,13:42:00,324,4,6855
57223,2016-07-28,13:42:00,372,2,7091
57224,2016-07-28,13:48:00,415,2,11132
57225,2016-07-28,13:56:00,329,1,8039
57226,2016-07-28,14:00:00,181,3,5778
57227,2016-07-28,14:03:00,407,1,4136
57228,2016-07-28,14:15:00,213,2,1305
57229,2016-07-28,14:16:00,291,1,1803
57230,2016-07-28,14:24:00,335,2,2783
57231,2016-07-28,14:25:00,9,1,4483
57232,2016-07-28,14:26:00,305,1,2696
57233,2016-07-28,14:27:00,203,3,3774
57234,2016-07-28,14:28:00,121,3,7027
57235,2016-07-28,14:31:00,356,2,1815
57236,2016-07-28,14:36:00,110,1,10930
57237,2016-07-28,14:40:00,189,2,4562
57238,2016-07-28,14:42:00,297,3,1131
57239,2016-07-28,14:42:00,12,2,2862
57240,2016-07-28,14:47:00,296,3,9751
57241,2016-07-28,14:50:00,304,1,981
57242,2016-07-28,14:55:00,326,3,2097
57243,2016-07-28,14:56:00,277,4,3819
57244,2016-07-28,14:56:00,280,1,296
57245,2016-07-28,15:01:00,430,3,1362
57246,2016-07-28,15:03:00,325,2,8586
57247,2016-07-28,15:04:00,207,3,4868
57248,2016-07-28,15:08:00,79,2,6236
57249,2016-07-28,15:10:00,211,4,7978
57250,2016-07-28,15:11:00,244,2,935
57251,2016-07-28,15:13:00,15,1,1984
57252,2016-07-28,15:14:00,417,1,252
57253,2016-07-28,15:23:00,81,1,2564
57254,2016-07-28,15:24:00,74,3,4273
57255,2016-07-28,15:26:00,129,2,6204
57256,2016-07-28,15:29:00,19,2,7922
57257,2016-07-28,15:34:00,320,3,10434
57258,2016-07-28,15:42:00,295,3,4640
57259,2016-07-28,15:43:00,293,2,10208
57260,2016-07-28,15:45:00,45,2,1452
57261,2016-07-28,15:49:00,307,1,1823
57262,2016-07-28,15:53:00,100,1,7854
57263,2016-07-28,15:55:00,218,4,6509
57264,2016-07-28,15:56:00,59,1,11943
57265,2016-07-28,16:00:00,63,1,1292
57266,2016-07-28,16:05:00,277,3,10900
57267,2016-07-28,16:25:00,204,1,7287
57268,2016-07-28,16:29:00,11,2,1963
57269,2016-07-28,16:29:00,190,2,5530
57270,2016-07-28,16:31:00,345,2,10856
57271,2016-07-28,16:41:00,368,1,8575
57272,2016-07-28,16:43:00,448,1,2631
57273,2016-07-28,17:03:00,131,1,10187
57274,2016-07-28,17:06:00,233,2,9767
57275,2016-07-28,17:10:00,426,1,7438
57276,2016-07-28,17:12:00,179,1,1110
57277,2016-07-28,17:12:00,336,6,6103
57278,2016-07-28,17:16:00,43,3,10207
57279,2016-07-28,17:19:00,55,1,9546
57280,2016-07-28,17:21:00,314,2,8182
57281,2016-07-28,17:40:00,169,2,423
57282,2016-07-28,17:40:00,282,3,11112
57283,2016-07-28,17:45:00,250,3,6735
57284,2016-07-28,18:11:00,361,2,1810
57285,2016-07-28,18:13:00,175,1,3487
57286,2016-07-28,18:25:00,270,2,2161
57287,2016-07-28,18:26:00,51,2,7131
57288,2016-07-28,18:30:00,40,2,9474
57289,2016-07-28,18:30:00,450,1,7248
57290,2016-07-28,18:51:00,452,5,9045
57291,2016-07-28,18:53:00,135,2,9288
57292,2016-07-28,18:54:00,265,1,3983
57293,2016-07-28,19:01:00,307,1,9553
57294,2016-07-28,19:14:00,88,2,11081
57295,2016-07-28,19:15:00,208,1,3076
57296,2016-07-28,19:17:00,267,2,4262
57297,2016-07-28,19:19:00,350,2,5517
57298,2016-07-28,19:19:00,71,2,5980
57299,2016-07-28,19:20:00,184,1,8094
57300,2016-07-28,19:27:00,173,1,4135
57301,2016-07-28,19:33:00,438,3,3573
57302,2016-07-28,19:36:00,148,3,3643
57303,2016-07-28,19:37:00,286,1,2117
57304,2016-07-28,19:41:00,41,1,11565
57305,2016-07-28,19:42:00,243,2,7093
57306,2016-07-28,19:51:00,120,2,9836
57307,2016-07-28,19:53:00,55,2,1198
57308,2016-07-28,19:59:00,389,1,10443
57309,2016-07-28,20:05:00,5,1,969
57310,2016-07-28,20:11:00,393,1,8796
57311,2016-07-28,20:14:00,190,3,8379
57312,2016-07-28,20:28:00,450,2,11876
57313,2016-07-28,20:28:00,328,1,8429
57314,2016-07-28,20:29:00,391,2,3033
57315,2016-07-28,20:34:00,63,1,2534
57316,2016-07-28,20:39:00,16,2,9997
57317,2016-07-28,20:43:00,342,2,4195
57318,2016-07-28,20:45:00,266,1,3480
57319,2016-07-28,20:45:00,23,1,9173
57320,2016-07-28,20:53:00,439,1,5738
57321,2016-07-28,20:58:00,43,3,2941
57322,2016-07-28,20:59:00,93,1,1434
57323,2016-07-28,21:06:00,204,2,330
57324,2016-07-28,21:12:00,447,1,6760
57325,2016-07-28,21:14:00,121,2,11938
57326,2016-07-28,21:19:00,438,1,9903
57327,2016-07-28,21:19:00,117,2,2331
57328,2016-07-28,21:19:00,60,2,1241
57329,2016-07-28,21:23:00,413,2,11483
57330,2016-07-28,21:34:00,20,1,2440
57331,2016-07-28,21:38:00,221,2,4362
57332,2016-07-28,21:45:00,330,3,3452
57333,2016-07-28,21:50:00,265,2,9635
57334,2016-07-28,21:54:00,394,2,8331
57335,2016-07-28,22:01:00,393,2,8672
57336,2016-07-28,22:02:00,401,2,5629
57337,2016-07-28,22:10:00,353,1,1942
57338,2016-07-28,22:16:00,215,2,1400
57339,2016-07-28,22:18:00,154,1,6199
57340,2016-07-28,22:23:00,381,1,8203
57341,2016-07-28,22:24:00,171,2,9691
57342,2016-07-28,22:35:00,424,1,6628
57343,2016-07-28,22:35:00,129,1,1964
57344,2016-07-28,22:36:00,297,3,11265
57345,2016-07-28,22:48:00,325,1,7926
57346,2016-07-28,22:51:00,297,2,11539
57347,2016-07-28,22:54:00,415,1,7946
57348,2016-07-28,23:05:00,351,2,844
57349,2016-07-28,23:07:00,53,2,3959
57350,2016-07-28,23:10:00,293,4,11363
57351,2016-07-28,23:11:00,388,1,11951
57352,2016-07-28,23:12:00,14,2,5871
57353,2016-07-28,23:12:00,159,2,10764
57354,2016-07-28,23:18:00,157,3,8189
57355,2016-07-28,23:37:00,47,4,535
57356,2016-07-28,23:39:00,211,2,7383
57357,2016-07-28,23:53:00,84,1,8503
57358,2016-07-28,23:53:00,177,1,7526
57359,2016-07-28,23:55:00,203,2,10180
57360,2016-07-28,23:55:00,421,2,9175
57361,2016-07-29,00:03:00,249,1,4825
57362,2016-07-29,00:13:00,262,1,6418
57363,2016-07-29,00:16:00,79,4,1139
57364,2016-07-29,00:23:00,105,2,5296
57365,2016-07-29,00:26:00,123,1,6268
57366,2016-07-29,00:28:00,398,1,8258
57367,2016-07-29,00:29:00,121,2,7178
57368,2016-07-29,00:32:00,109,1,5203
57369,2016-07-29,00:32:00,368,2,599
57370,2016-07-29,00:36:00,23,3,6630
57371,2016-07-29,00:40:00,200,4,6382
57372,2016-07-29,00:42:00,356,2,4565
57373,2016-07-29,00:43:00,57,2,2022
57374,2016-07-29,00:46:00,254,4,1489
57375,2016-07-29,00:53:00,381,2,6578
57376,2016-07-29,00:54:00,389,4,8614
57377,2016-07-29,01:20:00,224,1,5096
57378,2016-07-29,01:22:00,199,1,709
57379,2016-07-29,01:28:00,393,2,2894
57380,2016-07-29,01:30:00,321,1,1293
57381,2016-07-29,01:41:00,254,2,4694
57382,2016-07-29,01:50:00,347,2,11006
57383,2016-07-29,01:57:00,161,6,4002
57384,2016-07-29,02:10:00,3,3,2738
57385,2016-07-29,02:21:00,7,1,5858
57386,2016-07-29,02:30:00,99,2,5196
57387,2016-07-29,02:40:00,261,3,9680
57388,2016-07-29,02:42:00,25,2,5955
57389,2016-07-29,02:42:00,19,1,8754
57390,2016-07-29,02:44:00,209,3,1269
57391,2016-07-29,02:45:00,28,2,5806
57392,2016-07-29,02:58:00,331,1,5536
57393,2016-07-29,02:59:00,366,1,3434
57394,2016-07-29,03:04:00,243,2,4315
57395,2016-07-29,03:08:00,143,1,9996
57396,2016-07-29,03:09:00,9,2,7657
57397,2016-07-29,03:30:00,91,2,6108
57398,2016-07-29,03:33:00,357,2,4623
57399,2016-07-29,03:43:00,70,1,10133
57400,2016-07-29,03:45:00,308,1,8988
57401,2016-07-29,03:47:00,105,5,10015
57402,2016-07-29,03:47:00,127,3,10254
57403,2016-07-29,03:51:00,165,1,7009
57404,2016-07-29,04:12:00,287,2,5274
57405,2016-07-29,04:21:00,216,2,10367
57406,2016-07-29,04:43:00,335,2,6990
57407,2016-07-29,04:48:00,420,2,398
57408,2016-07-29,04:57:00,258,2,565
57409,2016-07-29,05:02:00,450,3,4390
57410,2016-07-29,05:13:00,372,2,6173
57411,2016-07-29,05:21:00,236,1,3224
57412,2016-07-29,05:22:00,209,1,9322
57413,2016-07-29,05:22:00,428,1,7927
57414,2016-07-29,05:24:00,433,1,8660
57415,2016-07-29,05:25:00,346,2,5198
57416,2016-07-29,05:26:00,199,2,2490
57417,2016-07-29,05:27:00,62,2,8562
57418,2016-07-29,05:27:00,181,3,7860
57419,2016-07-29,05:34:00,164,2,10402
57420,2016-07-29,05:47:00,135,1,2451
57421,2016-07-29,05:53:00,261,1,8114
57422,2016-07-29,05:56:00,33,1,9495
57423,2016-07-29,05:59:00,122,4,4028
57424,2016-07-29,05:59:00,84,2,4811
57425,2016-07-29,06:01:00,173,2,11576
57426,2016-07-29,06:03:00,230,1,2714
57427,2016-07-29,06:08:00,450,1,3299
57428,2016-07-29,06:21:00,204,2,8085
57429,2016-07-29,06:22:00,268,2,10263
57430,2016-07-29,06:24:00,16,1,9958
57431,2016-07-29,06:29:00,427,4,9381
57432,2016-07-29,06:34:00,257,2,3417
57433,2016-07-29,06:37:00,198,3,7169
57434,2016-07-29,06:44:00,332,3,9735
57435,2016-07-29,06:51:00,30,1,2600
57436,2016-07-29,07:14:00,384,2,9814
57437,2016-07-29,07:17:00,256,1,7204
57438,2016-07-29,07:17:00,88,2,9511
57439,2016-07-29,07:18:00,43,3,9303
57440,2016-07-29,07:21:00,290,2,11757
57441,2016-07-29,07:23:00,300,2,467
57442,2016-07-29,07:27:00,104,3,4437
57443,2016-07-29,07:33:00,32,2,3925
57444,2016-07-29,07:38:00,282,1,946
57445,2016-07-29,07:41:00,154,1,669
57446,2016-07-29,07:41:00,410,1,6555
57447,2016-07-29,07:44:00,348,1,5019
57448,2016-07-29,07:52:00,346,3,41
57449,2016-07-29,07:57:00,50,2,2402
57450,2016-07-29,08:07:00,149,2,5237
57451,2016-07-29,08:13:00,67,1,4107
57452,2016-07-29,08:17:00,265,1,3548
57453,2016-07-29,08:20:00,370,1,28
57454,2016-07-29,08:21:00,171,2,11177
57455,2016-07-29,08:22:00,198,1,2718
57456,2016-07-29,08:27:00,14,3,10661
57457,2016-07-29,08:32:00,59,2,10538
57458,2016-07-29,08:41:00,436,2,9257
57459,2016-07-29,08:54:00,437,2,4395
57460,2016-07-29,09:00:00,371,3,3824
57461,2016-07-29,09:02:00,414,2,1711
57462,2016-07-29,09:04:00,106,1,903
57463,2016-07-29,09:06:00,375,1,748
57464,2016-07-29,09:13:00,181,3,1656
57465,2016-07-29,09:14:00,99,2,4651
57466,2016-07-29,09:29:00,33,1,9672
57467,2016-07-29,09:31:00,400,1,6937
57468,2016-07-29,09:50:00,424,4,10632
57469,2016-07-29,09:52:00,135,2,1859
57470,2016-07-29,09:55:00,5,1,642
57471,2016-07-29,09:58:00,133,2,5374
57472,2016-07-29,10:00:00,18,2,2780
57473,2016-07-29,10:05:00,220,3,2899
57474,2016-07-29,10:08:00,426,1,11007
57475,2016-07-29,10:10:00,283,3,4782
57476,2016-07-29,10:13:00,49,2,6976
57477,2016-07-29,10:14:00,189,2,2373
57478,2016-07-29,10:34:00,78,3,3381
57479,2016-07-29,10:35:00,8,4,9612
57480,2016-07-29,10:47:00,81,3,1127
57481,2016-07-29,10:52:00,267,1,5503
57482,2016-07-29,10:52:00,161,1,1870
57483,2016-07-29,10:56:00,8,3,4373
57484,2016-07-29,10:57:00,358,4,3413
57485,2016-07-29,10:57:00,95,1,11148
57486,2016-07-29,11:00:00,1,3,10411
57487,2016-07-29,11:08:00,242,2,1501
57488,2016-07-29,11:11:00,342,1,2963
57489,2016-07-29,11:17:00,299,3,9918
57490,2016-07-29,11:17:00,167,1,5480
57491,2016-07-29,11:23:00,199,1,2921
57492,2016-07-29,11:23:00,268,2,4943
57493,2016-07-29,11:24:00,376,1,2890
57494,2016-07-29,11:25:00,144,1,621
57495,2016-07-29,11:26:00,418,2,2579
57496,2016-07-29,11:36:00,433,3,335
57497,2016-07-29,11:36:00,60,3,2631
57498,2016-07-29,11:45:00,242,2,9617
57499,2016-07-29,11:59:00,176,3,2276
57500,2016-07-29,12:00:00,87,3,7353
57501,2016-07-29,12:02:00,6,6,676
57502,2016-07-29,12:05:00,201,2,11151
57503,2016-07-29,12:09:00,341,4,2
57504,2016-07-29,12:32:00,196,1,8129
57505,2016-07-29,12:48:00,76,2,9457
57506,2016-07-29,12:50:00,229,1,836
57507,2016-07-29,12:55:00,231,3,5588
57508,2016-07-29,12:58:00,399,1,10025
57509,2016-07-29,12:59:00,10,3,2417
57510,2016-07-29,13:04:00,245,4,11369
57511,2016-07-29,13:08:00,198,2,9357
57512,2016-07-29,13:08:00,199,1,6829
57513,2016-07-29,13:12:00,32,2,10100
57514,2016-07-29,13:17:00,392,1,9115
57515,2016-07-29,13:20:00,247,2,6378
57516,2016-07-29,13:25:00,49,2,11895
57517,2016-07-29,13:40:00,54,2,5512
57518,2016-07-29,13:44:00,436,4,2025
57519,2016-07-29,13:44:00,349,3,523
57520,2016-07-29,13:57:00,314,2,4752
57521,2016-07-29,13:58:00,246,2,8858
57522,2016-07-29,13:59:00,383,1,4436
57523,2016-07-29,14:07:00,149,5,4105
57524,2016-07-29,14:11:00,214,3,1390
57525,2016-07-29,14:20:00,134,1,7048
57526,2016-07-29,14:22:00,120,3,11582
57527,2016-07-29,14:34:00,382,1,449
57528,2016-07-29,14:40:00,184,3,1796
57529,2016-07-29,14:42:00,435,2,4933
57530,2016-07-29,14:42:00,439,1,8148
57531,2016-07-29,14:52:00,78,2,4043
57532,2016-07-29,14:59:00,343,1,8322
57533,2016-07-29,15:05:00,58,2,4103
57534,2016-07-29,15:06:00,113,4,498
57535,2016-07-29,15:14:00,186,3,3007
57536,2016-07-29,15:26:00,265,2,4812
57537,2016-07-29,15:35:00,56,2,9429
57538,2016-07-29,15:36:00,172,1,11154
57539,2016-07-29,15:42:00,379,1,6158
57540,2016-07-29,15:44:00,101,1,10772
57541,2016-07-29,15:47:00,215,2,10378
57542,2016-07-29,15:55:00,224,3,2502
57543,2016-07-29,15:57:00,455,1,8084
57544,2016-07-29,15:58:00,74,4,910
57545,2016-07-29,16:16:00,194,3,641
57546,2016-07-29,16:16:00,26,1,11188
57547,2016-07-29,16:27:00,263,2,5746
57548,2016-07-29,16:42:00,199,4,5804
57549,2016-07-29,16:42:00,97,2,5623
57550,2016-07-29,16:43:00,206,2,9813
57551,2016-07-29,16:54:00,176,1,4242
57552,2016-07-29,16:57:00,153,1,6138
57553,2016-07-29,17:06:00,275,1,296
57554,2016-07-29,17:10:00,41,2,6370
57555,2016-07-29,17:13:00,21,1,3096
57556,2016-07-29,17:16:00,52,3,8251
57557,2016-07-29,17:16:00,73,1,11657
57558,2016-07-29,17:19:00,252,3,11750
57559,2016-07-29,17:56:00,197,1,4041
57560,2016-07-29,18:04:00,86,1,678
57561,2016-07-29,18:05:00,225,4,2482
57562,2016-07-29,18:05:00,33,2,4957
57563,2016-07-29,18:08:00,84,3,991
57564,2016-07-29,18:08:00,363,3,7089
57565,2016-07-29,18:24:00,423,1,1354
57566,2016-07-29,18:24:00,171,3,3392
57567,2016-07-29,18:33:00,130,3,5749
57568,2016-07-29,18:39:00,236,2,8452
57569,2016-07-29,18:39:00,329,1,9639
57570,2016-07-29,18:40:00,369,2,1568
57571,2016-07-29,18:42:00,389,2,8783
57572,2016-07-29,18:43:00,216,3,11603
57573,2016-07-29,18:49:00,219,2,4778
57574,2016-07-29,18:58:00,246,1,9553
57575,2016-07-29,18:59:00,346,1,10915
57576,2016-07-29,19:04:00,232,1,3279
57577,2016-07-29,19:05:00,395,3,2600
57578,2016-07-29,19:06:00,35,2,1993
57579,2016-07-29,19:07:00,30,2,2168
57580,2016-07-29,19:09:00,219,1,4642
57581,2016-07-29,19:21:00,170,1,6026
57582,2016-07-29,19:39:00,414,1,4656
57583,2016-07-29,19:57:00,404,5,5595
57584,2016-07-29,19:59:00,134,1,2290
57585,2016-07-29,20:01:00,413,1,6875
57586,2016-07-29,20:09:00,159,1,6365
57587,2016-07-29,20:16:00,253,1,2664
57588,2016-07-29,20:20:00,218,1,4771
57589,2016-07-29,20:21:00,52,3,4093
57590,2016-07-29,20:26:00,106,3,8018
57591,2016-07-29,20:28:00,204,3,1756
57592,2016-07-29,20:32:00,279,2,7293
57593,2016-07-29,20:39:00,39,3,1562
57594,2016-07-29,20:51:00,2,3,2172
57595,2016-07-29,20:56:00,79,2,7368
57596,2016-07-29,20:56:00,421,2,3472
57597,2016-07-29,20:58:00,450,2,10064
57598,2016-07-29,21:03:00,351,2,7543
57599,2016-07-29,21:06:00,272,2,9041
57600,2016-07-29,21:07:00,308,1,10599
57601,2016-07-29,21:11:00,22,3,8510
57602,2016-07-29,21:14:00,368,1,6093
57603,2016-07-29,21:14:00,367,2,9198
57604,2016-07-29,21:15:00,200,1,6949
57605,2016-07-29,21:17:00,331,2,8042
57606,2016-07-29,21:19:00,375,1,11731
57607,2016-07-29,21:25:00,320,4,8247
57608,2016-07-29,21:30:00,314,1,188
57609,2016-07-29,21:36:00,324,2,10633
57610,2016-07-29,21:37:00,199,3,6982
57611,2016-07-29,21:42:00,137,2,3824
57612,2016-07-29,21:43:00,134,3,11219
57613,2016-07-29,21:45:00,60,3,7322
57614,2016-07-29,21:45:00,369,1,6930
57615,2016-07-29,21:46:00,17,3,5610
57616,2016-07-29,21:47:00,42,2,2862
57617,2016-07-29,21:54:00,152,1,7212
57618,2016-07-29,21:55:00,358,2,11597
57619,2016-07-29,21:56:00,119,1,6281
57620,2016-07-29,21:58:00,118,4,9222
57621,2016-07-29,22:05:00,345,1,2926
57622,2016-07-29,22:16:00,359,2,11596
57623,2016-07-29,22:19:00,69,3,5605
57624,2016-07-29,22:21:00,126,1,7690
57625,2016-07-29,22:28:00,86,1,9752
57626,2016-07-29,22:35:00,245,2,5630
57627,2016-07-29,22:48:00,27,2,4852
57628,2016-07-29,22:50:00,424,1,10479
57629,2016-07-29,22:54:00,312,3,2830
57630,2016-07-29,22:59:00,196,4,10048
57631,2016-07-29,23:01:00,289,1,4428
57632,2016-07-29,23:15:00,86,3,1317
57633,2016-07-29,23:15:00,141,1,442
57634,2016-07-29,23:19:00,260,1,6026
57635,2016-07-29,23:19:00,363,1,5294
57636,2016-07-29,23:19:00,400,2,10051
57637,2016-07-29,23:28:00,80,4,2052
57638,2016-07-29,23:31:00,85,3,427
57639,2016-07-29,23:32:00,253,1,1344
57640,2016-07-29,23:33:00,403,2,6348
57641,2016-07-29,23:38:00,360,2,1296
57642,2016-07-29,23:42:00,384,2,5390
57643,2016-07-29,23:49:00,397,1,66
57644,2016-07-29,23:59:00,266,2,3677
57645,2016-07-30,00:05:00,240,5,5715
57646,2016-07-30,00:10:00,245,3,6316
57647,2016-07-30,00:16:00,456,2,6867
57648,2016-07-30,00:29:00,373,2,3053
57649,2016-07-30,00:30:00,34,2,4696
57650,2016-07-30,00:30:00,222,2,1854
57651,2016-07-30,00:37:00,448,1,8784
57652,2016-07-30,00:37:00,341,2,8974
57653,2016-07-30,00:39:00,192,2,7648
57654,2016-07-30,00:48:00,310,1,4621
57655,2016-07-30,00:48:00,59,3,10671
57656,2016-07-30,00:51:00,99,1,2228
57657,2016-07-30,00:52:00,307,1,6172
57658,2016-07-30,01:01:00,199,2,542
57659,2016-07-30,01:04:00,354,2,1511
57660,2016-07-30,01:17:00,301,2,10101
57661,2016-07-30,01:19:00,424,2,2782
57662,2016-07-30,01:23:00,323,1,7682
57663,2016-07-30,01:24:00,172,2,5674
57664,2016-07-30,01:26:00,60,1,7967
57665,2016-07-30,01:27:00,140,2,5539
57666,2016-07-30,01:27:00,243,1,2283
57667,2016-07-30,01:28:00,67,1,2013
57668,2016-07-30,01:32:00,445,1,9411
57669,2016-07-30,01:36:00,277,1,6520
57670,2016-07-30,01:41:00,306,1,10955
57671,2016-07-30,01:42:00,286,5,8529
57672,2016-07-30,01:44:00,359,1,3264
57673,2016-07-30,01:59:00,167,3,444
57674,2016-07-30,02:11:00,240,3,7274
57675,2016-07-30,02:12:00,257,3,10028
57676,2016-07-30,02:13:00,366,3,10832
57677,2016-07-30,02:15:00,107,2,2123
57678,2016-07-30,02:16:00,221,1,2325
57679,2016-07-30,02:18:00,351,2,2439
57680,2016-07-30,02:24:00,55,1,3244
57681,2016-07-30,02:32:00,48,1,5224
57682,2016-07-30,02:34:00,313,1,6270
57683,2016-07-30,02:37:00,254,2,562
57684,2016-07-30,02:37:00,74,2,2903
57685,2016-07-30,02:41:00,380,4,8423
57686,2016-07-30,02:43:00,407,5,8003
57687,2016-07-30,02:43:00,110,2,10139
57688,2016-07-30,02:53:00,190,2,6046
57689,2016-07-30,02:54:00,34,1,8706
57690,2016-07-30,02:58:00,348,1,10676
57691,2016-07-30,02:59:00,179,1,8410
57692,2016-07-30,03:03:00,66,1,2665
57693,2016-07-30,03:07:00,212,3,72
57694,2016-07-30,03:18:00,317,1,10279
57695,2016-07-30,03:28:00,215,2,11964
57696,2016-07-30,03:29:00,267,2,9652
57697,2016-07-30,03:29:00,271,1,5730
57698,2016-07-30,03:35:00,99,3,1528
57699,2016-07-30,03:36:00,39,2,11675
57700,2016-07-30,03:38:00,219,2,5964
57701,2016-07-30,03:43:00,23,2,5840
57702,2016-07-30,03:43:00,114,2,506
57703,2016-07-30,03:52:00,65,1,78
57704,2016-07-30,04:03:00,98,1,2660
57705,2016-07-30,04:03:00,180,2,10459
57706,2016-07-30,04:04:00,170,1,6255
57707,2016-07-30,04:07:00,247,2,2644
57708,2016-07-30,04:17:00,304,1,1420
57709,2016-07-30,04:17:00,150,3,4275
57710,2016-07-30,04:20:00,10,3,10652
57711,2016-07-30,04:20:00,431,1,7938
57712,2016-07-30,04:32:00,202,2,7624
57713,2016-07-30,04:37:00,440,1,11850
57714,2016-07-30,04:38:00,351,1,9769
57715,2016-07-30,04:43:00,267,2,9972
57716,2016-07-30,04:50:00,318,1,6274
57717,2016-07-30,04:53:00,410,2,11048
57718,2016-07-30,04:57:00,130,2,4338
57719,2016-07-30,04:59:00,16,3,5022
57720,2016-07-30,04:59:00,123,1,7659
57721,2016-07-30,04:59:00,92,4,10495
57722,2016-07-30,05:01:00,80,2,10724
57723,2016-07-30,05:03:00,79,3,2440
57724,2016-07-30,05:08:00,147,1,1272
57725,2016-07-30,05:12:00,412,1,214
57726,2016-07-30,05:14:00,294,2,10111
57727,2016-07-30,05:26:00,451,3,7060
57728,2016-07-30,05:36:00,214,2,11835
57729,2016-07-30,05:40:00,87,2,9531
57730,2016-07-30,05:52:00,336,3,930
57731,2016-07-30,06:13:00,299,2,1725
57732,2016-07-30,06:15:00,59,1,1218
57733,2016-07-30,06:18:00,4,1,5151
57734,2016-07-30,06:22:00,130,1,211
57735,2016-07-30,06:34:00,81,2,7326
57736,2016-07-30,06:34:00,170,3,8511
57737,2016-07-30,06:38:00,89,3,8859
57738,2016-07-30,06:39:00,88,1,8273
57739,2016-07-30,06:41:00,240,4,5264
57740,2016-07-30,06:42:00,173,2,8342
57741,2016-07-30,06:43:00,346,2,8948
57742,2016-07-30,07:03:00,190,2,3994
57743,2016-07-30,07:05:00,357,3,3931
57744,2016-07-30,07:06:00,435,3,7897
57745,2016-07-30,07:06:00,160,3,6217
57746,2016-07-30,07:15:00,2,2,10940
57747,2016-07-30,07:17:00,178,4,1071
57748,2016-07-30,07:17:00,247,1,9673
57749,2016-07-30,07:20:00,204,1,9480
57750,2016-07-30,07:29:00,224,1,895
57751,2016-07-30,07:35:00,333,1,3529
57752,2016-07-30,07:39:00,132,2,942
57753,2016-07-30,07:43:00,108,2,6005
57754,2016-07-30,07:46:00,3,4,5147
57755,2016-07-30,07:59:00,386,1,2330
57756,2016-07-30,08:04:00,436,2,4526
57757,2016-07-30,08:06:00,71,2,4381
57758,2016-07-30,08:09:00,224,2,1026
57759,2016-07-30,08:15:00,59,2,8324
57760,2016-07-30,08:18:00,327,1,10249
57761,2016-07-30,08:22:00,101,2,11894
57762,2016-07-30,08:28:00,231,2,5
57763,2016-07-30,08:29:00,78,1,9175
57764,2016-07-30,08:33:00,139,1,7701
57765,2016-07-30,08:36:00,231,2,10190
57766,2016-07-30,08:37:00,107,2,1451
57767,2016-07-30,08:46:00,322,2,2134
57768,2016-07-30,08:52:00,30,1,2900
57769,2016-07-30,09:02:00,351,2,551
57770,2016-07-30,09:13:00,308,2,455
57771,2016-07-30,09:15:00,157,2,8802
57772,2016-07-30,09:23:00,182,1,9028
57773,2016-07-30,09:39:00,117,1,6692
57774,2016-07-30,09:46:00,147,2,6442
57775,2016-07-30,09:49:00,274,1,3984
57776,2016-07-30,09:59:00,195,2,8960
57777,2016-07-30,10:05:00,383,1,11901
57778,2016-07-30,10:09:00,382,3,7353
57779,2016-07-30,10:15:00,43,2,66
57780,2016-07-30,10:27:00,173,3,11642
57781,2016-07-30,10:27:00,183,1,10309
57782,2016-07-30,10:28:00,180,1,10399
57783,2016-07-30,10:28:00,123,1,7133
57784,2016-07-30,10:43:00,36,2,3477
57785,2016-07-30,10:46:00,304,3,5775
57786,2016-07-30,10:47:00,119,2,1844
57787,2016-07-30,10:48:00,357,2,5360
57788,2016-07-30,11:00:00,105,1,7486
57789,2016-07-30,11:03:00,251,2,10629
57790,2016-07-30,11:10:00,218,1,1689
57791,2016-07-30,11:11:00,441,3,11787
57792,2016-07-30,11:13:00,19,1,1978
57793,2016-07-30,11:26:00,426,2,4122
57794,2016-07-30,11:31:00,82,1,5720
57795,2016-07-30,11:38:00,284,1,3107
57796,2016-07-30,11:38:00,65,1,11582
57797,2016-07-30,11:39:00,86,1,11767
57798,2016-07-30,11:43:00,275,1,6235
57799,2016-07-30,11:47:00,350,2,10583
57800,2016-07-30,11:49:00,355,1,7882
57801,2016-07-30,11:49:00,449,2,856
57802,2016-07-30,11:55:00,300,2,10753
57803,2016-07-30,11:57:00,357,1,9473
57804,2016-07-30,12:03:00,355,2,10509
57805,2016-07-30,12:05:00,251,3,4395
57806,2016-07-30,12:05:00,276,1,1761
57807,2016-07-30,12:09:00,451,3,9143
57808,2016-07-30,12:11:00,408,2,4704
57809,2016-07-30,12:12:00,397,2,1139
57810,2016-07-30,12:23:00,160,2,1371
57811,2016-07-30,12:24:00,400,2,2097
57812,2016-07-30,12:24:00,401,1,6488
57813,2016-07-30,12:25:00,347,1,6875
57814,2016-07-30,12:28:00,107,2,7897
57815,2016-07-30,12:36:00,66,2,11800
57816,2016-07-30,12:38:00,453,2,6354
57817,2016-07-30,12:44:00,316,2,7129
57818,2016-07-30,12:44:00,55,1,4110
57819,2016-07-30,12:45:00,262,1,1985
57820,2016-07-30,12:56:00,456,3,11144
57821,2016-07-30,13:02:00,51,1,765
57822,2016-07-30,13:10:00,44,1,2085
57823,2016-07-30,13:21:00,251,3,1355
57824,2016-07-30,13:26:00,32,1,10477
57825,2016-07-30,13:28:00,257,3,4693
57826,2016-07-30,13:31:00,245,1,11399
57827,2016-07-30,13:35:00,380,5,4906
57828,2016-07-30,13:37:00,352,1,4972
57829,2016-07-30,13:38:00,298,1,9322
57830,2016-07-30,13:41:00,173,4,8718
57831,2016-07-30,13:51:00,191,1,11093
57832,2016-07-30,14:11:00,404,1,1047
57833,2016-07-30,14:11:00,132,1,5340
57834,2016-07-30,14:20:00,305,2,1713
57835,2016-07-30,14:44:00,343,2,2627
57836,2016-07-30,14:45:00,454,2,3844
57837,2016-07-30,14:52:00,8,3,2077
57838,2016-07-30,15:02:00,364,1,4858
57839,2016-07-30,15:10:00,347,2,8074
57840,2016-07-30,15:11:00,422,2,9335
57841,2016-07-30,15:13:00,253,1,6985
57842,2016-07-30,15:23:00,97,1,10179
57843,2016-07-30,15:30:00,300,3,8541
57844,2016-07-30,15:35:00,368,3,2506
57845,2016-07-30,15:42:00,242,3,462
57846,2016-07-30,15:50:00,372,1,7101
57847,2016-07-30,15:51:00,95,2,2395
57848,2016-07-30,15:52:00,198,1,2518
57849,2016-07-30,16:05:00,293,4,3620
57850,2016-07-30,16:13:00,421,2,10978
57851,2016-07-30,16:13:00,248,3,7775
57852,2016-07-30,16:13:00,24,1,1874
57853,2016-07-30,16:17:00,288,1,11641
57854,2016-07-30,16:30:00,193,2,5930
57855,2016-07-30,16:30:00,153,2,10869
57856,2016-07-30,16:37:00,429,2,11823
57857,2016-07-30,16:38:00,32,1,7319
57858,2016-07-30,16:55:00,256,1,9575
57859,2016-07-30,16:58:00,302,2,7309
57860,2016-07-30,16:59:00,247,3,5096
57861,2016-07-30,17:15:00,112,2,6353
57862,2016-07-30,17:19:00,168,1,1576
57863,2016-07-30,17:22:00,49,4,6254
57864,2016-07-30,17:23:00,59,4,9595
57865,2016-07-30,17:46:00,182,2,2404
57866,2016-07-30,17:49:00,405,1,9455
57867,2016-07-30,17:50:00,183,2,10371
57868,2016-07-30,17:52:00,29,3,11807
57869,2016-07-30,17:54:00,225,2,6739
57870,2016-07-30,17:58:00,365,3,11241
57871,2016-07-30,18:03:00,173,3,6447
57872,2016-07-30,18:27:00,382,2,9699
57873,2016-07-30,18:32:00,79,3,553
57874,2016-07-30,18:34:00,116,2,1944
57875,2016-07-30,18:43:00,399,1,6239
57876,2016-07-30,18:48:00,257,2,364
57877,2016-07-30,18:58:00,111,3,7169
57878,2016-07-30,19:04:00,101,4,11815
57879,2016-07-30,19:08:00,54,3,229
57880,2016-07-30,19:22:00,415,3,8598
57881,2016-07-30,19:30:00,199,1,2752
57882,2016-07-30,19:40:00,353,2,11679
57883,2016-07-30,20:26:00,88,3,10392
57884,2016-07-30,20:40:00,191,1,11761
57885,2016-07-30,20:46:00,257,3,5510
57886,2016-07-30,20:50:00,413,2,1472
57887,2016-07-30,20:56:00,62,4,9418
57888,2016-07-30,20:59:00,262,1,6303
57889,2016-07-30,21:00:00,212,1,9466
57890,2016-07-30,21:24:00,369,2,5029
57891,2016-07-30,21:46:00,57,1,6200
57892,2016-07-30,21:47:00,134,1,9927
57893,2016-07-30,21:53:00,359,1,7921
57894,2016-07-30,22:00:00,55,1,1290
57895,2016-07-30,22:01:00,10,1,4382
57896,2016-07-30,22:06:00,154,4,2168
57897,2016-07-30,22:08:00,292,3,6718
57898,2016-07-30,22:10:00,320,1,2949
57899,2016-07-30,22:17:00,137,1,11613
57900,2016-07-30,22:18:00,101,3,93
57901,2016-07-30,22:21:00,357,1,6538
57902,2016-07-30,22:26:00,266,4,11923
57903,2016-07-30,22:28:00,43,2,5143
57904,2016-07-30,22:32:00,448,2,3674
57905,2016-07-30,22:32:00,395,2,5704
57906,2016-07-30,22:39:00,104,1,3854
57907,2016-07-30,22:39:00,48,1,476
57908,2016-07-30,22:43:00,9,3,1176
57909,2016-07-30,22:45:00,385,3,2224
57910,2016-07-30,22:48:00,188,2,7733
57911,2016-07-30,22:49:00,268,3,8749
57912,2016-07-30,22:51:00,309,2,5947
57913,2016-07-30,23:01:00,340,4,10724
57914,2016-07-30,23:14:00,309,3,4594
57915,2016-07-30,23:17:00,154,2,6045
57916,2016-07-30,23:21:00,400,1,8010
57917,2016-07-30,23:30:00,330,1,278
57918,2016-07-30,23:33:00,77,4,4501
57919,2016-07-30,23:38:00,47,2,3083
57920,2016-07-30,23:46:00,375,2,5765
57921,2016-07-30,23:47:00,241,1,7168
57922,2016-07-30,23:48:00,138,1,8718
57923,2016-07-30,23:49:00,192,2,5821
57924,2016-07-30,23:50:00,181,3,8977
57925,2016-07-30,23:50:00,266,1,11859
57926,2016-07-30,23:51:00,157,2,5339
57927,2016-07-30,23:53:00,49,1,6131
57928,2016-07-30,23:53:00,80,1,483
57929,2016-07-30,23:58:00,374,1,9394
57930,2016-07-31,00:04:00,138,1,3790
57931,2016-07-31,00:04:00,30,2,7817
57932,2016-07-31,00:06:00,273,1,8721
57933,2016-07-31,00:09:00,392,2,10075
57934,2016-07-31,00:18:00,164,2,11736
57935,2016-07-31,00:25:00,413,3,5609
57936,2016-07-31,00:29:00,181,1,3047
57937,2016-07-31,00:31:00,97,1,6123
57938,2016-07-31,00:35:00,184,1,5010
57939,2016-07-31,00:37:00,420,1,2329
57940,2016-07-31,00:48:00,45,2,5032
57941,2016-07-31,00:58:00,291,1,10891
57942,2016-07-31,00:59:00,59,4,3151
57943,2016-07-31,01:04:00,272,4,10355
57944,2016-07-31,01:06:00,49,1,8111
57945,2016-07-31,01:12:00,432,3,747
57946,2016-07-31,01:17:00,97,1,6502
57947,2016-07-31,01:29:00,258,2,2813
57948,2016-07-31,01:33:00,434,3,2943
57949,2016-07-31,01:34:00,361,1,5186
57950,2016-07-31,01:39:00,224,2,1029
57951,2016-07-31,01:39:00,195,1,8490
57952,2016-07-31,01:41:00,260,2,10138
57953,2016-07-31,01:47:00,282,2,11098
57954,2016-07-31,01:56:00,409,2,778
57955,2016-07-31,02:00:00,396,2,9425
57956,2016-07-31,02:04:00,457,5,8115
57957,2016-07-31,02:05:00,347,1,6582
57958,2016-07-31,02:21:00,183,2,10782
57959,2016-07-31,02:27:00,251,2,8583
57960,2016-07-31,02:28:00,84,2,9551
57961,2016-07-31,02:30:00,44,2,10111
57962,2016-07-31,02:38:00,312,1,9860
57963,2016-07-31,02:49:00,71,2,11145
57964,2016-07-31,02:54:00,454,3,8641
57965,2016-07-31,03:22:00,334,1,10252
57966,2016-07-31,03:25:00,175,3,3082
57967,2016-07-31,03:28:00,204,2,1762
57968,2016-07-31,03:30:00,267,1,10157
57969,2016-07-31,03:43:00,100,2,11155
57970,2016-07-31,03:45:00,83,2,11272
57971,2016-07-31,03:47:00,450,1,11828
57972,2016-07-31,03:49:00,97,3,7413
57973,2016-07-31,03:53:00,437,3,215
57974,2016-07-31,03:57:00,314,3,11307
57975,2016-07-31,03:59:00,320,1,4114
57976,2016-07-31,04:07:00,185,1,4595
57977,2016-07-31,04:19:00,32,2,10641
57978,2016-07-31,04:21:00,454,2,303
57979,2016-07-31,04:23:00,127,2,11639
57980,2016-07-31,04:26:00,386,2,9337
57981,2016-07-31,04:36:00,328,3,3090
57982,2016-07-31,04:36:00,400,1,10175
57983,2016-07-31,04:36:00,447,1,271
57984,2016-07-31,04:39:00,190,1,1259
57985,2016-07-31,04:41:00,331,2,10621
57986,2016-07-31,04:54:00,99,3,3068
57987,2016-07-31,05:11:00,252,3,350
57988,2016-07-31,05:14:00,240,4,11645
57989,2016-07-31,05:19:00,453,1,7331
57990,2016-07-31,05:23:00,137,5,4831
57991,2016-07-31,05:29:00,307,1,7203
57992,2016-07-31,05:30:00,309,2,3838
57993,2016-07-31,05:31:00,399,1,10970
57994,2016-07-31,05:35:00,255,3,2053
57995,2016-07-31,05:48:00,341,4,9884
57996,2016-07-31,06:03:00,457,1,4378
57997,2016-07-31,06:08:00,129,1,758
57998,2016-07-31,06:08:00,135,1,8841
57999,2016-07-31,06:12:00,390,3,5723
58000,2016-07-31,06:21:00,105,2,7713
58001,2016-07-31,06:28:00,115,4,1446
58002,2016-07-31,06:29:00,113,3,5468
58003,2016-07-31,07:00:00,33,3,4597
58004,2016-07-31,07:18:00,353,3,10212
58005,2016-07-31,07:21:00,184,2,3016
58006,2016-07-31,07:25:00,76,1,10427
58007,2016-07-31,07:25:00,390,1,5133
58008,2016-07-31,07:26:00,194,4,4099
58009,2016-07-31,07:35:00,423,2,7770
58010,2016-07-31,07:46:00,268,1,10096
58011,2016-07-31,07:49:00,311,4,10921
58012,2016-07-31,08:05:00,2,6,1264
58013,2016-07-31,08:15:00,260,1,9049
58014,2016-07-31,08:21:00,165,4,1348
58015,2016-07-31,08:25:00,381,2,4368
58016,2016-07-31,08:29:00,114,2,7930
58017,2016-07-31,08:32:00,243,3,4763
58018,2016-07-31,08:38:00,169,1,6302
58019,2016-07-31,08:48:00,123,3,7191
58020,2016-07-31,08:57:00,71,3,315
58021,2016-07-31,08:59:00,17,2,6328
58022,2016-07-31,09:02:00,355,2,5151
58023,2016-07-31,09:06:00,27,3,4845
58024,2016-07-31,09:18:00,257,2,1055
58025,2016-07-31,09:20:00,138,2,804
58026,2016-07-31,09:27:00,255,2,4336
58027,2016-07-31,09:28:00,352,2,3993
58028,2016-07-31,09:30:00,120,1,7919
58029,2016-07-31,09:31:00,365,2,10016
58030,2016-07-31,09:32:00,379,1,1274
58031,2016-07-31,09:47:00,294,2,10978
58032,2016-07-31,09:52:00,261,1,3380
58033,2016-07-31,09:54:00,43,1,9630
58034,2016-07-31,09:58:00,175,1,8606
58035,2016-07-31,10:11:00,86,2,652
58036,2016-07-31,10:12:00,266,2,3511
58037,2016-07-31,10:22:00,412,3,1651
58038,2016-07-31,10:29:00,384,2,468
58039,2016-07-31,10:35:00,264,2,242
58040,2016-07-31,10:35:00,19,4,3246
58041,2016-07-31,10:40:00,426,3,6138
58042,2016-07-31,10:46:00,330,2,9989
58043,2016-07-31,10:48:00,458,2,3653
58044,2016-07-31,10:51:00,299,2,6374
58045,2016-07-31,10:53:00,388,3,2657
58046,2016-07-31,11:04:00,129,1,4486
58047,2016-07-31,11:16:00,178,1,10733
58048,2016-07-31,11:16:00,202,1,3656
58049,2016-07-31,11:22:00,260,2,859
58050,2016-07-31,11:25:00,438,2,4123
58051,2016-07-31,11:26:00,86,1,9027
58052,2016-07-31,11:32:00,248,2,11540
58053,2016-07-31,11:43:00,25,2,1531
58054,2016-07-31,11:49:00,44,2,11604
58055,2016-07-31,11:59:00,434,1,4187
58056,2016-07-31,12:05:00,98,3,8626
58057,2016-07-31,12:07:00,320,2,3952
58058,2016-07-31,12:11:00,35,1,8506
58059,2016-07-31,12:16:00,244,2,1935
58060,2016-07-31,12:19:00,202,1,5297
58061,2016-07-31,12:23:00,312,1,3038
58062,2016-07-31,12:29:00,150,2,11175
58063,2016-07-31,12:34:00,448,2,5001
58064,2016-07-31,12:34:00,239,2,9914
58065,2016-07-31,12:38:00,131,2,10409
58066,2016-07-31,12:52:00,168,1,7044
58067,2016-07-31,12:56:00,262,1,7489
58068,2016-07-31,13:02:00,135,2,9949
58069,2016-07-31,13:03:00,151,1,1407
58070,2016-07-31,13:03:00,251,4,7786
58071,2016-07-31,13:09:00,298,1,9191
58072,2016-07-31,13:12:00,299,3,11574
58073,2016-07-31,13:12:00,354,3,10252
58074,2016-07-31,13:25:00,383,2,10758
58075,2016-07-31,13:27:00,31,3,5728
58076,2016-07-31,13:28:00,116,1,5048
58077,2016-07-31,13:35:00,367,1,2755
58078,2016-07-31,13:39:00,457,2,3064
58079,2016-07-31,13:39:00,422,1,275
58080,2016-07-31,13:53:00,96,1,4876
58081,2016-07-31,13:56:00,311,3,4881
58082,2016-07-31,13:56:00,413,1,3522
58083,2016-07-31,14:01:00,322,1,1117
58084,2016-07-31,14:05:00,283,2,4609
58085,2016-07-31,14:07:00,69,1,243
58086,2016-07-31,14:07:00,244,1,305
58087,2016-07-31,14:15:00,305,2,5220
58088,2016-07-31,14:29:00,252,3,4533
58089,2016-07-31,14:33:00,271,3,1195
58090,2016-07-31,14:34:00,51,1,4676
58091,2016-07-31,14:47:00,365,2,1399
58092,2016-07-31,14:54:00,261,2,2848
58093,2016-07-31,14:54:00,170,1,9944
58094,2016-07-31,14:55:00,110,2,10527
58095,2016-07-31,15:00:00,456,2,1140
58096,2016-07-31,15:00:00,446,2,431
58097,2016-07-31,15:03:00,100,2,4117
58098,2016-07-31,15:09:00,166,2,4648
58099,2016-07-31,15:11:00,305,2,9720
58100,2016-07-31,15:12:00,402,1,338
58101,2016-07-31,15:18:00,304,1,6459
58102,2016-07-31,15:19:00,85,2,11450
58103,2016-07-31,15:20:00,119,3,6090
58104,2016-07-31,15:25:00,266,3,11721
58105,2016-07-31,15:36:00,383,5,8533
58106,2016-07-31,15:41:00,280,2,405
58107,2016-07-31,15:44:00,255,1,810
58108,2016-07-31,15:45:00,443,1,5439
58109,2016-07-31,15:45:00,138,2,10266
58110,2016-07-31,15:53:00,83,2,9089
58111,2016-07-31,15:55:00,456,2,3671
58112,2016-07-31,16:06:00,365,2,6936
58113,2016-07-31,16:19:00,277,3,8723
58114,2016-07-31,16:26:00,371,1,4357
58115,2016-07-31,16:27:00,136,3,7224
58116,2016-07-31,16:28:00,354,1,11807
58117,2016-07-31,16:31:00,308,2,2014
58118,2016-07-31,16:33:00,412,3,8108
58119,2016-07-31,16:45:00,140,1,5167
58120,2016-07-31,16:51:00,96,2,5698
58121,2016-07-31,16:51:00,435,2,11776
58122,2016-07-31,16:57:00,159,2,11098
58123,2016-07-31,17:00:00,174,1,9638
58124,2016-07-31,17:01:00,330,2,11427
58125,2016-07-31,17:02:00,353,2,8365
58126,2016-07-31,17:03:00,368,3,4783
58127,2016-07-31,17:05:00,321,2,2161
58128,2016-07-31,17:15:00,77,2,534
58129,2016-07-31,17:20:00,145,1,1805
58130,2016-07-31,17:25:00,122,3,4549
58131,2016-07-31,17:28:00,373,1,8266
58132,2016-07-31,17:30:00,375,3,11602
58133,2016-07-31,17:32:00,292,2,5947
58134,2016-07-31,17:32:00,197,2,5302
58135,2016-07-31,17:36:00,329,2,5551
58136,2016-07-31,17:40:00,69,1,2592
58137,2016-07-31,17:42:00,169,1,5707
58138,2016-07-31,17:47:00,40,1,8939
58139,2016-07-31,17:48:00,10,1,10911
58140,2016-07-31,17:49:00,310,2,7053
58141,2016-07-31,17:52:00,279,2,4788
58142,2016-07-31,17:55:00,116,1,7626
58143,2016-07-31,17:55:00,403,2,3524
58144,2016-07-31,17:55:00,151,4,3270
58145,2016-07-31,17:56:00,74,2,6931
58146,2016-07-31,17:57:00,363,1,4263
58147,2016-07-31,18:05:00,227,2,9142
58148,2016-07-31,18:18:00,136,2,3956
58149,2016-07-31,18:23:00,436,1,1237
58150,2016-07-31,18:25:00,389,1,7991
58151,2016-07-31,18:26:00,274,1,11698
58152,2016-07-31,18:28:00,71,2,4897
58153,2016-07-31,18:28:00,73,1,10590
58154,2016-07-31,18:32:00,115,2,9798
58155,2016-07-31,18:44:00,456,2,9635
58156,2016-07-31,18:54:00,196,2,9165
58157,2016-07-31,18:57:00,58,2,11515
58158,2016-07-31,19:03:00,387,3,4794
58159,2016-07-31,19:05:00,411,2,11418
58160,2016-07-31,19:06:00,306,2,7879
58161,2016-07-31,19:17:00,304,1,2671
58162,2016-07-31,19:20:00,160,3,1937
58163,2016-07-31,19:26:00,432,1,11042
58164,2016-07-31,19:27:00,313,2,131
58165,2016-07-31,19:27:00,352,1,8156
58166,2016-07-31,19:30:00,445,1,8888
58167,2016-07-31,19:30:00,101,2,9616
58168,2016-07-31,19:39:00,242,1,2329
58169,2016-07-31,19:47:00,329,2,8655
58170,2016-07-31,19:53:00,63,2,4495
58171,2016-07-31,19:55:00,31,2,808
58172,2016-07-31,20:12:00,367,2,4618
58173,2016-07-31,20:23:00,354,1,8016
58174,2016-07-31,20:23:00,7,1,3361
58175,2016-07-31,20:24:00,243,3,2030
58176,2016-07-31,20:29:00,458,2,5740
58177,2016-07-31,20:35:00,302,2,6120
58178,2016-07-31,20:44:00,3,2,4351
58179,2016-07-31,20:45:00,397,2,7969
58180,2016-07-31,20:47:00,379,1,6961
58181,2016-07-31,20:47:00,375,2,5873
58182,2016-07-31,20:51:00,419,5,4730
58183,2016-07-31,20:51:00,440,3,5541
58184,2016-07-31,20:53:00,361,1,4025
58185,2016-07-31,21:01:00,429,3,3118
58186,2016-07-31,21:05:00,2,2,1405
58187,2016-07-31,21:05:00,339,1,7306
58188,2016-07-31,21:14:00,120,1,11701
58189,2016-07-31,21:27:00,214,4,7608
58190,2016-07-31,21:27:00,439,2,1056
58191,2016-07-31,21:28:00,399,1,1819
58192,2016-07-31,21:30:00,97,1,4275
58193,2016-07-31,21:35:00,263,1,1366
58194,2016-07-31,21:42:00,40,1,7199
58195,2016-07-31,21:51:00,24,1,10616
58196,2016-07-31,21:56:00,313,2,9594
58197,2016-07-31,22:00:00,39,2,7206
58198,2016-07-31,22:07:00,276,2,11378
58199,2016-07-31,22:09:00,130,4,11176
58200,2016-07-31,22:10:00,412,3,10785
58201,2016-07-31,22:12:00,256,2,6591
58202,2016-07-31,22:14:00,455,1,2635
58203,2016-07-31,22:19:00,131,3,8008
58204,2016-07-31,22:22:00,237,3,3983
58205,2016-07-31,22:36:00,83,1,504
58206,2016-07-31,22:39:00,13,1,1673
58207,2016-07-31,22:45:00,214,3,7774
58208,2016-07-31,22:49:00,222,2,6480
58209,2016-07-31,22:49:00,4,2,6707
58210,2016-07-31,23:00:00,373,3,11053
58211,2016-07-31,23:11:00,444,1,10163
58212,2016-07-31,23:17:00,257,1,2064
58213,2016-07-31,23:24:00,187,3,9967
58214,2016-07-31,23:27:00,292,3,10099
58215,2016-07-31,23:35:00,288,2,6641
58216,2016-07-31,23:36:00,67,2,5683
58217,2016-07-31,23:42:00,398,1,10031
58218,2016-07-31,23:44:00,233,3,6417
58219,2016-07-31,23:49:00,246,2,572
58220,2016-07-31,23:53:00,299,1,2697
58221,2016-08-01,00:05:00,199,4,6966
58222,2016-08-01,00:08:00,173,2,9735
58223,2016-08-01,00:08:00,86,1,215
58224,2016-08-01,00:19:00,7,1,4608
58225,2016-08-01,00:24:00,128,1,11613
58226,2016-08-01,00:27:00,372,4,7510
58227,2016-08-01,00:28:00,174,2,4635
58228,2016-08-01,00:29:00,50,1,3412
58229,2016-08-01,00:30:00,179,1,8007
58230,2016-08-01,00:38:00,75,3,11313
58231,2016-08-01,00:39:00,156,2,4761
58232,2016-08-01,00:45:00,260,3,10011
58233,2016-08-01,00:56:00,50,1,6277
58234,2016-08-01,00:58:00,358,1,9020
58235,2016-08-01,01:00:00,39,3,9753
58236,2016-08-01,01:03:00,363,3,539
58237,2016-08-01,01:05:00,53,1,8576
58238,2016-08-01,01:09:00,215,3,1743
58239,2016-08-01,01:20:00,211,2,5580
58240,2016-08-01,01:23:00,193,1,1023
58241,2016-08-01,01:26:00,200,1,5221
58242,2016-08-01,01:27:00,285,2,7360
58243,2016-08-01,01:27:00,27,4,7213
58244,2016-08-01,01:31:00,419,1,6430
58245,2016-08-01,01:40:00,432,1,7613
58246,2016-08-01,01:41:00,213,1,1599
58247,2016-08-01,01:51:00,333,1,11458
58248,2016-08-01,01:58:00,59,1,5297
58249,2016-08-01,01:59:00,71,1,10247
58250,2016-08-01,01:59:00,270,2,11911
58251,2016-08-01,02:00:00,323,3,2994
58252,2016-08-01,02:01:00,14,2,4124
58253,2016-08-01,02:02:00,167,1,4048
58254,2016-08-01,02:06:00,114,2,10700
58255,2016-08-01,02:07:00,206,1,10438
58256,2016-08-01,02:15:00,209,2,6438
58257,2016-08-01,02:15:00,177,2,481
58258,2016-08-01,02:24:00,256,1,4463
58259,2016-08-01,02:39:00,432,1,9269
58260,2016-08-01,02:44:00,217,4,9202
58261,2016-08-01,02:53:00,130,1,5856
58262,2016-08-01,03:07:00,41,3,729
58263,2016-08-01,03:09:00,232,1,7238
58264,2016-08-01,03:27:00,355,2,7335
58265,2016-08-01,03:29:00,108,1,8643
58266,2016-08-01,03:29:00,445,3,4467
58267,2016-08-01,03:31:00,402,1,3890
58268,2016-08-01,03:56:00,307,1,205
58269,2016-08-01,04:06:00,1,2,1437
58270,2016-08-01,04:09:00,118,3,2159
58271,2016-08-01,04:14:00,336,3,9969
58272,2016-08-01,04:23:00,328,1,11476
58273,2016-08-01,04:30:00,259,4,11204
58274,2016-08-01,04:43:00,76,2,9980
58275,2016-08-01,04:44:00,247,2,2501
58276,2016-08-01,04:58:00,61,2,4049
58277,2016-08-01,05:02:00,388,1,5472
58278,2016-08-01,05:02:00,54,1,11657
58279,2016-08-01,05:04:00,299,3,855
58280,2016-08-01,05:07:00,246,3,4790
58281,2016-08-01,05:19:00,344,2,731
58282,2016-08-01,05:23:00,392,2,840
58283,2016-08-01,05:24:00,354,1,9025
58284,2016-08-01,05:33:00,99,2,2541
58285,2016-08-01,05:36:00,393,3,5384
58286,2016-08-01,05:54:00,75,2,828
58287,2016-08-01,05:56:00,416,1,340
58288,2016-08-01,05:57:00,186,2,5183
58289,2016-08-01,05:58:00,52,1,11428
58290,2016-08-01,06:02:00,88,2,4992
58291,2016-08-01,06:07:00,130,3,11148
58292,2016-08-01,06:20:00,172,2,2851
58293,2016-08-01,06:20:00,258,2,2308
58294,2016-08-01,06:22:00,130,2,6655
58295,2016-08-01,06:26:00,82,1,6400
58296,2016-08-01,06:29:00,161,2,1516
58297,2016-08-01,06:36:00,370,2,3824
58298,2016-08-01,06:38:00,231,1,2427
58299,2016-08-01,06:50:00,328,2,10151
58300,2016-08-01,06:53:00,305,4,4021
58301,2016-08-01,06:54:00,116,3,125
58302,2016-08-01,07:00:00,409,3,1471
58303,2016-08-01,07:03:00,158,2,588
58304,2016-08-01,07:08:00,434,2,1280
58305,2016-08-01,07:15:00,356,3,2053
58306,2016-08-01,07:19:00,367,2,3524
58307,2016-08-01,07:35:00,65,1,8294
58308,2016-08-01,07:39:00,172,1,343
58309,2016-08-01,08:03:00,377,1,5423
58310,2016-08-01,08:08:00,116,1,5473
58311,2016-08-01,08:11:00,157,2,2295
58312,2016-08-01,08:13:00,248,3,11241
58313,2016-08-01,08:22:00,254,1,2630
58314,2016-08-01,08:29:00,288,3,9762
58315,2016-08-01,08:37:00,204,2,10986
58316,2016-08-01,08:38:00,368,1,7067
58317,2016-08-01,08:39:00,385,1,3194
58318,2016-08-01,08:50:00,284,1,1550
58319,2016-08-01,08:50:00,78,3,1749
58320,2016-08-01,08:54:00,156,3,6276
58321,2016-08-01,09:05:00,363,1,10053
58322,2016-08-01,09:06:00,429,1,7996
58323,2016-08-01,09:11:00,50,1,1298
58324,2016-08-01,09:22:00,424,2,11042
58325,2016-08-01,09:30:00,408,5,4659
58326,2016-08-01,09:32:00,141,1,4226
58327,2016-08-01,09:44:00,151,2,4318
58328,2016-08-01,09:55:00,167,1,3669
58329,2016-08-01,09:56:00,312,4,8565
58330,2016-08-01,10:00:00,371,3,7086
58331,2016-08-01,10:03:00,339,3,1945
58332,2016-08-01,10:05:00,113,1,10982
58333,2016-08-01,10:06:00,113,2,9598
58334,2016-08-01,10:08:00,142,3,7118
58335,2016-08-01,10:14:00,183,2,8083
58336,2016-08-01,10:19:00,88,3,507
58337,2016-08-01,10:20:00,258,3,2612
58338,2016-08-01,10:25:00,154,2,6002
58339,2016-08-01,10:26:00,28,2,4190
58340,2016-08-01,10:28:00,458,1,7722
58341,2016-08-01,10:30:00,380,2,3914
58342,2016-08-01,10:36:00,62,3,8062
58343,2016-08-01,10:51:00,216,3,7939
58344,2016-08-01,10:51:00,224,4,9208
58345,2016-08-01,10:54:00,341,1,8930
58346,2016-08-01,11:13:00,31,1,9914
58347,2016-08-01,11:15:00,50,2,6651
58348,2016-08-01,11:34:00,366,1,11107
58349,2016-08-01,11:35:00,308,2,611
58350,2016-08-01,11:45:00,333,1,6898
58351,2016-08-01,11:54:00,70,3,9817
58352,2016-08-01,11:58:00,451,1,10044
58353,2016-08-01,12:00:00,457,2,4911
58354,2016-08-01,12:03:00,395,1,4836
58355,2016-08-01,12:08:00,303,1,1687
58356,2016-08-01,12:11:00,83,1,11810
58357,2016-08-01,12:35:00,262,2,6564
58358,2016-08-01,12:37:00,55,4,5319
58359,2016-08-01,12:42:00,406,1,1504
58360,2016-08-01,12:44:00,351,1,8794
58361,2016-08-01,12:45:00,418,3,1758
58362,2016-08-01,12:56:00,132,1,2188
58363,2016-08-01,13:22:00,368,2,5822
58364,2016-08-01,13:23:00,278,1,4239
58365,2016-08-01,13:23:00,188,1,4180
58366,2016-08-01,13:28:00,143,1,11423
58367,2016-08-01,13:35:00,151,5,4538
58368,2016-08-01,13:39:00,253,1,8130
58369,2016-08-01,13:40:00,271,2,11332
58370,2016-08-01,13:45:00,62,3,4864
58371,2016-08-01,13:47:00,235,1,6674
58372,2016-08-01,13:49:00,352,2,6963
58373,2016-08-01,13:52:00,246,1,10979
58374,2016-08-01,13:52:00,3,1,5981
58375,2016-08-01,13:58:00,386,1,56
58376,2016-08-01,14:02:00,411,2,4268
58377,2016-08-01,14:04:00,110,2,4754
58378,2016-08-01,14:05:00,304,1,4021
58379,2016-08-01,14:07:00,445,2,5874
58380,2016-08-01,14:12:00,30,1,10126
58381,2016-08-01,14:12:00,312,2,9993
58382,2016-08-01,14:13:00,458,2,3851
58383,2016-08-01,14:19:00,130,1,3778
58384,2016-08-01,14:20:00,369,2,2715
58385,2016-08-01,14:27:00,274,2,1035
58386,2016-08-01,14:28:00,220,1,433
58387,2016-08-01,14:35:00,374,3,8477
58388,2016-08-01,14:35:00,361,1,8534
58389,2016-08-01,14:36:00,404,3,6050
58390,2016-08-01,14:40:00,244,3,8847
58391,2016-08-01,14:44:00,209,1,569
58392,2016-08-01,14:45:00,212,2,9557
58393,2016-08-01,14:49:00,90,3,4313
58394,2016-08-01,14:58:00,442,3,5446
58395,2016-08-01,14:59:00,402,1,11653
58396,2016-08-01,15:04:00,398,3,10110
58397,2016-08-01,15:10:00,323,1,7680
58398,2016-08-01,15:22:00,429,2,6511
58399,2016-08-01,15:25:00,160,2,3104
58400,2016-08-01,15:26:00,56,1,10037
58401,2016-08-01,15:35:00,118,1,3693
58402,2016-08-01,15:41:00,52,2,6938
58403,2016-08-01,15:42:00,284,2,7380
58404,2016-08-01,15:45:00,127,2,55
58405,2016-08-01,15:48:00,200,2,9405
58406,2016-08-01,15:51:00,145,4,7899
58407,2016-08-01,15:55:00,388,2,9089
58408,2016-08-01,16:06:00,210,2,6183
58409,2016-08-01,16:08:00,345,1,2752
58410,2016-08-01,16:09:00,323,2,3767
58411,2016-08-01,16:09:00,416,3,7335
58412,2016-08-01,16:16:00,190,2,9254
58413,2016-08-01,16:33:00,143,2,2653
58414,2016-08-01,16:36:00,183,2,24
58415,2016-08-01,16:37:00,251,2,8517
58416,2016-08-01,16:51:00,301,1,2997
58417,2016-08-01,17:06:00,372,2,11823
58418,2016-08-01,17:06:00,253,2,4995
58419,2016-08-01,17:09:00,186,1,5190
58420,2016-08-01,17:13:00,389,1,1237
58421,2016-08-01,17:14:00,78,3,96
58422,2016-08-01,17:31:00,421,1,501
58423,2016-08-01,17:35:00,252,1,10167
58424,2016-08-01,17:41:00,171,1,500
58425,2016-08-01,17:43:00,41,1,4457
58426,2016-08-01,17:51:00,68,2,3344
58427,2016-08-01,17:54:00,435,1,5315
58428,2016-08-01,17:59:00,265,2,7057
58429,2016-08-01,17:59:00,72,3,11120
58430,2016-08-01,18:04:00,38,2,10835
58431,2016-08-01,18:09:00,240,1,2934
58432,2016-08-01,18:10:00,425,2,6987
58433,2016-08-01,18:11:00,320,4,10389
58434,2016-08-01,18:13:00,79,2,10428
58435,2016-08-01,18:19:00,271,2,8370
58436,2016-08-01,18:35:00,6,2,1797
58437,2016-08-01,18:36:00,257,2,10311
58438,2016-08-01,18:38:00,330,2,3795
58439,2016-08-01,18:38:00,345,1,457
58440,2016-08-01,18:39:00,232,1,5883
58441,2016-08-01,18:49:00,319,3,624
58442,2016-08-01,18:49:00,407,2,3269
58443,2016-08-01,18:51:00,115,4,5789
58444,2016-08-01,18:52:00,69,3,6410
58445,2016-08-01,18:58:00,268,1,7289
58446,2016-08-01,19:02:00,19,3,8183
58447,2016-08-01,19:06:00,80,2,1451
58448,2016-08-01,19:09:00,7,1,8126
58449,2016-08-01,19:11:00,338,2,7167
58450,2016-08-01,19:22:00,144,3,7369
58451,2016-08-01,19:23:00,125,4,2279
58452,2016-08-01,19:24:00,349,1,3229
58453,2016-08-01,19:26:00,372,5,10830
58454,2016-08-01,19:28:00,139,1,6158
58455,2016-08-01,19:35:00,433,1,10343
58456,2016-08-01,19:40:00,239,2,5165
58457,2016-08-01,19:49:00,229,2,3065
58458,2016-08-01,19:53:00,196,4,8883
58459,2016-08-01,19:59:00,356,2,1845
58460,2016-08-01,20:00:00,439,2,10791
58461,2016-08-01,20:22:00,76,1,5268
58462,2016-08-01,20:25:00,239,2,4024
58463,2016-08-01,20:26:00,219,3,1620
58464,2016-08-01,20:32:00,442,2,4923
58465,2016-08-01,20:37:00,112,2,2825
58466,2016-08-01,20:38:00,426,3,11482
58467,2016-08-01,20:39:00,378,5,8026
58468,2016-08-01,20:43:00,112,4,4652
58469,2016-08-01,20:51:00,397,3,11763
58470,2016-08-01,20:54:00,416,1,5104
58471,2016-08-01,20:56:00,36,1,8440
58472,2016-08-01,21:14:00,209,2,1024
58473,2016-08-01,21:16:00,449,1,3248
58474,2016-08-01,21:19:00,313,2,3029
58475,2016-08-01,21:20:00,300,2,11478
58476,2016-08-01,21:21:00,276,1,7535
58477,2016-08-01,21:23:00,362,1,4576
58478,2016-08-01,21:43:00,427,1,6217
58479,2016-08-01,21:46:00,44,1,8283
58480,2016-08-01,21:47:00,290,2,5465
58481,2016-08-01,21:49:00,398,2,2366
58482,2016-08-01,21:51:00,418,1,1323
58483,2016-08-01,21:53:00,157,1,6448
58484,2016-08-01,22:15:00,227,1,7622
58485,2016-08-01,22:18:00,157,1,1789
58486,2016-08-01,22:22:00,4,1,3609
58487,2016-08-01,22:26:00,364,2,7916
58488,2016-08-01,22:31:00,35,1,6796
58489,2016-08-01,22:34:00,305,2,8048
58490,2016-08-01,22:37:00,104,2,8641
58491,2016-08-01,22:40:00,277,2,6814
58492,2016-08-01,22:41:00,16,1,99
58493,2016-08-01,23:00:00,264,1,10902
58494,2016-08-01,23:14:00,363,2,7348
58495,2016-08-01,23:14:00,46,1,8069
58496,2016-08-01,23:16:00,297,1,8471
58497,2016-08-01,23:19:00,240,1,6800
58498,2016-08-01,23:41:00,368,1,9680
58499,2016-08-01,23:53:00,223,2,11831
58500,2016-08-01,23:59:00,84,4,174
58501,2016-08-02,00:04:00,342,2,664
58502,2016-08-02,00:18:00,162,1,2332
58503,2016-08-02,00:23:00,302,1,5088
58504,2016-08-02,00:23:00,345,2,11157
58505,2016-08-02,00:24:00,186,2,3110
58506,2016-08-02,00:39:00,362,2,6013
58507,2016-08-02,00:39:00,305,3,8715
58508,2016-08-02,00:44:00,253,2,1356
58509,2016-08-02,00:47:00,288,2,1609
58510,2016-08-02,00:48:00,86,1,725
58511,2016-08-02,00:53:00,158,1,3496
58512,2016-08-02,01:02:00,187,2,298
58513,2016-08-02,01:04:00,216,2,3565
58514,2016-08-02,01:06:00,341,1,6851
58515,2016-08-02,01:07:00,406,1,6743
58516,2016-08-02,01:14:00,67,1,1546
58517,2016-08-02,01:17:00,148,1,11640
58518,2016-08-02,01:33:00,247,3,8968
58519,2016-08-02,01:39:00,199,2,9459
58520,2016-08-02,01:53:00,175,1,5787
58521,2016-08-02,02:02:00,406,3,7047
58522,2016-08-02,02:07:00,405,1,10905
58523,2016-08-02,02:25:00,423,4,11939
58524,2016-08-02,02:30:00,155,2,5060
58525,2016-08-02,02:31:00,267,1,8985
58526,2016-08-02,03:17:00,368,2,2225
58527,2016-08-02,03:29:00,450,1,8964
58528,2016-08-02,03:32:00,299,2,8526
58529,2016-08-02,03:34:00,281,3,11488
58530,2016-08-02,03:35:00,363,3,8060
58531,2016-08-02,03:36:00,324,2,6762
58532,2016-08-02,03:40:00,244,3,10397
58533,2016-08-02,03:42:00,78,1,7344
58534,2016-08-02,03:43:00,249,1,10641
58535,2016-08-02,03:49:00,302,2,10294
58536,2016-08-02,03:54:00,323,4,7825
58537,2016-08-02,03:59:00,272,2,2170
58538,2016-08-02,04:06:00,262,2,5549
58539,2016-08-02,04:09:00,235,3,9233
58540,2016-08-02,04:15:00,25,4,973
58541,2016-08-02,04:16:00,233,1,5226
58542,2016-08-02,04:32:00,388,1,5448
58543,2016-08-02,04:39:00,244,1,9000
58544,2016-08-02,04:49:00,294,2,11859
58545,2016-08-02,04:52:00,422,2,7315
58546,2016-08-02,04:58:00,90,1,11718
58547,2016-08-02,05:08:00,27,3,9045
58548,2016-08-02,05:13:00,206,2,5970
58549,2016-08-02,05:19:00,278,2,3340
58550,2016-08-02,05:25:00,18,2,9424
58551,2016-08-02,05:25:00,99,2,9247
58552,2016-08-02,05:25:00,22,1,10587
58553,2016-08-02,05:28:00,105,2,7662
58554,2016-08-02,05:35:00,337,2,6362
58555,2016-08-02,05:35:00,421,3,8860
58556,2016-08-02,05:39:00,75,1,7515
58557,2016-08-02,05:42:00,132,3,9643
58558,2016-08-02,05:42:00,249,4,5990
58559,2016-08-02,05:50:00,349,1,11584
58560,2016-08-02,06:09:00,249,1,6965
58561,2016-08-02,06:10:00,165,1,11759
58562,2016-08-02,06:13:00,66,2,1576
58563,2016-08-02,06:15:00,330,1,8217
58564,2016-08-02,06:32:00,205,3,7398
58565,2016-08-02,06:35:00,264,3,5041
58566,2016-08-02,06:40:00,284,1,5547
58567,2016-08-02,06:43:00,332,2,2334
58568,2016-08-02,06:56:00,185,3,9262
58569,2016-08-02,06:57:00,141,1,8356
58570,2016-08-02,06:58:00,64,2,16
58571,2016-08-02,07:00:00,280,5,1628
58572,2016-08-02,07:05:00,216,2,9685
58573,2016-08-02,07:25:00,330,2,2450
58574,2016-08-02,07:31:00,217,2,5507
58575,2016-08-02,07:35:00,212,4,5465
58576,2016-08-02,07:45:00,115,2,2093
58577,2016-08-02,07:50:00,108,2,8122
58578,2016-08-02,07:52:00,150,1,10030
58579,2016-08-02,07:57:00,252,1,9240
58580,2016-08-02,08:07:00,292,4,6558
58581,2016-08-02,08:10:00,56,2,8374
58582,2016-08-02,08:15:00,340,4,934
58583,2016-08-02,08:16:00,89,2,8019
58584,2016-08-02,08:38:00,382,3,9521
58585,2016-08-02,08:40:00,125,4,2456
58586,2016-08-02,09:03:00,58,2,4419
58587,2016-08-02,09:11:00,196,2,3331
58588,2016-08-02,09:12:00,115,1,840
58589,2016-08-02,09:12:00,47,1,1293
58590,2016-08-02,09:12:00,374,2,6616
58591,2016-08-02,09:18:00,340,1,4200
58592,2016-08-02,09:35:00,193,1,6562
58593,2016-08-02,09:39:00,210,1,7337
58594,2016-08-02,09:40:00,252,2,6188
58595,2016-08-02,09:57:00,181,1,9284
58596,2016-08-02,10:08:00,99,1,5267
58597,2016-08-02,10:09:00,215,1,10804
58598,2016-08-02,10:12:00,139,1,2554
58599,2016-08-02,10:13:00,69,2,11005
58600,2016-08-02,10:16:00,106,3,5463
58601,2016-08-02,10:27:00,71,1,11209
58602,2016-08-02,10:32:00,230,5,9939
58603,2016-08-02,10:35:00,393,1,7000
58604,2016-08-02,10:59:00,36,3,8432
58605,2016-08-02,11:10:00,363,1,5832
58606,2016-08-02,11:21:00,111,3,5266
58607,2016-08-02,11:22:00,371,2,1518
58608,2016-08-02,11:25:00,236,2,7584
58609,2016-08-02,11:28:00,68,1,1508
58610,2016-08-02,11:36:00,142,2,11076
58611,2016-08-02,11:41:00,292,2,1759
58612,2016-08-02,11:43:00,449,2,2747
58613,2016-08-02,11:45:00,295,2,5851
58614,2016-08-02,11:47:00,297,2,9455
58615,2016-08-02,11:55:00,349,2,7434
58616,2016-08-02,11:58:00,377,2,8663
58617,2016-08-02,12:04:00,8,3,1986
58618,2016-08-02,12:11:00,380,4,8202
58619,2016-08-02,12:13:00,410,2,11219
58620,2016-08-02,12:14:00,19,1,143
58621,2016-08-02,12:18:00,275,4,5666
58622,2016-08-02,12:18:00,381,1,5437
58623,2016-08-02,12:33:00,17,2,1263
58624,2016-08-02,12:34:00,189,1,6002
58625,2016-08-02,12:35:00,251,2,8723
58626,2016-08-02,12:37:00,156,4,9705
58627,2016-08-02,12:39:00,398,2,8587
58628,2016-08-02,12:48:00,174,1,11012
58629,2016-08-02,12:55:00,143,2,11336
58630,2016-08-02,13:07:00,259,6,10160
58631,2016-08-02,13:24:00,380,2,4255
58632,2016-08-02,13:31:00,275,3,3522
58633,2016-08-02,13:44:00,247,2,7662
58634,2016-08-02,13:51:00,320,2,335
58635,2016-08-02,13:51:00,429,1,436
58636,2016-08-02,13:54:00,68,1,10337
58637,2016-08-02,13:55:00,225,1,2688
58638,2016-08-02,14:11:00,234,1,6413
58639,2016-08-02,14:11:00,426,1,3444
58640,2016-08-02,14:15:00,397,3,4595
58641,2016-08-02,14:24:00,286,3,4506
58642,2016-08-02,14:38:00,347,3,1922
58643,2016-08-02,14:43:00,7,2,3701
58644,2016-08-02,14:44:00,371,1,10502
58645,2016-08-02,14:49:00,114,4,8793
58646,2016-08-02,14:52:00,149,1,5782
58647,2016-08-02,14:55:00,64,2,8893
58648,2016-08-02,14:57:00,278,1,9343
58649,2016-08-02,15:09:00,338,3,1415
58650,2016-08-02,15:13:00,28,2,9199
58651,2016-08-02,15:13:00,338,2,3712
58652,2016-08-02,15:16:00,230,3,3033
58653,2016-08-02,15:18:00,383,2,1492
58654,2016-08-02,15:24:00,180,1,11616
58655,2016-08-02,15:29:00,384,1,7654
58656,2016-08-02,15:33:00,450,3,11514
58657,2016-08-02,15:36:00,221,1,2063
58658,2016-08-02,15:41:00,109,2,4378
58659,2016-08-02,15:49:00,267,1,9156
58660,2016-08-02,15:54:00,318,3,10480
58661,2016-08-02,15:55:00,440,2,7858
58662,2016-08-02,15:55:00,419,2,3198
58663,2016-08-02,16:00:00,161,2,2521
58664,2016-08-02,16:00:00,435,2,9041
58665,2016-08-02,16:03:00,451,2,11466
58666,2016-08-02,16:13:00,87,1,1310
58667,2016-08-02,16:14:00,334,4,5593
58668,2016-08-02,16:15:00,25,1,5989
58669,2016-08-02,16:21:00,53,2,8396
58670,2016-08-02,16:25:00,342,2,5507
58671,2016-08-02,16:29:00,144,2,1600
58672,2016-08-02,16:33:00,108,3,11729
58673,2016-08-02,16:43:00,111,1,11466
58674,2016-08-02,16:44:00,316,1,9956
58675,2016-08-02,17:02:00,216,5,5093
58676,2016-08-02,17:06:00,369,3,5076
58677,2016-08-02,17:10:00,230,2,5192
58678,2016-08-02,17:15:00,283,2,1400
58679,2016-08-02,17:25:00,385,5,8686
58680,2016-08-02,17:36:00,149,2,6383
58681,2016-08-02,17:44:00,31,2,5755
58682,2016-08-02,17:45:00,371,2,4835
58683,2016-08-02,17:51:00,183,3,11545
58684,2016-08-02,17:51:00,363,3,11611
58685,2016-08-02,18:00:00,281,1,8911
58686,2016-08-02,18:02:00,362,3,2876
58687,2016-08-02,18:07:00,21,1,7939
58688,2016-08-02,18:08:00,458,1,5650
58689,2016-08-02,18:12:00,346,3,233
58690,2016-08-02,18:25:00,69,1,11528
58691,2016-08-02,18:28:00,164,1,5089
58692,2016-08-02,19:00:00,158,1,5746
58693,2016-08-02,19:04:00,31,1,3198
58694,2016-08-02,19:17:00,383,2,1645
58695,2016-08-02,19:17:00,117,2,8501
58696,2016-08-02,19:17:00,90,1,9350
58697,2016-08-02,19:21:00,298,4,7683
58698,2016-08-02,19:31:00,319,1,11804
58699,2016-08-02,19:54:00,336,2,7937
58700,2016-08-02,19:55:00,68,1,6959
58701,2016-08-02,19:56:00,204,2,6716
58702,2016-08-02,19:57:00,56,2,1147
58703,2016-08-02,20:01:00,126,2,8620
58704,2016-08-02,20:03:00,175,3,8069
58705,2016-08-02,20:09:00,325,4,10120
58706,2016-08-02,20:15:00,21,1,5461
58707,2016-08-02,20:20:00,38,1,11370
58708,2016-08-02,20:25:00,171,4,10731
58709,2016-08-02,20:28:00,273,1,5879
58710,2016-08-02,20:42:00,176,1,986
58711,2016-08-02,21:04:00,383,2,8932
58712,2016-08-02,21:10:00,2,2,329
58713,2016-08-02,21:21:00,183,3,24
58714,2016-08-02,21:27:00,121,2,10165
58715,2016-08-02,21:35:00,257,4,527
58716,2016-08-02,21:59:00,82,2,11458
58717,2016-08-02,22:00:00,337,3,5074
58718,2016-08-02,22:02:00,356,4,8022
58719,2016-08-02,22:07:00,255,4,1355
58720,2016-08-02,22:08:00,265,3,4367
58721,2016-08-02,22:13:00,167,4,2650
58722,2016-08-02,22:26:00,220,1,5207
58723,2016-08-02,22:30:00,385,2,4563
58724,2016-08-02,22:36:00,69,2,6411
58725,2016-08-02,22:38:00,417,1,10670
58726,2016-08-02,22:38:00,176,3,2936
58727,2016-08-02,22:39:00,319,1,2445
58728,2016-08-02,22:41:00,71,2,4486
58729,2016-08-02,22:50:00,359,2,11306
58730,2016-08-02,22:59:00,128,2,10145
58731,2016-08-02,23:03:00,68,3,6126
58732,2016-08-02,23:15:00,365,2,7473
58733,2016-08-02,23:17:00,75,2,9916
58734,2016-08-02,23:23:00,457,3,6878
58735,2016-08-02,23:26:00,183,3,10806
58736,2016-08-02,23:28:00,330,2,1407
58737,2016-08-02,23:30:00,187,1,9694
58738,2016-08-02,23:34:00,113,3,6224
58739,2016-08-02,23:43:00,404,5,7656
58740,2016-08-02,23:56:00,420,1,4223
58741,2016-08-03,00:00:00,300,3,10201
58742,2016-08-03,00:00:00,217,2,2758
58743,2016-08-03,00:05:00,368,3,11822
58744,2016-08-03,00:08:00,411,2,6860
58745,2016-08-03,00:10:00,192,4,3958
58746,2016-08-03,00:13:00,244,2,1927
58747,2016-08-03,00:14:00,126,3,4217
58748,2016-08-03,00:21:00,209,5,10968
58749,2016-08-03,00:28:00,422,2,10169
58750,2016-08-03,00:32:00,199,2,8183
58751,2016-08-03,00:36:00,444,1,5651
58752,2016-08-03,00:47:00,40,3,8972
58753,2016-08-03,00:47:00,408,2,10877
58754,2016-08-03,00:49:00,203,2,1411
58755,2016-08-03,00:54:00,54,2,6967
58756,2016-08-03,01:00:00,178,2,11487
58757,2016-08-03,01:03:00,348,6,1207
58758,2016-08-03,01:07:00,28,2,5663
58759,2016-08-03,01:11:00,42,2,9813
58760,2016-08-03,01:16:00,386,1,7722
58761,2016-08-03,01:22:00,293,1,11376
58762,2016-08-03,01:23:00,194,1,5956
58763,2016-08-03,01:23:00,406,2,7940
58764,2016-08-03,01:23:00,399,2,11011
58765,2016-08-03,01:28:00,99,2,10599
58766,2016-08-03,01:29:00,29,2,8262
58767,2016-08-03,01:29:00,339,4,9236
58768,2016-08-03,01:34:00,212,2,1080
58769,2016-08-03,01:36:00,91,4,9789
58770,2016-08-03,01:38:00,357,2,9557
58771,2016-08-03,01:39:00,24,1,7681
58772,2016-08-03,01:47:00,121,2,194
58773,2016-08-03,01:47:00,288,2,9044
58774,2016-08-03,01:52:00,200,1,2063
58775,2016-08-03,01:53:00,143,1,5996
58776,2016-08-03,01:54:00,351,2,331
58777,2016-08-03,01:59:00,245,3,7599
58778,2016-08-03,02:01:00,96,1,256
58779,2016-08-03,02:14:00,21,1,3930
58780,2016-08-03,02:38:00,163,1,5887
58781,2016-08-03,02:39:00,5,1,3593
58782,2016-08-03,02:40:00,89,3,7905
58783,2016-08-03,02:47:00,320,3,11783
58784,2016-08-03,02:56:00,456,1,701
58785,2016-08-03,02:59:00,358,2,8862
58786,2016-08-03,03:01:00,344,3,4769
58787,2016-08-03,03:05:00,134,1,11537
58788,2016-08-03,03:10:00,302,2,1242
58789,2016-08-03,03:18:00,345,2,11343
58790,2016-08-03,03:18:00,44,3,2093
58791,2016-08-03,03:18:00,56,1,11552
58792,2016-08-03,03:25:00,301,3,6215
58793,2016-08-03,03:26:00,273,3,6634
58794,2016-08-03,03:28:00,360,1,584
58795,2016-08-03,03:46:00,309,3,11779
58796,2016-08-03,03:49:00,4,3,2512
58797,2016-08-03,03:58:00,438,3,9536
58798,2016-08-03,04:03:00,204,4,3005
58799,2016-08-03,04:03:00,223,2,585
58800,2016-08-03,04:08:00,75,3,8025
58801,2016-08-03,04:13:00,391,1,6734
58802,2016-08-03,04:19:00,5,3,9715
58803,2016-08-03,04:20:00,82,2,1576
58804,2016-08-03,04:22:00,407,5,8236
58805,2016-08-03,04:23:00,227,1,5627
58806,2016-08-03,04:33:00,197,1,4743
58807,2016-08-03,04:33:00,402,2,2079
58808,2016-08-03,04:37:00,71,2,7156
58809,2016-08-03,04:38:00,64,2,6556
58810,2016-08-03,04:45:00,23,2,6839
58811,2016-08-03,04:46:00,2,1,2880
58812,2016-08-03,04:47:00,345,2,7529
58813,2016-08-03,04:49:00,96,1,8615
58814,2016-08-03,05:00:00,5,2,10062
58815,2016-08-03,05:17:00,29,1,9965
58816,2016-08-03,05:21:00,90,3,2463
58817,2016-08-03,05:21:00,23,1,3456
58818,2016-08-03,05:25:00,236,3,8857
58819,2016-08-03,05:25:00,1,4,10750
58820,2016-08-03,05:28:00,119,2,9128
58821,2016-08-03,05:32:00,80,3,10686
58822,2016-08-03,05:34:00,172,2,5379
58823,2016-08-03,05:40:00,204,1,758
58824,2016-08-03,05:41:00,280,1,1047
58825,2016-08-03,05:41:00,369,2,4878
58826,2016-08-03,05:44:00,297,1,95
58827,2016-08-03,05:54:00,276,1,6600
58828,2016-08-03,05:56:00,306,1,9089
58829,2016-08-03,06:05:00,422,1,8039
58830,2016-08-03,06:18:00,56,3,7213
58831,2016-08-03,06:21:00,383,2,8956
58832,2016-08-03,06:22:00,176,1,5504
58833,2016-08-03,06:31:00,74,1,3836
58834,2016-08-03,06:33:00,93,2,9055
58835,2016-08-03,06:39:00,245,3,5478
58836,2016-08-03,06:49:00,259,1,8160
58837,2016-08-03,06:50:00,424,3,626
58838,2016-08-03,06:55:00,128,1,3722
58839,2016-08-03,06:57:00,237,2,2589
58840,2016-08-03,07:08:00,25,3,5368
58841,2016-08-03,07:12:00,16,1,8067
58842,2016-08-03,07:16:00,159,2,889
58843,2016-08-03,07:23:00,428,1,5320
58844,2016-08-03,07:24:00,319,3,9860
58845,2016-08-03,07:36:00,437,4,9710
58846,2016-08-03,07:37:00,141,1,6179
58847,2016-08-03,07:41:00,139,2,6337
58848,2016-08-03,07:55:00,37,1,3674
58849,2016-08-03,07:57:00,68,5,6677
58850,2016-08-03,08:00:00,264,1,6325
58851,2016-08-03,08:07:00,99,4,5995
58852,2016-08-03,08:11:00,366,2,9549
58853,2016-08-03,08:16:00,445,3,9782
58854,2016-08-03,08:26:00,201,1,6892
58855,2016-08-03,08:35:00,33,3,8424
58856,2016-08-03,08:41:00,344,2,9280
58857,2016-08-03,08:59:00,333,1,1734
58858,2016-08-03,09:02:00,368,2,10555
58859,2016-08-03,09:03:00,282,3,8496
58860,2016-08-03,09:04:00,330,2,10176
58861,2016-08-03,09:19:00,342,1,1123
58862,2016-08-03,09:25:00,319,2,6065
58863,2016-08-03,09:26:00,448,1,4954
58864,2016-08-03,09:43:00,361,1,4183
58865,2016-08-03,09:56:00,348,2,2002
58866,2016-08-03,10:02:00,361,1,3604
58867,2016-08-03,10:08:00,296,2,740
58868,2016-08-03,10:33:00,234,1,10016
58869,2016-08-03,10:50:00,39,2,1314
58870,2016-08-03,10:57:00,389,3,7968
58871,2016-08-03,11:00:00,353,2,5116
58872,2016-08-03,11:06:00,66,2,5430
58873,2016-08-03,11:08:00,437,4,10337
58874,2016-08-03,11:12:00,138,1,11168
58875,2016-08-03,11:15:00,408,2,10269
58876,2016-08-03,11:21:00,281,3,1873
58877,2016-08-03,11:22:00,44,1,8349
58878,2016-08-03,11:22:00,171,1,4510
58879,2016-08-03,11:23:00,411,2,10260
58880,2016-08-03,11:23:00,246,1,11983
58881,2016-08-03,11:27:00,147,2,4059
58882,2016-08-03,11:34:00,140,3,8654
58883,2016-08-03,11:37:00,126,1,6683
58884,2016-08-03,11:46:00,414,1,2545
58885,2016-08-03,11:53:00,323,2,4948
58886,2016-08-03,12:07:00,166,2,7859
58887,2016-08-03,12:12:00,378,1,11303
58888,2016-08-03,12:18:00,285,2,6363
58889,2016-08-03,12:33:00,365,1,10469
58890,2016-08-03,12:34:00,381,2,8726
58891,2016-08-03,12:36:00,319,3,10154
58892,2016-08-03,12:37:00,132,3,7066
58893,2016-08-03,12:38:00,424,2,2193
58894,2016-08-03,12:41:00,241,1,9030
58895,2016-08-03,12:47:00,344,1,5650
58896,2016-08-03,12:49:00,74,2,9954
58897,2016-08-03,12:50:00,26,3,10753
58898,2016-08-03,12:55:00,181,1,3433
58899,2016-08-03,13:05:00,319,2,9494
58900,2016-08-03,13:13:00,413,3,11921
58901,2016-08-03,13:20:00,324,4,11496
58902,2016-08-03,13:23:00,244,3,2333
58903,2016-08-03,13:36:00,20,2,7764
58904,2016-08-03,13:37:00,361,3,9614
58905,2016-08-03,13:52:00,403,1,8608
58906,2016-08-03,14:04:00,319,1,7478
58907,2016-08-03,14:07:00,117,1,10424
58908,2016-08-03,14:16:00,203,1,3438
58909,2016-08-03,14:25:00,39,2,11890
58910,2016-08-03,14:29:00,376,3,1685
58911,2016-08-03,14:30:00,32,1,8993
58912,2016-08-03,14:32:00,234,1,4800
58913,2016-08-03,14:35:00,458,1,2727
58914,2016-08-03,14:37:00,7,1,6451
58915,2016-08-03,15:29:00,215,3,6905
58916,2016-08-03,15:31:00,30,2,976
58917,2016-08-03,15:32:00,227,2,857
58918,2016-08-03,15:37:00,298,4,11970
58919,2016-08-03,15:43:00,79,2,7745
58920,2016-08-03,15:44:00,7,2,5126
58921,2016-08-03,15:47:00,320,2,4996
58922,2016-08-03,15:48:00,161,2,3507
58923,2016-08-03,16:03:00,408,5,9597
58924,2016-08-03,16:11:00,138,2,856
58925,2016-08-03,16:25:00,154,2,9257
58926,2016-08-03,16:33:00,208,2,8346
58927,2016-08-03,16:54:00,241,1,4246
58928,2016-08-03,17:05:00,410,2,605
58929,2016-08-03,17:09:00,46,3,9474
58930,2016-08-03,17:14:00,103,2,9194
58931,2016-08-03,17:14:00,172,1,4610
58932,2016-08-03,17:19:00,22,1,8607
58933,2016-08-03,17:31:00,422,2,3827
58934,2016-08-03,17:33:00,297,2,5236
58935,2016-08-03,17:35:00,192,1,8377
58936,2016-08-03,17:42:00,222,2,6377
58937,2016-08-03,17:42:00,218,1,373
58938,2016-08-03,18:07:00,43,1,3761
58939,2016-08-03,18:08:00,333,3,6481
58940,2016-08-03,18:11:00,78,1,3979
58941,2016-08-03,18:11:00,362,4,3634
58942,2016-08-03,18:27:00,277,1,11412
58943,2016-08-03,18:29:00,153,3,8542
58944,2016-08-03,18:31:00,445,3,4016
58945,2016-08-03,18:31:00,30,2,9127
58946,2016-08-03,18:41:00,355,1,4500
58947,2016-08-03,18:58:00,432,3,4591
58948,2016-08-03,19:00:00,375,1,6584
58949,2016-08-03,19:07:00,279,1,4154
58950,2016-08-03,19:13:00,253,1,2271
58951,2016-08-03,19:17:00,145,2,537
58952,2016-08-03,19:18:00,230,1,925
58953,2016-08-03,19:20:00,134,2,5568
58954,2016-08-03,19:28:00,233,3,7506
58955,2016-08-03,19:30:00,108,4,7859
58956,2016-08-03,19:32:00,258,3,4131
58957,2016-08-03,19:34:00,343,2,6472
58958,2016-08-03,19:36:00,238,1,1154
58959,2016-08-03,19:40:00,89,2,1885
58960,2016-08-03,19:43:00,69,1,11050
58961,2016-08-03,19:43:00,30,3,6174
58962,2016-08-03,19:47:00,337,2,1596
58963,2016-08-03,19:49:00,421,2,3202
58964,2016-08-03,19:57:00,242,3,7920
58965,2016-08-03,20:04:00,363,1,6063
58966,2016-08-03,20:15:00,201,1,359
58967,2016-08-03,20:15:00,277,2,3406
58968,2016-08-03,20:18:00,218,1,10458
58969,2016-08-03,20:22:00,354,2,5271
58970,2016-08-03,20:27:00,21,1,1731
58971,2016-08-03,20:27:00,296,1,10027
58972,2016-08-03,20:36:00,409,1,10581
58973,2016-08-03,20:37:00,302,1,1656
58974,2016-08-03,20:41:00,426,2,1217
58975,2016-08-03,20:48:00,402,2,3384
58976,2016-08-03,20:49:00,36,2,232
58977,2016-08-03,20:49:00,435,3,8310
58978,2016-08-03,20:54:00,20,2,196
58979,2016-08-03,20:57:00,86,2,9595
58980,2016-08-03,20:58:00,23,1,8318
58981,2016-08-03,21:04:00,92,1,7289
58982,2016-08-03,21:07:00,170,3,7385
58983,2016-08-03,21:12:00,194,2,5663
58984,2016-08-03,21:18:00,246,2,11888
58985,2016-08-03,21:24:00,335,1,2525
58986,2016-08-03,21:28:00,123,1,8042
58987,2016-08-03,21:30:00,233,3,8396
58988,2016-08-03,21:31:00,346,1,2827
58989,2016-08-03,21:32:00,297,1,4541
58990,2016-08-03,21:34:00,285,2,8755
58991,2016-08-03,21:43:00,401,1,6916
58992,2016-08-03,21:44:00,225,4,11668
58993,2016-08-03,21:55:00,458,2,3571
58994,2016-08-03,22:09:00,42,2,1274
58995,2016-08-03,22:09:00,163,2,2226
58996,2016-08-03,22:10:00,282,2,10165
58997,2016-08-03,22:23:00,204,1,11110
58998,2016-08-03,22:30:00,188,2,2421
58999,2016-08-03,22:30:00,33,2,5247
59000,2016-08-03,22:33:00,154,2,11453
59001,2016-08-03,22:34:00,364,3,7601
59002,2016-08-03,22:39:00,137,2,8086
59003,2016-08-03,22:39:00,160,1,8392
59004,2016-08-03,22:42:00,63,4,3013
59005,2016-08-03,22:45:00,338,1,5201
59006,2016-08-03,22:51:00,355,1,2787
59007,2016-08-03,22:57:00,34,3,11596
59008,2016-08-03,23:01:00,272,2,1302
59009,2016-08-03,23:19:00,51,4,4856
59010,2016-08-03,23:27:00,275,4,5853
59011,2016-08-03,23:29:00,125,4,11063
59012,2016-08-03,23:33:00,62,2,5487
59013,2016-08-03,23:35:00,174,3,6289
59014,2016-08-03,23:38:00,423,4,9823
59015,2016-08-03,23:38:00,153,1,2482
59016,2016-08-03,23:55:00,38,1,1658
59017,2016-08-03,23:58:00,165,2,8612
59018,2016-08-04,00:01:00,211,2,45
59019,2016-08-04,00:18:00,364,2,2678
59020,2016-08-04,00:19:00,115,3,11032
59021,2016-08-04,00:36:00,177,2,6159
59022,2016-08-04,00:37:00,313,2,6028
59023,2016-08-04,00:45:00,244,1,8628
59024,2016-08-04,00:47:00,301,4,6629
59025,2016-08-04,00:51:00,364,1,5714
59026,2016-08-04,00:52:00,255,1,1536
59027,2016-08-04,00:52:00,300,1,3482
59028,2016-08-04,00:54:00,204,1,8940
59029,2016-08-04,00:59:00,189,2,975
59030,2016-08-04,01:04:00,112,2,11252
59031,2016-08-04,01:21:00,53,2,10806
59032,2016-08-04,01:35:00,205,2,834
59033,2016-08-04,01:36:00,156,1,11056
59034,2016-08-04,01:37:00,443,1,9558
59035,2016-08-04,01:37:00,348,2,11525
59036,2016-08-04,01:39:00,15,3,7506
59037,2016-08-04,01:43:00,132,2,1461
59038,2016-08-04,01:48:00,415,2,10311
59039,2016-08-04,01:53:00,185,2,1973
59040,2016-08-04,02:02:00,29,1,6443
59041,2016-08-04,02:04:00,227,1,2411
59042,2016-08-04,02:22:00,428,3,6557
59043,2016-08-04,02:35:00,113,3,8986
59044,2016-08-04,02:37:00,292,1,10928
59045,2016-08-04,02:38:00,200,1,1143
59046,2016-08-04,02:39:00,389,2,8429
59047,2016-08-04,03:01:00,63,5,4419
59048,2016-08-04,03:09:00,306,1,7500
59049,2016-08-04,03:27:00,44,4,732
59050,2016-08-04,03:29:00,274,3,10413
59051,2016-08-04,03:50:00,171,1,11150
59052,2016-08-04,03:50:00,122,2,11624
59053,2016-08-04,03:52:00,134,1,3994
59054,2016-08-04,03:56:00,7,1,8236
59055,2016-08-04,04:08:00,418,2,6376
59056,2016-08-04,04:18:00,283,1,3740
59057,2016-08-04,04:20:00,284,1,6678
59058,2016-08-04,04:26:00,223,1,11372
59059,2016-08-04,04:35:00,243,1,2858
59060,2016-08-04,04:35:00,377,1,55
59061,2016-08-04,04:51:00,269,2,8501
59062,2016-08-04,04:53:00,437,3,4802
59063,2016-08-04,04:56:00,402,2,6137
59064,2016-08-04,04:58:00,144,1,528
59065,2016-08-04,05:15:00,213,1,11639
59066,2016-08-04,05:16:00,109,2,3705
59067,2016-08-04,05:17:00,166,5,8789
59068,2016-08-04,05:29:00,177,3,6095
59069,2016-08-04,05:32:00,119,2,2504
59070,2016-08-04,05:33:00,249,1,6551
59071,2016-08-04,05:33:00,106,3,5677
59072,2016-08-04,05:34:00,225,3,11733
59073,2016-08-04,05:43:00,175,2,4898
59074,2016-08-04,05:48:00,310,1,8560
59075,2016-08-04,05:50:00,174,2,7958
59076,2016-08-04,05:51:00,430,2,8962
59077,2016-08-04,05:57:00,281,1,2041
59078,2016-08-04,06:00:00,6,1,11295
59079,2016-08-04,06:00:00,385,5,1979
59080,2016-08-04,06:12:00,123,2,9988
59081,2016-08-04,06:18:00,337,6,10949
59082,2016-08-04,06:22:00,406,1,213
59083,2016-08-04,06:25:00,347,2,9256
59084,2016-08-04,06:31:00,167,2,5646
59085,2016-08-04,06:33:00,433,2,5153
59086,2016-08-04,06:37:00,338,3,5563
59087,2016-08-04,06:38:00,172,3,3543
59088,2016-08-04,06:39:00,162,3,190
59089,2016-08-04,06:46:00,281,1,10721
59090,2016-08-04,06:48:00,231,1,1811
59091,2016-08-04,06:58:00,392,2,84
59092,2016-08-04,07:06:00,88,2,3223
59093,2016-08-04,07:07:00,11,1,1633
59094,2016-08-04,07:10:00,162,3,6379
59095,2016-08-04,07:16:00,296,1,7960
59096,2016-08-04,07:16:00,438,2,10635
59097,2016-08-04,07:17:00,257,2,5109
59098,2016-08-04,07:31:00,49,2,3474
59099,2016-08-04,07:32:00,277,2,2941
59100,2016-08-04,07:56:00,451,1,208
59101,2016-08-04,08:22:00,64,1,7394
59102,2016-08-04,08:29:00,152,2,2841
59103,2016-08-04,08:51:00,28,2,3149
59104,2016-08-04,09:18:00,357,3,4094
59105,2016-08-04,09:31:00,418,2,7896
59106,2016-08-04,09:32:00,188,1,9117
59107,2016-08-04,09:43:00,33,3,2370
59108,2016-08-04,09:48:00,117,2,4010
59109,2016-08-04,10:00:00,348,3,1129
59110,2016-08-04,10:02:00,279,3,5188
59111,2016-08-04,10:03:00,399,2,7809
59112,2016-08-04,10:04:00,289,2,2324
59113,2016-08-04,10:06:00,153,1,2913
59114,2016-08-04,10:06:00,271,3,5157
59115,2016-08-04,10:09:00,419,3,6485
59116,2016-08-04,10:11:00,202,2,1775
59117,2016-08-04,10:15:00,57,2,4150
59118,2016-08-04,10:17:00,35,3,5671
59119,2016-08-04,10:20:00,442,1,4054
59120,2016-08-04,10:33:00,149,3,10655
59121,2016-08-04,10:37:00,456,3,11183
59122,2016-08-04,10:40:00,407,2,7268
59123,2016-08-04,10:53:00,152,4,3485
59124,2016-08-04,10:55:00,105,4,10298
59125,2016-08-04,11:00:00,268,2,1109
59126,2016-08-04,11:05:00,449,4,8992
59127,2016-08-04,11:09:00,268,3,1866
59128,2016-08-04,11:33:00,291,2,11080
59129,2016-08-04,11:52:00,50,1,8988
59130,2016-08-04,11:53:00,413,1,1538
59131,2016-08-04,11:54:00,424,4,8823
59132,2016-08-04,11:57:00,298,2,2661
59133,2016-08-04,12:18:00,174,1,11169
59134,2016-08-04,12:18:00,36,2,10067
59135,2016-08-04,12:20:00,20,2,7043
59136,2016-08-04,12:22:00,206,4,6311
59137,2016-08-04,12:30:00,428,3,11949
59138,2016-08-04,12:33:00,109,1,7553
59139,2016-08-04,12:36:00,352,1,7467
59140,2016-08-04,12:36:00,328,3,1527
59141,2016-08-04,12:39:00,99,2,7604
59142,2016-08-04,12:48:00,385,1,2540
59143,2016-08-04,12:51:00,428,5,634
59144,2016-08-04,13:02:00,372,4,11916
59145,2016-08-04,13:09:00,437,1,7275
59146,2016-08-04,13:14:00,323,4,7655
59147,2016-08-04,13:21:00,112,1,1033
59148,2016-08-04,13:24:00,401,1,6957
59149,2016-08-04,13:30:00,340,1,8675
59150,2016-08-04,13:33:00,401,1,6412
59151,2016-08-04,13:36:00,141,1,783
59152,2016-08-04,13:38:00,182,2,6338
59153,2016-08-04,13:39:00,444,1,10512
59154,2016-08-04,13:44:00,237,1,10318
59155,2016-08-04,13:48:00,188,1,327
59156,2016-08-04,13:48:00,125,1,11547
59157,2016-08-04,13:55:00,415,2,7775
59158,2016-08-04,14:00:00,252,2,4194
59159,2016-08-04,14:30:00,174,4,7143
59160,2016-08-04,14:32:00,48,3,9691
59161,2016-08-04,14:38:00,51,1,8366
59162,2016-08-04,14:42:00,420,2,11808
59163,2016-08-04,14:47:00,14,4,8296
59164,2016-08-04,15:08:00,195,2,10451
59165,2016-08-04,15:09:00,262,1,4794
59166,2016-08-04,15:09:00,412,2,2966
59167,2016-08-04,15:12:00,166,3,3265
59168,2016-08-04,15:20:00,375,2,1820
59169,2016-08-04,15:27:00,113,2,7367
59170,2016-08-04,15:31:00,216,2,2643
59171,2016-08-04,15:36:00,67,1,1398
59172,2016-08-04,15:36:00,362,1,991
59173,2016-08-04,15:37:00,243,1,3405
59174,2016-08-04,15:46:00,106,4,5012
59175,2016-08-04,15:46:00,49,4,11234
59176,2016-08-04,15:48:00,7,3,598
59177,2016-08-04,16:00:00,129,1,6301
59178,2016-08-04,16:02:00,293,3,11331
59179,2016-08-04,16:06:00,168,1,3245
59180,2016-08-04,16:08:00,121,2,4236
59181,2016-08-04,16:09:00,12,2,1378
59182,2016-08-04,16:15:00,359,2,9350
59183,2016-08-04,16:18:00,423,2,7448
59184,2016-08-04,16:24:00,422,2,8670
59185,2016-08-04,16:27:00,24,2,5083
59186,2016-08-04,16:29:00,18,1,2942
59187,2016-08-04,16:32:00,383,2,9041
59188,2016-08-04,16:34:00,90,2,5191
59189,2016-08-04,16:37:00,15,1,652
59190,2016-08-04,16:43:00,399,2,2693
59191,2016-08-04,16:46:00,26,3,712
59192,2016-08-04,16:49:00,332,1,3276
59193,2016-08-04,16:51:00,109,3,7367
59194,2016-08-04,16:55:00,217,2,2649
59195,2016-08-04,17:08:00,430,4,10972
59196,2016-08-04,17:12:00,339,1,10793
59197,2016-08-04,17:22:00,188,1,7073
59198,2016-08-04,17:23:00,430,1,11428
59199,2016-08-04,17:24:00,415,1,4887
59200,2016-08-04,17:36:00,36,4,6946
59201,2016-08-04,17:46:00,438,1,823
59202,2016-08-04,17:47:00,54,1,3218
59203,2016-08-04,17:50:00,22,1,1742
59204,2016-08-04,17:51:00,363,4,1619
59205,2016-08-04,17:53:00,163,1,5722
59206,2016-08-04,17:54:00,166,2,5365
59207,2016-08-04,17:56:00,382,2,9952
59208,2016-08-04,18:04:00,458,2,5163
59209,2016-08-04,18:06:00,440,2,10521
59210,2016-08-04,18:10:00,2,1,8604
59211,2016-08-04,18:17:00,116,1,11806
59212,2016-08-04,18:21:00,203,1,609
59213,2016-08-04,18:32:00,48,2,3513
59214,2016-08-04,18:38:00,352,3,10771
59215,2016-08-04,18:39:00,220,3,3371
59216,2016-08-04,18:40:00,401,3,6781
59217,2016-08-04,18:41:00,364,1,3653
59218,2016-08-04,18:41:00,111,2,11547
59219,2016-08-04,18:47:00,152,1,2554
59220,2016-08-04,18:59:00,2,2,3397
59221,2016-08-04,19:01:00,225,1,11980
59222,2016-08-04,19:03:00,424,1,10253
59223,2016-08-04,19:04:00,90,3,10516
59224,2016-08-04,19:09:00,52,3,768
59225,2016-08-04,19:15:00,282,2,9919
59226,2016-08-04,19:26:00,290,3,722
59227,2016-08-04,19:28:00,349,2,1176
59228,2016-08-04,19:37:00,98,2,11186
59229,2016-08-04,19:41:00,49,3,7944
59230,2016-08-04,19:51:00,363,1,11246
59231,2016-08-04,20:00:00,61,1,9139
59232,2016-08-04,20:05:00,230,1,7378
59233,2016-08-04,20:08:00,223,3,11371
59234,2016-08-04,20:10:00,230,2,4315
59235,2016-08-04,20:10:00,243,2,6586
59236,2016-08-04,20:13:00,438,3,2235
59237,2016-08-04,20:26:00,122,6,136
59238,2016-08-04,20:36:00,4,1,5211
59239,2016-08-04,20:39:00,232,1,11088
59240,2016-08-04,20:52:00,356,1,9957
59241,2016-08-04,20:56:00,322,1,4881
59242,2016-08-04,21:01:00,199,6,3377
59243,2016-08-04,21:02:00,284,3,781
59244,2016-08-04,21:14:00,7,3,343
59245,2016-08-04,21:16:00,453,1,9230
59246,2016-08-04,21:24:00,376,1,1132
59247,2016-08-04,21:33:00,407,2,2855
59248,2016-08-04,21:47:00,329,2,597
59249,2016-08-04,21:50:00,240,1,6646
59250,2016-08-04,21:58:00,143,2,5823
59251,2016-08-04,21:59:00,188,2,677
59252,2016-08-04,22:03:00,328,2,6171
59253,2016-08-04,22:06:00,348,1,8443
59254,2016-08-04,22:08:00,227,2,2778
59255,2016-08-04,22:43:00,222,2,8826
59256,2016-08-04,22:44:00,234,1,7754
59257,2016-08-04,22:47:00,146,2,11899
59258,2016-08-04,23:02:00,41,1,4300
59259,2016-08-04,23:04:00,326,4,5775
59260,2016-08-04,23:06:00,96,1,9714
59261,2016-08-04,23:16:00,66,3,10329
59262,2016-08-04,23:17:00,125,3,8262
59263,2016-08-04,23:28:00,68,3,505
59264,2016-08-04,23:35:00,165,3,3688
59265,2016-08-04,23:40:00,270,1,5260
59266,2016-08-04,23:49:00,323,1,7490
59267,2016-08-05,00:03:00,390,2,5560
59268,2016-08-05,00:12:00,97,2,11823
59269,2016-08-05,00:13:00,317,2,306
59270,2016-08-05,00:16:00,247,2,1935
59271,2016-08-05,00:24:00,327,3,10005
59272,2016-08-05,00:26:00,434,1,9293
59273,2016-08-05,00:31:00,170,2,10687
59274,2016-08-05,00:36:00,423,2,7891
59275,2016-08-05,00:39:00,369,1,5262
59276,2016-08-05,00:41:00,196,4,1911
59277,2016-08-05,00:42:00,433,4,5393
59278,2016-08-05,00:42:00,129,2,7607
59279,2016-08-05,00:45:00,250,1,1012
59280,2016-08-05,01:02:00,436,3,2375
59281,2016-08-05,01:07:00,364,4,4744
59282,2016-08-05,01:10:00,414,4,7552
59283,2016-08-05,01:15:00,242,2,114
59284,2016-08-05,01:15:00,308,4,226
59285,2016-08-05,01:18:00,224,2,7433
59286,2016-08-05,01:20:00,193,2,4628
59287,2016-08-05,01:23:00,19,3,9505
59288,2016-08-05,01:29:00,269,2,647
59289,2016-08-05,01:33:00,415,3,4828
59290,2016-08-05,01:35:00,321,3,1756
59291,2016-08-05,01:38:00,175,2,7882
59292,2016-08-05,01:45:00,154,1,8569
59293,2016-08-05,01:50:00,452,2,7819
59294,2016-08-05,01:50:00,273,1,5392
59295,2016-08-05,01:52:00,169,2,9125
59296,2016-08-05,01:55:00,52,3,939
59297,2016-08-05,02:00:00,366,2,9652
59298,2016-08-05,02:12:00,192,3,4999
59299,2016-08-05,02:17:00,143,2,1137
59300,2016-08-05,02:19:00,277,1,11988
59301,2016-08-05,02:20:00,425,4,1488
59302,2016-08-05,02:22:00,141,4,6793
59303,2016-08-05,02:26:00,181,1,8429
59304,2016-08-05,02:33:00,300,1,5179
59305,2016-08-05,02:44:00,415,1,9566
59306,2016-08-05,02:51:00,372,3,5382
59307,2016-08-05,02:51:00,18,1,584
59308,2016-08-05,02:52:00,392,1,8107
59309,2016-08-05,03:00:00,360,1,4891
59310,2016-08-05,03:25:00,196,1,7546
59311,2016-08-05,03:25:00,60,1,4617
59312,2016-08-05,03:35:00,358,4,4408
59313,2016-08-05,03:45:00,309,1,2381
59314,2016-08-05,03:47:00,446,2,11159
59315,2016-08-05,03:53:00,316,1,984
59316,2016-08-05,03:55:00,44,1,2559
59317,2016-08-05,03:56:00,332,1,5562
59318,2016-08-05,03:59:00,330,3,11624
59319,2016-08-05,04:03:00,400,3,483
59320,2016-08-05,04:05:00,366,3,3213
59321,2016-08-05,04:06:00,144,2,8776
59322,2016-08-05,04:06:00,379,1,1936
59323,2016-08-05,04:13:00,301,2,6873
59324,2016-08-05,04:19:00,297,1,67
59325,2016-08-05,04:21:00,305,1,5852
59326,2016-08-05,04:22:00,297,4,11058
59327,2016-08-05,04:22:00,172,3,283
59328,2016-08-05,04:24:00,34,4,6109
59329,2016-08-05,04:26:00,223,1,9316
59330,2016-08-05,04:39:00,335,3,11086
59331,2016-08-05,04:40:00,208,4,5022
59332,2016-08-05,04:52:00,111,1,10270
59333,2016-08-05,05:11:00,438,1,2310
59334,2016-08-05,05:16:00,207,1,713
59335,2016-08-05,05:23:00,178,2,7373
59336,2016-08-05,05:24:00,376,1,3645
59337,2016-08-05,05:37:00,11,1,1540
59338,2016-08-05,05:44:00,210,2,11911
59339,2016-08-05,05:47:00,425,2,6517
59340,2016-08-05,05:47:00,58,1,9641
59341,2016-08-05,05:48:00,426,3,5295
59342,2016-08-05,05:56:00,19,1,9361
59343,2016-08-05,06:00:00,243,1,1055
59344,2016-08-05,06:10:00,104,2,1146
59345,2016-08-05,06:10:00,61,1,6924
59346,2016-08-05,06:13:00,77,2,8389
59347,2016-08-05,06:15:00,244,3,6396
59348,2016-08-05,06:29:00,285,1,9516
59349,2016-08-05,06:38:00,188,3,4190
59350,2016-08-05,06:39:00,162,2,6847
59351,2016-08-05,06:55:00,340,1,1675
59352,2016-08-05,06:58:00,331,2,1231
59353,2016-08-05,07:00:00,387,2,5035
59354,2016-08-05,07:10:00,299,3,9423
59355,2016-08-05,07:25:00,271,4,8314
59356,2016-08-05,07:27:00,13,2,10363
59357,2016-08-05,07:37:00,15,2,3642
59358,2016-08-05,07:39:00,52,2,1695
59359,2016-08-05,07:40:00,205,2,9290
59360,2016-08-05,07:53:00,350,3,5783
59361,2016-08-05,07:57:00,193,4,1028
59362,2016-08-05,08:02:00,314,3,2636
59363,2016-08-05,08:05:00,418,1,3142
59364,2016-08-05,08:13:00,137,1,4803
59365,2016-08-05,08:15:00,21,1,8154
59366,2016-08-05,08:15:00,185,4,805
59367,2016-08-05,08:20:00,130,2,2904
59368,2016-08-05,08:31:00,82,2,1415
59369,2016-08-05,08:40:00,388,3,216
59370,2016-08-05,08:42:00,240,3,11375
59371,2016-08-05,08:43:00,294,3,1724
59372,2016-08-05,08:48:00,74,3,10708
59373,2016-08-05,08:49:00,216,3,1171
59374,2016-08-05,09:01:00,58,2,4304
59375,2016-08-05,09:02:00,238,2,7814
59376,2016-08-05,09:07:00,123,3,4130
59377,2016-08-05,09:07:00,423,1,4904
59378,2016-08-05,09:19:00,10,1,5787
59379,2016-08-05,09:35:00,428,3,10528
59380,2016-08-05,09:36:00,453,3,5
59381,2016-08-05,09:37:00,83,3,8637
59382,2016-08-05,09:41:00,132,2,10641
59383,2016-08-05,09:49:00,170,2,10286
59384,2016-08-05,09:54:00,272,2,3025
59385,2016-08-05,09:56:00,447,1,5098
59386,2016-08-05,10:00:00,148,2,8351
59387,2016-08-05,10:00:00,425,2,8752
59388,2016-08-05,10:07:00,398,3,3362
59389,2016-08-05,10:08:00,148,1,9286
59390,2016-08-05,10:16:00,194,4,6773
59391,2016-08-05,10:26:00,245,1,10759
59392,2016-08-05,10:29:00,367,2,6806
59393,2016-08-05,10:37:00,102,1,960
59394,2016-08-05,10:43:00,51,3,2190
59395,2016-08-05,10:45:00,41,2,8243
59396,2016-08-05,10:46:00,284,1,3562
59397,2016-08-05,10:56:00,313,2,1297
59398,2016-08-05,11:04:00,297,1,2751
59399,2016-08-05,11:07:00,242,1,366
59400,2016-08-05,11:34:00,445,1,1639
59401,2016-08-05,11:39:00,318,2,8857
59402,2016-08-05,11:40:00,431,2,3153
59403,2016-08-05,11:43:00,311,4,7175
59404,2016-08-05,11:56:00,196,1,1032
59405,2016-08-05,11:57:00,431,2,9105
59406,2016-08-05,12:02:00,101,2,6926
59407,2016-08-05,12:06:00,25,3,1953
59408,2016-08-05,12:13:00,371,2,3597
59409,2016-08-05,12:14:00,176,1,8950
59410,2016-08-05,12:32:00,249,1,10422
59411,2016-08-05,12:33:00,397,4,1307
59412,2016-08-05,12:37:00,48,2,4160
59413,2016-08-05,12:48:00,50,1,4537
59414,2016-08-05,12:48:00,226,1,2611
59415,2016-08-05,12:51:00,383,5,4555
59416,2016-08-05,13:06:00,102,1,10089
59417,2016-08-05,13:09:00,115,2,5115
59418,2016-08-05,13:19:00,307,1,9787
59419,2016-08-05,13:24:00,79,3,5790
59420,2016-08-05,13:30:00,294,1,1836
59421,2016-08-05,13:34:00,238,3,9245
59422,2016-08-05,13:36:00,351,1,326
59423,2016-08-05,14:07:00,276,2,11575
59424,2016-08-05,14:10:00,310,2,8495
59425,2016-08-05,14:17:00,427,2,1102
59426,2016-08-05,14:24:00,66,4,6082
59427,2016-08-05,14:26:00,324,1,10048
59428,2016-08-05,14:33:00,328,2,3915
59429,2016-08-05,14:34:00,423,2,599
59430,2016-08-05,14:51:00,137,1,7758
59431,2016-08-05,14:52:00,331,3,8886
59432,2016-08-05,14:52:00,214,2,5296
59433,2016-08-05,14:56:00,360,2,5961
59434,2016-08-05,15:05:00,39,1,10978
59435,2016-08-05,15:09:00,39,1,5824
59436,2016-08-05,15:14:00,2,2,10691
59437,2016-08-05,15:29:00,362,1,4130
59438,2016-08-05,15:41:00,149,1,6345
59439,2016-08-05,15:44:00,296,1,7857
59440,2016-08-05,15:47:00,144,2,2952
59441,2016-08-05,15:57:00,335,2,8184
59442,2016-08-05,16:11:00,438,4,11483
59443,2016-08-05,16:13:00,12,3,5649
59444,2016-08-05,16:19:00,424,1,9882
59445,2016-08-05,16:23:00,321,1,10370
59446,2016-08-05,16:26:00,190,1,2078
59447,2016-08-05,16:32:00,449,2,5913
59448,2016-08-05,16:46:00,136,1,6480
59449,2016-08-05,16:51:00,107,2,2023
59450,2016-08-05,16:51:00,151,2,6746
59451,2016-08-05,16:58:00,142,4,9603
59452,2016-08-05,17:01:00,107,1,7888
59453,2016-08-05,17:06:00,247,1,4653
59454,2016-08-05,17:09:00,13,4,4868
59455,2016-08-05,17:12:00,31,3,4923
59456,2016-08-05,17:24:00,89,2,2585
59457,2016-08-05,17:28:00,372,3,8285
59458,2016-08-05,17:49:00,289,1,497
59459,2016-08-05,17:54:00,106,4,10825
59460,2016-08-05,17:59:00,284,1,1559
59461,2016-08-05,18:01:00,25,1,6215
59462,2016-08-05,18:05:00,7,1,5322
59463,2016-08-05,18:09:00,4,2,3467
59464,2016-08-05,18:10:00,69,3,3001
59465,2016-08-05,18:14:00,453,2,343
59466,2016-08-05,18:16:00,332,5,2579
59467,2016-08-05,18:34:00,398,1,3382
59468,2016-08-05,18:37:00,397,2,8111
59469,2016-08-05,19:06:00,345,4,11674
59470,2016-08-05,19:06:00,444,4,10273
59471,2016-08-05,19:09:00,161,3,4850
59472,2016-08-05,19:24:00,216,3,10803
59473,2016-08-05,19:32:00,445,1,11247
59474,2016-08-05,19:35:00,308,1,4887
59475,2016-08-05,19:36:00,168,1,6177
59476,2016-08-05,19:43:00,258,1,11480
59477,2016-08-05,19:44:00,352,3,11346
59478,2016-08-05,19:45:00,93,1,9314
59479,2016-08-05,19:52:00,232,1,5956
59480,2016-08-05,19:54:00,82,4,3735
59481,2016-08-05,20:03:00,148,3,9017
59482,2016-08-05,20:07:00,231,3,10584
59483,2016-08-05,20:09:00,91,1,7359
59484,2016-08-05,20:15:00,189,2,6644
59485,2016-08-05,20:16:00,111,3,9702
59486,2016-08-05,20:20:00,10,1,6970
59487,2016-08-05,20:24:00,453,2,646
59488,2016-08-05,20:26:00,30,1,9537
59489,2016-08-05,20:29:00,268,2,5839
59490,2016-08-05,20:35:00,426,2,271
59491,2016-08-05,20:36:00,336,2,8705
59492,2016-08-05,20:42:00,241,3,6180
59493,2016-08-05,20:49:00,345,2,4243
59494,2016-08-05,20:57:00,446,1,2346
59495,2016-08-05,21:08:00,442,5,2934
59496,2016-08-05,21:09:00,216,1,1796
59497,2016-08-05,21:09:00,119,5,1784
59498,2016-08-05,21:14:00,226,2,9737
59499,2016-08-05,21:18:00,297,2,10678
59500,2016-08-05,21:23:00,288,1,767
59501,2016-08-05,21:24:00,119,1,7180
59502,2016-08-05,21:39:00,86,2,11756
59503,2016-08-05,21:56:00,405,5,11717
59504,2016-08-05,21:58:00,17,2,10799
59505,2016-08-05,22:17:00,420,1,7759
59506,2016-08-05,22:17:00,26,1,4891
59507,2016-08-05,22:18:00,420,2,7405
59508,2016-08-05,22:21:00,385,1,10694
59509,2016-08-05,22:26:00,128,3,9531
59510,2016-08-05,22:27:00,431,1,820
59511,2016-08-05,22:34:00,177,1,2945
59512,2016-08-05,22:36:00,252,1,9162
59513,2016-08-05,22:38:00,85,1,11690
59514,2016-08-05,22:38:00,416,1,6128
59515,2016-08-05,22:42:00,191,2,10909
59516,2016-08-05,22:43:00,282,1,7884
59517,2016-08-05,22:44:00,329,2,1562
59518,2016-08-05,22:46:00,24,1,3907
59519,2016-08-05,22:58:00,50,3,3762
59520,2016-08-05,23:03:00,371,1,940
59521,2016-08-05,23:06:00,70,1,10660
59522,2016-08-05,23:09:00,423,2,6123
59523,2016-08-05,23:11:00,309,2,7637
59524,2016-08-05,23:12:00,98,2,9154
59525,2016-08-05,23:14:00,262,1,10569
59526,2016-08-05,23:24:00,137,2,6562
59527,2016-08-05,23:41:00,60,2,1621
59528,2016-08-05,23:55:00,150,2,3933
59529,2016-08-06,00:21:00,374,6,9482
59530,2016-08-06,00:35:00,389,1,1603
59531,2016-08-06,00:35:00,45,1,2307
59532,2016-08-06,00:36:00,290,1,6096
59533,2016-08-06,00:42:00,368,1,11585
59534,2016-08-06,00:45:00,263,2,8766
59535,2016-08-06,00:47:00,339,3,5019
59536,2016-08-06,00:56:00,136,2,3924
59537,2016-08-06,01:11:00,261,1,11775
59538,2016-08-06,01:12:00,59,1,435
59539,2016-08-06,01:14:00,117,6,10920
59540,2016-08-06,01:15:00,88,2,1984
59541,2016-08-06,01:15:00,68,2,5268
59542,2016-08-06,01:15:00,77,4,11607
59543,2016-08-06,01:16:00,183,1,2955
59544,2016-08-06,01:37:00,218,1,7886
59545,2016-08-06,01:39:00,279,1,1072
59546,2016-08-06,01:48:00,73,2,9563
59547,2016-08-06,02:05:00,297,1,826
59548,2016-08-06,02:05:00,274,3,6007
59549,2016-08-06,02:23:00,117,1,6124
59550,2016-08-06,02:23:00,71,1,11470
59551,2016-08-06,02:24:00,408,2,3980
59552,2016-08-06,02:29:00,449,3,8815
59553,2016-08-06,02:33:00,259,1,9152
59554,2016-08-06,02:35:00,224,2,1330
59555,2016-08-06,02:41:00,362,2,5721
59556,2016-08-06,02:48:00,91,3,10843
59557,2016-08-06,02:51:00,67,1,5414
59558,2016-08-06,02:56:00,325,1,4911
59559,2016-08-06,02:57:00,43,4,3394
59560,2016-08-06,03:03:00,60,2,1303
59561,2016-08-06,03:08:00,52,2,9199
59562,2016-08-06,03:15:00,90,1,6836
59563,2016-08-06,03:19:00,276,2,5644
59564,2016-08-06,03:30:00,302,3,2475
59565,2016-08-06,03:40:00,85,2,9316
59566,2016-08-06,03:45:00,104,1,8786
59567,2016-08-06,04:04:00,344,3,9868
59568,2016-08-06,04:22:00,339,4,6636
59569,2016-08-06,04:26:00,58,4,4882
59570,2016-08-06,04:30:00,393,1,8157
59571,2016-08-06,04:33:00,26,1,6599
59572,2016-08-06,04:35:00,65,2,8174
59573,2016-08-06,04:56:00,210,2,9286
59574,2016-08-06,05:02:00,80,1,9791
59575,2016-08-06,05:19:00,389,1,9543
59576,2016-08-06,05:25:00,43,3,3265
59577,2016-08-06,05:28:00,354,4,6317
59578,2016-08-06,05:28:00,367,4,8073
59579,2016-08-06,05:37:00,379,2,2526
59580,2016-08-06,05:51:00,231,1,8065
59581,2016-08-06,05:52:00,251,1,9469
59582,2016-08-06,05:56:00,312,1,2605
59583,2016-08-06,06:10:00,311,1,6205
59584,2016-08-06,06:20:00,1,2,8722
59585,2016-08-06,06:21:00,216,1,8435
59586,2016-08-06,06:33:00,442,1,11126
59587,2016-08-06,06:41:00,448,1,445
59588,2016-08-06,06:44:00,237,3,6478
59589,2016-08-06,06:56:00,208,1,8868
59590,2016-08-06,06:58:00,451,1,6224
59591,2016-08-06,07:02:00,370,3,8556
59592,2016-08-06,07:07:00,17,1,6695
59593,2016-08-06,07:09:00,231,1,972
59594,2016-08-06,07:10:00,400,4,3244
59595,2016-08-06,07:15:00,372,3,10603
59596,2016-08-06,07:27:00,62,2,2922
59597,2016-08-06,07:29:00,25,1,11816
59598,2016-08-06,07:29:00,147,2,1830
59599,2016-08-06,07:51:00,337,1,11444
59600,2016-08-06,07:57:00,129,1,6345
59601,2016-08-06,08:03:00,392,1,685
59602,2016-08-06,08:07:00,206,1,9564
59603,2016-08-06,08:08:00,35,1,6914
59604,2016-08-06,08:10:00,217,2,2076
59605,2016-08-06,08:19:00,360,3,11979
59606,2016-08-06,08:21:00,376,1,11648
59607,2016-08-06,08:32:00,128,2,10612
59608,2016-08-06,08:36:00,263,1,10490
59609,2016-08-06,08:46:00,21,1,7233
59610,2016-08-06,08:49:00,366,2,3376
59611,2016-08-06,09:02:00,249,2,11828
59612,2016-08-06,09:09:00,153,3,654
59613,2016-08-06,09:12:00,193,2,10297
59614,2016-08-06,09:17:00,372,3,2450
59615,2016-08-06,09:18:00,235,2,10144
59616,2016-08-06,09:32:00,443,2,3338
59617,2016-08-06,09:32:00,143,1,10611
59618,2016-08-06,09:34:00,62,2,8456
59619,2016-08-06,09:40:00,351,1,2705
59620,2016-08-06,09:42:00,346,2,1894
59621,2016-08-06,10:03:00,270,2,6531
59622,2016-08-06,10:04:00,312,2,11416
59623,2016-08-06,10:35:00,122,1,4870
59624,2016-08-06,10:41:00,210,1,9081
59625,2016-08-06,10:51:00,166,3,5410
59626,2016-08-06,10:55:00,161,2,3217
59627,2016-08-06,10:59:00,187,4,8482
59628,2016-08-06,11:06:00,237,2,4026
59629,2016-08-06,11:12:00,438,2,3728
59630,2016-08-06,11:12:00,336,3,4294
59631,2016-08-06,11:34:00,348,1,8336
59632,2016-08-06,11:37:00,87,1,9794
59633,2016-08-06,11:40:00,185,2,10481
59634,2016-08-06,11:45:00,397,3,6976
59635,2016-08-06,11:58:00,167,2,9857
59636,2016-08-06,12:01:00,36,2,9334
59637,2016-08-06,12:02:00,382,1,7278
59638,2016-08-06,12:02:00,421,1,4618
59639,2016-08-06,12:13:00,373,2,7947
59640,2016-08-06,12:13:00,204,1,8564
59641,2016-08-06,12:14:00,38,3,9745
59642,2016-08-06,12:16:00,427,2,3316
59643,2016-08-06,12:16:00,52,2,3466
59644,2016-08-06,12:22:00,118,3,7808
59645,2016-08-06,12:27:00,202,2,2559
59646,2016-08-06,12:28:00,8,3,6774
59647,2016-08-06,12:29:00,59,3,6773
59648,2016-08-06,12:30:00,56,2,3700
59649,2016-08-06,12:31:00,448,3,121
59650,2016-08-06,12:33:00,250,2,7325
59651,2016-08-06,12:44:00,124,3,11359
59652,2016-08-06,12:45:00,345,1,6455
59653,2016-08-06,12:48:00,216,4,6403
59654,2016-08-06,12:56:00,381,2,10449
59655,2016-08-06,13:29:00,363,2,2107
59656,2016-08-06,13:32:00,153,4,8998
59657,2016-08-06,13:33:00,444,1,10938
59658,2016-08-06,13:35:00,332,3,2434
59659,2016-08-06,13:40:00,2,1,5217
59660,2016-08-06,13:52:00,7,2,368
59661,2016-08-06,14:10:00,312,1,3385
59662,2016-08-06,14:11:00,247,1,8559
59663,2016-08-06,14:13:00,113,1,2006
59664,2016-08-06,14:13:00,124,1,2506
59665,2016-08-06,14:16:00,325,2,5920
59666,2016-08-06,14:16:00,398,2,8125
59667,2016-08-06,14:22:00,31,2,6238
59668,2016-08-06,14:31:00,242,1,8227
59669,2016-08-06,14:34:00,232,2,6364
59670,2016-08-06,14:37:00,430,2,1766
59671,2016-08-06,14:43:00,443,1,207
59672,2016-08-06,15:17:00,379,1,5456
59673,2016-08-06,15:18:00,35,1,1238
59674,2016-08-06,15:31:00,32,1,9456
59675,2016-08-06,15:35:00,410,1,3553
59676,2016-08-06,15:42:00,43,1,1218
59677,2016-08-06,15:44:00,278,1,5712
59678,2016-08-06,15:45:00,219,1,8627
59679,2016-08-06,16:11:00,207,1,6451
59680,2016-08-06,16:13:00,374,3,878
59681,2016-08-06,16:14:00,357,2,2384
59682,2016-08-06,16:16:00,424,1,9294
59683,2016-08-06,16:18:00,128,3,8915
59684,2016-08-06,16:18:00,238,2,6211
59685,2016-08-06,16:24:00,80,1,4616
59686,2016-08-06,16:32:00,402,1,2507
59687,2016-08-06,16:33:00,380,2,8317
59688,2016-08-06,16:34:00,388,1,9452
59689,2016-08-06,16:38:00,190,2,10543
59690,2016-08-06,16:49:00,365,3,8585
59691,2016-08-06,17:11:00,209,3,10209
59692,2016-08-06,17:15:00,82,1,10257
59693,2016-08-06,17:19:00,23,1,8418
59694,2016-08-06,17:25:00,316,4,10205
59695,2016-08-06,17:26:00,199,1,5651
59696,2016-08-06,17:28:00,22,1,9821
59697,2016-08-06,17:29:00,94,1,8869
59698,2016-08-06,17:30:00,34,4,10777
59699,2016-08-06,17:31:00,433,1,7750
59700,2016-08-06,17:32:00,37,3,10361
59701,2016-08-06,17:35:00,291,2,5
59702,2016-08-06,17:48:00,93,2,3622
59703,2016-08-06,17:50:00,265,1,6827
59704,2016-08-06,18:06:00,310,2,11565
59705,2016-08-06,18:12:00,353,1,10903
59706,2016-08-06,18:14:00,122,3,5833
59707,2016-08-06,18:25:00,48,3,1106
59708,2016-08-06,18:26:00,249,4,4415
59709,2016-08-06,18:27:00,374,3,4823
59710,2016-08-06,18:28:00,99,1,2899
59711,2016-08-06,18:29:00,266,2,6059
59712,2016-08-06,18:41:00,268,1,9618
59713,2016-08-06,18:41:00,105,3,3891
59714,2016-08-06,18:44:00,165,1,985
59715,2016-08-06,18:45:00,71,2,1125
59716,2016-08-06,18:46:00,26,2,1937
59717,2016-08-06,19:05:00,67,1,9991
59718,2016-08-06,19:06:00,371,2,16
59719,2016-08-06,19:30:00,108,2,10450
59720,2016-08-06,19:31:00,118,2,6444
59721,2016-08-06,19:47:00,355,3,6809
59722,2016-08-06,19:49:00,402,1,324
59723,2016-08-06,19:57:00,210,2,5459
59724,2016-08-06,19:57:00,309,2,218
59725,2016-08-06,20:01:00,8,1,3461
59726,2016-08-06,20:06:00,363,2,4203
59727,2016-08-06,20:15:00,455,3,3359
59728,2016-08-06,20:20:00,65,2,7086
59729,2016-08-06,20:21:00,82,1,8874
59730,2016-08-06,20:25:00,404,1,8662
59731,2016-08-06,20:36:00,392,1,6135
59732,2016-08-06,20:50:00,300,3,10181
59733,2016-08-06,20:51:00,201,3,6371
59734,2016-08-06,21:05:00,59,2,3707
59735,2016-08-06,21:13:00,36,1,3552
59736,2016-08-06,21:16:00,359,2,11442
59737,2016-08-06,21:17:00,290,1,3133
59738,2016-08-06,21:17:00,398,2,5646
59739,2016-08-06,21:21:00,130,3,8482
59740,2016-08-06,21:24:00,72,1,8145
59741,2016-08-06,21:25:00,53,3,3765
59742,2016-08-06,21:25:00,249,1,6408
59743,2016-08-06,21:30:00,334,1,5996
59744,2016-08-06,21:36:00,6,3,5146
59745,2016-08-06,21:41:00,331,3,9319
59746,2016-08-06,21:41:00,145,2,4724
59747,2016-08-06,21:51:00,397,2,9957
59748,2016-08-06,21:54:00,227,2,9747
59749,2016-08-06,21:55:00,91,1,8451
59750,2016-08-06,21:58:00,89,3,5379
59751,2016-08-06,21:59:00,37,1,1115
59752,2016-08-06,22:08:00,218,1,9802
59753,2016-08-06,22:13:00,364,2,10721
59754,2016-08-06,22:18:00,56,1,3627
59755,2016-08-06,22:33:00,18,1,3671
59756,2016-08-06,22:40:00,255,1,8393
59757,2016-08-06,22:55:00,433,2,1339
59758,2016-08-06,23:10:00,6,2,2300
59759,2016-08-06,23:20:00,148,1,1021
59760,2016-08-06,23:20:00,59,2,2867
59761,2016-08-06,23:27:00,393,1,10205
59762,2016-08-06,23:33:00,301,1,8527
59763,2016-08-06,23:39:00,348,2,10559
59764,2016-08-06,23:40:00,129,2,3037
59765,2016-08-06,23:48:00,292,2,3300
59766,2016-08-06,23:56:00,10,2,11156
59767,2016-08-07,00:15:00,412,3,5544
59768,2016-08-07,00:23:00,251,3,2784
59769,2016-08-07,00:26:00,318,2,4790
59770,2016-08-07,00:28:00,456,1,11752
59771,2016-08-07,00:30:00,248,2,3135
59772,2016-08-07,00:32:00,46,2,788
59773,2016-08-07,00:39:00,327,3,8669
59774,2016-08-07,00:40:00,411,1,263
59775,2016-08-07,00:49:00,335,3,5501
59776,2016-08-07,00:52:00,296,2,2312
59777,2016-08-07,00:55:00,385,4,1226
59778,2016-08-07,00:59:00,326,3,7203
59779,2016-08-07,01:00:00,426,3,1538
59780,2016-08-07,01:02:00,331,3,5940
59781,2016-08-07,01:10:00,283,2,846
59782,2016-08-07,01:17:00,239,2,6639
59783,2016-08-07,01:23:00,252,2,2466
59784,2016-08-07,01:24:00,111,4,2240
59785,2016-08-07,01:27:00,154,2,439
59786,2016-08-07,01:29:00,94,1,8298
59787,2016-08-07,01:34:00,427,1,1572
59788,2016-08-07,01:42:00,81,1,7908
59789,2016-08-07,01:58:00,243,4,4562
59790,2016-08-07,02:05:00,15,1,7554
59791,2016-08-07,02:05:00,248,2,3639
59792,2016-08-07,02:09:00,301,1,4728
59793,2016-08-07,02:10:00,271,2,6175
59794,2016-08-07,02:24:00,171,2,11256
59795,2016-08-07,02:39:00,134,1,2442
59796,2016-08-07,02:39:00,282,5,5453
59797,2016-08-07,03:02:00,18,3,467
59798,2016-08-07,03:04:00,134,3,8636
59799,2016-08-07,03:05:00,307,1,1943
59800,2016-08-07,03:09:00,115,1,9947
59801,2016-08-07,03:15:00,361,3,3849
59802,2016-08-07,03:17:00,172,2,3851
59803,2016-08-07,03:24:00,339,2,10538
59804,2016-08-07,03:37:00,42,1,3471
59805,2016-08-07,03:38:00,210,2,844
59806,2016-08-07,03:39:00,11,2,9184
59807,2016-08-07,03:44:00,60,1,3536
59808,2016-08-07,03:48:00,379,1,11301
59809,2016-08-07,03:50:00,333,2,7949
59810,2016-08-07,03:50:00,420,2,8582
59811,2016-08-07,03:51:00,75,1,3932
59812,2016-08-07,03:55:00,298,2,6306
59813,2016-08-07,03:56:00,328,1,309
59814,2016-08-07,04:01:00,246,3,11666
59815,2016-08-07,04:04:00,357,4,468
59816,2016-08-07,04:14:00,51,1,11941
59817,2016-08-07,04:25:00,93,3,703
59818,2016-08-07,04:27:00,195,2,2152
59819,2016-08-07,04:34:00,194,2,7802
59820,2016-08-07,04:39:00,260,4,3600
59821,2016-08-07,04:41:00,199,1,707
59822,2016-08-07,04:42:00,190,3,9807
59823,2016-08-07,04:42:00,436,3,10467
59824,2016-08-07,04:50:00,359,4,11841
59825,2016-08-07,04:50:00,3,3,10564
59826,2016-08-07,04:56:00,88,1,2120
59827,2016-08-07,04:58:00,428,2,8002
59828,2016-08-07,05:01:00,134,3,1181
59829,2016-08-07,05:02:00,66,2,10366
59830,2016-08-07,05:03:00,439,2,6967
59831,2016-08-07,05:07:00,238,1,6302
59832,2016-08-07,05:13:00,364,1,7306
59833,2016-08-07,05:18:00,57,1,6084
59834,2016-08-07,05:28:00,405,2,2884
59835,2016-08-07,05:33:00,178,1,5338
59836,2016-08-07,05:35:00,225,4,3526
59837,2016-08-07,05:40:00,185,3,3270
59838,2016-08-07,05:45:00,381,3,2833
59839,2016-08-07,05:45:00,159,2,1731
59840,2016-08-07,05:54:00,456,2,6950
59841,2016-08-07,06:02:00,182,2,3259
59842,2016-08-07,06:05:00,435,2,11403
59843,2016-08-07,06:17:00,172,1,10601
59844,2016-08-07,06:26:00,298,2,9792
59845,2016-08-07,06:29:00,186,2,11150
59846,2016-08-07,06:33:00,18,3,971
59847,2016-08-07,06:34:00,199,1,10059
59848,2016-08-07,06:36:00,57,1,7134
59849,2016-08-07,06:38:00,452,2,9541
59850,2016-08-07,06:45:00,195,3,5918
59851,2016-08-07,06:47:00,287,4,4758
59852,2016-08-07,06:49:00,108,2,11646
59853,2016-08-07,06:49:00,253,1,1304
59854,2016-08-07,06:55:00,355,3,168
59855,2016-08-07,06:59:00,347,2,1616
59856,2016-08-07,07:07:00,10,1,6304
59857,2016-08-07,07:09:00,456,1,6414
59858,2016-08-07,07:10:00,350,1,3189
59859,2016-08-07,07:13:00,421,2,8600
59860,2016-08-07,07:19:00,304,2,8455
59861,2016-08-07,07:21:00,190,2,11665
59862,2016-08-07,07:21:00,3,1,4233
59863,2016-08-07,07:25:00,439,2,10648
59864,2016-08-07,07:36:00,64,2,8113
59865,2016-08-07,07:37:00,371,2,8276
59866,2016-08-07,07:41:00,274,1,10617
59867,2016-08-07,07:43:00,28,3,4224
59868,2016-08-07,07:45:00,354,1,2136
59869,2016-08-07,07:54:00,104,1,5109
59870,2016-08-07,08:01:00,129,1,10952
59871,2016-08-07,08:10:00,131,2,3671
59872,2016-08-07,08:15:00,251,2,2793
59873,2016-08-07,08:22:00,419,1,87
59874,2016-08-07,08:23:00,1,1,2097
59875,2016-08-07,08:31:00,107,3,8015
59876,2016-08-07,08:34:00,137,1,866
59877,2016-08-07,08:39:00,219,2,10819
59878,2016-08-07,08:43:00,220,1,11056
59879,2016-08-07,08:57:00,179,5,1534
59880,2016-08-07,09:05:00,408,2,11846
59881,2016-08-07,09:07:00,80,2,6112
59882,2016-08-07,09:08:00,95,3,7817
59883,2016-08-07,09:08:00,269,3,8566
59884,2016-08-07,09:11:00,274,1,6613
59885,2016-08-07,09:19:00,280,1,4921
59886,2016-08-07,09:20:00,275,1,8467
59887,2016-08-07,09:22:00,302,2,547
59888,2016-08-07,09:29:00,235,2,11462
59889,2016-08-07,09:30:00,66,1,11006
59890,2016-08-07,09:30:00,385,3,1012
59891,2016-08-07,09:32:00,388,1,10090
59892,2016-08-07,09:34:00,51,2,3804
59893,2016-08-07,09:37:00,277,2,5203
59894,2016-08-07,09:43:00,401,1,281
59895,2016-08-07,09:54:00,374,2,2791
59896,2016-08-07,10:03:00,282,2,9471
59897,2016-08-07,10:03:00,361,3,2197
59898,2016-08-07,10:17:00,120,2,2342
59899,2016-08-07,10:21:00,159,3,4508
59900,2016-08-07,10:23:00,392,1,277
59901,2016-08-07,10:27:00,204,2,8793
59902,2016-08-07,10:28:00,206,1,2604
59903,2016-08-07,10:30:00,363,2,4997
59904,2016-08-07,10:39:00,316,1,8478
59905,2016-08-07,11:00:00,251,1,5229
59906,2016-08-07,11:03:00,241,2,3349
59907,2016-08-07,11:04:00,282,1,8404
59908,2016-08-07,11:09:00,246,1,10957
59909,2016-08-07,11:14:00,307,2,5106
59910,2016-08-07,11:24:00,395,1,212
59911,2016-08-07,11:31:00,414,2,1252
59912,2016-08-07,11:35:00,240,3,7807
59913,2016-08-07,11:35:00,131,1,1763
59914,2016-08-07,11:50:00,429,3,10256
59915,2016-08-07,11:53:00,133,2,10888
59916,2016-08-07,11:57:00,298,2,7514
59917,2016-08-07,12:05:00,78,5,640
59918,2016-08-07,12:07:00,313,2,2955
59919,2016-08-07,12:12:00,255,3,2455
59920,2016-08-07,12:14:00,293,3,3489
59921,2016-08-07,12:18:00,417,3,6062
59922,2016-08-07,12:18:00,190,2,4578
59923,2016-08-07,12:21:00,64,5,2577
59924,2016-08-07,12:27:00,386,1,9767
59925,2016-08-07,12:32:00,417,2,3553
59926,2016-08-07,12:33:00,131,1,2527
59927,2016-08-07,12:37:00,362,3,6257
59928,2016-08-07,12:49:00,371,4,11357
59929,2016-08-07,13:00:00,395,3,5958
59930,2016-08-07,13:02:00,78,3,6043
59931,2016-08-07,13:07:00,185,3,8092
59932,2016-08-07,13:10:00,372,1,6781
59933,2016-08-07,13:17:00,360,2,1089
59934,2016-08-07,13:19:00,402,1,11109
59935,2016-08-07,13:24:00,392,1,9469
59936,2016-08-07,13:30:00,451,2,6481
59937,2016-08-07,13:33:00,5,1,1635
59938,2016-08-07,13:37:00,233,2,8726
59939,2016-08-07,13:39:00,281,2,3773
59940,2016-08-07,13:41:00,82,3,8795
59941,2016-08-07,13:47:00,86,1,11230
59942,2016-08-07,13:47:00,449,3,2925
59943,2016-08-07,13:51:00,395,2,324
59944,2016-08-07,14:03:00,36,1,9175
59945,2016-08-07,14:08:00,230,2,5561
59946,2016-08-07,14:10:00,449,2,5006
59947,2016-08-07,14:21:00,164,1,8588
59948,2016-08-07,14:35:00,21,1,9274
59949,2016-08-07,14:37:00,172,1,1921
59950,2016-08-07,14:50:00,130,1,7339
59951,2016-08-07,14:55:00,84,1,1881
59952,2016-08-07,14:58:00,400,5,11769
59953,2016-08-07,15:02:00,332,2,2935
59954,2016-08-07,15:08:00,196,3,10848
59955,2016-08-07,15:17:00,443,1,2729
59956,2016-08-07,15:21:00,12,2,303
59957,2016-08-07,15:37:00,126,1,6860
59958,2016-08-07,15:42:00,196,3,7035
59959,2016-08-07,15:47:00,320,3,10126
59960,2016-08-07,15:54:00,169,2,5507
59961,2016-08-07,15:59:00,381,2,10618
59962,2016-08-07,16:03:00,319,2,3916
59963,2016-08-07,16:09:00,283,1,1172
59964,2016-08-07,16:09:00,298,1,7365
59965,2016-08-07,16:17:00,27,1,1960
59966,2016-08-07,16:17:00,297,1,4411
59967,2016-08-07,16:20:00,442,2,9712
59968,2016-08-07,16:27:00,339,2,2794
59969,2016-08-07,16:31:00,443,1,9408
59970,2016-08-07,16:35:00,413,3,1554
59971,2016-08-07,16:44:00,177,1,3010
59972,2016-08-07,16:51:00,109,3,3971
59973,2016-08-07,16:52:00,212,2,5346
59974,2016-08-07,16:59:00,112,2,96
59975,2016-08-07,17:08:00,155,1,11104
59976,2016-08-07,17:17:00,70,3,6666
59977,2016-08-07,17:20:00,313,3,904
59978,2016-08-07,17:28:00,279,3,9842
59979,2016-08-07,17:31:00,354,4,7604
59980,2016-08-07,17:32:00,225,3,8562
59981,2016-08-07,17:33:00,40,3,11729
59982,2016-08-07,17:40:00,373,2,1000
59983,2016-08-07,17:50:00,387,2,8295
59984,2016-08-07,17:51:00,334,3,8739
59985,2016-08-07,17:59:00,376,1,2297
59986,2016-08-07,18:06:00,218,2,6802
59987,2016-08-07,18:09:00,238,3,5548
59988,2016-08-07,18:16:00,292,2,11858
59989,2016-08-07,18:23:00,222,3,6445
59990,2016-08-07,18:38:00,63,2,8990
59991,2016-08-07,18:43:00,304,1,6259
59992,2016-08-07,18:49:00,64,1,9695
59993,2016-08-07,18:49:00,94,3,2821
59994,2016-08-07,18:56:00,210,4,4804
59995,2016-08-07,18:58:00,37,3,9052
59996,2016-08-07,18:58:00,95,1,8757
59997,2016-08-07,18:59:00,311,1,11220
59998,2016-08-07,19:06:00,427,4,8171
59999,2016-08-07,19:11:00,104,1,6522
60000,2016-08-07,19:18:00,456,1,7823
60001,2016-08-07,19:21:00,201,2,9592
60002,2016-08-07,19:29:00,287,3,5470
60003,2016-08-07,19:31:00,82,2,3863
60004,2016-08-07,19:32:00,214,6,6947
60005,2016-08-07,19:36:00,332,2,7473
60006,2016-08-07,19:38:00,383,2,5592
60007,2016-08-07,19:40:00,69,3,10324
60008,2016-08-07,19:41:00,332,2,7765
60009,2016-08-07,19:43:00,89,2,10763
60010,2016-08-07,19:50:00,370,3,5121
60011,2016-08-07,19:52:00,265,1,7518
60012,2016-08-07,19:53:00,347,2,6297
60013,2016-08-07,19:57:00,314,1,8780
60014,2016-08-07,20:13:00,257,2,9648
60015,2016-08-07,20:21:00,408,2,6551
60016,2016-08-07,20:22:00,235,1,3458
60017,2016-08-07,20:24:00,275,2,2730
60018,2016-08-07,20:25:00,330,2,10913
60019,2016-08-07,20:38:00,107,3,841
60020,2016-08-07,20:41:00,21,1,1685
60021,2016-08-07,20:58:00,143,2,1083
60022,2016-08-07,21:04:00,181,2,3508
60023,2016-08-07,21:05:00,276,3,4574
60024,2016-08-07,21:22:00,322,3,10642
60025,2016-08-07,21:28:00,103,2,9546
60026,2016-08-07,21:30:00,288,1,9420
60027,2016-08-07,21:34:00,292,2,5626
60028,2016-08-07,21:36:00,211,2,9871
60029,2016-08-07,21:43:00,302,1,4792
60030,2016-08-07,21:43:00,269,1,11637
60031,2016-08-07,21:45:00,249,2,9377
60032,2016-08-07,21:46:00,39,1,8566
60033,2016-08-07,21:47:00,441,2,5473
60034,2016-08-07,21:52:00,124,2,10737
60035,2016-08-07,21:53:00,80,2,1070
60036,2016-08-07,21:57:00,375,3,6707
60037,2016-08-07,22:04:00,236,2,1392
60038,2016-08-07,22:14:00,94,2,11087
60039,2016-08-07,22:29:00,117,3,2595
60040,2016-08-07,22:33:00,358,3,11201
60041,2016-08-07,22:43:00,64,5,2298
60042,2016-08-07,22:43:00,199,2,2632
60043,2016-08-07,22:44:00,247,1,9935
60044,2016-08-07,22:45:00,287,1,1418
60045,2016-08-07,22:58:00,298,3,325
60046,2016-08-07,23:00:00,213,2,6244
60047,2016-08-07,23:03:00,256,3,4842
60048,2016-08-07,23:04:00,246,4,7789
60049,2016-08-07,23:10:00,333,3,2379
60050,2016-08-07,23:10:00,161,2,4928
60051,2016-08-07,23:11:00,93,1,8064
60052,2016-08-07,23:12:00,347,1,10315
60053,2016-08-07,23:15:00,424,1,156
60054,2016-08-07,23:16:00,207,3,7421
60055,2016-08-07,23:24:00,438,1,6370
60056,2016-08-07,23:27:00,225,1,3669
60057,2016-08-07,23:41:00,436,4,8825
60058,2016-08-07,23:42:00,154,1,1952
60059,2016-08-07,23:42:00,338,1,2157
60060,2016-08-07,23:52:00,304,2,9365
60061,2016-08-07,23:57:00,166,2,2208
60062,2016-08-08,00:09:00,316,5,3298
60063,2016-08-08,00:12:00,393,2,5159
60064,2016-08-08,00:19:00,221,3,9043
60065,2016-08-08,00:25:00,458,1,4223
60066,2016-08-08,00:28:00,26,2,2478
60067,2016-08-08,00:37:00,268,3,155
60068,2016-08-08,00:39:00,203,3,9894
60069,2016-08-08,00:43:00,262,3,8471
60070,2016-08-08,00:46:00,81,3,7651
60071,2016-08-08,00:53:00,42,2,1741
60072,2016-08-08,00:54:00,410,1,1313
60073,2016-08-08,01:07:00,279,2,2179
60074,2016-08-08,01:08:00,146,3,3735
60075,2016-08-08,01:12:00,149,2,3241
60076,2016-08-08,01:14:00,78,4,9413
60077,2016-08-08,01:20:00,338,1,11516
60078,2016-08-08,01:22:00,272,2,7610
60079,2016-08-08,01:28:00,156,2,3234
60080,2016-08-08,01:28:00,248,2,4934
60081,2016-08-08,01:30:00,406,2,7763
60082,2016-08-08,01:34:00,429,1,10565
60083,2016-08-08,01:41:00,442,1,1423
60084,2016-08-08,01:42:00,28,2,6082
60085,2016-08-08,01:48:00,42,2,6414
60086,2016-08-08,01:50:00,170,2,10539
60087,2016-08-08,01:50:00,250,2,10107
60088,2016-08-08,01:59:00,347,4,11226
60089,2016-08-08,02:01:00,296,1,147
60090,2016-08-08,02:13:00,333,1,9236
60091,2016-08-08,02:19:00,356,4,8758
60092,2016-08-08,02:23:00,180,1,10201
60093,2016-08-08,02:29:00,207,1,4863
60094,2016-08-08,02:32:00,295,1,9857
60095,2016-08-08,02:36:00,371,2,10998
60096,2016-08-08,02:56:00,387,3,877
60097,2016-08-08,02:56:00,95,2,9938
60098,2016-08-08,03:18:00,116,2,1189
60099,2016-08-08,03:38:00,230,3,8708
60100,2016-08-08,03:39:00,382,3,7272
60101,2016-08-08,03:39:00,237,1,2691
60102,2016-08-08,03:43:00,208,2,10471
60103,2016-08-08,03:48:00,389,2,3649
60104,2016-08-08,03:59:00,153,3,3198
60105,2016-08-08,04:01:00,284,3,11558
60106,2016-08-08,04:03:00,144,1,6954
60107,2016-08-08,04:07:00,382,1,11350
60108,2016-08-08,04:11:00,292,1,10048
60109,2016-08-08,04:11:00,298,1,923
60110,2016-08-08,04:17:00,322,2,11820
60111,2016-08-08,04:24:00,353,2,8113
60112,2016-08-08,04:35:00,71,1,1201
60113,2016-08-08,04:40:00,18,1,11684
60114,2016-08-08,04:42:00,89,1,2094
60115,2016-08-08,04:53:00,25,1,10773
60116,2016-08-08,04:55:00,77,4,4858
60117,2016-08-08,05:07:00,90,4,5246
60118,2016-08-08,05:10:00,56,1,5432
60119,2016-08-08,05:11:00,301,4,2113
60120,2016-08-08,05:57:00,354,2,4419
60121,2016-08-08,05:58:00,419,2,5556
60122,2016-08-08,06:08:00,254,3,1172
60123,2016-08-08,06:08:00,433,2,10583
60124,2016-08-08,06:09:00,189,2,4724
60125,2016-08-08,06:10:00,416,1,8325
60126,2016-08-08,06:12:00,379,4,5193
60127,2016-08-08,06:13:00,363,2,7192
60128,2016-08-08,06:25:00,287,1,7972
60129,2016-08-08,06:27:00,423,2,6267
60130,2016-08-08,06:29:00,397,1,11184
60131,2016-08-08,06:34:00,326,3,8635
60132,2016-08-08,06:35:00,452,3,2873
60133,2016-08-08,06:36:00,181,3,4371
60134,2016-08-08,06:37:00,92,2,2906
60135,2016-08-08,06:43:00,124,2,3324
60136,2016-08-08,06:50:00,274,3,9807
60137,2016-08-08,06:51:00,55,1,9688
60138,2016-08-08,07:11:00,162,1,6322
60139,2016-08-08,07:12:00,213,2,10491
60140,2016-08-08,07:13:00,294,2,9971
60141,2016-08-08,07:16:00,435,3,7557
60142,2016-08-08,07:18:00,319,3,6441
60143,2016-08-08,07:20:00,210,3,2758
60144,2016-08-08,07:20:00,209,1,1444
60145,2016-08-08,07:21:00,93,3,802
60146,2016-08-08,07:22:00,200,2,2951
60147,2016-08-08,07:32:00,360,3,2998
60148,2016-08-08,07:36:00,97,1,9206
60149,2016-08-08,07:38:00,180,3,9199
60150,2016-08-08,07:46:00,152,1,795
60151,2016-08-08,07:57:00,325,2,6087
60152,2016-08-08,07:58:00,107,1,2347
60153,2016-08-08,08:02:00,184,3,4088
60154,2016-08-08,08:03:00,55,3,9985
60155,2016-08-08,08:15:00,334,1,978
60156,2016-08-08,08:20:00,200,6,4112
60157,2016-08-08,08:30:00,293,2,2240
60158,2016-08-08,08:47:00,192,5,10225
60159,2016-08-08,08:51:00,188,1,2554
60160,2016-08-08,09:05:00,179,3,6347
60161,2016-08-08,09:07:00,397,2,224
60162,2016-08-08,09:13:00,430,4,3189
60163,2016-08-08,09:15:00,433,2,10453
60164,2016-08-08,09:16:00,315,1,2631
60165,2016-08-08,09:18:00,349,3,5171
60166,2016-08-08,09:24:00,375,3,147
60167,2016-08-08,09:33:00,422,3,3327
60168,2016-08-08,09:33:00,35,1,10764
60169,2016-08-08,09:33:00,45,2,2484
60170,2016-08-08,09:37:00,146,1,4406
60171,2016-08-08,09:44:00,122,4,4871
60172,2016-08-08,09:45:00,117,3,5553
60173,2016-08-08,09:48:00,394,1,6457
60174,2016-08-08,10:10:00,159,2,4436
60175,2016-08-08,10:21:00,280,3,4405
60176,2016-08-08,10:31:00,166,3,11518
60177,2016-08-08,10:35:00,361,5,8661
60178,2016-08-08,10:46:00,189,3,2561
60179,2016-08-08,10:58:00,3,2,2753
60180,2016-08-08,11:09:00,292,5,10415
60181,2016-08-08,11:10:00,95,2,11404
60182,2016-08-08,11:14:00,215,3,7857
60183,2016-08-08,11:16:00,362,2,1476
60184,2016-08-08,11:24:00,111,4,4917
60185,2016-08-08,11:30:00,186,2,10152
60186,2016-08-08,11:32:00,38,3,6646
60187,2016-08-08,11:39:00,305,2,11226
60188,2016-08-08,11:45:00,154,3,1873
60189,2016-08-08,11:50:00,101,2,2973
60190,2016-08-08,11:54:00,253,3,5083
60191,2016-08-08,12:12:00,62,2,6804
60192,2016-08-08,12:29:00,65,2,9421
60193,2016-08-08,12:32:00,233,1,3207
60194,2016-08-08,12:41:00,114,1,7297
60195,2016-08-08,12:50:00,355,2,10180
60196,2016-08-08,12:52:00,98,2,8897
60197,2016-08-08,12:55:00,189,1,1292
60198,2016-08-08,12:56:00,115,1,610
60199,2016-08-08,12:58:00,334,2,1167
60200,2016-08-08,13:00:00,126,3,5014
60201,2016-08-08,13:06:00,216,3,9510
60202,2016-08-08,13:08:00,203,2,298
60203,2016-08-08,13:13:00,415,2,11798
60204,2016-08-08,13:14:00,97,2,3656
60205,2016-08-08,13:18:00,122,1,838
60206,2016-08-08,13:28:00,236,2,10292
60207,2016-08-08,13:30:00,359,1,1709
60208,2016-08-08,13:31:00,124,1,8833
60209,2016-08-08,13:46:00,79,1,10788
60210,2016-08-08,13:49:00,411,1,10478
60211,2016-08-08,13:49:00,399,2,11891
60212,2016-08-08,13:51:00,251,4,1818
60213,2016-08-08,13:54:00,440,4,3273
60214,2016-08-08,13:54:00,3,1,7553
60215,2016-08-08,14:11:00,14,3,645
60216,2016-08-08,14:12:00,126,2,5491
60217,2016-08-08,14:19:00,171,3,10652
60218,2016-08-08,14:41:00,426,1,1766
60219,2016-08-08,14:45:00,191,1,5383
60220,2016-08-08,14:59:00,416,1,2175
60221,2016-08-08,15:01:00,44,4,1084
60222,2016-08-08,15:02:00,27,1,1170
60223,2016-08-08,15:03:00,436,1,9107
60224,2016-08-08,15:06:00,141,3,4335
60225,2016-08-08,15:09:00,245,2,6281
60226,2016-08-08,15:12:00,341,2,7916
60227,2016-08-08,15:28:00,363,2,5690
60228,2016-08-08,15:30:00,262,4,2027
60229,2016-08-08,15:30:00,121,1,7979
60230,2016-08-08,15:32:00,307,1,11145
60231,2016-08-08,15:46:00,279,3,4879
60232,2016-08-08,15:46:00,445,2,8399
60233,2016-08-08,15:50:00,41,1,4398
60234,2016-08-08,15:58:00,354,2,8331
60235,2016-08-08,16:08:00,338,3,9001
60236,2016-08-08,16:14:00,90,2,10896
60237,2016-08-08,16:35:00,450,2,5206
60238,2016-08-08,16:37:00,391,1,3833
60239,2016-08-08,16:46:00,290,2,1682
60240,2016-08-08,16:49:00,132,1,2985
60241,2016-08-08,16:58:00,90,3,6216
60242,2016-08-08,17:04:00,274,2,10442
60243,2016-08-08,17:19:00,42,2,5914
60244,2016-08-08,17:22:00,142,1,3022
60245,2016-08-08,17:32:00,238,1,3230
60246,2016-08-08,17:32:00,242,2,6606
60247,2016-08-08,17:39:00,321,1,2375
60248,2016-08-08,17:42:00,420,1,9470
60249,2016-08-08,17:42:00,176,3,96
60250,2016-08-08,17:45:00,355,3,6261
60251,2016-08-08,17:48:00,289,2,4887
60252,2016-08-08,17:50:00,269,2,2291
60253,2016-08-08,17:52:00,424,3,6239
60254,2016-08-08,17:57:00,420,1,5012
60255,2016-08-08,18:01:00,111,2,3143
60256,2016-08-08,18:28:00,48,2,10280
60257,2016-08-08,18:33:00,355,1,3707
60258,2016-08-08,18:42:00,190,2,5323
60259,2016-08-08,18:44:00,419,1,2865
60260,2016-08-08,18:49:00,416,3,5432
60261,2016-08-08,18:53:00,396,2,9206
60262,2016-08-08,19:07:00,326,2,6709
60263,2016-08-08,19:26:00,428,3,4590
60264,2016-08-08,19:26:00,227,1,3605
60265,2016-08-08,19:34:00,374,2,4469
60266,2016-08-08,19:37:00,387,3,3857
60267,2016-08-08,19:54:00,8,1,3952
60268,2016-08-08,19:58:00,272,5,3433
60269,2016-08-08,20:05:00,46,2,3898
60270,2016-08-08,20:07:00,52,1,6511
60271,2016-08-08,20:10:00,274,3,3418
60272,2016-08-08,20:17:00,199,1,4631
60273,2016-08-08,20:22:00,377,2,7607
60274,2016-08-08,20:23:00,296,3,7167
60275,2016-08-08,20:29:00,106,1,10853
60276,2016-08-08,20:32:00,345,2,2245
60277,2016-08-08,20:35:00,54,2,2766
60278,2016-08-08,20:49:00,320,3,4899
60279,2016-08-08,20:53:00,201,5,465
60280,2016-08-08,20:59:00,81,1,6538
60281,2016-08-08,21:04:00,256,1,1714
60282,2016-08-08,21:06:00,200,1,9580
60283,2016-08-08,21:24:00,175,1,1525
60284,2016-08-08,21:29:00,29,2,7224
60285,2016-08-08,21:33:00,350,3,3299
60286,2016-08-08,21:34:00,455,3,5051
60287,2016-08-08,22:02:00,111,4,10961
60288,2016-08-08,22:06:00,420,5,10255
60289,2016-08-08,22:21:00,60,1,8807
60290,2016-08-08,22:23:00,437,1,11916
60291,2016-08-08,22:33:00,293,1,6463
60292,2016-08-08,22:49:00,389,1,9488
60293,2016-08-08,22:52:00,411,4,9827
60294,2016-08-08,22:53:00,217,2,5740
60295,2016-08-08,22:59:00,327,1,3618
60296,2016-08-08,23:20:00,9,2,11377
60297,2016-08-08,23:23:00,32,3,7190
60298,2016-08-08,23:34:00,128,1,4305
60299,2016-08-08,23:47:00,243,2,4025
60300,2016-08-08,23:51:00,254,2,7455
60301,2016-08-09,00:02:00,383,3,2814
60302,2016-08-09,00:03:00,307,1,1382
60303,2016-08-09,00:18:00,264,1,10314
60304,2016-08-09,00:21:00,302,1,8071
60305,2016-08-09,00:24:00,269,3,11335
60306,2016-08-09,00:30:00,284,2,6319
60307,2016-08-09,00:31:00,78,1,4860
60308,2016-08-09,00:42:00,320,2,6075
60309,2016-08-09,00:44:00,136,1,10286
60310,2016-08-09,00:44:00,360,1,2949
60311,2016-08-09,00:45:00,112,3,858
60312,2016-08-09,01:00:00,47,2,7380
60313,2016-08-09,01:04:00,405,2,7380
60314,2016-08-09,01:12:00,188,1,7390
60315,2016-08-09,01:16:00,310,1,2729
60316,2016-08-09,01:16:00,44,2,2390
60317,2016-08-09,01:16:00,267,2,4885
60318,2016-08-09,01:20:00,370,3,11616
60319,2016-08-09,01:20:00,222,2,9039
60320,2016-08-09,01:27:00,147,3,7229
60321,2016-08-09,01:28:00,86,1,3781
60322,2016-08-09,01:31:00,94,2,4502
60323,2016-08-09,01:32:00,75,4,8411
60324,2016-08-09,01:47:00,6,4,8316
60325,2016-08-09,01:56:00,147,2,3964
60326,2016-08-09,01:58:00,191,1,5976
60327,2016-08-09,02:03:00,438,3,9650
60328,2016-08-09,02:05:00,425,2,7406
60329,2016-08-09,02:28:00,235,4,4089
60330,2016-08-09,02:29:00,271,2,5098
60331,2016-08-09,02:40:00,431,1,5554
60332,2016-08-09,02:45:00,263,2,2929
60333,2016-08-09,02:46:00,181,1,5467
60334,2016-08-09,02:46:00,107,1,9085
60335,2016-08-09,02:47:00,176,2,3510
60336,2016-08-09,02:51:00,432,2,5050
60337,2016-08-09,02:55:00,153,2,10744
60338,2016-08-09,03:04:00,13,1,6940
60339,2016-08-09,03:06:00,397,2,6598
60340,2016-08-09,03:08:00,277,1,2934
60341,2016-08-09,03:14:00,152,1,11407
60342,2016-08-09,03:21:00,458,2,7483
60343,2016-08-09,03:24:00,68,1,9886
60344,2016-08-09,03:30:00,244,2,10352
60345,2016-08-09,03:31:00,238,1,486
60346,2016-08-09,03:44:00,290,5,10569
60347,2016-08-09,03:44:00,457,3,8616
60348,2016-08-09,03:44:00,66,2,11535
60349,2016-08-09,03:45:00,288,1,6685
60350,2016-08-09,03:55:00,187,3,5914
60351,2016-08-09,04:00:00,425,3,4557
60352,2016-08-09,04:22:00,429,3,9605
60353,2016-08-09,04:24:00,137,1,5330
60354,2016-08-09,04:26:00,330,2,11448
60355,2016-08-09,04:28:00,125,2,2254
60356,2016-08-09,04:34:00,78,2,4830
60357,2016-08-09,04:34:00,70,1,10657
60358,2016-08-09,04:36:00,244,1,6771
60359,2016-08-09,04:39:00,368,1,10309
60360,2016-08-09,04:54:00,348,3,6311
60361,2016-08-09,05:09:00,264,2,5255
60362,2016-08-09,05:22:00,217,1,8182
60363,2016-08-09,05:25:00,368,2,3858
60364,2016-08-09,05:26:00,97,2,1250
60365,2016-08-09,05:28:00,11,1,3996
60366,2016-08-09,05:38:00,86,2,1411
60367,2016-08-09,05:45:00,168,2,4766
60368,2016-08-09,05:51:00,180,2,1411
60369,2016-08-09,05:51:00,458,2,946
60370,2016-08-09,06:09:00,167,1,4573
60371,2016-08-09,06:11:00,106,2,5732
60372,2016-08-09,06:26:00,369,3,9621
60373,2016-08-09,06:26:00,346,2,10823
60374,2016-08-09,06:34:00,14,1,5998
60375,2016-08-09,06:35:00,9,4,4428
60376,2016-08-09,06:37:00,238,1,9911
60377,2016-08-09,06:42:00,10,2,4630
60378,2016-08-09,06:43:00,376,5,10381
60379,2016-08-09,06:48:00,423,4,2818
60380,2016-08-09,06:49:00,287,2,9321
60381,2016-08-09,06:50:00,5,2,7704
60382,2016-08-09,06:54:00,429,1,6177
60383,2016-08-09,06:57:00,420,4,7836
60384,2016-08-09,06:58:00,190,2,2682
60385,2016-08-09,07:11:00,418,1,744
60386,2016-08-09,07:19:00,116,1,7700
60387,2016-08-09,07:23:00,307,3,10188
60388,2016-08-09,07:24:00,167,4,4206
60389,2016-08-09,07:26:00,241,1,8357
60390,2016-08-09,07:27:00,184,2,4787
60391,2016-08-09,07:34:00,451,2,9174
60392,2016-08-09,07:35:00,26,1,3032
60393,2016-08-09,07:36:00,290,1,6924
60394,2016-08-09,07:40:00,275,1,7835
60395,2016-08-09,07:43:00,124,2,11466
60396,2016-08-09,08:00:00,17,2,9536
60397,2016-08-09,08:03:00,92,2,226
60398,2016-08-09,08:05:00,240,2,10243
60399,2016-08-09,08:12:00,324,3,4611
60400,2016-08-09,08:12:00,393,1,11563
60401,2016-08-09,08:25:00,46,4,11418
60402,2016-08-09,08:31:00,397,1,10884
60403,2016-08-09,08:41:00,230,3,4497
60404,2016-08-09,08:49:00,109,2,2632
60405,2016-08-09,08:52:00,124,2,5480
60406,2016-08-09,09:01:00,316,1,11804
60407,2016-08-09,09:04:00,200,2,9327
60408,2016-08-09,09:19:00,283,1,5837
60409,2016-08-09,09:29:00,238,1,5147
60410,2016-08-09,09:42:00,310,1,6128
60411,2016-08-09,09:42:00,252,2,10686
60412,2016-08-09,09:49:00,323,1,1200
60413,2016-08-09,10:00:00,405,2,7849
60414,2016-08-09,10:04:00,365,2,135
60415,2016-08-09,10:06:00,39,3,1095
60416,2016-08-09,10:08:00,178,3,10279
60417,2016-08-09,10:15:00,28,3,2770
60418,2016-08-09,10:15:00,121,1,4581
60419,2016-08-09,10:17:00,430,2,8926
60420,2016-08-09,10:22:00,65,1,4312
60421,2016-08-09,10:24:00,219,2,4585
60422,2016-08-09,10:25:00,453,1,8924
60423,2016-08-09,10:27:00,448,2,4765
60424,2016-08-09,10:31:00,351,2,9518
60425,2016-08-09,10:38:00,183,1,7490
60426,2016-08-09,10:38:00,151,3,4547
60427,2016-08-09,10:42:00,179,3,2647
60428,2016-08-09,10:43:00,125,1,1681
60429,2016-08-09,10:46:00,344,2,5557
60430,2016-08-09,10:49:00,247,1,1515
60431,2016-08-09,10:49:00,232,1,4265
60432,2016-08-09,11:05:00,22,2,8318
60433,2016-08-09,11:06:00,395,2,4891
60434,2016-08-09,11:19:00,61,1,2327
60435,2016-08-09,11:22:00,446,3,5111
60436,2016-08-09,11:39:00,192,1,7769
60437,2016-08-09,11:45:00,76,2,4644
60438,2016-08-09,11:50:00,458,3,7305
60439,2016-08-09,11:50:00,356,2,7325
60440,2016-08-09,11:59:00,289,2,10397
60441,2016-08-09,12:06:00,82,2,11831
60442,2016-08-09,12:09:00,99,3,9728
60443,2016-08-09,12:11:00,111,1,5164
60444,2016-08-09,12:16:00,4,3,2039
60445,2016-08-09,12:18:00,367,2,9001
60446,2016-08-09,12:19:00,4,2,11855
60447,2016-08-09,12:19:00,233,3,11596
60448,2016-08-09,12:20:00,169,1,6528
60449,2016-08-09,12:24:00,85,4,5254
60450,2016-08-09,12:27:00,121,4,11751
60451,2016-08-09,12:30:00,42,4,5248
60452,2016-08-09,12:34:00,275,1,8252
60453,2016-08-09,12:46:00,405,1,214
60454,2016-08-09,12:47:00,342,1,9904
60455,2016-08-09,12:52:00,1,2,6907
60456,2016-08-09,12:55:00,366,3,10447
60457,2016-08-09,12:57:00,403,2,10327
60458,2016-08-09,12:59:00,312,1,8221
60459,2016-08-09,13:08:00,429,2,3706
60460,2016-08-09,13:09:00,310,2,6023
60461,2016-08-09,13:10:00,39,2,9025
60462,2016-08-09,13:12:00,268,1,3064
60463,2016-08-09,13:17:00,366,4,7447
60464,2016-08-09,13:31:00,286,1,199
60465,2016-08-09,13:33:00,205,2,9957
60466,2016-08-09,13:40:00,285,3,10031
60467,2016-08-09,13:42:00,16,2,6091
60468,2016-08-09,13:47:00,458,3,3854
60469,2016-08-09,13:47:00,221,1,6659
60470,2016-08-09,13:47:00,170,1,2450
60471,2016-08-09,13:52:00,337,2,4763
60472,2016-08-09,13:56:00,326,2,3485
60473,2016-08-09,13:57:00,430,2,11572
60474,2016-08-09,14:01:00,40,3,4402
60475,2016-08-09,14:11:00,395,2,2091
60476,2016-08-09,14:19:00,140,2,1399
60477,2016-08-09,14:20:00,104,1,9517
60478,2016-08-09,14:27:00,68,3,10758
60479,2016-08-09,14:27:00,389,3,5339
60480,2016-08-09,14:29:00,52,2,6103
60481,2016-08-09,14:33:00,265,3,5531
60482,2016-08-09,14:44:00,124,2,11304
60483,2016-08-09,14:44:00,110,2,1650
60484,2016-08-09,14:53:00,42,1,3566
60485,2016-08-09,14:56:00,427,3,4109
60486,2016-08-09,15:03:00,431,3,7139
60487,2016-08-09,15:05:00,91,3,2173
60488,2016-08-09,15:10:00,420,1,3224
60489,2016-08-09,15:18:00,133,4,10833
60490,2016-08-09,15:32:00,217,2,10993
60491,2016-08-09,15:34:00,448,1,541
60492,2016-08-09,15:36:00,261,3,1
60493,2016-08-09,15:42:00,255,2,3430
60494,2016-08-09,15:42:00,189,1,1284
60495,2016-08-09,15:44:00,32,1,11730
60496,2016-08-09,15:46:00,277,4,1351
60497,2016-08-09,15:50:00,381,6,7895
60498,2016-08-09,15:56:00,1,1,2866
60499,2016-08-09,15:58:00,126,2,2157
60500,2016-08-09,15:58:00,335,2,10557
60501,2016-08-09,15:58:00,298,2,1926
60502,2016-08-09,15:58:00,41,1,343
60503,2016-08-09,16:06:00,106,2,1808
60504,2016-08-09,16:10:00,100,1,3363
60505,2016-08-09,16:13:00,376,4,6582
60506,2016-08-09,16:13:00,151,1,8884
60507,2016-08-09,16:13:00,449,1,8295
60508,2016-08-09,16:15:00,362,3,11452
60509,2016-08-09,16:32:00,331,3,124
60510,2016-08-09,17:07:00,234,1,6836
60511,2016-08-09,17:08:00,139,2,3798
60512,2016-08-09,17:20:00,161,2,5886
60513,2016-08-09,17:30:00,12,3,1105
60514,2016-08-09,17:31:00,49,1,3487
60515,2016-08-09,17:32:00,353,3,1975
60516,2016-08-09,17:32:00,32,1,4937
60517,2016-08-09,17:33:00,283,3,3349
60518,2016-08-09,17:42:00,306,2,2754
60519,2016-08-09,17:47:00,4,2,5535
60520,2016-08-09,18:01:00,79,1,2418
60521,2016-08-09,18:08:00,427,3,10403
60522,2016-08-09,18:20:00,432,4,7127
60523,2016-08-09,18:21:00,386,1,556
60524,2016-08-09,18:27:00,44,3,2984
60525,2016-08-09,18:29:00,224,3,6028
60526,2016-08-09,18:29:00,203,1,8110
60527,2016-08-09,18:32:00,60,3,10418
60528,2016-08-09,18:36:00,43,1,8285
60529,2016-08-09,18:39:00,92,2,10954
60530,2016-08-09,18:39:00,30,2,10976
60531,2016-08-09,18:39:00,147,1,5432
60532,2016-08-09,18:49:00,58,2,2397
60533,2016-08-09,18:59:00,352,2,5716
60534,2016-08-09,19:00:00,393,1,8874
60535,2016-08-09,19:09:00,260,4,5001
60536,2016-08-09,19:22:00,226,1,3858
60537,2016-08-09,19:24:00,108,1,1989
60538,2016-08-09,19:25:00,344,3,6038
60539,2016-08-09,19:27:00,373,2,3506
60540,2016-08-09,19:28:00,109,2,2507
60541,2016-08-09,19:39:00,296,1,3309
60542,2016-08-09,19:40:00,193,1,6429
60543,2016-08-09,19:43:00,269,3,9500
60544,2016-08-09,19:49:00,261,1,7293
60545,2016-08-09,19:51:00,230,3,11927
60546,2016-08-09,19:52:00,114,1,2196
60547,2016-08-09,19:54:00,236,1,11671
60548,2016-08-09,19:57:00,260,1,6673
60549,2016-08-09,20:02:00,136,3,3175
60550,2016-08-09,20:06:00,331,3,7843
60551,2016-08-09,20:10:00,44,2,8476
60552,2016-08-09,20:12:00,189,2,4326
60553,2016-08-09,20:22:00,320,3,1398
60554,2016-08-09,20:23:00,213,2,8607
60555,2016-08-09,20:30:00,52,2,10213
60556,2016-08-09,20:35:00,342,2,97
60557,2016-08-09,20:36:00,288,2,2250
60558,2016-08-09,20:39:00,375,2,7051
60559,2016-08-09,20:47:00,287,3,3310
60560,2016-08-09,20:47:00,344,4,5972
60561,2016-08-09,20:58:00,110,3,9572
60562,2016-08-09,21:00:00,376,3,3280
60563,2016-08-09,21:13:00,346,2,2046
60564,2016-08-09,21:16:00,19,2,8783
60565,2016-08-09,21:21:00,386,2,9628
60566,2016-08-09,21:24:00,385,4,4975
60567,2016-08-09,21:25:00,51,1,9699
60568,2016-08-09,21:27:00,144,1,5638
60569,2016-08-09,21:32:00,4,4,148
60570,2016-08-09,21:33:00,41,1,3485
60571,2016-08-09,21:38:00,209,1,5538
60572,2016-08-09,21:42:00,21,2,9204
60573,2016-08-09,21:43:00,368,3,9340
60574,2016-08-09,21:43:00,311,4,1598
60575,2016-08-09,21:47:00,435,1,11163
60576,2016-08-09,21:55:00,407,3,5860
60577,2016-08-09,21:57:00,20,3,11851
60578,2016-08-09,21:58:00,305,2,4420
60579,2016-08-09,21:58:00,115,3,1008
60580,2016-08-09,22:18:00,198,1,11435
60581,2016-08-09,22:18:00,84,1,2691
60582,2016-08-09,22:18:00,32,3,7214
60583,2016-08-09,22:19:00,74,3,2182
60584,2016-08-09,22:19:00,107,2,1085
60585,2016-08-09,22:33:00,164,2,8270
60586,2016-08-09,22:38:00,298,1,2110
60587,2016-08-09,22:40:00,61,1,799
60588,2016-08-09,22:45:00,126,2,11996
60589,2016-08-09,22:45:00,334,3,5113
60590,2016-08-09,22:49:00,304,2,2726
60591,2016-08-09,22:50:00,170,3,6194
60592,2016-08-09,22:50:00,457,1,1076
60593,2016-08-09,22:50:00,414,1,8011
60594,2016-08-09,23:02:00,449,2,4925
60595,2016-08-09,23:02:00,38,1,2416
60596,2016-08-09,23:16:00,325,2,5176
60597,2016-08-09,23:16:00,190,2,2713
60598,2016-08-09,23:33:00,213,1,10602
60599,2016-08-09,23:47:00,89,1,6133
60600,2016-08-09,23:49:00,138,2,954
60601,2016-08-09,23:59:00,297,1,8500
60602,2016-08-10,00:00:00,101,2,3193
60603,2016-08-10,00:04:00,451,2,8768
60604,2016-08-10,00:09:00,386,2,4797
60605,2016-08-10,00:18:00,413,2,9407
60606,2016-08-10,00:28:00,364,4,10060
60607,2016-08-10,00:30:00,398,3,8347
60608,2016-08-10,00:38:00,66,1,10958
60609,2016-08-10,00:47:00,423,2,8555
60610,2016-08-10,00:50:00,341,1,11335
60611,2016-08-10,00:57:00,31,3,3299
60612,2016-08-10,00:57:00,182,3,3356
60613,2016-08-10,01:00:00,416,1,7872
60614,2016-08-10,01:03:00,101,2,10689
60615,2016-08-10,01:19:00,208,2,249
60616,2016-08-10,01:28:00,290,1,4346
60617,2016-08-10,01:31:00,435,1,6303
60618,2016-08-10,01:34:00,275,1,2820
60619,2016-08-10,01:37:00,115,3,7116
60620,2016-08-10,01:40:00,319,3,10503
60621,2016-08-10,01:42:00,265,1,7104
60622,2016-08-10,01:55:00,186,1,9120
60623,2016-08-10,01:57:00,349,1,6676
60624,2016-08-10,02:11:00,28,3,7295
60625,2016-08-10,02:23:00,376,1,4748
60626,2016-08-10,02:33:00,73,4,11050
60627,2016-08-10,02:34:00,13,3,1072
60628,2016-08-10,02:45:00,202,1,5947
60629,2016-08-10,02:49:00,240,3,11901
60630,2016-08-10,02:51:00,156,2,3416
60631,2016-08-10,02:52:00,356,3,7911
60632,2016-08-10,02:55:00,12,1,1495
60633,2016-08-10,02:56:00,226,3,11426
60634,2016-08-10,03:02:00,199,4,6828
60635,2016-08-10,03:04:00,347,3,2798
60636,2016-08-10,03:06:00,36,3,3240
60637,2016-08-10,03:09:00,402,1,479
60638,2016-08-10,03:09:00,313,1,4299
60639,2016-08-10,03:11:00,257,1,8768
60640,2016-08-10,03:11:00,277,2,1453
60641,2016-08-10,03:17:00,118,1,10728
60642,2016-08-10,03:26:00,344,1,3294
60643,2016-08-10,03:29:00,24,1,4192
60644,2016-08-10,03:35:00,199,4,6050
60645,2016-08-10,03:54:00,313,5,11687
60646,2016-08-10,03:57:00,374,3,10217
60647,2016-08-10,04:03:00,361,3,6955
60648,2016-08-10,04:16:00,66,3,6340
60649,2016-08-10,04:22:00,87,2,10135
60650,2016-08-10,04:22:00,249,3,5783
60651,2016-08-10,04:24:00,297,2,2423
60652,2016-08-10,04:25:00,286,2,1933
60653,2016-08-10,04:37:00,393,3,8240
60654,2016-08-10,04:44:00,152,3,4924
60655,2016-08-10,04:45:00,98,1,5410
60656,2016-08-10,04:48:00,279,4,10219
60657,2016-08-10,04:51:00,253,2,8358
60658,2016-08-10,05:00:00,133,1,10680
60659,2016-08-10,05:04:00,271,1,5722
60660,2016-08-10,05:05:00,319,3,4698
60661,2016-08-10,05:07:00,233,1,11617
60662,2016-08-10,05:07:00,455,1,10331
60663,2016-08-10,05:12:00,236,5,9821
60664,2016-08-10,05:13:00,210,2,6334
60665,2016-08-10,05:13:00,450,3,11075
60666,2016-08-10,05:17:00,341,3,3458
60667,2016-08-10,05:20:00,192,1,10117
60668,2016-08-10,05:21:00,295,1,3233
60669,2016-08-10,05:35:00,161,2,15
60670,2016-08-10,05:37:00,48,2,2288
60671,2016-08-10,05:40:00,370,2,10630
60672,2016-08-10,05:44:00,9,2,1289
60673,2016-08-10,05:45:00,104,2,10708
60674,2016-08-10,05:47:00,59,1,6715
60675,2016-08-10,05:54:00,107,2,1921
60676,2016-08-10,05:55:00,147,3,782
60677,2016-08-10,05:58:00,434,1,8209
60678,2016-08-10,06:01:00,239,3,4733
60679,2016-08-10,06:03:00,198,2,7384
60680,2016-08-10,06:10:00,294,3,1360
60681,2016-08-10,06:11:00,276,3,1444
60682,2016-08-10,06:14:00,312,1,4676
60683,2016-08-10,06:15:00,231,2,6741
60684,2016-08-10,06:19:00,59,3,193
60685,2016-08-10,06:20:00,177,2,3912
60686,2016-08-10,06:22:00,96,6,6723
60687,2016-08-10,06:23:00,169,2,1605
60688,2016-08-10,06:26:00,59,4,5045
60689,2016-08-10,06:31:00,24,1,2857
60690,2016-08-10,06:32:00,89,2,11040
60691,2016-08-10,06:40:00,303,2,4499
60692,2016-08-10,06:40:00,67,3,5736
60693,2016-08-10,06:42:00,40,4,8226
60694,2016-08-10,06:46:00,2,1,6944
60695,2016-08-10,06:54:00,202,2,246
60696,2016-08-10,07:03:00,196,3,6029
60697,2016-08-10,07:09:00,422,2,2901
60698,2016-08-10,07:13:00,450,4,7237
60699,2016-08-10,07:14:00,402,1,7042
60700,2016-08-10,07:19:00,33,1,7566
60701,2016-08-10,07:28:00,33,3,4596
60702,2016-08-10,07:29:00,76,1,374
60703,2016-08-10,07:48:00,40,2,10257
60704,2016-08-10,07:53:00,91,2,2854
60705,2016-08-10,07:54:00,117,1,5917
60706,2016-08-10,07:57:00,313,2,3092
60707,2016-08-10,08:01:00,394,2,5772
60708,2016-08-10,08:03:00,130,3,5983
60709,2016-08-10,08:07:00,260,3,2461
60710,2016-08-10,08:21:00,380,2,2621
60711,2016-08-10,08:21:00,257,1,10838
60712,2016-08-10,08:33:00,363,1,8952
60713,2016-08-10,08:43:00,429,3,3207
60714,2016-08-10,08:43:00,15,2,9715
60715,2016-08-10,08:50:00,169,1,107
60716,2016-08-10,08:53:00,88,1,10942
60717,2016-08-10,09:00:00,241,1,5759
60718,2016-08-10,09:02:00,347,1,8254
60719,2016-08-10,09:10:00,103,1,6123
60720,2016-08-10,09:19:00,250,1,11726
60721,2016-08-10,09:21:00,210,3,8468
60722,2016-08-10,09:26:00,458,2,7795
60723,2016-08-10,09:48:00,235,2,11112
60724,2016-08-10,09:49:00,21,1,6453
60725,2016-08-10,09:51:00,448,1,6446
60726,2016-08-10,10:01:00,392,2,4006
60727,2016-08-10,10:09:00,42,2,8809
60728,2016-08-10,10:20:00,428,4,5625
60729,2016-08-10,10:25:00,440,1,2540
60730,2016-08-10,10:32:00,375,4,5360
60731,2016-08-10,10:41:00,3,3,7428
60732,2016-08-10,10:44:00,91,1,10449
60733,2016-08-10,10:49:00,101,1,1835
60734,2016-08-10,10:57:00,9,3,8712
60735,2016-08-10,11:08:00,59,1,822
60736,2016-08-10,11:08:00,307,2,8639
60737,2016-08-10,11:23:00,221,3,4575
60738,2016-08-10,11:25:00,6,1,9536
60739,2016-08-10,11:37:00,116,3,993
60740,2016-08-10,11:40:00,159,1,377
60741,2016-08-10,11:52:00,362,2,10859
60742,2016-08-10,11:54:00,210,1,2085
60743,2016-08-10,11:56:00,282,1,1896
60744,2016-08-10,11:59:00,57,3,5145
60745,2016-08-10,12:09:00,90,1,1242
60746,2016-08-10,12:10:00,212,2,3881
60747,2016-08-10,12:24:00,323,2,3757
60748,2016-08-10,12:26:00,170,1,10297
60749,2016-08-10,12:27:00,362,6,382
60750,2016-08-10,12:36:00,439,2,6228
60751,2016-08-10,12:39:00,262,2,10885
60752,2016-08-10,12:56:00,297,2,6082
60753,2016-08-10,13:01:00,347,2,4618
60754,2016-08-10,13:02:00,225,2,11035
60755,2016-08-10,13:05:00,79,2,730
60756,2016-08-10,13:08:00,285,3,10834
60757,2016-08-10,13:13:00,160,1,621
60758,2016-08-10,13:16:00,228,1,3655
60759,2016-08-10,13:18:00,58,1,9742
60760,2016-08-10,13:20:00,118,2,9147
60761,2016-08-10,13:21:00,392,2,5919
60762,2016-08-10,13:38:00,235,2,10861
60763,2016-08-10,13:40:00,56,1,6146
60764,2016-08-10,13:50:00,211,1,4788
60765,2016-08-10,14:00:00,363,2,9303
60766,2016-08-10,14:02:00,56,3,725
60767,2016-08-10,14:02:00,81,2,2083
60768,2016-08-10,14:17:00,286,3,9075
60769,2016-08-10,14:20:00,199,1,411
60770,2016-08-10,14:22:00,8,2,2747
60771,2016-08-10,14:29:00,136,2,3873
60772,2016-08-10,14:34:00,15,1,8003
60773,2016-08-10,14:38:00,165,4,9929
60774,2016-08-10,14:41:00,3,2,2383
60775,2016-08-10,14:41:00,436,3,5599
60776,2016-08-10,14:50:00,244,1,2943
60777,2016-08-10,14:52:00,230,2,7986
60778,2016-08-10,14:54:00,87,2,10935
60779,2016-08-10,15:02:00,80,1,6885
60780,2016-08-10,15:05:00,12,4,6940
60781,2016-08-10,15:07:00,376,4,8739
60782,2016-08-10,15:15:00,118,2,907
60783,2016-08-10,15:27:00,392,3,4108
60784,2016-08-10,15:35:00,81,3,11892
60785,2016-08-10,15:35:00,428,2,9620
60786,2016-08-10,15:37:00,93,2,3826
60787,2016-08-10,15:39:00,59,2,276
60788,2016-08-10,15:51:00,393,3,5733
60789,2016-08-10,16:13:00,66,2,1762
60790,2016-08-10,16:15:00,14,1,836
60791,2016-08-10,16:16:00,430,2,11693
60792,2016-08-10,16:19:00,214,3,10632
60793,2016-08-10,16:20:00,155,2,1167
60794,2016-08-10,16:23:00,410,2,9002
60795,2016-08-10,16:23:00,267,4,6174
60796,2016-08-10,16:27:00,66,1,3399
60797,2016-08-10,16:41:00,171,2,4477
60798,2016-08-10,16:46:00,220,3,3206
60799,2016-08-10,16:57:00,155,3,6759
60800,2016-08-10,16:59:00,100,3,7374
60801,2016-08-10,17:03:00,295,1,9842
60802,2016-08-10,17:15:00,246,2,2400
60803,2016-08-10,17:22:00,222,1,3784
60804,2016-08-10,17:22:00,11,2,1589
60805,2016-08-10,17:23:00,407,1,8680
60806,2016-08-10,17:24:00,306,2,8912
60807,2016-08-10,17:27:00,144,3,11238
60808,2016-08-10,17:28:00,247,1,5638
60809,2016-08-10,17:45:00,281,2,599
60810,2016-08-10,17:55:00,433,2,1875
60811,2016-08-10,17:59:00,155,3,2767
60812,2016-08-10,18:06:00,320,2,2091
60813,2016-08-10,18:14:00,45,2,480
60814,2016-08-10,18:18:00,25,3,11056
60815,2016-08-10,18:20:00,91,1,6286
60816,2016-08-10,18:21:00,37,1,4819
60817,2016-08-10,18:26:00,324,2,248
60818,2016-08-10,18:30:00,276,2,8358
60819,2016-08-10,18:35:00,41,1,10971
60820,2016-08-10,18:41:00,249,3,7289
60821,2016-08-10,18:42:00,302,2,1599
60822,2016-08-10,18:42:00,144,1,2562
60823,2016-08-10,18:44:00,238,1,4561
60824,2016-08-10,18:46:00,86,2,2824
60825,2016-08-10,18:48:00,372,3,1646
60826,2016-08-10,19:13:00,403,3,11417
60827,2016-08-10,19:16:00,370,3,3034
60828,2016-08-10,19:21:00,112,2,11158
60829,2016-08-10,19:27:00,369,2,701
60830,2016-08-10,19:47:00,389,1,6142
60831,2016-08-10,19:50:00,275,2,3412
60832,2016-08-10,19:54:00,242,1,10472
60833,2016-08-10,20:05:00,67,1,4162
60834,2016-08-10,20:08:00,274,3,6050
60835,2016-08-10,20:21:00,242,3,6797
60836,2016-08-10,20:24:00,196,2,9844
60837,2016-08-10,20:27:00,439,5,11738
60838,2016-08-10,20:29:00,149,4,1779
60839,2016-08-10,20:30:00,78,1,10820
60840,2016-08-10,20:30:00,399,3,7588
60841,2016-08-10,20:41:00,71,2,4505
60842,2016-08-10,20:43:00,43,1,4815
60843,2016-08-10,20:47:00,428,3,7448
60844,2016-08-10,21:02:00,17,3,9347
60845,2016-08-10,21:04:00,1,1,9945
60846,2016-08-10,21:11:00,326,1,8952
60847,2016-08-10,21:18:00,271,2,3102
60848,2016-08-10,21:19:00,225,2,10327
60849,2016-08-10,21:24:00,165,1,8136
60850,2016-08-10,21:26:00,284,1,11162
60851,2016-08-10,21:44:00,165,2,5504
60852,2016-08-10,21:48:00,348,1,5625
60853,2016-08-10,21:50:00,202,2,3849
60854,2016-08-10,22:00:00,153,1,1312
60855,2016-08-10,22:02:00,90,1,1357
60856,2016-08-10,22:02:00,51,2,10055
60857,2016-08-10,22:14:00,236,2,458
60858,2016-08-10,22:22:00,141,3,477
60859,2016-08-10,22:26:00,356,1,4400
60860,2016-08-10,22:42:00,429,2,4401
60861,2016-08-10,22:43:00,251,1,11374
60862,2016-08-10,22:44:00,153,1,9341
60863,2016-08-10,22:45:00,370,1,326
60864,2016-08-10,22:46:00,196,1,4138
60865,2016-08-10,22:54:00,328,2,3502
60866,2016-08-10,22:58:00,33,1,10851
60867,2016-08-10,23:00:00,112,1,181
60868,2016-08-10,23:04:00,11,3,2283
60869,2016-08-10,23:05:00,199,2,5124
60870,2016-08-10,23:05:00,314,1,10545
60871,2016-08-10,23:07:00,63,1,7937
60872,2016-08-10,23:10:00,301,3,3876
60873,2016-08-10,23:11:00,201,2,10372
60874,2016-08-10,23:13:00,115,2,8375
60875,2016-08-10,23:13:00,254,1,600
60876,2016-08-10,23:25:00,193,3,5751
60877,2016-08-10,23:27:00,41,1,10130
60878,2016-08-10,23:29:00,140,4,10484
60879,2016-08-10,23:43:00,148,1,182
60880,2016-08-10,23:43:00,380,1,8058
60881,2016-08-10,23:50:00,301,2,8599
60882,2016-08-10,23:50:00,9,3,8498
60883,2016-08-10,23:52:00,308,3,10359
60884,2016-08-10,23:56:00,203,2,2888
60885,2016-08-11,00:03:00,300,2,3184
60886,2016-08-11,00:04:00,332,2,7904
60887,2016-08-11,00:09:00,309,1,10768
60888,2016-08-11,00:11:00,400,1,11685
60889,2016-08-11,00:17:00,256,2,8867
60890,2016-08-11,00:20:00,437,2,11881
60891,2016-08-11,00:21:00,54,4,2035
60892,2016-08-11,00:21:00,313,3,1967
60893,2016-08-11,00:24:00,51,2,9406
60894,2016-08-11,00:32:00,341,2,10630
60895,2016-08-11,00:39:00,232,2,4375
60896,2016-08-11,00:40:00,148,2,6934
60897,2016-08-11,00:42:00,255,5,273
60898,2016-08-11,00:56:00,178,1,1450
60899,2016-08-11,00:57:00,103,2,7316
60900,2016-08-11,01:02:00,154,2,9990
60901,2016-08-11,01:05:00,236,2,8217
60902,2016-08-11,01:05:00,305,2,9731
60903,2016-08-11,01:16:00,168,2,303
60904,2016-08-11,01:19:00,315,2,9266
60905,2016-08-11,01:28:00,72,5,1943
60906,2016-08-11,01:36:00,273,2,11757
60907,2016-08-11,01:45:00,307,5,5832
60908,2016-08-11,01:51:00,38,2,4317
60909,2016-08-11,02:05:00,408,2,10014
60910,2016-08-11,02:07:00,354,1,6135
60911,2016-08-11,02:12:00,127,4,4983
60912,2016-08-11,02:13:00,117,1,11152
60913,2016-08-11,02:15:00,121,2,4877
60914,2016-08-11,02:21:00,218,2,5391
60915,2016-08-11,02:21:00,420,3,6345
60916,2016-08-11,02:32:00,181,3,11607
60917,2016-08-11,02:44:00,415,1,1098
60918,2016-08-11,02:49:00,59,1,7931
60919,2016-08-11,02:50:00,220,3,2102
60920,2016-08-11,02:54:00,190,3,2637
60921,2016-08-11,03:05:00,452,1,3118
60922,2016-08-11,03:06:00,280,2,6637
60923,2016-08-11,03:12:00,397,1,3148
60924,2016-08-11,03:17:00,400,2,5406
60925,2016-08-11,03:19:00,84,1,1208
60926,2016-08-11,03:31:00,255,2,11102
60927,2016-08-11,03:34:00,130,1,1185
60928,2016-08-11,03:36:00,451,3,8897
60929,2016-08-11,03:43:00,265,1,10130
60930,2016-08-11,03:44:00,145,1,8507
60931,2016-08-11,03:44:00,420,2,8877
60932,2016-08-11,03:49:00,66,2,10261
60933,2016-08-11,03:49:00,443,1,9378
60934,2016-08-11,03:51:00,172,1,6826
60935,2016-08-11,03:58:00,140,1,4794
60936,2016-08-11,04:01:00,180,1,3638
60937,2016-08-11,04:12:00,218,1,2927
60938,2016-08-11,04:17:00,106,1,11373
60939,2016-08-11,04:18:00,433,1,10684
60940,2016-08-11,04:19:00,385,5,4344
60941,2016-08-11,04:21:00,376,2,2612
60942,2016-08-11,04:23:00,139,2,5317
60943,2016-08-11,04:37:00,340,1,2826
60944,2016-08-11,04:38:00,401,2,8926
60945,2016-08-11,04:41:00,110,2,5151
60946,2016-08-11,04:44:00,278,1,1982
60947,2016-08-11,04:57:00,7,1,1521
60948,2016-08-11,04:59:00,124,1,4416
60949,2016-08-11,05:02:00,431,1,1992
60950,2016-08-11,05:04:00,224,3,10750
60951,2016-08-11,05:05:00,166,3,4396
60952,2016-08-11,05:07:00,107,1,7071
60953,2016-08-11,05:16:00,132,3,3904
60954,2016-08-11,05:18:00,134,2,647
60955,2016-08-11,05:22:00,141,1,9766
60956,2016-08-11,05:25:00,213,1,1002
60957,2016-08-11,05:26:00,127,2,377
60958,2016-08-11,05:34:00,312,4,11483
60959,2016-08-11,05:39:00,422,2,2697
60960,2016-08-11,05:51:00,47,2,8223
60961,2016-08-11,05:54:00,429,2,2873
60962,2016-08-11,05:57:00,278,1,6492
60963,2016-08-11,06:06:00,174,2,3005
60964,2016-08-11,06:13:00,331,2,2943
60965,2016-08-11,06:14:00,108,2,10546
60966,2016-08-11,06:21:00,169,1,4995
60967,2016-08-11,06:25:00,346,1,11525
60968,2016-08-11,06:29:00,94,1,282
60969,2016-08-11,06:31:00,397,3,4191
60970,2016-08-11,06:33:00,364,1,2358
60971,2016-08-11,06:47:00,180,2,10022
60972,2016-08-11,06:47:00,37,3,7637
60973,2016-08-11,06:49:00,340,4,1106
60974,2016-08-11,06:54:00,23,2,9385
60975,2016-08-11,06:57:00,370,1,1264
60976,2016-08-11,07:05:00,199,1,3667
60977,2016-08-11,07:09:00,96,2,1384
60978,2016-08-11,07:44:00,314,2,11006
60979,2016-08-11,07:46:00,4,1,7409
60980,2016-08-11,07:49:00,55,1,966
60981,2016-08-11,07:52:00,26,2,3285
60982,2016-08-11,07:52:00,152,1,3578
60983,2016-08-11,08:06:00,218,3,4003
60984,2016-08-11,08:14:00,34,3,4189
60985,2016-08-11,08:27:00,367,1,8877
60986,2016-08-11,08:30:00,20,4,8250
60987,2016-08-11,08:36:00,223,3,1887
60988,2016-08-11,08:37:00,31,1,6562
60989,2016-08-11,08:39:00,233,2,1320
60990,2016-08-11,08:43:00,42,1,2407
60991,2016-08-11,08:43:00,385,3,1486
60992,2016-08-11,08:45:00,431,2,6453
60993,2016-08-11,08:47:00,267,3,2833
60994,2016-08-11,09:00:00,12,3,7977
60995,2016-08-11,09:00:00,2,1,1343
60996,2016-08-11,09:06:00,146,2,4012
60997,2016-08-11,09:09:00,322,1,8981
60998,2016-08-11,09:11:00,12,2,10306
60999,2016-08-11,09:13:00,86,2,580
61000,2016-08-11,09:15:00,275,2,8752
61001,2016-08-11,09:18:00,53,2,3588
61002,2016-08-11,09:19:00,106,2,1479
61003,2016-08-11,09:36:00,39,1,593
61004,2016-08-11,09:37:00,414,3,2774
61005,2016-08-11,09:55:00,226,2,1306
61006,2016-08-11,09:57:00,81,1,6680
61007,2016-08-11,10:05:00,14,2,7548
61008,2016-08-11,10:06:00,140,1,1780
61009,2016-08-11,10:07:00,47,1,10903
61010,2016-08-11,10:12:00,203,2,6169
61011,2016-08-11,10:22:00,340,2,11489
61012,2016-08-11,10:26:00,7,1,4089
61013,2016-08-11,10:33:00,233,2,512
61014,2016-08-11,10:36:00,396,1,3751
61015,2016-08-11,10:46:00,356,2,3435
61016,2016-08-11,10:47:00,302,3,6960
61017,2016-08-11,10:49:00,33,2,11071
61018,2016-08-11,10:52:00,99,2,4065
61019,2016-08-11,10:58:00,225,3,9120
61020,2016-08-11,11:10:00,249,2,4003
61021,2016-08-11,11:11:00,418,3,11282
61022,2016-08-11,11:13:00,49,1,2050
61023,2016-08-11,11:21:00,14,3,3964
61024,2016-08-11,11:25:00,347,1,8719
61025,2016-08-11,11:33:00,117,1,4311
61026,2016-08-11,11:39:00,419,1,7619
61027,2016-08-11,11:48:00,187,1,1443
61028,2016-08-11,11:49:00,116,1,3075
61029,2016-08-11,11:54:00,353,3,10175
61030,2016-08-11,12:02:00,28,2,2011
61031,2016-08-11,12:08:00,49,1,10302
61032,2016-08-11,12:19:00,304,2,8329
61033,2016-08-11,12:26:00,367,1,7342
61034,2016-08-11,12:29:00,348,4,10334
61035,2016-08-11,12:36:00,335,2,8303
61036,2016-08-11,12:46:00,192,2,8676
61037,2016-08-11,12:55:00,362,1,8849
61038,2016-08-11,13:08:00,240,3,9122
61039,2016-08-11,13:08:00,255,3,1635
61040,2016-08-11,13:10:00,51,2,7023
61041,2016-08-11,13:12:00,346,2,1518
61042,2016-08-11,13:20:00,64,2,8749
61043,2016-08-11,13:32:00,376,2,11335
61044,2016-08-11,13:32:00,379,1,6379
61045,2016-08-11,13:38:00,367,1,10590
61046,2016-08-11,13:44:00,407,1,2251
61047,2016-08-11,13:49:00,92,3,7304
61048,2016-08-11,13:55:00,445,1,10566
61049,2016-08-11,13:55:00,182,3,11079
61050,2016-08-11,13:57:00,204,3,8815
61051,2016-08-11,13:59:00,12,3,11588
61052,2016-08-11,14:03:00,234,1,5311
61053,2016-08-11,14:06:00,446,2,3546
61054,2016-08-11,14:07:00,147,2,5692
61055,2016-08-11,14:10:00,128,3,4281
61056,2016-08-11,14:14:00,230,4,806
61057,2016-08-11,14:36:00,54,2,8168
61058,2016-08-11,14:42:00,363,1,3374
61059,2016-08-11,14:48:00,208,1,9306
61060,2016-08-11,15:06:00,283,4,7834
61061,2016-08-11,15:06:00,60,3,11624
61062,2016-08-11,15:13:00,92,2,8449
61063,2016-08-11,15:22:00,24,3,9873
61064,2016-08-11,15:25:00,59,3,4327
61065,2016-08-11,15:30:00,182,2,62
61066,2016-08-11,15:30:00,442,2,3436
61067,2016-08-11,15:31:00,15,1,1432
61068,2016-08-11,15:33:00,401,1,7136
61069,2016-08-11,15:35:00,220,3,8018
61070,2016-08-11,15:36:00,229,1,1618
61071,2016-08-11,15:43:00,371,2,6153
61072,2016-08-11,15:44:00,280,2,10843
61073,2016-08-11,16:11:00,399,2,9149
61074,2016-08-11,16:13:00,163,3,746
61075,2016-08-11,16:13:00,327,1,4403
61076,2016-08-11,16:15:00,327,1,9336
61077,2016-08-11,16:16:00,97,2,9672
61078,2016-08-11,16:21:00,116,4,2007
61079,2016-08-11,16:30:00,448,1,6813
61080,2016-08-11,16:31:00,219,2,3265
61081,2016-08-11,16:33:00,335,4,8926
61082,2016-08-11,16:34:00,256,5,6971
61083,2016-08-11,16:38:00,36,3,11528
61084,2016-08-11,16:39:00,368,2,11417
61085,2016-08-11,16:42:00,95,1,5472
61086,2016-08-11,16:42:00,107,1,1256
61087,2016-08-11,16:46:00,179,1,2331
61088,2016-08-11,16:48:00,10,1,2922
61089,2016-08-11,16:52:00,422,2,11543
61090,2016-08-11,17:01:00,194,2,5369
61091,2016-08-11,17:03:00,153,2,10718
61092,2016-08-11,17:11:00,256,1,7560
61093,2016-08-11,17:21:00,127,1,5706
61094,2016-08-11,17:24:00,90,1,8270
61095,2016-08-11,17:28:00,315,2,11724
61096,2016-08-11,17:36:00,178,1,5550
61097,2016-08-11,17:40:00,448,1,3461
61098,2016-08-11,17:54:00,306,1,7987
61099,2016-08-11,17:59:00,287,2,8527
61100,2016-08-11,18:07:00,29,3,11063
61101,2016-08-11,18:08:00,163,2,5362
61102,2016-08-11,18:10:00,376,1,1715
61103,2016-08-11,18:24:00,207,1,990
61104,2016-08-11,18:31:00,333,1,3237
61105,2016-08-11,18:39:00,330,3,7466
61106,2016-08-11,18:42:00,335,2,488
61107,2016-08-11,18:45:00,423,3,8965
61108,2016-08-11,18:54:00,229,2,9117
61109,2016-08-11,18:56:00,160,4,3700
61110,2016-08-11,19:02:00,309,2,11408
61111,2016-08-11,19:04:00,342,2,11401
61112,2016-08-11,19:10:00,159,1,5223
61113,2016-08-11,19:16:00,332,1,369
61114,2016-08-11,19:22:00,128,1,511
61115,2016-08-11,19:27:00,50,1,9192
61116,2016-08-11,19:29:00,395,2,2819
61117,2016-08-11,19:33:00,169,3,9698
61118,2016-08-11,19:40:00,98,4,857
61119,2016-08-11,19:42:00,309,4,10070
61120,2016-08-11,19:47:00,229,2,6821
61121,2016-08-11,19:56:00,38,3,11687
61122,2016-08-11,20:05:00,353,3,4991
61123,2016-08-11,20:09:00,172,2,2512
61124,2016-08-11,20:10:00,183,1,6443
61125,2016-08-11,20:13:00,242,1,10963
61126,2016-08-11,20:23:00,300,4,1830
61127,2016-08-11,20:23:00,360,2,6618
61128,2016-08-11,20:43:00,399,1,4968
61129,2016-08-11,20:47:00,103,6,5783
61130,2016-08-11,20:57:00,198,1,4755
61131,2016-08-11,20:59:00,79,4,6402
61132,2016-08-11,21:02:00,123,3,11550
61133,2016-08-11,21:12:00,65,1,11424
61134,2016-08-11,21:13:00,120,2,732
61135,2016-08-11,21:24:00,24,3,777
61136,2016-08-11,21:24:00,120,1,5239
61137,2016-08-11,21:27:00,259,4,3680
61138,2016-08-11,21:30:00,358,2,296
61139,2016-08-11,21:35:00,247,3,2251
61140,2016-08-11,21:49:00,160,2,9991
61141,2016-08-11,22:09:00,413,2,9950
61142,2016-08-11,22:19:00,307,1,6469
61143,2016-08-11,22:23:00,3,3,7895
61144,2016-08-11,22:23:00,259,2,7299
61145,2016-08-11,22:25:00,300,1,6193
61146,2016-08-11,22:30:00,433,2,4625
61147,2016-08-11,22:35:00,211,1,1570
61148,2016-08-11,22:39:00,455,2,7050
61149,2016-08-11,22:45:00,437,1,11498
61150,2016-08-11,23:06:00,293,3,4713
61151,2016-08-11,23:06:00,156,1,5255
61152,2016-08-11,23:12:00,343,2,8284
61153,2016-08-11,23:14:00,392,1,226
61154,2016-08-11,23:29:00,348,1,3493
61155,2016-08-11,23:35:00,73,1,2156
61156,2016-08-11,23:36:00,211,4,1709
61157,2016-08-11,23:53:00,431,3,5411
61158,2016-08-11,23:54:00,334,3,9928
61159,2016-08-11,23:56:00,313,1,7248
61160,2016-08-12,00:05:00,330,1,8070
61161,2016-08-12,00:06:00,214,1,481
61162,2016-08-12,00:07:00,97,2,1515
61163,2016-08-12,00:10:00,30,3,4534
61164,2016-08-12,00:13:00,83,2,11616
61165,2016-08-12,00:13:00,377,3,5788
61166,2016-08-12,00:26:00,50,3,3538
61167,2016-08-12,00:29:00,258,1,8700
61168,2016-08-12,00:30:00,114,2,2289
61169,2016-08-12,00:31:00,307,2,10985
61170,2016-08-12,00:41:00,321,2,5271
61171,2016-08-12,00:42:00,273,2,9740
61172,2016-08-12,00:45:00,192,3,6360
61173,2016-08-12,00:49:00,67,1,609
61174,2016-08-12,00:53:00,278,1,8701
61175,2016-08-12,00:53:00,6,3,11822
61176,2016-08-12,01:07:00,74,1,9016
61177,2016-08-12,01:10:00,310,3,1345
61178,2016-08-12,01:14:00,327,1,10790
61179,2016-08-12,01:17:00,458,2,2971
61180,2016-08-12,01:20:00,236,5,3021
61181,2016-08-12,01:27:00,122,1,4750
61182,2016-08-12,01:27:00,59,2,3962
61183,2016-08-12,01:28:00,86,1,4435
61184,2016-08-12,01:31:00,117,2,11110
61185,2016-08-12,01:35:00,218,4,3482
61186,2016-08-12,01:37:00,447,2,4959
61187,2016-08-12,01:48:00,331,2,296
61188,2016-08-12,01:58:00,456,2,6898
61189,2016-08-12,02:02:00,126,3,6552
61190,2016-08-12,02:05:00,128,1,9525
61191,2016-08-12,02:06:00,102,3,2794
61192,2016-08-12,02:07:00,210,1,2528
61193,2016-08-12,02:14:00,14,1,9257
61194,2016-08-12,02:17:00,181,3,6311
61195,2016-08-12,02:30:00,71,2,8758
61196,2016-08-12,02:31:00,170,2,4306
61197,2016-08-12,02:33:00,93,2,6545
61198,2016-08-12,02:37:00,92,2,7112
61199,2016-08-12,02:40:00,196,1,8140
61200,2016-08-12,02:46:00,310,3,2273
61201,2016-08-12,02:55:00,116,4,58
61202,2016-08-12,03:00:00,105,2,9555
61203,2016-08-12,03:01:00,21,2,3949
61204,2016-08-12,03:04:00,54,3,222
61205,2016-08-12,03:05:00,374,3,5996
61206,2016-08-12,03:08:00,264,2,6944
61207,2016-08-12,03:17:00,431,2,11774
61208,2016-08-12,03:22:00,121,3,9995
61209,2016-08-12,03:35:00,299,3,11083
61210,2016-08-12,03:37:00,414,1,7773
61211,2016-08-12,03:41:00,264,2,9923
61212,2016-08-12,03:45:00,163,2,6151
61213,2016-08-12,04:00:00,451,2,8625
61214,2016-08-12,04:00:00,233,1,4183
61215,2016-08-12,04:05:00,299,3,8747
61216,2016-08-12,04:16:00,342,4,10109
61217,2016-08-12,04:19:00,445,1,3606
61218,2016-08-12,04:21:00,12,1,8963
61219,2016-08-12,04:21:00,221,4,11799
61220,2016-08-12,04:23:00,250,3,11370
61221,2016-08-12,04:26:00,183,3,5184
61222,2016-08-12,04:42:00,70,4,11700
61223,2016-08-12,04:45:00,380,1,9799
61224,2016-08-12,04:46:00,274,2,4037
61225,2016-08-12,04:52:00,134,3,399
61226,2016-08-12,05:03:00,185,2,7086
61227,2016-08-12,05:03:00,73,1,2206
61228,2016-08-12,05:04:00,1,2,4822
61229,2016-08-12,05:13:00,280,2,8827
61230,2016-08-12,05:23:00,25,2,10248
61231,2016-08-12,05:25:00,275,3,11975
61232,2016-08-12,05:28:00,130,1,3531
61233,2016-08-12,05:29:00,356,2,2036
61234,2016-08-12,05:37:00,142,1,4600
61235,2016-08-12,05:51:00,162,2,9763
61236,2016-08-12,05:52:00,399,1,8455
61237,2016-08-12,05:52:00,82,3,2059
61238,2016-08-12,05:55:00,286,3,5504
61239,2016-08-12,06:07:00,368,2,4075
61240,2016-08-12,06:10:00,195,1,5865
61241,2016-08-12,06:19:00,370,3,6460
61242,2016-08-12,06:20:00,147,2,5737
61243,2016-08-12,06:24:00,427,1,7915
61244,2016-08-12,06:24:00,145,1,5231
61245,2016-08-12,06:27:00,429,3,2742
61246,2016-08-12,06:37:00,131,2,9396
61247,2016-08-12,06:46:00,218,1,5255
61248,2016-08-12,06:58:00,286,3,2422
61249,2016-08-12,07:02:00,398,1,7530
61250,2016-08-12,07:06:00,165,3,9357
61251,2016-08-12,07:09:00,123,2,2248
61252,2016-08-12,07:13:00,33,1,6145
61253,2016-08-12,07:16:00,263,2,1121
61254,2016-08-12,07:22:00,294,1,4407
61255,2016-08-12,07:23:00,416,1,1113
61256,2016-08-12,07:24:00,363,1,9667
61257,2016-08-12,07:32:00,159,2,10925
61258,2016-08-12,07:39:00,382,1,8385
61259,2016-08-12,07:41:00,388,1,142
61260,2016-08-12,07:45:00,393,2,6237
61261,2016-08-12,07:46:00,287,3,8697
61262,2016-08-12,07:51:00,427,2,5564
61263,2016-08-12,08:02:00,285,2,5609
61264,2016-08-12,08:12:00,272,1,816
61265,2016-08-12,08:16:00,209,4,11138
61266,2016-08-12,08:21:00,304,1,10584
61267,2016-08-12,08:25:00,135,2,1921
61268,2016-08-12,08:29:00,229,4,8065
61269,2016-08-12,08:34:00,79,1,9716
61270,2016-08-12,08:35:00,213,3,3657
61271,2016-08-12,08:35:00,154,1,1355
61272,2016-08-12,08:41:00,366,4,144
61273,2016-08-12,08:49:00,58,3,8562
61274,2016-08-12,08:55:00,358,2,4374
61275,2016-08-12,08:56:00,445,2,9109
61276,2016-08-12,08:57:00,242,3,586
61277,2016-08-12,09:00:00,218,3,4664
61278,2016-08-12,09:01:00,54,1,4542
61279,2016-08-12,09:20:00,334,1,7592
61280,2016-08-12,09:57:00,68,3,8930
61281,2016-08-12,09:58:00,60,2,5450
61282,2016-08-12,09:59:00,159,3,4440
61283,2016-08-12,10:02:00,127,1,4177
61284,2016-08-12,10:12:00,100,2,290
61285,2016-08-12,10:15:00,69,2,1766
61286,2016-08-12,10:23:00,170,1,409
61287,2016-08-12,10:27:00,397,1,7575
61288,2016-08-12,10:29:00,95,3,9719
61289,2016-08-12,10:32:00,225,2,3933
61290,2016-08-12,10:33:00,119,1,6375
61291,2016-08-12,10:40:00,171,3,7310
61292,2016-08-12,10:43:00,378,1,7063
61293,2016-08-12,11:02:00,340,1,8155
61294,2016-08-12,11:08:00,395,3,10757
61295,2016-08-12,11:09:00,440,3,11507
61296,2016-08-12,11:10:00,189,1,10725
61297,2016-08-12,11:21:00,179,3,10238
61298,2016-08-12,11:23:00,375,3,4758
61299,2016-08-12,11:27:00,85,3,3921
61300,2016-08-12,11:35:00,385,2,4411
61301,2016-08-12,11:39:00,25,3,720
61302,2016-08-12,12:01:00,344,2,8742
61303,2016-08-12,12:07:00,54,3,7044
61304,2016-08-12,12:15:00,361,1,3053
61305,2016-08-12,12:19:00,208,3,6357
61306,2016-08-12,12:23:00,168,2,4321
61307,2016-08-12,12:29:00,235,2,9634
61308,2016-08-12,12:45:00,40,2,7666
61309,2016-08-12,13:00:00,140,3,8318
61310,2016-08-12,13:07:00,80,2,9951
61311,2016-08-12,13:32:00,64,2,5024
61312,2016-08-12,13:32:00,153,3,6660
61313,2016-08-12,13:46:00,456,1,5816
61314,2016-08-12,13:49:00,64,2,7556
61315,2016-08-12,13:49:00,219,2,7866
61316,2016-08-12,13:54:00,229,3,6489
61317,2016-08-12,14:05:00,260,2,717
61318,2016-08-12,14:09:00,160,2,6580
61319,2016-08-12,14:09:00,242,2,7575
61320,2016-08-12,14:15:00,446,2,11535
61321,2016-08-12,14:15:00,426,1,10718
61322,2016-08-12,14:21:00,344,1,2801
61323,2016-08-12,14:24:00,307,1,4623
61324,2016-08-12,14:26:00,160,1,7918
61325,2016-08-12,14:36:00,392,2,1601
61326,2016-08-12,14:38:00,321,2,2141
61327,2016-08-12,14:39:00,180,3,5408
61328,2016-08-12,14:49:00,264,1,5270
61329,2016-08-12,14:52:00,276,2,3342
61330,2016-08-12,14:59:00,432,2,3314
61331,2016-08-12,14:59:00,286,2,4051
61332,2016-08-12,15:02:00,3,2,3538
61333,2016-08-12,15:18:00,315,2,948
61334,2016-08-12,15:22:00,225,1,5163
61335,2016-08-12,15:25:00,234,1,2966
61336,2016-08-12,15:40:00,19,2,4656
61337,2016-08-12,15:51:00,100,2,267
61338,2016-08-12,15:55:00,31,2,6332
61339,2016-08-12,15:56:00,134,2,1595
61340,2016-08-12,15:56:00,194,2,906
61341,2016-08-12,16:01:00,5,2,5143
61342,2016-08-12,16:04:00,116,1,3533
61343,2016-08-12,16:12:00,280,3,11686
61344,2016-08-12,16:16:00,208,1,2422
61345,2016-08-12,16:35:00,344,2,4708
61346,2016-08-12,16:48:00,182,3,5511
61347,2016-08-12,16:49:00,20,2,8758
61348,2016-08-12,16:57:00,61,2,611
61349,2016-08-12,17:04:00,283,1,10112
61350,2016-08-12,17:13:00,369,1,10192
61351,2016-08-12,17:14:00,43,3,616
61352,2016-08-12,17:15:00,260,1,10641
61353,2016-08-12,17:32:00,114,3,5183
61354,2016-08-12,17:35:00,94,3,11812
61355,2016-08-12,17:53:00,158,2,6092
61356,2016-08-12,17:55:00,83,2,2052
61357,2016-08-12,17:56:00,184,1,7937
61358,2016-08-12,18:01:00,87,2,9829
61359,2016-08-12,18:07:00,202,3,1840
61360,2016-08-12,18:08:00,128,2,10386
61361,2016-08-12,18:15:00,374,1,5936
61362,2016-08-12,18:26:00,21,1,9348
61363,2016-08-12,18:26:00,151,1,2819
61364,2016-08-12,18:28:00,408,3,7445
61365,2016-08-12,18:35:00,319,2,2515
61366,2016-08-12,18:37:00,437,1,9204
61367,2016-08-12,18:47:00,446,2,11488
61368,2016-08-12,18:50:00,105,6,613
61369,2016-08-12,18:51:00,447,1,2856
61370,2016-08-12,18:52:00,419,2,5568
61371,2016-08-12,19:06:00,392,1,8777
61372,2016-08-12,19:16:00,205,1,1790
61373,2016-08-12,19:28:00,19,3,9783
61374,2016-08-12,19:32:00,452,2,1517
61375,2016-08-12,19:33:00,70,2,3596
61376,2016-08-12,19:42:00,286,1,4279
61377,2016-08-12,19:44:00,1,4,11083
61378,2016-08-12,19:50:00,126,3,10942
61379,2016-08-12,19:53:00,71,1,6952
61380,2016-08-12,20:05:00,197,1,2172
61381,2016-08-12,20:05:00,62,2,9794
61382,2016-08-12,20:12:00,178,2,10872
61383,2016-08-12,20:13:00,91,4,9956
61384,2016-08-12,20:23:00,431,1,9084
61385,2016-08-12,20:30:00,380,2,3700
61386,2016-08-12,20:31:00,356,2,11386
61387,2016-08-12,20:39:00,401,4,4782
61388,2016-08-12,20:40:00,73,2,8595
61389,2016-08-12,20:40:00,443,1,4859
61390,2016-08-12,20:49:00,189,3,693
61391,2016-08-12,20:50:00,326,2,7583
61392,2016-08-12,20:59:00,386,4,10425
61393,2016-08-12,21:06:00,298,2,9958
61394,2016-08-12,21:09:00,7,3,1699
61395,2016-08-12,21:12:00,114,1,2865
61396,2016-08-12,21:26:00,62,3,1432
61397,2016-08-12,21:43:00,83,2,8782
61398,2016-08-12,21:49:00,452,5,5443
61399,2016-08-12,21:51:00,156,1,326
61400,2016-08-12,21:55:00,18,1,10028
61401,2016-08-12,21:58:00,128,3,11252
61402,2016-08-12,22:01:00,129,1,8994
61403,2016-08-12,22:01:00,293,1,8863
61404,2016-08-12,22:05:00,121,1,3209
61405,2016-08-12,22:18:00,232,2,1258
61406,2016-08-12,22:24:00,121,1,2613
61407,2016-08-12,22:40:00,199,2,5081
61408,2016-08-12,22:40:00,175,4,10187
61409,2016-08-12,22:44:00,151,1,1811
61410,2016-08-12,22:44:00,348,1,6955
61411,2016-08-12,22:51:00,34,1,9811
61412,2016-08-12,23:02:00,454,1,5144
61413,2016-08-12,23:13:00,380,1,7092
61414,2016-08-12,23:15:00,458,2,5705
61415,2016-08-12,23:16:00,226,2,10686
61416,2016-08-12,23:19:00,404,4,2600
61417,2016-08-12,23:29:00,4,2,10480
61418,2016-08-12,23:30:00,201,3,5643
61419,2016-08-12,23:31:00,171,1,6981
61420,2016-08-12,23:42:00,7,2,4041
61421,2016-08-12,23:59:00,259,1,6531
61422,2016-08-13,00:14:00,134,3,104
61423,2016-08-13,00:16:00,267,2,7001
61424,2016-08-13,00:18:00,203,2,1796
61425,2016-08-13,00:25:00,53,2,5790
61426,2016-08-13,00:25:00,115,3,3429
61427,2016-08-13,00:30:00,124,2,8658
61428,2016-08-13,00:33:00,198,1,5067
61429,2016-08-13,00:36:00,130,2,2432
61430,2016-08-13,00:50:00,353,1,1888
61431,2016-08-13,00:50:00,221,1,3111
61432,2016-08-13,00:52:00,35,1,11442
61433,2016-08-13,01:03:00,276,1,3121
61434,2016-08-13,01:11:00,417,2,7478
61435,2016-08-13,01:47:00,361,2,4367
61436,2016-08-13,01:48:00,430,1,4815
61437,2016-08-13,01:53:00,265,1,2032
61438,2016-08-13,01:58:00,253,1,4144
61439,2016-08-13,02:04:00,11,1,1720
61440,2016-08-13,02:22:00,348,1,7678
61441,2016-08-13,02:30:00,162,2,7356
61442,2016-08-13,02:38:00,95,1,5048
61443,2016-08-13,02:39:00,123,1,252
61444,2016-08-13,02:40:00,105,1,9724
61445,2016-08-13,02:41:00,173,1,8025
61446,2016-08-13,02:50:00,12,2,545
61447,2016-08-13,02:52:00,169,2,4362
61448,2016-08-13,03:03:00,37,1,5073
61449,2016-08-13,03:08:00,11,1,3846
61450,2016-08-13,03:11:00,275,3,11488
61451,2016-08-13,03:19:00,413,3,7977
61452,2016-08-13,03:31:00,270,1,11271
61453,2016-08-13,03:38:00,66,2,11005
61454,2016-08-13,03:41:00,426,1,4197
61455,2016-08-13,03:50:00,439,1,7313
61456,2016-08-13,03:52:00,103,2,6576
61457,2016-08-13,03:57:00,15,2,1057
61458,2016-08-13,03:57:00,457,2,7333
61459,2016-08-13,03:59:00,372,3,11155
61460,2016-08-13,04:01:00,25,3,3389
61461,2016-08-13,04:09:00,106,1,1781
61462,2016-08-13,04:19:00,107,1,10565
61463,2016-08-13,04:20:00,451,4,5350
61464,2016-08-13,04:31:00,203,1,3813
61465,2016-08-13,04:37:00,148,1,8612
61466,2016-08-13,04:39:00,333,2,8725
61467,2016-08-13,04:48:00,45,2,6088
61468,2016-08-13,04:49:00,3,2,2714
61469,2016-08-13,04:53:00,355,3,4293
61470,2016-08-13,04:54:00,31,1,1619
61471,2016-08-13,04:59:00,346,1,7488
61472,2016-08-13,05:01:00,456,1,3200
61473,2016-08-13,05:10:00,254,1,3448
61474,2016-08-13,05:10:00,169,1,7276
61475,2016-08-13,05:24:00,196,1,2664
61476,2016-08-13,05:25:00,368,4,1674
61477,2016-08-13,05:26:00,185,1,2086
61478,2016-08-13,05:26:00,174,1,1926
61479,2016-08-13,05:35:00,135,2,2817
61480,2016-08-13,05:47:00,37,3,8659
61481,2016-08-13,05:50:00,392,2,987
61482,2016-08-13,05:59:00,452,1,5487
61483,2016-08-13,06:01:00,202,3,11948
61484,2016-08-13,06:02:00,363,1,3354
61485,2016-08-13,06:04:00,119,2,46
61486,2016-08-13,06:10:00,182,1,7204
61487,2016-08-13,06:22:00,431,1,3407
61488,2016-08-13,06:28:00,448,2,6346
61489,2016-08-13,06:36:00,329,1,7674
61490,2016-08-13,06:37:00,245,1,6314
61491,2016-08-13,06:47:00,294,4,11593
61492,2016-08-13,06:50:00,179,1,3276
61493,2016-08-13,06:50:00,79,5,11456
61494,2016-08-13,06:51:00,102,2,8741
61495,2016-08-13,07:05:00,184,3,710
61496,2016-08-13,07:16:00,455,2,11784
61497,2016-08-13,07:20:00,389,2,6917
61498,2016-08-13,07:28:00,183,3,1558
61499,2016-08-13,07:29:00,322,3,9846
61500,2016-08-13,07:29:00,397,2,9218
61501,2016-08-13,07:49:00,357,2,6839
61502,2016-08-13,07:55:00,123,1,8077
61503,2016-08-13,08:01:00,121,2,677
61504,2016-08-13,08:07:00,453,2,8134
61505,2016-08-13,08:09:00,319,4,11045
61506,2016-08-13,08:35:00,58,2,9902
61507,2016-08-13,08:36:00,416,4,3890
61508,2016-08-13,08:37:00,430,4,730
61509,2016-08-13,08:48:00,280,1,4762
61510,2016-08-13,08:57:00,104,3,4098
61511,2016-08-13,09:00:00,258,1,5903
61512,2016-08-13,09:05:00,301,2,835
61513,2016-08-13,09:21:00,157,3,3751
61514,2016-08-13,09:23:00,399,3,9207
61515,2016-08-13,09:27:00,261,2,753
61516,2016-08-13,09:36:00,239,1,9438
61517,2016-08-13,09:39:00,78,2,8062
61518,2016-08-13,09:41:00,237,2,6191
61519,2016-08-13,09:57:00,60,3,9788
61520,2016-08-13,10:03:00,211,1,3843
61521,2016-08-13,10:14:00,441,5,8637
61522,2016-08-13,10:32:00,149,1,8533
61523,2016-08-13,10:36:00,352,1,9596
61524,2016-08-13,10:43:00,357,1,10152
61525,2016-08-13,10:43:00,408,2,5109
61526,2016-08-13,10:50:00,129,1,2433
61527,2016-08-13,10:50:00,429,3,9903
61528,2016-08-13,11:06:00,25,3,6130
61529,2016-08-13,11:15:00,401,1,11547
61530,2016-08-13,11:17:00,346,4,10312
61531,2016-08-13,11:23:00,241,2,2849
61532,2016-08-13,11:29:00,137,3,3729
61533,2016-08-13,11:30:00,178,1,7308
61534,2016-08-13,11:30:00,203,2,4652
61535,2016-08-13,11:33:00,243,2,9602
61536,2016-08-13,11:40:00,438,3,556
61537,2016-08-13,11:44:00,305,3,3415
61538,2016-08-13,11:49:00,248,1,2552
61539,2016-08-13,11:54:00,449,2,11362
61540,2016-08-13,11:55:00,394,2,10970
61541,2016-08-13,11:56:00,46,1,9010
61542,2016-08-13,11:56:00,340,1,4386
61543,2016-08-13,12:06:00,221,1,3748
61544,2016-08-13,12:06:00,95,2,7724
61545,2016-08-13,12:06:00,22,1,3965
61546,2016-08-13,12:09:00,428,2,11171
61547,2016-08-13,12:11:00,368,2,2298
61548,2016-08-13,12:11:00,288,1,8012
61549,2016-08-13,12:13:00,359,1,6780
61550,2016-08-13,12:15:00,308,2,8933
61551,2016-08-13,12:15:00,28,3,5182
61552,2016-08-13,12:19:00,12,1,4325
61553,2016-08-13,12:19:00,107,3,8513
61554,2016-08-13,12:27:00,121,2,10130
61555,2016-08-13,12:31:00,377,1,10014
61556,2016-08-13,12:31:00,180,1,6228
61557,2016-08-13,12:37:00,36,1,7691
61558,2016-08-13,12:45:00,265,1,5937
61559,2016-08-13,12:50:00,181,2,3274
61560,2016-08-13,12:56:00,316,1,6608
61561,2016-08-13,13:04:00,448,1,9559
61562,2016-08-13,13:05:00,67,2,4734
61563,2016-08-13,13:05:00,222,2,864
61564,2016-08-13,13:06:00,113,2,7576
61565,2016-08-13,13:07:00,83,1,8062
61566,2016-08-13,13:10:00,110,3,414
61567,2016-08-13,13:15:00,290,1,8815
61568,2016-08-13,13:19:00,454,1,1271
61569,2016-08-13,13:33:00,263,1,10413
61570,2016-08-13,13:35:00,292,3,6032
61571,2016-08-13,13:35:00,330,2,7555
61572,2016-08-13,13:52:00,434,3,7803
61573,2016-08-13,14:05:00,26,2,2826
61574,2016-08-13,14:10:00,19,3,2391
61575,2016-08-13,14:11:00,375,1,8812
61576,2016-08-13,14:17:00,295,1,6741
61577,2016-08-13,14:20:00,20,2,5277
61578,2016-08-13,14:27:00,436,1,5080
61579,2016-08-13,14:31:00,289,2,3483
61580,2016-08-13,14:35:00,320,2,5967
61581,2016-08-13,14:35:00,107,1,10411
61582,2016-08-13,14:50:00,307,3,11440
61583,2016-08-13,14:50:00,71,1,174
61584,2016-08-13,14:55:00,231,4,6385
61585,2016-08-13,14:57:00,403,2,10293
61586,2016-08-13,15:01:00,424,4,708
61587,2016-08-13,15:01:00,447,1,9119
61588,2016-08-13,15:19:00,273,2,4925
61589,2016-08-13,15:27:00,455,1,8275
61590,2016-08-13,15:28:00,58,2,5361
61591,2016-08-13,15:36:00,315,1,4190
61592,2016-08-13,15:43:00,296,1,10033
61593,2016-08-13,15:45:00,403,1,2469
61594,2016-08-13,15:46:00,303,3,6271
61595,2016-08-13,15:48:00,434,4,5455
61596,2016-08-13,15:48:00,223,1,6623
61597,2016-08-13,15:55:00,112,3,7201
61598,2016-08-13,16:00:00,63,1,1545
61599,2016-08-13,16:06:00,297,2,7989
61600,2016-08-13,16:08:00,63,2,8303
61601,2016-08-13,16:16:00,412,2,11645
61602,2016-08-13,16:22:00,31,1,11211
61603,2016-08-13,16:25:00,65,1,5366
61604,2016-08-13,16:53:00,118,5,9706
61605,2016-08-13,17:00:00,356,2,9145
61606,2016-08-13,17:06:00,112,2,6857
61607,2016-08-13,17:09:00,163,1,7669
61608,2016-08-13,17:14:00,374,2,1714
61609,2016-08-13,17:15:00,87,2,3125
61610,2016-08-13,17:22:00,213,1,2912
61611,2016-08-13,17:23:00,294,2,11926
61612,2016-08-13,17:32:00,298,3,7083
61613,2016-08-13,17:33:00,191,1,2999
61614,2016-08-13,17:34:00,174,2,4867
61615,2016-08-13,17:36:00,53,3,7484
61616,2016-08-13,17:41:00,106,1,6992
61617,2016-08-13,17:43:00,398,3,6922
61618,2016-08-13,17:58:00,216,2,3638
61619,2016-08-13,17:59:00,10,3,10302
61620,2016-08-13,18:13:00,429,2,10556
61621,2016-08-13,18:20:00,412,1,11619
61622,2016-08-13,18:27:00,48,1,9208
61623,2016-08-13,18:53:00,187,3,2017
61624,2016-08-13,19:04:00,104,2,11060
61625,2016-08-13,19:06:00,393,1,8504
61626,2016-08-13,19:07:00,388,2,4509
61627,2016-08-13,19:12:00,277,1,7364
61628,2016-08-13,19:13:00,152,2,5219
61629,2016-08-13,19:23:00,248,1,11869
61630,2016-08-13,19:26:00,130,5,6459
61631,2016-08-13,19:28:00,198,4,7761
61632,2016-08-13,19:28:00,292,2,700
61633,2016-08-13,19:33:00,87,2,11432
61634,2016-08-13,19:45:00,106,2,7832
61635,2016-08-13,20:11:00,270,2,6868
61636,2016-08-13,20:14:00,303,2,532
61637,2016-08-13,20:15:00,404,1,3500
61638,2016-08-13,20:17:00,357,3,7521
61639,2016-08-13,20:19:00,360,1,8728
61640,2016-08-13,20:21:00,166,2,8997
61641,2016-08-13,20:23:00,240,1,10800
61642,2016-08-13,20:31:00,92,2,675
61643,2016-08-13,20:41:00,257,3,3472
61644,2016-08-13,20:57:00,209,3,1158
61645,2016-08-13,21:01:00,207,3,6518
61646,2016-08-13,21:12:00,31,3,11520
61647,2016-08-13,21:19:00,343,3,549
61648,2016-08-13,21:30:00,381,1,10041
61649,2016-08-13,21:36:00,26,2,655
61650,2016-08-13,21:50:00,213,3,5127
61651,2016-08-13,22:00:00,183,3,1949
61652,2016-08-13,22:02:00,12,4,8652
61653,2016-08-13,22:03:00,410,2,8484
61654,2016-08-13,22:03:00,113,2,6531
61655,2016-08-13,22:06:00,5,1,8010
61656,2016-08-13,22:16:00,444,1,7906
61657,2016-08-13,22:17:00,352,2,3565
61658,2016-08-13,22:18:00,198,2,2960
61659,2016-08-13,22:20:00,354,3,5045
61660,2016-08-13,22:24:00,57,1,5910
61661,2016-08-13,22:26:00,373,2,11786
61662,2016-08-13,22:29:00,198,2,3953
61663,2016-08-13,22:34:00,93,3,8142
61664,2016-08-13,22:46:00,307,6,712
61665,2016-08-13,22:47:00,213,1,8438
61666,2016-08-13,22:48:00,4,1,11814
61667,2016-08-13,22:56:00,231,1,3354
61668,2016-08-13,22:58:00,378,1,8696
61669,2016-08-13,23:11:00,100,1,4042
61670,2016-08-13,23:21:00,412,1,9977
61671,2016-08-13,23:24:00,70,2,7534
61672,2016-08-13,23:39:00,354,1,6563
61673,2016-08-13,23:46:00,100,4,10442
61674,2016-08-13,23:46:00,44,1,11174
61675,2016-08-13,23:53:00,81,1,8167
61676,2016-08-14,00:11:00,257,3,2172
61677,2016-08-14,00:12:00,231,1,2583
61678,2016-08-14,00:14:00,244,2,7124
61679,2016-08-14,00:16:00,176,1,4875
61680,2016-08-14,00:21:00,458,1,10272
61681,2016-08-14,00:25:00,120,1,9996
61682,2016-08-14,00:32:00,372,1,9754
61683,2016-08-14,00:35:00,269,2,10984
61684,2016-08-14,00:35:00,219,4,8921
61685,2016-08-14,00:40:00,415,2,11702
61686,2016-08-14,00:44:00,28,3,3804
61687,2016-08-14,00:47:00,21,2,1748
61688,2016-08-14,01:03:00,381,2,4213
61689,2016-08-14,01:03:00,236,1,9771
61690,2016-08-14,01:04:00,40,2,7191
61691,2016-08-14,01:13:00,57,2,6329
61692,2016-08-14,01:20:00,354,3,3905
61693,2016-08-14,01:23:00,323,2,10871
61694,2016-08-14,01:26:00,306,1,7918
61695,2016-08-14,01:27:00,85,1,7677
61696,2016-08-14,01:30:00,228,1,373
61697,2016-08-14,01:30:00,45,1,7716
61698,2016-08-14,01:34:00,401,1,10723
61699,2016-08-14,01:35:00,449,1,1746
61700,2016-08-14,01:44:00,318,2,4019
61701,2016-08-14,01:46:00,32,2,2331
61702,2016-08-14,01:59:00,251,3,5722
61703,2016-08-14,02:03:00,167,3,6163
61704,2016-08-14,02:06:00,427,1,8943
61705,2016-08-14,02:24:00,89,3,6336
61706,2016-08-14,02:24:00,172,1,5363
61707,2016-08-14,02:25:00,217,1,9185
61708,2016-08-14,02:36:00,180,1,3230
61709,2016-08-14,02:42:00,12,3,9741
61710,2016-08-14,02:43:00,367,2,350
61711,2016-08-14,02:43:00,27,3,10064
61712,2016-08-14,02:49:00,146,1,11777
61713,2016-08-14,02:50:00,176,1,9226
61714,2016-08-14,02:51:00,26,1,3225
61715,2016-08-14,02:56:00,183,1,6812
61716,2016-08-14,03:01:00,113,2,1735
61717,2016-08-14,03:06:00,82,1,2468
61718,2016-08-14,03:08:00,98,6,10793
61719,2016-08-14,03:25:00,197,4,4430
61720,2016-08-14,03:26:00,181,1,3567
61721,2016-08-14,03:33:00,394,2,1266
61722,2016-08-14,03:33:00,301,2,3130
61723,2016-08-14,03:55:00,136,1,6462
61724,2016-08-14,04:08:00,341,2,11094
61725,2016-08-14,04:08:00,321,1,1447
61726,2016-08-14,04:17:00,291,3,5238
61727,2016-08-14,04:21:00,457,2,11833
61728,2016-08-14,04:25:00,284,1,8074
61729,2016-08-14,04:33:00,241,2,1806
61730,2016-08-14,04:37:00,202,1,4277
61731,2016-08-14,04:37:00,254,1,1827
61732,2016-08-14,04:37:00,259,2,6686
61733,2016-08-14,04:38:00,371,2,10653
61734,2016-08-14,04:54:00,148,1,9051
61735,2016-08-14,04:56:00,4,2,1247
61736,2016-08-14,04:56:00,222,2,5201
61737,2016-08-14,04:59:00,182,1,11465
61738,2016-08-14,05:00:00,336,1,6731
61739,2016-08-14,05:13:00,356,3,11711
61740,2016-08-14,05:22:00,242,3,10386
61741,2016-08-14,05:30:00,317,4,2295
61742,2016-08-14,05:32:00,401,2,5006
61743,2016-08-14,05:33:00,133,1,9141
61744,2016-08-14,05:35:00,196,2,5507
61745,2016-08-14,05:36:00,325,2,5513
61746,2016-08-14,05:42:00,204,4,9825
61747,2016-08-14,05:45:00,239,1,5534
61748,2016-08-14,05:46:00,157,2,914
61749,2016-08-14,05:46:00,314,1,11013
61750,2016-08-14,05:52:00,151,2,3070
61751,2016-08-14,05:56:00,75,1,2805
61752,2016-08-14,05:58:00,127,2,9587
61753,2016-08-14,06:00:00,296,1,7246
61754,2016-08-14,06:04:00,63,2,5733
61755,2016-08-14,06:04:00,384,1,9516
61756,2016-08-14,06:18:00,286,2,1645
61757,2016-08-14,06:23:00,145,2,5779
61758,2016-08-14,06:23:00,245,1,9214
61759,2016-08-14,06:29:00,5,2,4124
61760,2016-08-14,06:29:00,186,2,2424
61761,2016-08-14,06:32:00,355,2,4593
61762,2016-08-14,06:34:00,407,1,4008
61763,2016-08-14,06:38:00,43,2,11948
61764,2016-08-14,06:46:00,142,2,1543
61765,2016-08-14,06:47:00,160,2,9424
61766,2016-08-14,06:49:00,405,3,9626
61767,2016-08-14,06:58:00,1,3,11655
61768,2016-08-14,07:00:00,433,1,2757
61769,2016-08-14,07:08:00,436,2,9338
61770,2016-08-14,07:13:00,4,3,159
61771,2016-08-14,07:18:00,154,2,2552
61772,2016-08-14,07:18:00,55,1,1961
61773,2016-08-14,07:23:00,266,1,4537
61774,2016-08-14,07:28:00,352,2,6266
61775,2016-08-14,07:34:00,420,2,11194
61776,2016-08-14,07:47:00,263,1,8818
61777,2016-08-14,07:51:00,420,3,2209
61778,2016-08-14,08:02:00,243,1,743
61779,2016-08-14,08:07:00,419,2,7722
61780,2016-08-14,08:11:00,7,3,7147
61781,2016-08-14,08:14:00,38,2,2778
61782,2016-08-14,08:27:00,438,2,11379
61783,2016-08-14,08:28:00,297,3,1933
61784,2016-08-14,08:37:00,47,3,10251
61785,2016-08-14,08:48:00,101,2,8264
61786,2016-08-14,09:01:00,269,1,8082
61787,2016-08-14,09:09:00,438,1,2051
61788,2016-08-14,09:10:00,323,2,7586
61789,2016-08-14,09:12:00,77,1,10730
61790,2016-08-14,09:14:00,415,3,3756
61791,2016-08-14,09:15:00,145,1,10267
61792,2016-08-14,09:19:00,367,4,4979
61793,2016-08-14,09:19:00,157,1,2883
61794,2016-08-14,09:19:00,168,2,2852
61795,2016-08-14,09:29:00,58,1,712
61796,2016-08-14,09:30:00,90,2,8119
61797,2016-08-14,09:41:00,233,2,1179
61798,2016-08-14,09:44:00,18,2,3046
61799,2016-08-14,09:55:00,110,3,3744
61800,2016-08-14,09:55:00,169,1,8527
61801,2016-08-14,10:05:00,63,2,9264
61802,2016-08-14,10:13:00,108,1,3272
61803,2016-08-14,10:24:00,195,1,8436
61804,2016-08-14,10:24:00,244,2,10651
61805,2016-08-14,10:32:00,382,2,7495
61806,2016-08-14,10:37:00,128,2,7916
61807,2016-08-14,10:42:00,281,4,3887
61808,2016-08-14,10:58:00,367,4,2847
61809,2016-08-14,10:59:00,21,1,10451
61810,2016-08-14,11:04:00,133,2,6851
61811,2016-08-14,11:08:00,148,1,2170
61812,2016-08-14,11:17:00,133,1,3827
61813,2016-08-14,11:25:00,400,3,3944
61814,2016-08-14,11:26:00,53,2,3746
61815,2016-08-14,11:32:00,376,2,7821
61816,2016-08-14,11:43:00,5,2,8394
61817,2016-08-14,11:44:00,149,4,11469
61818,2016-08-14,11:49:00,215,1,10466
61819,2016-08-14,11:49:00,104,2,3253
61820,2016-08-14,11:56:00,49,1,2494
61821,2016-08-14,12:11:00,276,3,2271
61822,2016-08-14,12:11:00,114,3,4818
61823,2016-08-14,12:27:00,437,3,8196
61824,2016-08-14,12:28:00,55,1,10999
61825,2016-08-14,12:31:00,307,3,4805
61826,2016-08-14,12:34:00,43,3,5632
61827,2016-08-14,12:34:00,152,1,11941
61828,2016-08-14,12:35:00,193,1,6223
61829,2016-08-14,12:39:00,351,1,7132
61830,2016-08-14,12:41:00,94,1,8797
61831,2016-08-14,12:43:00,49,2,7545
61832,2016-08-14,12:54:00,284,2,9057
61833,2016-08-14,13:04:00,371,1,2123
61834,2016-08-14,13:05:00,95,1,9577
61835,2016-08-14,13:10:00,43,2,7363
61836,2016-08-14,13:11:00,430,2,8417
61837,2016-08-14,13:14:00,145,2,11594
61838,2016-08-14,13:22:00,68,1,7424
61839,2016-08-14,13:27:00,131,1,9203
61840,2016-08-14,13:28:00,448,3,10709
61841,2016-08-14,13:31:00,306,3,2283
61842,2016-08-14,13:31:00,83,1,7328
61843,2016-08-14,13:40:00,99,2,1064
61844,2016-08-14,13:49:00,107,4,1631
61845,2016-08-14,13:53:00,248,2,10355
61846,2016-08-14,13:56:00,416,5,7790
61847,2016-08-14,14:00:00,86,2,10633
61848,2016-08-14,14:05:00,214,1,9511
61849,2016-08-14,14:08:00,81,2,2781
61850,2016-08-14,14:10:00,60,1,325
61851,2016-08-14,14:11:00,431,2,4883
61852,2016-08-14,14:21:00,117,3,5208
61853,2016-08-14,14:34:00,154,5,7727
61854,2016-08-14,14:35:00,77,2,11456
61855,2016-08-14,14:35:00,223,3,8538
61856,2016-08-14,14:44:00,362,2,11638
61857,2016-08-14,14:46:00,334,2,8512
61858,2016-08-14,14:47:00,138,1,8027
61859,2016-08-14,14:56:00,269,1,3795
61860,2016-08-14,14:57:00,109,1,1142
61861,2016-08-14,15:05:00,175,3,1017
61862,2016-08-14,15:05:00,421,3,9481
61863,2016-08-14,15:08:00,194,2,1155
61864,2016-08-14,15:15:00,236,3,4114
61865,2016-08-14,15:15:00,362,1,4789
61866,2016-08-14,15:16:00,62,3,11837
61867,2016-08-14,15:24:00,179,1,2184
61868,2016-08-14,15:27:00,341,1,1062
61869,2016-08-14,15:30:00,176,2,1460
61870,2016-08-14,15:41:00,412,3,9548
61871,2016-08-14,15:49:00,151,3,6377
61872,2016-08-14,15:56:00,393,3,9754
61873,2016-08-14,15:57:00,151,4,1091
61874,2016-08-14,16:01:00,87,2,1127
61875,2016-08-14,16:12:00,319,2,1679
61876,2016-08-14,16:16:00,142,2,669
61877,2016-08-14,16:19:00,393,2,6764
61878,2016-08-14,16:26:00,246,2,2896
61879,2016-08-14,16:33:00,28,2,11941
61880,2016-08-14,16:38:00,436,1,11724
61881,2016-08-14,16:39:00,452,2,5848
61882,2016-08-14,16:41:00,159,2,957
61883,2016-08-14,16:46:00,241,2,11153
61884,2016-08-14,16:50:00,217,1,7550
61885,2016-08-14,16:56:00,245,2,4129
61886,2016-08-14,17:00:00,191,1,8201
61887,2016-08-14,17:18:00,401,2,2876
61888,2016-08-14,17:18:00,309,4,7867
61889,2016-08-14,17:23:00,163,2,11328
61890,2016-08-14,17:40:00,344,3,6649
61891,2016-08-14,17:49:00,156,1,11774
61892,2016-08-14,17:52:00,219,1,7847
61893,2016-08-14,17:57:00,244,1,5808
61894,2016-08-14,18:12:00,142,2,2075
61895,2016-08-14,18:22:00,162,4,9640
61896,2016-08-14,18:29:00,426,2,1508
61897,2016-08-14,18:39:00,177,1,2823
61898,2016-08-14,18:40:00,62,3,3196
61899,2016-08-14,18:48:00,111,1,2452
61900,2016-08-14,18:51:00,369,2,3731
61901,2016-08-14,18:55:00,96,2,10726
61902,2016-08-14,18:56:00,99,3,1193
61903,2016-08-14,18:56:00,376,2,7199
61904,2016-08-14,18:57:00,184,2,790
61905,2016-08-14,19:00:00,16,2,707
61906,2016-08-14,19:00:00,426,1,11566
61907,2016-08-14,19:04:00,396,1,9238
61908,2016-08-14,19:09:00,30,4,4651
61909,2016-08-14,19:10:00,81,1,9564
61910,2016-08-14,19:13:00,127,1,9621
61911,2016-08-14,19:42:00,373,4,2095
61912,2016-08-14,19:47:00,356,1,5822
61913,2016-08-14,19:52:00,151,1,4935
61914,2016-08-14,19:54:00,223,3,8518
61915,2016-08-14,19:59:00,449,3,10163
61916,2016-08-14,20:01:00,33,2,8419
61917,2016-08-14,20:05:00,179,3,10256
61918,2016-08-14,20:09:00,215,1,2152
61919,2016-08-14,20:20:00,107,1,4364
61920,2016-08-14,20:23:00,124,1,4553
61921,2016-08-14,20:33:00,183,1,3792
61922,2016-08-14,20:46:00,319,2,575
61923,2016-08-14,20:47:00,399,2,766
61924,2016-08-14,20:53:00,397,1,2772
61925,2016-08-14,20:54:00,269,2,8991
61926,2016-08-14,20:56:00,268,2,6265
61927,2016-08-14,20:58:00,334,1,9510
61928,2016-08-14,21:02:00,354,1,8410
61929,2016-08-14,21:04:00,170,1,4952
61930,2016-08-14,21:07:00,94,1,4942
61931,2016-08-14,21:10:00,374,2,6001
61932,2016-08-14,21:18:00,272,2,10336
61933,2016-08-14,21:20:00,203,5,8847
61934,2016-08-14,21:22:00,443,4,4478
61935,2016-08-14,21:41:00,338,2,1511
61936,2016-08-14,21:50:00,186,3,2276
61937,2016-08-14,21:52:00,164,1,4186
61938,2016-08-14,21:58:00,422,1,6112
61939,2016-08-14,22:10:00,330,1,3824
61940,2016-08-14,22:27:00,388,3,10334
61941,2016-08-14,22:27:00,266,1,6006
61942,2016-08-14,23:01:00,440,2,5552
61943,2016-08-14,23:10:00,288,3,4925
61944,2016-08-14,23:12:00,31,3,10041
61945,2016-08-14,23:13:00,42,2,7637
61946,2016-08-14,23:15:00,11,3,11606
61947,2016-08-14,23:26:00,168,3,11621
61948,2016-08-14,23:34:00,121,2,9784
61949,2016-08-14,23:37:00,313,1,6500
61950,2016-08-14,23:38:00,420,1,3541
61951,2016-08-14,23:38:00,361,2,8046
61952,2016-08-14,23:46:00,411,2,6652
61953,2016-08-14,23:48:00,386,1,8319
61954,2016-08-14,23:56:00,83,2,1588
61955,2016-08-15,00:01:00,309,1,574
61956,2016-08-15,00:03:00,436,3,7656
61957,2016-08-15,00:05:00,143,3,10465
61958,2016-08-15,00:06:00,164,1,1201
61959,2016-08-15,00:07:00,289,3,5718
61960,2016-08-15,00:10:00,1,1,7092
61961,2016-08-15,00:11:00,318,2,8447
61962,2016-08-15,00:17:00,311,1,2532
61963,2016-08-15,00:25:00,178,4,1405
61964,2016-08-15,00:29:00,437,1,3204
61965,2016-08-15,00:32:00,365,2,3853
61966,2016-08-15,00:40:00,440,1,6517
61967,2016-08-15,00:42:00,277,2,8487
61968,2016-08-15,00:48:00,359,1,6503
61969,2016-08-15,00:59:00,44,2,10404
61970,2016-08-15,01:17:00,347,1,5314
61971,2016-08-15,01:22:00,198,1,8480
61972,2016-08-15,01:31:00,277,3,4113
61973,2016-08-15,01:34:00,360,2,11037
61974,2016-08-15,01:39:00,332,3,8907
61975,2016-08-15,01:55:00,250,3,2514
61976,2016-08-15,02:02:00,25,2,4203
61977,2016-08-15,02:14:00,27,1,489
61978,2016-08-15,02:26:00,10,3,6188
61979,2016-08-15,02:30:00,60,2,1261
61980,2016-08-15,02:33:00,23,1,8318
61981,2016-08-15,02:34:00,324,2,2252
61982,2016-08-15,02:34:00,160,1,10574
61983,2016-08-15,02:36:00,118,2,7428
61984,2016-08-15,02:42:00,15,1,11569
61985,2016-08-15,02:46:00,185,4,1469
61986,2016-08-15,02:47:00,399,2,5287
61987,2016-08-15,02:49:00,36,1,759
61988,2016-08-15,02:58:00,393,1,4511
61989,2016-08-15,03:01:00,453,1,8536
61990,2016-08-15,03:02:00,353,1,11223
61991,2016-08-15,03:07:00,17,2,1428
61992,2016-08-15,03:12:00,237,1,7506
61993,2016-08-15,03:26:00,108,4,3671
61994,2016-08-15,03:39:00,127,3,3981
61995,2016-08-15,03:39:00,310,3,9215
61996,2016-08-15,03:42:00,233,6,2076
61997,2016-08-15,03:43:00,169,1,10834
61998,2016-08-15,03:44:00,71,1,1414
61999,2016-08-15,03:48:00,224,1,10528
62000,2016-08-15,03:59:00,221,2,64
62001,2016-08-15,04:15:00,236,2,7666
62002,2016-08-15,04:18:00,142,2,11564
62003,2016-08-15,04:20:00,141,4,10572
62004,2016-08-15,04:25:00,351,1,11697
62005,2016-08-15,04:26:00,3,2,5825
62006,2016-08-15,04:32:00,184,2,9587
62007,2016-08-15,04:34:00,297,2,102
62008,2016-08-15,04:35:00,168,2,1886
62009,2016-08-15,04:45:00,318,2,3455
62010,2016-08-15,04:45:00,255,1,7505
62011,2016-08-15,04:56:00,388,3,6063
62012,2016-08-15,04:56:00,375,3,2322
62013,2016-08-15,05:04:00,174,4,2830
62014,2016-08-15,05:04:00,417,2,1086
62015,2016-08-15,05:15:00,48,2,3291
62016,2016-08-15,05:17:00,329,1,8348
62017,2016-08-15,05:25:00,112,3,11589
62018,2016-08-15,05:30:00,319,3,3667
62019,2016-08-15,05:33:00,20,3,8779
62020,2016-08-15,05:38:00,244,1,10372
62021,2016-08-15,05:45:00,108,5,7093
62022,2016-08-15,05:47:00,197,3,3062
62023,2016-08-15,05:52:00,59,2,5899
62024,2016-08-15,06:00:00,364,3,10863
62025,2016-08-15,06:02:00,117,4,5979
62026,2016-08-15,06:04:00,90,2,4747
62027,2016-08-15,06:04:00,246,5,2708
62028,2016-08-15,06:06:00,239,2,6975
62029,2016-08-15,06:10:00,345,2,11302
62030,2016-08-15,06:13:00,104,1,1783
62031,2016-08-15,06:19:00,31,2,9687
62032,2016-08-15,06:24:00,405,1,7960
62033,2016-08-15,06:26:00,258,3,2901
62034,2016-08-15,06:32:00,376,3,137
62035,2016-08-15,06:40:00,325,1,5874
62036,2016-08-15,06:53:00,400,1,11382
62037,2016-08-15,07:00:00,331,2,10591
62038,2016-08-15,07:00:00,293,3,3693
62039,2016-08-15,07:07:00,136,2,9015
62040,2016-08-15,07:17:00,275,2,5601
62041,2016-08-15,07:25:00,233,1,6121
62042,2016-08-15,07:27:00,127,2,3264
62043,2016-08-15,07:27:00,302,1,11244
62044,2016-08-15,07:28:00,81,2,10816
62045,2016-08-15,07:34:00,65,4,2769
62046,2016-08-15,07:37:00,50,1,10194
62047,2016-08-15,07:40:00,134,1,6954
62048,2016-08-15,07:43:00,191,1,6826
62049,2016-08-15,07:44:00,301,1,1032
62050,2016-08-15,07:49:00,368,4,1715
62051,2016-08-15,07:50:00,46,2,10506
62052,2016-08-15,07:58:00,222,2,11815
62053,2016-08-15,07:58:00,102,3,9712
62054,2016-08-15,07:58:00,373,3,11109
62055,2016-08-15,08:00:00,456,1,8605
62056,2016-08-15,08:12:00,44,4,10123
62057,2016-08-15,08:20:00,109,3,799
62058,2016-08-15,08:44:00,157,3,6441
62059,2016-08-15,08:46:00,100,1,5115
62060,2016-08-15,09:00:00,45,2,6848
62061,2016-08-15,09:05:00,19,1,11442
62062,2016-08-15,09:06:00,306,3,6137
62063,2016-08-15,09:18:00,187,2,7526
62064,2016-08-15,09:18:00,399,1,815
62065,2016-08-15,09:54:00,209,1,6556
62066,2016-08-15,10:06:00,385,1,2555
62067,2016-08-15,10:08:00,421,3,5511
62068,2016-08-15,10:15:00,250,3,8153
62069,2016-08-15,10:18:00,175,2,7217
62070,2016-08-15,10:40:00,413,1,5888
62071,2016-08-15,10:53:00,130,3,10073
62072,2016-08-15,10:53:00,428,3,4438
62073,2016-08-15,10:58:00,99,3,6734
62074,2016-08-15,11:01:00,364,1,11634
62075,2016-08-15,11:04:00,138,2,8005
62076,2016-08-15,11:10:00,90,2,4231
62077,2016-08-15,11:12:00,280,2,2955
62078,2016-08-15,11:15:00,262,1,3885
62079,2016-08-15,11:17:00,57,2,5394
62080,2016-08-15,11:26:00,58,1,11570
62081,2016-08-15,11:29:00,276,1,5481
62082,2016-08-15,11:33:00,50,2,5022
62083,2016-08-15,11:45:00,362,2,4935
62084,2016-08-15,11:45:00,456,3,1631
62085,2016-08-15,11:49:00,34,2,11613
62086,2016-08-15,11:55:00,6,4,10192
62087,2016-08-15,12:18:00,288,2,7628
62088,2016-08-15,12:27:00,157,1,9732
62089,2016-08-15,12:35:00,97,5,6289
62090,2016-08-15,12:48:00,28,2,8310
62091,2016-08-15,12:56:00,207,2,10504
62092,2016-08-15,13:04:00,456,3,686
62093,2016-08-15,13:10:00,305,2,7767
62094,2016-08-15,13:14:00,344,3,3406
62095,2016-08-15,13:16:00,206,2,4784
62096,2016-08-15,13:16:00,58,1,11479
62097,2016-08-15,13:17:00,199,2,5057
62098,2016-08-15,13:25:00,260,2,11787
62099,2016-08-15,13:25:00,236,2,3824
62100,2016-08-15,13:27:00,273,1,6519
62101,2016-08-15,13:29:00,78,1,6308
62102,2016-08-15,13:31:00,354,3,2039
62103,2016-08-15,13:31:00,418,4,11069
62104,2016-08-15,13:38:00,263,4,782
62105,2016-08-15,13:39:00,11,1,5623
62106,2016-08-15,13:50:00,88,1,5012
62107,2016-08-15,13:53:00,134,3,2859
62108,2016-08-15,13:55:00,344,3,11640
62109,2016-08-15,14:00:00,167,1,7334
62110,2016-08-15,14:00:00,165,1,11083
62111,2016-08-15,14:02:00,195,4,3943
62112,2016-08-15,14:02:00,395,1,1051
62113,2016-08-15,14:06:00,162,3,349
62114,2016-08-15,14:25:00,363,1,4030
62115,2016-08-15,14:37:00,435,2,6047
62116,2016-08-15,14:40:00,98,2,7160
62117,2016-08-15,14:41:00,190,3,6448
62118,2016-08-15,14:41:00,289,2,4500
62119,2016-08-15,14:42:00,65,2,10132
62120,2016-08-15,14:51:00,261,3,1673
62121,2016-08-15,14:57:00,263,3,4793
62122,2016-08-15,15:01:00,372,2,6635
62123,2016-08-15,15:06:00,63,1,642
62124,2016-08-15,15:07:00,146,2,5720
62125,2016-08-15,15:14:00,313,1,1525
62126,2016-08-15,15:20:00,404,2,7860
62127,2016-08-15,15:20:00,80,3,3572
62128,2016-08-15,15:23:00,347,2,4889
62129,2016-08-15,15:33:00,75,1,4951
62130,2016-08-15,15:34:00,140,1,5564
62131,2016-08-15,15:39:00,282,1,6594
62132,2016-08-15,15:43:00,411,2,2553
62133,2016-08-15,15:49:00,402,1,8044
62134,2016-08-15,15:55:00,28,2,10314
62135,2016-08-15,15:59:00,360,1,10885
62136,2016-08-15,16:16:00,219,3,2051
62137,2016-08-15,16:19:00,155,1,5088
62138,2016-08-15,16:21:00,254,1,11190
62139,2016-08-15,16:29:00,296,1,7743
62140,2016-08-15,16:31:00,311,2,5806
62141,2016-08-15,16:35:00,276,4,2952
62142,2016-08-15,16:49:00,54,1,5272
62143,2016-08-15,17:00:00,9,2,2660
62144,2016-08-15,17:13:00,269,2,4963
62145,2016-08-15,17:14:00,225,1,6471
62146,2016-08-15,17:27:00,156,1,9905
62147,2016-08-15,17:31:00,318,3,7199
62148,2016-08-15,17:31:00,456,3,8344
62149,2016-08-15,17:32:00,454,4,169
62150,2016-08-15,17:37:00,390,1,11293
62151,2016-08-15,17:38:00,134,3,9956
62152,2016-08-15,17:46:00,394,1,8141
62153,2016-08-15,17:49:00,224,4,5084
62154,2016-08-15,18:00:00,123,2,8921
62155,2016-08-15,18:08:00,25,1,9305
62156,2016-08-15,18:13:00,378,1,5682
62157,2016-08-15,18:16:00,310,2,2403
62158,2016-08-15,18:19:00,235,2,7631
62159,2016-08-15,18:24:00,173,2,3600
62160,2016-08-15,18:34:00,273,1,8999
62161,2016-08-15,18:37:00,60,2,550
62162,2016-08-15,18:37:00,273,2,9953
62163,2016-08-15,18:40:00,348,2,9590
62164,2016-08-15,18:41:00,179,2,5044
62165,2016-08-15,18:45:00,189,1,4620
62166,2016-08-15,18:48:00,299,1,653
62167,2016-08-15,18:50:00,267,1,8
62168,2016-08-15,18:53:00,100,1,4874
62169,2016-08-15,18:55:00,59,2,26
62170,2016-08-15,18:59:00,456,2,6938
62171,2016-08-15,19:04:00,239,1,7175
62172,2016-08-15,19:18:00,70,2,7987
62173,2016-08-15,19:18:00,116,2,9084
62174,2016-08-15,19:25:00,161,2,6368
62175,2016-08-15,19:32:00,84,2,2150
62176,2016-08-15,19:33:00,272,1,5060
62177,2016-08-15,19:35:00,182,2,3706
62178,2016-08-15,19:35:00,258,2,4529
62179,2016-08-15,19:45:00,52,1,4386
62180,2016-08-15,20:02:00,271,1,11671
62181,2016-08-15,20:15:00,90,1,4175
62182,2016-08-15,20:15:00,331,1,7593
62183,2016-08-15,20:15:00,105,2,6863
62184,2016-08-15,20:23:00,150,1,2244
62185,2016-08-15,20:27:00,378,2,3110
62186,2016-08-15,20:33:00,343,1,8488
62187,2016-08-15,20:39:00,126,1,6837
62188,2016-08-15,21:01:00,331,2,6628
62189,2016-08-15,21:08:00,381,1,301
62190,2016-08-15,21:15:00,231,1,1093
62191,2016-08-15,21:22:00,175,3,9726
62192,2016-08-15,21:24:00,343,1,4354
62193,2016-08-15,21:26:00,307,3,3737
62194,2016-08-15,21:44:00,422,2,1405
62195,2016-08-15,21:46:00,201,3,9701
62196,2016-08-15,21:48:00,58,2,3181
62197,2016-08-15,21:56:00,201,2,8332
62198,2016-08-15,21:59:00,265,3,1263
62199,2016-08-15,21:59:00,227,2,8580
62200,2016-08-15,22:06:00,309,1,10901
62201,2016-08-15,22:13:00,382,3,472
62202,2016-08-15,22:20:00,28,3,4149
62203,2016-08-15,22:43:00,318,2,1789
62204,2016-08-15,22:54:00,281,2,4025
62205,2016-08-15,23:00:00,433,2,7256
62206,2016-08-15,23:01:00,47,1,10234
62207,2016-08-15,23:10:00,403,2,11380
62208,2016-08-15,23:13:00,181,3,10421
62209,2016-08-15,23:16:00,216,2,3694
62210,2016-08-15,23:18:00,392,1,2507
62211,2016-08-15,23:23:00,217,1,1452
62212,2016-08-15,23:31:00,231,2,10161
62213,2016-08-15,23:32:00,20,2,10226
62214,2016-08-15,23:33:00,161,4,661
62215,2016-08-15,23:38:00,417,1,10236
62216,2016-08-15,23:54:00,429,2,1830
62217,2016-08-16,00:03:00,365,2,7082
62218,2016-08-16,00:11:00,188,1,1546
62219,2016-08-16,00:15:00,122,3,9151
62220,2016-08-16,00:17:00,203,1,10845
62221,2016-08-16,00:21:00,93,3,1762
62222,2016-08-16,00:24:00,370,2,3377
62223,2016-08-16,00:26:00,386,4,9679
62224,2016-08-16,00:28:00,390,2,5770
62225,2016-08-16,00:35:00,411,3,5107
62226,2016-08-16,00:49:00,83,3,9591
62227,2016-08-16,00:49:00,205,3,10348
62228,2016-08-16,00:53:00,410,1,5042
62229,2016-08-16,00:54:00,101,2,11518
62230,2016-08-16,00:56:00,246,1,2994
62231,2016-08-16,00:58:00,225,2,9685
62232,2016-08-16,01:03:00,364,4,1957
62233,2016-08-16,01:04:00,7,3,3808
62234,2016-08-16,01:07:00,73,2,4265
62235,2016-08-16,01:07:00,317,2,1796
62236,2016-08-16,01:08:00,164,6,5361
62237,2016-08-16,01:15:00,273,1,2682
62238,2016-08-16,01:20:00,74,3,3054
62239,2016-08-16,01:22:00,54,4,64
62240,2016-08-16,01:24:00,6,2,7765
62241,2016-08-16,01:36:00,209,1,2230
62242,2016-08-16,01:37:00,159,1,10285
62243,2016-08-16,01:38:00,194,2,5415
62244,2016-08-16,01:43:00,135,2,9069
62245,2016-08-16,01:47:00,36,1,4896
62246,2016-08-16,01:47:00,99,1,9246
62247,2016-08-16,01:48:00,456,2,233
62248,2016-08-16,02:03:00,77,1,756
62249,2016-08-16,02:06:00,31,4,3983
62250,2016-08-16,02:09:00,227,1,4723
62251,2016-08-16,02:18:00,288,4,5613
62252,2016-08-16,02:27:00,316,1,756
62253,2016-08-16,02:29:00,234,2,7849
62254,2016-08-16,02:32:00,128,5,11133
62255,2016-08-16,02:34:00,418,2,10497
62256,2016-08-16,02:40:00,284,2,2328
62257,2016-08-16,02:51:00,264,2,9344
62258,2016-08-16,02:53:00,175,1,9401
62259,2016-08-16,03:07:00,12,1,5773
62260,2016-08-16,03:27:00,280,2,9020
62261,2016-08-16,03:28:00,176,3,11275
62262,2016-08-16,03:32:00,386,3,3333
62263,2016-08-16,03:32:00,92,2,3931
62264,2016-08-16,03:37:00,88,2,10515
62265,2016-08-16,03:39:00,164,4,10922
62266,2016-08-16,03:40:00,112,3,4992
62267,2016-08-16,03:40:00,141,2,71
62268,2016-08-16,03:42:00,130,1,3727
62269,2016-08-16,03:48:00,358,2,4576
62270,2016-08-16,03:49:00,91,3,1119
62271,2016-08-16,03:50:00,234,2,10266
62272,2016-08-16,03:51:00,455,2,6016
62273,2016-08-16,04:02:00,183,2,2690
62274,2016-08-16,04:05:00,432,1,3170
62275,2016-08-16,04:11:00,174,3,875
62276,2016-08-16,04:28:00,242,3,2762
62277,2016-08-16,04:28:00,164,1,4399
62278,2016-08-16,04:30:00,456,1,3815
62279,2016-08-16,04:33:00,16,1,9311
62280,2016-08-16,04:36:00,141,1,6501
62281,2016-08-16,04:39:00,304,1,275
62282,2016-08-16,04:41:00,215,1,5711
62283,2016-08-16,04:52:00,261,1,1292
62284,2016-08-16,04:56:00,76,2,1154
62285,2016-08-16,04:56:00,213,4,4401
62286,2016-08-16,04:56:00,152,4,1587
62287,2016-08-16,05:07:00,55,1,7349
62288,2016-08-16,05:09:00,103,1,9131
62289,2016-08-16,05:11:00,207,2,6810
62290,2016-08-16,05:23:00,81,3,7012
62291,2016-08-16,05:24:00,87,2,9432
62292,2016-08-16,05:25:00,431,1,5430
62293,2016-08-16,05:29:00,303,1,9726
62294,2016-08-16,05:36:00,215,1,3928
62295,2016-08-16,05:39:00,324,4,10174
62296,2016-08-16,05:45:00,428,2,2573
62297,2016-08-16,05:48:00,68,1,7170
62298,2016-08-16,06:06:00,17,1,7395
62299,2016-08-16,06:14:00,11,3,8009
62300,2016-08-16,06:17:00,177,4,5432
62301,2016-08-16,06:23:00,244,3,8205
62302,2016-08-16,06:28:00,383,2,1404
62303,2016-08-16,06:39:00,27,1,1305
62304,2016-08-16,06:47:00,268,3,1230
62305,2016-08-16,06:59:00,75,3,10442
62306,2016-08-16,07:03:00,118,2,7234
62307,2016-08-16,07:04:00,419,3,2178
62308,2016-08-16,07:05:00,96,2,9010
62309,2016-08-16,07:08:00,265,4,8745
62310,2016-08-16,07:09:00,324,1,10051
62311,2016-08-16,07:11:00,120,1,744
62312,2016-08-16,07:12:00,260,1,8287
62313,2016-08-16,07:18:00,215,2,7219
62314,2016-08-16,07:23:00,264,1,6428
62315,2016-08-16,07:25:00,318,1,4872
62316,2016-08-16,07:44:00,190,1,8657
62317,2016-08-16,07:45:00,332,4,7990
62318,2016-08-16,07:47:00,334,2,7734
62319,2016-08-16,07:49:00,238,3,5117
62320,2016-08-16,07:49:00,370,1,11523
62321,2016-08-16,07:49:00,58,2,1846
62322,2016-08-16,07:50:00,84,1,1829
62323,2016-08-16,07:53:00,213,3,1210
62324,2016-08-16,07:59:00,115,2,5402
62325,2016-08-16,08:02:00,391,1,490
62326,2016-08-16,08:04:00,434,1,7191
62327,2016-08-16,08:06:00,436,2,5748
62328,2016-08-16,08:07:00,160,2,5428
62329,2016-08-16,08:09:00,307,3,5387
62330,2016-08-16,08:09:00,321,2,6786
62331,2016-08-16,08:10:00,29,2,2542
62332,2016-08-16,08:22:00,114,2,2894
62333,2016-08-16,08:30:00,401,1,9073
62334,2016-08-16,08:39:00,196,1,1845
62335,2016-08-16,08:47:00,440,3,9271
62336,2016-08-16,08:51:00,208,3,10930
62337,2016-08-16,08:57:00,126,2,947
62338,2016-08-16,08:58:00,361,4,3886
62339,2016-08-16,09:00:00,92,1,6992
62340,2016-08-16,09:14:00,67,3,8086
62341,2016-08-16,09:16:00,289,1,7543
62342,2016-08-16,09:17:00,392,1,6069
62343,2016-08-16,09:22:00,406,2,8903
62344,2016-08-16,09:37:00,43,2,11012
62345,2016-08-16,09:42:00,200,3,10209
62346,2016-08-16,10:11:00,137,2,10774
62347,2016-08-16,10:23:00,10,1,8616
62348,2016-08-16,10:26:00,128,1,10266
62349,2016-08-16,10:31:00,126,1,7020
62350,2016-08-16,10:34:00,270,3,10038
62351,2016-08-16,10:35:00,309,1,2937
62352,2016-08-16,10:39:00,214,2,1188
62353,2016-08-16,10:39:00,59,1,10304
62354,2016-08-16,10:40:00,261,2,10470
62355,2016-08-16,10:53:00,351,1,2180
62356,2016-08-16,10:54:00,275,1,132
62357,2016-08-16,10:56:00,227,3,10221
62358,2016-08-16,10:59:00,55,2,11884
62359,2016-08-16,11:00:00,43,1,1245
62360,2016-08-16,11:02:00,383,3,4881
62361,2016-08-16,11:02:00,221,2,11904
62362,2016-08-16,11:04:00,312,2,11574
62363,2016-08-16,11:06:00,259,2,1100
62364,2016-08-16,11:13:00,196,3,1401
62365,2016-08-16,11:19:00,312,3,2056
62366,2016-08-16,11:26:00,12,2,1510
62367,2016-08-16,11:28:00,337,3,895
62368,2016-08-16,11:29:00,269,1,11445
62369,2016-08-16,11:36:00,42,1,4942
62370,2016-08-16,11:38:00,291,1,10662
62371,2016-08-16,11:39:00,97,2,10316
62372,2016-08-16,11:42:00,337,1,8797
62373,2016-08-16,11:54:00,148,2,213
62374,2016-08-16,11:57:00,217,2,6848
62375,2016-08-16,12:05:00,232,2,9715
62376,2016-08-16,12:06:00,261,1,2245
62377,2016-08-16,12:07:00,330,1,11566
62378,2016-08-16,12:13:00,181,3,10675
62379,2016-08-16,12:18:00,320,1,7154
62380,2016-08-16,12:19:00,285,1,2307
62381,2016-08-16,12:22:00,114,3,9948
62382,2016-08-16,12:34:00,305,2,6123
62383,2016-08-16,12:36:00,357,4,11666
62384,2016-08-16,12:40:00,454,2,3905
62385,2016-08-16,12:42:00,452,3,1656
62386,2016-08-16,12:43:00,47,4,8322
62387,2016-08-16,12:46:00,287,3,1346
62388,2016-08-16,12:49:00,206,2,2361
62389,2016-08-16,13:05:00,206,2,9394
62390,2016-08-16,13:11:00,268,2,7185
62391,2016-08-16,13:14:00,227,2,1412
62392,2016-08-16,13:16:00,159,2,6691
62393,2016-08-16,13:16:00,360,1,11911
62394,2016-08-16,13:18:00,3,1,1907
62395,2016-08-16,13:20:00,458,1,10227
62396,2016-08-16,13:23:00,152,3,2834
62397,2016-08-16,13:25:00,394,3,8103
62398,2016-08-16,13:40:00,255,4,10721
62399,2016-08-16,13:42:00,211,2,3727
62400,2016-08-16,14:00:00,117,2,1752
62401,2016-08-16,14:02:00,43,1,6851
62402,2016-08-16,14:13:00,117,4,8491
62403,2016-08-16,14:21:00,277,2,8778
62404,2016-08-16,14:29:00,422,1,11423
62405,2016-08-16,14:31:00,123,3,1150
62406,2016-08-16,14:41:00,136,3,4093
62407,2016-08-16,15:01:00,420,3,11503
62408,2016-08-16,15:07:00,231,2,10723
62409,2016-08-16,15:31:00,228,1,9941
62410,2016-08-16,15:32:00,449,4,1760
62411,2016-08-16,15:36:00,456,3,7187
62412,2016-08-16,15:46:00,341,1,9025
62413,2016-08-16,15:48:00,98,1,3557
62414,2016-08-16,15:53:00,259,2,610
62415,2016-08-16,15:54:00,82,1,2679
62416,2016-08-16,15:54:00,374,1,1355
62417,2016-08-16,15:58:00,381,3,10010
62418,2016-08-16,16:08:00,109,2,11962
62419,2016-08-16,16:14:00,308,1,4910
62420,2016-08-16,16:21:00,173,2,9165
62421,2016-08-16,16:22:00,234,2,3518
62422,2016-08-16,16:28:00,92,2,5333
62423,2016-08-16,16:34:00,328,3,1743
62424,2016-08-16,16:40:00,75,3,4377
62425,2016-08-16,16:43:00,169,1,11686
62426,2016-08-16,16:50:00,287,3,693
62427,2016-08-16,16:55:00,46,1,8335
62428,2016-08-16,16:57:00,218,2,7310
62429,2016-08-16,16:59:00,101,1,7263
62430,2016-08-16,17:02:00,19,1,2047
62431,2016-08-16,17:04:00,213,1,10853
62432,2016-08-16,17:04:00,417,2,5859
62433,2016-08-16,17:05:00,194,2,7726
62434,2016-08-16,17:06:00,264,2,514
62435,2016-08-16,17:11:00,227,1,9278
62436,2016-08-16,17:12:00,428,1,10275
62437,2016-08-16,17:12:00,58,2,3162
62438,2016-08-16,17:33:00,315,1,6844
62439,2016-08-16,17:33:00,456,1,1716
62440,2016-08-16,17:33:00,402,3,9000
62441,2016-08-16,17:36:00,151,4,2781
62442,2016-08-16,17:36:00,98,2,5986
62443,2016-08-16,17:37:00,304,1,4702
62444,2016-08-16,17:38:00,32,3,8237
62445,2016-08-16,17:42:00,240,2,4789
62446,2016-08-16,17:44:00,380,3,2161
62447,2016-08-16,17:47:00,327,1,5169
62448,2016-08-16,17:49:00,425,2,6953
62449,2016-08-16,17:49:00,307,2,5637
62450,2016-08-16,17:50:00,39,2,8330
62451,2016-08-16,18:04:00,46,1,4584
62452,2016-08-16,18:05:00,263,2,5624
62453,2016-08-16,18:10:00,300,2,253
62454,2016-08-16,18:14:00,282,2,8869
62455,2016-08-16,18:39:00,431,1,7198
62456,2016-08-16,18:52:00,453,2,180
62457,2016-08-16,19:05:00,365,1,1499
62458,2016-08-16,19:11:00,134,1,8269
62459,2016-08-16,19:20:00,404,1,11860
62460,2016-08-16,19:36:00,215,2,4209
62461,2016-08-16,19:42:00,156,2,6762
62462,2016-08-16,19:48:00,220,3,1001
62463,2016-08-16,19:58:00,112,1,7976
62464,2016-08-16,19:59:00,22,3,2460
62465,2016-08-16,20:08:00,258,1,5895
62466,2016-08-16,20:12:00,448,1,7125
62467,2016-08-16,20:14:00,402,3,2400
62468,2016-08-16,20:33:00,108,1,9210
62469,2016-08-16,20:33:00,361,1,7339
62470,2016-08-16,20:33:00,146,3,1876
62471,2016-08-16,20:42:00,413,2,10247
62472,2016-08-16,20:44:00,280,1,5366
62473,2016-08-16,20:47:00,433,1,1920
62474,2016-08-16,20:59:00,117,2,9290
62475,2016-08-16,21:03:00,27,5,10522
62476,2016-08-16,21:15:00,379,3,4463
62477,2016-08-16,21:23:00,246,2,6152
62478,2016-08-16,21:24:00,334,1,9546
62479,2016-08-16,21:26:00,177,2,1585
62480,2016-08-16,21:39:00,216,1,4228
62481,2016-08-16,21:43:00,49,2,7552
62482,2016-08-16,21:43:00,294,2,7345
62483,2016-08-16,21:47:00,423,3,1618
62484,2016-08-16,21:57:00,37,2,574
62485,2016-08-16,22:01:00,124,1,10649
62486,2016-08-16,22:12:00,121,1,6366
62487,2016-08-16,22:23:00,455,1,11045
62488,2016-08-16,22:39:00,403,2,4135
62489,2016-08-16,22:41:00,199,2,11784
62490,2016-08-16,22:46:00,33,3,622
62491,2016-08-16,22:49:00,69,2,8603
62492,2016-08-16,22:56:00,181,3,6924
62493,2016-08-16,23:09:00,388,1,2559
62494,2016-08-16,23:15:00,392,3,3287
62495,2016-08-16,23:19:00,152,1,10906
62496,2016-08-16,23:21:00,221,3,9227
62497,2016-08-16,23:30:00,172,5,725
62498,2016-08-16,23:36:00,349,1,1756
62499,2016-08-16,23:42:00,240,1,2343
62500,2016-08-17,00:02:00,431,2,3062
62501,2016-08-17,00:13:00,99,1,9685
62502,2016-08-17,00:13:00,374,3,2249
62503,2016-08-17,00:16:00,27,2,37
62504,2016-08-17,00:19:00,89,4,6428
62505,2016-08-17,00:21:00,45,1,5340
62506,2016-08-17,00:24:00,389,1,11336
62507,2016-08-17,00:34:00,359,3,5045
62508,2016-08-17,00:38:00,45,3,629
62509,2016-08-17,00:39:00,91,1,187
62510,2016-08-17,00:42:00,413,1,10666
62511,2016-08-17,00:44:00,258,1,6505
62512,2016-08-17,00:50:00,453,1,10452
62513,2016-08-17,00:51:00,96,5,10451
62514,2016-08-17,00:57:00,290,1,7318
62515,2016-08-17,01:04:00,358,1,31
62516,2016-08-17,01:06:00,213,3,2031
62517,2016-08-17,01:08:00,134,1,8391
62518,2016-08-17,01:17:00,25,2,4471
62519,2016-08-17,01:17:00,40,3,7284
62520,2016-08-17,01:24:00,302,1,6609
62521,2016-08-17,01:28:00,48,1,2703
62522,2016-08-17,01:30:00,340,2,6123
62523,2016-08-17,01:31:00,99,2,2367
62524,2016-08-17,01:38:00,437,1,3253
62525,2016-08-17,01:52:00,354,2,3754
62526,2016-08-17,01:52:00,246,1,5898
62527,2016-08-17,01:58:00,338,3,3004
62528,2016-08-17,02:01:00,108,1,3256
62529,2016-08-17,02:03:00,275,1,2371
62530,2016-08-17,02:05:00,209,1,4039
62531,2016-08-17,02:15:00,205,1,5938
62532,2016-08-17,02:15:00,220,1,7620
62533,2016-08-17,02:21:00,295,1,7901
62534,2016-08-17,02:24:00,22,1,3702
62535,2016-08-17,02:31:00,383,3,4929
62536,2016-08-17,02:34:00,36,2,3540
62537,2016-08-17,02:35:00,308,1,7789
62538,2016-08-17,02:45:00,100,1,6499
62539,2016-08-17,02:47:00,454,2,11257
62540,2016-08-17,02:58:00,43,1,8679
62541,2016-08-17,03:07:00,433,1,10293
62542,2016-08-17,03:13:00,225,2,3235
62543,2016-08-17,03:13:00,284,3,330
62544,2016-08-17,03:15:00,362,1,6527
62545,2016-08-17,03:24:00,239,3,7554
62546,2016-08-17,03:35:00,409,2,11506
62547,2016-08-17,03:39:00,105,5,975
62548,2016-08-17,03:41:00,452,2,6910
62549,2016-08-17,04:15:00,235,1,3442
62550,2016-08-17,04:28:00,355,2,6256
62551,2016-08-17,04:42:00,445,1,5651
62552,2016-08-17,04:43:00,74,1,10744
62553,2016-08-17,04:55:00,345,4,4982
62554,2016-08-17,04:58:00,156,1,5597
62555,2016-08-17,05:03:00,320,2,10046
62556,2016-08-17,05:03:00,434,1,3911
62557,2016-08-17,05:05:00,226,2,8713
62558,2016-08-17,05:08:00,77,2,11697
62559,2016-08-17,05:19:00,111,1,403
62560,2016-08-17,05:20:00,313,1,5793
62561,2016-08-17,05:22:00,113,2,10517
62562,2016-08-17,05:27:00,385,4,3208
62563,2016-08-17,05:29:00,148,1,11100
62564,2016-08-17,05:30:00,393,1,644
62565,2016-08-17,05:38:00,112,1,8169
62566,2016-08-17,05:42:00,446,2,8382
62567,2016-08-17,06:01:00,445,1,4150
62568,2016-08-17,06:02:00,270,1,7262
62569,2016-08-17,06:03:00,39,1,3531
62570,2016-08-17,06:06:00,191,2,6990
62571,2016-08-17,06:08:00,273,1,7203
62572,2016-08-17,06:23:00,296,2,7260
62573,2016-08-17,06:25:00,107,2,3384
62574,2016-08-17,06:29:00,360,2,11514
62575,2016-08-17,06:32:00,126,3,2421
62576,2016-08-17,06:37:00,11,1,1862
62577,2016-08-17,06:38:00,265,5,7238
62578,2016-08-17,06:38:00,381,2,9597
62579,2016-08-17,06:38:00,57,4,7555
62580,2016-08-17,06:40:00,273,3,4415
62581,2016-08-17,06:42:00,305,3,1604
62582,2016-08-17,06:43:00,432,1,3151
62583,2016-08-17,06:45:00,26,2,4204
62584,2016-08-17,06:45:00,7,4,6294
62585,2016-08-17,06:53:00,316,1,4185
62586,2016-08-17,06:57:00,420,3,10481
62587,2016-08-17,06:59:00,380,2,10716
62588,2016-08-17,07:03:00,427,1,6834
62589,2016-08-17,07:08:00,103,1,9285
62590,2016-08-17,07:09:00,66,2,606
62591,2016-08-17,07:36:00,377,3,6960
62592,2016-08-17,07:36:00,210,4,7557
62593,2016-08-17,07:40:00,99,3,8957
62594,2016-08-17,07:46:00,133,3,11596
62595,2016-08-17,07:49:00,458,1,8012
62596,2016-08-17,07:54:00,434,1,7936
62597,2016-08-17,08:04:00,8,2,782
62598,2016-08-17,08:07:00,282,4,10023
62599,2016-08-17,08:12:00,84,2,1921
62600,2016-08-17,08:14:00,87,1,4562
62601,2016-08-17,08:18:00,311,1,4770
62602,2016-08-17,08:27:00,203,2,11770
62603,2016-08-17,08:41:00,4,2,10176
62604,2016-08-17,08:43:00,164,1,5850
62605,2016-08-17,08:45:00,277,1,7936
62606,2016-08-17,08:52:00,246,1,1660
62607,2016-08-17,08:55:00,156,2,4780
62608,2016-08-17,08:57:00,274,2,8737
62609,2016-08-17,08:59:00,230,1,5997
62610,2016-08-17,09:03:00,13,2,3553
62611,2016-08-17,09:06:00,247,3,2541
62612,2016-08-17,09:13:00,68,4,7442
62613,2016-08-17,09:15:00,429,2,604
62614,2016-08-17,09:21:00,411,1,1030
62615,2016-08-17,09:27:00,60,2,7555
62616,2016-08-17,09:52:00,271,3,2845
62617,2016-08-17,09:52:00,44,1,2535
62618,2016-08-17,09:54:00,362,2,5979
62619,2016-08-17,09:56:00,201,2,5352
62620,2016-08-17,10:06:00,161,2,2537
62621,2016-08-17,10:12:00,273,2,9887
62622,2016-08-17,10:23:00,166,2,6077
62623,2016-08-17,10:30:00,2,2,6659
62624,2016-08-17,10:40:00,297,1,4006
62625,2016-08-17,10:43:00,219,2,8200
62626,2016-08-17,10:53:00,401,4,2675
62627,2016-08-17,10:57:00,156,2,7552
62628,2016-08-17,11:19:00,267,1,4444
62629,2016-08-17,11:19:00,121,1,6615
62630,2016-08-17,11:21:00,301,6,4227
62631,2016-08-17,11:24:00,195,1,7365
62632,2016-08-17,11:40:00,41,2,2820
62633,2016-08-17,11:42:00,90,2,8706
62634,2016-08-17,11:43:00,193,2,227
62635,2016-08-17,11:51:00,398,3,8038
62636,2016-08-17,11:57:00,191,2,328
62637,2016-08-17,12:06:00,136,2,2525
62638,2016-08-17,12:20:00,321,3,7859
62639,2016-08-17,12:20:00,28,2,4808
62640,2016-08-17,12:26:00,111,2,7328
62641,2016-08-17,12:27:00,64,1,9207
62642,2016-08-17,12:30:00,138,3,980
62643,2016-08-17,12:32:00,349,2,8405
62644,2016-08-17,12:38:00,34,1,9923
62645,2016-08-17,12:38:00,126,1,5698
62646,2016-08-17,12:39:00,72,1,7395
62647,2016-08-17,12:46:00,26,1,7828
62648,2016-08-17,12:48:00,205,2,11668
62649,2016-08-17,12:53:00,139,4,3399
62650,2016-08-17,12:56:00,163,3,5339
62651,2016-08-17,13:02:00,62,1,10823
62652,2016-08-17,13:11:00,105,2,9109
62653,2016-08-17,13:13:00,427,1,4596
62654,2016-08-17,13:23:00,113,1,6420
62655,2016-08-17,13:26:00,4,2,10465
62656,2016-08-17,13:27:00,228,1,6684
62657,2016-08-17,13:27:00,280,2,6318
62658,2016-08-17,13:37:00,254,2,5130
62659,2016-08-17,13:37:00,454,3,10974
62660,2016-08-17,13:49:00,112,3,3401
62661,2016-08-17,13:59:00,349,1,2779
62662,2016-08-17,14:00:00,189,1,325
62663,2016-08-17,14:10:00,181,1,8406
62664,2016-08-17,14:15:00,381,2,7923
62665,2016-08-17,14:26:00,434,2,7623
62666,2016-08-17,14:28:00,402,4,6202
62667,2016-08-17,14:33:00,135,3,1058
62668,2016-08-17,14:41:00,307,1,112
62669,2016-08-17,14:44:00,309,2,8153
62670,2016-08-17,14:54:00,265,4,7946
62671,2016-08-17,14:55:00,283,2,9152
62672,2016-08-17,15:01:00,104,3,3136
62673,2016-08-17,15:03:00,19,4,7222
62674,2016-08-17,15:05:00,410,4,6838
62675,2016-08-17,15:07:00,156,2,6529
62676,2016-08-17,15:12:00,209,2,2193
62677,2016-08-17,15:12:00,365,1,120
62678,2016-08-17,15:15:00,309,2,195
62679,2016-08-17,15:15:00,231,1,8682
62680,2016-08-17,15:29:00,163,3,6365
62681,2016-08-17,15:31:00,432,1,8887
62682,2016-08-17,15:32:00,356,1,3965
62683,2016-08-17,15:35:00,94,1,1250
62684,2016-08-17,15:38:00,153,3,10719
62685,2016-08-17,15:51:00,173,1,1655
62686,2016-08-17,15:54:00,439,3,3109
62687,2016-08-17,15:57:00,122,2,3474
62688,2016-08-17,16:03:00,347,1,4271
62689,2016-08-17,16:13:00,30,4,3947
62690,2016-08-17,16:16:00,396,1,9227
62691,2016-08-17,16:28:00,193,3,6914
62692,2016-08-17,16:36:00,375,2,11643
62693,2016-08-17,16:36:00,124,1,4076
62694,2016-08-17,16:37:00,426,1,3428
62695,2016-08-17,16:51:00,87,3,8631
62696,2016-08-17,16:54:00,3,1,124
62697,2016-08-17,16:58:00,57,1,3891
62698,2016-08-17,17:14:00,342,3,11557
62699,2016-08-17,17:18:00,105,2,11935
62700,2016-08-17,17:18:00,315,1,6695
62701,2016-08-17,17:27:00,286,1,7549
62702,2016-08-17,17:30:00,159,1,902
62703,2016-08-17,17:35:00,392,2,5850
62704,2016-08-17,17:37:00,436,3,8374
62705,2016-08-17,17:37:00,182,2,11921
62706,2016-08-17,17:42:00,384,1,2379
62707,2016-08-17,17:42:00,116,3,11252
62708,2016-08-17,17:45:00,209,3,6201
62709,2016-08-17,17:47:00,274,2,6354
62710,2016-08-17,17:49:00,246,1,7888
62711,2016-08-17,17:56:00,217,3,10579
62712,2016-08-17,18:02:00,93,4,6918
62713,2016-08-17,18:11:00,256,1,373
62714,2016-08-17,18:13:00,243,1,390
62715,2016-08-17,18:16:00,371,1,3120
62716,2016-08-17,18:18:00,132,1,4929
62717,2016-08-17,18:38:00,72,2,9230
62718,2016-08-17,18:44:00,337,2,5704
62719,2016-08-17,18:53:00,245,2,8803
62720,2016-08-17,18:53:00,343,1,10189
62721,2016-08-17,19:00:00,442,4,7132
62722,2016-08-17,19:15:00,383,1,6446
62723,2016-08-17,19:18:00,434,1,743
62724,2016-08-17,19:19:00,281,2,721
62725,2016-08-17,19:24:00,436,4,5014
62726,2016-08-17,19:28:00,168,3,10595
62727,2016-08-17,19:30:00,10,1,10131
62728,2016-08-17,19:35:00,450,4,5566
62729,2016-08-17,19:39:00,226,3,10052
62730,2016-08-17,19:40:00,31,4,6559
62731,2016-08-17,19:51:00,275,2,5471
62732,2016-08-17,19:52:00,145,2,10648
62733,2016-08-17,20:09:00,60,3,407
62734,2016-08-17,20:11:00,331,3,11878
62735,2016-08-17,20:17:00,240,1,9678
62736,2016-08-17,20:17:00,345,2,9109
62737,2016-08-17,20:29:00,437,2,7761
62738,2016-08-17,20:34:00,189,3,11800
62739,2016-08-17,20:37:00,52,4,344
62740,2016-08-17,20:40:00,400,2,6229
62741,2016-08-17,20:40:00,445,2,10303
62742,2016-08-17,20:42:00,22,1,6269
62743,2016-08-17,20:44:00,253,1,5865
62744,2016-08-17,20:45:00,372,1,11939
62745,2016-08-17,20:49:00,70,2,10509
62746,2016-08-17,20:50:00,287,3,10995
62747,2016-08-17,20:51:00,373,2,5642
62748,2016-08-17,20:53:00,9,4,8512
62749,2016-08-17,20:58:00,193,3,991
62750,2016-08-17,20:58:00,346,1,1097
62751,2016-08-17,21:09:00,189,1,4029
62752,2016-08-17,21:10:00,123,2,4056
62753,2016-08-17,21:17:00,55,3,10229
62754,2016-08-17,21:20:00,363,4,133
62755,2016-08-17,21:29:00,305,3,11171
62756,2016-08-17,21:31:00,379,1,1537
62757,2016-08-17,21:35:00,6,2,10225
62758,2016-08-17,21:43:00,377,3,6054
62759,2016-08-17,21:49:00,194,3,3399
62760,2016-08-17,22:02:00,423,4,9618
62761,2016-08-17,22:03:00,318,2,5751
62762,2016-08-17,22:03:00,321,3,5880
62763,2016-08-17,22:06:00,50,2,7727
62764,2016-08-17,22:13:00,53,3,11759
62765,2016-08-17,22:14:00,99,2,1740
62766,2016-08-17,22:16:00,181,2,6894
62767,2016-08-17,22:19:00,421,1,8633
62768,2016-08-17,22:26:00,6,2,7325
62769,2016-08-17,22:27:00,344,1,5103
62770,2016-08-17,22:27:00,438,2,598
62771,2016-08-17,22:49:00,141,1,4842
62772,2016-08-17,22:50:00,234,2,4886
62773,2016-08-17,22:55:00,358,3,3588
62774,2016-08-17,22:56:00,400,2,3931
62775,2016-08-17,22:56:00,129,1,10556
62776,2016-08-17,22:56:00,317,2,2529
62777,2016-08-17,22:58:00,169,1,10396
62778,2016-08-17,23:03:00,321,3,6288
62779,2016-08-17,23:07:00,231,3,10597
62780,2016-08-17,23:16:00,239,1,7831
62781,2016-08-17,23:19:00,48,1,8858
62782,2016-08-17,23:20:00,381,3,9381
62783,2016-08-17,23:29:00,239,1,11494
62784,2016-08-17,23:30:00,60,2,5390
62785,2016-08-17,23:35:00,227,2,8286
62786,2016-08-17,23:37:00,439,2,7176
62787,2016-08-17,23:46:00,23,1,80
62788,2016-08-17,23:51:00,300,2,2459
62789,2016-08-17,23:53:00,254,2,6734
62790,2016-08-18,00:01:00,55,1,7028
62791,2016-08-18,00:04:00,155,3,3243
62792,2016-08-18,00:06:00,99,2,7171
62793,2016-08-18,00:11:00,270,1,8440
62794,2016-08-18,00:11:00,20,1,10273
62795,2016-08-18,00:13:00,147,2,6739
62796,2016-08-18,00:19:00,313,1,10982
62797,2016-08-18,00:22:00,387,1,6315
62798,2016-08-18,00:25:00,295,2,8251
62799,2016-08-18,00:28:00,139,2,10150
62800,2016-08-18,00:28:00,322,1,10820
62801,2016-08-18,00:30:00,127,4,8273
62802,2016-08-18,00:35:00,445,4,3167
62803,2016-08-18,00:38:00,227,1,4434
62804,2016-08-18,00:46:00,183,1,2272
62805,2016-08-18,00:53:00,363,2,11013
62806,2016-08-18,01:02:00,188,2,2230
62807,2016-08-18,01:04:00,325,1,1085
62808,2016-08-18,01:05:00,330,1,9737
62809,2016-08-18,01:05:00,216,2,9981
62810,2016-08-18,01:08:00,399,2,888
62811,2016-08-18,01:19:00,354,1,10411
62812,2016-08-18,01:20:00,337,2,9978
62813,2016-08-18,01:27:00,264,2,6115
62814,2016-08-18,01:28:00,410,1,4552
62815,2016-08-18,01:34:00,296,4,7034
62816,2016-08-18,01:35:00,455,1,8996
62817,2016-08-18,01:36:00,249,1,8258
62818,2016-08-18,01:44:00,25,2,258
62819,2016-08-18,01:53:00,88,1,9771
62820,2016-08-18,01:59:00,224,2,4467
62821,2016-08-18,02:06:00,115,1,8179
62822,2016-08-18,02:08:00,153,3,9319
62823,2016-08-18,02:10:00,206,3,9043
62824,2016-08-18,02:10:00,353,1,7551
62825,2016-08-18,02:16:00,121,1,10522
62826,2016-08-18,02:17:00,57,2,11516
62827,2016-08-18,02:19:00,393,1,5562
62828,2016-08-18,02:19:00,182,4,1993
62829,2016-08-18,02:20:00,244,1,6814
62830,2016-08-18,02:21:00,88,1,5257
62831,2016-08-18,02:36:00,363,3,10833
62832,2016-08-18,02:37:00,231,2,10720
62833,2016-08-18,02:38:00,281,2,4108
62834,2016-08-18,02:44:00,59,3,4706
62835,2016-08-18,02:47:00,421,2,2508
62836,2016-08-18,02:58:00,4,1,11161
62837,2016-08-18,03:10:00,190,3,537
62838,2016-08-18,03:11:00,197,2,7703
62839,2016-08-18,03:22:00,253,2,8672
62840,2016-08-18,03:29:00,217,1,4672
62841,2016-08-18,03:33:00,335,1,8095
62842,2016-08-18,03:47:00,175,2,10034
62843,2016-08-18,03:49:00,245,1,898
62844,2016-08-18,04:02:00,156,3,2064
62845,2016-08-18,04:04:00,371,2,720
62846,2016-08-18,04:07:00,430,2,8824
62847,2016-08-18,04:10:00,364,2,10043
62848,2016-08-18,04:24:00,21,1,1685
62849,2016-08-18,04:25:00,31,1,4545
62850,2016-08-18,04:26:00,203,3,3857
62851,2016-08-18,04:26:00,8,2,10403
62852,2016-08-18,04:37:00,145,2,10470
62853,2016-08-18,04:47:00,413,2,11129
62854,2016-08-18,04:49:00,295,4,8416
62855,2016-08-18,04:56:00,82,2,7779
62856,2016-08-18,05:14:00,13,3,6667
62857,2016-08-18,05:24:00,227,1,2639
62858,2016-08-18,05:28:00,255,1,7679
62859,2016-08-18,05:32:00,339,1,9169
62860,2016-08-18,05:32:00,110,3,666
62861,2016-08-18,05:38:00,446,2,6813
62862,2016-08-18,05:54:00,349,3,8924
62863,2016-08-18,06:01:00,397,1,8321
62864,2016-08-18,06:10:00,290,2,9073
62865,2016-08-18,06:10:00,54,3,4881
62866,2016-08-18,06:12:00,419,2,2423
62867,2016-08-18,06:12:00,248,2,9596
62868,2016-08-18,06:20:00,133,2,8618
62869,2016-08-18,06:20:00,137,2,9556
62870,2016-08-18,06:20:00,454,2,2614
62871,2016-08-18,06:38:00,185,4,11901
62872,2016-08-18,06:45:00,252,4,2359
62873,2016-08-18,06:46:00,323,2,7664
62874,2016-08-18,06:49:00,157,2,8155
62875,2016-08-18,06:49:00,270,3,706
62876,2016-08-18,06:50:00,30,2,1857
62877,2016-08-18,07:01:00,201,2,7510
62878,2016-08-18,07:06:00,240,1,1342
62879,2016-08-18,07:16:00,242,1,7629
62880,2016-08-18,07:17:00,292,3,1730
62881,2016-08-18,07:17:00,15,1,1073
62882,2016-08-18,07:42:00,45,1,290
62883,2016-08-18,07:52:00,227,1,6615
62884,2016-08-18,07:53:00,175,2,6861
62885,2016-08-18,07:58:00,445,3,9238
62886,2016-08-18,08:02:00,144,2,10027
62887,2016-08-18,08:02:00,8,1,7744
62888,2016-08-18,08:05:00,421,2,1454
62889,2016-08-18,08:09:00,114,2,239
62890,2016-08-18,08:09:00,68,1,7203
62891,2016-08-18,08:17:00,360,3,7448
62892,2016-08-18,08:18:00,6,2,3033
62893,2016-08-18,08:23:00,404,2,11962
62894,2016-08-18,08:26:00,385,2,7152
62895,2016-08-18,08:33:00,261,4,6670
62896,2016-08-18,08:36:00,198,3,4861
62897,2016-08-18,08:37:00,199,4,5494
62898,2016-08-18,08:39:00,402,1,1888
62899,2016-08-18,08:48:00,25,2,7314
62900,2016-08-18,08:49:00,90,1,3022
62901,2016-08-18,08:50:00,254,4,5674
62902,2016-08-18,08:52:00,281,3,9748
62903,2016-08-18,08:54:00,367,1,1105
62904,2016-08-18,08:57:00,394,4,250
62905,2016-08-18,09:00:00,303,1,10100
62906,2016-08-18,09:00:00,320,1,2917
62907,2016-08-18,09:05:00,50,2,9284
62908,2016-08-18,09:05:00,263,2,3050
62909,2016-08-18,09:10:00,440,2,7223
62910,2016-08-18,09:20:00,163,1,11866
62911,2016-08-18,09:24:00,267,1,5488
62912,2016-08-18,09:28:00,258,1,7709
62913,2016-08-18,09:32:00,170,3,3567
62914,2016-08-18,09:36:00,408,2,2428
62915,2016-08-18,09:37:00,443,4,10319
62916,2016-08-18,09:41:00,234,2,7118
62917,2016-08-18,09:45:00,243,2,3699
62918,2016-08-18,09:48:00,264,2,1206
62919,2016-08-18,09:55:00,229,1,1843
62920,2016-08-18,10:10:00,150,2,2433
62921,2016-08-18,10:11:00,107,3,9439
62922,2016-08-18,10:17:00,114,3,4949
62923,2016-08-18,10:17:00,311,3,1246
62924,2016-08-18,10:19:00,234,2,1744
62925,2016-08-18,10:21:00,9,1,5580
62926,2016-08-18,10:24:00,405,1,6793
62927,2016-08-18,10:38:00,258,2,9878
62928,2016-08-18,10:50:00,268,1,4413
62929,2016-08-18,10:57:00,453,3,5612
62930,2016-08-18,11:00:00,342,5,10888
62931,2016-08-18,11:00:00,291,3,5115
62932,2016-08-18,11:02:00,78,2,249
62933,2016-08-18,11:06:00,5,4,6702
62934,2016-08-18,11:10:00,159,2,11870
62935,2016-08-18,11:10:00,148,1,8367
62936,2016-08-18,11:14:00,292,1,2113
62937,2016-08-18,11:33:00,240,1,5755
62938,2016-08-18,11:34:00,69,2,10006
62939,2016-08-18,11:38:00,433,1,9427
62940,2016-08-18,11:39:00,388,2,2152
62941,2016-08-18,11:42:00,443,2,10090
62942,2016-08-18,11:44:00,129,3,1576
62943,2016-08-18,11:47:00,318,2,378
62944,2016-08-18,11:51:00,368,1,4140
62945,2016-08-18,12:05:00,384,2,9783
62946,2016-08-18,12:11:00,450,3,7570
62947,2016-08-18,12:15:00,430,1,4194
62948,2016-08-18,12:17:00,199,2,2475
62949,2016-08-18,12:20:00,201,2,10177
62950,2016-08-18,12:38:00,321,4,10263
62951,2016-08-18,12:38:00,238,1,4757
62952,2016-08-18,12:43:00,95,2,4129
62953,2016-08-18,12:48:00,273,3,1888
62954,2016-08-18,12:51:00,189,2,9365
62955,2016-08-18,12:52:00,358,4,8307
62956,2016-08-18,12:54:00,281,1,9051
62957,2016-08-18,13:05:00,45,1,1644
62958,2016-08-18,13:20:00,125,1,2709
62959,2016-08-18,13:26:00,253,4,117
62960,2016-08-18,13:32:00,344,1,8606
62961,2016-08-18,13:35:00,48,2,9778
62962,2016-08-18,13:37:00,35,3,10442
62963,2016-08-18,13:54:00,43,1,93
62964,2016-08-18,13:55:00,292,1,1060
62965,2016-08-18,13:59:00,89,3,3020
62966,2016-08-18,13:59:00,310,1,2965
62967,2016-08-18,13:59:00,35,2,9263
62968,2016-08-18,14:03:00,247,1,10667
62969,2016-08-18,14:03:00,140,1,6291
62970,2016-08-18,14:05:00,318,1,7597
62971,2016-08-18,14:06:00,187,2,8222
62972,2016-08-18,14:08:00,368,2,7404
62973,2016-08-18,14:14:00,73,2,9788
62974,2016-08-18,14:16:00,1,1,10150
62975,2016-08-18,14:31:00,224,2,2653
62976,2016-08-18,14:31:00,313,1,684
62977,2016-08-18,14:42:00,135,1,4565
62978,2016-08-18,14:46:00,5,1,1165
62979,2016-08-18,14:46:00,343,2,9323
62980,2016-08-18,14:51:00,292,2,7861
62981,2016-08-18,14:53:00,106,1,10307
62982,2016-08-18,14:56:00,437,1,3476
62983,2016-08-18,15:00:00,432,1,3936
62984,2016-08-18,15:04:00,106,2,3517
62985,2016-08-18,15:09:00,11,2,4689
62986,2016-08-18,15:17:00,114,4,3980
62987,2016-08-18,15:22:00,456,1,6653
62988,2016-08-18,15:26:00,223,2,32
62989,2016-08-18,15:26:00,416,1,1358
62990,2016-08-18,15:28:00,397,1,6328
62991,2016-08-18,15:32:00,52,1,1395
62992,2016-08-18,15:38:00,160,2,7697
62993,2016-08-18,15:44:00,177,3,11589
62994,2016-08-18,15:47:00,226,2,10041
62995,2016-08-18,15:47:00,403,1,8953
62996,2016-08-18,15:58:00,287,1,8202
62997,2016-08-18,15:58:00,426,1,8957
62998,2016-08-18,16:02:00,425,4,9434
62999,2016-08-18,16:09:00,57,3,787
63000,2016-08-18,16:16:00,366,2,3368
63001,2016-08-18,16:19:00,136,1,1386
63002,2016-08-18,16:43:00,246,1,10538
63003,2016-08-18,16:43:00,187,1,2027
63004,2016-08-18,16:45:00,210,1,8043
63005,2016-08-18,16:55:00,185,3,11009
63006,2016-08-18,17:01:00,53,1,4332
63007,2016-08-18,17:04:00,167,2,3541
63008,2016-08-18,17:13:00,423,2,6562
63009,2016-08-18,17:15:00,352,1,476
63010,2016-08-18,17:17:00,156,1,8659
63011,2016-08-18,17:19:00,104,2,8535
63012,2016-08-18,17:33:00,156,2,3968
63013,2016-08-18,17:34:00,215,1,10275
63014,2016-08-18,17:35:00,96,3,3390
63015,2016-08-18,17:42:00,394,1,1472
63016,2016-08-18,17:46:00,319,3,793
63017,2016-08-18,18:04:00,20,2,354
63018,2016-08-18,18:06:00,64,1,6379
63019,2016-08-18,18:29:00,89,2,5587
63020,2016-08-18,18:37:00,176,1,8797
63021,2016-08-18,18:44:00,411,2,3169
63022,2016-08-18,18:51:00,262,3,1281
63023,2016-08-18,18:57:00,358,1,10640
63024,2016-08-18,18:58:00,315,1,2059
63025,2016-08-18,19:17:00,274,1,4301
63026,2016-08-18,19:18:00,28,5,3929
63027,2016-08-18,19:19:00,328,2,703
63028,2016-08-18,19:23:00,4,1,6563
63029,2016-08-18,19:27:00,6,1,10755
63030,2016-08-18,19:29:00,368,2,7953
63031,2016-08-18,19:39:00,38,2,6419
63032,2016-08-18,19:42:00,58,1,9275
63033,2016-08-18,19:43:00,196,3,182
63034,2016-08-18,19:50:00,168,1,5414
63035,2016-08-18,19:52:00,7,2,8706
63036,2016-08-18,19:54:00,314,2,11966
63037,2016-08-18,20:00:00,448,4,3758
63038,2016-08-18,20:12:00,146,2,5848
63039,2016-08-18,20:23:00,427,1,4927
63040,2016-08-18,20:26:00,260,2,1113
63041,2016-08-18,20:32:00,156,1,1272
63042,2016-08-18,20:34:00,219,2,9201
63043,2016-08-18,20:41:00,358,1,3086
63044,2016-08-18,20:41:00,369,2,4369
63045,2016-08-18,20:46:00,364,3,9202
63046,2016-08-18,20:48:00,431,2,7472
63047,2016-08-18,20:48:00,102,4,3258
63048,2016-08-18,20:57:00,432,1,10098
63049,2016-08-18,21:03:00,438,3,10212
63050,2016-08-18,21:12:00,10,2,3327
63051,2016-08-18,21:35:00,188,2,11816
63052,2016-08-18,21:40:00,436,2,6518
63053,2016-08-18,21:41:00,128,3,7052
63054,2016-08-18,21:43:00,384,3,9193
63055,2016-08-18,21:43:00,81,2,1847
63056,2016-08-18,21:50:00,108,2,9218
63057,2016-08-18,21:51:00,444,3,8667
63058,2016-08-18,21:53:00,181,1,6747
63059,2016-08-18,22:03:00,139,2,3775
63060,2016-08-18,22:08:00,289,2,3500
63061,2016-08-18,22:11:00,417,1,8060
63062,2016-08-18,22:17:00,250,2,4449
63063,2016-08-18,22:34:00,10,1,17
63064,2016-08-18,22:37:00,290,2,10963
63065,2016-08-18,22:41:00,98,2,4064
63066,2016-08-18,22:49:00,394,2,4340
63067,2016-08-18,22:55:00,409,2,691
63068,2016-08-18,23:01:00,305,3,2127
63069,2016-08-18,23:07:00,238,3,3656
63070,2016-08-18,23:08:00,441,2,4143
63071,2016-08-18,23:08:00,7,1,7112
63072,2016-08-18,23:21:00,448,2,1810
63073,2016-08-18,23:29:00,342,1,8450
63074,2016-08-18,23:31:00,216,1,2920
63075,2016-08-18,23:42:00,298,2,7807
63076,2016-08-18,23:45:00,15,2,3822
63077,2016-08-18,23:45:00,426,3,5263
63078,2016-08-18,23:47:00,273,1,5599
63079,2016-08-18,23:54:00,97,3,2635
63080,2016-08-18,23:55:00,53,2,3460
63081,2016-08-19,00:03:00,440,1,3387
63082,2016-08-19,00:04:00,345,3,405
63083,2016-08-19,00:06:00,434,2,7489
63084,2016-08-19,00:08:00,43,3,1335
63085,2016-08-19,00:21:00,118,1,3617
63086,2016-08-19,00:28:00,314,1,5840
63087,2016-08-19,00:31:00,343,2,2386
63088,2016-08-19,00:40:00,81,1,3812
63089,2016-08-19,00:52:00,449,2,3418
63090,2016-08-19,00:54:00,214,1,8380
63091,2016-08-19,00:55:00,452,1,1004
63092,2016-08-19,00:57:00,198,3,9216
63093,2016-08-19,01:04:00,356,5,42
63094,2016-08-19,01:09:00,416,3,7953
63095,2016-08-19,01:11:00,97,2,6411
63096,2016-08-19,01:16:00,358,2,7927
63097,2016-08-19,01:19:00,98,3,500
63098,2016-08-19,01:31:00,441,2,1961
63099,2016-08-19,01:32:00,318,2,946
63100,2016-08-19,01:34:00,365,1,5370
63101,2016-08-19,01:37:00,138,1,11964
63102,2016-08-19,01:38:00,417,1,1308
63103,2016-08-19,01:39:00,86,2,11849
63104,2016-08-19,01:44:00,78,1,5628
63105,2016-08-19,02:09:00,119,1,2310
63106,2016-08-19,02:10:00,392,1,3653
63107,2016-08-19,02:14:00,103,2,5718
63108,2016-08-19,02:19:00,455,1,2357
63109,2016-08-19,02:39:00,367,2,687
63110,2016-08-19,02:40:00,192,1,5804
63111,2016-08-19,02:41:00,457,1,79
63112,2016-08-19,02:50:00,447,4,3159
63113,2016-08-19,02:52:00,361,2,5695
63114,2016-08-19,03:01:00,312,2,73
63115,2016-08-19,03:02:00,310,1,11270
63116,2016-08-19,03:02:00,245,1,10212
63117,2016-08-19,03:07:00,438,2,5198
63118,2016-08-19,03:08:00,428,2,1069
63119,2016-08-19,03:10:00,433,1,2643
63120,2016-08-19,03:11:00,342,3,1399
63121,2016-08-19,03:22:00,131,2,11094
63122,2016-08-19,03:28:00,222,5,5363
63123,2016-08-19,03:31:00,41,2,2680
63124,2016-08-19,03:34:00,161,1,2435
63125,2016-08-19,03:39:00,47,1,11343
63126,2016-08-19,03:41:00,229,1,11555
63127,2016-08-19,03:45:00,129,1,6344
63128,2016-08-19,03:46:00,16,4,5822
63129,2016-08-19,03:53:00,45,3,10443
63130,2016-08-19,03:53:00,170,3,2501
63131,2016-08-19,04:20:00,12,1,6463
63132,2016-08-19,04:29:00,438,2,4410
63133,2016-08-19,04:29:00,330,1,7512
63134,2016-08-19,04:29:00,328,2,6782
63135,2016-08-19,04:32:00,290,2,9008
63136,2016-08-19,04:47:00,412,2,7653
63137,2016-08-19,04:52:00,101,2,1417
63138,2016-08-19,05:03:00,227,1,4616
63139,2016-08-19,05:07:00,223,4,5669
63140,2016-08-19,05:10:00,158,3,7577
63141,2016-08-19,05:25:00,433,2,9367
63142,2016-08-19,05:26:00,412,1,10319
63143,2016-08-19,05:29:00,114,2,2783
63144,2016-08-19,05:36:00,451,1,10691
63145,2016-08-19,05:49:00,37,4,948
63146,2016-08-19,05:50:00,69,1,10119
63147,2016-08-19,06:00:00,85,2,2594
63148,2016-08-19,06:06:00,343,1,1904
63149,2016-08-19,06:18:00,240,2,9860
63150,2016-08-19,06:36:00,308,1,1596
63151,2016-08-19,06:37:00,446,1,6755
63152,2016-08-19,06:40:00,186,2,5260
63153,2016-08-19,07:06:00,128,3,191
63154,2016-08-19,07:08:00,448,2,10438
63155,2016-08-19,07:12:00,375,3,9845
63156,2016-08-19,07:16:00,9,1,8391
63157,2016-08-19,07:23:00,331,5,5012
63158,2016-08-19,07:31:00,234,1,8620
63159,2016-08-19,07:31:00,252,2,10650
63160,2016-08-19,07:39:00,262,3,8805
63161,2016-08-19,07:43:00,289,2,8473
63162,2016-08-19,07:57:00,218,2,3586
63163,2016-08-19,08:00:00,49,1,10274
63164,2016-08-19,08:03:00,313,1,8682
63165,2016-08-19,08:09:00,38,4,8373
63166,2016-08-19,08:09:00,168,2,7902
63167,2016-08-19,08:11:00,440,2,4545
63168,2016-08-19,08:15:00,28,2,1261
63169,2016-08-19,08:15:00,97,2,7786
63170,2016-08-19,08:20:00,39,3,11035
63171,2016-08-19,08:26:00,162,1,8520
63172,2016-08-19,08:39:00,37,1,8350
63173,2016-08-19,08:39:00,13,1,41
63174,2016-08-19,08:41:00,42,2,9778
63175,2016-08-19,08:50:00,45,1,2060
63176,2016-08-19,08:54:00,57,3,6555
63177,2016-08-19,09:01:00,235,2,1554
63178,2016-08-19,09:03:00,372,1,10917
63179,2016-08-19,09:06:00,175,2,10264
63180,2016-08-19,09:10:00,306,1,9655
63181,2016-08-19,09:20:00,138,1,6879
63182,2016-08-19,09:24:00,220,2,506
63183,2016-08-19,09:33:00,280,1,5369
63184,2016-08-19,09:45:00,246,3,6783
63185,2016-08-19,09:48:00,367,1,1109
63186,2016-08-19,09:59:00,108,2,8796
63187,2016-08-19,10:00:00,346,2,5501
63188,2016-08-19,10:07:00,99,1,7323
63189,2016-08-19,10:11:00,160,2,10166
63190,2016-08-19,10:18:00,431,1,10462
63191,2016-08-19,10:30:00,365,4,4499
63192,2016-08-19,10:36:00,265,3,7409
63193,2016-08-19,10:39:00,17,2,1967
63194,2016-08-19,10:46:00,233,2,4172
63195,2016-08-19,10:52:00,271,2,7129
63196,2016-08-19,10:53:00,247,1,2896
63197,2016-08-19,10:55:00,184,1,2559
63198,2016-08-19,10:56:00,286,1,6864
63199,2016-08-19,11:02:00,341,1,1286
63200,2016-08-19,11:08:00,294,2,1035
63201,2016-08-19,11:23:00,22,2,452
63202,2016-08-19,11:30:00,428,1,4948
63203,2016-08-19,11:34:00,195,1,5867
63204,2016-08-19,11:37:00,406,1,2744
63205,2016-08-19,11:44:00,153,1,5199
63206,2016-08-19,11:56:00,227,2,5323
63207,2016-08-19,11:59:00,314,4,5092
63208,2016-08-19,12:05:00,33,1,9556
63209,2016-08-19,12:10:00,451,3,7851
63210,2016-08-19,12:17:00,168,2,8280
63211,2016-08-19,12:19:00,374,1,3930
63212,2016-08-19,12:23:00,8,1,2225
63213,2016-08-19,12:24:00,249,2,1251
63214,2016-08-19,12:39:00,127,3,1367
63215,2016-08-19,12:43:00,447,1,1225
63216,2016-08-19,12:51:00,135,1,10192
63217,2016-08-19,13:04:00,76,2,7514
63218,2016-08-19,13:15:00,69,1,8554
63219,2016-08-19,13:26:00,185,1,3106
63220,2016-08-19,13:31:00,315,4,499
63221,2016-08-19,13:36:00,304,3,10229
63222,2016-08-19,13:43:00,24,3,9629
63223,2016-08-19,13:49:00,187,1,2230
63224,2016-08-19,13:59:00,84,1,10732
63225,2016-08-19,14:02:00,125,2,8463
63226,2016-08-19,14:10:00,452,1,7593
63227,2016-08-19,14:20:00,98,1,8130
63228,2016-08-19,14:22:00,254,3,3630
63229,2016-08-19,14:26:00,188,2,4336
63230,2016-08-19,14:29:00,194,2,3660
63231,2016-08-19,14:34:00,92,2,3090
63232,2016-08-19,15:01:00,272,3,63
63233,2016-08-19,15:01:00,304,1,9596
63234,2016-08-19,15:04:00,337,2,3754
63235,2016-08-19,15:10:00,354,3,10087
63236,2016-08-19,15:14:00,322,2,9174
63237,2016-08-19,15:14:00,129,3,8386
63238,2016-08-19,15:15:00,346,1,8917
63239,2016-08-19,15:16:00,372,1,3205
63240,2016-08-19,15:18:00,143,2,9815
63241,2016-08-19,15:24:00,416,1,3559
63242,2016-08-19,15:30:00,442,1,10187
63243,2016-08-19,15:38:00,324,3,11143
63244,2016-08-19,15:50:00,267,4,3955
63245,2016-08-19,15:53:00,90,2,6510
63246,2016-08-19,15:55:00,67,3,3489
63247,2016-08-19,15:55:00,248,3,4228
63248,2016-08-19,15:56:00,295,1,3468
63249,2016-08-19,16:01:00,255,3,10778
63250,2016-08-19,16:03:00,225,3,3867
63251,2016-08-19,16:14:00,397,1,4507
63252,2016-08-19,16:20:00,104,2,7867
63253,2016-08-19,16:20:00,11,1,5112
63254,2016-08-19,16:22:00,400,2,1190
63255,2016-08-19,16:30:00,156,3,4542
63256,2016-08-19,16:50:00,317,1,6494
63257,2016-08-19,16:56:00,299,2,4218
63258,2016-08-19,16:59:00,344,1,1743
63259,2016-08-19,17:03:00,248,1,6682
63260,2016-08-19,17:04:00,352,2,6804
63261,2016-08-19,17:08:00,310,2,1804
63262,2016-08-19,17:13:00,33,2,8255
63263,2016-08-19,17:17:00,150,3,7160
63264,2016-08-19,17:19:00,189,2,5145
63265,2016-08-19,17:23:00,58,2,5146
63266,2016-08-19,17:25:00,324,1,7957
63267,2016-08-19,17:26:00,244,2,6161
63268,2016-08-19,17:31:00,312,1,9649
63269,2016-08-19,17:32:00,112,2,4455
63270,2016-08-19,17:37:00,455,1,9260
63271,2016-08-19,17:43:00,230,2,11960
63272,2016-08-19,17:45:00,284,5,728
63273,2016-08-19,17:49:00,349,1,9554
63274,2016-08-19,17:51:00,344,2,10084
63275,2016-08-19,18:03:00,135,1,1189
63276,2016-08-19,18:06:00,433,1,3400
63277,2016-08-19,18:10:00,324,3,8556
63278,2016-08-19,18:33:00,175,2,1453
63279,2016-08-19,18:39:00,426,2,10613
63280,2016-08-19,18:45:00,253,3,2507
63281,2016-08-19,18:45:00,239,1,10691
63282,2016-08-19,18:46:00,418,2,4221
63283,2016-08-19,18:49:00,148,1,3528
63284,2016-08-19,18:54:00,280,3,2402
63285,2016-08-19,18:56:00,240,4,4614
63286,2016-08-19,18:59:00,427,1,3679
63287,2016-08-19,19:05:00,147,2,9133
63288,2016-08-19,19:17:00,290,3,10728
63289,2016-08-19,19:18:00,326,4,9027
63290,2016-08-19,19:24:00,404,3,10060
63291,2016-08-19,19:30:00,339,4,4011
63292,2016-08-19,19:44:00,309,2,6292
63293,2016-08-19,19:49:00,401,3,7308
63294,2016-08-19,19:50:00,271,5,11943
63295,2016-08-19,20:01:00,240,2,2389
63296,2016-08-19,20:04:00,352,1,4226
63297,2016-08-19,20:07:00,158,2,8177
63298,2016-08-19,20:17:00,260,1,2488
63299,2016-08-19,20:17:00,434,2,2862
63300,2016-08-19,20:21:00,77,3,4489
63301,2016-08-19,20:25:00,417,1,7361
63302,2016-08-19,20:34:00,185,2,11683
63303,2016-08-19,20:41:00,204,1,8097
63304,2016-08-19,20:43:00,53,4,11533
63305,2016-08-19,20:45:00,183,2,4359
63306,2016-08-19,20:59:00,135,2,100
63307,2016-08-19,21:03:00,431,1,510
63308,2016-08-19,21:12:00,38,3,1351
63309,2016-08-19,21:18:00,22,1,9095
63310,2016-08-19,21:18:00,303,1,1578
63311,2016-08-19,21:22:00,41,2,8136
63312,2016-08-19,21:31:00,36,4,2876
63313,2016-08-19,21:37:00,344,1,9958
63314,2016-08-19,21:38:00,75,2,225
63315,2016-08-19,21:39:00,44,2,11717
63316,2016-08-19,21:40:00,442,3,4404
63317,2016-08-19,21:46:00,84,3,4188
63318,2016-08-19,21:55:00,246,2,5788
63319,2016-08-19,22:06:00,195,1,6142
63320,2016-08-19,22:12:00,47,2,1610
63321,2016-08-19,22:15:00,334,1,7556
63322,2016-08-19,22:40:00,23,4,9099
63323,2016-08-19,22:45:00,176,1,2349
63324,2016-08-19,22:46:00,125,3,7500
63325,2016-08-19,22:46:00,363,1,9413
63326,2016-08-19,22:48:00,161,1,4069
63327,2016-08-19,22:51:00,348,4,9193
63328,2016-08-19,23:06:00,390,2,4968
63329,2016-08-19,23:09:00,230,3,1386
63330,2016-08-19,23:15:00,456,3,5180
63331,2016-08-19,23:24:00,421,2,1145
63332,2016-08-19,23:32:00,216,4,9545
63333,2016-08-19,23:34:00,59,3,2271
63334,2016-08-19,23:38:00,94,2,11007
63335,2016-08-19,23:39:00,85,2,558
63336,2016-08-19,23:44:00,7,1,2207
63337,2016-08-19,23:44:00,165,1,7704
63338,2016-08-19,23:55:00,25,1,6290
63339,2016-08-19,23:56:00,118,3,3069
63340,2016-08-20,00:05:00,271,3,11904
63341,2016-08-20,00:11:00,176,2,11715
63342,2016-08-20,00:28:00,228,1,6955
63343,2016-08-20,00:47:00,194,2,2329
63344,2016-08-20,00:49:00,454,2,116
63345,2016-08-20,00:56:00,268,1,10495
63346,2016-08-20,00:56:00,79,2,11266
63347,2016-08-20,01:04:00,298,3,3051
63348,2016-08-20,01:11:00,69,1,10366
63349,2016-08-20,01:11:00,298,3,11787
63350,2016-08-20,01:13:00,325,2,5014
63351,2016-08-20,01:15:00,161,2,3099
63352,2016-08-20,01:16:00,202,2,7966
63353,2016-08-20,01:23:00,29,3,6508
63354,2016-08-20,01:27:00,253,5,2897
63355,2016-08-20,01:31:00,220,3,5665
63356,2016-08-20,01:31:00,186,1,9791
63357,2016-08-20,01:48:00,389,1,11275
63358,2016-08-20,01:49:00,205,1,9423
63359,2016-08-20,02:17:00,313,2,61
63360,2016-08-20,02:43:00,41,1,8677
63361,2016-08-20,02:43:00,73,3,4912
63362,2016-08-20,02:46:00,354,1,5340
63363,2016-08-20,02:55:00,176,2,1347
63364,2016-08-20,02:55:00,400,2,5091
63365,2016-08-20,02:56:00,26,1,4340
63366,2016-08-20,03:16:00,439,2,10368
63367,2016-08-20,03:17:00,180,1,5637
63368,2016-08-20,03:30:00,55,2,2410
63369,2016-08-20,03:31:00,60,3,3842
63370,2016-08-20,03:34:00,439,3,5687
63371,2016-08-20,03:34:00,230,2,1990
63372,2016-08-20,03:51:00,393,1,6213
63373,2016-08-20,04:02:00,62,1,2755
63374,2016-08-20,04:15:00,326,3,7326
63375,2016-08-20,04:19:00,416,3,10754
63376,2016-08-20,04:20:00,253,2,9290
63377,2016-08-20,04:26:00,38,2,10303
63378,2016-08-20,04:26:00,200,2,9559
63379,2016-08-20,04:27:00,399,2,2209
63380,2016-08-20,04:29:00,240,1,8942
63381,2016-08-20,05:00:00,82,2,6682
63382,2016-08-20,05:03:00,98,3,1333
63383,2016-08-20,05:03:00,174,1,6382
63384,2016-08-20,05:05:00,122,2,5917
63385,2016-08-20,05:07:00,53,2,7172
63386,2016-08-20,05:08:00,327,2,6159
63387,2016-08-20,05:14:00,103,2,6306
63388,2016-08-20,05:19:00,53,1,9522
63389,2016-08-20,05:28:00,418,1,2067
63390,2016-08-20,05:28:00,92,3,10251
63391,2016-08-20,05:31:00,273,3,4004
63392,2016-08-20,05:33:00,30,1,6815
63393,2016-08-20,05:39:00,266,1,408
63394,2016-08-20,05:49:00,3,2,4387
63395,2016-08-20,05:53:00,98,2,10983
63396,2016-08-20,05:54:00,153,1,9083
63397,2016-08-20,05:56:00,97,1,7368
63398,2016-08-20,06:10:00,20,1,2544
63399,2016-08-20,06:18:00,261,1,7394
63400,2016-08-20,06:19:00,177,1,9241
63401,2016-08-20,06:32:00,316,1,701
63402,2016-08-20,06:32:00,343,1,8715
63403,2016-08-20,06:34:00,379,3,1284
63404,2016-08-20,06:35:00,169,1,6602
63405,2016-08-20,06:35:00,382,1,8776
63406,2016-08-20,06:39:00,289,2,10769
63407,2016-08-20,06:55:00,364,2,678
63408,2016-08-20,06:59:00,272,1,3905
63409,2016-08-20,07:06:00,123,2,7364
63410,2016-08-20,07:17:00,69,4,3689
63411,2016-08-20,07:18:00,86,2,3939
63412,2016-08-20,07:18:00,254,2,3016
63413,2016-08-20,07:22:00,276,2,1575
63414,2016-08-20,07:26:00,4,1,6703
63415,2016-08-20,07:30:00,95,4,8641
63416,2016-08-20,07:37:00,285,2,4654
63417,2016-08-20,07:41:00,66,2,5183
63418,2016-08-20,07:47:00,406,1,11823
63419,2016-08-20,07:51:00,268,1,4797
63420,2016-08-20,07:51:00,202,2,1959
63421,2016-08-20,07:56:00,91,2,2200
63422,2016-08-20,07:58:00,10,2,7637
63423,2016-08-20,08:04:00,372,2,9718
63424,2016-08-20,08:07:00,367,2,2386
63425,2016-08-20,08:08:00,345,2,3878
63426,2016-08-20,08:10:00,37,3,2855
63427,2016-08-20,08:10:00,407,1,11648
63428,2016-08-20,08:13:00,81,2,5371
63429,2016-08-20,08:20:00,350,1,3969
63430,2016-08-20,08:20:00,322,2,706
63431,2016-08-20,08:27:00,219,3,11075
63432,2016-08-20,08:34:00,30,2,9304
63433,2016-08-20,08:38:00,352,1,5699
63434,2016-08-20,08:50:00,408,2,3865
63435,2016-08-20,08:56:00,335,1,5816
63436,2016-08-20,09:00:00,348,4,4355
63437,2016-08-20,09:03:00,239,3,8390
63438,2016-08-20,09:21:00,72,3,2999
63439,2016-08-20,09:26:00,395,2,6808
63440,2016-08-20,09:35:00,111,3,1024
63441,2016-08-20,09:53:00,137,4,10470
63442,2016-08-20,09:56:00,373,2,11301
63443,2016-08-20,10:02:00,358,1,1307
63444,2016-08-20,10:03:00,124,1,11820
63445,2016-08-20,10:06:00,52,1,6336
63446,2016-08-20,10:07:00,42,2,6487
63447,2016-08-20,10:08:00,49,1,9483
63448,2016-08-20,10:11:00,204,1,3912
63449,2016-08-20,10:16:00,300,2,6126
63450,2016-08-20,10:18:00,427,2,1577
63451,2016-08-20,10:20:00,393,2,4255
63452,2016-08-20,10:21:00,325,1,847
63453,2016-08-20,10:22:00,327,4,129
63454,2016-08-20,10:23:00,289,2,5444
63455,2016-08-20,10:30:00,285,3,2741
63456,2016-08-20,10:35:00,450,3,4254
63457,2016-08-20,10:58:00,189,2,4503
63458,2016-08-20,11:12:00,270,3,10687
63459,2016-08-20,11:17:00,54,4,4436
63460,2016-08-20,11:17:00,260,3,11401
63461,2016-08-20,11:23:00,84,2,611
63462,2016-08-20,11:25:00,157,3,5603
63463,2016-08-20,11:27:00,191,2,10274
63464,2016-08-20,11:32:00,315,1,11266
63465,2016-08-20,11:35:00,13,1,11613
63466,2016-08-20,11:35:00,176,1,8349
63467,2016-08-20,11:37:00,71,1,2757
63468,2016-08-20,11:38:00,367,2,258
63469,2016-08-20,11:39:00,222,2,8095
63470,2016-08-20,11:42:00,2,1,109
63471,2016-08-20,11:52:00,395,2,5584
63472,2016-08-20,11:56:00,295,1,8866
63473,2016-08-20,12:06:00,40,2,9095
63474,2016-08-20,12:09:00,131,3,1445
63475,2016-08-20,12:12:00,204,1,11197
63476,2016-08-20,12:24:00,384,2,4788
63477,2016-08-20,12:25:00,222,1,7188
63478,2016-08-20,12:34:00,187,1,1512
63479,2016-08-20,12:42:00,384,1,3558
63480,2016-08-20,12:47:00,146,2,11393
63481,2016-08-20,12:56:00,411,3,7055
63482,2016-08-20,12:59:00,13,2,3307
63483,2016-08-20,13:03:00,281,1,6737
63484,2016-08-20,13:14:00,354,1,10149
63485,2016-08-20,13:17:00,133,2,7466
63486,2016-08-20,13:26:00,451,1,11854
63487,2016-08-20,13:50:00,436,1,6100
63488,2016-08-20,13:51:00,430,1,5919
63489,2016-08-20,14:00:00,292,3,3348
63490,2016-08-20,14:03:00,430,2,1553
63491,2016-08-20,14:03:00,107,1,2416
63492,2016-08-20,14:13:00,38,1,1477
63493,2016-08-20,14:21:00,361,2,1332
63494,2016-08-20,14:33:00,112,3,115
63495,2016-08-20,14:33:00,246,4,4835
63496,2016-08-20,14:35:00,142,1,6070
63497,2016-08-20,14:50:00,132,2,453
63498,2016-08-20,14:51:00,144,2,7205
63499,2016-08-20,14:53:00,321,6,6139
63500,2016-08-20,15:00:00,325,3,9631
63501,2016-08-20,15:00:00,354,2,10058
63502,2016-08-20,15:04:00,76,1,1930
63503,2016-08-20,15:25:00,371,3,6822
63504,2016-08-20,15:26:00,101,2,2017
63505,2016-08-20,15:26:00,183,1,6958
63506,2016-08-20,15:35:00,22,1,7996
63507,2016-08-20,15:37:00,207,2,9369
63508,2016-08-20,16:03:00,348,1,10149
63509,2016-08-20,16:09:00,158,3,2751
63510,2016-08-20,16:14:00,215,2,3715
63511,2016-08-20,16:18:00,407,2,10632
63512,2016-08-20,16:31:00,343,2,6155
63513,2016-08-20,16:32:00,183,4,8751
63514,2016-08-20,16:36:00,33,3,3044
63515,2016-08-20,16:38:00,371,1,7017
63516,2016-08-20,16:39:00,122,3,10759
63517,2016-08-20,16:47:00,169,2,1075
63518,2016-08-20,16:50:00,451,1,11509
63519,2016-08-20,16:50:00,305,3,10570
63520,2016-08-20,16:50:00,234,2,757
63521,2016-08-20,16:56:00,371,1,9928
63522,2016-08-20,17:05:00,173,2,1079
63523,2016-08-20,17:10:00,337,1,4430
63524,2016-08-20,17:17:00,299,1,3124
63525,2016-08-20,17:21:00,397,3,2674
63526,2016-08-20,17:28:00,226,4,4503
63527,2016-08-20,17:35:00,450,2,1424
63528,2016-08-20,17:39:00,154,5,8537
63529,2016-08-20,17:42:00,420,2,220
63530,2016-08-20,17:42:00,327,4,9000
63531,2016-08-20,17:49:00,392,1,11410
63532,2016-08-20,17:56:00,57,3,1606
63533,2016-08-20,18:00:00,345,5,1728
63534,2016-08-20,18:07:00,84,1,5902
63535,2016-08-20,18:28:00,310,3,8950
63536,2016-08-20,18:45:00,78,5,7476
63537,2016-08-20,18:46:00,312,2,8867
63538,2016-08-20,18:52:00,317,3,9534
63539,2016-08-20,19:00:00,308,3,4390
63540,2016-08-20,19:11:00,132,1,6640
63541,2016-08-20,19:26:00,316,2,8964
63542,2016-08-20,19:29:00,189,2,4149
63543,2016-08-20,19:30:00,17,3,10767
63544,2016-08-20,19:37:00,65,1,8541
63545,2016-08-20,19:39:00,304,2,2550
63546,2016-08-20,19:47:00,419,3,838
63547,2016-08-20,19:52:00,275,3,9235
63548,2016-08-20,19:53:00,227,1,6632
63549,2016-08-20,19:57:00,193,3,3093
63550,2016-08-20,20:06:00,209,3,11742
63551,2016-08-20,20:15:00,205,2,8107
63552,2016-08-20,20:27:00,218,1,8893
63553,2016-08-20,20:32:00,418,2,7090
63554,2016-08-20,20:34:00,169,1,8416
63555,2016-08-20,20:37:00,95,1,530
63556,2016-08-20,21:09:00,241,3,8278
63557,2016-08-20,21:16:00,71,1,3156
63558,2016-08-20,21:19:00,120,2,7159
63559,2016-08-20,21:25:00,288,1,8736
63560,2016-08-20,21:31:00,25,1,341
63561,2016-08-20,21:39:00,227,2,6297
63562,2016-08-20,21:42:00,361,2,10852
63563,2016-08-20,21:44:00,138,2,8330
63564,2016-08-20,21:46:00,301,2,9707
63565,2016-08-20,21:48:00,324,2,384
63566,2016-08-20,21:55:00,245,2,624
63567,2016-08-20,22:17:00,275,3,6292
63568,2016-08-20,22:20:00,215,1,3183
63569,2016-08-20,22:22:00,128,1,7871
63570,2016-08-20,22:25:00,412,1,6635
63571,2016-08-20,22:25:00,266,2,1329
63572,2016-08-20,22:26:00,302,3,1229
63573,2016-08-20,22:36:00,327,2,6604
63574,2016-08-20,22:38:00,386,1,3343
63575,2016-08-20,22:42:00,388,2,10423
63576,2016-08-20,22:56:00,119,3,4365
63577,2016-08-20,22:56:00,375,2,11152
63578,2016-08-20,23:00:00,236,1,4855
63579,2016-08-20,23:04:00,417,4,3612
63580,2016-08-20,23:31:00,39,2,10162
63581,2016-08-20,23:43:00,107,3,9040
63582,2016-08-20,23:45:00,338,1,9746
63583,2016-08-20,23:48:00,115,3,2122
63584,2016-08-20,23:51:00,42,5,5315
63585,2016-08-20,23:51:00,74,1,2435
63586,2016-08-21,00:02:00,453,1,3449
63587,2016-08-21,00:11:00,278,1,5846
63588,2016-08-21,00:16:00,106,1,512
63589,2016-08-21,00:38:00,401,1,3128
63590,2016-08-21,00:41:00,339,1,10256
63591,2016-08-21,01:04:00,97,1,1216
63592,2016-08-21,01:26:00,195,2,1983
63593,2016-08-21,01:37:00,88,2,10664
63594,2016-08-21,01:38:00,307,3,4798
63595,2016-08-21,01:38:00,272,2,497
63596,2016-08-21,01:42:00,208,1,8960
63597,2016-08-21,01:46:00,12,1,11735
63598,2016-08-21,01:46:00,397,2,10068
63599,2016-08-21,01:48:00,129,1,11361
63600,2016-08-21,01:58:00,9,3,5794
63601,2016-08-21,02:05:00,327,1,9076
63602,2016-08-21,02:07:00,298,2,4544
63603,2016-08-21,02:09:00,382,1,6025
63604,2016-08-21,02:09:00,374,1,7770
63605,2016-08-21,02:26:00,23,1,11581
63606,2016-08-21,02:27:00,80,1,6111
63607,2016-08-21,02:28:00,370,2,5076
63608,2016-08-21,02:36:00,308,1,3259
63609,2016-08-21,02:39:00,444,1,10896
63610,2016-08-21,02:39:00,226,2,2934
63611,2016-08-21,02:40:00,258,1,5089
63612,2016-08-21,02:42:00,411,4,6981
63613,2016-08-21,02:43:00,372,2,4943
63614,2016-08-21,02:48:00,379,2,1251
63615,2016-08-21,02:51:00,55,1,721
63616,2016-08-21,02:52:00,53,4,6220
63617,2016-08-21,02:56:00,332,2,3674
63618,2016-08-21,03:03:00,424,1,1421
63619,2016-08-21,03:04:00,257,2,9046
63620,2016-08-21,03:04:00,291,1,9081
63621,2016-08-21,03:15:00,425,2,10481
63622,2016-08-21,03:19:00,450,1,11515
63623,2016-08-21,03:19:00,422,1,6102
63624,2016-08-21,03:25:00,24,2,6455
63625,2016-08-21,03:29:00,120,3,6255
63626,2016-08-21,03:33:00,397,2,9268
63627,2016-08-21,03:44:00,23,4,1377
63628,2016-08-21,03:46:00,263,1,8936
63629,2016-08-21,04:06:00,133,5,10403
63630,2016-08-21,04:06:00,426,2,3660
63631,2016-08-21,04:11:00,357,2,11956
63632,2016-08-21,04:12:00,21,4,6674
63633,2016-08-21,04:20:00,427,1,4780
63634,2016-08-21,04:31:00,347,2,7453
63635,2016-08-21,04:31:00,57,3,6000
63636,2016-08-21,04:43:00,429,1,8319
63637,2016-08-21,04:45:00,376,1,9584
63638,2016-08-21,04:47:00,22,1,7092
63639,2016-08-21,04:48:00,94,2,8046
63640,2016-08-21,05:08:00,364,2,2027
63641,2016-08-21,05:23:00,300,3,4026
63642,2016-08-21,05:25:00,126,3,11738
63643,2016-08-21,05:28:00,435,3,2126
63644,2016-08-21,05:28:00,279,3,2648
63645,2016-08-21,05:29:00,115,2,6031
63646,2016-08-21,05:33:00,24,3,11444
63647,2016-08-21,05:33:00,198,1,8158
63648,2016-08-21,05:43:00,236,1,11411
63649,2016-08-21,05:43:00,449,1,1888
63650,2016-08-21,05:43:00,373,1,9346
63651,2016-08-21,05:45:00,336,1,6483
63652,2016-08-21,05:48:00,417,2,2955
63653,2016-08-21,05:49:00,66,2,2452
63654,2016-08-21,05:53:00,89,1,971
63655,2016-08-21,05:54:00,200,2,9806
63656,2016-08-21,05:58:00,105,2,3102
63657,2016-08-21,06:01:00,337,2,5823
63658,2016-08-21,06:01:00,265,1,8420
63659,2016-08-21,06:04:00,268,4,6346
63660,2016-08-21,06:11:00,218,1,8164
63661,2016-08-21,06:15:00,446,2,2840
63662,2016-08-21,06:15:00,171,1,7421
63663,2016-08-21,06:17:00,162,2,1278
63664,2016-08-21,06:18:00,177,2,5996
63665,2016-08-21,06:20:00,295,2,5771
63666,2016-08-21,06:37:00,113,1,6752
63667,2016-08-21,06:41:00,123,2,8287
63668,2016-08-21,06:41:00,151,1,5833
63669,2016-08-21,06:47:00,350,2,9750
63670,2016-08-21,06:52:00,358,2,2214
63671,2016-08-21,07:15:00,101,1,4835
63672,2016-08-21,07:15:00,179,2,9241
63673,2016-08-21,07:25:00,131,3,9167
63674,2016-08-21,07:26:00,378,2,5657
63675,2016-08-21,07:28:00,23,2,169
63676,2016-08-21,07:33:00,269,2,4890
63677,2016-08-21,07:33:00,215,4,9879
63678,2016-08-21,07:36:00,406,1,2336
63679,2016-08-21,07:51:00,242,2,9099
63680,2016-08-21,08:14:00,238,3,8481
63681,2016-08-21,08:15:00,256,3,2259
63682,2016-08-21,08:25:00,383,2,10574
63683,2016-08-21,08:35:00,127,1,4458
63684,2016-08-21,08:40:00,118,1,8447
63685,2016-08-21,08:43:00,147,1,3057
63686,2016-08-21,08:47:00,435,2,1837
63687,2016-08-21,08:56:00,39,4,8913
63688,2016-08-21,08:57:00,7,3,11837
63689,2016-08-21,09:06:00,73,1,4403
63690,2016-08-21,09:12:00,90,1,8199
63691,2016-08-21,09:13:00,186,2,1887
63692,2016-08-21,09:16:00,436,4,1173
63693,2016-08-21,09:33:00,7,3,4353
63694,2016-08-21,09:34:00,443,2,1808
63695,2016-08-21,09:35:00,452,1,2964
63696,2016-08-21,09:37:00,313,2,7042
63697,2016-08-21,09:38:00,151,1,1085
63698,2016-08-21,09:41:00,203,1,4941
63699,2016-08-21,09:46:00,281,3,7880
63700,2016-08-21,09:49:00,347,2,1031
63701,2016-08-21,09:55:00,400,1,8774
63702,2016-08-21,09:55:00,385,2,2055
63703,2016-08-21,09:58:00,112,2,10949
63704,2016-08-21,10:01:00,1,2,9442
63705,2016-08-21,10:03:00,447,2,5971
63706,2016-08-21,10:03:00,420,2,3124
63707,2016-08-21,10:10:00,366,2,3284
63708,2016-08-21,10:21:00,245,2,8598
63709,2016-08-21,10:27:00,323,2,1055
63710,2016-08-21,10:30:00,211,3,10236
63711,2016-08-21,10:32:00,289,1,9187
63712,2016-08-21,10:42:00,435,4,1109
63713,2016-08-21,11:04:00,357,4,6952
63714,2016-08-21,11:23:00,275,2,7326
63715,2016-08-21,11:26:00,395,3,320
63716,2016-08-21,11:27:00,224,1,9448
63717,2016-08-21,11:39:00,179,5,1963
63718,2016-08-21,11:44:00,426,1,7792
63719,2016-08-21,11:45:00,243,2,3012
63720,2016-08-21,11:47:00,231,1,2221
63721,2016-08-21,11:50:00,105,3,6552
63722,2016-08-21,11:56:00,418,2,10630
63723,2016-08-21,12:02:00,372,2,4389
63724,2016-08-21,12:11:00,31,2,4117
63725,2016-08-21,12:23:00,155,1,784
63726,2016-08-21,12:24:00,78,3,10690
63727,2016-08-21,12:28:00,197,2,5395
63728,2016-08-21,12:42:00,285,1,10217
63729,2016-08-21,12:43:00,96,2,3480
63730,2016-08-21,12:45:00,377,1,6138
63731,2016-08-21,12:49:00,81,3,6552
63732,2016-08-21,12:57:00,394,3,7685
63733,2016-08-21,13:01:00,372,2,9445
63734,2016-08-21,13:05:00,327,2,2318
63735,2016-08-21,13:05:00,299,3,32
63736,2016-08-21,13:11:00,91,1,11432
63737,2016-08-21,13:15:00,63,1,3433
63738,2016-08-21,13:24:00,217,3,4755
63739,2016-08-21,13:26:00,343,1,3597
63740,2016-08-21,13:30:00,433,3,11321
63741,2016-08-21,13:30:00,406,1,1309
63742,2016-08-21,13:37:00,451,3,5816
63743,2016-08-21,13:52:00,457,2,7514
63744,2016-08-21,13:54:00,348,2,49
63745,2016-08-21,13:54:00,213,2,5250
63746,2016-08-21,14:05:00,354,2,501
63747,2016-08-21,14:07:00,318,2,11490
63748,2016-08-21,14:11:00,19,3,8006
63749,2016-08-21,14:14:00,151,2,8031
63750,2016-08-21,14:35:00,215,2,3591
63751,2016-08-21,14:41:00,267,3,4798
63752,2016-08-21,14:57:00,177,1,3821
63753,2016-08-21,15:02:00,221,1,1466
63754,2016-08-21,15:03:00,338,1,1185
63755,2016-08-21,15:04:00,176,1,8036
63756,2016-08-21,15:08:00,310,1,6620
63757,2016-08-21,15:17:00,120,4,1510
63758,2016-08-21,15:19:00,457,3,69
63759,2016-08-21,15:25:00,189,3,4996
63760,2016-08-21,15:32:00,258,2,1469
63761,2016-08-21,15:41:00,281,2,821
63762,2016-08-21,15:43:00,333,4,4868
63763,2016-08-21,15:44:00,35,4,10558
63764,2016-08-21,15:49:00,92,2,11834
63765,2016-08-21,15:51:00,146,2,6869
63766,2016-08-21,16:03:00,81,2,5133
63767,2016-08-21,16:04:00,317,1,9456
63768,2016-08-21,16:04:00,435,4,3584
63769,2016-08-21,16:14:00,121,3,4899
63770,2016-08-21,16:19:00,395,3,10951
63771,2016-08-21,16:20:00,275,1,10060
63772,2016-08-21,16:23:00,346,2,10465
63773,2016-08-21,16:26:00,110,1,4045
63774,2016-08-21,16:35:00,370,4,1775
63775,2016-08-21,16:41:00,337,2,8144
63776,2016-08-21,16:45:00,413,2,11981
63777,2016-08-21,16:50:00,383,1,11088
63778,2016-08-21,16:56:00,284,4,4743
63779,2016-08-21,17:00:00,145,2,10730
63780,2016-08-21,17:06:00,255,2,11864
63781,2016-08-21,17:16:00,433,2,10897
63782,2016-08-21,17:17:00,9,2,10036
63783,2016-08-21,17:19:00,213,2,5578
63784,2016-08-21,17:27:00,241,1,2658
63785,2016-08-21,17:30:00,416,2,3527
63786,2016-08-21,17:30:00,212,4,11653
63787,2016-08-21,17:31:00,315,2,11317
63788,2016-08-21,17:33:00,386,2,5799
63789,2016-08-21,17:37:00,423,1,8313
63790,2016-08-21,17:44:00,171,3,182
63791,2016-08-21,17:46:00,412,2,5513
63792,2016-08-21,17:46:00,412,2,7261
63793,2016-08-21,17:47:00,100,3,6880
63794,2016-08-21,17:48:00,353,1,5112
63795,2016-08-21,17:51:00,454,1,3744
63796,2016-08-21,17:55:00,455,3,6058
63797,2016-08-21,17:56:00,443,1,3069
63798,2016-08-21,17:59:00,423,3,7970
63799,2016-08-21,18:01:00,56,1,11059
63800,2016-08-21,18:04:00,61,1,5435
63801,2016-08-21,18:11:00,283,2,8952
63802,2016-08-21,18:17:00,108,2,2732
63803,2016-08-21,18:19:00,43,1,5361
63804,2016-08-21,18:27:00,87,2,3962
63805,2016-08-21,18:32:00,331,2,4897
63806,2016-08-21,18:33:00,353,4,6165
63807,2016-08-21,18:33:00,376,4,2122
63808,2016-08-21,18:38:00,174,3,3274
63809,2016-08-21,18:44:00,23,1,3674
63810,2016-08-21,18:58:00,213,4,6419
63811,2016-08-21,19:08:00,188,1,4162
63812,2016-08-21,19:09:00,310,2,11501
63813,2016-08-21,19:16:00,432,2,965
63814,2016-08-21,19:18:00,81,2,2883
63815,2016-08-21,19:18:00,405,4,9670
63816,2016-08-21,19:19:00,378,4,4517
63817,2016-08-21,19:26:00,314,2,276
63818,2016-08-21,19:31:00,316,2,4749
63819,2016-08-21,19:32:00,174,3,9154
63820,2016-08-21,19:34:00,37,2,6449
63821,2016-08-21,19:39:00,439,3,10877
63822,2016-08-21,19:41:00,392,1,1312
63823,2016-08-21,19:44:00,87,1,1489
63824,2016-08-21,19:47:00,253,6,9601
63825,2016-08-21,19:48:00,2,2,3515
63826,2016-08-21,19:52:00,154,1,9623
63827,2016-08-21,20:06:00,198,1,1435
63828,2016-08-21,20:10:00,341,1,8432
63829,2016-08-21,20:10:00,104,3,4868
63830,2016-08-21,20:18:00,396,1,11691
63831,2016-08-21,20:41:00,316,1,7970
63832,2016-08-21,20:46:00,303,3,10394
63833,2016-08-21,20:52:00,183,1,3024
63834,2016-08-21,20:58:00,300,2,8983
63835,2016-08-21,20:59:00,213,2,11359
63836,2016-08-21,21:01:00,46,2,8508
63837,2016-08-21,21:22:00,445,1,9853
63838,2016-08-21,21:29:00,160,1,10769
63839,2016-08-21,21:36:00,27,3,1701
63840,2016-08-21,21:45:00,427,4,5917
63841,2016-08-21,21:59:00,340,2,8547
63842,2016-08-21,22:09:00,172,1,11853
63843,2016-08-21,22:09:00,413,2,2119
63844,2016-08-21,22:14:00,98,1,8631
63845,2016-08-21,22:31:00,99,2,9004
63846,2016-08-21,22:33:00,174,3,7538
63847,2016-08-21,22:36:00,343,1,1312
63848,2016-08-21,22:41:00,136,3,1398
63849,2016-08-21,22:43:00,87,3,6698
63850,2016-08-21,22:49:00,421,2,10067
63851,2016-08-21,22:56:00,436,2,2726
63852,2016-08-21,23:00:00,282,1,2969
63853,2016-08-21,23:01:00,247,1,9203
63854,2016-08-21,23:09:00,231,6,7315
63855,2016-08-21,23:13:00,15,4,9868
63856,2016-08-21,23:13:00,382,2,9850
63857,2016-08-21,23:13:00,86,3,1112
63858,2016-08-21,23:13:00,282,1,7362
63859,2016-08-21,23:17:00,305,2,7781
63860,2016-08-21,23:19:00,415,1,1683
63861,2016-08-21,23:21:00,432,2,8587
63862,2016-08-21,23:22:00,447,1,9816
63863,2016-08-21,23:28:00,361,3,7113
63864,2016-08-21,23:29:00,261,2,574
63865,2016-08-21,23:29:00,249,2,2600
63866,2016-08-21,23:30:00,207,4,9220
63867,2016-08-21,23:30:00,380,1,7634
63868,2016-08-21,23:32:00,55,1,1622
63869,2016-08-21,23:34:00,43,3,9977
63870,2016-08-21,23:39:00,276,4,11961
63871,2016-08-21,23:40:00,103,2,11291
63872,2016-08-21,23:45:00,31,1,421
63873,2016-08-21,23:48:00,157,3,7456
63874,2016-08-21,23:50:00,385,3,1549
63875,2016-08-21,23:58:00,108,1,3229
63876,2016-08-22,00:10:00,286,1,4054
63877,2016-08-22,00:12:00,374,2,8139
63878,2016-08-22,00:31:00,30,2,8854
63879,2016-08-22,00:40:00,178,2,4930
63880,2016-08-22,00:44:00,431,1,321
63881,2016-08-22,00:46:00,205,1,6682
63882,2016-08-22,01:00:00,290,3,2301
63883,2016-08-22,01:01:00,290,1,2285
63884,2016-08-22,01:06:00,188,1,5970
63885,2016-08-22,01:35:00,438,2,3292
63886,2016-08-22,01:36:00,119,3,460
63887,2016-08-22,01:43:00,271,2,4374
63888,2016-08-22,01:45:00,391,2,17
63889,2016-08-22,01:47:00,211,2,6041
63890,2016-08-22,01:48:00,71,3,1423
63891,2016-08-22,01:49:00,375,2,3168
63892,2016-08-22,01:52:00,131,2,6600
63893,2016-08-22,01:53:00,4,1,4347
63894,2016-08-22,02:00:00,455,3,10508
63895,2016-08-22,02:02:00,364,1,1515
63896,2016-08-22,02:04:00,387,3,202
63897,2016-08-22,02:06:00,369,1,8802
63898,2016-08-22,02:12:00,37,1,7354
63899,2016-08-22,02:12:00,19,1,737
63900,2016-08-22,02:14:00,28,1,9853
63901,2016-08-22,02:21:00,136,3,1589
63902,2016-08-22,02:27:00,107,3,9940
63903,2016-08-22,02:28:00,296,1,9702
63904,2016-08-22,02:40:00,307,1,4357
63905,2016-08-22,03:14:00,37,1,4925
63906,2016-08-22,03:14:00,279,5,555
63907,2016-08-22,03:23:00,304,1,5815
63908,2016-08-22,03:27:00,241,4,11958
63909,2016-08-22,03:30:00,421,1,6465
63910,2016-08-22,03:33:00,319,1,1845
63911,2016-08-22,03:37:00,199,1,6059
63912,2016-08-22,03:39:00,414,2,6537
63913,2016-08-22,03:42:00,138,2,4779
63914,2016-08-22,03:45:00,414,1,5
63915,2016-08-22,04:17:00,384,1,2704
63916,2016-08-22,04:20:00,428,1,906
63917,2016-08-22,04:24:00,66,1,10142
63918,2016-08-22,04:26:00,205,2,6450
63919,2016-08-22,04:33:00,203,4,5977
63920,2016-08-22,04:34:00,225,2,762
63921,2016-08-22,04:39:00,338,2,1490
63922,2016-08-22,04:48:00,387,3,229
63923,2016-08-22,04:53:00,122,2,1067
63924,2016-08-22,04:55:00,205,5,967
63925,2016-08-22,04:56:00,22,1,8214
63926,2016-08-22,04:56:00,253,2,15
63927,2016-08-22,04:59:00,226,3,2190
63928,2016-08-22,05:04:00,373,2,3796
63929,2016-08-22,05:13:00,438,1,9743
63930,2016-08-22,05:33:00,30,2,2981
63931,2016-08-22,05:44:00,30,2,5956
63932,2016-08-22,05:46:00,49,4,9728
63933,2016-08-22,05:50:00,396,2,3232
63934,2016-08-22,05:55:00,364,4,7837
63935,2016-08-22,05:58:00,409,3,10933
63936,2016-08-22,06:03:00,308,2,11022
63937,2016-08-22,06:04:00,183,1,6294
63938,2016-08-22,06:07:00,74,1,8739
63939,2016-08-22,06:18:00,241,2,2536
63940,2016-08-22,06:22:00,271,1,11402
63941,2016-08-22,06:26:00,440,2,4341
63942,2016-08-22,06:39:00,330,2,7665
63943,2016-08-22,06:45:00,227,6,8772
63944,2016-08-22,07:00:00,394,5,10723
63945,2016-08-22,07:05:00,383,3,5247
63946,2016-08-22,07:11:00,334,2,7866
63947,2016-08-22,07:12:00,354,1,10818
63948,2016-08-22,07:14:00,162,1,10670
63949,2016-08-22,07:25:00,85,2,11100
63950,2016-08-22,07:32:00,376,1,9260
63951,2016-08-22,07:37:00,337,1,7920
63952,2016-08-22,07:38:00,94,2,11951
63953,2016-08-22,08:01:00,154,2,4557
63954,2016-08-22,08:06:00,80,4,695
63955,2016-08-22,08:15:00,278,2,10107
63956,2016-08-22,08:18:00,344,1,6115
63957,2016-08-22,08:22:00,175,1,7448
63958,2016-08-22,08:25:00,142,2,11117
63959,2016-08-22,08:43:00,324,1,5520
63960,2016-08-22,08:46:00,327,1,4732
63961,2016-08-22,09:03:00,404,2,8872
63962,2016-08-22,09:03:00,296,3,2098
63963,2016-08-22,09:04:00,360,1,2814
63964,2016-08-22,09:04:00,438,4,11607
63965,2016-08-22,09:12:00,88,1,2832
63966,2016-08-22,09:26:00,34,3,8402
63967,2016-08-22,09:32:00,176,2,2100
63968,2016-08-22,09:35:00,95,1,4814
63969,2016-08-22,09:42:00,265,3,7474
63970,2016-08-22,09:44:00,202,2,4845
63971,2016-08-22,09:52:00,210,1,11611
63972,2016-08-22,10:18:00,239,1,1518
63973,2016-08-22,10:22:00,48,3,10527
63974,2016-08-22,10:27:00,54,1,10087
63975,2016-08-22,10:29:00,418,3,8313
63976,2016-08-22,10:31:00,108,3,7202
63977,2016-08-22,10:33:00,291,1,6923
63978,2016-08-22,10:41:00,109,3,1503
63979,2016-08-22,10:45:00,281,2,6277
63980,2016-08-22,10:47:00,84,1,7381
63981,2016-08-22,11:00:00,256,2,11025
63982,2016-08-22,11:05:00,4,2,5968
63983,2016-08-22,11:27:00,173,2,7131
63984,2016-08-22,11:28:00,401,2,7516
63985,2016-08-22,11:31:00,293,2,3643
63986,2016-08-22,11:45:00,13,1,6492
63987,2016-08-22,11:51:00,73,2,7580
63988,2016-08-22,11:52:00,413,1,742
63989,2016-08-22,12:04:00,271,2,2187
63990,2016-08-22,12:06:00,48,2,4049
63991,2016-08-22,12:07:00,199,5,3683
63992,2016-08-22,12:23:00,288,2,10957
63993,2016-08-22,12:32:00,353,1,4621
63994,2016-08-22,12:44:00,363,3,8067
63995,2016-08-22,13:09:00,109,1,4108
63996,2016-08-22,13:14:00,27,2,5392
63997,2016-08-22,13:15:00,167,2,8334
63998,2016-08-22,13:16:00,295,2,11201
63999,2016-08-22,13:17:00,217,2,1850
64000,2016-08-22,13:20:00,70,3,6079
64001,2016-08-22,13:24:00,220,2,3227
64002,2016-08-22,13:29:00,331,1,6100
64003,2016-08-22,13:38:00,235,4,2433
64004,2016-08-22,13:49:00,142,2,11989
64005,2016-08-22,13:56:00,354,2,1247
64006,2016-08-22,14:14:00,193,4,3702
64007,2016-08-22,14:17:00,165,2,1096
64008,2016-08-22,14:18:00,251,3,8702
64009,2016-08-22,14:42:00,199,2,3294
64010,2016-08-22,14:47:00,398,1,2033
64011,2016-08-22,14:51:00,53,1,6030
64012,2016-08-22,14:55:00,51,2,1145
64013,2016-08-22,14:58:00,87,1,868
64014,2016-08-22,14:59:00,75,1,1367
64015,2016-08-22,15:03:00,186,2,1642
64016,2016-08-22,15:08:00,172,3,1025
64017,2016-08-22,15:09:00,286,2,6291
64018,2016-08-22,15:14:00,330,3,10474
64019,2016-08-22,15:21:00,175,2,9302
64020,2016-08-22,15:27:00,28,2,1729
64021,2016-08-22,15:30:00,214,1,10435
64022,2016-08-22,15:33:00,238,1,9114
64023,2016-08-22,15:34:00,24,3,8906
64024,2016-08-22,15:36:00,163,2,5899
64025,2016-08-22,15:36:00,64,3,398
64026,2016-08-22,15:55:00,381,2,8427
64027,2016-08-22,15:58:00,169,2,10262
64028,2016-08-22,16:07:00,422,1,7311
64029,2016-08-22,16:10:00,430,1,11427
64030,2016-08-22,16:12:00,296,4,6888
64031,2016-08-22,16:14:00,382,2,7413
64032,2016-08-22,16:18:00,39,4,10152
64033,2016-08-22,16:20:00,38,1,6453
64034,2016-08-22,16:26:00,250,2,6776
64035,2016-08-22,16:31:00,12,2,8635
64036,2016-08-22,16:33:00,415,1,329
64037,2016-08-22,16:35:00,357,1,8222
64038,2016-08-22,16:37:00,376,2,207
64039,2016-08-22,16:39:00,179,1,1332
64040,2016-08-22,16:41:00,75,2,11364
64041,2016-08-22,16:44:00,16,3,7584
64042,2016-08-22,16:44:00,287,1,8043
64043,2016-08-22,16:45:00,79,2,9077
64044,2016-08-22,16:46:00,411,1,112
64045,2016-08-22,16:47:00,333,2,7498
64046,2016-08-22,16:50:00,423,1,11539
64047,2016-08-22,16:50:00,101,2,5565
64048,2016-08-22,16:57:00,50,2,11491
64049,2016-08-22,16:58:00,7,1,6127
64050,2016-08-22,16:59:00,143,1,4616
64051,2016-08-22,16:59:00,44,2,1657
64052,2016-08-22,17:11:00,428,1,4427
64053,2016-08-22,17:11:00,196,1,7936
64054,2016-08-22,17:14:00,162,3,2625
64055,2016-08-22,17:15:00,292,2,7153
64056,2016-08-22,17:15:00,183,1,7891
64057,2016-08-22,17:37:00,158,3,2461
64058,2016-08-22,17:40:00,319,1,3802
64059,2016-08-22,17:52:00,455,5,8878
64060,2016-08-22,17:55:00,129,4,4162
64061,2016-08-22,18:07:00,206,2,5196
64062,2016-08-22,18:09:00,165,2,7158
64063,2016-08-22,18:20:00,202,1,2070
64064,2016-08-22,18:22:00,286,3,2661
64065,2016-08-22,18:23:00,100,2,10321
64066,2016-08-22,18:24:00,454,1,8001
64067,2016-08-22,18:32:00,360,2,4278
64068,2016-08-22,18:45:00,278,2,9445
64069,2016-08-22,18:46:00,77,1,590
64070,2016-08-22,19:03:00,368,2,11888
64071,2016-08-22,19:06:00,376,1,2472
64072,2016-08-22,19:23:00,424,1,5194
64073,2016-08-22,19:28:00,338,1,11123
64074,2016-08-22,19:41:00,109,3,7872
64075,2016-08-22,19:47:00,213,2,6041
64076,2016-08-22,19:49:00,150,3,6107
64077,2016-08-22,19:51:00,274,1,11482
64078,2016-08-22,19:55:00,4,1,3909
64079,2016-08-22,19:57:00,174,2,6681
64080,2016-08-22,20:00:00,277,1,3322
64081,2016-08-22,20:08:00,156,1,8529
64082,2016-08-22,20:09:00,179,2,9401
64083,2016-08-22,20:12:00,214,4,5707
64084,2016-08-22,20:14:00,321,3,1845
64085,2016-08-22,20:25:00,243,1,1486
64086,2016-08-22,20:30:00,143,1,7654
64087,2016-08-22,20:37:00,110,2,10219
64088,2016-08-22,20:40:00,400,3,2392
64089,2016-08-22,20:55:00,83,3,1997
64090,2016-08-22,20:57:00,80,3,7901
64091,2016-08-22,20:59:00,153,2,8745
64092,2016-08-22,21:13:00,55,2,11992
64093,2016-08-22,21:16:00,429,1,6834
64094,2016-08-22,21:21:00,5,1,7456
64095,2016-08-22,21:36:00,15,3,11040
64096,2016-08-22,21:42:00,58,1,5000
64097,2016-08-22,21:45:00,108,3,11726
64098,2016-08-22,21:54:00,177,1,4654
64099,2016-08-22,21:58:00,386,1,9833
64100,2016-08-22,21:59:00,430,1,4155
64101,2016-08-22,22:03:00,128,1,891
64102,2016-08-22,22:06:00,120,2,2619
64103,2016-08-22,22:08:00,14,2,2169
64104,2016-08-22,22:19:00,128,2,11350
64105,2016-08-22,22:20:00,279,3,2231
64106,2016-08-22,22:22:00,452,3,4720
64107,2016-08-22,22:26:00,202,1,4598
64108,2016-08-22,22:38:00,151,1,11922
64109,2016-08-22,22:39:00,353,2,10582
64110,2016-08-22,22:55:00,6,1,211
64111,2016-08-22,22:58:00,420,3,7595
64112,2016-08-22,22:59:00,348,3,1021
64113,2016-08-22,23:05:00,299,1,7668
64114,2016-08-22,23:06:00,23,1,2325
64115,2016-08-22,23:11:00,421,1,9894
64116,2016-08-22,23:12:00,458,1,5736
64117,2016-08-22,23:14:00,125,1,1613
64118,2016-08-22,23:15:00,354,2,11786
64119,2016-08-22,23:18:00,140,2,8363
64120,2016-08-22,23:20:00,84,1,6206
64121,2016-08-22,23:21:00,38,1,11440
64122,2016-08-22,23:24:00,328,3,7084
64123,2016-08-22,23:35:00,383,2,2410
64124,2016-08-22,23:36:00,130,3,2125
64125,2016-08-22,23:40:00,369,2,3507
64126,2016-08-22,23:45:00,206,2,8867
64127,2016-08-22,23:45:00,433,1,11450
64128,2016-08-22,23:45:00,438,3,10003
64129,2016-08-22,23:46:00,239,1,4880
64130,2016-08-22,23:50:00,280,2,1649
64131,2016-08-22,23:52:00,412,1,7254
64132,2016-08-22,23:54:00,134,1,8555
64133,2016-08-22,23:56:00,346,3,10933
64134,2016-08-23,00:04:00,155,1,1207
64135,2016-08-23,00:05:00,130,2,8752
64136,2016-08-23,00:07:00,428,1,7686
64137,2016-08-23,00:07:00,157,2,1003
64138,2016-08-23,00:08:00,126,1,2412
64139,2016-08-23,00:10:00,165,2,517
64140,2016-08-23,00:11:00,270,2,4982
64141,2016-08-23,00:27:00,154,2,7240
64142,2016-08-23,00:33:00,383,2,1175
64143,2016-08-23,00:34:00,67,1,11606
64144,2016-08-23,00:37:00,29,3,2867
64145,2016-08-23,00:41:00,123,2,10943
64146,2016-08-23,00:50:00,369,2,10189
64147,2016-08-23,00:52:00,379,1,2710
64148,2016-08-23,01:02:00,13,3,4850
64149,2016-08-23,01:10:00,267,1,189
64150,2016-08-23,01:23:00,139,4,9570
64151,2016-08-23,01:28:00,60,1,4383
64152,2016-08-23,01:29:00,22,1,10977
64153,2016-08-23,01:30:00,357,3,2684
64154,2016-08-23,01:38:00,69,3,2749
64155,2016-08-23,01:41:00,53,3,4777
64156,2016-08-23,01:45:00,351,2,8490
64157,2016-08-23,01:55:00,262,2,7656
64158,2016-08-23,02:06:00,388,1,3299
64159,2016-08-23,02:34:00,21,1,4650
64160,2016-08-23,02:36:00,295,2,753
64161,2016-08-23,02:40:00,124,2,9350
64162,2016-08-23,02:47:00,281,3,11958
64163,2016-08-23,02:48:00,282,3,10613
64164,2016-08-23,02:49:00,343,1,111
64165,2016-08-23,03:00:00,244,2,11306
64166,2016-08-23,03:05:00,294,1,695
64167,2016-08-23,03:07:00,21,2,11578
64168,2016-08-23,03:14:00,65,1,9477
64169,2016-08-23,03:22:00,330,1,11105
64170,2016-08-23,03:23:00,323,1,6763
64171,2016-08-23,03:33:00,294,2,2865
64172,2016-08-23,03:35:00,74,2,8284
64173,2016-08-23,03:41:00,373,2,6095
64174,2016-08-23,03:45:00,125,4,2534
64175,2016-08-23,03:49:00,203,2,8165
64176,2016-08-23,03:49:00,220,2,7966
64177,2016-08-23,04:05:00,283,1,2424
64178,2016-08-23,04:24:00,137,2,8335
64179,2016-08-23,04:30:00,350,3,5318
64180,2016-08-23,04:31:00,354,3,8499
64181,2016-08-23,04:40:00,155,1,156
64182,2016-08-23,04:46:00,441,4,3872
64183,2016-08-23,04:50:00,458,4,2181
64184,2016-08-23,04:54:00,423,2,8382
64185,2016-08-23,05:00:00,335,1,7517
64186,2016-08-23,05:07:00,22,3,515
64187,2016-08-23,05:08:00,181,2,9933
64188,2016-08-23,05:16:00,389,1,9446
64189,2016-08-23,05:23:00,47,1,7097
64190,2016-08-23,05:30:00,86,3,11346
64191,2016-08-23,05:34:00,428,2,6117
64192,2016-08-23,05:35:00,323,5,11472
64193,2016-08-23,05:43:00,102,2,5161
64194,2016-08-23,05:43:00,166,4,4437
64195,2016-08-23,05:46:00,252,1,9370
64196,2016-08-23,05:49:00,143,2,7491
64197,2016-08-23,05:52:00,71,1,11135
64198,2016-08-23,05:54:00,111,3,157
64199,2016-08-23,05:57:00,337,2,3027
64200,2016-08-23,06:01:00,286,1,4186
64201,2016-08-23,06:03:00,228,2,10601
64202,2016-08-23,06:12:00,451,2,2
64203,2016-08-23,06:24:00,430,1,4574
64204,2016-08-23,06:34:00,285,2,875
64205,2016-08-23,06:37:00,300,1,9167
64206,2016-08-23,06:37:00,185,2,8542
64207,2016-08-23,06:43:00,249,2,578
64208,2016-08-23,06:47:00,304,1,7171
64209,2016-08-23,06:48:00,211,1,10394
64210,2016-08-23,06:52:00,6,1,11426
64211,2016-08-23,07:00:00,424,1,6551
64212,2016-08-23,07:04:00,446,1,9187
64213,2016-08-23,07:05:00,282,2,3991
64214,2016-08-23,07:12:00,257,3,1797
64215,2016-08-23,07:13:00,271,1,1013
64216,2016-08-23,07:14:00,90,2,4674
64217,2016-08-23,07:18:00,121,2,5740
64218,2016-08-23,07:22:00,352,4,2852
64219,2016-08-23,07:24:00,119,2,4885
64220,2016-08-23,07:26:00,425,1,2250
64221,2016-08-23,07:27:00,337,1,6482
64222,2016-08-23,07:28:00,197,2,981
64223,2016-08-23,07:31:00,366,2,9998
64224,2016-08-23,07:31:00,317,1,8263
64225,2016-08-23,07:34:00,86,3,3347
64226,2016-08-23,07:45:00,315,1,5854
64227,2016-08-23,07:48:00,145,2,7075
64228,2016-08-23,07:48:00,342,2,2104
64229,2016-08-23,07:49:00,436,3,7648
64230,2016-08-23,07:52:00,87,2,5384
64231,2016-08-23,07:55:00,103,2,9933
64232,2016-08-23,07:58:00,121,2,11681
64233,2016-08-23,07:59:00,92,1,10546
64234,2016-08-23,08:06:00,166,5,6127
64235,2016-08-23,08:07:00,145,2,9959
64236,2016-08-23,08:07:00,367,1,2269
64237,2016-08-23,08:10:00,299,3,6036
64238,2016-08-23,08:16:00,232,3,10843
64239,2016-08-23,08:17:00,425,1,996
64240,2016-08-23,08:21:00,192,2,2047
64241,2016-08-23,08:22:00,102,2,2663
64242,2016-08-23,08:23:00,361,2,270
64243,2016-08-23,08:24:00,401,2,9994
64244,2016-08-23,08:25:00,120,4,836
64245,2016-08-23,08:26:00,280,1,5418
64246,2016-08-23,08:33:00,372,2,1676
64247,2016-08-23,08:36:00,364,1,11685
64248,2016-08-23,08:36:00,203,1,8439
64249,2016-08-23,08:37:00,14,2,8830
64250,2016-08-23,08:41:00,307,2,11045
64251,2016-08-23,08:41:00,362,2,7893
64252,2016-08-23,08:42:00,457,2,7079
64253,2016-08-23,08:48:00,18,1,5213
64254,2016-08-23,08:50:00,63,1,10338
64255,2016-08-23,08:51:00,161,1,3679
64256,2016-08-23,08:56:00,33,1,10826
64257,2016-08-23,08:57:00,153,1,8432
64258,2016-08-23,09:00:00,323,1,10912
64259,2016-08-23,09:10:00,123,4,8477
64260,2016-08-23,09:19:00,111,1,854
64261,2016-08-23,09:22:00,413,3,4093
64262,2016-08-23,09:30:00,290,1,4891
64263,2016-08-23,09:33:00,294,5,8861
64264,2016-08-23,09:34:00,167,1,4266
64265,2016-08-23,09:35:00,143,1,8082
64266,2016-08-23,09:51:00,339,3,10400
64267,2016-08-23,09:53:00,37,2,11944
64268,2016-08-23,10:04:00,53,2,10057
64269,2016-08-23,10:06:00,349,1,5908
64270,2016-08-23,10:08:00,371,4,6938
64271,2016-08-23,10:14:00,423,2,7966
64272,2016-08-23,10:17:00,18,2,1505
64273,2016-08-23,10:28:00,319,1,5279
64274,2016-08-23,10:32:00,227,1,9134
64275,2016-08-23,10:33:00,227,2,10709
64276,2016-08-23,10:34:00,398,2,7790
64277,2016-08-23,10:40:00,223,1,6435
64278,2016-08-23,10:45:00,175,3,4055
64279,2016-08-23,10:50:00,82,3,320
64280,2016-08-23,10:55:00,62,1,7985
64281,2016-08-23,10:55:00,389,2,9825
64282,2016-08-23,11:04:00,353,3,2588
64283,2016-08-23,11:08:00,315,1,2686
64284,2016-08-23,11:11:00,133,1,7871
64285,2016-08-23,11:11:00,388,1,8284
64286,2016-08-23,11:14:00,393,5,8153
64287,2016-08-23,11:23:00,368,4,3858
64288,2016-08-23,11:29:00,171,6,5041
64289,2016-08-23,11:30:00,184,2,11819
64290,2016-08-23,11:32:00,234,1,9097
64291,2016-08-23,11:38:00,319,2,439
64292,2016-08-23,11:53:00,374,4,2688
64293,2016-08-23,12:00:00,362,2,10225
64294,2016-08-23,12:09:00,454,4,2248
64295,2016-08-23,12:15:00,323,3,305
64296,2016-08-23,12:20:00,424,2,10493
64297,2016-08-23,12:39:00,296,3,1453
64298,2016-08-23,12:42:00,92,4,5522
64299,2016-08-23,12:51:00,441,3,5385
64300,2016-08-23,13:01:00,261,1,11474
64301,2016-08-23,13:03:00,458,2,1787
64302,2016-08-23,13:04:00,181,1,10479
64303,2016-08-23,13:05:00,406,1,4734
64304,2016-08-23,13:06:00,378,2,9505
64305,2016-08-23,13:07:00,116,4,5262
64306,2016-08-23,13:09:00,116,3,10784
64307,2016-08-23,13:10:00,65,1,8667
64308,2016-08-23,13:11:00,195,2,2722
64309,2016-08-23,13:19:00,309,2,461
64310,2016-08-23,13:29:00,211,2,141
64311,2016-08-23,13:31:00,91,1,7969
64312,2016-08-23,13:36:00,109,3,10204
64313,2016-08-23,13:37:00,391,1,1141
64314,2016-08-23,13:37:00,243,2,5851
64315,2016-08-23,13:41:00,279,2,4837
64316,2016-08-23,13:44:00,410,2,4163
64317,2016-08-23,13:47:00,279,3,9971
64318,2016-08-23,13:48:00,78,2,6030
64319,2016-08-23,13:52:00,418,2,9680
64320,2016-08-23,13:55:00,421,1,6420
64321,2016-08-23,13:58:00,179,1,216
64322,2016-08-23,14:03:00,281,2,7811
64323,2016-08-23,14:05:00,265,2,10520
64324,2016-08-23,14:07:00,72,2,3012
64325,2016-08-23,14:08:00,58,3,11841
64326,2016-08-23,14:10:00,441,2,9395
64327,2016-08-23,14:10:00,312,3,9589
64328,2016-08-23,14:15:00,214,3,4729
64329,2016-08-23,14:16:00,126,2,4222
64330,2016-08-23,14:24:00,328,3,11063
64331,2016-08-23,14:42:00,393,1,4929
64332,2016-08-23,14:46:00,16,4,11474
64333,2016-08-23,14:52:00,416,2,11578
64334,2016-08-23,14:55:00,370,2,90
64335,2016-08-23,15:04:00,31,1,7948
64336,2016-08-23,15:06:00,66,2,4763
64337,2016-08-23,15:07:00,146,1,6525
64338,2016-08-23,15:11:00,400,1,3459
64339,2016-08-23,15:20:00,270,3,673
64340,2016-08-23,15:21:00,337,1,7804
64341,2016-08-23,15:23:00,65,2,11813
64342,2016-08-23,15:26:00,234,4,2877
64343,2016-08-23,15:34:00,163,1,10333
64344,2016-08-23,15:35:00,132,2,11043
64345,2016-08-23,15:37:00,387,1,3253
64346,2016-08-23,15:37:00,266,3,8769
64347,2016-08-23,15:44:00,41,3,9292
64348,2016-08-23,15:46:00,58,1,4042
64349,2016-08-23,15:54:00,203,2,9283
64350,2016-08-23,16:03:00,190,1,11154
64351,2016-08-23,16:05:00,418,1,9768
64352,2016-08-23,16:05:00,278,3,5253
64353,2016-08-23,16:10:00,194,2,9293
64354,2016-08-23,16:24:00,425,1,9457
64355,2016-08-23,16:39:00,227,1,3846
64356,2016-08-23,16:40:00,334,2,6606
64357,2016-08-23,16:45:00,285,2,11613
64358,2016-08-23,16:46:00,152,3,9693
64359,2016-08-23,16:47:00,283,2,2755
64360,2016-08-23,17:05:00,14,2,4859
64361,2016-08-23,17:15:00,298,1,6674
64362,2016-08-23,17:20:00,111,2,3739
64363,2016-08-23,17:29:00,206,3,9715
64364,2016-08-23,17:30:00,221,2,6529
64365,2016-08-23,17:33:00,142,1,9654
64366,2016-08-23,17:34:00,322,3,6225
64367,2016-08-23,17:43:00,381,4,3928
64368,2016-08-23,17:51:00,160,2,139
64369,2016-08-23,17:53:00,55,4,4976
64370,2016-08-23,17:56:00,204,3,6009
64371,2016-08-23,18:13:00,24,2,7800
64372,2016-08-23,18:15:00,286,1,8901
64373,2016-08-23,18:16:00,147,1,3425
64374,2016-08-23,18:19:00,16,3,4832
64375,2016-08-23,18:21:00,233,1,10707
64376,2016-08-23,18:24:00,46,1,4096
64377,2016-08-23,18:29:00,93,1,1054
64378,2016-08-23,18:49:00,382,2,7092
64379,2016-08-23,18:49:00,391,1,2560
64380,2016-08-23,19:20:00,379,1,5672
64381,2016-08-23,19:27:00,247,2,11704
64382,2016-08-23,19:47:00,226,1,3682
64383,2016-08-23,19:49:00,201,2,2565
64384,2016-08-23,19:58:00,320,1,4646
64385,2016-08-23,20:00:00,405,2,1682
64386,2016-08-23,20:00:00,108,3,11099
64387,2016-08-23,20:02:00,265,3,3919
64388,2016-08-23,20:03:00,160,4,1818
64389,2016-08-23,20:07:00,337,1,5909
64390,2016-08-23,20:13:00,394,2,7330
64391,2016-08-23,20:18:00,455,1,7547
64392,2016-08-23,20:20:00,457,1,3602
64393,2016-08-23,20:22:00,340,4,6791
64394,2016-08-23,20:22:00,70,2,9061
64395,2016-08-23,20:23:00,49,2,1184
64396,2016-08-23,20:24:00,232,1,5749
64397,2016-08-23,20:29:00,118,2,7141
64398,2016-08-23,20:32:00,83,2,2712
64399,2016-08-23,20:34:00,339,1,2679
64400,2016-08-23,20:40:00,86,1,4244
64401,2016-08-23,20:45:00,396,1,10946
64402,2016-08-23,20:48:00,408,2,9217
64403,2016-08-23,20:50:00,290,2,4496
64404,2016-08-23,21:00:00,62,1,1350
64405,2016-08-23,21:04:00,266,1,1753
64406,2016-08-23,21:05:00,322,4,3448
64407,2016-08-23,21:12:00,76,2,2333
64408,2016-08-23,21:13:00,372,3,4725
64409,2016-08-23,21:14:00,54,5,5045
64410,2016-08-23,21:24:00,4,3,11459
64411,2016-08-23,21:33:00,160,2,3939
64412,2016-08-23,21:34:00,374,1,11434
64413,2016-08-23,21:43:00,382,3,9356
64414,2016-08-23,21:52:00,226,3,6358
64415,2016-08-23,21:56:00,89,1,5411
64416,2016-08-23,21:58:00,267,1,10844
64417,2016-08-23,22:03:00,255,2,3267
64418,2016-08-23,22:07:00,434,2,3569
64419,2016-08-23,22:09:00,236,2,3501
64420,2016-08-23,22:12:00,229,2,6381
64421,2016-08-23,22:27:00,58,1,10148
64422,2016-08-23,22:28:00,19,1,4787
64423,2016-08-23,22:44:00,113,2,6673
64424,2016-08-23,22:52:00,85,1,2433
64425,2016-08-23,23:00:00,414,3,733
64426,2016-08-23,23:07:00,343,1,9616
64427,2016-08-23,23:09:00,251,1,8272
64428,2016-08-23,23:14:00,422,2,7366
64429,2016-08-23,23:14:00,334,1,1468
64430,2016-08-23,23:17:00,276,2,4140
64431,2016-08-23,23:24:00,241,2,4972
64432,2016-08-23,23:25:00,434,2,851
64433,2016-08-23,23:30:00,121,2,2549
64434,2016-08-23,23:34:00,208,1,9197
64435,2016-08-23,23:36:00,133,3,4429
64436,2016-08-23,23:40:00,173,1,2287
64437,2016-08-23,23:42:00,214,2,1931
64438,2016-08-23,23:43:00,87,3,4036
64439,2016-08-23,23:45:00,254,2,2088
64440,2016-08-23,23:45:00,300,3,6499
64441,2016-08-23,23:57:00,226,1,3009
64442,2016-08-24,00:01:00,391,1,9258
64443,2016-08-24,00:03:00,230,4,11049
64444,2016-08-24,00:03:00,448,4,10042
64445,2016-08-24,00:06:00,297,1,4195
64446,2016-08-24,00:09:00,357,2,9354
64447,2016-08-24,00:09:00,5,2,162
64448,2016-08-24,00:11:00,95,4,11230
64449,2016-08-24,00:14:00,195,3,2124
64450,2016-08-24,00:19:00,362,1,10411
64451,2016-08-24,00:24:00,72,2,5905
64452,2016-08-24,00:31:00,322,4,4448
64453,2016-08-24,00:32:00,149,4,6286
64454,2016-08-24,00:35:00,334,2,1564
64455,2016-08-24,00:40:00,44,4,4723
64456,2016-08-24,00:41:00,175,2,4581
64457,2016-08-24,00:42:00,367,1,8695
64458,2016-08-24,00:46:00,195,1,4699
64459,2016-08-24,00:55:00,4,2,4282
64460,2016-08-24,01:03:00,118,1,4044
64461,2016-08-24,01:16:00,46,3,8492
64462,2016-08-24,01:20:00,451,2,1708
64463,2016-08-24,01:21:00,126,2,9375
64464,2016-08-24,01:32:00,236,1,9517
64465,2016-08-24,01:37:00,19,1,11099
64466,2016-08-24,01:46:00,348,1,3811
64467,2016-08-24,01:50:00,310,1,7776
64468,2016-08-24,01:57:00,130,2,10236
64469,2016-08-24,02:08:00,208,3,8043
64470,2016-08-24,02:09:00,158,1,7134
64471,2016-08-24,02:10:00,447,1,8198
64472,2016-08-24,02:12:00,345,1,6972
64473,2016-08-24,02:13:00,343,1,1726
64474,2016-08-24,02:24:00,126,2,5413
64475,2016-08-24,02:24:00,46,2,4048
64476,2016-08-24,02:35:00,11,3,7978
64477,2016-08-24,02:37:00,7,1,1337
64478,2016-08-24,02:40:00,95,3,11968
64479,2016-08-24,02:41:00,89,5,548
64480,2016-08-24,02:41:00,357,4,4666
64481,2016-08-24,02:42:00,309,3,3778
64482,2016-08-24,02:42:00,273,1,1669
64483,2016-08-24,02:50:00,203,2,1441
64484,2016-08-24,02:58:00,97,1,2823
64485,2016-08-24,03:09:00,133,1,5124
64486,2016-08-24,03:09:00,305,2,2500
64487,2016-08-24,03:10:00,42,2,2725
64488,2016-08-24,03:23:00,355,2,11116
64489,2016-08-24,03:26:00,180,2,8042
64490,2016-08-24,03:31:00,423,3,2348
64491,2016-08-24,03:36:00,146,4,5100
64492,2016-08-24,03:41:00,108,1,7128
64493,2016-08-24,03:47:00,399,2,3035
64494,2016-08-24,03:47:00,40,4,5126
64495,2016-08-24,03:53:00,273,1,1638
64496,2016-08-24,03:57:00,458,2,6356
64497,2016-08-24,04:03:00,42,1,9862
64498,2016-08-24,04:05:00,258,1,725
64499,2016-08-24,04:16:00,388,1,3854
64500,2016-08-24,04:18:00,68,2,11625
64501,2016-08-24,04:28:00,6,1,9619
64502,2016-08-24,04:28:00,20,1,9282
64503,2016-08-24,04:28:00,59,1,9659
64504,2016-08-24,04:30:00,277,2,7874
64505,2016-08-24,04:30:00,102,1,9758
64506,2016-08-24,04:32:00,15,2,2279
64507,2016-08-24,04:43:00,33,3,9460
64508,2016-08-24,04:55:00,389,3,5358
64509,2016-08-24,04:57:00,353,3,6646
64510,2016-08-24,05:01:00,298,4,1825
64511,2016-08-24,05:04:00,197,1,9590
64512,2016-08-24,05:13:00,219,1,3842
64513,2016-08-24,05:14:00,74,5,2127
64514,2016-08-24,05:15:00,28,2,10250
64515,2016-08-24,05:18:00,117,2,6473
64516,2016-08-24,05:25:00,108,1,11463
64517,2016-08-24,05:28:00,408,2,4160
64518,2016-08-24,05:33:00,275,1,4646
64519,2016-08-24,05:35:00,306,1,2899
64520,2016-08-24,05:36:00,108,1,8600
64521,2016-08-24,05:40:00,287,3,4876
64522,2016-08-24,05:46:00,87,4,4131
64523,2016-08-24,05:46:00,378,2,6694
64524,2016-08-24,05:47:00,354,1,8414
64525,2016-08-24,05:49:00,388,1,2889
64526,2016-08-24,05:51:00,50,1,11092
64527,2016-08-24,06:00:00,270,1,5311
64528,2016-08-24,06:02:00,234,4,2351
64529,2016-08-24,06:05:00,122,2,10782
64530,2016-08-24,06:11:00,118,1,6546
64531,2016-08-24,06:12:00,278,2,11319
64532,2016-08-24,06:12:00,228,3,8773
64533,2016-08-24,06:15:00,263,2,7457
64534,2016-08-24,06:20:00,194,3,1424
64535,2016-08-24,06:20:00,250,1,6331
64536,2016-08-24,06:24:00,21,1,7618
64537,2016-08-24,06:26:00,204,2,9156
64538,2016-08-24,06:33:00,206,1,8936
64539,2016-08-24,06:41:00,59,4,3525
64540,2016-08-24,06:45:00,381,4,4100
64541,2016-08-24,06:45:00,69,2,7918
64542,2016-08-24,06:45:00,65,1,9826
64543,2016-08-24,06:57:00,452,1,3091
64544,2016-08-24,06:57:00,29,1,11764
64545,2016-08-24,07:04:00,331,1,10518
64546,2016-08-24,07:09:00,105,6,2103
64547,2016-08-24,07:15:00,355,3,10807
64548,2016-08-24,07:23:00,68,2,1050
64549,2016-08-24,07:29:00,209,3,6652
64550,2016-08-24,07:35:00,57,1,10469
64551,2016-08-24,07:37:00,253,1,1149
64552,2016-08-24,07:44:00,186,3,5434
64553,2016-08-24,07:49:00,24,2,2125
64554,2016-08-24,07:49:00,127,3,7758
64555,2016-08-24,08:13:00,35,1,11786
64556,2016-08-24,08:21:00,83,1,6141
64557,2016-08-24,08:25:00,395,1,9237
64558,2016-08-24,08:26:00,286,3,2999
64559,2016-08-24,08:28:00,19,1,6109
64560,2016-08-24,08:29:00,231,3,360
64561,2016-08-24,08:30:00,437,2,8580
64562,2016-08-24,08:37:00,292,3,5015
64563,2016-08-24,08:37:00,244,2,10961
64564,2016-08-24,08:46:00,371,3,11598
64565,2016-08-24,09:09:00,409,2,44
64566,2016-08-24,09:21:00,351,4,9442
64567,2016-08-24,09:24:00,313,3,5448
64568,2016-08-24,09:37:00,115,2,8499
64569,2016-08-24,09:44:00,86,2,9992
64570,2016-08-24,09:46:00,431,1,5364
64571,2016-08-24,09:53:00,307,1,1997
64572,2016-08-24,09:55:00,388,2,3996
64573,2016-08-24,10:09:00,83,3,7450
64574,2016-08-24,10:10:00,307,4,8875
64575,2016-08-24,10:11:00,154,2,11502
64576,2016-08-24,10:12:00,81,2,9661
64577,2016-08-24,10:17:00,263,1,550
64578,2016-08-24,10:35:00,145,3,11114
64579,2016-08-24,10:41:00,272,2,7428
64580,2016-08-24,10:54:00,401,2,4023
64581,2016-08-24,10:57:00,346,2,7156
64582,2016-08-24,11:04:00,44,4,11273
64583,2016-08-24,11:06:00,225,1,6969
64584,2016-08-24,11:10:00,345,1,5716
64585,2016-08-24,11:13:00,66,1,9119
64586,2016-08-24,11:17:00,12,5,1399
64587,2016-08-24,11:19:00,385,4,1386
64588,2016-08-24,11:22:00,129,3,8993
64589,2016-08-24,11:24:00,147,2,127
64590,2016-08-24,11:26:00,434,3,11444
64591,2016-08-24,11:34:00,417,3,9072
64592,2016-08-24,11:41:00,373,1,6416
64593,2016-08-24,12:22:00,167,2,2627
64594,2016-08-24,12:38:00,155,1,6600
64595,2016-08-24,12:47:00,2,2,8652
64596,2016-08-24,12:51:00,165,1,5987
64597,2016-08-24,12:54:00,105,1,4185
64598,2016-08-24,12:55:00,176,2,7696
64599,2016-08-24,12:55:00,141,3,8826
64600,2016-08-24,12:57:00,409,4,3622
64601,2016-08-24,13:17:00,401,2,11233
64602,2016-08-24,13:21:00,334,3,7154
64603,2016-08-24,13:23:00,183,2,2845
64604,2016-08-24,13:25:00,97,1,3284
64605,2016-08-24,13:42:00,352,2,1742
64606,2016-08-24,13:44:00,411,3,232
64607,2016-08-24,13:44:00,438,1,11223
64608,2016-08-24,13:45:00,144,2,5506
64609,2016-08-24,13:54:00,15,2,3694
64610,2016-08-24,13:54:00,266,2,5790
64611,2016-08-24,13:55:00,409,3,414
64612,2016-08-24,14:02:00,292,1,8796
64613,2016-08-24,14:04:00,207,4,10009
64614,2016-08-24,14:06:00,63,2,2662
64615,2016-08-24,14:24:00,40,1,2140
64616,2016-08-24,14:28:00,59,2,10707
64617,2016-08-24,14:57:00,75,3,8070
64618,2016-08-24,14:58:00,208,1,8102
64619,2016-08-24,14:59:00,144,3,3730
64620,2016-08-24,15:00:00,164,2,1957
64621,2016-08-24,15:01:00,30,3,2295
64622,2016-08-24,15:20:00,324,2,8671
64623,2016-08-24,15:22:00,402,2,4844
64624,2016-08-24,15:26:00,338,1,4526
64625,2016-08-24,15:28:00,76,1,5929
64626,2016-08-24,15:31:00,132,2,5658
64627,2016-08-24,15:37:00,413,1,11045
64628,2016-08-24,15:39:00,83,1,9003
64629,2016-08-24,15:56:00,278,1,657
64630,2016-08-24,15:58:00,302,1,7638
64631,2016-08-24,16:01:00,104,1,2431
64632,2016-08-24,16:04:00,130,3,4277
64633,2016-08-24,16:17:00,98,2,8431
64634,2016-08-24,16:26:00,416,1,2345
64635,2016-08-24,16:27:00,374,2,3492
64636,2016-08-24,16:28:00,393,2,10895
64637,2016-08-24,16:30:00,310,1,7021
64638,2016-08-24,16:33:00,152,2,1385
64639,2016-08-24,16:37:00,263,1,2221
64640,2016-08-24,16:38:00,267,1,8331
64641,2016-08-24,16:39:00,402,1,4415
64642,2016-08-24,16:46:00,274,2,11951
64643,2016-08-24,16:47:00,42,1,5124
64644,2016-08-24,16:51:00,279,1,9210
64645,2016-08-24,16:56:00,250,2,9760
64646,2016-08-24,17:10:00,268,2,6593
64647,2016-08-24,17:24:00,151,2,8212
64648,2016-08-24,17:41:00,310,1,10754
64649,2016-08-24,17:43:00,23,1,616
64650,2016-08-24,17:53:00,148,3,8635
64651,2016-08-24,18:05:00,73,1,10648
64652,2016-08-24,18:08:00,396,2,4185
64653,2016-08-24,18:09:00,252,3,9594
64654,2016-08-24,18:18:00,326,1,5074
64655,2016-08-24,18:19:00,98,2,5904
64656,2016-08-24,18:38:00,216,3,2806
64657,2016-08-24,18:48:00,101,2,5661
64658,2016-08-24,18:58:00,27,1,1268
64659,2016-08-24,19:05:00,129,1,8797
64660,2016-08-24,19:28:00,415,1,4124
64661,2016-08-24,19:34:00,188,3,10752
64662,2016-08-24,19:34:00,341,3,572
64663,2016-08-24,19:37:00,389,3,1255
64664,2016-08-24,19:38:00,58,1,68
64665,2016-08-24,19:40:00,149,1,755
64666,2016-08-24,19:47:00,376,2,6289
64667,2016-08-24,19:47:00,254,2,462
64668,2016-08-24,20:01:00,202,3,1165
64669,2016-08-24,20:02:00,38,4,3298
64670,2016-08-24,20:04:00,92,2,10379
64671,2016-08-24,20:05:00,19,1,9281
64672,2016-08-24,20:08:00,366,4,3434
64673,2016-08-24,20:13:00,312,1,1964
64674,2016-08-24,20:14:00,140,3,11732
64675,2016-08-24,20:34:00,169,1,8219
64676,2016-08-24,20:36:00,256,2,33
64677,2016-08-24,20:42:00,397,1,11639
64678,2016-08-24,20:52:00,23,1,5820
64679,2016-08-24,20:53:00,197,2,10925
64680,2016-08-24,20:57:00,171,1,3266
64681,2016-08-24,20:59:00,282,4,9640
64682,2016-08-24,21:04:00,246,1,9168
64683,2016-08-24,21:12:00,284,2,4794
64684,2016-08-24,21:12:00,277,1,3863
64685,2016-08-24,21:16:00,339,1,4809
64686,2016-08-24,21:19:00,314,3,3529
64687,2016-08-24,21:22:00,400,2,10582
64688,2016-08-24,21:22:00,57,1,995
64689,2016-08-24,21:23:00,209,1,4378
64690,2016-08-24,21:35:00,29,2,11778
64691,2016-08-24,21:39:00,2,1,5761
64692,2016-08-24,21:42:00,138,1,916
64693,2016-08-24,21:49:00,175,1,8144
64694,2016-08-24,22:06:00,273,2,7935
64695,2016-08-24,22:06:00,445,1,3084
64696,2016-08-24,22:21:00,124,1,7244
64697,2016-08-24,22:29:00,20,4,5220
64698,2016-08-24,22:41:00,20,2,767
64699,2016-08-24,22:44:00,186,1,3697
64700,2016-08-24,22:45:00,7,5,10112
64701,2016-08-24,22:46:00,308,3,7343
64702,2016-08-24,22:47:00,295,2,237
64703,2016-08-24,22:48:00,153,3,7525
64704,2016-08-24,23:03:00,69,1,5434
64705,2016-08-24,23:17:00,407,1,3308
64706,2016-08-24,23:22:00,303,2,4967
64707,2016-08-24,23:50:00,220,3,4895
64708,2016-08-24,23:58:00,104,1,6521
64709,2016-08-24,23:58:00,269,1,2413
64710,2016-08-25,00:07:00,393,2,2582
64711,2016-08-25,00:11:00,340,3,5944
64712,2016-08-25,00:13:00,55,2,5304
64713,2016-08-25,00:17:00,278,2,492
64714,2016-08-25,00:23:00,396,3,7614
64715,2016-08-25,00:24:00,25,1,5110
64716,2016-08-25,00:26:00,433,1,631
64717,2016-08-25,00:30:00,296,1,6723
64718,2016-08-25,00:53:00,327,2,10
64719,2016-08-25,00:56:00,348,1,10206
64720,2016-08-25,01:12:00,136,1,7066
64721,2016-08-25,01:22:00,34,3,3263
64722,2016-08-25,01:23:00,421,1,3730
64723,2016-08-25,01:24:00,301,2,27
64724,2016-08-25,01:25:00,148,2,2155
64725,2016-08-25,01:25:00,297,3,10030
64726,2016-08-25,01:33:00,174,3,5299
64727,2016-08-25,01:38:00,86,3,2795
64728,2016-08-25,01:44:00,164,2,10008
64729,2016-08-25,01:50:00,135,1,9238
64730,2016-08-25,01:54:00,44,2,11389
64731,2016-08-25,02:00:00,272,2,3169
64732,2016-08-25,02:06:00,236,1,7757
64733,2016-08-25,02:07:00,49,2,2345
64734,2016-08-25,02:08:00,280,1,7261
64735,2016-08-25,02:13:00,317,2,6228
64736,2016-08-25,02:15:00,401,2,6222
64737,2016-08-25,02:18:00,145,3,3968
64738,2016-08-25,02:22:00,21,3,8508
64739,2016-08-25,02:22:00,150,3,1518
64740,2016-08-25,02:23:00,264,3,579
64741,2016-08-25,02:28:00,199,1,5618
64742,2016-08-25,02:30:00,420,4,4615
64743,2016-08-25,02:31:00,284,1,1192
64744,2016-08-25,02:35:00,419,2,11522
64745,2016-08-25,02:42:00,20,2,9731
64746,2016-08-25,02:42:00,250,1,6292
64747,2016-08-25,02:50:00,236,1,10459
64748,2016-08-25,02:53:00,285,6,10580
64749,2016-08-25,02:55:00,208,1,10732
64750,2016-08-25,03:25:00,99,1,11425
64751,2016-08-25,03:27:00,173,3,8894
64752,2016-08-25,03:31:00,316,3,696
64753,2016-08-25,03:33:00,388,1,3511
64754,2016-08-25,03:35:00,420,2,6231
64755,2016-08-25,03:36:00,349,1,5063
64756,2016-08-25,03:37:00,298,1,5822
64757,2016-08-25,03:39:00,84,3,9268
64758,2016-08-25,03:41:00,96,1,6549
64759,2016-08-25,03:41:00,164,2,2253
64760,2016-08-25,03:42:00,344,2,3711
64761,2016-08-25,03:42:00,31,2,5445
64762,2016-08-25,03:51:00,240,2,6251
64763,2016-08-25,03:53:00,413,2,4818
64764,2016-08-25,03:58:00,269,3,3967
64765,2016-08-25,04:07:00,204,2,4015
64766,2016-08-25,04:08:00,425,1,10573
64767,2016-08-25,04:19:00,29,2,1618
64768,2016-08-25,04:21:00,453,1,4126
64769,2016-08-25,04:24:00,172,3,11672
64770,2016-08-25,04:28:00,49,2,11779
64771,2016-08-25,04:29:00,124,2,1032
64772,2016-08-25,04:34:00,333,2,7165
64773,2016-08-25,04:35:00,298,1,6346
64774,2016-08-25,04:36:00,409,2,6679
64775,2016-08-25,04:36:00,281,1,6019
64776,2016-08-25,04:43:00,410,1,5742
64777,2016-08-25,04:45:00,19,1,1382
64778,2016-08-25,04:58:00,426,2,6732
64779,2016-08-25,05:01:00,330,1,8228
64780,2016-08-25,05:01:00,421,4,10942
64781,2016-08-25,05:04:00,177,2,5409
64782,2016-08-25,05:11:00,141,3,4326
64783,2016-08-25,05:13:00,428,1,2675
64784,2016-08-25,05:14:00,144,2,1867
64785,2016-08-25,05:16:00,408,3,5769
64786,2016-08-25,05:23:00,423,2,2808
64787,2016-08-25,05:27:00,377,1,11188
64788,2016-08-25,05:27:00,23,2,11344
64789,2016-08-25,05:32:00,436,1,10446
64790,2016-08-25,05:32:00,217,2,9496
64791,2016-08-25,05:32:00,383,3,1694
64792,2016-08-25,05:45:00,159,2,11187
64793,2016-08-25,05:45:00,234,3,1819
64794,2016-08-25,05:58:00,176,3,7852
64795,2016-08-25,06:03:00,414,1,4820
64796,2016-08-25,06:19:00,326,1,1047
64797,2016-08-25,06:21:00,242,1,3342
64798,2016-08-25,06:26:00,228,2,2181
64799,2016-08-25,06:27:00,50,3,9554
64800,2016-08-25,06:33:00,73,1,4542
64801,2016-08-25,06:37:00,349,3,1729
64802,2016-08-25,06:47:00,35,1,9946
64803,2016-08-25,06:49:00,29,3,8186
64804,2016-08-25,06:50:00,249,2,8426
64805,2016-08-25,06:53:00,37,3,6021
64806,2016-08-25,07:01:00,183,4,1469
64807,2016-08-25,07:13:00,167,2,7870
64808,2016-08-25,07:22:00,436,3,3298
64809,2016-08-25,07:24:00,249,3,6331
64810,2016-08-25,07:33:00,45,1,4439
64811,2016-08-25,07:33:00,197,2,6655
64812,2016-08-25,07:40:00,142,1,5572
64813,2016-08-25,07:48:00,398,1,7206
64814,2016-08-25,07:51:00,74,2,1739
64815,2016-08-25,07:56:00,393,1,9504
64816,2016-08-25,07:57:00,74,5,1056
64817,2016-08-25,08:03:00,192,3,7932
64818,2016-08-25,08:03:00,120,3,10748
64819,2016-08-25,08:06:00,430,3,4663
64820,2016-08-25,08:12:00,387,4,4027
64821,2016-08-25,08:14:00,89,1,5093
64822,2016-08-25,08:15:00,234,3,1826
64823,2016-08-25,08:17:00,430,2,8659
64824,2016-08-25,08:17:00,122,3,3260
64825,2016-08-25,08:21:00,41,2,11314
64826,2016-08-25,08:37:00,11,3,10932
64827,2016-08-25,08:41:00,286,2,3332
64828,2016-08-25,08:44:00,269,1,8602
64829,2016-08-25,08:50:00,454,1,2753
64830,2016-08-25,08:53:00,446,1,9888
64831,2016-08-25,08:58:00,248,4,11255
64832,2016-08-25,09:02:00,96,2,5884
64833,2016-08-25,09:03:00,159,2,7527
64834,2016-08-25,09:05:00,403,1,7087
64835,2016-08-25,09:11:00,166,2,6525
64836,2016-08-25,09:16:00,431,1,3236
64837,2016-08-25,09:21:00,45,2,8350
64838,2016-08-25,09:26:00,206,2,11088
64839,2016-08-25,09:33:00,15,3,11192
64840,2016-08-25,09:36:00,317,2,392
64841,2016-08-25,09:44:00,415,2,6776
64842,2016-08-25,09:47:00,343,3,10607
64843,2016-08-25,09:56:00,51,1,11351
64844,2016-08-25,09:58:00,272,1,63
64845,2016-08-25,10:00:00,283,1,8733
64846,2016-08-25,10:06:00,26,1,9381
64847,2016-08-25,10:11:00,350,2,4655
64848,2016-08-25,10:20:00,368,2,2970
64849,2016-08-25,10:27:00,328,1,10741
64850,2016-08-25,10:34:00,350,1,4752
64851,2016-08-25,10:37:00,377,3,6140
64852,2016-08-25,10:40:00,109,3,10921
64853,2016-08-25,10:46:00,269,1,552
64854,2016-08-25,10:59:00,77,2,2322
64855,2016-08-25,10:59:00,60,1,7290
64856,2016-08-25,11:07:00,239,1,4494
64857,2016-08-25,11:12:00,433,1,10351
64858,2016-08-25,11:28:00,9,2,3504
64859,2016-08-25,11:31:00,112,1,6111
64860,2016-08-25,11:35:00,290,4,10909
64861,2016-08-25,11:35:00,374,2,6228
64862,2016-08-25,11:36:00,173,2,7264
64863,2016-08-25,11:56:00,15,1,459
64864,2016-08-25,11:59:00,160,3,8370
64865,2016-08-25,11:59:00,424,2,467
64866,2016-08-25,12:01:00,147,2,4272
64867,2016-08-25,12:04:00,20,3,7244
64868,2016-08-25,12:11:00,141,3,177
64869,2016-08-25,12:14:00,415,2,5278
64870,2016-08-25,12:19:00,349,1,5480
64871,2016-08-25,12:21:00,209,1,281
64872,2016-08-25,12:28:00,365,2,6746
64873,2016-08-25,12:30:00,379,1,1805
64874,2016-08-25,12:33:00,50,3,11983
64875,2016-08-25,12:33:00,293,2,3259
64876,2016-08-25,12:43:00,225,2,228
64877,2016-08-25,12:46:00,182,3,4050
64878,2016-08-25,13:11:00,271,1,3750
64879,2016-08-25,13:20:00,263,2,7220
64880,2016-08-25,13:22:00,203,2,5769
64881,2016-08-25,13:23:00,2,2,9069
64882,2016-08-25,13:27:00,281,1,11450
64883,2016-08-25,13:38:00,267,2,239
64884,2016-08-25,13:39:00,103,1,10722
64885,2016-08-25,13:40:00,321,2,4070
64886,2016-08-25,14:03:00,178,3,10634
64887,2016-08-25,14:06:00,388,1,9594
64888,2016-08-25,14:29:00,142,3,1630
64889,2016-08-25,14:30:00,163,2,9957
64890,2016-08-25,14:32:00,442,3,6322
64891,2016-08-25,14:38:00,188,3,7640
64892,2016-08-25,14:41:00,408,2,7133
64893,2016-08-25,14:45:00,367,3,11967
64894,2016-08-25,14:49:00,233,2,1195
64895,2016-08-25,14:52:00,86,2,3698
64896,2016-08-25,14:54:00,164,1,4802
64897,2016-08-25,14:56:00,15,1,9183
64898,2016-08-25,15:03:00,137,2,6085
64899,2016-08-25,15:04:00,136,2,1869
64900,2016-08-25,15:12:00,190,2,667
64901,2016-08-25,15:15:00,215,1,7187
64902,2016-08-25,15:15:00,15,2,6398
64903,2016-08-25,15:26:00,169,2,2448
64904,2016-08-25,15:26:00,97,1,194
64905,2016-08-25,15:39:00,262,1,10159
64906,2016-08-25,15:46:00,83,2,2784
64907,2016-08-25,15:53:00,332,1,2316
64908,2016-08-25,15:59:00,155,1,11768
64909,2016-08-25,16:01:00,120,1,5216
64910,2016-08-25,16:08:00,195,4,4474
64911,2016-08-25,16:08:00,155,1,3594
64912,2016-08-25,16:12:00,102,2,11613
64913,2016-08-25,16:20:00,306,1,3318
64914,2016-08-25,16:26:00,207,2,130
64915,2016-08-25,16:31:00,206,3,8189
64916,2016-08-25,16:37:00,144,3,7095
64917,2016-08-25,16:57:00,268,4,8357
64918,2016-08-25,17:03:00,215,3,7373
64919,2016-08-25,17:11:00,330,3,1191
64920,2016-08-25,17:23:00,86,3,9655
64921,2016-08-25,17:24:00,163,3,3570
64922,2016-08-25,17:28:00,10,3,5120
64923,2016-08-25,17:31:00,205,1,107
64924,2016-08-25,17:33:00,237,1,495
64925,2016-08-25,17:38:00,349,4,11621
64926,2016-08-25,17:54:00,222,3,11179
64927,2016-08-25,18:01:00,218,5,6859
64928,2016-08-25,18:04:00,109,1,5831
64929,2016-08-25,18:06:00,306,2,4480
64930,2016-08-25,18:10:00,164,3,3046
64931,2016-08-25,18:10:00,25,1,7278
64932,2016-08-25,18:12:00,406,2,7890
64933,2016-08-25,18:13:00,261,3,8617
64934,2016-08-25,18:14:00,182,2,6679
64935,2016-08-25,18:22:00,362,1,7037
64936,2016-08-25,18:38:00,157,3,7728
64937,2016-08-25,18:50:00,434,2,6356
64938,2016-08-25,18:50:00,67,2,5433
64939,2016-08-25,18:53:00,231,2,9879
64940,2016-08-25,18:56:00,184,3,3811
64941,2016-08-25,18:57:00,76,4,4070
64942,2016-08-25,19:14:00,168,1,5298
64943,2016-08-25,19:18:00,374,4,2837
64944,2016-08-25,19:33:00,68,1,3263
64945,2016-08-25,19:33:00,212,1,1420
64946,2016-08-25,19:41:00,48,2,11353
64947,2016-08-25,19:45:00,434,1,3320
64948,2016-08-25,19:51:00,304,3,1241
64949,2016-08-25,20:01:00,339,1,5726
64950,2016-08-25,20:04:00,280,3,9492
64951,2016-08-25,20:06:00,296,3,6179
64952,2016-08-25,20:08:00,49,2,305
64953,2016-08-25,20:08:00,11,2,7300
64954,2016-08-25,20:11:00,255,4,9321
64955,2016-08-25,20:12:00,326,4,3801
64956,2016-08-25,20:37:00,303,2,776
64957,2016-08-25,20:39:00,122,2,7129
64958,2016-08-25,21:00:00,427,2,822
64959,2016-08-25,21:01:00,59,4,9427
64960,2016-08-25,21:02:00,313,4,8808
64961,2016-08-25,21:15:00,349,2,10899
64962,2016-08-25,21:15:00,26,3,10934
64963,2016-08-25,21:19:00,374,1,3884
64964,2016-08-25,21:28:00,301,2,9246
64965,2016-08-25,21:34:00,21,2,9044
64966,2016-08-25,21:35:00,220,1,9585
64967,2016-08-25,21:39:00,224,1,6461
64968,2016-08-25,21:42:00,228,2,10019
64969,2016-08-25,21:43:00,335,3,357
64970,2016-08-25,21:48:00,329,2,8266
64971,2016-08-25,21:52:00,411,1,9518
64972,2016-08-25,22:10:00,249,3,11956
64973,2016-08-25,22:15:00,175,2,6164
64974,2016-08-25,22:25:00,1,4,7591
64975,2016-08-25,22:25:00,371,4,8524
64976,2016-08-25,22:26:00,198,2,2290
64977,2016-08-25,22:38:00,192,1,1894
64978,2016-08-25,22:51:00,6,1,10684
64979,2016-08-25,23:01:00,70,3,672
64980,2016-08-25,23:03:00,53,3,2392
64981,2016-08-25,23:10:00,62,2,1788
64982,2016-08-25,23:21:00,435,1,5932
64983,2016-08-25,23:21:00,214,2,7859
64984,2016-08-25,23:24:00,173,3,8993
64985,2016-08-25,23:28:00,268,3,8314
64986,2016-08-25,23:31:00,224,1,1504
64987,2016-08-25,23:43:00,276,3,8243
64988,2016-08-25,23:46:00,360,3,72
64989,2016-08-25,23:47:00,291,2,2287
64990,2016-08-25,23:48:00,123,2,522
64991,2016-08-25,23:49:00,378,3,5711
64992,2016-08-25,23:50:00,379,2,8399
64993,2016-08-25,23:52:00,299,1,3556
64994,2016-08-25,23:52:00,388,2,3010
64995,2016-08-25,23:53:00,124,1,11335
64996,2016-08-25,23:54:00,414,1,7640
64997,2016-08-25,23:55:00,237,2,5375
64998,2016-08-26,00:11:00,343,1,8188
64999,2016-08-26,00:18:00,283,3,1827
65000,2016-08-26,00:20:00,117,2,2300
65001,2016-08-26,00:35:00,442,1,10694
65002,2016-08-26,00:53:00,236,1,2195
65003,2016-08-26,00:57:00,356,3,756
65004,2016-08-26,00:58:00,433,2,3418
65005,2016-08-26,00:58:00,308,2,8621
65006,2016-08-26,01:07:00,311,3,4285
65007,2016-08-26,01:07:00,128,2,7860
65008,2016-08-26,01:10:00,171,1,9015
65009,2016-08-26,01:18:00,294,3,11516
65010,2016-08-26,01:22:00,299,2,10045
65011,2016-08-26,01:28:00,274,2,8956
65012,2016-08-26,01:30:00,369,1,10591
65013,2016-08-26,01:32:00,138,2,1045
65014,2016-08-26,01:33:00,184,2,2887
65015,2016-08-26,01:35:00,137,1,8016
65016,2016-08-26,01:36:00,11,1,10035
65017,2016-08-26,01:42:00,143,2,957
65018,2016-08-26,01:44:00,444,1,3938
65019,2016-08-26,01:49:00,417,1,1489
65020,2016-08-26,01:53:00,30,1,8113
65021,2016-08-26,02:04:00,175,1,6725
65022,2016-08-26,02:04:00,458,2,409
65023,2016-08-26,02:16:00,315,1,11025
65024,2016-08-26,02:18:00,49,1,10559
65025,2016-08-26,02:22:00,113,2,11137
65026,2016-08-26,02:26:00,434,2,5379
65027,2016-08-26,02:34:00,299,1,8752
65028,2016-08-26,02:35:00,71,2,11098
65029,2016-08-26,02:37:00,227,3,7220
65030,2016-08-26,02:43:00,458,1,3204
65031,2016-08-26,02:47:00,263,1,5130
65032,2016-08-26,02:55:00,437,2,1190
65033,2016-08-26,02:55:00,283,2,2743
65034,2016-08-26,02:59:00,320,2,546
65035,2016-08-26,03:13:00,106,2,2485
65036,2016-08-26,03:13:00,114,3,7922
65037,2016-08-26,03:14:00,62,1,1230
65038,2016-08-26,03:42:00,171,2,11817
65039,2016-08-26,03:44:00,259,3,8414
65040,2016-08-26,03:44:00,204,1,6431
65041,2016-08-26,03:52:00,292,1,845
65042,2016-08-26,03:57:00,211,3,3676
65043,2016-08-26,04:02:00,360,4,1238
65044,2016-08-26,04:03:00,256,4,9807
65045,2016-08-26,04:05:00,439,1,8878
65046,2016-08-26,04:06:00,16,1,8725
65047,2016-08-26,04:09:00,234,3,6647
65048,2016-08-26,04:12:00,97,1,1057
65049,2016-08-26,04:19:00,129,1,2352
65050,2016-08-26,04:34:00,227,2,8360
65051,2016-08-26,04:37:00,268,3,6131
65052,2016-08-26,04:54:00,55,4,8669
65053,2016-08-26,04:58:00,237,2,1694
65054,2016-08-26,05:01:00,415,4,4546
65055,2016-08-26,05:07:00,324,1,11977
65056,2016-08-26,05:08:00,194,2,2083
65057,2016-08-26,05:19:00,72,3,5353
65058,2016-08-26,05:19:00,309,2,6771
65059,2016-08-26,05:27:00,98,1,2787
65060,2016-08-26,05:34:00,244,2,6043
65061,2016-08-26,05:37:00,352,1,10235
65062,2016-08-26,05:37:00,218,2,11267
65063,2016-08-26,05:38:00,241,3,9001
65064,2016-08-26,05:47:00,454,3,3454
65065,2016-08-26,05:52:00,446,3,7635
65066,2016-08-26,06:01:00,192,1,3479
65067,2016-08-26,06:03:00,325,4,4963
65068,2016-08-26,06:07:00,449,3,2740
65069,2016-08-26,06:10:00,299,2,8920
65070,2016-08-26,06:10:00,222,2,5252
65071,2016-08-26,06:13:00,129,2,3918
65072,2016-08-26,06:13:00,388,3,5679
65073,2016-08-26,06:17:00,146,1,8243
65074,2016-08-26,06:17:00,34,2,3111
65075,2016-08-26,06:18:00,132,5,214
65076,2016-08-26,06:18:00,117,1,10286
65077,2016-08-26,06:26:00,15,2,6994
65078,2016-08-26,06:31:00,431,1,8514
65079,2016-08-26,06:38:00,191,2,2360
65080,2016-08-26,06:40:00,263,2,3249
65081,2016-08-26,06:43:00,5,3,9527
65082,2016-08-26,06:48:00,255,3,4557
65083,2016-08-26,06:52:00,250,1,10980
65084,2016-08-26,06:53:00,391,3,6584
65085,2016-08-26,07:02:00,111,3,8887
65086,2016-08-26,07:09:00,298,1,10634
65087,2016-08-26,07:14:00,438,2,8404
65088,2016-08-26,07:14:00,321,1,7854
65089,2016-08-26,07:19:00,138,2,9630
65090,2016-08-26,07:30:00,32,1,5679
65091,2016-08-26,07:35:00,190,2,11736
65092,2016-08-26,07:36:00,398,4,3227
65093,2016-08-26,07:42:00,303,2,3218
65094,2016-08-26,07:50:00,99,2,2595
65095,2016-08-26,08:05:00,125,3,5037
65096,2016-08-26,08:12:00,237,1,4788
65097,2016-08-26,08:21:00,72,3,4570
65098,2016-08-26,08:25:00,223,1,2039
65099,2016-08-26,08:32:00,27,1,10090
65100,2016-08-26,08:43:00,211,3,11887
65101,2016-08-26,08:44:00,408,2,2108
65102,2016-08-26,08:48:00,422,1,11255
65103,2016-08-26,08:58:00,51,2,8330
65104,2016-08-26,09:00:00,103,3,1762
65105,2016-08-26,09:03:00,130,1,347
65106,2016-08-26,09:11:00,445,2,1727
65107,2016-08-26,09:15:00,385,1,1164
65108,2016-08-26,09:19:00,178,1,9153
65109,2016-08-26,09:20:00,156,1,6075
65110,2016-08-26,09:30:00,193,4,3657
65111,2016-08-26,09:32:00,317,3,6009
65112,2016-08-26,09:41:00,241,2,4775
65113,2016-08-26,09:42:00,182,1,11148
65114,2016-08-26,09:44:00,157,1,6092
65115,2016-08-26,09:52:00,273,2,5934
65116,2016-08-26,09:54:00,433,2,3067
65117,2016-08-26,09:56:00,440,1,4237
65118,2016-08-26,10:07:00,26,3,6650
65119,2016-08-26,10:10:00,36,2,9679
65120,2016-08-26,10:11:00,263,1,3570
65121,2016-08-26,10:19:00,314,2,2109
65122,2016-08-26,10:21:00,175,1,6487
65123,2016-08-26,10:27:00,205,2,10943
65124,2016-08-26,10:28:00,430,1,3890
65125,2016-08-26,10:40:00,445,2,11586
65126,2016-08-26,10:41:00,45,1,9790
65127,2016-08-26,10:54:00,323,2,3268
65128,2016-08-26,11:02:00,257,1,699
65129,2016-08-26,11:08:00,132,1,3483
65130,2016-08-26,11:28:00,131,1,9611
65131,2016-08-26,11:37:00,39,2,5592
65132,2016-08-26,11:38:00,203,2,2126
65133,2016-08-26,11:46:00,189,1,4286
65134,2016-08-26,11:49:00,72,1,8777
65135,2016-08-26,11:49:00,401,1,4291
65136,2016-08-26,11:50:00,46,4,529
65137,2016-08-26,12:12:00,11,4,6750
65138,2016-08-26,12:14:00,306,3,2953
65139,2016-08-26,12:17:00,52,1,11823
65140,2016-08-26,12:23:00,133,2,6112
65141,2016-08-26,12:27:00,372,3,9457
65142,2016-08-26,12:39:00,327,1,4251
65143,2016-08-26,12:40:00,37,4,2173
65144,2016-08-26,12:53:00,395,1,5359
65145,2016-08-26,12:59:00,191,3,10612
65146,2016-08-26,12:59:00,293,2,6257
65147,2016-08-26,13:02:00,242,1,4476
65148,2016-08-26,13:03:00,387,2,5172
65149,2016-08-26,13:11:00,79,3,9861
65150,2016-08-26,13:16:00,416,2,7765
65151,2016-08-26,13:17:00,117,1,8885
65152,2016-08-26,13:26:00,165,2,5052
65153,2016-08-26,13:27:00,196,1,6869
65154,2016-08-26,13:28:00,227,1,4087
65155,2016-08-26,13:43:00,412,1,8407
65156,2016-08-26,13:44:00,204,1,279
65157,2016-08-26,13:48:00,418,2,3522
65158,2016-08-26,13:48:00,100,2,6616
65159,2016-08-26,13:54:00,330,1,4155
65160,2016-08-26,14:01:00,195,2,1225
65161,2016-08-26,14:02:00,402,2,2656
65162,2016-08-26,14:04:00,265,2,3863
65163,2016-08-26,14:04:00,389,2,6322
65164,2016-08-26,14:08:00,177,1,128
65165,2016-08-26,14:16:00,128,1,7112
65166,2016-08-26,14:16:00,147,1,999
65167,2016-08-26,14:18:00,95,2,2129
65168,2016-08-26,14:19:00,435,4,5010
65169,2016-08-26,14:20:00,387,2,4281
65170,2016-08-26,14:24:00,442,1,8118
65171,2016-08-26,14:38:00,111,1,3396
65172,2016-08-26,14:42:00,170,3,1752
65173,2016-08-26,14:46:00,81,2,8002
65174,2016-08-26,14:47:00,254,4,6178
65175,2016-08-26,14:54:00,452,2,10284
65176,2016-08-26,14:59:00,85,2,7860
65177,2016-08-26,14:59:00,293,1,433
65178,2016-08-26,15:01:00,337,1,4615
65179,2016-08-26,15:07:00,338,1,6571
65180,2016-08-26,15:07:00,327,1,4337
65181,2016-08-26,15:10:00,153,2,7051
65182,2016-08-26,15:37:00,161,1,4272
65183,2016-08-26,15:45:00,119,2,6991
65184,2016-08-26,15:51:00,252,2,2167
65185,2016-08-26,15:55:00,102,1,813
65186,2016-08-26,16:00:00,417,1,5539
65187,2016-08-26,16:02:00,189,3,8154
65188,2016-08-26,16:05:00,185,3,5450
65189,2016-08-26,16:16:00,241,1,2810
65190,2016-08-26,16:21:00,203,1,6003
65191,2016-08-26,16:21:00,165,2,4022
65192,2016-08-26,16:39:00,395,2,5619
65193,2016-08-26,16:41:00,63,2,7736
65194,2016-08-26,16:48:00,217,2,11419
65195,2016-08-26,16:53:00,36,1,9650
65196,2016-08-26,16:56:00,136,2,6944
65197,2016-08-26,17:03:00,312,1,11382
65198,2016-08-26,17:03:00,339,2,7644
65199,2016-08-26,17:04:00,326,2,10830
65200,2016-08-26,17:17:00,97,2,11291
65201,2016-08-26,17:24:00,295,1,5144
65202,2016-08-26,17:44:00,71,1,10842
65203,2016-08-26,17:54:00,119,2,3234
65204,2016-08-26,17:55:00,80,3,6868
65205,2016-08-26,17:56:00,431,2,1216
65206,2016-08-26,18:16:00,126,1,10656
65207,2016-08-26,18:21:00,160,1,9784
65208,2016-08-26,18:26:00,391,2,7021
65209,2016-08-26,18:29:00,277,1,9422
65210,2016-08-26,18:33:00,278,2,752
65211,2016-08-26,18:34:00,82,3,8912
65212,2016-08-26,18:34:00,255,2,1557
65213,2016-08-26,18:36:00,199,2,4834
65214,2016-08-26,18:39:00,132,3,2409
65215,2016-08-26,18:41:00,268,2,9295
65216,2016-08-26,18:42:00,111,1,1380
65217,2016-08-26,18:55:00,148,1,1148
65218,2016-08-26,18:59:00,400,2,4310
65219,2016-08-26,19:02:00,395,1,3767
65220,2016-08-26,19:03:00,362,2,9670
65221,2016-08-26,19:08:00,36,2,7962
65222,2016-08-26,19:13:00,171,4,7683
65223,2016-08-26,19:17:00,302,2,4216
65224,2016-08-26,19:19:00,367,1,4098
65225,2016-08-26,19:19:00,47,2,9032
65226,2016-08-26,19:26:00,143,1,1336
65227,2016-08-26,19:27:00,388,2,3206
65228,2016-08-26,19:30:00,239,3,5473
65229,2016-08-26,19:30:00,102,1,7819
65230,2016-08-26,19:33:00,330,3,1946
65231,2016-08-26,19:37:00,164,1,11926
65232,2016-08-26,19:49:00,419,3,9177
65233,2016-08-26,20:12:00,7,2,1257
65234,2016-08-26,20:18:00,181,3,9446
65235,2016-08-26,20:34:00,33,2,141
65236,2016-08-26,20:39:00,346,1,9347
65237,2016-08-26,21:06:00,234,1,10865
65238,2016-08-26,21:10:00,85,2,7561
65239,2016-08-26,21:14:00,451,2,6930
65240,2016-08-26,21:22:00,434,1,10125
65241,2016-08-26,21:22:00,177,2,1198
65242,2016-08-26,21:28:00,263,1,8821
65243,2016-08-26,21:30:00,25,2,7568
65244,2016-08-26,21:31:00,440,3,3487
65245,2016-08-26,21:35:00,360,2,4677
65246,2016-08-26,21:52:00,395,3,4800
65247,2016-08-26,21:55:00,381,3,9787
65248,2016-08-26,22:07:00,109,2,3884
65249,2016-08-26,22:13:00,89,1,7865
65250,2016-08-26,22:15:00,409,3,6562
65251,2016-08-26,22:21:00,356,2,11677
65252,2016-08-26,22:28:00,59,1,1264
65253,2016-08-26,22:31:00,152,3,2566
65254,2016-08-26,22:34:00,227,2,10727
65255,2016-08-26,22:38:00,33,1,1646
65256,2016-08-26,22:42:00,259,3,8097
65257,2016-08-26,22:43:00,199,4,2793
65258,2016-08-26,22:45:00,311,3,2391
65259,2016-08-26,22:46:00,371,1,9501
65260,2016-08-26,22:49:00,113,1,8669
65261,2016-08-26,22:54:00,371,2,54
65262,2016-08-26,22:55:00,23,2,3886
65263,2016-08-26,22:55:00,276,1,9849
65264,2016-08-26,23:02:00,10,4,6712
65265,2016-08-26,23:11:00,364,1,10052
65266,2016-08-26,23:16:00,439,2,4614
65267,2016-08-26,23:17:00,143,2,5924
65268,2016-08-26,23:20:00,142,2,8252
65269,2016-08-26,23:32:00,245,2,10993
65270,2016-08-26,23:35:00,425,5,3974
65271,2016-08-26,23:54:00,370,3,3883
65272,2016-08-26,23:57:00,341,4,6416
65273,2016-08-27,00:05:00,184,1,10622
65274,2016-08-27,00:14:00,237,4,819
65275,2016-08-27,00:20:00,414,1,953
65276,2016-08-27,00:26:00,235,2,5470
65277,2016-08-27,00:28:00,194,1,5605
65278,2016-08-27,00:31:00,2,3,5977
65279,2016-08-27,00:34:00,20,4,7327
65280,2016-08-27,00:38:00,357,4,7717
65281,2016-08-27,00:39:00,390,1,3016
65282,2016-08-27,00:40:00,405,2,1684
65283,2016-08-27,00:44:00,51,1,3665
65284,2016-08-27,00:52:00,127,1,9806
65285,2016-08-27,00:54:00,203,1,6879
65286,2016-08-27,01:02:00,3,1,9146
65287,2016-08-27,01:07:00,304,2,902
65288,2016-08-27,01:08:00,50,3,1832
65289,2016-08-27,01:13:00,308,3,10475
65290,2016-08-27,01:13:00,397,2,22
65291,2016-08-27,01:19:00,430,2,7039
65292,2016-08-27,01:22:00,233,3,6709
65293,2016-08-27,01:26:00,2,3,5577
65294,2016-08-27,01:31:00,272,1,1205
65295,2016-08-27,01:36:00,262,3,5207
65296,2016-08-27,01:43:00,425,1,1656
65297,2016-08-27,01:44:00,182,1,1246
65298,2016-08-27,01:44:00,265,2,8244
65299,2016-08-27,01:47:00,351,1,8396
65300,2016-08-27,01:49:00,221,2,1674
65301,2016-08-27,01:50:00,5,1,1286
65302,2016-08-27,02:05:00,274,3,11075
65303,2016-08-27,02:08:00,6,2,5231
65304,2016-08-27,02:16:00,192,2,10805
65305,2016-08-27,02:16:00,368,2,273
65306,2016-08-27,02:21:00,20,5,5851
65307,2016-08-27,02:31:00,358,2,9927
65308,2016-08-27,02:33:00,27,2,1795
65309,2016-08-27,02:37:00,384,1,2368
65310,2016-08-27,02:43:00,300,2,7110
65311,2016-08-27,02:44:00,176,3,7758
65312,2016-08-27,02:46:00,50,2,8261
65313,2016-08-27,03:03:00,178,2,10805
65314,2016-08-27,03:10:00,43,1,4228
65315,2016-08-27,03:28:00,357,2,8983
65316,2016-08-27,03:44:00,47,1,5270
65317,2016-08-27,03:46:00,199,1,1737
65318,2016-08-27,03:48:00,123,1,10041
65319,2016-08-27,03:51:00,376,2,11027
65320,2016-08-27,04:11:00,413,1,4273
65321,2016-08-27,04:17:00,205,3,3942
65322,2016-08-27,04:30:00,219,3,601
65323,2016-08-27,04:42:00,152,1,10322
65324,2016-08-27,04:44:00,248,2,10484
65325,2016-08-27,04:45:00,434,2,260
65326,2016-08-27,04:45:00,449,1,9590
65327,2016-08-27,04:49:00,321,3,3231
65328,2016-08-27,04:50:00,351,3,4940
65329,2016-08-27,04:57:00,353,1,7766
65330,2016-08-27,05:05:00,334,2,2350
65331,2016-08-27,05:05:00,153,3,9364
65332,2016-08-27,05:06:00,418,1,9032
65333,2016-08-27,05:08:00,265,2,11430
65334,2016-08-27,05:14:00,210,1,1049
65335,2016-08-27,05:26:00,60,2,2743
65336,2016-08-27,05:28:00,425,1,4296
65337,2016-08-27,05:29:00,337,1,1752
65338,2016-08-27,05:48:00,365,4,8207
65339,2016-08-27,05:51:00,374,4,9882
65340,2016-08-27,05:56:00,216,4,9368
65341,2016-08-27,06:04:00,126,1,5979
65342,2016-08-27,06:05:00,356,1,9183
65343,2016-08-27,06:05:00,95,2,8921
65344,2016-08-27,06:24:00,82,3,7013
65345,2016-08-27,06:28:00,410,3,11602
65346,2016-08-27,06:35:00,177,1,3262
65347,2016-08-27,06:40:00,385,3,4448
65348,2016-08-27,06:44:00,448,1,9312
65349,2016-08-27,06:46:00,340,2,1996
65350,2016-08-27,06:50:00,275,2,6586
65351,2016-08-27,06:56:00,22,1,5715
65352,2016-08-27,07:00:00,375,2,7332
65353,2016-08-27,07:06:00,144,2,7496
65354,2016-08-27,07:11:00,287,2,7072
65355,2016-08-27,07:15:00,243,5,1069
65356,2016-08-27,07:19:00,62,4,4464
65357,2016-08-27,07:20:00,445,2,367
65358,2016-08-27,07:20:00,13,2,8233
65359,2016-08-27,07:23:00,32,1,5461
65360,2016-08-27,07:27:00,396,1,4198
65361,2016-08-27,07:42:00,63,2,5487
65362,2016-08-27,07:43:00,213,1,2266
65363,2016-08-27,07:47:00,453,1,5068
65364,2016-08-27,07:48:00,82,1,1937
65365,2016-08-27,07:48:00,62,1,10757
65366,2016-08-27,07:54:00,269,5,2172
65367,2016-08-27,07:55:00,285,1,6025
65368,2016-08-27,07:57:00,108,2,4165
65369,2016-08-27,08:00:00,149,2,5805
65370,2016-08-27,08:05:00,124,1,4785
65371,2016-08-27,08:06:00,8,3,319
65372,2016-08-27,08:08:00,53,3,379
65373,2016-08-27,08:09:00,311,1,3853
65374,2016-08-27,08:11:00,410,2,9088
65375,2016-08-27,08:13:00,404,3,1534
65376,2016-08-27,08:22:00,104,3,776
65377,2016-08-27,08:24:00,191,2,11316
65378,2016-08-27,08:31:00,43,1,10383
65379,2016-08-27,08:32:00,132,2,8589
65380,2016-08-27,08:34:00,237,3,4028
65381,2016-08-27,08:37:00,343,1,11505
65382,2016-08-27,08:38:00,270,1,1597
65383,2016-08-27,08:40:00,334,2,1091
65384,2016-08-27,08:41:00,4,2,5637
65385,2016-08-27,08:44:00,240,3,9430
65386,2016-08-27,09:01:00,231,1,7804
65387,2016-08-27,09:02:00,323,3,9354
65388,2016-08-27,09:03:00,321,1,775
65389,2016-08-27,09:07:00,31,2,5831
65390,2016-08-27,09:08:00,455,2,2766
65391,2016-08-27,09:17:00,423,1,2171
65392,2016-08-27,09:23:00,114,2,8747
65393,2016-08-27,09:30:00,221,2,8187
65394,2016-08-27,09:39:00,255,1,5037
65395,2016-08-27,09:41:00,324,3,3273
65396,2016-08-27,09:43:00,111,2,4609
65397,2016-08-27,09:47:00,398,1,7098
65398,2016-08-27,10:12:00,363,1,3315
65399,2016-08-27,10:14:00,280,2,5828
65400,2016-08-27,10:31:00,61,2,2837
65401,2016-08-27,10:39:00,180,1,7275
65402,2016-08-27,10:47:00,72,3,10419
65403,2016-08-27,10:49:00,396,2,5536
65404,2016-08-27,10:53:00,221,4,4575
65405,2016-08-27,11:01:00,166,2,5782
65406,2016-08-27,11:06:00,168,1,2830
65407,2016-08-27,11:12:00,326,2,250
65408,2016-08-27,11:23:00,371,2,681
65409,2016-08-27,11:25:00,116,3,397
65410,2016-08-27,11:31:00,45,1,2981
65411,2016-08-27,11:44:00,168,1,5351
65412,2016-08-27,11:48:00,333,1,6960
65413,2016-08-27,11:50:00,393,2,10097
65414,2016-08-27,11:52:00,179,3,3019
65415,2016-08-27,11:52:00,231,2,5563
65416,2016-08-27,12:08:00,14,2,10173
65417,2016-08-27,12:09:00,234,1,10725
65418,2016-08-27,12:14:00,73,2,3020
65419,2016-08-27,12:28:00,394,1,10463
65420,2016-08-27,12:29:00,218,2,8154
65421,2016-08-27,12:33:00,348,1,1871
65422,2016-08-27,12:33:00,179,2,2759
65423,2016-08-27,12:40:00,57,2,11563
65424,2016-08-27,12:43:00,71,1,6866
65425,2016-08-27,12:48:00,365,1,4108
65426,2016-08-27,12:49:00,347,2,11595
65427,2016-08-27,12:55:00,148,3,7147
65428,2016-08-27,13:01:00,235,2,5596
65429,2016-08-27,13:13:00,136,2,8449
65430,2016-08-27,13:14:00,314,2,6786
65431,2016-08-27,13:15:00,39,3,10475
65432,2016-08-27,13:32:00,286,1,8453
65433,2016-08-27,13:35:00,407,4,7440
65434,2016-08-27,13:49:00,365,1,8889
65435,2016-08-27,13:49:00,52,2,5730
65436,2016-08-27,13:52:00,98,2,9957
65437,2016-08-27,13:56:00,59,3,10688
65438,2016-08-27,14:01:00,200,3,5139
65439,2016-08-27,14:06:00,10,2,1820
65440,2016-08-27,14:06:00,232,3,6489
65441,2016-08-27,14:06:00,61,4,3030
65442,2016-08-27,14:08:00,139,3,8195
65443,2016-08-27,14:23:00,16,4,92
65444,2016-08-27,14:25:00,332,1,4103
65445,2016-08-27,14:26:00,21,2,6819
65446,2016-08-27,14:30:00,15,2,11752
65447,2016-08-27,14:30:00,175,2,7578
65448,2016-08-27,14:35:00,230,1,10172
65449,2016-08-27,14:37:00,301,3,6062
65450,2016-08-27,14:40:00,138,3,1988
65451,2016-08-27,14:41:00,320,3,9056
65452,2016-08-27,14:44:00,137,3,3593
65453,2016-08-27,14:49:00,31,1,9923
65454,2016-08-27,14:54:00,328,2,10293
65455,2016-08-27,14:58:00,384,2,4005
65456,2016-08-27,15:00:00,86,3,2831
65457,2016-08-27,15:05:00,294,1,4353
65458,2016-08-27,15:06:00,102,2,7827
65459,2016-08-27,15:07:00,421,2,5408
65460,2016-08-27,15:10:00,151,3,732
65461,2016-08-27,15:11:00,120,1,11382
65462,2016-08-27,15:13:00,446,2,10825
65463,2016-08-27,15:27:00,203,3,4575
65464,2016-08-27,15:34:00,299,1,4201
65465,2016-08-27,15:38:00,182,2,4243
65466,2016-08-27,15:44:00,140,4,647
65467,2016-08-27,15:48:00,411,2,8669
65468,2016-08-27,15:50:00,293,1,7326
65469,2016-08-27,16:13:00,164,2,9137
65470,2016-08-27,16:14:00,222,3,7731
65471,2016-08-27,16:23:00,439,1,2147
65472,2016-08-27,16:28:00,73,3,4415
65473,2016-08-27,16:35:00,394,2,639
65474,2016-08-27,16:37:00,293,1,3189
65475,2016-08-27,16:45:00,369,2,5144
65476,2016-08-27,16:47:00,42,1,2664
65477,2016-08-27,16:48:00,456,1,4871
65478,2016-08-27,16:52:00,23,1,10734
65479,2016-08-27,16:53:00,314,1,8465
65480,2016-08-27,16:57:00,405,1,7094
65481,2016-08-27,17:02:00,402,1,8977
65482,2016-08-27,17:04:00,364,2,398
65483,2016-08-27,17:11:00,324,2,10801
65484,2016-08-27,17:15:00,189,2,10256
65485,2016-08-27,17:19:00,348,1,2543
65486,2016-08-27,17:23:00,116,2,11245
65487,2016-08-27,17:25:00,318,2,1864
65488,2016-08-27,17:33:00,217,1,4891
65489,2016-08-27,17:36:00,347,4,11589
65490,2016-08-27,17:43:00,363,1,9914
65491,2016-08-27,17:49:00,102,2,6453
65492,2016-08-27,17:49:00,58,3,7613
65493,2016-08-27,17:50:00,195,1,3641
65494,2016-08-27,17:54:00,106,1,3052
65495,2016-08-27,17:58:00,195,2,7798
65496,2016-08-27,18:03:00,207,3,8414
65497,2016-08-27,18:03:00,100,3,9353
65498,2016-08-27,18:12:00,390,2,6640
65499,2016-08-27,18:13:00,123,1,7413
65500,2016-08-27,18:22:00,416,4,2654
65501,2016-08-27,18:27:00,253,1,1291
65502,2016-08-27,18:32:00,310,3,7655
65503,2016-08-27,18:34:00,229,1,6110
65504,2016-08-27,18:35:00,372,1,10240
65505,2016-08-27,18:38:00,228,1,1974
65506,2016-08-27,18:45:00,415,1,9108
65507,2016-08-27,18:56:00,198,2,1343
65508,2016-08-27,19:06:00,4,4,2344
65509,2016-08-27,19:08:00,413,1,9033
65510,2016-08-27,19:11:00,323,1,4671
65511,2016-08-27,19:11:00,61,1,7208
65512,2016-08-27,19:20:00,384,1,3337
65513,2016-08-27,19:23:00,265,2,960
65514,2016-08-27,19:28:00,397,2,2960
65515,2016-08-27,19:28:00,124,3,9975
65516,2016-08-27,19:31:00,270,2,4338
65517,2016-08-27,19:44:00,5,1,4673
65518,2016-08-27,19:53:00,424,3,8377
65519,2016-08-27,19:58:00,326,3,9751
65520,2016-08-27,20:01:00,422,3,326
65521,2016-08-27,20:06:00,379,1,2182
65522,2016-08-27,20:11:00,161,3,379
65523,2016-08-27,20:14:00,19,2,6141
65524,2016-08-27,20:15:00,26,2,2138
65525,2016-08-27,20:18:00,379,4,7902
65526,2016-08-27,20:31:00,176,2,10376
65527,2016-08-27,20:32:00,378,1,8197
65528,2016-08-27,20:34:00,428,2,7640
65529,2016-08-27,20:37:00,452,3,1599
65530,2016-08-27,20:38:00,57,3,5308
65531,2016-08-27,20:41:00,419,4,1846
65532,2016-08-27,20:43:00,5,2,1901
65533,2016-08-27,20:48:00,164,2,7917
65534,2016-08-27,20:52:00,231,1,2020
65535,2016-08-27,21:00:00,281,2,10805
65536,2016-08-27,21:08:00,53,1,1043
65537,2016-08-27,21:34:00,348,4,3406
65538,2016-08-27,21:35:00,178,3,8334
65539,2016-08-27,21:36:00,10,1,7925
65540,2016-08-27,21:37:00,45,1,7555
65541,2016-08-27,21:38:00,16,2,5833
65542,2016-08-27,21:43:00,128,2,172
65543,2016-08-27,21:46:00,305,3,11335
65544,2016-08-27,21:46:00,280,3,9699
65545,2016-08-27,21:51:00,67,2,101
65546,2016-08-27,22:05:00,268,3,2212
65547,2016-08-27,22:06:00,433,2,3031
65548,2016-08-27,22:17:00,174,3,10998
65549,2016-08-27,22:18:00,357,2,11833
65550,2016-08-27,22:19:00,318,1,8100
65551,2016-08-27,22:19:00,305,1,10304
65552,2016-08-27,22:19:00,106,2,6761
65553,2016-08-27,22:22:00,383,1,222
65554,2016-08-27,22:32:00,410,1,546
65555,2016-08-27,22:34:00,172,1,1106
65556,2016-08-27,22:42:00,250,2,7482
65557,2016-08-27,22:44:00,453,1,2487
65558,2016-08-27,22:45:00,430,2,4958
65559,2016-08-27,22:52:00,435,3,9450
65560,2016-08-27,22:58:00,282,2,2868
65561,2016-08-27,23:01:00,120,2,7775
65562,2016-08-27,23:01:00,248,3,5487
65563,2016-08-27,23:05:00,174,2,8425
65564,2016-08-27,23:06:00,9,1,6231
65565,2016-08-27,23:10:00,133,3,358
65566,2016-08-27,23:20:00,107,3,10412
65567,2016-08-27,23:27:00,448,2,6652
65568,2016-08-27,23:30:00,60,1,7589
65569,2016-08-27,23:35:00,428,3,1917
65570,2016-08-27,23:43:00,115,1,5753
65571,2016-08-27,23:44:00,189,1,10924
65572,2016-08-27,23:49:00,138,2,2172
65573,2016-08-27,23:49:00,247,1,11440
65574,2016-08-27,23:57:00,458,1,1022
65575,2016-08-27,23:57:00,220,2,8516
65576,2016-08-28,00:00:00,334,1,11284
65577,2016-08-28,00:03:00,247,2,8582
65578,2016-08-28,00:11:00,319,1,4407
65579,2016-08-28,00:15:00,450,1,6628
65580,2016-08-28,00:25:00,251,1,6883
65581,2016-08-28,00:29:00,8,2,2494
65582,2016-08-28,00:30:00,401,3,3219
65583,2016-08-28,00:32:00,42,1,4191
65584,2016-08-28,00:32:00,422,1,7605
65585,2016-08-28,00:32:00,13,2,9363
65586,2016-08-28,00:36:00,327,2,7619
65587,2016-08-28,00:46:00,53,2,9956
65588,2016-08-28,00:46:00,394,1,931
65589,2016-08-28,00:52:00,247,1,4436
65590,2016-08-28,00:54:00,46,2,7981
65591,2016-08-28,00:56:00,149,2,2921
65592,2016-08-28,01:08:00,371,2,3038
65593,2016-08-28,01:11:00,40,1,573
65594,2016-08-28,01:15:00,112,1,3499
65595,2016-08-28,01:28:00,128,1,7130
65596,2016-08-28,01:30:00,136,2,724
65597,2016-08-28,01:37:00,244,2,4693
65598,2016-08-28,01:38:00,350,3,820
65599,2016-08-28,01:38:00,331,1,1733
65600,2016-08-28,01:48:00,364,3,8990
65601,2016-08-28,01:51:00,237,3,2821
65602,2016-08-28,01:54:00,32,2,9583
65603,2016-08-28,01:58:00,300,1,3674
65604,2016-08-28,02:03:00,18,2,7680
65605,2016-08-28,02:08:00,71,1,476
65606,2016-08-28,02:13:00,239,1,2260
65607,2016-08-28,02:19:00,182,1,11563
65608,2016-08-28,02:25:00,98,2,11703
65609,2016-08-28,02:26:00,204,3,94
65610,2016-08-28,02:26:00,258,2,6396
65611,2016-08-28,02:28:00,80,1,7773
65612,2016-08-28,02:33:00,171,1,7949
65613,2016-08-28,02:40:00,397,3,4097
65614,2016-08-28,02:57:00,416,2,8709
65615,2016-08-28,03:00:00,267,2,7748
65616,2016-08-28,03:04:00,230,4,1171
65617,2016-08-28,03:10:00,265,3,10155
65618,2016-08-28,03:11:00,47,1,6265
65619,2016-08-28,03:19:00,145,3,91
65620,2016-08-28,03:19:00,456,2,10560
65621,2016-08-28,03:33:00,19,1,4574
65622,2016-08-28,03:34:00,449,1,1063
65623,2016-08-28,03:43:00,189,3,7575
65624,2016-08-28,03:45:00,154,1,6527
65625,2016-08-28,03:47:00,345,2,11643
65626,2016-08-28,03:48:00,68,3,3307
65627,2016-08-28,03:50:00,91,2,11807
65628,2016-08-28,03:52:00,52,1,10740
65629,2016-08-28,04:09:00,166,2,11821
65630,2016-08-28,04:22:00,127,3,11843
65631,2016-08-28,04:25:00,265,3,11296
65632,2016-08-28,04:25:00,128,1,4699
65633,2016-08-28,04:26:00,309,3,11495
65634,2016-08-28,04:27:00,148,1,4411
65635,2016-08-28,04:36:00,324,2,5500
65636,2016-08-28,04:42:00,115,2,8536
65637,2016-08-28,05:04:00,396,3,9314
65638,2016-08-28,05:12:00,88,1,9296
65639,2016-08-28,05:15:00,356,1,11648
65640,2016-08-28,05:22:00,96,1,7130
65641,2016-08-28,05:31:00,179,2,9925
65642,2016-08-28,05:31:00,163,2,8207
65643,2016-08-28,05:38:00,438,1,7332
65644,2016-08-28,05:39:00,42,3,4483
65645,2016-08-28,05:39:00,360,1,4096
65646,2016-08-28,05:40:00,346,2,5561
65647,2016-08-28,05:46:00,242,1,773
65648,2016-08-28,05:56:00,289,4,10980
65649,2016-08-28,05:59:00,45,2,10116
65650,2016-08-28,06:01:00,199,1,6854
65651,2016-08-28,06:17:00,373,3,8173
65652,2016-08-28,06:43:00,295,3,3794
65653,2016-08-28,06:47:00,43,2,6423
65654,2016-08-28,06:51:00,384,2,4083
65655,2016-08-28,06:52:00,157,4,8255
65656,2016-08-28,06:53:00,260,1,5628
65657,2016-08-28,07:03:00,34,3,7154
65658,2016-08-28,07:07:00,349,3,8389
65659,2016-08-28,07:09:00,339,2,9225
65660,2016-08-28,07:25:00,364,1,235
65661,2016-08-28,07:26:00,331,4,4553
65662,2016-08-28,07:28:00,143,3,10405
65663,2016-08-28,07:29:00,322,1,11743
65664,2016-08-28,07:30:00,232,1,9884
65665,2016-08-28,07:37:00,179,1,8348
65666,2016-08-28,07:50:00,350,2,3492
65667,2016-08-28,07:57:00,40,2,8494
65668,2016-08-28,07:58:00,212,1,4917
65669,2016-08-28,08:02:00,328,1,2011
65670,2016-08-28,08:05:00,61,1,5291
65671,2016-08-28,08:07:00,311,3,10819
65672,2016-08-28,08:09:00,27,1,2437
65673,2016-08-28,08:13:00,176,1,11972
65674,2016-08-28,08:15:00,45,2,3287
65675,2016-08-28,08:18:00,192,4,7639
65676,2016-08-28,08:28:00,58,2,11325
65677,2016-08-28,08:33:00,29,2,10375
65678,2016-08-28,08:38:00,438,2,2753
65679,2016-08-28,08:38:00,247,2,10705
65680,2016-08-28,08:40:00,275,2,3164
65681,2016-08-28,08:43:00,390,2,2875
65682,2016-08-28,08:47:00,29,2,8108
65683,2016-08-28,08:49:00,81,1,10321
65684,2016-08-28,08:54:00,167,2,4162
65685,2016-08-28,08:54:00,68,1,5696
65686,2016-08-28,08:55:00,387,5,11032
65687,2016-08-28,09:03:00,268,1,1016
65688,2016-08-28,09:09:00,237,1,7882
65689,2016-08-28,09:17:00,431,1,11439
65690,2016-08-28,09:30:00,77,2,8023
65691,2016-08-28,09:35:00,184,6,137
65692,2016-08-28,09:36:00,412,3,11513
65693,2016-08-28,09:38:00,135,2,9997
65694,2016-08-28,09:42:00,129,1,10671
65695,2016-08-28,09:44:00,69,2,9293
65696,2016-08-28,09:46:00,441,1,4014
65697,2016-08-28,09:48:00,241,2,4913
65698,2016-08-28,09:53:00,329,1,11698
65699,2016-08-28,09:53:00,12,1,732
65700,2016-08-28,09:54:00,220,3,2992
65701,2016-08-28,09:56:00,414,1,7923
65702,2016-08-28,10:01:00,147,1,5333
65703,2016-08-28,10:10:00,440,3,2441
65704,2016-08-28,10:11:00,327,2,10583
65705,2016-08-28,10:14:00,371,1,8183
65706,2016-08-28,10:19:00,329,3,11073
65707,2016-08-28,10:26:00,64,2,2211
65708,2016-08-28,10:30:00,213,2,10347
65709,2016-08-28,10:33:00,26,4,6504
65710,2016-08-28,10:39:00,298,2,11482
65711,2016-08-28,10:40:00,116,2,11933
65712,2016-08-28,10:51:00,429,3,2428
65713,2016-08-28,10:56:00,34,1,2925
65714,2016-08-28,11:04:00,301,2,2551
65715,2016-08-28,11:05:00,440,2,11763
65716,2016-08-28,11:08:00,231,2,11556
65717,2016-08-28,11:09:00,166,1,8382
65718,2016-08-28,11:20:00,293,1,3740
65719,2016-08-28,11:27:00,177,2,9502
65720,2016-08-28,11:30:00,54,1,789
65721,2016-08-28,11:32:00,365,2,8642
65722,2016-08-28,11:35:00,240,2,1161
65723,2016-08-28,11:49:00,367,1,4738
65724,2016-08-28,11:54:00,117,2,5191
65725,2016-08-28,11:56:00,350,1,3238
65726,2016-08-28,12:01:00,379,1,953
65727,2016-08-28,12:09:00,301,1,5561
65728,2016-08-28,12:11:00,71,3,8633
65729,2016-08-28,12:18:00,209,1,4677
65730,2016-08-28,12:21:00,366,1,466
65731,2016-08-28,12:24:00,305,2,10838
65732,2016-08-28,12:32:00,134,2,9544
65733,2016-08-28,12:32:00,342,1,6924
65734,2016-08-28,12:45:00,37,2,11421
65735,2016-08-28,12:46:00,225,3,1364
65736,2016-08-28,12:48:00,297,1,5889
65737,2016-08-28,12:48:00,373,2,6273
65738,2016-08-28,12:50:00,35,2,10906
65739,2016-08-28,12:53:00,35,3,9018
65740,2016-08-28,12:54:00,374,3,7046
65741,2016-08-28,13:12:00,343,2,1315
65742,2016-08-28,13:17:00,30,3,3282
65743,2016-08-28,13:31:00,369,2,5509
65744,2016-08-28,13:52:00,85,3,5939
65745,2016-08-28,14:01:00,410,2,10614
65746,2016-08-28,14:02:00,407,2,193
65747,2016-08-28,14:08:00,450,1,4573
65748,2016-08-28,14:12:00,325,3,3710
65749,2016-08-28,14:17:00,125,1,7946
65750,2016-08-28,14:32:00,411,1,5062
65751,2016-08-28,14:33:00,305,1,4611
65752,2016-08-28,14:36:00,376,4,9997
65753,2016-08-28,14:57:00,394,2,4242
65754,2016-08-28,14:59:00,225,2,4457
65755,2016-08-28,15:02:00,417,4,2964
65756,2016-08-28,15:14:00,113,4,9549
65757,2016-08-28,15:19:00,64,3,9552
65758,2016-08-28,15:19:00,259,1,6466
65759,2016-08-28,15:27:00,114,2,5716
65760,2016-08-28,15:28:00,83,2,2598
65761,2016-08-28,15:31:00,129,2,11261
65762,2016-08-28,15:35:00,454,2,9294
65763,2016-08-28,15:39:00,85,1,11184
65764,2016-08-28,15:58:00,424,2,3049
65765,2016-08-28,16:00:00,246,5,4387
65766,2016-08-28,16:01:00,316,5,9918
65767,2016-08-28,16:28:00,316,3,9697
65768,2016-08-28,16:51:00,61,1,11300
65769,2016-08-28,16:53:00,448,1,2199
65770,2016-08-28,16:53:00,47,2,7205
65771,2016-08-28,17:10:00,417,2,10592
65772,2016-08-28,17:22:00,3,1,5259
65773,2016-08-28,17:36:00,251,1,9247
65774,2016-08-28,17:37:00,124,1,4864
65775,2016-08-28,17:48:00,84,2,9243
65776,2016-08-28,17:50:00,144,2,3212
65777,2016-08-28,17:51:00,57,2,10167
65778,2016-08-28,17:58:00,9,3,11335
65779,2016-08-28,17:59:00,208,1,4083
65780,2016-08-28,18:03:00,89,1,1263
65781,2016-08-28,18:04:00,153,1,6577
65782,2016-08-28,18:06:00,73,2,3007
65783,2016-08-28,18:22:00,213,3,2267
65784,2016-08-28,18:22:00,55,3,2894
65785,2016-08-28,18:33:00,245,2,11833
65786,2016-08-28,18:36:00,330,1,11791
65787,2016-08-28,18:39:00,18,2,8055
65788,2016-08-28,18:40:00,227,1,12000
65789,2016-08-28,18:40:00,118,2,9869
65790,2016-08-28,18:40:00,186,3,2060
65791,2016-08-28,18:43:00,148,2,11906
65792,2016-08-28,18:44:00,200,4,11142
65793,2016-08-28,18:45:00,214,3,3103
65794,2016-08-28,18:49:00,80,1,11927
65795,2016-08-28,18:54:00,294,3,8946
65796,2016-08-28,19:01:00,66,1,4272
65797,2016-08-28,19:08:00,424,1,9375
65798,2016-08-28,19:21:00,375,3,869
65799,2016-08-28,19:30:00,88,1,9783
65800,2016-08-28,19:38:00,164,1,402
65801,2016-08-28,19:45:00,329,1,2648
65802,2016-08-28,19:52:00,326,2,8201
65803,2016-08-28,19:53:00,35,1,1628
65804,2016-08-28,19:53:00,117,2,3871
65805,2016-08-28,20:00:00,175,1,10105
65806,2016-08-28,20:02:00,446,1,1420
65807,2016-08-28,20:05:00,241,2,4765
65808,2016-08-28,20:05:00,141,2,466
65809,2016-08-28,20:06:00,147,2,3668
65810,2016-08-28,20:07:00,33,2,10321
65811,2016-08-28,20:09:00,241,2,10458
65812,2016-08-28,20:14:00,369,2,2782
65813,2016-08-28,20:19:00,23,1,7408
65814,2016-08-28,20:21:00,158,2,7387
65815,2016-08-28,20:30:00,277,3,4730
65816,2016-08-28,20:36:00,109,2,11052
65817,2016-08-28,20:38:00,277,1,11468
65818,2016-08-28,20:44:00,15,2,5119
65819,2016-08-28,20:52:00,413,2,4861
65820,2016-08-28,20:54:00,74,1,2856
65821,2016-08-28,21:02:00,54,2,2859
65822,2016-08-28,21:09:00,29,3,4687
65823,2016-08-28,21:16:00,295,3,10621
65824,2016-08-28,21:55:00,28,3,4508
65825,2016-08-28,22:01:00,39,2,5288
65826,2016-08-28,22:11:00,211,2,11814
65827,2016-08-28,22:22:00,280,1,5792
65828,2016-08-28,22:32:00,458,1,10197
65829,2016-08-28,22:35:00,216,2,5510
65830,2016-08-28,22:36:00,283,2,6587
65831,2016-08-28,22:38:00,357,4,5510
65832,2016-08-28,22:39:00,11,2,9243
65833,2016-08-28,22:49:00,364,2,6861
65834,2016-08-28,23:14:00,311,3,1604
65835,2016-08-28,23:32:00,368,2,183
65836,2016-08-28,23:33:00,183,2,2614
65837,2016-08-28,23:33:00,435,2,11680
65838,2016-08-28,23:36:00,394,2,8513
65839,2016-08-28,23:40:00,48,1,1692
65840,2016-08-28,23:49:00,173,2,10077
65841,2016-08-28,23:58:00,122,2,8128
65842,2016-08-29,00:07:00,47,2,4068
65843,2016-08-29,00:15:00,315,1,784
65844,2016-08-29,00:16:00,452,1,900
65845,2016-08-29,00:16:00,278,1,8444
65846,2016-08-29,00:29:00,284,2,9043
65847,2016-08-29,00:33:00,99,3,1260
65848,2016-08-29,00:40:00,224,1,7421
65849,2016-08-29,00:55:00,35,2,5447
65850,2016-08-29,01:00:00,46,3,10165
65851,2016-08-29,01:05:00,431,1,4474
65852,2016-08-29,01:16:00,143,2,7777
65853,2016-08-29,01:28:00,338,2,10716
65854,2016-08-29,01:33:00,111,1,6924
65855,2016-08-29,01:42:00,220,2,7615
65856,2016-08-29,01:43:00,411,1,442
65857,2016-08-29,01:51:00,245,2,2265
65858,2016-08-29,02:01:00,12,2,5299
65859,2016-08-29,02:09:00,429,1,8569
65860,2016-08-29,02:11:00,279,1,1690
65861,2016-08-29,02:16:00,36,1,5286
65862,2016-08-29,02:19:00,417,3,8037
65863,2016-08-29,02:20:00,344,3,11088
65864,2016-08-29,02:26:00,272,1,3217
65865,2016-08-29,02:30:00,299,2,899
65866,2016-08-29,02:39:00,41,2,1738
65867,2016-08-29,02:40:00,235,2,7113
65868,2016-08-29,02:50:00,295,4,8885
65869,2016-08-29,02:52:00,338,1,9602
65870,2016-08-29,03:00:00,58,2,2645
65871,2016-08-29,03:01:00,316,1,9091
65872,2016-08-29,03:06:00,194,1,4191
65873,2016-08-29,03:08:00,424,1,3280
65874,2016-08-29,03:10:00,85,3,6492
65875,2016-08-29,03:16:00,391,2,2806
65876,2016-08-29,03:25:00,332,2,5908
65877,2016-08-29,03:28:00,27,1,9709
65878,2016-08-29,03:28:00,436,3,3883
65879,2016-08-29,03:30:00,125,2,11231
65880,2016-08-29,03:37:00,73,3,845
65881,2016-08-29,03:48:00,12,1,7504
65882,2016-08-29,04:10:00,140,1,3852
65883,2016-08-29,04:26:00,70,3,10854
65884,2016-08-29,04:26:00,8,2,10871
65885,2016-08-29,04:27:00,259,3,7266
65886,2016-08-29,04:39:00,350,2,10394
65887,2016-08-29,04:44:00,62,2,2472
65888,2016-08-29,04:52:00,454,2,435
65889,2016-08-29,05:00:00,138,3,5151
65890,2016-08-29,05:06:00,393,2,10550
65891,2016-08-29,05:12:00,268,1,6606
65892,2016-08-29,05:13:00,159,2,7520
65893,2016-08-29,05:14:00,299,2,10610
65894,2016-08-29,05:18:00,401,3,54
65895,2016-08-29,05:25:00,376,2,3314
65896,2016-08-29,05:35:00,240,2,9973
65897,2016-08-29,05:50:00,231,3,8000
65898,2016-08-29,05:51:00,385,1,4831
65899,2016-08-29,05:52:00,217,3,6034
65900,2016-08-29,05:54:00,130,1,6000
65901,2016-08-29,06:05:00,75,3,783
65902,2016-08-29,06:13:00,279,1,11605
65903,2016-08-29,06:13:00,124,3,3524
65904,2016-08-29,06:15:00,174,2,398
65905,2016-08-29,06:17:00,297,2,9997
65906,2016-08-29,06:19:00,409,2,10042
65907,2016-08-29,06:32:00,58,2,3336
65908,2016-08-29,06:45:00,381,3,1139
65909,2016-08-29,06:46:00,119,2,2624
65910,2016-08-29,06:46:00,116,2,1220
65911,2016-08-29,06:55:00,348,2,3920
65912,2016-08-29,06:59:00,211,1,3526
65913,2016-08-29,07:01:00,30,1,8193
65914,2016-08-29,07:02:00,114,2,1618
65915,2016-08-29,07:03:00,147,2,11427
65916,2016-08-29,07:05:00,272,2,9897
65917,2016-08-29,07:33:00,337,1,11447
65918,2016-08-29,07:33:00,207,2,11425
65919,2016-08-29,07:36:00,423,2,9096
65920,2016-08-29,07:37:00,181,2,2009
65921,2016-08-29,07:38:00,367,1,4736
65922,2016-08-29,07:43:00,393,2,7798
65923,2016-08-29,07:43:00,358,2,8796
65924,2016-08-29,07:44:00,56,2,2207
65925,2016-08-29,07:50:00,284,1,9322
65926,2016-08-29,07:54:00,14,2,7273
65927,2016-08-29,08:15:00,445,1,3549
65928,2016-08-29,08:16:00,202,1,2647
65929,2016-08-29,08:24:00,364,2,3987
65930,2016-08-29,08:25:00,297,2,10746
65931,2016-08-29,08:27:00,192,2,1831
65932,2016-08-29,08:31:00,63,1,5179
65933,2016-08-29,08:34:00,261,4,9843
65934,2016-08-29,08:35:00,333,4,6428
65935,2016-08-29,08:41:00,241,1,794
65936,2016-08-29,08:44:00,196,3,3509
65937,2016-08-29,08:44:00,241,1,10626
65938,2016-08-29,08:52:00,253,2,1071
65939,2016-08-29,09:10:00,434,2,6061
65940,2016-08-29,09:26:00,32,2,1099
65941,2016-08-29,09:36:00,363,3,6693
65942,2016-08-29,09:56:00,13,3,11417
65943,2016-08-29,09:57:00,209,3,525
65944,2016-08-29,09:57:00,153,4,8609
65945,2016-08-29,10:08:00,78,2,10659
65946,2016-08-29,10:27:00,113,2,3223
65947,2016-08-29,10:55:00,426,1,7386
65948,2016-08-29,11:01:00,274,1,2469
65949,2016-08-29,11:04:00,229,1,7161
65950,2016-08-29,11:08:00,7,2,2069
65951,2016-08-29,11:09:00,307,2,3165
65952,2016-08-29,11:13:00,130,2,10611
65953,2016-08-29,11:14:00,11,1,9898
65954,2016-08-29,11:14:00,269,2,10281
65955,2016-08-29,11:19:00,196,2,314
65956,2016-08-29,11:36:00,127,1,2174
65957,2016-08-29,11:38:00,437,2,2052
65958,2016-08-29,11:39:00,443,3,10242
65959,2016-08-29,11:42:00,170,3,10346
65960,2016-08-29,11:51:00,389,1,3591
65961,2016-08-29,11:52:00,322,3,11532
65962,2016-08-29,11:55:00,127,3,4019
65963,2016-08-29,12:04:00,107,2,5697
65964,2016-08-29,12:04:00,303,4,2561
65965,2016-08-29,12:06:00,267,1,3682
65966,2016-08-29,12:34:00,320,2,10562
65967,2016-08-29,12:39:00,170,2,11614
65968,2016-08-29,12:50:00,405,1,3062
65969,2016-08-29,13:02:00,131,2,1321
65970,2016-08-29,13:08:00,284,1,8650
65971,2016-08-29,13:09:00,393,1,3442
65972,2016-08-29,13:14:00,46,1,45
65973,2016-08-29,13:16:00,390,2,10704
65974,2016-08-29,13:25:00,244,2,6949
65975,2016-08-29,13:33:00,130,2,5279
65976,2016-08-29,13:41:00,61,2,5166
65977,2016-08-29,13:43:00,269,1,3124
65978,2016-08-29,13:46:00,228,4,724
65979,2016-08-29,13:47:00,286,3,1956
65980,2016-08-29,13:47:00,41,3,10687
65981,2016-08-29,13:49:00,58,3,9158
65982,2016-08-29,13:58:00,30,2,4046
65983,2016-08-29,14:02:00,168,1,3079
65984,2016-08-29,14:10:00,150,5,274
65985,2016-08-29,14:12:00,173,2,7086
65986,2016-08-29,14:12:00,257,1,5430
65987,2016-08-29,14:21:00,257,2,4607
65988,2016-08-29,14:24:00,259,2,5338
65989,2016-08-29,14:25:00,3,3,6284
65990,2016-08-29,14:26:00,25,1,2841
65991,2016-08-29,14:29:00,277,2,3439
65992,2016-08-29,14:29:00,445,3,3800
65993,2016-08-29,14:33:00,272,2,10643
65994,2016-08-29,14:36:00,188,1,3826
65995,2016-08-29,14:38:00,356,5,9952
65996,2016-08-29,14:40:00,393,2,9669
65997,2016-08-29,14:42:00,397,2,1174
65998,2016-08-29,14:44:00,443,1,10892
65999,2016-08-29,14:50:00,19,3,8020
66000,2016-08-29,14:59:00,452,2,4857
66001,2016-08-29,15:02:00,93,3,8003
66002,2016-08-29,15:13:00,286,2,9119
66003,2016-08-29,15:21:00,146,5,1399
66004,2016-08-29,15:23:00,34,3,5770
66005,2016-08-29,15:27:00,241,2,9473
66006,2016-08-29,15:30:00,175,1,58
66007,2016-08-29,15:36:00,356,2,1504
66008,2016-08-29,15:43:00,243,2,5173
66009,2016-08-29,15:54:00,142,2,2819
66010,2016-08-29,15:54:00,189,2,3824
66011,2016-08-29,15:57:00,69,2,6289
66012,2016-08-29,16:12:00,363,1,8454
66013,2016-08-29,16:15:00,135,2,3401
66014,2016-08-29,16:16:00,278,2,9260
66015,2016-08-29,16:21:00,64,2,160
66016,2016-08-29,16:29:00,215,3,4123
66017,2016-08-29,16:31:00,271,2,2102
66018,2016-08-29,16:31:00,326,2,11827
66019,2016-08-29,16:32:00,420,3,2603
66020,2016-08-29,16:34:00,246,1,6334
66021,2016-08-29,16:40:00,78,2,2177
66022,2016-08-29,16:43:00,51,2,6258
66023,2016-08-29,16:44:00,61,1,11481
66024,2016-08-29,16:48:00,131,1,7927
66025,2016-08-29,16:55:00,64,1,4400
66026,2016-08-29,17:02:00,378,2,11680
66027,2016-08-29,17:04:00,120,1,11888
66028,2016-08-29,17:30:00,56,1,4718
66029,2016-08-29,17:37:00,47,5,11817
66030,2016-08-29,17:40:00,169,2,11264
66031,2016-08-29,17:41:00,378,1,1255
66032,2016-08-29,17:47:00,192,2,4164
66033,2016-08-29,17:48:00,314,1,9752
66034,2016-08-29,17:51:00,182,1,4732
66035,2016-08-29,17:54:00,344,2,5930
66036,2016-08-29,17:54:00,59,1,9646
66037,2016-08-29,18:09:00,334,1,11468
66038,2016-08-29,18:19:00,76,2,3707
66039,2016-08-29,18:21:00,40,1,6980
66040,2016-08-29,18:26:00,244,1,10856
66041,2016-08-29,18:30:00,235,1,1058
66042,2016-08-29,18:33:00,65,4,4215
66043,2016-08-29,18:50:00,275,1,600
66044,2016-08-29,18:51:00,364,1,11588
66045,2016-08-29,18:53:00,122,3,4900
66046,2016-08-29,19:01:00,432,1,3284
66047,2016-08-29,19:08:00,177,1,11210
66048,2016-08-29,19:08:00,111,2,6876
66049,2016-08-29,19:08:00,191,2,728
66050,2016-08-29,19:20:00,179,3,2758
66051,2016-08-29,19:38:00,377,1,9638
66052,2016-08-29,19:39:00,221,1,7838
66053,2016-08-29,19:52:00,144,2,161
66054,2016-08-29,19:58:00,346,4,10361
66055,2016-08-29,20:05:00,245,2,2220
66056,2016-08-29,20:10:00,398,1,115
66057,2016-08-29,20:10:00,254,3,10076
66058,2016-08-29,20:10:00,16,1,966
66059,2016-08-29,20:12:00,228,3,6228
66060,2016-08-29,20:15:00,358,1,7632
66061,2016-08-29,20:18:00,320,2,468
66062,2016-08-29,20:19:00,100,3,4081
66063,2016-08-29,20:24:00,356,1,3753
66064,2016-08-29,20:32:00,287,2,8089
66065,2016-08-29,20:39:00,246,4,7616
66066,2016-08-29,20:40:00,193,3,6143
66067,2016-08-29,20:48:00,264,3,9521
66068,2016-08-29,20:48:00,327,1,10284
66069,2016-08-29,20:50:00,4,1,4804
66070,2016-08-29,20:58:00,23,1,3120
66071,2016-08-29,21:00:00,367,3,8693
66072,2016-08-29,21:06:00,449,2,2173
66073,2016-08-29,21:14:00,223,3,8341
66074,2016-08-29,21:18:00,440,1,7630
66075,2016-08-29,21:27:00,348,2,8492
66076,2016-08-29,21:28:00,358,2,3132
66077,2016-08-29,21:30:00,304,4,9844
66078,2016-08-29,21:33:00,336,1,4993
66079,2016-08-29,21:42:00,139,2,4268
66080,2016-08-29,21:49:00,98,3,3230
66081,2016-08-29,21:54:00,413,1,10215
66082,2016-08-29,22:03:00,30,3,1565
66083,2016-08-29,22:04:00,1,2,406
66084,2016-08-29,22:09:00,32,2,1005
66085,2016-08-29,22:18:00,418,2,11145
66086,2016-08-29,22:21:00,175,2,8712
66087,2016-08-29,22:31:00,90,2,5491
66088,2016-08-29,22:36:00,307,1,9057
66089,2016-08-29,22:45:00,399,1,3348
66090,2016-08-29,22:45:00,205,1,5236
66091,2016-08-29,22:48:00,69,2,4015
66092,2016-08-29,23:04:00,388,1,6236
66093,2016-08-29,23:04:00,351,1,10825
66094,2016-08-29,23:16:00,27,2,6736
66095,2016-08-29,23:19:00,101,2,11159
66096,2016-08-29,23:22:00,110,2,11871
66097,2016-08-29,23:26:00,99,2,11407
66098,2016-08-29,23:29:00,376,2,3515
66099,2016-08-29,23:35:00,335,2,2546
66100,2016-08-29,23:35:00,419,1,6759
66101,2016-08-29,23:40:00,74,1,1532
66102,2016-08-29,23:49:00,272,2,11628
66103,2016-08-29,23:51:00,222,1,9511
66104,2016-08-29,23:54:00,416,1,4099
66105,2016-08-29,23:55:00,168,1,1341
66106,2016-08-30,00:00:00,226,2,11179
66107,2016-08-30,00:00:00,365,2,181
66108,2016-08-30,00:01:00,228,2,6984
66109,2016-08-30,00:12:00,69,3,8332
66110,2016-08-30,00:13:00,234,1,923
66111,2016-08-30,00:17:00,203,1,400
66112,2016-08-30,00:29:00,112,2,9970
66113,2016-08-30,00:34:00,21,3,4590
66114,2016-08-30,00:37:00,400,3,7151
66115,2016-08-30,00:41:00,79,3,9239
66116,2016-08-30,00:45:00,185,3,2832
66117,2016-08-30,00:46:00,281,3,5317
66118,2016-08-30,00:48:00,13,2,2473
66119,2016-08-30,00:53:00,437,2,2095
66120,2016-08-30,00:53:00,361,2,167
66121,2016-08-30,00:58:00,355,2,5021
66122,2016-08-30,00:59:00,415,1,7568
66123,2016-08-30,01:02:00,450,2,128
66124,2016-08-30,01:02:00,54,1,2026
66125,2016-08-30,01:03:00,443,2,1150
66126,2016-08-30,01:05:00,175,2,8402
66127,2016-08-30,01:09:00,68,2,3798
66128,2016-08-30,01:13:00,54,2,1600
66129,2016-08-30,01:24:00,294,2,482
66130,2016-08-30,01:28:00,38,2,987
66131,2016-08-30,01:33:00,11,2,5814
66132,2016-08-30,01:35:00,302,1,4186
66133,2016-08-30,01:42:00,268,1,3076
66134,2016-08-30,02:02:00,273,2,7331
66135,2016-08-30,02:05:00,265,3,1582
66136,2016-08-30,02:10:00,74,3,57
66137,2016-08-30,02:12:00,191,2,3924
66138,2016-08-30,02:12:00,28,1,3331
66139,2016-08-30,02:20:00,69,3,8179
66140,2016-08-30,02:29:00,339,2,1699
66141,2016-08-30,02:30:00,397,3,3664
66142,2016-08-30,02:30:00,441,2,3827
66143,2016-08-30,02:30:00,442,2,1804
66144,2016-08-30,02:41:00,71,1,1737
66145,2016-08-30,02:44:00,391,1,1847
66146,2016-08-30,02:52:00,417,2,1726
66147,2016-08-30,02:52:00,98,1,5567
66148,2016-08-30,02:53:00,52,1,11394
66149,2016-08-30,03:02:00,423,3,2350
66150,2016-08-30,03:10:00,456,3,1390
66151,2016-08-30,03:11:00,408,2,6849
66152,2016-08-30,03:13:00,180,1,2644
66153,2016-08-30,03:13:00,92,6,1240
66154,2016-08-30,03:14:00,398,4,406
66155,2016-08-30,03:29:00,186,3,10738
66156,2016-08-30,03:32:00,11,2,2310
66157,2016-08-30,03:34:00,329,2,1345
66158,2016-08-30,03:35:00,334,1,561
66159,2016-08-30,03:36:00,439,3,8775
66160,2016-08-30,03:42:00,379,2,7077
66161,2016-08-30,03:48:00,89,1,10898
66162,2016-08-30,03:52:00,146,5,10841
66163,2016-08-30,03:57:00,51,2,7019
66164,2016-08-30,04:09:00,183,1,3657
66165,2016-08-30,04:12:00,20,2,6554
66166,2016-08-30,04:23:00,283,2,8955
66167,2016-08-30,04:25:00,288,5,3659
66168,2016-08-30,04:26:00,384,4,9703
66169,2016-08-30,04:26:00,62,2,286
66170,2016-08-30,04:46:00,25,3,10839
66171,2016-08-30,04:49:00,116,2,9630
66172,2016-08-30,04:59:00,78,1,5070
66173,2016-08-30,05:01:00,345,3,3006
66174,2016-08-30,05:04:00,127,3,1202
66175,2016-08-30,05:19:00,87,3,11426
66176,2016-08-30,05:33:00,314,1,3087
66177,2016-08-30,05:36:00,68,2,4887
66178,2016-08-30,05:41:00,272,1,6172
66179,2016-08-30,05:46:00,83,3,6466
66180,2016-08-30,05:48:00,311,3,9386
66181,2016-08-30,05:50:00,23,3,2070
66182,2016-08-30,05:54:00,161,2,4664
66183,2016-08-30,05:55:00,49,1,7694
66184,2016-08-30,06:05:00,44,1,1093
66185,2016-08-30,06:36:00,254,1,4009
66186,2016-08-30,06:40:00,66,3,10463
66187,2016-08-30,06:48:00,329,2,2319
66188,2016-08-30,06:57:00,243,3,6514
66189,2016-08-30,06:59:00,115,3,4160
66190,2016-08-30,07:08:00,10,1,9091
66191,2016-08-30,07:10:00,1,1,5302
66192,2016-08-30,07:26:00,116,1,759
66193,2016-08-30,07:27:00,22,1,8803
66194,2016-08-30,07:32:00,363,2,375
66195,2016-08-30,07:42:00,334,3,6954
66196,2016-08-30,07:43:00,440,2,7343
66197,2016-08-30,07:53:00,356,1,753
66198,2016-08-30,07:57:00,255,3,9245
66199,2016-08-30,08:00:00,327,2,6975
66200,2016-08-30,08:14:00,20,2,7952
66201,2016-08-30,08:15:00,104,5,2901
66202,2016-08-30,08:20:00,112,2,9684
66203,2016-08-30,08:21:00,201,1,11931
66204,2016-08-30,08:22:00,286,2,9260
66205,2016-08-30,08:23:00,160,3,247
66206,2016-08-30,08:26:00,135,1,5981
66207,2016-08-30,08:35:00,399,2,3483
66208,2016-08-30,08:40:00,275,2,9336
66209,2016-08-30,08:45:00,23,3,3199
66210,2016-08-30,08:45:00,255,1,5247
66211,2016-08-30,08:52:00,416,1,4835
66212,2016-08-30,08:56:00,61,3,5769
66213,2016-08-30,08:58:00,322,4,1344
66214,2016-08-30,09:00:00,283,2,5753
66215,2016-08-30,09:01:00,333,3,11164
66216,2016-08-30,09:03:00,135,2,5083
66217,2016-08-30,09:05:00,310,2,830
66218,2016-08-30,09:12:00,458,3,4734
66219,2016-08-30,09:15:00,241,1,11987
66220,2016-08-30,09:23:00,135,4,9724
66221,2016-08-30,09:26:00,130,1,6590
66222,2016-08-30,09:33:00,120,4,5386
66223,2016-08-30,09:36:00,219,1,7880
66224,2016-08-30,09:42:00,77,2,1632
66225,2016-08-30,09:44:00,438,3,6787
66226,2016-08-30,09:45:00,410,2,6880
66227,2016-08-30,09:46:00,412,3,9998
66228,2016-08-30,09:48:00,196,2,4104
66229,2016-08-30,09:57:00,294,1,11282
66230,2016-08-30,10:02:00,197,2,11224
66231,2016-08-30,10:17:00,186,1,9594
66232,2016-08-30,10:24:00,306,2,4727
66233,2016-08-30,10:34:00,139,3,7875
66234,2016-08-30,10:36:00,378,3,1332
66235,2016-08-30,10:42:00,61,3,3325
66236,2016-08-30,10:47:00,177,5,11515
66237,2016-08-30,10:51:00,76,2,5823
66238,2016-08-30,11:06:00,88,3,11276
66239,2016-08-30,11:09:00,247,2,11362
66240,2016-08-30,11:27:00,146,2,5702
66241,2016-08-30,11:31:00,137,2,9064
66242,2016-08-30,11:33:00,178,3,3934
66243,2016-08-30,11:35:00,405,2,11930
66244,2016-08-30,11:37:00,95,1,4654
66245,2016-08-30,11:38:00,272,1,5461
66246,2016-08-30,11:50:00,134,1,4560
66247,2016-08-30,11:54:00,164,1,1789
66248,2016-08-30,11:55:00,315,1,3902
66249,2016-08-30,11:55:00,61,2,7422
66250,2016-08-30,12:00:00,314,2,7370
66251,2016-08-30,12:04:00,170,1,6813
66252,2016-08-30,12:05:00,291,2,3853
66253,2016-08-30,12:12:00,101,1,8059
66254,2016-08-30,12:17:00,95,1,11790
66255,2016-08-30,12:20:00,131,2,11369
66256,2016-08-30,12:38:00,264,1,10157
66257,2016-08-30,12:39:00,74,2,11692
66258,2016-08-30,13:01:00,98,2,6346
66259,2016-08-30,13:10:00,337,1,4065
66260,2016-08-30,13:23:00,408,1,10985
66261,2016-08-30,13:23:00,175,2,9091
66262,2016-08-30,13:24:00,141,3,3658
66263,2016-08-30,13:38:00,381,2,818
66264,2016-08-30,13:38:00,29,1,3916
66265,2016-08-30,13:52:00,198,1,6967
66266,2016-08-30,13:56:00,122,2,3142
66267,2016-08-30,13:57:00,164,1,7131
66268,2016-08-30,13:59:00,235,3,6572
66269,2016-08-30,14:03:00,177,2,1664
66270,2016-08-30,14:05:00,184,3,1546
66271,2016-08-30,14:05:00,126,1,2964
66272,2016-08-30,14:17:00,95,3,10340
66273,2016-08-30,14:19:00,296,3,3974
66274,2016-08-30,14:23:00,318,4,4660
66275,2016-08-30,14:28:00,384,1,7027
66276,2016-08-30,14:37:00,71,3,1115
66277,2016-08-30,14:44:00,411,3,6538
66278,2016-08-30,14:45:00,121,1,10039
66279,2016-08-30,14:49:00,403,1,3505
66280,2016-08-30,14:54:00,424,2,5187
66281,2016-08-30,15:04:00,391,2,730
66282,2016-08-30,15:11:00,80,2,8933
66283,2016-08-30,15:12:00,258,2,11285
66284,2016-08-30,15:17:00,59,1,5668
66285,2016-08-30,15:17:00,371,2,5162
66286,2016-08-30,15:20:00,191,2,2688
66287,2016-08-30,15:24:00,248,1,133
66288,2016-08-30,15:30:00,253,1,10010
66289,2016-08-30,15:34:00,237,2,11883
66290,2016-08-30,15:37:00,255,2,10909
66291,2016-08-30,15:54:00,276,2,10411
66292,2016-08-30,15:54:00,228,3,3172
66293,2016-08-30,15:57:00,93,1,2976
66294,2016-08-30,15:59:00,402,1,11254
66295,2016-08-30,16:06:00,449,1,2057
66296,2016-08-30,16:06:00,10,1,1545
66297,2016-08-30,16:08:00,333,1,1466
66298,2016-08-30,16:10:00,172,3,10471
66299,2016-08-30,16:18:00,149,1,11460
66300,2016-08-30,16:18:00,360,1,3623
66301,2016-08-30,16:34:00,392,2,6494
66302,2016-08-30,16:42:00,416,1,11662
66303,2016-08-30,16:43:00,290,1,8555
66304,2016-08-30,16:52:00,370,2,5062
66305,2016-08-30,16:59:00,367,1,9514
66306,2016-08-30,17:07:00,3,1,6040
66307,2016-08-30,17:20:00,94,1,6270
66308,2016-08-30,17:26:00,422,1,11596
66309,2016-08-30,17:31:00,3,2,3676
66310,2016-08-30,17:37:00,307,2,2415
66311,2016-08-30,17:38:00,38,1,5887
66312,2016-08-30,17:41:00,375,1,11013
66313,2016-08-30,17:42:00,230,4,7214
66314,2016-08-30,17:42:00,2,1,2484
66315,2016-08-30,17:45:00,241,3,10677
66316,2016-08-30,17:48:00,117,1,1512
66317,2016-08-30,17:49:00,289,3,9023
66318,2016-08-30,17:55:00,323,2,842
66319,2016-08-30,18:03:00,188,3,2372
66320,2016-08-30,18:08:00,371,1,9610
66321,2016-08-30,18:10:00,431,2,5451
66322,2016-08-30,18:37:00,305,1,8000
66323,2016-08-30,18:40:00,387,2,9472
66324,2016-08-30,18:44:00,99,4,2260
66325,2016-08-30,18:45:00,410,3,142
66326,2016-08-30,18:48:00,63,4,6915
66327,2016-08-30,18:52:00,430,4,11781
66328,2016-08-30,18:58:00,7,2,11460
66329,2016-08-30,18:59:00,163,1,1050
66330,2016-08-30,19:18:00,314,2,8155
66331,2016-08-30,19:24:00,343,2,2363
66332,2016-08-30,19:27:00,245,1,7036
66333,2016-08-30,19:38:00,286,2,2004
66334,2016-08-30,19:43:00,55,2,5096
66335,2016-08-30,19:52:00,107,2,5998
66336,2016-08-30,20:02:00,72,1,11538
66337,2016-08-30,20:03:00,154,2,8244
66338,2016-08-30,20:03:00,371,1,6796
66339,2016-08-30,20:04:00,431,3,5379
66340,2016-08-30,20:09:00,6,3,10393
66341,2016-08-30,20:10:00,192,2,7300
66342,2016-08-30,20:20:00,439,2,8590
66343,2016-08-30,20:21:00,306,1,9472
66344,2016-08-30,20:26:00,366,4,1729
66345,2016-08-30,20:27:00,2,3,2877
66346,2016-08-30,20:28:00,143,1,7962
66347,2016-08-30,20:35:00,12,2,127
66348,2016-08-30,20:38:00,44,1,6705
66349,2016-08-30,20:47:00,151,1,5564
66350,2016-08-30,20:48:00,393,2,6778
66351,2016-08-30,20:58:00,68,2,11875
66352,2016-08-30,21:00:00,418,2,5268
66353,2016-08-30,21:11:00,126,1,6749
66354,2016-08-30,21:21:00,439,3,7089
66355,2016-08-30,21:22:00,224,2,5289
66356,2016-08-30,21:23:00,250,3,2111
66357,2016-08-30,21:27:00,97,1,6936
66358,2016-08-30,21:27:00,284,2,3246
66359,2016-08-30,21:33:00,446,3,4791
66360,2016-08-30,21:46:00,105,1,3349
66361,2016-08-30,21:47:00,224,1,10666
66362,2016-08-30,21:53:00,447,2,1634
66363,2016-08-30,21:58:00,141,2,11108
66364,2016-08-30,21:59:00,182,3,5478
66365,2016-08-30,22:17:00,237,3,8237
66366,2016-08-30,22:19:00,146,3,8235
66367,2016-08-30,22:20:00,54,1,2706
66368,2016-08-30,22:30:00,147,3,1172
66369,2016-08-30,22:31:00,339,1,10351
66370,2016-08-30,22:33:00,334,1,163
66371,2016-08-30,22:42:00,434,2,5572
66372,2016-08-30,22:44:00,289,1,2889
66373,2016-08-30,22:46:00,207,1,7482
66374,2016-08-30,22:55:00,152,3,8048
66375,2016-08-30,23:00:00,167,1,8128
66376,2016-08-30,23:01:00,321,2,3179
66377,2016-08-30,23:04:00,391,3,11996
66378,2016-08-30,23:12:00,265,3,4750
66379,2016-08-30,23:18:00,307,1,5315
66380,2016-08-30,23:21:00,413,2,10315
66381,2016-08-30,23:21:00,287,2,6139
66382,2016-08-30,23:22:00,150,2,5853
66383,2016-08-30,23:23:00,336,1,8103
66384,2016-08-30,23:29:00,203,2,1199
66385,2016-08-30,23:31:00,59,1,9103
66386,2016-08-30,23:39:00,72,1,5300
66387,2016-08-30,23:39:00,69,2,3303
66388,2016-08-30,23:40:00,309,2,9553
66389,2016-08-30,23:51:00,12,1,2086
66390,2016-08-30,23:55:00,73,1,6941
66391,2016-08-31,00:01:00,177,1,1810
66392,2016-08-31,00:06:00,130,1,9731
66393,2016-08-31,00:20:00,436,2,8346
66394,2016-08-31,00:41:00,15,3,3324
66395,2016-08-31,00:44:00,199,1,3928
66396,2016-08-31,00:51:00,324,2,6804
66397,2016-08-31,00:52:00,79,2,8837
66398,2016-08-31,00:53:00,257,3,11652
66399,2016-08-31,00:56:00,177,2,9601
66400,2016-08-31,00:59:00,187,3,8645
66401,2016-08-31,01:01:00,197,1,9068
66402,2016-08-31,01:01:00,263,1,10781
66403,2016-08-31,01:03:00,261,1,1172
66404,2016-08-31,01:10:00,379,2,2335
66405,2016-08-31,01:10:00,75,4,4184
66406,2016-08-31,01:17:00,71,1,11399
66407,2016-08-31,01:23:00,14,2,6778
66408,2016-08-31,01:42:00,305,3,923
66409,2016-08-31,01:46:00,311,3,4650
66410,2016-08-31,01:53:00,425,1,9316
66411,2016-08-31,01:56:00,55,4,8394
66412,2016-08-31,01:57:00,353,1,11193
66413,2016-08-31,02:02:00,163,3,3622
66414,2016-08-31,02:04:00,206,3,10483
66415,2016-08-31,02:11:00,413,1,4263
66416,2016-08-31,02:12:00,85,1,8430
66417,2016-08-31,02:18:00,230,2,2012
66418,2016-08-31,02:27:00,130,1,6500
66419,2016-08-31,02:38:00,66,3,2483
66420,2016-08-31,02:40:00,280,1,9844
66421,2016-08-31,02:43:00,391,1,9378
66422,2016-08-31,02:45:00,229,2,8138
66423,2016-08-31,02:56:00,95,1,5400
66424,2016-08-31,02:58:00,295,1,9940
66425,2016-08-31,03:06:00,51,2,8629
66426,2016-08-31,03:09:00,273,3,4794
66427,2016-08-31,03:14:00,339,2,3091
66428,2016-08-31,03:15:00,367,1,7122
66429,2016-08-31,03:24:00,332,1,3798
66430,2016-08-31,03:24:00,407,2,4679
66431,2016-08-31,03:28:00,35,3,3018
66432,2016-08-31,03:32:00,347,1,5914
66433,2016-08-31,03:33:00,281,2,1685
66434,2016-08-31,03:40:00,391,1,657
66435,2016-08-31,03:42:00,339,1,1483
66436,2016-08-31,03:47:00,57,2,5594
66437,2016-08-31,03:47:00,248,1,8331
66438,2016-08-31,03:56:00,320,1,8459
66439,2016-08-31,04:03:00,295,1,11482
66440,2016-08-31,04:06:00,7,2,1251
66441,2016-08-31,04:09:00,250,4,5442
66442,2016-08-31,04:11:00,407,2,2710
66443,2016-08-31,04:22:00,132,2,10550
66444,2016-08-31,04:26:00,216,1,4880
66445,2016-08-31,04:27:00,433,3,5885
66446,2016-08-31,04:28:00,377,4,6989
66447,2016-08-31,04:36:00,147,1,11470
66448,2016-08-31,04:37:00,290,2,5443
66449,2016-08-31,04:46:00,121,1,10403
66450,2016-08-31,04:54:00,272,2,11319
66451,2016-08-31,05:06:00,51,4,5972
66452,2016-08-31,05:09:00,366,1,10576
66453,2016-08-31,05:10:00,201,2,2993
66454,2016-08-31,05:23:00,312,2,11417
66455,2016-08-31,05:26:00,457,3,7044
66456,2016-08-31,05:29:00,155,2,11051
66457,2016-08-31,05:30:00,369,5,6051
66458,2016-08-31,05:39:00,440,1,11114
66459,2016-08-31,05:53:00,162,1,5784
66460,2016-08-31,05:59:00,184,2,1760
66461,2016-08-31,06:04:00,309,1,2648
66462,2016-08-31,06:26:00,198,4,459
66463,2016-08-31,06:26:00,169,1,1194
66464,2016-08-31,06:29:00,255,2,187
66465,2016-08-31,06:34:00,422,1,1834
66466,2016-08-31,06:38:00,230,3,7988
66467,2016-08-31,06:55:00,393,3,2778
66468,2016-08-31,06:56:00,336,1,7699
66469,2016-08-31,07:07:00,163,1,9390
66470,2016-08-31,07:07:00,207,3,8143
66471,2016-08-31,07:09:00,366,4,10796
66472,2016-08-31,07:32:00,189,1,9976
66473,2016-08-31,07:49:00,96,1,7784
66474,2016-08-31,07:52:00,60,1,5392
66475,2016-08-31,07:54:00,273,1,10635
66476,2016-08-31,07:57:00,354,2,8466
66477,2016-08-31,08:04:00,185,3,4732
66478,2016-08-31,08:06:00,276,2,2341
66479,2016-08-31,08:13:00,346,1,1809
66480,2016-08-31,08:15:00,326,1,5634
66481,2016-08-31,08:17:00,134,2,8329
66482,2016-08-31,08:17:00,74,2,10845
66483,2016-08-31,08:20:00,184,1,4588
66484,2016-08-31,08:28:00,40,2,6010
66485,2016-08-31,08:34:00,120,2,1408
66486,2016-08-31,08:39:00,436,3,8024
66487,2016-08-31,08:43:00,338,2,3294
66488,2016-08-31,08:46:00,334,2,8237
66489,2016-08-31,08:50:00,290,3,4313
66490,2016-08-31,08:52:00,70,2,4847
66491,2016-08-31,08:52:00,294,1,6685
66492,2016-08-31,08:52:00,175,3,5430
66493,2016-08-31,09:02:00,204,2,6652
66494,2016-08-31,09:03:00,270,1,2517
66495,2016-08-31,09:17:00,384,2,3364
66496,2016-08-31,09:18:00,4,2,5256
66497,2016-08-31,09:20:00,281,3,6360
66498,2016-08-31,09:23:00,219,4,6329
66499,2016-08-31,09:24:00,375,4,10175
66500,2016-08-31,09:32:00,233,1,5006
66501,2016-08-31,09:37:00,104,1,6110
66502,2016-08-31,09:38:00,146,2,4498
66503,2016-08-31,09:39:00,322,5,1756
66504,2016-08-31,09:48:00,293,2,7557
66505,2016-08-31,09:52:00,340,1,4476
66506,2016-08-31,09:59:00,454,3,4377
66507,2016-08-31,10:01:00,271,1,4018
66508,2016-08-31,10:04:00,207,3,11042
66509,2016-08-31,10:20:00,218,2,898
66510,2016-08-31,10:22:00,309,5,11799
66511,2016-08-31,10:26:00,450,2,1204
66512,2016-08-31,10:30:00,212,2,9427
66513,2016-08-31,10:39:00,101,2,9690
66514,2016-08-31,10:44:00,72,1,709
66515,2016-08-31,10:44:00,10,2,5819
66516,2016-08-31,10:50:00,66,2,1938
66517,2016-08-31,11:04:00,331,1,11058
66518,2016-08-31,11:16:00,190,2,3190
66519,2016-08-31,11:16:00,398,2,4807
66520,2016-08-31,11:22:00,178,3,5558
66521,2016-08-31,11:23:00,241,4,4196
66522,2016-08-31,11:27:00,244,1,296
66523,2016-08-31,11:35:00,91,2,10177
66524,2016-08-31,11:36:00,21,1,9597
66525,2016-08-31,11:40:00,27,2,7392
66526,2016-08-31,11:45:00,38,4,5182
66527,2016-08-31,11:48:00,404,2,534
66528,2016-08-31,11:50:00,258,1,560
66529,2016-08-31,11:53:00,446,2,4294
66530,2016-08-31,12:00:00,9,2,7886
66531,2016-08-31,12:02:00,335,3,10190
66532,2016-08-31,12:06:00,452,2,5025
66533,2016-08-31,12:14:00,20,3,3052
66534,2016-08-31,12:18:00,323,2,5223
66535,2016-08-31,12:38:00,361,2,7476
66536,2016-08-31,12:41:00,205,1,6656
66537,2016-08-31,12:47:00,94,2,9441
66538,2016-08-31,12:50:00,296,2,5853
66539,2016-08-31,12:55:00,81,1,2999
66540,2016-08-31,13:01:00,15,1,10502
66541,2016-08-31,13:02:00,324,2,3956
66542,2016-08-31,13:06:00,53,1,5478
66543,2016-08-31,13:12:00,169,1,7229
66544,2016-08-31,13:12:00,454,3,4047
66545,2016-08-31,13:21:00,447,4,7956
66546,2016-08-31,13:22:00,432,2,7182
66547,2016-08-31,13:23:00,318,1,723
66548,2016-08-31,13:38:00,317,2,6499
66549,2016-08-31,13:39:00,28,1,10436
66550,2016-08-31,13:45:00,303,1,5466
66551,2016-08-31,13:46:00,111,4,4411
66552,2016-08-31,13:51:00,44,3,95
66553,2016-08-31,13:55:00,367,3,10856
66554,2016-08-31,13:55:00,227,4,1031
66555,2016-08-31,13:56:00,154,2,1912
66556,2016-08-31,13:57:00,401,2,1746
66557,2016-08-31,13:59:00,245,1,2035
66558,2016-08-31,14:16:00,196,1,1099
66559,2016-08-31,14:17:00,402,2,5727
66560,2016-08-31,14:19:00,409,3,811
66561,2016-08-31,14:23:00,302,2,7508
66562,2016-08-31,14:25:00,117,2,340
66563,2016-08-31,14:37:00,276,2,8094
66564,2016-08-31,14:44:00,60,2,6056
66565,2016-08-31,14:46:00,201,1,11157
66566,2016-08-31,14:46:00,448,3,6705
66567,2016-08-31,14:49:00,189,3,6905
66568,2016-08-31,14:51:00,434,1,6908
66569,2016-08-31,14:54:00,127,3,7207
66570,2016-08-31,15:10:00,121,2,4952
66571,2016-08-31,15:23:00,159,3,2421
66572,2016-08-31,15:28:00,334,2,7648
66573,2016-08-31,15:29:00,360,3,4448
66574,2016-08-31,15:35:00,61,2,767
66575,2016-08-31,15:36:00,349,2,7889
66576,2016-08-31,15:57:00,26,1,10857
66577,2016-08-31,15:57:00,338,5,11052
66578,2016-08-31,15:58:00,191,1,9580
66579,2016-08-31,16:06:00,175,2,2407
66580,2016-08-31,16:06:00,113,4,1213
66581,2016-08-31,16:13:00,18,1,10882
66582,2016-08-31,16:16:00,454,1,3287
66583,2016-08-31,16:39:00,424,1,8087
66584,2016-08-31,16:44:00,170,1,4226
66585,2016-08-31,16:53:00,11,2,8953
66586,2016-08-31,16:57:00,237,2,5957
66587,2016-08-31,16:57:00,418,1,10603
66588,2016-08-31,16:58:00,314,4,3037
66589,2016-08-31,17:04:00,102,2,128
66590,2016-08-31,17:08:00,283,4,816
66591,2016-08-31,17:12:00,258,2,9504
66592,2016-08-31,17:19:00,316,1,8896
66593,2016-08-31,17:22:00,209,1,1873
66594,2016-08-31,17:32:00,270,3,994
66595,2016-08-31,17:43:00,78,4,683
66596,2016-08-31,17:43:00,29,2,1361
66597,2016-08-31,17:49:00,299,1,288
66598,2016-08-31,17:55:00,379,1,9579
66599,2016-08-31,17:55:00,229,3,5792
66600,2016-08-31,17:55:00,253,2,7503
66601,2016-08-31,18:03:00,254,2,1856
66602,2016-08-31,18:15:00,237,1,7023
66603,2016-08-31,18:17:00,140,1,7802
66604,2016-08-31,18:20:00,111,2,624
66605,2016-08-31,18:23:00,50,2,9912
66606,2016-08-31,18:47:00,42,4,3273
66607,2016-08-31,19:02:00,339,1,2424
66608,2016-08-31,19:17:00,275,1,10778
66609,2016-08-31,19:19:00,209,2,5364
66610,2016-08-31,19:19:00,400,2,4588
66611,2016-08-31,19:24:00,12,1,11459
66612,2016-08-31,19:32:00,333,3,6520
66613,2016-08-31,19:44:00,443,1,1730
66614,2016-08-31,19:54:00,146,2,6710
66615,2016-08-31,20:04:00,96,2,592
66616,2016-08-31,20:05:00,383,1,3780
66617,2016-08-31,20:08:00,410,2,3926
66618,2016-08-31,20:11:00,366,4,3715
66619,2016-08-31,20:14:00,377,1,2288
66620,2016-08-31,20:30:00,10,3,6839
66621,2016-08-31,20:31:00,320,2,4861
66622,2016-08-31,20:35:00,2,5,1770
66623,2016-08-31,20:46:00,53,1,10623
66624,2016-08-31,20:50:00,404,4,4677
66625,2016-08-31,20:52:00,255,1,7815
66626,2016-08-31,20:54:00,287,4,3359
66627,2016-08-31,20:56:00,387,2,6028
66628,2016-08-31,21:12:00,184,1,3762
66629,2016-08-31,21:18:00,264,2,7843
66630,2016-08-31,21:24:00,333,3,6798
66631,2016-08-31,21:28:00,362,1,209
66632,2016-08-31,21:28:00,355,1,4401
66633,2016-08-31,21:28:00,261,1,10450
66634,2016-08-31,21:29:00,127,3,6889
66635,2016-08-31,21:30:00,377,1,7208
66636,2016-08-31,21:44:00,411,4,6447
66637,2016-08-31,21:46:00,417,4,6114
66638,2016-08-31,21:48:00,10,1,886
66639,2016-08-31,21:51:00,249,1,497
66640,2016-08-31,21:53:00,137,1,2239
66641,2016-08-31,21:56:00,265,2,8309
66642,2016-08-31,22:08:00,69,2,1649
66643,2016-08-31,22:11:00,80,2,5232
66644,2016-08-31,22:16:00,260,1,11380
66645,2016-08-31,22:20:00,317,7,9753
66646,2016-08-31,22:27:00,176,2,10922
66647,2016-08-31,22:27:00,385,2,1165
66648,2016-08-31,22:35:00,87,1,6311
66649,2016-08-31,22:42:00,179,2,5026
66650,2016-08-31,22:46:00,118,1,6112
66651,2016-08-31,22:46:00,135,5,1205
66652,2016-08-31,22:52:00,301,1,1550
66653,2016-08-31,22:56:00,106,1,8758
66654,2016-08-31,23:26:00,144,1,11979
66655,2016-08-31,23:26:00,416,2,7279
66656,2016-08-31,23:27:00,265,3,3842
66657,2016-08-31,23:29:00,24,2,3996
66658,2016-08-31,23:36:00,134,5,3081
66659,2016-08-31,23:36:00,349,1,6954
66660,2016-08-31,23:39:00,100,1,4862
66661,2016-08-31,23:40:00,67,2,11177
66662,2016-08-31,23:42:00,108,2,10399
66663,2016-08-31,23:44:00,5,2,162
66664,2016-08-31,23:53:00,338,3,4342
66665,2016-09-01,00:06:00,174,3,10377
66666,2016-09-01,00:17:00,421,2,482
66667,2016-09-01,00:18:00,221,1,5463
66668,2016-09-01,00:28:00,265,1,5949
66669,2016-09-01,00:34:00,108,2,4287
66670,2016-09-01,00:44:00,354,6,9500
66671,2016-09-01,00:54:00,457,2,9203
66672,2016-09-01,01:25:00,158,1,5657
66673,2016-09-01,01:26:00,242,2,2973
66674,2016-09-01,01:27:00,44,1,7352
66675,2016-09-01,01:30:00,394,1,830
66676,2016-09-01,01:35:00,206,3,4843
66677,2016-09-01,01:40:00,29,3,4165
66678,2016-09-01,01:50:00,358,1,7702
66679,2016-09-01,01:51:00,359,2,3591
66680,2016-09-01,01:56:00,259,2,2640
66681,2016-09-01,01:59:00,335,3,3104
66682,2016-09-01,02:13:00,40,2,7448
66683,2016-09-01,02:20:00,64,3,345
66684,2016-09-01,02:26:00,169,1,9852
66685,2016-09-01,02:32:00,205,3,11658
66686,2016-09-01,02:35:00,450,1,6652
66687,2016-09-01,02:41:00,296,1,3367
66688,2016-09-01,02:50:00,100,1,3820
66689,2016-09-01,02:51:00,130,1,5474
66690,2016-09-01,02:52:00,246,1,11014
66691,2016-09-01,02:56:00,449,1,245
66692,2016-09-01,02:58:00,2,1,9316
66693,2016-09-01,03:03:00,343,5,9231
66694,2016-09-01,03:04:00,250,1,9530
66695,2016-09-01,03:12:00,290,4,11166
66696,2016-09-01,03:16:00,77,2,6222
66697,2016-09-01,03:16:00,51,2,4694
66698,2016-09-01,03:19:00,290,2,4475
66699,2016-09-01,03:22:00,201,1,4993
66700,2016-09-01,03:25:00,384,3,7142
66701,2016-09-01,03:32:00,452,1,260
66702,2016-09-01,03:40:00,30,3,8673
66703,2016-09-01,03:43:00,94,2,9371
66704,2016-09-01,03:44:00,80,3,11994
66705,2016-09-01,03:50:00,320,4,9449
66706,2016-09-01,03:51:00,129,3,7049
66707,2016-09-01,03:52:00,291,1,4877
66708,2016-09-01,03:53:00,246,3,3365
66709,2016-09-01,03:59:00,94,1,9131
66710,2016-09-01,04:02:00,412,1,8357
66711,2016-09-01,04:03:00,453,1,10934
66712,2016-09-01,04:05:00,354,2,10610
66713,2016-09-01,04:08:00,61,1,911
66714,2016-09-01,04:12:00,157,1,5669
66715,2016-09-01,04:28:00,30,1,11544
66716,2016-09-01,04:29:00,205,2,10118
66717,2016-09-01,04:29:00,391,3,8619
66718,2016-09-01,04:32:00,29,1,11336
66719,2016-09-01,04:42:00,198,1,10053
66720,2016-09-01,04:42:00,193,3,5256
66721,2016-09-01,04:47:00,303,1,7775
66722,2016-09-01,05:04:00,363,1,1659
66723,2016-09-01,05:05:00,11,2,3297
66724,2016-09-01,05:11:00,130,1,882
66725,2016-09-01,05:16:00,265,2,10400
66726,2016-09-01,05:24:00,310,2,2609
66727,2016-09-01,05:33:00,87,5,11461
66728,2016-09-01,05:39:00,100,2,10980
66729,2016-09-01,05:44:00,42,2,8837
66730,2016-09-01,05:48:00,201,3,4536
66731,2016-09-01,05:57:00,442,3,3768
66732,2016-09-01,05:58:00,406,1,2338
66733,2016-09-01,05:58:00,7,2,5068
66734,2016-09-01,05:59:00,82,2,3688
66735,2016-09-01,06:06:00,335,2,1326
66736,2016-09-01,06:23:00,78,4,2849
66737,2016-09-01,06:23:00,257,3,1944
66738,2016-09-01,06:26:00,438,2,5953
66739,2016-09-01,06:27:00,301,1,8288
66740,2016-09-01,06:33:00,300,5,11715
66741,2016-09-01,06:37:00,318,1,3102
66742,2016-09-01,06:38:00,170,1,8869
66743,2016-09-01,06:43:00,208,1,4745
66744,2016-09-01,06:50:00,37,3,6893
66745,2016-09-01,06:56:00,44,1,2264
66746,2016-09-01,07:01:00,29,1,8455
66747,2016-09-01,07:01:00,94,2,4681
66748,2016-09-01,07:01:00,187,1,5888
66749,2016-09-01,07:09:00,391,1,5434
66750,2016-09-01,07:15:00,334,3,8377
66751,2016-09-01,07:36:00,428,1,9396
66752,2016-09-01,07:41:00,71,1,4066
66753,2016-09-01,07:49:00,245,1,11427
66754,2016-09-01,08:13:00,162,1,1365
66755,2016-09-01,08:35:00,270,1,10965
66756,2016-09-01,08:35:00,75,2,4663
66757,2016-09-01,08:39:00,67,1,9804
66758,2016-09-01,09:06:00,91,2,7834
66759,2016-09-01,09:07:00,251,1,10637
66760,2016-09-01,09:10:00,81,1,7057
66761,2016-09-01,09:14:00,239,2,9479
66762,2016-09-01,09:17:00,68,1,277
66763,2016-09-01,09:25:00,390,1,2557
66764,2016-09-01,09:27:00,80,2,3417
66765,2016-09-01,09:28:00,452,1,9673
66766,2016-09-01,09:34:00,83,3,251
66767,2016-09-01,09:35:00,286,1,6281
66768,2016-09-01,09:37:00,452,2,2301
66769,2016-09-01,09:42:00,107,2,9043
66770,2016-09-01,09:42:00,55,1,1288
66771,2016-09-01,09:42:00,444,2,9820
66772,2016-09-01,09:47:00,312,3,2158
66773,2016-09-01,09:50:00,258,3,11828
66774,2016-09-01,09:54:00,332,2,5336
66775,2016-09-01,10:01:00,117,3,2477
66776,2016-09-01,10:10:00,226,1,9277
66777,2016-09-01,10:12:00,318,4,7814
66778,2016-09-01,10:15:00,122,3,9655
66779,2016-09-01,10:24:00,250,3,7158
66780,2016-09-01,10:25:00,314,1,10256
66781,2016-09-01,10:37:00,417,2,5516
66782,2016-09-01,10:40:00,268,1,7002
66783,2016-09-01,10:41:00,79,4,2254
66784,2016-09-01,10:44:00,15,1,6278
66785,2016-09-01,10:45:00,114,2,4946
66786,2016-09-01,10:48:00,376,1,11757
66787,2016-09-01,10:55:00,46,1,8553
66788,2016-09-01,10:58:00,174,2,3022
66789,2016-09-01,11:00:00,344,2,8281
66790,2016-09-01,11:03:00,146,1,10231
66791,2016-09-01,11:07:00,328,2,6288
66792,2016-09-01,11:10:00,56,1,8509
66793,2016-09-01,11:14:00,222,2,8442
66794,2016-09-01,11:25:00,154,1,8676
66795,2016-09-01,11:29:00,99,2,1148
66796,2016-09-01,11:34:00,233,2,2968
66797,2016-09-01,11:35:00,66,2,11449
66798,2016-09-01,11:37:00,46,2,1264
66799,2016-09-01,11:51:00,395,2,4164
66800,2016-09-01,11:54:00,165,4,2410
66801,2016-09-01,12:05:00,234,2,3862
66802,2016-09-01,12:09:00,50,2,9805
66803,2016-09-01,12:15:00,291,1,7832
66804,2016-09-01,12:15:00,317,1,2928
66805,2016-09-01,12:23:00,181,2,5102
66806,2016-09-01,12:26:00,406,1,824
66807,2016-09-01,12:38:00,212,3,10390
66808,2016-09-01,12:45:00,318,1,10857
66809,2016-09-01,12:46:00,315,4,11431
66810,2016-09-01,12:56:00,395,1,807
66811,2016-09-01,13:03:00,256,1,5897
66812,2016-09-01,13:03:00,285,2,8131
66813,2016-09-01,13:05:00,95,1,4844
66814,2016-09-01,13:11:00,268,1,5726
66815,2016-09-01,13:13:00,62,1,1949
66816,2016-09-01,13:14:00,297,3,10532
66817,2016-09-01,13:19:00,401,2,4309
66818,2016-09-01,13:27:00,451,3,1189
66819,2016-09-01,13:28:00,163,3,10699
66820,2016-09-01,13:37:00,402,4,7167
66821,2016-09-01,13:38:00,281,5,3673
66822,2016-09-01,13:39:00,380,1,7091
66823,2016-09-01,13:50:00,82,1,2268
66824,2016-09-01,13:57:00,430,2,10128
66825,2016-09-01,14:06:00,64,2,615
66826,2016-09-01,14:07:00,246,3,1169
66827,2016-09-01,14:09:00,32,2,9424
66828,2016-09-01,14:10:00,328,3,8195
66829,2016-09-01,14:13:00,237,3,4453
66830,2016-09-01,14:22:00,348,3,7463
66831,2016-09-01,14:26:00,17,3,1315
66832,2016-09-01,14:35:00,258,1,2715
66833,2016-09-01,14:37:00,92,1,3159
66834,2016-09-01,14:42:00,94,2,6117
66835,2016-09-01,14:52:00,412,1,3900
66836,2016-09-01,14:54:00,299,2,11643
66837,2016-09-01,14:55:00,244,3,7875
66838,2016-09-01,14:56:00,266,2,1405
66839,2016-09-01,15:11:00,94,2,5547
66840,2016-09-01,15:20:00,393,1,8967
66841,2016-09-01,15:20:00,399,3,4411
66842,2016-09-01,15:24:00,5,1,4445
66843,2016-09-01,15:25:00,76,2,2169
66844,2016-09-01,15:26:00,155,4,5355
66845,2016-09-01,15:26:00,171,1,1882
66846,2016-09-01,15:28:00,94,2,6964
66847,2016-09-01,15:30:00,368,1,3921
66848,2016-09-01,15:38:00,347,2,6673
66849,2016-09-01,15:41:00,56,2,11210
66850,2016-09-01,15:42:00,128,2,708
66851,2016-09-01,15:43:00,218,2,8363
66852,2016-09-01,15:44:00,387,2,9127
66853,2016-09-01,15:57:00,304,3,2173
66854,2016-09-01,16:05:00,126,1,3878
66855,2016-09-01,16:11:00,379,2,1955
66856,2016-09-01,16:14:00,258,1,6811
66857,2016-09-01,16:27:00,25,1,3274
66858,2016-09-01,16:29:00,33,2,3104
66859,2016-09-01,16:31:00,291,3,3501
66860,2016-09-01,16:37:00,336,2,11810
66861,2016-09-01,16:38:00,13,1,4240
66862,2016-09-01,16:43:00,289,1,6948
66863,2016-09-01,16:50:00,38,2,10882
66864,2016-09-01,16:54:00,394,3,11154
66865,2016-09-01,16:59:00,114,1,1698
66866,2016-09-01,17:02:00,210,1,8100
66867,2016-09-01,17:04:00,401,3,2915
66868,2016-09-01,17:17:00,153,2,11725
66869,2016-09-01,17:21:00,136,1,4374
66870,2016-09-01,17:26:00,187,3,10410
66871,2016-09-01,17:35:00,225,3,5903
66872,2016-09-01,17:38:00,310,2,7456
66873,2016-09-01,17:44:00,145,4,8209
66874,2016-09-01,17:45:00,445,1,9957
66875,2016-09-01,17:47:00,386,1,5546
66876,2016-09-01,17:48:00,420,2,9737
66877,2016-09-01,17:51:00,50,3,3784
66878,2016-09-01,17:52:00,328,1,915
66879,2016-09-01,18:04:00,102,3,9165
66880,2016-09-01,18:07:00,117,1,3471
66881,2016-09-01,18:13:00,201,3,8304
66882,2016-09-01,18:19:00,458,2,6023
66883,2016-09-01,18:23:00,74,2,2915
66884,2016-09-01,18:32:00,220,2,943
66885,2016-09-01,18:35:00,299,1,6057
66886,2016-09-01,18:35:00,301,2,11279
66887,2016-09-01,18:35:00,453,4,4946
66888,2016-09-01,18:40:00,46,4,2944
66889,2016-09-01,18:48:00,287,2,6556
66890,2016-09-01,18:49:00,88,2,9467
66891,2016-09-01,18:50:00,161,2,218
66892,2016-09-01,18:51:00,340,3,6271
66893,2016-09-01,18:55:00,184,3,1815
66894,2016-09-01,18:58:00,385,1,5353
66895,2016-09-01,19:26:00,312,1,3626
66896,2016-09-01,19:31:00,363,3,7651
66897,2016-09-01,19:44:00,19,1,4353
66898,2016-09-01,19:45:00,204,1,10673
66899,2016-09-01,19:48:00,37,3,10549
66900,2016-09-01,19:52:00,93,1,603
66901,2016-09-01,19:58:00,446,2,10185
66902,2016-09-01,19:58:00,369,2,11646
66903,2016-09-01,20:04:00,213,1,10189
66904,2016-09-01,20:06:00,306,3,6666
66905,2016-09-01,20:10:00,310,1,11301
66906,2016-09-01,20:18:00,221,3,6086
66907,2016-09-01,20:38:00,375,1,1937
66908,2016-09-01,20:40:00,103,2,11156
66909,2016-09-01,20:48:00,375,1,11431
66910,2016-09-01,20:58:00,154,3,5408
66911,2016-09-01,21:12:00,444,2,10902
66912,2016-09-01,21:29:00,412,1,2430
66913,2016-09-01,21:46:00,20,2,10286
66914,2016-09-01,21:58:00,15,2,2299
66915,2016-09-01,22:03:00,302,3,189
66916,2016-09-01,22:21:00,375,2,442
66917,2016-09-01,22:21:00,116,2,6216
66918,2016-09-01,22:33:00,339,3,10126
66919,2016-09-01,22:40:00,368,4,91
66920,2016-09-01,22:45:00,133,1,9728
66921,2016-09-01,22:45:00,245,3,8308
66922,2016-09-01,22:46:00,23,4,7734
66923,2016-09-01,22:52:00,292,1,6761
66924,2016-09-01,22:59:00,192,1,7690
66925,2016-09-01,23:06:00,62,2,4261
66926,2016-09-01,23:10:00,379,1,5087
66927,2016-09-01,23:14:00,84,2,10075
66928,2016-09-01,23:18:00,106,3,10192
66929,2016-09-01,23:27:00,168,3,6404
66930,2016-09-01,23:29:00,91,1,4455
66931,2016-09-01,23:49:00,347,1,5075
66932,2016-09-01,23:55:00,442,3,1438
66933,2016-09-01,23:57:00,154,1,7734
66934,2016-09-01,23:59:00,306,3,339
66935,2016-09-01,23:59:00,316,2,9931
66936,2016-09-02,00:23:00,271,1,6476
66937,2016-09-02,00:31:00,411,1,8279
66938,2016-09-02,00:33:00,265,1,5913
66939,2016-09-02,00:35:00,366,3,7595
66940,2016-09-02,00:39:00,411,3,6080
66941,2016-09-02,00:39:00,375,1,9965
66942,2016-09-02,00:40:00,372,1,4361
66943,2016-09-02,00:45:00,4,1,4099
66944,2016-09-02,00:46:00,5,1,2080
66945,2016-09-02,01:11:00,411,2,2951
66946,2016-09-02,01:13:00,430,1,2192
66947,2016-09-02,01:15:00,401,2,4837
66948,2016-09-02,01:18:00,420,1,7029
66949,2016-09-02,01:31:00,447,2,10616
66950,2016-09-02,01:40:00,184,2,1152
66951,2016-09-02,01:54:00,60,2,4231
66952,2016-09-02,01:56:00,128,1,5441
66953,2016-09-02,01:57:00,66,2,8282
66954,2016-09-02,01:59:00,31,1,7246
66955,2016-09-02,02:01:00,425,1,9993
66956,2016-09-02,02:11:00,210,3,1089
66957,2016-09-02,02:11:00,199,1,7067
66958,2016-09-02,02:19:00,293,2,7846
66959,2016-09-02,02:20:00,144,1,9777
66960,2016-09-02,02:25:00,219,4,5369
66961,2016-09-02,02:40:00,121,2,572
66962,2016-09-02,02:49:00,210,1,7965
66963,2016-09-02,02:54:00,155,2,8783
66964,2016-09-02,03:04:00,349,1,7369
66965,2016-09-02,03:05:00,81,2,8048
66966,2016-09-02,03:05:00,448,1,8116
66967,2016-09-02,03:05:00,325,3,6301
66968,2016-09-02,03:10:00,214,3,4750
66969,2016-09-02,03:13:00,247,1,8667
66970,2016-09-02,03:23:00,217,4,10439
66971,2016-09-02,03:24:00,212,2,1631
66972,2016-09-02,03:30:00,440,3,9338
66973,2016-09-02,03:39:00,351,2,11001
66974,2016-09-02,03:49:00,97,3,7871
66975,2016-09-02,03:56:00,174,2,6680
66976,2016-09-02,04:01:00,262,2,8192
66977,2016-09-02,04:02:00,156,4,7861
66978,2016-09-02,04:03:00,79,2,5088
66979,2016-09-02,04:16:00,89,1,8603
66980,2016-09-02,04:21:00,210,2,11670
66981,2016-09-02,04:25:00,378,3,11106
66982,2016-09-02,04:26:00,436,1,452
66983,2016-09-02,04:42:00,324,2,2381
66984,2016-09-02,04:45:00,322,1,6898
66985,2016-09-02,05:08:00,89,3,5251
66986,2016-09-02,05:09:00,221,1,6926
66987,2016-09-02,05:39:00,316,1,8430
66988,2016-09-02,05:41:00,277,1,9608
66989,2016-09-02,05:45:00,343,2,4216
66990,2016-09-02,05:56:00,272,3,7543
66991,2016-09-02,05:58:00,323,2,6153
66992,2016-09-02,05:59:00,339,1,10139
66993,2016-09-02,06:03:00,130,3,9089
66994,2016-09-02,06:03:00,292,1,8440
66995,2016-09-02,06:14:00,88,1,4106
66996,2016-09-02,06:22:00,208,2,3084
66997,2016-09-02,06:25:00,17,5,9678
66998,2016-09-02,06:32:00,22,2,6975
66999,2016-09-02,06:36:00,334,1,6468
67000,2016-09-02,06:39:00,150,1,5135
67001,2016-09-02,06:41:00,399,2,1344
67002,2016-09-02,06:48:00,445,2,8339
67003,2016-09-02,06:50:00,44,3,11805
67004,2016-09-02,06:57:00,222,2,3844
67005,2016-09-02,07:00:00,447,2,1666
67006,2016-09-02,07:02:00,124,1,4305
67007,2016-09-02,07:17:00,250,1,2014
67008,2016-09-02,07:19:00,51,4,6462
67009,2016-09-02,07:21:00,130,2,10488
67010,2016-09-02,07:22:00,178,1,1884
67011,2016-09-02,07:24:00,124,2,4882
67012,2016-09-02,07:28:00,107,2,11951
67013,2016-09-02,07:29:00,339,1,9676
67014,2016-09-02,07:31:00,10,3,4772
67015,2016-09-02,07:32:00,29,2,4741
67016,2016-09-02,07:33:00,209,1,1223
67017,2016-09-02,07:38:00,49,3,2080
67018,2016-09-02,08:03:00,154,2,1292
67019,2016-09-02,08:11:00,212,1,10452
67020,2016-09-02,08:17:00,311,1,4279
67021,2016-09-02,08:24:00,47,1,7919
67022,2016-09-02,08:36:00,450,1,2842
67023,2016-09-02,08:51:00,395,3,10088
67024,2016-09-02,08:55:00,149,4,3441
67025,2016-09-02,09:00:00,354,1,8393
67026,2016-09-02,09:04:00,294,2,8769
67027,2016-09-02,09:06:00,160,2,10765
67028,2016-09-02,09:08:00,308,3,370
67029,2016-09-02,09:09:00,92,2,3339
67030,2016-09-02,09:14:00,358,4,11141
67031,2016-09-02,09:16:00,266,1,6410
67032,2016-09-02,09:18:00,129,3,868
67033,2016-09-02,09:19:00,375,1,1369
67034,2016-09-02,09:20:00,438,1,1024
67035,2016-09-02,09:35:00,431,1,7631
67036,2016-09-02,09:41:00,71,1,3503
67037,2016-09-02,09:48:00,329,2,1721
67038,2016-09-02,09:54:00,454,1,9348
67039,2016-09-02,10:08:00,212,2,413
67040,2016-09-02,10:08:00,198,1,3282
67041,2016-09-02,10:09:00,451,1,10387
67042,2016-09-02,10:15:00,336,1,6204
67043,2016-09-02,10:16:00,53,1,6616
67044,2016-09-02,10:17:00,456,3,5767
67045,2016-09-02,10:20:00,317,1,2182
67046,2016-09-02,10:21:00,88,2,11087
67047,2016-09-02,10:22:00,302,2,220
67048,2016-09-02,10:23:00,84,2,1586
67049,2016-09-02,10:25:00,356,1,2176
67050,2016-09-02,10:27:00,338,1,7579
67051,2016-09-02,10:28:00,227,2,2464
67052,2016-09-02,10:29:00,250,2,6109
67053,2016-09-02,10:35:00,299,1,2089
67054,2016-09-02,10:48:00,207,2,2035
67055,2016-09-02,10:49:00,424,2,7774
67056,2016-09-02,10:51:00,191,1,3615
67057,2016-09-02,10:57:00,251,1,3874
67058,2016-09-02,10:59:00,452,2,10529
67059,2016-09-02,11:08:00,123,3,3745
67060,2016-09-02,11:11:00,41,2,7005
67061,2016-09-02,11:12:00,290,1,3777
67062,2016-09-02,11:17:00,252,1,7401
67063,2016-09-02,11:19:00,47,3,4334
67064,2016-09-02,11:24:00,416,2,3859
67065,2016-09-02,11:40:00,80,1,8929
67066,2016-09-02,11:40:00,220,1,5991
67067,2016-09-02,11:43:00,373,1,8922
67068,2016-09-02,11:49:00,328,1,7675
67069,2016-09-02,11:50:00,285,2,8733
67070,2016-09-02,11:51:00,360,2,2984
67071,2016-09-02,11:55:00,366,2,5101
67072,2016-09-02,11:56:00,451,1,2107
67073,2016-09-02,11:59:00,122,2,8228
67074,2016-09-02,12:16:00,199,4,941
67075,2016-09-02,12:17:00,445,2,7238
67076,2016-09-02,12:23:00,203,2,3613
67077,2016-09-02,12:25:00,369,1,10436
67078,2016-09-02,12:27:00,38,1,10875
67079,2016-09-02,12:38:00,403,1,6093
67080,2016-09-02,12:40:00,240,4,8120
67081,2016-09-02,12:52:00,34,3,7013
67082,2016-09-02,12:57:00,243,1,1525
67083,2016-09-02,12:57:00,377,3,5636
67084,2016-09-02,12:58:00,76,1,8005
67085,2016-09-02,13:04:00,160,2,8618
67086,2016-09-02,13:09:00,458,1,6419
67087,2016-09-02,13:16:00,419,4,3062
67088,2016-09-02,13:17:00,195,2,1918
67089,2016-09-02,13:20:00,422,1,9323
67090,2016-09-02,13:32:00,411,1,6348
67091,2016-09-02,13:43:00,12,3,2509
67092,2016-09-02,13:54:00,8,2,2114
67093,2016-09-02,13:56:00,86,1,7293
67094,2016-09-02,14:05:00,368,1,1727
67095,2016-09-02,14:07:00,134,3,2227
67096,2016-09-02,14:14:00,48,2,8514
67097,2016-09-02,14:16:00,115,3,10614
67098,2016-09-02,14:18:00,255,1,11421
67099,2016-09-02,14:34:00,164,1,4463
67100,2016-09-02,14:35:00,355,1,11708
67101,2016-09-02,14:47:00,388,1,10311
67102,2016-09-02,15:00:00,414,3,11998
67103,2016-09-02,15:07:00,390,1,7434
67104,2016-09-02,15:16:00,297,1,3875
67105,2016-09-02,15:20:00,262,2,5665
67106,2016-09-02,15:24:00,135,1,9142
67107,2016-09-02,15:25:00,338,2,7018
67108,2016-09-02,15:28:00,345,2,5897
67109,2016-09-02,15:29:00,41,2,5618
67110,2016-09-02,15:33:00,333,1,9765
67111,2016-09-02,15:35:00,87,3,8366
67112,2016-09-02,15:36:00,323,3,4051
67113,2016-09-02,15:37:00,315,2,7952
67114,2016-09-02,15:44:00,454,2,6094
67115,2016-09-02,15:44:00,200,2,3296
67116,2016-09-02,15:48:00,151,1,7060
67117,2016-09-02,15:48:00,146,2,3882
67118,2016-09-02,15:49:00,201,4,5083
67119,2016-09-02,15:53:00,172,3,5094
67120,2016-09-02,15:55:00,233,2,5937
67121,2016-09-02,15:56:00,247,2,2525
67122,2016-09-02,16:01:00,92,1,9039
67123,2016-09-02,16:08:00,372,2,5611
67124,2016-09-02,16:17:00,232,1,9548
67125,2016-09-02,16:20:00,270,1,1033
67126,2016-09-02,16:25:00,160,1,2859
67127,2016-09-02,16:31:00,431,1,686
67128,2016-09-02,16:53:00,452,2,7327
67129,2016-09-02,17:03:00,179,1,1284
67130,2016-09-02,17:11:00,441,2,914
67131,2016-09-02,17:12:00,248,4,8986
67132,2016-09-02,17:23:00,96,1,7019
67133,2016-09-02,17:37:00,419,3,8376
67134,2016-09-02,17:43:00,160,3,4408
67135,2016-09-02,17:45:00,138,3,758
67136,2016-09-02,17:52:00,420,1,7908
67137,2016-09-02,18:05:00,443,2,5481
67138,2016-09-02,18:07:00,427,2,10706
67139,2016-09-02,18:10:00,150,3,6907
67140,2016-09-02,18:23:00,224,2,2636
67141,2016-09-02,18:30:00,346,1,10814
67142,2016-09-02,18:33:00,297,4,8702
67143,2016-09-02,18:47:00,277,3,6980
67144,2016-09-02,18:48:00,423,2,11628
67145,2016-09-02,18:55:00,292,1,9174
67146,2016-09-02,18:58:00,114,3,6532
67147,2016-09-02,19:04:00,387,2,8131
67148,2016-09-02,19:06:00,256,1,9774
67149,2016-09-02,19:11:00,449,1,9657
67150,2016-09-02,19:15:00,329,1,10573
67151,2016-09-02,19:21:00,273,2,2666
67152,2016-09-02,19:31:00,289,3,5014
67153,2016-09-02,19:40:00,19,2,5101
67154,2016-09-02,19:46:00,246,3,9388
67155,2016-09-02,19:52:00,18,2,9936
67156,2016-09-02,19:57:00,218,2,4868
67157,2016-09-02,19:59:00,429,1,7391
67158,2016-09-02,20:02:00,126,3,8914
67159,2016-09-02,20:04:00,413,2,9812
67160,2016-09-02,20:13:00,320,2,5439
67161,2016-09-02,20:19:00,127,1,7388
67162,2016-09-02,20:21:00,178,3,1435
67163,2016-09-02,20:21:00,226,1,8179
67164,2016-09-02,20:22:00,95,1,2649
67165,2016-09-02,20:22:00,282,1,10096
67166,2016-09-02,20:26:00,103,2,939
67167,2016-09-02,20:27:00,111,2,779
67168,2016-09-02,20:33:00,295,2,2173
67169,2016-09-02,20:38:00,150,4,7717
67170,2016-09-02,20:42:00,438,2,9920
67171,2016-09-02,20:45:00,66,1,6329
67172,2016-09-02,20:54:00,304,1,5536
67173,2016-09-02,20:58:00,189,1,2354
67174,2016-09-02,21:02:00,1,3,7823
67175,2016-09-02,21:12:00,189,3,9185
67176,2016-09-02,21:14:00,234,1,1120
67177,2016-09-02,21:15:00,278,1,6549
67178,2016-09-02,21:19:00,318,2,11148
67179,2016-09-02,21:31:00,6,3,9886
67180,2016-09-02,21:31:00,109,2,4620
67181,2016-09-02,21:53:00,417,2,9460
67182,2016-09-02,21:54:00,388,2,7303
67183,2016-09-02,22:04:00,151,2,2690
67184,2016-09-02,22:07:00,172,2,4629
67185,2016-09-02,22:09:00,453,2,10260
67186,2016-09-02,22:15:00,114,1,4205
67187,2016-09-02,22:33:00,15,4,4250
67188,2016-09-02,22:35:00,45,2,7059
67189,2016-09-02,22:36:00,22,2,10222
67190,2016-09-02,22:37:00,248,2,7800
67191,2016-09-02,22:39:00,373,5,6201
67192,2016-09-02,22:40:00,254,3,2330
67193,2016-09-02,22:46:00,184,1,9395
67194,2016-09-02,22:50:00,437,3,830
67195,2016-09-02,22:54:00,192,3,13
67196,2016-09-02,23:02:00,431,2,9601
67197,2016-09-02,23:06:00,137,1,8537
67198,2016-09-02,23:09:00,167,2,5999
67199,2016-09-02,23:15:00,125,2,4165
67200,2016-09-02,23:16:00,284,3,1808
67201,2016-09-02,23:16:00,370,3,10873
67202,2016-09-02,23:20:00,406,2,11395
67203,2016-09-02,23:23:00,184,3,3733
67204,2016-09-02,23:36:00,119,2,10328
67205,2016-09-02,23:37:00,264,1,4042
67206,2016-09-02,23:42:00,16,2,3834
67207,2016-09-02,23:50:00,178,2,4404
67208,2016-09-02,23:53:00,154,1,7810
67209,2016-09-02,23:55:00,360,2,3986
67210,2016-09-02,23:56:00,351,1,10261
67211,2016-09-02,23:59:00,15,1,6296
67212,2016-09-03,00:13:00,396,1,8043
67213,2016-09-03,00:19:00,172,2,11618
67214,2016-09-03,00:25:00,20,3,3323
67215,2016-09-03,00:32:00,13,1,3256
67216,2016-09-03,01:02:00,117,2,11484
67217,2016-09-03,01:04:00,298,1,5009
67218,2016-09-03,01:04:00,184,3,9787
67219,2016-09-03,01:13:00,49,2,2155
67220,2016-09-03,01:20:00,432,1,7035
67221,2016-09-03,01:27:00,402,2,671
67222,2016-09-03,01:43:00,298,2,6212
67223,2016-09-03,01:44:00,50,3,1177
67224,2016-09-03,01:50:00,291,1,10404
67225,2016-09-03,01:53:00,49,2,1774
67226,2016-09-03,01:54:00,176,1,9896
67227,2016-09-03,02:05:00,436,2,9790
67228,2016-09-03,02:08:00,430,1,3873
67229,2016-09-03,02:13:00,423,2,3208
67230,2016-09-03,02:16:00,362,1,5119
67231,2016-09-03,02:21:00,63,2,1435
67232,2016-09-03,02:22:00,41,2,9951
67233,2016-09-03,02:28:00,31,3,5747
67234,2016-09-03,02:30:00,332,1,8192
67235,2016-09-03,02:32:00,448,2,3721
67236,2016-09-03,02:39:00,63,2,6491
67237,2016-09-03,02:57:00,197,4,7743
67238,2016-09-03,03:01:00,126,1,3539
67239,2016-09-03,03:08:00,92,1,432
67240,2016-09-03,03:10:00,247,4,3007
67241,2016-09-03,03:12:00,135,1,554
67242,2016-09-03,03:15:00,266,2,2250
67243,2016-09-03,03:21:00,356,3,6794
67244,2016-09-03,03:22:00,13,1,2022
67245,2016-09-03,03:24:00,196,3,8281
67246,2016-09-03,03:28:00,161,1,8701
67247,2016-09-03,03:33:00,331,2,340
67248,2016-09-03,03:34:00,137,2,7327
67249,2016-09-03,03:43:00,369,1,9335
67250,2016-09-03,03:55:00,412,3,1732
67251,2016-09-03,04:04:00,77,1,7041
67252,2016-09-03,04:05:00,386,3,6032
67253,2016-09-03,04:08:00,47,2,1272
67254,2016-09-03,04:26:00,237,2,6479
67255,2016-09-03,04:27:00,129,2,2142
67256,2016-09-03,04:53:00,430,2,9338
67257,2016-09-03,05:06:00,152,3,4422
67258,2016-09-03,05:13:00,241,2,10817
67259,2016-09-03,05:20:00,426,2,6695
67260,2016-09-03,05:38:00,311,2,9467
67261,2016-09-03,05:43:00,385,2,4123
67262,2016-09-03,05:47:00,224,3,7646
67263,2016-09-03,05:48:00,132,2,5007
67264,2016-09-03,05:49:00,334,1,2404
67265,2016-09-03,06:04:00,121,1,9861
67266,2016-09-03,06:10:00,278,1,3720
67267,2016-09-03,06:21:00,454,1,8377
67268,2016-09-03,06:22:00,32,2,8921
67269,2016-09-03,06:33:00,20,2,7304
67270,2016-09-03,06:47:00,359,1,3801
67271,2016-09-03,06:52:00,176,2,6156
67272,2016-09-03,06:55:00,28,2,8302
67273,2016-09-03,07:12:00,313,1,8564
67274,2016-09-03,07:22:00,93,1,11348
67275,2016-09-03,07:28:00,315,1,1280
67276,2016-09-03,07:35:00,311,2,11461
67277,2016-09-03,07:37:00,423,2,11104
67278,2016-09-03,07:47:00,123,3,2121
67279,2016-09-03,07:50:00,148,1,2143
67280,2016-09-03,08:00:00,270,2,11393
67281,2016-09-03,08:04:00,265,3,11853
67282,2016-09-03,08:05:00,451,3,2130
67283,2016-09-03,08:08:00,43,2,3454
67284,2016-09-03,08:14:00,268,1,4655
67285,2016-09-03,08:24:00,440,2,3590
67286,2016-09-03,08:28:00,429,3,8335
67287,2016-09-03,08:40:00,130,1,9996
67288,2016-09-03,08:45:00,213,1,8271
67289,2016-09-03,09:06:00,296,1,2704
67290,2016-09-03,09:08:00,449,1,4652
67291,2016-09-03,09:09:00,271,3,9704
67292,2016-09-03,09:14:00,157,2,2946
67293,2016-09-03,09:15:00,444,2,10200
67294,2016-09-03,09:17:00,86,1,6521
67295,2016-09-03,09:19:00,446,1,984
67296,2016-09-03,09:29:00,242,3,1585
67297,2016-09-03,09:32:00,11,3,10798
67298,2016-09-03,09:38:00,111,3,5701
67299,2016-09-03,09:53:00,7,1,5755
67300,2016-09-03,09:57:00,29,3,7648
67301,2016-09-03,10:04:00,437,1,1158
67302,2016-09-03,10:19:00,166,3,4973
67303,2016-09-03,10:19:00,438,2,5155
67304,2016-09-03,10:21:00,165,1,2389
67305,2016-09-03,10:32:00,388,2,2374
67306,2016-09-03,10:36:00,239,2,7160
67307,2016-09-03,10:48:00,82,1,1630
67308,2016-09-03,10:58:00,339,1,4328
67309,2016-09-03,11:05:00,228,2,6143
67310,2016-09-03,11:06:00,420,1,6652
67311,2016-09-03,11:12:00,228,3,7487
67312,2016-09-03,11:14:00,293,2,9048
67313,2016-09-03,11:15:00,225,3,889
67314,2016-09-03,11:27:00,18,2,2723
67315,2016-09-03,11:28:00,98,3,6200
67316,2016-09-03,11:30:00,215,5,2631
67317,2016-09-03,11:32:00,187,3,6147
67318,2016-09-03,11:34:00,131,2,4047
67319,2016-09-03,11:41:00,151,2,10416
67320,2016-09-03,11:45:00,10,1,1555
67321,2016-09-03,11:45:00,228,2,4247
67322,2016-09-03,11:45:00,317,2,2402
67323,2016-09-03,11:50:00,445,1,2933
67324,2016-09-03,11:53:00,361,3,2667
67325,2016-09-03,11:57:00,213,1,3377
67326,2016-09-03,11:57:00,446,3,7812
67327,2016-09-03,12:01:00,60,3,2631
67328,2016-09-03,12:02:00,32,2,6341
67329,2016-09-03,12:18:00,150,4,6580
67330,2016-09-03,12:20:00,302,5,7835
67331,2016-09-03,12:22:00,90,1,1362
67332,2016-09-03,12:23:00,29,2,10481
67333,2016-09-03,12:24:00,307,2,2991
67334,2016-09-03,12:24:00,400,3,4759
67335,2016-09-03,12:30:00,6,2,922
67336,2016-09-03,12:37:00,365,3,10456
67337,2016-09-03,12:38:00,169,1,551
67338,2016-09-03,12:45:00,19,2,7525
67339,2016-09-03,12:53:00,282,3,7212
67340,2016-09-03,12:53:00,33,1,6447
67341,2016-09-03,13:09:00,55,1,10471
67342,2016-09-03,13:10:00,437,1,11276
67343,2016-09-03,13:12:00,89,1,1608
67344,2016-09-03,13:17:00,382,2,3093
67345,2016-09-03,13:18:00,390,2,10642
67346,2016-09-03,13:24:00,72,2,4634
67347,2016-09-03,13:26:00,356,1,10222
67348,2016-09-03,13:29:00,273,2,8966
67349,2016-09-03,13:39:00,281,1,10498
67350,2016-09-03,13:48:00,222,1,3711
67351,2016-09-03,13:48:00,16,2,5487
67352,2016-09-03,13:49:00,121,3,11043
67353,2016-09-03,13:50:00,146,3,8019
67354,2016-09-03,13:55:00,430,2,5142
67355,2016-09-03,13:59:00,99,1,5279
67356,2016-09-03,14:06:00,451,4,10419
67357,2016-09-03,14:09:00,82,1,11240
67358,2016-09-03,14:11:00,328,2,8033
67359,2016-09-03,14:13:00,81,4,4257
67360,2016-09-03,14:23:00,203,1,302
67361,2016-09-03,14:27:00,26,1,11532
67362,2016-09-03,14:27:00,88,2,11903
67363,2016-09-03,14:33:00,348,1,2450
67364,2016-09-03,14:42:00,351,2,2394
67365,2016-09-03,14:52:00,391,1,3556
67366,2016-09-03,14:52:00,195,1,7793
67367,2016-09-03,15:02:00,416,3,7434
67368,2016-09-03,15:08:00,339,3,1916
67369,2016-09-03,15:16:00,377,2,2365
67370,2016-09-03,15:18:00,99,2,10035
67371,2016-09-03,15:26:00,107,1,11405
67372,2016-09-03,15:30:00,173,2,3741
67373,2016-09-03,15:30:00,4,2,6542
67374,2016-09-03,15:38:00,129,2,4166
67375,2016-09-03,15:39:00,48,3,7280
67376,2016-09-03,15:54:00,369,2,10742
67377,2016-09-03,15:59:00,292,1,9728
67378,2016-09-03,16:08:00,141,3,9919
67379,2016-09-03,16:11:00,439,1,10763
67380,2016-09-03,16:16:00,255,3,3882
67381,2016-09-03,16:21:00,31,1,379
67382,2016-09-03,16:24:00,272,2,5660
67383,2016-09-03,16:25:00,223,1,11076
67384,2016-09-03,16:33:00,274,1,11183
67385,2016-09-03,16:35:00,178,1,7403
67386,2016-09-03,16:44:00,124,3,9516
67387,2016-09-03,16:44:00,433,2,11979
67388,2016-09-03,16:49:00,256,1,8334
67389,2016-09-03,16:49:00,442,1,3169
67390,2016-09-03,16:53:00,433,1,3163
67391,2016-09-03,17:02:00,322,2,8578
67392,2016-09-03,17:04:00,151,1,8734
67393,2016-09-03,17:06:00,252,2,8498
67394,2016-09-03,17:10:00,274,1,5292
67395,2016-09-03,17:13:00,92,2,4247
67396,2016-09-03,17:17:00,212,3,1771
67397,2016-09-03,17:22:00,449,2,2970
67398,2016-09-03,17:23:00,289,5,6380
67399,2016-09-03,17:24:00,411,1,8227
67400,2016-09-03,17:24:00,387,1,675
67401,2016-09-03,17:30:00,28,3,1957
67402,2016-09-03,17:30:00,99,2,4691
67403,2016-09-03,17:32:00,7,2,498
67404,2016-09-03,17:37:00,425,1,1419
67405,2016-09-03,17:42:00,213,2,3222
67406,2016-09-03,17:46:00,113,1,10875
67407,2016-09-03,17:49:00,325,1,6963
67408,2016-09-03,17:51:00,42,1,1456
67409,2016-09-03,17:54:00,260,1,10805
67410,2016-09-03,17:57:00,204,2,5914
67411,2016-09-03,18:01:00,23,1,11335
67412,2016-09-03,18:04:00,30,1,4585
67413,2016-09-03,18:09:00,139,2,2516
67414,2016-09-03,18:21:00,80,2,2420
67415,2016-09-03,18:25:00,436,3,1420
67416,2016-09-03,18:26:00,345,2,7202
67417,2016-09-03,18:30:00,320,1,11850
67418,2016-09-03,18:38:00,99,3,3938
67419,2016-09-03,18:58:00,278,1,11091
67420,2016-09-03,18:59:00,141,1,4556
67421,2016-09-03,19:02:00,142,1,5217
67422,2016-09-03,19:05:00,128,3,6681
67423,2016-09-03,19:07:00,234,2,3927
67424,2016-09-03,19:09:00,115,3,10763
67425,2016-09-03,19:16:00,64,2,5092
67426,2016-09-03,19:17:00,154,2,2986
67427,2016-09-03,19:18:00,352,1,6275
67428,2016-09-03,19:21:00,147,4,8416
67429,2016-09-03,19:32:00,372,3,1529
67430,2016-09-03,19:43:00,143,1,7125
67431,2016-09-03,19:44:00,214,3,4193
67432,2016-09-03,19:50:00,427,4,2077
67433,2016-09-03,19:58:00,350,2,10455
67434,2016-09-03,20:06:00,191,1,5120
67435,2016-09-03,20:16:00,434,1,7923
67436,2016-09-03,20:16:00,174,2,9688
67437,2016-09-03,20:23:00,374,2,6554
67438,2016-09-03,20:24:00,394,2,3884
67439,2016-09-03,20:25:00,248,1,11034
67440,2016-09-03,20:27:00,126,1,696
67441,2016-09-03,20:29:00,200,1,3730
67442,2016-09-03,20:31:00,233,3,4540
67443,2016-09-03,20:37:00,382,1,6345
67444,2016-09-03,20:48:00,263,1,8532
67445,2016-09-03,20:50:00,254,3,2412
67446,2016-09-03,20:50:00,191,1,684
67447,2016-09-03,20:52:00,28,2,766
67448,2016-09-03,21:02:00,448,1,153
67449,2016-09-03,21:08:00,393,3,1711
67450,2016-09-03,21:14:00,91,2,5162
67451,2016-09-03,21:31:00,106,5,4732
67452,2016-09-03,21:35:00,328,2,7293
67453,2016-09-03,21:37:00,96,1,3943
67454,2016-09-03,21:39:00,69,5,8745
67455,2016-09-03,21:42:00,350,6,2185
67456,2016-09-03,21:47:00,21,2,9112
67457,2016-09-03,21:49:00,296,2,8917
67458,2016-09-03,21:54:00,350,3,8823
67459,2016-09-03,22:07:00,21,1,2006
67460,2016-09-03,22:08:00,161,2,2613
67461,2016-09-03,22:11:00,22,1,3027
67462,2016-09-03,22:12:00,374,2,1782
67463,2016-09-03,22:20:00,356,2,779
67464,2016-09-03,22:24:00,229,4,1329
67465,2016-09-03,22:29:00,329,4,2334
67466,2016-09-03,22:31:00,192,3,4407
67467,2016-09-03,22:36:00,424,1,11771
67468,2016-09-03,22:49:00,120,2,11778
67469,2016-09-03,22:50:00,187,3,2928
67470,2016-09-03,22:55:00,79,1,1586
67471,2016-09-03,23:00:00,400,2,3463
67472,2016-09-03,23:02:00,227,1,150
67473,2016-09-03,23:05:00,17,1,10325
67474,2016-09-03,23:14:00,108,3,4462
67475,2016-09-03,23:25:00,423,1,7155
67476,2016-09-03,23:27:00,363,1,572
67477,2016-09-03,23:52:00,21,2,7916
67478,2016-09-03,23:53:00,265,1,4521
67479,2016-09-03,23:56:00,300,2,5579
67480,2016-09-03,23:59:00,428,4,10868
67481,2016-09-04,00:08:00,392,1,10551
67482,2016-09-04,00:13:00,329,2,6377
67483,2016-09-04,00:20:00,42,2,7018
67484,2016-09-04,00:21:00,196,1,8510
67485,2016-09-04,00:31:00,397,1,3827
67486,2016-09-04,00:42:00,237,2,1424
67487,2016-09-04,00:53:00,201,2,11205
67488,2016-09-04,01:08:00,99,1,4323
67489,2016-09-04,01:09:00,66,2,7810
67490,2016-09-04,01:16:00,47,2,9108
67491,2016-09-04,01:23:00,284,4,4585
67492,2016-09-04,01:30:00,381,2,667
67493,2016-09-04,01:48:00,195,5,4890
67494,2016-09-04,01:51:00,268,1,1575
67495,2016-09-04,01:54:00,22,2,4802
67496,2016-09-04,01:57:00,254,2,11293
67497,2016-09-04,01:58:00,318,3,6127
67498,2016-09-04,02:00:00,325,4,10345
67499,2016-09-04,02:01:00,126,2,3838
67500,2016-09-04,02:08:00,30,2,8293
67501,2016-09-04,02:14:00,144,1,11556
67502,2016-09-04,02:15:00,164,1,11770
67503,2016-09-04,02:18:00,327,1,10001
67504,2016-09-04,02:22:00,31,3,2470
67505,2016-09-04,02:23:00,429,3,11760
67506,2016-09-04,02:31:00,340,1,5713
67507,2016-09-04,02:34:00,12,3,11360
67508,2016-09-04,02:40:00,309,1,2427
67509,2016-09-04,02:43:00,135,3,2576
67510,2016-09-04,02:52:00,407,1,6203
67511,2016-09-04,02:55:00,125,2,10416
67512,2016-09-04,02:56:00,117,2,9647
67513,2016-09-04,03:05:00,301,2,8344
67514,2016-09-04,03:09:00,6,1,4494
67515,2016-09-04,03:17:00,114,2,7303
67516,2016-09-04,03:19:00,426,1,4124
67517,2016-09-04,03:28:00,301,2,1053
67518,2016-09-04,03:36:00,95,1,6963
67519,2016-09-04,03:40:00,37,1,7516
67520,2016-09-04,03:41:00,5,2,4623
67521,2016-09-04,03:43:00,287,3,10208
67522,2016-09-04,03:43:00,125,3,7317
67523,2016-09-04,04:00:00,54,2,2194
67524,2016-09-04,04:18:00,355,2,11389
67525,2016-09-04,04:18:00,347,1,1034
67526,2016-09-04,04:23:00,364,1,2741
67527,2016-09-04,04:28:00,140,2,3699
67528,2016-09-04,04:35:00,197,3,64
67529,2016-09-04,04:40:00,242,3,1735
67530,2016-09-04,04:45:00,392,1,11036
67531,2016-09-04,04:48:00,412,2,1793
67532,2016-09-04,04:49:00,198,3,5993
67533,2016-09-04,04:51:00,371,3,5840
67534,2016-09-04,04:53:00,132,3,7230
67535,2016-09-04,04:54:00,204,1,4877
67536,2016-09-04,04:57:00,250,3,1108
67537,2016-09-04,04:58:00,348,1,1311
67538,2016-09-04,05:02:00,118,3,10754
67539,2016-09-04,05:26:00,192,1,11702
67540,2016-09-04,05:27:00,180,2,7721
67541,2016-09-04,05:29:00,174,1,9787
67542,2016-09-04,05:31:00,102,3,10466
67543,2016-09-04,05:33:00,334,1,2243
67544,2016-09-04,05:36:00,116,3,3795
67545,2016-09-04,05:39:00,98,3,8634
67546,2016-09-04,05:40:00,454,2,8052
67547,2016-09-04,05:50:00,146,2,11404
67548,2016-09-04,05:55:00,385,1,3907
67549,2016-09-04,06:06:00,124,2,1245
67550,2016-09-04,06:11:00,437,5,6335
67551,2016-09-04,06:13:00,84,1,4999
67552,2016-09-04,06:13:00,425,2,6599
67553,2016-09-04,06:14:00,258,3,7060
67554,2016-09-04,06:18:00,129,4,1014
67555,2016-09-04,06:31:00,419,1,10463
67556,2016-09-04,06:42:00,244,2,1632
67557,2016-09-04,06:45:00,152,1,5196
67558,2016-09-04,06:46:00,387,2,3203
67559,2016-09-04,06:46:00,258,3,9885
67560,2016-09-04,06:50:00,412,1,5980
67561,2016-09-04,06:51:00,22,3,10869
67562,2016-09-04,07:00:00,40,2,828
67563,2016-09-04,07:04:00,221,1,4291
67564,2016-09-04,07:10:00,443,3,8289
67565,2016-09-04,07:34:00,443,2,6074
67566,2016-09-04,07:34:00,86,2,10234
67567,2016-09-04,07:39:00,373,2,6915
67568,2016-09-04,07:40:00,392,1,5199
67569,2016-09-04,07:43:00,360,2,6574
67570,2016-09-04,07:48:00,415,2,5760
67571,2016-09-04,07:51:00,419,1,2282
67572,2016-09-04,07:56:00,286,1,9375
67573,2016-09-04,07:58:00,318,4,11935
67574,2016-09-04,08:03:00,205,1,4377
67575,2016-09-04,08:06:00,46,1,3685
67576,2016-09-04,08:10:00,306,1,1500
67577,2016-09-04,08:11:00,67,1,10165
67578,2016-09-04,08:17:00,129,1,7094
67579,2016-09-04,08:18:00,55,1,5252
67580,2016-09-04,08:37:00,430,3,6510
67581,2016-09-04,08:39:00,438,2,8343
67582,2016-09-04,08:39:00,113,1,8699
67583,2016-09-04,08:46:00,21,3,6962
67584,2016-09-04,08:49:00,328,2,1032
67585,2016-09-04,08:55:00,82,1,3246
67586,2016-09-04,08:56:00,117,2,7717
67587,2016-09-04,08:57:00,35,3,1010
67588,2016-09-04,08:58:00,105,1,6912
67589,2016-09-04,08:59:00,206,2,7968
67590,2016-09-04,09:17:00,141,1,6062
67591,2016-09-04,09:31:00,27,1,11382
67592,2016-09-04,09:35:00,449,1,5491
67593,2016-09-04,09:43:00,148,2,10389
67594,2016-09-04,09:45:00,277,1,7165
67595,2016-09-04,09:45:00,437,1,6940
67596,2016-09-04,09:55:00,146,2,670
67597,2016-09-04,09:57:00,159,2,7812
67598,2016-09-04,09:59:00,298,1,7012
67599,2016-09-04,10:00:00,75,1,2914
67600,2016-09-04,10:04:00,185,2,1857
67601,2016-09-04,10:08:00,45,1,3667
67602,2016-09-04,10:11:00,452,2,5124
67603,2016-09-04,10:13:00,222,1,570
67604,2016-09-04,10:13:00,40,1,1845
67605,2016-09-04,10:18:00,333,4,10004
67606,2016-09-04,10:19:00,357,1,9768
67607,2016-09-04,10:28:00,375,1,4555
67608,2016-09-04,10:38:00,48,1,1600
67609,2016-09-04,10:52:00,239,5,6659
67610,2016-09-04,10:57:00,286,2,4117
67611,2016-09-04,11:13:00,102,2,8990
67612,2016-09-04,11:15:00,354,3,4529
67613,2016-09-04,11:16:00,13,2,3906
67614,2016-09-04,11:21:00,437,2,1212
67615,2016-09-04,11:40:00,356,1,7619
67616,2016-09-04,11:42:00,199,2,9040
67617,2016-09-04,11:43:00,212,4,50
67618,2016-09-04,11:45:00,77,3,11596
67619,2016-09-04,11:46:00,376,4,5252
67620,2016-09-04,11:47:00,105,1,8679
67621,2016-09-04,12:00:00,187,4,6844
67622,2016-09-04,12:02:00,435,3,587
67623,2016-09-04,12:07:00,10,2,3929
67624,2016-09-04,12:13:00,408,2,4837
67625,2016-09-04,12:13:00,91,3,10637
67626,2016-09-04,12:14:00,162,1,9521
67627,2016-09-04,12:17:00,173,1,3715
67628,2016-09-04,12:28:00,126,2,3797
67629,2016-09-04,12:28:00,258,1,9140
67630,2016-09-04,12:29:00,203,3,8418
67631,2016-09-04,12:30:00,60,1,9085
67632,2016-09-04,12:42:00,450,2,4633
67633,2016-09-04,13:00:00,256,2,3884
67634,2016-09-04,13:04:00,279,1,108
67635,2016-09-04,13:04:00,8,3,10239
67636,2016-09-04,13:05:00,148,1,10017
67637,2016-09-04,13:05:00,243,2,2770
67638,2016-09-04,13:07:00,288,1,1731
67639,2016-09-04,13:09:00,382,1,4489
67640,2016-09-04,13:13:00,232,2,9039
67641,2016-09-04,13:14:00,103,1,10549
67642,2016-09-04,13:27:00,134,1,5893
67643,2016-09-04,13:38:00,67,1,2335
67644,2016-09-04,13:47:00,274,2,8499
67645,2016-09-04,13:49:00,211,1,4713
67646,2016-09-04,13:50:00,67,2,11883
67647,2016-09-04,13:53:00,198,1,2922
67648,2016-09-04,13:54:00,407,4,1884
67649,2016-09-04,13:57:00,83,3,3736
67650,2016-09-04,14:08:00,454,4,4555
67651,2016-09-04,14:13:00,181,2,7647
67652,2016-09-04,14:16:00,299,1,11986
67653,2016-09-04,14:20:00,427,1,11564
67654,2016-09-04,14:35:00,379,1,8853
67655,2016-09-04,14:44:00,144,1,6699
67656,2016-09-04,14:44:00,312,2,10827
67657,2016-09-04,15:03:00,129,2,4730
67658,2016-09-04,15:04:00,289,3,11157
67659,2016-09-04,15:10:00,155,2,9629
67660,2016-09-04,15:11:00,230,2,11862
67661,2016-09-04,15:14:00,452,2,10966
67662,2016-09-04,15:15:00,67,2,5963
67663,2016-09-04,15:21:00,199,2,2444
67664,2016-09-04,15:28:00,272,1,7551
67665,2016-09-04,15:31:00,427,2,11735
67666,2016-09-04,15:36:00,456,1,8714
67667,2016-09-04,15:37:00,176,3,5325
67668,2016-09-04,15:38:00,203,3,11063
67669,2016-09-04,15:43:00,290,1,2343
67670,2016-09-04,15:57:00,352,3,6041
67671,2016-09-04,16:03:00,186,3,4995
67672,2016-09-04,16:06:00,409,2,10952
67673,2016-09-04,16:09:00,394,1,8782
67674,2016-09-04,16:16:00,406,2,1644
67675,2016-09-04,16:30:00,269,1,4950
67676,2016-09-04,16:34:00,103,2,2337
67677,2016-09-04,16:42:00,355,3,11376
67678,2016-09-04,16:53:00,56,2,8028
67679,2016-09-04,17:04:00,172,1,10184
67680,2016-09-04,17:05:00,222,2,8890
67681,2016-09-04,17:14:00,98,1,565
67682,2016-09-04,17:29:00,35,1,11380
67683,2016-09-04,17:34:00,74,2,2024
67684,2016-09-04,17:43:00,227,2,4289
67685,2016-09-04,17:57:00,92,3,10719
67686,2016-09-04,18:11:00,19,2,11317
67687,2016-09-04,18:14:00,371,2,9979
67688,2016-09-04,18:17:00,320,4,1762
67689,2016-09-04,18:18:00,379,3,8991
67690,2016-09-04,18:25:00,207,2,3518
67691,2016-09-04,18:28:00,33,1,6481
67692,2016-09-04,18:30:00,162,1,3777
67693,2016-09-04,18:33:00,160,2,6473
67694,2016-09-04,18:34:00,316,1,8799
67695,2016-09-04,18:38:00,452,1,5559
67696,2016-09-04,18:40:00,157,3,5432
67697,2016-09-04,18:46:00,84,2,10250
67698,2016-09-04,18:50:00,343,2,8323
67699,2016-09-04,18:56:00,294,1,3698
67700,2016-09-04,19:07:00,22,3,10394
67701,2016-09-04,19:14:00,352,1,11660
67702,2016-09-04,19:26:00,296,1,7174
67703,2016-09-04,19:31:00,161,2,293
67704,2016-09-04,19:34:00,49,2,6952
67705,2016-09-04,19:34:00,18,2,2209
67706,2016-09-04,19:36:00,407,2,8168
67707,2016-09-04,19:36:00,121,1,4177
67708,2016-09-04,19:46:00,227,2,1046
67709,2016-09-04,19:51:00,269,2,11074
67710,2016-09-04,19:56:00,147,3,9574
67711,2016-09-04,20:03:00,338,1,4678
67712,2016-09-04,20:03:00,458,2,9305
67713,2016-09-04,20:05:00,348,2,8234
67714,2016-09-04,20:15:00,219,2,6710
67715,2016-09-04,20:19:00,103,1,6797
67716,2016-09-04,20:19:00,287,2,9039
67717,2016-09-04,20:21:00,221,2,11535
67718,2016-09-04,20:21:00,228,1,5905
67719,2016-09-04,20:25:00,55,3,764
67720,2016-09-04,20:29:00,450,2,1946
67721,2016-09-04,20:51:00,385,3,4787
67722,2016-09-04,20:56:00,98,4,1342
67723,2016-09-04,21:18:00,129,2,670
67724,2016-09-04,21:19:00,32,2,701
67725,2016-09-04,21:45:00,441,1,639
67726,2016-09-04,21:45:00,440,3,3984
67727,2016-09-04,21:46:00,297,2,8972
67728,2016-09-04,21:49:00,89,2,2763
67729,2016-09-04,21:50:00,364,2,9414
67730,2016-09-04,21:52:00,419,3,8272
67731,2016-09-04,22:12:00,437,2,10963
67732,2016-09-04,22:13:00,213,2,8123
67733,2016-09-04,22:26:00,397,1,4539
67734,2016-09-04,22:45:00,440,2,10298
67735,2016-09-04,22:51:00,336,2,6380
67736,2016-09-04,22:51:00,454,1,7924
67737,2016-09-04,22:55:00,285,3,4700
67738,2016-09-04,22:56:00,193,3,4543
67739,2016-09-04,22:58:00,318,3,11180
67740,2016-09-04,22:59:00,79,2,3611
67741,2016-09-04,23:02:00,338,1,7867
67742,2016-09-04,23:08:00,279,1,2207
67743,2016-09-04,23:08:00,246,4,7451
67744,2016-09-04,23:12:00,350,2,5903
67745,2016-09-04,23:15:00,348,1,4347
67746,2016-09-04,23:17:00,410,1,1014
67747,2016-09-04,23:22:00,57,2,10512
67748,2016-09-04,23:23:00,105,2,10783
67749,2016-09-04,23:34:00,210,3,588
67750,2016-09-04,23:40:00,138,2,9635
67751,2016-09-04,23:46:00,129,3,4841
67752,2016-09-04,23:47:00,105,2,5833
67753,2016-09-04,23:52:00,243,1,626
67754,2016-09-05,00:00:00,116,2,10799
67755,2016-09-05,00:00:00,357,2,10577
67756,2016-09-05,00:04:00,254,2,645
67757,2016-09-05,00:06:00,202,1,4481
67758,2016-09-05,00:14:00,406,1,245
67759,2016-09-05,00:15:00,411,4,819
67760,2016-09-05,00:31:00,32,4,1918
67761,2016-09-05,00:34:00,193,1,2061
67762,2016-09-05,00:38:00,5,2,8733
67763,2016-09-05,00:43:00,189,2,9897
67764,2016-09-05,00:46:00,266,2,6845
67765,2016-09-05,00:47:00,328,1,11728
67766,2016-09-05,00:50:00,81,2,6356
67767,2016-09-05,00:56:00,343,2,8755
67768,2016-09-05,01:02:00,109,2,1364
67769,2016-09-05,01:09:00,295,1,6662
67770,2016-09-05,01:11:00,449,1,1195
67771,2016-09-05,01:14:00,126,2,3660
67772,2016-09-05,01:15:00,241,1,1619
67773,2016-09-05,01:23:00,142,3,6210
67774,2016-09-05,01:28:00,306,1,11387
67775,2016-09-05,01:33:00,7,1,9577
67776,2016-09-05,01:39:00,91,3,4044
67777,2016-09-05,01:40:00,36,1,9868
67778,2016-09-05,01:51:00,76,2,5546
67779,2016-09-05,01:54:00,7,2,4461
67780,2016-09-05,01:59:00,81,3,5160
67781,2016-09-05,02:12:00,67,2,9658
67782,2016-09-05,02:12:00,102,3,11361
67783,2016-09-05,02:18:00,437,3,6776
67784,2016-09-05,02:21:00,369,2,11260
67785,2016-09-05,02:23:00,337,1,10947
67786,2016-09-05,02:29:00,395,2,6426
67787,2016-09-05,02:46:00,139,3,3058
67788,2016-09-05,02:48:00,325,1,1366
67789,2016-09-05,02:52:00,153,3,6602
67790,2016-09-05,02:53:00,214,2,8540
67791,2016-09-05,02:54:00,84,4,9653
67792,2016-09-05,02:57:00,386,3,2518
67793,2016-09-05,03:02:00,451,3,8080
67794,2016-09-05,03:07:00,415,1,7714
67795,2016-09-05,03:21:00,155,1,3368
67796,2016-09-05,03:30:00,382,1,11400
67797,2016-09-05,03:31:00,153,4,11984
67798,2016-09-05,03:35:00,257,3,8234
67799,2016-09-05,03:39:00,312,1,8486
67800,2016-09-05,03:50:00,344,2,4346
67801,2016-09-05,03:55:00,258,1,1303
67802,2016-09-05,03:57:00,445,3,3388
67803,2016-09-05,03:57:00,331,2,10680
67804,2016-09-05,04:13:00,330,2,1746
67805,2016-09-05,04:14:00,23,2,7109
67806,2016-09-05,04:19:00,44,3,8272
67807,2016-09-05,04:29:00,142,2,3329
67808,2016-09-05,04:51:00,319,3,9544
67809,2016-09-05,04:56:00,220,1,2966
67810,2016-09-05,04:58:00,275,1,2159
67811,2016-09-05,05:05:00,15,3,4577
67812,2016-09-05,05:13:00,184,1,7198
67813,2016-09-05,05:23:00,68,1,4900
67814,2016-09-05,05:29:00,322,2,9609
67815,2016-09-05,05:30:00,139,1,2134
67816,2016-09-05,05:37:00,318,1,8491
67817,2016-09-05,05:38:00,243,2,5589
67818,2016-09-05,05:47:00,432,2,7145
67819,2016-09-05,05:48:00,312,2,5021
67820,2016-09-05,05:49:00,275,1,4450
67821,2016-09-05,05:50:00,290,1,8092
67822,2016-09-05,05:51:00,448,3,8456
67823,2016-09-05,05:51:00,374,3,10186
67824,2016-09-05,05:57:00,59,4,2351
67825,2016-09-05,06:00:00,399,2,3729
67826,2016-09-05,06:01:00,374,2,629
67827,2016-09-05,06:01:00,146,2,2276
67828,2016-09-05,06:08:00,251,2,9962
67829,2016-09-05,06:21:00,4,2,7591
67830,2016-09-05,06:25:00,247,1,10758
67831,2016-09-05,06:27:00,126,2,8386
67832,2016-09-05,06:36:00,31,2,9363
67833,2016-09-05,06:39:00,41,1,3633
67834,2016-09-05,06:39:00,22,2,957
67835,2016-09-05,06:39:00,243,3,5769
67836,2016-09-05,06:43:00,85,2,4859
67837,2016-09-05,06:45:00,257,3,6846
67838,2016-09-05,06:45:00,210,3,2867
67839,2016-09-05,06:49:00,33,1,10786
67840,2016-09-05,06:58:00,269,2,5093
67841,2016-09-05,06:58:00,85,1,7242
67842,2016-09-05,07:03:00,75,1,3796
67843,2016-09-05,07:05:00,408,1,3355
67844,2016-09-05,07:08:00,46,1,154
67845,2016-09-05,07:29:00,399,3,9283
67846,2016-09-05,07:33:00,195,2,9595
67847,2016-09-05,07:42:00,163,1,5189
67848,2016-09-05,07:56:00,190,4,7693
67849,2016-09-05,07:57:00,44,1,6773
67850,2016-09-05,08:03:00,109,2,968
67851,2016-09-05,08:09:00,176,3,10885
67852,2016-09-05,08:09:00,133,2,9972
67853,2016-09-05,08:10:00,201,2,6641
67854,2016-09-05,08:10:00,427,2,7638
67855,2016-09-05,08:13:00,382,1,9929
67856,2016-09-05,08:14:00,26,4,2966
67857,2016-09-05,08:15:00,351,3,10027
67858,2016-09-05,08:15:00,412,2,2088
67859,2016-09-05,08:56:00,420,2,4369
67860,2016-09-05,09:07:00,293,2,8148
67861,2016-09-05,09:08:00,261,3,6396
67862,2016-09-05,09:10:00,358,1,8534
67863,2016-09-05,09:12:00,423,4,3603
67864,2016-09-05,09:13:00,439,1,6672
67865,2016-09-05,09:21:00,2,1,1718
67866,2016-09-05,09:36:00,379,4,2410
67867,2016-09-05,09:38:00,37,1,11970
67868,2016-09-05,09:38:00,412,1,6886
67869,2016-09-05,09:43:00,348,2,4023
67870,2016-09-05,10:01:00,288,1,11521
67871,2016-09-05,10:03:00,320,1,9886
67872,2016-09-05,10:13:00,221,2,123
67873,2016-09-05,10:28:00,74,1,6973
67874,2016-09-05,10:33:00,61,1,5702
67875,2016-09-05,10:44:00,443,2,7115
67876,2016-09-05,10:45:00,258,2,6185
67877,2016-09-05,10:54:00,160,3,2534
67878,2016-09-05,11:00:00,99,2,10731
67879,2016-09-05,11:01:00,123,1,3015
67880,2016-09-05,11:42:00,105,2,1069
67881,2016-09-05,11:48:00,114,1,8589
67882,2016-09-05,11:57:00,317,2,6126
67883,2016-09-05,12:00:00,58,3,9429
67884,2016-09-05,12:10:00,123,4,4704
67885,2016-09-05,12:45:00,324,2,7294
67886,2016-09-05,13:03:00,450,1,6763
67887,2016-09-05,13:13:00,18,1,8735
67888,2016-09-05,13:14:00,65,1,3913
67889,2016-09-05,13:17:00,14,1,6684
67890,2016-09-05,13:25:00,271,2,1864
67891,2016-09-05,13:25:00,276,1,4942
67892,2016-09-05,13:40:00,71,2,2183
67893,2016-09-05,13:40:00,231,3,8250
67894,2016-09-05,13:49:00,271,3,9911
67895,2016-09-05,13:52:00,378,1,1652
67896,2016-09-05,13:58:00,69,2,10872
67897,2016-09-05,14:05:00,407,2,1029
67898,2016-09-05,14:21:00,135,1,2789
67899,2016-09-05,14:29:00,339,1,7885
67900,2016-09-05,14:32:00,34,1,8198
67901,2016-09-05,14:33:00,31,1,553
67902,2016-09-05,14:42:00,35,2,11500
67903,2016-09-05,14:42:00,379,2,10672
67904,2016-09-05,14:56:00,446,1,350
67905,2016-09-05,14:59:00,231,1,2839
67906,2016-09-05,15:00:00,206,4,9891
67907,2016-09-05,15:01:00,88,2,7646
67908,2016-09-05,15:02:00,289,1,11245
67909,2016-09-05,15:04:00,40,2,5065
67910,2016-09-05,15:15:00,277,2,10723
67911,2016-09-05,15:21:00,411,2,7709
67912,2016-09-05,15:23:00,262,2,7622
67913,2016-09-05,15:32:00,24,1,2481
67914,2016-09-05,15:37:00,385,2,11142
67915,2016-09-05,15:41:00,311,3,3728
67916,2016-09-05,15:47:00,101,2,7180
67917,2016-09-05,16:01:00,341,1,7603
67918,2016-09-05,16:09:00,19,3,8396
67919,2016-09-05,16:12:00,295,3,8743
67920,2016-09-05,16:26:00,267,1,6115
67921,2016-09-05,16:29:00,337,1,3098
67922,2016-09-05,16:59:00,180,1,8555
67923,2016-09-05,17:09:00,192,3,2651
67924,2016-09-05,17:18:00,457,1,134
67925,2016-09-05,17:29:00,445,1,1962
67926,2016-09-05,17:30:00,294,4,5627
67927,2016-09-05,17:31:00,21,2,7265
67928,2016-09-05,17:32:00,113,4,11637
67929,2016-09-05,17:32:00,404,3,5828
67930,2016-09-05,17:41:00,207,1,10881
67931,2016-09-05,17:45:00,41,2,3709
67932,2016-09-05,17:56:00,158,2,949
67933,2016-09-05,18:01:00,48,1,8142
67934,2016-09-05,18:02:00,442,2,2554
67935,2016-09-05,18:02:00,309,1,6772
67936,2016-09-05,18:02:00,147,2,1511
67937,2016-09-05,18:04:00,203,2,10320
67938,2016-09-05,18:05:00,399,2,11566
67939,2016-09-05,18:08:00,47,2,4178
67940,2016-09-05,18:12:00,238,2,3057
67941,2016-09-05,18:26:00,384,2,9073
67942,2016-09-05,18:35:00,143,2,9486
67943,2016-09-05,18:38:00,261,1,9262
67944,2016-09-05,18:42:00,201,1,899
67945,2016-09-05,18:42:00,284,3,2648
67946,2016-09-05,18:45:00,233,4,3865
67947,2016-09-05,18:52:00,149,1,3978
67948,2016-09-05,18:58:00,236,2,6799
67949,2016-09-05,18:59:00,72,2,11448
67950,2016-09-05,19:00:00,443,2,5134
67951,2016-09-05,19:01:00,14,2,2855
67952,2016-09-05,19:01:00,457,3,3023
67953,2016-09-05,19:02:00,336,1,6884
67954,2016-09-05,19:12:00,41,2,9613
67955,2016-09-05,19:17:00,39,3,8485
67956,2016-09-05,19:18:00,330,3,11580
67957,2016-09-05,19:21:00,165,3,11345
67958,2016-09-05,19:24:00,316,2,326
67959,2016-09-05,19:40:00,161,2,6564
67960,2016-09-05,19:41:00,410,2,9092
67961,2016-09-05,19:52:00,250,1,11266
67962,2016-09-05,20:15:00,66,2,3595
67963,2016-09-05,20:21:00,224,2,4775
67964,2016-09-05,20:26:00,158,3,5444
67965,2016-09-05,20:26:00,212,1,283
67966,2016-09-05,20:33:00,232,6,2289
67967,2016-09-05,20:38:00,249,1,5714
67968,2016-09-05,20:39:00,45,1,9609
67969,2016-09-05,20:49:00,317,4,7212
67970,2016-09-05,20:50:00,325,2,5011
67971,2016-09-05,20:53:00,197,3,6784
67972,2016-09-05,20:54:00,131,2,2728
67973,2016-09-05,20:56:00,179,2,5081
67974,2016-09-05,20:57:00,288,3,5675
67975,2016-09-05,20:59:00,256,2,11891
67976,2016-09-05,21:11:00,103,1,1112
67977,2016-09-05,21:22:00,18,4,8603
67978,2016-09-05,21:32:00,406,1,6735
67979,2016-09-05,21:35:00,10,1,102
67980,2016-09-05,21:47:00,135,2,8942
67981,2016-09-05,21:53:00,267,2,9089
67982,2016-09-05,21:53:00,248,1,8517
67983,2016-09-05,22:06:00,400,4,11658
67984,2016-09-05,22:07:00,4,3,7402
67985,2016-09-05,22:11:00,163,5,7420
67986,2016-09-05,22:13:00,70,1,1851
67987,2016-09-05,22:19:00,147,3,9567
67988,2016-09-05,22:19:00,294,1,10179
67989,2016-09-05,22:21:00,21,1,10571
67990,2016-09-05,22:32:00,404,2,1925
67991,2016-09-05,22:33:00,48,2,978
67992,2016-09-05,22:37:00,242,2,8608
67993,2016-09-05,22:54:00,283,4,8996
67994,2016-09-05,22:58:00,180,1,5644
67995,2016-09-05,23:03:00,431,3,2704
67996,2016-09-05,23:05:00,75,1,8087
67997,2016-09-05,23:05:00,358,1,7019
67998,2016-09-05,23:10:00,181,3,2315
67999,2016-09-05,23:15:00,145,6,95
68000,2016-09-05,23:24:00,454,1,3011
68001,2016-09-05,23:30:00,440,3,9718
68002,2016-09-05,23:33:00,278,2,6104
68003,2016-09-05,23:33:00,283,2,8250
68004,2016-09-05,23:39:00,125,2,6198
68005,2016-09-05,23:40:00,324,3,481
68006,2016-09-05,23:43:00,198,1,7634
68007,2016-09-05,23:52:00,381,2,10011
68008,2016-09-05,23:54:00,96,2,2231
68009,2016-09-05,23:55:00,59,3,11327
68010,2016-09-05,23:58:00,383,2,10339
68011,2016-09-05,23:58:00,24,3,1560
68012,2016-09-05,23:59:00,258,1,4873
68013,2016-09-06,00:02:00,94,2,9543
68014,2016-09-06,00:06:00,191,2,10530
68015,2016-09-06,00:09:00,217,2,3646
68016,2016-09-06,00:10:00,372,2,4331
68017,2016-09-06,00:15:00,61,2,1304
68018,2016-09-06,00:18:00,243,2,6283
68019,2016-09-06,00:20:00,70,2,6634
68020,2016-09-06,00:26:00,404,1,10413
68021,2016-09-06,00:26:00,226,2,11971
68022,2016-09-06,00:29:00,336,2,5307
68023,2016-09-06,00:37:00,247,1,632
68024,2016-09-06,00:39:00,262,3,5965
68025,2016-09-06,00:39:00,8,3,7368
68026,2016-09-06,00:42:00,243,3,9955
68027,2016-09-06,00:44:00,386,3,6317
68028,2016-09-06,00:46:00,406,4,1978
68029,2016-09-06,00:49:00,226,1,553
68030,2016-09-06,00:55:00,375,1,5956
68031,2016-09-06,01:02:00,319,2,5184
68032,2016-09-06,01:09:00,409,2,3708
68033,2016-09-06,01:15:00,171,2,816
68034,2016-09-06,01:25:00,152,2,6014
68035,2016-09-06,01:28:00,143,1,11723
68036,2016-09-06,01:29:00,30,1,7712
68037,2016-09-06,01:47:00,328,1,380
68038,2016-09-06,01:48:00,429,2,4875
68039,2016-09-06,01:50:00,5,3,9960
68040,2016-09-06,01:58:00,399,1,10369
68041,2016-09-06,01:58:00,86,3,9475
68042,2016-09-06,02:07:00,76,3,5556
68043,2016-09-06,02:10:00,258,1,4411
68044,2016-09-06,02:13:00,200,2,2016
68045,2016-09-06,02:20:00,12,1,5368
68046,2016-09-06,02:24:00,340,3,9402
68047,2016-09-06,02:25:00,99,2,585
68048,2016-09-06,02:31:00,100,2,8001
68049,2016-09-06,02:36:00,236,2,3159
68050,2016-09-06,02:52:00,136,2,10053
68051,2016-09-06,02:52:00,317,4,10261
68052,2016-09-06,02:55:00,363,3,11358
68053,2016-09-06,03:06:00,168,1,1633
68054,2016-09-06,03:06:00,30,1,8262
68055,2016-09-06,03:15:00,239,3,1731
68056,2016-09-06,03:27:00,63,1,10071
68057,2016-09-06,03:34:00,279,3,7364
68058,2016-09-06,03:37:00,405,1,11509
68059,2016-09-06,03:39:00,5,3,241
68060,2016-09-06,03:57:00,159,1,4689
68061,2016-09-06,03:58:00,74,3,6957
68062,2016-09-06,04:01:00,374,1,10261
68063,2016-09-06,04:02:00,336,2,1215
68064,2016-09-06,04:09:00,284,2,6101
68065,2016-09-06,04:11:00,114,3,7508
68066,2016-09-06,04:13:00,382,2,2913
68067,2016-09-06,04:13:00,118,4,504
68068,2016-09-06,04:15:00,282,2,9948
68069,2016-09-06,04:21:00,430,3,5443
68070,2016-09-06,04:26:00,405,2,231
68071,2016-09-06,04:33:00,272,1,11192
68072,2016-09-06,04:37:00,240,1,8968
68073,2016-09-06,04:41:00,426,1,1566
68074,2016-09-06,04:46:00,323,2,6001
68075,2016-09-06,04:46:00,438,2,9633
68076,2016-09-06,04:50:00,385,4,7546
68077,2016-09-06,04:53:00,416,2,2414
68078,2016-09-06,04:57:00,215,3,9091
68079,2016-09-06,04:57:00,404,5,2232
68080,2016-09-06,05:10:00,26,1,5639
68081,2016-09-06,05:12:00,273,1,5506
68082,2016-09-06,05:14:00,310,2,3513
68083,2016-09-06,05:22:00,446,2,4643
68084,2016-09-06,05:28:00,174,1,9769
68085,2016-09-06,05:29:00,149,2,7879
68086,2016-09-06,05:34:00,317,3,6354
68087,2016-09-06,05:41:00,310,4,11695
68088,2016-09-06,05:50:00,60,4,5429
68089,2016-09-06,05:56:00,179,2,5690
68090,2016-09-06,05:58:00,32,2,9228
68091,2016-09-06,06:03:00,171,1,10938
68092,2016-09-06,06:09:00,425,1,9117
68093,2016-09-06,06:10:00,320,2,4460
68094,2016-09-06,06:19:00,297,1,2553
68095,2016-09-06,06:22:00,99,4,11832
68096,2016-09-06,06:26:00,15,2,6139
68097,2016-09-06,06:29:00,345,1,4659
68098,2016-09-06,06:43:00,305,1,10147
68099,2016-09-06,06:48:00,40,1,11986
68100,2016-09-06,06:59:00,212,3,5829
68101,2016-09-06,07:12:00,440,2,4851
68102,2016-09-06,07:12:00,20,2,4847
68103,2016-09-06,07:15:00,290,1,11578
68104,2016-09-06,07:15:00,291,3,3832
68105,2016-09-06,07:17:00,293,2,8782
68106,2016-09-06,07:19:00,305,1,2986
68107,2016-09-06,07:30:00,214,2,8051
68108,2016-09-06,07:40:00,248,3,1371
68109,2016-09-06,07:54:00,378,2,10016
68110,2016-09-06,07:59:00,227,1,10942
68111,2016-09-06,08:09:00,133,3,2520
68112,2016-09-06,08:29:00,273,3,2661
68113,2016-09-06,08:30:00,97,2,11622
68114,2016-09-06,08:30:00,70,2,1286
68115,2016-09-06,08:33:00,67,1,5424
68116,2016-09-06,08:38:00,152,2,9863
68117,2016-09-06,08:39:00,91,3,4199
68118,2016-09-06,08:43:00,439,3,839
68119,2016-09-06,08:45:00,402,1,3086
68120,2016-09-06,08:46:00,427,1,4873
68121,2016-09-06,08:50:00,227,5,3312
68122,2016-09-06,08:57:00,290,1,1654
68123,2016-09-06,09:04:00,218,3,1670
68124,2016-09-06,09:06:00,87,4,4417
68125,2016-09-06,09:11:00,359,2,8717
68126,2016-09-06,09:21:00,217,1,10347
68127,2016-09-06,09:36:00,442,1,52
68128,2016-09-06,09:42:00,11,3,11531
68129,2016-09-06,09:48:00,119,1,6901
68130,2016-09-06,09:50:00,328,2,10865
68131,2016-09-06,09:54:00,447,2,6330
68132,2016-09-06,09:54:00,420,2,6885
68133,2016-09-06,09:56:00,442,1,1717
68134,2016-09-06,09:57:00,415,3,4899
68135,2016-09-06,10:06:00,266,2,1885
68136,2016-09-06,10:07:00,284,1,482
68137,2016-09-06,10:07:00,169,1,135
68138,2016-09-06,10:18:00,3,1,5566
68139,2016-09-06,10:28:00,111,1,9609
68140,2016-09-06,10:35:00,299,1,4586
68141,2016-09-06,10:37:00,217,3,4926
68142,2016-09-06,10:38:00,26,1,1951
68143,2016-09-06,10:42:00,393,2,7050
68144,2016-09-06,10:46:00,8,2,878
68145,2016-09-06,10:58:00,24,2,11319
68146,2016-09-06,11:07:00,413,2,5119
68147,2016-09-06,11:13:00,287,4,8877
68148,2016-09-06,11:14:00,86,1,9093
68149,2016-09-06,11:22:00,190,2,3174
68150,2016-09-06,11:26:00,233,1,10748
68151,2016-09-06,11:34:00,257,1,5754
68152,2016-09-06,11:40:00,94,2,7643
68153,2016-09-06,11:41:00,315,2,7018
68154,2016-09-06,11:43:00,387,2,8287
68155,2016-09-06,11:44:00,128,1,5981
68156,2016-09-06,12:01:00,222,2,9298
68157,2016-09-06,12:02:00,238,2,1702
68158,2016-09-06,12:04:00,445,2,10576
68159,2016-09-06,12:05:00,360,2,2494
68160,2016-09-06,12:10:00,236,2,5201
68161,2016-09-06,12:10:00,125,2,8768
68162,2016-09-06,12:10:00,141,2,8949
68163,2016-09-06,12:12:00,318,2,3056
68164,2016-09-06,12:43:00,389,2,8289
68165,2016-09-06,12:52:00,226,3,8414
68166,2016-09-06,12:55:00,398,2,9296
68167,2016-09-06,13:09:00,105,2,2959
68168,2016-09-06,13:12:00,212,4,3240
68169,2016-09-06,13:19:00,52,2,9882
68170,2016-09-06,13:23:00,147,1,11161
68171,2016-09-06,13:28:00,457,2,11205
68172,2016-09-06,13:31:00,453,3,11687
68173,2016-09-06,13:35:00,433,2,5699
68174,2016-09-06,13:41:00,270,2,9945
68175,2016-09-06,13:42:00,456,1,995
68176,2016-09-06,13:42:00,136,1,6268
68177,2016-09-06,13:50:00,3,2,10729
68178,2016-09-06,13:55:00,127,1,6405
68179,2016-09-06,13:56:00,172,1,9409
68180,2016-09-06,14:05:00,184,1,699
68181,2016-09-06,14:07:00,25,3,9347
68182,2016-09-06,14:11:00,402,5,4485
68183,2016-09-06,14:11:00,238,2,1719
68184,2016-09-06,14:11:00,196,4,11340
68185,2016-09-06,14:14:00,275,3,6916
68186,2016-09-06,14:16:00,83,3,5071
68187,2016-09-06,14:16:00,62,3,1589
68188,2016-09-06,14:21:00,99,2,5163
68189,2016-09-06,14:23:00,437,3,549
68190,2016-09-06,14:41:00,89,2,2860
68191,2016-09-06,14:44:00,114,2,11432
68192,2016-09-06,14:48:00,389,1,10994
68193,2016-09-06,14:54:00,450,1,9793
68194,2016-09-06,14:59:00,244,2,10854
68195,2016-09-06,15:13:00,114,2,1875
68196,2016-09-06,15:14:00,114,3,8235
68197,2016-09-06,15:15:00,423,2,4560
68198,2016-09-06,15:16:00,344,3,3784
68199,2016-09-06,15:21:00,34,4,2924
68200,2016-09-06,15:21:00,205,1,2191
68201,2016-09-06,15:25:00,175,2,10421
68202,2016-09-06,15:28:00,21,1,6743
68203,2016-09-06,15:32:00,233,3,5468
68204,2016-09-06,15:34:00,338,2,5241
68205,2016-09-06,15:36:00,361,1,4128
68206,2016-09-06,15:43:00,116,1,7408
68207,2016-09-06,15:47:00,336,4,1417
68208,2016-09-06,16:09:00,265,2,2413
68209,2016-09-06,16:10:00,405,1,8360
68210,2016-09-06,16:11:00,351,2,6807
68211,2016-09-06,16:18:00,222,2,10364
68212,2016-09-06,16:28:00,236,2,9066
68213,2016-09-06,16:32:00,98,1,6956
68214,2016-09-06,16:32:00,232,2,8669
68215,2016-09-06,16:52:00,352,1,2502
68216,2016-09-06,17:11:00,103,1,11109
68217,2016-09-06,17:12:00,116,3,3151
68218,2016-09-06,17:14:00,309,2,5988
68219,2016-09-06,17:17:00,61,5,833
68220,2016-09-06,17:18:00,33,1,5757
68221,2016-09-06,17:22:00,43,1,2365
68222,2016-09-06,17:25:00,318,4,7340
68223,2016-09-06,17:27:00,306,1,4925
68224,2016-09-06,17:42:00,166,3,6577
68225,2016-09-06,17:42:00,391,3,8754
68226,2016-09-06,17:45:00,344,2,8391
68227,2016-09-06,17:47:00,81,2,135
68228,2016-09-06,17:52:00,197,1,1065
68229,2016-09-06,17:52:00,270,2,8915
68230,2016-09-06,17:55:00,175,2,8119
68231,2016-09-06,17:56:00,450,2,8086
68232,2016-09-06,17:58:00,391,2,7668
68233,2016-09-06,18:05:00,98,3,5660
68234,2016-09-06,18:05:00,239,1,9935
68235,2016-09-06,18:06:00,92,1,130
68236,2016-09-06,18:08:00,56,3,7304
68237,2016-09-06,18:08:00,363,2,3709
68238,2016-09-06,18:10:00,358,1,8387
68239,2016-09-06,18:11:00,379,2,8532
68240,2016-09-06,18:11:00,135,1,8238
68241,2016-09-06,18:18:00,30,2,10655
68242,2016-09-06,18:20:00,91,1,10906
68243,2016-09-06,18:27:00,291,1,6109
68244,2016-09-06,18:30:00,45,1,1327
68245,2016-09-06,18:31:00,174,3,3106
68246,2016-09-06,18:32:00,381,2,6060
68247,2016-09-06,18:33:00,71,2,2777
68248,2016-09-06,19:03:00,138,2,3850
68249,2016-09-06,19:15:00,272,2,1712
68250,2016-09-06,19:19:00,118,2,3069
68251,2016-09-06,19:20:00,295,2,4208
68252,2016-09-06,19:25:00,168,2,9320
68253,2016-09-06,19:29:00,363,2,10564
68254,2016-09-06,19:30:00,310,6,2294
68255,2016-09-06,19:31:00,437,3,2635
68256,2016-09-06,19:37:00,431,2,791
68257,2016-09-06,19:39:00,203,2,5902
68258,2016-09-06,19:44:00,390,2,10443
68259,2016-09-06,19:45:00,254,1,4898
68260,2016-09-06,19:50:00,4,2,5020
68261,2016-09-06,19:54:00,154,1,8316
68262,2016-09-06,19:55:00,377,4,11903
68263,2016-09-06,20:12:00,353,3,3622
68264,2016-09-06,20:12:00,181,2,6884
68265,2016-09-06,20:13:00,146,1,11487
68266,2016-09-06,20:27:00,258,1,10197
68267,2016-09-06,20:34:00,396,3,11871
68268,2016-09-06,20:44:00,284,2,8279
68269,2016-09-06,20:49:00,254,2,1541
68270,2016-09-06,20:51:00,50,2,11829
68271,2016-09-06,21:33:00,408,1,9178
68272,2016-09-06,21:33:00,451,1,10177
68273,2016-09-06,21:40:00,190,2,5328
68274,2016-09-06,21:43:00,270,1,1696
68275,2016-09-06,21:45:00,38,2,11675
68276,2016-09-06,21:47:00,135,2,9683
68277,2016-09-06,22:02:00,11,1,3804
68278,2016-09-06,22:06:00,147,1,1091
68279,2016-09-06,22:12:00,251,3,4251
68280,2016-09-06,22:19:00,428,2,2732
68281,2016-09-06,22:29:00,344,1,3379
68282,2016-09-06,22:32:00,52,3,7148
68283,2016-09-06,22:35:00,32,1,5298
68284,2016-09-06,22:39:00,441,3,2135
68285,2016-09-06,22:50:00,13,1,9692
68286,2016-09-06,22:53:00,448,1,4900
68287,2016-09-06,22:53:00,202,1,1224
68288,2016-09-06,23:01:00,193,2,10324
68289,2016-09-06,23:09:00,66,1,6946
68290,2016-09-06,23:10:00,63,2,4581
68291,2016-09-06,23:14:00,141,1,9777
68292,2016-09-06,23:16:00,231,3,5907
68293,2016-09-06,23:25:00,249,2,1496
68294,2016-09-06,23:27:00,423,1,1967
68295,2016-09-06,23:31:00,406,2,7411
68296,2016-09-06,23:36:00,63,3,9193
68297,2016-09-06,23:45:00,442,1,9703
68298,2016-09-06,23:47:00,344,2,8622
68299,2016-09-06,23:54:00,428,3,8247
68300,2016-09-06,23:57:00,168,3,5666
68301,2016-09-06,23:58:00,140,1,2331
68302,2016-09-07,00:06:00,382,2,1315
68303,2016-09-07,00:08:00,369,2,3951
68304,2016-09-07,00:12:00,288,1,1856
68305,2016-09-07,00:20:00,279,2,2862
68306,2016-09-07,00:26:00,121,1,10922
68307,2016-09-07,00:28:00,16,2,6596
68308,2016-09-07,00:44:00,270,1,10559
68309,2016-09-07,00:51:00,203,2,10873
68310,2016-09-07,01:05:00,181,2,9725
68311,2016-09-07,01:09:00,28,2,4389
68312,2016-09-07,01:13:00,31,3,3748
68313,2016-09-07,01:14:00,67,4,4650
68314,2016-09-07,01:15:00,27,1,8886
68315,2016-09-07,01:19:00,101,3,289
68316,2016-09-07,01:20:00,273,2,2157
68317,2016-09-07,01:24:00,297,1,7041
68318,2016-09-07,01:27:00,264,2,1978
68319,2016-09-07,01:28:00,123,5,3508
68320,2016-09-07,01:29:00,340,1,9242
68321,2016-09-07,01:30:00,435,2,7790
68322,2016-09-07,01:36:00,25,1,6121
68323,2016-09-07,01:54:00,373,1,3766
68324,2016-09-07,02:09:00,226,3,2245
68325,2016-09-07,02:21:00,155,3,1967
68326,2016-09-07,02:22:00,188,5,5563
68327,2016-09-07,02:22:00,11,2,10272
68328,2016-09-07,02:23:00,153,1,202
68329,2016-09-07,02:23:00,382,2,5585
68330,2016-09-07,02:29:00,187,1,3987
68331,2016-09-07,02:32:00,58,3,1433
68332,2016-09-07,02:33:00,304,1,9423
68333,2016-09-07,02:41:00,66,1,11019
68334,2016-09-07,02:58:00,171,3,7907
68335,2016-09-07,03:00:00,128,3,5712
68336,2016-09-07,03:01:00,2,1,2957
68337,2016-09-07,03:12:00,68,1,10180
68338,2016-09-07,03:18:00,215,1,8345
68339,2016-09-07,03:25:00,327,2,6802
68340,2016-09-07,03:36:00,309,1,11279
68341,2016-09-07,03:37:00,335,2,8899
68342,2016-09-07,03:38:00,339,5,8539
68343,2016-09-07,03:54:00,429,3,1764
68344,2016-09-07,03:57:00,115,2,9777
68345,2016-09-07,04:01:00,91,3,8011
68346,2016-09-07,04:07:00,443,2,3855
68347,2016-09-07,04:14:00,53,1,9888
68348,2016-09-07,04:14:00,125,2,1717
68349,2016-09-07,04:17:00,108,1,46
68350,2016-09-07,04:17:00,279,3,1885
68351,2016-09-07,04:20:00,293,1,11239
68352,2016-09-07,04:24:00,11,3,1965
68353,2016-09-07,04:39:00,123,1,584
68354,2016-09-07,04:46:00,132,2,896
68355,2016-09-07,04:52:00,32,3,664
68356,2016-09-07,04:57:00,236,4,3668
68357,2016-09-07,05:01:00,372,3,8184
68358,2016-09-07,05:07:00,274,1,6475
68359,2016-09-07,05:09:00,241,2,2782
68360,2016-09-07,05:12:00,183,1,4964
68361,2016-09-07,05:14:00,219,2,3479
68362,2016-09-07,05:16:00,152,3,9159
68363,2016-09-07,05:20:00,216,3,682
68364,2016-09-07,05:22:00,247,2,8013
68365,2016-09-07,05:23:00,247,4,2040
68366,2016-09-07,05:33:00,455,2,9273
68367,2016-09-07,05:33:00,41,1,11968
68368,2016-09-07,05:38:00,123,1,11246
68369,2016-09-07,05:44:00,247,1,8198
68370,2016-09-07,05:54:00,268,4,3454
68371,2016-09-07,06:00:00,276,2,11786
68372,2016-09-07,06:01:00,248,1,6926
68373,2016-09-07,06:07:00,413,1,2908
68374,2016-09-07,06:08:00,116,2,3219
68375,2016-09-07,06:14:00,349,3,5406
68376,2016-09-07,06:15:00,423,1,6196
68377,2016-09-07,06:16:00,51,1,10367
68378,2016-09-07,06:17:00,14,2,1756
68379,2016-09-07,06:17:00,71,1,5201
68380,2016-09-07,06:32:00,398,2,2497
68381,2016-09-07,06:35:00,447,3,8510
68382,2016-09-07,06:46:00,354,2,7853
68383,2016-09-07,06:52:00,93,3,10984
68384,2016-09-07,06:56:00,297,1,10460
68385,2016-09-07,07:00:00,439,2,9536
68386,2016-09-07,07:04:00,425,1,6071
68387,2016-09-07,07:11:00,258,4,7817
68388,2016-09-07,07:12:00,355,2,11057
68389,2016-09-07,07:12:00,144,3,3351
68390,2016-09-07,07:22:00,445,2,2867
68391,2016-09-07,07:27:00,301,3,5020
68392,2016-09-07,07:33:00,69,3,1164
68393,2016-09-07,07:39:00,376,1,3531
68394,2016-09-07,07:44:00,197,1,8981
68395,2016-09-07,07:52:00,170,1,88
68396,2016-09-07,08:02:00,177,1,5754
68397,2016-09-07,08:10:00,220,3,324
68398,2016-09-07,08:16:00,14,2,615
68399,2016-09-07,08:20:00,106,1,11231
68400,2016-09-07,08:37:00,353,2,7825
68401,2016-09-07,08:39:00,104,3,9965
68402,2016-09-07,08:50:00,230,2,3088
68403,2016-09-07,08:55:00,261,2,10098
68404,2016-09-07,09:05:00,34,1,5679
68405,2016-09-07,09:07:00,404,1,5628
68406,2016-09-07,09:07:00,18,2,7516
68407,2016-09-07,09:09:00,92,3,2716
68408,2016-09-07,09:10:00,221,3,5192
68409,2016-09-07,09:11:00,293,3,1847
68410,2016-09-07,09:11:00,126,5,8915
68411,2016-09-07,09:12:00,420,1,9368
68412,2016-09-07,09:20:00,34,1,9136
68413,2016-09-07,09:29:00,31,3,1113
68414,2016-09-07,09:38:00,206,4,5928
68415,2016-09-07,09:42:00,185,2,7120
68416,2016-09-07,09:43:00,109,1,3730
68417,2016-09-07,09:49:00,150,3,424
68418,2016-09-07,10:02:00,59,4,11175
68419,2016-09-07,10:09:00,214,1,6211
68420,2016-09-07,10:23:00,148,4,11967
68421,2016-09-07,10:25:00,32,2,8894
68422,2016-09-07,10:29:00,362,3,10069
68423,2016-09-07,10:31:00,84,3,3592
68424,2016-09-07,10:33:00,397,2,2819
68425,2016-09-07,10:47:00,244,2,9897
68426,2016-09-07,10:49:00,93,5,3783
68427,2016-09-07,10:53:00,376,1,5104
68428,2016-09-07,11:22:00,297,1,30
68429,2016-09-07,11:25:00,67,2,8496
68430,2016-09-07,11:29:00,268,2,3407
68431,2016-09-07,11:32:00,114,3,10811
68432,2016-09-07,11:36:00,359,2,9292
68433,2016-09-07,11:47:00,349,2,4007
68434,2016-09-07,11:53:00,135,4,6515
68435,2016-09-07,11:59:00,139,3,9121
68436,2016-09-07,12:02:00,204,2,9897
68437,2016-09-07,12:04:00,199,2,11178
68438,2016-09-07,12:12:00,207,1,8104
68439,2016-09-07,12:17:00,149,2,4998
68440,2016-09-07,12:29:00,227,3,6628
68441,2016-09-07,12:29:00,414,1,10725
68442,2016-09-07,12:34:00,337,1,7569
68443,2016-09-07,12:34:00,5,2,8751
68444,2016-09-07,12:36:00,108,2,1331
68445,2016-09-07,12:38:00,37,1,4854
68446,2016-09-07,12:55:00,353,1,2765
68447,2016-09-07,12:56:00,187,1,10369
68448,2016-09-07,13:00:00,320,2,3499
68449,2016-09-07,13:08:00,398,1,3037
68450,2016-09-07,13:09:00,364,1,4917
68451,2016-09-07,13:11:00,386,2,2760
68452,2016-09-07,13:13:00,364,2,8026
68453,2016-09-07,13:14:00,70,2,2070
68454,2016-09-07,13:23:00,449,3,4465
68455,2016-09-07,13:29:00,135,2,4555
68456,2016-09-07,13:30:00,267,2,10552
68457,2016-09-07,13:40:00,179,2,8556
68458,2016-09-07,14:02:00,193,3,7078
68459,2016-09-07,14:05:00,411,1,1730
68460,2016-09-07,14:07:00,330,2,9802
68461,2016-09-07,14:09:00,457,2,8537
68462,2016-09-07,14:10:00,283,2,2500
68463,2016-09-07,14:17:00,106,1,4169
68464,2016-09-07,14:26:00,47,2,9774
68465,2016-09-07,14:32:00,20,2,3915
68466,2016-09-07,14:33:00,402,2,6621
68467,2016-09-07,14:33:00,36,1,227
68468,2016-09-07,14:33:00,355,1,10610
68469,2016-09-07,14:34:00,357,3,9183
68470,2016-09-07,14:34:00,191,3,9268
68471,2016-09-07,14:39:00,359,2,7127
68472,2016-09-07,14:52:00,109,4,7886
68473,2016-09-07,14:53:00,117,2,2778
68474,2016-09-07,14:57:00,314,3,527
68475,2016-09-07,14:58:00,456,2,7791
68476,2016-09-07,14:58:00,456,1,4936
68477,2016-09-07,15:22:00,455,2,11427
68478,2016-09-07,15:34:00,252,2,8761
68479,2016-09-07,15:37:00,154,1,8607
68480,2016-09-07,15:47:00,90,1,10255
68481,2016-09-07,15:49:00,17,1,6745
68482,2016-09-07,15:52:00,383,1,338
68483,2016-09-07,15:59:00,369,3,7586
68484,2016-09-07,16:03:00,130,1,2345
68485,2016-09-07,16:04:00,336,1,7520
68486,2016-09-07,16:10:00,182,2,8688
68487,2016-09-07,16:11:00,342,2,1346
68488,2016-09-07,16:23:00,413,1,8830
68489,2016-09-07,16:31:00,4,1,3957
68490,2016-09-07,16:43:00,117,1,7527
68491,2016-09-07,16:45:00,162,1,10498
68492,2016-09-07,16:46:00,439,1,7340
68493,2016-09-07,16:54:00,406,5,4096
68494,2016-09-07,16:56:00,365,4,5539
68495,2016-09-07,16:58:00,398,1,7632
68496,2016-09-07,17:04:00,429,3,6886
68497,2016-09-07,17:06:00,182,2,11268
68498,2016-09-07,17:11:00,95,4,7527
68499,2016-09-07,17:13:00,393,2,34
68500,2016-09-07,17:16:00,30,3,6570
68501,2016-09-07,17:19:00,209,1,3404
68502,2016-09-07,17:23:00,454,2,10384
68503,2016-09-07,17:24:00,430,1,2971
68504,2016-09-07,17:30:00,174,1,11234
68505,2016-09-07,17:31:00,110,2,933
68506,2016-09-07,17:31:00,371,2,6131
68507,2016-09-07,17:50:00,180,1,11115
68508,2016-09-07,17:55:00,451,3,4552
68509,2016-09-07,17:55:00,242,3,1794
68510,2016-09-07,17:59:00,457,2,8463
68511,2016-09-07,18:09:00,136,1,2117
68512,2016-09-07,18:15:00,422,2,2181
68513,2016-09-07,18:19:00,457,2,652
68514,2016-09-07,18:25:00,202,2,6960
68515,2016-09-07,18:35:00,173,2,2148
68516,2016-09-07,18:39:00,106,3,9068
68517,2016-09-07,18:40:00,364,3,9345
68518,2016-09-07,18:44:00,351,1,3061
68519,2016-09-07,18:45:00,456,1,7810
68520,2016-09-07,18:45:00,128,1,9755
68521,2016-09-07,18:46:00,36,2,6402
68522,2016-09-07,18:55:00,388,3,3554
68523,2016-09-07,18:56:00,32,2,4401
68524,2016-09-07,18:59:00,394,1,7814
68525,2016-09-07,19:05:00,271,2,10988
68526,2016-09-07,19:07:00,195,2,9106
68527,2016-09-07,19:22:00,2,1,10818
68528,2016-09-07,19:22:00,275,2,7828
68529,2016-09-07,19:25:00,118,2,11662
68530,2016-09-07,19:26:00,129,1,11813
68531,2016-09-07,19:29:00,170,2,1648
68532,2016-09-07,19:37:00,280,1,9264
68533,2016-09-07,19:39:00,400,4,8775
68534,2016-09-07,19:39:00,276,1,10180
68535,2016-09-07,19:43:00,125,1,7057
68536,2016-09-07,19:46:00,110,2,8255
68537,2016-09-07,19:47:00,368,3,2283
68538,2016-09-07,19:52:00,87,2,7590
68539,2016-09-07,19:53:00,69,2,10637
68540,2016-09-07,19:56:00,20,2,1440
68541,2016-09-07,20:00:00,84,2,5719
68542,2016-09-07,20:15:00,378,2,7560
68543,2016-09-07,20:23:00,271,2,4728
68544,2016-09-07,20:28:00,24,1,4904
68545,2016-09-07,20:38:00,198,3,5713
68546,2016-09-07,20:39:00,352,2,2993
68547,2016-09-07,20:40:00,406,2,7174
68548,2016-09-07,20:57:00,29,3,2555
68549,2016-09-07,21:00:00,52,4,4799
68550,2016-09-07,21:18:00,239,2,7511
68551,2016-09-07,21:20:00,1,2,983
68552,2016-09-07,21:23:00,37,3,7918
68553,2016-09-07,21:23:00,59,2,5565
68554,2016-09-07,21:23:00,183,6,3704
68555,2016-09-07,21:25:00,442,3,9145
68556,2016-09-07,21:26:00,418,1,9348
68557,2016-09-07,21:27:00,378,4,343
68558,2016-09-07,21:32:00,138,3,1419
68559,2016-09-07,21:33:00,178,2,1681
68560,2016-09-07,21:40:00,189,3,4898
68561,2016-09-07,21:41:00,409,2,7665
68562,2016-09-07,21:48:00,157,2,7690
68563,2016-09-07,21:48:00,302,1,948
68564,2016-09-07,21:51:00,212,2,11105
68565,2016-09-07,21:57:00,48,2,8448
68566,2016-09-07,21:59:00,5,3,5996
68567,2016-09-07,22:05:00,71,3,5039
68568,2016-09-07,22:08:00,319,3,8919
68569,2016-09-07,22:24:00,246,3,10543
68570,2016-09-07,22:31:00,303,1,10594
68571,2016-09-07,22:44:00,230,1,5371
68572,2016-09-07,22:49:00,198,2,9682
68573,2016-09-07,22:50:00,335,2,2404
68574,2016-09-07,23:02:00,62,5,11186
68575,2016-09-07,23:02:00,443,1,9795
68576,2016-09-07,23:04:00,452,1,10995
68577,2016-09-07,23:04:00,264,1,1501
68578,2016-09-07,23:07:00,128,2,10848
68579,2016-09-07,23:08:00,28,1,11239
68580,2016-09-07,23:09:00,82,2,7293
68581,2016-09-07,23:12:00,417,2,11255
68582,2016-09-07,23:15:00,125,2,4073
68583,2016-09-07,23:20:00,178,2,2318
68584,2016-09-07,23:21:00,23,3,9597
68585,2016-09-07,23:36:00,265,2,1595
68586,2016-09-07,23:37:00,438,1,2504
68587,2016-09-07,23:39:00,330,2,9072
68588,2016-09-07,23:40:00,59,3,6000
68589,2016-09-07,23:49:00,179,1,3745
68590,2016-09-07,23:54:00,151,2,7321
68591,2016-09-07,23:57:00,274,2,5954
68592,2016-09-08,00:11:00,26,3,2076
68593,2016-09-08,00:13:00,64,2,9942
68594,2016-09-08,00:28:00,408,2,553
68595,2016-09-08,00:31:00,369,1,9241
68596,2016-09-08,00:39:00,190,1,7072
68597,2016-09-08,00:48:00,279,2,793
68598,2016-09-08,00:49:00,2,3,979
68599,2016-09-08,00:50:00,266,2,7387
68600,2016-09-08,00:53:00,243,1,7851
68601,2016-09-08,01:06:00,286,3,6027
68602,2016-09-08,01:06:00,60,2,4996
68603,2016-09-08,01:14:00,227,3,365
68604,2016-09-08,01:31:00,417,2,2608
68605,2016-09-08,01:36:00,351,2,9621
68606,2016-09-08,01:54:00,203,1,708
68607,2016-09-08,01:55:00,60,1,6249
68608,2016-09-08,01:56:00,307,1,11540
68609,2016-09-08,01:59:00,15,3,8403
68610,2016-09-08,02:00:00,317,3,8180
68611,2016-09-08,02:01:00,196,1,8972
68612,2016-09-08,02:18:00,406,1,10433
68613,2016-09-08,02:19:00,454,2,7297
68614,2016-09-08,02:20:00,304,2,2528
68615,2016-09-08,02:21:00,363,2,10642
68616,2016-09-08,02:25:00,69,1,3512
68617,2016-09-08,02:26:00,136,1,5883
68618,2016-09-08,02:28:00,428,3,10766
68619,2016-09-08,02:49:00,370,2,8880
68620,2016-09-08,02:52:00,151,3,11660
68621,2016-09-08,02:54:00,420,4,11053
68622,2016-09-08,02:55:00,66,1,10211
68623,2016-09-08,02:55:00,327,3,2901
68624,2016-09-08,02:55:00,380,1,10386
68625,2016-09-08,02:56:00,317,2,10656
68626,2016-09-08,03:21:00,90,1,9528
68627,2016-09-08,03:32:00,239,2,9398
68628,2016-09-08,03:35:00,243,1,7881
68629,2016-09-08,03:35:00,363,4,11760
68630,2016-09-08,03:37:00,202,2,8616
68631,2016-09-08,03:44:00,368,5,364
68632,2016-09-08,03:47:00,424,1,9587
68633,2016-09-08,03:48:00,424,1,6807
68634,2016-09-08,04:03:00,386,2,3702
68635,2016-09-08,04:07:00,428,1,7171
68636,2016-09-08,04:11:00,201,3,7512
68637,2016-09-08,04:36:00,147,1,524
68638,2016-09-08,04:41:00,210,2,7945
68639,2016-09-08,04:43:00,268,4,11979
68640,2016-09-08,04:47:00,169,1,8718
68641,2016-09-08,04:59:00,14,1,10067
68642,2016-09-08,05:03:00,71,1,5541
68643,2016-09-08,05:04:00,316,2,3317
68644,2016-09-08,05:11:00,270,1,8882
68645,2016-09-08,05:13:00,456,3,8561
68646,2016-09-08,05:17:00,244,1,1806
68647,2016-09-08,05:20:00,250,4,1045
68648,2016-09-08,05:22:00,216,2,8936
68649,2016-09-08,05:23:00,197,4,921
68650,2016-09-08,05:23:00,159,2,9652
68651,2016-09-08,05:32:00,393,2,9227
68652,2016-09-08,05:37:00,32,1,3113
68653,2016-09-08,05:38:00,31,2,3741
68654,2016-09-08,05:41:00,275,3,7530
68655,2016-09-08,05:48:00,150,3,5080
68656,2016-09-08,05:56:00,445,3,10373
68657,2016-09-08,06:01:00,34,3,6994
68658,2016-09-08,06:03:00,252,4,4210
68659,2016-09-08,06:08:00,357,2,3261
68660,2016-09-08,06:11:00,69,2,4987
68661,2016-09-08,06:23:00,47,3,4255
68662,2016-09-08,06:25:00,151,2,6944
68663,2016-09-08,06:27:00,315,1,4704
68664,2016-09-08,06:27:00,234,2,5568
68665,2016-09-08,06:28:00,63,1,9467
68666,2016-09-08,06:32:00,315,1,7111
68667,2016-09-08,06:33:00,132,1,7296
68668,2016-09-08,06:33:00,229,2,11320
68669,2016-09-08,06:34:00,414,1,2360
68670,2016-09-08,06:34:00,60,3,7239
68671,2016-09-08,06:38:00,241,1,4004
68672,2016-09-08,06:44:00,412,2,6490
68673,2016-09-08,06:49:00,199,1,2261
68674,2016-09-08,06:50:00,59,2,7455
68675,2016-09-08,06:54:00,367,1,11415
68676,2016-09-08,06:56:00,336,2,5057
68677,2016-09-08,07:11:00,200,1,435
68678,2016-09-08,07:12:00,64,3,1432
68679,2016-09-08,07:22:00,408,2,1489
68680,2016-09-08,07:24:00,445,2,4210
68681,2016-09-08,07:27:00,309,3,1992
68682,2016-09-08,07:28:00,201,2,11530
68683,2016-09-08,07:38:00,293,1,214
68684,2016-09-08,07:48:00,386,1,7067
68685,2016-09-08,08:06:00,172,1,7997
68686,2016-09-08,08:13:00,21,2,3198
68687,2016-09-08,08:18:00,63,2,11686
68688,2016-09-08,08:18:00,114,1,3862
68689,2016-09-08,08:19:00,365,1,6761
68690,2016-09-08,08:23:00,169,1,9692
68691,2016-09-08,08:30:00,3,1,5814
68692,2016-09-08,08:38:00,346,2,2095
68693,2016-09-08,08:42:00,163,3,2207
68694,2016-09-08,08:48:00,392,1,2067
68695,2016-09-08,08:57:00,344,1,9728
68696,2016-09-08,08:57:00,188,3,3072
68697,2016-09-08,08:58:00,400,3,3770
68698,2016-09-08,08:59:00,370,1,11450
68699,2016-09-08,09:00:00,185,3,6043
68700,2016-09-08,09:03:00,305,1,8756
68701,2016-09-08,09:04:00,113,2,4284
68702,2016-09-08,09:07:00,308,6,4642
68703,2016-09-08,09:15:00,396,3,9014
68704,2016-09-08,09:19:00,444,2,6130
68705,2016-09-08,09:24:00,124,3,7485
68706,2016-09-08,09:30:00,331,3,8221
68707,2016-09-08,09:36:00,292,1,7699
68708,2016-09-08,09:38:00,370,1,7299
68709,2016-09-08,09:43:00,46,1,950
68710,2016-09-08,09:45:00,424,3,10683
68711,2016-09-08,09:46:00,438,2,5038
68712,2016-09-08,09:50:00,279,2,7495
68713,2016-09-08,09:55:00,329,2,10008
68714,2016-09-08,09:57:00,96,1,5821
68715,2016-09-08,10:00:00,453,2,1370
68716,2016-09-08,10:03:00,35,2,9766
68717,2016-09-08,10:12:00,229,3,989
68718,2016-09-08,10:32:00,206,2,11957
68719,2016-09-08,10:55:00,369,1,11355
68720,2016-09-08,10:58:00,24,2,2826
68721,2016-09-08,10:58:00,141,1,7682
68722,2016-09-08,11:00:00,451,1,9114
68723,2016-09-08,11:09:00,187,1,2884
68724,2016-09-08,11:11:00,310,1,2188
68725,2016-09-08,11:14:00,312,2,8656
68726,2016-09-08,11:21:00,51,2,6343
68727,2016-09-08,11:33:00,438,1,3916
68728,2016-09-08,11:37:00,449,1,1016
68729,2016-09-08,11:37:00,101,2,1514
68730,2016-09-08,11:39:00,58,1,8471
68731,2016-09-08,11:47:00,369,2,7941
68732,2016-09-08,11:51:00,11,3,1681
68733,2016-09-08,11:52:00,316,2,2742
68734,2016-09-08,12:10:00,209,2,11165
68735,2016-09-08,12:11:00,164,1,4546
68736,2016-09-08,12:11:00,263,1,2864
68737,2016-09-08,12:13:00,236,4,4968
68738,2016-09-08,12:15:00,160,3,8719
68739,2016-09-08,12:22:00,332,1,8847
68740,2016-09-08,12:35:00,175,2,7922
68741,2016-09-08,12:41:00,358,3,775
68742,2016-09-08,12:55:00,409,2,10418
68743,2016-09-08,13:02:00,335,2,11143
68744,2016-09-08,13:02:00,216,5,8929
68745,2016-09-08,13:03:00,382,2,10600
68746,2016-09-08,13:08:00,165,3,7635
68747,2016-09-08,13:09:00,126,2,5925
68748,2016-09-08,13:13:00,272,1,11883
68749,2016-09-08,13:25:00,44,2,10851
68750,2016-09-08,13:26:00,397,4,6941
68751,2016-09-08,13:29:00,441,2,8361
68752,2016-09-08,13:35:00,155,2,8626
68753,2016-09-08,13:43:00,34,1,10719
68754,2016-09-08,13:45:00,385,1,1435
68755,2016-09-08,13:48:00,356,1,11967
68756,2016-09-08,13:52:00,372,1,1903
68757,2016-09-08,13:57:00,406,2,520
68758,2016-09-08,13:58:00,431,1,5805
68759,2016-09-08,13:59:00,281,3,4590
68760,2016-09-08,14:00:00,292,1,1233
68761,2016-09-08,14:05:00,413,5,6546
68762,2016-09-08,14:17:00,359,2,8440
68763,2016-09-08,14:17:00,147,2,4869
68764,2016-09-08,14:18:00,167,1,927
68765,2016-09-08,14:20:00,455,3,202
68766,2016-09-08,14:31:00,319,2,628
68767,2016-09-08,14:35:00,141,3,9405
68768,2016-09-08,14:35:00,285,1,9817
68769,2016-09-08,14:39:00,135,2,6410
68770,2016-09-08,14:44:00,21,2,4415
68771,2016-09-08,14:45:00,218,1,2171
68772,2016-09-08,14:53:00,285,2,2735
68773,2016-09-08,14:55:00,164,4,3891
68774,2016-09-08,14:56:00,74,1,2410
68775,2016-09-08,15:02:00,332,2,3456
68776,2016-09-08,15:03:00,381,1,7371
68777,2016-09-08,15:04:00,411,2,10733
68778,2016-09-08,15:14:00,123,3,7717
68779,2016-09-08,15:15:00,277,3,9769
68780,2016-09-08,15:26:00,89,1,6937
68781,2016-09-08,15:28:00,322,1,11650
68782,2016-09-08,15:31:00,79,1,10975
68783,2016-09-08,15:34:00,61,1,2062
68784,2016-09-08,15:36:00,5,1,3726
68785,2016-09-08,15:37:00,433,1,9943
68786,2016-09-08,15:42:00,170,2,2790
68787,2016-09-08,15:42:00,324,2,7175
68788,2016-09-08,15:44:00,409,1,3224
68789,2016-09-08,15:45:00,69,2,11998
68790,2016-09-08,15:54:00,454,3,1214
68791,2016-09-08,15:55:00,356,4,6406
68792,2016-09-08,15:55:00,220,3,1563
68793,2016-09-08,15:58:00,335,3,8533
68794,2016-09-08,16:00:00,379,1,10872
68795,2016-09-08,16:07:00,72,5,2413
68796,2016-09-08,16:10:00,40,2,10957
68797,2016-09-08,16:11:00,440,1,6176
68798,2016-09-08,16:13:00,104,2,10155
68799,2016-09-08,16:18:00,68,2,5055
68800,2016-09-08,16:25:00,406,1,1234
68801,2016-09-08,16:26:00,193,2,3636
68802,2016-09-08,16:31:00,199,1,8785
68803,2016-09-08,16:34:00,213,2,10170
68804,2016-09-08,16:48:00,22,4,9876
68805,2016-09-08,16:50:00,275,3,1773
68806,2016-09-08,16:56:00,150,4,4729
68807,2016-09-08,16:56:00,426,3,1560
68808,2016-09-08,17:00:00,393,3,3290
68809,2016-09-08,17:17:00,77,3,10195
68810,2016-09-08,17:20:00,284,1,4448
68811,2016-09-08,17:22:00,208,1,7411
68812,2016-09-08,17:24:00,136,4,3468
68813,2016-09-08,17:33:00,214,4,7154
68814,2016-09-08,17:34:00,91,3,14
68815,2016-09-08,17:37:00,327,1,7828
68816,2016-09-08,17:37:00,64,4,161
68817,2016-09-08,17:37:00,175,2,2793
68818,2016-09-08,17:42:00,330,2,2414
68819,2016-09-08,17:42:00,451,2,9747
68820,2016-09-08,17:59:00,444,1,9460
68821,2016-09-08,18:01:00,247,2,8260
68822,2016-09-08,18:04:00,320,3,7413
68823,2016-09-08,18:20:00,71,2,11530
68824,2016-09-08,18:22:00,230,3,386
68825,2016-09-08,18:25:00,393,2,3669
68826,2016-09-08,18:34:00,427,1,5484
68827,2016-09-08,18:36:00,81,2,1391
68828,2016-09-08,18:39:00,238,1,11084
68829,2016-09-08,18:40:00,405,2,3627
68830,2016-09-08,18:41:00,77,1,998
68831,2016-09-08,18:51:00,411,1,891
68832,2016-09-08,18:53:00,354,2,2610
68833,2016-09-08,18:56:00,387,1,11768
68834,2016-09-08,19:02:00,339,2,2722
68835,2016-09-08,19:10:00,263,3,4511
68836,2016-09-08,19:25:00,174,1,177
68837,2016-09-08,19:26:00,374,2,5045
68838,2016-09-08,19:36:00,56,2,1004
68839,2016-09-08,19:44:00,367,1,8121
68840,2016-09-08,19:48:00,261,2,2821
68841,2016-09-08,19:48:00,73,1,7059
68842,2016-09-08,20:03:00,169,1,8450
68843,2016-09-08,20:06:00,115,3,1700
68844,2016-09-08,20:16:00,339,2,5702
68845,2016-09-08,20:22:00,404,1,9411
68846,2016-09-08,20:36:00,261,1,11364
68847,2016-09-08,20:37:00,211,1,1053
68848,2016-09-08,20:42:00,349,1,3992
68849,2016-09-08,20:43:00,94,1,5073
68850,2016-09-08,20:54:00,218,2,10392
68851,2016-09-08,20:54:00,125,7,10342
68852,2016-09-08,21:03:00,118,2,1848
68853,2016-09-08,21:06:00,257,2,7905
68854,2016-09-08,21:12:00,251,1,1955
68855,2016-09-08,21:14:00,174,3,3422
68856,2016-09-08,21:17:00,188,2,225
68857,2016-09-08,21:29:00,321,3,5799
68858,2016-09-08,21:31:00,294,3,6370
68859,2016-09-08,21:32:00,361,2,4283
68860,2016-09-08,21:37:00,261,1,6851
68861,2016-09-08,21:42:00,41,1,2373
68862,2016-09-08,21:45:00,387,2,4602
68863,2016-09-08,21:46:00,366,1,10909
68864,2016-09-08,21:59:00,442,3,7930
68865,2016-09-08,22:01:00,191,1,1214
68866,2016-09-08,22:06:00,88,4,2365
68867,2016-09-08,22:25:00,199,2,6880
68868,2016-09-08,22:26:00,178,1,215
68869,2016-09-08,22:28:00,122,2,5645
68870,2016-09-08,22:40:00,297,2,7082
68871,2016-09-08,22:41:00,107,2,6258
68872,2016-09-08,22:48:00,437,5,10567
68873,2016-09-08,22:48:00,96,2,9158
68874,2016-09-08,22:51:00,374,2,5418
68875,2016-09-08,23:05:00,36,2,2776
68876,2016-09-08,23:05:00,303,2,9506
68877,2016-09-08,23:11:00,208,4,4875
68878,2016-09-08,23:12:00,62,1,10866
68879,2016-09-08,23:22:00,174,3,10033
68880,2016-09-08,23:22:00,357,3,10542
68881,2016-09-08,23:29:00,91,1,887
68882,2016-09-08,23:38:00,285,2,9456
68883,2016-09-08,23:39:00,8,2,1897
68884,2016-09-08,23:41:00,266,2,7104
68885,2016-09-08,23:41:00,310,1,5480
68886,2016-09-08,23:41:00,369,1,4075
68887,2016-09-08,23:43:00,125,2,1480
68888,2016-09-08,23:44:00,278,1,2001
68889,2016-09-08,23:46:00,140,1,5768
68890,2016-09-08,23:53:00,153,4,4744
68891,2016-09-09,00:12:00,424,1,3573
68892,2016-09-09,00:16:00,197,2,10983
68893,2016-09-09,00:16:00,373,1,7602
68894,2016-09-09,00:16:00,345,1,7449
68895,2016-09-09,00:17:00,1,2,7650
68896,2016-09-09,00:23:00,100,1,7273
68897,2016-09-09,00:24:00,135,1,7284
68898,2016-09-09,00:28:00,346,1,4137
68899,2016-09-09,00:30:00,337,1,5102
68900,2016-09-09,00:33:00,53,1,8473
68901,2016-09-09,00:38:00,279,1,6579
68902,2016-09-09,00:43:00,99,2,8229
68903,2016-09-09,00:45:00,245,2,9812
68904,2016-09-09,00:47:00,445,1,112
68905,2016-09-09,00:55:00,145,1,7589
68906,2016-09-09,01:01:00,116,4,9012
68907,2016-09-09,01:07:00,271,1,11360
68908,2016-09-09,01:20:00,393,1,4245
68909,2016-09-09,01:21:00,450,1,5382
68910,2016-09-09,01:28:00,71,2,8761
68911,2016-09-09,01:33:00,419,2,4542
68912,2016-09-09,01:36:00,254,3,5351
68913,2016-09-09,01:39:00,107,3,389
68914,2016-09-09,01:43:00,40,2,9234
68915,2016-09-09,01:44:00,312,1,3709
68916,2016-09-09,01:46:00,403,1,11627
68917,2016-09-09,01:46:00,184,2,5001
68918,2016-09-09,01:59:00,248,1,5799
68919,2016-09-09,02:04:00,329,1,674
68920,2016-09-09,02:14:00,455,3,2062
68921,2016-09-09,02:17:00,345,1,11325
68922,2016-09-09,02:18:00,137,3,9152
68923,2016-09-09,02:20:00,258,1,4212
68924,2016-09-09,02:20:00,445,4,11706
68925,2016-09-09,02:31:00,187,3,5262
68926,2016-09-09,02:34:00,340,1,7293
68927,2016-09-09,02:37:00,373,1,1625
68928,2016-09-09,02:39:00,324,1,4040
68929,2016-09-09,02:43:00,212,1,5955
68930,2016-09-09,02:44:00,232,1,11487
68931,2016-09-09,02:51:00,151,3,7761
68932,2016-09-09,02:54:00,204,1,1427
68933,2016-09-09,02:56:00,59,2,11268
68934,2016-09-09,03:00:00,382,1,2586
68935,2016-09-09,03:03:00,302,5,10586
68936,2016-09-09,03:15:00,230,2,10561
68937,2016-09-09,03:29:00,345,2,3530
68938,2016-09-09,03:35:00,97,2,10803
68939,2016-09-09,03:48:00,271,3,10948
68940,2016-09-09,03:49:00,329,3,3104
68941,2016-09-09,03:49:00,101,2,4860
68942,2016-09-09,03:53:00,374,2,2789
68943,2016-09-09,03:54:00,410,2,9285
68944,2016-09-09,04:07:00,317,1,6857
68945,2016-09-09,04:09:00,396,3,9436
68946,2016-09-09,04:11:00,259,1,11681
68947,2016-09-09,04:14:00,10,1,3376
68948,2016-09-09,04:14:00,140,1,11117
68949,2016-09-09,04:18:00,157,1,9218
68950,2016-09-09,04:31:00,27,4,7884
68951,2016-09-09,04:32:00,246,1,1010
68952,2016-09-09,04:37:00,194,1,11781
68953,2016-09-09,04:41:00,266,1,11890
68954,2016-09-09,04:45:00,149,4,5336
68955,2016-09-09,04:47:00,99,2,6881
68956,2016-09-09,04:51:00,431,1,8742
68957,2016-09-09,05:00:00,68,1,11995
68958,2016-09-09,05:04:00,118,3,4568
68959,2016-09-09,05:05:00,11,1,9398
68960,2016-09-09,05:17:00,6,1,4557
68961,2016-09-09,05:33:00,450,2,11804
68962,2016-09-09,05:47:00,313,1,3413
68963,2016-09-09,05:52:00,454,3,5867
68964,2016-09-09,05:58:00,418,1,9535
68965,2016-09-09,05:59:00,424,1,9502
68966,2016-09-09,06:04:00,216,2,5948
68967,2016-09-09,06:11:00,202,2,2360
68968,2016-09-09,06:13:00,314,1,11488
68969,2016-09-09,06:15:00,389,2,5966
68970,2016-09-09,06:21:00,447,1,2035
68971,2016-09-09,06:31:00,24,2,5607
68972,2016-09-09,06:35:00,39,3,10866
68973,2016-09-09,06:41:00,274,3,2749
68974,2016-09-09,06:46:00,197,1,8996
68975,2016-09-09,07:04:00,277,1,3250
68976,2016-09-09,07:06:00,199,1,2250
68977,2016-09-09,07:07:00,450,1,5530
68978,2016-09-09,07:07:00,53,2,1848
68979,2016-09-09,07:15:00,314,2,11669
68980,2016-09-09,07:17:00,394,1,7383
68981,2016-09-09,07:20:00,255,2,2725
68982,2016-09-09,07:32:00,430,1,4372
68983,2016-09-09,07:33:00,311,1,8736
68984,2016-09-09,07:42:00,130,1,8235
68985,2016-09-09,07:44:00,327,4,4717
68986,2016-09-09,07:46:00,232,1,10588
68987,2016-09-09,08:03:00,166,4,9295
68988,2016-09-09,08:03:00,378,2,8076
68989,2016-09-09,08:06:00,357,2,7133
68990,2016-09-09,08:08:00,309,1,783
68991,2016-09-09,08:11:00,399,2,1990
68992,2016-09-09,08:13:00,231,3,3196
68993,2016-09-09,08:17:00,218,1,6580
68994,2016-09-09,08:28:00,35,1,373
68995,2016-09-09,08:30:00,221,3,8844
68996,2016-09-09,08:32:00,208,1,4947
68997,2016-09-09,08:36:00,131,2,9365
68998,2016-09-09,08:47:00,236,3,8762
68999,2016-09-09,09:00:00,62,2,7602
69000,2016-09-09,09:15:00,293,1,2052
69001,2016-09-09,09:38:00,255,1,5055
69002,2016-09-09,09:50:00,50,2,8541
69003,2016-09-09,09:51:00,243,3,5191
69004,2016-09-09,09:58:00,43,2,4659
69005,2016-09-09,10:06:00,305,3,11857
69006,2016-09-09,10:09:00,391,1,2304
69007,2016-09-09,10:12:00,438,2,9298
69008,2016-09-09,10:17:00,401,1,6794
69009,2016-09-09,10:20:00,14,2,10971
69010,2016-09-09,10:32:00,316,1,2128
69011,2016-09-09,10:36:00,342,1,11059
69012,2016-09-09,10:38:00,95,2,5995
69013,2016-09-09,10:40:00,40,2,8832
69014,2016-09-09,10:42:00,243,1,8801
69015,2016-09-09,10:46:00,336,1,10264
69016,2016-09-09,10:52:00,17,2,5474
69017,2016-09-09,11:02:00,393,1,2563
69018,2016-09-09,11:05:00,405,2,3068
69019,2016-09-09,11:08:00,9,1,8418
69020,2016-09-09,11:13:00,388,1,11639
69021,2016-09-09,11:13:00,143,3,9577
69022,2016-09-09,11:13:00,194,2,9155
69023,2016-09-09,11:15:00,282,1,6280
69024,2016-09-09,11:15:00,451,2,5709
69025,2016-09-09,11:22:00,386,3,6274
69026,2016-09-09,11:26:00,306,3,7206
69027,2016-09-09,11:31:00,416,3,6835
69028,2016-09-09,11:31:00,383,1,10409
69029,2016-09-09,11:39:00,138,1,3167
69030,2016-09-09,11:40:00,320,2,1258
69031,2016-09-09,11:45:00,33,2,3342
69032,2016-09-09,11:57:00,373,4,8122
69033,2016-09-09,12:01:00,260,3,6538
69034,2016-09-09,12:01:00,13,1,4970
69035,2016-09-09,12:03:00,28,2,2009
69036,2016-09-09,12:06:00,172,2,11926
69037,2016-09-09,12:10:00,61,1,6555
69038,2016-09-09,12:13:00,64,1,9341
69039,2016-09-09,12:15:00,107,1,3066
69040,2016-09-09,12:17:00,92,3,4215
69041,2016-09-09,12:18:00,146,2,5834
69042,2016-09-09,12:25:00,406,3,8789
69043,2016-09-09,12:34:00,327,2,4898
69044,2016-09-09,12:36:00,77,1,2475
69045,2016-09-09,12:41:00,447,3,3406
69046,2016-09-09,12:42:00,249,2,3066
69047,2016-09-09,12:46:00,112,2,6040
69048,2016-09-09,13:12:00,187,2,7336
69049,2016-09-09,13:16:00,90,2,991
69050,2016-09-09,13:29:00,83,3,6118
69051,2016-09-09,13:29:00,403,2,9540
69052,2016-09-09,13:32:00,130,1,6186
69053,2016-09-09,13:35:00,180,1,8316
69054,2016-09-09,13:38:00,359,1,4301
69055,2016-09-09,13:40:00,252,2,470
69056,2016-09-09,13:48:00,438,1,4876
69057,2016-09-09,13:55:00,63,2,1476
69058,2016-09-09,13:57:00,26,4,7429
69059,2016-09-09,14:14:00,63,2,2903
69060,2016-09-09,14:16:00,435,1,3053
69061,2016-09-09,14:29:00,332,1,5921
69062,2016-09-09,14:34:00,123,1,4968
69063,2016-09-09,14:40:00,18,1,8707
69064,2016-09-09,14:44:00,439,1,11266
69065,2016-09-09,14:49:00,232,1,5303
69066,2016-09-09,14:50:00,158,1,311
69067,2016-09-09,14:53:00,170,2,8535
69068,2016-09-09,14:57:00,24,2,10121
69069,2016-09-09,15:00:00,186,4,4953
69070,2016-09-09,15:02:00,212,2,3594
69071,2016-09-09,15:14:00,61,1,7267
69072,2016-09-09,15:19:00,273,1,3642
69073,2016-09-09,15:27:00,430,2,3668
69074,2016-09-09,15:28:00,448,2,11794
69075,2016-09-09,15:28:00,283,2,7478
69076,2016-09-09,15:39:00,65,2,7025
69077,2016-09-09,15:41:00,144,3,11463
69078,2016-09-09,15:47:00,128,1,7828
69079,2016-09-09,15:52:00,278,2,2249
69080,2016-09-09,15:53:00,104,2,1108
69081,2016-09-09,15:55:00,274,3,4565
69082,2016-09-09,15:58:00,108,3,9705
69083,2016-09-09,16:08:00,347,2,4061
69084,2016-09-09,16:10:00,55,2,8719
69085,2016-09-09,16:12:00,70,3,6438
69086,2016-09-09,16:14:00,209,3,1705
69087,2016-09-09,16:26:00,279,1,7388
69088,2016-09-09,16:28:00,432,2,1021
69089,2016-09-09,16:32:00,84,1,11600
69090,2016-09-09,16:38:00,61,1,10675
69091,2016-09-09,16:48:00,427,2,11219
69092,2016-09-09,16:54:00,12,1,3133
69093,2016-09-09,17:09:00,251,1,4985
69094,2016-09-09,17:10:00,102,4,9719
69095,2016-09-09,17:16:00,358,1,2347
69096,2016-09-09,17:21:00,194,3,8344
69097,2016-09-09,17:23:00,172,2,7193
69098,2016-09-09,17:26:00,442,3,3595
69099,2016-09-09,17:27:00,111,2,680
69100,2016-09-09,17:31:00,170,1,7396
69101,2016-09-09,17:36:00,78,2,5588
69102,2016-09-09,17:53:00,412,1,2210
69103,2016-09-09,17:55:00,187,1,11020
69104,2016-09-09,17:57:00,148,3,4201
69105,2016-09-09,18:05:00,153,2,9861
69106,2016-09-09,18:07:00,434,1,5290
69107,2016-09-09,18:10:00,214,1,10078
69108,2016-09-09,18:16:00,82,2,2345
69109,2016-09-09,18:33:00,410,1,5495
69110,2016-09-09,18:37:00,8,2,4664
69111,2016-09-09,18:39:00,374,1,8515
69112,2016-09-09,18:51:00,424,2,10616
69113,2016-09-09,18:53:00,387,1,2342
69114,2016-09-09,18:57:00,221,1,517
69115,2016-09-09,18:57:00,145,2,5901
69116,2016-09-09,18:59:00,442,1,5324
69117,2016-09-09,19:04:00,19,3,11752
69118,2016-09-09,19:13:00,131,1,7073
69119,2016-09-09,19:13:00,125,2,3276
69120,2016-09-09,19:14:00,215,4,10725
69121,2016-09-09,19:16:00,328,1,4895
69122,2016-09-09,19:18:00,49,2,9540
69123,2016-09-09,19:52:00,436,2,9719
69124,2016-09-09,20:06:00,158,3,1623
69125,2016-09-09,20:07:00,150,2,90
69126,2016-09-09,20:11:00,254,2,3644
69127,2016-09-09,20:16:00,124,1,8592
69128,2016-09-09,20:17:00,78,1,3991
69129,2016-09-09,20:17:00,107,1,862
69130,2016-09-09,20:22:00,327,1,7949
69131,2016-09-09,20:29:00,184,1,3867
69132,2016-09-09,20:34:00,327,5,8831
69133,2016-09-09,20:36:00,73,1,8740
69134,2016-09-09,20:39:00,415,1,7312
69135,2016-09-09,20:42:00,257,2,6113
69136,2016-09-09,20:46:00,15,3,1148
69137,2016-09-09,20:49:00,125,3,10918
69138,2016-09-09,20:59:00,323,1,2690
69139,2016-09-09,21:00:00,249,2,9316
69140,2016-09-09,21:06:00,280,3,4544
69141,2016-09-09,21:07:00,99,1,549
69142,2016-09-09,21:10:00,197,3,9510
69143,2016-09-09,21:11:00,225,2,4774
69144,2016-09-09,21:12:00,352,1,1807
69145,2016-09-09,21:13:00,127,3,278
69146,2016-09-09,21:22:00,326,2,7392
69147,2016-09-09,21:36:00,74,2,2469
69148,2016-09-09,21:42:00,211,3,9023
69149,2016-09-09,21:50:00,154,2,10651
69150,2016-09-09,21:51:00,44,2,7285
69151,2016-09-09,21:53:00,233,1,8565
69152,2016-09-09,21:55:00,429,1,938
69153,2016-09-09,22:00:00,34,2,9837
69154,2016-09-09,22:01:00,222,1,967
69155,2016-09-09,22:12:00,273,3,6624
69156,2016-09-09,22:22:00,184,3,5154
69157,2016-09-09,22:22:00,93,1,3381
69158,2016-09-09,22:23:00,328,2,3074
69159,2016-09-09,22:39:00,80,1,9637
69160,2016-09-09,23:02:00,347,1,7616
69161,2016-09-09,23:15:00,106,1,703
69162,2016-09-09,23:16:00,120,1,9494
69163,2016-09-09,23:23:00,325,1,260
69164,2016-09-09,23:32:00,270,1,8003
69165,2016-09-09,23:34:00,237,2,4018
69166,2016-09-09,23:34:00,109,4,9698
69167,2016-09-09,23:43:00,370,2,5116
69168,2016-09-09,23:48:00,232,1,7463
69169,2016-09-10,00:14:00,36,4,8823
69170,2016-09-10,00:17:00,104,1,11840
69171,2016-09-10,00:30:00,297,2,1654
69172,2016-09-10,00:33:00,269,1,11800
69173,2016-09-10,00:41:00,159,3,8677
69174,2016-09-10,00:48:00,193,3,10999
69175,2016-09-10,00:53:00,245,1,9864
69176,2016-09-10,00:53:00,330,3,2661
69177,2016-09-10,00:59:00,295,2,7515
69178,2016-09-10,01:00:00,171,3,2464
69179,2016-09-10,01:01:00,38,1,7073
69180,2016-09-10,01:06:00,290,1,6314
69181,2016-09-10,01:09:00,63,2,6710
69182,2016-09-10,01:13:00,282,2,11646
69183,2016-09-10,01:14:00,40,2,328
69184,2016-09-10,01:14:00,67,2,3414
69185,2016-09-10,01:21:00,299,2,1409
69186,2016-09-10,01:23:00,259,3,3529
69187,2016-09-10,01:24:00,360,2,5820
69188,2016-09-10,01:26:00,10,3,8116
69189,2016-09-10,01:38:00,421,1,5076
69190,2016-09-10,01:46:00,265,1,8070
69191,2016-09-10,01:48:00,210,1,3176
69192,2016-09-10,01:56:00,407,2,8840
69193,2016-09-10,02:00:00,100,1,9553
69194,2016-09-10,02:00:00,301,1,573
69195,2016-09-10,02:03:00,22,2,8456
69196,2016-09-10,02:10:00,265,4,6568
69197,2016-09-10,02:15:00,261,1,8248
69198,2016-09-10,02:17:00,302,3,5571
69199,2016-09-10,02:19:00,92,4,4870
69200,2016-09-10,02:34:00,329,3,2014
69201,2016-09-10,02:37:00,69,1,5083
69202,2016-09-10,02:41:00,448,1,2147
69203,2016-09-10,02:51:00,218,1,995
69204,2016-09-10,02:59:00,41,2,11450
69205,2016-09-10,03:18:00,456,1,6930
69206,2016-09-10,03:22:00,432,2,3262
69207,2016-09-10,03:26:00,293,2,2216
69208,2016-09-10,03:26:00,398,1,10677
69209,2016-09-10,03:44:00,66,1,11505
69210,2016-09-10,03:44:00,107,3,466
69211,2016-09-10,03:44:00,59,3,8239
69212,2016-09-10,03:47:00,175,1,3914
69213,2016-09-10,03:52:00,349,3,11040
69214,2016-09-10,04:00:00,316,1,2130
69215,2016-09-10,04:02:00,300,3,10010
69216,2016-09-10,04:08:00,145,3,11289
69217,2016-09-10,04:14:00,232,2,5877
69218,2016-09-10,04:18:00,221,2,8298
69219,2016-09-10,04:28:00,368,2,5267
69220,2016-09-10,04:28:00,102,3,11016
69221,2016-09-10,04:32:00,126,3,1363
69222,2016-09-10,04:35:00,360,2,4696
69223,2016-09-10,04:36:00,354,2,11259
69224,2016-09-10,04:36:00,456,2,11729
69225,2016-09-10,04:40:00,282,3,11100
69226,2016-09-10,04:46:00,143,1,10631
69227,2016-09-10,04:47:00,123,1,6529
69228,2016-09-10,04:59:00,216,3,6196
69229,2016-09-10,05:01:00,449,4,7854
69230,2016-09-10,05:08:00,378,1,11309
69231,2016-09-10,05:11:00,163,1,4951
69232,2016-09-10,05:24:00,4,2,11039
69233,2016-09-10,05:24:00,168,1,8131
69234,2016-09-10,05:31:00,181,1,6101
69235,2016-09-10,05:38:00,67,6,10986
69236,2016-09-10,05:53:00,295,3,6838
69237,2016-09-10,05:56:00,374,1,6256
69238,2016-09-10,05:58:00,292,2,6162
69239,2016-09-10,06:12:00,208,1,1776
69240,2016-09-10,06:12:00,393,2,1270
69241,2016-09-10,06:15:00,204,4,11931
69242,2016-09-10,06:32:00,147,2,674
69243,2016-09-10,06:37:00,213,3,5241
69244,2016-09-10,06:38:00,394,3,10969
69245,2016-09-10,07:09:00,142,3,5336
69246,2016-09-10,07:11:00,425,3,8507
69247,2016-09-10,07:15:00,325,1,1438
69248,2016-09-10,07:15:00,234,3,4227
69249,2016-09-10,07:15:00,88,4,5987
69250,2016-09-10,07:23:00,449,1,5145
69251,2016-09-10,07:26:00,185,1,2070
69252,2016-09-10,07:27:00,243,1,694
69253,2016-09-10,07:48:00,224,2,8369
69254,2016-09-10,07:56:00,195,2,4223
69255,2016-09-10,08:12:00,86,2,11467
69256,2016-09-10,08:24:00,359,2,6054
69257,2016-09-10,08:29:00,52,2,3177
69258,2016-09-10,08:32:00,35,2,4209
69259,2016-09-10,08:51:00,184,2,3703
69260,2016-09-10,08:53:00,293,2,1611
69261,2016-09-10,08:55:00,306,4,10425
69262,2016-09-10,09:07:00,449,2,11542
69263,2016-09-10,09:12:00,276,2,3000
69264,2016-09-10,09:13:00,153,2,8047
69265,2016-09-10,09:21:00,127,4,5441
69266,2016-09-10,09:26:00,151,4,2674
69267,2016-09-10,09:29:00,62,2,9292
69268,2016-09-10,09:41:00,204,3,1963
69269,2016-09-10,09:43:00,347,2,3582
69270,2016-09-10,09:48:00,210,4,7965
69271,2016-09-10,09:48:00,73,1,4013
69272,2016-09-10,09:51:00,163,2,2738
69273,2016-09-10,09:51:00,72,1,8366
69274,2016-09-10,09:59:00,44,2,9750
69275,2016-09-10,10:00:00,269,2,8853
69276,2016-09-10,10:04:00,224,2,9020
69277,2016-09-10,10:12:00,54,3,11100
69278,2016-09-10,10:17:00,110,1,4349
69279,2016-09-10,10:18:00,256,2,9211
69280,2016-09-10,10:20:00,60,2,6674
69281,2016-09-10,10:20:00,252,3,6741
69282,2016-09-10,10:21:00,169,1,5501
69283,2016-09-10,10:23:00,22,2,5093
69284,2016-09-10,10:23:00,23,2,458
69285,2016-09-10,10:27:00,393,2,8766
69286,2016-09-10,10:31:00,291,4,3210
69287,2016-09-10,10:34:00,128,2,2628
69288,2016-09-10,10:34:00,230,2,4407
69289,2016-09-10,10:50:00,396,3,6789
69290,2016-09-10,10:50:00,134,1,6720
69291,2016-09-10,10:55:00,169,1,10254
69292,2016-09-10,10:58:00,29,2,10906
69293,2016-09-10,10:58:00,241,2,3193
69294,2016-09-10,10:59:00,438,1,5855
69295,2016-09-10,10:59:00,190,3,7880
69296,2016-09-10,11:07:00,290,3,4024
69297,2016-09-10,11:11:00,204,1,1969
69298,2016-09-10,11:13:00,200,1,1038
69299,2016-09-10,11:17:00,272,3,4294
69300,2016-09-10,11:19:00,238,1,8042
69301,2016-09-10,11:20:00,289,1,8386
69302,2016-09-10,11:22:00,363,2,1470
69303,2016-09-10,11:22:00,367,2,7534
69304,2016-09-10,11:30:00,355,2,3701
69305,2016-09-10,11:34:00,165,3,9842
69306,2016-09-10,11:40:00,131,3,7600
69307,2016-09-10,11:55:00,130,3,8083
69308,2016-09-10,11:59:00,60,1,1968
69309,2016-09-10,12:03:00,33,1,3629
69310,2016-09-10,12:09:00,340,4,10292
69311,2016-09-10,12:22:00,371,3,1163
69312,2016-09-10,12:25:00,442,3,6944
69313,2016-09-10,12:26:00,24,2,1030
69314,2016-09-10,12:26:00,246,1,1306
69315,2016-09-10,12:37:00,458,1,4847
69316,2016-09-10,12:45:00,165,2,709
69317,2016-09-10,12:45:00,148,1,2884
69318,2016-09-10,12:46:00,243,1,2130
69319,2016-09-10,12:52:00,368,1,7932
69320,2016-09-10,12:56:00,381,2,4233
69321,2016-09-10,12:57:00,241,1,10715
69322,2016-09-10,13:02:00,384,1,732
69323,2016-09-10,13:02:00,263,1,2282
69324,2016-09-10,13:03:00,250,2,5265
69325,2016-09-10,13:04:00,419,2,11108
69326,2016-09-10,13:15:00,34,1,522
69327,2016-09-10,13:17:00,272,1,3286
69328,2016-09-10,13:29:00,263,2,10796
69329,2016-09-10,13:30:00,410,2,6969
69330,2016-09-10,13:33:00,158,1,641
69331,2016-09-10,13:35:00,302,2,4007
69332,2016-09-10,13:39:00,280,1,1267
69333,2016-09-10,13:46:00,391,1,5320
69334,2016-09-10,13:56:00,327,1,5509
69335,2016-09-10,13:57:00,397,2,1173
69336,2016-09-10,13:59:00,90,2,8585
69337,2016-09-10,13:59:00,165,3,1676
69338,2016-09-10,14:08:00,48,2,2224
69339,2016-09-10,14:08:00,95,5,9212
69340,2016-09-10,14:16:00,208,2,6369
69341,2016-09-10,14:23:00,288,1,512
69342,2016-09-10,14:28:00,157,2,689
69343,2016-09-10,14:30:00,227,2,7630
69344,2016-09-10,14:34:00,214,3,10164
69345,2016-09-10,14:37:00,447,3,2644
69346,2016-09-10,14:39:00,82,1,11131
69347,2016-09-10,14:41:00,42,2,5265
69348,2016-09-10,14:42:00,203,4,5655
69349,2016-09-10,14:58:00,342,2,2670
69350,2016-09-10,15:04:00,157,3,2952
69351,2016-09-10,15:04:00,288,2,9025
69352,2016-09-10,15:08:00,431,4,2011
69353,2016-09-10,15:08:00,95,1,4336
69354,2016-09-10,15:15:00,282,1,7296
69355,2016-09-10,15:18:00,183,2,7722
69356,2016-09-10,15:25:00,213,3,3257
69357,2016-09-10,15:27:00,71,3,2304
69358,2016-09-10,15:33:00,124,2,6063
69359,2016-09-10,15:34:00,417,2,4222
69360,2016-09-10,15:36:00,172,1,6666
69361,2016-09-10,15:38:00,254,4,11977
69362,2016-09-10,15:43:00,412,2,628
69363,2016-09-10,15:51:00,278,3,403
69364,2016-09-10,15:58:00,318,2,5954
69365,2016-09-10,16:09:00,296,1,1138
69366,2016-09-10,16:11:00,256,3,4282
69367,2016-09-10,16:13:00,262,2,1376
69368,2016-09-10,16:17:00,285,1,7763
69369,2016-09-10,16:18:00,23,2,1359
69370,2016-09-10,16:29:00,168,2,1295
69371,2016-09-10,16:30:00,26,1,8720
69372,2016-09-10,16:42:00,181,3,2051
69373,2016-09-10,16:42:00,29,3,660
69374,2016-09-10,16:46:00,290,1,2073
69375,2016-09-10,16:48:00,276,2,2941
69376,2016-09-10,16:49:00,39,2,9574
69377,2016-09-10,16:51:00,100,1,315
69378,2016-09-10,16:54:00,366,3,59
69379,2016-09-10,16:55:00,281,2,4087
69380,2016-09-10,16:57:00,7,1,9915
69381,2016-09-10,17:06:00,412,2,4956
69382,2016-09-10,17:11:00,51,2,192
69383,2016-09-10,17:12:00,277,3,1684
69384,2016-09-10,17:14:00,134,2,5943
69385,2016-09-10,17:16:00,62,1,6192
69386,2016-09-10,17:30:00,69,2,6957
69387,2016-09-10,17:33:00,440,1,5425
69388,2016-09-10,17:36:00,95,1,9374
69389,2016-09-10,17:45:00,250,2,3167
69390,2016-09-10,18:12:00,329,1,2735
69391,2016-09-10,18:13:00,300,2,503
69392,2016-09-10,18:18:00,404,2,7667
69393,2016-09-10,18:20:00,342,4,9326
69394,2016-09-10,18:24:00,3,1,10659
69395,2016-09-10,18:31:00,291,2,2661
69396,2016-09-10,18:33:00,280,2,7822
69397,2016-09-10,18:34:00,437,1,3095
69398,2016-09-10,18:38:00,303,1,6026
69399,2016-09-10,19:08:00,110,2,8463
69400,2016-09-10,19:10:00,74,4,11103
69401,2016-09-10,19:19:00,386,2,6680
69402,2016-09-10,19:25:00,26,4,1276
69403,2016-09-10,19:26:00,264,3,3970
69404,2016-09-10,19:28:00,28,3,1704
69405,2016-09-10,19:29:00,10,2,6388
69406,2016-09-10,19:37:00,160,2,6000
69407,2016-09-10,19:38:00,77,2,10709
69408,2016-09-10,19:49:00,430,2,10132
69409,2016-09-10,19:49:00,345,2,390
69410,2016-09-10,20:04:00,442,3,7494
69411,2016-09-10,20:14:00,46,2,5226
69412,2016-09-10,20:18:00,201,2,9804
69413,2016-09-10,20:22:00,11,1,300
69414,2016-09-10,20:31:00,284,2,8492
69415,2016-09-10,20:32:00,64,1,5184
69416,2016-09-10,20:33:00,426,2,3524
69417,2016-09-10,20:34:00,412,3,1484
69418,2016-09-10,20:36:00,410,1,4693
69419,2016-09-10,20:37:00,96,3,10777
69420,2016-09-10,20:47:00,344,4,157
69421,2016-09-10,20:49:00,281,3,364
69422,2016-09-10,20:58:00,264,1,8657
69423,2016-09-10,21:00:00,286,1,4634
69424,2016-09-10,21:03:00,359,2,3830
69425,2016-09-10,21:06:00,301,4,6494
69426,2016-09-10,21:07:00,6,1,9132
69427,2016-09-10,21:08:00,255,2,9767
69428,2016-09-10,21:13:00,381,4,947
69429,2016-09-10,21:15:00,255,2,7822
69430,2016-09-10,21:25:00,149,1,692
69431,2016-09-10,21:29:00,442,1,5081
69432,2016-09-10,21:41:00,136,2,613
69433,2016-09-10,21:43:00,78,1,5635
69434,2016-09-10,21:48:00,200,1,413
69435,2016-09-10,21:49:00,180,1,8718
69436,2016-09-10,21:51:00,445,2,1056
69437,2016-09-10,21:54:00,76,2,932
69438,2016-09-10,22:11:00,182,3,11554
69439,2016-09-10,22:13:00,204,3,9358
69440,2016-09-10,22:25:00,287,1,6397
69441,2016-09-10,22:27:00,282,2,3064
69442,2016-09-10,22:34:00,156,2,9866
69443,2016-09-10,22:35:00,146,2,8502
69444,2016-09-10,22:37:00,343,2,11457
69445,2016-09-10,22:47:00,290,3,1022
69446,2016-09-10,22:53:00,377,2,6654
69447,2016-09-10,22:55:00,364,1,9177
69448,2016-09-10,23:01:00,260,2,4981
69449,2016-09-10,23:03:00,276,2,7900
69450,2016-09-10,23:04:00,288,2,9296
69451,2016-09-10,23:04:00,205,1,3891
69452,2016-09-10,23:06:00,364,2,6009
69453,2016-09-10,23:11:00,272,2,2416
69454,2016-09-10,23:29:00,117,1,7641
69455,2016-09-10,23:33:00,407,3,6400
69456,2016-09-10,23:39:00,121,2,8022
69457,2016-09-10,23:41:00,127,2,6290
69458,2016-09-10,23:42:00,237,3,7467
69459,2016-09-10,23:49:00,347,2,7486
69460,2016-09-11,00:02:00,96,2,280
69461,2016-09-11,00:07:00,195,1,10009
69462,2016-09-11,00:14:00,180,2,4638
69463,2016-09-11,00:24:00,355,3,6197
69464,2016-09-11,00:29:00,323,1,9240
69465,2016-09-11,00:30:00,197,2,9666
69466,2016-09-11,00:31:00,244,2,6200
69467,2016-09-11,00:34:00,73,2,10375
69468,2016-09-11,00:36:00,120,2,4876
69469,2016-09-11,00:41:00,222,1,11645
69470,2016-09-11,00:43:00,324,2,1477
69471,2016-09-11,00:50:00,324,3,8159
69472,2016-09-11,00:51:00,188,1,533
69473,2016-09-11,00:51:00,58,1,11549
69474,2016-09-11,01:06:00,59,1,1139
69475,2016-09-11,01:07:00,298,1,2831
69476,2016-09-11,01:07:00,387,1,4721
69477,2016-09-11,01:15:00,36,4,9663
69478,2016-09-11,01:17:00,449,3,4308
69479,2016-09-11,01:25:00,450,1,3126
69480,2016-09-11,01:25:00,452,1,770
69481,2016-09-11,01:26:00,415,3,2663
69482,2016-09-11,01:29:00,44,3,9522
69483,2016-09-11,01:35:00,397,2,4289
69484,2016-09-11,01:35:00,172,2,9997
69485,2016-09-11,01:40:00,255,1,7395
69486,2016-09-11,01:41:00,149,3,2553
69487,2016-09-11,01:49:00,452,1,7157
69488,2016-09-11,01:50:00,361,2,3067
69489,2016-09-11,02:02:00,336,2,7249
69490,2016-09-11,02:11:00,71,2,3609
69491,2016-09-11,02:14:00,175,1,9615
69492,2016-09-11,02:16:00,4,4,737
69493,2016-09-11,02:16:00,326,2,2461
69494,2016-09-11,02:17:00,192,1,1427
69495,2016-09-11,02:18:00,85,3,9577
69496,2016-09-11,02:26:00,39,1,8872
69497,2016-09-11,02:27:00,163,1,2882
69498,2016-09-11,02:32:00,151,3,8874
69499,2016-09-11,02:40:00,148,1,9557
69500,2016-09-11,02:42:00,109,1,8694
69501,2016-09-11,02:45:00,398,2,5641
69502,2016-09-11,02:47:00,386,1,8953
69503,2016-09-11,02:57:00,274,2,5144
69504,2016-09-11,03:02:00,47,3,1531
69505,2016-09-11,03:07:00,172,4,10166
69506,2016-09-11,03:17:00,423,4,632
69507,2016-09-11,03:20:00,386,2,8225
69508,2016-09-11,03:21:00,108,2,2609
69509,2016-09-11,03:33:00,380,2,10201
69510,2016-09-11,03:33:00,196,2,3471
69511,2016-09-11,03:36:00,121,3,7581
69512,2016-09-11,03:57:00,14,2,10980
69513,2016-09-11,03:59:00,448,2,1771
69514,2016-09-11,04:00:00,66,2,4358
69515,2016-09-11,04:03:00,370,2,8167
69516,2016-09-11,04:04:00,103,3,5914
69517,2016-09-11,04:08:00,27,3,1135
69518,2016-09-11,04:10:00,302,2,7367
69519,2016-09-11,04:12:00,208,3,349
69520,2016-09-11,04:28:00,105,1,1001
69521,2016-09-11,04:35:00,407,6,6006
69522,2016-09-11,04:51:00,188,3,11095
69523,2016-09-11,04:52:00,421,2,10573
69524,2016-09-11,04:54:00,62,1,11863
69525,2016-09-11,05:02:00,324,2,5314
69526,2016-09-11,05:06:00,238,3,1408
69527,2016-09-11,05:14:00,55,2,3478
69528,2016-09-11,05:27:00,354,2,306
69529,2016-09-11,05:27:00,104,3,5487
69530,2016-09-11,05:30:00,254,2,11442
69531,2016-09-11,05:31:00,379,3,7828
69532,2016-09-11,05:35:00,15,1,3404
69533,2016-09-11,05:40:00,322,3,9815
69534,2016-09-11,05:44:00,171,2,1514
69535,2016-09-11,05:44:00,437,1,4742
69536,2016-09-11,05:58:00,249,1,3291
69537,2016-09-11,05:58:00,69,2,2419
69538,2016-09-11,06:02:00,206,3,4411
69539,2016-09-11,06:06:00,69,3,9237
69540,2016-09-11,06:28:00,405,4,10992
69541,2016-09-11,06:36:00,448,3,194
69542,2016-09-11,06:40:00,273,2,5721
69543,2016-09-11,07:00:00,455,3,8361
69544,2016-09-11,07:07:00,112,2,10224
69545,2016-09-11,07:16:00,355,2,3648
69546,2016-09-11,07:20:00,23,2,6996
69547,2016-09-11,07:21:00,85,1,2940
69548,2016-09-11,07:24:00,391,1,7377
69549,2016-09-11,07:25:00,148,1,10051
69550,2016-09-11,07:25:00,247,2,2420
69551,2016-09-11,07:28:00,8,1,2367
69552,2016-09-11,07:31:00,49,3,1492
69553,2016-09-11,07:34:00,111,2,1566
69554,2016-09-11,07:44:00,327,2,6043
69555,2016-09-11,07:49:00,35,2,10897
69556,2016-09-11,07:54:00,142,1,2587
69557,2016-09-11,08:06:00,297,2,11218
69558,2016-09-11,08:06:00,300,4,8669
69559,2016-09-11,08:09:00,368,1,2665
69560,2016-09-11,08:10:00,172,2,8683
69561,2016-09-11,08:11:00,345,2,8149
69562,2016-09-11,08:13:00,390,2,10135
69563,2016-09-11,08:14:00,179,1,5142
69564,2016-09-11,08:18:00,315,1,3684
69565,2016-09-11,08:19:00,110,2,771
69566,2016-09-11,08:26:00,321,1,1380
69567,2016-09-11,08:29:00,2,1,9811
69568,2016-09-11,08:42:00,332,2,9184
69569,2016-09-11,08:46:00,257,1,172
69570,2016-09-11,08:55:00,78,1,6640
69571,2016-09-11,09:00:00,234,2,4252
69572,2016-09-11,09:02:00,1,2,3043
69573,2016-09-11,09:02:00,362,3,1593
69574,2016-09-11,09:05:00,130,3,11814
69575,2016-09-11,09:16:00,395,3,5685
69576,2016-09-11,09:26:00,203,2,2376
69577,2016-09-11,09:28:00,248,2,9139
69578,2016-09-11,09:38:00,171,1,2801
69579,2016-09-11,09:42:00,310,2,898
69580,2016-09-11,09:48:00,92,4,2825
69581,2016-09-11,09:53:00,342,3,8881
69582,2016-09-11,09:55:00,77,1,309
69583,2016-09-11,10:04:00,16,2,4715
69584,2016-09-11,10:07:00,46,3,898
69585,2016-09-11,10:16:00,451,2,2937
69586,2016-09-11,10:23:00,144,3,10618
69587,2016-09-11,10:33:00,361,1,9925
69588,2016-09-11,10:39:00,297,2,5952
69589,2016-09-11,10:46:00,220,1,11547
69590,2016-09-11,10:59:00,235,1,4661
69591,2016-09-11,11:03:00,37,2,10623
69592,2016-09-11,11:08:00,85,2,4229
69593,2016-09-11,11:09:00,331,4,8062
69594,2016-09-11,11:11:00,39,2,2014
69595,2016-09-11,11:12:00,72,1,9141
69596,2016-09-11,11:21:00,393,5,5696
69597,2016-09-11,11:22:00,56,2,4510
69598,2016-09-11,11:33:00,341,1,9587
69599,2016-09-11,11:45:00,75,2,1706
69600,2016-09-11,11:51:00,289,2,2579
69601,2016-09-11,12:22:00,281,3,9956
69602,2016-09-11,12:28:00,255,2,5584
69603,2016-09-11,12:31:00,297,5,11934
69604,2016-09-11,12:36:00,11,1,4254
69605,2016-09-11,12:48:00,316,2,4581
69606,2016-09-11,12:52:00,411,1,11351
69607,2016-09-11,12:52:00,410,1,4156
69608,2016-09-11,12:58:00,382,2,10094
69609,2016-09-11,13:00:00,313,2,7155
69610,2016-09-11,13:02:00,15,2,5170
69611,2016-09-11,13:05:00,167,1,7477
69612,2016-09-11,13:06:00,110,3,4384
69613,2016-09-11,13:09:00,252,1,830
69614,2016-09-11,13:24:00,14,1,10934
69615,2016-09-11,13:26:00,167,2,5393
69616,2016-09-11,13:26:00,71,1,8353
69617,2016-09-11,13:26:00,137,2,320
69618,2016-09-11,13:28:00,110,3,597
69619,2016-09-11,13:31:00,446,1,10234
69620,2016-09-11,13:40:00,354,1,1805
69621,2016-09-11,13:43:00,385,2,10156
69622,2016-09-11,13:46:00,4,2,10085
69623,2016-09-11,14:02:00,378,1,5839
69624,2016-09-11,14:07:00,350,4,11609
69625,2016-09-11,14:11:00,361,3,4689
69626,2016-09-11,14:26:00,176,3,1810
69627,2016-09-11,14:32:00,350,2,7907
69628,2016-09-11,14:46:00,311,3,11208
69629,2016-09-11,14:48:00,41,3,3524
69630,2016-09-11,15:02:00,423,1,11646
69631,2016-09-11,15:04:00,297,4,2287
69632,2016-09-11,15:08:00,425,2,7577
69633,2016-09-11,15:12:00,261,1,1301
69634,2016-09-11,15:17:00,279,1,228
69635,2016-09-11,15:23:00,355,2,329
69636,2016-09-11,15:25:00,309,2,6655
69637,2016-09-11,15:27:00,110,2,2236
69638,2016-09-11,15:32:00,338,2,11585
69639,2016-09-11,15:43:00,364,3,3294
69640,2016-09-11,15:45:00,197,6,8626
69641,2016-09-11,15:46:00,7,3,7998
69642,2016-09-11,15:53:00,83,3,882
69643,2016-09-11,16:03:00,239,2,9918
69644,2016-09-11,16:03:00,165,5,8072
69645,2016-09-11,16:08:00,189,2,562
69646,2016-09-11,16:21:00,414,1,1630
69647,2016-09-11,16:24:00,238,1,2408
69648,2016-09-11,16:26:00,186,3,2791
69649,2016-09-11,16:32:00,222,1,5315
69650,2016-09-11,16:32:00,45,2,6792
69651,2016-09-11,16:49:00,150,2,10550
69652,2016-09-11,16:51:00,12,1,12000
69653,2016-09-11,16:57:00,226,1,11080
69654,2016-09-11,17:00:00,293,3,621
69655,2016-09-11,17:08:00,342,2,9437
69656,2016-09-11,17:10:00,367,2,8758
69657,2016-09-11,17:11:00,8,1,8329
69658,2016-09-11,17:13:00,237,1,6313
69659,2016-09-11,17:13:00,44,1,2834
69660,2016-09-11,17:19:00,199,2,5200
69661,2016-09-11,17:21:00,420,1,10527
69662,2016-09-11,17:23:00,242,2,11920
69663,2016-09-11,17:30:00,41,2,5477
69664,2016-09-11,17:38:00,1,1,3680
69665,2016-09-11,17:39:00,147,3,146
69666,2016-09-11,17:40:00,212,3,3817
69667,2016-09-11,17:41:00,94,4,4338
69668,2016-09-11,17:49:00,141,2,9298
69669,2016-09-11,17:49:00,386,2,1869
69670,2016-09-11,17:51:00,122,5,4998
69671,2016-09-11,17:53:00,178,2,6297
69672,2016-09-11,17:53:00,429,1,7236
69673,2016-09-11,17:53:00,24,2,508
69674,2016-09-11,17:56:00,357,2,8898
69675,2016-09-11,17:57:00,292,4,3902
69676,2016-09-11,18:06:00,81,3,6581
69677,2016-09-11,18:15:00,318,2,4179
69678,2016-09-11,18:18:00,453,2,3021
69679,2016-09-11,18:21:00,381,3,11719
69680,2016-09-11,18:24:00,117,3,3363
69681,2016-09-11,18:36:00,320,2,2037
69682,2016-09-11,18:49:00,275,2,5414
69683,2016-09-11,18:57:00,277,2,5069
69684,2016-09-11,18:58:00,3,1,10429
69685,2016-09-11,19:03:00,334,2,523
69686,2016-09-11,19:09:00,45,2,7853
69687,2016-09-11,19:22:00,312,1,9855
69688,2016-09-11,19:35:00,4,3,11983
69689,2016-09-11,19:36:00,278,2,8543
69690,2016-09-11,19:39:00,160,1,1145
69691,2016-09-11,19:48:00,249,1,2622
69692,2016-09-11,19:56:00,307,1,9727
69693,2016-09-11,19:59:00,433,2,1635
69694,2016-09-11,19:59:00,229,1,7682
69695,2016-09-11,20:00:00,8,1,11625
69696,2016-09-11,20:03:00,441,3,4518
69697,2016-09-11,20:15:00,373,1,8576
69698,2016-09-11,20:15:00,419,3,609
69699,2016-09-11,20:38:00,147,3,2800
69700,2016-09-11,20:40:00,143,3,6708
69701,2016-09-11,20:42:00,181,1,1125
69702,2016-09-11,20:52:00,105,2,1519
69703,2016-09-11,20:59:00,26,2,8802
69704,2016-09-11,21:06:00,280,2,1541
69705,2016-09-11,21:18:00,340,1,2374
69706,2016-09-11,21:19:00,408,1,1599
69707,2016-09-11,21:20:00,42,2,4413
69708,2016-09-11,21:22:00,36,3,8367
69709,2016-09-11,21:25:00,88,1,446
69710,2016-09-11,21:26:00,319,1,10630
69711,2016-09-11,21:27:00,40,5,2543
69712,2016-09-11,21:36:00,288,2,11389
69713,2016-09-11,21:39:00,193,1,3037
69714,2016-09-11,21:45:00,398,1,5829
69715,2016-09-11,21:46:00,404,1,7644
69716,2016-09-11,22:03:00,200,2,9795
69717,2016-09-11,22:05:00,447,2,1195
69718,2016-09-11,22:16:00,302,1,11959
69719,2016-09-11,22:22:00,309,1,7663
69720,2016-09-11,22:33:00,374,1,3617
69721,2016-09-11,22:37:00,300,3,6391
69722,2016-09-11,22:45:00,370,1,8584
69723,2016-09-11,22:49:00,370,3,2588
69724,2016-09-11,22:53:00,293,2,2833
69725,2016-09-11,23:00:00,203,2,10334
69726,2016-09-11,23:04:00,108,1,2575
69727,2016-09-11,23:04:00,130,1,2155
69728,2016-09-11,23:09:00,105,2,659
69729,2016-09-11,23:13:00,448,3,7720
69730,2016-09-11,23:33:00,444,3,1048
69731,2016-09-11,23:37:00,209,1,1737
69732,2016-09-12,00:09:00,432,2,6386
69733,2016-09-12,00:31:00,390,4,7898
69734,2016-09-12,00:33:00,197,1,11787
69735,2016-09-12,00:36:00,89,3,4792
69736,2016-09-12,00:39:00,231,1,11490
69737,2016-09-12,00:40:00,371,4,10737
69738,2016-09-12,00:46:00,451,4,4996
69739,2016-09-12,00:50:00,104,1,9346
69740,2016-09-12,00:53:00,236,1,7414
69741,2016-09-12,00:54:00,454,1,10732
69742,2016-09-12,00:59:00,401,1,9130
69743,2016-09-12,01:00:00,349,1,7436
69744,2016-09-12,01:02:00,224,1,8836
69745,2016-09-12,01:03:00,354,1,4079
69746,2016-09-12,01:17:00,323,3,6528
69747,2016-09-12,01:19:00,442,1,1528
69748,2016-09-12,01:24:00,420,2,5674
69749,2016-09-12,01:28:00,258,1,3952
69750,2016-09-12,01:37:00,420,2,5040
69751,2016-09-12,01:49:00,440,2,12000
69752,2016-09-12,01:53:00,86,3,1356
69753,2016-09-12,01:56:00,29,3,6040
69754,2016-09-12,02:03:00,37,3,1200
69755,2016-09-12,02:06:00,237,3,3562
69756,2016-09-12,02:19:00,81,2,3780
69757,2016-09-12,02:28:00,303,1,3431
69758,2016-09-12,02:30:00,75,3,1097
69759,2016-09-12,02:36:00,433,2,8416
69760,2016-09-12,02:37:00,50,2,2101
69761,2016-09-12,02:37:00,359,3,7749
69762,2016-09-12,02:41:00,115,5,8396
69763,2016-09-12,02:46:00,15,3,2937
69764,2016-09-12,02:49:00,453,3,5454
69765,2016-09-12,02:51:00,384,2,6915
69766,2016-09-12,02:58:00,450,3,4467
69767,2016-09-12,03:01:00,418,2,9832
69768,2016-09-12,03:09:00,222,2,7260
69769,2016-09-12,03:16:00,313,1,5687
69770,2016-09-12,03:19:00,52,1,8317
69771,2016-09-12,03:21:00,137,1,4806
69772,2016-09-12,03:34:00,291,3,6233
69773,2016-09-12,03:53:00,91,4,2192
69774,2016-09-12,04:09:00,321,1,9573
69775,2016-09-12,04:16:00,237,2,5271
69776,2016-09-12,04:21:00,221,1,2364
69777,2016-09-12,04:24:00,262,1,3434
69778,2016-09-12,04:26:00,206,2,9967
69779,2016-09-12,04:26:00,30,3,8262
69780,2016-09-12,04:28:00,284,2,4680
69781,2016-09-12,04:30:00,140,1,3919
69782,2016-09-12,04:35:00,203,1,303
69783,2016-09-12,04:37:00,83,3,11348
69784,2016-09-12,04:37:00,202,1,10646
69785,2016-09-12,04:45:00,372,2,5473
69786,2016-09-12,04:56:00,311,2,11797
69787,2016-09-12,05:11:00,216,2,1440
69788,2016-09-12,05:11:00,8,2,4713
69789,2016-09-12,05:24:00,169,3,1579
69790,2016-09-12,05:25:00,73,1,11459
69791,2016-09-12,05:26:00,36,1,6498
69792,2016-09-12,05:29:00,118,3,9445
69793,2016-09-12,05:30:00,113,1,1778
69794,2016-09-12,05:31:00,275,2,7229
69795,2016-09-12,05:32:00,93,2,8724
69796,2016-09-12,05:38:00,307,1,192
69797,2016-09-12,05:46:00,330,1,7426
69798,2016-09-12,05:48:00,294,3,7592
69799,2016-09-12,05:52:00,353,1,10371
69800,2016-09-12,05:53:00,353,2,6043
69801,2016-09-12,05:58:00,186,2,11655
69802,2016-09-12,06:24:00,43,3,11561
69803,2016-09-12,06:28:00,341,1,8629
69804,2016-09-12,06:42:00,442,2,4971
69805,2016-09-12,06:51:00,13,1,2003
69806,2016-09-12,06:58:00,167,2,8965
69807,2016-09-12,07:17:00,285,2,2539
69808,2016-09-12,07:17:00,186,5,8543
69809,2016-09-12,07:21:00,379,4,5130
69810,2016-09-12,07:24:00,282,1,9119
69811,2016-09-12,07:35:00,134,1,2283
69812,2016-09-12,07:39:00,156,2,4935
69813,2016-09-12,07:43:00,196,3,9460
69814,2016-09-12,07:49:00,330,1,10625
69815,2016-09-12,07:49:00,188,2,7562
69816,2016-09-12,07:52:00,205,2,6359
69817,2016-09-12,07:57:00,435,1,8985
69818,2016-09-12,07:59:00,210,1,4000
69819,2016-09-12,08:02:00,219,3,3467
69820,2016-09-12,08:09:00,305,2,4947
69821,2016-09-12,08:15:00,135,2,9490
69822,2016-09-12,08:16:00,105,1,5974
69823,2016-09-12,08:37:00,186,6,3425
69824,2016-09-12,08:40:00,242,2,7413
69825,2016-09-12,08:48:00,231,2,10316
69826,2016-09-12,08:50:00,178,1,1264
69827,2016-09-12,08:52:00,355,4,10204
69828,2016-09-12,09:02:00,397,4,4751
69829,2016-09-12,09:02:00,355,2,11383
69830,2016-09-12,09:08:00,232,1,4393
69831,2016-09-12,09:09:00,402,3,4822
69832,2016-09-12,09:13:00,6,1,4400
69833,2016-09-12,09:19:00,412,2,452
69834,2016-09-12,09:22:00,281,1,10318
69835,2016-09-12,09:25:00,412,2,9669
69836,2016-09-12,09:29:00,312,3,8127
69837,2016-09-12,09:32:00,162,1,9359
69838,2016-09-12,09:35:00,330,2,9189
69839,2016-09-12,09:42:00,225,2,8644
69840,2016-09-12,09:43:00,335,2,8701
69841,2016-09-12,09:48:00,367,3,11931
69842,2016-09-12,09:55:00,244,1,10042
69843,2016-09-12,10:04:00,150,1,9627
69844,2016-09-12,10:13:00,193,1,5697
69845,2016-09-12,10:18:00,69,1,11677
69846,2016-09-12,10:21:00,135,2,6712
69847,2016-09-12,10:24:00,93,1,2330
69848,2016-09-12,10:26:00,228,2,8960
69849,2016-09-12,10:29:00,6,2,8989
69850,2016-09-12,10:32:00,423,2,5730
69851,2016-09-12,10:32:00,89,1,5443
69852,2016-09-12,10:35:00,317,2,8167
69853,2016-09-12,10:39:00,285,2,883
69854,2016-09-12,10:57:00,434,1,4256
69855,2016-09-12,11:00:00,23,1,3787
69856,2016-09-12,11:12:00,230,1,7612
69857,2016-09-12,11:16:00,6,3,8115
69858,2016-09-12,11:29:00,267,3,2949
69859,2016-09-12,11:35:00,232,2,4064
69860,2016-09-12,11:36:00,101,2,8486
69861,2016-09-12,11:38:00,381,1,10968
69862,2016-09-12,11:40:00,16,3,2506
69863,2016-09-12,11:42:00,369,1,9996
69864,2016-09-12,11:48:00,245,2,6911
69865,2016-09-12,11:51:00,225,2,4721
69866,2016-09-12,11:53:00,238,2,259
69867,2016-09-12,12:12:00,145,2,3773
69868,2016-09-12,12:12:00,39,1,6701
69869,2016-09-12,12:16:00,67,3,3927
69870,2016-09-12,12:24:00,282,1,1688
69871,2016-09-12,12:25:00,60,1,8364
69872,2016-09-12,12:26:00,132,1,2833
69873,2016-09-12,12:33:00,287,4,1443
69874,2016-09-12,12:34:00,17,1,1873
69875,2016-09-12,12:35:00,234,1,4971
69876,2016-09-12,12:42:00,213,1,581
69877,2016-09-12,12:49:00,103,2,3666
69878,2016-09-12,12:51:00,407,3,3261
69879,2016-09-12,12:55:00,246,1,4100
69880,2016-09-12,13:04:00,89,3,669
69881,2016-09-12,13:05:00,220,2,4751
69882,2016-09-12,13:06:00,450,2,9525
69883,2016-09-12,13:11:00,264,2,7491
69884,2016-09-12,13:12:00,305,5,10678
69885,2016-09-12,13:17:00,135,4,6879
69886,2016-09-12,13:19:00,11,2,10271
69887,2016-09-12,13:21:00,5,2,1371
69888,2016-09-12,13:27:00,289,3,8899
69889,2016-09-12,13:32:00,457,2,3197
69890,2016-09-12,13:32:00,6,1,10239
69891,2016-09-12,13:44:00,297,3,2755
69892,2016-09-12,14:01:00,34,1,816
69893,2016-09-12,14:12:00,114,2,8325
69894,2016-09-12,14:24:00,129,2,3486
69895,2016-09-12,14:42:00,101,3,3902
69896,2016-09-12,14:55:00,202,4,10065
69897,2016-09-12,15:14:00,173,2,9622
69898,2016-09-12,15:15:00,447,2,9990
69899,2016-09-12,15:16:00,144,1,11927
69900,2016-09-12,15:19:00,370,3,4974
69901,2016-09-12,15:20:00,12,2,7393
69902,2016-09-12,15:32:00,78,1,1830
69903,2016-09-12,15:40:00,347,1,1533
69904,2016-09-12,15:49:00,212,2,11877
69905,2016-09-12,15:50:00,341,2,6922
69906,2016-09-12,16:14:00,212,2,1364
69907,2016-09-12,16:17:00,176,3,11059
69908,2016-09-12,16:38:00,422,2,144
69909,2016-09-12,16:40:00,251,2,11414
69910,2016-09-12,16:42:00,201,2,2925
69911,2016-09-12,16:50:00,225,1,11228
69912,2016-09-12,16:58:00,280,3,6123
69913,2016-09-12,17:12:00,125,2,3305
69914,2016-09-12,17:13:00,78,1,593
69915,2016-09-12,17:14:00,152,3,10666
69916,2016-09-12,17:31:00,158,4,5562
69917,2016-09-12,17:32:00,361,1,7599
69918,2016-09-12,17:36:00,118,2,5806
69919,2016-09-12,17:40:00,65,3,379
69920,2016-09-12,17:52:00,315,3,6340
69921,2016-09-12,17:58:00,48,1,6209
69922,2016-09-12,18:03:00,78,1,2262
69923,2016-09-12,18:14:00,80,1,4411
69924,2016-09-12,18:26:00,49,3,10562
69925,2016-09-12,18:42:00,211,1,7944
69926,2016-09-12,18:45:00,180,2,10252
69927,2016-09-12,18:47:00,40,2,10757
69928,2016-09-12,18:48:00,377,2,2462
69929,2016-09-12,18:53:00,297,1,10642
69930,2016-09-12,19:02:00,303,1,3549
69931,2016-09-12,19:06:00,325,1,104
69932,2016-09-12,19:06:00,230,1,476
69933,2016-09-12,19:06:00,232,1,9504
69934,2016-09-12,19:19:00,355,1,1899
69935,2016-09-12,19:23:00,162,1,8649
69936,2016-09-12,19:24:00,278,1,5838
69937,2016-09-12,19:28:00,89,5,10692
69938,2016-09-12,19:35:00,364,1,10630
69939,2016-09-12,19:44:00,279,3,4813
69940,2016-09-12,19:48:00,272,1,2695
69941,2016-09-12,19:51:00,399,2,7329
69942,2016-09-12,19:58:00,53,3,10157
69943,2016-09-12,19:59:00,226,2,303
69944,2016-09-12,20:04:00,192,3,1112
69945,2016-09-12,20:08:00,56,1,3689
69946,2016-09-12,20:08:00,150,1,3663
69947,2016-09-12,20:14:00,232,3,3634
69948,2016-09-12,20:18:00,12,4,9881
69949,2016-09-12,20:18:00,382,3,8817
69950,2016-09-12,20:22:00,269,3,3001
69951,2016-09-12,20:31:00,423,1,3190
69952,2016-09-12,20:37:00,130,2,1203
69953,2016-09-12,20:49:00,142,1,5417
69954,2016-09-12,20:50:00,135,2,4192
69955,2016-09-12,20:51:00,294,2,9923
69956,2016-09-12,20:57:00,116,2,5552
69957,2016-09-12,21:01:00,105,2,11321
69958,2016-09-12,21:17:00,39,1,10488
69959,2016-09-12,21:22:00,316,3,8291
69960,2016-09-12,21:24:00,329,2,1701
69961,2016-09-12,21:25:00,255,1,3920
69962,2016-09-12,21:32:00,249,2,705
69963,2016-09-12,21:33:00,125,2,5368
69964,2016-09-12,21:38:00,63,1,6991
69965,2016-09-12,21:45:00,397,1,9950
69966,2016-09-12,21:46:00,138,2,2532
69967,2016-09-12,21:56:00,357,1,3066
69968,2016-09-12,22:01:00,63,3,2933
69969,2016-09-12,22:01:00,55,2,4303
69970,2016-09-12,22:03:00,83,1,3768
69971,2016-09-12,22:04:00,180,1,11666
69972,2016-09-12,22:04:00,50,3,7789
69973,2016-09-12,22:10:00,260,2,8782
69974,2016-09-12,22:14:00,222,1,5266
69975,2016-09-12,22:17:00,34,2,3374
69976,2016-09-12,22:17:00,373,1,6048
69977,2016-09-12,22:32:00,168,2,6250
69978,2016-09-12,22:41:00,281,2,11566
69979,2016-09-12,22:45:00,138,1,5505
69980,2016-09-12,22:45:00,100,2,8097
69981,2016-09-12,22:46:00,351,1,9057
69982,2016-09-12,22:49:00,53,2,2796
69983,2016-09-12,22:49:00,285,1,875
69984,2016-09-12,22:51:00,57,1,8959
69985,2016-09-12,22:55:00,255,2,2448
69986,2016-09-12,22:56:00,125,2,9285
69987,2016-09-12,22:58:00,143,3,5807
69988,2016-09-12,23:04:00,48,1,6945
69989,2016-09-12,23:05:00,260,1,9833
69990,2016-09-12,23:05:00,115,3,10516
69991,2016-09-12,23:10:00,368,4,4201
69992,2016-09-12,23:25:00,94,3,5348
69993,2016-09-12,23:26:00,356,1,781
69994,2016-09-12,23:30:00,214,3,10170
69995,2016-09-12,23:40:00,382,1,9618
69996,2016-09-12,23:47:00,343,1,9391
69997,2016-09-12,23:50:00,441,1,10332
69998,2016-09-12,23:53:00,94,2,7599
69999,2016-09-12,23:59:00,87,2,3350
70000,2016-09-13,00:11:00,355,2,2358
70001,2016-09-13,00:13:00,231,1,8139
70002,2016-09-13,00:17:00,170,4,5154
70003,2016-09-13,00:23:00,17,1,291
70004,2016-09-13,00:33:00,231,3,10685
70005,2016-09-13,00:40:00,135,2,1037
70006,2016-09-13,00:43:00,351,4,348
70007,2016-09-13,00:56:00,393,3,9800
70008,2016-09-13,00:57:00,236,2,5376
70009,2016-09-13,01:06:00,30,2,11730
70010,2016-09-13,01:12:00,401,3,8567
70011,2016-09-13,01:18:00,128,1,8854
70012,2016-09-13,01:26:00,324,4,7046
70013,2016-09-13,01:30:00,389,5,11963
70014,2016-09-13,01:30:00,52,1,10469
70015,2016-09-13,01:47:00,134,1,8566
70016,2016-09-13,01:52:00,211,1,10748
70017,2016-09-13,01:55:00,283,2,5362
70018,2016-09-13,02:00:00,422,1,2484
70019,2016-09-13,02:03:00,315,1,11061
70020,2016-09-13,02:16:00,369,2,250
70021,2016-09-13,02:16:00,192,3,2832
70022,2016-09-13,02:22:00,212,1,11199
70023,2016-09-13,02:27:00,122,4,4918
70024,2016-09-13,02:28:00,418,2,11536
70025,2016-09-13,02:36:00,224,1,2642
70026,2016-09-13,02:37:00,27,2,3078
70027,2016-09-13,02:44:00,116,3,10087
70028,2016-09-13,02:46:00,455,1,509
70029,2016-09-13,02:48:00,37,2,6182
70030,2016-09-13,02:49:00,214,3,1424
70031,2016-09-13,02:55:00,417,3,4528
70032,2016-09-13,02:58:00,425,1,3880
70033,2016-09-13,03:00:00,436,3,11314
70034,2016-09-13,03:08:00,79,4,9808
70035,2016-09-13,03:13:00,171,3,11677
70036,2016-09-13,03:14:00,174,2,142
70037,2016-09-13,03:16:00,249,3,7253
70038,2016-09-13,03:22:00,38,1,3141
70039,2016-09-13,03:27:00,15,2,4760
70040,2016-09-13,03:40:00,41,3,11209
70041,2016-09-13,03:50:00,375,1,7451
70042,2016-09-13,03:52:00,458,1,2274
70043,2016-09-13,03:53:00,299,1,11559
70044,2016-09-13,03:53:00,331,1,341
70045,2016-09-13,03:55:00,35,1,1514
70046,2016-09-13,03:56:00,139,5,6379
70047,2016-09-13,03:57:00,392,1,6010
70048,2016-09-13,04:09:00,138,1,9624
70049,2016-09-13,04:13:00,411,2,6422
70050,2016-09-13,04:16:00,37,4,8664
70051,2016-09-13,04:34:00,116,1,9224
70052,2016-09-13,04:43:00,90,2,9834
70053,2016-09-13,04:55:00,108,1,2946
70054,2016-09-13,05:00:00,456,4,5529
70055,2016-09-13,05:02:00,197,1,4409
70056,2016-09-13,05:02:00,295,2,8638
70057,2016-09-13,05:02:00,67,1,769
70058,2016-09-13,05:03:00,184,1,1657
70059,2016-09-13,05:08:00,343,1,2270
70060,2016-09-13,05:09:00,55,1,9318
70061,2016-09-13,05:11:00,447,2,4717
70062,2016-09-13,05:15:00,54,3,6943
70063,2016-09-13,05:16:00,436,2,10892
70064,2016-09-13,05:30:00,429,1,2663
70065,2016-09-13,05:37:00,343,3,165
70066,2016-09-13,05:39:00,342,2,694
70067,2016-09-13,05:42:00,198,1,10200
70068,2016-09-13,05:44:00,262,1,11425
70069,2016-09-13,05:44:00,238,1,7479
70070,2016-09-13,05:49:00,118,4,4464
70071,2016-09-13,06:04:00,149,2,4465
70072,2016-09-13,06:04:00,32,2,6744
70073,2016-09-13,06:09:00,345,1,3843
70074,2016-09-13,06:13:00,322,1,77
70075,2016-09-13,06:14:00,241,3,4802
70076,2016-09-13,06:18:00,13,2,6077
70077,2016-09-13,06:18:00,443,1,7671
70078,2016-09-13,06:23:00,218,2,6843
70079,2016-09-13,06:40:00,46,2,9436
70080,2016-09-13,06:43:00,373,1,8796
70081,2016-09-13,06:49:00,174,2,4259
70082,2016-09-13,07:01:00,292,1,5136
70083,2016-09-13,07:10:00,190,2,1367
70084,2016-09-13,07:24:00,226,1,2335
70085,2016-09-13,07:25:00,233,3,3411
70086,2016-09-13,07:29:00,288,2,262
70087,2016-09-13,07:32:00,190,2,2975
70088,2016-09-13,07:41:00,334,3,11059
70089,2016-09-13,07:44:00,61,2,5491
70090,2016-09-13,07:46:00,264,2,9639
70091,2016-09-13,07:47:00,160,4,9101
70092,2016-09-13,07:50:00,403,2,6004
70093,2016-09-13,07:54:00,19,1,11392
70094,2016-09-13,07:59:00,114,1,5595
70095,2016-09-13,08:00:00,4,1,7697
70096,2016-09-13,08:11:00,342,1,11215
70097,2016-09-13,08:14:00,386,2,8327
70098,2016-09-13,08:21:00,140,3,1055
70099,2016-09-13,08:28:00,138,2,7694
70100,2016-09-13,08:37:00,431,1,8793
70101,2016-09-13,08:42:00,110,3,9205
70102,2016-09-13,08:50:00,336,3,9437
70103,2016-09-13,08:58:00,416,1,4308
70104,2016-09-13,09:11:00,272,2,1006
70105,2016-09-13,09:15:00,243,4,5344
70106,2016-09-13,09:28:00,332,2,10703
70107,2016-09-13,09:32:00,227,1,9915
70108,2016-09-13,09:34:00,376,4,7207
70109,2016-09-13,09:36:00,247,2,3195
70110,2016-09-13,09:40:00,166,1,4465
70111,2016-09-13,09:48:00,454,2,5785
70112,2016-09-13,09:50:00,70,2,426
70113,2016-09-13,09:55:00,132,1,6777
70114,2016-09-13,10:01:00,359,5,10253
70115,2016-09-13,10:03:00,159,2,7900
70116,2016-09-13,10:29:00,281,1,4179
70117,2016-09-13,10:36:00,298,2,11617
70118,2016-09-13,10:43:00,232,2,1855
70119,2016-09-13,10:47:00,248,3,6583
70120,2016-09-13,10:52:00,419,3,10946
70121,2016-09-13,11:04:00,225,1,3379
70122,2016-09-13,11:14:00,67,1,2118
70123,2016-09-13,11:32:00,205,2,9567
70124,2016-09-13,11:41:00,321,3,10805
70125,2016-09-13,11:45:00,345,4,11815
70126,2016-09-13,11:52:00,120,1,6659
70127,2016-09-13,11:57:00,63,2,4677
70128,2016-09-13,11:58:00,183,2,4271
70129,2016-09-13,12:02:00,144,1,2230
70130,2016-09-13,12:03:00,375,1,5946
70131,2016-09-13,12:06:00,83,2,1832
70132,2016-09-13,12:07:00,240,1,119
70133,2016-09-13,12:12:00,102,4,9054
70134,2016-09-13,12:13:00,70,1,938
70135,2016-09-13,12:15:00,6,2,1946
70136,2016-09-13,12:15:00,103,2,8619
70137,2016-09-13,12:25:00,350,1,5387
70138,2016-09-13,12:28:00,107,2,3619
70139,2016-09-13,12:34:00,21,2,6861
70140,2016-09-13,12:50:00,314,2,9966
70141,2016-09-13,12:52:00,386,1,690
70142,2016-09-13,12:53:00,169,1,8704
70143,2016-09-13,12:55:00,11,2,2283
70144,2016-09-13,13:16:00,437,1,8981
70145,2016-09-13,13:16:00,140,2,7969
70146,2016-09-13,13:19:00,320,2,9820
70147,2016-09-13,13:20:00,72,1,3741
70148,2016-09-13,13:30:00,259,1,1180
70149,2016-09-13,13:30:00,57,2,8160
70150,2016-09-13,13:36:00,86,3,6551
70151,2016-09-13,13:47:00,296,1,5547
70152,2016-09-13,13:48:00,278,3,6660
70153,2016-09-13,13:50:00,169,2,7823
70154,2016-09-13,14:02:00,327,2,4970
70155,2016-09-13,14:09:00,89,3,7506
70156,2016-09-13,14:10:00,100,4,7541
70157,2016-09-13,14:20:00,221,1,11181
70158,2016-09-13,14:24:00,410,2,456
70159,2016-09-13,14:24:00,98,5,1510
70160,2016-09-13,14:28:00,242,1,11193
70161,2016-09-13,14:28:00,101,2,5273
70162,2016-09-13,14:32:00,186,1,795
70163,2016-09-13,14:34:00,301,5,9117
70164,2016-09-13,14:35:00,406,1,7703
70165,2016-09-13,14:35:00,341,1,8872
70166,2016-09-13,14:41:00,216,3,3970
70167,2016-09-13,14:45:00,324,2,875
70168,2016-09-13,14:48:00,325,2,857
70169,2016-09-13,14:55:00,392,1,2561
70170,2016-09-13,14:56:00,332,1,2570
70171,2016-09-13,15:12:00,39,1,6654
70172,2016-09-13,15:15:00,248,2,6987
70173,2016-09-13,15:17:00,223,5,2858
70174,2016-09-13,15:18:00,323,3,5211
70175,2016-09-13,15:21:00,380,2,4543
70176,2016-09-13,15:22:00,136,2,2228
70177,2016-09-13,15:22:00,423,2,2479
70178,2016-09-13,15:34:00,129,1,7749
70179,2016-09-13,15:36:00,97,2,8519
70180,2016-09-13,15:38:00,113,3,1073
70181,2016-09-13,15:44:00,215,1,3871
70182,2016-09-13,15:46:00,156,2,1529
70183,2016-09-13,15:52:00,424,1,4171
70184,2016-09-13,15:52:00,63,2,11509
70185,2016-09-13,16:00:00,16,2,6048
70186,2016-09-13,16:02:00,185,2,9234
70187,2016-09-13,16:04:00,281,3,6496
70188,2016-09-13,16:05:00,457,1,3949
70189,2016-09-13,16:17:00,272,2,6320
70190,2016-09-13,16:28:00,377,1,4014
70191,2016-09-13,16:30:00,382,1,5709
70192,2016-09-13,16:34:00,449,2,2672
70193,2016-09-13,16:37:00,61,4,5132
70194,2016-09-13,16:42:00,334,3,9004
70195,2016-09-13,16:51:00,56,1,4556
70196,2016-09-13,17:02:00,338,1,11491
70197,2016-09-13,17:05:00,343,2,11455
70198,2016-09-13,17:06:00,298,2,9847
70199,2016-09-13,17:12:00,253,1,11434
70200,2016-09-13,17:12:00,86,2,1036
70201,2016-09-13,17:25:00,265,3,7678
70202,2016-09-13,17:29:00,36,2,2596
70203,2016-09-13,17:37:00,320,4,10721
70204,2016-09-13,17:39:00,35,2,959
70205,2016-09-13,17:41:00,277,2,7165
70206,2016-09-13,17:46:00,15,1,5821
70207,2016-09-13,17:51:00,348,3,10469
70208,2016-09-13,17:54:00,13,1,11771
70209,2016-09-13,17:57:00,355,2,1635
70210,2016-09-13,18:05:00,247,1,9569
70211,2016-09-13,18:12:00,185,1,9832
70212,2016-09-13,18:16:00,100,3,7214
70213,2016-09-13,18:23:00,417,2,2281
70214,2016-09-13,18:24:00,307,2,914
70215,2016-09-13,18:29:00,295,1,5514
70216,2016-09-13,18:35:00,383,2,4740
70217,2016-09-13,18:46:00,65,5,878
70218,2016-09-13,18:48:00,18,1,4066
70219,2016-09-13,18:48:00,370,3,7050
70220,2016-09-13,18:49:00,296,1,5050
70221,2016-09-13,18:53:00,212,3,1097
70222,2016-09-13,18:57:00,182,3,1374
70223,2016-09-13,19:04:00,264,2,2980
70224,2016-09-13,19:13:00,296,1,1964
70225,2016-09-13,19:19:00,232,1,4034
70226,2016-09-13,19:20:00,334,3,2020
70227,2016-09-13,19:22:00,392,1,2876
70228,2016-09-13,19:26:00,145,1,11485
70229,2016-09-13,19:29:00,168,5,11000
70230,2016-09-13,19:33:00,304,3,6168
70231,2016-09-13,19:33:00,306,1,9680
70232,2016-09-13,19:40:00,88,1,6360
70233,2016-09-13,19:40:00,169,1,9613
70234,2016-09-13,19:49:00,263,1,5554
70235,2016-09-13,19:54:00,402,2,3122
70236,2016-09-13,19:57:00,318,1,957
70237,2016-09-13,20:01:00,274,1,3288
70238,2016-09-13,20:02:00,69,2,5940
70239,2016-09-13,20:36:00,382,1,7982
70240,2016-09-13,20:37:00,202,1,5624
70241,2016-09-13,20:41:00,108,2,2856
70242,2016-09-13,20:42:00,328,3,6792
70243,2016-09-13,20:43:00,378,1,5634
70244,2016-09-13,20:49:00,343,2,8629
70245,2016-09-13,20:52:00,223,3,4780
70246,2016-09-13,20:56:00,226,3,6533
70247,2016-09-13,20:58:00,192,2,10174
70248,2016-09-13,21:01:00,25,2,7434
70249,2016-09-13,21:01:00,127,3,6750
70250,2016-09-13,21:01:00,253,3,6554
70251,2016-09-13,21:10:00,191,4,4390
70252,2016-09-13,21:12:00,279,1,1671
70253,2016-09-13,21:13:00,28,2,2665
70254,2016-09-13,21:14:00,1,2,7284
70255,2016-09-13,21:15:00,48,3,6959
70256,2016-09-13,21:20:00,75,2,3501
70257,2016-09-13,21:22:00,378,3,1008
70258,2016-09-13,21:31:00,371,3,2082
70259,2016-09-13,21:36:00,259,1,266
70260,2016-09-13,21:41:00,420,2,10904
70261,2016-09-13,21:45:00,437,2,1238
70262,2016-09-13,21:49:00,306,3,9046
70263,2016-09-13,21:53:00,145,2,9691
70264,2016-09-13,21:53:00,171,1,2672
70265,2016-09-13,21:54:00,408,2,7114
70266,2016-09-13,22:02:00,424,1,10700
70267,2016-09-13,22:05:00,65,1,7538
70268,2016-09-13,22:06:00,402,2,11887
70269,2016-09-13,22:07:00,328,1,6189
70270,2016-09-13,22:08:00,438,2,6121
70271,2016-09-13,22:08:00,449,1,7896
70272,2016-09-13,22:09:00,372,3,9737
70273,2016-09-13,22:10:00,199,2,10824
70274,2016-09-13,22:17:00,10,4,7737
70275,2016-09-13,22:28:00,13,3,4815
70276,2016-09-13,22:38:00,212,3,11824
70277,2016-09-13,22:39:00,32,2,1901
70278,2016-09-13,22:47:00,120,4,6543
70279,2016-09-13,22:51:00,443,1,5181
70280,2016-09-13,22:55:00,289,2,6608
70281,2016-09-13,22:58:00,367,3,10604
70282,2016-09-13,23:03:00,239,2,2586
70283,2016-09-13,23:07:00,436,2,9232
70284,2016-09-13,23:08:00,376,4,2919
70285,2016-09-13,23:12:00,116,2,6116
70286,2016-09-13,23:14:00,81,1,407
70287,2016-09-13,23:20:00,18,1,9428
70288,2016-09-13,23:27:00,19,3,2525
70289,2016-09-13,23:36:00,110,2,8072
70290,2016-09-13,23:38:00,86,2,2420
70291,2016-09-13,23:39:00,191,3,6792
70292,2016-09-13,23:39:00,299,3,6785
70293,2016-09-13,23:41:00,69,2,6256
70294,2016-09-13,23:42:00,30,3,5122
70295,2016-09-13,23:42:00,281,1,10550
70296,2016-09-13,23:49:00,31,2,3254
70297,2016-09-13,23:50:00,167,2,6612
70298,2016-09-13,23:53:00,146,3,9407
70299,2016-09-13,23:57:00,198,1,5872
70300,2016-09-13,23:58:00,453,1,524
70301,2016-09-14,00:04:00,430,2,7549
70302,2016-09-14,00:09:00,325,2,1371
70303,2016-09-14,00:11:00,388,2,277
70304,2016-09-14,00:19:00,351,1,8900
70305,2016-09-14,00:36:00,187,2,516
70306,2016-09-14,01:01:00,37,1,2866
70307,2016-09-14,01:02:00,144,1,11823
70308,2016-09-14,01:06:00,253,4,8944
70309,2016-09-14,01:09:00,145,1,1743
70310,2016-09-14,01:18:00,230,2,3106
70311,2016-09-14,01:28:00,146,1,7857
70312,2016-09-14,01:29:00,27,3,1137
70313,2016-09-14,01:30:00,264,1,4549
70314,2016-09-14,01:34:00,204,1,5625
70315,2016-09-14,01:42:00,78,4,3568
70316,2016-09-14,01:42:00,63,5,8736
70317,2016-09-14,01:43:00,417,2,1706
70318,2016-09-14,01:46:00,226,2,9555
70319,2016-09-14,01:47:00,17,3,3078
70320,2016-09-14,01:49:00,402,3,10634
70321,2016-09-14,01:56:00,108,1,8861
70322,2016-09-14,02:13:00,391,2,2529
70323,2016-09-14,02:15:00,14,2,9492
70324,2016-09-14,02:17:00,114,1,7853
70325,2016-09-14,02:18:00,290,2,10991
70326,2016-09-14,02:23:00,340,1,1831
70327,2016-09-14,02:30:00,439,2,1928
70328,2016-09-14,02:30:00,331,2,6160
70329,2016-09-14,02:34:00,262,1,7170
70330,2016-09-14,02:43:00,163,2,3040
70331,2016-09-14,02:53:00,62,1,6817
70332,2016-09-14,02:59:00,108,6,10361
70333,2016-09-14,03:09:00,315,3,4207
70334,2016-09-14,03:17:00,72,3,5267
70335,2016-09-14,03:39:00,255,1,6159
70336,2016-09-14,03:44:00,420,1,11228
70337,2016-09-14,03:47:00,59,1,11657
70338,2016-09-14,03:47:00,268,2,7067
70339,2016-09-14,03:51:00,27,2,6698
70340,2016-09-14,03:51:00,9,1,1185
70341,2016-09-14,03:56:00,170,3,10914
70342,2016-09-14,03:59:00,262,1,4778
70343,2016-09-14,04:03:00,299,1,2075
70344,2016-09-14,04:03:00,400,1,11419
70345,2016-09-14,04:05:00,424,1,9488
70346,2016-09-14,04:10:00,78,7,5106
70347,2016-09-14,04:14:00,300,1,9304
70348,2016-09-14,04:15:00,353,3,10403
70349,2016-09-14,04:26:00,396,3,8328
70350,2016-09-14,04:29:00,308,2,7088
70351,2016-09-14,04:33:00,339,1,5482
70352,2016-09-14,04:41:00,350,2,3154
70353,2016-09-14,04:44:00,397,1,5927
70354,2016-09-14,04:46:00,412,1,1261
70355,2016-09-14,04:47:00,333,1,3704
70356,2016-09-14,04:51:00,179,3,8225
70357,2016-09-14,05:00:00,73,2,5737
70358,2016-09-14,05:01:00,314,5,8417
70359,2016-09-14,05:07:00,422,2,8134
70360,2016-09-14,05:09:00,67,1,9279
70361,2016-09-14,05:21:00,313,1,9935
70362,2016-09-14,05:30:00,351,1,1870
70363,2016-09-14,05:33:00,327,2,6706
70364,2016-09-14,05:38:00,29,1,6415
70365,2016-09-14,05:40:00,334,2,6010
70366,2016-09-14,05:44:00,265,7,9062
70367,2016-09-14,05:50:00,130,1,6161
70368,2016-09-14,05:52:00,87,2,5821
70369,2016-09-14,05:58:00,64,1,2135
70370,2016-09-14,05:58:00,430,1,1875
70371,2016-09-14,06:09:00,379,2,10552
70372,2016-09-14,06:11:00,27,1,4258
70373,2016-09-14,06:36:00,58,3,549
70374,2016-09-14,06:48:00,175,4,10117
70375,2016-09-14,06:51:00,411,2,7055
70376,2016-09-14,06:54:00,261,1,1252
70377,2016-09-14,07:06:00,360,2,4737
70378,2016-09-14,07:13:00,20,1,4246
70379,2016-09-14,07:25:00,448,1,3567
70380,2016-09-14,07:32:00,333,1,3642
70381,2016-09-14,08:02:00,394,3,7446
70382,2016-09-14,08:05:00,342,2,4559
70383,2016-09-14,08:11:00,435,3,6673
70384,2016-09-14,08:15:00,369,2,7102
70385,2016-09-14,08:19:00,24,1,1614
70386,2016-09-14,08:23:00,42,1,6809
70387,2016-09-14,08:23:00,198,2,886
70388,2016-09-14,08:27:00,427,2,953
70389,2016-09-14,08:31:00,323,2,7403
70390,2016-09-14,08:33:00,105,6,9240
70391,2016-09-14,08:42:00,71,2,3833
70392,2016-09-14,08:43:00,4,1,11141
70393,2016-09-14,08:56:00,276,2,11643
70394,2016-09-14,09:06:00,428,2,1421
70395,2016-09-14,09:07:00,237,4,2845
70396,2016-09-14,09:08:00,268,1,1003
70397,2016-09-14,09:09:00,293,3,4347
70398,2016-09-14,09:12:00,63,3,8690
70399,2016-09-14,09:13:00,9,3,11245
70400,2016-09-14,09:27:00,222,3,1589
70401,2016-09-14,09:31:00,256,1,5913
70402,2016-09-14,09:32:00,447,1,22
70403,2016-09-14,09:42:00,390,3,7745
70404,2016-09-14,09:48:00,322,3,6351
70405,2016-09-14,09:48:00,126,1,2115
70406,2016-09-14,09:52:00,90,2,8195
70407,2016-09-14,09:53:00,356,1,11961
70408,2016-09-14,09:53:00,324,2,7082
70409,2016-09-14,09:56:00,140,2,10052
70410,2016-09-14,10:05:00,343,2,4916
70411,2016-09-14,10:09:00,425,3,2546
70412,2016-09-14,10:19:00,364,2,8290
70413,2016-09-14,10:24:00,138,4,11025
70414,2016-09-14,10:27:00,385,1,6954
70415,2016-09-14,10:31:00,21,2,6426
70416,2016-09-14,10:32:00,223,1,1319
70417,2016-09-14,10:39:00,169,1,1504
70418,2016-09-14,10:40:00,109,2,4540
70419,2016-09-14,10:41:00,193,1,6120
70420,2016-09-14,10:44:00,141,2,2778
70421,2016-09-14,10:45:00,352,1,6200
70422,2016-09-14,10:45:00,400,2,11647
70423,2016-09-14,10:45:00,6,1,5967
70424,2016-09-14,10:49:00,428,1,4731
70425,2016-09-14,10:51:00,59,3,2891
70426,2016-09-14,10:54:00,385,2,3643
70427,2016-09-14,10:58:00,340,2,9486
70428,2016-09-14,11:02:00,46,2,3416
70429,2016-09-14,11:02:00,382,1,4437
70430,2016-09-14,11:03:00,450,3,612
70431,2016-09-14,11:14:00,240,2,11693
70432,2016-09-14,11:28:00,328,2,8264
70433,2016-09-14,11:29:00,16,3,260
70434,2016-09-14,11:38:00,362,1,5029
70435,2016-09-14,11:42:00,82,1,1932
70436,2016-09-14,11:46:00,136,1,4531
70437,2016-09-14,11:47:00,225,1,273
70438,2016-09-14,11:48:00,237,2,8289
70439,2016-09-14,11:52:00,136,3,11333
70440,2016-09-14,11:52:00,277,3,7048
70441,2016-09-14,11:54:00,194,2,8006
70442,2016-09-14,11:57:00,12,1,4054
70443,2016-09-14,12:00:00,347,3,11212
70444,2016-09-14,12:05:00,45,3,7889
70445,2016-09-14,12:13:00,172,2,516
70446,2016-09-14,12:14:00,339,1,4353
70447,2016-09-14,12:31:00,116,1,673
70448,2016-09-14,12:43:00,404,2,7332
70449,2016-09-14,12:44:00,93,3,1862
70450,2016-09-14,12:49:00,84,1,2686
70451,2016-09-14,12:51:00,207,3,7072
70452,2016-09-14,12:53:00,112,2,8583
70453,2016-09-14,12:57:00,288,1,8312
70454,2016-09-14,12:57:00,108,2,8618
70455,2016-09-14,13:03:00,276,1,9340
70456,2016-09-14,13:13:00,357,1,10153
70457,2016-09-14,13:13:00,11,2,5504
70458,2016-09-14,13:20:00,129,2,3093
70459,2016-09-14,13:24:00,346,2,3363
70460,2016-09-14,13:32:00,342,2,6782
70461,2016-09-14,13:42:00,299,3,526
70462,2016-09-14,13:44:00,89,4,1937
70463,2016-09-14,13:49:00,152,1,6938
70464,2016-09-14,14:06:00,450,1,1706
70465,2016-09-14,14:15:00,73,2,6937
70466,2016-09-14,14:18:00,412,2,10431
70467,2016-09-14,14:19:00,425,3,2260
70468,2016-09-14,14:28:00,394,1,5116
70469,2016-09-14,14:31:00,18,1,9218
70470,2016-09-14,14:33:00,377,1,2743
70471,2016-09-14,14:36:00,394,1,8361
70472,2016-09-14,14:51:00,278,1,37
70473,2016-09-14,14:57:00,63,2,1199
70474,2016-09-14,14:58:00,161,5,1137
70475,2016-09-14,15:03:00,102,2,541
70476,2016-09-14,15:07:00,416,1,8615
70477,2016-09-14,15:13:00,62,3,11619
70478,2016-09-14,15:18:00,2,2,11428
70479,2016-09-14,15:19:00,202,1,4899
70480,2016-09-14,15:26:00,195,1,10900
70481,2016-09-14,15:38:00,265,3,5569
70482,2016-09-14,15:42:00,28,2,5138
70483,2016-09-14,15:47:00,76,1,7797
70484,2016-09-14,15:53:00,372,2,6118
70485,2016-09-14,15:59:00,101,3,10550
70486,2016-09-14,16:01:00,446,3,699
70487,2016-09-14,16:10:00,395,1,5026
70488,2016-09-14,16:22:00,300,2,208
70489,2016-09-14,16:27:00,58,3,761
70490,2016-09-14,16:35:00,73,3,11967
70491,2016-09-14,16:36:00,417,2,5377
70492,2016-09-14,16:41:00,280,1,11450
70493,2016-09-14,16:45:00,139,1,3037
70494,2016-09-14,16:50:00,25,1,6441
70495,2016-09-14,16:53:00,203,2,10885
70496,2016-09-14,16:58:00,393,1,9163
70497,2016-09-14,17:02:00,403,2,6769
70498,2016-09-14,17:04:00,310,2,9158
70499,2016-09-14,17:15:00,46,2,11592
70500,2016-09-14,17:20:00,147,3,5929
70501,2016-09-14,17:25:00,408,1,6090
70502,2016-09-14,17:33:00,242,2,376
70503,2016-09-14,17:41:00,302,2,3962
70504,2016-09-14,17:44:00,272,1,3875
70505,2016-09-14,17:51:00,289,1,3538
70506,2016-09-14,17:53:00,306,4,11491
70507,2016-09-14,18:00:00,156,1,10885
70508,2016-09-14,18:08:00,406,3,623
70509,2016-09-14,18:20:00,51,1,1773
70510,2016-09-14,18:38:00,31,2,10426
70511,2016-09-14,18:43:00,312,1,910
70512,2016-09-14,18:47:00,291,3,4591
70513,2016-09-14,18:49:00,9,1,8850
70514,2016-09-14,18:51:00,432,1,627
70515,2016-09-14,18:55:00,442,3,3313
70516,2016-09-14,18:57:00,410,2,8904
70517,2016-09-14,19:02:00,332,2,9327
70518,2016-09-14,19:10:00,236,3,10075
70519,2016-09-14,19:26:00,94,1,2289
70520,2016-09-14,19:29:00,3,2,10045
70521,2016-09-14,19:41:00,183,4,2114
70522,2016-09-14,19:51:00,369,1,8886
70523,2016-09-14,20:06:00,276,3,2456
70524,2016-09-14,20:36:00,63,2,3620
70525,2016-09-14,20:41:00,153,1,5105
70526,2016-09-14,20:53:00,27,3,6248
70527,2016-09-14,21:03:00,406,2,1254
70528,2016-09-14,21:17:00,114,2,672
70529,2016-09-14,21:18:00,63,3,10006
70530,2016-09-14,21:20:00,270,1,10347
70531,2016-09-14,21:21:00,424,2,3121
70532,2016-09-14,21:29:00,227,3,940
70533,2016-09-14,21:33:00,437,2,10836
70534,2016-09-14,21:39:00,175,4,7649
70535,2016-09-14,21:43:00,249,5,2711
70536,2016-09-14,21:45:00,180,1,8973
70537,2016-09-14,21:49:00,147,3,4783
70538,2016-09-14,21:50:00,146,1,11869
70539,2016-09-14,21:50:00,127,5,7418
70540,2016-09-14,21:51:00,362,1,11149
70541,2016-09-14,21:59:00,177,2,10337
70542,2016-09-14,22:15:00,301,1,2595
70543,2016-09-14,22:24:00,282,2,5915
70544,2016-09-14,22:56:00,65,2,3360
70545,2016-09-14,23:06:00,138,1,5442
70546,2016-09-14,23:33:00,159,1,1488
70547,2016-09-14,23:36:00,44,1,3496
70548,2016-09-14,23:38:00,331,1,4622
70549,2016-09-14,23:39:00,104,2,7157
70550,2016-09-14,23:46:00,235,4,6990
70551,2016-09-14,23:48:00,248,1,8871
70552,2016-09-15,00:04:00,317,1,3277
70553,2016-09-15,00:05:00,101,2,1498
70554,2016-09-15,00:10:00,163,1,1558
70555,2016-09-15,00:16:00,21,1,9236
70556,2016-09-15,00:18:00,191,2,8339
70557,2016-09-15,00:22:00,424,3,2144
70558,2016-09-15,00:35:00,425,2,11108
70559,2016-09-15,00:37:00,296,1,8134
70560,2016-09-15,00:46:00,60,2,2935
70561,2016-09-15,00:48:00,378,3,10140
70562,2016-09-15,00:50:00,401,2,3215
70563,2016-09-15,00:55:00,397,2,10488
70564,2016-09-15,01:04:00,366,3,6656
70565,2016-09-15,01:06:00,360,4,424
70566,2016-09-15,01:07:00,57,3,2975
70567,2016-09-15,01:14:00,131,1,10893
70568,2016-09-15,01:51:00,148,1,5047
70569,2016-09-15,01:54:00,268,4,11059
70570,2016-09-15,01:56:00,226,2,2616
70571,2016-09-15,01:57:00,75,2,197
70572,2016-09-15,01:58:00,46,2,3476
70573,2016-09-15,02:02:00,384,1,6469
70574,2016-09-15,02:05:00,330,2,5481
70575,2016-09-15,02:05:00,38,1,5219
70576,2016-09-15,02:10:00,15,1,2080
70577,2016-09-15,02:15:00,272,2,10289
70578,2016-09-15,02:35:00,56,2,728
70579,2016-09-15,02:48:00,186,2,2579
70580,2016-09-15,02:54:00,224,1,2114
70581,2016-09-15,03:01:00,228,2,9351
70582,2016-09-15,03:25:00,291,2,10817
70583,2016-09-15,03:30:00,387,2,7708
70584,2016-09-15,03:43:00,379,2,8727
70585,2016-09-15,03:53:00,196,1,3344
70586,2016-09-15,04:01:00,83,3,1664
70587,2016-09-15,04:07:00,391,4,10922
70588,2016-09-15,04:17:00,348,2,5559
70589,2016-09-15,04:19:00,38,3,8572
70590,2016-09-15,04:30:00,175,2,11131
70591,2016-09-15,04:37:00,49,2,5726
70592,2016-09-15,04:39:00,5,1,11189
70593,2016-09-15,04:41:00,372,2,11904
70594,2016-09-15,04:43:00,143,2,1153
70595,2016-09-15,04:44:00,314,2,3784
70596,2016-09-15,04:46:00,272,1,8394
70597,2016-09-15,04:47:00,298,2,8402
70598,2016-09-15,04:53:00,310,2,3282
70599,2016-09-15,04:55:00,104,2,9962
70600,2016-09-15,05:03:00,67,1,6148
70601,2016-09-15,05:04:00,109,3,7225
70602,2016-09-15,05:05:00,412,2,3901
70603,2016-09-15,05:06:00,317,2,1219
70604,2016-09-15,05:08:00,200,1,6522
70605,2016-09-15,05:16:00,316,1,598
70606,2016-09-15,05:19:00,227,2,5903
70607,2016-09-15,05:22:00,279,2,5143
70608,2016-09-15,05:23:00,118,1,556
70609,2016-09-15,05:23:00,158,3,7956
70610,2016-09-15,05:25:00,141,2,7778
70611,2016-09-15,05:29:00,333,2,8869
70612,2016-09-15,05:34:00,307,2,1399
70613,2016-09-15,05:36:00,19,2,5175
70614,2016-09-15,05:39:00,437,2,6121
70615,2016-09-15,05:45:00,57,2,1252
70616,2016-09-15,05:55:00,356,2,5033
70617,2016-09-15,05:57:00,72,2,11739
70618,2016-09-15,05:58:00,244,2,5394
70619,2016-09-15,06:15:00,308,2,6248
70620,2016-09-15,06:27:00,166,1,3814
70621,2016-09-15,06:35:00,202,3,8639
70622,2016-09-15,06:38:00,333,2,2359
70623,2016-09-15,06:42:00,402,1,2825
70624,2016-09-15,06:42:00,347,1,9653
70625,2016-09-15,06:45:00,58,2,3375
70626,2016-09-15,06:59:00,142,1,11276
70627,2016-09-15,07:04:00,10,2,7422
70628,2016-09-15,07:09:00,91,2,7361
70629,2016-09-15,07:09:00,382,2,2108
70630,2016-09-15,07:15:00,406,3,10817
70631,2016-09-15,07:22:00,345,1,5238
70632,2016-09-15,07:44:00,71,3,11968
70633,2016-09-15,07:48:00,453,2,866
70634,2016-09-15,07:52:00,193,2,9730
70635,2016-09-15,07:56:00,252,3,7197
70636,2016-09-15,07:59:00,151,2,5121
70637,2016-09-15,08:01:00,244,2,7360
70638,2016-09-15,08:02:00,245,5,4280
70639,2016-09-15,08:04:00,365,1,7776
70640,2016-09-15,08:10:00,368,1,2149
70641,2016-09-15,08:17:00,448,1,11741
70642,2016-09-15,08:22:00,416,3,11197
70643,2016-09-15,08:33:00,208,1,1619
70644,2016-09-15,08:37:00,432,1,1318
70645,2016-09-15,08:44:00,57,3,8377
70646,2016-09-15,08:53:00,92,1,5774
70647,2016-09-15,09:16:00,84,3,7406
70648,2016-09-15,09:16:00,182,3,3784
70649,2016-09-15,09:17:00,79,2,6814
70650,2016-09-15,09:22:00,393,3,4098
70651,2016-09-15,09:24:00,236,2,4449
70652,2016-09-15,09:27:00,444,3,6719
70653,2016-09-15,09:29:00,457,2,11028
70654,2016-09-15,09:30:00,151,1,11793
70655,2016-09-15,09:38:00,398,1,5412
70656,2016-09-15,09:47:00,456,1,9471
70657,2016-09-15,09:50:00,141,4,6990
70658,2016-09-15,10:00:00,74,3,11697
70659,2016-09-15,10:01:00,13,1,7537
70660,2016-09-15,10:19:00,29,2,5551
70661,2016-09-15,10:24:00,88,1,3376
70662,2016-09-15,10:28:00,238,2,535
70663,2016-09-15,10:34:00,31,1,4139
70664,2016-09-15,10:35:00,166,4,6318
70665,2016-09-15,10:41:00,339,1,11778
70666,2016-09-15,10:44:00,239,1,34
70667,2016-09-15,10:52:00,440,1,6586
70668,2016-09-15,10:56:00,350,2,8633
70669,2016-09-15,10:58:00,394,1,10808
70670,2016-09-15,11:01:00,232,1,5647
70671,2016-09-15,11:04:00,122,4,3103
70672,2016-09-15,11:08:00,235,3,11599
70673,2016-09-15,11:08:00,458,1,355
70674,2016-09-15,11:11:00,435,1,9441
70675,2016-09-15,11:19:00,99,2,11880
70676,2016-09-15,11:21:00,208,3,10510
70677,2016-09-15,11:22:00,96,4,2248
70678,2016-09-15,11:23:00,344,2,443
70679,2016-09-15,11:27:00,244,2,10010
70680,2016-09-15,11:35:00,25,3,6632
70681,2016-09-15,11:43:00,300,1,10977
70682,2016-09-15,11:48:00,280,3,11569
70683,2016-09-15,11:49:00,257,1,52
70684,2016-09-15,11:52:00,392,1,2308
70685,2016-09-15,11:53:00,180,2,3857
70686,2016-09-15,12:09:00,415,2,3204
70687,2016-09-15,12:13:00,390,3,2101
70688,2016-09-15,12:14:00,50,1,11678
70689,2016-09-15,12:23:00,198,1,1231
70690,2016-09-15,12:23:00,386,1,4826
70691,2016-09-15,12:27:00,89,1,1530
70692,2016-09-15,12:35:00,226,1,4654
70693,2016-09-15,12:39:00,118,3,10324
70694,2016-09-15,12:40:00,272,3,9253
70695,2016-09-15,12:42:00,179,3,9938
70696,2016-09-15,12:45:00,245,2,2749
70697,2016-09-15,12:46:00,194,2,3633
70698,2016-09-15,12:53:00,306,2,10940
70699,2016-09-15,13:04:00,418,1,2150
70700,2016-09-15,13:08:00,13,1,696
70701,2016-09-15,13:12:00,175,1,3097
70702,2016-09-15,13:15:00,131,2,11053
70703,2016-09-15,13:25:00,202,3,2674
70704,2016-09-15,13:29:00,209,3,4180
70705,2016-09-15,13:33:00,206,3,3747
70706,2016-09-15,13:36:00,404,1,11966
70707,2016-09-15,13:39:00,442,2,78
70708,2016-09-15,13:56:00,337,1,2015
70709,2016-09-15,14:04:00,55,3,632
70710,2016-09-15,14:11:00,111,2,1430
70711,2016-09-15,14:18:00,377,1,4747
70712,2016-09-15,14:20:00,118,3,11363
70713,2016-09-15,14:31:00,261,3,3652
70714,2016-09-15,14:42:00,170,2,9550
70715,2016-09-15,14:53:00,136,2,775
70716,2016-09-15,14:56:00,18,1,9451
70717,2016-09-15,14:57:00,114,1,2376
70718,2016-09-15,15:12:00,369,1,2821
70719,2016-09-15,15:18:00,5,2,4834
70720,2016-09-15,15:34:00,102,2,1785
70721,2016-09-15,15:37:00,163,1,205
70722,2016-09-15,15:37:00,286,1,10812
70723,2016-09-15,15:39:00,113,3,1367
70724,2016-09-15,15:40:00,260,3,6060
70725,2016-09-15,15:41:00,275,2,6904
70726,2016-09-15,15:42:00,210,4,8785
70727,2016-09-15,15:46:00,190,2,890
70728,2016-09-15,15:50:00,330,1,3926
70729,2016-09-15,15:53:00,201,2,1991
70730,2016-09-15,15:54:00,282,1,506
70731,2016-09-15,15:55:00,341,1,1837
70732,2016-09-15,15:58:00,85,3,9251
70733,2016-09-15,16:00:00,329,2,9925
70734,2016-09-15,16:01:00,380,3,11755
70735,2016-09-15,16:04:00,186,1,3133
70736,2016-09-15,16:18:00,156,2,3686
70737,2016-09-15,16:25:00,22,1,1394
70738,2016-09-15,16:33:00,445,1,3446
70739,2016-09-15,16:41:00,414,2,11944
70740,2016-09-15,16:42:00,338,4,11050
70741,2016-09-15,16:45:00,120,3,4755
70742,2016-09-15,16:47:00,133,3,4725
70743,2016-09-15,16:52:00,288,1,7497
70744,2016-09-15,16:55:00,20,1,9600
70745,2016-09-15,17:01:00,241,5,9683
70746,2016-09-15,17:02:00,323,1,4446
70747,2016-09-15,17:04:00,80,2,5497
70748,2016-09-15,17:05:00,153,2,3918
70749,2016-09-15,17:06:00,361,1,10017
70750,2016-09-15,17:12:00,6,1,8102
70751,2016-09-15,17:14:00,151,4,7751
70752,2016-09-15,17:16:00,285,2,5752
70753,2016-09-15,17:16:00,448,3,5328
70754,2016-09-15,17:19:00,348,2,6990
70755,2016-09-15,17:19:00,272,1,9079
70756,2016-09-15,17:24:00,244,1,7526
70757,2016-09-15,17:28:00,40,3,7477
70758,2016-09-15,17:29:00,220,1,1566
70759,2016-09-15,17:32:00,55,3,6038
70760,2016-09-15,17:33:00,210,2,1441
70761,2016-09-15,17:34:00,250,1,5241
70762,2016-09-15,17:34:00,342,2,7738
70763,2016-09-15,17:44:00,146,1,482
70764,2016-09-15,17:50:00,26,1,4652
70765,2016-09-15,17:54:00,383,1,7963
70766,2016-09-15,18:00:00,456,1,1547
70767,2016-09-15,18:08:00,392,2,10055
70768,2016-09-15,18:34:00,64,2,3849
70769,2016-09-15,18:43:00,75,3,8159
70770,2016-09-15,18:43:00,384,3,5586
70771,2016-09-15,18:46:00,364,2,2116
70772,2016-09-15,18:47:00,287,2,11492
70773,2016-09-15,18:51:00,195,1,2045
70774,2016-09-15,18:52:00,453,1,11267
70775,2016-09-15,18:54:00,404,2,4790
70776,2016-09-15,18:54:00,89,2,3773
70777,2016-09-15,18:59:00,185,1,1389
70778,2016-09-15,19:04:00,54,2,10491
70779,2016-09-15,19:08:00,219,2,3584
70780,2016-09-15,19:10:00,409,3,8223
70781,2016-09-15,19:18:00,430,2,7523
70782,2016-09-15,19:24:00,34,3,831
70783,2016-09-15,19:25:00,412,2,4559
70784,2016-09-15,19:27:00,81,3,4231
70785,2016-09-15,19:28:00,331,1,6502
70786,2016-09-15,19:31:00,356,3,8012
70787,2016-09-15,19:31:00,262,2,6073
70788,2016-09-15,19:34:00,34,2,1546
70789,2016-09-15,19:37:00,220,3,5229
70790,2016-09-15,19:38:00,396,3,6354
70791,2016-09-15,20:00:00,370,1,9924
70792,2016-09-15,20:08:00,42,1,350
70793,2016-09-15,20:09:00,331,2,9955
70794,2016-09-15,20:11:00,242,1,1024
70795,2016-09-15,20:27:00,57,4,1191
70796,2016-09-15,20:29:00,259,1,6716
70797,2016-09-15,20:42:00,340,2,11975
70798,2016-09-15,20:57:00,58,2,3802
70799,2016-09-15,21:00:00,12,2,5917
70800,2016-09-15,21:02:00,394,2,4081
70801,2016-09-15,21:15:00,355,3,7608
70802,2016-09-15,21:18:00,120,2,10194
70803,2016-09-15,21:19:00,361,1,5362
70804,2016-09-15,21:20:00,54,1,4445
70805,2016-09-15,21:22:00,289,1,9204
70806,2016-09-15,21:31:00,197,2,9998
70807,2016-09-15,21:33:00,42,2,5285
70808,2016-09-15,21:38:00,354,4,821
70809,2016-09-15,21:44:00,237,1,417
70810,2016-09-15,21:49:00,387,2,2192
70811,2016-09-15,21:59:00,41,1,57
70812,2016-09-15,21:59:00,50,2,6010
70813,2016-09-15,21:59:00,91,2,2964
70814,2016-09-15,22:02:00,320,3,7870
70815,2016-09-15,22:02:00,42,1,1879
70816,2016-09-15,22:14:00,407,2,5648
70817,2016-09-15,22:17:00,65,1,3546
70818,2016-09-15,22:22:00,354,4,7324
70819,2016-09-15,22:26:00,104,2,6070
70820,2016-09-15,22:31:00,445,2,3844
70821,2016-09-15,22:33:00,165,1,10096
70822,2016-09-15,22:43:00,285,1,3338
70823,2016-09-15,22:46:00,82,3,682
70824,2016-09-15,22:46:00,322,2,3692
70825,2016-09-15,22:48:00,453,3,11639
70826,2016-09-15,22:48:00,112,1,4807
70827,2016-09-15,22:49:00,21,6,10089
70828,2016-09-15,22:59:00,212,2,3960
70829,2016-09-15,23:02:00,420,3,963
70830,2016-09-15,23:05:00,415,3,681
70831,2016-09-15,23:16:00,18,2,5497
70832,2016-09-15,23:22:00,234,3,8189
70833,2016-09-15,23:24:00,49,1,5367
70834,2016-09-15,23:38:00,113,3,7701
70835,2016-09-15,23:49:00,121,1,7823
70836,2016-09-15,23:49:00,66,1,3252
70837,2016-09-16,00:02:00,420,5,9232
70838,2016-09-16,00:07:00,20,1,5349
70839,2016-09-16,00:07:00,47,3,6996
70840,2016-09-16,00:16:00,216,2,6538
70841,2016-09-16,00:17:00,310,2,10403
70842,2016-09-16,00:30:00,228,1,6689
70843,2016-09-16,01:06:00,347,2,5769
70844,2016-09-16,01:10:00,71,1,10898
70845,2016-09-16,01:11:00,233,3,4147
70846,2016-09-16,01:14:00,392,1,5693
70847,2016-09-16,01:17:00,69,3,9521
70848,2016-09-16,01:24:00,204,1,6993
70849,2016-09-16,01:33:00,1,2,2039
70850,2016-09-16,01:36:00,238,1,3965
70851,2016-09-16,01:43:00,238,2,2513
70852,2016-09-16,01:48:00,41,1,6793
70853,2016-09-16,01:53:00,396,1,7482
70854,2016-09-16,02:08:00,187,2,675
70855,2016-09-16,02:19:00,244,2,1090
70856,2016-09-16,02:20:00,418,1,9632
70857,2016-09-16,02:26:00,203,5,6883
70858,2016-09-16,02:28:00,109,3,4815
70859,2016-09-16,02:34:00,446,1,337
70860,2016-09-16,02:34:00,5,1,8948
70861,2016-09-16,02:38:00,390,1,9202
70862,2016-09-16,02:46:00,181,2,6033
70863,2016-09-16,02:46:00,345,1,10924
70864,2016-09-16,02:48:00,101,2,1249
70865,2016-09-16,02:51:00,296,1,4369
70866,2016-09-16,02:53:00,220,2,7710
70867,2016-09-16,03:05:00,255,3,4068
70868,2016-09-16,03:08:00,371,2,11350
70869,2016-09-16,03:12:00,320,1,322
70870,2016-09-16,03:21:00,72,4,9845
70871,2016-09-16,03:22:00,170,3,663
70872,2016-09-16,03:23:00,351,1,7394
70873,2016-09-16,03:32:00,73,3,7106
70874,2016-09-16,03:39:00,336,5,2544
70875,2016-09-16,03:41:00,264,3,5545
70876,2016-09-16,03:45:00,132,2,6397
70877,2016-09-16,03:46:00,402,2,1578
70878,2016-09-16,03:58:00,259,1,5503
70879,2016-09-16,04:01:00,9,2,924
70880,2016-09-16,04:04:00,42,2,151
70881,2016-09-16,04:11:00,18,1,11738
70882,2016-09-16,04:15:00,92,1,7948
70883,2016-09-16,04:21:00,247,1,6797
70884,2016-09-16,04:35:00,356,2,9800
70885,2016-09-16,04:43:00,47,2,5130
70886,2016-09-16,05:06:00,148,2,8815
70887,2016-09-16,05:08:00,42,3,467
70888,2016-09-16,05:13:00,260,2,6874
70889,2016-09-16,05:18:00,304,3,7124
70890,2016-09-16,05:19:00,146,1,639
70891,2016-09-16,05:25:00,170,1,9089
70892,2016-09-16,05:40:00,235,2,5589
70893,2016-09-16,05:48:00,129,1,5958
70894,2016-09-16,05:49:00,402,2,4102
70895,2016-09-16,05:52:00,399,4,5156
70896,2016-09-16,05:54:00,83,2,8102
70897,2016-09-16,05:55:00,262,2,8474
70898,2016-09-16,05:56:00,132,1,4138
70899,2016-09-16,05:57:00,39,3,6100
70900,2016-09-16,06:02:00,305,1,9481
70901,2016-09-16,06:05:00,440,2,658
70902,2016-09-16,06:11:00,251,1,992
70903,2016-09-16,06:14:00,289,2,4262
70904,2016-09-16,06:16:00,383,6,2662
70905,2016-09-16,06:16:00,421,2,7977
70906,2016-09-16,06:19:00,292,4,8283
70907,2016-09-16,06:22:00,349,3,7055
70908,2016-09-16,06:23:00,85,1,626
70909,2016-09-16,06:26:00,343,2,9427
70910,2016-09-16,06:26:00,187,1,8590
70911,2016-09-16,06:27:00,155,1,7162
70912,2016-09-16,06:28:00,322,2,937
70913,2016-09-16,06:32:00,335,1,3760
70914,2016-09-16,06:41:00,162,2,6033
70915,2016-09-16,06:42:00,336,1,6654
70916,2016-09-16,06:49:00,277,2,2812
70917,2016-09-16,06:51:00,160,1,2861
70918,2016-09-16,06:57:00,45,1,7843
70919,2016-09-16,07:07:00,163,1,6551
70920,2016-09-16,07:10:00,320,5,4246
70921,2016-09-16,07:14:00,128,2,3251
70922,2016-09-16,07:17:00,196,2,1087
70923,2016-09-16,07:29:00,44,3,6454
70924,2016-09-16,07:34:00,28,1,8659
70925,2016-09-16,07:35:00,345,2,103
70926,2016-09-16,07:41:00,416,4,10409
70927,2016-09-16,07:47:00,257,3,2875
70928,2016-09-16,07:50:00,87,1,8378
70929,2016-09-16,07:51:00,105,1,857
70930,2016-09-16,07:53:00,434,2,11681
70931,2016-09-16,07:57:00,319,2,6794
70932,2016-09-16,08:06:00,102,2,305
70933,2016-09-16,08:08:00,391,4,7525
70934,2016-09-16,08:08:00,437,3,9480
70935,2016-09-16,08:10:00,253,2,1027
70936,2016-09-16,08:16:00,15,1,6169
70937,2016-09-16,08:18:00,110,1,11051
70938,2016-09-16,08:21:00,420,2,7471
70939,2016-09-16,08:23:00,71,1,3124
70940,2016-09-16,08:30:00,195,1,698
70941,2016-09-16,08:31:00,232,4,7660
70942,2016-09-16,08:39:00,63,2,9103
70943,2016-09-16,08:43:00,372,2,6122
70944,2016-09-16,08:48:00,286,3,5396
70945,2016-09-16,08:48:00,17,2,2374
70946,2016-09-16,08:58:00,409,2,11937
70947,2016-09-16,09:24:00,132,2,10708
70948,2016-09-16,09:28:00,138,3,6306
70949,2016-09-16,09:38:00,348,2,6967
70950,2016-09-16,09:47:00,82,1,1135
70951,2016-09-16,09:53:00,162,3,9588
70952,2016-09-16,09:59:00,22,1,2882
70953,2016-09-16,10:06:00,147,3,4286
70954,2016-09-16,10:06:00,95,2,914
70955,2016-09-16,10:07:00,194,2,3766
70956,2016-09-16,10:11:00,380,2,9633
70957,2016-09-16,10:14:00,135,1,9549
70958,2016-09-16,10:14:00,207,4,11050
70959,2016-09-16,10:21:00,405,1,128
70960,2016-09-16,10:24:00,334,1,8948
70961,2016-09-16,10:25:00,250,2,10059
70962,2016-09-16,10:27:00,30,1,11948
70963,2016-09-16,10:34:00,104,4,5436
70964,2016-09-16,10:39:00,290,2,10448
70965,2016-09-16,10:46:00,244,4,11830
70966,2016-09-16,10:47:00,49,4,213
70967,2016-09-16,10:51:00,64,1,6078
70968,2016-09-16,10:54:00,207,1,1635
70969,2016-09-16,10:59:00,56,2,6749
70970,2016-09-16,11:04:00,331,3,11439
70971,2016-09-16,11:05:00,279,2,11309
70972,2016-09-16,11:06:00,397,1,6321
70973,2016-09-16,11:09:00,420,2,10710
70974,2016-09-16,11:12:00,1,2,10518
70975,2016-09-16,11:23:00,91,5,1400
70976,2016-09-16,11:25:00,149,1,7471
70977,2016-09-16,11:34:00,343,1,1908
70978,2016-09-16,11:38:00,107,2,923
70979,2016-09-16,11:40:00,129,2,4159
70980,2016-09-16,11:43:00,448,2,2598
70981,2016-09-16,11:43:00,30,2,9979
70982,2016-09-16,11:52:00,188,1,539
70983,2016-09-16,11:55:00,444,4,9334
70984,2016-09-16,12:12:00,33,2,7126
70985,2016-09-16,12:12:00,380,1,2058
70986,2016-09-16,12:32:00,271,2,2216
70987,2016-09-16,12:38:00,370,1,8418
70988,2016-09-16,12:38:00,29,3,2090
70989,2016-09-16,12:40:00,194,1,5731
70990,2016-09-16,12:43:00,60,3,3902
70991,2016-09-16,12:49:00,216,2,11037
70992,2016-09-16,12:52:00,293,1,9101
70993,2016-09-16,12:56:00,53,1,2760
70994,2016-09-16,12:58:00,244,1,1292
70995,2016-09-16,13:10:00,33,3,892
70996,2016-09-16,13:30:00,242,5,7945
70997,2016-09-16,13:30:00,12,1,5707
70998,2016-09-16,13:34:00,62,2,8030
70999,2016-09-16,13:35:00,137,3,3089
71000,2016-09-16,13:38:00,19,2,2719
71001,2016-09-16,13:39:00,3,3,2465
71002,2016-09-16,13:41:00,164,2,4904
71003,2016-09-16,13:46:00,277,1,6329
71004,2016-09-16,13:47:00,267,2,9543
71005,2016-09-16,13:57:00,145,3,11715
71006,2016-09-16,13:58:00,404,1,3310
71007,2016-09-16,13:59:00,292,3,7766
71008,2016-09-16,14:20:00,105,1,6105
71009,2016-09-16,14:24:00,92,2,2167
71010,2016-09-16,14:25:00,202,1,6557
71011,2016-09-16,14:29:00,200,2,9571
71012,2016-09-16,14:33:00,246,2,7645
71013,2016-09-16,14:33:00,433,2,5504
71014,2016-09-16,14:35:00,324,2,257
71015,2016-09-16,14:47:00,222,2,4921
71016,2016-09-16,14:49:00,172,1,9238
71017,2016-09-16,15:17:00,272,1,11645
71018,2016-09-16,15:20:00,45,2,3880
71019,2016-09-16,15:21:00,306,1,7690
71020,2016-09-16,15:24:00,94,2,4124
71021,2016-09-16,15:34:00,378,1,1278
71022,2016-09-16,15:37:00,65,1,5852
71023,2016-09-16,15:45:00,128,1,10521
71024,2016-09-16,16:03:00,405,2,11273
71025,2016-09-16,16:09:00,213,1,4715
71026,2016-09-16,16:25:00,256,1,1612
71027,2016-09-16,16:33:00,34,1,4397
71028,2016-09-16,16:38:00,168,4,1251
71029,2016-09-16,16:52:00,145,1,3175
71030,2016-09-16,16:54:00,44,2,9572
71031,2016-09-16,16:59:00,182,1,2381
71032,2016-09-16,17:24:00,217,4,11911
71033,2016-09-16,17:26:00,25,1,570
71034,2016-09-16,17:30:00,15,2,955
71035,2016-09-16,17:41:00,1,2,11616
71036,2016-09-16,17:45:00,206,2,9026
71037,2016-09-16,17:48:00,298,2,9652
71038,2016-09-16,17:51:00,218,1,8262
71039,2016-09-16,17:59:00,272,1,7438
71040,2016-09-16,18:02:00,262,1,10208
71041,2016-09-16,18:08:00,61,2,10521
71042,2016-09-16,18:10:00,421,2,11141
71043,2016-09-16,18:11:00,276,2,573
71044,2016-09-16,18:12:00,185,1,5718
71045,2016-09-16,18:13:00,67,2,7839
71046,2016-09-16,18:24:00,195,1,10825
71047,2016-09-16,18:28:00,146,2,4169
71048,2016-09-16,18:33:00,90,4,6389
71049,2016-09-16,18:40:00,433,2,7394
71050,2016-09-16,18:42:00,405,3,9851
71051,2016-09-16,18:44:00,262,2,555
71052,2016-09-16,18:54:00,178,1,3554
71053,2016-09-16,18:57:00,319,2,4948
71054,2016-09-16,18:59:00,287,2,4053
71055,2016-09-16,19:02:00,419,3,5735
71056,2016-09-16,19:10:00,139,1,4448
71057,2016-09-16,19:10:00,136,3,10672
71058,2016-09-16,19:13:00,94,3,1014
71059,2016-09-16,19:15:00,100,1,10654
71060,2016-09-16,19:18:00,451,2,7479
71061,2016-09-16,19:31:00,314,4,3352
71062,2016-09-16,19:32:00,346,3,2215
71063,2016-09-16,19:34:00,451,1,10677
71064,2016-09-16,19:45:00,274,2,2952
71065,2016-09-16,19:47:00,184,1,11453
71066,2016-09-16,19:48:00,240,1,6705
71067,2016-09-16,19:53:00,309,3,3673
71068,2016-09-16,19:54:00,383,1,522
71069,2016-09-16,19:54:00,194,2,5510
71070,2016-09-16,19:58:00,390,1,8533
71071,2016-09-16,20:00:00,257,3,2225
71072,2016-09-16,20:06:00,177,1,3054
71073,2016-09-16,20:07:00,321,1,6787
71074,2016-09-16,20:14:00,79,1,5297
71075,2016-09-16,20:17:00,450,1,7970
71076,2016-09-16,20:42:00,146,3,2123
71077,2016-09-16,20:46:00,194,2,1676
71078,2016-09-16,20:49:00,296,3,1267
71079,2016-09-16,20:51:00,252,3,10234
71080,2016-09-16,20:58:00,144,1,7477
71081,2016-09-16,21:05:00,185,1,6748
71082,2016-09-16,21:07:00,429,1,7421
71083,2016-09-16,21:07:00,58,1,6501
71084,2016-09-16,21:12:00,216,1,10013
71085,2016-09-16,21:14:00,82,1,6073
71086,2016-09-16,21:22:00,77,1,225
71087,2016-09-16,21:28:00,245,2,6493
71088,2016-09-16,21:35:00,70,1,6004
71089,2016-09-16,21:41:00,179,3,11652
71090,2016-09-16,21:49:00,136,2,7416
71091,2016-09-16,21:57:00,91,5,3588
71092,2016-09-16,22:07:00,203,1,860
71093,2016-09-16,22:08:00,397,1,3771
71094,2016-09-16,22:08:00,431,4,3853
71095,2016-09-16,22:09:00,356,1,5367
71096,2016-09-16,22:13:00,403,2,824
71097,2016-09-16,22:16:00,453,1,4410
71098,2016-09-16,22:22:00,391,2,341
71099,2016-09-16,22:23:00,195,2,8359
71100,2016-09-16,22:25:00,293,2,484
71101,2016-09-16,22:26:00,157,2,2441
71102,2016-09-16,22:28:00,19,3,7545
71103,2016-09-16,22:29:00,188,1,8342
71104,2016-09-16,22:31:00,261,2,6045
71105,2016-09-16,22:38:00,309,1,9580
71106,2016-09-16,22:39:00,266,2,11801
71107,2016-09-16,22:43:00,291,5,8776
71108,2016-09-16,22:45:00,284,1,1173
71109,2016-09-16,22:57:00,52,3,647
71110,2016-09-16,23:03:00,230,2,3011
71111,2016-09-16,23:11:00,188,1,4754
71112,2016-09-16,23:22:00,72,1,9073
71113,2016-09-16,23:23:00,31,1,7990
71114,2016-09-16,23:31:00,418,1,9028
71115,2016-09-16,23:35:00,356,1,6910
71116,2016-09-16,23:43:00,56,1,4937
71117,2016-09-16,23:44:00,116,1,8907
71118,2016-09-17,00:01:00,418,1,5961
71119,2016-09-17,00:10:00,294,2,5251
71120,2016-09-17,00:15:00,87,1,11568
71121,2016-09-17,00:19:00,264,2,4247
71122,2016-09-17,00:20:00,78,2,11283
71123,2016-09-17,00:22:00,404,1,3981
71124,2016-09-17,00:22:00,196,2,2621
71125,2016-09-17,00:23:00,249,2,10938
71126,2016-09-17,00:24:00,299,1,2601
71127,2016-09-17,01:04:00,66,1,5124
71128,2016-09-17,01:08:00,437,1,6467
71129,2016-09-17,01:10:00,319,2,8369
71130,2016-09-17,01:14:00,338,2,8173
71131,2016-09-17,01:31:00,347,3,9933
71132,2016-09-17,01:38:00,344,1,7802
71133,2016-09-17,01:50:00,45,1,3561
71134,2016-09-17,01:55:00,29,2,6310
71135,2016-09-17,01:58:00,440,2,4501
71136,2016-09-17,02:00:00,238,1,7256
71137,2016-09-17,02:03:00,108,2,3383
71138,2016-09-17,02:04:00,49,1,7010
71139,2016-09-17,02:13:00,125,2,8945
71140,2016-09-17,02:16:00,176,1,6513
71141,2016-09-17,02:19:00,319,2,6289
71142,2016-09-17,02:26:00,330,3,4042
71143,2016-09-17,02:34:00,145,3,5813
71144,2016-09-17,02:46:00,111,2,2872
71145,2016-09-17,02:48:00,99,2,5947
71146,2016-09-17,03:01:00,88,3,11519
71147,2016-09-17,03:03:00,262,1,7671
71148,2016-09-17,03:04:00,170,2,8901
71149,2016-09-17,03:06:00,450,2,10112
71150,2016-09-17,03:43:00,409,1,10008
71151,2016-09-17,03:49:00,368,4,10535
71152,2016-09-17,03:55:00,374,1,3401
71153,2016-09-17,03:55:00,119,2,10201
71154,2016-09-17,03:56:00,73,3,11585
71155,2016-09-17,03:58:00,111,4,7265
71156,2016-09-17,04:02:00,143,3,4049
71157,2016-09-17,04:04:00,344,1,9303
71158,2016-09-17,04:23:00,69,3,8945
71159,2016-09-17,04:24:00,53,1,6074
71160,2016-09-17,04:25:00,76,2,4210
71161,2016-09-17,04:31:00,46,1,7734
71162,2016-09-17,04:34:00,32,5,6971
71163,2016-09-17,04:34:00,316,2,2386
71164,2016-09-17,04:40:00,325,1,3399
71165,2016-09-17,04:43:00,131,4,11884
71166,2016-09-17,04:52:00,50,1,6914
71167,2016-09-17,05:08:00,285,2,276
71168,2016-09-17,05:09:00,28,1,11639
71169,2016-09-17,05:20:00,111,1,7477
71170,2016-09-17,05:20:00,374,1,615
71171,2016-09-17,05:28:00,220,1,11288
71172,2016-09-17,05:35:00,363,4,11039
71173,2016-09-17,05:54:00,312,1,1521
71174,2016-09-17,05:55:00,6,3,11777
71175,2016-09-17,05:55:00,407,3,7861
71176,2016-09-17,05:55:00,77,3,7775
71177,2016-09-17,05:56:00,77,2,2824
71178,2016-09-17,05:56:00,280,2,8117
71179,2016-09-17,05:57:00,179,4,1219
71180,2016-09-17,06:18:00,192,1,7669
71181,2016-09-17,06:22:00,252,1,331
71182,2016-09-17,06:26:00,199,1,1871
71183,2016-09-17,06:26:00,113,1,7655
71184,2016-09-17,06:41:00,72,1,1367
71185,2016-09-17,06:52:00,308,1,6575
71186,2016-09-17,06:55:00,256,1,1558
71187,2016-09-17,06:58:00,56,1,8215
71188,2016-09-17,07:07:00,150,4,4094
71189,2016-09-17,07:08:00,131,2,1805
71190,2016-09-17,07:20:00,86,1,11616
71191,2016-09-17,07:26:00,243,1,8263
71192,2016-09-17,07:30:00,316,4,3419
71193,2016-09-17,07:58:00,139,3,8594
71194,2016-09-17,08:05:00,446,2,5649
71195,2016-09-17,08:06:00,146,4,436
71196,2016-09-17,08:08:00,239,1,11506
71197,2016-09-17,08:15:00,190,2,1537
71198,2016-09-17,08:20:00,56,3,9909
71199,2016-09-17,08:24:00,345,3,10576
71200,2016-09-17,08:30:00,420,6,6894
71201,2016-09-17,08:33:00,186,1,11050
71202,2016-09-17,08:35:00,286,2,11992
71203,2016-09-17,08:38:00,6,1,5852
71204,2016-09-17,08:39:00,166,4,7068
71205,2016-09-17,08:43:00,347,2,3829
71206,2016-09-17,08:50:00,248,1,2351
71207,2016-09-17,08:53:00,39,3,8762
71208,2016-09-17,08:58:00,25,5,10979
71209,2016-09-17,09:02:00,17,2,11677
71210,2016-09-17,09:02:00,48,2,4821
71211,2016-09-17,09:04:00,305,2,1978
71212,2016-09-17,09:09:00,243,3,7060
71213,2016-09-17,09:11:00,84,2,2531
71214,2016-09-17,09:15:00,19,1,78
71215,2016-09-17,09:26:00,333,1,5842
71216,2016-09-17,09:33:00,360,2,2837
71217,2016-09-17,09:45:00,283,3,2766
71218,2016-09-17,09:46:00,61,2,6513
71219,2016-09-17,09:54:00,90,1,5193
71220,2016-09-17,09:54:00,254,3,6561
71221,2016-09-17,09:56:00,135,2,9860
71222,2016-09-17,10:01:00,289,4,8503
71223,2016-09-17,10:10:00,198,1,8545
71224,2016-09-17,10:27:00,139,3,733
71225,2016-09-17,10:40:00,398,1,3397
71226,2016-09-17,10:43:00,51,4,1499
71227,2016-09-17,10:45:00,374,1,6753
71228,2016-09-17,10:49:00,341,3,5675
71229,2016-09-17,11:02:00,208,1,4009
71230,2016-09-17,11:28:00,235,3,1638
71231,2016-09-17,11:31:00,332,2,3582
71232,2016-09-17,11:39:00,388,1,363
71233,2016-09-17,11:40:00,52,5,9738
71234,2016-09-17,11:46:00,458,1,11633
71235,2016-09-17,11:51:00,57,2,4122
71236,2016-09-17,11:58:00,443,3,2146
71237,2016-09-17,12:02:00,302,1,1261
71238,2016-09-17,12:29:00,368,1,8032
71239,2016-09-17,12:33:00,377,1,10795
71240,2016-09-17,12:37:00,446,4,3584
71241,2016-09-17,12:40:00,47,2,1045
71242,2016-09-17,12:40:00,164,2,5554
71243,2016-09-17,12:52:00,214,1,9766
71244,2016-09-17,12:59:00,94,4,10935
71245,2016-09-17,13:06:00,178,4,11596
71246,2016-09-17,13:06:00,72,1,615
71247,2016-09-17,13:09:00,194,2,4734
71248,2016-09-17,13:10:00,435,2,6990
71249,2016-09-17,13:13:00,34,1,8957
71250,2016-09-17,13:13:00,261,1,11752
71251,2016-09-17,13:15:00,377,2,11808
71252,2016-09-17,13:20:00,143,5,3838
71253,2016-09-17,13:21:00,417,3,7635
71254,2016-09-17,13:24:00,115,4,4410
71255,2016-09-17,13:26:00,401,4,1091
71256,2016-09-17,13:36:00,280,2,4561
71257,2016-09-17,13:38:00,266,2,11340
71258,2016-09-17,13:49:00,252,2,1402
71259,2016-09-17,13:52:00,61,2,5515
71260,2016-09-17,13:58:00,293,1,8996
71261,2016-09-17,14:07:00,410,2,6019
71262,2016-09-17,14:12:00,114,4,271
71263,2016-09-17,14:25:00,294,2,2158
71264,2016-09-17,14:34:00,185,2,5862
71265,2016-09-17,14:37:00,236,2,10211
71266,2016-09-17,14:40:00,242,2,9656
71267,2016-09-17,14:45:00,357,2,10910
71268,2016-09-17,14:46:00,440,5,1718
71269,2016-09-17,14:47:00,215,1,8516
71270,2016-09-17,14:47:00,428,2,7077
71271,2016-09-17,14:49:00,410,3,7780
71272,2016-09-17,14:49:00,457,2,11810
71273,2016-09-17,14:59:00,145,1,6640
71274,2016-09-17,15:02:00,312,4,3953
71275,2016-09-17,15:06:00,164,1,1938
71276,2016-09-17,15:07:00,260,2,9361
71277,2016-09-17,15:10:00,381,3,10829
71278,2016-09-17,15:18:00,86,1,927
71279,2016-09-17,15:19:00,280,1,9215
71280,2016-09-17,15:20:00,254,3,9945
71281,2016-09-17,15:22:00,37,2,10277
71282,2016-09-17,15:29:00,421,2,1495
71283,2016-09-17,15:37:00,170,1,6052
71284,2016-09-17,15:40:00,406,1,5024
71285,2016-09-17,15:52:00,156,4,9695
71286,2016-09-17,15:53:00,388,2,11940
71287,2016-09-17,15:54:00,1,2,1024
71288,2016-09-17,16:00:00,354,2,10034
71289,2016-09-17,16:06:00,347,1,6999
71290,2016-09-17,16:18:00,400,1,11616
71291,2016-09-17,16:37:00,261,1,5863
71292,2016-09-17,16:38:00,452,1,1787
71293,2016-09-17,16:38:00,198,2,5737
71294,2016-09-17,16:40:00,2,2,10784
71295,2016-09-17,16:48:00,274,1,6102
71296,2016-09-17,16:55:00,450,1,7155
71297,2016-09-17,16:55:00,10,2,6611
71298,2016-09-17,17:11:00,88,2,11071
71299,2016-09-17,17:23:00,251,1,10707
71300,2016-09-17,17:38:00,164,1,740
71301,2016-09-17,17:48:00,429,3,5331
71302,2016-09-17,17:53:00,417,6,7165
71303,2016-09-17,18:00:00,79,3,5624
71304,2016-09-17,18:08:00,418,1,702
71305,2016-09-17,18:10:00,342,2,9147
71306,2016-09-17,18:11:00,188,3,8287
71307,2016-09-17,18:13:00,220,5,6643
71308,2016-09-17,18:18:00,121,4,573
71309,2016-09-17,18:20:00,190,2,1326
71310,2016-09-17,18:29:00,302,1,10758
71311,2016-09-17,18:33:00,14,1,5876
71312,2016-09-17,18:35:00,227,1,1931
71313,2016-09-17,18:40:00,327,3,2557
71314,2016-09-17,18:50:00,158,1,8735
71315,2016-09-17,19:13:00,182,1,9222
71316,2016-09-17,19:21:00,109,2,10628
71317,2016-09-17,19:26:00,39,1,6409
71318,2016-09-17,19:30:00,83,2,11273
71319,2016-09-17,19:40:00,406,1,3471
71320,2016-09-17,19:43:00,143,2,4624
71321,2016-09-17,19:48:00,435,5,27
71322,2016-09-17,19:52:00,427,2,2766
71323,2016-09-17,19:55:00,47,3,6766
71324,2016-09-17,20:03:00,221,4,11129
71325,2016-09-17,20:08:00,362,3,3273
71326,2016-09-17,20:09:00,142,3,7109
71327,2016-09-17,20:24:00,234,1,1137
71328,2016-09-17,20:27:00,29,2,5641
71329,2016-09-17,20:28:00,48,4,10715
71330,2016-09-17,20:31:00,206,3,11422
71331,2016-09-17,20:36:00,416,1,233
71332,2016-09-17,20:36:00,410,2,5957
71333,2016-09-17,20:37:00,167,1,7250
71334,2016-09-17,20:38:00,231,4,3330
71335,2016-09-17,20:39:00,2,4,2629
71336,2016-09-17,20:46:00,352,1,1947
71337,2016-09-17,20:47:00,7,2,2181
71338,2016-09-17,20:58:00,374,2,431
71339,2016-09-17,20:58:00,203,2,9172
71340,2016-09-17,20:58:00,263,1,7672
71341,2016-09-17,21:11:00,101,3,8218
71342,2016-09-17,21:24:00,187,3,1754
71343,2016-09-17,21:24:00,54,3,8136
71344,2016-09-17,21:25:00,337,1,5354
71345,2016-09-17,21:25:00,107,4,6863
71346,2016-09-17,21:25:00,376,1,2399
71347,2016-09-17,21:31:00,299,1,7562
71348,2016-09-17,21:32:00,98,1,4579
71349,2016-09-17,21:40:00,290,1,7381
71350,2016-09-17,21:56:00,381,2,6888
71351,2016-09-17,22:04:00,54,3,11707
71352,2016-09-17,22:06:00,312,3,6476
71353,2016-09-17,22:07:00,153,1,2642
71354,2016-09-17,22:12:00,168,2,3001
71355,2016-09-17,22:14:00,316,1,4891
71356,2016-09-17,22:27:00,187,1,3113
71357,2016-09-17,22:33:00,298,1,1237
71358,2016-09-17,22:38:00,78,2,3680
71359,2016-09-17,22:44:00,297,2,4351
71360,2016-09-17,22:45:00,339,1,3918
71361,2016-09-17,22:54:00,94,2,2696
71362,2016-09-17,22:55:00,287,1,319
71363,2016-09-17,22:57:00,12,1,6935
71364,2016-09-17,22:58:00,322,1,9051
71365,2016-09-17,23:03:00,319,5,9407
71366,2016-09-17,23:09:00,189,2,9467
71367,2016-09-17,23:18:00,271,2,10499
71368,2016-09-17,23:27:00,168,2,2173
71369,2016-09-17,23:28:00,3,1,7810
71370,2016-09-17,23:34:00,54,3,3488
71371,2016-09-17,23:42:00,109,2,2667
71372,2016-09-17,23:43:00,97,1,7067
71373,2016-09-17,23:47:00,58,2,8196
71374,2016-09-18,00:07:00,85,2,11523
71375,2016-09-18,00:21:00,52,1,225
71376,2016-09-18,00:29:00,114,1,1752
71377,2016-09-18,00:31:00,163,2,4020
71378,2016-09-18,00:35:00,306,1,5015
71379,2016-09-18,00:41:00,169,2,11764
71380,2016-09-18,01:00:00,211,1,363
71381,2016-09-18,01:14:00,3,2,7091
71382,2016-09-18,01:22:00,329,3,8134
71383,2016-09-18,01:24:00,343,4,5697
71384,2016-09-18,01:26:00,382,2,9371
71385,2016-09-18,01:30:00,160,2,1475
71386,2016-09-18,01:33:00,169,1,8694
71387,2016-09-18,01:34:00,222,2,10632
71388,2016-09-18,01:34:00,175,1,10918
71389,2016-09-18,01:40:00,246,2,1139
71390,2016-09-18,01:40:00,286,3,9563
71391,2016-09-18,01:45:00,139,1,946
71392,2016-09-18,01:54:00,144,4,4594
71393,2016-09-18,01:59:00,334,1,9344
71394,2016-09-18,02:02:00,136,2,8946
71395,2016-09-18,02:03:00,392,1,5588
71396,2016-09-18,02:03:00,434,5,5653
71397,2016-09-18,02:24:00,342,5,49
71398,2016-09-18,02:26:00,7,1,2049
71399,2016-09-18,02:29:00,24,2,8201
71400,2016-09-18,02:34:00,46,1,4179
71401,2016-09-18,02:41:00,448,2,6294
71402,2016-09-18,02:46:00,359,2,4947
71403,2016-09-18,02:46:00,59,2,904
71404,2016-09-18,02:49:00,121,3,11548
71405,2016-09-18,02:56:00,19,1,3699
71406,2016-09-18,02:57:00,311,2,4125
71407,2016-09-18,02:58:00,34,3,5586
71408,2016-09-18,03:04:00,438,2,6851
71409,2016-09-18,03:08:00,355,2,5444
71410,2016-09-18,03:11:00,103,1,11571
71411,2016-09-18,03:15:00,300,1,3736
71412,2016-09-18,03:19:00,251,1,5047
71413,2016-09-18,03:21:00,158,4,1457
71414,2016-09-18,03:27:00,302,1,7123
71415,2016-09-18,03:28:00,69,2,11090
71416,2016-09-18,03:30:00,121,3,8091
71417,2016-09-18,03:41:00,106,3,8128
71418,2016-09-18,03:43:00,139,3,6698
71419,2016-09-18,03:50:00,327,1,1806
71420,2016-09-18,03:58:00,394,1,3645
71421,2016-09-18,04:00:00,7,2,11258
71422,2016-09-18,04:06:00,436,2,6815
71423,2016-09-18,04:07:00,67,2,9237
71424,2016-09-18,04:07:00,192,3,6344
71425,2016-09-18,04:10:00,33,3,7106
71426,2016-09-18,04:11:00,400,2,7880
71427,2016-09-18,04:19:00,384,2,7474
71428,2016-09-18,04:37:00,16,2,10356
71429,2016-09-18,04:42:00,150,3,9439
71430,2016-09-18,04:48:00,194,2,5012
71431,2016-09-18,04:49:00,298,2,7279
71432,2016-09-18,04:58:00,308,1,7533
71433,2016-09-18,05:13:00,92,2,6670
71434,2016-09-18,05:24:00,189,2,1369
71435,2016-09-18,05:33:00,16,2,3675
71436,2016-09-18,05:39:00,314,1,5731
71437,2016-09-18,05:42:00,382,3,5823
71438,2016-09-18,05:43:00,363,3,5428
71439,2016-09-18,05:44:00,3,2,8548
71440,2016-09-18,05:45:00,42,2,8683
71441,2016-09-18,05:49:00,247,2,5041
71442,2016-09-18,05:52:00,232,1,3999
71443,2016-09-18,06:05:00,305,1,9733
71444,2016-09-18,06:06:00,223,1,6129
71445,2016-09-18,06:10:00,165,2,11421
71446,2016-09-18,06:17:00,431,2,7235
71447,2016-09-18,06:23:00,78,3,6997
71448,2016-09-18,06:24:00,200,1,6924
71449,2016-09-18,06:24:00,270,1,3887
71450,2016-09-18,06:25:00,428,2,329
71451,2016-09-18,06:31:00,136,1,10405
71452,2016-09-18,06:33:00,436,2,652
71453,2016-09-18,06:34:00,222,2,5159
71454,2016-09-18,06:45:00,192,1,2010
71455,2016-09-18,06:46:00,438,2,4949
71456,2016-09-18,06:47:00,25,1,883
71457,2016-09-18,07:00:00,395,1,5095
71458,2016-09-18,07:04:00,255,1,6612
71459,2016-09-18,07:08:00,141,2,9065
71460,2016-09-18,07:09:00,150,2,8644
71461,2016-09-18,07:10:00,122,3,6876
71462,2016-09-18,07:12:00,49,2,10941
71463,2016-09-18,07:14:00,93,3,8033
71464,2016-09-18,07:14:00,188,1,7007
71465,2016-09-18,07:16:00,413,2,6116
71466,2016-09-18,07:27:00,199,2,10944
71467,2016-09-18,07:27:00,359,2,6131
71468,2016-09-18,07:38:00,446,1,11946
71469,2016-09-18,07:39:00,350,1,6837
71470,2016-09-18,07:46:00,370,2,9611
71471,2016-09-18,07:49:00,110,3,1599
71472,2016-09-18,07:51:00,88,1,7442
71473,2016-09-18,07:52:00,137,1,2688
71474,2016-09-18,07:53:00,63,3,11090
71475,2016-09-18,07:54:00,332,2,11951
71476,2016-09-18,07:58:00,185,2,7519
71477,2016-09-18,07:58:00,272,1,934
71478,2016-09-18,08:09:00,16,3,1645
71479,2016-09-18,08:09:00,256,1,2765
71480,2016-09-18,08:11:00,107,2,11090
71481,2016-09-18,08:12:00,394,2,8227
71482,2016-09-18,08:23:00,74,3,3907
71483,2016-09-18,08:24:00,281,2,8407
71484,2016-09-18,08:25:00,290,1,7995
71485,2016-09-18,08:26:00,5,1,9872
71486,2016-09-18,08:30:00,125,3,7058
71487,2016-09-18,08:31:00,76,2,8946
71488,2016-09-18,08:32:00,4,2,6258
71489,2016-09-18,08:39:00,352,2,11822
71490,2016-09-18,08:46:00,376,2,4088
71491,2016-09-18,08:48:00,81,4,7568
71492,2016-09-18,08:54:00,41,1,11438
71493,2016-09-18,08:58:00,44,2,1411
71494,2016-09-18,09:00:00,435,1,10205
71495,2016-09-18,09:04:00,330,1,4423
71496,2016-09-18,09:05:00,382,3,9211
71497,2016-09-18,09:06:00,231,1,11188
71498,2016-09-18,09:09:00,246,2,3757
71499,2016-09-18,09:19:00,279,1,9175
71500,2016-09-18,09:20:00,30,1,11487
71501,2016-09-18,09:21:00,260,1,3088
71502,2016-09-18,09:27:00,364,4,1001
71503,2016-09-18,09:30:00,366,2,6477
71504,2016-09-18,09:30:00,226,1,4939
71505,2016-09-18,09:31:00,454,3,444
71506,2016-09-18,09:36:00,339,1,10587
71507,2016-09-18,09:52:00,150,3,4836
71508,2016-09-18,10:07:00,447,2,3466
71509,2016-09-18,10:08:00,450,4,231
71510,2016-09-18,10:10:00,327,1,5740
71511,2016-09-18,10:10:00,169,2,4335
71512,2016-09-18,10:21:00,59,3,3346
71513,2016-09-18,10:30:00,424,2,3537
71514,2016-09-18,10:31:00,327,1,4193
71515,2016-09-18,10:35:00,51,1,2508
71516,2016-09-18,10:41:00,436,2,6131
71517,2016-09-18,10:43:00,147,1,8700
71518,2016-09-18,10:58:00,290,4,7364
71519,2016-09-18,11:00:00,20,4,5440
71520,2016-09-18,11:24:00,339,4,5799
71521,2016-09-18,11:46:00,428,1,8644
71522,2016-09-18,11:46:00,143,2,2657
71523,2016-09-18,11:48:00,394,1,737
71524,2016-09-18,11:48:00,8,2,10264
71525,2016-09-18,11:53:00,129,1,10734
71526,2016-09-18,11:54:00,48,2,10710
71527,2016-09-18,11:55:00,287,1,2999
71528,2016-09-18,11:58:00,245,2,4074
71529,2016-09-18,12:02:00,396,1,4012
71530,2016-09-18,12:05:00,53,1,2243
71531,2016-09-18,12:11:00,65,1,6898
71532,2016-09-18,12:12:00,24,3,3036
71533,2016-09-18,12:12:00,36,1,1948
71534,2016-09-18,12:20:00,450,3,11584
71535,2016-09-18,12:29:00,339,4,9491
71536,2016-09-18,12:30:00,369,2,7383
71537,2016-09-18,12:40:00,185,2,9131
71538,2016-09-18,12:44:00,84,2,1987
71539,2016-09-18,12:49:00,305,2,6312
71540,2016-09-18,13:11:00,31,2,5226
71541,2016-09-18,13:15:00,56,2,7016
71542,2016-09-18,13:26:00,145,1,4702
71543,2016-09-18,13:33:00,99,2,5062
71544,2016-09-18,13:46:00,169,3,298
71545,2016-09-18,13:55:00,115,1,7031
71546,2016-09-18,13:55:00,377,1,4511
71547,2016-09-18,13:57:00,123,1,3539
71548,2016-09-18,13:58:00,10,3,8916
71549,2016-09-18,13:58:00,175,2,10740
71550,2016-09-18,14:01:00,51,3,3638
71551,2016-09-18,14:02:00,133,2,6195
71552,2016-09-18,14:14:00,10,1,1408
71553,2016-09-18,14:15:00,305,3,10102
71554,2016-09-18,14:18:00,157,1,1991
71555,2016-09-18,14:19:00,296,4,5696
71556,2016-09-18,14:20:00,11,2,10635
71557,2016-09-18,14:22:00,187,1,11225
71558,2016-09-18,14:33:00,403,1,4126
71559,2016-09-18,14:35:00,369,1,9981
71560,2016-09-18,14:43:00,148,1,3504
71561,2016-09-18,14:47:00,177,3,8666
71562,2016-09-18,14:49:00,88,4,5796
71563,2016-09-18,14:54:00,282,1,11298
71564,2016-09-18,15:08:00,91,2,2394
71565,2016-09-18,15:19:00,243,2,4619
71566,2016-09-18,15:20:00,323,2,11180
71567,2016-09-18,15:29:00,118,1,8818
71568,2016-09-18,15:29:00,24,2,430
71569,2016-09-18,15:35:00,169,2,2941
71570,2016-09-18,15:37:00,8,1,8132
71571,2016-09-18,15:38:00,90,2,4934
71572,2016-09-18,15:41:00,162,2,9077
71573,2016-09-18,15:43:00,158,2,1991
71574,2016-09-18,15:43:00,330,3,5916
71575,2016-09-18,15:44:00,376,2,1728
71576,2016-09-18,15:53:00,382,1,9001
71577,2016-09-18,15:53:00,252,2,1052
71578,2016-09-18,15:57:00,267,2,11660
71579,2016-09-18,16:00:00,67,1,9793
71580,2016-09-18,16:02:00,428,1,9954
71581,2016-09-18,16:03:00,133,3,2328
71582,2016-09-18,16:10:00,307,2,5313
71583,2016-09-18,16:12:00,202,3,9394
71584,2016-09-18,16:25:00,425,1,7543
71585,2016-09-18,16:41:00,286,1,3875
71586,2016-09-18,16:44:00,368,2,4099
71587,2016-09-18,16:45:00,216,1,3221
71588,2016-09-18,16:52:00,417,1,899
71589,2016-09-18,16:53:00,420,2,5975
71590,2016-09-18,16:55:00,233,3,944
71591,2016-09-18,16:58:00,412,4,1672
71592,2016-09-18,17:02:00,62,4,1755
71593,2016-09-18,17:06:00,128,1,6529
71594,2016-09-18,17:07:00,83,3,4231
71595,2016-09-18,17:07:00,152,2,7443
71596,2016-09-18,17:25:00,285,1,11196
71597,2016-09-18,17:29:00,274,1,5199
71598,2016-09-18,17:33:00,248,1,6753
71599,2016-09-18,17:35:00,307,1,10397
71600,2016-09-18,17:35:00,331,3,6234
71601,2016-09-18,17:50:00,101,7,5981
71602,2016-09-18,17:51:00,250,2,3675
71603,2016-09-18,18:04:00,197,1,2845
71604,2016-09-18,18:07:00,173,2,2608
71605,2016-09-18,18:18:00,278,1,4653
71606,2016-09-18,18:21:00,18,2,7680
71607,2016-09-18,18:26:00,110,1,8265
71608,2016-09-18,18:38:00,154,2,10220
71609,2016-09-18,18:43:00,249,2,1404
71610,2016-09-18,18:46:00,316,3,3314
71611,2016-09-18,19:07:00,98,1,10792
71612,2016-09-18,19:21:00,347,2,880
71613,2016-09-18,19:22:00,245,2,2984
71614,2016-09-18,19:27:00,75,3,7960
71615,2016-09-18,19:27:00,34,3,829
71616,2016-09-18,19:32:00,326,1,10500
71617,2016-09-18,19:37:00,319,2,7098
71618,2016-09-18,19:44:00,175,5,7591
71619,2016-09-18,19:50:00,150,1,665
71620,2016-09-18,19:53:00,298,3,800
71621,2016-09-18,19:54:00,269,1,3614
71622,2016-09-18,20:02:00,165,1,11227
71623,2016-09-18,20:03:00,40,3,9064
71624,2016-09-18,20:16:00,218,1,1723
71625,2016-09-18,20:17:00,94,1,9957
71626,2016-09-18,20:21:00,407,1,8
71627,2016-09-18,20:32:00,235,1,2175
71628,2016-09-18,20:33:00,129,3,9455
71629,2016-09-18,20:48:00,28,1,11584
71630,2016-09-18,20:50:00,132,2,8271
71631,2016-09-18,20:50:00,236,1,2446
71632,2016-09-18,20:52:00,220,1,2444
71633,2016-09-18,21:03:00,74,2,2534
71634,2016-09-18,21:05:00,205,2,8886
71635,2016-09-18,21:08:00,373,1,4436
71636,2016-09-18,21:15:00,15,1,8225
71637,2016-09-18,21:18:00,226,1,2532
71638,2016-09-18,21:24:00,414,2,9938
71639,2016-09-18,21:34:00,381,1,4053
71640,2016-09-18,21:37:00,126,1,11831
71641,2016-09-18,21:43:00,83,2,10219
71642,2016-09-18,21:49:00,278,2,8477
71643,2016-09-18,21:50:00,100,2,5452
71644,2016-09-18,22:00:00,443,1,4436
71645,2016-09-18,22:05:00,224,1,5163
71646,2016-09-18,22:06:00,363,3,5227
71647,2016-09-18,22:12:00,10,1,1541
71648,2016-09-18,22:17:00,340,2,1933
71649,2016-09-18,22:18:00,247,1,7276
71650,2016-09-18,22:37:00,321,1,9176
71651,2016-09-18,22:45:00,53,1,4293
71652,2016-09-18,22:45:00,132,2,10852
71653,2016-09-18,22:45:00,162,1,3108
71654,2016-09-18,22:48:00,241,2,1
71655,2016-09-18,23:00:00,274,3,7586
71656,2016-09-18,23:03:00,311,1,6091
71657,2016-09-18,23:04:00,253,1,3022
71658,2016-09-18,23:12:00,334,2,7688
71659,2016-09-18,23:14:00,120,2,8316
71660,2016-09-18,23:19:00,159,2,3694
71661,2016-09-18,23:22:00,145,3,4800
71662,2016-09-18,23:30:00,105,2,4744
71663,2016-09-18,23:31:00,53,3,9855
71664,2016-09-18,23:39:00,11,1,10917
71665,2016-09-18,23:41:00,184,1,8126
71666,2016-09-18,23:44:00,141,2,3731
71667,2016-09-18,23:48:00,12,1,6020
71668,2016-09-18,23:49:00,176,1,6476
71669,2016-09-18,23:50:00,4,1,4333
71670,2016-09-18,23:50:00,447,1,1773
71671,2016-09-18,23:54:00,198,2,3846
71672,2016-09-19,00:10:00,262,1,6437
71673,2016-09-19,00:11:00,205,1,11235
71674,2016-09-19,00:16:00,33,3,10738
71675,2016-09-19,00:21:00,10,5,11078
71676,2016-09-19,00:23:00,421,2,3851
71677,2016-09-19,00:30:00,443,3,1158
71678,2016-09-19,00:31:00,370,3,1700
71679,2016-09-19,00:37:00,174,2,7166
71680,2016-09-19,00:43:00,51,2,1091
71681,2016-09-19,00:49:00,203,1,10698
71682,2016-09-19,00:54:00,29,1,9306
71683,2016-09-19,00:55:00,344,1,1901
71684,2016-09-19,00:58:00,261,3,455
71685,2016-09-19,00:59:00,188,2,3198
71686,2016-09-19,01:12:00,191,2,11142
71687,2016-09-19,01:12:00,124,1,7314
71688,2016-09-19,01:13:00,12,1,7423
71689,2016-09-19,01:14:00,280,3,2953
71690,2016-09-19,01:28:00,276,2,3584
71691,2016-09-19,01:34:00,387,2,1199
71692,2016-09-19,01:37:00,378,2,7963
71693,2016-09-19,01:46:00,375,1,11242
71694,2016-09-19,01:49:00,309,2,3813
71695,2016-09-19,01:51:00,380,3,10434
71696,2016-09-19,02:10:00,339,3,5019
71697,2016-09-19,02:14:00,261,1,8279
71698,2016-09-19,02:16:00,231,1,7696
71699,2016-09-19,02:20:00,209,1,9659
71700,2016-09-19,02:22:00,21,4,5545
71701,2016-09-19,02:43:00,295,5,5826
71702,2016-09-19,02:44:00,203,1,7271
71703,2016-09-19,02:44:00,24,2,3779
71704,2016-09-19,02:48:00,93,1,7099
71705,2016-09-19,02:50:00,266,1,1460
71706,2016-09-19,02:54:00,440,1,5563
71707,2016-09-19,02:57:00,86,4,11644
71708,2016-09-19,02:58:00,28,3,2922
71709,2016-09-19,02:58:00,113,3,3644
71710,2016-09-19,03:01:00,282,3,2767
71711,2016-09-19,03:05:00,400,3,4472
71712,2016-09-19,03:15:00,425,1,10407
71713,2016-09-19,03:16:00,367,1,3000
71714,2016-09-19,03:18:00,318,1,9934
71715,2016-09-19,03:20:00,455,3,4190
71716,2016-09-19,03:26:00,101,1,4886
71717,2016-09-19,03:26:00,224,1,11763
71718,2016-09-19,03:26:00,281,3,3804
71719,2016-09-19,03:29:00,26,1,8741
71720,2016-09-19,03:33:00,248,1,11493
71721,2016-09-19,03:42:00,22,2,7411
71722,2016-09-19,03:46:00,456,2,951
71723,2016-09-19,03:51:00,105,2,9207
71724,2016-09-19,03:51:00,98,4,7652
71725,2016-09-19,04:15:00,329,3,7774
71726,2016-09-19,04:17:00,148,2,7734
71727,2016-09-19,04:18:00,152,1,9065
71728,2016-09-19,04:19:00,401,3,988
71729,2016-09-19,04:22:00,451,2,1122
71730,2016-09-19,04:28:00,253,1,3621
71731,2016-09-19,04:32:00,28,3,4778
71732,2016-09-19,04:36:00,443,1,3626
71733,2016-09-19,04:46:00,41,3,478
71734,2016-09-19,04:50:00,312,1,5028
71735,2016-09-19,04:51:00,279,1,3058
71736,2016-09-19,04:59:00,372,1,11427
71737,2016-09-19,05:00:00,69,3,3107
71738,2016-09-19,05:03:00,18,2,1330
71739,2016-09-19,05:04:00,200,1,10505
71740,2016-09-19,05:05:00,457,3,9609
71741,2016-09-19,05:06:00,347,3,4284
71742,2016-09-19,05:13:00,16,2,4855
71743,2016-09-19,05:14:00,243,3,5845
71744,2016-09-19,05:16:00,47,2,10493
71745,2016-09-19,05:20:00,61,1,4394
71746,2016-09-19,05:21:00,92,4,10039
71747,2016-09-19,05:23:00,171,1,2949
71748,2016-09-19,05:26:00,113,2,473
71749,2016-09-19,05:32:00,68,1,2358
71750,2016-09-19,05:39:00,261,2,3808
71751,2016-09-19,05:39:00,89,2,247
71752,2016-09-19,05:47:00,316,3,10680
71753,2016-09-19,05:48:00,171,1,10827
71754,2016-09-19,06:11:00,17,1,10087
71755,2016-09-19,06:12:00,304,2,8937
71756,2016-09-19,06:15:00,322,1,4758
71757,2016-09-19,06:18:00,263,2,6005
71758,2016-09-19,06:27:00,132,2,5308
71759,2016-09-19,06:28:00,410,3,4519
71760,2016-09-19,06:29:00,104,2,2534
71761,2016-09-19,06:39:00,441,3,5485
71762,2016-09-19,06:44:00,395,3,2411
71763,2016-09-19,06:50:00,411,1,971
71764,2016-09-19,06:51:00,349,2,3349
71765,2016-09-19,07:08:00,267,3,9291
71766,2016-09-19,07:10:00,166,1,137
71767,2016-09-19,07:15:00,98,1,3844
71768,2016-09-19,07:23:00,69,1,4691
71769,2016-09-19,07:29:00,397,2,5647
71770,2016-09-19,07:53:00,195,3,10848
71771,2016-09-19,07:54:00,127,2,1718
71772,2016-09-19,08:03:00,131,2,6257
71773,2016-09-19,08:07:00,88,2,742
71774,2016-09-19,08:25:00,201,1,3477
71775,2016-09-19,08:29:00,268,3,11473
71776,2016-09-19,08:40:00,75,2,7868
71777,2016-09-19,08:41:00,341,2,5898
71778,2016-09-19,08:47:00,142,2,1655
71779,2016-09-19,08:49:00,400,2,11857
71780,2016-09-19,08:50:00,98,2,8693
71781,2016-09-19,08:50:00,67,1,6394
71782,2016-09-19,08:58:00,68,4,11438
71783,2016-09-19,09:00:00,81,2,1585
71784,2016-09-19,09:14:00,373,3,8230
71785,2016-09-19,09:15:00,302,1,65
71786,2016-09-19,09:16:00,189,2,1306
71787,2016-09-19,09:19:00,12,3,10145
71788,2016-09-19,09:20:00,50,1,7155
71789,2016-09-19,09:29:00,435,2,7343
71790,2016-09-19,09:32:00,135,1,7763
71791,2016-09-19,09:37:00,191,1,8475
71792,2016-09-19,09:46:00,396,3,6653
71793,2016-09-19,10:06:00,231,2,611
71794,2016-09-19,10:13:00,261,1,7492
71795,2016-09-19,10:18:00,218,3,7457
71796,2016-09-19,10:21:00,56,2,10732
71797,2016-09-19,10:30:00,434,1,1603
71798,2016-09-19,10:43:00,275,2,7984
71799,2016-09-19,10:46:00,158,2,2779
71800,2016-09-19,10:51:00,276,3,7078
71801,2016-09-19,11:22:00,132,3,9883
71802,2016-09-19,11:31:00,166,2,9828
71803,2016-09-19,11:36:00,212,3,99
71804,2016-09-19,11:50:00,38,3,9579
71805,2016-09-19,11:50:00,162,1,8444
71806,2016-09-19,11:56:00,369,2,3412
71807,2016-09-19,11:57:00,360,4,10730
71808,2016-09-19,12:02:00,236,1,3902
71809,2016-09-19,12:11:00,223,1,982
71810,2016-09-19,12:19:00,130,3,4660
71811,2016-09-19,12:19:00,264,2,5873
71812,2016-09-19,12:24:00,226,2,2187
71813,2016-09-19,12:30:00,165,3,733
71814,2016-09-19,12:34:00,390,2,195
71815,2016-09-19,12:34:00,236,1,9429
71816,2016-09-19,12:46:00,445,1,1866
71817,2016-09-19,12:48:00,171,2,3169
71818,2016-09-19,13:01:00,405,1,11059
71819,2016-09-19,13:07:00,239,1,6207
71820,2016-09-19,13:15:00,153,1,1754
71821,2016-09-19,13:25:00,277,2,4742
71822,2016-09-19,13:32:00,186,1,5288
71823,2016-09-19,13:48:00,274,2,10485
71824,2016-09-19,13:54:00,119,2,6394
71825,2016-09-19,13:56:00,339,1,9725
71826,2016-09-19,13:57:00,99,1,1153
71827,2016-09-19,14:10:00,115,1,7062
71828,2016-09-19,14:10:00,385,1,11712
71829,2016-09-19,14:14:00,433,3,1025
71830,2016-09-19,14:14:00,348,3,910
71831,2016-09-19,14:18:00,304,1,6401
71832,2016-09-19,14:19:00,406,4,4661
71833,2016-09-19,14:21:00,374,1,6542
71834,2016-09-19,14:27:00,437,1,1925
71835,2016-09-19,14:30:00,438,1,10419
71836,2016-09-19,14:36:00,250,2,11396
71837,2016-09-19,14:40:00,227,2,10041
71838,2016-09-19,14:48:00,176,3,2020
71839,2016-09-19,14:54:00,32,1,6581
71840,2016-09-19,14:59:00,167,2,4616
71841,2016-09-19,15:01:00,454,2,11924
71842,2016-09-19,15:02:00,183,1,3481
71843,2016-09-19,15:35:00,417,2,6251
71844,2016-09-19,15:35:00,208,1,1214
71845,2016-09-19,15:51:00,108,3,9509
71846,2016-09-19,15:56:00,213,3,10183
71847,2016-09-19,15:58:00,388,3,10221
71848,2016-09-19,16:02:00,227,2,6499
71849,2016-09-19,16:07:00,389,2,8228
71850,2016-09-19,16:23:00,84,3,7073
71851,2016-09-19,16:24:00,453,1,5480
71852,2016-09-19,16:32:00,200,1,10115
71853,2016-09-19,16:33:00,4,3,6283
71854,2016-09-19,16:34:00,404,1,6279
71855,2016-09-19,16:38:00,9,5,3704
71856,2016-09-19,16:56:00,207,1,11311
71857,2016-09-19,17:13:00,226,3,10405
71858,2016-09-19,17:22:00,186,1,997
71859,2016-09-19,17:27:00,274,2,7232
71860,2016-09-19,17:39:00,313,2,7959
71861,2016-09-19,17:41:00,217,1,2046
71862,2016-09-19,17:52:00,444,2,6442
71863,2016-09-19,17:52:00,138,2,1938
71864,2016-09-19,17:54:00,50,2,5405
71865,2016-09-19,17:55:00,63,2,4672
71866,2016-09-19,17:56:00,169,2,10162
71867,2016-09-19,18:01:00,433,2,3915
71868,2016-09-19,18:03:00,94,3,9749
71869,2016-09-19,18:04:00,68,1,2991
71870,2016-09-19,18:14:00,386,2,11585
71871,2016-09-19,18:17:00,454,1,9644
71872,2016-09-19,18:23:00,94,1,11818
71873,2016-09-19,18:34:00,80,2,7730
71874,2016-09-19,18:41:00,92,2,9014
71875,2016-09-19,18:43:00,81,1,720
71876,2016-09-19,18:44:00,60,3,9960
71877,2016-09-19,18:46:00,191,2,11530
71878,2016-09-19,18:48:00,198,1,11958
71879,2016-09-19,18:54:00,130,3,7819
71880,2016-09-19,18:57:00,190,3,2121
71881,2016-09-19,19:11:00,44,1,10572
71882,2016-09-19,19:12:00,233,4,11295
71883,2016-09-19,19:13:00,67,5,11771
71884,2016-09-19,19:15:00,249,2,7975
71885,2016-09-19,19:22:00,11,3,7885
71886,2016-09-19,19:29:00,144,2,4857
71887,2016-09-19,19:33:00,80,1,888
71888,2016-09-19,19:41:00,172,2,4693
71889,2016-09-19,19:44:00,210,3,5267
71890,2016-09-19,20:05:00,105,1,10409
71891,2016-09-19,20:07:00,131,3,6505
71892,2016-09-19,20:11:00,157,1,201
71893,2016-09-19,20:12:00,39,2,8121
71894,2016-09-19,20:19:00,243,2,5606
71895,2016-09-19,20:30:00,287,2,6533
71896,2016-09-19,20:31:00,137,2,3385
71897,2016-09-19,20:31:00,225,1,3816
71898,2016-09-19,20:35:00,81,2,11931
71899,2016-09-19,20:45:00,414,2,8018
71900,2016-09-19,20:52:00,361,2,4856
71901,2016-09-19,20:57:00,413,2,10196
71902,2016-09-19,21:02:00,328,2,8437
71903,2016-09-19,21:11:00,75,2,9978
71904,2016-09-19,21:12:00,63,1,11201
71905,2016-09-19,21:13:00,396,5,993
71906,2016-09-19,21:14:00,48,2,2925
71907,2016-09-19,21:24:00,280,2,11954
71908,2016-09-19,21:24:00,117,2,5885
71909,2016-09-19,21:30:00,10,6,901
71910,2016-09-19,21:34:00,130,3,2935
71911,2016-09-19,21:47:00,308,1,2609
71912,2016-09-19,21:47:00,41,3,11304
71913,2016-09-19,21:51:00,426,1,4875
71914,2016-09-19,21:51:00,317,3,11844
71915,2016-09-19,21:52:00,46,2,5268
71916,2016-09-19,21:55:00,107,3,226
71917,2016-09-19,21:57:00,454,1,10408
71918,2016-09-19,22:00:00,272,1,11701
71919,2016-09-19,22:07:00,236,2,5765
71920,2016-09-19,22:08:00,23,3,3095
71921,2016-09-19,22:08:00,216,2,8865
71922,2016-09-19,22:11:00,263,1,8788
71923,2016-09-19,22:11:00,95,4,1530
71924,2016-09-19,22:12:00,382,2,7399
71925,2016-09-19,22:13:00,399,1,11914
71926,2016-09-19,22:14:00,358,1,5929
71927,2016-09-19,22:17:00,196,1,1593
71928,2016-09-19,22:21:00,175,4,7467
71929,2016-09-19,22:30:00,208,2,10118
71930,2016-09-19,22:41:00,287,3,8358
71931,2016-09-19,22:47:00,361,2,3124
71932,2016-09-19,22:48:00,131,3,343
71933,2016-09-19,22:54:00,86,3,22
71934,2016-09-19,22:57:00,171,1,187
71935,2016-09-19,22:59:00,449,1,6774
71936,2016-09-19,23:02:00,331,1,1606
71937,2016-09-19,23:13:00,286,4,3037
71938,2016-09-19,23:14:00,430,1,3461
71939,2016-09-19,23:18:00,433,1,3198
71940,2016-09-19,23:19:00,118,3,5887
71941,2016-09-19,23:24:00,138,3,1162
71942,2016-09-19,23:30:00,179,1,10034
71943,2016-09-19,23:33:00,388,1,7628
71944,2016-09-19,23:53:00,191,1,10249
71945,2016-09-19,23:56:00,207,1,7144
71946,2016-09-19,23:56:00,10,1,5128
71947,2016-09-19,23:57:00,118,1,10454
71948,2016-09-19,23:58:00,169,2,2461
71949,2016-09-20,00:04:00,225,1,5554
71950,2016-09-20,00:06:00,44,2,7040
71951,2016-09-20,00:06:00,211,1,11034
71952,2016-09-20,00:08:00,126,3,11837
71953,2016-09-20,00:08:00,289,3,3325
71954,2016-09-20,00:12:00,281,2,7639
71955,2016-09-20,00:16:00,233,2,1534
71956,2016-09-20,00:18:00,200,1,3037
71957,2016-09-20,00:18:00,28,5,10510
71958,2016-09-20,00:19:00,87,4,3953
71959,2016-09-20,00:30:00,89,4,6637
71960,2016-09-20,00:33:00,416,3,2088
71961,2016-09-20,00:34:00,207,2,11502
71962,2016-09-20,00:40:00,25,2,554
71963,2016-09-20,00:40:00,224,3,4622
71964,2016-09-20,00:40:00,157,3,10940
71965,2016-09-20,00:47:00,423,2,3114
71966,2016-09-20,00:47:00,230,1,5533
71967,2016-09-20,00:53:00,69,2,2561
71968,2016-09-20,00:55:00,135,1,5923
71969,2016-09-20,00:58:00,36,1,9787
71970,2016-09-20,00:58:00,5,2,8855
71971,2016-09-20,01:00:00,238,2,11241
71972,2016-09-20,01:02:00,78,1,1592
71973,2016-09-20,01:04:00,429,3,8324
71974,2016-09-20,01:09:00,228,2,3858
71975,2016-09-20,01:09:00,32,2,5440
71976,2016-09-20,01:12:00,110,2,8185
71977,2016-09-20,01:18:00,68,4,904
71978,2016-09-20,01:20:00,435,2,4227
71979,2016-09-20,01:20:00,267,1,10678
71980,2016-09-20,01:26:00,421,1,1693
71981,2016-09-20,01:38:00,128,1,6726
71982,2016-09-20,01:39:00,94,2,7020
71983,2016-09-20,01:39:00,253,2,8037
71984,2016-09-20,01:41:00,202,2,2202
71985,2016-09-20,01:48:00,226,2,3508
71986,2016-09-20,01:55:00,88,1,3139
71987,2016-09-20,02:08:00,87,2,2510
71988,2016-09-20,02:18:00,305,3,3479
71989,2016-09-20,02:36:00,130,3,5887
71990,2016-09-20,02:36:00,458,3,6319
71991,2016-09-20,02:38:00,233,3,8150
71992,2016-09-20,02:40:00,154,2,190
71993,2016-09-20,02:44:00,144,3,10534
71994,2016-09-20,02:47:00,288,2,3097
71995,2016-09-20,03:00:00,218,3,4589
71996,2016-09-20,03:16:00,451,4,9572
71997,2016-09-20,03:23:00,184,1,1481
71998,2016-09-20,03:23:00,75,1,6285
71999,2016-09-20,03:39:00,254,2,8557
72000,2016-09-20,03:43:00,254,1,7585
72001,2016-09-20,03:59:00,25,3,10063
72002,2016-09-20,03:59:00,120,3,2697
72003,2016-09-20,04:00:00,175,2,8086
72004,2016-09-20,04:10:00,457,3,3755
72005,2016-09-20,04:11:00,207,1,11985
72006,2016-09-20,04:15:00,92,2,2855
72007,2016-09-20,04:24:00,144,1,5984
72008,2016-09-20,04:29:00,90,2,7572
72009,2016-09-20,04:33:00,271,2,7105
72010,2016-09-20,04:36:00,30,2,1907
72011,2016-09-20,04:48:00,448,1,846
72012,2016-09-20,05:06:00,340,3,5185
72013,2016-09-20,05:09:00,218,4,701
72014,2016-09-20,05:10:00,205,3,4344
72015,2016-09-20,05:20:00,287,1,3321
72016,2016-09-20,05:25:00,178,2,4120
72017,2016-09-20,05:28:00,247,2,1732
72018,2016-09-20,05:44:00,25,1,11093
72019,2016-09-20,05:49:00,110,1,10489
72020,2016-09-20,05:50:00,329,1,7605
72021,2016-09-20,05:51:00,198,1,616
72022,2016-09-20,05:53:00,323,1,11384
72023,2016-09-20,05:54:00,234,1,5949
72024,2016-09-20,05:54:00,67,3,4692
72025,2016-09-20,05:59:00,281,2,55
72026,2016-09-20,06:18:00,357,1,6626
72027,2016-09-20,06:23:00,278,1,8443
72028,2016-09-20,06:40:00,191,1,6191
72029,2016-09-20,06:41:00,406,4,8045
72030,2016-09-20,06:43:00,14,3,10019
72031,2016-09-20,06:43:00,283,1,11072
72032,2016-09-20,06:44:00,349,1,1062
72033,2016-09-20,06:44:00,168,2,9354
72034,2016-09-20,06:46:00,47,1,6862
72035,2016-09-20,06:56:00,255,1,7147
72036,2016-09-20,07:07:00,362,2,1150
72037,2016-09-20,07:14:00,454,2,3357
72038,2016-09-20,07:16:00,89,2,4980
72039,2016-09-20,07:20:00,18,1,4661
72040,2016-09-20,07:21:00,267,2,3396
72041,2016-09-20,07:26:00,141,2,5837
72042,2016-09-20,07:29:00,388,1,9011
72043,2016-09-20,07:55:00,93,2,8782
72044,2016-09-20,07:56:00,382,1,11564
72045,2016-09-20,08:07:00,146,2,8202
72046,2016-09-20,08:19:00,194,2,2474
72047,2016-09-20,08:31:00,308,2,4314
72048,2016-09-20,08:39:00,211,3,9585
72049,2016-09-20,08:43:00,153,1,9155
72050,2016-09-20,08:45:00,50,3,4291
72051,2016-09-20,08:52:00,94,1,10873
72052,2016-09-20,09:23:00,200,2,5890
72053,2016-09-20,09:28:00,217,3,2196
72054,2016-09-20,09:32:00,233,2,10324
72055,2016-09-20,09:39:00,443,1,7222
72056,2016-09-20,09:39:00,182,1,5141
72057,2016-09-20,09:43:00,100,4,6088
72058,2016-09-20,09:51:00,187,3,6299
72059,2016-09-20,10:01:00,327,3,11193
72060,2016-09-20,10:12:00,194,2,11708
72061,2016-09-20,10:27:00,359,1,9006
72062,2016-09-20,10:28:00,280,2,238
72063,2016-09-20,10:32:00,135,2,7069
72064,2016-09-20,10:37:00,27,1,3368
72065,2016-09-20,10:42:00,58,1,7787
72066,2016-09-20,10:51:00,248,1,9229
72067,2016-09-20,10:51:00,452,2,9238
72068,2016-09-20,10:54:00,29,4,7351
72069,2016-09-20,10:59:00,216,1,6651
72070,2016-09-20,11:07:00,366,1,3623
72071,2016-09-20,11:16:00,412,1,3229
72072,2016-09-20,11:19:00,270,1,1882
72073,2016-09-20,11:30:00,368,3,8375
72074,2016-09-20,11:39:00,75,1,4397
72075,2016-09-20,11:42:00,99,1,4419
72076,2016-09-20,11:44:00,298,1,1296
72077,2016-09-20,11:49:00,208,1,407
72078,2016-09-20,11:53:00,40,2,6586
72079,2016-09-20,11:53:00,368,1,4682
72080,2016-09-20,11:54:00,33,3,7035
72081,2016-09-20,11:57:00,372,1,1450
72082,2016-09-20,12:09:00,177,1,8123
72083,2016-09-20,12:16:00,442,1,8910
72084,2016-09-20,12:25:00,2,1,2288
72085,2016-09-20,12:29:00,405,1,9890
72086,2016-09-20,12:34:00,49,2,4123
72087,2016-09-20,12:58:00,345,3,8298
72088,2016-09-20,13:04:00,387,2,6183
72089,2016-09-20,13:09:00,276,1,7727
72090,2016-09-20,13:17:00,132,3,820
72091,2016-09-20,13:20:00,68,4,2965
72092,2016-09-20,13:27:00,449,1,2014
72093,2016-09-20,13:36:00,71,1,10039
72094,2016-09-20,13:42:00,380,1,6117
72095,2016-09-20,13:45:00,396,3,8529
72096,2016-09-20,13:48:00,82,3,7445
72097,2016-09-20,13:55:00,313,3,7734
72098,2016-09-20,13:55:00,430,2,6381
72099,2016-09-20,14:02:00,189,1,11129
72100,2016-09-20,14:06:00,242,1,8853
72101,2016-09-20,14:06:00,341,1,9126
72102,2016-09-20,14:12:00,20,1,5946
72103,2016-09-20,14:14:00,182,1,155
72104,2016-09-20,14:17:00,228,1,11564
72105,2016-09-20,14:22:00,381,3,1082
72106,2016-09-20,14:24:00,57,4,8418
72107,2016-09-20,14:25:00,97,3,11352
72108,2016-09-20,14:30:00,113,4,5603
72109,2016-09-20,14:34:00,234,2,7817
72110,2016-09-20,14:34:00,406,1,9367
72111,2016-09-20,14:42:00,299,1,3504
72112,2016-09-20,14:42:00,293,2,11097
72113,2016-09-20,14:48:00,360,3,7678
72114,2016-09-20,14:53:00,322,2,2808
72115,2016-09-20,14:57:00,352,3,898
72116,2016-09-20,15:00:00,386,1,11521
72117,2016-09-20,15:01:00,301,2,117
72118,2016-09-20,15:04:00,200,1,3179
72119,2016-09-20,15:06:00,437,1,11276
72120,2016-09-20,15:09:00,433,3,3759
72121,2016-09-20,15:18:00,418,3,1033
72122,2016-09-20,15:23:00,409,3,4090
72123,2016-09-20,15:28:00,310,1,1744
72124,2016-09-20,15:34:00,427,2,8318
72125,2016-09-20,15:38:00,371,1,9875
72126,2016-09-20,16:06:00,360,1,623
72127,2016-09-20,16:08:00,380,2,3245
72128,2016-09-20,16:12:00,449,3,11653
72129,2016-09-20,16:27:00,223,2,5994
72130,2016-09-20,16:30:00,242,2,8005
72131,2016-09-20,16:33:00,93,1,6076
72132,2016-09-20,16:41:00,107,3,6092
72133,2016-09-20,16:42:00,36,3,2132
72134,2016-09-20,16:42:00,236,4,11311
72135,2016-09-20,16:44:00,260,4,4415
72136,2016-09-20,16:46:00,123,3,2897
72137,2016-09-20,16:48:00,136,1,4418
72138,2016-09-20,16:50:00,193,2,8640
72139,2016-09-20,16:59:00,335,1,10563
72140,2016-09-20,17:03:00,247,3,6667
72141,2016-09-20,17:07:00,44,3,3708
72142,2016-09-20,17:08:00,212,2,2652
72143,2016-09-20,17:24:00,117,2,11192
72144,2016-09-20,17:25:00,94,1,3595
72145,2016-09-20,17:28:00,70,1,6951
72146,2016-09-20,17:31:00,125,3,2723
72147,2016-09-20,17:44:00,422,1,4554
72148,2016-09-20,17:47:00,185,2,6725
72149,2016-09-20,18:07:00,272,1,10754
72150,2016-09-20,18:17:00,429,2,10672
72151,2016-09-20,18:20:00,277,3,3052
72152,2016-09-20,18:26:00,378,1,6749
72153,2016-09-20,18:32:00,457,1,4562
72154,2016-09-20,18:35:00,284,2,5707
72155,2016-09-20,18:36:00,427,1,2263
72156,2016-09-20,18:49:00,238,2,8466
72157,2016-09-20,19:03:00,351,3,2411
72158,2016-09-20,19:04:00,320,3,6984
72159,2016-09-20,19:06:00,118,1,3639
72160,2016-09-20,19:08:00,395,2,3209
72161,2016-09-20,19:10:00,333,3,8308
72162,2016-09-20,19:11:00,352,2,4407
72163,2016-09-20,19:14:00,436,1,3722
72164,2016-09-20,19:15:00,105,1,5694
72165,2016-09-20,19:16:00,103,2,7344
72166,2016-09-20,19:17:00,335,5,1848
72167,2016-09-20,19:20:00,121,1,3262
72168,2016-09-20,19:23:00,323,2,5842
72169,2016-09-20,19:25:00,397,2,1773
72170,2016-09-20,19:33:00,309,1,4046
72171,2016-09-20,19:39:00,308,3,1909
72172,2016-09-20,19:43:00,94,2,3326
72173,2016-09-20,19:55:00,28,1,7522
72174,2016-09-20,20:00:00,130,4,7405
72175,2016-09-20,20:01:00,380,2,6672
72176,2016-09-20,20:02:00,42,2,107
72177,2016-09-20,20:10:00,345,4,11280
72178,2016-09-20,20:22:00,144,2,7576
72179,2016-09-20,20:24:00,268,2,8006
72180,2016-09-20,20:33:00,254,4,4633
72181,2016-09-20,20:37:00,332,2,865
72182,2016-09-20,20:59:00,405,1,4771
72183,2016-09-20,21:01:00,55,1,11882
72184,2016-09-20,21:05:00,293,3,1879
72185,2016-09-20,21:06:00,216,2,9049
72186,2016-09-20,21:14:00,36,5,4620
72187,2016-09-20,21:15:00,38,2,9235
72188,2016-09-20,21:23:00,35,1,454
72189,2016-09-20,21:24:00,78,3,2747
72190,2016-09-20,21:30:00,163,1,4920
72191,2016-09-20,21:30:00,217,4,11903
72192,2016-09-20,21:41:00,384,2,965
72193,2016-09-20,21:47:00,297,2,10173
72194,2016-09-20,22:12:00,173,3,10132
72195,2016-09-20,22:20:00,91,1,10674
72196,2016-09-20,22:27:00,100,1,345
72197,2016-09-20,22:34:00,398,2,7255
72198,2016-09-20,22:35:00,80,2,8501
72199,2016-09-20,22:41:00,225,3,8636
72200,2016-09-20,22:43:00,369,2,7821
72201,2016-09-20,22:52:00,419,3,2488
72202,2016-09-20,22:53:00,205,2,495
72203,2016-09-20,22:54:00,165,2,5643
72204,2016-09-20,22:57:00,155,2,5465
72205,2016-09-20,23:20:00,71,5,11589
72206,2016-09-20,23:24:00,331,1,11708
72207,2016-09-20,23:26:00,166,2,9223
72208,2016-09-20,23:34:00,182,2,9334
72209,2016-09-20,23:37:00,44,2,11291
72210,2016-09-20,23:39:00,337,1,10411
72211,2016-09-20,23:43:00,366,2,7661
72212,2016-09-20,23:48:00,160,3,4117
72213,2016-09-20,23:54:00,244,2,11984
72214,2016-09-20,23:56:00,33,3,8624
72215,2016-09-21,00:11:00,438,3,4680
72216,2016-09-21,00:14:00,119,1,6095
72217,2016-09-21,00:19:00,311,2,4114
72218,2016-09-21,00:23:00,442,3,10528
72219,2016-09-21,00:27:00,348,2,6194
72220,2016-09-21,00:40:00,232,2,4522
72221,2016-09-21,00:41:00,46,2,4735
72222,2016-09-21,00:43:00,45,1,10968
72223,2016-09-21,00:43:00,3,1,3719
72224,2016-09-21,00:45:00,392,2,897
72225,2016-09-21,00:55:00,249,5,10320
72226,2016-09-21,01:04:00,342,2,8752
72227,2016-09-21,01:05:00,270,1,1003
72228,2016-09-21,01:08:00,2,1,4602
72229,2016-09-21,01:09:00,337,1,5062
72230,2016-09-21,01:10:00,50,2,11809
72231,2016-09-21,01:12:00,135,2,8237
72232,2016-09-21,01:13:00,455,4,10950
72233,2016-09-21,01:16:00,67,1,4150
72234,2016-09-21,01:33:00,393,2,10799
72235,2016-09-21,01:37:00,354,2,8454
72236,2016-09-21,01:38:00,458,2,8056
72237,2016-09-21,01:40:00,276,4,6664
72238,2016-09-21,01:42:00,107,2,5052
72239,2016-09-21,01:44:00,235,2,11641
72240,2016-09-21,01:47:00,366,1,568
72241,2016-09-21,01:49:00,164,1,4438
72242,2016-09-21,01:55:00,364,4,6051
72243,2016-09-21,02:02:00,257,3,9185
72244,2016-09-21,02:17:00,267,3,9736
72245,2016-09-21,02:52:00,291,2,1099
72246,2016-09-21,02:54:00,357,2,8396
72247,2016-09-21,02:56:00,101,4,3161
72248,2016-09-21,03:01:00,118,2,7930
72249,2016-09-21,03:05:00,396,3,10743
72250,2016-09-21,03:20:00,150,3,6105
72251,2016-09-21,03:22:00,366,1,3692
72252,2016-09-21,03:34:00,70,4,4100
72253,2016-09-21,03:36:00,256,2,2302
72254,2016-09-21,03:49:00,199,1,1134
72255,2016-09-21,03:53:00,295,1,8727
72256,2016-09-21,03:57:00,341,3,11934
72257,2016-09-21,03:58:00,210,1,992
72258,2016-09-21,04:07:00,70,3,358
72259,2016-09-21,04:21:00,404,2,81
72260,2016-09-21,04:21:00,411,2,9505
72261,2016-09-21,04:21:00,316,1,4430
72262,2016-09-21,04:27:00,428,2,4863
72263,2016-09-21,04:27:00,146,2,1647
72264,2016-09-21,04:34:00,69,1,11257
72265,2016-09-21,04:40:00,238,3,5759
72266,2016-09-21,04:44:00,421,3,10671
72267,2016-09-21,05:03:00,192,1,8504
72268,2016-09-21,05:04:00,347,1,1607
72269,2016-09-21,05:09:00,152,3,7285
72270,2016-09-21,05:09:00,281,3,1448
72271,2016-09-21,05:13:00,44,2,4190
72272,2016-09-21,05:13:00,376,1,8610
72273,2016-09-21,05:13:00,91,2,5464
72274,2016-09-21,05:22:00,213,3,6842
72275,2016-09-21,05:33:00,6,3,8244
72276,2016-09-21,05:38:00,252,2,5547
72277,2016-09-21,05:40:00,299,1,11417
72278,2016-09-21,05:48:00,31,2,11849
72279,2016-09-21,05:55:00,19,3,10852
72280,2016-09-21,05:59:00,254,2,824
72281,2016-09-21,06:01:00,385,3,5040
72282,2016-09-21,06:12:00,81,1,9217
72283,2016-09-21,06:20:00,354,3,11403
72284,2016-09-21,06:24:00,330,2,10244
72285,2016-09-21,06:34:00,85,2,1330
72286,2016-09-21,06:43:00,5,1,1236
72287,2016-09-21,06:46:00,111,2,48
72288,2016-09-21,06:46:00,127,1,8866
72289,2016-09-21,06:47:00,236,2,2901
72290,2016-09-21,06:57:00,259,3,1501
72291,2016-09-21,07:09:00,1,2,4852
72292,2016-09-21,07:16:00,277,2,1575
72293,2016-09-21,07:16:00,7,1,5886
72294,2016-09-21,07:19:00,380,2,6398
72295,2016-09-21,07:24:00,405,4,3769
72296,2016-09-21,07:25:00,247,1,7336
72297,2016-09-21,07:25:00,269,3,10075
72298,2016-09-21,07:32:00,161,1,5660
72299,2016-09-21,07:37:00,334,1,1955
72300,2016-09-21,07:38:00,381,2,6128
72301,2016-09-21,07:44:00,455,2,1922
72302,2016-09-21,07:46:00,61,2,9646
72303,2016-09-21,08:00:00,212,1,8609
72304,2016-09-21,08:05:00,221,2,4117
72305,2016-09-21,08:07:00,75,3,11694
72306,2016-09-21,08:12:00,375,1,8379
72307,2016-09-21,08:34:00,409,3,2943
72308,2016-09-21,08:52:00,266,3,2337
72309,2016-09-21,09:00:00,286,1,4208
72310,2016-09-21,09:07:00,387,2,7894
72311,2016-09-21,09:10:00,161,2,2331
72312,2016-09-21,09:12:00,279,2,11373
72313,2016-09-21,09:19:00,255,3,10538
72314,2016-09-21,09:24:00,51,2,8845
72315,2016-09-21,09:25:00,140,1,2628
72316,2016-09-21,09:28:00,458,3,11067
72317,2016-09-21,09:30:00,276,1,3390
72318,2016-09-21,09:36:00,360,3,6321
72319,2016-09-21,09:41:00,89,2,2748
72320,2016-09-21,09:45:00,376,1,6098
72321,2016-09-21,09:45:00,80,1,2424
72322,2016-09-21,09:53:00,299,4,11968
72323,2016-09-21,10:00:00,302,3,3616
72324,2016-09-21,10:17:00,384,1,8639
72325,2016-09-21,10:22:00,100,4,7373
72326,2016-09-21,10:22:00,351,1,1118
72327,2016-09-21,10:24:00,14,2,4109
72328,2016-09-21,10:25:00,409,3,10237
72329,2016-09-21,10:26:00,444,2,9766
72330,2016-09-21,10:32:00,96,1,1426
72331,2016-09-21,10:36:00,176,2,3441
72332,2016-09-21,10:38:00,42,1,1290
72333,2016-09-21,10:39:00,346,2,2605
72334,2016-09-21,10:42:00,186,1,9950
72335,2016-09-21,10:50:00,456,1,3681
72336,2016-09-21,10:58:00,86,1,9155
72337,2016-09-21,11:00:00,353,1,4703
72338,2016-09-21,11:06:00,240,1,7693
72339,2016-09-21,11:11:00,46,3,221
72340,2016-09-21,11:13:00,213,4,10451
72341,2016-09-21,11:25:00,353,1,10780
72342,2016-09-21,11:30:00,157,1,8960
72343,2016-09-21,11:44:00,243,3,1843
72344,2016-09-21,11:48:00,423,2,809
72345,2016-09-21,11:54:00,87,2,7941
72346,2016-09-21,11:55:00,381,2,10976
72347,2016-09-21,12:01:00,312,2,421
72348,2016-09-21,12:03:00,368,1,2639
72349,2016-09-21,12:06:00,332,1,4553
72350,2016-09-21,12:09:00,76,1,11046
72351,2016-09-21,12:10:00,104,1,1597
72352,2016-09-21,12:10:00,8,4,4022
72353,2016-09-21,12:21:00,396,1,3990
72354,2016-09-21,12:28:00,113,3,5680
72355,2016-09-21,12:35:00,3,2,7688
72356,2016-09-21,12:45:00,17,2,8407
72357,2016-09-21,12:48:00,369,1,6479
72358,2016-09-21,12:50:00,100,1,11266
72359,2016-09-21,12:56:00,355,2,8651
72360,2016-09-21,12:57:00,323,2,511
72361,2016-09-21,13:08:00,440,2,2260
72362,2016-09-21,13:10:00,266,2,1443
72363,2016-09-21,13:13:00,432,1,4213
72364,2016-09-21,13:22:00,316,1,5950
72365,2016-09-21,13:34:00,126,2,6885
72366,2016-09-21,13:39:00,392,2,7682
72367,2016-09-21,13:39:00,260,4,3932
72368,2016-09-21,13:40:00,109,4,11746
72369,2016-09-21,13:47:00,282,1,11215
72370,2016-09-21,14:17:00,133,2,9953
72371,2016-09-21,14:19:00,278,2,5293
72372,2016-09-21,14:30:00,183,6,7681
72373,2016-09-21,14:46:00,24,4,10877
72374,2016-09-21,14:58:00,65,2,4344
72375,2016-09-21,14:59:00,129,2,1918
72376,2016-09-21,15:07:00,34,3,4724
72377,2016-09-21,15:16:00,183,2,1430
72378,2016-09-21,15:33:00,122,5,807
72379,2016-09-21,15:35:00,128,2,11585
72380,2016-09-21,15:42:00,95,4,4632
72381,2016-09-21,15:43:00,221,1,10068
72382,2016-09-21,15:44:00,355,2,9914
72383,2016-09-21,15:47:00,177,3,2290
72384,2016-09-21,15:50:00,85,3,11026
72385,2016-09-21,15:51:00,342,1,6625
72386,2016-09-21,15:53:00,455,2,6625
72387,2016-09-21,15:53:00,104,2,8675
72388,2016-09-21,15:56:00,368,1,10769
72389,2016-09-21,16:03:00,385,4,914
72390,2016-09-21,16:03:00,142,2,5321
72391,2016-09-21,16:04:00,166,1,3687
72392,2016-09-21,16:05:00,318,2,11859
72393,2016-09-21,16:13:00,183,1,4059
72394,2016-09-21,16:20:00,73,3,228
72395,2016-09-21,16:23:00,345,2,8932
72396,2016-09-21,16:26:00,218,1,9713
72397,2016-09-21,16:28:00,317,1,7355
72398,2016-09-21,16:30:00,157,1,127
72399,2016-09-21,16:37:00,46,2,4881
72400,2016-09-21,16:44:00,238,1,9953
72401,2016-09-21,16:45:00,258,1,3459
72402,2016-09-21,16:51:00,32,1,4380
72403,2016-09-21,17:01:00,227,5,8348
72404,2016-09-21,17:09:00,130,2,7561
72405,2016-09-21,17:19:00,59,2,372
72406,2016-09-21,17:26:00,107,1,10838
72407,2016-09-21,17:27:00,242,6,2895
72408,2016-09-21,17:35:00,354,1,9224
72409,2016-09-21,17:40:00,423,2,2447
72410,2016-09-21,17:40:00,428,1,540
72411,2016-09-21,17:41:00,345,1,7123
72412,2016-09-21,17:56:00,56,1,8496
72413,2016-09-21,18:03:00,392,2,1398
72414,2016-09-21,18:12:00,384,3,1972
72415,2016-09-21,18:13:00,233,3,11750
72416,2016-09-21,18:15:00,247,3,5541
72417,2016-09-21,18:21:00,146,1,9437
72418,2016-09-21,18:32:00,294,2,4054
72419,2016-09-21,18:37:00,383,3,11263
72420,2016-09-21,19:04:00,132,1,8218
72421,2016-09-21,19:05:00,42,2,5204
72422,2016-09-21,19:06:00,288,3,10948
72423,2016-09-21,19:14:00,303,2,11794
72424,2016-09-21,19:18:00,450,2,11316
72425,2016-09-21,19:44:00,218,1,4996
72426,2016-09-21,19:51:00,260,1,7606
72427,2016-09-21,19:56:00,44,1,792
72428,2016-09-21,20:01:00,42,1,3573
72429,2016-09-21,20:18:00,114,3,2168
72430,2016-09-21,20:30:00,371,1,7743
72431,2016-09-21,20:40:00,378,3,1723
72432,2016-09-21,20:43:00,325,2,1937
72433,2016-09-21,20:54:00,76,2,795
72434,2016-09-21,20:54:00,288,1,2929
72435,2016-09-21,21:00:00,295,2,5732
72436,2016-09-21,21:17:00,295,2,4650
72437,2016-09-21,21:20:00,9,4,11722
72438,2016-09-21,21:27:00,455,1,4707
72439,2016-09-21,21:29:00,92,2,7790
72440,2016-09-21,21:56:00,368,2,10442
72441,2016-09-21,22:00:00,414,1,2422
72442,2016-09-21,22:07:00,236,1,2459
72443,2016-09-21,22:08:00,190,2,6598
72444,2016-09-21,22:12:00,259,2,473
72445,2016-09-21,22:13:00,79,2,1167
72446,2016-09-21,22:28:00,125,2,10139
72447,2016-09-21,22:28:00,226,1,7870
72448,2016-09-21,22:28:00,457,5,8148
72449,2016-09-21,22:29:00,271,1,8491
72450,2016-09-21,22:30:00,218,1,6181
72451,2016-09-21,22:30:00,113,2,3908
72452,2016-09-21,22:38:00,445,2,10754
72453,2016-09-21,22:40:00,279,3,9900
72454,2016-09-21,22:42:00,154,3,4688
72455,2016-09-21,22:48:00,434,1,5879
72456,2016-09-21,22:51:00,294,1,5179
72457,2016-09-21,23:17:00,256,2,1622
72458,2016-09-21,23:18:00,1,4,7630
72459,2016-09-21,23:21:00,81,2,1369
72460,2016-09-21,23:28:00,82,2,772
72461,2016-09-21,23:44:00,29,2,6600
72462,2016-09-21,23:44:00,386,2,1651
72463,2016-09-21,23:45:00,32,2,10194
72464,2016-09-21,23:47:00,13,1,10918
72465,2016-09-21,23:50:00,286,5,3305
72466,2016-09-21,23:50:00,192,3,10600
72467,2016-09-21,23:51:00,117,1,6053
72468,2016-09-21,23:58:00,447,1,875
72469,2016-09-21,23:59:00,142,2,2921
72470,2016-09-22,00:01:00,243,3,5296
72471,2016-09-22,00:05:00,339,1,4854
72472,2016-09-22,00:10:00,168,2,560
72473,2016-09-22,00:11:00,140,3,123
72474,2016-09-22,00:15:00,251,2,5395
72475,2016-09-22,00:35:00,172,1,11386
72476,2016-09-22,00:45:00,51,2,5420
72477,2016-09-22,00:50:00,347,3,4788
72478,2016-09-22,00:59:00,374,1,10520
72479,2016-09-22,01:03:00,414,2,2685
72480,2016-09-22,01:10:00,342,4,4123
72481,2016-09-22,01:16:00,299,3,7544
72482,2016-09-22,01:25:00,161,3,5594
72483,2016-09-22,01:30:00,77,4,5812
72484,2016-09-22,01:31:00,417,4,5949
72485,2016-09-22,01:32:00,17,1,3579
72486,2016-09-22,01:34:00,420,2,6996
72487,2016-09-22,01:37:00,249,3,1388
72488,2016-09-22,01:44:00,320,1,4241
72489,2016-09-22,01:52:00,55,2,5948
72490,2016-09-22,01:56:00,385,2,2197
72491,2016-09-22,01:57:00,327,1,2770
72492,2016-09-22,02:09:00,178,2,10711
72493,2016-09-22,02:11:00,217,1,3939
72494,2016-09-22,02:12:00,22,1,1109
72495,2016-09-22,02:15:00,453,1,11110
72496,2016-09-22,02:26:00,111,1,1224
72497,2016-09-22,02:33:00,278,2,5570
72498,2016-09-22,02:33:00,369,2,1601
72499,2016-09-22,02:36:00,99,1,9861
72500,2016-09-22,02:37:00,315,2,10301
72501,2016-09-22,02:43:00,178,2,9705
72502,2016-09-22,02:51:00,430,2,1031
72503,2016-09-22,02:52:00,80,3,6591
72504,2016-09-22,02:55:00,31,1,3280
72505,2016-09-22,03:02:00,226,2,3982
72506,2016-09-22,03:03:00,137,3,451
72507,2016-09-22,03:16:00,366,4,7745
72508,2016-09-22,03:19:00,181,2,5261
72509,2016-09-22,03:23:00,421,2,3798
72510,2016-09-22,03:26:00,276,1,376
72511,2016-09-22,03:35:00,428,1,5240
72512,2016-09-22,03:47:00,433,3,7000
72513,2016-09-22,03:57:00,226,1,170
72514,2016-09-22,04:10:00,143,1,5305
72515,2016-09-22,04:21:00,275,1,11092
72516,2016-09-22,04:27:00,455,2,1891
72517,2016-09-22,04:29:00,407,2,11720
72518,2016-09-22,04:57:00,402,2,7216
72519,2016-09-22,05:12:00,8,4,3771
72520,2016-09-22,05:20:00,410,2,6725
72521,2016-09-22,05:21:00,131,1,9830
72522,2016-09-22,05:22:00,73,2,9035
72523,2016-09-22,05:23:00,243,1,3298
72524,2016-09-22,05:23:00,156,1,4123
72525,2016-09-22,05:27:00,225,1,6086
72526,2016-09-22,05:30:00,162,6,6509
72527,2016-09-22,05:37:00,428,2,1525
72528,2016-09-22,05:45:00,247,5,11134
72529,2016-09-22,05:47:00,110,1,9562
72530,2016-09-22,05:55:00,181,2,7169
72531,2016-09-22,05:59:00,251,4,4182
72532,2016-09-22,05:59:00,306,4,4713
72533,2016-09-22,06:02:00,251,1,5409
72534,2016-09-22,06:04:00,379,1,2798
72535,2016-09-22,06:05:00,283,2,5703
72536,2016-09-22,06:12:00,127,2,9493
72537,2016-09-22,06:20:00,151,1,3808
72538,2016-09-22,06:23:00,117,1,5104
72539,2016-09-22,06:33:00,420,1,4848
72540,2016-09-22,06:36:00,322,1,9115
72541,2016-09-22,07:07:00,6,1,1255
72542,2016-09-22,07:08:00,39,1,4955
72543,2016-09-22,07:10:00,224,2,5898
72544,2016-09-22,07:11:00,181,2,11652
72545,2016-09-22,07:14:00,418,1,2916
72546,2016-09-22,07:15:00,46,2,3727
72547,2016-09-22,07:18:00,195,2,1036
72548,2016-09-22,07:26:00,53,1,8562
72549,2016-09-22,07:38:00,438,1,9684
72550,2016-09-22,07:39:00,27,1,1271
72551,2016-09-22,07:42:00,289,1,2741
72552,2016-09-22,07:44:00,393,2,11142
72553,2016-09-22,07:47:00,394,3,4267
72554,2016-09-22,07:50:00,423,1,11486
72555,2016-09-22,08:02:00,405,1,10867
72556,2016-09-22,08:03:00,352,1,1719
72557,2016-09-22,08:04:00,70,1,4275
72558,2016-09-22,08:07:00,345,2,7239
72559,2016-09-22,08:31:00,449,2,6240
72560,2016-09-22,08:38:00,59,2,1518
72561,2016-09-22,08:39:00,116,2,9751
72562,2016-09-22,08:47:00,71,1,6187
72563,2016-09-22,08:47:00,446,2,11227
72564,2016-09-22,08:59:00,184,4,7361
72565,2016-09-22,09:03:00,439,3,1824
72566,2016-09-22,09:15:00,189,2,2377
72567,2016-09-22,09:19:00,256,1,7369
72568,2016-09-22,09:25:00,43,1,9958
72569,2016-09-22,09:28:00,420,2,8776
72570,2016-09-22,09:36:00,22,2,7497
72571,2016-09-22,09:40:00,172,1,8710
72572,2016-09-22,09:44:00,392,3,11873
72573,2016-09-22,09:45:00,92,2,7024
72574,2016-09-22,09:46:00,118,3,2212
72575,2016-09-22,09:59:00,189,2,10273
72576,2016-09-22,10:01:00,233,3,2418
72577,2016-09-22,10:02:00,178,2,9373
72578,2016-09-22,10:12:00,201,1,345
72579,2016-09-22,10:15:00,284,1,6249
72580,2016-09-22,10:21:00,357,2,986
72581,2016-09-22,10:32:00,125,1,6748
72582,2016-09-22,10:32:00,390,1,6767
72583,2016-09-22,10:34:00,75,1,11675
72584,2016-09-22,10:57:00,2,1,11907
72585,2016-09-22,11:03:00,269,2,1744
72586,2016-09-22,11:07:00,277,3,6083
72587,2016-09-22,11:20:00,159,4,7006
72588,2016-09-22,11:22:00,435,3,9329
72589,2016-09-22,11:31:00,436,2,10782
72590,2016-09-22,11:32:00,11,1,894
72591,2016-09-22,11:34:00,112,2,1277
72592,2016-09-22,11:46:00,225,3,1668
72593,2016-09-22,11:47:00,386,3,10189
72594,2016-09-22,11:53:00,454,1,9358
72595,2016-09-22,11:54:00,263,2,8052
72596,2016-09-22,11:55:00,392,3,772
72597,2016-09-22,11:56:00,218,2,949
72598,2016-09-22,12:08:00,304,2,2890
72599,2016-09-22,12:09:00,56,1,4480
72600,2016-09-22,12:15:00,132,2,11471
72601,2016-09-22,12:19:00,251,5,8138
72602,2016-09-22,12:23:00,167,2,7585
72603,2016-09-22,12:37:00,458,1,6423
72604,2016-09-22,12:37:00,4,2,5515
72605,2016-09-22,12:43:00,154,3,814
72606,2016-09-22,12:45:00,205,3,6292
72607,2016-09-22,12:46:00,122,1,599
72608,2016-09-22,12:53:00,41,2,1156
72609,2016-09-22,12:54:00,237,1,2608
72610,2016-09-22,12:56:00,223,2,6786
72611,2016-09-22,12:58:00,289,1,1357
72612,2016-09-22,13:03:00,80,1,9777
72613,2016-09-22,13:08:00,314,2,2475
72614,2016-09-22,13:09:00,456,3,3074
72615,2016-09-22,13:16:00,373,2,2237
72616,2016-09-22,13:17:00,120,2,2175
72617,2016-09-22,13:26:00,191,2,4397
72618,2016-09-22,13:35:00,238,2,5156
72619,2016-09-22,13:52:00,387,1,3297
72620,2016-09-22,13:57:00,341,4,9120
72621,2016-09-22,14:06:00,180,1,10116
72622,2016-09-22,14:14:00,397,1,2524
72623,2016-09-22,14:19:00,178,2,4280
72624,2016-09-22,14:21:00,58,1,2494
72625,2016-09-22,14:27:00,368,2,4440
72626,2016-09-22,14:28:00,374,1,7057
72627,2016-09-22,14:30:00,7,2,5110
72628,2016-09-22,14:31:00,102,1,10317
72629,2016-09-22,14:37:00,288,2,9489
72630,2016-09-22,14:37:00,395,1,11710
72631,2016-09-22,14:41:00,13,5,2333
72632,2016-09-22,14:50:00,138,1,271
72633,2016-09-22,14:52:00,259,5,6562
72634,2016-09-22,14:55:00,190,1,3893
72635,2016-09-22,15:02:00,81,1,429
72636,2016-09-22,15:02:00,8,3,2648
72637,2016-09-22,15:03:00,356,1,8531
72638,2016-09-22,15:13:00,133,4,6065
72639,2016-09-22,15:17:00,298,2,8180
72640,2016-09-22,15:24:00,399,3,5032
72641,2016-09-22,15:24:00,248,2,2688
72642,2016-09-22,15:46:00,300,1,2384
72643,2016-09-22,15:50:00,154,1,2191
72644,2016-09-22,15:51:00,309,2,4857
72645,2016-09-22,15:53:00,425,2,5919
72646,2016-09-22,15:54:00,361,1,834
72647,2016-09-22,15:56:00,56,2,8018
72648,2016-09-22,15:57:00,445,3,3749
72649,2016-09-22,15:58:00,452,1,1134
72650,2016-09-22,16:06:00,124,2,8717
72651,2016-09-22,16:21:00,162,2,5039
72652,2016-09-22,16:21:00,90,1,402
72653,2016-09-22,16:23:00,41,1,7644
72654,2016-09-22,16:33:00,98,2,7371
72655,2016-09-22,16:34:00,247,1,3738
72656,2016-09-22,16:41:00,102,2,9131
72657,2016-09-22,16:41:00,122,1,11182
72658,2016-09-22,16:42:00,324,3,7156
72659,2016-09-22,16:43:00,193,2,9839
72660,2016-09-22,16:48:00,363,1,202
72661,2016-09-22,16:50:00,169,2,7826
72662,2016-09-22,16:54:00,410,2,10084
72663,2016-09-22,16:59:00,64,2,2769
72664,2016-09-22,17:00:00,78,3,5640
72665,2016-09-22,17:12:00,105,3,8676
72666,2016-09-22,17:21:00,122,2,2579
72667,2016-09-22,17:24:00,14,2,7918
72668,2016-09-22,17:27:00,28,4,3062
72669,2016-09-22,17:30:00,370,1,6290
72670,2016-09-22,17:31:00,353,2,5110
72671,2016-09-22,17:55:00,73,3,2622
72672,2016-09-22,17:55:00,134,1,2244
72673,2016-09-22,17:56:00,404,1,1826
72674,2016-09-22,17:57:00,354,3,6135
72675,2016-09-22,18:09:00,252,3,8815
72676,2016-09-22,18:11:00,92,1,6919
72677,2016-09-22,18:23:00,432,1,2332
72678,2016-09-22,18:23:00,368,3,6624
72679,2016-09-22,18:24:00,107,1,2083
72680,2016-09-22,18:24:00,331,3,5915
72681,2016-09-22,18:28:00,118,1,10930
72682,2016-09-22,18:29:00,234,1,7817
72683,2016-09-22,18:33:00,223,3,6163
72684,2016-09-22,18:39:00,54,1,5324
72685,2016-09-22,18:46:00,149,4,4738
72686,2016-09-22,18:52:00,392,2,3642
72687,2016-09-22,18:52:00,356,3,4138
72688,2016-09-22,18:53:00,138,2,9385
72689,2016-09-22,18:58:00,165,2,8230
72690,2016-09-22,19:00:00,45,1,11114
72691,2016-09-22,19:00:00,303,3,6808
72692,2016-09-22,19:05:00,217,1,10781
72693,2016-09-22,19:07:00,15,3,6301
72694,2016-09-22,19:11:00,306,1,9777
72695,2016-09-22,19:29:00,111,1,97
72696,2016-09-22,19:31:00,405,1,8178
72697,2016-09-22,19:32:00,360,5,2961
72698,2016-09-22,19:42:00,244,1,6195
72699,2016-09-22,19:50:00,446,1,10015
72700,2016-09-22,19:50:00,34,2,7965
72701,2016-09-22,19:53:00,250,5,5476
72702,2016-09-22,19:54:00,258,3,4943
72703,2016-09-22,19:58:00,122,2,3042
72704,2016-09-22,20:02:00,22,1,11289
72705,2016-09-22,20:12:00,231,2,3385
72706,2016-09-22,20:16:00,452,4,5275
72707,2016-09-22,20:20:00,113,1,5187
72708,2016-09-22,20:29:00,226,1,7650
72709,2016-09-22,20:31:00,153,1,11772
72710,2016-09-22,20:40:00,31,1,3140
72711,2016-09-22,20:41:00,168,2,10169
72712,2016-09-22,20:42:00,53,3,7019
72713,2016-09-22,20:50:00,456,1,7349
72714,2016-09-22,20:54:00,234,1,3483
72715,2016-09-22,20:54:00,280,1,9456
72716,2016-09-22,20:57:00,96,1,1474
72717,2016-09-22,21:04:00,295,2,6800
72718,2016-09-22,21:11:00,387,1,3167
72719,2016-09-22,21:17:00,66,2,536
72720,2016-09-22,21:24:00,88,1,1615
72721,2016-09-22,21:28:00,161,1,1464
72722,2016-09-22,21:30:00,200,4,6428
72723,2016-09-22,21:34:00,78,4,214
72724,2016-09-22,21:42:00,352,2,2207
72725,2016-09-22,21:45:00,247,3,8460
72726,2016-09-22,21:48:00,161,2,9063
72727,2016-09-22,21:52:00,423,3,11144
72728,2016-09-22,22:07:00,223,4,2657
72729,2016-09-22,22:21:00,86,1,1239
72730,2016-09-22,22:22:00,165,1,722
72731,2016-09-22,22:27:00,380,1,10950
72732,2016-09-22,22:35:00,329,2,8269
72733,2016-09-22,22:38:00,174,3,3735
72734,2016-09-22,22:40:00,183,4,2860
72735,2016-09-22,22:47:00,300,2,6391
72736,2016-09-22,23:01:00,9,1,2986
72737,2016-09-22,23:06:00,452,2,7148
72738,2016-09-22,23:07:00,232,3,5057
72739,2016-09-22,23:16:00,300,4,2030
72740,2016-09-22,23:22:00,260,2,10787
72741,2016-09-22,23:22:00,35,2,10514
72742,2016-09-22,23:30:00,249,1,4120
72743,2016-09-22,23:31:00,249,2,6238
72744,2016-09-22,23:32:00,419,3,7198
72745,2016-09-22,23:44:00,277,2,993
72746,2016-09-22,23:44:00,11,1,4195
72747,2016-09-22,23:45:00,122,1,8960
72748,2016-09-22,23:55:00,413,2,9534
72749,2016-09-22,23:55:00,148,1,5241
72750,2016-09-22,23:59:00,401,2,8260
72751,2016-09-23,00:01:00,333,1,8022
72752,2016-09-23,00:03:00,60,3,8412
72753,2016-09-23,00:10:00,306,3,10985
72754,2016-09-23,00:16:00,286,4,5350
72755,2016-09-23,00:20:00,345,1,11523
72756,2016-09-23,00:21:00,426,1,6463
72757,2016-09-23,00:24:00,233,3,5153
72758,2016-09-23,00:26:00,53,1,5732
72759,2016-09-23,00:27:00,270,4,7320
72760,2016-09-23,00:31:00,437,3,2939
72761,2016-09-23,00:43:00,405,1,3281
72762,2016-09-23,01:07:00,83,1,444
72763,2016-09-23,01:07:00,286,3,3730
72764,2016-09-23,01:11:00,24,1,17
72765,2016-09-23,01:12:00,365,2,7806
72766,2016-09-23,01:13:00,242,1,1541
72767,2016-09-23,01:27:00,162,2,6638
72768,2016-09-23,01:32:00,191,1,2799
72769,2016-09-23,01:32:00,142,2,2771
72770,2016-09-23,01:34:00,26,1,5036
72771,2016-09-23,01:37:00,389,1,4210
72772,2016-09-23,01:39:00,241,1,2970
72773,2016-09-23,01:40:00,9,2,7845
72774,2016-09-23,01:48:00,22,3,4814
72775,2016-09-23,01:50:00,196,2,10819
72776,2016-09-23,01:53:00,178,3,1612
72777,2016-09-23,01:58:00,215,5,9012
72778,2016-09-23,02:06:00,210,2,1688
72779,2016-09-23,02:19:00,326,1,335
72780,2016-09-23,02:22:00,405,2,7215
72781,2016-09-23,02:31:00,256,2,3858
72782,2016-09-23,02:35:00,455,4,71
72783,2016-09-23,02:40:00,336,4,10464
72784,2016-09-23,02:42:00,410,2,8964
72785,2016-09-23,02:43:00,163,2,1152
72786,2016-09-23,02:44:00,132,3,10971
72787,2016-09-23,02:45:00,418,2,11931
72788,2016-09-23,02:47:00,190,4,6316
72789,2016-09-23,02:48:00,244,4,10036
72790,2016-09-23,03:01:00,413,2,10635
72791,2016-09-23,03:06:00,427,1,11000
72792,2016-09-23,03:14:00,169,2,1201
72793,2016-09-23,03:20:00,218,2,5897
72794,2016-09-23,03:20:00,383,1,5202
72795,2016-09-23,03:24:00,435,1,4746
72796,2016-09-23,03:26:00,291,2,7976
72797,2016-09-23,03:36:00,147,1,2014
72798,2016-09-23,03:38:00,256,1,11510
72799,2016-09-23,03:39:00,185,1,1357
72800,2016-09-23,03:40:00,86,3,1711
72801,2016-09-23,03:49:00,296,2,9152
72802,2016-09-23,03:56:00,447,2,6834
72803,2016-09-23,03:57:00,406,2,2676
72804,2016-09-23,03:59:00,298,1,3843
72805,2016-09-23,04:00:00,173,3,4059
72806,2016-09-23,04:03:00,286,5,2724
72807,2016-09-23,04:13:00,392,3,11722
72808,2016-09-23,04:14:00,316,2,10457
72809,2016-09-23,04:14:00,96,1,2677
72810,2016-09-23,04:15:00,140,3,5209
72811,2016-09-23,04:25:00,176,2,9521
72812,2016-09-23,04:30:00,190,2,11896
72813,2016-09-23,04:32:00,294,2,7780
72814,2016-09-23,04:35:00,263,1,4073
72815,2016-09-23,04:38:00,46,4,4700
72816,2016-09-23,04:55:00,314,1,10645
72817,2016-09-23,05:04:00,2,1,5631
72818,2016-09-23,05:09:00,71,1,9381
72819,2016-09-23,05:10:00,10,1,7219
72820,2016-09-23,05:11:00,201,2,9991
72821,2016-09-23,05:18:00,165,6,1147
72822,2016-09-23,05:26:00,335,1,1172
72823,2016-09-23,05:29:00,24,2,2850
72824,2016-09-23,05:31:00,410,2,3641
72825,2016-09-23,05:32:00,391,2,905
72826,2016-09-23,05:35:00,352,2,1
72827,2016-09-23,05:38:00,315,1,2851
72828,2016-09-23,05:40:00,206,1,10862
72829,2016-09-23,05:51:00,322,3,4731
72830,2016-09-23,05:54:00,26,1,1170
72831,2016-09-23,05:57:00,458,1,9420
72832,2016-09-23,05:57:00,205,5,2446
72833,2016-09-23,06:04:00,214,2,3618
72834,2016-09-23,06:05:00,93,4,2441
72835,2016-09-23,06:09:00,250,1,11023
72836,2016-09-23,06:13:00,148,2,8747
72837,2016-09-23,06:13:00,220,2,6534
72838,2016-09-23,06:14:00,209,2,10107
72839,2016-09-23,06:15:00,433,3,1275
72840,2016-09-23,06:30:00,66,1,5944
72841,2016-09-23,06:37:00,157,3,5078
72842,2016-09-23,06:38:00,241,5,6926
72843,2016-09-23,06:38:00,437,2,4821
72844,2016-09-23,06:40:00,318,3,2079
72845,2016-09-23,06:42:00,115,1,5748
72846,2016-09-23,06:43:00,46,2,5326
72847,2016-09-23,07:06:00,358,2,11061
72848,2016-09-23,07:11:00,121,1,10794
72849,2016-09-23,07:13:00,136,2,6556
72850,2016-09-23,07:16:00,435,1,11539
72851,2016-09-23,07:31:00,336,2,4179
72852,2016-09-23,07:32:00,413,2,10572
72853,2016-09-23,07:38:00,15,2,3834
72854,2016-09-23,07:45:00,177,1,2950
72855,2016-09-23,08:02:00,404,1,6891
72856,2016-09-23,08:21:00,85,1,7899
72857,2016-09-23,08:22:00,390,4,9504
72858,2016-09-23,08:23:00,139,1,3770
72859,2016-09-23,08:25:00,364,3,8514
72860,2016-09-23,08:25:00,153,2,4115
72861,2016-09-23,08:25:00,143,4,11858
72862,2016-09-23,08:28:00,383,2,1838
72863,2016-09-23,08:34:00,121,1,9690
72864,2016-09-23,08:39:00,335,4,3140
72865,2016-09-23,08:52:00,412,2,4314
72866,2016-09-23,09:03:00,364,1,11483
72867,2016-09-23,09:03:00,155,1,11837
72868,2016-09-23,09:04:00,110,2,11399
72869,2016-09-23,09:06:00,253,3,7565
72870,2016-09-23,09:07:00,421,1,4926
72871,2016-09-23,09:21:00,240,3,3145
72872,2016-09-23,09:31:00,325,2,767
72873,2016-09-23,09:33:00,458,2,5812
72874,2016-09-23,09:39:00,150,1,19
72875,2016-09-23,09:49:00,30,1,6515
72876,2016-09-23,10:05:00,417,1,11695
72877,2016-09-23,10:22:00,43,2,11010
72878,2016-09-23,10:23:00,77,1,6861
72879,2016-09-23,10:26:00,37,2,1619
72880,2016-09-23,10:36:00,430,1,9142
72881,2016-09-23,10:38:00,234,5,11905
72882,2016-09-23,10:42:00,129,3,1979
72883,2016-09-23,10:45:00,87,2,1399
72884,2016-09-23,10:51:00,259,3,4243
72885,2016-09-23,10:56:00,428,2,3615
72886,2016-09-23,11:04:00,131,2,2464
72887,2016-09-23,11:09:00,209,2,10324
72888,2016-09-23,11:12:00,310,2,6758
72889,2016-09-23,11:16:00,184,2,7334
72890,2016-09-23,11:27:00,192,1,9448
72891,2016-09-23,11:28:00,133,1,8668
72892,2016-09-23,11:36:00,168,1,3864
72893,2016-09-23,11:36:00,158,1,11387
72894,2016-09-23,11:57:00,101,2,9261
72895,2016-09-23,11:58:00,336,1,1897
72896,2016-09-23,12:01:00,405,2,10399
72897,2016-09-23,12:05:00,435,2,3709
72898,2016-09-23,12:05:00,127,1,10369
72899,2016-09-23,12:07:00,156,1,7243
72900,2016-09-23,12:24:00,214,3,10307
72901,2016-09-23,12:33:00,34,2,4863
72902,2016-09-23,12:35:00,383,1,10848
72903,2016-09-23,12:43:00,367,2,4761
72904,2016-09-23,12:47:00,240,4,8167
72905,2016-09-23,12:51:00,93,3,11507
72906,2016-09-23,12:52:00,410,1,10688
72907,2016-09-23,13:08:00,224,1,9134
72908,2016-09-23,13:12:00,202,1,6297
72909,2016-09-23,13:16:00,327,1,1934
72910,2016-09-23,13:20:00,326,3,10310
72911,2016-09-23,13:23:00,178,1,4310
72912,2016-09-23,13:25:00,205,2,3592
72913,2016-09-23,13:26:00,246,3,5044
72914,2016-09-23,13:29:00,379,2,5295
72915,2016-09-23,13:37:00,409,1,8344
72916,2016-09-23,13:40:00,243,2,2601
72917,2016-09-23,13:45:00,358,1,634
72918,2016-09-23,13:46:00,57,2,285
72919,2016-09-23,13:46:00,32,2,7532
72920,2016-09-23,13:52:00,37,2,4290
72921,2016-09-23,13:55:00,2,3,3520
72922,2016-09-23,14:14:00,420,2,4443
72923,2016-09-23,14:16:00,27,2,8761
72924,2016-09-23,14:18:00,201,2,10738
72925,2016-09-23,14:19:00,283,3,11881
72926,2016-09-23,14:21:00,217,3,1484
72927,2016-09-23,14:28:00,239,2,10518
72928,2016-09-23,14:31:00,128,2,7592
72929,2016-09-23,14:39:00,276,1,3088
72930,2016-09-23,14:42:00,298,2,6474
72931,2016-09-23,14:43:00,111,2,8373
72932,2016-09-23,14:43:00,256,1,3413
72933,2016-09-23,14:46:00,77,1,8344
72934,2016-09-23,15:01:00,307,2,1502
72935,2016-09-23,15:10:00,399,2,8645
72936,2016-09-23,15:14:00,82,1,2334
72937,2016-09-23,15:16:00,89,2,5059
72938,2016-09-23,15:18:00,100,2,4284
72939,2016-09-23,15:23:00,124,4,5263
72940,2016-09-23,15:23:00,394,2,11366
72941,2016-09-23,15:24:00,17,2,8751
72942,2016-09-23,15:31:00,432,1,9474
72943,2016-09-23,15:34:00,29,3,1220
72944,2016-09-23,15:38:00,12,1,8732
72945,2016-09-23,15:38:00,273,2,2156
72946,2016-09-23,15:44:00,237,1,61
72947,2016-09-23,15:45:00,432,1,9185
72948,2016-09-23,15:48:00,303,2,6525
72949,2016-09-23,15:50:00,447,1,10892
72950,2016-09-23,15:58:00,195,1,5240
72951,2016-09-23,16:05:00,31,3,11424
72952,2016-09-23,16:07:00,228,1,4261
72953,2016-09-23,16:08:00,56,4,7420
72954,2016-09-23,16:08:00,113,1,6452
72955,2016-09-23,16:28:00,149,2,3782
72956,2016-09-23,16:39:00,39,4,9231
72957,2016-09-23,16:47:00,130,3,5343
72958,2016-09-23,16:49:00,390,3,9254
72959,2016-09-23,16:49:00,263,3,5936
72960,2016-09-23,17:05:00,377,3,2345
72961,2016-09-23,17:18:00,387,2,7394
72962,2016-09-23,17:19:00,313,4,4080
72963,2016-09-23,17:24:00,383,4,4523
72964,2016-09-23,17:31:00,349,1,10027
72965,2016-09-23,17:32:00,60,1,4394
72966,2016-09-23,17:34:00,285,3,877
72967,2016-09-23,17:36:00,160,2,399
72968,2016-09-23,17:43:00,181,2,11050
72969,2016-09-23,17:50:00,369,2,4697
72970,2016-09-23,17:51:00,229,2,1690
72971,2016-09-23,17:52:00,12,1,772
72972,2016-09-23,17:56:00,441,2,8703
72973,2016-09-23,17:56:00,233,1,159
72974,2016-09-23,18:02:00,142,2,11827
72975,2016-09-23,18:05:00,72,3,5992
72976,2016-09-23,18:22:00,374,2,7539
72977,2016-09-23,18:22:00,186,2,11490
72978,2016-09-23,18:22:00,275,2,6505
72979,2016-09-23,18:27:00,403,2,4392
72980,2016-09-23,18:35:00,239,3,3172
72981,2016-09-23,18:43:00,41,2,10018
72982,2016-09-23,18:52:00,145,1,6656
72983,2016-09-23,18:56:00,91,3,856
72984,2016-09-23,18:58:00,226,2,8632
72985,2016-09-23,19:05:00,55,2,11450
72986,2016-09-23,19:06:00,219,2,6770
72987,2016-09-23,19:06:00,82,4,4406
72988,2016-09-23,19:15:00,392,1,321
72989,2016-09-23,19:20:00,220,2,8854
72990,2016-09-23,19:23:00,120,1,10334
72991,2016-09-23,19:32:00,323,2,9164
72992,2016-09-23,19:34:00,80,3,8841
72993,2016-09-23,19:34:00,260,3,9191
72994,2016-09-23,19:40:00,179,3,6451
72995,2016-09-23,20:03:00,331,2,5597
72996,2016-09-23,20:08:00,333,2,4952
72997,2016-09-23,20:27:00,457,2,8733
72998,2016-09-23,20:42:00,179,3,6236
72999,2016-09-23,20:44:00,22,4,5237
73000,2016-09-23,20:55:00,412,3,10117
73001,2016-09-23,20:59:00,107,2,1902
73002,2016-09-23,21:01:00,143,1,2193
73003,2016-09-23,21:03:00,354,1,1428
73004,2016-09-23,21:10:00,265,2,1069
73005,2016-09-23,21:10:00,390,2,1966
73006,2016-09-23,21:21:00,38,1,524
73007,2016-09-23,21:23:00,48,2,1063
73008,2016-09-23,21:26:00,92,2,3377
73009,2016-09-23,21:31:00,292,1,9515
73010,2016-09-23,21:42:00,431,3,2610
73011,2016-09-23,21:54:00,159,2,4807
73012,2016-09-23,22:14:00,94,4,8987
73013,2016-09-23,22:22:00,45,2,9500
73014,2016-09-23,22:31:00,284,1,6933
73015,2016-09-23,22:32:00,62,1,2605
73016,2016-09-23,22:44:00,344,2,4868
73017,2016-09-23,22:49:00,219,3,4789
73018,2016-09-23,22:51:00,97,1,396
73019,2016-09-23,23:00:00,220,2,11603
73020,2016-09-23,23:10:00,431,3,9918
73021,2016-09-23,23:16:00,153,1,3536
73022,2016-09-23,23:21:00,242,1,10883
73023,2016-09-23,23:33:00,164,1,8358
73024,2016-09-23,23:35:00,314,3,1202
73025,2016-09-23,23:38:00,299,2,8856
73026,2016-09-23,23:41:00,450,5,11086
73027,2016-09-23,23:41:00,278,4,1716
73028,2016-09-23,23:50:00,443,1,10076
73029,2016-09-23,23:52:00,188,4,11384
73030,2016-09-24,00:08:00,438,1,4425
73031,2016-09-24,00:11:00,387,1,11694
73032,2016-09-24,00:19:00,343,1,7414
73033,2016-09-24,00:26:00,363,1,3484
73034,2016-09-24,00:27:00,193,1,10791
73035,2016-09-24,00:30:00,11,1,9635
73036,2016-09-24,00:36:00,6,2,5382
73037,2016-09-24,00:53:00,222,1,1468
73038,2016-09-24,00:53:00,74,1,5244
73039,2016-09-24,01:00:00,87,1,4329
73040,2016-09-24,01:02:00,16,2,2057
73041,2016-09-24,01:13:00,216,3,6935
73042,2016-09-24,01:14:00,350,1,7198
73043,2016-09-24,01:20:00,135,2,10777
73044,2016-09-24,01:22:00,26,2,8778
73045,2016-09-24,01:25:00,321,1,2150
73046,2016-09-24,01:29:00,286,1,1906
73047,2016-09-24,01:29:00,10,2,4640
73048,2016-09-24,01:30:00,35,2,9807
73049,2016-09-24,01:33:00,102,2,8443
73050,2016-09-24,01:45:00,156,2,7156
73051,2016-09-24,01:56:00,359,2,9009
73052,2016-09-24,02:01:00,111,1,5000
73053,2016-09-24,02:02:00,256,2,1701
73054,2016-09-24,02:11:00,81,2,3035
73055,2016-09-24,02:11:00,161,2,7914
73056,2016-09-24,02:13:00,4,2,1750
73057,2016-09-24,02:18:00,102,1,1217
73058,2016-09-24,02:19:00,357,4,4906
73059,2016-09-24,02:20:00,30,1,11771
73060,2016-09-24,02:22:00,12,2,9947
73061,2016-09-24,02:31:00,443,1,2424
73062,2016-09-24,02:31:00,189,2,11321
73063,2016-09-24,02:37:00,204,3,4904
73064,2016-09-24,03:12:00,150,2,2555
73065,2016-09-24,03:13:00,203,2,9111
73066,2016-09-24,03:24:00,281,2,8727
73067,2016-09-24,03:36:00,266,1,11546
73068,2016-09-24,03:40:00,292,1,3978
73069,2016-09-24,03:49:00,189,4,11421
73070,2016-09-24,03:52:00,376,1,5440
73071,2016-09-24,03:57:00,99,3,7836
73072,2016-09-24,03:59:00,124,2,4517
73073,2016-09-24,04:03:00,138,2,4095
73074,2016-09-24,04:07:00,107,3,186
73075,2016-09-24,04:11:00,272,3,10068
73076,2016-09-24,04:14:00,258,1,7510
73077,2016-09-24,04:21:00,335,1,559
73078,2016-09-24,04:22:00,302,1,9183
73079,2016-09-24,04:25:00,383,1,9870
73080,2016-09-24,04:39:00,14,1,7172
73081,2016-09-24,04:56:00,400,2,10251
73082,2016-09-24,04:58:00,155,1,1896
73083,2016-09-24,05:04:00,420,1,2585
73084,2016-09-24,05:04:00,415,4,11824
73085,2016-09-24,05:07:00,394,5,7250
73086,2016-09-24,05:10:00,248,3,8723
73087,2016-09-24,05:20:00,448,1,4501
73088,2016-09-24,05:21:00,183,4,8095
73089,2016-09-24,05:27:00,148,3,6626
73090,2016-09-24,05:30:00,205,2,2926
73091,2016-09-24,05:36:00,399,4,4962
73092,2016-09-24,05:40:00,177,5,4891
73093,2016-09-24,05:40:00,380,3,4544
73094,2016-09-24,05:47:00,200,2,1640
73095,2016-09-24,05:48:00,109,1,9295
73096,2016-09-24,05:49:00,369,2,9220
73097,2016-09-24,06:10:00,338,1,8871
73098,2016-09-24,06:12:00,2,4,6152
73099,2016-09-24,06:22:00,110,2,4190
73100,2016-09-24,06:22:00,308,3,7136
73101,2016-09-24,06:29:00,142,2,1420
73102,2016-09-24,06:30:00,273,3,7895
73103,2016-09-24,06:36:00,409,2,631
73104,2016-09-24,06:43:00,116,3,10650
73105,2016-09-24,06:47:00,167,1,7371
73106,2016-09-24,06:51:00,360,3,9914
73107,2016-09-24,07:04:00,59,1,6528
73108,2016-09-24,07:08:00,23,1,7769
73109,2016-09-24,07:10:00,398,1,5831
73110,2016-09-24,07:21:00,304,2,10654
73111,2016-09-24,07:31:00,451,2,8282
73112,2016-09-24,07:35:00,171,3,843
73113,2016-09-24,07:39:00,140,2,8576
73114,2016-09-24,07:41:00,344,1,7594
73115,2016-09-24,07:52:00,418,1,11243
73116,2016-09-24,07:56:00,315,1,785
73117,2016-09-24,07:57:00,84,2,3092
73118,2016-09-24,08:00:00,123,1,5193
73119,2016-09-24,08:00:00,162,2,3592
73120,2016-09-24,08:09:00,432,4,8673
73121,2016-09-24,08:11:00,221,2,545
73122,2016-09-24,08:13:00,185,1,9340
73123,2016-09-24,08:13:00,2,4,9387
73124,2016-09-24,08:25:00,270,2,11080
73125,2016-09-24,08:29:00,58,2,11283
73126,2016-09-24,08:32:00,222,3,1824
73127,2016-09-24,08:45:00,27,2,9810
73128,2016-09-24,08:46:00,403,2,680
73129,2016-09-24,08:59:00,444,1,2384
73130,2016-09-24,09:01:00,252,1,9423
73131,2016-09-24,09:13:00,22,3,8989
73132,2016-09-24,09:26:00,341,1,3143
73133,2016-09-24,09:32:00,366,3,5114
73134,2016-09-24,09:46:00,412,2,2200
73135,2016-09-24,09:50:00,381,2,3158
73136,2016-09-24,09:52:00,113,2,10548
73137,2016-09-24,09:54:00,177,2,6426
73138,2016-09-24,10:00:00,124,1,11629
73139,2016-09-24,10:10:00,276,1,1277
73140,2016-09-24,10:12:00,311,2,3314
73141,2016-09-24,10:16:00,233,5,10860
73142,2016-09-24,10:20:00,304,1,4571
73143,2016-09-24,10:22:00,137,1,7186
73144,2016-09-24,10:22:00,314,2,3691
73145,2016-09-24,10:26:00,15,2,5124
73146,2016-09-24,10:39:00,70,3,11535
73147,2016-09-24,10:48:00,23,5,1525
73148,2016-09-24,10:50:00,291,2,6938
73149,2016-09-24,10:54:00,189,3,5365
73150,2016-09-24,11:05:00,192,2,10811
73151,2016-09-24,11:08:00,277,2,3780
73152,2016-09-24,11:09:00,76,3,11739
73153,2016-09-24,11:10:00,188,2,2161
73154,2016-09-24,11:23:00,368,2,9166
73155,2016-09-24,11:24:00,116,1,9516
73156,2016-09-24,11:27:00,409,2,5294
73157,2016-09-24,11:34:00,276,2,2048
73158,2016-09-24,11:40:00,116,2,11953
73159,2016-09-24,11:42:00,70,1,2791
73160,2016-09-24,11:43:00,365,2,6372
73161,2016-09-24,11:46:00,214,1,9532
73162,2016-09-24,11:48:00,115,1,1820
73163,2016-09-24,11:50:00,164,2,2671
73164,2016-09-24,11:58:00,75,3,6965
73165,2016-09-24,12:06:00,188,2,11112
73166,2016-09-24,12:16:00,121,1,8424
73167,2016-09-24,12:18:00,156,3,7583
73168,2016-09-24,12:44:00,388,1,2062
73169,2016-09-24,12:47:00,97,3,1057
73170,2016-09-24,12:49:00,154,2,9657
73171,2016-09-24,12:59:00,458,2,7549
73172,2016-09-24,13:01:00,179,1,313
73173,2016-09-24,13:03:00,171,1,1290
73174,2016-09-24,13:05:00,325,1,8370
73175,2016-09-24,13:16:00,136,1,7657
73176,2016-09-24,13:20:00,229,2,1555
73177,2016-09-24,13:20:00,223,3,4518
73178,2016-09-24,13:22:00,56,3,8594
73179,2016-09-24,13:28:00,310,3,7741
73180,2016-09-24,13:29:00,410,1,9654
73181,2016-09-24,13:32:00,378,3,2505
73182,2016-09-24,13:38:00,20,2,4954
73183,2016-09-24,13:41:00,229,2,610
73184,2016-09-24,13:47:00,255,2,10919
73185,2016-09-24,13:49:00,440,2,468
73186,2016-09-24,13:55:00,36,1,6500
73187,2016-09-24,14:03:00,168,3,2043
73188,2016-09-24,14:03:00,341,2,7718
73189,2016-09-24,14:04:00,295,2,11310
73190,2016-09-24,14:05:00,141,4,6910
73191,2016-09-24,14:12:00,43,2,750
73192,2016-09-24,14:12:00,249,1,6237
73193,2016-09-24,14:16:00,99,1,7402
73194,2016-09-24,14:17:00,215,3,5180
73195,2016-09-24,14:27:00,227,3,3317
73196,2016-09-24,14:34:00,441,3,4195
73197,2016-09-24,14:45:00,184,3,10853
73198,2016-09-24,14:49:00,300,3,377
73199,2016-09-24,14:58:00,281,1,11138
73200,2016-09-24,15:05:00,99,3,1986
73201,2016-09-24,15:11:00,260,2,3900
73202,2016-09-24,15:15:00,355,2,6925
73203,2016-09-24,15:25:00,75,1,3118
73204,2016-09-24,15:28:00,32,1,4239
73205,2016-09-24,15:32:00,137,3,1117
73206,2016-09-24,15:43:00,80,1,9270
73207,2016-09-24,15:47:00,455,2,5556
73208,2016-09-24,15:49:00,190,2,10669
73209,2016-09-24,15:57:00,79,1,4267
73210,2016-09-24,15:58:00,27,1,5147
73211,2016-09-24,16:08:00,2,2,2024
73212,2016-09-24,16:19:00,146,3,7185
73213,2016-09-24,16:26:00,366,3,2420
73214,2016-09-24,16:29:00,344,3,7973
73215,2016-09-24,16:32:00,136,3,7146
73216,2016-09-24,16:33:00,252,2,780
73217,2016-09-24,16:36:00,227,3,6124
73218,2016-09-24,16:41:00,127,2,4760
73219,2016-09-24,16:45:00,294,1,1161
73220,2016-09-24,16:48:00,320,1,5866
73221,2016-09-24,17:02:00,224,4,6139
73222,2016-09-24,17:04:00,167,3,11229
73223,2016-09-24,17:15:00,153,1,6592
73224,2016-09-24,17:23:00,201,1,9385
73225,2016-09-24,17:25:00,316,2,4574
73226,2016-09-24,17:27:00,458,2,163
73227,2016-09-24,17:30:00,202,2,8877
73228,2016-09-24,17:38:00,408,1,10226
73229,2016-09-24,17:39:00,121,1,6548
73230,2016-09-24,17:42:00,408,4,2318
73231,2016-09-24,17:43:00,397,4,7013
73232,2016-09-24,17:44:00,230,2,3639
73233,2016-09-24,17:48:00,243,3,2540
73234,2016-09-24,17:55:00,243,3,7993
73235,2016-09-24,17:57:00,336,4,4226
73236,2016-09-24,18:02:00,428,4,7357
73237,2016-09-24,18:11:00,66,3,1746
73238,2016-09-24,18:21:00,296,2,10559
73239,2016-09-24,18:29:00,383,3,4146
73240,2016-09-24,18:31:00,438,2,9767
73241,2016-09-24,18:40:00,93,3,11559
73242,2016-09-24,18:42:00,358,1,7955
73243,2016-09-24,18:42:00,189,3,5234
73244,2016-09-24,18:44:00,83,5,5365
73245,2016-09-24,18:55:00,175,2,1033
73246,2016-09-24,18:56:00,64,2,8876
73247,2016-09-24,18:58:00,132,2,453
73248,2016-09-24,19:00:00,69,2,3779
73249,2016-09-24,19:04:00,191,4,9504
73250,2016-09-24,19:10:00,381,3,2232
73251,2016-09-24,19:11:00,431,3,5378
73252,2016-09-24,19:27:00,296,2,10923
73253,2016-09-24,19:32:00,3,3,1159
73254,2016-09-24,19:38:00,219,2,5703
73255,2016-09-24,19:40:00,187,1,6155
73256,2016-09-24,19:46:00,135,6,10804
73257,2016-09-24,20:05:00,426,3,1822
73258,2016-09-24,20:07:00,432,3,6360
73259,2016-09-24,20:22:00,357,4,3056
73260,2016-09-24,20:29:00,407,3,7120
73261,2016-09-24,20:31:00,338,4,3100
73262,2016-09-24,20:37:00,90,1,1584
73263,2016-09-24,20:39:00,263,1,8936
73264,2016-09-24,20:39:00,3,1,9804
73265,2016-09-24,20:41:00,22,1,6438
73266,2016-09-24,20:43:00,32,2,3207
73267,2016-09-24,20:45:00,271,2,2054
73268,2016-09-24,20:47:00,123,2,1573
73269,2016-09-24,20:48:00,347,2,5623
73270,2016-09-24,20:54:00,216,2,9796
73271,2016-09-24,20:55:00,374,1,5865
73272,2016-09-24,21:00:00,454,1,3124
73273,2016-09-24,21:16:00,314,2,1259
73274,2016-09-24,21:16:00,406,2,5136
73275,2016-09-24,21:18:00,246,1,10453
73276,2016-09-24,21:42:00,332,2,5962
73277,2016-09-24,21:42:00,253,3,5333
73278,2016-09-24,22:00:00,134,1,4740
73279,2016-09-24,22:17:00,88,2,5740
73280,2016-09-24,22:25:00,285,2,9934
73281,2016-09-24,22:41:00,298,2,4012
73282,2016-09-24,22:41:00,74,1,9338
73283,2016-09-24,22:47:00,427,2,9334
73284,2016-09-24,22:52:00,31,2,10129
73285,2016-09-24,22:59:00,17,3,6046
73286,2016-09-24,23:05:00,83,2,1063
73287,2016-09-24,23:14:00,56,1,6562
73288,2016-09-24,23:34:00,13,1,4625
73289,2016-09-24,23:47:00,453,3,6192
73290,2016-09-25,00:09:00,91,2,6671
73291,2016-09-25,00:17:00,79,2,9424
73292,2016-09-25,00:23:00,142,1,8312
73293,2016-09-25,00:28:00,178,2,6669
73294,2016-09-25,00:46:00,225,3,1686
73295,2016-09-25,00:53:00,126,1,349
73296,2016-09-25,01:01:00,47,3,3485
73297,2016-09-25,01:04:00,274,2,2669
73298,2016-09-25,01:04:00,431,2,11316
73299,2016-09-25,01:10:00,64,1,7623
73300,2016-09-25,01:15:00,184,1,5002
73301,2016-09-25,01:20:00,239,1,11582
73302,2016-09-25,01:20:00,206,1,9678
73303,2016-09-25,01:26:00,129,1,4528
73304,2016-09-25,01:29:00,197,5,9413
73305,2016-09-25,01:39:00,162,1,3725
73306,2016-09-25,01:42:00,297,2,908
73307,2016-09-25,01:46:00,15,2,11775
73308,2016-09-25,01:55:00,96,2,4068
73309,2016-09-25,01:55:00,397,3,11440
73310,2016-09-25,01:57:00,318,2,1832
73311,2016-09-25,01:59:00,348,2,1922
73312,2016-09-25,02:01:00,23,3,9909
73313,2016-09-25,02:02:00,105,1,1241
73314,2016-09-25,02:03:00,343,3,9108
73315,2016-09-25,02:13:00,212,1,10276
73316,2016-09-25,02:18:00,166,2,8646
73317,2016-09-25,02:39:00,81,1,8363
73318,2016-09-25,02:42:00,374,2,9056
73319,2016-09-25,02:45:00,400,2,5097
73320,2016-09-25,02:48:00,55,3,8743
73321,2016-09-25,02:53:00,54,3,9153
73322,2016-09-25,02:54:00,324,2,3884
73323,2016-09-25,02:59:00,38,2,8186
73324,2016-09-25,03:05:00,292,1,9184
73325,2016-09-25,03:23:00,444,3,1974
73326,2016-09-25,03:26:00,208,3,48
73327,2016-09-25,03:30:00,184,2,3430
73328,2016-09-25,03:32:00,402,1,9139
73329,2016-09-25,03:36:00,56,1,4248
73330,2016-09-25,03:37:00,213,2,8698
73331,2016-09-25,03:42:00,391,2,5841
73332,2016-09-25,03:45:00,194,2,1051
73333,2016-09-25,03:49:00,414,1,6976
73334,2016-09-25,03:53:00,12,3,2141
73335,2016-09-25,03:57:00,215,5,2874
73336,2016-09-25,04:00:00,61,2,11989
73337,2016-09-25,04:06:00,228,1,7470
73338,2016-09-25,04:15:00,402,4,5659
73339,2016-09-25,04:20:00,66,2,4686
73340,2016-09-25,04:47:00,254,1,8799
73341,2016-09-25,04:47:00,34,2,9510
73342,2016-09-25,04:47:00,423,1,4526
73343,2016-09-25,04:55:00,383,2,7283
73344,2016-09-25,04:57:00,295,2,2947
73345,2016-09-25,04:57:00,120,3,3608
73346,2016-09-25,04:59:00,232,2,5147
73347,2016-09-25,05:10:00,181,1,4199
73348,2016-09-25,05:15:00,431,4,11887
73349,2016-09-25,05:22:00,328,4,9005
73350,2016-09-25,05:27:00,349,2,10193
73351,2016-09-25,05:27:00,179,1,11458
73352,2016-09-25,05:38:00,349,3,959
73353,2016-09-25,05:41:00,164,1,6909
73354,2016-09-25,05:56:00,373,1,11837
73355,2016-09-25,05:59:00,82,3,4434
73356,2016-09-25,06:00:00,303,2,2377
73357,2016-09-25,06:03:00,355,1,10205
73358,2016-09-25,06:05:00,22,5,1776
73359,2016-09-25,06:06:00,17,4,773
73360,2016-09-25,06:07:00,306,1,7821
73361,2016-09-25,06:16:00,87,2,5545
73362,2016-09-25,06:37:00,184,2,2492
73363,2016-09-25,06:41:00,321,1,11269
73364,2016-09-25,06:58:00,98,1,5697
73365,2016-09-25,07:03:00,403,3,3534
73366,2016-09-25,07:08:00,144,2,10785
73367,2016-09-25,07:11:00,362,4,4137
73368,2016-09-25,07:12:00,37,1,10133
73369,2016-09-25,07:14:00,138,1,9624
73370,2016-09-25,07:15:00,334,2,6501
73371,2016-09-25,07:19:00,235,2,9991
73372,2016-09-25,07:26:00,288,2,9585
73373,2016-09-25,07:36:00,177,3,5855
73374,2016-09-25,07:36:00,386,2,10549
73375,2016-09-25,07:42:00,253,2,9515
73376,2016-09-25,07:55:00,375,2,1242
73377,2016-09-25,08:05:00,60,1,2492
73378,2016-09-25,08:11:00,449,2,3037
73379,2016-09-25,08:12:00,28,1,10022
73380,2016-09-25,08:15:00,346,1,3756
73381,2016-09-25,08:17:00,110,3,1656
73382,2016-09-25,08:21:00,246,2,1643
73383,2016-09-25,08:21:00,249,3,3509
73384,2016-09-25,08:26:00,286,1,11799
73385,2016-09-25,08:35:00,234,4,9966
73386,2016-09-25,08:35:00,77,2,2146
73387,2016-09-25,08:39:00,120,1,4977
73388,2016-09-25,08:39:00,12,2,5995
73389,2016-09-25,08:44:00,15,1,10876
73390,2016-09-25,08:48:00,124,3,3635
73391,2016-09-25,08:49:00,7,1,10460
73392,2016-09-25,08:50:00,176,2,3259
73393,2016-09-25,09:18:00,305,2,299
73394,2016-09-25,09:21:00,193,1,11588
73395,2016-09-25,09:24:00,142,4,348
73396,2016-09-25,09:26:00,110,3,2822
73397,2016-09-25,09:28:00,53,1,4663
73398,2016-09-25,09:41:00,375,1,6329
73399,2016-09-25,09:46:00,245,3,7979
73400,2016-09-25,09:47:00,71,3,1378
73401,2016-09-25,09:48:00,16,1,3155
73402,2016-09-25,09:53:00,273,5,7834
73403,2016-09-25,09:56:00,255,2,11244
73404,2016-09-25,09:59:00,100,1,3759
73405,2016-09-25,10:01:00,80,2,1371
73406,2016-09-25,10:08:00,238,2,4119
73407,2016-09-25,10:12:00,276,6,693
73408,2016-09-25,10:14:00,76,1,4869
73409,2016-09-25,10:16:00,271,2,5096
73410,2016-09-25,10:26:00,228,6,527
73411,2016-09-25,10:28:00,162,1,6568
73412,2016-09-25,10:33:00,290,1,3858
73413,2016-09-25,10:38:00,194,2,3172
73414,2016-09-25,10:49:00,51,2,7903
73415,2016-09-25,10:50:00,449,2,6034
73416,2016-09-25,10:52:00,189,3,11339
73417,2016-09-25,10:57:00,162,3,792
73418,2016-09-25,10:59:00,404,1,6630
73419,2016-09-25,11:01:00,25,2,7591
73420,2016-09-25,11:02:00,282,1,8228
73421,2016-09-25,11:03:00,295,3,8242
73422,2016-09-25,11:03:00,437,1,9249
73423,2016-09-25,11:21:00,383,4,8977
73424,2016-09-25,11:31:00,243,2,2953
73425,2016-09-25,11:35:00,215,2,5083
73426,2016-09-25,11:40:00,357,2,3903
73427,2016-09-25,11:41:00,389,2,7598
73428,2016-09-25,11:45:00,271,2,7341
73429,2016-09-25,11:45:00,453,2,6233
73430,2016-09-25,11:48:00,240,1,5757
73431,2016-09-25,11:49:00,426,4,7114
73432,2016-09-25,11:50:00,289,3,2878
73433,2016-09-25,11:53:00,197,2,1126
73434,2016-09-25,11:59:00,387,2,11426
73435,2016-09-25,12:00:00,341,2,4217
73436,2016-09-25,12:01:00,156,5,7165
73437,2016-09-25,12:08:00,318,4,302
73438,2016-09-25,12:16:00,182,3,1371
73439,2016-09-25,12:24:00,111,3,6246
73440,2016-09-25,12:25:00,263,3,10491
73441,2016-09-25,12:35:00,416,2,437
73442,2016-09-25,12:39:00,134,1,9944
73443,2016-09-25,12:45:00,55,1,1112
73444,2016-09-25,12:55:00,104,2,11047
73445,2016-09-25,13:05:00,192,2,9319
73446,2016-09-25,13:15:00,14,4,6200
73447,2016-09-25,13:17:00,218,3,1150
73448,2016-09-25,13:21:00,300,1,8274
73449,2016-09-25,13:25:00,1,1,2851
73450,2016-09-25,13:28:00,199,2,4086
73451,2016-09-25,13:32:00,245,2,5944
73452,2016-09-25,13:33:00,89,1,9886
73453,2016-09-25,13:36:00,356,2,8530
73454,2016-09-25,13:43:00,401,2,11632
73455,2016-09-25,14:03:00,142,2,2606
73456,2016-09-25,14:12:00,160,3,22
73457,2016-09-25,14:14:00,180,1,5391
73458,2016-09-25,14:24:00,304,1,10875
73459,2016-09-25,14:25:00,392,1,6701
73460,2016-09-25,14:26:00,293,1,2566
73461,2016-09-25,14:39:00,104,2,1981
73462,2016-09-25,14:43:00,442,3,6811
73463,2016-09-25,14:46:00,152,4,8985
73464,2016-09-25,14:53:00,90,2,11340
73465,2016-09-25,15:06:00,71,7,7357
73466,2016-09-25,15:08:00,48,1,9321
73467,2016-09-25,15:12:00,100,1,11473
73468,2016-09-25,15:15:00,322,2,11031
73469,2016-09-25,15:17:00,63,3,1684
73470,2016-09-25,15:19:00,399,1,2239
73471,2016-09-25,15:31:00,394,3,11930
73472,2016-09-25,15:38:00,225,5,3535
73473,2016-09-25,15:47:00,248,2,2342
73474,2016-09-25,16:04:00,27,2,2094
73475,2016-09-25,16:05:00,9,4,6313
73476,2016-09-25,16:07:00,334,3,9041
73477,2016-09-25,16:21:00,287,1,5389
73478,2016-09-25,16:22:00,151,1,9860
73479,2016-09-25,16:22:00,271,1,2088
73480,2016-09-25,16:31:00,403,4,1570
73481,2016-09-25,16:39:00,248,1,7256
73482,2016-09-25,16:49:00,378,1,10419
73483,2016-09-25,16:51:00,93,3,7032
73484,2016-09-25,17:00:00,35,2,8940
73485,2016-09-25,17:26:00,410,2,9646
73486,2016-09-25,17:33:00,199,2,10836
73487,2016-09-25,17:34:00,320,3,7789
73488,2016-09-25,17:54:00,451,2,9804
73489,2016-09-25,17:55:00,407,2,5671
73490,2016-09-25,17:56:00,82,1,5079
73491,2016-09-25,17:57:00,196,3,10226
73492,2016-09-25,18:01:00,258,3,7968
73493,2016-09-25,18:07:00,35,3,10323
73494,2016-09-25,18:08:00,217,2,3072
73495,2016-09-25,18:21:00,328,4,3699
73496,2016-09-25,18:21:00,182,1,11702
73497,2016-09-25,18:25:00,327,1,9327
73498,2016-09-25,18:30:00,190,3,9764
73499,2016-09-25,18:30:00,169,2,6196
73500,2016-09-25,18:33:00,428,2,2050
73501,2016-09-25,18:39:00,414,2,1543
73502,2016-09-25,18:43:00,167,1,7027
73503,2016-09-25,18:52:00,184,2,2628
73504,2016-09-25,18:53:00,84,2,1583
73505,2016-09-25,19:02:00,240,1,4166
73506,2016-09-25,19:13:00,55,2,10178
73507,2016-09-25,19:18:00,418,3,7033
73508,2016-09-25,19:20:00,415,1,8735
73509,2016-09-25,19:23:00,391,2,3619
73510,2016-09-25,19:27:00,275,2,10683
73511,2016-09-25,19:31:00,381,4,9808
73512,2016-09-25,19:40:00,253,1,10126
73513,2016-09-25,19:42:00,80,1,9407
73514,2016-09-25,19:42:00,139,1,430
73515,2016-09-25,19:49:00,355,1,1547
73516,2016-09-25,20:07:00,181,2,4535
73517,2016-09-25,20:13:00,317,4,11345
73518,2016-09-25,20:20:00,8,3,417
73519,2016-09-25,20:30:00,102,1,4781
73520,2016-09-25,20:40:00,85,2,5152
73521,2016-09-25,20:46:00,351,2,5730
73522,2016-09-25,20:47:00,272,3,10732
73523,2016-09-25,20:50:00,324,1,6954
73524,2016-09-25,20:57:00,328,2,8357
73525,2016-09-25,21:00:00,194,3,5362
73526,2016-09-25,21:04:00,90,2,4729
73527,2016-09-25,21:05:00,130,2,2341
73528,2016-09-25,21:13:00,267,2,8688
73529,2016-09-25,21:14:00,92,2,3650
73530,2016-09-25,21:27:00,168,3,113
73531,2016-09-25,21:30:00,254,2,8244
73532,2016-09-25,21:38:00,117,1,1810
73533,2016-09-25,21:42:00,168,2,3784
73534,2016-09-25,21:47:00,410,4,9025
73535,2016-09-25,22:01:00,134,1,5367
73536,2016-09-25,22:02:00,415,2,11236
73537,2016-09-25,22:15:00,312,2,6963
73538,2016-09-25,22:18:00,59,1,8789
73539,2016-09-25,22:19:00,420,2,11444
73540,2016-09-25,22:27:00,245,1,1949
73541,2016-09-25,22:28:00,107,2,9399
73542,2016-09-25,22:46:00,254,3,1090
73543,2016-09-25,22:48:00,303,1,6090
73544,2016-09-25,22:51:00,393,2,7601
73545,2016-09-25,22:51:00,292,3,7934
73546,2016-09-25,22:59:00,352,2,7217
73547,2016-09-25,23:05:00,189,1,1669
73548,2016-09-25,23:21:00,312,2,3592
73549,2016-09-25,23:21:00,295,2,6805
73550,2016-09-25,23:44:00,19,2,11056
73551,2016-09-25,23:44:00,29,1,5941
73552,2016-09-25,23:45:00,65,2,494
73553,2016-09-25,23:45:00,268,1,8949
73554,2016-09-25,23:51:00,237,1,7301
73555,2016-09-25,23:59:00,120,2,572
73556,2016-09-26,00:00:00,69,2,11545
73557,2016-09-26,00:01:00,348,2,11956
73558,2016-09-26,00:13:00,106,2,4324
73559,2016-09-26,00:22:00,350,1,1072
73560,2016-09-26,00:26:00,14,1,10054
73561,2016-09-26,00:29:00,430,3,8812
73562,2016-09-26,00:37:00,10,1,3819
73563,2016-09-26,00:42:00,224,2,2396
73564,2016-09-26,00:44:00,409,2,3837
73565,2016-09-26,00:51:00,155,2,4683
73566,2016-09-26,00:55:00,383,1,1272
73567,2016-09-26,01:00:00,193,1,4508
73568,2016-09-26,01:04:00,244,1,2683
73569,2016-09-26,01:11:00,390,4,1660
73570,2016-09-26,01:13:00,161,2,1440
73571,2016-09-26,01:17:00,376,3,7423
73572,2016-09-26,01:32:00,458,2,22
73573,2016-09-26,01:51:00,218,3,4674
73574,2016-09-26,01:58:00,161,2,2719
73575,2016-09-26,01:59:00,400,3,1496
73576,2016-09-26,01:59:00,444,3,1853
73577,2016-09-26,02:01:00,198,3,6196
73578,2016-09-26,02:11:00,262,2,11517
73579,2016-09-26,02:18:00,140,5,8190
73580,2016-09-26,02:20:00,329,2,4708
73581,2016-09-26,02:22:00,95,1,776
73582,2016-09-26,02:52:00,399,3,3042
73583,2016-09-26,03:04:00,282,4,852
73584,2016-09-26,03:06:00,399,1,3721
73585,2016-09-26,03:07:00,138,1,1452
73586,2016-09-26,03:08:00,43,1,6986
73587,2016-09-26,03:11:00,276,1,3580
73588,2016-09-26,03:30:00,179,1,8552
73589,2016-09-26,03:30:00,392,1,8167
73590,2016-09-26,03:32:00,240,2,7032
73591,2016-09-26,03:37:00,82,1,5752
73592,2016-09-26,03:39:00,268,2,6984
73593,2016-09-26,03:55:00,8,2,8586
73594,2016-09-26,03:56:00,436,2,9063
73595,2016-09-26,03:56:00,100,2,11864
73596,2016-09-26,04:00:00,356,3,5888
73597,2016-09-26,04:01:00,29,2,9898
73598,2016-09-26,04:05:00,27,2,4272
73599,2016-09-26,04:11:00,447,2,9746
73600,2016-09-26,04:14:00,233,2,4239
73601,2016-09-26,04:23:00,386,1,4879
73602,2016-09-26,04:27:00,170,2,8939
73603,2016-09-26,04:41:00,221,1,7108
73604,2016-09-26,04:42:00,367,2,2958
73605,2016-09-26,04:44:00,382,1,10344
73606,2016-09-26,05:05:00,366,2,4448
73607,2016-09-26,05:08:00,125,4,11290
73608,2016-09-26,05:12:00,408,4,3216
73609,2016-09-26,05:17:00,273,2,6970
73610,2016-09-26,05:24:00,372,2,3871
73611,2016-09-26,05:25:00,387,1,11196
73612,2016-09-26,05:38:00,286,3,2029
73613,2016-09-26,05:39:00,221,1,3445
73614,2016-09-26,05:42:00,152,3,7907
73615,2016-09-26,05:56:00,322,1,2504
73616,2016-09-26,05:56:00,49,3,10988
73617,2016-09-26,06:02:00,251,2,9983
73618,2016-09-26,06:11:00,436,1,10988
73619,2016-09-26,06:14:00,194,1,4228
73620,2016-09-26,06:16:00,322,2,5795
73621,2016-09-26,06:24:00,421,1,11831
73622,2016-09-26,06:27:00,381,4,755
73623,2016-09-26,06:31:00,310,2,3916
73624,2016-09-26,06:36:00,326,3,10083
73625,2016-09-26,06:45:00,457,1,9436
73626,2016-09-26,06:47:00,229,3,707
73627,2016-09-26,06:48:00,284,2,10273
73628,2016-09-26,06:50:00,438,1,4421
73629,2016-09-26,06:52:00,339,2,5439
73630,2016-09-26,07:06:00,210,2,4529
73631,2016-09-26,07:15:00,255,1,3276
73632,2016-09-26,07:24:00,174,1,4487
73633,2016-09-26,07:31:00,420,4,1087
73634,2016-09-26,07:38:00,39,2,10360
73635,2016-09-26,07:40:00,17,1,7319
73636,2016-09-26,07:44:00,453,3,11432
73637,2016-09-26,07:44:00,40,2,6245
73638,2016-09-26,07:52:00,127,4,5318
73639,2016-09-26,07:58:00,172,2,11913
73640,2016-09-26,08:09:00,269,3,2957
73641,2016-09-26,08:23:00,455,1,2277
73642,2016-09-26,08:25:00,441,4,3057
73643,2016-09-26,08:25:00,133,1,4071
73644,2016-09-26,08:27:00,96,1,472
73645,2016-09-26,08:29:00,268,1,10374
73646,2016-09-26,08:30:00,207,2,1766
73647,2016-09-26,08:35:00,14,1,3916
73648,2016-09-26,08:39:00,83,1,8320
73649,2016-09-26,08:40:00,244,2,1306
73650,2016-09-26,08:45:00,36,2,10719
73651,2016-09-26,08:47:00,71,3,6275
73652,2016-09-26,09:05:00,90,1,11955
73653,2016-09-26,09:10:00,260,1,461
73654,2016-09-26,09:18:00,211,1,14
73655,2016-09-26,09:21:00,229,1,10133
73656,2016-09-26,09:22:00,209,1,11670
73657,2016-09-26,09:22:00,425,1,11913
73658,2016-09-26,09:27:00,413,2,2248
73659,2016-09-26,09:35:00,28,1,3880
73660,2016-09-26,09:37:00,33,2,4898
73661,2016-09-26,09:40:00,438,1,11797
73662,2016-09-26,09:47:00,344,2,2956
73663,2016-09-26,09:54:00,227,2,2004
73664,2016-09-26,10:02:00,64,2,1621
73665,2016-09-26,10:09:00,53,3,10142
73666,2016-09-26,10:11:00,438,1,3650
73667,2016-09-26,10:11:00,392,1,1980
73668,2016-09-26,10:11:00,436,3,7230
73669,2016-09-26,10:14:00,207,1,5004
73670,2016-09-26,10:19:00,273,2,2767
73671,2016-09-26,10:23:00,57,1,1101
73672,2016-09-26,10:25:00,433,1,6633
73673,2016-09-26,10:27:00,283,3,9872
73674,2016-09-26,10:37:00,258,1,189
73675,2016-09-26,10:48:00,123,2,9630
73676,2016-09-26,10:56:00,446,1,5141
73677,2016-09-26,10:57:00,445,2,10019
73678,2016-09-26,10:59:00,169,5,6340
73679,2016-09-26,10:59:00,105,2,4640
73680,2016-09-26,11:04:00,9,2,3685
73681,2016-09-26,11:09:00,90,1,2648
73682,2016-09-26,11:11:00,84,1,5496
73683,2016-09-26,11:12:00,188,5,8843
73684,2016-09-26,11:15:00,389,2,4533
73685,2016-09-26,11:17:00,393,2,9070
73686,2016-09-26,11:21:00,58,1,294
73687,2016-09-26,11:27:00,346,1,411
73688,2016-09-26,11:30:00,202,2,3487
73689,2016-09-26,11:30:00,446,2,3035
73690,2016-09-26,11:37:00,415,2,3041
73691,2016-09-26,11:39:00,351,2,11008
73692,2016-09-26,12:00:00,89,3,10960
73693,2016-09-26,12:08:00,312,2,10121
73694,2016-09-26,12:11:00,402,2,8659
73695,2016-09-26,12:32:00,308,1,6356
73696,2016-09-26,12:32:00,339,2,11063
73697,2016-09-26,12:35:00,243,4,344
73698,2016-09-26,12:43:00,47,3,11372
73699,2016-09-26,12:44:00,149,1,11385
73700,2016-09-26,12:49:00,30,1,4379
73701,2016-09-26,12:49:00,158,1,474
73702,2016-09-26,12:55:00,103,2,11494
73703,2016-09-26,12:59:00,95,2,11248
73704,2016-09-26,13:01:00,326,1,786
73705,2016-09-26,13:03:00,51,2,4716
73706,2016-09-26,13:09:00,449,1,3972
73707,2016-09-26,13:17:00,436,3,10041
73708,2016-09-26,13:18:00,342,2,6361
73709,2016-09-26,13:20:00,278,2,7141
73710,2016-09-26,13:39:00,228,4,9911
73711,2016-09-26,13:43:00,409,1,11687
73712,2016-09-26,13:45:00,280,1,2155
73713,2016-09-26,13:46:00,167,3,1306
73714,2016-09-26,13:47:00,421,3,136
73715,2016-09-26,13:51:00,43,2,273
73716,2016-09-26,14:06:00,4,3,2119
73717,2016-09-26,14:09:00,446,2,2055
73718,2016-09-26,14:13:00,28,2,7224
73719,2016-09-26,14:28:00,452,2,4798
73720,2016-09-26,14:37:00,385,1,115
73721,2016-09-26,14:43:00,234,3,6057
73722,2016-09-26,14:49:00,85,1,3781
73723,2016-09-26,14:52:00,174,1,4123
73724,2016-09-26,15:03:00,443,1,9455
73725,2016-09-26,15:07:00,258,2,1475
73726,2016-09-26,15:08:00,34,3,9864
73727,2016-09-26,15:15:00,281,3,8994
73728,2016-09-26,15:18:00,305,1,2382
73729,2016-09-26,15:27:00,342,3,349
73730,2016-09-26,15:33:00,395,2,9343
73731,2016-09-26,15:38:00,266,1,11347
73732,2016-09-26,16:04:00,312,1,2940
73733,2016-09-26,16:04:00,210,2,8678
73734,2016-09-26,16:05:00,440,3,629
73735,2016-09-26,16:06:00,84,3,1249
73736,2016-09-26,16:24:00,362,2,4866
73737,2016-09-26,16:24:00,124,1,5431
73738,2016-09-26,16:25:00,409,4,816
73739,2016-09-26,16:34:00,331,1,4145
73740,2016-09-26,16:37:00,18,2,7818
73741,2016-09-26,16:46:00,83,1,6410
73742,2016-09-26,16:49:00,157,1,6093
73743,2016-09-26,16:50:00,315,3,298
73744,2016-09-26,17:04:00,186,3,11634
73745,2016-09-26,17:06:00,32,1,6936
73746,2016-09-26,17:07:00,100,2,10875
73747,2016-09-26,17:08:00,249,1,8696
73748,2016-09-26,17:15:00,434,1,9970
73749,2016-09-26,17:25:00,187,2,6624
73750,2016-09-26,17:29:00,318,5,4946
73751,2016-09-26,17:37:00,242,2,10805
73752,2016-09-26,17:41:00,325,3,566
73753,2016-09-26,17:48:00,138,1,5458
73754,2016-09-26,17:54:00,234,1,9142
73755,2016-09-26,17:54:00,359,2,2323
73756,2016-09-26,17:56:00,89,1,1599
73757,2016-09-26,17:56:00,255,2,6928
73758,2016-09-26,17:58:00,300,1,1487
73759,2016-09-26,18:02:00,400,1,7612
73760,2016-09-26,18:03:00,241,1,4084
73761,2016-09-26,18:16:00,315,1,23
73762,2016-09-26,18:17:00,159,3,5069
73763,2016-09-26,18:21:00,388,1,3572
73764,2016-09-26,18:24:00,45,1,5508
73765,2016-09-26,18:28:00,323,4,5042
73766,2016-09-26,18:30:00,359,2,5478
73767,2016-09-26,18:35:00,334,4,4018
73768,2016-09-26,18:38:00,8,1,3389
73769,2016-09-26,18:46:00,177,1,4042
73770,2016-09-26,18:46:00,264,2,6684
73771,2016-09-26,18:47:00,63,3,890
73772,2016-09-26,18:51:00,288,3,887
73773,2016-09-26,19:05:00,107,1,9398
73774,2016-09-26,19:15:00,22,1,11776
73775,2016-09-26,19:24:00,282,1,2209
73776,2016-09-26,19:34:00,375,1,10638
73777,2016-09-26,19:37:00,358,2,8636
73778,2016-09-26,19:45:00,11,3,4021
73779,2016-09-26,19:50:00,55,3,8520
73780,2016-09-26,20:02:00,157,3,1741
73781,2016-09-26,20:03:00,193,1,8441
73782,2016-09-26,20:11:00,377,2,9727
73783,2016-09-26,20:19:00,325,1,6417
73784,2016-09-26,20:22:00,112,1,6616
73785,2016-09-26,20:24:00,181,1,3418
73786,2016-09-26,20:25:00,292,3,3235
73787,2016-09-26,20:48:00,301,2,6228
73788,2016-09-26,20:48:00,327,1,3471
73789,2016-09-26,20:50:00,255,2,10458
73790,2016-09-26,20:52:00,153,3,5375
73791,2016-09-26,20:54:00,439,2,2873
73792,2016-09-26,20:56:00,376,2,80
73793,2016-09-26,20:56:00,431,1,344
73794,2016-09-26,21:02:00,153,1,3620
73795,2016-09-26,21:05:00,32,1,2685
73796,2016-09-26,21:07:00,58,3,5488
73797,2016-09-26,21:09:00,87,3,5035
73798,2016-09-26,21:11:00,221,2,7618
73799,2016-09-26,21:15:00,374,3,7437
73800,2016-09-26,21:28:00,224,3,5152
73801,2016-09-26,21:29:00,67,1,1922
73802,2016-09-26,21:33:00,318,2,443
73803,2016-09-26,21:34:00,227,1,4975
73804,2016-09-26,21:41:00,367,2,9707
73805,2016-09-26,21:54:00,127,2,433
73806,2016-09-26,22:01:00,57,1,490
73807,2016-09-26,22:10:00,103,1,1819
73808,2016-09-26,22:11:00,317,2,3584
73809,2016-09-26,22:13:00,103,2,19
73810,2016-09-26,22:14:00,277,1,7599
73811,2016-09-26,22:17:00,342,2,11671
73812,2016-09-26,22:18:00,87,2,3632
73813,2016-09-26,22:19:00,21,2,2828
73814,2016-09-26,22:21:00,112,2,9692
73815,2016-09-26,22:23:00,342,1,590
73816,2016-09-26,22:25:00,429,1,827
73817,2016-09-26,22:25:00,288,1,2626
73818,2016-09-26,22:28:00,233,4,11839
73819,2016-09-26,22:31:00,334,3,6912
73820,2016-09-26,22:35:00,289,3,7608
73821,2016-09-26,22:37:00,222,1,9872
73822,2016-09-26,22:51:00,378,1,1046
73823,2016-09-26,22:58:00,301,1,6621
73824,2016-09-26,23:03:00,414,2,5036
73825,2016-09-26,23:06:00,208,3,9720
73826,2016-09-26,23:07:00,71,2,6239
73827,2016-09-26,23:13:00,164,4,11041
73828,2016-09-26,23:16:00,37,2,1276
73829,2016-09-26,23:24:00,186,4,895
73830,2016-09-26,23:27:00,51,1,1422
73831,2016-09-26,23:38:00,296,2,10869
73832,2016-09-26,23:38:00,245,1,2016
73833,2016-09-26,23:39:00,2,2,11841
73834,2016-09-26,23:41:00,444,2,1554
73835,2016-09-26,23:42:00,84,2,9256
73836,2016-09-26,23:45:00,228,1,5079
73837,2016-09-26,23:48:00,289,1,1536
73838,2016-09-27,00:18:00,268,3,9335
73839,2016-09-27,00:22:00,380,2,6743
73840,2016-09-27,00:45:00,37,1,5453
73841,2016-09-27,00:52:00,415,2,9099
73842,2016-09-27,00:53:00,184,2,445
73843,2016-09-27,01:00:00,192,2,10385
73844,2016-09-27,01:09:00,19,1,9491
73845,2016-09-27,01:16:00,437,2,4881
73846,2016-09-27,01:17:00,237,2,7072
73847,2016-09-27,01:26:00,88,1,5730
73848,2016-09-27,01:29:00,323,2,725
73849,2016-09-27,01:34:00,186,2,3189
73850,2016-09-27,01:45:00,168,4,2467
73851,2016-09-27,01:46:00,293,1,232
73852,2016-09-27,01:52:00,68,2,9823
73853,2016-09-27,01:53:00,165,2,1100
73854,2016-09-27,01:55:00,2,1,9443
73855,2016-09-27,01:55:00,408,2,240
73856,2016-09-27,01:59:00,381,2,11326
73857,2016-09-27,02:01:00,440,5,704
73858,2016-09-27,02:07:00,354,3,8671
73859,2016-09-27,02:25:00,253,1,5054
73860,2016-09-27,02:25:00,23,3,11039
73861,2016-09-27,02:27:00,169,4,1398
73862,2016-09-27,02:30:00,247,1,8589
73863,2016-09-27,02:37:00,379,3,3554
73864,2016-09-27,02:45:00,8,2,11678
73865,2016-09-27,02:45:00,18,2,184
73866,2016-09-27,02:47:00,423,1,7961
73867,2016-09-27,02:49:00,51,3,6327
73868,2016-09-27,02:51:00,378,2,2282
73869,2016-09-27,02:57:00,233,4,3012
73870,2016-09-27,03:00:00,99,4,6933
73871,2016-09-27,03:06:00,425,1,6997
73872,2016-09-27,03:08:00,425,2,6060
73873,2016-09-27,03:31:00,434,2,1285
73874,2016-09-27,03:38:00,361,1,7476
73875,2016-09-27,03:45:00,447,2,5861
73876,2016-09-27,03:50:00,130,4,7855
73877,2016-09-27,03:59:00,427,1,11719
73878,2016-09-27,04:00:00,339,1,7011
73879,2016-09-27,04:01:00,87,2,10379
73880,2016-09-27,04:05:00,387,2,3598
73881,2016-09-27,04:12:00,365,2,11592
73882,2016-09-27,04:23:00,266,2,4550
73883,2016-09-27,04:24:00,91,1,7508
73884,2016-09-27,04:35:00,212,2,10685
73885,2016-09-27,04:39:00,241,3,9034
73886,2016-09-27,04:46:00,5,2,5106
73887,2016-09-27,04:49:00,164,2,3822
73888,2016-09-27,04:50:00,234,1,3897
73889,2016-09-27,04:53:00,142,2,1530
73890,2016-09-27,05:05:00,314,2,639
73891,2016-09-27,05:06:00,52,3,5830
73892,2016-09-27,05:15:00,361,1,6595
73893,2016-09-27,05:20:00,293,4,9015
73894,2016-09-27,05:34:00,95,2,768
73895,2016-09-27,05:38:00,408,1,5525
73896,2016-09-27,05:40:00,384,2,10936
73897,2016-09-27,05:47:00,355,5,490
73898,2016-09-27,05:53:00,206,2,8938
73899,2016-09-27,05:56:00,127,2,1873
73900,2016-09-27,06:03:00,73,1,973
73901,2016-09-27,06:09:00,310,2,3194
73902,2016-09-27,06:14:00,110,1,5716
73903,2016-09-27,06:35:00,440,1,4070
73904,2016-09-27,06:36:00,263,1,496
73905,2016-09-27,06:41:00,160,2,3902
73906,2016-09-27,06:41:00,183,2,7597
73907,2016-09-27,06:41:00,172,2,6346
73908,2016-09-27,06:49:00,212,1,2991
73909,2016-09-27,06:54:00,452,1,2280
73910,2016-09-27,06:55:00,418,4,5183
73911,2016-09-27,06:58:00,312,1,5935
73912,2016-09-27,06:59:00,369,1,4042
73913,2016-09-27,07:05:00,251,2,6886
73914,2016-09-27,07:05:00,133,2,8900
73915,2016-09-27,07:17:00,45,3,1827
73916,2016-09-27,07:18:00,126,1,5232
73917,2016-09-27,07:22:00,363,1,6895
73918,2016-09-27,07:28:00,203,3,4200
73919,2016-09-27,07:34:00,244,2,5813
73920,2016-09-27,07:38:00,199,2,10088
73921,2016-09-27,07:39:00,87,1,11168
73922,2016-09-27,07:45:00,8,2,3000
73923,2016-09-27,07:51:00,249,1,3196
73924,2016-09-27,07:52:00,193,1,1819
73925,2016-09-27,08:07:00,401,1,3975
73926,2016-09-27,08:11:00,331,3,10805
73927,2016-09-27,08:16:00,5,1,587
73928,2016-09-27,08:30:00,8,1,2907
73929,2016-09-27,08:33:00,184,3,9263
73930,2016-09-27,08:34:00,59,2,1808
73931,2016-09-27,08:56:00,260,3,11442
73932,2016-09-27,08:57:00,44,2,11435
73933,2016-09-27,09:07:00,54,1,696
73934,2016-09-27,09:13:00,422,3,7069
73935,2016-09-27,09:28:00,53,1,6158
73936,2016-09-27,09:31:00,260,1,1836
73937,2016-09-27,09:36:00,244,2,11054
73938,2016-09-27,09:37:00,88,1,1411
73939,2016-09-27,09:37:00,8,2,1463
73940,2016-09-27,09:39:00,371,3,6502
73941,2016-09-27,09:44:00,320,1,2104
73942,2016-09-27,09:45:00,248,4,1030
73943,2016-09-27,09:48:00,40,3,5347
73944,2016-09-27,09:51:00,18,2,9548
73945,2016-09-27,09:59:00,96,2,6650
73946,2016-09-27,10:05:00,250,2,3724
73947,2016-09-27,10:09:00,407,1,620
73948,2016-09-27,10:20:00,79,1,1832
73949,2016-09-27,10:38:00,269,2,6942
73950,2016-09-27,10:39:00,227,2,9511
73951,2016-09-27,10:40:00,19,4,1112
73952,2016-09-27,11:11:00,430,1,4086
73953,2016-09-27,11:13:00,28,4,6035
73954,2016-09-27,11:30:00,222,3,11071
73955,2016-09-27,11:32:00,236,3,11417
73956,2016-09-27,11:34:00,233,4,8373
73957,2016-09-27,11:36:00,202,1,10144
73958,2016-09-27,11:36:00,426,2,5316
73959,2016-09-27,11:39:00,27,3,5495
73960,2016-09-27,11:40:00,50,2,7771
73961,2016-09-27,11:42:00,127,2,6757
73962,2016-09-27,11:46:00,256,2,6354
73963,2016-09-27,12:00:00,370,1,9576
73964,2016-09-27,12:04:00,361,1,1678
73965,2016-09-27,12:10:00,155,3,3732
73966,2016-09-27,12:11:00,305,1,23
73967,2016-09-27,12:13:00,433,1,6488
73968,2016-09-27,12:19:00,323,1,2871
73969,2016-09-27,12:20:00,418,2,9950
73970,2016-09-27,12:30:00,239,2,4773
73971,2016-09-27,12:31:00,67,3,1367
73972,2016-09-27,12:43:00,358,1,6264
73973,2016-09-27,12:46:00,270,1,2406
73974,2016-09-27,12:52:00,56,1,10234
73975,2016-09-27,12:52:00,56,1,8195
73976,2016-09-27,12:56:00,421,1,9062
73977,2016-09-27,13:01:00,411,6,326
73978,2016-09-27,13:10:00,366,1,9198
73979,2016-09-27,13:11:00,71,1,1949
73980,2016-09-27,13:13:00,102,1,5147
73981,2016-09-27,13:16:00,100,1,2323
73982,2016-09-27,13:18:00,178,1,10237
73983,2016-09-27,13:19:00,67,1,3219
73984,2016-09-27,13:23:00,420,3,2492
73985,2016-09-27,13:29:00,452,3,5557
73986,2016-09-27,13:31:00,198,2,3623
73987,2016-09-27,13:33:00,433,2,9637
73988,2016-09-27,13:34:00,310,3,1857
73989,2016-09-27,13:46:00,185,1,9878
73990,2016-09-27,13:48:00,450,1,550
73991,2016-09-27,13:51:00,326,2,11370
73992,2016-09-27,13:54:00,130,2,4007
73993,2016-09-27,13:54:00,229,3,9580
73994,2016-09-27,13:58:00,269,2,4636
73995,2016-09-27,14:11:00,178,1,8571
73996,2016-09-27,14:11:00,108,1,8644
73997,2016-09-27,14:14:00,427,2,5826
73998,2016-09-27,14:21:00,147,3,9195
73999,2016-09-27,14:25:00,252,3,7441
74000,2016-09-27,14:30:00,349,1,6134
74001,2016-09-27,14:33:00,432,2,8252
74002,2016-09-27,14:38:00,298,2,7773
74003,2016-09-27,14:44:00,92,2,9934
74004,2016-09-27,14:45:00,363,2,10145
74005,2016-09-27,14:49:00,241,1,2176
74006,2016-09-27,14:59:00,308,3,11014
74007,2016-09-27,15:02:00,283,1,4213
74008,2016-09-27,15:10:00,39,1,6151
74009,2016-09-27,15:17:00,233,1,1915
74010,2016-09-27,15:27:00,409,1,7802
74011,2016-09-27,15:33:00,252,2,6367
74012,2016-09-27,15:36:00,166,1,6288
74013,2016-09-27,15:39:00,75,1,3991
74014,2016-09-27,15:48:00,43,3,7076
74015,2016-09-27,15:48:00,342,2,4753
74016,2016-09-27,15:52:00,280,4,265
74017,2016-09-27,15:58:00,62,2,1690
74018,2016-09-27,16:05:00,81,2,7130
74019,2016-09-27,16:17:00,298,2,389
74020,2016-09-27,16:33:00,89,4,2953
74021,2016-09-27,16:34:00,390,2,916
74022,2016-09-27,16:37:00,444,1,5518
74023,2016-09-27,16:43:00,359,1,6750
74024,2016-09-27,16:53:00,258,1,8936
74025,2016-09-27,17:00:00,388,2,8999
74026,2016-09-27,17:04:00,426,2,11842
74027,2016-09-27,17:04:00,148,2,616
74028,2016-09-27,17:08:00,160,1,3570
74029,2016-09-27,17:10:00,308,5,142
74030,2016-09-27,17:18:00,163,1,7062
74031,2016-09-27,17:20:00,56,3,725
74032,2016-09-27,17:24:00,179,1,5088
74033,2016-09-27,17:30:00,358,1,6942
74034,2016-09-27,17:31:00,373,1,4722
74035,2016-09-27,17:34:00,227,4,4419
74036,2016-09-27,17:36:00,429,1,8272
74037,2016-09-27,17:38:00,101,2,4387
74038,2016-09-27,17:43:00,456,3,2084
74039,2016-09-27,17:44:00,80,1,625
74040,2016-09-27,17:51:00,425,1,2168
74041,2016-09-27,17:58:00,178,1,1831
74042,2016-09-27,18:09:00,311,2,11416
74043,2016-09-27,18:18:00,118,1,9351
74044,2016-09-27,18:20:00,64,2,9384
74045,2016-09-27,18:25:00,147,3,913
74046,2016-09-27,18:26:00,158,2,4252
74047,2016-09-27,18:40:00,289,2,26
74048,2016-09-27,18:42:00,30,3,9908
74049,2016-09-27,18:46:00,362,4,2702
74050,2016-09-27,18:48:00,372,2,1177
74051,2016-09-27,18:50:00,203,3,11372
74052,2016-09-27,18:53:00,1,3,9170
74053,2016-09-27,18:54:00,49,2,1968
74054,2016-09-27,18:54:00,418,1,2637
74055,2016-09-27,19:12:00,267,3,2135
74056,2016-09-27,19:17:00,111,3,112
74057,2016-09-27,19:25:00,70,1,9159
74058,2016-09-27,19:35:00,305,2,6762
74059,2016-09-27,19:50:00,65,1,11836
74060,2016-09-27,19:53:00,358,1,7417
74061,2016-09-27,19:57:00,170,3,5147
74062,2016-09-27,19:57:00,214,2,69
74063,2016-09-27,19:59:00,394,2,7809
74064,2016-09-27,20:05:00,184,2,1077
74065,2016-09-27,20:10:00,128,2,10134
74066,2016-09-27,20:11:00,447,2,11933
74067,2016-09-27,20:11:00,202,1,9507
74068,2016-09-27,20:14:00,432,2,7552
74069,2016-09-27,20:15:00,238,4,7915
74070,2016-09-27,20:38:00,433,1,1470
74071,2016-09-27,20:40:00,305,2,8411
74072,2016-09-27,20:40:00,70,2,3231
74073,2016-09-27,20:41:00,61,1,3978
74074,2016-09-27,20:42:00,78,4,11711
74075,2016-09-27,20:45:00,85,2,2334
74076,2016-09-27,20:45:00,29,2,10401
74077,2016-09-27,20:51:00,2,2,1168
74078,2016-09-27,20:54:00,335,3,55
74079,2016-09-27,20:56:00,19,1,940
74080,2016-09-27,20:57:00,17,1,10068
74081,2016-09-27,21:01:00,401,2,3270
74082,2016-09-27,21:09:00,205,2,6990
74083,2016-09-27,21:11:00,290,2,3514
74084,2016-09-27,21:19:00,37,1,10992
74085,2016-09-27,21:20:00,202,3,8061
74086,2016-09-27,21:21:00,183,1,6621
74087,2016-09-27,21:30:00,164,2,11909
74088,2016-09-27,21:40:00,337,2,9175
74089,2016-09-27,21:48:00,292,2,6548
74090,2016-09-27,21:49:00,208,2,7743
74091,2016-09-27,21:59:00,135,1,5803
74092,2016-09-27,22:12:00,49,2,7688
74093,2016-09-27,22:15:00,311,1,1779
74094,2016-09-27,22:27:00,162,2,9648
74095,2016-09-27,22:35:00,322,2,11546
74096,2016-09-27,22:35:00,122,2,6795
74097,2016-09-27,22:36:00,186,1,219
74098,2016-09-27,22:38:00,279,4,10761
74099,2016-09-27,23:05:00,239,3,10338
74100,2016-09-27,23:05:00,249,1,3565
74101,2016-09-27,23:17:00,331,1,951
74102,2016-09-27,23:17:00,450,2,11076
74103,2016-09-27,23:22:00,142,2,5338
74104,2016-09-27,23:30:00,8,2,9202
74105,2016-09-27,23:39:00,106,1,6530
74106,2016-09-27,23:39:00,72,2,613
74107,2016-09-27,23:40:00,250,3,3377
74108,2016-09-27,23:43:00,443,2,2396
74109,2016-09-27,23:44:00,324,3,11580
74110,2016-09-27,23:48:00,110,2,1979
74111,2016-09-27,23:48:00,116,1,6004
74112,2016-09-27,23:59:00,13,1,6779
74113,2016-09-28,00:07:00,351,1,11952
74114,2016-09-28,00:09:00,9,2,1462
74115,2016-09-28,00:12:00,126,1,4173
74116,2016-09-28,00:12:00,1,5,4116
74117,2016-09-28,00:14:00,196,1,11089
74118,2016-09-28,00:15:00,325,4,8035
74119,2016-09-28,00:16:00,431,3,11946
74120,2016-09-28,00:19:00,348,1,10860
74121,2016-09-28,00:24:00,69,2,6808
74122,2016-09-28,00:27:00,104,3,4843
74123,2016-09-28,00:33:00,84,4,3330
74124,2016-09-28,00:42:00,2,2,7768
74125,2016-09-28,00:42:00,213,2,5535
74126,2016-09-28,00:46:00,201,1,8532
74127,2016-09-28,00:54:00,429,1,459
74128,2016-09-28,00:56:00,151,2,473
74129,2016-09-28,01:01:00,319,4,8966
74130,2016-09-28,01:06:00,224,2,2085
74131,2016-09-28,01:13:00,288,3,683
74132,2016-09-28,01:16:00,153,2,8332
74133,2016-09-28,01:20:00,276,3,1056
74134,2016-09-28,01:28:00,106,1,9673
74135,2016-09-28,01:31:00,166,1,2686
74136,2016-09-28,01:33:00,420,3,1492
74137,2016-09-28,01:34:00,306,1,8574
74138,2016-09-28,01:34:00,87,2,2162
74139,2016-09-28,01:51:00,436,1,3517
74140,2016-09-28,01:54:00,178,2,3688
74141,2016-09-28,01:57:00,304,1,7671
74142,2016-09-28,02:22:00,24,3,216
74143,2016-09-28,02:22:00,31,3,5063
74144,2016-09-28,02:23:00,68,3,8956
74145,2016-09-28,02:24:00,4,3,3677
74146,2016-09-28,02:30:00,228,1,9624
74147,2016-09-28,02:30:00,254,2,5064
74148,2016-09-28,02:40:00,401,1,11544
74149,2016-09-28,02:45:00,251,1,3194
74150,2016-09-28,02:46:00,373,2,4240
74151,2016-09-28,02:48:00,49,2,5540
74152,2016-09-28,03:00:00,55,1,7794
74153,2016-09-28,03:06:00,278,2,311
74154,2016-09-28,03:06:00,273,1,6244
74155,2016-09-28,03:12:00,49,2,10452
74156,2016-09-28,03:13:00,97,5,2501
74157,2016-09-28,03:13:00,144,1,129
74158,2016-09-28,03:15:00,417,2,11265
74159,2016-09-28,03:16:00,242,1,3148
74160,2016-09-28,03:19:00,329,1,2028
74161,2016-09-28,03:19:00,207,2,11883
74162,2016-09-28,03:33:00,277,2,4651
74163,2016-09-28,03:38:00,346,1,8824
74164,2016-09-28,03:41:00,436,1,10897
74165,2016-09-28,03:44:00,452,2,8396
74166,2016-09-28,03:49:00,364,3,9584
74167,2016-09-28,03:49:00,84,1,3424
74168,2016-09-28,03:54:00,254,1,10057
74169,2016-09-28,04:00:00,372,1,728
74170,2016-09-28,04:00:00,240,2,8237
74171,2016-09-28,04:02:00,355,4,2190
74172,2016-09-28,04:02:00,35,1,3893
74173,2016-09-28,04:06:00,229,1,6781
74174,2016-09-28,04:14:00,341,3,6933
74175,2016-09-28,04:16:00,143,2,8900
74176,2016-09-28,04:27:00,334,2,832
74177,2016-09-28,04:30:00,342,4,1355
74178,2016-09-28,04:34:00,284,2,1261
74179,2016-09-28,04:39:00,267,2,3295
74180,2016-09-28,04:39:00,77,3,10279
74181,2016-09-28,04:40:00,136,1,745
74182,2016-09-28,04:42:00,410,3,573
74183,2016-09-28,04:57:00,138,2,6055
74184,2016-09-28,04:59:00,48,1,7072
74185,2016-09-28,05:05:00,321,1,9814
74186,2016-09-28,05:12:00,137,3,8863
74187,2016-09-28,05:29:00,148,4,7929
74188,2016-09-28,05:30:00,406,1,5199
74189,2016-09-28,05:36:00,201,3,3328
74190,2016-09-28,05:36:00,153,1,4951
74191,2016-09-28,05:37:00,322,2,2916
74192,2016-09-28,05:41:00,320,1,7841
74193,2016-09-28,05:50:00,232,1,5564
74194,2016-09-28,05:55:00,182,1,3168
74195,2016-09-28,06:05:00,169,2,8375
74196,2016-09-28,06:05:00,162,2,11036
74197,2016-09-28,06:12:00,437,1,2232
74198,2016-09-28,06:15:00,397,1,9053
74199,2016-09-28,06:16:00,76,1,10079
74200,2016-09-28,06:23:00,266,2,6270
74201,2016-09-28,06:25:00,38,1,5325
74202,2016-09-28,06:27:00,355,2,2843
74203,2016-09-28,06:32:00,164,1,2657
74204,2016-09-28,06:34:00,204,3,598
74205,2016-09-28,06:44:00,391,3,10520
74206,2016-09-28,06:48:00,91,2,8563
74207,2016-09-28,06:48:00,84,2,919
74208,2016-09-28,06:59:00,140,1,141
74209,2016-09-28,07:15:00,293,2,6972
74210,2016-09-28,07:20:00,439,3,867
74211,2016-09-28,07:22:00,350,1,8187
74212,2016-09-28,07:35:00,396,2,9028
74213,2016-09-28,07:41:00,332,1,4354
74214,2016-09-28,07:46:00,5,3,8470
74215,2016-09-28,07:54:00,52,2,6568
74216,2016-09-28,07:57:00,445,5,11478
74217,2016-09-28,08:10:00,205,1,6078
74218,2016-09-28,08:27:00,409,1,8529
74219,2016-09-28,08:28:00,178,3,2187
74220,2016-09-28,08:31:00,84,1,1807
74221,2016-09-28,08:35:00,13,1,10217
74222,2016-09-28,08:35:00,283,2,9662
74223,2016-09-28,08:38:00,179,2,4432
74224,2016-09-28,08:49:00,404,1,2628
74225,2016-09-28,08:53:00,318,2,4046
74226,2016-09-28,08:55:00,209,1,5904
74227,2016-09-28,08:56:00,438,1,11107
74228,2016-09-28,09:26:00,428,2,4611
74229,2016-09-28,09:27:00,361,2,619
74230,2016-09-28,09:40:00,441,1,10112
74231,2016-09-28,09:44:00,220,1,9186
74232,2016-09-28,09:45:00,407,1,2971
74233,2016-09-28,09:57:00,86,3,5577
74234,2016-09-28,10:02:00,138,2,11572
74235,2016-09-28,10:08:00,345,3,4785
74236,2016-09-28,10:18:00,374,2,6905
74237,2016-09-28,10:30:00,255,2,8159
74238,2016-09-28,10:32:00,308,3,8991
74239,2016-09-28,10:32:00,261,2,10398
74240,2016-09-28,10:35:00,446,1,5681
74241,2016-09-28,10:38:00,18,1,884
74242,2016-09-28,10:39:00,336,2,2841
74243,2016-09-28,10:40:00,162,1,879
74244,2016-09-28,10:43:00,420,1,2634
74245,2016-09-28,10:48:00,440,1,6520
74246,2016-09-28,10:51:00,326,3,524
74247,2016-09-28,10:53:00,344,2,9303
74248,2016-09-28,10:55:00,194,1,1955
74249,2016-09-28,11:04:00,101,2,4161
74250,2016-09-28,11:08:00,10,1,2103
74251,2016-09-28,11:13:00,103,1,7542
74252,2016-09-28,11:15:00,244,1,9698
74253,2016-09-28,11:17:00,132,2,8550
74254,2016-09-28,11:20:00,67,1,924
74255,2016-09-28,11:26:00,358,1,6188
74256,2016-09-28,11:29:00,38,2,8827
74257,2016-09-28,11:32:00,260,3,7228
74258,2016-09-28,11:39:00,262,1,6032
74259,2016-09-28,11:53:00,128,2,5285
74260,2016-09-28,12:17:00,216,1,10062
74261,2016-09-28,12:19:00,58,1,2579
74262,2016-09-28,12:23:00,39,2,750
74263,2016-09-28,12:36:00,100,2,4916
74264,2016-09-28,12:40:00,444,2,7805
74265,2016-09-28,12:41:00,399,1,4759
74266,2016-09-28,12:50:00,235,1,11497
74267,2016-09-28,12:51:00,402,3,7791
74268,2016-09-28,13:09:00,439,2,943
74269,2016-09-28,13:19:00,73,2,4187
74270,2016-09-28,13:21:00,396,2,3222
74271,2016-09-28,13:23:00,123,4,5549
74272,2016-09-28,13:32:00,161,2,541
74273,2016-09-28,13:33:00,136,3,10914
74274,2016-09-28,13:35:00,360,2,10742
74275,2016-09-28,13:41:00,436,1,5167
74276,2016-09-28,13:49:00,58,1,7908
74277,2016-09-28,13:55:00,406,1,8716
74278,2016-09-28,13:55:00,77,3,631
74279,2016-09-28,13:57:00,250,3,5469
74280,2016-09-28,13:57:00,276,3,8057
74281,2016-09-28,13:58:00,120,2,9334
74282,2016-09-28,14:11:00,191,1,11510
74283,2016-09-28,14:18:00,111,1,371
74284,2016-09-28,14:20:00,62,1,10544
74285,2016-09-28,14:20:00,136,1,10718
74286,2016-09-28,14:24:00,198,1,5427
74287,2016-09-28,14:34:00,408,3,9564
74288,2016-09-28,14:35:00,100,1,1054
74289,2016-09-28,14:43:00,272,1,11576
74290,2016-09-28,14:48:00,283,6,6147
74291,2016-09-28,14:50:00,191,2,2106
74292,2016-09-28,14:51:00,428,1,6660
74293,2016-09-28,14:53:00,12,2,8041
74294,2016-09-28,14:53:00,352,1,6990
74295,2016-09-28,14:57:00,430,3,7312
74296,2016-09-28,15:02:00,110,3,1002
74297,2016-09-28,15:06:00,251,2,9953
74298,2016-09-28,15:11:00,302,1,9067
74299,2016-09-28,15:19:00,69,1,1146
74300,2016-09-28,15:20:00,218,2,6043
74301,2016-09-28,15:26:00,383,3,6685
74302,2016-09-28,15:26:00,72,2,8360
74303,2016-09-28,15:29:00,297,4,4978
74304,2016-09-28,15:31:00,156,4,3251
74305,2016-09-28,15:36:00,280,2,5101
74306,2016-09-28,15:49:00,166,2,7458
74307,2016-09-28,16:01:00,426,1,6593
74308,2016-09-28,16:03:00,258,1,8894
74309,2016-09-28,16:08:00,242,1,6000
74310,2016-09-28,16:08:00,296,2,5084
74311,2016-09-28,16:10:00,275,3,2621
74312,2016-09-28,16:10:00,213,3,8797
74313,2016-09-28,16:13:00,177,1,11287
74314,2016-09-28,16:14:00,200,1,8516
74315,2016-09-28,16:16:00,295,1,3427
74316,2016-09-28,16:41:00,190,3,2008
74317,2016-09-28,16:56:00,221,2,1815
74318,2016-09-28,17:00:00,356,2,6476
74319,2016-09-28,17:11:00,393,1,9460
74320,2016-09-28,17:13:00,307,1,1442
74321,2016-09-28,17:14:00,18,1,3003
74322,2016-09-28,17:30:00,285,1,5599
74323,2016-09-28,17:33:00,240,1,1100
74324,2016-09-28,17:43:00,162,1,2674
74325,2016-09-28,17:47:00,126,2,10901
74326,2016-09-28,17:50:00,386,4,6929
74327,2016-09-28,17:55:00,385,1,10555
74328,2016-09-28,18:01:00,327,2,8609
74329,2016-09-28,18:05:00,427,1,7840
74330,2016-09-28,18:08:00,375,1,7756
74331,2016-09-28,18:08:00,425,2,7472
74332,2016-09-28,18:08:00,385,1,3338
74333,2016-09-28,18:12:00,202,2,3927
74334,2016-09-28,18:17:00,50,1,2594
74335,2016-09-28,18:17:00,410,1,5758
74336,2016-09-28,18:23:00,255,2,6552
74337,2016-09-28,18:26:00,188,2,11738
74338,2016-09-28,18:28:00,277,1,11497
74339,2016-09-28,18:32:00,202,2,3608
74340,2016-09-28,18:52:00,235,1,8487
74341,2016-09-28,18:59:00,11,1,8189
74342,2016-09-28,19:03:00,328,3,10464
74343,2016-09-28,19:05:00,279,1,1028
74344,2016-09-28,19:26:00,18,2,10934
74345,2016-09-28,19:30:00,347,4,1803
74346,2016-09-28,19:32:00,30,1,541
74347,2016-09-28,19:36:00,179,3,3501
74348,2016-09-28,19:38:00,56,1,6937
74349,2016-09-28,19:49:00,340,2,1718
74350,2016-09-28,20:03:00,291,2,10312
74351,2016-09-28,20:08:00,1,1,1865
74352,2016-09-28,20:11:00,242,1,1153
74353,2016-09-28,20:14:00,388,3,11265
74354,2016-09-28,20:24:00,38,1,1794
74355,2016-09-28,20:30:00,440,1,4201
74356,2016-09-28,20:42:00,72,2,9803
74357,2016-09-28,21:04:00,455,4,7614
74358,2016-09-28,21:20:00,229,3,2833
74359,2016-09-28,21:34:00,28,1,1662
74360,2016-09-28,21:34:00,46,1,2179
74361,2016-09-28,21:34:00,120,4,5938
74362,2016-09-28,21:40:00,310,4,5108
74363,2016-09-28,21:57:00,314,4,8638
74364,2016-09-28,21:57:00,345,2,1619
74365,2016-09-28,22:05:00,12,3,5011
74366,2016-09-28,22:15:00,352,6,11491
74367,2016-09-28,22:22:00,81,2,4993
74368,2016-09-28,22:25:00,114,2,10976
74369,2016-09-28,22:28:00,353,3,2863
74370,2016-09-28,22:30:00,21,1,1227
74371,2016-09-28,23:03:00,53,1,9263
74372,2016-09-28,23:04:00,178,3,2519
74373,2016-09-28,23:11:00,119,2,4781
74374,2016-09-28,23:13:00,435,2,1363
74375,2016-09-28,23:13:00,417,2,2425
74376,2016-09-28,23:26:00,368,2,2473
74377,2016-09-28,23:30:00,36,1,6138
74378,2016-09-28,23:34:00,105,2,2193
74379,2016-09-28,23:45:00,358,2,7545
74380,2016-09-28,23:47:00,321,1,11760
74381,2016-09-29,00:04:00,437,1,10337
74382,2016-09-29,00:07:00,418,1,2509
74383,2016-09-29,00:10:00,370,2,10485
74384,2016-09-29,00:13:00,10,2,1009
74385,2016-09-29,00:21:00,145,2,1930
74386,2016-09-29,00:24:00,233,1,7588
74387,2016-09-29,00:29:00,99,2,8400
74388,2016-09-29,00:30:00,206,2,10613
74389,2016-09-29,00:34:00,421,1,7557
74390,2016-09-29,00:36:00,277,1,1948
74391,2016-09-29,00:37:00,115,2,6540
74392,2016-09-29,00:38:00,135,2,6321
74393,2016-09-29,00:40:00,24,2,10765
74394,2016-09-29,00:49:00,127,1,8560
74395,2016-09-29,00:57:00,349,2,6295
74396,2016-09-29,00:59:00,419,2,5791
74397,2016-09-29,01:04:00,395,2,6183
74398,2016-09-29,01:07:00,364,3,2669
74399,2016-09-29,01:13:00,414,2,4464
74400,2016-09-29,01:32:00,257,2,5240
74401,2016-09-29,01:36:00,399,1,512
74402,2016-09-29,01:38:00,107,1,3513
74403,2016-09-29,01:41:00,104,1,5749
74404,2016-09-29,01:42:00,458,2,11617
74405,2016-09-29,01:50:00,136,1,12
74406,2016-09-29,01:51:00,154,2,264
74407,2016-09-29,01:55:00,142,1,11589
74408,2016-09-29,01:55:00,142,2,11630
74409,2016-09-29,02:02:00,396,1,2738
74410,2016-09-29,02:07:00,279,2,10011
74411,2016-09-29,02:07:00,129,2,2008
74412,2016-09-29,02:09:00,147,3,5680
74413,2016-09-29,02:10:00,24,1,6870
74414,2016-09-29,02:14:00,167,2,734
74415,2016-09-29,02:32:00,150,1,7238
74416,2016-09-29,02:43:00,87,1,1365
74417,2016-09-29,02:44:00,319,2,11011
74418,2016-09-29,02:45:00,43,1,11336
74419,2016-09-29,02:47:00,354,3,246
74420,2016-09-29,02:51:00,321,1,9017
74421,2016-09-29,02:59:00,376,2,9760
74422,2016-09-29,02:59:00,394,3,8861
74423,2016-09-29,03:16:00,89,3,4319
74424,2016-09-29,03:21:00,428,1,834
74425,2016-09-29,03:21:00,81,1,5170
74426,2016-09-29,03:25:00,372,2,5208
74427,2016-09-29,03:26:00,186,2,470
74428,2016-09-29,03:37:00,266,3,6150
74429,2016-09-29,03:45:00,418,2,841
74430,2016-09-29,03:48:00,368,1,10566
74431,2016-09-29,03:56:00,221,2,5633
74432,2016-09-29,04:01:00,259,3,11562
74433,2016-09-29,04:02:00,337,2,2525
74434,2016-09-29,04:04:00,283,4,117
74435,2016-09-29,04:10:00,48,2,3607
74436,2016-09-29,04:15:00,202,2,1521
74437,2016-09-29,04:15:00,319,1,4843
74438,2016-09-29,04:22:00,436,1,2637
74439,2016-09-29,04:26:00,157,2,1142
74440,2016-09-29,04:32:00,91,1,1114
74441,2016-09-29,04:36:00,424,1,11670
74442,2016-09-29,04:38:00,32,3,11917
74443,2016-09-29,04:43:00,212,1,8751
74444,2016-09-29,04:47:00,199,1,380
74445,2016-09-29,04:57:00,210,2,1535
74446,2016-09-29,04:58:00,449,2,2183
74447,2016-09-29,05:02:00,212,2,9936
74448,2016-09-29,05:03:00,258,1,1451
74449,2016-09-29,05:12:00,378,2,2271
74450,2016-09-29,05:16:00,394,1,1429
74451,2016-09-29,05:16:00,86,2,3579
74452,2016-09-29,05:18:00,25,1,5870
74453,2016-09-29,05:27:00,333,2,9146
74454,2016-09-29,05:33:00,7,1,8080
74455,2016-09-29,05:33:00,37,3,1262
74456,2016-09-29,05:47:00,365,3,194
74457,2016-09-29,05:59:00,115,2,3177
74458,2016-09-29,06:41:00,147,1,10798
74459,2016-09-29,06:49:00,397,1,8014
74460,2016-09-29,07:02:00,95,2,6889
74461,2016-09-29,07:06:00,164,1,5380
74462,2016-09-29,07:06:00,444,1,10921
74463,2016-09-29,07:09:00,373,4,11470
74464,2016-09-29,07:14:00,354,2,7403
74465,2016-09-29,07:19:00,187,3,4917
74466,2016-09-29,07:26:00,388,1,2952
74467,2016-09-29,07:31:00,449,3,10341
74468,2016-09-29,08:00:00,381,1,5115
74469,2016-09-29,08:07:00,222,1,460
74470,2016-09-29,08:13:00,273,3,9878
74471,2016-09-29,08:43:00,274,3,4631
74472,2016-09-29,08:49:00,397,1,5116
74473,2016-09-29,08:51:00,119,2,10170
74474,2016-09-29,09:06:00,117,2,10435
74475,2016-09-29,09:07:00,314,2,3347
74476,2016-09-29,09:20:00,12,2,7313
74477,2016-09-29,09:24:00,312,1,4901
74478,2016-09-29,09:27:00,116,2,5992
74479,2016-09-29,09:39:00,249,3,10624
74480,2016-09-29,09:51:00,98,1,8169
74481,2016-09-29,09:59:00,330,1,6563
74482,2016-09-29,10:02:00,297,2,1621
74483,2016-09-29,10:14:00,93,2,10689
74484,2016-09-29,10:20:00,246,2,8390
74485,2016-09-29,10:21:00,321,3,8909
74486,2016-09-29,10:21:00,340,1,6325
74487,2016-09-29,10:25:00,434,1,1526
74488,2016-09-29,10:33:00,52,3,11773
74489,2016-09-29,10:36:00,177,3,5547
74490,2016-09-29,10:44:00,329,4,315
74491,2016-09-29,11:01:00,164,2,8333
74492,2016-09-29,11:10:00,79,1,237
74493,2016-09-29,11:10:00,233,1,701
74494,2016-09-29,11:15:00,190,1,3533
74495,2016-09-29,11:26:00,1,1,1369
74496,2016-09-29,11:29:00,186,4,10529
74497,2016-09-29,11:34:00,346,1,8866
74498,2016-09-29,11:34:00,388,1,4187
74499,2016-09-29,11:35:00,40,3,11049
74500,2016-09-29,11:39:00,94,2,8284
74501,2016-09-29,11:39:00,57,2,10952
74502,2016-09-29,11:44:00,36,2,5737
74503,2016-09-29,11:59:00,342,1,5791
74504,2016-09-29,12:09:00,297,2,11292
74505,2016-09-29,12:10:00,85,2,57
74506,2016-09-29,12:14:00,400,1,9201
74507,2016-09-29,12:14:00,218,2,5063
74508,2016-09-29,12:20:00,66,2,9323
74509,2016-09-29,12:21:00,223,2,9001
74510,2016-09-29,12:22:00,211,2,4790
74511,2016-09-29,12:39:00,361,4,3719
74512,2016-09-29,12:53:00,109,1,3825
74513,2016-09-29,12:56:00,154,2,10597
74514,2016-09-29,12:57:00,280,3,11619
74515,2016-09-29,12:58:00,268,3,10025
74516,2016-09-29,13:00:00,377,3,3360
74517,2016-09-29,13:04:00,322,1,5175
74518,2016-09-29,13:05:00,58,2,6343
74519,2016-09-29,13:05:00,308,2,3112
74520,2016-09-29,13:05:00,447,1,5667
74521,2016-09-29,13:06:00,376,2,6846
74522,2016-09-29,13:15:00,216,3,3877
74523,2016-09-29,13:21:00,76,3,2108
74524,2016-09-29,13:38:00,404,2,5043
74525,2016-09-29,13:40:00,196,2,3832
74526,2016-09-29,13:45:00,450,4,5053
74527,2016-09-29,13:46:00,150,3,3689
74528,2016-09-29,13:47:00,235,1,6818
74529,2016-09-29,13:48:00,431,1,1325
74530,2016-09-29,13:53:00,20,2,331
74531,2016-09-29,13:59:00,422,1,3356
74532,2016-09-29,14:00:00,400,1,2426
74533,2016-09-29,14:00:00,457,2,8005
74534,2016-09-29,14:05:00,366,3,4757
74535,2016-09-29,14:09:00,13,2,10411
74536,2016-09-29,14:12:00,65,2,80
74537,2016-09-29,14:13:00,295,2,2866
74538,2016-09-29,14:22:00,116,1,981
74539,2016-09-29,14:26:00,212,1,11068
74540,2016-09-29,14:30:00,44,1,10725
74541,2016-09-29,14:33:00,378,1,3795
74542,2016-09-29,14:35:00,333,1,10462
74543,2016-09-29,14:37:00,214,1,5170
74544,2016-09-29,14:52:00,34,1,1714
74545,2016-09-29,14:53:00,152,2,1089
74546,2016-09-29,14:56:00,190,2,9162
74547,2016-09-29,14:57:00,341,2,7996
74548,2016-09-29,14:58:00,442,4,7761
74549,2016-09-29,15:05:00,440,3,9464
74550,2016-09-29,15:14:00,285,1,11941
74551,2016-09-29,15:24:00,3,2,79
74552,2016-09-29,15:27:00,430,1,4830
74553,2016-09-29,15:28:00,156,2,9435
74554,2016-09-29,15:30:00,441,2,2774
74555,2016-09-29,15:36:00,314,2,4186
74556,2016-09-29,15:36:00,122,1,7082
74557,2016-09-29,16:00:00,57,3,3888
74558,2016-09-29,16:26:00,174,3,10928
74559,2016-09-29,16:35:00,164,2,8143
74560,2016-09-29,16:51:00,403,1,4916
74561,2016-09-29,16:54:00,64,2,8443
74562,2016-09-29,17:10:00,209,1,8781
74563,2016-09-29,17:10:00,338,1,2617
74564,2016-09-29,17:14:00,232,1,441
74565,2016-09-29,17:14:00,14,3,11461
74566,2016-09-29,17:16:00,30,1,7002
74567,2016-09-29,17:19:00,188,1,5992
74568,2016-09-29,17:26:00,282,3,11446
74569,2016-09-29,17:27:00,226,1,6584
74570,2016-09-29,17:29:00,224,2,9357
74571,2016-09-29,17:34:00,351,1,5618
74572,2016-09-29,17:39:00,373,2,4755
74573,2016-09-29,17:52:00,13,1,8444
74574,2016-09-29,18:00:00,262,2,11499
74575,2016-09-29,18:07:00,383,2,145
74576,2016-09-29,18:11:00,171,5,4500
74577,2016-09-29,18:13:00,136,2,7918
74578,2016-09-29,18:18:00,12,2,9295
74579,2016-09-29,18:22:00,75,2,2307
74580,2016-09-29,18:24:00,178,2,9234
74581,2016-09-29,18:25:00,434,3,1216
74582,2016-09-29,18:32:00,215,2,6562
74583,2016-09-29,18:39:00,198,1,5988
74584,2016-09-29,18:44:00,369,2,11863
74585,2016-09-29,18:54:00,456,2,732
74586,2016-09-29,19:00:00,127,2,6739
74587,2016-09-29,19:14:00,148,2,11598
74588,2016-09-29,19:18:00,240,4,9276
74589,2016-09-29,19:19:00,221,2,395
74590,2016-09-29,19:28:00,55,1,2353
74591,2016-09-29,19:41:00,342,3,10191
74592,2016-09-29,19:44:00,353,1,6934
74593,2016-09-29,19:54:00,306,2,8007
74594,2016-09-29,19:54:00,326,4,10299
74595,2016-09-29,20:14:00,246,1,1349
74596,2016-09-29,20:17:00,217,2,8916
74597,2016-09-29,20:18:00,226,5,4807
74598,2016-09-29,20:24:00,22,1,9106
74599,2016-09-29,20:25:00,16,2,6380
74600,2016-09-29,20:27:00,34,1,11389
74601,2016-09-29,20:28:00,409,3,9433
74602,2016-09-29,20:38:00,279,3,6808
74603,2016-09-29,20:50:00,108,2,5595
74604,2016-09-29,20:52:00,207,1,1982
74605,2016-09-29,20:53:00,314,1,11800
74606,2016-09-29,21:01:00,229,2,8154
74607,2016-09-29,21:02:00,248,2,10218
74608,2016-09-29,21:12:00,95,1,4946
74609,2016-09-29,21:27:00,155,3,9635
74610,2016-09-29,21:33:00,140,1,7894
74611,2016-09-29,21:36:00,48,2,10031
74612,2016-09-29,21:37:00,176,2,865
74613,2016-09-29,21:38:00,360,2,2815
74614,2016-09-29,21:54:00,28,1,5963
74615,2016-09-29,22:12:00,411,3,5362
74616,2016-09-29,22:16:00,410,1,2908
74617,2016-09-29,22:16:00,210,1,621
74618,2016-09-29,22:16:00,356,4,504
74619,2016-09-29,22:24:00,93,1,6262
74620,2016-09-29,22:25:00,85,2,154
74621,2016-09-29,22:57:00,16,1,6628
74622,2016-09-29,22:58:00,307,1,11626
74623,2016-09-29,23:09:00,427,3,9149
74624,2016-09-29,23:11:00,146,3,306
74625,2016-09-29,23:21:00,77,1,5555
74626,2016-09-29,23:24:00,454,2,2645
74627,2016-09-29,23:48:00,199,2,1960
74628,2016-09-29,23:48:00,335,2,11278
74629,2016-09-29,23:49:00,286,4,2326
74630,2016-09-29,23:57:00,148,1,6048
74631,2016-09-29,23:59:00,261,2,2134
74632,2016-09-30,00:01:00,86,1,10731
74633,2016-09-30,00:02:00,407,3,8623
74634,2016-09-30,00:05:00,364,2,11542
74635,2016-09-30,00:08:00,278,4,1796
74636,2016-09-30,00:10:00,236,4,8530
74637,2016-09-30,00:12:00,404,3,1753
74638,2016-09-30,00:12:00,336,2,5211
74639,2016-09-30,00:16:00,8,3,11316
74640,2016-09-30,00:22:00,11,1,268
74641,2016-09-30,00:42:00,437,2,3379
74642,2016-09-30,00:43:00,363,1,10371
74643,2016-09-30,00:43:00,319,1,8276
74644,2016-09-30,00:50:00,173,2,11748
74645,2016-09-30,01:06:00,185,5,11133
74646,2016-09-30,01:08:00,34,2,1277
74647,2016-09-30,01:12:00,163,2,7489
74648,2016-09-30,01:20:00,337,1,6304
74649,2016-09-30,01:27:00,285,3,5231
74650,2016-09-30,01:34:00,36,1,527
74651,2016-09-30,01:44:00,231,2,6512
74652,2016-09-30,01:45:00,390,2,6527
74653,2016-09-30,01:51:00,305,1,8691
74654,2016-09-30,01:52:00,382,1,5988
74655,2016-09-30,01:52:00,122,2,11680
74656,2016-09-30,01:55:00,3,1,4761
74657,2016-09-30,01:58:00,353,4,8282
74658,2016-09-30,02:03:00,365,1,946
74659,2016-09-30,02:03:00,219,4,9920
74660,2016-09-30,02:08:00,45,1,10629
74661,2016-09-30,02:20:00,3,3,8391
74662,2016-09-30,02:21:00,30,3,4013
74663,2016-09-30,02:22:00,344,1,3037
74664,2016-09-30,02:32:00,384,3,1355
74665,2016-09-30,02:37:00,33,5,4328
74666,2016-09-30,02:37:00,348,2,652
74667,2016-09-30,02:38:00,52,2,2761
74668,2016-09-30,02:38:00,126,1,9283
74669,2016-09-30,02:38:00,124,2,10526
74670,2016-09-30,02:39:00,435,1,2837
74671,2016-09-30,02:39:00,346,2,3507
74672,2016-09-30,02:55:00,167,1,7783
74673,2016-09-30,02:59:00,259,1,7709
74674,2016-09-30,03:02:00,249,1,4710
74675,2016-09-30,03:04:00,135,1,7314
74676,2016-09-30,03:16:00,360,1,7652
74677,2016-09-30,03:20:00,226,3,7545
74678,2016-09-30,03:24:00,421,1,4505
74679,2016-09-30,03:26:00,303,2,7885
74680,2016-09-30,03:29:00,126,1,893
74681,2016-09-30,03:33:00,24,4,4105
74682,2016-09-30,03:33:00,337,2,804
74683,2016-09-30,03:37:00,358,1,1391
74684,2016-09-30,03:40:00,221,1,437
74685,2016-09-30,03:50:00,458,2,5
74686,2016-09-30,04:06:00,53,4,3401
74687,2016-09-30,04:11:00,174,2,4164
74688,2016-09-30,04:14:00,76,1,3817
74689,2016-09-30,04:18:00,59,3,10089
74690,2016-09-30,04:20:00,438,3,4039
74691,2016-09-30,04:36:00,177,1,6002
74692,2016-09-30,04:44:00,51,1,9077
74693,2016-09-30,04:50:00,10,2,1604
74694,2016-09-30,04:51:00,107,1,120
74695,2016-09-30,04:55:00,23,4,11981
74696,2016-09-30,04:57:00,52,2,9681
74697,2016-09-30,05:13:00,343,1,5375
74698,2016-09-30,05:14:00,390,2,5523
74699,2016-09-30,05:14:00,90,2,1269
74700,2016-09-30,05:29:00,189,1,7427
74701,2016-09-30,05:30:00,379,1,10675
74702,2016-09-30,05:36:00,266,3,3526
74703,2016-09-30,05:45:00,53,2,6926
74704,2016-09-30,05:48:00,232,2,4598
74705,2016-09-30,05:51:00,81,1,8144
74706,2016-09-30,06:01:00,394,2,7248
74707,2016-09-30,06:07:00,360,2,10284
74708,2016-09-30,06:07:00,51,2,7131
74709,2016-09-30,06:11:00,353,2,8487
74710,2016-09-30,06:14:00,321,1,5608
74711,2016-09-30,06:15:00,286,3,7171
74712,2016-09-30,06:17:00,33,2,9403
74713,2016-09-30,06:18:00,116,1,166
74714,2016-09-30,06:23:00,252,2,1979
74715,2016-09-30,06:35:00,259,2,7599
74716,2016-09-30,06:38:00,367,2,3794
74717,2016-09-30,06:38:00,135,1,7648
74718,2016-09-30,06:41:00,290,2,10235
74719,2016-09-30,06:46:00,158,1,6885
74720,2016-09-30,06:51:00,412,1,2120
74721,2016-09-30,06:54:00,285,1,7376
74722,2016-09-30,06:57:00,18,1,4399
74723,2016-09-30,06:59:00,1,2,4906
74724,2016-09-30,06:59:00,5,1,317
74725,2016-09-30,07:04:00,81,3,9807
74726,2016-09-30,07:09:00,42,3,4555
74727,2016-09-30,07:11:00,176,1,10650
74728,2016-09-30,07:12:00,267,3,10749
74729,2016-09-30,07:27:00,96,1,11471
74730,2016-09-30,07:31:00,206,2,6077
74731,2016-09-30,07:43:00,332,1,914
74732,2016-09-30,07:50:00,168,1,5674
74733,2016-09-30,07:54:00,42,1,3557
74734,2016-09-30,07:54:00,442,2,1766
74735,2016-09-30,08:05:00,163,2,5666
74736,2016-09-30,08:13:00,271,2,1176
74737,2016-09-30,08:13:00,410,1,5068
74738,2016-09-30,08:16:00,259,2,11955
74739,2016-09-30,08:21:00,191,2,5842
74740,2016-09-30,08:33:00,424,1,6309
74741,2016-09-30,08:43:00,169,3,3783
74742,2016-09-30,08:53:00,411,1,2203
74743,2016-09-30,08:55:00,83,1,6239
74744,2016-09-30,08:59:00,201,1,4333
74745,2016-09-30,09:02:00,139,1,8888
74746,2016-09-30,09:13:00,370,4,9058
74747,2016-09-30,09:23:00,98,2,8930
74748,2016-09-30,09:32:00,46,1,6757
74749,2016-09-30,09:37:00,381,3,3210
74750,2016-09-30,09:47:00,284,5,453
74751,2016-09-30,09:53:00,102,1,9222
74752,2016-09-30,09:54:00,156,1,10550
74753,2016-09-30,09:55:00,449,1,114
74754,2016-09-30,09:56:00,135,1,8321
74755,2016-09-30,10:05:00,83,1,3475
74756,2016-09-30,10:09:00,264,2,1523
74757,2016-09-30,10:10:00,173,3,10267
74758,2016-09-30,10:15:00,19,2,2789
74759,2016-09-30,10:17:00,425,4,2379
74760,2016-09-30,10:19:00,242,3,271
74761,2016-09-30,10:30:00,352,4,9406
74762,2016-09-30,10:41:00,388,3,5126
74763,2016-09-30,10:43:00,196,2,5301
74764,2016-09-30,10:59:00,393,5,7575
74765,2016-09-30,11:07:00,435,2,11511
74766,2016-09-30,11:19:00,168,2,3304
74767,2016-09-30,11:24:00,214,4,4732
74768,2016-09-30,11:29:00,410,3,9263
74769,2016-09-30,11:49:00,250,4,5622
74770,2016-09-30,11:58:00,447,3,4148
74771,2016-09-30,12:01:00,14,2,1064
74772,2016-09-30,12:03:00,171,2,6233
74773,2016-09-30,12:05:00,146,2,10948
74774,2016-09-30,12:08:00,368,2,6992
74775,2016-09-30,12:14:00,396,2,151
74776,2016-09-30,12:14:00,298,3,613
74777,2016-09-30,12:17:00,342,1,548
74778,2016-09-30,12:29:00,25,2,6129
74779,2016-09-30,12:32:00,190,2,1752
74780,2016-09-30,12:35:00,364,2,6064
74781,2016-09-30,12:38:00,356,1,3409
74782,2016-09-30,12:40:00,168,1,11867
74783,2016-09-30,12:41:00,65,1,6989
74784,2016-09-30,12:47:00,241,3,7729
74785,2016-09-30,12:56:00,169,2,5509
74786,2016-09-30,13:05:00,383,2,11231
74787,2016-09-30,13:13:00,242,4,7628
74788,2016-09-30,13:16:00,264,2,3371
74789,2016-09-30,13:17:00,276,2,5259
74790,2016-09-30,13:21:00,129,2,620
74791,2016-09-30,13:26:00,349,1,960
74792,2016-09-30,13:30:00,274,2,3750
74793,2016-09-30,13:50:00,9,1,8288
74794,2016-09-30,13:54:00,408,1,2226
74795,2016-09-30,13:59:00,360,1,7595
74796,2016-09-30,14:00:00,401,3,5971
74797,2016-09-30,14:15:00,342,2,5442
74798,2016-09-30,14:36:00,114,1,11564
74799,2016-09-30,14:37:00,311,4,7524
74800,2016-09-30,14:38:00,265,3,2196
74801,2016-09-30,14:39:00,90,2,6265
74802,2016-09-30,14:46:00,199,2,3211
74803,2016-09-30,14:55:00,246,1,2730
74804,2016-09-30,14:58:00,403,1,9882
74805,2016-09-30,15:13:00,403,1,3563
74806,2016-09-30,15:15:00,228,1,9847
74807,2016-09-30,15:31:00,228,1,6605
74808,2016-09-30,15:37:00,438,2,8575
74809,2016-09-30,15:37:00,121,6,8593
74810,2016-09-30,15:40:00,277,1,566
74811,2016-09-30,15:48:00,419,2,9636
74812,2016-09-30,15:55:00,31,2,11031
74813,2016-09-30,15:56:00,43,3,876
74814,2016-09-30,16:00:00,413,1,11689
74815,2016-09-30,16:11:00,112,1,5408
74816,2016-09-30,16:13:00,375,1,752
74817,2016-09-30,16:17:00,117,1,2124
74818,2016-09-30,16:30:00,262,3,1334
74819,2016-09-30,16:30:00,369,5,11932
74820,2016-09-30,16:32:00,306,1,1397
74821,2016-09-30,16:33:00,21,2,8278
74822,2016-09-30,16:36:00,43,2,10757
74823,2016-09-30,16:37:00,262,1,8900
74824,2016-09-30,16:41:00,81,2,10469
74825,2016-09-30,16:43:00,213,1,6709
74826,2016-09-30,16:58:00,27,1,11313
74827,2016-09-30,16:58:00,76,1,5889
74828,2016-09-30,17:04:00,257,2,2312
74829,2016-09-30,17:07:00,62,2,10069
74830,2016-09-30,17:19:00,377,2,1462
74831,2016-09-30,17:21:00,259,3,3298
74832,2016-09-30,17:22:00,390,2,6492
74833,2016-09-30,17:40:00,209,1,9904
74834,2016-09-30,17:50:00,385,2,741
74835,2016-09-30,18:04:00,93,1,5256
74836,2016-09-30,18:10:00,445,1,9139
74837,2016-09-30,18:12:00,230,3,3039
74838,2016-09-30,18:17:00,85,1,4390
74839,2016-09-30,18:21:00,210,2,3613
74840,2016-09-30,18:22:00,384,2,10229
74841,2016-09-30,18:23:00,419,3,11959
74842,2016-09-30,18:37:00,128,1,7562
74843,2016-09-30,18:41:00,23,3,3845
74844,2016-09-30,18:41:00,239,1,5520
74845,2016-09-30,18:52:00,220,1,5015
74846,2016-09-30,19:13:00,2,2,1797
74847,2016-09-30,19:26:00,354,1,11757
74848,2016-09-30,19:27:00,405,3,6685
74849,2016-09-30,19:30:00,419,3,11038
74850,2016-09-30,19:31:00,112,1,7675
74851,2016-09-30,19:47:00,15,1,8294
74852,2016-09-30,19:48:00,77,2,4990
74853,2016-09-30,19:50:00,134,2,4437
74854,2016-09-30,19:50:00,386,1,913
74855,2016-09-30,19:53:00,328,3,10907
74856,2016-09-30,19:56:00,388,1,3298
74857,2016-09-30,19:57:00,197,2,2060
74858,2016-09-30,19:57:00,88,1,5956
74859,2016-09-30,19:59:00,63,2,7024
74860,2016-09-30,20:03:00,280,2,7914
74861,2016-09-30,20:03:00,332,3,10173
74862,2016-09-30,20:03:00,149,2,1203
74863,2016-09-30,20:12:00,333,1,5810
74864,2016-09-30,20:13:00,80,3,8957
74865,2016-09-30,20:22:00,394,1,919
74866,2016-09-30,20:31:00,138,5,6408
74867,2016-09-30,20:31:00,421,4,11589
74868,2016-09-30,20:38:00,104,2,7889
74869,2016-09-30,20:43:00,374,4,11705
74870,2016-09-30,20:47:00,41,2,6172
74871,2016-09-30,20:52:00,367,2,2870
74872,2016-09-30,20:53:00,45,1,11042
74873,2016-09-30,21:04:00,326,2,7676
74874,2016-09-30,21:11:00,301,1,8531
74875,2016-09-30,21:13:00,224,1,9413
74876,2016-09-30,21:14:00,255,2,4046
74877,2016-09-30,21:15:00,240,1,6747
74878,2016-09-30,21:15:00,202,2,982
74879,2016-09-30,21:20:00,233,2,9472
74880,2016-09-30,21:21:00,410,2,8282
74881,2016-09-30,21:22:00,71,2,4098
74882,2016-09-30,21:22:00,192,2,6744
74883,2016-09-30,21:38:00,66,1,628
74884,2016-09-30,21:46:00,403,2,7634
74885,2016-09-30,21:46:00,423,2,7395
74886,2016-09-30,21:50:00,183,1,2984
74887,2016-09-30,21:56:00,376,1,1904
74888,2016-09-30,21:58:00,395,2,7267
74889,2016-09-30,21:59:00,313,2,10384
74890,2016-09-30,21:59:00,342,3,6120
74891,2016-09-30,22:05:00,162,2,10495
74892,2016-09-30,22:07:00,73,3,2438
74893,2016-09-30,22:08:00,239,2,3664
74894,2016-09-30,22:13:00,5,1,9783
74895,2016-09-30,22:14:00,19,2,3068
74896,2016-09-30,22:17:00,324,5,5322
74897,2016-09-30,22:25:00,272,1,5280
74898,2016-09-30,22:30:00,251,2,5836
74899,2016-09-30,22:38:00,170,3,773
74900,2016-09-30,22:39:00,128,2,32
74901,2016-09-30,22:40:00,43,2,11961
74902,2016-09-30,22:44:00,5,1,6925
74903,2016-09-30,22:48:00,215,2,184
74904,2016-09-30,23:04:00,308,1,8183
74905,2016-09-30,23:08:00,454,1,10846
74906,2016-09-30,23:12:00,13,2,3287
74907,2016-09-30,23:12:00,253,1,9244
74908,2016-09-30,23:14:00,330,4,8048
74909,2016-09-30,23:14:00,332,1,4936
74910,2016-09-30,23:14:00,267,1,9788
74911,2016-09-30,23:18:00,300,4,11251
74912,2016-09-30,23:24:00,219,3,10295
74913,2016-09-30,23:31:00,312,2,4941
74914,2016-09-30,23:36:00,446,2,3896
74915,2016-09-30,23:38:00,101,3,4971
74916,2016-09-30,23:40:00,75,1,3291
74917,2016-09-30,23:51:00,335,1,2655
74918,2016-09-30,23:52:00,152,2,3868
74919,2016-09-30,23:53:00,379,1,4742
74920,2016-09-30,23:55:00,152,2,7623
74921,2016-09-30,23:57:00,150,2,861
74922,2016-10-01,00:12:00,164,2,11049
74923,2016-10-01,00:24:00,236,2,4632
74924,2016-10-01,00:27:00,77,2,2414
74925,2016-10-01,00:33:00,118,2,7349
74926,2016-10-01,00:33:00,44,1,9458
74927,2016-10-01,00:45:00,275,1,9770
74928,2016-10-01,00:47:00,231,3,1435
74929,2016-10-01,00:49:00,72,1,1449
74930,2016-10-01,00:52:00,116,3,612
74931,2016-10-01,00:53:00,53,2,4208
74932,2016-10-01,00:53:00,235,1,8741
74933,2016-10-01,00:54:00,200,3,7707
74934,2016-10-01,01:15:00,326,1,8081
74935,2016-10-01,01:21:00,131,3,2368
74936,2016-10-01,01:25:00,197,4,5410
74937,2016-10-01,01:33:00,346,1,2062
74938,2016-10-01,01:40:00,248,2,7336
74939,2016-10-01,01:40:00,190,1,3822
74940,2016-10-01,01:46:00,42,3,11816
74941,2016-10-01,01:48:00,164,2,2051
74942,2016-10-01,01:54:00,59,2,4561
74943,2016-10-01,01:58:00,299,1,11457
74944,2016-10-01,01:59:00,165,1,3243
74945,2016-10-01,02:02:00,159,2,1031
74946,2016-10-01,02:07:00,31,4,33
74947,2016-10-01,02:22:00,439,1,8805
74948,2016-10-01,02:24:00,351,3,3060
74949,2016-10-01,02:27:00,95,1,6581
74950,2016-10-01,02:31:00,320,3,7254
74951,2016-10-01,02:35:00,140,1,10521
74952,2016-10-01,02:40:00,96,1,939
74953,2016-10-01,02:45:00,359,2,5876
74954,2016-10-01,02:53:00,117,1,740
74955,2016-10-01,02:58:00,457,4,1886
74956,2016-10-01,02:59:00,210,3,3334
74957,2016-10-01,03:06:00,273,3,10348
74958,2016-10-01,03:21:00,306,4,10726
74959,2016-10-01,03:27:00,246,2,6967
74960,2016-10-01,03:51:00,333,2,2525
74961,2016-10-01,03:55:00,374,1,4922
74962,2016-10-01,04:02:00,148,5,249
74963,2016-10-01,04:03:00,63,1,6167
74964,2016-10-01,04:16:00,418,3,1378
74965,2016-10-01,04:25:00,411,1,7693
74966,2016-10-01,04:33:00,9,4,305
74967,2016-10-01,04:36:00,228,1,624
74968,2016-10-01,04:41:00,456,2,4295
74969,2016-10-01,04:42:00,391,6,4572
74970,2016-10-01,04:43:00,1,1,386
74971,2016-10-01,04:50:00,255,2,4225
74972,2016-10-01,04:56:00,442,1,10977
74973,2016-10-01,05:00:00,169,1,9743
74974,2016-10-01,05:02:00,236,3,969
74975,2016-10-01,05:12:00,217,1,3779
74976,2016-10-01,05:28:00,366,3,10963
74977,2016-10-01,05:36:00,107,1,8426
74978,2016-10-01,05:36:00,197,2,717
74979,2016-10-01,05:39:00,54,1,3145
74980,2016-10-01,05:54:00,5,2,11905
74981,2016-10-01,05:56:00,411,1,5302
74982,2016-10-01,06:02:00,259,1,4860
74983,2016-10-01,06:03:00,203,2,8979
74984,2016-10-01,06:03:00,201,2,11961
74985,2016-10-01,06:05:00,31,1,8330
74986,2016-10-01,06:09:00,60,1,8127
74987,2016-10-01,06:14:00,430,2,4223
74988,2016-10-01,06:14:00,443,2,10591
74989,2016-10-01,06:15:00,435,1,2327
74990,2016-10-01,06:19:00,56,3,8027
74991,2016-10-01,06:36:00,349,2,3491
74992,2016-10-01,06:37:00,387,1,5021
74993,2016-10-01,06:42:00,379,1,3863
74994,2016-10-01,06:45:00,329,1,1691
74995,2016-10-01,06:48:00,166,1,10609
74996,2016-10-01,06:59:00,243,2,8759
74997,2016-10-01,07:01:00,93,1,2704
74998,2016-10-01,07:06:00,148,3,10166
74999,2016-10-01,07:16:00,420,1,6879
75000,2016-10-01,07:19:00,98,3,7283
75001,2016-10-01,07:27:00,357,1,11904
75002,2016-10-01,07:36:00,306,2,6915
75003,2016-10-01,07:46:00,188,3,7267
75004,2016-10-01,07:48:00,326,2,6665
75005,2016-10-01,08:14:00,337,2,9041
75006,2016-10-01,08:17:00,347,1,2877
75007,2016-10-01,08:21:00,369,3,3469
75008,2016-10-01,08:26:00,19,2,7073
75009,2016-10-01,08:30:00,4,1,3704
75010,2016-10-01,08:47:00,108,2,1603
75011,2016-10-01,08:48:00,285,2,1199
75012,2016-10-01,08:54:00,310,2,433
75013,2016-10-01,08:55:00,333,1,8320
75014,2016-10-01,08:56:00,274,5,11623
75015,2016-10-01,09:00:00,42,2,8875
75016,2016-10-01,09:04:00,201,3,9716
75017,2016-10-01,09:06:00,1,3,10127
75018,2016-10-01,09:14:00,274,2,2173
75019,2016-10-01,09:22:00,175,3,11351
75020,2016-10-01,09:28:00,333,3,6789
75021,2016-10-01,09:45:00,386,1,11041
75022,2016-10-01,09:47:00,127,2,3396
75023,2016-10-01,09:49:00,126,1,7632
75024,2016-10-01,09:49:00,125,3,6960
75025,2016-10-01,09:53:00,227,1,8739
75026,2016-10-01,09:54:00,211,3,9861
75027,2016-10-01,10:00:00,95,1,1307
75028,2016-10-01,10:03:00,375,2,1462
75029,2016-10-01,10:03:00,336,2,9779
75030,2016-10-01,10:04:00,278,1,5164
75031,2016-10-01,10:05:00,303,2,5650
75032,2016-10-01,10:09:00,314,3,4215
75033,2016-10-01,10:10:00,444,2,4463
75034,2016-10-01,10:11:00,130,1,1868
75035,2016-10-01,10:22:00,230,2,2036
75036,2016-10-01,10:28:00,11,2,1718
75037,2016-10-01,10:31:00,82,2,10049
75038,2016-10-01,10:42:00,15,2,10637
75039,2016-10-01,10:43:00,148,3,5538
75040,2016-10-01,10:43:00,109,2,8774
75041,2016-10-01,10:45:00,289,1,4119
75042,2016-10-01,10:54:00,138,3,10444
75043,2016-10-01,11:07:00,340,1,214
75044,2016-10-01,11:07:00,354,2,4343
75045,2016-10-01,11:13:00,304,3,1729
75046,2016-10-01,11:16:00,163,1,11752
75047,2016-10-01,11:16:00,129,2,11682
75048,2016-10-01,11:37:00,281,2,8083
75049,2016-10-01,11:41:00,334,1,7792
75050,2016-10-01,11:47:00,143,2,2558
75051,2016-10-01,11:53:00,97,3,6225
75052,2016-10-01,11:54:00,160,1,7627
75053,2016-10-01,11:57:00,412,1,6956
75054,2016-10-01,11:59:00,431,2,1004
75055,2016-10-01,12:07:00,451,1,6820
75056,2016-10-01,12:11:00,232,1,10434
75057,2016-10-01,12:15:00,134,2,3006
75058,2016-10-01,12:24:00,223,2,6716
75059,2016-10-01,12:25:00,167,1,2052
75060,2016-10-01,12:33:00,18,1,8083
75061,2016-10-01,12:35:00,50,2,3367
75062,2016-10-01,12:37:00,386,2,10797
75063,2016-10-01,12:39:00,136,3,768
75064,2016-10-01,12:42:00,104,1,6324
75065,2016-10-01,12:43:00,31,1,2960
75066,2016-10-01,12:53:00,295,1,10187
75067,2016-10-01,13:04:00,386,2,10664
75068,2016-10-01,13:08:00,34,1,6561
75069,2016-10-01,13:24:00,443,1,10814
75070,2016-10-01,13:24:00,24,3,2165
75071,2016-10-01,13:26:00,336,1,7958
75072,2016-10-01,13:30:00,106,1,205
75073,2016-10-01,13:32:00,332,2,4567
75074,2016-10-01,13:43:00,361,3,1894
75075,2016-10-01,13:44:00,408,1,7891
75076,2016-10-01,13:54:00,280,3,8243
75077,2016-10-01,13:55:00,422,2,10766
75078,2016-10-01,13:57:00,310,2,10628
75079,2016-10-01,14:11:00,190,2,340
75080,2016-10-01,14:11:00,445,4,7517
75081,2016-10-01,14:14:00,354,5,4001
75082,2016-10-01,14:17:00,261,1,9031
75083,2016-10-01,14:20:00,209,3,8824
75084,2016-10-01,14:38:00,235,1,9691
75085,2016-10-01,14:41:00,297,2,4596
75086,2016-10-01,14:53:00,158,2,2175
75087,2016-10-01,14:56:00,442,2,8911
75088,2016-10-01,15:00:00,341,1,92
75089,2016-10-01,15:01:00,100,4,3237
75090,2016-10-01,15:07:00,231,3,4797
75091,2016-10-01,15:12:00,9,2,11143
75092,2016-10-01,15:13:00,452,2,756
75093,2016-10-01,15:16:00,107,2,7474
75094,2016-10-01,15:18:00,26,3,7661
75095,2016-10-01,15:23:00,207,1,11796
75096,2016-10-01,15:24:00,400,2,4165
75097,2016-10-01,15:25:00,117,3,6552
75098,2016-10-01,15:27:00,372,2,8016
75099,2016-10-01,15:39:00,352,4,8984
75100,2016-10-01,15:40:00,309,2,2964
75101,2016-10-01,15:40:00,16,5,4964
75102,2016-10-01,15:40:00,92,1,6921
75103,2016-10-01,15:43:00,428,2,931
75104,2016-10-01,15:43:00,298,3,4048
75105,2016-10-01,15:49:00,121,2,8273
75106,2016-10-01,15:50:00,276,2,7513
75107,2016-10-01,15:54:00,325,1,5107
75108,2016-10-01,15:56:00,286,3,210
75109,2016-10-01,16:03:00,125,1,9222
75110,2016-10-01,16:04:00,435,1,6029
75111,2016-10-01,16:09:00,174,1,8019
75112,2016-10-01,16:15:00,135,3,6956
75113,2016-10-01,16:20:00,389,1,3687
75114,2016-10-01,16:22:00,156,4,302
75115,2016-10-01,16:24:00,113,1,8315
75116,2016-10-01,16:36:00,141,1,388
75117,2016-10-01,16:39:00,279,2,5161
75118,2016-10-01,16:42:00,130,1,3744
75119,2016-10-01,16:43:00,179,2,10260
75120,2016-10-01,16:52:00,365,2,5067
75121,2016-10-01,17:01:00,84,4,9749
75122,2016-10-01,17:04:00,194,1,10014
75123,2016-10-01,17:17:00,281,2,11599
75124,2016-10-01,17:18:00,451,2,2760
75125,2016-10-01,17:20:00,224,1,8138
75126,2016-10-01,17:22:00,90,3,3176
75127,2016-10-01,17:24:00,421,2,3036
75128,2016-10-01,17:26:00,173,1,8992
75129,2016-10-01,17:28:00,366,4,9848
75130,2016-10-01,17:30:00,326,2,5763
75131,2016-10-01,17:30:00,456,1,8552
75132,2016-10-01,17:34:00,209,2,3279
75133,2016-10-01,17:43:00,229,1,2682
75134,2016-10-01,17:46:00,323,1,8161
75135,2016-10-01,17:49:00,296,2,8530
75136,2016-10-01,18:04:00,342,1,4886
75137,2016-10-01,18:08:00,316,1,10314
75138,2016-10-01,18:11:00,41,1,11479
75139,2016-10-01,18:28:00,266,2,4997
75140,2016-10-01,18:30:00,152,1,2296
75141,2016-10-01,18:36:00,113,2,1898
75142,2016-10-01,18:45:00,323,3,8807
75143,2016-10-01,18:50:00,340,3,8500
75144,2016-10-01,18:52:00,17,2,9108
75145,2016-10-01,19:01:00,209,1,8437
75146,2016-10-01,19:02:00,50,1,5551
75147,2016-10-01,19:04:00,171,1,35
75148,2016-10-01,19:10:00,243,2,11958
75149,2016-10-01,19:10:00,130,2,7824
75150,2016-10-01,19:10:00,146,4,9738
75151,2016-10-01,19:11:00,107,2,11216
75152,2016-10-01,19:18:00,128,2,2981
75153,2016-10-01,19:21:00,35,2,1819
75154,2016-10-01,19:24:00,268,2,6562
75155,2016-10-01,19:30:00,451,2,62
75156,2016-10-01,19:34:00,69,1,4355
75157,2016-10-01,19:41:00,323,5,845
75158,2016-10-01,19:46:00,50,2,6033
75159,2016-10-01,19:51:00,71,1,5401
75160,2016-10-01,19:56:00,39,1,8435
75161,2016-10-01,20:07:00,367,3,4832
75162,2016-10-01,20:19:00,406,2,10855
75163,2016-10-01,20:19:00,25,1,9205
75164,2016-10-01,20:21:00,178,2,5622
75165,2016-10-01,20:21:00,260,1,7380
75166,2016-10-01,20:22:00,59,1,8900
75167,2016-10-01,20:24:00,45,1,679
75168,2016-10-01,20:26:00,382,4,9299
75169,2016-10-01,20:27:00,76,2,7918
75170,2016-10-01,20:27:00,193,2,3625
75171,2016-10-01,20:30:00,394,2,8893
75172,2016-10-01,20:32:00,135,1,1807
75173,2016-10-01,20:38:00,116,2,7764
75174,2016-10-01,20:41:00,413,2,2979
75175,2016-10-01,20:42:00,410,4,5059
75176,2016-10-01,20:44:00,36,1,9094
75177,2016-10-01,20:46:00,381,1,1276
75178,2016-10-01,20:46:00,77,3,8782
75179,2016-10-01,20:49:00,233,2,5240
75180,2016-10-01,20:57:00,155,2,10324
75181,2016-10-01,21:02:00,182,2,10590
75182,2016-10-01,21:09:00,188,2,7360
75183,2016-10-01,21:20:00,456,2,4684
75184,2016-10-01,21:20:00,252,2,330
75185,2016-10-01,21:22:00,269,2,6705
75186,2016-10-01,21:23:00,402,1,1979
75187,2016-10-01,21:37:00,11,2,11839
75188,2016-10-01,21:41:00,415,3,8536
75189,2016-10-01,21:45:00,353,1,3774
75190,2016-10-01,21:50:00,236,1,7730
75191,2016-10-01,21:53:00,327,2,3829
75192,2016-10-01,21:55:00,159,2,9714
75193,2016-10-01,22:00:00,395,4,5819
75194,2016-10-01,22:15:00,423,3,433
75195,2016-10-01,22:17:00,95,3,1884
75196,2016-10-01,22:26:00,396,2,11937
75197,2016-10-01,22:32:00,137,3,4817
75198,2016-10-01,22:36:00,194,3,4211
75199,2016-10-01,22:40:00,197,1,6711
75200,2016-10-01,22:42:00,145,2,6786
75201,2016-10-01,22:58:00,19,3,7433
75202,2016-10-01,22:58:00,201,1,4537
75203,2016-10-01,23:03:00,346,1,2303
75204,2016-10-01,23:03:00,206,2,4017
75205,2016-10-01,23:10:00,386,2,2245
75206,2016-10-01,23:12:00,442,2,5947
75207,2016-10-01,23:13:00,176,5,3131
75208,2016-10-01,23:13:00,135,3,4342
75209,2016-10-01,23:19:00,430,2,11870
75210,2016-10-01,23:22:00,185,1,11351
75211,2016-10-01,23:24:00,375,1,1864
75212,2016-10-01,23:27:00,364,1,2146
75213,2016-10-01,23:30:00,421,4,8856
75214,2016-10-01,23:49:00,342,1,5340
75215,2016-10-01,23:50:00,288,1,4042
75216,2016-10-01,23:52:00,292,2,8682
75217,2016-10-02,00:06:00,268,2,8887
75218,2016-10-02,00:08:00,434,2,8163
75219,2016-10-02,00:21:00,196,2,10416
75220,2016-10-02,00:25:00,53,1,11302
75221,2016-10-02,00:25:00,27,3,4207
75222,2016-10-02,00:27:00,96,2,450
75223,2016-10-02,00:29:00,430,3,3805
75224,2016-10-02,00:30:00,377,2,9606
75225,2016-10-02,00:37:00,398,1,6850
75226,2016-10-02,00:42:00,69,1,6451
75227,2016-10-02,00:52:00,314,1,6183
75228,2016-10-02,01:03:00,137,2,3648
75229,2016-10-02,01:07:00,325,2,2347
75230,2016-10-02,01:17:00,72,2,11450
75231,2016-10-02,01:21:00,396,1,2248
75232,2016-10-02,01:33:00,250,2,6997
75233,2016-10-02,01:35:00,241,3,6475
75234,2016-10-02,01:35:00,361,2,11898
75235,2016-10-02,01:42:00,315,3,900
75236,2016-10-02,01:42:00,152,2,10978
75237,2016-10-02,01:45:00,238,2,5008
75238,2016-10-02,01:54:00,70,4,854
75239,2016-10-02,01:56:00,21,1,8279
75240,2016-10-02,02:07:00,9,4,11898
75241,2016-10-02,02:09:00,423,2,1098
75242,2016-10-02,02:17:00,180,3,11176
75243,2016-10-02,02:23:00,316,2,141
75244,2016-10-02,02:28:00,86,2,6382
75245,2016-10-02,02:45:00,455,1,387
75246,2016-10-02,03:04:00,287,2,10749
75247,2016-10-02,03:06:00,71,2,3721
75248,2016-10-02,03:06:00,424,2,1887
75249,2016-10-02,03:08:00,15,2,3804
75250,2016-10-02,03:12:00,69,1,11847
75251,2016-10-02,03:16:00,314,2,1134
75252,2016-10-02,03:17:00,375,2,7623
75253,2016-10-02,03:20:00,327,1,10458
75254,2016-10-02,03:27:00,326,3,671
75255,2016-10-02,03:28:00,131,2,9645
75256,2016-10-02,03:36:00,283,2,5201
75257,2016-10-02,03:40:00,31,1,8176
75258,2016-10-02,03:46:00,263,3,6521
75259,2016-10-02,03:49:00,230,1,10276
75260,2016-10-02,04:14:00,263,3,3481
75261,2016-10-02,04:16:00,38,3,10186
75262,2016-10-02,04:21:00,232,2,2923
75263,2016-10-02,04:21:00,330,3,5408
75264,2016-10-02,04:31:00,33,3,1939
75265,2016-10-02,04:37:00,417,3,266
75266,2016-10-02,04:42:00,41,1,11964
75267,2016-10-02,04:52:00,38,4,743
75268,2016-10-02,04:55:00,95,1,7335
75269,2016-10-02,05:03:00,449,5,3675
75270,2016-10-02,05:05:00,428,1,7946
75271,2016-10-02,05:05:00,111,1,4840
75272,2016-10-02,05:05:00,160,5,6983
75273,2016-10-02,05:05:00,221,2,11020
75274,2016-10-02,05:17:00,343,1,9896
75275,2016-10-02,05:25:00,63,3,5555
75276,2016-10-02,05:27:00,319,1,11222
75277,2016-10-02,05:34:00,5,1,6248
75278,2016-10-02,05:45:00,1,1,256
75279,2016-10-02,05:46:00,38,4,10699
75280,2016-10-02,05:51:00,181,3,4908
75281,2016-10-02,05:51:00,189,1,5257
75282,2016-10-02,05:59:00,16,1,9001
75283,2016-10-02,06:00:00,84,4,1371
75284,2016-10-02,06:02:00,427,1,10793
75285,2016-10-02,06:09:00,116,1,10433
75286,2016-10-02,06:12:00,336,3,5856
75287,2016-10-02,06:13:00,81,1,6099
75288,2016-10-02,06:15:00,394,1,894
75289,2016-10-02,06:20:00,10,4,8804
75290,2016-10-02,06:23:00,229,2,2381
75291,2016-10-02,06:32:00,100,2,2966
75292,2016-10-02,06:39:00,332,2,7589
75293,2016-10-02,06:40:00,179,1,1084
75294,2016-10-02,06:43:00,334,1,8668
75295,2016-10-02,06:44:00,309,2,7400
75296,2016-10-02,06:47:00,124,3,7408
75297,2016-10-02,06:49:00,137,3,1571
75298,2016-10-02,06:52:00,401,2,4076
75299,2016-10-02,06:55:00,254,1,9942
75300,2016-10-02,06:57:00,391,3,10013
75301,2016-10-02,07:13:00,55,3,5684
75302,2016-10-02,07:25:00,246,1,5148
75303,2016-10-02,07:25:00,325,4,839
75304,2016-10-02,07:27:00,446,2,8085
75305,2016-10-02,07:29:00,400,1,7495
75306,2016-10-02,07:44:00,330,2,8621
75307,2016-10-02,07:52:00,162,2,5607
75308,2016-10-02,07:56:00,236,4,8050
75309,2016-10-02,08:11:00,123,1,968
75310,2016-10-02,08:17:00,397,1,11206
75311,2016-10-02,08:18:00,343,1,6211
75312,2016-10-02,08:25:00,154,1,8757
75313,2016-10-02,08:28:00,136,1,7280
75314,2016-10-02,08:29:00,5,2,7848
75315,2016-10-02,08:32:00,124,2,117
75316,2016-10-02,08:43:00,314,3,4613
75317,2016-10-02,08:46:00,171,3,9278
75318,2016-10-02,08:50:00,423,1,4721
75319,2016-10-02,08:53:00,237,1,4658
75320,2016-10-02,08:55:00,190,2,8558
75321,2016-10-02,08:56:00,79,2,8014
75322,2016-10-02,08:59:00,388,3,5509
75323,2016-10-02,08:59:00,324,1,8311
75324,2016-10-02,09:01:00,241,1,4664
75325,2016-10-02,09:10:00,237,1,2276
75326,2016-10-02,09:12:00,96,1,9866
75327,2016-10-02,09:28:00,164,2,10380
75328,2016-10-02,09:42:00,420,2,9381
75329,2016-10-02,09:43:00,313,1,2683
75330,2016-10-02,09:44:00,440,2,6046
75331,2016-10-02,09:45:00,203,2,5712
75332,2016-10-02,09:56:00,269,1,994
75333,2016-10-02,09:59:00,158,2,3265
75334,2016-10-02,10:03:00,231,2,10875
75335,2016-10-02,10:07:00,45,1,4109
75336,2016-10-02,10:11:00,333,1,9517
75337,2016-10-02,10:13:00,208,3,3415
75338,2016-10-02,10:14:00,289,3,5008
75339,2016-10-02,10:16:00,120,1,9119
75340,2016-10-02,10:23:00,41,2,4538
75341,2016-10-02,10:27:00,68,5,2115
75342,2016-10-02,10:30:00,454,4,2650
75343,2016-10-02,10:30:00,353,1,5166
75344,2016-10-02,10:36:00,368,4,3439
75345,2016-10-02,10:36:00,15,3,5762
75346,2016-10-02,10:37:00,154,1,9044
75347,2016-10-02,10:41:00,448,2,7346
75348,2016-10-02,10:45:00,311,1,3211
75349,2016-10-02,10:49:00,372,1,2545
75350,2016-10-02,10:49:00,23,2,3080
75351,2016-10-02,10:56:00,449,3,3727
75352,2016-10-02,10:57:00,275,2,3976
75353,2016-10-02,11:08:00,366,4,9463
75354,2016-10-02,11:09:00,364,3,6654
75355,2016-10-02,11:10:00,133,1,9594
75356,2016-10-02,11:16:00,200,2,8978
75357,2016-10-02,11:20:00,401,3,960
75358,2016-10-02,11:27:00,366,3,11824
75359,2016-10-02,11:30:00,332,1,6735
75360,2016-10-02,11:37:00,313,1,116
75361,2016-10-02,11:50:00,130,1,583
75362,2016-10-02,11:51:00,26,1,4526
75363,2016-10-02,11:56:00,196,2,364
75364,2016-10-02,12:00:00,167,2,8172
75365,2016-10-02,12:00:00,445,1,11872
75366,2016-10-02,12:00:00,278,1,11861
75367,2016-10-02,12:01:00,406,1,6748
75368,2016-10-02,12:22:00,142,2,9563
75369,2016-10-02,12:40:00,144,1,8531
75370,2016-10-02,12:43:00,243,3,6955
75371,2016-10-02,12:47:00,288,2,3197
75372,2016-10-02,13:13:00,20,1,1546
75373,2016-10-02,13:14:00,126,2,10122
75374,2016-10-02,13:35:00,208,2,9634
75375,2016-10-02,13:37:00,120,2,6104
75376,2016-10-02,13:40:00,391,3,2903
75377,2016-10-02,13:45:00,54,2,1123
75378,2016-10-02,13:48:00,66,3,3942
75379,2016-10-02,13:49:00,125,4,3967
75380,2016-10-02,13:50:00,291,3,5372
75381,2016-10-02,13:51:00,210,1,7122
75382,2016-10-02,13:59:00,383,2,6936
75383,2016-10-02,14:03:00,291,2,2638
75384,2016-10-02,14:05:00,46,2,3476
75385,2016-10-02,14:06:00,75,3,7777
75386,2016-10-02,14:21:00,455,1,8477
75387,2016-10-02,14:32:00,161,2,2428
75388,2016-10-02,14:37:00,89,2,3365
75389,2016-10-02,14:40:00,199,2,11521
75390,2016-10-02,14:47:00,68,3,5846
75391,2016-10-02,14:51:00,83,3,4259
75392,2016-10-02,14:51:00,272,1,3854
75393,2016-10-02,15:18:00,380,2,1109
75394,2016-10-02,15:27:00,142,2,9837
75395,2016-10-02,15:29:00,91,3,7398
75396,2016-10-02,15:32:00,134,2,4709
75397,2016-10-02,15:33:00,340,2,9107
75398,2016-10-02,15:36:00,236,5,2986
75399,2016-10-02,15:39:00,65,2,3648
75400,2016-10-02,15:39:00,458,3,3870
75401,2016-10-02,15:42:00,427,2,6306
75402,2016-10-02,15:48:00,274,2,1615
75403,2016-10-02,15:49:00,177,1,5459
75404,2016-10-02,15:50:00,75,2,6228
75405,2016-10-02,16:06:00,362,2,1832
75406,2016-10-02,16:11:00,410,1,2568
75407,2016-10-02,16:11:00,154,2,2510
75408,2016-10-02,16:14:00,361,1,11397
75409,2016-10-02,16:28:00,173,2,11327
75410,2016-10-02,16:32:00,375,3,10324
75411,2016-10-02,16:43:00,209,1,10405
75412,2016-10-02,16:48:00,365,1,3036
75413,2016-10-02,16:58:00,296,2,7227
75414,2016-10-02,17:05:00,326,1,9073
75415,2016-10-02,17:09:00,456,3,8062
75416,2016-10-02,17:14:00,324,2,3114
75417,2016-10-02,17:16:00,363,2,11808
75418,2016-10-02,17:23:00,410,5,6862
75419,2016-10-02,17:27:00,310,3,6774
75420,2016-10-02,17:31:00,400,1,9780
75421,2016-10-02,17:33:00,37,1,8857
75422,2016-10-02,17:35:00,285,1,1793
75423,2016-10-02,17:45:00,160,1,5103
75424,2016-10-02,17:46:00,180,1,10682
75425,2016-10-02,18:12:00,268,1,7189
75426,2016-10-02,18:13:00,359,1,7071
75427,2016-10-02,18:21:00,430,1,7384
75428,2016-10-02,18:22:00,71,3,6483
75429,2016-10-02,18:47:00,289,1,7523
75430,2016-10-02,18:47:00,131,1,1604
75431,2016-10-02,18:47:00,161,2,2192
75432,2016-10-02,18:48:00,7,2,4694
75433,2016-10-02,18:50:00,6,2,1551
75434,2016-10-02,18:53:00,137,3,908
75435,2016-10-02,19:00:00,302,1,7670
75436,2016-10-02,19:05:00,261,3,5024
75437,2016-10-02,19:09:00,131,2,7304
75438,2016-10-02,19:19:00,142,1,8981
75439,2016-10-02,19:19:00,426,5,8193
75440,2016-10-02,19:25:00,63,1,5668
75441,2016-10-02,19:26:00,166,2,5286
75442,2016-10-02,19:27:00,17,1,10737
75443,2016-10-02,19:52:00,87,1,8077
75444,2016-10-02,19:58:00,225,2,7014
75445,2016-10-02,19:59:00,382,3,6165
75446,2016-10-02,20:09:00,314,2,4069
75447,2016-10-02,20:28:00,322,2,5434
75448,2016-10-02,20:31:00,100,2,2710
75449,2016-10-02,20:54:00,307,1,3685
75450,2016-10-02,21:04:00,3,7,5539
75451,2016-10-02,21:05:00,403,1,9899
75452,2016-10-02,21:07:00,237,4,2048
75453,2016-10-02,21:15:00,269,2,10078
75454,2016-10-02,21:17:00,251,2,3555
75455,2016-10-02,21:25:00,4,2,11856
75456,2016-10-02,21:32:00,229,3,11299
75457,2016-10-02,21:44:00,330,1,4062
75458,2016-10-02,21:49:00,331,2,2498
75459,2016-10-02,22:03:00,235,3,316
75460,2016-10-02,22:04:00,13,1,743
75461,2016-10-02,22:07:00,67,3,4763
75462,2016-10-02,22:07:00,128,3,6754
75463,2016-10-02,22:09:00,54,2,2837
75464,2016-10-02,22:13:00,231,1,8254
75465,2016-10-02,22:38:00,452,2,5651
75466,2016-10-02,22:41:00,28,2,7643
75467,2016-10-02,22:50:00,111,2,4936
75468,2016-10-02,22:58:00,182,1,4028
75469,2016-10-02,23:01:00,405,2,7063
75470,2016-10-02,23:02:00,268,2,8764
75471,2016-10-02,23:02:00,217,1,11562
75472,2016-10-02,23:06:00,208,1,9784
75473,2016-10-02,23:07:00,320,1,8702
75474,2016-10-02,23:09:00,304,1,3378
75475,2016-10-02,23:11:00,448,2,8202
75476,2016-10-02,23:25:00,122,1,9141
75477,2016-10-02,23:34:00,44,4,5365
75478,2016-10-02,23:46:00,15,1,6146
75479,2016-10-02,23:52:00,296,1,2416
75480,2016-10-02,23:59:00,171,2,6113
75481,2016-10-03,00:08:00,195,1,4933
75482,2016-10-03,00:21:00,108,1,1106
75483,2016-10-03,00:28:00,450,2,11778
75484,2016-10-03,00:32:00,189,1,2150
75485,2016-10-03,00:37:00,141,2,2084
75486,2016-10-03,00:38:00,69,2,7920
75487,2016-10-03,00:43:00,224,1,8760
75488,2016-10-03,01:00:00,155,4,11262
75489,2016-10-03,01:08:00,346,3,3658
75490,2016-10-03,01:09:00,393,4,4887
75491,2016-10-03,01:11:00,359,1,8647
75492,2016-10-03,01:17:00,40,2,9943
75493,2016-10-03,01:18:00,217,1,3583
75494,2016-10-03,01:21:00,47,3,7183
75495,2016-10-03,01:30:00,307,1,2309
75496,2016-10-03,01:33:00,214,3,11675
75497,2016-10-03,01:34:00,377,4,2034
75498,2016-10-03,01:43:00,416,1,5514
75499,2016-10-03,01:54:00,103,1,3725
75500,2016-10-03,02:09:00,437,1,11325
75501,2016-10-03,02:18:00,252,1,4505
75502,2016-10-03,02:25:00,413,4,9371
75503,2016-10-03,02:30:00,185,2,5595
75504,2016-10-03,02:31:00,71,4,1975
75505,2016-10-03,02:58:00,339,2,809
75506,2016-10-03,03:05:00,325,2,1778
75507,2016-10-03,03:05:00,201,3,10941
75508,2016-10-03,03:31:00,399,2,1783
75509,2016-10-03,03:36:00,99,5,647
75510,2016-10-03,03:44:00,390,4,10315
75511,2016-10-03,03:44:00,196,2,6659
75512,2016-10-03,03:47:00,107,3,1306
75513,2016-10-03,03:49:00,158,1,9310
75514,2016-10-03,03:49:00,199,2,773
75515,2016-10-03,03:49:00,39,4,8650
75516,2016-10-03,03:55:00,131,1,2468
75517,2016-10-03,03:58:00,426,1,11323
75518,2016-10-03,04:16:00,444,2,2338
75519,2016-10-03,04:16:00,165,1,1242
75520,2016-10-03,04:16:00,308,1,11760
75521,2016-10-03,04:29:00,190,2,8799
75522,2016-10-03,04:30:00,293,1,1989
75523,2016-10-03,04:38:00,195,1,6603
75524,2016-10-03,04:40:00,272,3,10105
75525,2016-10-03,05:07:00,328,4,3288
75526,2016-10-03,05:13:00,4,3,5747
75527,2016-10-03,05:20:00,19,2,8049
75528,2016-10-03,05:26:00,240,2,8693
75529,2016-10-03,05:29:00,5,1,3546
75530,2016-10-03,05:46:00,283,2,2107
75531,2016-10-03,05:48:00,396,1,4387
75532,2016-10-03,05:49:00,21,1,7384
75533,2016-10-03,05:57:00,51,4,1753
75534,2016-10-03,06:10:00,16,1,10802
75535,2016-10-03,06:24:00,291,1,2833
75536,2016-10-03,06:24:00,5,2,3978
75537,2016-10-03,06:33:00,175,2,581
75538,2016-10-03,06:44:00,262,2,3295
75539,2016-10-03,06:44:00,426,3,5016
75540,2016-10-03,06:49:00,73,3,8201
75541,2016-10-03,06:56:00,147,3,1970
75542,2016-10-03,07:01:00,104,3,6851
75543,2016-10-03,07:02:00,204,3,10007
75544,2016-10-03,07:08:00,253,3,2554
75545,2016-10-03,07:15:00,424,2,9730
75546,2016-10-03,07:16:00,352,2,10353
75547,2016-10-03,07:22:00,395,2,1734
75548,2016-10-03,07:26:00,431,1,4098
75549,2016-10-03,07:30:00,17,3,5064
75550,2016-10-03,07:40:00,238,1,1529
75551,2016-10-03,07:41:00,448,3,11579
75552,2016-10-03,07:42:00,274,3,1178
75553,2016-10-03,07:43:00,236,2,1301
75554,2016-10-03,07:53:00,288,2,4554
75555,2016-10-03,07:54:00,31,2,10847
75556,2016-10-03,08:05:00,377,3,4135
75557,2016-10-03,08:28:00,112,1,9250
75558,2016-10-03,08:40:00,32,3,5256
75559,2016-10-03,08:41:00,427,2,3048
75560,2016-10-03,08:45:00,178,2,10705
75561,2016-10-03,08:48:00,212,1,180
75562,2016-10-03,08:49:00,360,2,630
75563,2016-10-03,08:50:00,436,1,6911
75564,2016-10-03,08:52:00,189,3,7285
75565,2016-10-03,09:02:00,23,1,2627
75566,2016-10-03,09:03:00,278,1,4785
75567,2016-10-03,09:08:00,433,2,3618
75568,2016-10-03,09:16:00,63,1,3843
75569,2016-10-03,09:19:00,352,2,3874
75570,2016-10-03,09:19:00,184,2,2144
75571,2016-10-03,09:21:00,377,2,8011
75572,2016-10-03,09:23:00,292,1,5237
75573,2016-10-03,09:42:00,327,4,8371
75574,2016-10-03,09:44:00,256,1,9195
75575,2016-10-03,09:48:00,303,2,1121
75576,2016-10-03,10:01:00,156,1,3021
75577,2016-10-03,10:11:00,38,2,4384
75578,2016-10-03,10:13:00,68,3,3394
75579,2016-10-03,10:19:00,359,2,2075
75580,2016-10-03,10:31:00,452,3,8159
75581,2016-10-03,10:32:00,437,4,4563
75582,2016-10-03,10:34:00,350,1,7077
75583,2016-10-03,10:34:00,318,2,1364
75584,2016-10-03,10:35:00,77,3,10793
75585,2016-10-03,10:36:00,63,1,8492
75586,2016-10-03,10:42:00,145,4,6102
75587,2016-10-03,10:48:00,168,1,4654
75588,2016-10-03,10:52:00,6,2,5009
75589,2016-10-03,10:57:00,170,4,1164
75590,2016-10-03,11:00:00,149,3,10851
75591,2016-10-03,11:00:00,365,1,10270
75592,2016-10-03,11:00:00,54,2,10242
75593,2016-10-03,11:03:00,162,2,6496
75594,2016-10-03,11:05:00,93,2,4754
75595,2016-10-03,11:12:00,12,3,979
75596,2016-10-03,11:24:00,382,2,1355
75597,2016-10-03,11:24:00,262,1,7232
75598,2016-10-03,11:25:00,449,1,7072
75599,2016-10-03,11:25:00,103,1,6746
75600,2016-10-03,11:27:00,319,3,8004
75601,2016-10-03,11:28:00,427,1,5830
75602,2016-10-03,11:56:00,265,2,6909
75603,2016-10-03,12:11:00,443,3,1975
75604,2016-10-03,12:18:00,276,3,6088
75605,2016-10-03,12:28:00,146,3,694
75606,2016-10-03,12:30:00,414,3,9404
75607,2016-10-03,12:34:00,351,1,8472
75608,2016-10-03,12:35:00,40,2,4083
75609,2016-10-03,12:50:00,256,2,7204
75610,2016-10-03,12:54:00,298,4,1112
75611,2016-10-03,13:25:00,198,2,9862
75612,2016-10-03,13:35:00,422,2,7797
75613,2016-10-03,13:43:00,410,4,4470
75614,2016-10-03,13:46:00,394,1,5434
75615,2016-10-03,13:48:00,350,1,6147
75616,2016-10-03,13:55:00,358,1,11274
75617,2016-10-03,13:58:00,229,1,2657
75618,2016-10-03,13:58:00,435,1,8085
75619,2016-10-03,13:59:00,317,2,7058
75620,2016-10-03,14:07:00,291,3,4643
75621,2016-10-03,14:10:00,294,2,4907
75622,2016-10-03,14:24:00,297,1,11453
75623,2016-10-03,14:28:00,289,2,11877
75624,2016-10-03,14:35:00,205,2,3487
75625,2016-10-03,14:36:00,265,1,4323
75626,2016-10-03,14:47:00,434,1,10716
75627,2016-10-03,14:49:00,248,2,8400
75628,2016-10-03,14:52:00,112,1,10309
75629,2016-10-03,14:58:00,127,2,2510
75630,2016-10-03,15:01:00,404,4,10993
75631,2016-10-03,15:04:00,138,1,8359
75632,2016-10-03,15:06:00,442,2,3869
75633,2016-10-03,15:07:00,361,1,6291
75634,2016-10-03,15:08:00,155,3,11754
75635,2016-10-03,15:13:00,120,4,4979
75636,2016-10-03,15:14:00,8,1,2565
75637,2016-10-03,15:16:00,436,2,4321
75638,2016-10-03,15:39:00,89,3,9683
75639,2016-10-03,15:42:00,133,1,6198
75640,2016-10-03,15:46:00,358,1,1389
75641,2016-10-03,15:47:00,266,2,4631
75642,2016-10-03,15:58:00,355,3,1876
75643,2016-10-03,16:04:00,306,2,1168
75644,2016-10-03,16:05:00,51,2,85
75645,2016-10-03,16:06:00,288,2,8126
75646,2016-10-03,16:17:00,228,2,2769
75647,2016-10-03,16:22:00,20,2,72
75648,2016-10-03,16:25:00,34,3,1250
75649,2016-10-03,16:32:00,317,2,6977
75650,2016-10-03,16:33:00,71,2,5634
75651,2016-10-03,16:36:00,124,2,6817
75652,2016-10-03,16:38:00,35,3,10321
75653,2016-10-03,16:40:00,145,3,6825
75654,2016-10-03,16:46:00,253,4,9768
75655,2016-10-03,16:49:00,316,1,8104
75656,2016-10-03,16:53:00,99,3,9952
75657,2016-10-03,16:54:00,62,2,5023
75658,2016-10-03,16:56:00,334,1,9124
75659,2016-10-03,16:58:00,409,1,4502
75660,2016-10-03,17:01:00,109,3,9266
75661,2016-10-03,17:05:00,254,2,7739
75662,2016-10-03,17:11:00,277,1,4070
75663,2016-10-03,17:12:00,29,2,607
75664,2016-10-03,17:12:00,409,2,9063
75665,2016-10-03,17:12:00,193,2,3036
75666,2016-10-03,17:20:00,268,1,951
75667,2016-10-03,17:22:00,368,3,3467
75668,2016-10-03,17:30:00,375,2,4947
75669,2016-10-03,17:35:00,192,2,395
75670,2016-10-03,17:38:00,369,3,10205
75671,2016-10-03,17:38:00,228,2,2732
75672,2016-10-03,17:38:00,93,1,5406
75673,2016-10-03,17:40:00,206,2,3791
75674,2016-10-03,17:42:00,260,1,6832
75675,2016-10-03,17:42:00,242,2,11799
75676,2016-10-03,17:47:00,347,2,10255
75677,2016-10-03,17:50:00,250,3,2458
75678,2016-10-03,17:54:00,158,1,8691
75679,2016-10-03,17:55:00,314,4,3236
75680,2016-10-03,17:56:00,155,3,4278
75681,2016-10-03,17:59:00,103,2,10883
75682,2016-10-03,18:03:00,375,3,8599
75683,2016-10-03,18:06:00,456,1,10237
75684,2016-10-03,18:11:00,106,1,9846
75685,2016-10-03,18:12:00,99,1,10431
75686,2016-10-03,18:12:00,219,2,6732
75687,2016-10-03,18:17:00,94,2,7760
75688,2016-10-03,18:19:00,15,1,1245
75689,2016-10-03,18:20:00,441,1,9736
75690,2016-10-03,18:20:00,308,2,6863
75691,2016-10-03,18:23:00,421,1,4372
75692,2016-10-03,18:29:00,360,4,8000
75693,2016-10-03,18:50:00,205,3,6103
75694,2016-10-03,18:51:00,154,1,9159
75695,2016-10-03,18:53:00,449,2,1944
75696,2016-10-03,19:00:00,160,1,9281
75697,2016-10-03,19:01:00,214,2,8968
75698,2016-10-03,19:02:00,370,1,604
75699,2016-10-03,19:02:00,296,3,3021
75700,2016-10-03,19:04:00,104,1,1145
75701,2016-10-03,19:07:00,1,1,10792
75702,2016-10-03,19:10:00,16,2,9717
75703,2016-10-03,19:11:00,153,1,7268
75704,2016-10-03,19:13:00,107,3,6234
75705,2016-10-03,19:22:00,186,1,4693
75706,2016-10-03,19:22:00,217,1,7541
75707,2016-10-03,19:22:00,82,3,5393
75708,2016-10-03,19:28:00,390,2,8912
75709,2016-10-03,19:34:00,223,2,10548
75710,2016-10-03,19:39:00,117,1,10518
75711,2016-10-03,19:40:00,268,1,4829
75712,2016-10-03,19:42:00,429,2,35
75713,2016-10-03,20:00:00,149,2,2911
75714,2016-10-03,20:01:00,106,3,3438
75715,2016-10-03,20:01:00,281,3,9280
75716,2016-10-03,20:02:00,220,2,305
75717,2016-10-03,20:05:00,265,3,2572
75718,2016-10-03,20:10:00,392,2,6544
75719,2016-10-03,20:16:00,252,1,7945
75720,2016-10-03,20:17:00,34,2,4584
75721,2016-10-03,20:26:00,65,1,4457
75722,2016-10-03,20:34:00,218,1,9855
75723,2016-10-03,20:35:00,395,3,11501
75724,2016-10-03,20:43:00,380,2,11230
75725,2016-10-03,20:48:00,261,1,9168
75726,2016-10-03,20:59:00,271,4,2478
75727,2016-10-03,21:03:00,369,1,8798
75728,2016-10-03,21:05:00,354,1,378
75729,2016-10-03,21:08:00,86,1,5634
75730,2016-10-03,21:17:00,429,1,180
75731,2016-10-03,21:19:00,178,1,8630
75732,2016-10-03,21:20:00,30,2,7866
75733,2016-10-03,21:27:00,266,2,4009
75734,2016-10-03,21:38:00,59,3,11405
75735,2016-10-03,21:45:00,285,1,2469
75736,2016-10-03,21:46:00,359,1,3257
75737,2016-10-03,21:54:00,303,4,3833
75738,2016-10-03,22:04:00,83,2,3961
75739,2016-10-03,22:07:00,170,3,8694
75740,2016-10-03,22:31:00,26,1,3268
75741,2016-10-03,22:34:00,15,3,7126
75742,2016-10-03,22:40:00,435,2,7704
75743,2016-10-03,22:40:00,121,1,2250
75744,2016-10-03,22:42:00,115,1,9338
75745,2016-10-03,22:58:00,398,2,7695
75746,2016-10-03,23:10:00,122,2,3280
75747,2016-10-03,23:10:00,67,1,5307
75748,2016-10-03,23:10:00,104,1,3183
75749,2016-10-03,23:13:00,370,2,5868
75750,2016-10-03,23:15:00,22,2,8617
75751,2016-10-03,23:19:00,245,2,7109
75752,2016-10-03,23:35:00,409,2,4626
75753,2016-10-03,23:39:00,431,2,11956
75754,2016-10-03,23:43:00,117,2,5393
75755,2016-10-04,00:05:00,387,1,7586
75756,2016-10-04,00:10:00,75,2,11487
75757,2016-10-04,00:18:00,204,2,5750
75758,2016-10-04,00:20:00,58,3,7305
75759,2016-10-04,00:26:00,76,1,5363
75760,2016-10-04,00:26:00,278,4,6242
75761,2016-10-04,00:33:00,233,2,7525
75762,2016-10-04,00:37:00,314,4,11125
75763,2016-10-04,00:43:00,423,3,1681
75764,2016-10-04,00:51:00,217,1,10918
75765,2016-10-04,00:57:00,15,2,16
75766,2016-10-04,01:02:00,323,1,5212
75767,2016-10-04,01:19:00,145,1,8652
75768,2016-10-04,01:22:00,441,3,3070
75769,2016-10-04,01:23:00,49,4,951
75770,2016-10-04,01:27:00,163,2,1020
75771,2016-10-04,01:28:00,252,2,8369
75772,2016-10-04,01:33:00,23,2,9148
75773,2016-10-04,01:54:00,383,2,11233
75774,2016-10-04,02:03:00,297,1,4284
75775,2016-10-04,02:04:00,212,3,10507
75776,2016-10-04,02:12:00,283,2,422
75777,2016-10-04,02:14:00,334,3,6823
75778,2016-10-04,02:14:00,157,2,3794
75779,2016-10-04,02:20:00,186,1,1054
75780,2016-10-04,02:21:00,311,2,11243
75781,2016-10-04,02:23:00,242,3,1650
75782,2016-10-04,02:24:00,146,3,9659
75783,2016-10-04,02:26:00,273,2,2583
75784,2016-10-04,02:27:00,373,2,507
75785,2016-10-04,02:32:00,12,1,6102
75786,2016-10-04,02:42:00,179,1,8789
75787,2016-10-04,02:42:00,145,2,5832
75788,2016-10-04,02:47:00,389,4,9630
75789,2016-10-04,02:47:00,196,1,695
75790,2016-10-04,02:53:00,346,1,122
75791,2016-10-04,02:54:00,200,3,3254
75792,2016-10-04,03:17:00,451,3,3925
75793,2016-10-04,03:18:00,160,3,8837
75794,2016-10-04,03:20:00,180,1,2007
75795,2016-10-04,03:25:00,165,1,4633
75796,2016-10-04,03:41:00,454,1,5200
75797,2016-10-04,03:45:00,62,4,1505
75798,2016-10-04,03:51:00,84,2,5172
75799,2016-10-04,03:56:00,130,1,1865
75800,2016-10-04,03:57:00,131,2,8620
75801,2016-10-04,03:57:00,261,3,7994
75802,2016-10-04,04:09:00,188,2,8424
75803,2016-10-04,04:09:00,449,2,9494
75804,2016-10-04,04:12:00,328,3,5209
75805,2016-10-04,04:18:00,403,2,1696
75806,2016-10-04,04:20:00,389,3,6719
75807,2016-10-04,04:33:00,289,2,4137
75808,2016-10-04,04:39:00,446,2,3485
75809,2016-10-04,04:44:00,7,1,9207
75810,2016-10-04,05:06:00,14,1,6881
75811,2016-10-04,05:10:00,19,1,10179
75812,2016-10-04,05:11:00,106,6,4284
75813,2016-10-04,05:13:00,209,3,3601
75814,2016-10-04,05:21:00,328,2,2351
75815,2016-10-04,05:28:00,266,1,9896
75816,2016-10-04,05:36:00,91,1,6391
75817,2016-10-04,05:49:00,199,1,3415
75818,2016-10-04,05:54:00,218,1,4105
75819,2016-10-04,06:07:00,415,2,10560
75820,2016-10-04,06:20:00,331,1,6009
75821,2016-10-04,06:23:00,362,3,109
75822,2016-10-04,06:33:00,262,1,671
75823,2016-10-04,06:37:00,325,2,6963
75824,2016-10-04,06:48:00,384,1,11028
75825,2016-10-04,06:50:00,380,1,1925
75826,2016-10-04,06:54:00,444,1,3161
75827,2016-10-04,07:04:00,439,1,11646
75828,2016-10-04,07:06:00,233,2,10932
75829,2016-10-04,07:15:00,132,4,9970
75830,2016-10-04,07:16:00,175,2,4314
75831,2016-10-04,07:21:00,350,2,4432
75832,2016-10-04,07:22:00,40,2,2452
75833,2016-10-04,07:25:00,139,1,1586
75834,2016-10-04,07:28:00,91,1,9356
75835,2016-10-04,07:31:00,346,1,11274
75836,2016-10-04,07:37:00,153,3,9490
75837,2016-10-04,07:43:00,278,1,4341
75838,2016-10-04,07:56:00,362,2,489
75839,2016-10-04,08:07:00,152,2,6677
75840,2016-10-04,08:16:00,164,2,9944
75841,2016-10-04,08:23:00,71,2,4670
75842,2016-10-04,08:25:00,117,4,6677
75843,2016-10-04,08:29:00,216,1,5672
75844,2016-10-04,08:34:00,257,3,6249
75845,2016-10-04,08:43:00,301,1,7103
75846,2016-10-04,08:44:00,93,2,3827
75847,2016-10-04,08:48:00,84,2,1092
75848,2016-10-04,08:51:00,409,2,9204
75849,2016-10-04,08:54:00,225,2,5017
75850,2016-10-04,08:57:00,102,1,8192
75851,2016-10-04,09:03:00,169,1,6758
75852,2016-10-04,09:04:00,128,1,5695
75853,2016-10-04,09:06:00,182,3,8475
75854,2016-10-04,09:07:00,110,2,8087
75855,2016-10-04,09:08:00,220,3,8849
75856,2016-10-04,09:10:00,276,2,675
75857,2016-10-04,09:13:00,156,1,5912
75858,2016-10-04,09:22:00,200,3,2413
75859,2016-10-04,09:23:00,63,3,6404
75860,2016-10-04,09:31:00,106,1,6258
75861,2016-10-04,09:32:00,62,3,504
75862,2016-10-04,09:36:00,74,1,9133
75863,2016-10-04,09:36:00,143,1,4663
75864,2016-10-04,09:37:00,387,2,39
75865,2016-10-04,09:45:00,95,2,8089
75866,2016-10-04,09:50:00,297,3,3261
75867,2016-10-04,09:52:00,441,1,6382
75868,2016-10-04,09:54:00,164,2,2066
75869,2016-10-04,09:55:00,226,3,7815
75870,2016-10-04,09:55:00,377,1,9615
75871,2016-10-04,10:31:00,444,2,7668
75872,2016-10-04,10:31:00,292,1,4110
75873,2016-10-04,10:33:00,301,3,8634
75874,2016-10-04,10:34:00,333,1,8658
75875,2016-10-04,10:39:00,442,1,5361
75876,2016-10-04,10:42:00,406,1,3073
75877,2016-10-04,10:51:00,183,2,9682
75878,2016-10-04,10:54:00,287,2,2432
75879,2016-10-04,10:57:00,366,2,6744
75880,2016-10-04,11:04:00,207,2,2044
75881,2016-10-04,11:07:00,50,2,5199
75882,2016-10-04,11:11:00,272,1,204
75883,2016-10-04,11:21:00,328,2,2358
75884,2016-10-04,11:28:00,244,3,4012
75885,2016-10-04,11:28:00,35,2,1459
75886,2016-10-04,11:44:00,263,1,8753
75887,2016-10-04,11:50:00,165,1,2433
75888,2016-10-04,11:58:00,11,2,1017
75889,2016-10-04,11:59:00,387,1,1161
75890,2016-10-04,12:04:00,36,1,8493
75891,2016-10-04,12:05:00,82,4,9778
75892,2016-10-04,12:19:00,435,4,2073
75893,2016-10-04,12:30:00,182,1,1280
75894,2016-10-04,12:30:00,180,2,3861
75895,2016-10-04,12:39:00,82,1,8460
75896,2016-10-04,12:42:00,193,5,2176
75897,2016-10-04,12:52:00,331,1,11708
75898,2016-10-04,12:56:00,278,1,1338
75899,2016-10-04,12:56:00,369,2,5068
75900,2016-10-04,13:02:00,104,2,8078
75901,2016-10-04,13:03:00,227,2,10823
75902,2016-10-04,13:35:00,331,3,6357
75903,2016-10-04,13:40:00,291,1,11081
75904,2016-10-04,13:41:00,361,2,3891
75905,2016-10-04,13:42:00,286,1,9333
75906,2016-10-04,13:53:00,328,2,4029
75907,2016-10-04,13:56:00,261,2,6626
75908,2016-10-04,14:03:00,48,2,2931
75909,2016-10-04,14:10:00,396,1,6151
75910,2016-10-04,14:12:00,66,3,5704
75911,2016-10-04,14:30:00,204,3,3038
75912,2016-10-04,14:34:00,148,2,5994
75913,2016-10-04,14:36:00,445,2,6900
75914,2016-10-04,14:37:00,267,3,2031
75915,2016-10-04,14:37:00,134,1,11616
75916,2016-10-04,14:39:00,116,3,876
75917,2016-10-04,14:41:00,169,2,11306
75918,2016-10-04,15:09:00,336,2,9809
75919,2016-10-04,15:11:00,95,2,7369
75920,2016-10-04,15:16:00,40,1,10002
75921,2016-10-04,15:16:00,276,3,2014
75922,2016-10-04,15:29:00,169,4,5583
75923,2016-10-04,15:32:00,129,1,4092
75924,2016-10-04,15:33:00,184,1,10852
75925,2016-10-04,15:37:00,156,2,4477
75926,2016-10-04,15:43:00,313,1,5774
75927,2016-10-04,15:46:00,84,3,7326
75928,2016-10-04,15:57:00,173,2,1111
75929,2016-10-04,16:00:00,201,1,5130
75930,2016-10-04,16:04:00,455,2,6483
75931,2016-10-04,16:09:00,73,2,1635
75932,2016-10-04,16:11:00,235,2,430
75933,2016-10-04,16:36:00,82,2,9078
75934,2016-10-04,16:37:00,457,1,7177
75935,2016-10-04,16:40:00,192,3,10900
75936,2016-10-04,16:42:00,77,2,2281
75937,2016-10-04,16:46:00,37,1,11800
75938,2016-10-04,16:47:00,350,1,1237
75939,2016-10-04,16:52:00,453,1,8995
75940,2016-10-04,16:55:00,421,2,9297
75941,2016-10-04,17:00:00,256,1,9528
75942,2016-10-04,17:12:00,165,2,4721
75943,2016-10-04,17:13:00,171,4,753
75944,2016-10-04,17:15:00,270,1,9689
75945,2016-10-04,17:19:00,439,3,9246
75946,2016-10-04,17:20:00,46,2,8743
75947,2016-10-04,17:23:00,444,1,4924
75948,2016-10-04,17:36:00,443,2,9197
75949,2016-10-04,17:37:00,452,1,555
75950,2016-10-04,17:41:00,388,2,6652
75951,2016-10-04,17:43:00,260,4,6435
75952,2016-10-04,17:46:00,392,2,9965
75953,2016-10-04,17:48:00,149,1,7607
75954,2016-10-04,17:50:00,278,1,595
75955,2016-10-04,17:52:00,77,2,8647
75956,2016-10-04,17:56:00,372,1,3207
75957,2016-10-04,18:02:00,159,2,768
75958,2016-10-04,18:04:00,317,3,2452
75959,2016-10-04,18:16:00,275,1,2502
75960,2016-10-04,18:21:00,8,4,5532
75961,2016-10-04,18:24:00,193,1,8915
75962,2016-10-04,18:35:00,111,2,5323
75963,2016-10-04,18:46:00,114,2,3480
75964,2016-10-04,18:51:00,367,1,2752
75965,2016-10-04,18:58:00,253,2,7965
75966,2016-10-04,19:08:00,17,1,11966
75967,2016-10-04,19:09:00,37,3,8020
75968,2016-10-04,19:10:00,243,1,359
75969,2016-10-04,19:11:00,290,2,4261
75970,2016-10-04,19:15:00,263,2,9563
75971,2016-10-04,19:30:00,178,3,7206
75972,2016-10-04,19:42:00,138,1,11412
75973,2016-10-04,19:42:00,433,2,2140
75974,2016-10-04,19:45:00,100,3,6818
75975,2016-10-04,19:46:00,338,2,1805
75976,2016-10-04,20:00:00,341,2,9169
75977,2016-10-04,20:01:00,177,2,7184
75978,2016-10-04,20:03:00,301,1,7401
75979,2016-10-04,20:04:00,391,1,4830
75980,2016-10-04,20:10:00,232,2,5248
75981,2016-10-04,20:16:00,111,3,2954
75982,2016-10-04,20:19:00,320,2,8430
75983,2016-10-04,20:25:00,394,1,2826
75984,2016-10-04,20:25:00,146,4,10047
75985,2016-10-04,20:31:00,448,1,9218
75986,2016-10-04,20:31:00,20,1,4454
75987,2016-10-04,20:41:00,273,2,10411
75988,2016-10-04,20:45:00,73,3,818
75989,2016-10-04,20:45:00,232,1,9162
75990,2016-10-04,20:53:00,422,3,10360
75991,2016-10-04,20:53:00,281,2,5310
75992,2016-10-04,21:03:00,42,3,11959
75993,2016-10-04,21:13:00,46,2,8037
75994,2016-10-04,21:17:00,343,1,4485
75995,2016-10-04,21:21:00,27,1,9682
75996,2016-10-04,21:26:00,185,1,297
75997,2016-10-04,21:32:00,160,2,1061
75998,2016-10-04,21:41:00,154,1,7892
75999,2016-10-04,21:51:00,239,1,9462
76000,2016-10-04,21:51:00,167,1,1459
76001,2016-10-04,21:54:00,349,2,1769
76002,2016-10-04,21:57:00,412,1,304
76003,2016-10-04,22:03:00,57,2,4662
76004,2016-10-04,22:15:00,434,1,703
76005,2016-10-04,22:20:00,217,3,2614
76006,2016-10-04,22:24:00,57,1,563
76007,2016-10-04,22:33:00,146,2,2134
76008,2016-10-04,22:35:00,230,3,6235
76009,2016-10-04,22:36:00,225,1,8367
76010,2016-10-04,22:40:00,289,2,6552
76011,2016-10-04,22:44:00,437,2,1804
76012,2016-10-04,22:48:00,13,2,8309
76013,2016-10-04,22:56:00,321,1,738
76014,2016-10-04,23:02:00,289,1,8541
76015,2016-10-04,23:10:00,381,1,6251
76016,2016-10-04,23:12:00,140,1,8892
76017,2016-10-04,23:13:00,422,1,2678
76018,2016-10-04,23:19:00,28,1,8761
76019,2016-10-04,23:37:00,36,3,8692
76020,2016-10-04,23:40:00,137,2,4476
76021,2016-10-04,23:43:00,183,6,5214
76022,2016-10-04,23:46:00,353,3,5372
76023,2016-10-04,23:49:00,65,2,9228
76024,2016-10-04,23:51:00,399,2,2258
76025,2016-10-05,00:13:00,162,4,11102
76026,2016-10-05,00:22:00,181,3,2482
76027,2016-10-05,00:28:00,374,2,10348
76028,2016-10-05,00:30:00,186,2,6835
76029,2016-10-05,00:32:00,16,3,7794
76030,2016-10-05,00:33:00,64,1,7147
76031,2016-10-05,00:35:00,69,3,10804
76032,2016-10-05,00:49:00,403,1,5081
76033,2016-10-05,00:56:00,163,1,5683
76034,2016-10-05,00:58:00,421,2,9056
76035,2016-10-05,01:04:00,21,2,11112
76036,2016-10-05,01:06:00,401,1,3330
76037,2016-10-05,01:11:00,46,1,11123
76038,2016-10-05,01:15:00,341,2,10839
76039,2016-10-05,01:21:00,167,1,6331
76040,2016-10-05,01:30:00,368,3,2555
76041,2016-10-05,01:50:00,397,1,5526
76042,2016-10-05,01:51:00,219,2,11869
76043,2016-10-05,01:52:00,454,3,5377
76044,2016-10-05,01:54:00,380,4,9876
76045,2016-10-05,02:23:00,72,3,9247
76046,2016-10-05,02:23:00,191,2,4426
76047,2016-10-05,02:24:00,95,3,7340
76048,2016-10-05,02:25:00,277,1,11278
76049,2016-10-05,02:27:00,125,1,4875
76050,2016-10-05,02:28:00,368,1,443
76051,2016-10-05,02:37:00,211,1,1668
76052,2016-10-05,02:54:00,348,4,2160
76053,2016-10-05,02:54:00,275,1,8665
76054,2016-10-05,02:55:00,201,1,5886
76055,2016-10-05,02:57:00,123,2,1518
76056,2016-10-05,03:06:00,452,2,9073
76057,2016-10-05,03:09:00,276,1,6744
76058,2016-10-05,03:27:00,415,1,5713
76059,2016-10-05,03:35:00,211,3,8188
76060,2016-10-05,03:35:00,62,1,2328
76061,2016-10-05,03:42:00,348,2,8304
76062,2016-10-05,03:45:00,170,1,1502
76063,2016-10-05,04:02:00,271,3,7101
76064,2016-10-05,04:08:00,16,2,7610
76065,2016-10-05,04:20:00,96,1,2438
76066,2016-10-05,04:29:00,114,3,7835
76067,2016-10-05,04:41:00,10,3,7885
76068,2016-10-05,04:46:00,30,2,11448
76069,2016-10-05,04:46:00,247,1,2393
76070,2016-10-05,04:48:00,85,1,1251
76071,2016-10-05,04:54:00,265,1,9744
76072,2016-10-05,05:03:00,412,2,11179
76073,2016-10-05,05:08:00,389,1,211
76074,2016-10-05,05:08:00,109,4,3602
76075,2016-10-05,05:09:00,310,1,7388
76076,2016-10-05,05:10:00,161,1,8572
76077,2016-10-05,05:12:00,158,3,10402
76078,2016-10-05,05:22:00,284,2,462
76079,2016-10-05,05:23:00,402,1,3572
76080,2016-10-05,05:24:00,257,2,3550
76081,2016-10-05,05:31:00,299,1,7121
76082,2016-10-05,05:33:00,172,1,10619
76083,2016-10-05,05:47:00,240,2,11886
76084,2016-10-05,05:50:00,433,2,4307
76085,2016-10-05,05:51:00,411,2,8939
76086,2016-10-05,06:01:00,387,5,8777
76087,2016-10-05,06:04:00,341,3,32
76088,2016-10-05,06:16:00,353,2,1779
76089,2016-10-05,06:24:00,153,1,8200
76090,2016-10-05,06:25:00,245,5,10914
76091,2016-10-05,06:29:00,453,2,8294
76092,2016-10-05,06:29:00,443,2,10382
76093,2016-10-05,06:33:00,64,2,4301
76094,2016-10-05,06:37:00,102,2,8572
76095,2016-10-05,06:40:00,7,3,140
76096,2016-10-05,06:46:00,265,2,5950
76097,2016-10-05,06:51:00,240,1,6301
76098,2016-10-05,06:55:00,319,4,6575
76099,2016-10-05,06:59:00,449,1,9697
76100,2016-10-05,06:59:00,186,2,6486
76101,2016-10-05,07:05:00,207,4,9971
76102,2016-10-05,07:06:00,79,1,5182
76103,2016-10-05,07:07:00,187,1,11044
76104,2016-10-05,07:21:00,288,1,4256
76105,2016-10-05,07:37:00,76,2,773
76106,2016-10-05,07:40:00,342,3,6556
76107,2016-10-05,07:40:00,70,1,2835
76108,2016-10-05,07:49:00,458,2,10613
76109,2016-10-05,07:54:00,195,2,9289
76110,2016-10-05,08:01:00,252,2,1184
76111,2016-10-05,08:03:00,136,3,438
76112,2016-10-05,08:11:00,18,2,4080
76113,2016-10-05,08:13:00,89,4,5654
76114,2016-10-05,08:13:00,254,2,6420
76115,2016-10-05,08:16:00,242,3,2626
76116,2016-10-05,08:18:00,344,3,11533
76117,2016-10-05,08:19:00,313,3,5956
76118,2016-10-05,08:47:00,311,2,9072
76119,2016-10-05,09:01:00,390,1,1520
76120,2016-10-05,09:07:00,132,1,4900
76121,2016-10-05,09:12:00,220,5,9267
76122,2016-10-05,09:13:00,33,5,7387
76123,2016-10-05,09:16:00,161,2,9008
76124,2016-10-05,09:21:00,185,1,7937
76125,2016-10-05,09:23:00,160,2,11531
76126,2016-10-05,09:29:00,343,5,6154
76127,2016-10-05,09:30:00,245,1,1665
76128,2016-10-05,09:55:00,21,1,1160
76129,2016-10-05,10:01:00,119,2,3266
76130,2016-10-05,10:06:00,233,1,3891
76131,2016-10-05,10:07:00,100,1,5236
76132,2016-10-05,10:09:00,249,1,627
76133,2016-10-05,10:15:00,35,2,7723
76134,2016-10-05,10:20:00,343,3,2731
76135,2016-10-05,10:20:00,229,2,1485
76136,2016-10-05,10:36:00,286,3,6546
76137,2016-10-05,10:47:00,401,4,9113
76138,2016-10-05,10:52:00,283,3,10395
76139,2016-10-05,11:11:00,425,1,2820
76140,2016-10-05,11:15:00,310,1,11017
76141,2016-10-05,11:17:00,245,2,7007
76142,2016-10-05,11:32:00,26,2,4920
76143,2016-10-05,11:34:00,200,1,6493
76144,2016-10-05,12:01:00,80,1,11403
76145,2016-10-05,12:08:00,439,3,4528
76146,2016-10-05,12:15:00,150,2,6331
76147,2016-10-05,12:27:00,428,1,6751
76148,2016-10-05,12:28:00,213,2,7130
76149,2016-10-05,12:31:00,111,4,11275
76150,2016-10-05,12:47:00,373,4,11062
76151,2016-10-05,12:50:00,226,2,3100
76152,2016-10-05,12:51:00,8,1,7276
76153,2016-10-05,12:51:00,176,1,7034
76154,2016-10-05,12:55:00,360,2,2488
76155,2016-10-05,12:59:00,308,5,2416
76156,2016-10-05,13:02:00,457,1,8850
76157,2016-10-05,13:02:00,293,4,4552
76158,2016-10-05,13:03:00,340,2,5529
76159,2016-10-05,13:06:00,405,2,3635
76160,2016-10-05,13:12:00,322,2,8850
76161,2016-10-05,13:34:00,44,2,5112
76162,2016-10-05,13:44:00,180,3,7837
76163,2016-10-05,13:44:00,134,5,11979
76164,2016-10-05,13:46:00,314,4,1312
76165,2016-10-05,13:48:00,142,1,5602
76166,2016-10-05,13:54:00,221,2,8576
76167,2016-10-05,13:59:00,423,1,234
76168,2016-10-05,14:04:00,422,1,7708
76169,2016-10-05,14:13:00,428,2,4057
76170,2016-10-05,14:14:00,406,1,11746
76171,2016-10-05,14:19:00,97,5,3316
76172,2016-10-05,14:26:00,255,2,1572
76173,2016-10-05,14:31:00,215,1,8922
76174,2016-10-05,14:32:00,26,2,9630
76175,2016-10-05,14:49:00,95,2,612
76176,2016-10-05,14:50:00,152,1,4587
76177,2016-10-05,14:51:00,19,3,1335
76178,2016-10-05,14:52:00,68,4,5110
76179,2016-10-05,14:53:00,264,4,7720
76180,2016-10-05,14:55:00,453,1,629
76181,2016-10-05,14:57:00,258,4,3988
76182,2016-10-05,15:02:00,262,2,4745
76183,2016-10-05,15:16:00,106,1,91
76184,2016-10-05,15:21:00,296,2,6147
76185,2016-10-05,15:25:00,362,1,8513
76186,2016-10-05,15:33:00,244,1,8799
76187,2016-10-05,15:50:00,245,3,4274
76188,2016-10-05,16:00:00,312,1,10596
76189,2016-10-05,16:00:00,127,1,7288
76190,2016-10-05,16:05:00,142,1,1791
76191,2016-10-05,16:13:00,385,1,7193
76192,2016-10-05,16:16:00,38,1,8994
76193,2016-10-05,16:24:00,277,2,6845
76194,2016-10-05,16:28:00,302,1,2317
76195,2016-10-05,16:30:00,39,1,3212
76196,2016-10-05,16:41:00,429,2,3938
76197,2016-10-05,16:41:00,454,1,10278
76198,2016-10-05,16:42:00,83,3,11757
76199,2016-10-05,16:43:00,377,1,759
76200,2016-10-05,16:57:00,147,1,1603
76201,2016-10-05,17:01:00,132,4,8649
76202,2016-10-05,17:14:00,325,2,7907
76203,2016-10-05,17:15:00,420,2,6616
76204,2016-10-05,17:33:00,412,1,11420
76205,2016-10-05,17:38:00,49,1,11718
76206,2016-10-05,17:41:00,145,1,8268
76207,2016-10-05,17:42:00,329,2,3807
76208,2016-10-05,18:05:00,449,1,352
76209,2016-10-05,18:06:00,352,3,8349
76210,2016-10-05,18:06:00,414,2,3129
76211,2016-10-05,18:08:00,170,2,6141
76212,2016-10-05,18:14:00,418,2,6326
76213,2016-10-05,18:17:00,233,2,5236
76214,2016-10-05,18:18:00,120,2,4981
76215,2016-10-05,18:28:00,254,1,3979
76216,2016-10-05,18:39:00,402,1,3537
76217,2016-10-05,18:45:00,410,1,7
76218,2016-10-05,18:51:00,110,2,7310
76219,2016-10-05,18:57:00,343,1,11300
76220,2016-10-05,19:08:00,369,1,7176
76221,2016-10-05,19:22:00,259,2,212
76222,2016-10-05,19:25:00,169,1,10663
76223,2016-10-05,19:27:00,353,1,10344
76224,2016-10-05,19:30:00,55,3,9036
76225,2016-10-05,19:44:00,186,4,8062
76226,2016-10-05,19:45:00,268,1,2203
76227,2016-10-05,19:47:00,315,1,1350
76228,2016-10-05,19:54:00,172,2,10099
76229,2016-10-05,20:01:00,443,1,11998
76230,2016-10-05,20:02:00,13,2,7797
76231,2016-10-05,20:07:00,337,3,9281
76232,2016-10-05,20:10:00,37,1,9937
76233,2016-10-05,20:18:00,246,2,10221
76234,2016-10-05,20:20:00,268,3,10294
76235,2016-10-05,20:20:00,371,2,1678
76236,2016-10-05,20:21:00,56,1,4385
76237,2016-10-05,20:24:00,417,1,8551
76238,2016-10-05,20:27:00,21,4,8403
76239,2016-10-05,20:27:00,225,3,8173
76240,2016-10-05,20:28:00,69,1,3094
76241,2016-10-05,20:30:00,124,1,10891
76242,2016-10-05,20:36:00,224,3,2660
76243,2016-10-05,20:45:00,50,1,5321
76244,2016-10-05,21:01:00,235,2,10555
76245,2016-10-05,21:06:00,34,1,9172
76246,2016-10-05,21:06:00,205,2,11297
76247,2016-10-05,21:08:00,21,4,5286
76248,2016-10-05,21:08:00,179,2,10640
76249,2016-10-05,21:11:00,376,2,3212
76250,2016-10-05,21:13:00,436,3,9466
76251,2016-10-05,21:24:00,274,2,4292
76252,2016-10-05,21:27:00,184,1,6939
76253,2016-10-05,21:55:00,364,2,8038
76254,2016-10-05,21:59:00,310,3,9382
76255,2016-10-05,22:05:00,428,2,4479
76256,2016-10-05,22:06:00,419,3,5735
76257,2016-10-05,22:13:00,143,1,5217
76258,2016-10-05,22:17:00,429,4,2741
76259,2016-10-05,22:17:00,173,3,1392
76260,2016-10-05,22:23:00,21,2,7832
76261,2016-10-05,22:24:00,252,2,1724
76262,2016-10-05,22:25:00,161,2,7356
76263,2016-10-05,22:30:00,30,1,671
76264,2016-10-05,22:35:00,41,3,4885
76265,2016-10-05,22:39:00,239,2,3381
76266,2016-10-05,22:48:00,48,2,11391
76267,2016-10-05,22:48:00,368,2,7827
76268,2016-10-05,22:56:00,214,2,4056
76269,2016-10-05,22:56:00,10,3,11576
76270,2016-10-05,22:57:00,293,1,8676
76271,2016-10-05,22:59:00,157,2,7228
76272,2016-10-05,23:02:00,81,2,598
76273,2016-10-05,23:04:00,94,1,4301
76274,2016-10-05,23:10:00,399,1,10804
76275,2016-10-05,23:15:00,317,1,11694
76276,2016-10-05,23:28:00,319,3,9327
76277,2016-10-05,23:32:00,161,1,4601
76278,2016-10-05,23:33:00,32,2,8505
76279,2016-10-05,23:36:00,224,3,3666
76280,2016-10-05,23:37:00,379,1,5939
76281,2016-10-05,23:38:00,283,1,2992
76282,2016-10-05,23:41:00,330,4,6144
76283,2016-10-05,23:44:00,86,2,4494
76284,2016-10-05,23:50:00,85,3,1655
76285,2016-10-05,23:51:00,458,1,6587
76286,2016-10-05,23:57:00,390,2,702
76287,2016-10-06,00:10:00,335,3,6231
76288,2016-10-06,00:19:00,220,2,7459
76289,2016-10-06,00:21:00,260,3,274
76290,2016-10-06,00:23:00,342,1,9628
76291,2016-10-06,00:23:00,368,1,2536
76292,2016-10-06,00:25:00,217,2,1961
76293,2016-10-06,00:51:00,183,1,2999
76294,2016-10-06,01:01:00,8,3,3427
76295,2016-10-06,01:02:00,245,2,3201
76296,2016-10-06,01:03:00,360,1,10884
76297,2016-10-06,01:10:00,116,1,11364
76298,2016-10-06,01:13:00,150,2,10282
76299,2016-10-06,01:24:00,362,1,2014
76300,2016-10-06,01:24:00,200,2,1275
76301,2016-10-06,01:29:00,440,1,256
76302,2016-10-06,01:32:00,437,3,6561
76303,2016-10-06,01:35:00,177,2,526
76304,2016-10-06,01:35:00,30,2,569
76305,2016-10-06,01:38:00,352,1,8884
76306,2016-10-06,01:45:00,293,2,357
76307,2016-10-06,01:46:00,76,3,11646
76308,2016-10-06,01:49:00,391,2,10893
76309,2016-10-06,01:54:00,414,2,7965
76310,2016-10-06,01:57:00,313,3,4729
76311,2016-10-06,02:10:00,47,2,2871
76312,2016-10-06,02:23:00,44,1,4350
76313,2016-10-06,02:47:00,54,1,5152
76314,2016-10-06,02:56:00,351,2,1452
76315,2016-10-06,03:00:00,279,3,3283
76316,2016-10-06,03:01:00,288,2,6285
76317,2016-10-06,03:05:00,349,2,840
76318,2016-10-06,03:06:00,182,1,3248
76319,2016-10-06,03:09:00,32,2,7986
76320,2016-10-06,03:09:00,84,1,10029
76321,2016-10-06,03:12:00,320,1,3986
76322,2016-10-06,03:17:00,275,1,11547
76323,2016-10-06,03:18:00,318,5,1504
76324,2016-10-06,03:20:00,28,3,224
76325,2016-10-06,03:24:00,272,1,3030
76326,2016-10-06,03:30:00,26,2,507
76327,2016-10-06,03:44:00,275,3,5672
76328,2016-10-06,03:45:00,155,2,3972
76329,2016-10-06,03:50:00,42,1,9176
76330,2016-10-06,03:52:00,362,3,5039
76331,2016-10-06,04:02:00,9,1,6769
76332,2016-10-06,04:02:00,357,3,11339
76333,2016-10-06,04:03:00,240,4,5385
76334,2016-10-06,04:04:00,35,5,9891
76335,2016-10-06,04:06:00,365,2,7716
76336,2016-10-06,04:06:00,224,3,8367
76337,2016-10-06,04:07:00,15,3,1826
76338,2016-10-06,04:11:00,423,1,11223
76339,2016-10-06,04:14:00,274,3,5283
76340,2016-10-06,04:19:00,428,2,1143
76341,2016-10-06,04:26:00,8,3,11683
76342,2016-10-06,04:28:00,265,3,9703
76343,2016-10-06,04:31:00,141,1,9216
76344,2016-10-06,04:40:00,360,4,5095
76345,2016-10-06,04:43:00,5,3,7624
76346,2016-10-06,04:56:00,130,2,5837
76347,2016-10-06,05:00:00,385,2,1630
76348,2016-10-06,05:09:00,107,2,10855
76349,2016-10-06,05:25:00,159,1,3446
76350,2016-10-06,05:26:00,336,3,2423
76351,2016-10-06,05:30:00,208,1,7907
76352,2016-10-06,05:38:00,173,1,2314
76353,2016-10-06,05:42:00,410,1,8870
76354,2016-10-06,05:56:00,352,2,2664
76355,2016-10-06,06:04:00,256,1,3371
76356,2016-10-06,06:17:00,444,2,1375
76357,2016-10-06,06:27:00,305,2,9247
76358,2016-10-06,06:29:00,412,2,3774
76359,2016-10-06,06:30:00,231,2,7344
76360,2016-10-06,06:33:00,417,1,6941
76361,2016-10-06,06:36:00,302,4,9953
76362,2016-10-06,06:38:00,205,4,8077
76363,2016-10-06,06:38:00,202,3,10984
76364,2016-10-06,06:40:00,37,3,8173
76365,2016-10-06,06:41:00,334,4,6582
76366,2016-10-06,06:44:00,279,1,6407
76367,2016-10-06,06:45:00,444,1,10639
76368,2016-10-06,06:53:00,409,2,4712
76369,2016-10-06,06:54:00,302,2,1700
76370,2016-10-06,06:55:00,71,2,3465
76371,2016-10-06,07:00:00,217,1,7649
76372,2016-10-06,07:03:00,90,1,9530
76373,2016-10-06,07:03:00,62,1,5276
76374,2016-10-06,07:16:00,218,2,3434
76375,2016-10-06,07:17:00,314,2,5435
76376,2016-10-06,07:20:00,298,2,11167
76377,2016-10-06,07:39:00,203,1,1651
76378,2016-10-06,07:43:00,215,3,10366
76379,2016-10-06,07:46:00,52,2,4185
76380,2016-10-06,07:47:00,372,2,11144
76381,2016-10-06,07:48:00,257,1,2479
76382,2016-10-06,07:55:00,202,3,971
76383,2016-10-06,07:59:00,221,3,1573
76384,2016-10-06,08:04:00,51,1,11071
76385,2016-10-06,08:06:00,23,3,6364
76386,2016-10-06,08:07:00,333,2,3969
76387,2016-10-06,08:11:00,347,2,2243
76388,2016-10-06,08:11:00,314,1,5387
76389,2016-10-06,08:11:00,161,3,6145
76390,2016-10-06,08:20:00,331,1,2153
76391,2016-10-06,08:21:00,454,2,10360
76392,2016-10-06,08:22:00,54,3,3183
76393,2016-10-06,08:36:00,329,3,6454
76394,2016-10-06,08:43:00,393,2,4733
76395,2016-10-06,08:48:00,339,1,11524
76396,2016-10-06,09:00:00,316,1,5015
76397,2016-10-06,09:04:00,110,1,8019
76398,2016-10-06,09:06:00,455,3,1130
76399,2016-10-06,09:21:00,261,3,5638
76400,2016-10-06,09:25:00,150,3,5492
76401,2016-10-06,09:30:00,370,3,5391
76402,2016-10-06,09:34:00,384,2,2910
76403,2016-10-06,09:39:00,3,4,10576
76404,2016-10-06,09:41:00,176,1,2054
76405,2016-10-06,09:48:00,11,2,9135
76406,2016-10-06,09:49:00,365,3,11767
76407,2016-10-06,09:54:00,423,1,8067
76408,2016-10-06,10:13:00,360,2,2138
76409,2016-10-06,10:13:00,362,1,9965
76410,2016-10-06,10:21:00,133,2,1038
76411,2016-10-06,10:22:00,115,2,6823
76412,2016-10-06,10:23:00,313,3,9930
76413,2016-10-06,10:34:00,36,2,10573
76414,2016-10-06,10:39:00,132,1,6704
76415,2016-10-06,10:47:00,128,2,1875
76416,2016-10-06,10:55:00,97,3,9712
76417,2016-10-06,10:55:00,203,1,11437
76418,2016-10-06,10:58:00,348,2,1662
76419,2016-10-06,10:58:00,127,1,10864
76420,2016-10-06,11:18:00,262,2,4251
76421,2016-10-06,11:21:00,402,3,5246
76422,2016-10-06,11:25:00,223,1,1133
76423,2016-10-06,11:26:00,397,1,1081
76424,2016-10-06,11:34:00,326,3,3239
76425,2016-10-06,11:45:00,140,2,10551
76426,2016-10-06,11:46:00,155,2,4570
76427,2016-10-06,11:58:00,176,1,10227
76428,2016-10-06,12:05:00,191,3,9428
76429,2016-10-06,12:09:00,62,1,4795
76430,2016-10-06,12:20:00,161,1,8098
76431,2016-10-06,12:20:00,197,1,977
76432,2016-10-06,12:22:00,23,3,6161
76433,2016-10-06,12:37:00,142,1,3693
76434,2016-10-06,12:39:00,205,4,8767
76435,2016-10-06,12:41:00,244,1,4831
76436,2016-10-06,12:49:00,67,2,2488
76437,2016-10-06,12:52:00,236,1,4322
76438,2016-10-06,13:03:00,295,1,3631
76439,2016-10-06,13:04:00,212,1,10223
76440,2016-10-06,13:29:00,310,2,3106
76441,2016-10-06,13:31:00,323,2,8264
76442,2016-10-06,13:31:00,69,2,6944
76443,2016-10-06,13:33:00,116,2,5392
76444,2016-10-06,13:42:00,391,1,1865
76445,2016-10-06,13:47:00,78,2,6691
76446,2016-10-06,14:00:00,66,1,1033
76447,2016-10-06,14:02:00,31,1,4665
76448,2016-10-06,14:04:00,362,1,280
76449,2016-10-06,14:10:00,12,1,5060
76450,2016-10-06,14:29:00,47,1,10190
76451,2016-10-06,14:31:00,51,1,7225
76452,2016-10-06,14:35:00,380,2,1944
76453,2016-10-06,14:48:00,219,2,1875
76454,2016-10-06,14:51:00,394,1,9074
76455,2016-10-06,15:00:00,72,1,11513
76456,2016-10-06,15:04:00,36,2,9239
76457,2016-10-06,15:05:00,447,1,692
76458,2016-10-06,15:26:00,211,2,8342
76459,2016-10-06,15:35:00,64,1,4428
76460,2016-10-06,15:37:00,81,1,6005
76461,2016-10-06,15:46:00,54,1,8289
76462,2016-10-06,15:49:00,130,4,4507
76463,2016-10-06,15:49:00,363,1,8475
76464,2016-10-06,15:52:00,304,1,9249
76465,2016-10-06,16:12:00,267,2,8225
76466,2016-10-06,16:17:00,53,4,2463
76467,2016-10-06,16:18:00,187,3,3375
76468,2016-10-06,16:21:00,120,2,8651
76469,2016-10-06,16:24:00,182,4,8887
76470,2016-10-06,16:25:00,45,2,7685
76471,2016-10-06,16:26:00,24,3,9993
76472,2016-10-06,16:31:00,382,2,8603
76473,2016-10-06,16:51:00,232,3,6356
76474,2016-10-06,16:51:00,52,4,291
76475,2016-10-06,16:52:00,73,3,10887
76476,2016-10-06,16:57:00,244,2,7356
76477,2016-10-06,16:57:00,210,1,6501
76478,2016-10-06,17:06:00,129,1,9028
76479,2016-10-06,17:06:00,19,2,7683
76480,2016-10-06,17:13:00,244,4,3162
76481,2016-10-06,17:15:00,365,5,1157
76482,2016-10-06,17:19:00,307,3,1501
76483,2016-10-06,17:20:00,231,1,9084
76484,2016-10-06,17:35:00,297,1,9324
76485,2016-10-06,17:54:00,317,1,7022
76486,2016-10-06,17:57:00,337,5,2550
76487,2016-10-06,18:11:00,367,2,4265
76488,2016-10-06,18:15:00,311,2,2058
76489,2016-10-06,18:16:00,86,1,2683
76490,2016-10-06,18:23:00,378,1,3448
76491,2016-10-06,18:24:00,162,2,9992
76492,2016-10-06,18:27:00,450,4,5109
76493,2016-10-06,18:28:00,432,1,9168
76494,2016-10-06,18:29:00,196,2,74
76495,2016-10-06,18:31:00,237,4,11231
76496,2016-10-06,18:32:00,260,1,6266
76497,2016-10-06,18:38:00,392,2,11165
76498,2016-10-06,18:38:00,396,1,7948
76499,2016-10-06,18:47:00,262,2,10693
76500,2016-10-06,18:47:00,369,2,829
76501,2016-10-06,18:52:00,313,1,7923
76502,2016-10-06,19:01:00,189,1,8426
76503,2016-10-06,19:04:00,61,1,10661
76504,2016-10-06,19:06:00,162,2,7054
76505,2016-10-06,19:10:00,96,1,9013
76506,2016-10-06,19:14:00,385,3,620
76507,2016-10-06,19:15:00,445,2,1442
76508,2016-10-06,19:18:00,309,2,7785
76509,2016-10-06,19:40:00,162,3,11696
76510,2016-10-06,19:42:00,437,2,2792
76511,2016-10-06,19:45:00,267,1,5936
76512,2016-10-06,19:46:00,384,2,7498
76513,2016-10-06,19:47:00,235,1,6476
76514,2016-10-06,19:54:00,353,1,843
76515,2016-10-06,19:57:00,371,1,1418
76516,2016-10-06,19:58:00,384,1,11687
76517,2016-10-06,20:00:00,108,2,2373
76518,2016-10-06,20:01:00,184,1,3089
76519,2016-10-06,20:03:00,91,2,9711
76520,2016-10-06,20:06:00,77,1,2343
76521,2016-10-06,20:08:00,433,1,1476
76522,2016-10-06,20:24:00,393,1,844
76523,2016-10-06,20:28:00,96,3,8751
76524,2016-10-06,20:34:00,164,3,7727
76525,2016-10-06,20:40:00,271,1,4166
76526,2016-10-06,20:52:00,190,1,10588
76527,2016-10-06,21:00:00,364,1,2362
76528,2016-10-06,21:00:00,152,1,2726
76529,2016-10-06,21:11:00,444,4,6417
76530,2016-10-06,21:13:00,192,2,10106
76531,2016-10-06,21:22:00,185,3,9540
76532,2016-10-06,21:24:00,60,2,5502
76533,2016-10-06,21:25:00,203,1,6039
76534,2016-10-06,21:25:00,111,2,4772
76535,2016-10-06,21:28:00,413,3,11243
76536,2016-10-06,21:32:00,333,1,6999
76537,2016-10-06,21:36:00,217,4,1918
76538,2016-10-06,21:49:00,205,2,8081
76539,2016-10-06,21:50:00,307,1,611
76540,2016-10-06,21:58:00,50,1,2490
76541,2016-10-06,22:04:00,268,2,9198
76542,2016-10-06,22:07:00,359,2,11896
76543,2016-10-06,22:09:00,89,1,4561
76544,2016-10-06,22:09:00,192,1,6642
76545,2016-10-06,22:18:00,365,1,9446
76546,2016-10-06,22:26:00,162,1,1444
76547,2016-10-06,22:31:00,74,2,1664
76548,2016-10-06,22:39:00,211,3,3682
76549,2016-10-06,22:43:00,109,2,2743
76550,2016-10-06,22:56:00,301,1,5400
76551,2016-10-06,23:17:00,312,6,5431
76552,2016-10-06,23:34:00,334,1,9017
76553,2016-10-06,23:47:00,230,5,4883
76554,2016-10-06,23:56:00,422,1,5355
76555,2016-10-07,00:03:00,228,3,9029
76556,2016-10-07,00:04:00,48,2,10978
76557,2016-10-07,00:17:00,124,2,7599
76558,2016-10-07,00:20:00,446,1,3185
76559,2016-10-07,00:26:00,117,1,11476
76560,2016-10-07,00:29:00,111,2,9926
76561,2016-10-07,00:38:00,235,3,7397
76562,2016-10-07,00:39:00,347,3,8318
76563,2016-10-07,00:56:00,95,1,5953
76564,2016-10-07,01:06:00,14,1,10534
76565,2016-10-07,01:08:00,156,2,5972
76566,2016-10-07,01:08:00,120,2,4434
76567,2016-10-07,01:20:00,363,1,5991
76568,2016-10-07,01:31:00,216,1,9946
76569,2016-10-07,01:32:00,136,1,389
76570,2016-10-07,01:33:00,222,2,6421
76571,2016-10-07,01:40:00,194,1,11254
76572,2016-10-07,01:40:00,415,2,6940
76573,2016-10-07,01:42:00,320,4,4602
76574,2016-10-07,01:42:00,178,2,6681
76575,2016-10-07,01:43:00,91,2,9675
76576,2016-10-07,01:49:00,120,1,11167
76577,2016-10-07,01:50:00,160,2,7905
76578,2016-10-07,01:57:00,110,2,1095
76579,2016-10-07,01:59:00,16,2,5241
76580,2016-10-07,02:12:00,438,3,7419
76581,2016-10-07,02:19:00,212,4,8950
76582,2016-10-07,02:21:00,207,2,382
76583,2016-10-07,02:24:00,198,2,6549
76584,2016-10-07,02:45:00,85,1,4044
76585,2016-10-07,02:59:00,448,2,9774
76586,2016-10-07,03:06:00,400,3,3179
76587,2016-10-07,03:07:00,446,1,6895
76588,2016-10-07,03:10:00,73,1,4549
76589,2016-10-07,03:12:00,118,1,983
76590,2016-10-07,03:16:00,290,2,9363
76591,2016-10-07,03:26:00,63,3,11198
76592,2016-10-07,03:27:00,144,2,6375
76593,2016-10-07,03:29:00,295,3,7418
76594,2016-10-07,03:31:00,129,3,4784
76595,2016-10-07,03:54:00,286,1,8998
76596,2016-10-07,03:54:00,278,3,11319
76597,2016-10-07,04:02:00,99,1,6036
76598,2016-10-07,04:11:00,68,1,1512
76599,2016-10-07,04:12:00,319,2,11334
76600,2016-10-07,04:13:00,311,2,1822
76601,2016-10-07,04:18:00,60,1,756
76602,2016-10-07,04:23:00,4,2,8915
76603,2016-10-07,04:27:00,372,1,108
76604,2016-10-07,04:28:00,295,1,3547
76605,2016-10-07,04:36:00,246,2,829
76606,2016-10-07,04:40:00,148,1,932
76607,2016-10-07,04:43:00,93,3,8910
76608,2016-10-07,04:44:00,194,1,7434
76609,2016-10-07,04:48:00,62,3,7106
76610,2016-10-07,04:55:00,390,1,11469
76611,2016-10-07,04:57:00,453,1,5669
76612,2016-10-07,05:01:00,23,5,9554
76613,2016-10-07,05:03:00,67,1,5152
76614,2016-10-07,05:03:00,317,1,9168
76615,2016-10-07,05:05:00,341,1,1943
76616,2016-10-07,05:07:00,95,4,6489
76617,2016-10-07,05:09:00,257,1,5959
76618,2016-10-07,05:09:00,253,2,7796
76619,2016-10-07,05:19:00,161,3,8320
76620,2016-10-07,05:20:00,81,3,4392
76621,2016-10-07,05:23:00,271,3,3713
76622,2016-10-07,05:32:00,72,2,3266
76623,2016-10-07,05:40:00,167,2,394
76624,2016-10-07,05:42:00,352,2,10706
76625,2016-10-07,05:44:00,106,4,5946
76626,2016-10-07,05:49:00,71,2,284
76627,2016-10-07,05:53:00,257,2,8857
76628,2016-10-07,06:21:00,300,1,1584
76629,2016-10-07,06:24:00,327,2,2009
76630,2016-10-07,06:25:00,430,1,8193
76631,2016-10-07,06:28:00,211,2,10844
76632,2016-10-07,06:32:00,400,3,1941
76633,2016-10-07,06:34:00,400,2,5027
76634,2016-10-07,06:37:00,371,1,1345
76635,2016-10-07,06:41:00,383,3,10294
76636,2016-10-07,06:46:00,251,2,7398
76637,2016-10-07,06:47:00,311,2,7696
76638,2016-10-07,06:59:00,62,1,3606
76639,2016-10-07,06:59:00,252,2,1304
76640,2016-10-07,07:08:00,161,1,2668
76641,2016-10-07,07:12:00,150,1,10593
76642,2016-10-07,07:12:00,91,1,5351
76643,2016-10-07,07:13:00,58,1,315
76644,2016-10-07,07:15:00,117,3,5115
76645,2016-10-07,07:23:00,378,1,6691
76646,2016-10-07,07:30:00,145,3,10668
76647,2016-10-07,07:32:00,261,1,11863
76648,2016-10-07,07:42:00,151,2,10891
76649,2016-10-07,07:44:00,297,2,3537
76650,2016-10-07,08:07:00,301,1,3490
76651,2016-10-07,08:11:00,307,2,2885
76652,2016-10-07,08:14:00,409,4,6977
76653,2016-10-07,08:22:00,327,2,11510
76654,2016-10-07,08:23:00,7,3,10022
76655,2016-10-07,08:24:00,360,3,11079
76656,2016-10-07,08:29:00,109,3,5847
76657,2016-10-07,08:29:00,4,2,2277
76658,2016-10-07,08:32:00,254,1,3647
76659,2016-10-07,08:56:00,240,3,8798
76660,2016-10-07,08:58:00,140,1,6900
76661,2016-10-07,09:05:00,241,1,4028
76662,2016-10-07,09:05:00,63,1,226
76663,2016-10-07,09:10:00,106,1,9499
76664,2016-10-07,09:16:00,64,2,6204
76665,2016-10-07,10:09:00,126,1,10041
76666,2016-10-07,10:28:00,361,2,3209
76667,2016-10-07,10:28:00,450,2,7557
76668,2016-10-07,10:34:00,250,1,2057
76669,2016-10-07,10:36:00,269,3,8245
76670,2016-10-07,10:42:00,302,1,10398
76671,2016-10-07,10:46:00,363,2,5732
76672,2016-10-07,11:02:00,91,1,5851
76673,2016-10-07,11:16:00,322,1,2196
76674,2016-10-07,11:23:00,310,2,3685
76675,2016-10-07,11:27:00,401,2,10751
76676,2016-10-07,11:50:00,72,2,2493
76677,2016-10-07,12:06:00,18,1,7171
76678,2016-10-07,12:09:00,146,1,10129
76679,2016-10-07,12:18:00,203,1,4365
76680,2016-10-07,12:29:00,112,3,5414
76681,2016-10-07,12:40:00,387,1,3444
76682,2016-10-07,12:57:00,395,3,2403
76683,2016-10-07,13:00:00,392,1,1266
76684,2016-10-07,13:04:00,413,2,1812
76685,2016-10-07,13:10:00,39,2,146
76686,2016-10-07,13:14:00,247,2,1003
76687,2016-10-07,13:16:00,27,2,4861
76688,2016-10-07,13:17:00,162,3,8261
76689,2016-10-07,13:21:00,237,4,2939
76690,2016-10-07,13:32:00,142,3,5337
76691,2016-10-07,13:34:00,433,2,3700
76692,2016-10-07,13:39:00,359,3,2308
76693,2016-10-07,13:42:00,194,2,1687
76694,2016-10-07,13:45:00,366,2,1731
76695,2016-10-07,13:45:00,452,1,412
76696,2016-10-07,13:46:00,79,3,8930
76697,2016-10-07,13:53:00,294,1,11016
76698,2016-10-07,13:55:00,83,4,6216
76699,2016-10-07,13:55:00,402,2,6353
76700,2016-10-07,13:57:00,160,1,10837
76701,2016-10-07,13:57:00,132,1,11180
76702,2016-10-07,14:01:00,114,3,2562
76703,2016-10-07,14:08:00,111,3,2325
76704,2016-10-07,14:11:00,265,2,7519
76705,2016-10-07,14:12:00,334,2,109
76706,2016-10-07,14:13:00,123,1,11259
76707,2016-10-07,14:21:00,279,2,9769
76708,2016-10-07,14:28:00,173,3,2583
76709,2016-10-07,14:30:00,210,2,4863
76710,2016-10-07,14:32:00,211,1,3619
76711,2016-10-07,14:40:00,426,2,11379
76712,2016-10-07,14:41:00,247,2,9222
76713,2016-10-07,14:41:00,287,1,363
76714,2016-10-07,14:42:00,428,3,1914
76715,2016-10-07,14:54:00,210,3,5594
76716,2016-10-07,14:57:00,371,4,10989
76717,2016-10-07,15:12:00,59,2,4810
76718,2016-10-07,15:21:00,421,1,1483
76719,2016-10-07,15:30:00,381,1,10352
76720,2016-10-07,15:39:00,71,2,540
76721,2016-10-07,15:47:00,28,3,4451
76722,2016-10-07,15:54:00,378,1,6474
76723,2016-10-07,15:54:00,92,1,1999
76724,2016-10-07,15:55:00,360,2,10298
76725,2016-10-07,16:11:00,181,3,9921
76726,2016-10-07,16:16:00,233,2,2396
76727,2016-10-07,16:17:00,81,1,10668
76728,2016-10-07,16:17:00,230,2,4470
76729,2016-10-07,16:25:00,314,2,4192
76730,2016-10-07,16:29:00,163,1,6873
76731,2016-10-07,16:53:00,242,2,5446
76732,2016-10-07,16:55:00,114,2,6030
76733,2016-10-07,17:07:00,207,1,9630
76734,2016-10-07,17:10:00,31,3,7711
76735,2016-10-07,17:10:00,42,2,10511
76736,2016-10-07,17:11:00,151,1,7070
76737,2016-10-07,17:14:00,22,2,1509
76738,2016-10-07,17:15:00,48,2,1856
76739,2016-10-07,17:19:00,300,1,6755
76740,2016-10-07,17:19:00,75,3,9425
76741,2016-10-07,17:20:00,66,1,11376
76742,2016-10-07,17:29:00,172,1,7312
76743,2016-10-07,17:43:00,218,1,8044
76744,2016-10-07,17:44:00,342,2,1787
76745,2016-10-07,17:48:00,244,1,7278
76746,2016-10-07,17:50:00,423,4,3053
76747,2016-10-07,17:57:00,15,1,1283
76748,2016-10-07,18:02:00,391,1,5183
76749,2016-10-07,18:39:00,411,2,2555
76750,2016-10-07,18:43:00,123,4,11037
76751,2016-10-07,18:56:00,150,1,7243
76752,2016-10-07,19:02:00,345,3,7995
76753,2016-10-07,19:09:00,132,2,11871
76754,2016-10-07,19:11:00,391,1,4708
76755,2016-10-07,19:13:00,370,5,6829
76756,2016-10-07,19:14:00,233,2,10132
76757,2016-10-07,19:26:00,213,1,8956
76758,2016-10-07,19:27:00,312,1,10464
76759,2016-10-07,19:27:00,248,2,10992
76760,2016-10-07,19:28:00,140,1,8486
76761,2016-10-07,19:33:00,404,2,2277
76762,2016-10-07,19:34:00,286,4,8450
76763,2016-10-07,19:34:00,283,1,7985
76764,2016-10-07,19:37:00,58,1,5011
76765,2016-10-07,19:37:00,420,2,4313
76766,2016-10-07,19:38:00,424,1,11243
76767,2016-10-07,19:40:00,265,2,1776
76768,2016-10-07,19:44:00,113,2,8303
76769,2016-10-07,19:47:00,151,1,7318
76770,2016-10-07,19:49:00,192,1,7406
76771,2016-10-07,19:50:00,202,3,983
76772,2016-10-07,19:59:00,211,1,7926
76773,2016-10-07,20:02:00,264,1,1381
76774,2016-10-07,20:04:00,241,1,544
76775,2016-10-07,20:05:00,65,3,7963
76776,2016-10-07,20:12:00,339,3,2906
76777,2016-10-07,20:27:00,234,3,7919
76778,2016-10-07,20:27:00,396,3,8968
76779,2016-10-07,20:35:00,246,1,4051
76780,2016-10-07,20:42:00,178,2,413
76781,2016-10-07,20:46:00,376,3,8749
76782,2016-10-07,20:57:00,61,2,2576
76783,2016-10-07,20:58:00,87,1,4650
76784,2016-10-07,20:58:00,327,1,11017
76785,2016-10-07,21:04:00,284,2,4215
76786,2016-10-07,21:06:00,58,1,569
76787,2016-10-07,21:13:00,177,1,1626
76788,2016-10-07,21:25:00,366,3,5529
76789,2016-10-07,21:26:00,368,1,110
76790,2016-10-07,21:32:00,307,3,2746
76791,2016-10-07,21:34:00,378,1,11673
76792,2016-10-07,21:41:00,159,2,7337
76793,2016-10-07,21:45:00,119,2,8482
76794,2016-10-07,21:46:00,96,1,9784
76795,2016-10-07,21:47:00,128,2,1775
76796,2016-10-07,21:51:00,180,4,7136
76797,2016-10-07,22:06:00,121,3,7847
76798,2016-10-07,22:12:00,307,1,11777
76799,2016-10-07,22:13:00,214,2,10385
76800,2016-10-07,22:14:00,413,2,6661
76801,2016-10-07,22:14:00,454,2,10081
76802,2016-10-07,22:14:00,263,2,11479
76803,2016-10-07,22:18:00,456,1,8416
76804,2016-10-07,22:19:00,166,1,2379
76805,2016-10-07,22:23:00,75,1,3795
76806,2016-10-07,22:24:00,323,3,10914
76807,2016-10-07,22:39:00,107,1,8353
76808,2016-10-07,22:40:00,338,2,4029
76809,2016-10-07,22:40:00,388,5,5753
76810,2016-10-07,22:45:00,195,1,6345
76811,2016-10-07,22:45:00,236,1,222
76812,2016-10-07,22:46:00,190,1,2099
76813,2016-10-07,22:47:00,15,1,7653
76814,2016-10-07,22:52:00,227,1,7252
76815,2016-10-07,22:56:00,237,3,7592
76816,2016-10-07,23:00:00,95,2,1537
76817,2016-10-07,23:01:00,285,2,1285
76818,2016-10-07,23:14:00,46,3,7294
76819,2016-10-07,23:20:00,243,1,3761
76820,2016-10-07,23:30:00,272,5,9436
76821,2016-10-07,23:39:00,142,2,1024
76822,2016-10-07,23:43:00,237,4,1138
76823,2016-10-07,23:59:00,251,2,11371
76824,2016-10-08,00:02:00,47,1,9383
76825,2016-10-08,00:09:00,148,2,2319
76826,2016-10-08,00:12:00,315,2,5147
76827,2016-10-08,00:21:00,178,3,11345
76828,2016-10-08,00:25:00,335,1,2862
76829,2016-10-08,00:32:00,324,2,11996
76830,2016-10-08,01:01:00,133,3,3553
76831,2016-10-08,01:05:00,349,3,1282
76832,2016-10-08,01:13:00,229,2,11158
76833,2016-10-08,01:15:00,36,1,10148
76834,2016-10-08,01:18:00,456,2,11793
76835,2016-10-08,01:19:00,162,2,2693
76836,2016-10-08,01:30:00,128,3,4722
76837,2016-10-08,01:32:00,288,2,7898
76838,2016-10-08,01:48:00,437,3,3956
76839,2016-10-08,01:50:00,110,3,4670
76840,2016-10-08,02:00:00,149,2,10332
76841,2016-10-08,02:03:00,365,3,3962
76842,2016-10-08,02:03:00,62,1,9016
76843,2016-10-08,02:11:00,37,1,1001
76844,2016-10-08,02:19:00,405,1,4265
76845,2016-10-08,02:21:00,268,2,339
76846,2016-10-08,02:21:00,209,1,1381
76847,2016-10-08,02:24:00,171,2,8405
76848,2016-10-08,02:26:00,286,4,9691
76849,2016-10-08,02:29:00,254,4,3296
76850,2016-10-08,02:33:00,263,3,5723
76851,2016-10-08,02:37:00,318,2,3020
76852,2016-10-08,02:43:00,11,1,989
76853,2016-10-08,03:00:00,102,4,10223
76854,2016-10-08,03:07:00,428,3,11064
76855,2016-10-08,03:08:00,150,3,4177
76856,2016-10-08,03:21:00,226,1,11678
76857,2016-10-08,03:24:00,393,4,11314
76858,2016-10-08,03:32:00,347,1,3068
76859,2016-10-08,03:37:00,335,2,10905
76860,2016-10-08,03:40:00,192,2,11805
76861,2016-10-08,03:44:00,33,2,11110
76862,2016-10-08,03:46:00,395,1,6810
76863,2016-10-08,03:52:00,77,3,1711
76864,2016-10-08,03:58:00,439,2,7150
76865,2016-10-08,04:08:00,144,1,10038
76866,2016-10-08,04:19:00,219,3,2728
76867,2016-10-08,04:19:00,204,2,658
76868,2016-10-08,04:29:00,171,1,2003
76869,2016-10-08,04:29:00,220,2,8912
76870,2016-10-08,04:31:00,232,4,8916
76871,2016-10-08,04:31:00,25,5,10000
76872,2016-10-08,04:33:00,431,1,8081
76873,2016-10-08,04:34:00,125,5,7029
76874,2016-10-08,04:37:00,302,1,3415
76875,2016-10-08,04:39:00,384,2,8342
76876,2016-10-08,04:45:00,2,1,10777
76877,2016-10-08,04:46:00,222,1,4462
76878,2016-10-08,04:52:00,5,2,2623
76879,2016-10-08,04:53:00,267,4,5935
76880,2016-10-08,05:09:00,438,2,6413
76881,2016-10-08,05:11:00,204,1,3864
76882,2016-10-08,05:15:00,137,2,6185
76883,2016-10-08,05:19:00,333,3,10433
76884,2016-10-08,05:24:00,140,1,11315
76885,2016-10-08,05:26:00,445,2,3689
76886,2016-10-08,05:32:00,27,2,11575
76887,2016-10-08,05:43:00,200,1,9998
76888,2016-10-08,06:11:00,289,3,2873
76889,2016-10-08,06:14:00,121,4,4202
76890,2016-10-08,06:16:00,382,2,11498
76891,2016-10-08,06:22:00,79,1,9364
76892,2016-10-08,06:30:00,361,2,6022
76893,2016-10-08,06:37:00,120,1,9663
76894,2016-10-08,06:44:00,77,4,953
76895,2016-10-08,06:51:00,139,1,7661
76896,2016-10-08,06:55:00,137,1,11974
76897,2016-10-08,07:03:00,24,2,4282
76898,2016-10-08,07:11:00,369,1,8351
76899,2016-10-08,07:13:00,277,3,866
76900,2016-10-08,07:15:00,102,2,8378
76901,2016-10-08,07:23:00,283,3,11983
76902,2016-10-08,07:37:00,373,1,2249
76903,2016-10-08,07:39:00,261,4,10636
76904,2016-10-08,07:45:00,75,2,8439
76905,2016-10-08,07:50:00,148,4,6669
76906,2016-10-08,07:56:00,345,1,4229
76907,2016-10-08,07:57:00,181,3,6507
76908,2016-10-08,08:01:00,78,4,5079
76909,2016-10-08,08:08:00,288,4,7986
76910,2016-10-08,08:19:00,108,4,31
76911,2016-10-08,08:30:00,288,1,11708
76912,2016-10-08,08:32:00,121,1,1090
76913,2016-10-08,08:38:00,191,2,11844
76914,2016-10-08,08:47:00,391,1,2809
76915,2016-10-08,08:47:00,249,1,10274
76916,2016-10-08,08:51:00,188,2,2716
76917,2016-10-08,08:51:00,351,1,248
76918,2016-10-08,08:53:00,395,2,5561
76919,2016-10-08,08:56:00,332,1,10358
76920,2016-10-08,08:58:00,397,2,5647
76921,2016-10-08,09:00:00,453,1,274
76922,2016-10-08,09:01:00,59,5,1533
76923,2016-10-08,09:05:00,425,1,1764
76924,2016-10-08,09:22:00,425,3,3132
76925,2016-10-08,09:24:00,191,2,9301
76926,2016-10-08,09:26:00,71,1,9157
76927,2016-10-08,09:28:00,186,2,5927
76928,2016-10-08,09:28:00,26,1,6175
76929,2016-10-08,09:38:00,458,3,7307
76930,2016-10-08,09:38:00,185,2,1928
76931,2016-10-08,09:39:00,216,1,2655
76932,2016-10-08,09:50:00,426,1,3457
76933,2016-10-08,09:57:00,309,1,4517
76934,2016-10-08,09:58:00,155,1,6427
76935,2016-10-08,10:00:00,361,1,4505
76936,2016-10-08,10:07:00,301,1,485
76937,2016-10-08,10:07:00,249,4,2003
76938,2016-10-08,10:09:00,299,3,9029
76939,2016-10-08,10:16:00,94,1,11332
76940,2016-10-08,10:23:00,359,1,11231
76941,2016-10-08,10:29:00,307,4,568
76942,2016-10-08,10:31:00,130,1,6498
76943,2016-10-08,10:46:00,109,1,7726
76944,2016-10-08,11:07:00,201,1,11428
76945,2016-10-08,11:08:00,25,2,3560
76946,2016-10-08,11:09:00,196,1,11174
76947,2016-10-08,11:21:00,103,1,2216
76948,2016-10-08,11:22:00,400,2,11982
76949,2016-10-08,11:25:00,22,2,10144
76950,2016-10-08,11:26:00,264,1,548
76951,2016-10-08,11:31:00,82,3,10061
76952,2016-10-08,11:33:00,277,1,2705
76953,2016-10-08,11:34:00,396,1,7435
76954,2016-10-08,11:35:00,348,1,10791
76955,2016-10-08,11:50:00,3,2,5722
76956,2016-10-08,12:05:00,176,1,11986
76957,2016-10-08,12:08:00,255,3,11677
76958,2016-10-08,12:22:00,373,2,543
76959,2016-10-08,12:34:00,418,3,10346
76960,2016-10-08,12:40:00,24,1,164
76961,2016-10-08,12:41:00,192,2,5474
76962,2016-10-08,12:44:00,137,2,38
76963,2016-10-08,12:56:00,140,2,7796
76964,2016-10-08,13:11:00,321,1,3510
76965,2016-10-08,13:34:00,172,2,8401
76966,2016-10-08,13:45:00,325,1,207
76967,2016-10-08,13:46:00,284,4,7756
76968,2016-10-08,13:50:00,131,2,5181
76969,2016-10-08,14:00:00,330,1,7924
76970,2016-10-08,14:03:00,171,2,3588
76971,2016-10-08,14:07:00,399,3,1343
76972,2016-10-08,14:07:00,339,2,5703
76973,2016-10-08,14:08:00,358,2,1067
76974,2016-10-08,14:09:00,162,1,9973
76975,2016-10-08,14:11:00,83,1,7785
76976,2016-10-08,14:17:00,214,1,9506
76977,2016-10-08,14:24:00,285,1,4976
76978,2016-10-08,14:26:00,56,2,6809
76979,2016-10-08,14:27:00,286,2,5870
76980,2016-10-08,14:28:00,387,2,7185
76981,2016-10-08,14:34:00,333,2,682
76982,2016-10-08,14:36:00,407,2,695
76983,2016-10-08,14:50:00,410,2,11321
76984,2016-10-08,14:55:00,204,2,553
76985,2016-10-08,14:58:00,295,2,78
76986,2016-10-08,15:03:00,12,5,3710
76987,2016-10-08,15:06:00,433,3,9339
76988,2016-10-08,15:10:00,219,1,11651
76989,2016-10-08,15:14:00,104,2,7453
76990,2016-10-08,15:19:00,432,1,6745
76991,2016-10-08,15:35:00,425,1,4536
76992,2016-10-08,15:39:00,395,1,7887
76993,2016-10-08,15:50:00,34,2,11926
76994,2016-10-08,15:56:00,385,4,1076
76995,2016-10-08,15:59:00,241,3,3158
76996,2016-10-08,16:02:00,331,3,1880
76997,2016-10-08,16:03:00,400,4,9131
76998,2016-10-08,16:21:00,49,3,4102
76999,2016-10-08,16:26:00,283,4,10632
77000,2016-10-08,16:26:00,137,2,2220
77001,2016-10-08,16:42:00,227,3,6177
77002,2016-10-08,16:48:00,137,1,8957
77003,2016-10-08,16:55:00,9,1,1360
77004,2016-10-08,17:04:00,248,1,6568
77005,2016-10-08,17:09:00,367,2,11417
77006,2016-10-08,17:13:00,397,2,6605
77007,2016-10-08,17:16:00,120,2,10392
77008,2016-10-08,17:19:00,92,3,1133
77009,2016-10-08,17:24:00,174,2,5294
77010,2016-10-08,17:25:00,7,2,5281
77011,2016-10-08,17:29:00,252,3,736
77012,2016-10-08,17:32:00,116,2,11033
77013,2016-10-08,17:42:00,10,2,857
77014,2016-10-08,17:43:00,50,1,5930
77015,2016-10-08,17:46:00,413,1,5378
77016,2016-10-08,17:49:00,243,2,3928
77017,2016-10-08,17:54:00,174,1,416
77018,2016-10-08,18:03:00,136,2,5396
77019,2016-10-08,18:06:00,202,2,7977
77020,2016-10-08,18:12:00,423,1,6568
77021,2016-10-08,18:18:00,180,4,1567
77022,2016-10-08,18:19:00,397,2,11053
77023,2016-10-08,18:22:00,218,2,6652
77024,2016-10-08,18:28:00,354,3,5064
77025,2016-10-08,18:29:00,153,1,4170
77026,2016-10-08,18:31:00,141,2,5427
77027,2016-10-08,18:39:00,116,2,7221
77028,2016-10-08,18:39:00,128,4,5055
77029,2016-10-08,18:45:00,353,2,4068
77030,2016-10-08,18:51:00,346,1,1604
77031,2016-10-08,18:59:00,73,1,5553
77032,2016-10-08,19:00:00,333,2,8210
77033,2016-10-08,19:03:00,179,2,9930
77034,2016-10-08,19:09:00,295,2,7724
77035,2016-10-08,19:09:00,242,3,10099
77036,2016-10-08,19:17:00,72,1,10482
77037,2016-10-08,19:24:00,319,2,8000
77038,2016-10-08,19:25:00,23,2,10241
77039,2016-10-08,19:25:00,152,1,7654
77040,2016-10-08,19:39:00,312,3,1053
77041,2016-10-08,19:39:00,74,1,7352
77042,2016-10-08,19:41:00,425,2,5222
77043,2016-10-08,19:57:00,203,2,2622
77044,2016-10-08,19:58:00,53,1,5368
77045,2016-10-08,20:04:00,371,2,4248
77046,2016-10-08,20:04:00,395,2,10723
77047,2016-10-08,20:14:00,337,1,9221
77048,2016-10-08,20:21:00,213,1,1270
77049,2016-10-08,20:26:00,455,1,266
77050,2016-10-08,20:26:00,203,2,10082
77051,2016-10-08,20:28:00,109,3,1103
77052,2016-10-08,20:32:00,364,1,4002
77053,2016-10-08,20:32:00,309,2,4663
77054,2016-10-08,20:33:00,112,2,522
77055,2016-10-08,20:35:00,285,3,5758
77056,2016-10-08,20:36:00,238,2,1930
77057,2016-10-08,20:37:00,373,1,10491
77058,2016-10-08,20:37:00,210,2,2873
77059,2016-10-08,20:38:00,238,2,9042
77060,2016-10-08,20:39:00,447,1,8219
77061,2016-10-08,20:41:00,374,1,5775
77062,2016-10-08,20:44:00,265,1,4481
77063,2016-10-08,20:48:00,419,4,5594
77064,2016-10-08,20:56:00,215,5,4944
77065,2016-10-08,21:00:00,279,3,6000
77066,2016-10-08,21:10:00,123,2,8482
77067,2016-10-08,21:17:00,363,1,2473
77068,2016-10-08,21:27:00,124,3,3837
77069,2016-10-08,21:33:00,348,2,11771
77070,2016-10-08,21:34:00,99,2,1314
77071,2016-10-08,21:36:00,38,2,4976
77072,2016-10-08,21:37:00,113,3,10686
77073,2016-10-08,21:39:00,39,1,11226
77074,2016-10-08,21:45:00,190,2,6412
77075,2016-10-08,21:47:00,393,4,10562
77076,2016-10-08,21:48:00,279,2,6716
77077,2016-10-08,21:50:00,369,2,7770
77078,2016-10-08,21:50:00,72,1,8874
77079,2016-10-08,21:58:00,53,2,11480
77080,2016-10-08,21:58:00,365,2,6555
77081,2016-10-08,22:05:00,334,2,8555
77082,2016-10-08,22:06:00,405,2,4027
77083,2016-10-08,22:11:00,419,1,5209
77084,2016-10-08,22:17:00,274,1,3767
77085,2016-10-08,22:24:00,284,2,5540
77086,2016-10-08,22:35:00,23,2,11645
77087,2016-10-08,22:38:00,178,2,4532
77088,2016-10-08,22:46:00,15,4,5703
77089,2016-10-08,22:52:00,287,2,1818
77090,2016-10-08,22:57:00,233,4,8745
77091,2016-10-08,23:08:00,412,3,5205
77092,2016-10-08,23:10:00,140,1,10085
77093,2016-10-08,23:16:00,298,3,3899
77094,2016-10-08,23:17:00,282,2,2709
77095,2016-10-08,23:34:00,133,1,8979
77096,2016-10-08,23:38:00,187,2,9229
77097,2016-10-08,23:39:00,68,2,775
77098,2016-10-08,23:41:00,109,1,4956
77099,2016-10-08,23:47:00,92,2,5236
77100,2016-10-08,23:48:00,364,1,4104
77101,2016-10-08,23:54:00,187,3,6020
77102,2016-10-09,00:02:00,239,2,8418
77103,2016-10-09,00:10:00,14,1,7891
77104,2016-10-09,00:23:00,318,2,5084
77105,2016-10-09,00:34:00,264,1,1866
77106,2016-10-09,00:35:00,390,4,5581
77107,2016-10-09,00:37:00,273,2,9846
77108,2016-10-09,00:41:00,418,2,3515
77109,2016-10-09,00:43:00,405,2,845
77110,2016-10-09,00:45:00,324,2,1770
77111,2016-10-09,00:46:00,148,2,6746
77112,2016-10-09,00:49:00,441,1,6354
77113,2016-10-09,00:49:00,101,3,6136
77114,2016-10-09,00:55:00,233,2,6531
77115,2016-10-09,01:08:00,310,2,6343
77116,2016-10-09,01:15:00,292,1,5900
77117,2016-10-09,01:20:00,23,3,3527
77118,2016-10-09,01:21:00,41,2,7382
77119,2016-10-09,01:34:00,370,3,7893
77120,2016-10-09,01:42:00,36,3,9648
77121,2016-10-09,01:47:00,18,3,8757
77122,2016-10-09,01:51:00,111,2,3591
77123,2016-10-09,01:51:00,339,3,3320
77124,2016-10-09,01:55:00,355,1,3092
77125,2016-10-09,01:57:00,27,2,1290
77126,2016-10-09,02:01:00,210,3,9010
77127,2016-10-09,02:05:00,443,2,9389
77128,2016-10-09,02:07:00,320,5,302
77129,2016-10-09,02:11:00,429,1,1772
77130,2016-10-09,02:26:00,77,4,8371
77131,2016-10-09,02:29:00,50,1,5444
77132,2016-10-09,02:40:00,372,1,9893
77133,2016-10-09,02:40:00,121,2,11207
77134,2016-10-09,02:42:00,152,2,4179
77135,2016-10-09,02:54:00,35,3,3544
77136,2016-10-09,03:02:00,237,2,2866
77137,2016-10-09,03:13:00,62,2,2255
77138,2016-10-09,03:23:00,93,7,3769
77139,2016-10-09,03:26:00,117,2,11450
77140,2016-10-09,03:27:00,383,2,5865
77141,2016-10-09,03:31:00,302,2,10559
77142,2016-10-09,03:36:00,428,2,4181
77143,2016-10-09,03:38:00,6,1,5656
77144,2016-10-09,03:39:00,321,2,7487
77145,2016-10-09,03:39:00,360,1,8558
77146,2016-10-09,03:54:00,199,2,10630
77147,2016-10-09,03:59:00,4,2,5186
77148,2016-10-09,04:02:00,215,1,8411
77149,2016-10-09,04:06:00,358,1,11747
77150,2016-10-09,04:12:00,350,2,11295
77151,2016-10-09,04:13:00,110,1,1170
77152,2016-10-09,04:19:00,427,1,4042
77153,2016-10-09,04:24:00,320,2,3073
77154,2016-10-09,04:25:00,214,3,2756
77155,2016-10-09,04:29:00,124,3,10033
77156,2016-10-09,04:34:00,69,1,11437
77157,2016-10-09,04:36:00,442,2,11708
77158,2016-10-09,04:40:00,245,2,4160
77159,2016-10-09,04:55:00,62,2,272
77160,2016-10-09,05:03:00,413,1,4182
77161,2016-10-09,05:05:00,317,3,5242
77162,2016-10-09,05:15:00,373,4,1665
77163,2016-10-09,05:16:00,332,1,11736
77164,2016-10-09,05:18:00,410,4,402
77165,2016-10-09,05:25:00,262,1,4130
77166,2016-10-09,05:30:00,26,2,7626
77167,2016-10-09,05:34:00,215,3,445
77168,2016-10-09,05:41:00,437,3,10696
77169,2016-10-09,05:41:00,451,2,3873
77170,2016-10-09,05:55:00,211,3,5287
77171,2016-10-09,05:57:00,458,3,9044
77172,2016-10-09,06:00:00,22,1,8695
77173,2016-10-09,06:04:00,48,2,5278
77174,2016-10-09,06:04:00,392,2,2904
77175,2016-10-09,06:10:00,211,2,9727
77176,2016-10-09,06:11:00,415,1,6251
77177,2016-10-09,06:16:00,226,5,8776
77178,2016-10-09,06:26:00,336,3,7278
77179,2016-10-09,06:31:00,174,2,3975
77180,2016-10-09,06:32:00,371,1,11377
77181,2016-10-09,06:34:00,174,2,4681
77182,2016-10-09,06:39:00,255,1,1990
77183,2016-10-09,06:50:00,412,1,8094
77184,2016-10-09,07:07:00,401,1,8710
77185,2016-10-09,07:07:00,11,2,4994
77186,2016-10-09,07:21:00,391,1,1647
77187,2016-10-09,07:30:00,76,3,8027
77188,2016-10-09,07:34:00,165,1,6637
77189,2016-10-09,07:35:00,130,2,2642
77190,2016-10-09,07:36:00,128,2,11309
77191,2016-10-09,07:42:00,53,3,11559
77192,2016-10-09,07:43:00,18,2,8614
77193,2016-10-09,07:50:00,1,4,8901
77194,2016-10-09,07:51:00,382,3,10444
77195,2016-10-09,07:52:00,327,3,7538
77196,2016-10-09,07:53:00,106,1,661
77197,2016-10-09,08:05:00,99,1,9467
77198,2016-10-09,08:12:00,404,2,11483
77199,2016-10-09,08:17:00,264,1,7854
77200,2016-10-09,08:19:00,7,3,8479
77201,2016-10-09,08:23:00,358,1,3614
77202,2016-10-09,08:25:00,320,2,2864
77203,2016-10-09,08:26:00,247,2,4624
77204,2016-10-09,08:29:00,278,3,4624
77205,2016-10-09,08:30:00,278,1,2720
77206,2016-10-09,08:34:00,32,2,7397
77207,2016-10-09,08:39:00,57,2,5790
77208,2016-10-09,08:40:00,276,3,11801
77209,2016-10-09,08:53:00,436,1,4224
77210,2016-10-09,08:55:00,35,2,10139
77211,2016-10-09,09:01:00,74,1,2330
77212,2016-10-09,09:04:00,82,2,11068
77213,2016-10-09,09:08:00,269,1,8818
77214,2016-10-09,09:15:00,59,2,3886
77215,2016-10-09,09:24:00,421,2,2145
77216,2016-10-09,09:29:00,450,1,11800
77217,2016-10-09,09:30:00,357,3,7700
77218,2016-10-09,09:49:00,316,2,3712
77219,2016-10-09,09:50:00,29,1,5752
77220,2016-10-09,10:02:00,34,1,8582
77221,2016-10-09,10:11:00,269,1,2764
77222,2016-10-09,10:15:00,173,1,988
77223,2016-10-09,10:21:00,94,2,4014
77224,2016-10-09,10:21:00,355,3,11785
77225,2016-10-09,10:21:00,430,1,4770
77226,2016-10-09,10:26:00,38,1,5831
77227,2016-10-09,10:35:00,368,1,7895
77228,2016-10-09,10:43:00,263,2,6645
77229,2016-10-09,10:55:00,83,1,4338
77230,2016-10-09,11:03:00,89,3,7642
77231,2016-10-09,11:05:00,38,2,3241
77232,2016-10-09,11:07:00,332,1,4631
77233,2016-10-09,11:10:00,307,3,5849
77234,2016-10-09,11:10:00,195,2,1457
77235,2016-10-09,11:11:00,396,1,6996
77236,2016-10-09,11:18:00,177,3,10635
77237,2016-10-09,11:18:00,340,3,6973
77238,2016-10-09,11:21:00,271,1,5494
77239,2016-10-09,11:23:00,246,1,8485
77240,2016-10-09,11:42:00,314,2,5361
77241,2016-10-09,11:43:00,412,3,2825
77242,2016-10-09,11:47:00,227,3,4440
77243,2016-10-09,11:55:00,360,4,6712
77244,2016-10-09,12:00:00,299,2,8576
77245,2016-10-09,12:06:00,86,1,11758
77246,2016-10-09,12:06:00,219,3,10721
77247,2016-10-09,12:07:00,229,2,10491
77248,2016-10-09,12:17:00,385,2,230
77249,2016-10-09,12:27:00,439,2,3487
77250,2016-10-09,12:42:00,149,1,5603
77251,2016-10-09,12:47:00,402,2,5675
77252,2016-10-09,12:54:00,370,5,3739
77253,2016-10-09,12:56:00,171,1,10535
77254,2016-10-09,13:01:00,151,2,9844
77255,2016-10-09,13:26:00,363,3,424
77256,2016-10-09,13:29:00,361,2,1837
77257,2016-10-09,13:30:00,140,1,11058
77258,2016-10-09,13:42:00,307,1,4092
77259,2016-10-09,13:44:00,102,2,9116
77260,2016-10-09,13:50:00,408,2,3427
77261,2016-10-09,13:52:00,341,4,9218
77262,2016-10-09,14:03:00,64,2,8942
77263,2016-10-09,14:10:00,168,2,1709
77264,2016-10-09,14:17:00,371,1,10049
77265,2016-10-09,14:26:00,373,2,10582
77266,2016-10-09,14:27:00,113,4,2979
77267,2016-10-09,14:38:00,449,3,5295
77268,2016-10-09,14:47:00,288,2,5557
77269,2016-10-09,14:50:00,200,1,891
77270,2016-10-09,14:53:00,378,3,4210
77271,2016-10-09,14:55:00,189,2,10230
77272,2016-10-09,14:56:00,126,2,10904
77273,2016-10-09,15:01:00,400,1,11888
77274,2016-10-09,15:07:00,359,2,2002
77275,2016-10-09,15:14:00,269,2,10642
77276,2016-10-09,15:15:00,402,3,7281
77277,2016-10-09,15:19:00,215,4,923
77278,2016-10-09,15:44:00,103,3,7802
77279,2016-10-09,15:53:00,344,1,7755
77280,2016-10-09,15:54:00,77,1,7718
77281,2016-10-09,15:55:00,15,5,2023
77282,2016-10-09,15:55:00,422,2,1703
77283,2016-10-09,15:56:00,359,2,10015
77284,2016-10-09,16:01:00,308,2,11934
77285,2016-10-09,16:09:00,379,2,8824
77286,2016-10-09,16:12:00,210,2,8798
77287,2016-10-09,16:14:00,199,1,2867
77288,2016-10-09,16:16:00,241,3,4503
77289,2016-10-09,16:18:00,81,3,8522
77290,2016-10-09,16:18:00,296,1,4346
77291,2016-10-09,16:18:00,4,1,10837
77292,2016-10-09,16:28:00,226,1,2173
77293,2016-10-09,16:32:00,353,4,6955
77294,2016-10-09,16:34:00,267,1,9956
77295,2016-10-09,16:39:00,275,2,2010
77296,2016-10-09,16:39:00,448,3,1999
77297,2016-10-09,16:52:00,123,1,4780
77298,2016-10-09,17:00:00,208,1,7338
77299,2016-10-09,17:02:00,98,1,2778
77300,2016-10-09,17:03:00,159,4,1719
77301,2016-10-09,17:06:00,99,3,3743
77302,2016-10-09,17:09:00,212,5,5674
77303,2016-10-09,17:15:00,202,3,7429
77304,2016-10-09,17:22:00,422,2,600
77305,2016-10-09,17:26:00,285,3,7843
77306,2016-10-09,17:35:00,160,3,1510
77307,2016-10-09,17:50:00,115,1,2337
77308,2016-10-09,17:51:00,387,3,886
77309,2016-10-09,17:52:00,109,2,6694
77310,2016-10-09,17:56:00,328,3,4367
77311,2016-10-09,18:03:00,193,2,3637
77312,2016-10-09,18:09:00,398,5,9517
77313,2016-10-09,18:09:00,44,1,4893
77314,2016-10-09,18:15:00,42,2,6833
77315,2016-10-09,18:23:00,159,4,7536
77316,2016-10-09,18:32:00,321,4,5199
77317,2016-10-09,18:34:00,232,3,7790
77318,2016-10-09,18:45:00,406,1,3383
77319,2016-10-09,18:49:00,377,2,8468
77320,2016-10-09,18:59:00,325,2,3601
77321,2016-10-09,19:02:00,79,1,2248
77322,2016-10-09,19:07:00,447,1,10104
77323,2016-10-09,19:17:00,46,1,4108
77324,2016-10-09,19:21:00,75,1,11560
77325,2016-10-09,19:34:00,326,1,6816
77326,2016-10-09,19:42:00,361,2,11440
77327,2016-10-09,19:42:00,403,1,8893
77328,2016-10-09,19:50:00,426,1,5427
77329,2016-10-09,20:03:00,156,1,9830
77330,2016-10-09,20:05:00,300,2,6765
77331,2016-10-09,20:14:00,370,3,9419
77332,2016-10-09,20:21:00,397,2,5772
77333,2016-10-09,20:22:00,9,2,9247
77334,2016-10-09,20:28:00,267,3,8095
77335,2016-10-09,20:29:00,384,2,3833
77336,2016-10-09,20:38:00,73,2,8517
77337,2016-10-09,21:03:00,219,3,11466
77338,2016-10-09,21:15:00,198,3,10294
77339,2016-10-09,21:20:00,7,4,7424
77340,2016-10-09,21:25:00,173,1,9540
77341,2016-10-09,21:27:00,29,4,981
77342,2016-10-09,21:28:00,53,1,11357
77343,2016-10-09,21:34:00,93,2,3624
77344,2016-10-09,21:39:00,307,2,8985
77345,2016-10-09,21:43:00,110,2,1587
77346,2016-10-09,21:45:00,71,1,1683
77347,2016-10-09,21:51:00,274,1,10156
77348,2016-10-09,21:52:00,417,2,7077
77349,2016-10-09,21:55:00,225,2,5671
77350,2016-10-09,21:55:00,243,1,2492
77351,2016-10-09,22:01:00,140,3,10924
77352,2016-10-09,22:13:00,458,2,2556
77353,2016-10-09,22:20:00,405,2,11982
77354,2016-10-09,22:20:00,260,1,5577
77355,2016-10-09,22:25:00,110,2,8796
77356,2016-10-09,22:30:00,9,2,3860
77357,2016-10-09,22:48:00,408,2,3281
77358,2016-10-09,22:48:00,149,2,3677
77359,2016-10-09,22:51:00,275,1,10529
77360,2016-10-09,22:51:00,65,2,4478
77361,2016-10-09,23:05:00,95,2,8460
77362,2016-10-09,23:16:00,138,2,7272
77363,2016-10-09,23:21:00,404,3,1606
77364,2016-10-09,23:24:00,136,3,1887
77365,2016-10-09,23:28:00,173,1,3638
77366,2016-10-09,23:34:00,449,4,6476
77367,2016-10-10,00:01:00,103,1,24
77368,2016-10-10,00:01:00,225,1,5708
77369,2016-10-10,00:04:00,204,3,8753
77370,2016-10-10,00:07:00,147,4,3632
77371,2016-10-10,00:09:00,134,2,11432
77372,2016-10-10,00:36:00,445,2,3052
77373,2016-10-10,00:37:00,303,5,7126
77374,2016-10-10,00:43:00,199,1,7493
77375,2016-10-10,00:46:00,381,4,7873
77376,2016-10-10,00:48:00,213,2,11216
77377,2016-10-10,00:49:00,370,5,7922
77378,2016-10-10,01:01:00,419,1,9224
77379,2016-10-10,01:12:00,133,3,2850
77380,2016-10-10,01:16:00,240,1,3537
77381,2016-10-10,01:25:00,380,5,2502
77382,2016-10-10,01:28:00,366,1,10450
77383,2016-10-10,01:28:00,296,3,6771
77384,2016-10-10,01:30:00,32,2,4124
77385,2016-10-10,01:58:00,389,1,4336
77386,2016-10-10,02:04:00,360,2,4829
77387,2016-10-10,02:15:00,96,3,8942
77388,2016-10-10,02:25:00,336,2,2112
77389,2016-10-10,02:34:00,213,2,6431
77390,2016-10-10,02:36:00,52,2,5530
77391,2016-10-10,02:37:00,392,1,6195
77392,2016-10-10,02:40:00,432,1,4199
77393,2016-10-10,02:44:00,334,1,4285
77394,2016-10-10,03:03:00,407,1,606
77395,2016-10-10,03:09:00,136,3,3932
77396,2016-10-10,03:19:00,264,1,819
77397,2016-10-10,03:23:00,62,1,8222
77398,2016-10-10,03:28:00,430,3,11146
77399,2016-10-10,03:41:00,237,2,5836
77400,2016-10-10,03:48:00,284,2,4730
77401,2016-10-10,03:49:00,283,2,3843
77402,2016-10-10,03:55:00,329,3,8488
77403,2016-10-10,03:56:00,73,2,8653
77404,2016-10-10,03:58:00,362,2,7898
77405,2016-10-10,04:15:00,450,1,1867
77406,2016-10-10,04:15:00,196,3,9674
77407,2016-10-10,04:16:00,271,2,346
77408,2016-10-10,04:23:00,122,1,6981
77409,2016-10-10,04:23:00,12,1,5945
77410,2016-10-10,04:23:00,21,1,3329
77411,2016-10-10,04:25:00,355,2,3885
77412,2016-10-10,04:26:00,382,2,1738
77413,2016-10-10,04:33:00,428,2,5187
77414,2016-10-10,04:37:00,116,2,2116
77415,2016-10-10,04:39:00,406,1,9267
77416,2016-10-10,04:40:00,290,2,9209
77417,2016-10-10,04:45:00,257,2,4779
77418,2016-10-10,04:55:00,281,2,6659
77419,2016-10-10,05:03:00,61,3,10181
77420,2016-10-10,05:06:00,289,4,10000
77421,2016-10-10,05:20:00,436,2,3535
77422,2016-10-10,05:22:00,185,1,7325
77423,2016-10-10,05:23:00,314,2,9455
77424,2016-10-10,05:54:00,219,2,7962
77425,2016-10-10,05:58:00,286,1,5897
77426,2016-10-10,06:08:00,317,1,4783
77427,2016-10-10,06:08:00,261,1,1402
77428,2016-10-10,06:09:00,6,2,61
77429,2016-10-10,06:17:00,330,2,4743
77430,2016-10-10,06:23:00,407,2,3074
77431,2016-10-10,06:37:00,139,1,5016
77432,2016-10-10,06:40:00,312,3,1238
77433,2016-10-10,06:45:00,239,3,2449
77434,2016-10-10,06:49:00,397,4,915
77435,2016-10-10,06:50:00,131,1,11354
77436,2016-10-10,07:01:00,433,2,7630
77437,2016-10-10,07:08:00,381,1,1713
77438,2016-10-10,07:08:00,221,3,6139
77439,2016-10-10,07:13:00,87,2,9441
77440,2016-10-10,07:13:00,311,2,9023
77441,2016-10-10,07:14:00,152,2,9132
77442,2016-10-10,07:23:00,154,2,6539
77443,2016-10-10,07:32:00,176,1,10019
77444,2016-10-10,07:44:00,379,2,3714
77445,2016-10-10,07:44:00,65,1,9197
77446,2016-10-10,07:45:00,415,3,9349
77447,2016-10-10,07:46:00,132,1,9926
77448,2016-10-10,07:48:00,420,3,11559
77449,2016-10-10,07:49:00,339,2,9569
77450,2016-10-10,07:51:00,335,2,7434
77451,2016-10-10,07:52:00,277,1,6724
77452,2016-10-10,07:53:00,281,2,6506
77453,2016-10-10,07:58:00,239,2,9408
77454,2016-10-10,08:08:00,224,1,5888
77455,2016-10-10,08:17:00,246,2,11414
77456,2016-10-10,08:18:00,3,1,2588
77457,2016-10-10,08:18:00,75,1,10625
77458,2016-10-10,08:35:00,327,1,6422
77459,2016-10-10,08:35:00,332,3,7654
77460,2016-10-10,08:38:00,80,2,2138
77461,2016-10-10,08:43:00,352,3,5117
77462,2016-10-10,08:45:00,416,1,5012
77463,2016-10-10,08:45:00,306,1,5344
77464,2016-10-10,08:48:00,344,1,7311
77465,2016-10-10,08:52:00,350,2,3709
77466,2016-10-10,08:56:00,92,2,5
77467,2016-10-10,08:56:00,172,1,3833
77468,2016-10-10,08:57:00,134,1,5755
77469,2016-10-10,09:01:00,427,2,3370
77470,2016-10-10,09:05:00,312,2,9405
77471,2016-10-10,09:08:00,286,1,9188
77472,2016-10-10,09:11:00,183,1,9868
77473,2016-10-10,09:11:00,120,3,6983
77474,2016-10-10,09:14:00,99,3,812
77475,2016-10-10,09:17:00,316,1,3795
77476,2016-10-10,09:33:00,351,2,8354
77477,2016-10-10,09:34:00,232,4,7919
77478,2016-10-10,09:36:00,70,4,2177
77479,2016-10-10,09:40:00,379,1,5669
77480,2016-10-10,09:42:00,291,2,1758
77481,2016-10-10,09:44:00,320,5,7622
77482,2016-10-10,09:46:00,165,1,5648
77483,2016-10-10,09:52:00,32,2,10485
77484,2016-10-10,09:54:00,182,2,790
77485,2016-10-10,09:59:00,148,2,4898
77486,2016-10-10,10:06:00,234,3,10131
77487,2016-10-10,10:09:00,33,1,7751
77488,2016-10-10,10:12:00,146,1,11959
77489,2016-10-10,10:19:00,161,3,8650
77490,2016-10-10,10:22:00,53,2,3463
77491,2016-10-10,10:29:00,186,3,10572
77492,2016-10-10,10:38:00,355,1,9035
77493,2016-10-10,10:39:00,197,1,10007
77494,2016-10-10,10:46:00,324,2,11620
77495,2016-10-10,10:46:00,378,3,2662
77496,2016-10-10,10:51:00,103,2,10839
77497,2016-10-10,10:57:00,379,2,5013
77498,2016-10-10,11:01:00,97,2,714
77499,2016-10-10,11:16:00,22,1,169
77500,2016-10-10,11:17:00,447,2,9130
77501,2016-10-10,11:27:00,457,1,8055
77502,2016-10-10,11:27:00,181,1,5200
77503,2016-10-10,11:32:00,310,2,6740
77504,2016-10-10,11:38:00,288,1,9313
77505,2016-10-10,11:50:00,216,2,4732
77506,2016-10-10,11:58:00,167,1,5264
77507,2016-10-10,11:59:00,1,2,119
77508,2016-10-10,12:06:00,56,1,9016
77509,2016-10-10,12:08:00,134,1,5957
77510,2016-10-10,12:16:00,453,2,10698
77511,2016-10-10,12:17:00,87,3,8245
77512,2016-10-10,12:18:00,310,1,4149
77513,2016-10-10,12:34:00,295,2,2685
77514,2016-10-10,12:40:00,113,2,2441
77515,2016-10-10,12:42:00,180,4,8625
77516,2016-10-10,12:45:00,47,2,686
77517,2016-10-10,12:47:00,282,1,8636
77518,2016-10-10,12:51:00,341,1,8291
77519,2016-10-10,12:54:00,326,1,3028
77520,2016-10-10,12:56:00,205,1,10893
77521,2016-10-10,12:59:00,375,1,9761
77522,2016-10-10,13:02:00,205,1,4055
77523,2016-10-10,13:04:00,323,1,5421
77524,2016-10-10,13:10:00,396,2,7402
77525,2016-10-10,13:15:00,150,3,7639
77526,2016-10-10,13:15:00,395,3,347
77527,2016-10-10,13:18:00,144,2,5702
77528,2016-10-10,13:30:00,262,2,7848
77529,2016-10-10,13:38:00,367,1,8282
77530,2016-10-10,13:38:00,443,3,7426
77531,2016-10-10,13:43:00,75,1,4925
77532,2016-10-10,13:46:00,29,2,3349
77533,2016-10-10,13:46:00,237,1,10831
77534,2016-10-10,13:52:00,285,2,4789
77535,2016-10-10,13:54:00,92,1,287
77536,2016-10-10,13:56:00,446,1,7809
77537,2016-10-10,14:02:00,231,1,10092
77538,2016-10-10,14:02:00,103,2,10500
77539,2016-10-10,14:07:00,280,2,3864
77540,2016-10-10,14:13:00,55,2,6865
77541,2016-10-10,14:15:00,221,1,10453
77542,2016-10-10,14:15:00,68,1,2057
77543,2016-10-10,14:17:00,27,4,6510
77544,2016-10-10,14:20:00,122,1,6798
77545,2016-10-10,14:23:00,24,2,7924
77546,2016-10-10,14:33:00,143,3,11916
77547,2016-10-10,14:47:00,240,2,9132
77548,2016-10-10,14:48:00,166,3,4472
77549,2016-10-10,14:56:00,200,5,6211
77550,2016-10-10,14:56:00,172,3,8744
77551,2016-10-10,14:57:00,122,1,4497
77552,2016-10-10,15:02:00,211,2,6877
77553,2016-10-10,15:14:00,98,2,2816
77554,2016-10-10,15:15:00,256,3,7981
77555,2016-10-10,15:16:00,408,2,4186
77556,2016-10-10,15:16:00,116,2,3085
77557,2016-10-10,15:25:00,15,1,6177
77558,2016-10-10,15:28:00,128,2,2010
77559,2016-10-10,15:31:00,358,2,10244
77560,2016-10-10,15:34:00,232,2,9719
77561,2016-10-10,15:49:00,349,4,2585
77562,2016-10-10,15:58:00,366,3,6766
77563,2016-10-10,15:58:00,254,2,5175
77564,2016-10-10,15:59:00,438,2,8318
77565,2016-10-10,16:03:00,170,2,3156
77566,2016-10-10,16:06:00,91,2,9666
77567,2016-10-10,16:10:00,221,2,7106
77568,2016-10-10,16:15:00,218,2,91
77569,2016-10-10,16:21:00,439,2,2561
77570,2016-10-10,16:23:00,289,2,6386
77571,2016-10-10,16:26:00,398,4,434
77572,2016-10-10,16:29:00,368,1,3545
77573,2016-10-10,16:34:00,171,2,11131
77574,2016-10-10,16:40:00,410,2,4981
77575,2016-10-10,16:44:00,188,4,1917
77576,2016-10-10,16:49:00,184,3,9599
77577,2016-10-10,16:54:00,229,4,3367
77578,2016-10-10,16:56:00,412,5,7739
77579,2016-10-10,17:05:00,252,2,9450
77580,2016-10-10,17:06:00,383,3,1310
77581,2016-10-10,17:13:00,109,1,1885
77582,2016-10-10,17:14:00,170,1,2366
77583,2016-10-10,17:26:00,246,3,7047
77584,2016-10-10,17:30:00,136,2,11201
77585,2016-10-10,17:30:00,67,2,3490
77586,2016-10-10,17:39:00,421,1,4305
77587,2016-10-10,17:42:00,388,1,7047
77588,2016-10-10,17:47:00,77,2,4694
77589,2016-10-10,17:53:00,38,2,10017
77590,2016-10-10,17:56:00,376,3,4237
77591,2016-10-10,17:57:00,77,5,9895
77592,2016-10-10,17:58:00,218,2,5377
77593,2016-10-10,18:03:00,305,3,9979
77594,2016-10-10,18:12:00,261,1,235
77595,2016-10-10,18:16:00,170,3,2572
77596,2016-10-10,18:20:00,451,3,433
77597,2016-10-10,18:23:00,69,3,2265
77598,2016-10-10,18:29:00,67,3,1799
77599,2016-10-10,18:35:00,44,1,10914
77600,2016-10-10,18:41:00,227,2,10559
77601,2016-10-10,18:51:00,44,1,4948
77602,2016-10-10,18:54:00,284,2,11717
77603,2016-10-10,18:59:00,267,1,9345
77604,2016-10-10,19:02:00,123,1,11867
77605,2016-10-10,19:22:00,9,1,7835
77606,2016-10-10,19:24:00,75,2,2242
77607,2016-10-10,19:27:00,266,2,502
77608,2016-10-10,19:29:00,216,1,506
77609,2016-10-10,19:32:00,150,3,219
77610,2016-10-10,19:41:00,75,3,10411
77611,2016-10-10,19:42:00,277,2,17
77612,2016-10-10,19:48:00,115,3,2372
77613,2016-10-10,19:50:00,244,1,38
77614,2016-10-10,19:58:00,75,2,9608
77615,2016-10-10,20:05:00,131,1,3228
77616,2016-10-10,20:05:00,151,1,4195
77617,2016-10-10,20:07:00,214,5,267
77618,2016-10-10,20:16:00,102,1,5295
77619,2016-10-10,20:17:00,384,2,10905
77620,2016-10-10,20:17:00,203,4,4179
77621,2016-10-10,20:31:00,409,3,7440
77622,2016-10-10,20:33:00,247,1,7340
77623,2016-10-10,20:36:00,67,1,5174
77624,2016-10-10,20:38:00,230,3,1564
77625,2016-10-10,20:39:00,453,3,9692
77626,2016-10-10,20:40:00,359,1,8771
77627,2016-10-10,20:51:00,424,2,9280
77628,2016-10-10,20:51:00,301,1,3826
77629,2016-10-10,20:56:00,223,1,1940
77630,2016-10-10,20:58:00,428,3,1334
77631,2016-10-10,21:02:00,181,1,7390
77632,2016-10-10,21:12:00,352,1,7465
77633,2016-10-10,21:17:00,142,1,7197
77634,2016-10-10,21:20:00,183,3,10863
77635,2016-10-10,21:22:00,370,1,10594
77636,2016-10-10,21:31:00,50,1,11271
77637,2016-10-10,21:32:00,160,2,6219
77638,2016-10-10,21:35:00,435,2,6302
77639,2016-10-10,21:44:00,206,4,9924
77640,2016-10-10,21:46:00,155,1,9922
77641,2016-10-10,21:49:00,359,3,11252
77642,2016-10-10,22:15:00,153,1,9989
77643,2016-10-10,22:20:00,204,1,11161
77644,2016-10-10,22:21:00,360,1,11759
77645,2016-10-10,22:28:00,295,3,7627
77646,2016-10-10,22:28:00,72,1,3754
77647,2016-10-10,22:38:00,283,2,7293
77648,2016-10-10,22:39:00,101,3,6039
77649,2016-10-10,23:00:00,370,3,5960
77650,2016-10-10,23:03:00,364,1,3251
77651,2016-10-10,23:12:00,243,2,1926
77652,2016-10-10,23:15:00,366,1,6394
77653,2016-10-10,23:15:00,263,4,1593
77654,2016-10-10,23:18:00,188,1,9739
77655,2016-10-10,23:19:00,4,1,10457
77656,2016-10-10,23:21:00,90,2,8699
77657,2016-10-10,23:46:00,409,2,3438
77658,2016-10-10,23:50:00,414,2,7509
77659,2016-10-10,23:53:00,347,1,8698
77660,2016-10-10,23:59:00,4,2,4513
77661,2016-10-11,00:00:00,110,1,892
77662,2016-10-11,00:06:00,161,2,5636
77663,2016-10-11,00:07:00,82,1,4636
77664,2016-10-11,00:09:00,331,1,415
77665,2016-10-11,00:15:00,193,2,1621
77666,2016-10-11,00:15:00,363,3,3477
77667,2016-10-11,00:16:00,267,2,1156
77668,2016-10-11,00:17:00,35,5,6185
77669,2016-10-11,00:31:00,300,3,7746
77670,2016-10-11,00:43:00,154,2,5121
77671,2016-10-11,00:53:00,222,2,10351
77672,2016-10-11,00:53:00,217,3,5528
77673,2016-10-11,01:19:00,113,2,11107
77674,2016-10-11,01:25:00,108,1,3081
77675,2016-10-11,01:34:00,152,1,3322
77676,2016-10-11,01:49:00,49,1,11827
77677,2016-10-11,01:53:00,116,1,2884
77678,2016-10-11,01:56:00,290,2,4181
77679,2016-10-11,02:07:00,187,1,2396
77680,2016-10-11,02:10:00,227,1,5182
77681,2016-10-11,02:14:00,13,2,9521
77682,2016-10-11,02:28:00,371,3,8348
77683,2016-10-11,02:32:00,102,2,937
77684,2016-10-11,02:40:00,84,3,6194
77685,2016-10-11,02:41:00,395,1,10733
77686,2016-10-11,02:42:00,30,2,10267
77687,2016-10-11,02:46:00,134,2,8830
77688,2016-10-11,02:55:00,228,2,9887
77689,2016-10-11,02:59:00,193,2,5430
77690,2016-10-11,03:21:00,289,2,11061
77691,2016-10-11,03:30:00,226,1,9465
77692,2016-10-11,03:31:00,391,2,9486
77693,2016-10-11,03:39:00,63,1,2933
77694,2016-10-11,03:43:00,101,4,9318
77695,2016-10-11,03:48:00,239,2,1345
77696,2016-10-11,03:51:00,443,3,11256
77697,2016-10-11,03:54:00,91,3,2046
77698,2016-10-11,03:58:00,22,1,7186
77699,2016-10-11,03:59:00,20,3,1356
77700,2016-10-11,04:00:00,115,1,9219
77701,2016-10-11,04:00:00,235,2,6749
77702,2016-10-11,04:19:00,2,2,6087
77703,2016-10-11,04:28:00,335,4,10844
77704,2016-10-11,04:37:00,412,1,4915
77705,2016-10-11,04:42:00,407,1,3817
77706,2016-10-11,04:43:00,204,3,6026
77707,2016-10-11,04:54:00,313,4,1350
77708,2016-10-11,04:59:00,119,1,8590
77709,2016-10-11,05:06:00,458,5,6007
77710,2016-10-11,05:12:00,126,2,4630
77711,2016-10-11,05:31:00,138,3,10855
77712,2016-10-11,05:48:00,279,2,4955
77713,2016-10-11,05:56:00,124,3,176
77714,2016-10-11,05:58:00,403,1,4953
77715,2016-10-11,06:02:00,198,4,6682
77716,2016-10-11,06:14:00,26,1,8476
77717,2016-10-11,06:22:00,378,2,7469
77718,2016-10-11,06:25:00,335,2,7335
77719,2016-10-11,06:41:00,392,2,4097
77720,2016-10-11,06:52:00,458,3,4888
77721,2016-10-11,06:56:00,448,2,9811
77722,2016-10-11,07:02:00,218,1,3611
77723,2016-10-11,07:15:00,402,2,5068
77724,2016-10-11,07:25:00,437,2,2130
77725,2016-10-11,07:26:00,350,3,50
77726,2016-10-11,07:29:00,192,2,10603
77727,2016-10-11,07:38:00,48,2,10722
77728,2016-10-11,07:41:00,116,3,3602
77729,2016-10-11,07:46:00,351,1,3641
77730,2016-10-11,07:55:00,411,1,9252
77731,2016-10-11,07:55:00,311,3,5880
77732,2016-10-11,07:56:00,294,3,11720
77733,2016-10-11,07:57:00,107,2,3724
77734,2016-10-11,07:59:00,355,2,7043
77735,2016-10-11,08:03:00,176,1,11346
77736,2016-10-11,08:07:00,303,4,4080
77737,2016-10-11,08:09:00,117,2,7405
77738,2016-10-11,08:10:00,63,2,5318
77739,2016-10-11,08:17:00,433,1,1675
77740,2016-10-11,08:24:00,89,2,1818
77741,2016-10-11,08:24:00,151,2,11856
77742,2016-10-11,08:48:00,337,2,10187
77743,2016-10-11,08:49:00,200,1,10872
77744,2016-10-11,08:58:00,417,1,7146
77745,2016-10-11,09:06:00,424,1,11611
77746,2016-10-11,09:10:00,304,3,3154
77747,2016-10-11,09:12:00,244,4,11750
77748,2016-10-11,09:14:00,434,3,6570
77749,2016-10-11,09:15:00,229,3,7645
77750,2016-10-11,09:28:00,22,1,1325
77751,2016-10-11,09:52:00,63,3,117
77752,2016-10-11,09:52:00,178,2,802
77753,2016-10-11,09:56:00,79,1,9035
77754,2016-10-11,09:59:00,304,2,10412
77755,2016-10-11,10:03:00,140,4,10702
77756,2016-10-11,10:12:00,327,2,10405
77757,2016-10-11,10:16:00,13,1,5053
77758,2016-10-11,10:17:00,34,2,7580
77759,2016-10-11,10:22:00,243,2,7412
77760,2016-10-11,10:24:00,301,2,11408
77761,2016-10-11,10:30:00,417,2,10113
77762,2016-10-11,10:51:00,117,1,11698
77763,2016-10-11,10:57:00,155,3,857
77764,2016-10-11,11:00:00,17,2,7415
77765,2016-10-11,11:04:00,114,5,976
77766,2016-10-11,11:05:00,225,1,2618
77767,2016-10-11,11:07:00,197,2,1383
77768,2016-10-11,11:14:00,111,2,11628
77769,2016-10-11,11:29:00,32,3,732
77770,2016-10-11,11:31:00,279,3,10333
77771,2016-10-11,11:31:00,199,2,2768
77772,2016-10-11,11:44:00,238,2,2323
77773,2016-10-11,11:44:00,346,1,706
77774,2016-10-11,11:44:00,360,1,9954
77775,2016-10-11,11:51:00,435,2,4050
77776,2016-10-11,11:52:00,43,2,3749
77777,2016-10-11,11:55:00,144,1,6357
77778,2016-10-11,11:57:00,346,3,7438
77779,2016-10-11,12:00:00,134,3,2369
77780,2016-10-11,12:13:00,114,3,6808
77781,2016-10-11,12:14:00,185,2,1130
77782,2016-10-11,12:15:00,5,3,3093
77783,2016-10-11,12:17:00,367,3,11882
77784,2016-10-11,12:20:00,70,3,7721
77785,2016-10-11,12:20:00,256,2,10615
77786,2016-10-11,12:22:00,266,4,139
77787,2016-10-11,12:25:00,384,5,9326
77788,2016-10-11,12:26:00,59,1,9978
77789,2016-10-11,12:31:00,281,2,2455
77790,2016-10-11,12:36:00,333,1,6771
77791,2016-10-11,12:39:00,188,2,7586
77792,2016-10-11,12:39:00,265,3,9255
77793,2016-10-11,12:43:00,3,1,6273
77794,2016-10-11,12:45:00,183,1,9577
77795,2016-10-11,13:17:00,170,3,1460
77796,2016-10-11,13:24:00,190,1,9545
77797,2016-10-11,13:39:00,10,1,4766
77798,2016-10-11,13:42:00,182,1,2719
77799,2016-10-11,13:46:00,204,1,9499
77800,2016-10-11,13:48:00,259,1,7440
77801,2016-10-11,13:51:00,451,2,11232
77802,2016-10-11,13:53:00,98,1,11469
77803,2016-10-11,13:53:00,102,1,2712
77804,2016-10-11,13:55:00,348,1,1108
77805,2016-10-11,14:26:00,317,4,413
77806,2016-10-11,14:29:00,178,1,2692
77807,2016-10-11,14:29:00,109,3,1346
77808,2016-10-11,14:31:00,103,3,10531
77809,2016-10-11,14:42:00,5,2,7001
77810,2016-10-11,14:53:00,409,1,11668
77811,2016-10-11,14:55:00,458,2,4171
77812,2016-10-11,14:57:00,2,1,967
77813,2016-10-11,15:01:00,404,3,3436
77814,2016-10-11,15:07:00,291,1,2857
77815,2016-10-11,15:16:00,139,1,7924
77816,2016-10-11,15:16:00,407,4,442
77817,2016-10-11,15:18:00,440,2,8255
77818,2016-10-11,15:19:00,337,2,2804
77819,2016-10-11,15:27:00,103,3,114
77820,2016-10-11,15:28:00,66,1,2089
77821,2016-10-11,15:36:00,264,1,1258
77822,2016-10-11,15:40:00,168,6,3703
77823,2016-10-11,15:54:00,117,2,1856
77824,2016-10-11,15:54:00,455,1,3739
77825,2016-10-11,15:54:00,449,2,6280
77826,2016-10-11,15:57:00,157,1,5151
77827,2016-10-11,16:00:00,75,1,11126
77828,2016-10-11,16:00:00,280,2,1669
77829,2016-10-11,16:02:00,4,2,4753
77830,2016-10-11,16:09:00,221,2,5805
77831,2016-10-11,16:15:00,242,1,7379
77832,2016-10-11,16:20:00,239,1,1440
77833,2016-10-11,16:24:00,269,1,1712
77834,2016-10-11,16:28:00,45,1,6798
77835,2016-10-11,16:33:00,42,1,11501
77836,2016-10-11,16:33:00,315,1,8160
77837,2016-10-11,16:37:00,435,3,2623
77838,2016-10-11,16:40:00,13,1,3788
77839,2016-10-11,16:44:00,421,3,8897
77840,2016-10-11,16:52:00,52,1,461
77841,2016-10-11,16:55:00,81,1,3950
77842,2016-10-11,16:56:00,2,1,2064
77843,2016-10-11,17:02:00,410,5,709
77844,2016-10-11,17:08:00,285,3,3190
77845,2016-10-11,17:15:00,42,2,4324
77846,2016-10-11,17:17:00,407,3,5289
77847,2016-10-11,17:25:00,446,1,9166
77848,2016-10-11,17:26:00,31,2,4759
77849,2016-10-11,17:27:00,235,4,7981
77850,2016-10-11,17:42:00,200,2,6788
77851,2016-10-11,17:51:00,270,3,1834
77852,2016-10-11,18:00:00,422,3,5776
77853,2016-10-11,18:02:00,456,2,9803
77854,2016-10-11,18:03:00,267,1,2289
77855,2016-10-11,18:07:00,68,1,9862
77856,2016-10-11,18:36:00,231,2,9739
77857,2016-10-11,18:39:00,64,2,4386
77858,2016-10-11,18:45:00,72,1,8432
77859,2016-10-11,18:47:00,275,4,7643
77860,2016-10-11,18:49:00,302,2,5252
77861,2016-10-11,18:54:00,134,2,10406
77862,2016-10-11,19:03:00,280,2,9945
77863,2016-10-11,19:07:00,27,3,786
77864,2016-10-11,19:11:00,114,2,8235
77865,2016-10-11,19:18:00,434,2,4013
77866,2016-10-11,19:24:00,135,3,9753
77867,2016-10-11,19:33:00,420,1,4727
77868,2016-10-11,19:36:00,241,2,2876
77869,2016-10-11,19:40:00,76,2,11014
77870,2016-10-11,19:43:00,343,2,6605
77871,2016-10-11,19:45:00,353,1,10013
77872,2016-10-11,19:50:00,214,4,7133
77873,2016-10-11,20:01:00,259,1,6710
77874,2016-10-11,20:10:00,132,2,6201
77875,2016-10-11,20:12:00,254,1,3663
77876,2016-10-11,20:13:00,59,1,2914
77877,2016-10-11,20:20:00,347,3,1755
77878,2016-10-11,20:21:00,225,1,8643
77879,2016-10-11,20:36:00,351,2,1427
77880,2016-10-11,20:44:00,457,1,528
77881,2016-10-11,20:53:00,223,2,2195
77882,2016-10-11,20:58:00,218,3,8670
77883,2016-10-11,20:58:00,105,2,1449
77884,2016-10-11,21:02:00,185,3,10932
77885,2016-10-11,21:06:00,2,1,7107
77886,2016-10-11,21:20:00,387,1,1073
77887,2016-10-11,21:23:00,342,5,11153
77888,2016-10-11,21:33:00,171,3,385
77889,2016-10-11,21:48:00,431,2,132
77890,2016-10-11,21:55:00,302,4,3746
77891,2016-10-11,21:55:00,242,1,6729
77892,2016-10-11,22:03:00,150,1,10454
77893,2016-10-11,22:20:00,180,4,11240
77894,2016-10-11,22:22:00,417,1,11724
77895,2016-10-11,22:52:00,106,4,4597
77896,2016-10-11,22:58:00,373,3,7819
77897,2016-10-11,23:04:00,141,2,2371
77898,2016-10-11,23:11:00,329,4,10274
77899,2016-10-11,23:14:00,374,1,11043
77900,2016-10-11,23:16:00,167,3,5907
77901,2016-10-11,23:17:00,440,1,2036
77902,2016-10-11,23:23:00,135,1,2094
77903,2016-10-11,23:23:00,190,3,9174
77904,2016-10-11,23:24:00,36,1,10977
77905,2016-10-11,23:31:00,159,2,551
77906,2016-10-11,23:32:00,142,2,9514
77907,2016-10-11,23:39:00,422,1,8638
77908,2016-10-11,23:42:00,399,2,6091
77909,2016-10-11,23:44:00,406,1,260
77910,2016-10-11,23:48:00,442,2,4420
77911,2016-10-11,23:57:00,271,1,10224
77912,2016-10-12,00:02:00,28,1,3804
77913,2016-10-12,00:03:00,406,2,1623
77914,2016-10-12,00:08:00,381,1,11560
77915,2016-10-12,00:08:00,115,2,10278
77916,2016-10-12,00:16:00,164,2,6275
77917,2016-10-12,00:19:00,81,1,2818
77918,2016-10-12,00:27:00,191,2,11539
77919,2016-10-12,00:36:00,295,2,6296
77920,2016-10-12,00:44:00,445,1,1363
77921,2016-10-12,00:47:00,239,1,11225
77922,2016-10-12,00:47:00,184,2,43
77923,2016-10-12,00:47:00,34,1,7903
77924,2016-10-12,00:48:00,454,2,10652
77925,2016-10-12,00:49:00,375,1,3894
77926,2016-10-12,00:52:00,7,2,1180
77927,2016-10-12,01:07:00,178,1,7474
77928,2016-10-12,01:23:00,215,1,3443
77929,2016-10-12,01:30:00,44,1,3591
77930,2016-10-12,01:31:00,325,3,4103
77931,2016-10-12,01:42:00,122,2,1551
77932,2016-10-12,01:49:00,243,2,7783
77933,2016-10-12,01:49:00,161,2,10510
77934,2016-10-12,01:51:00,163,2,3050
77935,2016-10-12,01:54:00,219,1,11824
77936,2016-10-12,01:56:00,433,2,2864
77937,2016-10-12,01:59:00,91,2,11242
77938,2016-10-12,02:22:00,287,2,6485
77939,2016-10-12,02:22:00,436,1,9990
77940,2016-10-12,02:40:00,84,2,7387
77941,2016-10-12,02:51:00,289,1,6344
77942,2016-10-12,02:52:00,228,1,3585
77943,2016-10-12,02:54:00,225,1,10928
77944,2016-10-12,02:58:00,302,1,7621
77945,2016-10-12,03:07:00,260,1,10099
77946,2016-10-12,03:14:00,228,1,8786
77947,2016-10-12,03:21:00,113,1,9600
77948,2016-10-12,03:22:00,29,2,8345
77949,2016-10-12,03:24:00,352,4,1650
77950,2016-10-12,03:28:00,165,3,8268
77951,2016-10-12,03:31:00,245,2,4550
77952,2016-10-12,03:33:00,288,1,1600
77953,2016-10-12,03:33:00,9,3,2670
77954,2016-10-12,03:34:00,57,3,4984
77955,2016-10-12,03:39:00,305,2,1493
77956,2016-10-12,03:40:00,390,4,5522
77957,2016-10-12,03:47:00,373,1,5174
77958,2016-10-12,03:51:00,154,3,11819
77959,2016-10-12,04:03:00,385,2,279
77960,2016-10-12,04:10:00,395,2,2671
77961,2016-10-12,04:15:00,309,4,9210
77962,2016-10-12,04:17:00,53,2,6365
77963,2016-10-12,04:20:00,251,2,9747
77964,2016-10-12,04:22:00,349,2,251
77965,2016-10-12,04:40:00,368,4,8133
77966,2016-10-12,04:42:00,65,1,819
77967,2016-10-12,04:47:00,137,2,10734
77968,2016-10-12,04:51:00,171,2,5124
77969,2016-10-12,04:51:00,174,1,10521
77970,2016-10-12,04:53:00,293,1,5812
77971,2016-10-12,04:55:00,183,1,9357
77972,2016-10-12,04:57:00,45,2,530
77973,2016-10-12,05:07:00,313,3,1761
77974,2016-10-12,05:07:00,184,3,10009
77975,2016-10-12,05:25:00,150,3,843
77976,2016-10-12,05:30:00,191,1,1050
77977,2016-10-12,05:30:00,193,3,3005
77978,2016-10-12,05:40:00,445,1,8609
77979,2016-10-12,05:42:00,422,2,3331
77980,2016-10-12,05:46:00,451,2,4559
77981,2016-10-12,05:51:00,394,1,4180
77982,2016-10-12,05:53:00,434,2,2610
77983,2016-10-12,05:56:00,80,1,11509
77984,2016-10-12,06:01:00,65,3,5097
77985,2016-10-12,06:03:00,406,2,7845
77986,2016-10-12,06:03:00,1,3,5154
77987,2016-10-12,06:12:00,452,3,5946
77988,2016-10-12,06:14:00,282,1,7728
77989,2016-10-12,06:18:00,416,1,10552
77990,2016-10-12,06:24:00,176,2,3603
77991,2016-10-12,06:27:00,282,2,2298
77992,2016-10-12,06:29:00,259,3,5808
77993,2016-10-12,06:32:00,187,1,5279
77994,2016-10-12,06:55:00,196,2,4455
77995,2016-10-12,07:12:00,114,4,77
77996,2016-10-12,07:16:00,450,4,7723
77997,2016-10-12,07:25:00,358,2,9461
77998,2016-10-12,07:27:00,267,2,7600
77999,2016-10-12,07:34:00,140,1,2916
78000,2016-10-12,07:37:00,457,1,4544
78001,2016-10-12,07:41:00,211,1,5222
78002,2016-10-12,07:47:00,48,1,6420
78003,2016-10-12,07:50:00,439,2,5357
78004,2016-10-12,08:01:00,167,1,7272
78005,2016-10-12,08:05:00,346,3,4308
78006,2016-10-12,08:07:00,337,1,7745
78007,2016-10-12,08:08:00,132,1,10316
78008,2016-10-12,08:10:00,133,2,9581
78009,2016-10-12,08:18:00,333,2,7808
78010,2016-10-12,08:20:00,199,1,10186
78011,2016-10-12,08:21:00,40,1,2613
78012,2016-10-12,08:23:00,233,2,2809
78013,2016-10-12,08:28:00,403,2,4880
78014,2016-10-12,08:30:00,34,2,10777
78015,2016-10-12,08:33:00,256,1,9077
78016,2016-10-12,08:37:00,37,2,2636
78017,2016-10-12,08:48:00,431,2,11336
78018,2016-10-12,09:01:00,234,4,10758
78019,2016-10-12,09:05:00,169,1,114
78020,2016-10-12,09:15:00,142,1,3713
78021,2016-10-12,09:17:00,2,1,11088
78022,2016-10-12,09:17:00,215,2,9128
78023,2016-10-12,09:20:00,127,3,2283
78024,2016-10-12,09:22:00,18,1,4563
78025,2016-10-12,09:22:00,264,1,11703
78026,2016-10-12,09:22:00,52,2,7499
78027,2016-10-12,09:31:00,81,2,3001
78028,2016-10-12,09:33:00,263,3,4001
78029,2016-10-12,09:33:00,397,3,5195
78030,2016-10-12,09:42:00,117,2,3886
78031,2016-10-12,09:44:00,264,4,2940
78032,2016-10-12,09:51:00,392,2,3430
78033,2016-10-12,09:59:00,71,2,11614
78034,2016-10-12,10:01:00,383,3,2353
78035,2016-10-12,10:06:00,179,1,7256
78036,2016-10-12,10:07:00,443,1,10647
78037,2016-10-12,10:23:00,12,1,297
78038,2016-10-12,10:31:00,426,1,7658
78039,2016-10-12,10:32:00,57,2,2543
78040,2016-10-12,10:38:00,293,2,1195
78041,2016-10-12,10:42:00,282,3,9877
78042,2016-10-12,10:42:00,433,2,5009
78043,2016-10-12,10:43:00,213,1,2487
78044,2016-10-12,10:52:00,60,1,8312
78045,2016-10-12,10:54:00,214,2,11559
78046,2016-10-12,11:02:00,320,2,2237
78047,2016-10-12,11:04:00,267,3,1341
78048,2016-10-12,11:06:00,333,3,9726
78049,2016-10-12,11:13:00,92,1,4176
78050,2016-10-12,11:14:00,129,4,7643
78051,2016-10-12,11:24:00,42,2,2722
78052,2016-10-12,11:28:00,235,3,6281
78053,2016-10-12,11:30:00,226,1,6920
78054,2016-10-12,11:35:00,387,1,282
78055,2016-10-12,11:49:00,79,2,5219
78056,2016-10-12,12:19:00,189,2,5357
78057,2016-10-12,12:30:00,392,2,3326
78058,2016-10-12,12:36:00,166,4,603
78059,2016-10-12,12:40:00,94,3,6549
78060,2016-10-12,12:42:00,27,1,7844
78061,2016-10-12,12:42:00,302,2,1696
78062,2016-10-12,12:43:00,255,1,1274
78063,2016-10-12,12:45:00,29,1,7270
78064,2016-10-12,12:47:00,195,2,6254
78065,2016-10-12,12:56:00,93,1,8838
78066,2016-10-12,12:56:00,269,2,5588
78067,2016-10-12,12:58:00,36,1,7930
78068,2016-10-12,13:00:00,168,1,8557
78069,2016-10-12,13:07:00,450,1,7139
78070,2016-10-12,13:11:00,354,4,5364
78071,2016-10-12,13:18:00,127,2,2260
78072,2016-10-12,13:19:00,429,2,9232
78073,2016-10-12,13:26:00,116,2,11283
78074,2016-10-12,13:26:00,376,3,4088
78075,2016-10-12,13:48:00,359,2,148
78076,2016-10-12,13:55:00,203,1,514
78077,2016-10-12,13:56:00,400,2,1763
78078,2016-10-12,14:03:00,308,1,8368
78079,2016-10-12,14:10:00,273,2,9077
78080,2016-10-12,14:11:00,248,2,545
78081,2016-10-12,14:12:00,41,2,7933
78082,2016-10-12,14:12:00,88,2,6218
78083,2016-10-12,14:35:00,155,4,9724
78084,2016-10-12,14:40:00,304,2,2434
78085,2016-10-12,14:40:00,113,3,7288
78086,2016-10-12,14:41:00,453,4,1996
78087,2016-10-12,14:41:00,436,2,7097
78088,2016-10-12,14:43:00,244,1,8938
78089,2016-10-12,14:43:00,212,1,5822
78090,2016-10-12,14:51:00,423,2,8782
78091,2016-10-12,14:52:00,42,2,6952
78092,2016-10-12,14:59:00,152,2,4104
78093,2016-10-12,15:14:00,159,2,9821
78094,2016-10-12,15:23:00,38,3,9743
78095,2016-10-12,15:24:00,52,2,7590
78096,2016-10-12,15:25:00,285,1,774
78097,2016-10-12,15:32:00,228,2,5550
78098,2016-10-12,15:33:00,435,4,3831
78099,2016-10-12,15:45:00,199,2,4732
78100,2016-10-12,15:47:00,420,3,10892
78101,2016-10-12,15:48:00,299,2,11880
78102,2016-10-12,15:51:00,292,2,2104
78103,2016-10-12,15:53:00,287,1,11356
78104,2016-10-12,15:54:00,374,1,8587
78105,2016-10-12,15:55:00,348,1,5855
78106,2016-10-12,15:55:00,339,3,4221
78107,2016-10-12,15:58:00,419,3,7363
78108,2016-10-12,16:06:00,391,1,75
78109,2016-10-12,16:18:00,81,1,3358
78110,2016-10-12,16:20:00,376,3,437
78111,2016-10-12,16:24:00,5,1,7927
78112,2016-10-12,16:25:00,422,3,3094
78113,2016-10-12,16:31:00,194,3,10201
78114,2016-10-12,16:37:00,427,3,6758
78115,2016-10-12,16:42:00,357,2,2962
78116,2016-10-12,16:52:00,317,3,1122
78117,2016-10-12,16:56:00,289,3,1376
78118,2016-10-12,17:06:00,423,1,4867
78119,2016-10-12,17:14:00,166,1,1394
78120,2016-10-12,17:18:00,153,4,5082
78121,2016-10-12,17:27:00,306,3,533
78122,2016-10-12,17:29:00,162,2,11855
78123,2016-10-12,17:34:00,439,1,8986
78124,2016-10-12,17:50:00,204,1,7482
78125,2016-10-12,17:51:00,408,4,1644
78126,2016-10-12,17:51:00,168,1,7246
78127,2016-10-12,18:10:00,457,2,2388
78128,2016-10-12,18:10:00,156,3,3235
78129,2016-10-12,18:16:00,186,1,6674
78130,2016-10-12,18:25:00,76,3,1854
78131,2016-10-12,18:26:00,437,3,3144
78132,2016-10-12,18:26:00,353,2,8660
78133,2016-10-12,18:28:00,303,2,11744
78134,2016-10-12,18:35:00,129,4,4255
78135,2016-10-12,18:36:00,116,3,11212
78136,2016-10-12,18:36:00,366,1,5618
78137,2016-10-12,18:45:00,417,2,9205
78138,2016-10-12,18:46:00,442,3,9275
78139,2016-10-12,18:46:00,100,2,8309
78140,2016-10-12,19:00:00,53,3,2891
78141,2016-10-12,19:04:00,43,1,8337
78142,2016-10-12,19:13:00,327,3,1075
78143,2016-10-12,19:14:00,358,2,2430
78144,2016-10-12,19:16:00,84,2,10799
78145,2016-10-12,19:17:00,423,2,6682
78146,2016-10-12,19:21:00,45,2,7455
78147,2016-10-12,19:25:00,306,2,2811
78148,2016-10-12,19:33:00,116,2,6279
78149,2016-10-12,19:34:00,381,2,6204
78150,2016-10-12,19:34:00,356,1,5462
78151,2016-10-12,19:38:00,389,3,7267
78152,2016-10-12,19:39:00,139,1,6675
78153,2016-10-12,19:39:00,356,2,6601
78154,2016-10-12,19:40:00,257,2,4820
78155,2016-10-12,19:47:00,367,1,2587
78156,2016-10-12,19:47:00,95,1,9887
78157,2016-10-12,19:57:00,234,2,10490
78158,2016-10-12,19:58:00,428,2,7666
78159,2016-10-12,19:59:00,405,3,2436
78160,2016-10-12,20:01:00,272,2,811
78161,2016-10-12,20:05:00,426,2,10220
78162,2016-10-12,20:06:00,233,3,2600
78163,2016-10-12,20:06:00,215,1,6186
78164,2016-10-12,20:17:00,165,2,2986
78165,2016-10-12,20:18:00,266,2,6429
78166,2016-10-12,20:20:00,455,1,154
78167,2016-10-12,20:21:00,323,2,11127
78168,2016-10-12,20:26:00,137,1,10973
78169,2016-10-12,20:29:00,223,4,11930
78170,2016-10-12,20:31:00,369,2,8066
78171,2016-10-12,20:36:00,54,2,1146
78172,2016-10-12,20:40:00,292,2,3032
78173,2016-10-12,20:47:00,396,3,7300
78174,2016-10-12,21:14:00,433,1,835
78175,2016-10-12,21:15:00,417,2,6136
78176,2016-10-12,21:18:00,30,4,1706
78177,2016-10-12,21:20:00,261,3,11041
78178,2016-10-12,21:23:00,322,2,5658
78179,2016-10-12,21:28:00,19,1,5676
78180,2016-10-12,21:34:00,358,3,6158
78181,2016-10-12,21:35:00,188,2,8477
78182,2016-10-12,21:41:00,400,1,7048
78183,2016-10-12,21:42:00,213,3,2428
78184,2016-10-12,21:47:00,335,2,9914
78185,2016-10-12,21:55:00,8,2,8307
78186,2016-10-12,21:59:00,91,3,4848
78187,2016-10-12,22:09:00,111,3,4774
78188,2016-10-12,22:21:00,57,2,10937
78189,2016-10-12,22:35:00,78,1,10733
78190,2016-10-12,22:37:00,75,2,11565
78191,2016-10-12,22:39:00,389,1,9441
78192,2016-10-12,22:39:00,234,2,6905
78193,2016-10-12,22:59:00,394,2,10518
78194,2016-10-12,23:01:00,260,1,5677
78195,2016-10-12,23:07:00,94,1,9497
78196,2016-10-12,23:13:00,334,1,682
78197,2016-10-12,23:14:00,130,4,2941
78198,2016-10-12,23:14:00,39,1,1108
78199,2016-10-12,23:17:00,103,3,6836
78200,2016-10-12,23:19:00,107,1,11276
78201,2016-10-12,23:24:00,141,1,11009
78202,2016-10-12,23:29:00,409,1,1585
78203,2016-10-12,23:35:00,156,1,11162
78204,2016-10-12,23:38:00,137,1,8166
78205,2016-10-12,23:44:00,348,3,7183
78206,2016-10-12,23:45:00,78,2,438
78207,2016-10-12,23:49:00,207,2,10416
78208,2016-10-12,23:52:00,290,5,10974
78209,2016-10-12,23:56:00,258,1,1810
78210,2016-10-12,23:56:00,279,2,11855
78211,2016-10-12,23:57:00,113,2,3209
78212,2016-10-12,23:57:00,85,2,6613
78213,2016-10-13,00:00:00,28,1,1486
78214,2016-10-13,00:02:00,388,3,1204
78215,2016-10-13,00:10:00,44,1,8354
78216,2016-10-13,00:13:00,60,3,9302
78217,2016-10-13,00:19:00,17,2,2339
78218,2016-10-13,00:19:00,247,1,8694
78219,2016-10-13,00:27:00,204,4,10458
78220,2016-10-13,00:27:00,302,2,695
78221,2016-10-13,00:30:00,54,1,1899
78222,2016-10-13,00:32:00,199,1,3081
78223,2016-10-13,00:34:00,323,1,7649
78224,2016-10-13,00:36:00,417,3,493
78225,2016-10-13,00:37:00,238,3,11146
78226,2016-10-13,00:45:00,185,2,2230
78227,2016-10-13,00:55:00,6,2,3129
78228,2016-10-13,01:01:00,432,2,4971
78229,2016-10-13,01:07:00,108,3,10682
78230,2016-10-13,01:10:00,384,2,31
78231,2016-10-13,01:11:00,347,1,10061
78232,2016-10-13,01:21:00,63,3,8982
78233,2016-10-13,01:34:00,97,1,5674
78234,2016-10-13,01:41:00,399,1,7409
78235,2016-10-13,01:44:00,56,3,5881
78236,2016-10-13,01:47:00,335,2,2872
78237,2016-10-13,01:49:00,203,2,5852
78238,2016-10-13,01:50:00,57,1,3049
78239,2016-10-13,01:57:00,211,1,3332
78240,2016-10-13,01:58:00,367,2,6926
78241,2016-10-13,02:07:00,269,1,4105
78242,2016-10-13,02:09:00,206,1,10228
78243,2016-10-13,02:13:00,436,2,4719
78244,2016-10-13,02:15:00,81,1,6464
78245,2016-10-13,02:17:00,138,1,5572
78246,2016-10-13,02:23:00,324,1,10457
78247,2016-10-13,02:25:00,108,1,610
78248,2016-10-13,02:31:00,377,2,3305
78249,2016-10-13,02:33:00,294,2,2183
78250,2016-10-13,02:37:00,69,1,3515
78251,2016-10-13,02:42:00,50,2,9929
78252,2016-10-13,02:57:00,404,2,1852
78253,2016-10-13,02:59:00,141,3,8165
78254,2016-10-13,03:02:00,133,2,6061
78255,2016-10-13,03:03:00,261,1,11217
78256,2016-10-13,03:10:00,110,2,11472
78257,2016-10-13,03:13:00,258,2,2627
78258,2016-10-13,03:26:00,319,3,1064
78259,2016-10-13,03:33:00,302,1,976
78260,2016-10-13,03:44:00,277,3,3426
78261,2016-10-13,03:49:00,8,1,9932
78262,2016-10-13,03:50:00,220,1,1493
78263,2016-10-13,03:50:00,293,2,7749
78264,2016-10-13,03:51:00,290,1,7094
78265,2016-10-13,03:51:00,287,1,11630
78266,2016-10-13,03:56:00,82,1,2017
78267,2016-10-13,04:00:00,449,1,1970
78268,2016-10-13,04:03:00,203,2,2203
78269,2016-10-13,04:08:00,81,3,5453
78270,2016-10-13,04:09:00,22,4,6535
78271,2016-10-13,04:09:00,414,1,6215
78272,2016-10-13,04:11:00,117,1,1421
78273,2016-10-13,04:12:00,376,2,6192
78274,2016-10-13,04:16:00,457,2,4935
78275,2016-10-13,04:17:00,197,3,3162
78276,2016-10-13,04:17:00,355,3,125
78277,2016-10-13,04:21:00,314,3,1446
78278,2016-10-13,04:27:00,447,1,2979
78279,2016-10-13,04:29:00,261,4,555
78280,2016-10-13,04:37:00,404,2,6054
78281,2016-10-13,04:43:00,440,3,8065
78282,2016-10-13,04:48:00,346,2,1120
78283,2016-10-13,04:57:00,315,2,6864
78284,2016-10-13,05:05:00,418,2,3286
78285,2016-10-13,05:11:00,81,1,5526
78286,2016-10-13,05:17:00,215,1,10450
78287,2016-10-13,05:19:00,458,1,8283
78288,2016-10-13,05:23:00,444,1,6129
78289,2016-10-13,05:25:00,3,4,10620
78290,2016-10-13,05:28:00,208,1,2740
78291,2016-10-13,05:30:00,328,1,7811
78292,2016-10-13,05:39:00,172,2,7236
78293,2016-10-13,05:41:00,103,1,10350
78294,2016-10-13,05:43:00,68,3,6691
78295,2016-10-13,05:50:00,72,3,4076
78296,2016-10-13,06:06:00,281,2,11349
78297,2016-10-13,06:07:00,81,2,6559
78298,2016-10-13,06:11:00,297,1,7499
78299,2016-10-13,06:27:00,212,2,9010
78300,2016-10-13,06:28:00,165,3,10667
78301,2016-10-13,06:31:00,352,2,6348
78302,2016-10-13,06:32:00,143,1,4645
78303,2016-10-13,06:36:00,258,2,10494
78304,2016-10-13,06:39:00,95,2,1840
78305,2016-10-13,06:41:00,343,1,8089
78306,2016-10-13,06:44:00,388,1,11895
78307,2016-10-13,06:47:00,152,3,11683
78308,2016-10-13,06:58:00,131,2,917
78309,2016-10-13,06:59:00,175,2,5286
78310,2016-10-13,07:00:00,323,1,4163
78311,2016-10-13,07:03:00,117,1,5663
78312,2016-10-13,07:03:00,161,4,9729
78313,2016-10-13,07:10:00,1,1,3728
78314,2016-10-13,07:16:00,55,1,8902
78315,2016-10-13,07:40:00,292,1,6559
78316,2016-10-13,07:42:00,324,2,8772
78317,2016-10-13,07:51:00,129,2,8036
78318,2016-10-13,07:58:00,234,2,163
78319,2016-10-13,08:05:00,395,1,5372
78320,2016-10-13,08:15:00,426,4,2439
78321,2016-10-13,08:34:00,451,3,5249
78322,2016-10-13,08:41:00,48,4,7600
78323,2016-10-13,08:42:00,320,2,1101
78324,2016-10-13,08:42:00,443,3,4791
78325,2016-10-13,08:52:00,279,2,2717
78326,2016-10-13,08:54:00,241,1,10635
78327,2016-10-13,09:01:00,34,3,8986
78328,2016-10-13,09:11:00,6,4,8709
78329,2016-10-13,09:14:00,245,3,967
78330,2016-10-13,09:18:00,23,1,7817
78331,2016-10-13,09:18:00,257,2,11643
78332,2016-10-13,09:21:00,136,3,1768
78333,2016-10-13,09:34:00,296,2,11019
78334,2016-10-13,09:34:00,71,1,4788
78335,2016-10-13,09:40:00,186,2,9635
78336,2016-10-13,09:40:00,416,4,7994
78337,2016-10-13,09:49:00,303,1,4705
78338,2016-10-13,10:04:00,206,5,3688
78339,2016-10-13,10:15:00,423,1,1200
78340,2016-10-13,10:26:00,73,1,2625
78341,2016-10-13,10:29:00,19,1,7813
78342,2016-10-13,10:59:00,374,2,10682
78343,2016-10-13,11:08:00,381,1,10556
78344,2016-10-13,11:30:00,433,6,10627
78345,2016-10-13,12:04:00,159,3,7622
78346,2016-10-13,12:05:00,286,1,5374
78347,2016-10-13,12:13:00,429,2,8619
78348,2016-10-13,12:14:00,401,4,3164
78349,2016-10-13,12:21:00,250,1,3891
78350,2016-10-13,12:22:00,451,3,2242
78351,2016-10-13,12:34:00,191,2,4319
78352,2016-10-13,12:37:00,331,1,4329
78353,2016-10-13,12:46:00,373,1,3189
78354,2016-10-13,12:46:00,319,2,10077
78355,2016-10-13,12:50:00,266,3,4693
78356,2016-10-13,12:50:00,290,2,6715
78357,2016-10-13,12:55:00,365,3,3953
78358,2016-10-13,12:55:00,346,1,1740
78359,2016-10-13,12:57:00,199,1,4709
78360,2016-10-13,12:57:00,113,2,11470
78361,2016-10-13,13:00:00,330,3,3941
78362,2016-10-13,13:05:00,273,1,10877
78363,2016-10-13,13:07:00,429,2,4146
78364,2016-10-13,13:08:00,310,1,3117
78365,2016-10-13,13:14:00,328,4,2310
78366,2016-10-13,13:16:00,147,3,1286
78367,2016-10-13,13:26:00,237,3,10377
78368,2016-10-13,13:28:00,336,5,7535
78369,2016-10-13,13:28:00,335,1,804
78370,2016-10-13,13:34:00,207,5,6145
78371,2016-10-13,13:36:00,164,2,4666
78372,2016-10-13,13:37:00,286,2,6959
78373,2016-10-13,13:37:00,293,2,8746
78374,2016-10-13,13:45:00,174,2,6284
78375,2016-10-13,13:48:00,437,4,10665
78376,2016-10-13,13:54:00,132,1,345
78377,2016-10-13,14:04:00,388,2,7310
78378,2016-10-13,14:06:00,369,2,2672
78379,2016-10-13,14:07:00,85,2,11916
78380,2016-10-13,14:08:00,60,1,4292
78381,2016-10-13,14:09:00,414,1,2814
78382,2016-10-13,14:12:00,29,3,812
78383,2016-10-13,14:21:00,294,2,5555
78384,2016-10-13,14:25:00,104,1,7641
78385,2016-10-13,14:25:00,374,1,272
78386,2016-10-13,14:31:00,296,1,7593
78387,2016-10-13,14:36:00,386,1,6747
78388,2016-10-13,14:39:00,3,2,3702
78389,2016-10-13,14:41:00,341,4,2848
78390,2016-10-13,14:45:00,69,1,864
78391,2016-10-13,14:46:00,273,2,9734
78392,2016-10-13,14:59:00,358,3,2510
78393,2016-10-13,15:06:00,59,4,2547
78394,2016-10-13,15:20:00,105,3,5243
78395,2016-10-13,15:24:00,121,2,7975
78396,2016-10-13,15:29:00,33,5,1426
78397,2016-10-13,15:30:00,342,2,10953
78398,2016-10-13,15:36:00,298,2,9255
78399,2016-10-13,15:43:00,396,1,9686
78400,2016-10-13,15:44:00,227,2,3079
78401,2016-10-13,15:51:00,356,1,4158
78402,2016-10-13,15:54:00,187,2,3855
78403,2016-10-13,15:54:00,147,1,10572
78404,2016-10-13,15:59:00,367,2,7527
78405,2016-10-13,16:00:00,331,1,1426
78406,2016-10-13,16:00:00,137,2,9422
78407,2016-10-13,16:07:00,97,4,9924
78408,2016-10-13,16:12:00,169,5,1502
78409,2016-10-13,16:12:00,110,1,2591
78410,2016-10-13,16:18:00,180,2,2636
78411,2016-10-13,16:23:00,436,4,10095
78412,2016-10-13,16:26:00,167,3,5689
78413,2016-10-13,16:30:00,112,4,5122
78414,2016-10-13,16:38:00,276,2,1828
78415,2016-10-13,16:43:00,148,1,4876
78416,2016-10-13,16:43:00,257,5,9768
78417,2016-10-13,16:50:00,37,1,5825
78418,2016-10-13,16:53:00,36,2,5932
78419,2016-10-13,16:54:00,100,1,4032
78420,2016-10-13,16:54:00,46,2,10949
78421,2016-10-13,17:00:00,177,2,5100
78422,2016-10-13,17:18:00,61,2,4725
78423,2016-10-13,17:21:00,423,1,817
78424,2016-10-13,17:29:00,216,3,6162
78425,2016-10-13,17:32:00,185,1,9505
78426,2016-10-13,17:38:00,122,2,8400
78427,2016-10-13,17:43:00,217,1,9684
78428,2016-10-13,17:55:00,115,1,2413
78429,2016-10-13,18:02:00,370,3,2448
78430,2016-10-13,18:04:00,234,2,4533
78431,2016-10-13,18:09:00,324,1,7468
78432,2016-10-13,18:14:00,184,1,10736
78433,2016-10-13,18:21:00,247,3,9353
78434,2016-10-13,18:24:00,370,2,11261
78435,2016-10-13,18:24:00,70,2,2647
78436,2016-10-13,18:26:00,431,1,3547
78437,2016-10-13,18:28:00,250,2,4744
78438,2016-10-13,18:36:00,78,2,1127
78439,2016-10-13,18:37:00,73,3,2805
78440,2016-10-13,18:47:00,90,3,391
78441,2016-10-13,18:58:00,340,1,695
78442,2016-10-13,18:59:00,426,2,1319
78443,2016-10-13,19:25:00,284,2,9286
78444,2016-10-13,19:25:00,122,1,1455
78445,2016-10-13,19:35:00,433,5,2867
78446,2016-10-13,19:35:00,103,1,10898
78447,2016-10-13,19:37:00,272,4,8774
78448,2016-10-13,19:38:00,47,1,973
78449,2016-10-13,19:56:00,144,1,3006
78450,2016-10-13,20:02:00,12,4,7331
78451,2016-10-13,20:06:00,375,3,3015
78452,2016-10-13,20:10:00,352,2,1216
78453,2016-10-13,20:15:00,59,3,634
78454,2016-10-13,20:31:00,444,1,2827
78455,2016-10-13,20:37:00,225,4,2344
78456,2016-10-13,20:41:00,330,2,11877
78457,2016-10-13,20:43:00,269,2,5914
78458,2016-10-13,20:54:00,368,3,2835
78459,2016-10-13,20:54:00,96,1,2465
78460,2016-10-13,20:58:00,10,2,1537
78461,2016-10-13,21:00:00,145,1,10626
78462,2016-10-13,21:05:00,123,1,8358
78463,2016-10-13,21:09:00,294,2,529
78464,2016-10-13,21:10:00,377,2,5584
78465,2016-10-13,21:18:00,204,1,1644
78466,2016-10-13,21:26:00,183,3,4414
78467,2016-10-13,21:32:00,417,3,8388
78468,2016-10-13,21:36:00,326,2,10372
78469,2016-10-13,21:37:00,324,2,6326
78470,2016-10-13,21:44:00,193,3,1575
78471,2016-10-13,21:46:00,142,1,9367
78472,2016-10-13,21:55:00,244,2,2044
78473,2016-10-13,21:56:00,312,2,6500
78474,2016-10-13,22:08:00,362,1,4908
78475,2016-10-13,22:13:00,358,1,6458
78476,2016-10-13,22:20:00,321,2,676
78477,2016-10-13,22:25:00,348,3,2614
78478,2016-10-13,22:35:00,286,1,10249
78479,2016-10-13,22:36:00,326,1,2831
78480,2016-10-13,22:36:00,421,2,10166
78481,2016-10-13,22:50:00,210,4,8528
78482,2016-10-13,22:55:00,88,2,10710
78483,2016-10-13,22:55:00,293,1,11424
78484,2016-10-13,23:16:00,262,1,10321
78485,2016-10-13,23:28:00,400,1,4384
78486,2016-10-13,23:29:00,74,1,4907
78487,2016-10-13,23:33:00,295,2,672
78488,2016-10-13,23:39:00,427,2,3105
78489,2016-10-13,23:40:00,6,3,1378
78490,2016-10-13,23:48:00,227,3,6140
78491,2016-10-13,23:50:00,338,2,7275
78492,2016-10-13,23:53:00,171,3,186
78493,2016-10-13,23:56:00,200,3,1680
78494,2016-10-14,00:11:00,369,2,58
78495,2016-10-14,00:24:00,271,2,7971
78496,2016-10-14,00:35:00,175,2,1819
78497,2016-10-14,00:48:00,102,1,119
78498,2016-10-14,00:54:00,319,3,4126
78499,2016-10-14,00:55:00,113,1,2773
78500,2016-10-14,00:58:00,200,1,2847
78501,2016-10-14,01:09:00,12,3,11116
78502,2016-10-14,01:11:00,154,3,10864
78503,2016-10-14,01:18:00,300,1,5899
78504,2016-10-14,01:24:00,178,3,397
78505,2016-10-14,01:30:00,139,2,2299
78506,2016-10-14,01:33:00,75,2,6412
78507,2016-10-14,02:00:00,101,2,4255
78508,2016-10-14,02:07:00,314,1,10251
78509,2016-10-14,02:09:00,391,3,10001
78510,2016-10-14,02:14:00,126,1,8214
78511,2016-10-14,02:18:00,182,1,4111
78512,2016-10-14,02:20:00,242,1,10580
78513,2016-10-14,02:23:00,298,2,3301
78514,2016-10-14,02:29:00,329,2,3304
78515,2016-10-14,02:33:00,122,2,5569
78516,2016-10-14,02:35:00,444,1,9677
78517,2016-10-14,02:36:00,135,2,4086
78518,2016-10-14,02:42:00,78,3,11393
78519,2016-10-14,02:46:00,392,3,11480
78520,2016-10-14,02:54:00,439,2,3633
78521,2016-10-14,02:55:00,398,1,1852
78522,2016-10-14,02:56:00,343,4,8066
78523,2016-10-14,02:57:00,309,1,2613
78524,2016-10-14,03:10:00,393,2,6185
78525,2016-10-14,03:10:00,62,2,9668
78526,2016-10-14,03:14:00,446,2,2383
78527,2016-10-14,03:17:00,319,1,544
78528,2016-10-14,03:21:00,376,2,5768
78529,2016-10-14,03:24:00,131,3,4310
78530,2016-10-14,03:26:00,414,2,8349
78531,2016-10-14,03:29:00,10,1,9585
78532,2016-10-14,03:46:00,120,1,7678
78533,2016-10-14,04:04:00,287,3,4005
78534,2016-10-14,04:06:00,273,3,4657
78535,2016-10-14,04:11:00,385,2,9373
78536,2016-10-14,04:25:00,76,3,10385
78537,2016-10-14,04:27:00,49,3,1435
78538,2016-10-14,04:29:00,136,2,5437
78539,2016-10-14,04:41:00,400,1,9765
78540,2016-10-14,04:41:00,189,2,5723
78541,2016-10-14,04:46:00,354,2,6692
78542,2016-10-14,04:51:00,273,2,10407
78543,2016-10-14,04:55:00,42,3,8094
78544,2016-10-14,04:58:00,307,5,7847
78545,2016-10-14,05:10:00,130,2,4510
78546,2016-10-14,05:10:00,169,3,7390
78547,2016-10-14,05:25:00,440,2,9740
78548,2016-10-14,05:28:00,157,3,9949
78549,2016-10-14,05:30:00,5,2,3198
78550,2016-10-14,05:40:00,385,1,147
78551,2016-10-14,05:43:00,451,1,8398
78552,2016-10-14,05:45:00,284,2,3317
78553,2016-10-14,05:48:00,283,1,6151
78554,2016-10-14,05:54:00,421,2,3556
78555,2016-10-14,05:55:00,261,2,9289
78556,2016-10-14,05:57:00,385,1,7717
78557,2016-10-14,05:58:00,125,2,4962
78558,2016-10-14,06:04:00,334,2,1986
78559,2016-10-14,06:12:00,243,1,5912
78560,2016-10-14,06:22:00,36,4,1287
78561,2016-10-14,06:22:00,241,1,9801
78562,2016-10-14,06:25:00,334,2,7304
78563,2016-10-14,06:25:00,275,1,3313
78564,2016-10-14,06:27:00,6,1,4911
78565,2016-10-14,06:57:00,172,2,10856
78566,2016-10-14,07:01:00,446,4,760
78567,2016-10-14,07:24:00,50,2,6177
78568,2016-10-14,07:31:00,174,2,8693
78569,2016-10-14,07:33:00,295,1,11604
78570,2016-10-14,07:36:00,24,1,2477
78571,2016-10-14,07:38:00,105,2,1690
78572,2016-10-14,07:38:00,215,2,6431
78573,2016-10-14,07:41:00,78,1,7196
78574,2016-10-14,07:53:00,173,4,11556
78575,2016-10-14,07:53:00,357,2,1825
78576,2016-10-14,08:10:00,441,2,325
78577,2016-10-14,08:11:00,124,4,1685
78578,2016-10-14,08:27:00,259,1,10969
78579,2016-10-14,08:32:00,236,4,1999
78580,2016-10-14,08:43:00,192,2,5305
78581,2016-10-14,08:43:00,64,1,355
78582,2016-10-14,08:50:00,251,2,6402
78583,2016-10-14,08:53:00,50,2,7039
78584,2016-10-14,09:05:00,135,4,9646
78585,2016-10-14,09:07:00,291,2,3773
78586,2016-10-14,09:08:00,6,1,9333
78587,2016-10-14,09:17:00,374,3,3190
78588,2016-10-14,09:18:00,153,2,6888
78589,2016-10-14,09:32:00,102,3,232
78590,2016-10-14,09:36:00,454,3,8651
78591,2016-10-14,09:38:00,439,2,11601
78592,2016-10-14,09:40:00,410,2,2060
78593,2016-10-14,09:44:00,7,1,209
78594,2016-10-14,09:54:00,169,3,7923
78595,2016-10-14,09:55:00,274,1,8213
78596,2016-10-14,10:05:00,140,1,7181
78597,2016-10-14,10:05:00,262,3,8455
78598,2016-10-14,10:06:00,444,1,1421
78599,2016-10-14,10:17:00,237,1,1794
78600,2016-10-14,10:18:00,82,1,10272
78601,2016-10-14,10:29:00,32,2,6922
78602,2016-10-14,10:36:00,184,2,11869
78603,2016-10-14,10:37:00,359,2,4475
78604,2016-10-14,10:41:00,448,1,9161
78605,2016-10-14,10:49:00,170,2,2752
78606,2016-10-14,10:50:00,452,1,5666
78607,2016-10-14,10:53:00,177,1,5960
78608,2016-10-14,10:56:00,45,2,10204
78609,2016-10-14,10:59:00,316,2,7395
78610,2016-10-14,11:02:00,30,1,7643
78611,2016-10-14,11:05:00,348,3,6112
78612,2016-10-14,11:43:00,151,3,7184
78613,2016-10-14,11:43:00,89,4,3962
78614,2016-10-14,11:44:00,409,2,2504
78615,2016-10-14,11:49:00,255,3,5976
78616,2016-10-14,11:50:00,356,1,11182
78617,2016-10-14,11:56:00,235,3,3879
78618,2016-10-14,11:59:00,325,1,5349
78619,2016-10-14,12:02:00,168,2,10169
78620,2016-10-14,12:07:00,450,1,5833
78621,2016-10-14,12:07:00,206,1,2274
78622,2016-10-14,12:08:00,20,1,108
78623,2016-10-14,12:13:00,324,3,59
78624,2016-10-14,12:19:00,240,1,10053
78625,2016-10-14,12:21:00,269,4,9058
78626,2016-10-14,12:35:00,202,2,8728
78627,2016-10-14,12:39:00,80,2,7784
78628,2016-10-14,12:43:00,360,2,902
78629,2016-10-14,12:46:00,138,1,2868
78630,2016-10-14,12:50:00,264,1,10095
78631,2016-10-14,12:51:00,441,3,6156
78632,2016-10-14,12:56:00,51,2,3512
78633,2016-10-14,13:06:00,222,1,2207
78634,2016-10-14,13:12:00,337,2,10884
78635,2016-10-14,13:18:00,321,1,624
78636,2016-10-14,13:20:00,197,2,4663
78637,2016-10-14,13:23:00,128,2,9074
78638,2016-10-14,13:24:00,378,2,10804
78639,2016-10-14,13:28:00,198,3,11833
78640,2016-10-14,13:28:00,32,1,7314
78641,2016-10-14,13:31:00,145,2,1040
78642,2016-10-14,13:32:00,60,1,1383
78643,2016-10-14,13:36:00,234,2,7880
78644,2016-10-14,13:37:00,60,3,7333
78645,2016-10-14,13:38:00,216,3,9157
78646,2016-10-14,13:41:00,386,2,6052
78647,2016-10-14,13:59:00,123,2,11655
78648,2016-10-14,14:02:00,11,2,1322
78649,2016-10-14,14:10:00,240,2,1616
78650,2016-10-14,14:11:00,130,2,10661
78651,2016-10-14,14:13:00,154,2,9846
78652,2016-10-14,14:22:00,229,1,11316
78653,2016-10-14,14:38:00,23,3,2924
78654,2016-10-14,14:43:00,413,1,2399
78655,2016-10-14,14:55:00,225,2,9120
78656,2016-10-14,15:09:00,7,3,5587
78657,2016-10-14,15:14:00,409,1,11448
78658,2016-10-14,15:18:00,96,3,7787
78659,2016-10-14,15:40:00,285,1,4918
78660,2016-10-14,15:51:00,310,2,2423
78661,2016-10-14,15:55:00,166,2,8275
78662,2016-10-14,15:57:00,61,1,6677
78663,2016-10-14,16:10:00,293,2,6953
78664,2016-10-14,16:18:00,231,1,11344
78665,2016-10-14,16:19:00,83,2,7282
78666,2016-10-14,16:20:00,80,1,5881
78667,2016-10-14,16:32:00,116,2,9420
78668,2016-10-14,16:35:00,80,1,4913
78669,2016-10-14,16:43:00,348,1,11689
78670,2016-10-14,16:46:00,433,1,5883
78671,2016-10-14,16:54:00,65,3,5010
78672,2016-10-14,17:01:00,192,2,4634
78673,2016-10-14,17:05:00,170,1,2597
78674,2016-10-14,17:08:00,120,2,6697
78675,2016-10-14,17:18:00,45,1,1097
78676,2016-10-14,17:28:00,369,2,3989
78677,2016-10-14,17:31:00,213,3,2018
78678,2016-10-14,17:35:00,99,3,3248
78679,2016-10-14,17:38:00,39,4,3000
78680,2016-10-14,17:57:00,286,1,7898
78681,2016-10-14,18:11:00,370,3,843
78682,2016-10-14,18:11:00,8,1,2202
78683,2016-10-14,18:11:00,331,2,3348
78684,2016-10-14,18:15:00,167,1,11035
78685,2016-10-14,18:22:00,140,2,9857
78686,2016-10-14,18:34:00,321,2,11548
78687,2016-10-14,18:56:00,320,2,6195
78688,2016-10-14,18:58:00,189,1,5764
78689,2016-10-14,18:59:00,316,2,1127
78690,2016-10-14,19:01:00,128,6,5900
78691,2016-10-14,19:03:00,408,2,4204
78692,2016-10-14,19:08:00,129,2,9836
78693,2016-10-14,19:09:00,103,3,4431
78694,2016-10-14,19:10:00,255,1,6165
78695,2016-10-14,19:16:00,160,3,4935
78696,2016-10-14,19:19:00,445,1,992
78697,2016-10-14,19:19:00,77,1,532
78698,2016-10-14,19:22:00,34,1,11347
78699,2016-10-14,19:25:00,340,1,5690
78700,2016-10-14,19:32:00,134,1,11268
78701,2016-10-14,19:32:00,121,3,9515
78702,2016-10-14,19:32:00,356,2,5318
78703,2016-10-14,19:34:00,261,2,2752
78704,2016-10-14,19:47:00,121,1,3690
78705,2016-10-14,19:54:00,189,2,7933
78706,2016-10-14,19:57:00,146,1,3992
78707,2016-10-14,20:10:00,103,3,2536
78708,2016-10-14,20:14:00,361,4,1991
78709,2016-10-14,20:15:00,45,1,3979
78710,2016-10-14,20:23:00,406,3,1745
78711,2016-10-14,20:35:00,66,2,6203
78712,2016-10-14,20:39:00,200,1,10992
78713,2016-10-14,20:54:00,362,2,9059
78714,2016-10-14,21:16:00,254,3,4490
78715,2016-10-14,21:30:00,366,1,4533
78716,2016-10-14,21:38:00,164,2,3473
78717,2016-10-14,21:41:00,341,2,1062
78718,2016-10-14,21:57:00,267,4,6637
78719,2016-10-14,21:59:00,428,1,2339
78720,2016-10-14,22:07:00,295,1,1001
78721,2016-10-14,22:09:00,16,2,9241
78722,2016-10-14,22:18:00,270,2,5837
78723,2016-10-14,22:22:00,411,1,2218
78724,2016-10-14,22:24:00,279,1,10719
78725,2016-10-14,22:29:00,335,1,10664
78726,2016-10-14,22:34:00,427,1,152
78727,2016-10-14,22:35:00,57,1,468
78728,2016-10-14,22:49:00,445,2,6657
78729,2016-10-14,22:55:00,312,2,1168
78730,2016-10-14,22:57:00,310,4,393
78731,2016-10-14,23:06:00,319,2,740
78732,2016-10-14,23:08:00,221,1,10085
78733,2016-10-14,23:12:00,23,1,4653
78734,2016-10-14,23:16:00,390,2,4475
78735,2016-10-14,23:16:00,288,2,7579
78736,2016-10-14,23:17:00,194,2,8879
78737,2016-10-14,23:18:00,160,2,2703
78738,2016-10-14,23:24:00,146,4,2808
78739,2016-10-14,23:24:00,415,3,1047
78740,2016-10-14,23:27:00,316,2,5032
78741,2016-10-14,23:29:00,320,2,5295
78742,2016-10-14,23:35:00,303,2,464
78743,2016-10-14,23:39:00,93,3,2891
78744,2016-10-14,23:42:00,33,4,7679
78745,2016-10-14,23:49:00,301,2,11105
78746,2016-10-15,00:06:00,153,1,2816
78747,2016-10-15,00:08:00,415,1,7797
78748,2016-10-15,00:12:00,319,4,5229
78749,2016-10-15,00:12:00,45,1,260
78750,2016-10-15,00:19:00,322,2,9613
78751,2016-10-15,00:22:00,44,1,9521
78752,2016-10-15,00:25:00,386,3,3036
78753,2016-10-15,00:26:00,372,2,10487
78754,2016-10-15,00:30:00,252,4,4695
78755,2016-10-15,00:43:00,320,1,10229
78756,2016-10-15,00:44:00,372,1,4844
78757,2016-10-15,00:45:00,111,1,1553
78758,2016-10-15,00:51:00,411,3,5929
78759,2016-10-15,01:04:00,433,2,2397
78760,2016-10-15,01:06:00,42,2,10515
78761,2016-10-15,01:09:00,423,2,6110
78762,2016-10-15,01:13:00,361,2,7025
78763,2016-10-15,01:20:00,308,3,4916
78764,2016-10-15,01:25:00,83,2,3089
78765,2016-10-15,01:26:00,424,3,2887
78766,2016-10-15,01:42:00,438,2,4529
78767,2016-10-15,01:47:00,94,3,6454
78768,2016-10-15,01:53:00,203,2,6726
78769,2016-10-15,01:54:00,434,1,9268
78770,2016-10-15,02:10:00,347,2,5764
78771,2016-10-15,02:12:00,454,1,3317
78772,2016-10-15,02:14:00,99,4,7103
78773,2016-10-15,02:14:00,46,2,11251
78774,2016-10-15,02:15:00,51,3,496
78775,2016-10-15,02:18:00,340,2,2692
78776,2016-10-15,02:19:00,190,2,10517
78777,2016-10-15,02:28:00,235,1,2311
78778,2016-10-15,02:34:00,413,3,4470
78779,2016-10-15,02:35:00,343,2,5768
78780,2016-10-15,02:40:00,188,2,11080
78781,2016-10-15,02:42:00,133,3,8699
78782,2016-10-15,02:48:00,78,4,11339
78783,2016-10-15,03:11:00,404,2,2192
78784,2016-10-15,03:13:00,149,2,11946
78785,2016-10-15,03:22:00,142,2,1579
78786,2016-10-15,03:22:00,110,2,11573
78787,2016-10-15,03:23:00,450,2,6549
78788,2016-10-15,03:25:00,429,2,2908
78789,2016-10-15,03:27:00,402,3,8030
78790,2016-10-15,03:32:00,416,1,7853
78791,2016-10-15,03:58:00,224,2,6311
78792,2016-10-15,04:00:00,5,1,11053
78793,2016-10-15,04:01:00,35,3,191
78794,2016-10-15,04:09:00,285,5,4099
78795,2016-10-15,04:19:00,45,1,429
78796,2016-10-15,04:30:00,412,2,362
78797,2016-10-15,04:30:00,178,3,11049
78798,2016-10-15,04:54:00,38,1,4693
78799,2016-10-15,05:05:00,148,1,10124
78800,2016-10-15,05:12:00,209,1,5123
78801,2016-10-15,05:14:00,244,1,2261
78802,2016-10-15,05:16:00,230,1,2261
78803,2016-10-15,05:27:00,301,2,4566
78804,2016-10-15,05:31:00,50,2,316
78805,2016-10-15,05:36:00,364,2,10640
78806,2016-10-15,05:37:00,223,1,3895
78807,2016-10-15,05:45:00,453,2,3001
78808,2016-10-15,06:01:00,301,1,7756
78809,2016-10-15,06:02:00,99,3,561
78810,2016-10-15,06:06:00,342,2,8938
78811,2016-10-15,06:06:00,443,1,11270
78812,2016-10-15,06:09:00,77,3,1547
78813,2016-10-15,06:11:00,347,2,733
78814,2016-10-15,06:19:00,101,2,7806
78815,2016-10-15,06:32:00,88,1,10528
78816,2016-10-15,06:38:00,222,1,2663
78817,2016-10-15,06:38:00,437,1,868
78818,2016-10-15,06:39:00,437,1,8969
78819,2016-10-15,06:45:00,253,2,11450
78820,2016-10-15,06:48:00,418,1,9072
78821,2016-10-15,07:18:00,452,1,10292
78822,2016-10-15,07:19:00,456,1,10508
78823,2016-10-15,07:22:00,339,1,11511
78824,2016-10-15,07:25:00,16,1,6554
78825,2016-10-15,07:29:00,257,2,2611
78826,2016-10-15,08:00:00,110,3,6751
78827,2016-10-15,08:03:00,436,1,8193
78828,2016-10-15,08:07:00,125,2,3842
78829,2016-10-15,08:19:00,214,2,1246
78830,2016-10-15,08:19:00,201,2,10045
78831,2016-10-15,08:20:00,331,1,5970
78832,2016-10-15,08:24:00,18,1,6149
78833,2016-10-15,08:43:00,103,1,4849
78834,2016-10-15,08:47:00,239,2,847
78835,2016-10-15,08:51:00,331,1,9289
78836,2016-10-15,08:55:00,292,4,9917
78837,2016-10-15,08:56:00,314,1,1971
78838,2016-10-15,09:10:00,229,1,5866
78839,2016-10-15,09:14:00,408,4,10984
78840,2016-10-15,09:20:00,45,1,5115
78841,2016-10-15,09:23:00,446,3,4763
78842,2016-10-15,09:23:00,65,2,2640
78843,2016-10-15,09:24:00,380,2,1279
78844,2016-10-15,09:30:00,103,3,1636
78845,2016-10-15,09:33:00,135,2,4031
78846,2016-10-15,09:38:00,285,1,4655
78847,2016-10-15,09:49:00,117,2,6361
78848,2016-10-15,09:49:00,418,3,8278
78849,2016-10-15,09:55:00,246,1,6779
78850,2016-10-15,09:59:00,199,2,5642
78851,2016-10-15,10:01:00,270,3,891
78852,2016-10-15,10:12:00,221,2,9017
78853,2016-10-15,10:15:00,368,2,11846
78854,2016-10-15,10:17:00,103,4,10900
78855,2016-10-15,10:24:00,209,1,8387
78856,2016-10-15,10:36:00,130,2,10110
78857,2016-10-15,10:37:00,100,2,4673
78858,2016-10-15,10:39:00,187,2,10090
78859,2016-10-15,10:42:00,188,3,43
78860,2016-10-15,10:48:00,338,5,10244
78861,2016-10-15,10:52:00,5,2,9114
78862,2016-10-15,10:55:00,332,2,2497
78863,2016-10-15,10:56:00,187,1,9411
78864,2016-10-15,10:57:00,407,3,4313
78865,2016-10-15,11:06:00,79,4,1085
78866,2016-10-15,11:13:00,275,1,4197
78867,2016-10-15,11:44:00,6,1,1205
78868,2016-10-15,11:48:00,353,3,909
78869,2016-10-15,11:48:00,56,2,3202
78870,2016-10-15,11:51:00,347,2,2726
78871,2016-10-15,11:55:00,217,1,10955
78872,2016-10-15,11:59:00,393,3,10045
78873,2016-10-15,12:01:00,201,3,337
78874,2016-10-15,12:03:00,99,2,9877
78875,2016-10-15,12:14:00,353,1,4342
78876,2016-10-15,12:21:00,373,2,2126
78877,2016-10-15,12:25:00,320,2,6314
78878,2016-10-15,12:29:00,182,1,6826
78879,2016-10-15,12:32:00,437,2,6954
78880,2016-10-15,12:42:00,134,2,4647
78881,2016-10-15,12:48:00,335,2,4805
78882,2016-10-15,12:52:00,231,3,1775
78883,2016-10-15,13:03:00,33,1,11937
78884,2016-10-15,13:11:00,57,3,8385
78885,2016-10-15,13:15:00,143,3,3900
78886,2016-10-15,13:15:00,289,2,4079
78887,2016-10-15,13:18:00,295,2,7744
78888,2016-10-15,13:28:00,156,2,6068
78889,2016-10-15,13:35:00,203,2,9419
78890,2016-10-15,13:37:00,173,2,1691
78891,2016-10-15,13:45:00,209,1,7199
78892,2016-10-15,13:45:00,121,1,10845
78893,2016-10-15,13:53:00,1,3,10635
78894,2016-10-15,13:55:00,456,1,9182
78895,2016-10-15,13:58:00,45,3,1025
78896,2016-10-15,14:00:00,420,3,7711
78897,2016-10-15,14:02:00,68,1,8731
78898,2016-10-15,14:08:00,357,1,9208
78899,2016-10-15,14:08:00,243,2,11040
78900,2016-10-15,14:12:00,128,2,5920
78901,2016-10-15,14:13:00,83,2,8384
78902,2016-10-15,14:15:00,99,3,1976
78903,2016-10-15,14:19:00,125,1,8710
78904,2016-10-15,14:21:00,311,2,6133
78905,2016-10-15,14:23:00,49,4,3943
78906,2016-10-15,14:35:00,291,2,3516
78907,2016-10-15,14:43:00,114,1,8202
78908,2016-10-15,14:44:00,5,1,903
78909,2016-10-15,14:52:00,141,2,8207
78910,2016-10-15,14:59:00,457,2,4246
78911,2016-10-15,14:59:00,384,1,4800
78912,2016-10-15,15:00:00,326,4,4265
78913,2016-10-15,15:06:00,350,1,3592
78914,2016-10-15,15:09:00,235,1,11233
78915,2016-10-15,15:12:00,180,2,3050
78916,2016-10-15,15:12:00,45,1,8444
78917,2016-10-15,15:13:00,100,2,3534
78918,2016-10-15,15:18:00,179,5,3158
78919,2016-10-15,15:22:00,12,3,3167
78920,2016-10-15,15:24:00,306,1,4539
78921,2016-10-15,15:28:00,421,4,3783
78922,2016-10-15,15:35:00,289,2,2592
78923,2016-10-15,15:35:00,341,1,9767
78924,2016-10-15,15:44:00,373,1,10153
78925,2016-10-15,15:45:00,436,1,6878
78926,2016-10-15,15:46:00,345,4,11933
78927,2016-10-15,15:53:00,107,1,11555
78928,2016-10-15,16:07:00,216,5,2387
78929,2016-10-15,16:15:00,303,2,3077
78930,2016-10-15,16:17:00,249,1,2352
78931,2016-10-15,16:18:00,369,1,7951
78932,2016-10-15,16:21:00,25,1,4670
78933,2016-10-15,16:22:00,325,1,6135
78934,2016-10-15,16:23:00,301,1,8408
78935,2016-10-15,16:24:00,283,1,6280
78936,2016-10-15,16:39:00,102,1,11117
78937,2016-10-15,16:42:00,311,2,10297
78938,2016-10-15,16:57:00,350,1,7653
78939,2016-10-15,17:18:00,20,1,5957
78940,2016-10-15,17:20:00,223,2,3069
78941,2016-10-15,17:21:00,215,4,5733
78942,2016-10-15,17:22:00,276,2,6600
78943,2016-10-15,17:29:00,282,1,993
78944,2016-10-15,17:32:00,295,2,11020
78945,2016-10-15,17:33:00,81,1,10438
78946,2016-10-15,17:42:00,254,2,8913
78947,2016-10-15,17:43:00,24,2,10907
78948,2016-10-15,17:46:00,224,2,11132
78949,2016-10-15,18:01:00,395,2,1828
78950,2016-10-15,18:18:00,199,1,8098
78951,2016-10-15,18:19:00,185,1,11740
78952,2016-10-15,18:27:00,189,2,8142
78953,2016-10-15,18:36:00,67,2,1033
78954,2016-10-15,18:36:00,425,2,4401
78955,2016-10-15,18:37:00,287,2,6229
78956,2016-10-15,18:48:00,144,2,1958
78957,2016-10-15,18:51:00,117,2,842
78958,2016-10-15,18:56:00,244,2,8339
78959,2016-10-15,19:04:00,448,1,32
78960,2016-10-15,19:04:00,119,2,11274
78961,2016-10-15,19:13:00,325,3,7134
78962,2016-10-15,19:13:00,120,2,9964
78963,2016-10-15,19:15:00,220,2,554
78964,2016-10-15,19:17:00,76,2,10469
78965,2016-10-15,19:19:00,395,2,3366
78966,2016-10-15,19:23:00,294,3,3852
78967,2016-10-15,19:24:00,326,1,1367
78968,2016-10-15,19:33:00,181,4,11803
78969,2016-10-15,19:35:00,56,1,7987
78970,2016-10-15,19:42:00,256,2,8302
78971,2016-10-15,19:46:00,382,1,5789
78972,2016-10-15,19:47:00,121,1,8575
78973,2016-10-15,19:48:00,200,3,7053
78974,2016-10-15,20:07:00,293,1,5829
78975,2016-10-15,20:14:00,298,2,9587
78976,2016-10-15,20:32:00,299,1,2909
78977,2016-10-15,20:45:00,293,1,9985
78978,2016-10-15,20:48:00,89,2,1178
78979,2016-10-15,20:52:00,194,2,8064
78980,2016-10-15,20:59:00,378,1,9732
78981,2016-10-15,21:00:00,230,1,837
78982,2016-10-15,21:07:00,111,1,5047
78983,2016-10-15,21:08:00,199,2,8977
78984,2016-10-15,21:10:00,123,4,2935
78985,2016-10-15,21:22:00,157,1,3598
78986,2016-10-15,21:23:00,197,2,2860
78987,2016-10-15,21:33:00,46,1,10686
78988,2016-10-15,21:35:00,303,2,6013
78989,2016-10-15,21:41:00,257,1,4547
78990,2016-10-15,21:43:00,241,2,2737
78991,2016-10-15,22:00:00,284,1,5494
78992,2016-10-15,22:01:00,426,3,3721
78993,2016-10-15,22:17:00,302,1,2041
78994,2016-10-15,22:20:00,148,1,8716
78995,2016-10-15,22:22:00,370,5,5429
78996,2016-10-15,22:25:00,271,4,10830
78997,2016-10-15,22:27:00,279,2,11775
78998,2016-10-15,22:31:00,318,3,10423
78999,2016-10-15,22:32:00,312,2,3312
79000,2016-10-15,22:33:00,138,1,10506
79001,2016-10-15,22:36:00,243,1,4039
79002,2016-10-15,22:41:00,133,2,888
79003,2016-10-15,22:49:00,428,1,1777
79004,2016-10-15,22:50:00,361,1,6772
79005,2016-10-15,23:04:00,383,3,4627
79006,2016-10-15,23:09:00,294,3,6754
79007,2016-10-15,23:26:00,128,2,11199
79008,2016-10-15,23:41:00,192,3,9497
79009,2016-10-15,23:45:00,358,1,2840
79010,2016-10-15,23:45:00,300,2,5907
79011,2016-10-15,23:54:00,305,2,11660
79012,2016-10-15,23:57:00,122,1,5049
79013,2016-10-15,23:58:00,118,4,376
79014,2016-10-16,00:03:00,174,2,7575
79015,2016-10-16,00:08:00,192,2,10783
79016,2016-10-16,00:08:00,336,1,11597
79017,2016-10-16,00:20:00,447,2,3002
79018,2016-10-16,00:29:00,309,2,11325
79019,2016-10-16,00:35:00,301,5,4702
79020,2016-10-16,00:40:00,171,3,178
79021,2016-10-16,00:40:00,100,1,10697
79022,2016-10-16,00:41:00,1,1,5722
79023,2016-10-16,00:51:00,76,1,170
79024,2016-10-16,00:54:00,337,1,7413
79025,2016-10-16,01:02:00,161,1,845
79026,2016-10-16,01:03:00,114,2,5049
79027,2016-10-16,01:12:00,226,1,6041
79028,2016-10-16,01:12:00,382,2,8524
79029,2016-10-16,01:18:00,135,1,3149
79030,2016-10-16,01:20:00,167,2,572
79031,2016-10-16,01:25:00,259,3,2068
79032,2016-10-16,01:42:00,104,2,3037
79033,2016-10-16,01:46:00,79,4,4284
79034,2016-10-16,02:06:00,122,2,5275
79035,2016-10-16,02:22:00,408,2,3009
79036,2016-10-16,02:23:00,27,1,6411
79037,2016-10-16,02:25:00,364,2,3648
79038,2016-10-16,02:32:00,458,2,8531
79039,2016-10-16,02:33:00,433,3,8028
79040,2016-10-16,03:00:00,276,5,4044
79041,2016-10-16,03:03:00,113,3,3429
79042,2016-10-16,03:09:00,156,2,3518
79043,2016-10-16,03:09:00,274,2,3471
79044,2016-10-16,03:26:00,22,2,208
79045,2016-10-16,03:33:00,412,3,4917
79046,2016-10-16,03:37:00,300,2,7805
79047,2016-10-16,03:38:00,256,2,4701
79048,2016-10-16,03:49:00,422,3,1102
79049,2016-10-16,03:55:00,332,1,5744
79050,2016-10-16,03:57:00,158,3,7293
79051,2016-10-16,04:07:00,444,1,5645
79052,2016-10-16,04:09:00,105,2,9131
79053,2016-10-16,04:25:00,26,2,6664
79054,2016-10-16,04:26:00,180,4,1719
79055,2016-10-16,04:32:00,74,1,6970
79056,2016-10-16,04:41:00,275,1,5364
79057,2016-10-16,04:56:00,293,2,10682
79058,2016-10-16,05:00:00,435,3,2594
79059,2016-10-16,05:03:00,151,1,8777
79060,2016-10-16,05:03:00,365,2,5326
79061,2016-10-16,05:04:00,18,1,11567
79062,2016-10-16,05:05:00,96,3,981
79063,2016-10-16,05:05:00,328,1,8722
79064,2016-10-16,05:16:00,320,4,9241
79065,2016-10-16,05:22:00,418,2,9307
79066,2016-10-16,05:25:00,113,2,239
79067,2016-10-16,05:26:00,365,1,582
79068,2016-10-16,05:26:00,271,1,167
79069,2016-10-16,05:40:00,226,1,8691
79070,2016-10-16,05:45:00,36,3,4747
79071,2016-10-16,05:54:00,81,1,2808
79072,2016-10-16,05:57:00,106,1,3683
79073,2016-10-16,06:03:00,15,2,375
79074,2016-10-16,06:08:00,306,2,815
79075,2016-10-16,06:11:00,100,1,6716
79076,2016-10-16,06:27:00,33,1,3680
79077,2016-10-16,06:29:00,64,3,11471
79078,2016-10-16,06:33:00,10,1,7525
79079,2016-10-16,06:36:00,18,3,119
79080,2016-10-16,06:43:00,107,1,2910
79081,2016-10-16,06:47:00,331,2,6341
79082,2016-10-16,06:53:00,251,1,6779
79083,2016-10-16,06:55:00,19,2,932
79084,2016-10-16,06:58:00,259,1,5614
79085,2016-10-16,07:04:00,198,2,9735
79086,2016-10-16,07:06:00,324,3,5400
79087,2016-10-16,07:09:00,272,2,3561
79088,2016-10-16,07:17:00,301,1,3323
79089,2016-10-16,07:22:00,15,2,2970
79090,2016-10-16,07:31:00,257,1,7845
79091,2016-10-16,07:34:00,23,1,3596
79092,2016-10-16,07:34:00,385,3,7149
79093,2016-10-16,07:38:00,165,4,3817
79094,2016-10-16,07:42:00,334,2,10222
79095,2016-10-16,07:51:00,389,2,11298
79096,2016-10-16,08:00:00,256,1,8729
79097,2016-10-16,08:05:00,114,2,9556
79098,2016-10-16,08:06:00,186,1,11946
79099,2016-10-16,08:12:00,384,3,34
79100,2016-10-16,08:21:00,22,1,10877
79101,2016-10-16,08:21:00,401,2,3586
79102,2016-10-16,08:26:00,16,2,4716
79103,2016-10-16,08:34:00,165,2,8852
79104,2016-10-16,08:51:00,302,2,6915
79105,2016-10-16,08:54:00,127,3,7855
79106,2016-10-16,08:55:00,378,1,8567
79107,2016-10-16,09:33:00,309,1,1005
79108,2016-10-16,09:34:00,260,1,6519
79109,2016-10-16,09:43:00,27,1,9345
79110,2016-10-16,09:44:00,14,5,11210
79111,2016-10-16,09:48:00,190,3,1616
79112,2016-10-16,09:48:00,448,1,8081
79113,2016-10-16,09:51:00,155,3,7627
79114,2016-10-16,09:56:00,307,2,7136
79115,2016-10-16,09:59:00,18,1,11980
79116,2016-10-16,09:59:00,457,3,2022
79117,2016-10-16,10:07:00,168,2,833
79118,2016-10-16,10:13:00,211,1,8136
79119,2016-10-16,10:17:00,248,3,10350
79120,2016-10-16,10:18:00,300,3,1748
79121,2016-10-16,10:26:00,451,1,1295
79122,2016-10-16,10:30:00,189,1,7714
79123,2016-10-16,10:41:00,40,3,1001
79124,2016-10-16,10:43:00,240,2,8954
79125,2016-10-16,10:50:00,73,2,3087
79126,2016-10-16,10:57:00,353,3,636
79127,2016-10-16,11:02:00,194,3,228
79128,2016-10-16,11:04:00,10,3,5765
79129,2016-10-16,11:14:00,375,2,4315
79130,2016-10-16,11:21:00,436,1,812
79131,2016-10-16,11:30:00,221,2,11993
79132,2016-10-16,11:31:00,119,1,11532
79133,2016-10-16,11:34:00,301,1,2665
79134,2016-10-16,11:46:00,280,1,9397
79135,2016-10-16,11:46:00,191,1,1815
79136,2016-10-16,11:57:00,446,2,8903
79137,2016-10-16,11:59:00,39,1,8369
79138,2016-10-16,12:11:00,180,2,8370
79139,2016-10-16,12:12:00,199,1,3271
79140,2016-10-16,12:15:00,433,1,3636
79141,2016-10-16,12:18:00,244,2,9453
79142,2016-10-16,12:23:00,269,1,10865
79143,2016-10-16,12:26:00,403,1,3142
79144,2016-10-16,12:28:00,454,2,10810
79145,2016-10-16,12:42:00,18,2,9906
79146,2016-10-16,12:54:00,219,3,471
79147,2016-10-16,12:56:00,193,2,9877
79148,2016-10-16,13:02:00,340,2,7313
79149,2016-10-16,13:03:00,51,3,1265
79150,2016-10-16,13:15:00,209,3,6294
79151,2016-10-16,13:24:00,397,2,7690
79152,2016-10-16,13:33:00,43,2,10084
79153,2016-10-16,13:34:00,449,5,3120
79154,2016-10-16,13:36:00,30,3,300
79155,2016-10-16,13:38:00,428,2,5402
79156,2016-10-16,13:39:00,385,1,2155
79157,2016-10-16,13:45:00,99,4,11375
79158,2016-10-16,13:49:00,341,1,3831
79159,2016-10-16,13:51:00,78,4,4
79160,2016-10-16,13:55:00,181,3,10027
79161,2016-10-16,13:59:00,424,2,10313
79162,2016-10-16,14:00:00,75,1,11094
79163,2016-10-16,14:03:00,31,1,10762
79164,2016-10-16,14:08:00,48,3,5723
79165,2016-10-16,14:12:00,144,2,9424
79166,2016-10-16,14:21:00,101,2,7265
79167,2016-10-16,14:23:00,377,3,8678
79168,2016-10-16,14:25:00,419,1,893
79169,2016-10-16,14:28:00,95,3,10681
79170,2016-10-16,14:30:00,292,3,3068
79171,2016-10-16,14:33:00,431,1,9617
79172,2016-10-16,14:41:00,333,1,8746
79173,2016-10-16,14:48:00,147,2,678
79174,2016-10-16,14:49:00,352,2,2013
79175,2016-10-16,14:50:00,114,1,5415
79176,2016-10-16,14:52:00,289,3,11247
79177,2016-10-16,14:52:00,376,1,3019
79178,2016-10-16,14:55:00,311,1,9005
79179,2016-10-16,14:58:00,137,1,3039
79180,2016-10-16,15:07:00,116,2,4034
79181,2016-10-16,15:08:00,446,1,5605
79182,2016-10-16,15:11:00,35,2,2826
79183,2016-10-16,15:23:00,387,2,9266
79184,2016-10-16,15:37:00,442,1,8509
79185,2016-10-16,15:40:00,249,3,6002
79186,2016-10-16,15:51:00,393,3,10082
79187,2016-10-16,15:51:00,201,1,3323
79188,2016-10-16,15:54:00,248,1,5932
79189,2016-10-16,15:54:00,130,2,9133
79190,2016-10-16,16:04:00,57,3,9877
79191,2016-10-16,16:05:00,52,2,9549
79192,2016-10-16,16:06:00,4,1,7102
79193,2016-10-16,16:09:00,344,2,8377
79194,2016-10-16,16:13:00,340,1,11391
79195,2016-10-16,16:13:00,69,2,5373
79196,2016-10-16,16:15:00,209,2,4298
79197,2016-10-16,16:27:00,48,1,6669
79198,2016-10-16,16:30:00,238,1,1086
79199,2016-10-16,16:33:00,23,1,6149
79200,2016-10-16,16:38:00,276,2,2393
79201,2016-10-16,16:43:00,247,5,11416
79202,2016-10-16,16:49:00,237,1,10870
79203,2016-10-16,16:56:00,358,1,7136
79204,2016-10-16,16:58:00,419,2,798
79205,2016-10-16,17:11:00,11,1,4042
79206,2016-10-16,17:11:00,431,1,2512
79207,2016-10-16,17:13:00,272,2,3534
79208,2016-10-16,17:18:00,378,2,6822
79209,2016-10-16,17:21:00,114,1,2354
79210,2016-10-16,17:22:00,250,1,3305
79211,2016-10-16,17:39:00,104,2,3294
79212,2016-10-16,17:48:00,208,2,3151
79213,2016-10-16,17:50:00,246,4,5542
79214,2016-10-16,17:58:00,141,2,6436
79215,2016-10-16,18:00:00,430,2,9545
79216,2016-10-16,18:01:00,323,2,3363
79217,2016-10-16,18:08:00,264,2,2924
79218,2016-10-16,18:21:00,154,1,9402
79219,2016-10-16,18:28:00,453,2,11378
79220,2016-10-16,18:28:00,219,3,1405
79221,2016-10-16,18:30:00,105,2,7081
79222,2016-10-16,18:30:00,282,2,1935
79223,2016-10-16,18:30:00,329,3,9392
79224,2016-10-16,18:36:00,5,1,2119
79225,2016-10-16,18:47:00,458,3,4504
79226,2016-10-16,18:50:00,302,1,853
79227,2016-10-16,18:55:00,211,3,6336
79228,2016-10-16,18:57:00,220,3,3006
79229,2016-10-16,18:58:00,226,2,7316
79230,2016-10-16,19:04:00,419,1,5477
79231,2016-10-16,19:08:00,92,3,7418
79232,2016-10-16,19:12:00,93,5,1794
79233,2016-10-16,19:15:00,5,1,1961
79234,2016-10-16,19:17:00,283,1,3917
79235,2016-10-16,19:25:00,97,1,7530
79236,2016-10-16,19:26:00,162,3,9881
79237,2016-10-16,19:26:00,432,1,1578
79238,2016-10-16,19:32:00,445,1,8558
79239,2016-10-16,19:49:00,154,2,5432
79240,2016-10-16,19:50:00,155,2,1931
79241,2016-10-16,19:51:00,219,2,10338
79242,2016-10-16,19:52:00,363,1,3288
79243,2016-10-16,20:01:00,437,1,4785
79244,2016-10-16,20:06:00,315,3,9233
79245,2016-10-16,20:10:00,388,5,6204
79246,2016-10-16,20:11:00,328,2,1782
79247,2016-10-16,20:26:00,382,2,7129
79248,2016-10-16,20:30:00,390,1,5914
79249,2016-10-16,20:45:00,182,2,6038
79250,2016-10-16,20:49:00,341,3,11757
79251,2016-10-16,20:54:00,57,2,11336
79252,2016-10-16,20:57:00,59,1,4588
79253,2016-10-16,20:59:00,153,1,385
79254,2016-10-16,21:01:00,437,2,1567
79255,2016-10-16,21:19:00,245,2,11149
79256,2016-10-16,21:29:00,361,1,4681
79257,2016-10-16,21:44:00,226,3,10646
79258,2016-10-16,21:50:00,77,4,1556
79259,2016-10-16,21:52:00,401,2,9906
79260,2016-10-16,22:04:00,116,1,715
79261,2016-10-16,22:10:00,220,3,10509
79262,2016-10-16,22:10:00,352,2,11969
79263,2016-10-16,22:12:00,171,1,5718
79264,2016-10-16,22:15:00,104,4,3121
79265,2016-10-16,22:26:00,372,1,1094
79266,2016-10-16,22:30:00,7,2,11534
79267,2016-10-16,22:36:00,26,2,5999
79268,2016-10-16,22:39:00,34,2,5826
79269,2016-10-16,22:47:00,110,3,7709
79270,2016-10-16,22:48:00,234,3,1724
79271,2016-10-16,22:48:00,357,4,8751
79272,2016-10-16,22:49:00,384,2,1476
79273,2016-10-16,22:49:00,411,2,4522
79274,2016-10-16,22:52:00,280,2,794
79275,2016-10-16,22:52:00,332,2,7998
79276,2016-10-16,22:56:00,416,3,11250
79277,2016-10-16,23:00:00,63,1,792
79278,2016-10-16,23:05:00,374,2,3826
79279,2016-10-16,23:12:00,60,1,2802
79280,2016-10-16,23:24:00,383,2,8637
79281,2016-10-16,23:25:00,54,1,5196
79282,2016-10-16,23:25:00,19,2,6283
79283,2016-10-16,23:26:00,187,2,7164
79284,2016-10-16,23:26:00,262,1,6093
79285,2016-10-16,23:31:00,256,1,10239
79286,2016-10-16,23:34:00,227,2,7030
79287,2016-10-16,23:38:00,395,1,9766
79288,2016-10-16,23:42:00,137,2,7593
79289,2016-10-16,23:51:00,245,2,11569
79290,2016-10-16,23:58:00,392,2,9913
79291,2016-10-17,00:01:00,348,1,11784
79292,2016-10-17,00:06:00,289,1,10774
79293,2016-10-17,00:21:00,249,1,9167
79294,2016-10-17,00:51:00,406,1,282
79295,2016-10-17,00:52:00,336,1,1143
79296,2016-10-17,01:01:00,385,2,2460
79297,2016-10-17,01:03:00,361,1,2134
79298,2016-10-17,01:07:00,268,1,6201
79299,2016-10-17,01:20:00,147,1,8824
79300,2016-10-17,01:27:00,109,2,319
79301,2016-10-17,01:33:00,115,3,1358
79302,2016-10-17,01:35:00,295,2,5684
79303,2016-10-17,01:45:00,422,2,10684
79304,2016-10-17,01:46:00,428,2,1279
79305,2016-10-17,01:55:00,306,1,5324
79306,2016-10-17,01:55:00,45,2,6740
79307,2016-10-17,01:55:00,177,5,7321
79308,2016-10-17,02:13:00,237,2,1022
79309,2016-10-17,02:19:00,235,3,8608
79310,2016-10-17,02:21:00,52,2,5005
79311,2016-10-17,02:24:00,70,1,1977
79312,2016-10-17,02:25:00,408,2,6985
79313,2016-10-17,02:31:00,259,2,4080
79314,2016-10-17,02:35:00,256,3,7128
79315,2016-10-17,02:37:00,2,1,10104
79316,2016-10-17,02:40:00,380,3,5868
79317,2016-10-17,02:42:00,401,1,8547
79318,2016-10-17,02:48:00,348,3,3605
79319,2016-10-17,02:52:00,385,2,8709
79320,2016-10-17,02:59:00,194,1,7956
79321,2016-10-17,03:05:00,157,1,11261
79322,2016-10-17,03:14:00,375,1,2391
79323,2016-10-17,03:23:00,457,2,6215
79324,2016-10-17,03:26:00,37,1,7967
79325,2016-10-17,03:35:00,72,1,5176
79326,2016-10-17,03:51:00,278,2,3936
79327,2016-10-17,03:54:00,439,1,895
79328,2016-10-17,03:56:00,386,1,5818
79329,2016-10-17,03:57:00,7,3,9505
79330,2016-10-17,03:59:00,58,5,926
79331,2016-10-17,04:05:00,14,4,10769
79332,2016-10-17,04:06:00,38,3,2348
79333,2016-10-17,04:06:00,200,2,1239
79334,2016-10-17,04:13:00,310,1,11322
79335,2016-10-17,04:30:00,211,1,6941
79336,2016-10-17,04:36:00,162,1,2827
79337,2016-10-17,04:43:00,86,2,11238
79338,2016-10-17,04:47:00,63,2,3738
79339,2016-10-17,04:49:00,339,3,4072
79340,2016-10-17,04:54:00,18,2,4906
79341,2016-10-17,04:58:00,314,1,4181
79342,2016-10-17,05:04:00,179,1,9317
79343,2016-10-17,05:13:00,400,2,11440
79344,2016-10-17,05:18:00,228,2,3068
79345,2016-10-17,05:21:00,365,1,69
79346,2016-10-17,05:24:00,125,3,748
79347,2016-10-17,05:29:00,239,2,6686
79348,2016-10-17,05:30:00,252,2,2806
79349,2016-10-17,05:36:00,19,2,1073
79350,2016-10-17,05:38:00,418,2,2083
79351,2016-10-17,05:39:00,255,2,3808
79352,2016-10-17,05:40:00,423,3,4981
79353,2016-10-17,05:51:00,81,1,10678
79354,2016-10-17,05:56:00,230,1,7185
79355,2016-10-17,05:56:00,213,1,11579
79356,2016-10-17,06:10:00,219,2,3862
79357,2016-10-17,06:12:00,447,2,10397
79358,2016-10-17,06:13:00,51,3,3124
79359,2016-10-17,06:14:00,126,1,1679
79360,2016-10-17,06:18:00,184,1,8522
79361,2016-10-17,06:19:00,447,2,8440
79362,2016-10-17,06:21:00,91,1,99
79363,2016-10-17,06:26:00,381,2,2687
79364,2016-10-17,06:31:00,233,2,2642
79365,2016-10-17,06:43:00,113,1,275
79366,2016-10-17,06:58:00,101,3,7427
79367,2016-10-17,07:08:00,217,2,10038
79368,2016-10-17,07:10:00,356,1,11654
79369,2016-10-17,07:15:00,382,2,4071
79370,2016-10-17,07:24:00,156,1,11977
79371,2016-10-17,07:33:00,295,4,5395
79372,2016-10-17,07:40:00,85,3,660
79373,2016-10-17,07:43:00,19,2,9087
79374,2016-10-17,07:45:00,435,2,7125
79375,2016-10-17,07:46:00,342,2,10188
79376,2016-10-17,07:47:00,232,2,3875
79377,2016-10-17,07:51:00,348,2,4737
79378,2016-10-17,07:53:00,378,2,351
79379,2016-10-17,07:59:00,57,2,6870
79380,2016-10-17,08:09:00,51,1,8386
79381,2016-10-17,08:19:00,184,3,7392
79382,2016-10-17,08:20:00,262,1,11952
79383,2016-10-17,08:26:00,91,1,447
79384,2016-10-17,08:33:00,169,2,2161
79385,2016-10-17,08:46:00,117,2,2218
79386,2016-10-17,08:49:00,305,2,7253
79387,2016-10-17,08:50:00,257,3,11801
79388,2016-10-17,08:50:00,351,3,4552
79389,2016-10-17,08:53:00,336,1,4303
79390,2016-10-17,09:02:00,267,4,6369
79391,2016-10-17,09:04:00,398,1,5255
79392,2016-10-17,09:15:00,367,1,8816
79393,2016-10-17,09:28:00,326,1,9753
79394,2016-10-17,09:39:00,316,2,9009
79395,2016-10-17,09:40:00,91,2,2676
79396,2016-10-17,09:44:00,39,5,6959
79397,2016-10-17,09:57:00,378,3,5545
79398,2016-10-17,10:01:00,111,3,1686
79399,2016-10-17,10:22:00,195,4,6831
79400,2016-10-17,10:25:00,181,1,1726
79401,2016-10-17,10:30:00,225,2,8120
79402,2016-10-17,10:34:00,82,2,11459
79403,2016-10-17,10:37:00,167,1,9903
79404,2016-10-17,10:44:00,127,3,10936
79405,2016-10-17,10:45:00,224,2,5140
79406,2016-10-17,10:54:00,381,1,10152
79407,2016-10-17,10:57:00,204,1,6073
79408,2016-10-17,11:01:00,441,1,6901
79409,2016-10-17,11:05:00,159,2,10873
79410,2016-10-17,11:08:00,402,1,10244
79411,2016-10-17,11:11:00,357,3,11358
79412,2016-10-17,11:19:00,5,3,929
79413,2016-10-17,11:25:00,308,3,1536
79414,2016-10-17,11:28:00,387,1,4966
79415,2016-10-17,11:29:00,43,1,7965
79416,2016-10-17,11:31:00,238,2,4313
79417,2016-10-17,11:40:00,431,1,4491
79418,2016-10-17,11:42:00,304,1,6519
79419,2016-10-17,11:51:00,158,4,9295
79420,2016-10-17,12:01:00,168,3,4853
79421,2016-10-17,12:04:00,450,1,8779
79422,2016-10-17,12:06:00,202,2,9236
79423,2016-10-17,12:06:00,430,1,10479
79424,2016-10-17,12:06:00,114,1,2475
79425,2016-10-17,12:10:00,137,3,3782
79426,2016-10-17,12:12:00,183,3,3520
79427,2016-10-17,12:13:00,32,1,3112
79428,2016-10-17,12:23:00,413,3,7749
79429,2016-10-17,12:26:00,337,4,1707
79430,2016-10-17,12:37:00,377,2,7835
79431,2016-10-17,12:52:00,302,3,5822
79432,2016-10-17,12:55:00,432,4,11627
79433,2016-10-17,12:59:00,347,2,7863
79434,2016-10-17,13:00:00,245,2,4994
79435,2016-10-17,13:00:00,279,2,9482
79436,2016-10-17,13:01:00,277,1,4543
79437,2016-10-17,13:25:00,353,1,7544
79438,2016-10-17,13:28:00,180,2,1601
79439,2016-10-17,13:30:00,248,2,11191
79440,2016-10-17,13:31:00,288,2,338
79441,2016-10-17,13:32:00,19,3,6636
79442,2016-10-17,13:38:00,253,1,3667
79443,2016-10-17,13:43:00,48,1,6812
79444,2016-10-17,13:44:00,58,2,9862
79445,2016-10-17,13:47:00,57,1,10137
79446,2016-10-17,13:50:00,399,1,10006
79447,2016-10-17,13:54:00,185,3,3114
79448,2016-10-17,13:58:00,298,1,8581
79449,2016-10-17,13:59:00,356,2,6150
79450,2016-10-17,14:01:00,132,1,217
79451,2016-10-17,14:04:00,77,3,4911
79452,2016-10-17,14:07:00,83,1,7363
79453,2016-10-17,14:08:00,82,1,8231
79454,2016-10-17,14:16:00,168,2,7429
79455,2016-10-17,14:22:00,15,3,344
79456,2016-10-17,14:39:00,334,2,10885
79457,2016-10-17,14:42:00,401,1,11872
79458,2016-10-17,14:42:00,40,3,730
79459,2016-10-17,14:51:00,50,2,6525
79460,2016-10-17,14:56:00,315,1,8141
79461,2016-10-17,15:09:00,436,4,1967
79462,2016-10-17,15:13:00,242,2,2017
79463,2016-10-17,15:16:00,271,2,8538
79464,2016-10-17,15:44:00,273,3,8822
79465,2016-10-17,15:52:00,37,1,9277
79466,2016-10-17,15:56:00,68,1,10035
79467,2016-10-17,15:58:00,314,1,7871
79468,2016-10-17,15:59:00,334,1,11393
79469,2016-10-17,16:01:00,280,1,8428
79470,2016-10-17,16:02:00,269,1,11835
79471,2016-10-17,16:06:00,329,1,11471
79472,2016-10-17,16:46:00,337,2,4560
79473,2016-10-17,16:53:00,85,2,11554
79474,2016-10-17,17:12:00,339,2,789
79475,2016-10-17,17:14:00,269,2,1260
79476,2016-10-17,17:15:00,78,1,9868
79477,2016-10-17,17:25:00,294,1,8334
79478,2016-10-17,17:25:00,316,3,11269
79479,2016-10-17,17:46:00,335,2,1052
79480,2016-10-17,17:51:00,35,2,354
79481,2016-10-17,18:02:00,446,3,5888
79482,2016-10-17,18:04:00,200,2,1584
79483,2016-10-17,18:06:00,246,2,6649
79484,2016-10-17,18:24:00,456,4,10850
79485,2016-10-17,18:27:00,315,5,2094
79486,2016-10-17,18:31:00,293,1,4150
79487,2016-10-17,18:51:00,13,2,340
79488,2016-10-17,18:58:00,92,2,1479
79489,2016-10-17,19:03:00,336,3,3373
79490,2016-10-17,19:05:00,387,3,1450
79491,2016-10-17,19:07:00,59,2,8206
79492,2016-10-17,19:09:00,407,3,3288
79493,2016-10-17,19:15:00,175,1,2966
79494,2016-10-17,19:23:00,165,4,3280
79495,2016-10-17,19:26:00,207,2,10304
79496,2016-10-17,19:27:00,454,2,2329
79497,2016-10-17,19:32:00,326,1,1009
79498,2016-10-17,19:37:00,445,1,2199
79499,2016-10-17,19:42:00,431,1,4658
79500,2016-10-17,19:48:00,433,1,3777
79501,2016-10-17,19:50:00,236,1,11353
79502,2016-10-17,19:50:00,199,1,9921
79503,2016-10-17,19:51:00,62,3,4135
79504,2016-10-17,19:56:00,393,2,2231
79505,2016-10-17,20:04:00,171,1,5506
79506,2016-10-17,20:38:00,420,2,5184
79507,2016-10-17,20:38:00,173,2,1274
79508,2016-10-17,20:42:00,401,1,2063
79509,2016-10-17,20:47:00,405,2,3056
79510,2016-10-17,20:53:00,449,2,10370
79511,2016-10-17,20:56:00,265,4,1480
79512,2016-10-17,21:12:00,106,2,3284
79513,2016-10-17,21:13:00,417,2,8973
79514,2016-10-17,21:24:00,62,2,4612
79515,2016-10-17,21:25:00,392,1,1854
79516,2016-10-17,21:25:00,256,3,6878
79517,2016-10-17,21:35:00,147,2,4431
79518,2016-10-17,21:35:00,390,2,11742
79519,2016-10-17,21:45:00,418,1,1749
79520,2016-10-17,21:48:00,255,4,1570
79521,2016-10-17,21:53:00,406,1,11962
79522,2016-10-17,22:00:00,382,2,195
79523,2016-10-17,22:03:00,205,1,8759
79524,2016-10-17,22:08:00,134,2,1121
79525,2016-10-17,22:10:00,277,1,8588
79526,2016-10-17,22:12:00,365,1,681
79527,2016-10-17,22:20:00,449,3,1894
79528,2016-10-17,22:45:00,368,1,5286
79529,2016-10-17,22:46:00,222,3,3695
79530,2016-10-17,22:57:00,222,1,5482
79531,2016-10-17,23:03:00,45,1,4554
79532,2016-10-17,23:14:00,433,2,10172
79533,2016-10-17,23:30:00,222,2,7776
79534,2016-10-17,23:32:00,217,3,10083
79535,2016-10-17,23:36:00,448,1,6295
79536,2016-10-17,23:48:00,85,1,2272
79537,2016-10-17,23:55:00,181,2,8610
79538,2016-10-18,00:02:00,301,3,3864
79539,2016-10-18,00:05:00,438,4,5078
79540,2016-10-18,00:13:00,399,3,9951
79541,2016-10-18,00:30:00,394,4,4061
79542,2016-10-18,00:37:00,389,3,10770
79543,2016-10-18,01:07:00,357,2,8814
79544,2016-10-18,01:09:00,249,2,236
79545,2016-10-18,01:09:00,85,2,2955
79546,2016-10-18,01:13:00,426,1,9010
79547,2016-10-18,01:20:00,395,3,8211
79548,2016-10-18,01:21:00,267,1,8513
79549,2016-10-18,01:23:00,145,1,5733
79550,2016-10-18,01:27:00,411,2,1046
79551,2016-10-18,01:28:00,60,2,7240
79552,2016-10-18,01:31:00,351,2,3543
79553,2016-10-18,01:31:00,211,1,2425
79554,2016-10-18,01:44:00,75,3,3319
79555,2016-10-18,01:45:00,325,4,9915
79556,2016-10-18,01:56:00,432,4,2275
79557,2016-10-18,02:00:00,361,2,9476
79558,2016-10-18,02:11:00,311,1,6449
79559,2016-10-18,02:12:00,84,2,8692
79560,2016-10-18,02:15:00,205,3,9530
79561,2016-10-18,02:16:00,42,2,5722
79562,2016-10-18,02:16:00,232,1,9863
79563,2016-10-18,02:18:00,30,1,9632
79564,2016-10-18,02:27:00,65,2,2029
79565,2016-10-18,02:28:00,354,2,7202
79566,2016-10-18,02:34:00,413,1,9250
79567,2016-10-18,02:41:00,60,4,8722
79568,2016-10-18,02:43:00,61,3,3340
79569,2016-10-18,02:48:00,103,1,7104
79570,2016-10-18,02:48:00,427,4,117
79571,2016-10-18,02:52:00,8,2,8593
79572,2016-10-18,02:53:00,419,2,2969
79573,2016-10-18,02:57:00,357,2,1280
79574,2016-10-18,02:59:00,378,2,9661
79575,2016-10-18,03:00:00,105,1,4270
79576,2016-10-18,03:02:00,95,2,8455
79577,2016-10-18,03:17:00,116,4,1723
79578,2016-10-18,03:23:00,21,2,7197
79579,2016-10-18,03:28:00,18,1,6987
79580,2016-10-18,03:38:00,301,5,9171
79581,2016-10-18,03:39:00,183,2,2206
79582,2016-10-18,03:40:00,76,1,844
79583,2016-10-18,04:12:00,395,1,4104
79584,2016-10-18,04:16:00,335,1,9702
79585,2016-10-18,04:17:00,346,2,2242
79586,2016-10-18,04:21:00,85,1,1126
79587,2016-10-18,04:30:00,194,1,3512
79588,2016-10-18,04:32:00,376,2,3381
79589,2016-10-18,04:38:00,34,2,1279
79590,2016-10-18,04:57:00,370,1,9523
79591,2016-10-18,04:59:00,354,1,10549
79592,2016-10-18,04:59:00,254,2,2556
79593,2016-10-18,05:06:00,72,2,444
79594,2016-10-18,05:08:00,255,3,10962
79595,2016-10-18,05:09:00,171,1,9738
79596,2016-10-18,05:26:00,233,1,10889
79597,2016-10-18,05:28:00,101,1,3983
79598,2016-10-18,05:28:00,287,2,3150
79599,2016-10-18,05:31:00,238,2,9892
79600,2016-10-18,05:32:00,83,1,9132
79601,2016-10-18,05:39:00,258,2,5539
79602,2016-10-18,05:47:00,273,1,9466
79603,2016-10-18,05:50:00,283,2,6990
79604,2016-10-18,05:50:00,316,2,11490
79605,2016-10-18,05:51:00,219,2,11122
79606,2016-10-18,05:54:00,48,6,8620
79607,2016-10-18,06:06:00,29,1,5366
79608,2016-10-18,06:11:00,361,1,8020
79609,2016-10-18,06:15:00,394,3,11264
79610,2016-10-18,06:20:00,174,2,11772
79611,2016-10-18,06:25:00,61,1,6619
79612,2016-10-18,06:26:00,408,1,3173
79613,2016-10-18,06:33:00,128,3,4820
79614,2016-10-18,06:41:00,75,1,1649
79615,2016-10-18,06:45:00,431,2,7218
79616,2016-10-18,06:57:00,137,1,8464
79617,2016-10-18,07:01:00,96,2,2741
79618,2016-10-18,07:05:00,302,1,910
79619,2016-10-18,07:08:00,279,2,8110
79620,2016-10-18,07:12:00,114,2,8824
79621,2016-10-18,07:26:00,378,1,625
79622,2016-10-18,07:31:00,105,2,634
79623,2016-10-18,07:55:00,35,1,2039
79624,2016-10-18,08:12:00,382,2,4319
79625,2016-10-18,08:12:00,32,1,6008
79626,2016-10-18,08:13:00,400,2,3201
79627,2016-10-18,08:25:00,298,1,679
79628,2016-10-18,08:33:00,176,1,10407
79629,2016-10-18,08:35:00,245,1,11158
79630,2016-10-18,08:40:00,220,3,9996
79631,2016-10-18,08:41:00,177,5,1890
79632,2016-10-18,08:44:00,196,1,8534
79633,2016-10-18,08:54:00,408,1,10847
79634,2016-10-18,08:54:00,378,2,8479
79635,2016-10-18,08:59:00,355,1,6630
79636,2016-10-18,09:03:00,223,5,11538
79637,2016-10-18,09:20:00,382,1,1719
79638,2016-10-18,09:29:00,425,3,10218
79639,2016-10-18,09:38:00,341,2,3223
79640,2016-10-18,09:45:00,14,2,5404
79641,2016-10-18,09:47:00,400,4,6260
79642,2016-10-18,09:51:00,144,2,3905
79643,2016-10-18,09:57:00,424,1,7847
79644,2016-10-18,10:01:00,22,1,5712
79645,2016-10-18,10:07:00,432,1,3009
79646,2016-10-18,10:12:00,298,3,1586
79647,2016-10-18,10:12:00,133,2,11932
79648,2016-10-18,10:17:00,27,2,7732
79649,2016-10-18,10:17:00,89,1,2840
79650,2016-10-18,10:17:00,380,1,5912
79651,2016-10-18,10:19:00,431,1,1994
79652,2016-10-18,10:23:00,397,4,6214
79653,2016-10-18,10:24:00,57,2,9438
79654,2016-10-18,10:32:00,109,2,10638
79655,2016-10-18,10:34:00,123,1,2578
79656,2016-10-18,10:47:00,82,1,11026
79657,2016-10-18,10:48:00,253,2,9640
79658,2016-10-18,10:59:00,63,1,5414
79659,2016-10-18,11:03:00,408,2,8267
79660,2016-10-18,11:04:00,93,1,1270
79661,2016-10-18,11:07:00,430,3,7919
79662,2016-10-18,11:13:00,222,2,10522
79663,2016-10-18,11:21:00,394,1,1413
79664,2016-10-18,11:26:00,198,1,5829
79665,2016-10-18,11:30:00,322,3,10857
79666,2016-10-18,11:54:00,40,2,6035
79667,2016-10-18,12:19:00,351,3,6374
79668,2016-10-18,12:19:00,148,1,4301
79669,2016-10-18,12:23:00,269,2,4477
79670,2016-10-18,12:25:00,177,1,9938
79671,2016-10-18,12:30:00,371,3,4414
79672,2016-10-18,12:49:00,407,2,7462
79673,2016-10-18,12:50:00,179,1,3980
79674,2016-10-18,12:51:00,45,2,3782
79675,2016-10-18,12:54:00,397,2,3253
79676,2016-10-18,13:08:00,430,2,6712
79677,2016-10-18,13:11:00,271,2,11139
79678,2016-10-18,13:12:00,126,1,955
79679,2016-10-18,13:17:00,94,1,801
79680,2016-10-18,13:32:00,314,2,11169
79681,2016-10-18,13:38:00,159,2,11318
79682,2016-10-18,13:40:00,32,4,8382
79683,2016-10-18,13:45:00,189,1,6295
79684,2016-10-18,13:45:00,52,2,10173
79685,2016-10-18,13:53:00,218,3,7878
79686,2016-10-18,14:00:00,379,1,601
79687,2016-10-18,14:01:00,351,2,10897
79688,2016-10-18,14:03:00,128,2,6728
79689,2016-10-18,14:04:00,258,1,2825
79690,2016-10-18,14:06:00,407,2,9213
79691,2016-10-18,14:11:00,373,1,8131
79692,2016-10-18,14:12:00,335,1,9168
79693,2016-10-18,14:31:00,444,1,6645
79694,2016-10-18,14:39:00,350,1,3283
79695,2016-10-18,14:40:00,384,1,938
79696,2016-10-18,14:44:00,408,3,11557
79697,2016-10-18,14:46:00,10,2,7441
79698,2016-10-18,14:47:00,439,2,988
79699,2016-10-18,14:56:00,131,1,7840
79700,2016-10-18,15:04:00,63,2,4993
79701,2016-10-18,15:08:00,66,2,6493
79702,2016-10-18,15:15:00,349,4,10729
79703,2016-10-18,15:21:00,341,2,1885
79704,2016-10-18,15:21:00,266,3,106
79705,2016-10-18,15:24:00,65,3,3420
79706,2016-10-18,15:43:00,392,2,8163
79707,2016-10-18,15:45:00,339,2,1886
79708,2016-10-18,15:53:00,338,1,11376
79709,2016-10-18,15:59:00,453,3,1926
79710,2016-10-18,16:01:00,246,2,5138
79711,2016-10-18,16:10:00,50,2,6405
79712,2016-10-18,16:22:00,359,4,3772
79713,2016-10-18,16:25:00,232,1,2661
79714,2016-10-18,16:27:00,102,3,7904
79715,2016-10-18,16:28:00,374,4,11009
79716,2016-10-18,16:31:00,31,1,8531
79717,2016-10-18,16:41:00,10,4,805
79718,2016-10-18,16:46:00,15,2,11777
79719,2016-10-18,16:47:00,224,2,1547
79720,2016-10-18,16:54:00,16,1,7022
79721,2016-10-18,16:57:00,397,2,2499
79722,2016-10-18,16:59:00,434,3,8814
79723,2016-10-18,17:02:00,120,2,5237
79724,2016-10-18,17:11:00,305,2,7648
79725,2016-10-18,17:14:00,317,3,9772
79726,2016-10-18,17:15:00,238,1,4330
79727,2016-10-18,17:17:00,174,1,6947
79728,2016-10-18,17:20:00,201,3,6322
79729,2016-10-18,17:26:00,65,3,2510
79730,2016-10-18,17:32:00,85,1,5074
79731,2016-10-18,17:38:00,367,3,7656
79732,2016-10-18,17:38:00,349,1,10747
79733,2016-10-18,17:43:00,59,2,5414
79734,2016-10-18,17:44:00,153,2,9723
79735,2016-10-18,17:45:00,32,1,5717
79736,2016-10-18,17:56:00,323,1,3507
79737,2016-10-18,17:58:00,183,1,8413
79738,2016-10-18,17:58:00,96,2,1098
79739,2016-10-18,17:59:00,454,2,7495
79740,2016-10-18,18:04:00,210,4,7423
79741,2016-10-18,18:11:00,313,2,11706
79742,2016-10-18,18:16:00,361,3,3839
79743,2016-10-18,18:17:00,398,5,7439
79744,2016-10-18,18:17:00,447,3,2432
79745,2016-10-18,18:22:00,292,3,9973
79746,2016-10-18,18:23:00,153,3,7048
79747,2016-10-18,18:29:00,40,2,6055
79748,2016-10-18,18:32:00,310,2,5828
79749,2016-10-18,18:33:00,146,4,6288
79750,2016-10-18,18:34:00,411,1,1680
79751,2016-10-18,18:37:00,174,2,4609
79752,2016-10-18,18:39:00,306,2,4473
79753,2016-10-18,18:39:00,392,1,10487
79754,2016-10-18,18:41:00,167,2,10905
79755,2016-10-18,18:43:00,97,3,11994
79756,2016-10-18,18:44:00,67,3,9435
79757,2016-10-18,18:59:00,243,1,3974
79758,2016-10-18,19:01:00,299,2,11290
79759,2016-10-18,19:04:00,14,1,11171
79760,2016-10-18,19:06:00,103,1,327
79761,2016-10-18,19:08:00,212,5,8546
79762,2016-10-18,19:11:00,358,3,10838
79763,2016-10-18,19:11:00,252,1,1936
79764,2016-10-18,19:15:00,319,1,5184
79765,2016-10-18,19:19:00,41,3,9954
79766,2016-10-18,19:29:00,227,1,11303
79767,2016-10-18,19:33:00,370,3,8015
79768,2016-10-18,19:51:00,154,1,5135
79769,2016-10-18,19:54:00,357,1,7846
79770,2016-10-18,20:02:00,112,4,10635
79771,2016-10-18,20:07:00,78,3,1847
79772,2016-10-18,20:16:00,454,4,8558
79773,2016-10-18,20:19:00,325,5,7511
79774,2016-10-18,20:27:00,61,2,9770
79775,2016-10-18,20:29:00,149,1,1655
79776,2016-10-18,20:30:00,296,1,6345
79777,2016-10-18,20:30:00,340,4,8398
79778,2016-10-18,20:35:00,341,1,11287
79779,2016-10-18,20:36:00,269,2,3911
79780,2016-10-18,20:41:00,47,1,2242
79781,2016-10-18,20:48:00,176,2,742
79782,2016-10-18,20:50:00,167,2,7893
79783,2016-10-18,20:55:00,215,3,7334
79784,2016-10-18,21:16:00,371,1,2430
79785,2016-10-18,21:21:00,339,3,9527
79786,2016-10-18,21:23:00,35,1,7295
79787,2016-10-18,21:30:00,302,2,749
79788,2016-10-18,21:44:00,269,3,6527
79789,2016-10-18,21:44:00,140,2,1984
79790,2016-10-18,21:45:00,323,2,4467
79791,2016-10-18,21:49:00,102,2,11830
79792,2016-10-18,21:55:00,60,3,1307
79793,2016-10-18,22:04:00,83,4,265
79794,2016-10-18,22:10:00,383,2,2477
79795,2016-10-18,22:10:00,189,2,5332
79796,2016-10-18,22:13:00,104,2,10917
79797,2016-10-18,22:16:00,155,2,8891
79798,2016-10-18,22:18:00,275,2,6836
79799,2016-10-18,22:22:00,140,1,951
79800,2016-10-18,22:25:00,261,1,1346
79801,2016-10-18,22:25:00,361,1,10581
79802,2016-10-18,22:25:00,230,2,7012
79803,2016-10-18,22:31:00,64,1,9630
79804,2016-10-18,22:35:00,340,1,2897
79805,2016-10-18,22:35:00,9,1,3893
79806,2016-10-18,22:39:00,391,2,3695
79807,2016-10-18,22:41:00,269,3,10099
79808,2016-10-18,22:52:00,357,1,9575
79809,2016-10-18,23:02:00,169,2,1566
79810,2016-10-18,23:02:00,336,2,9331
79811,2016-10-18,23:05:00,190,2,3777
79812,2016-10-18,23:07:00,300,2,4544
79813,2016-10-18,23:12:00,109,1,4355
79814,2016-10-18,23:13:00,247,1,8716
79815,2016-10-18,23:15:00,16,1,827
79816,2016-10-18,23:18:00,64,1,2837
79817,2016-10-18,23:21:00,438,1,5121
79818,2016-10-18,23:21:00,253,1,1161
79819,2016-10-18,23:31:00,261,1,4499
79820,2016-10-18,23:38:00,271,3,668
79821,2016-10-18,23:39:00,52,1,6615
79822,2016-10-18,23:40:00,119,1,4904
79823,2016-10-18,23:42:00,44,2,9465
79824,2016-10-18,23:45:00,56,1,1560
79825,2016-10-18,23:46:00,43,3,572
79826,2016-10-18,23:49:00,174,2,9215
79827,2016-10-18,23:52:00,412,3,9241
79828,2016-10-19,00:05:00,274,1,11068
79829,2016-10-19,00:05:00,310,3,1919
79830,2016-10-19,00:10:00,174,1,6208
79831,2016-10-19,00:18:00,179,1,4906
79832,2016-10-19,00:19:00,175,2,8067
79833,2016-10-19,00:28:00,401,2,3139
79834,2016-10-19,00:40:00,79,3,9362
79835,2016-10-19,00:57:00,293,4,860
79836,2016-10-19,01:04:00,160,2,8116
79837,2016-10-19,01:12:00,173,1,6598
79838,2016-10-19,01:13:00,355,3,7289
79839,2016-10-19,01:16:00,200,3,9464
79840,2016-10-19,01:19:00,137,1,6712
79841,2016-10-19,01:32:00,321,2,6360
79842,2016-10-19,01:35:00,437,1,2895
79843,2016-10-19,01:36:00,335,2,10646
79844,2016-10-19,01:41:00,66,2,9874
79845,2016-10-19,01:50:00,27,3,2187
79846,2016-10-19,01:54:00,17,3,358
79847,2016-10-19,02:06:00,105,1,5676
79848,2016-10-19,02:24:00,190,1,4564
79849,2016-10-19,02:25:00,59,2,3271
79850,2016-10-19,02:27:00,360,4,8761
79851,2016-10-19,02:33:00,247,2,6348
79852,2016-10-19,02:34:00,285,2,11422
79853,2016-10-19,02:38:00,314,1,4729
79854,2016-10-19,02:40:00,284,2,8386
79855,2016-10-19,02:48:00,30,1,10504
79856,2016-10-19,02:49:00,439,2,7233
79857,2016-10-19,02:51:00,282,1,10882
79858,2016-10-19,02:51:00,280,1,5540
79859,2016-10-19,02:55:00,302,4,3669
79860,2016-10-19,03:06:00,47,3,9962
79861,2016-10-19,03:11:00,205,2,5225
79862,2016-10-19,03:25:00,6,2,8621
79863,2016-10-19,03:34:00,407,4,3903
79864,2016-10-19,03:37:00,159,2,6008
79865,2016-10-19,03:39:00,341,4,918
79866,2016-10-19,03:52:00,148,2,823
79867,2016-10-19,03:54:00,335,2,11204
79868,2016-10-19,04:00:00,153,4,1320
79869,2016-10-19,04:02:00,27,2,7154
79870,2016-10-19,04:07:00,47,2,3371
79871,2016-10-19,04:09:00,108,1,8103
79872,2016-10-19,04:12:00,409,1,3334
79873,2016-10-19,04:20:00,37,1,28
79874,2016-10-19,04:21:00,243,3,11
79875,2016-10-19,04:24:00,240,1,4634
79876,2016-10-19,04:37:00,388,3,10148
79877,2016-10-19,04:41:00,64,2,9521
79878,2016-10-19,04:43:00,413,2,6203
79879,2016-10-19,04:44:00,243,3,2639
79880,2016-10-19,04:45:00,227,1,6344
79881,2016-10-19,04:47:00,57,1,9776
79882,2016-10-19,04:53:00,103,3,7117
79883,2016-10-19,04:56:00,243,1,3243
79884,2016-10-19,05:12:00,121,4,4549
79885,2016-10-19,05:17:00,361,2,6372
79886,2016-10-19,05:18:00,322,2,7384
79887,2016-10-19,05:21:00,30,1,7196
79888,2016-10-19,05:22:00,363,2,336
79889,2016-10-19,05:29:00,338,1,7795
79890,2016-10-19,05:32:00,60,1,9102
79891,2016-10-19,05:35:00,365,3,2964
79892,2016-10-19,05:41:00,454,3,7206
79893,2016-10-19,05:41:00,348,3,8740
79894,2016-10-19,05:42:00,184,2,400
79895,2016-10-19,05:45:00,258,2,6271
79896,2016-10-19,06:02:00,343,3,4441
79897,2016-10-19,06:03:00,260,2,1235
79898,2016-10-19,06:09:00,157,1,3488
79899,2016-10-19,06:13:00,164,3,1143
79900,2016-10-19,06:21:00,359,1,6380
79901,2016-10-19,06:24:00,438,2,10305
79902,2016-10-19,06:31:00,383,1,8661
79903,2016-10-19,06:37:00,403,2,386
79904,2016-10-19,06:47:00,273,2,10206
79905,2016-10-19,07:03:00,108,1,2812
79906,2016-10-19,07:04:00,298,3,230
79907,2016-10-19,07:04:00,367,2,4309
79908,2016-10-19,07:07:00,404,1,9275
79909,2016-10-19,07:11:00,4,2,621
79910,2016-10-19,07:12:00,267,3,6872
79911,2016-10-19,07:16:00,216,3,7872
79912,2016-10-19,07:25:00,428,2,4400
79913,2016-10-19,07:47:00,14,1,1475
79914,2016-10-19,07:51:00,310,2,1039
79915,2016-10-19,07:53:00,207,1,8173
79916,2016-10-19,07:54:00,10,3,10283
79917,2016-10-19,07:59:00,6,1,2732
79918,2016-10-19,07:59:00,9,2,7896
79919,2016-10-19,08:03:00,215,2,10177
79920,2016-10-19,08:07:00,284,1,7620
79921,2016-10-19,08:10:00,245,3,3074
79922,2016-10-19,08:14:00,234,3,10331
79923,2016-10-19,08:19:00,216,2,11321
79924,2016-10-19,08:35:00,143,3,3718
79925,2016-10-19,08:37:00,344,1,9101
79926,2016-10-19,08:56:00,410,1,11404
79927,2016-10-19,09:01:00,300,2,9663
79928,2016-10-19,09:01:00,116,5,1530
79929,2016-10-19,09:03:00,274,2,1183
79930,2016-10-19,09:05:00,294,2,8818
79931,2016-10-19,09:06:00,82,3,7667
79932,2016-10-19,09:12:00,179,2,7712
79933,2016-10-19,09:14:00,190,1,5506
79934,2016-10-19,09:18:00,4,1,2608
79935,2016-10-19,09:18:00,303,1,2665
79936,2016-10-19,09:18:00,224,1,5254
79937,2016-10-19,09:29:00,240,2,6720
79938,2016-10-19,09:33:00,319,1,8424
79939,2016-10-19,09:45:00,4,2,7243
79940,2016-10-19,09:46:00,250,2,9056
79941,2016-10-19,09:47:00,443,2,3590
79942,2016-10-19,09:51:00,151,1,9674
79943,2016-10-19,09:58:00,430,1,5820
79944,2016-10-19,09:59:00,346,1,5600
79945,2016-10-19,09:59:00,177,2,9388
79946,2016-10-19,09:59:00,92,4,9183
79947,2016-10-19,10:02:00,456,1,6392
79948,2016-10-19,10:03:00,222,1,6134
79949,2016-10-19,10:07:00,387,2,2830
79950,2016-10-19,10:08:00,316,1,9177
79951,2016-10-19,10:11:00,223,2,2068
79952,2016-10-19,10:11:00,150,1,1609
79953,2016-10-19,10:13:00,223,2,4717
79954,2016-10-19,10:22:00,104,4,439
79955,2016-10-19,10:23:00,408,2,6265
79956,2016-10-19,10:24:00,443,2,8428
79957,2016-10-19,10:34:00,80,5,10988
79958,2016-10-19,10:42:00,364,3,749
79959,2016-10-19,10:50:00,204,1,7764
79960,2016-10-19,10:51:00,66,2,894
79961,2016-10-19,11:14:00,29,1,11358
79962,2016-10-19,11:25:00,436,2,11484
79963,2016-10-19,11:28:00,58,1,3084
79964,2016-10-19,11:30:00,209,1,1818
79965,2016-10-19,11:31:00,335,2,4679
79966,2016-10-19,11:41:00,371,2,6038
79967,2016-10-19,11:47:00,200,1,9335
79968,2016-10-19,11:51:00,352,3,5098
79969,2016-10-19,11:53:00,223,2,4851
79970,2016-10-19,11:56:00,79,3,10941
79971,2016-10-19,11:56:00,44,2,1286
79972,2016-10-19,11:58:00,111,4,11553
79973,2016-10-19,12:10:00,255,1,312
79974,2016-10-19,12:18:00,423,3,7640
79975,2016-10-19,12:30:00,95,2,7960
79976,2016-10-19,12:31:00,43,5,2566
79977,2016-10-19,12:32:00,444,1,6831
79978,2016-10-19,12:36:00,402,3,11295
79979,2016-10-19,12:37:00,71,2,11833
79980,2016-10-19,12:37:00,200,2,673
79981,2016-10-19,12:39:00,381,3,1319
79982,2016-10-19,12:46:00,301,2,9734
79983,2016-10-19,12:51:00,273,3,11770
79984,2016-10-19,12:53:00,277,3,6336
79985,2016-10-19,12:57:00,399,1,1102
79986,2016-10-19,13:06:00,195,1,5970
79987,2016-10-19,13:09:00,377,1,10708
79988,2016-10-19,13:17:00,2,1,4077
79989,2016-10-19,13:18:00,120,3,2675
79990,2016-10-19,13:37:00,55,2,10571
79991,2016-10-19,13:44:00,409,2,10290
79992,2016-10-19,13:53:00,30,1,5377
79993,2016-10-19,14:16:00,426,1,8971
79994,2016-10-19,14:19:00,244,1,10547
79995,2016-10-19,14:25:00,350,2,6887
79996,2016-10-19,14:25:00,288,2,1397
79997,2016-10-19,14:31:00,444,2,604
79998,2016-10-19,14:34:00,297,1,8687
79999,2016-10-19,14:38:00,70,2,7320
80000,2016-10-19,14:41:00,164,2,10748
80001,2016-10-19,15:02:00,34,2,10279
80002,2016-10-19,15:07:00,355,1,11703
80003,2016-10-19,15:15:00,354,3,3283
80004,2016-10-19,15:17:00,166,3,3961
80005,2016-10-19,15:18:00,424,2,2505
80006,2016-10-19,15:22:00,96,3,5539
80007,2016-10-19,15:32:00,319,1,7013
80008,2016-10-19,15:46:00,274,3,9554
80009,2016-10-19,15:52:00,166,2,6943
80010,2016-10-19,15:53:00,342,2,3210
80011,2016-10-19,15:57:00,294,2,7251
80012,2016-10-19,16:11:00,367,3,4590
80013,2016-10-19,16:11:00,187,2,10093
80014,2016-10-19,16:18:00,91,4,9669
80015,2016-10-19,16:18:00,302,1,11038
80016,2016-10-19,16:21:00,126,3,7397
80017,2016-10-19,16:35:00,408,4,2054
80018,2016-10-19,16:47:00,399,3,8370
80019,2016-10-19,16:48:00,408,1,5363
80020,2016-10-19,16:50:00,275,2,3732
80021,2016-10-19,16:53:00,167,1,10874
80022,2016-10-19,17:04:00,181,3,16
80023,2016-10-19,17:07:00,3,2,9291
80024,2016-10-19,17:26:00,366,3,6182
80025,2016-10-19,17:28:00,444,2,4642
80026,2016-10-19,17:29:00,334,1,2644
80027,2016-10-19,17:30:00,336,2,3219
80028,2016-10-19,17:31:00,149,3,9919
80029,2016-10-19,17:36:00,290,2,3476
80030,2016-10-19,17:43:00,400,2,5027
80031,2016-10-19,17:44:00,170,3,7697
80032,2016-10-19,17:53:00,392,4,3948
80033,2016-10-19,18:07:00,220,1,10628
80034,2016-10-19,18:11:00,139,1,6887
80035,2016-10-19,18:27:00,96,1,2990
80036,2016-10-19,18:28:00,309,3,7230
80037,2016-10-19,18:31:00,279,2,9777
80038,2016-10-19,18:32:00,328,2,5167
80039,2016-10-19,18:36:00,437,2,6284
80040,2016-10-19,18:47:00,81,2,1429
80041,2016-10-19,18:48:00,140,1,6235
80042,2016-10-19,18:50:00,443,2,4118
80043,2016-10-19,18:53:00,255,2,3879
80044,2016-10-19,19:00:00,402,3,8475
80045,2016-10-19,19:03:00,321,2,11049
80046,2016-10-19,19:16:00,111,1,6402
80047,2016-10-19,19:20:00,270,1,1499
80048,2016-10-19,19:20:00,277,3,6743
80049,2016-10-19,19:39:00,75,4,5464
80050,2016-10-19,19:42:00,350,2,8455
80051,2016-10-19,19:48:00,245,2,504
80052,2016-10-19,19:50:00,206,2,9669
80053,2016-10-19,19:54:00,132,1,9665
80054,2016-10-19,19:55:00,355,1,1418
80055,2016-10-19,19:59:00,265,4,10706
80056,2016-10-19,20:01:00,261,3,5181
80057,2016-10-19,20:12:00,191,2,3032
80058,2016-10-19,20:16:00,404,2,9980
80059,2016-10-19,20:18:00,360,2,4135
80060,2016-10-19,20:20:00,443,3,10046
80061,2016-10-19,20:22:00,368,1,8539
80062,2016-10-19,20:24:00,331,1,5074
80063,2016-10-19,20:25:00,29,4,2422
80064,2016-10-19,20:28:00,180,2,6896
80065,2016-10-19,20:33:00,20,1,5873
80066,2016-10-19,20:38:00,198,2,7315
80067,2016-10-19,20:43:00,93,2,2721
80068,2016-10-19,20:48:00,183,1,470
80069,2016-10-19,20:50:00,379,2,3894
80070,2016-10-19,20:54:00,416,1,1647
80071,2016-10-19,21:12:00,287,3,1409
80072,2016-10-19,21:13:00,386,1,6436
80073,2016-10-19,21:14:00,31,2,4135
80074,2016-10-19,21:18:00,342,2,11168
80075,2016-10-19,21:37:00,427,1,6551
80076,2016-10-19,21:43:00,351,1,4072
80077,2016-10-19,21:44:00,304,3,8203
80078,2016-10-19,21:48:00,264,3,6712
80079,2016-10-19,21:55:00,277,1,7743
80080,2016-10-19,22:13:00,12,1,7442
80081,2016-10-19,22:27:00,139,1,4470
80082,2016-10-19,22:31:00,442,1,7471
80083,2016-10-19,22:42:00,126,1,10714
80084,2016-10-19,22:49:00,225,2,306
80085,2016-10-19,22:53:00,272,1,4548
80086,2016-10-19,23:03:00,69,3,7520
80087,2016-10-19,23:16:00,137,3,11236
80088,2016-10-19,23:20:00,64,1,2961
80089,2016-10-19,23:27:00,118,3,4506
80090,2016-10-19,23:32:00,103,2,1675
80091,2016-10-19,23:33:00,311,1,479
80092,2016-10-19,23:35:00,30,2,8042
80093,2016-10-19,23:58:00,448,2,2584
80094,2016-10-19,23:58:00,376,1,4998
80095,2016-10-20,00:03:00,405,4,1555
80096,2016-10-20,00:03:00,398,1,9521
80097,2016-10-20,00:05:00,36,2,822
80098,2016-10-20,00:12:00,30,2,1336
80099,2016-10-20,00:16:00,73,1,9695
80100,2016-10-20,00:23:00,317,5,10831
80101,2016-10-20,00:31:00,224,3,9621
80102,2016-10-20,00:37:00,156,1,6190
80103,2016-10-20,00:38:00,7,1,5415
80104,2016-10-20,00:39:00,299,1,2837
80105,2016-10-20,00:43:00,278,1,11139
80106,2016-10-20,00:47:00,74,1,3118
80107,2016-10-20,00:54:00,308,1,6850
80108,2016-10-20,00:58:00,58,2,9551
80109,2016-10-20,01:06:00,140,3,2615
80110,2016-10-20,01:19:00,231,2,1041
80111,2016-10-20,01:22:00,202,2,9751
80112,2016-10-20,01:28:00,271,2,1261
80113,2016-10-20,01:29:00,61,2,533
80114,2016-10-20,01:30:00,299,1,9032
80115,2016-10-20,01:33:00,282,2,7285
80116,2016-10-20,01:36:00,68,1,985
80117,2016-10-20,01:38:00,375,2,1642
80118,2016-10-20,01:42:00,305,1,1422
80119,2016-10-20,01:47:00,7,1,2490
80120,2016-10-20,01:50:00,440,1,9848
80121,2016-10-20,01:55:00,177,2,4673
80122,2016-10-20,02:12:00,116,4,121
80123,2016-10-20,02:13:00,419,3,7291
80124,2016-10-20,02:13:00,20,2,4253
80125,2016-10-20,02:13:00,128,1,2987
80126,2016-10-20,02:16:00,306,3,9971
80127,2016-10-20,02:19:00,206,2,11534
80128,2016-10-20,02:30:00,106,3,3682
80129,2016-10-20,02:43:00,453,1,7743
80130,2016-10-20,02:46:00,219,1,9838
80131,2016-10-20,02:56:00,85,1,1331
80132,2016-10-20,03:03:00,7,4,3560
80133,2016-10-20,03:05:00,415,1,2395
80134,2016-10-20,03:07:00,163,1,543
80135,2016-10-20,03:10:00,156,2,941
80136,2016-10-20,03:12:00,95,2,7803
80137,2016-10-20,03:12:00,206,2,1305
80138,2016-10-20,03:15:00,282,3,3687
80139,2016-10-20,03:23:00,364,1,5876
80140,2016-10-20,03:28:00,268,1,10999
80141,2016-10-20,03:42:00,115,1,8067
80142,2016-10-20,03:43:00,444,3,1896
80143,2016-10-20,03:48:00,205,3,10177
80144,2016-10-20,03:48:00,441,4,4696
80145,2016-10-20,03:51:00,311,1,6273
80146,2016-10-20,03:57:00,34,4,11200
80147,2016-10-20,04:23:00,127,2,10420
80148,2016-10-20,04:33:00,425,1,4832
80149,2016-10-20,05:07:00,357,1,8236
80150,2016-10-20,05:18:00,71,1,8854
80151,2016-10-20,05:19:00,372,1,2281
80152,2016-10-20,05:21:00,54,1,573
80153,2016-10-20,05:26:00,97,2,9679
80154,2016-10-20,05:31:00,286,2,1955
80155,2016-10-20,05:38:00,373,1,277
80156,2016-10-20,05:40:00,442,2,75
80157,2016-10-20,05:42:00,74,3,2159
80158,2016-10-20,05:44:00,422,1,6992
80159,2016-10-20,05:55:00,381,1,9339
80160,2016-10-20,05:56:00,112,2,7340
80161,2016-10-20,05:59:00,447,1,2951
80162,2016-10-20,06:02:00,133,1,2186
80163,2016-10-20,06:24:00,377,2,8429
80164,2016-10-20,06:26:00,134,2,9475
80165,2016-10-20,06:43:00,449,3,8064
80166,2016-10-20,06:43:00,62,1,8046
80167,2016-10-20,06:44:00,39,1,6841
80168,2016-10-20,06:45:00,386,2,11469
80169,2016-10-20,06:45:00,84,2,8368
80170,2016-10-20,06:46:00,376,2,9396
80171,2016-10-20,06:58:00,212,4,6525
80172,2016-10-20,06:59:00,194,1,9391
80173,2016-10-20,07:05:00,138,1,9030
80174,2016-10-20,07:09:00,105,2,2803
80175,2016-10-20,07:11:00,85,2,4812
80176,2016-10-20,07:20:00,386,1,10433
80177,2016-10-20,07:23:00,105,2,5571
80178,2016-10-20,07:27:00,299,1,7535
80179,2016-10-20,07:29:00,206,1,9046
80180,2016-10-20,07:31:00,433,1,9354
80181,2016-10-20,07:34:00,26,1,2321
80182,2016-10-20,07:40:00,203,1,947
80183,2016-10-20,07:41:00,417,1,6900
80184,2016-10-20,07:48:00,399,3,10113
80185,2016-10-20,07:50:00,316,4,5375
80186,2016-10-20,07:50:00,59,3,9352
80187,2016-10-20,07:55:00,312,4,3380
80188,2016-10-20,07:57:00,136,2,10365
80189,2016-10-20,07:59:00,225,3,2404
80190,2016-10-20,08:06:00,304,2,235
80191,2016-10-20,08:07:00,6,3,2878
80192,2016-10-20,08:18:00,161,2,3526
80193,2016-10-20,08:20:00,234,1,8167
80194,2016-10-20,08:27:00,376,1,10711
80195,2016-10-20,08:32:00,396,1,3971
80196,2016-10-20,08:33:00,296,2,2996
80197,2016-10-20,08:35:00,435,2,8957
80198,2016-10-20,08:43:00,64,1,8283
80199,2016-10-20,08:45:00,221,2,1562
80200,2016-10-20,08:45:00,235,2,4102
80201,2016-10-20,08:45:00,74,3,4103
80202,2016-10-20,08:48:00,446,4,8635
80203,2016-10-20,08:55:00,209,2,10314
80204,2016-10-20,09:09:00,66,3,8989
80205,2016-10-20,09:12:00,377,1,5459
80206,2016-10-20,09:19:00,162,2,8627
80207,2016-10-20,09:20:00,37,3,6517
80208,2016-10-20,09:20:00,66,2,5907
80209,2016-10-20,09:31:00,152,3,7177
80210,2016-10-20,09:33:00,401,3,1894
80211,2016-10-20,09:39:00,443,1,2304
80212,2016-10-20,09:41:00,314,3,3891
80213,2016-10-20,09:57:00,106,2,1441
80214,2016-10-20,09:57:00,54,2,8219
80215,2016-10-20,10:16:00,406,3,2060
80216,2016-10-20,10:19:00,219,2,3903
80217,2016-10-20,10:20:00,194,1,2551
80218,2016-10-20,10:20:00,374,2,9923
80219,2016-10-20,10:24:00,10,2,887
80220,2016-10-20,10:32:00,182,1,2402
80221,2016-10-20,10:37:00,419,1,8712
80222,2016-10-20,10:43:00,76,4,1813
80223,2016-10-20,10:49:00,181,2,3603
80224,2016-10-20,10:55:00,162,1,683
80225,2016-10-20,11:04:00,57,2,8236
80226,2016-10-20,11:14:00,346,2,9583
80227,2016-10-20,11:19:00,292,1,7300
80228,2016-10-20,11:20:00,374,1,7269
80229,2016-10-20,11:24:00,456,1,8322
80230,2016-10-20,11:25:00,54,1,9775
80231,2016-10-20,11:31:00,432,1,6712
80232,2016-10-20,11:31:00,364,1,6461
80233,2016-10-20,11:44:00,333,2,3587
80234,2016-10-20,11:46:00,382,1,710
80235,2016-10-20,11:48:00,400,1,6417
80236,2016-10-20,11:49:00,333,1,8748
80237,2016-10-20,11:52:00,83,2,4337
80238,2016-10-20,11:54:00,146,4,9977
80239,2016-10-20,11:54:00,222,1,10577
80240,2016-10-20,11:54:00,203,3,9975
80241,2016-10-20,11:54:00,44,3,3518
80242,2016-10-20,12:07:00,67,2,1519
80243,2016-10-20,12:22:00,145,3,9343
80244,2016-10-20,12:29:00,330,1,10335
80245,2016-10-20,12:36:00,45,1,788
80246,2016-10-20,12:50:00,320,3,6861
80247,2016-10-20,12:51:00,64,2,6111
80248,2016-10-20,12:59:00,112,1,7206
80249,2016-10-20,13:29:00,271,3,4558
80250,2016-10-20,13:29:00,334,1,5131
80251,2016-10-20,13:31:00,304,1,4763
80252,2016-10-20,13:33:00,278,1,2739
80253,2016-10-20,13:41:00,424,1,6178
80254,2016-10-20,13:42:00,359,2,5457
80255,2016-10-20,13:46:00,224,1,5597
80256,2016-10-20,13:48:00,49,3,7788
80257,2016-10-20,13:58:00,107,1,10746
80258,2016-10-20,14:09:00,23,3,11573
80259,2016-10-20,14:09:00,195,1,9306
80260,2016-10-20,14:10:00,329,2,6131
80261,2016-10-20,14:11:00,458,3,7414
80262,2016-10-20,14:14:00,384,1,2003
80263,2016-10-20,14:15:00,249,3,6996
80264,2016-10-20,14:28:00,263,1,8724
80265,2016-10-20,14:31:00,192,5,9288
80266,2016-10-20,14:35:00,105,2,10159
80267,2016-10-20,14:37:00,436,2,1568
80268,2016-10-20,14:37:00,214,2,6297
80269,2016-10-20,14:40:00,378,2,5698
80270,2016-10-20,14:40:00,111,4,1775
80271,2016-10-20,14:42:00,316,1,11736
80272,2016-10-20,14:44:00,402,5,248
80273,2016-10-20,14:47:00,100,1,4037
80274,2016-10-20,14:56:00,427,2,5809
80275,2016-10-20,15:01:00,249,2,6647
80276,2016-10-20,15:10:00,130,2,3692
80277,2016-10-20,15:11:00,282,2,9651
80278,2016-10-20,15:17:00,20,1,454
80279,2016-10-20,15:37:00,331,1,3473
80280,2016-10-20,15:43:00,58,3,2656
80281,2016-10-20,15:49:00,98,2,10814
80282,2016-10-20,15:50:00,299,1,1198
80283,2016-10-20,15:57:00,181,4,2709
80284,2016-10-20,15:59:00,134,1,3853
80285,2016-10-20,16:04:00,95,1,2642
80286,2016-10-20,16:16:00,366,3,6590
80287,2016-10-20,16:25:00,33,1,1772
80288,2016-10-20,16:31:00,362,2,9313
80289,2016-10-20,16:48:00,84,3,7
80290,2016-10-20,17:00:00,148,1,5870
80291,2016-10-20,17:04:00,112,2,8615
80292,2016-10-20,17:05:00,199,2,9133
80293,2016-10-20,17:05:00,306,1,2967
80294,2016-10-20,17:24:00,105,2,4361
80295,2016-10-20,17:39:00,421,2,8184
80296,2016-10-20,17:45:00,159,1,5286
80297,2016-10-20,18:07:00,140,2,1643
80298,2016-10-20,18:13:00,370,4,9032
80299,2016-10-20,18:16:00,160,1,255
80300,2016-10-20,18:20:00,44,2,2457
80301,2016-10-20,18:21:00,155,3,4242
80302,2016-10-20,18:25:00,34,2,6031
80303,2016-10-20,18:47:00,448,2,10156
80304,2016-10-20,18:48:00,369,1,6999
80305,2016-10-20,18:48:00,181,2,8546
80306,2016-10-20,19:00:00,366,1,1695
80307,2016-10-20,19:14:00,201,1,2715
80308,2016-10-20,19:31:00,425,3,825
80309,2016-10-20,19:34:00,108,3,11151
80310,2016-10-20,19:36:00,123,2,7384
80311,2016-10-20,19:40:00,121,3,5169
80312,2016-10-20,19:45:00,282,2,1043
80313,2016-10-20,19:46:00,299,1,9912
80314,2016-10-20,19:51:00,76,2,7685
80315,2016-10-20,19:55:00,409,5,8203
80316,2016-10-20,19:57:00,27,1,1807
80317,2016-10-20,19:59:00,359,2,4495
80318,2016-10-20,20:00:00,43,1,4988
80319,2016-10-20,20:11:00,198,2,9644
80320,2016-10-20,20:24:00,59,3,3334
80321,2016-10-20,20:39:00,392,2,2806
80322,2016-10-20,20:41:00,440,2,5929
80323,2016-10-20,20:44:00,405,3,3000
80324,2016-10-20,20:45:00,337,1,5918
80325,2016-10-20,20:46:00,407,2,9811
80326,2016-10-20,20:51:00,227,1,5597
80327,2016-10-20,20:56:00,16,1,6809
80328,2016-10-20,21:02:00,289,2,6895
80329,2016-10-20,21:03:00,268,2,1163
80330,2016-10-20,21:04:00,223,4,10855
80331,2016-10-20,21:07:00,190,1,2957
80332,2016-10-20,21:15:00,75,2,9817
80333,2016-10-20,21:26:00,286,2,5206
80334,2016-10-20,21:38:00,301,2,9266
80335,2016-10-20,21:43:00,221,1,1729
80336,2016-10-20,21:44:00,110,2,7004
80337,2016-10-20,21:45:00,402,2,2586
80338,2016-10-20,21:46:00,395,1,891
80339,2016-10-20,21:49:00,259,2,9811
80340,2016-10-20,22:05:00,436,3,10517
80341,2016-10-20,22:20:00,188,2,5726
80342,2016-10-20,22:45:00,78,4,1796
80343,2016-10-20,22:52:00,145,1,10636
80344,2016-10-20,22:57:00,265,3,10467
80345,2016-10-20,23:04:00,129,2,9366
80346,2016-10-20,23:06:00,382,2,11642
80347,2016-10-20,23:11:00,384,2,9411
80348,2016-10-20,23:19:00,277,2,7022
80349,2016-10-20,23:22:00,306,2,9353
80350,2016-10-20,23:24:00,392,3,5801
80351,2016-10-20,23:33:00,420,1,6505
80352,2016-10-20,23:35:00,283,1,7647
80353,2016-10-20,23:43:00,364,2,11381
80354,2016-10-20,23:44:00,184,2,9489
80355,2016-10-20,23:44:00,23,2,7625
80356,2016-10-20,23:54:00,342,4,5273
80357,2016-10-20,23:57:00,339,1,9867
80358,2016-10-21,00:03:00,247,2,666
80359,2016-10-21,00:03:00,264,4,3770
80360,2016-10-21,00:08:00,382,1,7110
80361,2016-10-21,00:15:00,456,1,4974
80362,2016-10-21,00:16:00,290,2,11386
80363,2016-10-21,00:21:00,30,1,10817
80364,2016-10-21,00:28:00,120,1,3975
80365,2016-10-21,00:34:00,355,2,161
80366,2016-10-21,00:35:00,357,1,1974
80367,2016-10-21,00:40:00,255,3,3720
80368,2016-10-21,00:41:00,16,2,2906
80369,2016-10-21,00:49:00,240,1,2772
80370,2016-10-21,00:49:00,395,1,9423
80371,2016-10-21,00:55:00,181,3,2614
80372,2016-10-21,00:57:00,214,1,11913
80373,2016-10-21,01:00:00,378,2,10944
80374,2016-10-21,01:04:00,285,1,11376
80375,2016-10-21,01:13:00,70,1,9350
80376,2016-10-21,01:16:00,238,1,4791
80377,2016-10-21,01:18:00,315,4,8314
80378,2016-10-21,01:23:00,162,2,5447
80379,2016-10-21,01:23:00,434,1,1575
80380,2016-10-21,01:26:00,367,2,9065
80381,2016-10-21,01:35:00,277,1,328
80382,2016-10-21,01:37:00,299,1,8432
80383,2016-10-21,01:40:00,419,1,7898
80384,2016-10-21,01:46:00,3,1,9689
80385,2016-10-21,01:53:00,31,2,987
80386,2016-10-21,01:53:00,357,4,1082
80387,2016-10-21,02:03:00,210,1,1959
80388,2016-10-21,02:07:00,226,1,10403
80389,2016-10-21,02:34:00,6,1,6476
80390,2016-10-21,02:37:00,378,2,2855
80391,2016-10-21,02:38:00,367,3,4253
80392,2016-10-21,02:47:00,156,2,11368
80393,2016-10-21,02:47:00,190,3,1867
80394,2016-10-21,02:51:00,454,4,8861
80395,2016-10-21,02:55:00,112,1,8802
80396,2016-10-21,03:05:00,294,5,11322
80397,2016-10-21,03:06:00,71,4,3949
80398,2016-10-21,03:08:00,342,3,11214
80399,2016-10-21,03:12:00,238,2,1129
80400,2016-10-21,03:23:00,397,3,11036
80401,2016-10-21,03:41:00,357,3,1047
80402,2016-10-21,03:44:00,139,2,5712
80403,2016-10-21,03:45:00,84,1,11091
80404,2016-10-21,03:45:00,42,3,1393
80405,2016-10-21,03:51:00,396,3,5072
80406,2016-10-21,03:51:00,349,1,9286
80407,2016-10-21,03:54:00,268,3,9875
80408,2016-10-21,03:55:00,449,1,10271
80409,2016-10-21,03:56:00,97,4,1363
80410,2016-10-21,04:00:00,99,3,5125
80411,2016-10-21,04:00:00,54,2,7345
80412,2016-10-21,04:00:00,408,1,5283
80413,2016-10-21,04:01:00,100,2,11989
80414,2016-10-21,04:08:00,385,2,666
80415,2016-10-21,04:13:00,345,3,10988
80416,2016-10-21,04:21:00,439,2,3140
80417,2016-10-21,04:30:00,30,2,9204
80418,2016-10-21,04:42:00,317,2,10930
80419,2016-10-21,04:47:00,386,2,394
80420,2016-10-21,04:48:00,449,3,3131
80421,2016-10-21,04:49:00,149,2,7874
80422,2016-10-21,05:03:00,66,4,11668
80423,2016-10-21,05:05:00,183,1,722
80424,2016-10-21,05:13:00,96,1,3597
80425,2016-10-21,05:18:00,245,2,8659
80426,2016-10-21,05:29:00,233,2,1998
80427,2016-10-21,05:31:00,312,2,3011
80428,2016-10-21,05:33:00,56,1,4275
80429,2016-10-21,05:35:00,421,2,9155
80430,2016-10-21,05:44:00,140,1,6055
80431,2016-10-21,05:49:00,302,2,1699
80432,2016-10-21,05:50:00,230,2,3217
80433,2016-10-21,05:56:00,341,2,10826
80434,2016-10-21,05:59:00,181,2,1374
80435,2016-10-21,06:07:00,191,1,2473
80436,2016-10-21,06:14:00,409,2,10545
80437,2016-10-21,06:17:00,391,1,3134
80438,2016-10-21,06:18:00,156,3,10917
80439,2016-10-21,06:22:00,290,2,4235
80440,2016-10-21,06:32:00,138,2,398
80441,2016-10-21,06:34:00,175,1,8501
80442,2016-10-21,06:36:00,76,2,8651
80443,2016-10-21,06:39:00,146,1,3161
80444,2016-10-21,06:45:00,191,2,10261
80445,2016-10-21,06:45:00,253,1,289
80446,2016-10-21,06:47:00,243,1,4015
80447,2016-10-21,06:47:00,29,3,1624
80448,2016-10-21,06:48:00,12,1,3885
80449,2016-10-21,06:50:00,27,2,6197
80450,2016-10-21,06:54:00,293,1,2673
80451,2016-10-21,06:59:00,151,2,7443
80452,2016-10-21,07:01:00,32,1,4287
80453,2016-10-21,07:02:00,90,5,4568
80454,2016-10-21,07:03:00,384,1,9668
80455,2016-10-21,07:29:00,217,3,11081
80456,2016-10-21,07:30:00,103,3,1621
80457,2016-10-21,07:38:00,337,1,2740
80458,2016-10-21,07:40:00,287,3,6589
80459,2016-10-21,07:54:00,62,3,245
80460,2016-10-21,07:57:00,177,2,4291
80461,2016-10-21,07:59:00,259,2,6773
80462,2016-10-21,07:59:00,67,2,8086
80463,2016-10-21,08:16:00,26,3,4392
80464,2016-10-21,08:19:00,372,1,11209
80465,2016-10-21,08:22:00,63,3,280
80466,2016-10-21,08:27:00,25,2,5398
80467,2016-10-21,08:44:00,403,1,339
80468,2016-10-21,09:07:00,329,2,6884
80469,2016-10-21,09:10:00,300,1,11406
80470,2016-10-21,09:14:00,95,2,6761
80471,2016-10-21,09:24:00,273,3,607
80472,2016-10-21,09:27:00,93,2,2932
80473,2016-10-21,09:27:00,247,3,2315
80474,2016-10-21,09:30:00,182,2,1826
80475,2016-10-21,09:40:00,166,2,9669
80476,2016-10-21,09:50:00,419,1,1089
80477,2016-10-21,10:38:00,336,5,11093
80478,2016-10-21,10:50:00,415,3,1266
80479,2016-10-21,10:52:00,136,1,5646
80480,2016-10-21,10:55:00,348,1,3699
80481,2016-10-21,11:02:00,312,4,7142
80482,2016-10-21,11:06:00,426,1,1599
80483,2016-10-21,11:10:00,131,1,4028
80484,2016-10-21,11:11:00,183,2,5337
80485,2016-10-21,11:11:00,22,1,6450
80486,2016-10-21,11:17:00,15,1,7694
80487,2016-10-21,11:30:00,5,1,338
80488,2016-10-21,11:30:00,174,2,4297
80489,2016-10-21,11:37:00,94,3,1908
80490,2016-10-21,11:38:00,274,2,2008
80491,2016-10-21,11:40:00,384,4,4990
80492,2016-10-21,11:43:00,241,1,5846
80493,2016-10-21,11:44:00,407,1,7450
80494,2016-10-21,11:47:00,253,1,323
80495,2016-10-21,12:02:00,316,2,5624
80496,2016-10-21,12:05:00,124,1,10323
80497,2016-10-21,12:06:00,239,1,27
80498,2016-10-21,12:07:00,125,2,3441
80499,2016-10-21,12:27:00,182,1,5525
80500,2016-10-21,12:28:00,169,1,3186
80501,2016-10-21,12:29:00,64,3,1261
80502,2016-10-21,12:35:00,402,3,4954
80503,2016-10-21,12:43:00,38,3,1618
80504,2016-10-21,12:47:00,255,1,2631
80505,2016-10-21,12:48:00,176,2,8349
80506,2016-10-21,12:53:00,427,1,1277
80507,2016-10-21,12:56:00,135,1,104
80508,2016-10-21,12:59:00,21,1,1677
80509,2016-10-21,13:01:00,201,1,9841
80510,2016-10-21,13:02:00,80,2,8010
80511,2016-10-21,13:06:00,162,1,4224
80512,2016-10-21,13:14:00,194,3,2341
80513,2016-10-21,13:16:00,5,2,3617
80514,2016-10-21,13:16:00,398,1,6650
80515,2016-10-21,13:23:00,127,1,5260
80516,2016-10-21,13:23:00,265,1,8411
80517,2016-10-21,13:24:00,13,2,11193
80518,2016-10-21,13:28:00,296,1,6906
80519,2016-10-21,13:36:00,170,2,1828
80520,2016-10-21,13:51:00,358,3,8715
80521,2016-10-21,13:53:00,177,1,10977
80522,2016-10-21,13:58:00,205,2,3070
80523,2016-10-21,14:02:00,73,2,9451
80524,2016-10-21,14:02:00,84,3,8416
80525,2016-10-21,14:15:00,259,2,9136
80526,2016-10-21,14:17:00,432,3,1220
80527,2016-10-21,14:18:00,34,1,3893
80528,2016-10-21,14:19:00,440,1,4468
80529,2016-10-21,14:20:00,386,2,8315
80530,2016-10-21,14:21:00,434,3,263
80531,2016-10-21,14:22:00,237,1,11191
80532,2016-10-21,14:28:00,310,2,8384
80533,2016-10-21,14:52:00,74,2,3426
80534,2016-10-21,15:17:00,198,2,10458
80535,2016-10-21,15:20:00,364,2,325
80536,2016-10-21,15:22:00,366,1,7295
80537,2016-10-21,15:25:00,396,5,10868
80538,2016-10-21,15:27:00,24,1,11929
80539,2016-10-21,15:37:00,158,1,8992
80540,2016-10-21,15:45:00,237,1,7433
80541,2016-10-21,15:51:00,327,2,10114
80542,2016-10-21,15:51:00,101,3,1693
80543,2016-10-21,15:52:00,301,2,8821
80544,2016-10-21,16:01:00,425,4,8294
80545,2016-10-21,16:04:00,116,4,6545
80546,2016-10-21,16:17:00,330,1,4691
80547,2016-10-21,16:31:00,143,1,4955
80548,2016-10-21,16:49:00,89,1,5859
80549,2016-10-21,16:49:00,415,2,11776
80550,2016-10-21,17:05:00,344,3,11104
80551,2016-10-21,17:06:00,390,2,1323
80552,2016-10-21,17:09:00,450,1,6245
80553,2016-10-21,17:13:00,358,1,7202
80554,2016-10-21,17:14:00,275,2,11135
80555,2016-10-21,17:21:00,41,1,7207
80556,2016-10-21,17:25:00,369,1,48
80557,2016-10-21,17:27:00,96,3,1711
80558,2016-10-21,17:33:00,212,4,1062
80559,2016-10-21,17:33:00,166,2,11971
80560,2016-10-21,17:44:00,278,2,4494
80561,2016-10-21,17:45:00,430,3,1853
80562,2016-10-21,17:50:00,399,1,6704
80563,2016-10-21,17:50:00,129,2,4934
80564,2016-10-21,17:59:00,196,2,4672
80565,2016-10-21,18:01:00,35,5,2372
80566,2016-10-21,18:02:00,169,2,2966
80567,2016-10-21,18:03:00,159,5,10320
80568,2016-10-21,18:10:00,390,3,11437
80569,2016-10-21,18:17:00,417,1,11174
80570,2016-10-21,18:22:00,318,1,1774
80571,2016-10-21,18:25:00,120,1,11488
80572,2016-10-21,18:35:00,67,2,1665
80573,2016-10-21,18:36:00,175,2,4752
80574,2016-10-21,18:43:00,92,1,5328
80575,2016-10-21,18:57:00,272,1,4220
80576,2016-10-21,18:58:00,146,1,4450
80577,2016-10-21,19:01:00,392,1,1778
80578,2016-10-21,19:01:00,318,1,10142
80579,2016-10-21,19:08:00,177,2,11450
80580,2016-10-21,19:15:00,59,5,785
80581,2016-10-21,19:20:00,21,4,9155
80582,2016-10-21,19:31:00,403,2,6885
80583,2016-10-21,19:33:00,146,3,11734
80584,2016-10-21,19:37:00,372,1,6872
80585,2016-10-21,19:40:00,361,3,1852
80586,2016-10-21,19:40:00,383,2,2443
80587,2016-10-21,19:51:00,125,4,1998
80588,2016-10-21,19:52:00,121,2,3807
80589,2016-10-21,20:06:00,347,3,533
80590,2016-10-21,20:11:00,125,1,8195
80591,2016-10-21,20:31:00,290,1,4145
80592,2016-10-21,20:36:00,311,1,360
80593,2016-10-21,20:36:00,278,3,2023
80594,2016-10-21,20:40:00,440,4,10342
80595,2016-10-21,20:45:00,122,4,290
80596,2016-10-21,20:46:00,60,2,6126
80597,2016-10-21,20:47:00,97,2,664
80598,2016-10-21,20:47:00,86,1,54
80599,2016-10-21,20:51:00,105,1,8248
80600,2016-10-21,20:54:00,201,6,7045
80601,2016-10-21,21:08:00,255,3,3296
80602,2016-10-21,21:11:00,394,1,9400
80603,2016-10-21,21:12:00,178,1,2937
80604,2016-10-21,21:20:00,43,3,6712
80605,2016-10-21,21:21:00,20,1,8691
80606,2016-10-21,21:40:00,47,3,6740
80607,2016-10-21,21:43:00,34,2,3674
80608,2016-10-21,21:45:00,232,3,2603
80609,2016-10-21,21:47:00,96,1,2320
80610,2016-10-21,21:47:00,95,3,2693
80611,2016-10-21,21:56:00,416,1,3345
80612,2016-10-21,22:06:00,274,3,10757
80613,2016-10-21,22:07:00,136,1,11166
80614,2016-10-21,22:08:00,61,3,3671
80615,2016-10-21,22:12:00,328,2,11311
80616,2016-10-21,22:16:00,262,2,3766
80617,2016-10-21,22:23:00,109,2,4203
80618,2016-10-21,22:26:00,85,4,2170
80619,2016-10-21,22:28:00,275,3,2790
80620,2016-10-21,22:33:00,200,2,6966
80621,2016-10-21,22:44:00,339,2,227
80622,2016-10-21,23:00:00,34,1,5646
80623,2016-10-21,23:06:00,38,2,392
80624,2016-10-21,23:09:00,152,2,5301
80625,2016-10-21,23:10:00,207,2,4336
80626,2016-10-21,23:18:00,70,2,10869
80627,2016-10-21,23:20:00,46,1,817
80628,2016-10-21,23:20:00,418,2,3495
80629,2016-10-21,23:23:00,302,3,8826
80630,2016-10-21,23:31:00,435,5,5300
80631,2016-10-21,23:55:00,82,1,10295
80632,2016-10-22,00:01:00,448,1,6239
80633,2016-10-22,00:02:00,144,3,8365
80634,2016-10-22,00:08:00,186,2,7706
80635,2016-10-22,00:12:00,99,2,11540
80636,2016-10-22,00:17:00,234,2,10213
80637,2016-10-22,00:25:00,110,1,11278
80638,2016-10-22,00:25:00,227,2,7411
80639,2016-10-22,00:25:00,413,1,1381
80640,2016-10-22,00:45:00,247,2,11424
80641,2016-10-22,00:51:00,97,3,7086
80642,2016-10-22,01:03:00,223,1,7735
80643,2016-10-22,01:07:00,318,1,10517
80644,2016-10-22,01:08:00,26,2,1872
80645,2016-10-22,01:09:00,103,1,840
80646,2016-10-22,01:12:00,288,2,733
80647,2016-10-22,01:16:00,313,5,3726
80648,2016-10-22,01:19:00,32,2,11751
80649,2016-10-22,01:20:00,251,2,4657
80650,2016-10-22,01:22:00,79,1,11985
80651,2016-10-22,01:26:00,392,3,5470
80652,2016-10-22,01:33:00,228,2,2459
80653,2016-10-22,01:35:00,340,1,10181
80654,2016-10-22,01:39:00,261,1,3525
80655,2016-10-22,01:44:00,83,3,5165
80656,2016-10-22,01:47:00,256,1,8943
80657,2016-10-22,01:50:00,106,3,6535
80658,2016-10-22,02:04:00,177,1,2752
80659,2016-10-22,02:13:00,161,3,10830
80660,2016-10-22,02:15:00,322,3,10669
80661,2016-10-22,02:22:00,227,2,10502
80662,2016-10-22,02:36:00,135,1,3913
80663,2016-10-22,02:51:00,344,1,4826
80664,2016-10-22,02:55:00,139,2,423
80665,2016-10-22,03:00:00,170,1,2049
80666,2016-10-22,03:03:00,406,3,9705
80667,2016-10-22,03:06:00,381,1,4938
80668,2016-10-22,03:16:00,205,2,8377
80669,2016-10-22,03:18:00,163,1,331
80670,2016-10-22,03:24:00,124,1,9958
80671,2016-10-22,03:27:00,406,2,6379
80672,2016-10-22,03:27:00,308,3,8810
80673,2016-10-22,03:36:00,454,2,9494
80674,2016-10-22,03:41:00,400,1,4166
80675,2016-10-22,03:45:00,117,2,1917
80676,2016-10-22,03:45:00,38,1,127
80677,2016-10-22,03:50:00,439,2,639
80678,2016-10-22,04:04:00,99,1,7273
80679,2016-10-22,04:08:00,113,2,10136
80680,2016-10-22,04:17:00,301,1,9260
80681,2016-10-22,04:17:00,260,1,10094
80682,2016-10-22,04:19:00,240,1,8362
80683,2016-10-22,04:21:00,399,3,8873
80684,2016-10-22,04:23:00,4,2,1717
80685,2016-10-22,04:33:00,139,3,8355
80686,2016-10-22,05:15:00,277,3,3459
80687,2016-10-22,05:19:00,168,1,10274
80688,2016-10-22,05:21:00,452,4,8505
80689,2016-10-22,05:28:00,424,3,4164
80690,2016-10-22,05:31:00,100,2,6598
80691,2016-10-22,05:34:00,248,1,3766
80692,2016-10-22,05:34:00,231,2,4389
80693,2016-10-22,05:39:00,15,2,6289
80694,2016-10-22,05:50:00,127,3,1852
80695,2016-10-22,05:53:00,168,3,7506
80696,2016-10-22,05:53:00,303,2,9975
80697,2016-10-22,06:04:00,238,1,7745
80698,2016-10-22,06:12:00,118,2,3428
80699,2016-10-22,06:20:00,23,3,7080
80700,2016-10-22,06:20:00,110,3,1981
80701,2016-10-22,06:32:00,238,2,2397
80702,2016-10-22,06:37:00,207,2,5017
80703,2016-10-22,06:38:00,315,1,8312
80704,2016-10-22,06:40:00,399,2,2857
80705,2016-10-22,06:53:00,322,1,7262
80706,2016-10-22,06:55:00,280,2,6790
80707,2016-10-22,07:05:00,296,3,7940
80708,2016-10-22,07:09:00,9,4,11929
80709,2016-10-22,07:21:00,146,2,5974
80710,2016-10-22,07:26:00,277,3,3896
80711,2016-10-22,07:28:00,230,2,3752
80712,2016-10-22,07:31:00,445,2,2359
80713,2016-10-22,07:38:00,403,2,3888
80714,2016-10-22,07:38:00,398,1,2876
80715,2016-10-22,07:52:00,67,1,1653
80716,2016-10-22,07:57:00,111,2,9503
80717,2016-10-22,08:02:00,346,1,10587
80718,2016-10-22,08:07:00,246,2,10386
80719,2016-10-22,08:08:00,216,2,9188
80720,2016-10-22,08:08:00,167,1,899
80721,2016-10-22,08:10:00,206,2,5045
80722,2016-10-22,08:14:00,109,2,10700
80723,2016-10-22,08:20:00,21,3,546
80724,2016-10-22,08:25:00,381,2,4259
80725,2016-10-22,08:28:00,131,1,7667
80726,2016-10-22,08:30:00,303,1,207
80727,2016-10-22,08:35:00,42,2,9850
80728,2016-10-22,08:39:00,259,2,371
80729,2016-10-22,08:39:00,242,2,4710
80730,2016-10-22,08:41:00,322,4,10980
80731,2016-10-22,08:53:00,122,1,6967
80732,2016-10-22,08:58:00,277,2,3056
80733,2016-10-22,09:05:00,193,3,4899
80734,2016-10-22,09:19:00,78,1,11477
80735,2016-10-22,09:30:00,361,2,8695
80736,2016-10-22,09:33:00,158,1,5363
80737,2016-10-22,09:34:00,181,1,9777
80738,2016-10-22,09:39:00,455,1,7784
80739,2016-10-22,09:40:00,189,4,5782
80740,2016-10-22,09:41:00,378,3,4100
80741,2016-10-22,09:47:00,280,3,8537
80742,2016-10-22,09:49:00,140,5,1425
80743,2016-10-22,09:57:00,455,2,7409
80744,2016-10-22,09:59:00,322,2,5774
80745,2016-10-22,10:05:00,339,1,7646
80746,2016-10-22,10:10:00,381,1,9134
80747,2016-10-22,10:24:00,325,2,7012
80748,2016-10-22,10:24:00,257,1,6465
80749,2016-10-22,10:25:00,74,2,4806
80750,2016-10-22,10:27:00,36,3,3748
80751,2016-10-22,10:28:00,119,3,6766
80752,2016-10-22,10:34:00,303,1,8854
80753,2016-10-22,10:36:00,347,2,10623
80754,2016-10-22,10:37:00,193,3,5124
80755,2016-10-22,10:46:00,216,2,1573
80756,2016-10-22,10:57:00,290,1,1625
80757,2016-10-22,10:59:00,382,1,5287
80758,2016-10-22,10:59:00,244,2,10719
80759,2016-10-22,11:04:00,320,2,2933
80760,2016-10-22,11:07:00,325,2,4041
80761,2016-10-22,11:19:00,340,2,706
80762,2016-10-22,11:20:00,30,2,9380
80763,2016-10-22,11:22:00,21,2,9295
80764,2016-10-22,11:24:00,229,3,850
80765,2016-10-22,11:37:00,435,3,8246
80766,2016-10-22,11:38:00,52,1,3896
80767,2016-10-22,11:49:00,43,1,5175
80768,2016-10-22,11:49:00,5,4,171
80769,2016-10-22,11:51:00,225,1,5923
80770,2016-10-22,12:03:00,403,3,9862
80771,2016-10-22,12:03:00,187,2,901
80772,2016-10-22,12:11:00,75,1,10425
80773,2016-10-22,12:13:00,276,1,5910
80774,2016-10-22,12:14:00,258,1,571
80775,2016-10-22,12:24:00,105,2,3222
80776,2016-10-22,12:29:00,324,4,5516
80777,2016-10-22,12:29:00,289,2,4573
80778,2016-10-22,12:41:00,455,3,8565
80779,2016-10-22,12:41:00,283,1,284
80780,2016-10-22,12:45:00,445,2,2863
80781,2016-10-22,12:46:00,60,1,1169
80782,2016-10-22,12:55:00,124,3,1581
80783,2016-10-22,12:57:00,206,1,10857
80784,2016-10-22,13:08:00,276,3,9201
80785,2016-10-22,13:11:00,449,1,8232
80786,2016-10-22,13:29:00,184,2,2408
80787,2016-10-22,13:36:00,370,1,4495
80788,2016-10-22,13:37:00,366,3,3740
80789,2016-10-22,13:39:00,58,2,4095
80790,2016-10-22,13:39:00,375,2,3560
80791,2016-10-22,13:54:00,180,2,4873
80792,2016-10-22,13:59:00,36,2,11045
80793,2016-10-22,14:00:00,202,2,1359
80794,2016-10-22,14:04:00,135,2,7058
80795,2016-10-22,14:11:00,325,3,6760
80796,2016-10-22,14:16:00,77,2,7885
80797,2016-10-22,14:17:00,130,2,2141
80798,2016-10-22,14:19:00,207,2,11950
80799,2016-10-22,14:19:00,267,2,3900
80800,2016-10-22,14:23:00,326,3,9553
80801,2016-10-22,14:25:00,385,3,449
80802,2016-10-22,14:30:00,257,2,1782
80803,2016-10-22,14:37:00,78,4,7507
80804,2016-10-22,14:41:00,426,1,3275
80805,2016-10-22,14:45:00,235,2,9435
80806,2016-10-22,14:47:00,384,1,2506
80807,2016-10-22,14:52:00,29,1,5376
80808,2016-10-22,14:56:00,214,3,5902
80809,2016-10-22,14:56:00,79,2,11275
80810,2016-10-22,15:00:00,212,3,11076
80811,2016-10-22,15:06:00,182,1,6600
80812,2016-10-22,15:33:00,14,2,608
80813,2016-10-22,15:35:00,328,2,4345
80814,2016-10-22,15:38:00,172,4,6407
80815,2016-10-22,15:48:00,276,1,5277
80816,2016-10-22,15:50:00,251,1,5321
80817,2016-10-22,15:59:00,338,2,7440
80818,2016-10-22,16:03:00,246,4,9365
80819,2016-10-22,16:03:00,180,1,5407
80820,2016-10-22,16:18:00,428,1,9899
80821,2016-10-22,16:26:00,405,3,1561
80822,2016-10-22,16:36:00,215,2,1953
80823,2016-10-22,16:43:00,290,2,11375
80824,2016-10-22,16:55:00,49,2,6624
80825,2016-10-22,16:56:00,373,2,11785
80826,2016-10-22,16:58:00,150,1,8741
80827,2016-10-22,17:04:00,364,1,10020
80828,2016-10-22,17:10:00,225,4,183
80829,2016-10-22,17:12:00,449,1,1166
80830,2016-10-22,17:13:00,164,1,2916
80831,2016-10-22,17:18:00,156,2,10134
80832,2016-10-22,17:21:00,79,2,3849
80833,2016-10-22,17:22:00,274,1,4327
80834,2016-10-22,17:24:00,203,2,9558
80835,2016-10-22,17:34:00,239,1,9385
80836,2016-10-22,17:36:00,207,1,6725
80837,2016-10-22,17:41:00,361,2,5664
80838,2016-10-22,17:42:00,300,2,5097
80839,2016-10-22,17:48:00,394,1,1237
80840,2016-10-22,17:49:00,1,1,6538
80841,2016-10-22,17:54:00,269,2,11189
80842,2016-10-22,17:58:00,101,2,6314
80843,2016-10-22,17:59:00,170,2,8126
80844,2016-10-22,18:00:00,48,4,993
80845,2016-10-22,18:01:00,422,2,10140
80846,2016-10-22,18:05:00,203,1,10767
80847,2016-10-22,18:06:00,151,2,2154
80848,2016-10-22,18:12:00,438,3,143
80849,2016-10-22,18:14:00,165,2,6479
80850,2016-10-22,18:17:00,380,3,664
80851,2016-10-22,18:17:00,59,1,9442
80852,2016-10-22,18:29:00,384,1,7450
80853,2016-10-22,18:33:00,365,2,1308
80854,2016-10-22,18:41:00,443,1,10707
80855,2016-10-22,18:51:00,121,4,9155
80856,2016-10-22,18:53:00,397,1,6384
80857,2016-10-22,18:59:00,306,1,265
80858,2016-10-22,19:06:00,144,1,6853
80859,2016-10-22,19:16:00,140,2,1197
80860,2016-10-22,19:17:00,406,3,10316
80861,2016-10-22,19:18:00,402,2,6090
80862,2016-10-22,19:31:00,372,3,7234
80863,2016-10-22,19:32:00,145,1,9634
80864,2016-10-22,19:32:00,391,1,2149
80865,2016-10-22,19:33:00,195,1,6369
80866,2016-10-22,19:35:00,327,1,1875
80867,2016-10-22,19:57:00,435,4,1646
80868,2016-10-22,19:58:00,339,1,7476
80869,2016-10-22,19:58:00,19,2,10803
80870,2016-10-22,20:04:00,16,1,8003
80871,2016-10-22,20:10:00,310,2,1499
80872,2016-10-22,20:15:00,429,1,6418
80873,2016-10-22,20:23:00,452,1,11694
80874,2016-10-22,20:29:00,255,3,3260
80875,2016-10-22,20:33:00,432,1,7042
80876,2016-10-22,20:37:00,357,2,1474
80877,2016-10-22,20:37:00,163,2,5430
80878,2016-10-22,20:42:00,16,5,2156
80879,2016-10-22,20:51:00,22,1,8627
80880,2016-10-22,20:52:00,155,1,4418
80881,2016-10-22,20:56:00,37,5,5909
80882,2016-10-22,21:02:00,7,1,9332
80883,2016-10-22,21:07:00,357,1,11592
80884,2016-10-22,21:10:00,245,2,2155
80885,2016-10-22,21:12:00,389,3,8813
80886,2016-10-22,21:21:00,203,2,801
80887,2016-10-22,21:32:00,387,3,4093
80888,2016-10-22,21:38:00,253,1,5961
80889,2016-10-22,21:43:00,214,2,4003
80890,2016-10-22,21:47:00,283,1,5199
80891,2016-10-22,21:55:00,162,2,4428
80892,2016-10-22,22:00:00,210,2,1732
80893,2016-10-22,22:02:00,198,2,426
80894,2016-10-22,22:07:00,366,1,9414
80895,2016-10-22,22:22:00,223,4,2952
80896,2016-10-22,22:22:00,237,1,8645
80897,2016-10-22,22:24:00,153,1,4906
80898,2016-10-22,22:24:00,9,3,9517
80899,2016-10-22,22:28:00,244,3,8976
80900,2016-10-22,22:31:00,378,1,11063
80901,2016-10-22,22:35:00,369,2,7312
80902,2016-10-22,22:45:00,373,1,10793
80903,2016-10-22,22:46:00,40,2,7144
80904,2016-10-22,22:48:00,240,1,5087
80905,2016-10-22,22:54:00,171,4,1833
80906,2016-10-22,22:59:00,175,2,6979
80907,2016-10-22,23:08:00,150,2,2945
80908,2016-10-22,23:09:00,140,1,3876
80909,2016-10-22,23:09:00,448,2,4028
80910,2016-10-22,23:09:00,444,2,6801
80911,2016-10-22,23:17:00,5,1,9599
80912,2016-10-22,23:20:00,89,4,2081
80913,2016-10-22,23:28:00,295,2,7899
80914,2016-10-22,23:36:00,67,3,9111
80915,2016-10-22,23:42:00,59,2,7702
80916,2016-10-22,23:43:00,398,1,911
80917,2016-10-22,23:45:00,425,1,794
80918,2016-10-22,23:52:00,345,2,2713
80919,2016-10-22,23:59:00,317,3,10623
80920,2016-10-23,00:00:00,182,2,11134
80921,2016-10-23,00:02:00,457,2,1430
80922,2016-10-23,00:03:00,152,2,5962
80923,2016-10-23,00:06:00,106,4,1816
80924,2016-10-23,00:13:00,284,3,11979
80925,2016-10-23,00:23:00,153,2,11445
80926,2016-10-23,00:28:00,158,1,11004
80927,2016-10-23,00:28:00,424,5,8934
80928,2016-10-23,00:34:00,44,1,5717
80929,2016-10-23,00:37:00,35,1,10085
80930,2016-10-23,00:40:00,310,1,5197
80931,2016-10-23,00:42:00,406,1,11893
80932,2016-10-23,00:49:00,71,1,782
80933,2016-10-23,00:51:00,28,3,3000
80934,2016-10-23,01:04:00,445,2,7579
80935,2016-10-23,01:04:00,183,1,1105
80936,2016-10-23,01:26:00,442,3,1598
80937,2016-10-23,01:34:00,315,2,9615
80938,2016-10-23,01:34:00,438,2,3469
80939,2016-10-23,01:34:00,260,3,8409
80940,2016-10-23,01:35:00,47,2,3918
80941,2016-10-23,01:36:00,8,1,832
80942,2016-10-23,01:44:00,146,1,1588
80943,2016-10-23,01:47:00,321,2,11740
80944,2016-10-23,01:52:00,254,2,2851
80945,2016-10-23,01:56:00,249,2,1318
80946,2016-10-23,02:02:00,74,4,9621
80947,2016-10-23,02:03:00,388,5,11772
80948,2016-10-23,02:05:00,84,1,5395
80949,2016-10-23,02:17:00,319,2,3031
80950,2016-10-23,02:18:00,174,2,9003
80951,2016-10-23,02:19:00,227,3,2353
80952,2016-10-23,02:20:00,311,2,2779
80953,2016-10-23,02:24:00,120,2,2747
80954,2016-10-23,02:27:00,355,2,11963
80955,2016-10-23,02:31:00,429,2,5185
80956,2016-10-23,02:39:00,362,1,3998
80957,2016-10-23,02:42:00,47,2,4053
80958,2016-10-23,02:51:00,106,1,2926
80959,2016-10-23,02:56:00,231,2,2524
80960,2016-10-23,03:04:00,111,4,9955
80961,2016-10-23,03:06:00,396,4,2627
80962,2016-10-23,03:12:00,358,2,10113
80963,2016-10-23,03:16:00,395,1,5708
80964,2016-10-23,03:23:00,408,3,8143
80965,2016-10-23,03:32:00,356,3,775
80966,2016-10-23,03:43:00,63,1,10904
80967,2016-10-23,03:53:00,222,1,9842
80968,2016-10-23,04:12:00,6,2,4019
80969,2016-10-23,04:17:00,27,5,4376
80970,2016-10-23,04:20:00,95,1,5464
80971,2016-10-23,04:21:00,12,3,10740
80972,2016-10-23,04:38:00,19,2,1562
80973,2016-10-23,04:41:00,159,2,6182
80974,2016-10-23,04:42:00,156,2,10044
80975,2016-10-23,04:43:00,310,3,4910
80976,2016-10-23,04:46:00,444,3,924
80977,2016-10-23,04:51:00,383,1,260
80978,2016-10-23,04:52:00,334,3,107
80979,2016-10-23,04:56:00,401,2,4815
80980,2016-10-23,05:00:00,43,2,3154
80981,2016-10-23,05:02:00,92,1,375
80982,2016-10-23,05:04:00,318,2,4250
80983,2016-10-23,05:04:00,372,1,2793
80984,2016-10-23,05:09:00,351,2,7189
80985,2016-10-23,05:09:00,310,1,7511
80986,2016-10-23,05:19:00,319,4,3114
80987,2016-10-23,05:22:00,403,4,6406
80988,2016-10-23,05:26:00,382,1,9047
80989,2016-10-23,05:32:00,173,1,9682
80990,2016-10-23,05:37:00,153,4,10719
80991,2016-10-23,05:40:00,73,3,2705
80992,2016-10-23,05:46:00,411,1,8025
80993,2016-10-23,05:46:00,63,1,1176
80994,2016-10-23,05:48:00,78,4,3492
80995,2016-10-23,05:57:00,199,2,10861
80996,2016-10-23,06:04:00,321,2,4519
80997,2016-10-23,06:05:00,329,1,7753
80998,2016-10-23,06:05:00,238,2,3635
80999,2016-10-23,06:10:00,312,1,9925
81000,2016-10-23,06:11:00,199,1,11543
81001,2016-10-23,06:14:00,236,4,4209
81002,2016-10-23,06:22:00,123,2,10553
81003,2016-10-23,06:30:00,253,2,8321
81004,2016-10-23,06:31:00,302,3,7861
81005,2016-10-23,06:36:00,447,1,10143
81006,2016-10-23,06:40:00,70,2,2411
81007,2016-10-23,06:43:00,5,3,9236
81008,2016-10-23,06:51:00,336,3,2935
81009,2016-10-23,06:56:00,411,2,2072
81010,2016-10-23,06:56:00,350,2,1859
81011,2016-10-23,06:57:00,336,2,3662
81012,2016-10-23,07:15:00,365,2,9073
81013,2016-10-23,07:19:00,377,2,4754
81014,2016-10-23,07:22:00,55,3,771
81015,2016-10-23,07:29:00,416,2,9409
81016,2016-10-23,07:34:00,371,2,991
81017,2016-10-23,07:35:00,135,1,1409
81018,2016-10-23,07:38:00,21,2,11654
81019,2016-10-23,07:58:00,344,2,4188
81020,2016-10-23,08:03:00,390,3,1061
81021,2016-10-23,08:05:00,283,2,6620
81022,2016-10-23,08:08:00,374,3,2081
81023,2016-10-23,08:32:00,403,2,1774
81024,2016-10-23,08:37:00,309,2,6681
81025,2016-10-23,08:38:00,183,1,1421
81026,2016-10-23,08:44:00,229,2,1371
81027,2016-10-23,08:51:00,428,1,3945
81028,2016-10-23,08:52:00,62,1,8550
81029,2016-10-23,08:55:00,179,1,9150
81030,2016-10-23,09:01:00,244,3,11580
81031,2016-10-23,09:04:00,231,2,2152
81032,2016-10-23,09:10:00,127,2,4389
81033,2016-10-23,09:11:00,69,1,4459
81034,2016-10-23,09:16:00,160,1,10483
81035,2016-10-23,09:17:00,441,2,5404
81036,2016-10-23,09:18:00,146,1,4653
81037,2016-10-23,09:19:00,400,1,7827
81038,2016-10-23,09:22:00,166,1,5038
81039,2016-10-23,09:29:00,328,2,6357
81040,2016-10-23,09:32:00,38,2,2323
81041,2016-10-23,09:33:00,233,1,1543
81042,2016-10-23,09:34:00,176,2,1328
81043,2016-10-23,09:42:00,255,2,11729
81044,2016-10-23,09:43:00,179,4,9067
81045,2016-10-23,09:44:00,275,1,44
81046,2016-10-23,09:56:00,419,1,4677
81047,2016-10-23,10:11:00,325,1,9445
81048,2016-10-23,10:15:00,361,2,1105
81049,2016-10-23,10:19:00,273,2,6381
81050,2016-10-23,10:19:00,93,1,3120
81051,2016-10-23,10:19:00,432,1,11333
81052,2016-10-23,10:20:00,192,2,10264
81053,2016-10-23,10:25:00,364,4,1074
81054,2016-10-23,10:32:00,207,2,5924
81055,2016-10-23,10:33:00,368,3,8510
81056,2016-10-23,10:44:00,325,1,10191
81057,2016-10-23,10:46:00,22,3,8477
81058,2016-10-23,10:47:00,373,2,6943
81059,2016-10-23,10:55:00,173,2,2850
81060,2016-10-23,10:58:00,215,4,5159
81061,2016-10-23,11:13:00,16,4,4949
81062,2016-10-23,11:16:00,29,1,5807
81063,2016-10-23,11:18:00,131,2,9622
81064,2016-10-23,11:19:00,224,4,5238
81065,2016-10-23,11:19:00,449,1,737
81066,2016-10-23,11:23:00,206,2,9645
81067,2016-10-23,11:26:00,121,2,7984
81068,2016-10-23,11:39:00,313,2,1673
81069,2016-10-23,11:47:00,145,4,6383
81070,2016-10-23,11:48:00,97,1,2149
81071,2016-10-23,11:51:00,294,1,11283
81072,2016-10-23,12:04:00,22,2,753
81073,2016-10-23,12:05:00,181,2,8520
81074,2016-10-23,12:10:00,228,2,5079
81075,2016-10-23,12:19:00,140,1,5137
81076,2016-10-23,12:23:00,61,2,4691
81077,2016-10-23,12:38:00,444,3,4974
81078,2016-10-23,12:42:00,439,2,4844
81079,2016-10-23,12:42:00,181,2,6457
81080,2016-10-23,12:45:00,51,2,8234
81081,2016-10-23,12:51:00,371,1,8030
81082,2016-10-23,13:06:00,383,2,11288
81083,2016-10-23,13:15:00,60,1,6862
81084,2016-10-23,13:20:00,126,3,3321
81085,2016-10-23,13:26:00,22,2,7585
81086,2016-10-23,13:30:00,116,4,9882
81087,2016-10-23,13:36:00,254,1,9425
81088,2016-10-23,13:37:00,282,3,5312
81089,2016-10-23,13:48:00,113,4,3081
81090,2016-10-23,13:49:00,85,2,2243
81091,2016-10-23,13:50:00,197,1,11713
81092,2016-10-23,13:52:00,1,3,1799
81093,2016-10-23,13:54:00,166,3,11028
81094,2016-10-23,14:02:00,391,2,5100
81095,2016-10-23,14:03:00,424,2,72
81096,2016-10-23,14:05:00,359,1,11607
81097,2016-10-23,14:31:00,11,2,6990
81098,2016-10-23,14:33:00,198,1,1347
81099,2016-10-23,14:40:00,278,2,4809
81100,2016-10-23,14:44:00,453,1,6880
81101,2016-10-23,14:53:00,193,2,679
81102,2016-10-23,14:59:00,411,1,10848
81103,2016-10-23,15:02:00,372,2,6270
81104,2016-10-23,15:03:00,178,1,5349
81105,2016-10-23,15:15:00,418,3,5849
81106,2016-10-23,15:16:00,334,2,11932
81107,2016-10-23,15:24:00,439,3,11237
81108,2016-10-23,15:35:00,103,1,4435
81109,2016-10-23,15:41:00,428,1,7206
81110,2016-10-23,15:46:00,124,2,1335
81111,2016-10-23,15:48:00,338,1,2233
81112,2016-10-23,16:05:00,416,3,9325
81113,2016-10-23,16:07:00,432,1,6919
81114,2016-10-23,16:15:00,85,3,3416
81115,2016-10-23,16:16:00,194,1,9288
81116,2016-10-23,16:20:00,311,2,2006
81117,2016-10-23,17:08:00,353,2,6036
81118,2016-10-23,17:28:00,349,2,10320
81119,2016-10-23,17:28:00,246,1,11897
81120,2016-10-23,17:33:00,316,1,5471
81121,2016-10-23,17:34:00,182,4,7572
81122,2016-10-23,17:44:00,385,1,7480
81123,2016-10-23,17:53:00,457,2,4717
81124,2016-10-23,17:55:00,113,3,4851
81125,2016-10-23,17:59:00,15,2,3415
81126,2016-10-23,18:16:00,66,1,6086
81127,2016-10-23,18:18:00,309,2,8645
81128,2016-10-23,18:18:00,390,3,5280
81129,2016-10-23,18:23:00,354,2,3358
81130,2016-10-23,18:25:00,41,4,11398
81131,2016-10-23,18:26:00,381,2,6061
81132,2016-10-23,18:30:00,330,1,9224
81133,2016-10-23,18:31:00,201,1,1191
81134,2016-10-23,18:41:00,195,1,4405
81135,2016-10-23,18:42:00,270,3,2886
81136,2016-10-23,18:45:00,28,2,2037
81137,2016-10-23,18:47:00,272,2,4212
81138,2016-10-23,18:57:00,272,3,10704
81139,2016-10-23,18:58:00,77,2,2141
81140,2016-10-23,19:04:00,208,2,525
81141,2016-10-23,19:08:00,209,3,5849
81142,2016-10-23,19:09:00,310,1,3945
81143,2016-10-23,19:09:00,266,1,3790
81144,2016-10-23,19:09:00,47,4,2823
81145,2016-10-23,19:15:00,34,1,9299
81146,2016-10-23,19:15:00,108,4,9938
81147,2016-10-23,19:21:00,427,3,35
81148,2016-10-23,19:42:00,417,2,7746
81149,2016-10-23,19:42:00,455,2,11417
81150,2016-10-23,19:48:00,292,6,4417
81151,2016-10-23,19:53:00,186,1,10300
81152,2016-10-23,19:55:00,175,1,6440
81153,2016-10-23,19:59:00,51,1,4176
81154,2016-10-23,20:00:00,419,1,7212
81155,2016-10-23,20:04:00,64,3,8951
81156,2016-10-23,20:16:00,268,2,4211
81157,2016-10-23,20:17:00,31,1,7994
81158,2016-10-23,20:28:00,74,2,7508
81159,2016-10-23,20:29:00,376,1,173
81160,2016-10-23,20:35:00,179,1,7770
81161,2016-10-23,20:37:00,230,2,2125
81162,2016-10-23,20:40:00,8,2,7100
81163,2016-10-23,20:47:00,344,1,10162
81164,2016-10-23,20:53:00,273,2,11833
81165,2016-10-23,20:54:00,156,1,2275
81166,2016-10-23,21:04:00,32,4,4652
81167,2016-10-23,21:06:00,73,2,11377
81168,2016-10-23,21:13:00,131,1,1595
81169,2016-10-23,21:26:00,55,1,3767
81170,2016-10-23,21:26:00,84,1,3638
81171,2016-10-23,21:33:00,334,1,794
81172,2016-10-23,21:34:00,178,3,8269
81173,2016-10-23,21:35:00,388,3,1769
81174,2016-10-23,21:40:00,356,3,4934
81175,2016-10-23,21:44:00,23,3,6110
81176,2016-10-23,22:12:00,172,2,11811
81177,2016-10-23,22:15:00,157,2,6372
81178,2016-10-23,22:27:00,408,1,4933
81179,2016-10-23,22:41:00,407,3,11825
81180,2016-10-23,22:45:00,80,1,2187
81181,2016-10-23,23:08:00,309,2,9415
81182,2016-10-23,23:12:00,225,2,6199
81183,2016-10-23,23:16:00,155,4,5881
81184,2016-10-23,23:19:00,212,4,3813
81185,2016-10-23,23:20:00,363,2,10823
81186,2016-10-23,23:21:00,211,1,35
81187,2016-10-23,23:23:00,172,2,7993
81188,2016-10-23,23:27:00,275,2,4610
81189,2016-10-23,23:31:00,321,3,3827
81190,2016-10-23,23:33:00,318,1,9012
81191,2016-10-23,23:49:00,184,2,4940
81192,2016-10-23,23:53:00,419,1,8628
81193,2016-10-23,23:54:00,350,2,11655
81194,2016-10-23,23:59:00,225,4,6821
81195,2016-10-24,00:09:00,455,1,6876
81196,2016-10-24,00:11:00,400,1,4604
81197,2016-10-24,00:15:00,218,1,6084
81198,2016-10-24,00:16:00,251,1,10742
81199,2016-10-24,00:19:00,175,3,11729
81200,2016-10-24,00:26:00,8,1,5758
81201,2016-10-24,00:27:00,145,3,371
81202,2016-10-24,00:30:00,175,2,6664
81203,2016-10-24,00:34:00,220,2,9812
81204,2016-10-24,00:36:00,256,2,8537
81205,2016-10-24,00:36:00,244,2,10409
81206,2016-10-24,00:48:00,109,1,2305
81207,2016-10-24,00:51:00,184,1,7698
81208,2016-10-24,00:53:00,236,1,11601
81209,2016-10-24,00:54:00,43,1,3933
81210,2016-10-24,00:55:00,325,1,8279
81211,2016-10-24,00:58:00,182,1,6282
81212,2016-10-24,01:03:00,298,1,950
81213,2016-10-24,01:04:00,21,2,11513
81214,2016-10-24,01:04:00,404,2,5129
81215,2016-10-24,01:13:00,424,1,5033
81216,2016-10-24,01:18:00,10,4,6854
81217,2016-10-24,01:26:00,95,1,4025
81218,2016-10-24,01:26:00,91,1,1681
81219,2016-10-24,01:32:00,121,1,11170
81220,2016-10-24,01:35:00,18,4,4614
81221,2016-10-24,01:39:00,226,2,7241
81222,2016-10-24,01:46:00,355,1,628
81223,2016-10-24,01:53:00,196,1,1814
81224,2016-10-24,01:55:00,288,2,7853
81225,2016-10-24,01:55:00,42,2,1413
81226,2016-10-24,01:58:00,355,2,899
81227,2016-10-24,02:00:00,413,2,10685
81228,2016-10-24,02:04:00,12,1,3746
81229,2016-10-24,02:10:00,112,2,4
81230,2016-10-24,02:13:00,85,2,10663
81231,2016-10-24,02:14:00,1,2,3397
81232,2016-10-24,02:21:00,283,1,962
81233,2016-10-24,02:21:00,377,1,6673
81234,2016-10-24,02:26:00,456,3,2230
81235,2016-10-24,02:43:00,133,1,199
81236,2016-10-24,03:00:00,250,2,2756
81237,2016-10-24,03:08:00,149,1,321
81238,2016-10-24,03:10:00,111,2,341
81239,2016-10-24,03:16:00,150,1,7886
81240,2016-10-24,03:16:00,301,1,2048
81241,2016-10-24,03:28:00,234,1,7551
81242,2016-10-24,03:35:00,120,5,11962
81243,2016-10-24,03:38:00,412,2,10811
81244,2016-10-24,03:39:00,256,1,9337
81245,2016-10-24,03:45:00,408,1,6712
81246,2016-10-24,03:52:00,209,4,6460
81247,2016-10-24,04:22:00,197,1,2047
81248,2016-10-24,04:22:00,19,1,1305
81249,2016-10-24,04:23:00,234,1,5535
81250,2016-10-24,04:27:00,173,1,1639
81251,2016-10-24,04:28:00,241,2,11930
81252,2016-10-24,04:28:00,367,2,6538
81253,2016-10-24,04:31:00,48,2,7249
81254,2016-10-24,04:34:00,317,2,4135
81255,2016-10-24,04:48:00,336,1,838
81256,2016-10-24,05:13:00,222,1,7552
81257,2016-10-24,05:19:00,1,2,1301
81258,2016-10-24,05:21:00,104,3,1154
81259,2016-10-24,05:21:00,358,3,6621
81260,2016-10-24,05:22:00,282,1,10750
81261,2016-10-24,05:26:00,301,4,7662
81262,2016-10-24,05:27:00,148,4,9672
81263,2016-10-24,05:30:00,178,1,7482
81264,2016-10-24,05:47:00,285,3,5689
81265,2016-10-24,05:56:00,78,3,134
81266,2016-10-24,05:56:00,39,3,3378
81267,2016-10-24,06:15:00,174,2,11544
81268,2016-10-24,06:16:00,189,1,2268
81269,2016-10-24,06:18:00,57,4,11280
81270,2016-10-24,06:24:00,191,1,5525
81271,2016-10-24,06:27:00,354,2,10209
81272,2016-10-24,06:29:00,130,1,1965
81273,2016-10-24,06:37:00,186,2,7460
81274,2016-10-24,06:38:00,431,3,2096
81275,2016-10-24,06:41:00,376,2,5838
81276,2016-10-24,06:41:00,374,1,10913
81277,2016-10-24,06:54:00,72,1,3651
81278,2016-10-24,06:54:00,408,2,11745
81279,2016-10-24,06:56:00,270,2,11099
81280,2016-10-24,06:56:00,317,1,9017
81281,2016-10-24,07:05:00,270,1,4030
81282,2016-10-24,07:14:00,50,1,377
81283,2016-10-24,07:19:00,69,4,4674
81284,2016-10-24,07:24:00,440,1,1097
81285,2016-10-24,07:25:00,435,2,9904
81286,2016-10-24,07:27:00,338,3,11021
81287,2016-10-24,07:32:00,330,2,1832
81288,2016-10-24,07:37:00,443,3,5065
81289,2016-10-24,07:38:00,191,1,620
81290,2016-10-24,07:43:00,99,1,10604
81291,2016-10-24,07:58:00,83,2,4591
81292,2016-10-24,08:08:00,392,2,5897
81293,2016-10-24,08:17:00,34,1,9985
81294,2016-10-24,08:19:00,416,3,9226
81295,2016-10-24,08:26:00,231,2,8275
81296,2016-10-24,08:31:00,236,2,2656
81297,2016-10-24,08:33:00,379,3,9586
81298,2016-10-24,08:42:00,169,1,9486
81299,2016-10-24,08:44:00,325,1,1852
81300,2016-10-24,08:45:00,290,2,11885
81301,2016-10-24,08:56:00,160,2,9307
81302,2016-10-24,08:59:00,415,3,5674
81303,2016-10-24,09:02:00,324,2,9073
81304,2016-10-24,09:17:00,254,2,9653
81305,2016-10-24,09:18:00,227,1,2479
81306,2016-10-24,09:21:00,169,3,6840
81307,2016-10-24,09:27:00,358,1,436
81308,2016-10-24,09:32:00,287,2,1368
81309,2016-10-24,09:36:00,410,1,1302
81310,2016-10-24,09:40:00,178,1,9755
81311,2016-10-24,09:49:00,171,2,7623
81312,2016-10-24,09:58:00,422,4,4185
81313,2016-10-24,10:04:00,267,2,5264
81314,2016-10-24,10:11:00,117,2,6934
81315,2016-10-24,10:13:00,444,2,6018
81316,2016-10-24,10:14:00,87,1,2154
81317,2016-10-24,10:21:00,83,1,9321
81318,2016-10-24,10:43:00,403,1,2258
81319,2016-10-24,10:52:00,11,1,1182
81320,2016-10-24,11:01:00,377,3,576
81321,2016-10-24,11:03:00,236,2,9350
81322,2016-10-24,11:03:00,293,3,11851
81323,2016-10-24,11:04:00,124,5,3587
81324,2016-10-24,11:06:00,166,3,110
81325,2016-10-24,11:06:00,316,3,10648
81326,2016-10-24,11:07:00,261,1,6799
81327,2016-10-24,11:14:00,2,1,4367
81328,2016-10-24,11:17:00,406,1,2834
81329,2016-10-24,11:18:00,372,2,5043
81330,2016-10-24,11:18:00,24,1,4397
81331,2016-10-24,11:27:00,283,2,6236
81332,2016-10-24,11:34:00,170,3,970
81333,2016-10-24,11:37:00,400,2,2321
81334,2016-10-24,11:41:00,6,3,5053
81335,2016-10-24,11:43:00,66,3,5663
81336,2016-10-24,11:43:00,304,3,7406
81337,2016-10-24,11:44:00,322,3,2804
81338,2016-10-24,11:49:00,301,2,11669
81339,2016-10-24,11:54:00,408,2,7398
81340,2016-10-24,11:54:00,61,1,8800
81341,2016-10-24,11:57:00,370,1,9685
81342,2016-10-24,12:06:00,347,4,1473
81343,2016-10-24,12:07:00,109,1,8085
81344,2016-10-24,12:12:00,264,3,6392
81345,2016-10-24,12:18:00,266,2,7688
81346,2016-10-24,12:20:00,386,2,6496
81347,2016-10-24,12:21:00,350,1,1849
81348,2016-10-24,12:22:00,81,2,9632
81349,2016-10-24,12:27:00,58,2,5270
81350,2016-10-24,12:29:00,76,3,9771
81351,2016-10-24,12:39:00,344,2,2321
81352,2016-10-24,12:54:00,289,1,4437
81353,2016-10-24,12:54:00,267,2,3341
81354,2016-10-24,12:54:00,43,2,104
81355,2016-10-24,12:54:00,39,1,10522
81356,2016-10-24,12:55:00,244,1,9605
81357,2016-10-24,12:56:00,67,2,3451
81358,2016-10-24,12:57:00,197,2,8754
81359,2016-10-24,12:59:00,288,1,8891
81360,2016-10-24,13:00:00,367,2,2466
81361,2016-10-24,13:09:00,138,3,4174
81362,2016-10-24,13:19:00,291,1,8102
81363,2016-10-24,13:22:00,274,2,8647
81364,2016-10-24,13:25:00,99,1,4362
81365,2016-10-24,13:35:00,34,1,8175
81366,2016-10-24,13:37:00,66,2,1298
81367,2016-10-24,13:37:00,231,1,7320
81368,2016-10-24,13:39:00,342,2,5547
81369,2016-10-24,13:39:00,132,2,6054
81370,2016-10-24,13:40:00,408,2,884
81371,2016-10-24,13:41:00,313,1,5248
81372,2016-10-24,13:49:00,133,1,9757
81373,2016-10-24,13:59:00,266,3,3727
81374,2016-10-24,14:03:00,168,2,9737
81375,2016-10-24,14:24:00,60,1,9011
81376,2016-10-24,14:30:00,221,2,11924
81377,2016-10-24,14:35:00,330,2,10924
81378,2016-10-24,14:36:00,304,2,4006
81379,2016-10-24,14:37:00,83,3,3125
81380,2016-10-24,14:43:00,189,3,7865
81381,2016-10-24,14:46:00,264,1,2964
81382,2016-10-24,14:46:00,173,3,6000
81383,2016-10-24,14:53:00,309,2,10144
81384,2016-10-24,14:58:00,197,5,10746
81385,2016-10-24,15:19:00,153,1,58
81386,2016-10-24,15:22:00,38,5,11948
81387,2016-10-24,15:23:00,436,2,1782
81388,2016-10-24,15:26:00,344,1,1558
81389,2016-10-24,15:34:00,206,3,8835
81390,2016-10-24,15:36:00,221,1,11166
81391,2016-10-24,15:54:00,104,1,4848
81392,2016-10-24,15:58:00,187,1,9009
81393,2016-10-24,15:59:00,103,2,8568
81394,2016-10-24,15:59:00,273,1,8825
81395,2016-10-24,16:07:00,145,4,2351
81396,2016-10-24,16:07:00,266,2,5324
81397,2016-10-24,16:15:00,260,1,5832
81398,2016-10-24,16:15:00,179,2,5843
81399,2016-10-24,16:21:00,260,2,8553
81400,2016-10-24,16:29:00,320,3,7572
81401,2016-10-24,16:36:00,397,2,6860
81402,2016-10-24,16:54:00,3,2,5850
81403,2016-10-24,16:55:00,435,1,110
81404,2016-10-24,17:00:00,99,1,4045
81405,2016-10-24,17:03:00,382,3,3710
81406,2016-10-24,17:09:00,21,3,2485
81407,2016-10-24,17:14:00,204,1,7867
81408,2016-10-24,17:24:00,316,3,962
81409,2016-10-24,17:26:00,119,2,6921
81410,2016-10-24,17:30:00,29,4,11783
81411,2016-10-24,17:31:00,385,3,6360
81412,2016-10-24,17:32:00,307,2,10035
81413,2016-10-24,17:54:00,398,1,4864
81414,2016-10-24,17:55:00,428,2,2312
81415,2016-10-24,17:57:00,295,1,11909
81416,2016-10-24,18:00:00,403,1,406
81417,2016-10-24,18:28:00,226,1,8626
81418,2016-10-24,18:35:00,91,1,2215
81419,2016-10-24,18:37:00,146,1,8682
81420,2016-10-24,18:38:00,15,3,6633
81421,2016-10-24,18:48:00,409,3,8519
81422,2016-10-24,18:49:00,136,3,11214
81423,2016-10-24,18:55:00,329,3,1636
81424,2016-10-24,19:00:00,457,1,7806
81425,2016-10-24,19:04:00,40,1,2959
81426,2016-10-24,19:20:00,147,1,7015
81427,2016-10-24,19:21:00,263,2,154
81428,2016-10-24,19:24:00,191,3,4105
81429,2016-10-24,19:27:00,169,1,10055
81430,2016-10-24,19:30:00,249,2,3162
81431,2016-10-24,19:33:00,163,1,185
81432,2016-10-24,19:33:00,307,1,1346
81433,2016-10-24,19:40:00,308,2,3296
81434,2016-10-24,19:42:00,98,2,1369
81435,2016-10-24,19:53:00,236,2,702
81436,2016-10-24,20:17:00,155,2,9989
81437,2016-10-24,20:18:00,23,3,6183
81438,2016-10-24,20:25:00,267,3,9032
81439,2016-10-24,20:34:00,242,3,4473
81440,2016-10-24,20:38:00,380,3,951
81441,2016-10-24,20:38:00,141,2,9517
81442,2016-10-24,20:41:00,296,2,8109
81443,2016-10-24,20:48:00,270,2,9318
81444,2016-10-24,20:56:00,165,1,10155
81445,2016-10-24,20:59:00,217,4,1813
81446,2016-10-24,21:05:00,373,2,5235
81447,2016-10-24,21:27:00,307,1,2504
81448,2016-10-24,21:34:00,366,3,10412
81449,2016-10-24,21:34:00,187,3,8827
81450,2016-10-24,21:34:00,157,1,5259
81451,2016-10-24,21:36:00,36,1,7789
81452,2016-10-24,21:38:00,253,2,10869
81453,2016-10-24,21:44:00,216,2,8489
81454,2016-10-24,21:45:00,190,2,9898
81455,2016-10-24,21:47:00,129,2,11693
81456,2016-10-24,21:48:00,203,3,6027
81457,2016-10-24,21:50:00,166,3,11555
81458,2016-10-24,21:53:00,284,2,11183
81459,2016-10-24,21:54:00,191,2,337
81460,2016-10-24,22:03:00,385,3,5077
81461,2016-10-24,22:15:00,255,4,2976
81462,2016-10-24,22:20:00,294,3,8033
81463,2016-10-24,22:35:00,197,3,4888
81464,2016-10-24,22:39:00,385,3,5357
81465,2016-10-24,22:40:00,274,2,8837
81466,2016-10-24,22:46:00,385,2,9058
81467,2016-10-24,22:49:00,27,2,3586
81468,2016-10-24,22:53:00,77,3,1183
81469,2016-10-24,23:03:00,255,2,11741
81470,2016-10-24,23:29:00,312,3,10567
81471,2016-10-24,23:35:00,219,2,7004
81472,2016-10-24,23:38:00,106,4,930
81473,2016-10-24,23:49:00,278,1,1923
81474,2016-10-24,23:50:00,330,1,3030
81475,2016-10-24,23:53:00,48,2,6111
81476,2016-10-25,00:10:00,62,3,4602
81477,2016-10-25,00:11:00,248,1,9825
81478,2016-10-25,00:14:00,447,2,2063
81479,2016-10-25,00:14:00,408,4,5796
81480,2016-10-25,00:23:00,364,3,8350
81481,2016-10-25,00:23:00,137,2,3014
81482,2016-10-25,00:24:00,391,3,878
81483,2016-10-25,00:24:00,393,6,7005
81484,2016-10-25,00:25:00,134,1,2615
81485,2016-10-25,00:27:00,28,3,8157
81486,2016-10-25,00:29:00,179,2,9861
81487,2016-10-25,00:31:00,141,2,8804
81488,2016-10-25,00:55:00,419,2,4065
81489,2016-10-25,01:01:00,168,1,11920
81490,2016-10-25,01:03:00,62,3,7646
81491,2016-10-25,01:04:00,197,1,6956
81492,2016-10-25,01:05:00,32,2,10765
81493,2016-10-25,01:07:00,365,2,8028
81494,2016-10-25,01:13:00,72,1,8174
81495,2016-10-25,01:14:00,173,3,4270
81496,2016-10-25,01:18:00,207,1,10631
81497,2016-10-25,01:27:00,81,1,5912
81498,2016-10-25,01:36:00,77,2,11537
81499,2016-10-25,01:42:00,391,1,9695
81500,2016-10-25,01:44:00,171,3,2941
81501,2016-10-25,01:46:00,376,2,7924
81502,2016-10-25,01:47:00,125,3,6356
81503,2016-10-25,01:47:00,220,2,269
81504,2016-10-25,01:50:00,180,2,5808
81505,2016-10-25,01:56:00,48,1,11578
81506,2016-10-25,02:07:00,316,1,6334
81507,2016-10-25,02:15:00,265,1,4951
81508,2016-10-25,02:16:00,257,1,10308
81509,2016-10-25,02:19:00,203,2,7568
81510,2016-10-25,02:23:00,135,1,9571
81511,2016-10-25,02:24:00,244,1,4200
81512,2016-10-25,02:28:00,375,2,6721
81513,2016-10-25,02:30:00,345,2,11938
81514,2016-10-25,02:31:00,454,1,7805
81515,2016-10-25,02:41:00,50,2,10856
81516,2016-10-25,02:47:00,67,3,989
81517,2016-10-25,02:49:00,377,2,10066
81518,2016-10-25,02:53:00,209,4,10953
81519,2016-10-25,03:09:00,215,2,3049
81520,2016-10-25,03:09:00,124,2,7609
81521,2016-10-25,03:16:00,353,1,2501
81522,2016-10-25,03:16:00,159,3,10446
81523,2016-10-25,03:20:00,93,4,5170
81524,2016-10-25,03:30:00,457,5,11837
81525,2016-10-25,03:34:00,131,1,9461
81526,2016-10-25,03:35:00,76,3,10421
81527,2016-10-25,03:40:00,372,6,1970
81528,2016-10-25,03:44:00,165,2,1186
81529,2016-10-25,03:49:00,204,1,3987
81530,2016-10-25,03:55:00,77,1,1293
81531,2016-10-25,04:03:00,151,1,1260
81532,2016-10-25,04:04:00,187,3,242
81533,2016-10-25,04:07:00,434,2,2138
81534,2016-10-25,04:10:00,338,2,1403
81535,2016-10-25,04:10:00,47,2,788
81536,2016-10-25,04:11:00,224,1,9038
81537,2016-10-25,04:12:00,189,3,9425
81538,2016-10-25,04:12:00,267,2,1235
81539,2016-10-25,04:16:00,405,3,8742
81540,2016-10-25,04:25:00,393,2,11623
81541,2016-10-25,04:26:00,141,1,8437
81542,2016-10-25,04:34:00,115,1,3796
81543,2016-10-25,04:43:00,42,2,10096
81544,2016-10-25,04:47:00,247,1,4708
81545,2016-10-25,04:53:00,106,3,175
81546,2016-10-25,04:58:00,107,2,8537
81547,2016-10-25,05:01:00,378,2,4121
81548,2016-10-25,05:09:00,326,2,10234
81549,2016-10-25,05:12:00,192,2,8636
81550,2016-10-25,05:15:00,62,3,441
81551,2016-10-25,05:22:00,49,3,8793
81552,2016-10-25,05:27:00,204,1,3058
81553,2016-10-25,05:30:00,448,3,9690
81554,2016-10-25,05:32:00,343,3,10271
81555,2016-10-25,05:34:00,190,1,2500
81556,2016-10-25,05:52:00,271,3,6931
81557,2016-10-25,05:57:00,3,1,520
81558,2016-10-25,06:06:00,187,2,6485
81559,2016-10-25,06:07:00,305,2,7457
81560,2016-10-25,06:07:00,43,2,1590
81561,2016-10-25,06:15:00,261,2,7361
81562,2016-10-25,06:16:00,18,1,1913
81563,2016-10-25,06:17:00,197,2,1717
81564,2016-10-25,06:22:00,34,2,8747
81565,2016-10-25,06:29:00,203,3,5095
81566,2016-10-25,06:37:00,240,1,11425
81567,2016-10-25,06:38:00,173,2,10489
81568,2016-10-25,06:38:00,344,2,675
81569,2016-10-25,06:44:00,205,4,2509
81570,2016-10-25,06:44:00,331,1,8384
81571,2016-10-25,06:51:00,64,2,855
81572,2016-10-25,07:01:00,35,1,7048
81573,2016-10-25,07:14:00,216,2,11202
81574,2016-10-25,07:30:00,385,3,4304
81575,2016-10-25,07:30:00,319,1,7026
81576,2016-10-25,07:34:00,343,2,8534
81577,2016-10-25,07:40:00,175,4,774
81578,2016-10-25,07:44:00,16,2,6734
81579,2016-10-25,07:45:00,425,2,10440
81580,2016-10-25,07:45:00,311,1,10099
81581,2016-10-25,07:50:00,218,2,646
81582,2016-10-25,07:58:00,443,1,4702
81583,2016-10-25,08:01:00,160,2,122
81584,2016-10-25,08:05:00,340,3,4849
81585,2016-10-25,08:11:00,304,1,881
81586,2016-10-25,08:14:00,373,2,3927
81587,2016-10-25,08:23:00,357,5,10582
81588,2016-10-25,08:29:00,154,4,11518
81589,2016-10-25,08:32:00,420,2,4779
81590,2016-10-25,08:38:00,133,1,4638
81591,2016-10-25,08:39:00,143,1,3944
81592,2016-10-25,08:49:00,205,1,11950
81593,2016-10-25,08:50:00,14,1,6742
81594,2016-10-25,08:53:00,321,2,10021
81595,2016-10-25,08:55:00,146,2,7729
81596,2016-10-25,08:57:00,173,4,11856
81597,2016-10-25,09:00:00,334,1,8417
81598,2016-10-25,09:06:00,396,1,10862
81599,2016-10-25,09:07:00,304,2,10973
81600,2016-10-25,09:09:00,65,1,4434
81601,2016-10-25,09:12:00,308,2,1112
81602,2016-10-25,09:16:00,155,1,6651
81603,2016-10-25,09:22:00,195,1,4905
81604,2016-10-25,09:25:00,49,2,1667
81605,2016-10-25,09:27:00,163,2,3212
81606,2016-10-25,09:28:00,3,3,10115
81607,2016-10-25,09:31:00,312,1,11809
81608,2016-10-25,09:32:00,122,2,11647
81609,2016-10-25,09:44:00,206,1,5744
81610,2016-10-25,09:44:00,394,1,1764
81611,2016-10-25,09:46:00,17,1,918
81612,2016-10-25,09:47:00,339,1,8754
81613,2016-10-25,09:56:00,73,1,1654
81614,2016-10-25,10:05:00,177,3,10342
81615,2016-10-25,10:09:00,433,1,5455
81616,2016-10-25,10:20:00,36,2,1548
81617,2016-10-25,10:24:00,4,2,1359
81618,2016-10-25,10:29:00,293,2,2290
81619,2016-10-25,11:04:00,325,2,3563
81620,2016-10-25,11:09:00,25,4,773
81621,2016-10-25,11:11:00,458,2,6736
81622,2016-10-25,11:12:00,10,2,2728
81623,2016-10-25,11:13:00,18,1,7768
81624,2016-10-25,11:17:00,145,3,6938
81625,2016-10-25,11:26:00,432,4,10027
81626,2016-10-25,11:29:00,424,2,156
81627,2016-10-25,11:30:00,117,1,9052
81628,2016-10-25,11:31:00,70,1,6934
81629,2016-10-25,11:40:00,241,1,9309
81630,2016-10-25,11:44:00,15,1,9512
81631,2016-10-25,11:46:00,268,2,8368
81632,2016-10-25,11:53:00,220,1,4106
81633,2016-10-25,12:03:00,422,1,8260
81634,2016-10-25,12:05:00,141,4,3253
81635,2016-10-25,12:07:00,204,1,1553
81636,2016-10-25,12:09:00,337,1,7286
81637,2016-10-25,12:12:00,265,3,4427
81638,2016-10-25,12:15:00,16,1,4663
81639,2016-10-25,12:26:00,162,3,4536
81640,2016-10-25,12:26:00,383,2,150
81641,2016-10-25,12:27:00,45,4,6246
81642,2016-10-25,12:34:00,375,3,2504
81643,2016-10-25,12:34:00,139,2,8217
81644,2016-10-25,12:49:00,79,2,3281
81645,2016-10-25,13:03:00,267,2,8359
81646,2016-10-25,13:04:00,74,2,5482
81647,2016-10-25,13:05:00,128,1,8831
81648,2016-10-25,13:11:00,436,3,1430
81649,2016-10-25,13:14:00,18,1,8515
81650,2016-10-25,13:21:00,98,4,2911
81651,2016-10-25,13:23:00,381,2,3042
81652,2016-10-25,13:24:00,387,2,6774
81653,2016-10-25,13:29:00,306,3,11892
81654,2016-10-25,13:37:00,215,1,879
81655,2016-10-25,13:43:00,99,2,3179
81656,2016-10-25,13:46:00,393,1,11164
81657,2016-10-25,13:47:00,218,5,8439
81658,2016-10-25,13:49:00,103,2,8788
81659,2016-10-25,13:55:00,296,1,154
81660,2016-10-25,13:56:00,378,2,8277
81661,2016-10-25,14:03:00,101,1,8033
81662,2016-10-25,14:10:00,319,4,4342
81663,2016-10-25,14:16:00,286,3,3767
81664,2016-10-25,14:17:00,279,4,11695
81665,2016-10-25,14:19:00,225,3,5075
81666,2016-10-25,14:23:00,224,2,1980
81667,2016-10-25,14:24:00,3,1,3439
81668,2016-10-25,14:25:00,287,2,7386
81669,2016-10-25,14:31:00,43,2,797
81670,2016-10-25,14:36:00,388,2,2866
81671,2016-10-25,14:36:00,270,2,11799
81672,2016-10-25,14:43:00,156,2,5559
81673,2016-10-25,14:50:00,215,3,7385
81674,2016-10-25,14:51:00,2,2,5456
81675,2016-10-25,15:00:00,322,2,5397
81676,2016-10-25,15:01:00,239,1,2564
81677,2016-10-25,15:15:00,450,1,4645
81678,2016-10-25,15:18:00,54,1,8908
81679,2016-10-25,15:18:00,326,1,8649
81680,2016-10-25,15:27:00,274,1,8903
81681,2016-10-25,15:32:00,448,2,7196
81682,2016-10-25,15:37:00,338,1,10555
81683,2016-10-25,15:39:00,15,4,3531
81684,2016-10-25,15:41:00,318,3,9272
81685,2016-10-25,15:42:00,299,2,8018
81686,2016-10-25,15:46:00,58,3,4901
81687,2016-10-25,15:50:00,234,3,9953
81688,2016-10-25,15:52:00,236,1,2261
81689,2016-10-25,15:54:00,107,1,5801
81690,2016-10-25,15:58:00,378,3,10175
81691,2016-10-25,15:58:00,442,3,7755
81692,2016-10-25,16:00:00,414,1,10526
81693,2016-10-25,16:03:00,406,2,5131
81694,2016-10-25,16:03:00,326,2,9633
81695,2016-10-25,16:04:00,149,1,7333
81696,2016-10-25,16:09:00,397,2,1642
81697,2016-10-25,16:10:00,253,1,884
81698,2016-10-25,16:12:00,283,1,2899
81699,2016-10-25,16:22:00,336,2,10795
81700,2016-10-25,16:24:00,400,3,7585
81701,2016-10-25,16:36:00,1,1,10422
81702,2016-10-25,16:41:00,68,3,1619
81703,2016-10-25,16:50:00,329,5,1308
81704,2016-10-25,16:53:00,299,1,2209
81705,2016-10-25,16:54:00,341,2,2285
81706,2016-10-25,16:55:00,381,2,1781
81707,2016-10-25,16:56:00,30,2,8587
81708,2016-10-25,17:09:00,15,3,10403
81709,2016-10-25,17:11:00,325,2,4382
81710,2016-10-25,17:17:00,436,2,4373
81711,2016-10-25,17:20:00,141,1,2384
81712,2016-10-25,17:20:00,338,2,175
81713,2016-10-25,17:22:00,315,5,6157
81714,2016-10-25,17:28:00,82,2,7111
81715,2016-10-25,17:32:00,283,2,9444
81716,2016-10-25,17:32:00,428,2,7665
81717,2016-10-25,17:34:00,234,2,8924
81718,2016-10-25,17:43:00,433,1,1578
81719,2016-10-25,17:44:00,230,1,7807
81720,2016-10-25,17:48:00,15,1,85
81721,2016-10-25,17:54:00,94,1,11499
81722,2016-10-25,17:56:00,221,1,10972
81723,2016-10-25,18:00:00,407,1,850
81724,2016-10-25,18:01:00,94,4,11025
81725,2016-10-25,18:04:00,367,2,2379
81726,2016-10-25,18:19:00,417,2,7726
81727,2016-10-25,18:19:00,431,2,5663
81728,2016-10-25,18:32:00,235,3,1590
81729,2016-10-25,18:38:00,290,1,9312
81730,2016-10-25,18:46:00,245,1,8426
81731,2016-10-25,18:51:00,49,2,6413
81732,2016-10-25,18:57:00,183,2,5315
81733,2016-10-25,18:58:00,271,1,10013
81734,2016-10-25,19:01:00,224,2,5981
81735,2016-10-25,19:01:00,261,1,3894
81736,2016-10-25,19:03:00,276,3,10480
81737,2016-10-25,19:09:00,121,4,6790
81738,2016-10-25,19:12:00,374,2,7808
81739,2016-10-25,19:13:00,374,2,680
81740,2016-10-25,19:13:00,340,1,5090
81741,2016-10-25,19:15:00,280,2,9592
81742,2016-10-25,19:20:00,276,2,6420
81743,2016-10-25,19:25:00,304,2,3253
81744,2016-10-25,19:36:00,112,1,5478
81745,2016-10-25,19:40:00,88,1,1506
81746,2016-10-25,19:53:00,48,1,332
81747,2016-10-25,19:56:00,78,2,4139
81748,2016-10-25,20:00:00,312,2,4303
81749,2016-10-25,20:05:00,425,1,11463
81750,2016-10-25,20:06:00,169,1,5176
81751,2016-10-25,20:10:00,184,1,5342
81752,2016-10-25,20:12:00,57,2,4007
81753,2016-10-25,20:15:00,417,3,8333
81754,2016-10-25,20:31:00,265,1,2592
81755,2016-10-25,20:41:00,341,1,1397
81756,2016-10-25,20:45:00,272,1,11426
81757,2016-10-25,20:46:00,401,2,175
81758,2016-10-25,20:46:00,129,3,6794
81759,2016-10-25,20:54:00,448,1,8379
81760,2016-10-25,20:56:00,30,2,5876
81761,2016-10-25,20:59:00,402,1,9562
81762,2016-10-25,20:59:00,326,2,7580
81763,2016-10-25,21:08:00,83,1,2288
81764,2016-10-25,21:10:00,425,3,7268
81765,2016-10-25,21:12:00,404,3,4467
81766,2016-10-25,21:21:00,337,3,10646
81767,2016-10-25,21:23:00,390,2,5351
81768,2016-10-25,21:28:00,87,1,2274
81769,2016-10-25,21:31:00,299,1,6628
81770,2016-10-25,21:32:00,221,5,11096
81771,2016-10-25,21:33:00,205,3,7314
81772,2016-10-25,21:35:00,355,1,1985
81773,2016-10-25,21:36:00,267,1,9429
81774,2016-10-25,22:02:00,17,3,523
81775,2016-10-25,22:04:00,422,1,11121
81776,2016-10-25,22:09:00,304,4,4638
81777,2016-10-25,22:19:00,306,4,7050
81778,2016-10-25,22:24:00,220,3,10237
81779,2016-10-25,22:27:00,269,3,8410
81780,2016-10-25,22:31:00,8,4,4858
81781,2016-10-25,22:33:00,193,2,3612
81782,2016-10-25,22:38:00,186,2,6859
81783,2016-10-25,22:48:00,106,2,8374
81784,2016-10-25,22:52:00,104,2,11149
81785,2016-10-25,22:53:00,32,2,865
81786,2016-10-25,23:00:00,240,2,4685
81787,2016-10-25,23:02:00,280,2,5986
81788,2016-10-25,23:03:00,285,3,7430
81789,2016-10-25,23:31:00,271,2,4554
81790,2016-10-25,23:34:00,247,1,7698
81791,2016-10-25,23:46:00,92,2,8398
81792,2016-10-25,23:50:00,252,2,1986
81793,2016-10-25,23:56:00,369,2,2556
81794,2016-10-25,23:58:00,257,2,2940
81795,2016-10-26,00:02:00,92,3,3321
81796,2016-10-26,00:11:00,64,2,1154
81797,2016-10-26,00:17:00,207,1,7699
81798,2016-10-26,00:17:00,18,2,5248
81799,2016-10-26,00:23:00,337,2,1106
81800,2016-10-26,00:27:00,362,3,1956
81801,2016-10-26,00:30:00,140,1,1269
81802,2016-10-26,00:41:00,159,2,9734
81803,2016-10-26,00:42:00,314,1,5000
81804,2016-10-26,00:44:00,264,3,5501
81805,2016-10-26,00:48:00,76,3,3816
81806,2016-10-26,00:53:00,68,3,7676
81807,2016-10-26,00:54:00,257,1,8848
81808,2016-10-26,01:03:00,178,3,7698
81809,2016-10-26,01:06:00,142,1,11299
81810,2016-10-26,01:13:00,412,1,6228
81811,2016-10-26,01:20:00,168,4,11234
81812,2016-10-26,01:23:00,123,1,2081
81813,2016-10-26,01:30:00,103,1,11924
81814,2016-10-26,01:30:00,173,1,4167
81815,2016-10-26,01:31:00,44,3,935
81816,2016-10-26,01:35:00,279,1,3400
81817,2016-10-26,01:40:00,137,2,2496
81818,2016-10-26,01:41:00,273,1,10635
81819,2016-10-26,01:44:00,105,2,3567
81820,2016-10-26,01:46:00,231,2,4869
81821,2016-10-26,01:49:00,270,1,4920
81822,2016-10-26,01:52:00,238,3,5218
81823,2016-10-26,01:53:00,43,3,5419
81824,2016-10-26,01:53:00,296,2,11681
81825,2016-10-26,01:59:00,50,1,10044
81826,2016-10-26,02:06:00,230,2,8995
81827,2016-10-26,02:08:00,391,2,10833
81828,2016-10-26,02:10:00,440,2,4237
81829,2016-10-26,02:14:00,331,1,3580
81830,2016-10-26,02:14:00,219,1,4025
81831,2016-10-26,02:19:00,284,1,4678
81832,2016-10-26,02:20:00,117,2,7123
81833,2016-10-26,02:21:00,423,2,442
81834,2016-10-26,02:24:00,233,1,11004
81835,2016-10-26,02:28:00,442,2,326
81836,2016-10-26,02:36:00,265,3,7767
81837,2016-10-26,02:41:00,395,2,2910
81838,2016-10-26,02:50:00,417,1,8484
81839,2016-10-26,02:53:00,321,1,5502
81840,2016-10-26,02:53:00,63,1,822
81841,2016-10-26,02:54:00,366,3,1694
81842,2016-10-26,03:05:00,456,1,2822
81843,2016-10-26,03:07:00,190,2,99
81844,2016-10-26,03:10:00,125,3,4456
81845,2016-10-26,03:13:00,258,1,11302
81846,2016-10-26,03:19:00,134,2,10630
81847,2016-10-26,03:23:00,71,3,682
81848,2016-10-26,03:23:00,26,2,10288
81849,2016-10-26,03:26:00,83,2,6899
81850,2016-10-26,03:32:00,111,3,4527
81851,2016-10-26,03:35:00,365,3,630
81852,2016-10-26,03:41:00,368,3,241
81853,2016-10-26,03:42:00,326,1,5086
81854,2016-10-26,03:43:00,18,3,6081
81855,2016-10-26,03:54:00,53,3,11232
81856,2016-10-26,03:57:00,134,1,1526
81857,2016-10-26,04:11:00,59,1,8548
81858,2016-10-26,04:14:00,31,2,6309
81859,2016-10-26,04:23:00,299,4,721
81860,2016-10-26,04:39:00,363,1,5715
81861,2016-10-26,04:41:00,231,2,11983
81862,2016-10-26,04:48:00,149,2,10021
81863,2016-10-26,04:56:00,416,4,10208
81864,2016-10-26,04:58:00,149,2,4944
81865,2016-10-26,05:01:00,276,1,2284
81866,2016-10-26,05:12:00,216,2,1734
81867,2016-10-26,05:15:00,302,4,3423
81868,2016-10-26,05:18:00,320,3,603
81869,2016-10-26,05:19:00,3,1,10056
81870,2016-10-26,05:21:00,399,3,1559
81871,2016-10-26,05:22:00,237,1,5071
81872,2016-10-26,05:29:00,173,1,5914
81873,2016-10-26,05:30:00,84,3,585
81874,2016-10-26,05:56:00,151,1,9993
81875,2016-10-26,06:04:00,249,2,693
81876,2016-10-26,06:12:00,352,1,495
81877,2016-10-26,06:18:00,159,2,10473
81878,2016-10-26,06:26:00,308,2,7812
81879,2016-10-26,06:29:00,62,1,10364
81880,2016-10-26,06:30:00,76,1,10046
81881,2016-10-26,06:48:00,4,2,11528
81882,2016-10-26,06:51:00,59,2,87
81883,2016-10-26,06:55:00,228,1,10648
81884,2016-10-26,07:00:00,453,1,4932
81885,2016-10-26,07:00:00,282,2,9564
81886,2016-10-26,07:05:00,71,1,10530
81887,2016-10-26,07:16:00,220,1,9533
81888,2016-10-26,07:21:00,104,2,11525
81889,2016-10-26,07:33:00,248,2,6755
81890,2016-10-26,07:46:00,322,3,9603
81891,2016-10-26,07:46:00,227,1,8787
81892,2016-10-26,07:49:00,165,3,11110
81893,2016-10-26,07:53:00,22,3,4124
81894,2016-10-26,07:53:00,293,2,9634
81895,2016-10-26,07:55:00,368,2,11098
81896,2016-10-26,08:06:00,362,1,3390
81897,2016-10-26,08:09:00,13,3,4005
81898,2016-10-26,08:11:00,258,1,5388
81899,2016-10-26,08:18:00,341,3,8864
81900,2016-10-26,08:21:00,120,2,6019
81901,2016-10-26,08:30:00,389,1,3541
81902,2016-10-26,08:31:00,58,3,3856
81903,2016-10-26,08:41:00,452,2,6820
81904,2016-10-26,08:42:00,455,2,2010
81905,2016-10-26,08:47:00,19,2,5251
81906,2016-10-26,08:51:00,170,1,881
81907,2016-10-26,08:59:00,412,1,8366
81908,2016-10-26,09:09:00,331,1,10752
81909,2016-10-26,09:09:00,87,1,1467
81910,2016-10-26,09:15:00,141,1,8993
81911,2016-10-26,09:20:00,9,3,6641
81912,2016-10-26,09:22:00,203,1,7197
81913,2016-10-26,09:22:00,145,2,780
81914,2016-10-26,09:29:00,145,2,6287
81915,2016-10-26,09:34:00,20,3,4718
81916,2016-10-26,09:39:00,209,3,5676
81917,2016-10-26,09:42:00,246,3,8801
81918,2016-10-26,09:46:00,294,1,10541
81919,2016-10-26,09:51:00,390,1,1384
81920,2016-10-26,10:00:00,55,4,1462
81921,2016-10-26,10:03:00,301,3,3122
81922,2016-10-26,10:04:00,289,2,8336
81923,2016-10-26,10:04:00,55,1,5147
81924,2016-10-26,10:08:00,328,3,2857
81925,2016-10-26,10:18:00,123,2,3897
81926,2016-10-26,10:18:00,455,1,11930
81927,2016-10-26,10:19:00,361,2,7437
81928,2016-10-26,10:22:00,172,2,7543
81929,2016-10-26,10:25:00,357,2,3636
81930,2016-10-26,10:28:00,10,3,3705
81931,2016-10-26,10:40:00,297,1,3680
81932,2016-10-26,10:43:00,104,2,7008
81933,2016-10-26,10:52:00,414,1,5023
81934,2016-10-26,11:01:00,125,2,4628
81935,2016-10-26,11:03:00,421,1,8562
81936,2016-10-26,11:18:00,290,3,6166
81937,2016-10-26,11:35:00,204,1,10899
81938,2016-10-26,11:36:00,361,1,10446
81939,2016-10-26,11:46:00,441,1,7501
81940,2016-10-26,11:51:00,114,2,5794
81941,2016-10-26,11:51:00,9,3,11462
81942,2016-10-26,11:54:00,400,1,4118
81943,2016-10-26,12:13:00,316,1,11276
81944,2016-10-26,12:15:00,34,2,4215
81945,2016-10-26,12:18:00,199,1,7767
81946,2016-10-26,12:18:00,136,1,10503
81947,2016-10-26,12:21:00,322,3,511
81948,2016-10-26,12:27:00,253,1,5374
81949,2016-10-26,12:27:00,308,2,6932
81950,2016-10-26,12:52:00,119,2,5634
81951,2016-10-26,12:56:00,313,1,11202
81952,2016-10-26,12:58:00,29,1,11411
81953,2016-10-26,13:04:00,449,1,10179
81954,2016-10-26,13:08:00,382,3,6553
81955,2016-10-26,13:13:00,443,1,538
81956,2016-10-26,13:15:00,442,2,7704
81957,2016-10-26,13:16:00,172,2,3059
81958,2016-10-26,13:22:00,396,2,1777
81959,2016-10-26,13:27:00,24,2,9438
81960,2016-10-26,13:41:00,373,1,921
81961,2016-10-26,13:49:00,415,2,1743
81962,2016-10-26,13:51:00,360,3,2527
81963,2016-10-26,13:52:00,16,1,5050
81964,2016-10-26,13:57:00,334,2,6118
81965,2016-10-26,14:00:00,15,3,9415
81966,2016-10-26,14:03:00,315,1,917
81967,2016-10-26,14:06:00,149,1,929
81968,2016-10-26,14:09:00,95,3,5226
81969,2016-10-26,14:10:00,348,1,3936
81970,2016-10-26,14:18:00,8,2,10646
81971,2016-10-26,14:23:00,184,1,314
81972,2016-10-26,14:24:00,151,2,10181
81973,2016-10-26,14:34:00,99,3,1763
81974,2016-10-26,14:43:00,257,3,10968
81975,2016-10-26,14:43:00,88,1,2341
81976,2016-10-26,14:56:00,241,2,9722
81977,2016-10-26,15:01:00,301,1,7187
81978,2016-10-26,15:07:00,43,1,349
81979,2016-10-26,15:16:00,391,1,6914
81980,2016-10-26,15:16:00,404,3,1737
81981,2016-10-26,15:22:00,87,1,6084
81982,2016-10-26,15:30:00,391,2,10899
81983,2016-10-26,15:45:00,432,2,3657
81984,2016-10-26,15:51:00,343,1,5899
81985,2016-10-26,15:51:00,34,2,10665
81986,2016-10-26,15:53:00,186,2,4164
81987,2016-10-26,15:56:00,203,3,6280
81988,2016-10-26,16:00:00,76,3,4618
81989,2016-10-26,16:03:00,302,1,1308
81990,2016-10-26,16:10:00,123,2,11581
81991,2016-10-26,16:14:00,156,2,3325
81992,2016-10-26,16:18:00,83,2,670
81993,2016-10-26,16:19:00,411,1,3148
81994,2016-10-26,16:21:00,92,1,11968
81995,2016-10-26,16:24:00,360,1,850
81996,2016-10-26,16:33:00,183,3,6582
81997,2016-10-26,16:35:00,414,1,9272
81998,2016-10-26,16:36:00,394,3,11019
81999,2016-10-26,16:49:00,198,1,5030
82000,2016-10-26,16:55:00,450,3,9712
82001,2016-10-26,17:07:00,407,2,9904
82002,2016-10-26,17:20:00,360,3,4897
82003,2016-10-26,17:40:00,212,2,6938
82004,2016-10-26,17:48:00,437,1,7506
82005,2016-10-26,17:56:00,405,1,3116
82006,2016-10-26,18:00:00,432,4,7670
82007,2016-10-26,18:12:00,223,1,6821
82008,2016-10-26,18:13:00,213,1,6064
82009,2016-10-26,18:16:00,240,4,9318
82010,2016-10-26,18:26:00,161,1,1047
82011,2016-10-26,18:27:00,227,4,8895
82012,2016-10-26,18:31:00,229,3,9988
82013,2016-10-26,18:57:00,63,4,7989
82014,2016-10-26,18:59:00,319,3,6846
82015,2016-10-26,19:11:00,153,1,8717
82016,2016-10-26,19:19:00,34,1,4984
82017,2016-10-26,19:29:00,200,5,8882
82018,2016-10-26,19:39:00,426,1,3803
82019,2016-10-26,19:42:00,263,3,614
82020,2016-10-26,19:44:00,141,1,5773
82021,2016-10-26,19:46:00,213,1,10066
82022,2016-10-26,20:02:00,70,1,1491
82023,2016-10-26,20:05:00,171,1,3612
82024,2016-10-26,20:07:00,97,1,3044
82025,2016-10-26,20:26:00,29,1,376
82026,2016-10-26,20:45:00,311,3,5547
82027,2016-10-26,20:55:00,418,1,7361
82028,2016-10-26,20:56:00,119,3,2302
82029,2016-10-26,21:04:00,83,1,2439
82030,2016-10-26,21:05:00,326,1,6830
82031,2016-10-26,21:06:00,242,5,10396
82032,2016-10-26,21:11:00,317,1,9916
82033,2016-10-26,21:38:00,457,3,3855
82034,2016-10-26,21:40:00,292,2,1829
82035,2016-10-26,21:47:00,148,2,4440
82036,2016-10-26,21:47:00,232,1,7361
82037,2016-10-26,21:55:00,36,1,6506
82038,2016-10-26,21:56:00,373,3,10887
82039,2016-10-26,22:08:00,185,2,7342
82040,2016-10-26,22:12:00,218,2,9013
82041,2016-10-26,22:16:00,37,3,8571
82042,2016-10-26,22:21:00,47,2,4512
82043,2016-10-26,22:28:00,176,1,3194
82044,2016-10-26,22:28:00,110,1,7475
82045,2016-10-26,22:36:00,33,1,3221
82046,2016-10-26,22:42:00,394,4,2616
82047,2016-10-26,22:44:00,95,2,5038
82048,2016-10-26,22:44:00,189,2,5199
82049,2016-10-26,22:44:00,318,2,802
82050,2016-10-26,22:47:00,425,1,8943
82051,2016-10-26,23:00:00,5,2,374
82052,2016-10-26,23:07:00,454,2,717
82053,2016-10-26,23:09:00,278,1,10300
82054,2016-10-26,23:13:00,321,2,8317
82055,2016-10-26,23:19:00,313,1,8208
82056,2016-10-26,23:47:00,209,2,5967
82057,2016-10-26,23:53:00,334,3,1222
82058,2016-10-26,23:53:00,34,1,7124
82059,2016-10-26,23:56:00,126,4,6968
82060,2016-10-27,00:05:00,318,3,7249
82061,2016-10-27,00:20:00,372,1,4683
82062,2016-10-27,00:23:00,242,2,9849
82063,2016-10-27,00:31:00,184,2,3940
82064,2016-10-27,00:34:00,266,4,9946
82065,2016-10-27,00:35:00,290,2,11830
82066,2016-10-27,00:42:00,338,2,1884
82067,2016-10-27,00:46:00,135,2,11077
82068,2016-10-27,00:47:00,15,3,4417
82069,2016-10-27,00:54:00,173,3,5387
82070,2016-10-27,00:59:00,93,2,11302
82071,2016-10-27,00:59:00,106,1,11426
82072,2016-10-27,01:15:00,214,3,9509
82073,2016-10-27,01:16:00,237,3,7700
82074,2016-10-27,01:23:00,437,4,10211
82075,2016-10-27,01:29:00,367,2,2393
82076,2016-10-27,01:36:00,346,3,6149
82077,2016-10-27,01:44:00,48,2,7568
82078,2016-10-27,01:45:00,65,1,2641
82079,2016-10-27,01:51:00,339,3,8299
82080,2016-10-27,01:57:00,227,3,1736
82081,2016-10-27,02:00:00,4,2,5513
82082,2016-10-27,02:01:00,167,1,7589
82083,2016-10-27,02:05:00,412,3,632
82084,2016-10-27,02:09:00,133,1,4649
82085,2016-10-27,02:14:00,388,2,4582
82086,2016-10-27,02:19:00,231,5,6991
82087,2016-10-27,02:36:00,250,1,7242
82088,2016-10-27,02:39:00,350,3,8510
82089,2016-10-27,02:40:00,45,1,4458
82090,2016-10-27,02:49:00,59,2,5089
82091,2016-10-27,02:52:00,189,4,10961
82092,2016-10-27,03:07:00,357,1,8598
82093,2016-10-27,03:12:00,88,2,14
82094,2016-10-27,03:30:00,214,3,5401
82095,2016-10-27,03:31:00,11,1,386
82096,2016-10-27,03:46:00,294,2,1410
82097,2016-10-27,03:51:00,259,1,3987
82098,2016-10-27,03:58:00,82,1,7668
82099,2016-10-27,04:06:00,63,2,2559
82100,2016-10-27,04:15:00,120,1,5454
82101,2016-10-27,04:26:00,322,1,8105
82102,2016-10-27,04:29:00,85,1,3379
82103,2016-10-27,04:31:00,34,3,3019
82104,2016-10-27,04:33:00,265,3,9455
82105,2016-10-27,04:34:00,97,5,9000
82106,2016-10-27,04:36:00,246,3,297
82107,2016-10-27,04:36:00,435,2,9106
82108,2016-10-27,04:39:00,458,1,3045
82109,2016-10-27,05:00:00,445,2,3847
82110,2016-10-27,05:06:00,418,2,4436
82111,2016-10-27,05:11:00,194,1,10703
82112,2016-10-27,05:12:00,266,1,9924
82113,2016-10-27,05:19:00,433,3,9514
82114,2016-10-27,05:22:00,242,1,8449
82115,2016-10-27,05:25:00,448,2,7630
82116,2016-10-27,05:27:00,424,2,11408
82117,2016-10-27,05:31:00,191,4,9121
82118,2016-10-27,05:37:00,245,1,5224
82119,2016-10-27,05:40:00,193,1,7414
82120,2016-10-27,05:43:00,363,1,11781
82121,2016-10-27,05:47:00,407,2,7114
82122,2016-10-27,06:13:00,114,2,5561
82123,2016-10-27,06:15:00,172,2,6009
82124,2016-10-27,06:25:00,252,2,9043
82125,2016-10-27,06:26:00,148,1,4497
82126,2016-10-27,06:28:00,337,2,2070
82127,2016-10-27,06:40:00,101,2,673
82128,2016-10-27,06:42:00,129,1,8899
82129,2016-10-27,06:42:00,166,2,3404
82130,2016-10-27,06:53:00,311,1,3267
82131,2016-10-27,06:57:00,119,2,5820
82132,2016-10-27,07:04:00,128,4,4152
82133,2016-10-27,07:05:00,32,3,4396
82134,2016-10-27,07:07:00,447,1,11694
82135,2016-10-27,07:08:00,444,1,7010
82136,2016-10-27,07:09:00,29,1,6518
82137,2016-10-27,07:24:00,274,3,9812
82138,2016-10-27,07:33:00,75,2,1584
82139,2016-10-27,07:41:00,271,1,612
82140,2016-10-27,07:45:00,288,2,2462
82141,2016-10-27,07:49:00,127,1,3511
82142,2016-10-27,08:00:00,456,5,10600
82143,2016-10-27,08:02:00,198,3,1081
82144,2016-10-27,08:09:00,417,3,3614
82145,2016-10-27,08:10:00,84,3,7097
82146,2016-10-27,08:19:00,284,2,7347
82147,2016-10-27,08:25:00,444,2,11041
82148,2016-10-27,08:47:00,456,2,11243
82149,2016-10-27,08:49:00,398,1,3896
82150,2016-10-27,08:51:00,7,1,8426
82151,2016-10-27,09:02:00,325,3,9186
82152,2016-10-27,09:11:00,54,1,3522
82153,2016-10-27,09:12:00,279,2,1431
82154,2016-10-27,09:23:00,218,1,4519
82155,2016-10-27,09:36:00,92,1,7780
82156,2016-10-27,09:38:00,143,2,5897
82157,2016-10-27,09:50:00,173,4,4327
82158,2016-10-27,09:54:00,68,3,4504
82159,2016-10-27,09:57:00,51,3,8068
82160,2016-10-27,10:06:00,366,2,10694
82161,2016-10-27,10:16:00,390,3,7941
82162,2016-10-27,10:30:00,425,3,7193
82163,2016-10-27,10:35:00,370,1,7791
82164,2016-10-27,10:46:00,148,2,8123
82165,2016-10-27,11:11:00,91,1,10038
82166,2016-10-27,11:17:00,178,1,1233
82167,2016-10-27,11:23:00,56,4,2363
82168,2016-10-27,11:27:00,383,3,6644
82169,2016-10-27,11:30:00,191,1,8622
82170,2016-10-27,11:34:00,150,1,2319
82171,2016-10-27,11:38:00,176,2,4493
82172,2016-10-27,11:47:00,162,1,5071
82173,2016-10-27,11:51:00,395,3,7429
82174,2016-10-27,11:51:00,448,2,4819
82175,2016-10-27,11:53:00,162,1,431
82176,2016-10-27,11:54:00,445,4,842
82177,2016-10-27,12:04:00,455,1,2124
82178,2016-10-27,12:08:00,125,2,9616
82179,2016-10-27,12:08:00,221,1,5262
82180,2016-10-27,12:09:00,214,1,11793
82181,2016-10-27,12:09:00,428,2,10541
82182,2016-10-27,12:14:00,250,1,9269
82183,2016-10-27,12:14:00,78,1,6871
82184,2016-10-27,12:19:00,21,1,805
82185,2016-10-27,12:25:00,282,2,1706
82186,2016-10-27,12:31:00,270,1,3536
82187,2016-10-27,12:41:00,338,1,4465
82188,2016-10-27,12:41:00,11,1,7112
82189,2016-10-27,12:49:00,236,3,7324
82190,2016-10-27,12:55:00,367,1,869
82191,2016-10-27,13:20:00,100,3,3733
82192,2016-10-27,13:23:00,278,1,5416
82193,2016-10-27,13:28:00,88,3,2161
82194,2016-10-27,13:40:00,446,2,9878
82195,2016-10-27,13:45:00,19,2,1473
82196,2016-10-27,13:46:00,168,2,2221
82197,2016-10-27,13:48:00,374,3,3754
82198,2016-10-27,13:49:00,76,4,59
82199,2016-10-27,13:52:00,126,3,2865
82200,2016-10-27,13:53:00,317,1,5466
82201,2016-10-27,13:56:00,72,3,2465
82202,2016-10-27,14:04:00,50,2,6058
82203,2016-10-27,14:12:00,76,2,11606
82204,2016-10-27,14:31:00,77,1,3752
82205,2016-10-27,14:33:00,413,5,4673
82206,2016-10-27,14:35:00,202,2,5656
82207,2016-10-27,14:42:00,22,1,8344
82208,2016-10-27,14:44:00,246,2,9670
82209,2016-10-27,14:47:00,136,2,8436
82210,2016-10-27,15:03:00,25,2,9291
82211,2016-10-27,15:15:00,21,1,11280
82212,2016-10-27,15:17:00,152,3,4187
82213,2016-10-27,15:19:00,263,1,8932
82214,2016-10-27,15:23:00,394,2,5208
82215,2016-10-27,15:24:00,360,2,8788
82216,2016-10-27,15:27:00,216,3,10772
82217,2016-10-27,15:37:00,65,2,1640
82218,2016-10-27,15:39:00,197,2,6466
82219,2016-10-27,15:41:00,214,1,943
82220,2016-10-27,15:51:00,36,4,1479
82221,2016-10-27,16:02:00,216,2,10863
82222,2016-10-27,16:15:00,372,1,1107
82223,2016-10-27,16:19:00,374,2,3170
82224,2016-10-27,16:25:00,128,3,5671
82225,2016-10-27,16:26:00,22,2,3365
82226,2016-10-27,16:26:00,38,2,10585
82227,2016-10-27,16:28:00,283,2,9564
82228,2016-10-27,16:29:00,143,1,8080
82229,2016-10-27,16:37:00,355,1,5472
82230,2016-10-27,16:39:00,332,3,6783
82231,2016-10-27,16:41:00,316,3,10241
82232,2016-10-27,16:47:00,342,1,8868
82233,2016-10-27,16:49:00,380,1,5077
82234,2016-10-27,16:51:00,351,1,8593
82235,2016-10-27,16:57:00,320,2,7956
82236,2016-10-27,16:58:00,148,2,8080
82237,2016-10-27,17:02:00,403,5,1491
82238,2016-10-27,17:10:00,140,1,8292
82239,2016-10-27,17:11:00,356,2,10309
82240,2016-10-27,17:12:00,81,1,144
82241,2016-10-27,17:16:00,82,3,29
82242,2016-10-27,17:19:00,202,3,5475
82243,2016-10-27,17:20:00,242,2,4140
82244,2016-10-27,17:33:00,396,4,10281
82245,2016-10-27,17:33:00,146,1,11560
82246,2016-10-27,17:48:00,96,1,3650
82247,2016-10-27,17:55:00,422,1,4302
82248,2016-10-27,17:59:00,15,2,3741
82249,2016-10-27,18:01:00,250,2,2085
82250,2016-10-27,18:11:00,215,2,8599
82251,2016-10-27,18:16:00,358,1,2964
82252,2016-10-27,18:18:00,316,1,2444
82253,2016-10-27,18:19:00,105,1,8113
82254,2016-10-27,18:33:00,290,3,7222
82255,2016-10-27,18:41:00,179,3,5543
82256,2016-10-27,18:43:00,41,1,5693
82257,2016-10-27,18:44:00,368,2,9536
82258,2016-10-27,18:49:00,289,1,1455
82259,2016-10-27,18:55:00,47,1,9997
82260,2016-10-27,18:58:00,51,2,10128
82261,2016-10-27,19:09:00,452,1,8853
82262,2016-10-27,19:15:00,360,2,5987
82263,2016-10-27,19:22:00,233,2,6321
82264,2016-10-27,19:32:00,137,3,4532
82265,2016-10-27,19:43:00,245,2,3595
82266,2016-10-27,19:46:00,272,2,2526
82267,2016-10-27,19:56:00,109,1,3292
82268,2016-10-27,20:03:00,9,1,916
82269,2016-10-27,20:03:00,358,2,7998
82270,2016-10-27,20:04:00,425,3,1630
82271,2016-10-27,20:05:00,67,2,11042
82272,2016-10-27,20:08:00,59,2,10451
82273,2016-10-27,20:22:00,268,1,5051
82274,2016-10-27,20:25:00,71,1,4686
82275,2016-10-27,20:32:00,224,2,11118
82276,2016-10-27,20:41:00,149,4,3787
82277,2016-10-27,20:46:00,173,1,2769
82278,2016-10-27,20:47:00,103,2,660
82279,2016-10-27,20:48:00,212,3,8404
82280,2016-10-27,20:54:00,363,1,591
82281,2016-10-27,20:54:00,284,3,10182
82282,2016-10-27,20:55:00,119,3,3264
82283,2016-10-27,20:58:00,75,2,218
82284,2016-10-27,21:13:00,456,2,438
82285,2016-10-27,21:19:00,218,2,9960
82286,2016-10-27,21:19:00,334,1,5997
82287,2016-10-27,21:31:00,68,1,689
82288,2016-10-27,21:33:00,121,1,3543
82289,2016-10-27,21:39:00,401,1,10141
82290,2016-10-27,21:40:00,365,1,3888
82291,2016-10-27,21:47:00,119,1,2791
82292,2016-10-27,21:51:00,220,4,10181
82293,2016-10-27,21:52:00,148,2,930
82294,2016-10-27,21:52:00,14,1,11884
82295,2016-10-27,21:55:00,146,1,6907
82296,2016-10-27,22:01:00,143,2,6081
82297,2016-10-27,22:04:00,408,1,1186
82298,2016-10-27,22:05:00,305,3,3959
82299,2016-10-27,22:07:00,375,1,4981
82300,2016-10-27,22:07:00,19,2,7069
82301,2016-10-27,22:10:00,41,3,5222
82302,2016-10-27,22:11:00,195,7,10668
82303,2016-10-27,22:16:00,111,3,11538
82304,2016-10-27,22:20:00,272,3,5486
82305,2016-10-27,22:25:00,311,2,11987
82306,2016-10-27,22:26:00,138,2,4029
82307,2016-10-27,22:27:00,433,1,130
82308,2016-10-27,22:40:00,124,2,4159
82309,2016-10-27,22:44:00,18,2,5129
82310,2016-10-27,22:48:00,147,2,6502
82311,2016-10-27,23:00:00,151,1,4448
82312,2016-10-27,23:13:00,147,1,5020
82313,2016-10-27,23:30:00,22,1,3278
82314,2016-10-27,23:32:00,210,1,8396
82315,2016-10-27,23:33:00,191,1,5303
82316,2016-10-27,23:37:00,29,4,845
82317,2016-10-27,23:45:00,329,2,6415
82318,2016-10-27,23:48:00,376,2,7239
82319,2016-10-27,23:52:00,246,2,4502
82320,2016-10-28,00:09:00,350,2,2706
82321,2016-10-28,00:20:00,396,1,8204
82322,2016-10-28,00:29:00,418,3,11079
82323,2016-10-28,00:31:00,371,2,6042
82324,2016-10-28,00:31:00,168,2,591
82325,2016-10-28,00:33:00,291,1,5105
82326,2016-10-28,00:43:00,75,1,6640
82327,2016-10-28,00:48:00,381,3,6519
82328,2016-10-28,00:51:00,308,2,11719
82329,2016-10-28,00:55:00,154,3,2541
82330,2016-10-28,00:58:00,311,1,6167
82331,2016-10-28,01:03:00,288,1,2899
82332,2016-10-28,01:08:00,330,1,10546
82333,2016-10-28,01:25:00,438,1,11070
82334,2016-10-28,01:44:00,362,1,6135
82335,2016-10-28,01:46:00,44,1,4393
82336,2016-10-28,01:56:00,54,1,9404
82337,2016-10-28,01:57:00,306,1,2316
82338,2016-10-28,02:00:00,297,2,1570
82339,2016-10-28,02:09:00,103,1,6672
82340,2016-10-28,02:10:00,20,3,1301
82341,2016-10-28,02:12:00,393,2,3505
82342,2016-10-28,02:17:00,117,1,5891
82343,2016-10-28,02:28:00,311,1,10181
82344,2016-10-28,02:31:00,74,1,5308
82345,2016-10-28,02:34:00,195,2,5364
82346,2016-10-28,02:36:00,170,2,10812
82347,2016-10-28,02:37:00,48,1,5430
82348,2016-10-28,02:42:00,337,5,3448
82349,2016-10-28,02:50:00,274,1,4017
82350,2016-10-28,02:58:00,128,3,7853
82351,2016-10-28,02:58:00,36,2,6123
82352,2016-10-28,03:07:00,42,1,2809
82353,2016-10-28,03:11:00,382,4,10065
82354,2016-10-28,03:24:00,440,3,8573
82355,2016-10-28,03:27:00,49,1,4380
82356,2016-10-28,03:27:00,22,3,10157
82357,2016-10-28,03:33:00,298,3,7321
82358,2016-10-28,03:34:00,307,1,3037
82359,2016-10-28,03:41:00,448,4,9799
82360,2016-10-28,03:52:00,223,1,11140
82361,2016-10-28,03:58:00,48,2,7526
82362,2016-10-28,04:11:00,179,1,3394
82363,2016-10-28,04:11:00,253,2,3452
82364,2016-10-28,04:13:00,259,6,138
82365,2016-10-28,04:19:00,302,3,9979
82366,2016-10-28,04:29:00,326,1,9914
82367,2016-10-28,04:33:00,59,1,9908
82368,2016-10-28,04:40:00,385,4,3261
82369,2016-10-28,04:43:00,6,1,7287
82370,2016-10-28,04:46:00,375,2,9076
82371,2016-10-28,04:57:00,25,3,11401
82372,2016-10-28,05:00:00,19,4,1559
82373,2016-10-28,05:02:00,399,2,7558
82374,2016-10-28,05:07:00,304,2,1782
82375,2016-10-28,05:08:00,175,3,4974
82376,2016-10-28,05:09:00,69,1,2248
82377,2016-10-28,05:11:00,83,1,5055
82378,2016-10-28,05:18:00,395,3,3962
82379,2016-10-28,05:21:00,130,2,11512
82380,2016-10-28,05:27:00,354,2,7654
82381,2016-10-28,05:40:00,317,2,5467
82382,2016-10-28,05:47:00,179,2,1985
82383,2016-10-28,05:49:00,146,3,445
82384,2016-10-28,05:58:00,90,1,4656
82385,2016-10-28,06:04:00,188,1,10556
82386,2016-10-28,06:05:00,235,1,2333
82387,2016-10-28,06:09:00,399,2,1618
82388,2016-10-28,06:11:00,410,1,8952
82389,2016-10-28,06:13:00,295,2,6728
82390,2016-10-28,06:14:00,228,1,5699
82391,2016-10-28,06:16:00,107,1,6490
82392,2016-10-28,06:26:00,189,1,7370
82393,2016-10-28,06:41:00,260,1,10037
82394,2016-10-28,06:48:00,152,4,7966
82395,2016-10-28,06:50:00,99,3,5586
82396,2016-10-28,06:53:00,248,1,7960
82397,2016-10-28,06:55:00,167,1,3925
82398,2016-10-28,06:59:00,349,3,11260
82399,2016-10-28,07:02:00,76,1,2657
82400,2016-10-28,07:04:00,252,3,4938
82401,2016-10-28,07:10:00,211,2,7755
82402,2016-10-28,07:15:00,446,1,11860
82403,2016-10-28,07:23:00,129,2,821
82404,2016-10-28,07:36:00,377,3,7868
82405,2016-10-28,07:36:00,415,2,10355
82406,2016-10-28,07:52:00,292,2,9752
82407,2016-10-28,07:52:00,450,2,3581
82408,2016-10-28,07:52:00,272,1,9172
82409,2016-10-28,07:58:00,356,1,9547
82410,2016-10-28,07:58:00,61,1,1839
82411,2016-10-28,08:04:00,38,2,2302
82412,2016-10-28,08:18:00,454,2,856
82413,2016-10-28,08:23:00,250,3,7508
82414,2016-10-28,08:23:00,167,2,6766
82415,2016-10-28,08:32:00,446,2,3304
82416,2016-10-28,08:34:00,352,2,5079
82417,2016-10-28,08:43:00,362,1,3030
82418,2016-10-28,08:50:00,176,4,9367
82419,2016-10-28,08:51:00,277,1,5844
82420,2016-10-28,08:54:00,176,2,9607
82421,2016-10-28,08:57:00,408,2,6809
82422,2016-10-28,09:12:00,105,2,9862
82423,2016-10-28,09:17:00,296,1,5663
82424,2016-10-28,09:21:00,347,2,5571
82425,2016-10-28,09:22:00,68,1,6491
82426,2016-10-28,09:26:00,24,1,5591
82427,2016-10-28,09:28:00,410,1,6542
82428,2016-10-28,09:38:00,190,1,11349
82429,2016-10-28,09:43:00,243,3,367
82430,2016-10-28,09:51:00,41,1,5153
82431,2016-10-28,09:52:00,22,1,8701
82432,2016-10-28,10:04:00,454,1,7158
82433,2016-10-28,10:05:00,356,2,2030
82434,2016-10-28,10:06:00,262,1,4476
82435,2016-10-28,10:07:00,306,3,246
82436,2016-10-28,10:10:00,1,3,8650
82437,2016-10-28,10:20:00,253,4,4490
82438,2016-10-28,10:23:00,203,1,7573
82439,2016-10-28,10:30:00,249,1,9610
82440,2016-10-28,10:37:00,184,2,4871
82441,2016-10-28,10:44:00,427,3,5331
82442,2016-10-28,10:51:00,385,1,4725
82443,2016-10-28,10:51:00,36,3,1234
82444,2016-10-28,10:52:00,308,2,10573
82445,2016-10-28,10:52:00,314,2,4881
82446,2016-10-28,11:04:00,135,2,24
82447,2016-10-28,11:18:00,115,1,5663
82448,2016-10-28,11:22:00,409,3,1710
82449,2016-10-28,11:26:00,432,2,11227
82450,2016-10-28,11:39:00,429,2,8514
82451,2016-10-28,11:59:00,334,1,11651
82452,2016-10-28,12:06:00,245,1,2811
82453,2016-10-28,12:06:00,415,2,9987
82454,2016-10-28,12:07:00,42,2,2182
82455,2016-10-28,12:09:00,244,1,569
82456,2016-10-28,12:17:00,245,1,3844
82457,2016-10-28,12:22:00,194,4,5253
82458,2016-10-28,12:23:00,315,2,10477
82459,2016-10-28,12:26:00,28,1,10041
82460,2016-10-28,12:28:00,242,3,5676
82461,2016-10-28,12:31:00,435,1,8325
82462,2016-10-28,12:34:00,426,2,8180
82463,2016-10-28,12:35:00,49,2,2256
82464,2016-10-28,12:37:00,298,2,1485
82465,2016-10-28,12:37:00,28,3,7
82466,2016-10-28,12:38:00,137,2,5608
82467,2016-10-28,12:51:00,179,2,6564
82468,2016-10-28,13:08:00,221,2,3533
82469,2016-10-28,13:08:00,443,1,3210
82470,2016-10-28,13:14:00,290,1,1382
82471,2016-10-28,13:15:00,339,1,5445
82472,2016-10-28,13:21:00,228,1,4279
82473,2016-10-28,13:21:00,81,2,9162
82474,2016-10-28,13:24:00,19,2,7648
82475,2016-10-28,13:28:00,174,2,1777
82476,2016-10-28,13:29:00,155,4,1010
82477,2016-10-28,13:38:00,200,1,8540
82478,2016-10-28,13:38:00,67,1,990
82479,2016-10-28,13:45:00,126,2,6017
82480,2016-10-28,13:49:00,334,2,11465
82481,2016-10-28,13:53:00,408,2,310
82482,2016-10-28,13:55:00,12,3,3509
82483,2016-10-28,13:58:00,239,3,2308
82484,2016-10-28,14:06:00,427,2,10236
82485,2016-10-28,14:06:00,284,2,11893
82486,2016-10-28,14:11:00,330,1,8499
82487,2016-10-28,14:14:00,418,1,4440
82488,2016-10-28,14:24:00,131,3,6173
82489,2016-10-28,14:26:00,128,2,7413
82490,2016-10-28,14:33:00,365,2,7983
82491,2016-10-28,14:35:00,324,1,10322
82492,2016-10-28,14:41:00,390,1,10705
82493,2016-10-28,14:48:00,381,4,4509
82494,2016-10-28,14:52:00,312,1,10505
82495,2016-10-28,15:10:00,135,1,7837
82496,2016-10-28,15:12:00,335,1,2900
82497,2016-10-28,15:14:00,256,2,2241
82498,2016-10-28,15:17:00,404,2,9923
82499,2016-10-28,15:29:00,123,5,9
82500,2016-10-28,15:31:00,326,1,3607
82501,2016-10-28,15:45:00,367,2,4607
82502,2016-10-28,15:47:00,262,1,2756
82503,2016-10-28,15:49:00,163,2,9360
82504,2016-10-28,15:50:00,290,1,6110
82505,2016-10-28,15:56:00,251,4,8134
82506,2016-10-28,16:05:00,380,1,8762
82507,2016-10-28,16:07:00,67,2,4903
82508,2016-10-28,16:14:00,452,2,11060
82509,2016-10-28,16:26:00,139,3,960
82510,2016-10-28,16:29:00,95,2,777
82511,2016-10-28,16:46:00,252,2,9233
82512,2016-10-28,16:50:00,193,1,8705
82513,2016-10-28,16:54:00,434,4,4767
82514,2016-10-28,17:09:00,179,2,7328
82515,2016-10-28,17:16:00,108,2,11862
82516,2016-10-28,17:18:00,55,2,4237
82517,2016-10-28,17:29:00,30,2,265
82518,2016-10-28,17:31:00,119,3,9855
82519,2016-10-28,17:47:00,288,3,8124
82520,2016-10-28,17:53:00,262,2,5281
82521,2016-10-28,17:54:00,37,2,492
82522,2016-10-28,18:06:00,176,3,973
82523,2016-10-28,18:09:00,171,1,10270
82524,2016-10-28,18:16:00,435,2,2866
82525,2016-10-28,18:17:00,371,2,4845
82526,2016-10-28,18:20:00,195,2,2118
82527,2016-10-28,18:31:00,53,3,11544
82528,2016-10-28,18:35:00,135,1,11123
82529,2016-10-28,18:39:00,32,3,10900
82530,2016-10-28,18:40:00,41,2,1499
82531,2016-10-28,18:44:00,175,1,7386
82532,2016-10-28,18:44:00,185,1,2980
82533,2016-10-28,18:45:00,448,1,6980
82534,2016-10-28,18:48:00,14,3,6608
82535,2016-10-28,18:54:00,390,1,7142
82536,2016-10-28,18:58:00,19,3,255
82537,2016-10-28,19:01:00,69,1,4130
82538,2016-10-28,19:09:00,328,1,2317
82539,2016-10-28,19:16:00,106,1,5464
82540,2016-10-28,19:17:00,118,2,9369
82541,2016-10-28,19:31:00,360,4,2019
82542,2016-10-28,19:34:00,367,3,7931
82543,2016-10-28,19:34:00,31,2,10464
82544,2016-10-28,19:35:00,328,1,10724
82545,2016-10-28,19:36:00,248,2,3470
82546,2016-10-28,19:40:00,83,2,7075
82547,2016-10-28,19:49:00,59,1,7149
82548,2016-10-28,19:53:00,133,2,6213
82549,2016-10-28,20:05:00,33,3,9436
82550,2016-10-28,20:05:00,11,2,8239
82551,2016-10-28,20:20:00,410,3,6242
82552,2016-10-28,20:21:00,388,1,1511
82553,2016-10-28,20:31:00,317,2,8535
82554,2016-10-28,20:34:00,360,2,11663
82555,2016-10-28,20:38:00,281,2,779
82556,2016-10-28,20:39:00,230,3,11155
82557,2016-10-28,20:42:00,173,3,115
82558,2016-10-28,20:46:00,378,1,5366
82559,2016-10-28,20:50:00,265,3,2791
82560,2016-10-28,20:53:00,345,1,8529
82561,2016-10-28,20:57:00,182,2,409
82562,2016-10-28,20:59:00,140,1,1138
82563,2016-10-28,21:00:00,341,1,5145
82564,2016-10-28,21:05:00,110,1,1111
82565,2016-10-28,21:35:00,85,1,10833
82566,2016-10-28,21:37:00,66,1,8618
82567,2016-10-28,21:45:00,167,2,8674
82568,2016-10-28,21:47:00,306,1,6793
82569,2016-10-28,21:48:00,307,1,4650
82570,2016-10-28,21:54:00,87,1,1564
82571,2016-10-28,21:56:00,236,3,11072
82572,2016-10-28,22:07:00,32,1,792
82573,2016-10-28,22:32:00,87,1,8821
82574,2016-10-28,22:32:00,100,3,8594
82575,2016-10-28,22:46:00,379,2,5004
82576,2016-10-28,22:51:00,153,1,5578
82577,2016-10-28,22:54:00,198,2,2698
82578,2016-10-28,23:02:00,336,4,11895
82579,2016-10-28,23:05:00,78,3,4938
82580,2016-10-28,23:07:00,424,3,4278
82581,2016-10-28,23:10:00,264,1,2340
82582,2016-10-28,23:15:00,177,3,7034
82583,2016-10-28,23:17:00,323,1,8920
82584,2016-10-28,23:17:00,447,3,8542
82585,2016-10-28,23:19:00,310,1,1749
82586,2016-10-28,23:20:00,111,2,99
82587,2016-10-28,23:22:00,310,2,10707
82588,2016-10-28,23:27:00,262,1,5710
82589,2016-10-28,23:30:00,411,1,5206
82590,2016-10-28,23:40:00,305,1,4349
82591,2016-10-28,23:52:00,3,1,5819
82592,2016-10-28,23:53:00,274,3,1876
82593,2016-10-29,00:03:00,149,3,7161
82594,2016-10-29,00:06:00,388,1,9259
82595,2016-10-29,00:08:00,162,1,6373
82596,2016-10-29,00:13:00,200,1,3006
82597,2016-10-29,00:20:00,428,1,578
82598,2016-10-29,00:21:00,406,1,630
82599,2016-10-29,00:28:00,103,2,413
82600,2016-10-29,00:31:00,5,2,11365
82601,2016-10-29,00:32:00,432,2,3221
82602,2016-10-29,00:38:00,214,1,267
82603,2016-10-29,00:40:00,3,1,4713
82604,2016-10-29,00:40:00,4,1,11871
82605,2016-10-29,00:43:00,187,2,9056
82606,2016-10-29,00:45:00,405,1,586
82607,2016-10-29,01:15:00,182,2,6133
82608,2016-10-29,01:19:00,83,1,2474
82609,2016-10-29,01:25:00,93,2,9721
82610,2016-10-29,01:27:00,247,1,11856
82611,2016-10-29,01:57:00,15,1,9751
82612,2016-10-29,02:00:00,156,1,4235
82613,2016-10-29,02:08:00,103,1,10894
82614,2016-10-29,02:09:00,283,2,416
82615,2016-10-29,02:16:00,12,2,1600
82616,2016-10-29,02:30:00,312,4,1532
82617,2016-10-29,02:35:00,135,1,7336
82618,2016-10-29,02:38:00,129,1,8391
82619,2016-10-29,02:39:00,184,2,1457
82620,2016-10-29,02:41:00,308,3,2059
82621,2016-10-29,02:42:00,226,3,2719
82622,2016-10-29,02:47:00,265,3,3437
82623,2016-10-29,02:53:00,355,1,9546
82624,2016-10-29,02:59:00,318,2,2930
82625,2016-10-29,03:01:00,285,2,10429
82626,2016-10-29,03:02:00,423,1,4702
82627,2016-10-29,03:02:00,435,1,5545
82628,2016-10-29,03:14:00,149,1,10370
82629,2016-10-29,03:19:00,87,1,3066
82630,2016-10-29,03:22:00,57,2,2614
82631,2016-10-29,03:24:00,344,2,5094
82632,2016-10-29,03:30:00,44,2,2458
82633,2016-10-29,03:33:00,32,2,555
82634,2016-10-29,03:34:00,339,2,7917
82635,2016-10-29,03:36:00,33,1,5841
82636,2016-10-29,03:45:00,27,1,3436
82637,2016-10-29,03:49:00,435,2,1159
82638,2016-10-29,03:55:00,200,4,8397
82639,2016-10-29,04:03:00,39,1,5939
82640,2016-10-29,04:05:00,342,1,7756
82641,2016-10-29,04:21:00,147,1,667
82642,2016-10-29,04:22:00,436,3,4885
82643,2016-10-29,04:35:00,437,3,6240
82644,2016-10-29,04:36:00,268,2,1314
82645,2016-10-29,04:38:00,337,3,1500
82646,2016-10-29,04:39:00,33,2,3268
82647,2016-10-29,04:42:00,351,2,6021
82648,2016-10-29,04:42:00,415,2,7843
82649,2016-10-29,04:54:00,187,3,5377
82650,2016-10-29,05:09:00,324,2,6443
82651,2016-10-29,05:12:00,156,3,11503
82652,2016-10-29,05:16:00,355,3,3760
82653,2016-10-29,05:31:00,400,1,999
82654,2016-10-29,05:39:00,372,1,2820
82655,2016-10-29,05:39:00,48,2,4203
82656,2016-10-29,05:40:00,260,3,10456
82657,2016-10-29,05:46:00,369,3,5368
82658,2016-10-29,05:57:00,48,1,10884
82659,2016-10-29,05:58:00,190,2,10324
82660,2016-10-29,06:03:00,102,2,2726
82661,2016-10-29,06:04:00,119,1,8191
82662,2016-10-29,06:04:00,429,2,4167
82663,2016-10-29,06:05:00,350,1,2230
82664,2016-10-29,06:14:00,235,2,7075
82665,2016-10-29,06:25:00,69,1,8261
82666,2016-10-29,06:27:00,60,3,7179
82667,2016-10-29,06:29:00,235,2,8567
82668,2016-10-29,06:30:00,117,3,11613
82669,2016-10-29,06:31:00,454,4,7895
82670,2016-10-29,06:46:00,262,2,4503
82671,2016-10-29,06:55:00,289,1,7814
82672,2016-10-29,07:06:00,374,1,1035
82673,2016-10-29,07:12:00,167,1,3794
82674,2016-10-29,07:14:00,399,3,10340
82675,2016-10-29,07:16:00,426,1,7828
82676,2016-10-29,07:19:00,199,4,9645
82677,2016-10-29,07:26:00,156,4,8799
82678,2016-10-29,07:26:00,306,2,2263
82679,2016-10-29,07:37:00,354,1,6760
82680,2016-10-29,07:47:00,408,1,5883
82681,2016-10-29,08:01:00,202,1,11653
82682,2016-10-29,08:01:00,303,1,9048
82683,2016-10-29,08:08:00,92,2,9108
82684,2016-10-29,08:15:00,352,2,8245
82685,2016-10-29,08:17:00,238,1,4014
82686,2016-10-29,08:21:00,284,1,9657
82687,2016-10-29,08:29:00,331,2,8930
82688,2016-10-29,08:35:00,367,2,4896
82689,2016-10-29,08:46:00,184,1,10242
82690,2016-10-29,08:47:00,214,3,5598
82691,2016-10-29,08:52:00,125,3,9749
82692,2016-10-29,08:57:00,264,1,6949
82693,2016-10-29,08:58:00,188,2,11041
82694,2016-10-29,08:59:00,375,1,9673
82695,2016-10-29,08:59:00,8,1,870
82696,2016-10-29,09:00:00,47,3,3807
82697,2016-10-29,09:00:00,217,2,7511
82698,2016-10-29,09:04:00,350,3,6505
82699,2016-10-29,09:13:00,256,2,3308
82700,2016-10-29,09:22:00,132,2,6504
82701,2016-10-29,09:29:00,62,1,9935
82702,2016-10-29,09:35:00,68,3,441
82703,2016-10-29,09:35:00,203,1,6372
82704,2016-10-29,09:37:00,350,1,5362
82705,2016-10-29,09:40:00,255,1,11877
82706,2016-10-29,09:40:00,44,3,5225
82707,2016-10-29,09:44:00,335,1,4788
82708,2016-10-29,09:44:00,91,3,1946
82709,2016-10-29,09:48:00,294,4,46
82710,2016-10-29,09:50:00,287,1,10350
82711,2016-10-29,09:57:00,183,3,6665
82712,2016-10-29,10:06:00,358,1,11367
82713,2016-10-29,10:07:00,388,1,2296
82714,2016-10-29,10:08:00,396,2,6663
82715,2016-10-29,10:09:00,244,1,8561
82716,2016-10-29,10:13:00,244,1,11368
82717,2016-10-29,10:17:00,236,3,7432
82718,2016-10-29,10:19:00,277,2,10477
82719,2016-10-29,10:36:00,419,1,8638
82720,2016-10-29,10:36:00,301,2,6704
82721,2016-10-29,10:51:00,91,2,10367
82722,2016-10-29,10:51:00,236,2,9354
82723,2016-10-29,11:14:00,31,3,8182
82724,2016-10-29,11:25:00,271,1,7177
82725,2016-10-29,11:26:00,182,1,9320
82726,2016-10-29,11:36:00,27,3,2553
82727,2016-10-29,11:36:00,75,2,6222
82728,2016-10-29,11:37:00,54,4,2486
82729,2016-10-29,11:40:00,152,1,668
82730,2016-10-29,12:03:00,264,2,10847
82731,2016-10-29,12:28:00,157,2,9403
82732,2016-10-29,12:30:00,148,4,4781
82733,2016-10-29,12:34:00,149,1,755
82734,2016-10-29,12:38:00,91,1,789
82735,2016-10-29,13:06:00,220,3,2193
82736,2016-10-29,13:12:00,310,3,9004
82737,2016-10-29,13:16:00,92,3,4942
82738,2016-10-29,13:31:00,426,1,5846
82739,2016-10-29,13:32:00,431,1,4914
82740,2016-10-29,13:37:00,311,2,10377
82741,2016-10-29,13:39:00,23,3,7002
82742,2016-10-29,13:49:00,354,2,6118
82743,2016-10-29,13:52:00,64,2,2028
82744,2016-10-29,13:53:00,172,1,1656
82745,2016-10-29,13:57:00,269,2,3037
82746,2016-10-29,14:03:00,137,1,8226
82747,2016-10-29,14:09:00,400,3,4998
82748,2016-10-29,14:09:00,19,2,10737
82749,2016-10-29,14:16:00,359,2,3895
82750,2016-10-29,14:21:00,71,3,10159
82751,2016-10-29,14:26:00,84,3,11703
82752,2016-10-29,14:27:00,419,2,236
82753,2016-10-29,14:39:00,426,2,5463
82754,2016-10-29,14:42:00,105,2,4619
82755,2016-10-29,14:45:00,37,1,5069
82756,2016-10-29,14:54:00,284,2,7153
82757,2016-10-29,15:02:00,211,1,10619
82758,2016-10-29,15:06:00,108,2,9297
82759,2016-10-29,15:11:00,159,3,8424
82760,2016-10-29,15:18:00,213,1,176
82761,2016-10-29,15:19:00,92,1,2354
82762,2016-10-29,15:22:00,176,2,10046
82763,2016-10-29,15:35:00,68,4,8608
82764,2016-10-29,15:42:00,414,3,6165
82765,2016-10-29,15:47:00,258,3,10570
82766,2016-10-29,15:52:00,223,2,3633
82767,2016-10-29,15:55:00,73,2,8181
82768,2016-10-29,16:02:00,82,3,9509
82769,2016-10-29,16:04:00,132,2,5816
82770,2016-10-29,16:07:00,80,2,2890
82771,2016-10-29,16:08:00,396,1,4620
82772,2016-10-29,16:16:00,382,3,3451
82773,2016-10-29,16:23:00,141,1,10229
82774,2016-10-29,16:29:00,186,2,7515
82775,2016-10-29,16:34:00,158,2,9803
82776,2016-10-29,16:37:00,431,2,6018
82777,2016-10-29,16:44:00,61,2,2889
82778,2016-10-29,16:54:00,80,1,1973
82779,2016-10-29,16:54:00,132,2,10964
82780,2016-10-29,16:56:00,78,1,1616
82781,2016-10-29,17:00:00,349,1,2334
82782,2016-10-29,17:17:00,303,2,7393
82783,2016-10-29,17:18:00,28,1,3799
82784,2016-10-29,17:19:00,333,2,6127
82785,2016-10-29,17:19:00,227,1,6513
82786,2016-10-29,17:33:00,316,2,2060
82787,2016-10-29,17:34:00,154,2,5350
82788,2016-10-29,17:39:00,287,1,6230
82789,2016-10-29,17:51:00,228,2,9107
82790,2016-10-29,17:55:00,307,2,6807
82791,2016-10-29,18:10:00,99,2,2139
82792,2016-10-29,18:19:00,79,1,535
82793,2016-10-29,18:20:00,428,2,10906
82794,2016-10-29,18:26:00,377,1,240
82795,2016-10-29,18:36:00,160,1,11926
82796,2016-10-29,18:36:00,180,1,8921
82797,2016-10-29,18:49:00,108,2,256
82798,2016-10-29,18:56:00,42,3,9446
82799,2016-10-29,18:57:00,329,1,9203
82800,2016-10-29,18:57:00,325,1,4833
82801,2016-10-29,19:08:00,122,1,3250
82802,2016-10-29,19:11:00,99,2,1783
82803,2016-10-29,19:19:00,309,1,6262
82804,2016-10-29,19:27:00,424,2,5699
82805,2016-10-29,19:30:00,361,2,1303
82806,2016-10-29,19:35:00,219,1,4649
82807,2016-10-29,19:41:00,419,4,6367
82808,2016-10-29,19:41:00,333,1,1368
82809,2016-10-29,19:43:00,111,1,10340
82810,2016-10-29,19:48:00,408,2,2107
82811,2016-10-29,19:48:00,50,1,7858
82812,2016-10-29,19:51:00,373,1,11274
82813,2016-10-29,20:02:00,427,2,2329
82814,2016-10-29,20:06:00,347,1,9228
82815,2016-10-29,20:10:00,457,2,11878
82816,2016-10-29,20:13:00,74,3,2560
82817,2016-10-29,20:20:00,335,3,3352
82818,2016-10-29,20:23:00,127,1,9319
82819,2016-10-29,20:38:00,454,2,4311
82820,2016-10-29,20:46:00,12,2,11516
82821,2016-10-29,20:47:00,224,2,8048
82822,2016-10-29,20:48:00,111,4,8963
82823,2016-10-29,20:57:00,274,2,10797
82824,2016-10-29,21:00:00,255,2,7864
82825,2016-10-29,21:08:00,167,3,10656
82826,2016-10-29,21:08:00,132,1,8260
82827,2016-10-29,21:10:00,281,2,7092
82828,2016-10-29,21:13:00,131,3,11974
82829,2016-10-29,21:16:00,100,2,9677
82830,2016-10-29,21:18:00,338,4,9319
82831,2016-10-29,21:23:00,129,1,1013
82832,2016-10-29,21:23:00,1,3,1891
82833,2016-10-29,21:25:00,90,2,1247
82834,2016-10-29,21:29:00,89,2,34
82835,2016-10-29,21:30:00,287,4,4773
82836,2016-10-29,21:33:00,208,1,9629
82837,2016-10-29,21:36:00,208,1,11775
82838,2016-10-29,21:44:00,36,2,8479
82839,2016-10-29,21:45:00,435,2,1458
82840,2016-10-29,21:45:00,84,1,10396
82841,2016-10-29,21:49:00,231,4,6664
82842,2016-10-29,22:01:00,301,2,4727
82843,2016-10-29,22:01:00,333,4,8874
82844,2016-10-29,22:04:00,413,1,8542
82845,2016-10-29,22:10:00,94,1,6828
82846,2016-10-29,22:18:00,409,2,6091
82847,2016-10-29,22:20:00,333,1,6084
82848,2016-10-29,22:22:00,336,2,6012
82849,2016-10-29,22:24:00,341,3,2792
82850,2016-10-29,22:24:00,280,2,3777
82851,2016-10-29,22:25:00,24,3,10702
82852,2016-10-29,22:37:00,405,1,3327
82853,2016-10-29,22:42:00,220,1,11137
82854,2016-10-29,22:46:00,276,3,4617
82855,2016-10-29,23:01:00,441,2,10417
82856,2016-10-29,23:11:00,235,3,6990
82857,2016-10-29,23:18:00,19,1,10163
82858,2016-10-29,23:19:00,149,2,11940
82859,2016-10-29,23:21:00,65,1,10725
82860,2016-10-29,23:33:00,391,1,2141
82861,2016-10-29,23:35:00,122,1,3698
82862,2016-10-29,23:36:00,263,3,8002
82863,2016-10-29,23:43:00,381,2,11004
82864,2016-10-29,23:44:00,228,2,1797
82865,2016-10-29,23:49:00,420,5,8473
82866,2016-10-29,23:49:00,12,3,2388
82867,2016-10-29,23:49:00,124,3,9943
82868,2016-10-29,23:50:00,35,2,1232
82869,2016-10-30,00:04:00,407,1,11079
82870,2016-10-30,00:14:00,238,2,3414
82871,2016-10-30,00:16:00,247,2,11630
82872,2016-10-30,00:18:00,48,2,3252
82873,2016-10-30,00:21:00,316,2,9218
82874,2016-10-30,00:27:00,187,2,8698
82875,2016-10-30,00:28:00,399,1,8998
82876,2016-10-30,00:29:00,130,1,2760
82877,2016-10-30,00:37:00,91,4,4078
82878,2016-10-30,00:40:00,165,6,3982
82879,2016-10-30,00:41:00,373,3,8832
82880,2016-10-30,00:52:00,359,2,4506
82881,2016-10-30,00:53:00,312,1,3080
82882,2016-10-30,00:58:00,215,1,6325
82883,2016-10-30,00:59:00,311,3,11908
82884,2016-10-30,01:03:00,106,1,5388
82885,2016-10-30,01:11:00,257,2,2832
82886,2016-10-30,01:21:00,270,1,4540
82887,2016-10-30,01:27:00,396,1,6310
82888,2016-10-30,01:28:00,412,2,11860
82889,2016-10-30,01:30:00,194,2,6754
82890,2016-10-30,01:34:00,406,3,7509
82891,2016-10-30,01:41:00,357,1,2263
82892,2016-10-30,01:46:00,149,3,9623
82893,2016-10-30,01:55:00,4,4,2895
82894,2016-10-30,01:58:00,412,2,11102
82895,2016-10-30,01:59:00,354,2,11044
82896,2016-10-30,02:06:00,407,1,5505
82897,2016-10-30,02:11:00,205,1,3016
82898,2016-10-30,02:29:00,106,1,4187
82899,2016-10-30,02:35:00,71,1,2663
82900,2016-10-30,02:52:00,184,1,6982
82901,2016-10-30,02:53:00,353,1,10136
82902,2016-10-30,02:54:00,220,2,917
82903,2016-10-30,03:02:00,212,1,9054
82904,2016-10-30,03:02:00,13,1,11206
82905,2016-10-30,03:04:00,450,2,10355
82906,2016-10-30,03:19:00,440,2,10815
82907,2016-10-30,03:21:00,396,1,10016
82908,2016-10-30,03:44:00,327,2,3236
82909,2016-10-30,03:49:00,148,3,2397
82910,2016-10-30,03:56:00,259,1,5601
82911,2016-10-30,03:59:00,4,1,2571
82912,2016-10-30,04:07:00,184,4,3272
82913,2016-10-30,04:10:00,109,1,6034
82914,2016-10-30,04:13:00,170,1,11100
82915,2016-10-30,04:16:00,282,2,5334
82916,2016-10-30,04:25:00,333,2,1083
82917,2016-10-30,04:33:00,451,3,9208
82918,2016-10-30,04:33:00,178,2,11949
82919,2016-10-30,04:42:00,149,2,2757
82920,2016-10-30,04:47:00,303,1,266
82921,2016-10-30,04:53:00,235,2,1193
82922,2016-10-30,04:54:00,262,1,11025
82923,2016-10-30,04:57:00,77,1,4918
82924,2016-10-30,05:08:00,200,3,1954
82925,2016-10-30,05:09:00,210,3,11055
82926,2016-10-30,05:16:00,206,1,6093
82927,2016-10-30,05:20:00,122,3,7531
82928,2016-10-30,05:21:00,287,1,9872
82929,2016-10-30,05:22:00,455,1,1038
82930,2016-10-30,05:25:00,433,3,5800
82931,2016-10-30,05:25:00,339,3,3999
82932,2016-10-30,05:27:00,69,1,1321
82933,2016-10-30,05:31:00,437,1,5237
82934,2016-10-30,05:37:00,150,2,4006
82935,2016-10-30,05:40:00,99,2,11396
82936,2016-10-30,05:45:00,189,2,9953
82937,2016-10-30,05:48:00,132,4,7697
82938,2016-10-30,05:53:00,429,2,11480
82939,2016-10-30,06:02:00,85,2,2932
82940,2016-10-30,06:03:00,190,3,8399
82941,2016-10-30,06:06:00,130,3,3897
82942,2016-10-30,06:12:00,125,2,4725
82943,2016-10-30,06:13:00,421,2,4050
82944,2016-10-30,06:14:00,348,2,4479
82945,2016-10-30,06:15:00,93,3,6217
82946,2016-10-30,06:25:00,314,2,4358
82947,2016-10-30,06:27:00,191,2,5505
82948,2016-10-30,06:32:00,196,1,4781
82949,2016-10-30,06:32:00,4,2,6721
82950,2016-10-30,06:36:00,215,3,1737
82951,2016-10-30,06:37:00,406,3,4535
82952,2016-10-30,06:38:00,121,4,11474
82953,2016-10-30,06:49:00,80,2,3969
82954,2016-10-30,06:52:00,314,1,11264
82955,2016-10-30,07:00:00,305,1,474
82956,2016-10-30,07:04:00,60,1,8001
82957,2016-10-30,07:10:00,142,2,11291
82958,2016-10-30,07:24:00,268,2,1627
82959,2016-10-30,07:39:00,11,3,3740
82960,2016-10-30,07:43:00,209,1,5427
82961,2016-10-30,07:45:00,104,2,11576
82962,2016-10-30,07:51:00,305,1,11438
82963,2016-10-30,07:52:00,157,2,1390
82964,2016-10-30,08:00:00,143,1,8179
82965,2016-10-30,08:04:00,237,4,6092
82966,2016-10-30,08:08:00,201,1,11783
82967,2016-10-30,08:15:00,117,1,8737
82968,2016-10-30,08:18:00,436,3,2839
82969,2016-10-30,08:32:00,268,2,2905
82970,2016-10-30,08:35:00,221,1,8433
82971,2016-10-30,08:35:00,344,3,9713
82972,2016-10-30,08:39:00,251,1,3765
82973,2016-10-30,08:48:00,434,3,11200
82974,2016-10-30,08:49:00,361,3,8390
82975,2016-10-30,08:56:00,141,2,4539
82976,2016-10-30,09:01:00,21,1,5694
82977,2016-10-30,09:03:00,195,2,1112
82978,2016-10-30,09:15:00,61,1,9476
82979,2016-10-30,09:15:00,321,1,5462
82980,2016-10-30,09:18:00,432,1,8872
82981,2016-10-30,09:19:00,122,3,9545
82982,2016-10-30,09:22:00,442,2,2038
82983,2016-10-30,09:24:00,79,2,9588
82984,2016-10-30,09:25:00,5,2,279
82985,2016-10-30,09:28:00,442,4,10869
82986,2016-10-30,09:32:00,309,3,7277
82987,2016-10-30,09:34:00,294,2,7430
82988,2016-10-30,09:34:00,285,2,5276
82989,2016-10-30,09:38:00,122,2,9299
82990,2016-10-30,09:39:00,365,4,1077
82991,2016-10-30,09:42:00,37,1,625
82992,2016-10-30,09:43:00,5,3,1439
82993,2016-10-30,09:43:00,318,1,1801
82994,2016-10-30,09:44:00,68,3,10423
82995,2016-10-30,10:00:00,158,1,3507
82996,2016-10-30,10:03:00,333,2,238
82997,2016-10-30,10:08:00,37,2,7835
82998,2016-10-30,10:08:00,274,3,4086
82999,2016-10-30,10:35:00,347,3,10857
83000,2016-10-30,10:39:00,243,2,8728
83001,2016-10-30,10:46:00,336,2,10609
83002,2016-10-30,10:48:00,312,1,6263
83003,2016-10-30,10:49:00,266,1,10931
83004,2016-10-30,10:55:00,135,1,4244
83005,2016-10-30,10:56:00,457,2,7363
83006,2016-10-30,10:57:00,192,4,9183
83007,2016-10-30,11:16:00,129,3,11776
83008,2016-10-30,11:16:00,235,1,3118
83009,2016-10-30,11:23:00,388,2,1680
83010,2016-10-30,11:35:00,352,3,4426
83011,2016-10-30,11:41:00,25,2,3767
83012,2016-10-30,11:46:00,379,2,2712
83013,2016-10-30,11:49:00,209,3,452
83014,2016-10-30,11:49:00,21,1,1722
83015,2016-10-30,11:58:00,391,2,11242
83016,2016-10-30,12:03:00,111,3,6217
83017,2016-10-30,12:06:00,127,5,9595
83018,2016-10-30,12:09:00,254,2,9832
83019,2016-10-30,12:10:00,447,4,5513
83020,2016-10-30,12:23:00,294,2,8675
83021,2016-10-30,12:24:00,215,2,1574
83022,2016-10-30,12:30:00,11,1,11788
83023,2016-10-30,12:43:00,304,1,10913
83024,2016-10-30,12:46:00,291,5,2159
83025,2016-10-30,12:50:00,173,4,11772
83026,2016-10-30,12:55:00,68,2,2951
83027,2016-10-30,13:07:00,91,2,9589
83028,2016-10-30,13:17:00,432,2,4196
83029,2016-10-30,13:24:00,378,2,5026
83030,2016-10-30,13:45:00,207,3,2850
83031,2016-10-30,13:53:00,185,2,4412
83032,2016-10-30,13:55:00,447,4,7231
83033,2016-10-30,13:55:00,243,1,4659
83034,2016-10-30,13:55:00,368,1,492
83035,2016-10-30,13:57:00,376,3,8747
83036,2016-10-30,13:57:00,295,1,8421
83037,2016-10-30,14:03:00,203,4,2116
83038,2016-10-30,14:07:00,261,2,10630
83039,2016-10-30,14:13:00,320,2,6829
83040,2016-10-30,14:21:00,53,1,9916
83041,2016-10-30,14:26:00,390,2,1667
83042,2016-10-30,14:26:00,86,2,1945
83043,2016-10-30,14:31:00,402,4,2238
83044,2016-10-30,14:32:00,127,3,6584
83045,2016-10-30,14:41:00,41,2,7234
83046,2016-10-30,14:51:00,402,2,11757
83047,2016-10-30,14:55:00,41,1,8742
83048,2016-10-30,14:57:00,334,1,1450
83049,2016-10-30,14:57:00,370,1,2118
83050,2016-10-30,15:01:00,269,1,3879
83051,2016-10-30,15:04:00,121,1,4177
83052,2016-10-30,15:07:00,303,1,1565
83053,2016-10-30,15:13:00,106,2,6415
83054,2016-10-30,15:14:00,384,2,5562
83055,2016-10-30,15:18:00,296,1,2049
83056,2016-10-30,15:23:00,360,3,1340
83057,2016-10-30,15:29:00,445,1,6944
83058,2016-10-30,15:32:00,193,3,2032
83059,2016-10-30,15:32:00,287,2,3011
83060,2016-10-30,15:42:00,273,2,6063
83061,2016-10-30,15:55:00,373,1,8473
83062,2016-10-30,15:56:00,339,1,8539
83063,2016-10-30,15:57:00,373,1,5925
83064,2016-10-30,15:59:00,263,2,2272
83065,2016-10-30,16:06:00,178,2,651
83066,2016-10-30,16:11:00,128,2,5363
83067,2016-10-30,16:13:00,420,3,6642
83068,2016-10-30,16:15:00,92,3,9159
83069,2016-10-30,16:15:00,301,1,202
83070,2016-10-30,16:18:00,434,1,9000
83071,2016-10-30,16:27:00,416,5,6996
83072,2016-10-30,16:30:00,269,1,9373
83073,2016-10-30,16:48:00,84,4,9500
83074,2016-10-30,17:06:00,23,3,3653
83075,2016-10-30,17:09:00,7,1,10497
83076,2016-10-30,17:10:00,318,2,8319
83077,2016-10-30,17:11:00,156,2,9934
83078,2016-10-30,17:12:00,67,1,3433
83079,2016-10-30,17:13:00,429,4,1700
83080,2016-10-30,17:14:00,284,4,10934
83081,2016-10-30,17:17:00,181,2,11430
83082,2016-10-30,17:17:00,279,1,5644
83083,2016-10-30,17:21:00,55,1,6194
83084,2016-10-30,17:23:00,363,1,7074
83085,2016-10-30,17:25:00,55,2,9788
83086,2016-10-30,17:32:00,256,2,2570
83087,2016-10-30,17:44:00,325,2,5984
83088,2016-10-30,17:53:00,150,2,8955
83089,2016-10-30,17:56:00,83,1,118
83090,2016-10-30,17:56:00,90,1,9753
83091,2016-10-30,17:57:00,432,2,9810
83092,2016-10-30,18:21:00,207,1,6802
83093,2016-10-30,18:23:00,217,3,5142
83094,2016-10-30,18:26:00,206,2,3771
83095,2016-10-30,18:27:00,101,2,3718
83096,2016-10-30,18:30:00,181,2,11424
83097,2016-10-30,18:34:00,404,2,5477
83098,2016-10-30,18:35:00,205,2,2696
83099,2016-10-30,18:39:00,190,1,2067
83100,2016-10-30,18:40:00,130,2,4567
83101,2016-10-30,18:58:00,127,1,6015
83102,2016-10-30,19:05:00,111,2,10817
83103,2016-10-30,19:08:00,76,3,3302
83104,2016-10-30,19:09:00,28,2,9368
83105,2016-10-30,19:10:00,332,2,10264
83106,2016-10-30,19:14:00,8,2,848
83107,2016-10-30,19:30:00,171,2,2911
83108,2016-10-30,20:04:00,360,1,11872
83109,2016-10-30,20:05:00,188,2,3436
83110,2016-10-30,20:05:00,180,3,1679
83111,2016-10-30,20:05:00,244,1,7227
83112,2016-10-30,20:08:00,344,1,11763
83113,2016-10-30,20:20:00,345,1,9101
83114,2016-10-30,20:21:00,321,3,1029
83115,2016-10-30,20:23:00,142,1,8096
83116,2016-10-30,20:25:00,190,1,3534
83117,2016-10-30,20:28:00,154,4,5477
83118,2016-10-30,20:28:00,401,1,9928
83119,2016-10-30,20:34:00,271,2,10983
83120,2016-10-30,20:48:00,264,2,9670
83121,2016-10-30,20:49:00,58,3,6410
83122,2016-10-30,20:50:00,139,1,8272
83123,2016-10-30,21:01:00,27,2,11643
83124,2016-10-30,21:10:00,402,1,10705
83125,2016-10-30,21:30:00,300,2,11443
83126,2016-10-30,21:36:00,346,1,317
83127,2016-10-30,21:38:00,374,2,7555
83128,2016-10-30,21:40:00,119,4,8951
83129,2016-10-30,21:42:00,408,3,2035
83130,2016-10-30,21:42:00,16,3,7931
83131,2016-10-30,21:42:00,299,2,7130
83132,2016-10-30,21:47:00,59,1,4754
83133,2016-10-30,21:56:00,85,1,1473
83134,2016-10-30,22:04:00,226,1,11057
83135,2016-10-30,22:06:00,153,2,7429
83136,2016-10-30,22:10:00,209,3,4093
83137,2016-10-30,22:13:00,332,1,1682
83138,2016-10-30,22:29:00,122,3,7865
83139,2016-10-30,22:41:00,381,2,6304
83140,2016-10-30,22:49:00,191,3,11983
83141,2016-10-30,23:14:00,189,1,7024
83142,2016-10-30,23:18:00,139,2,3521
83143,2016-10-30,23:22:00,436,1,2056
83144,2016-10-30,23:25:00,217,1,286
83145,2016-10-30,23:37:00,214,1,308
83146,2016-10-30,23:39:00,351,1,11873
83147,2016-10-30,23:41:00,446,3,6048
83148,2016-10-30,23:41:00,404,4,8489
83149,2016-10-30,23:47:00,360,2,11490
83150,2016-10-30,23:49:00,264,2,6019
83151,2016-10-30,23:52:00,103,3,3816
83152,2016-10-30,23:53:00,305,1,7956
83153,2016-10-30,23:59:00,340,2,920
83154,2016-10-31,00:04:00,186,2,1569
83155,2016-10-31,00:18:00,33,2,2970
83156,2016-10-31,00:23:00,153,1,6794
83157,2016-10-31,00:39:00,42,1,5744
83158,2016-10-31,00:41:00,375,3,5531
83159,2016-10-31,00:42:00,408,2,3454
83160,2016-10-31,00:44:00,123,2,5165
83161,2016-10-31,00:46:00,95,1,5341
83162,2016-10-31,00:46:00,323,4,3738
83163,2016-10-31,00:55:00,15,5,8053
83164,2016-10-31,00:57:00,354,1,7819
83165,2016-10-31,00:57:00,198,3,2613
83166,2016-10-31,01:00:00,387,1,271
83167,2016-10-31,01:12:00,197,1,10569
83168,2016-10-31,01:14:00,447,2,4727
83169,2016-10-31,01:24:00,145,3,4916
83170,2016-10-31,01:29:00,321,1,5699
83171,2016-10-31,01:39:00,69,3,8538
83172,2016-10-31,01:41:00,307,1,7095
83173,2016-10-31,01:52:00,196,2,4684
83174,2016-10-31,01:54:00,348,2,10165
83175,2016-10-31,01:57:00,104,3,1323
83176,2016-10-31,02:00:00,85,3,2313
83177,2016-10-31,02:03:00,131,1,9461
83178,2016-10-31,02:03:00,194,1,4023
83179,2016-10-31,02:09:00,317,3,9816
83180,2016-10-31,02:17:00,167,3,10728
83181,2016-10-31,02:20:00,438,1,2959
83182,2016-10-31,02:27:00,259,2,1484
83183,2016-10-31,02:32:00,11,4,4392
83184,2016-10-31,02:33:00,35,1,7518
83185,2016-10-31,02:48:00,10,2,1535
83186,2016-10-31,02:49:00,265,2,4595
83187,2016-10-31,02:54:00,271,3,5424
83188,2016-10-31,02:59:00,315,2,9903
83189,2016-10-31,03:02:00,309,1,5923
83190,2016-10-31,03:05:00,353,2,2312
83191,2016-10-31,03:11:00,348,2,9846
83192,2016-10-31,03:35:00,139,3,399
83193,2016-10-31,03:35:00,420,1,1989
83194,2016-10-31,03:39:00,80,3,9889
83195,2016-10-31,03:48:00,34,3,8037
83196,2016-10-31,03:55:00,328,4,9581
83197,2016-10-31,03:56:00,174,2,8324
83198,2016-10-31,03:56:00,405,3,10334
83199,2016-10-31,04:00:00,206,1,10495
83200,2016-10-31,04:09:00,159,3,4080
83201,2016-10-31,04:11:00,12,3,1571
83202,2016-10-31,04:17:00,428,3,8337
83203,2016-10-31,04:27:00,258,2,11538
83204,2016-10-31,04:44:00,402,2,9838
83205,2016-10-31,04:46:00,104,2,9078
83206,2016-10-31,04:46:00,47,1,8768
83207,2016-10-31,04:48:00,290,2,8856
83208,2016-10-31,04:49:00,11,2,9732
83209,2016-10-31,04:50:00,279,4,7228
83210,2016-10-31,04:54:00,376,1,1632
83211,2016-10-31,04:55:00,26,3,4880
83212,2016-10-31,05:01:00,448,2,9106
83213,2016-10-31,05:07:00,359,4,9249
83214,2016-10-31,05:20:00,205,1,2243
83215,2016-10-31,05:23:00,26,2,11352
83216,2016-10-31,05:25:00,450,1,3063
83217,2016-10-31,05:27:00,211,1,7007
83218,2016-10-31,05:35:00,143,3,5637
83219,2016-10-31,05:40:00,246,2,10072
83220,2016-10-31,05:43:00,98,3,6343
83221,2016-10-31,05:52:00,420,3,3959
83222,2016-10-31,06:00:00,138,3,11468
83223,2016-10-31,06:09:00,13,3,3694
83224,2016-10-31,06:12:00,234,3,7932
83225,2016-10-31,06:16:00,25,2,11062
83226,2016-10-31,06:17:00,422,2,9807
83227,2016-10-31,06:20:00,119,1,1711
83228,2016-10-31,06:23:00,239,1,1656
83229,2016-10-31,06:33:00,446,2,2147
83230,2016-10-31,06:37:00,338,1,9476
83231,2016-10-31,06:43:00,427,4,9194
83232,2016-10-31,06:56:00,150,1,855
83233,2016-10-31,06:58:00,109,1,444
83234,2016-10-31,07:02:00,240,2,1403
83235,2016-10-31,07:05:00,208,2,6538
83236,2016-10-31,07:23:00,6,3,5817
83237,2016-10-31,07:31:00,122,3,6647
83238,2016-10-31,07:45:00,22,1,9022
83239,2016-10-31,07:45:00,156,1,2257
83240,2016-10-31,07:51:00,374,3,11386
83241,2016-10-31,08:20:00,450,2,680
83242,2016-10-31,08:25:00,138,2,9651
83243,2016-10-31,08:26:00,38,2,10455
83244,2016-10-31,08:41:00,142,2,6415
83245,2016-10-31,08:41:00,2,3,7545
83246,2016-10-31,08:43:00,409,2,11772
83247,2016-10-31,09:04:00,153,2,2792
83248,2016-10-31,09:05:00,358,2,10151
83249,2016-10-31,09:08:00,22,3,3658
83250,2016-10-31,09:16:00,264,2,234
83251,2016-10-31,09:16:00,195,1,8878
83252,2016-10-31,09:17:00,92,1,11998
83253,2016-10-31,09:20:00,74,4,5453
83254,2016-10-31,09:23:00,70,2,4679
83255,2016-10-31,09:25:00,170,1,8277
83256,2016-10-31,09:25:00,352,1,2027
83257,2016-10-31,09:27:00,43,1,3956
83258,2016-10-31,09:37:00,234,3,893
83259,2016-10-31,09:42:00,30,1,12000
83260,2016-10-31,09:43:00,217,2,2663
83261,2016-10-31,09:49:00,206,3,220
83262,2016-10-31,09:56:00,102,2,7113
83263,2016-10-31,10:01:00,234,1,3301
83264,2016-10-31,10:02:00,214,2,5270
83265,2016-10-31,10:16:00,64,1,841
83266,2016-10-31,10:16:00,273,3,11171
83267,2016-10-31,10:36:00,223,4,336
83268,2016-10-31,10:39:00,40,3,1936
83269,2016-10-31,10:43:00,13,2,4048
83270,2016-10-31,10:54:00,391,3,2067
83271,2016-10-31,10:57:00,51,1,1107
83272,2016-10-31,10:59:00,221,2,6452
83273,2016-10-31,11:00:00,78,2,2430
83274,2016-10-31,11:04:00,172,1,3065
83275,2016-10-31,11:14:00,13,1,1941
83276,2016-10-31,11:16:00,383,4,9293
83277,2016-10-31,11:17:00,241,2,11334
83278,2016-10-31,11:20:00,370,1,1041
83279,2016-10-31,11:25:00,131,1,9682
83280,2016-10-31,11:26:00,423,2,3195
83281,2016-10-31,11:28:00,224,2,9467
83282,2016-10-31,11:46:00,351,2,10953
83283,2016-10-31,11:47:00,449,1,3099
83284,2016-10-31,11:50:00,343,2,9225
83285,2016-10-31,11:50:00,434,2,5695
83286,2016-10-31,12:06:00,49,2,8035
83287,2016-10-31,12:11:00,352,4,2319
83288,2016-10-31,12:15:00,160,2,10333
83289,2016-10-31,12:22:00,15,2,6742
83290,2016-10-31,12:28:00,151,3,5451
83291,2016-10-31,12:34:00,313,4,5443
83292,2016-10-31,12:35:00,98,2,282
83293,2016-10-31,12:35:00,193,2,4358
83294,2016-10-31,12:35:00,270,2,6535
83295,2016-10-31,12:35:00,250,1,11512
83296,2016-10-31,12:41:00,219,1,6125
83297,2016-10-31,12:42:00,34,2,5013
83298,2016-10-31,12:44:00,386,1,3539
83299,2016-10-31,12:47:00,86,2,11810
83300,2016-10-31,12:50:00,324,1,3471
83301,2016-10-31,12:55:00,17,2,78
83302,2016-10-31,12:56:00,394,4,11997
83303,2016-10-31,12:58:00,417,3,614
83304,2016-10-31,13:01:00,148,1,2257
83305,2016-10-31,13:02:00,349,1,10495
83306,2016-10-31,13:04:00,243,3,2504
83307,2016-10-31,13:05:00,120,1,7742
83308,2016-10-31,13:05:00,26,3,5072
83309,2016-10-31,13:10:00,275,2,2255
83310,2016-10-31,13:10:00,119,2,3531
83311,2016-10-31,13:16:00,190,2,691
83312,2016-10-31,13:18:00,451,2,7464
83313,2016-10-31,13:22:00,156,3,6240
83314,2016-10-31,13:27:00,274,1,8460
83315,2016-10-31,13:35:00,236,2,4794
83316,2016-10-31,13:38:00,283,1,7607
83317,2016-10-31,13:39:00,208,2,3450
83318,2016-10-31,13:43:00,84,1,125
83319,2016-10-31,13:48:00,219,1,3100
83320,2016-10-31,13:50:00,81,2,7375
83321,2016-10-31,13:53:00,16,2,7650
83322,2016-10-31,13:54:00,258,1,9880
83323,2016-10-31,13:57:00,448,2,2108
83324,2016-10-31,14:01:00,361,1,5871
83325,2016-10-31,14:13:00,120,1,11843
83326,2016-10-31,14:14:00,214,2,5602
83327,2016-10-31,14:23:00,364,2,10973
83328,2016-10-31,14:29:00,302,2,5257
83329,2016-10-31,14:30:00,307,1,2949
83330,2016-10-31,14:35:00,237,3,670
83331,2016-10-31,14:45:00,324,3,270
83332,2016-10-31,14:47:00,14,1,7340
83333,2016-10-31,14:54:00,37,1,4158
83334,2016-10-31,14:55:00,273,3,2631
83335,2016-10-31,14:57:00,385,1,10881
83336,2016-10-31,15:07:00,29,2,2771
83337,2016-10-31,15:10:00,344,2,5381
83338,2016-10-31,15:16:00,245,3,9196
83339,2016-10-31,15:27:00,103,2,5523
83340,2016-10-31,15:31:00,131,2,11246
83341,2016-10-31,15:36:00,329,1,500
83342,2016-10-31,15:37:00,398,3,970
83343,2016-10-31,15:38:00,120,3,10140
83344,2016-10-31,15:42:00,267,2,920
83345,2016-10-31,15:48:00,15,2,4388
83346,2016-10-31,15:57:00,204,1,10048
83347,2016-10-31,16:05:00,361,2,3271
83348,2016-10-31,16:09:00,72,1,11724
83349,2016-10-31,16:11:00,287,3,1443
83350,2016-10-31,16:12:00,186,2,2728
83351,2016-10-31,16:20:00,384,1,10732
83352,2016-10-31,16:25:00,41,4,7678
83353,2016-10-31,16:26:00,416,4,6874
83354,2016-10-31,16:30:00,290,3,5155
83355,2016-10-31,16:34:00,155,2,5153
83356,2016-10-31,16:35:00,3,1,10102
83357,2016-10-31,16:50:00,354,1,4947
83358,2016-10-31,17:09:00,190,2,5032
83359,2016-10-31,17:15:00,369,1,6788
83360,2016-10-31,17:28:00,283,2,8472
83361,2016-10-31,17:31:00,175,3,11005
83362,2016-10-31,17:38:00,301,7,10041
83363,2016-10-31,17:46:00,357,1,8363
83364,2016-10-31,17:51:00,9,1,8498
83365,2016-10-31,17:53:00,210,1,8638
83366,2016-10-31,18:01:00,257,1,10736
83367,2016-10-31,18:22:00,242,2,7210
83368,2016-10-31,18:26:00,347,2,4206
83369,2016-10-31,18:33:00,179,2,11050
83370,2016-10-31,18:34:00,16,2,2168
83371,2016-10-31,18:38:00,40,3,815
83372,2016-10-31,18:42:00,339,1,9249
83373,2016-10-31,18:50:00,111,2,8099
83374,2016-10-31,18:53:00,70,3,948
83375,2016-10-31,18:58:00,378,1,2092
83376,2016-10-31,19:01:00,265,2,8309
83377,2016-10-31,19:30:00,194,2,482
83378,2016-10-31,19:35:00,175,3,2963
83379,2016-10-31,19:36:00,24,1,2570
83380,2016-10-31,19:38:00,227,1,8664
83381,2016-10-31,19:47:00,84,1,10089
83382,2016-10-31,19:48:00,430,1,2467
83383,2016-10-31,19:48:00,350,3,5122
83384,2016-10-31,19:56:00,208,1,2923
83385,2016-10-31,20:02:00,440,1,8793
83386,2016-10-31,20:07:00,315,6,136
83387,2016-10-31,20:11:00,153,1,11873
83388,2016-10-31,20:33:00,38,2,3387
83389,2016-10-31,20:35:00,437,2,5236
83390,2016-10-31,20:37:00,412,2,5241
83391,2016-10-31,20:46:00,245,1,5844
83392,2016-10-31,20:55:00,453,2,4574
83393,2016-10-31,21:06:00,7,2,3307
83394,2016-10-31,21:07:00,69,1,11116
83395,2016-10-31,21:12:00,73,3,4932
83396,2016-10-31,21:19:00,121,1,3090
83397,2016-10-31,21:23:00,73,1,9312
83398,2016-10-31,21:23:00,436,1,24
83399,2016-10-31,21:26:00,156,2,4499
83400,2016-10-31,21:26:00,221,2,9361
83401,2016-10-31,21:28:00,154,2,4133
83402,2016-10-31,21:29:00,279,3,4470
83403,2016-10-31,21:35:00,170,1,4158
83404,2016-10-31,21:40:00,288,2,1172
83405,2016-10-31,21:48:00,61,1,9626
83406,2016-10-31,21:52:00,351,1,5911
83407,2016-10-31,21:55:00,251,1,657
83408,2016-10-31,22:07:00,71,1,106
83409,2016-10-31,22:12:00,351,2,9434
83410,2016-10-31,22:18:00,451,1,4637
83411,2016-10-31,22:27:00,257,1,635
83412,2016-10-31,22:30:00,34,1,1764
83413,2016-10-31,22:41:00,190,3,11701
83414,2016-10-31,22:46:00,315,1,11
83415,2016-10-31,22:48:00,218,2,5170
83416,2016-10-31,22:51:00,25,1,5667
83417,2016-10-31,22:52:00,289,2,5274
83418,2016-10-31,22:59:00,6,2,10655
83419,2016-10-31,23:01:00,81,1,3753
83420,2016-10-31,23:13:00,382,1,8708
83421,2016-10-31,23:15:00,451,3,3786
83422,2016-10-31,23:24:00,436,3,6854
83423,2016-10-31,23:29:00,113,3,1642
83424,2016-10-31,23:37:00,189,1,5101
83425,2016-10-31,23:39:00,167,3,2892
83426,2016-10-31,23:44:00,424,5,3378
83427,2016-10-31,23:46:00,133,1,295
83428,2016-10-31,23:47:00,424,1,8273
83429,2016-10-31,23:49:00,442,3,5824
83430,2016-11-01,00:03:00,11,3,11140
83431,2016-11-01,00:03:00,39,3,7444
83432,2016-11-01,00:13:00,281,1,4015
83433,2016-11-01,00:15:00,379,3,8243
83434,2016-11-01,00:19:00,285,2,9733
83435,2016-11-01,00:19:00,155,3,8806
83436,2016-11-01,00:20:00,392,2,944
83437,2016-11-01,00:25:00,239,4,994
83438,2016-11-01,00:32:00,88,1,1185
83439,2016-11-01,00:42:00,112,4,9889
83440,2016-11-01,00:50:00,400,5,11984
83441,2016-11-01,00:53:00,376,3,5691
83442,2016-11-01,01:06:00,256,4,2440
83443,2016-11-01,01:09:00,103,2,9750
83444,2016-11-01,01:13:00,357,3,7311
83445,2016-11-01,01:18:00,224,2,6847
83446,2016-11-01,01:19:00,384,1,1213
83447,2016-11-01,01:22:00,227,2,9799
83448,2016-11-01,01:30:00,110,2,2621
83449,2016-11-01,01:32:00,42,3,81
83450,2016-11-01,01:33:00,8,3,5237
83451,2016-11-01,01:34:00,277,1,3015
83452,2016-11-01,01:37:00,439,1,3671
83453,2016-11-01,01:47:00,378,3,3274
83454,2016-11-01,01:47:00,72,2,11254
83455,2016-11-01,01:52:00,330,3,2879
83456,2016-11-01,02:04:00,276,2,2116
83457,2016-11-01,02:05:00,343,2,7336
83458,2016-11-01,02:06:00,316,1,10622
83459,2016-11-01,02:07:00,136,1,10363
83460,2016-11-01,02:07:00,335,1,8573
83461,2016-11-01,02:13:00,173,1,767
83462,2016-11-01,02:23:00,205,1,2216
83463,2016-11-01,02:26:00,176,5,5677
83464,2016-11-01,02:27:00,201,3,4199
83465,2016-11-01,02:44:00,175,2,4355
83466,2016-11-01,02:50:00,443,2,9802
83467,2016-11-01,02:52:00,183,2,11180
83468,2016-11-01,02:54:00,76,1,10424
83469,2016-11-01,02:58:00,385,2,1947
83470,2016-11-01,03:01:00,439,3,9608
83471,2016-11-01,03:12:00,165,2,7577
83472,2016-11-01,03:16:00,436,1,7576
83473,2016-11-01,03:16:00,256,3,9991
83474,2016-11-01,03:18:00,64,2,7097
83475,2016-11-01,03:19:00,84,2,665
83476,2016-11-01,03:30:00,151,2,8818
83477,2016-11-01,03:35:00,211,3,4395
83478,2016-11-01,03:39:00,128,5,4000
83479,2016-11-01,03:39:00,303,2,8292
83480,2016-11-01,03:40:00,17,1,6125
83481,2016-11-01,03:47:00,278,4,577
83482,2016-11-01,03:51:00,9,4,340
83483,2016-11-01,03:52:00,421,2,9112
83484,2016-11-01,03:56:00,391,1,3486
83485,2016-11-01,04:00:00,147,1,4979
83486,2016-11-01,04:03:00,3,2,2106
83487,2016-11-01,04:04:00,315,3,3521
83488,2016-11-01,04:08:00,433,1,11411
83489,2016-11-01,04:11:00,276,1,1058
83490,2016-11-01,04:12:00,320,1,11128
83491,2016-11-01,04:13:00,267,1,1741
83492,2016-11-01,04:23:00,204,3,3927
83493,2016-11-01,04:29:00,406,2,9164
83494,2016-11-01,04:29:00,83,2,11532
83495,2016-11-01,04:31:00,100,2,6715
83496,2016-11-01,04:33:00,153,1,8079
83497,2016-11-01,04:37:00,397,1,961
83498,2016-11-01,04:53:00,226,2,3475
83499,2016-11-01,04:55:00,420,1,8642
83500,2016-11-01,05:03:00,48,3,749
83501,2016-11-01,05:04:00,423,2,9470
83502,2016-11-01,05:06:00,189,2,2058
83503,2016-11-01,05:06:00,84,2,9446
83504,2016-11-01,05:08:00,114,2,4119
83505,2016-11-01,05:14:00,448,1,7090
83506,2016-11-01,05:20:00,340,1,1269
83507,2016-11-01,05:24:00,329,2,9895
83508,2016-11-01,05:28:00,393,2,4012
83509,2016-11-01,05:28:00,38,2,10367
83510,2016-11-01,05:31:00,361,2,4805
83511,2016-11-01,05:34:00,117,1,9284
83512,2016-11-01,05:42:00,264,1,6361
83513,2016-11-01,05:43:00,157,1,2285
83514,2016-11-01,05:45:00,324,3,6257
83515,2016-11-01,05:55:00,407,1,2659
83516,2016-11-01,06:11:00,340,1,8544
83517,2016-11-01,06:21:00,314,2,7536
83518,2016-11-01,06:23:00,24,1,1634
83519,2016-11-01,06:29:00,425,5,4582
83520,2016-11-01,06:29:00,159,1,6156
83521,2016-11-01,06:32:00,104,2,4178
83522,2016-11-01,06:32:00,384,2,4503
83523,2016-11-01,06:36:00,28,4,2578
83524,2016-11-01,06:36:00,103,1,11757
83525,2016-11-01,06:41:00,151,1,1963
83526,2016-11-01,06:47:00,363,2,11349
83527,2016-11-01,07:04:00,87,2,11610
83528,2016-11-01,07:05:00,440,3,8642
83529,2016-11-01,07:12:00,238,5,11780
83530,2016-11-01,07:13:00,255,2,11652
83531,2016-11-01,07:15:00,419,2,864
83532,2016-11-01,07:20:00,22,1,11485
83533,2016-11-01,07:33:00,301,4,5374
83534,2016-11-01,07:46:00,217,3,1799
83535,2016-11-01,07:49:00,314,1,4891
83536,2016-11-01,07:49:00,165,4,2888
83537,2016-11-01,07:54:00,313,3,6309
83538,2016-11-01,07:55:00,282,1,1733
83539,2016-11-01,07:57:00,108,2,3920
83540,2016-11-01,08:00:00,351,2,3359
83541,2016-11-01,08:02:00,274,1,5934
83542,2016-11-01,08:05:00,170,2,5769
83543,2016-11-01,08:11:00,242,1,990
83544,2016-11-01,08:11:00,194,3,2059
83545,2016-11-01,08:12:00,231,2,8497
83546,2016-11-01,08:15:00,166,2,7278
83547,2016-11-01,08:15:00,266,1,3459
83548,2016-11-01,08:30:00,200,1,2632
83549,2016-11-01,08:34:00,86,1,11797
83550,2016-11-01,09:03:00,248,2,3171
83551,2016-11-01,09:08:00,94,1,6580
83552,2016-11-01,09:17:00,383,3,298
83553,2016-11-01,09:19:00,221,2,10300
83554,2016-11-01,09:26:00,267,2,11967
83555,2016-11-01,09:37:00,30,1,9863
83556,2016-11-01,09:39:00,294,1,11910
83557,2016-11-01,09:41:00,67,3,9300
83558,2016-11-01,09:43:00,208,1,5136
83559,2016-11-01,09:57:00,130,3,11094
83560,2016-11-01,09:57:00,196,3,6633
83561,2016-11-01,09:58:00,104,1,1312
83562,2016-11-01,09:59:00,10,1,1465
83563,2016-11-01,10:00:00,75,1,1120
83564,2016-11-01,10:00:00,349,3,1808
83565,2016-11-01,10:03:00,171,1,8919
83566,2016-11-01,10:07:00,200,1,7250
83567,2016-11-01,10:10:00,78,2,7096
83568,2016-11-01,10:19:00,100,2,5503
83569,2016-11-01,10:21:00,197,4,524
83570,2016-11-01,10:27:00,60,1,11621
83571,2016-11-01,10:28:00,157,1,1430
83572,2016-11-01,10:40:00,410,1,5326
83573,2016-11-01,10:44:00,149,2,1539
83574,2016-11-01,10:44:00,305,3,8639
83575,2016-11-01,10:47:00,400,3,4073
83576,2016-11-01,10:48:00,390,2,6570
83577,2016-11-01,11:00:00,332,1,6277
83578,2016-11-01,11:06:00,6,2,7807
83579,2016-11-01,11:09:00,413,1,10234
83580,2016-11-01,11:11:00,165,1,10824
83581,2016-11-01,11:14:00,185,1,5453
83582,2016-11-01,11:15:00,272,4,11008
83583,2016-11-01,11:17:00,130,2,5671
83584,2016-11-01,11:21:00,12,1,10591
83585,2016-11-01,11:28:00,372,1,7241
83586,2016-11-01,11:38:00,114,2,11764
83587,2016-11-01,12:04:00,122,2,6791
83588,2016-11-01,12:10:00,12,3,1059
83589,2016-11-01,12:13:00,318,3,9806
83590,2016-11-01,12:13:00,423,2,3382
83591,2016-11-01,12:17:00,280,1,2266
83592,2016-11-01,12:32:00,114,1,8256
83593,2016-11-01,12:43:00,147,2,5514
83594,2016-11-01,13:01:00,284,1,10164
83595,2016-11-01,13:01:00,455,1,7064
83596,2016-11-01,13:03:00,141,3,1437
83597,2016-11-01,13:17:00,314,6,3661
83598,2016-11-01,13:41:00,458,2,6174
83599,2016-11-01,13:44:00,5,1,5882
83600,2016-11-01,13:56:00,170,3,4960
83601,2016-11-01,13:56:00,100,4,7694
83602,2016-11-01,14:05:00,65,2,11346
83603,2016-11-01,14:05:00,67,4,5328
83604,2016-11-01,14:05:00,313,3,10971
83605,2016-11-01,14:16:00,121,1,815
83606,2016-11-01,14:24:00,410,2,6996
83607,2016-11-01,14:32:00,37,1,11200
83608,2016-11-01,14:34:00,72,2,4621
83609,2016-11-01,14:37:00,142,3,1448
83610,2016-11-01,14:41:00,204,2,628
83611,2016-11-01,15:00:00,13,1,9740
83612,2016-11-01,15:01:00,232,2,5223
83613,2016-11-01,15:02:00,280,1,4560
83614,2016-11-01,15:05:00,391,2,5031
83615,2016-11-01,15:17:00,416,3,8876
83616,2016-11-01,15:24:00,202,2,7155
83617,2016-11-01,15:33:00,338,2,7714
83618,2016-11-01,15:35:00,355,2,1640
83619,2016-11-01,15:36:00,5,4,702
83620,2016-11-01,15:43:00,360,1,433
83621,2016-11-01,15:50:00,342,1,853
83622,2016-11-01,15:51:00,27,2,11246
83623,2016-11-01,15:53:00,33,6,8797
83624,2016-11-01,15:54:00,72,1,1737
83625,2016-11-01,16:16:00,95,1,1069
83626,2016-11-01,16:16:00,417,2,3115
83627,2016-11-01,16:24:00,436,2,1117
83628,2016-11-01,16:24:00,371,2,8788
83629,2016-11-01,16:29:00,406,2,9918
83630,2016-11-01,16:32:00,279,2,229
83631,2016-11-01,16:33:00,436,2,5974
83632,2016-11-01,16:52:00,375,1,11103
83633,2016-11-01,16:53:00,447,1,9135
83634,2016-11-01,16:54:00,273,2,8051
83635,2016-11-01,17:03:00,104,1,10412
83636,2016-11-01,17:15:00,285,2,9987
83637,2016-11-01,17:17:00,60,3,11605
83638,2016-11-01,17:19:00,452,3,4232
83639,2016-11-01,17:22:00,418,1,4802
83640,2016-11-01,17:24:00,151,1,7160
83641,2016-11-01,17:26:00,372,1,1622
83642,2016-11-01,17:31:00,148,5,2395
83643,2016-11-01,17:34:00,151,4,447
83644,2016-11-01,17:59:00,281,3,6387
83645,2016-11-01,18:02:00,430,2,637
83646,2016-11-01,18:08:00,69,2,1594
83647,2016-11-01,18:12:00,15,1,11544
83648,2016-11-01,18:14:00,398,3,8020
83649,2016-11-01,18:20:00,389,1,5342
83650,2016-11-01,18:22:00,10,3,2334
83651,2016-11-01,18:24:00,69,1,2691
83652,2016-11-01,18:25:00,345,1,9564
83653,2016-11-01,18:27:00,249,2,2524
83654,2016-11-01,18:27:00,386,2,4339
83655,2016-11-01,18:33:00,375,2,10914
83656,2016-11-01,18:37:00,398,1,6829
83657,2016-11-01,18:52:00,79,1,8089
83658,2016-11-01,19:09:00,193,3,5881
83659,2016-11-01,19:17:00,389,3,4306
83660,2016-11-01,19:17:00,438,4,6292
83661,2016-11-01,19:21:00,351,1,5384
83662,2016-11-01,19:23:00,333,2,3158
83663,2016-11-01,19:44:00,133,2,10459
83664,2016-11-01,19:44:00,193,1,2017
83665,2016-11-01,20:13:00,377,1,11047
83666,2016-11-01,20:16:00,286,1,5033
83667,2016-11-01,20:16:00,330,1,8085
83668,2016-11-01,20:17:00,387,5,10690
83669,2016-11-01,20:18:00,415,2,4760
83670,2016-11-01,20:29:00,95,3,8403
83671,2016-11-01,20:34:00,357,1,6108
83672,2016-11-01,20:35:00,75,2,66
83673,2016-11-01,20:42:00,334,2,1600
83674,2016-11-01,20:47:00,397,1,8789
83675,2016-11-01,20:59:00,112,3,7165
83676,2016-11-01,21:00:00,210,4,2753
83677,2016-11-01,21:03:00,349,1,11973
83678,2016-11-01,21:05:00,139,1,6869
83679,2016-11-01,21:30:00,429,3,1869
83680,2016-11-01,21:30:00,58,3,11237
83681,2016-11-01,21:41:00,233,1,3563
83682,2016-11-01,21:43:00,164,2,8713
83683,2016-11-01,21:48:00,1,5,9149
83684,2016-11-01,21:52:00,155,4,3048
83685,2016-11-01,21:57:00,105,2,8181
83686,2016-11-01,21:58:00,53,1,3852
83687,2016-11-01,21:59:00,333,1,1236
83688,2016-11-01,22:05:00,216,2,521
83689,2016-11-01,22:13:00,431,1,11846
83690,2016-11-01,22:19:00,151,3,5373
83691,2016-11-01,22:20:00,211,2,11225
83692,2016-11-01,22:29:00,311,2,8446
83693,2016-11-01,22:32:00,62,3,5235
83694,2016-11-01,22:34:00,31,1,5561
83695,2016-11-01,22:38:00,127,2,10479
83696,2016-11-01,22:51:00,151,3,3254
83697,2016-11-01,23:14:00,223,3,11000
83698,2016-11-01,23:20:00,71,1,7890
83699,2016-11-01,23:24:00,342,1,139
83700,2016-11-01,23:32:00,255,1,10490
83701,2016-11-01,23:32:00,9,2,2699
83702,2016-11-01,23:36:00,63,1,593
83703,2016-11-01,23:39:00,169,2,5804
83704,2016-11-01,23:41:00,90,1,10407
83705,2016-11-01,23:43:00,121,2,1482
83706,2016-11-01,23:49:00,412,1,6964
83707,2016-11-01,23:50:00,333,3,977
83708,2016-11-01,23:53:00,178,2,4509
83709,2016-11-01,23:59:00,444,1,11936
83710,2016-11-01,23:59:00,308,1,805
83711,2016-11-02,00:09:00,204,2,2349
83712,2016-11-02,00:14:00,284,4,508
83713,2016-11-02,00:14:00,424,1,6019
83714,2016-11-02,00:14:00,257,1,8434
83715,2016-11-02,00:20:00,257,2,8116
83716,2016-11-02,00:22:00,337,2,4600
83717,2016-11-02,00:24:00,77,1,10716
83718,2016-11-02,00:31:00,79,3,9666
83719,2016-11-02,00:36:00,377,2,10410
83720,2016-11-02,00:41:00,183,2,3182
83721,2016-11-02,00:48:00,98,1,8223
83722,2016-11-02,00:49:00,90,2,11834
83723,2016-11-02,00:52:00,358,2,678
83724,2016-11-02,01:00:00,148,6,8922
83725,2016-11-02,01:20:00,46,3,7164
83726,2016-11-02,01:26:00,108,2,9923
83727,2016-11-02,01:33:00,62,1,4895
83728,2016-11-02,01:51:00,342,2,2640
83729,2016-11-02,02:02:00,208,4,7907
83730,2016-11-02,02:14:00,105,1,150
83731,2016-11-02,02:16:00,18,3,9682
83732,2016-11-02,02:17:00,47,1,5404
83733,2016-11-02,02:23:00,272,3,7996
83734,2016-11-02,02:24:00,211,2,634
83735,2016-11-02,02:29:00,287,3,4368
83736,2016-11-02,02:29:00,37,2,8822
83737,2016-11-02,02:29:00,335,3,7404
83738,2016-11-02,02:47:00,388,1,6888
83739,2016-11-02,02:50:00,425,3,10691
83740,2016-11-02,03:03:00,69,3,9722
83741,2016-11-02,03:05:00,349,1,898
83742,2016-11-02,03:13:00,451,2,11893
83743,2016-11-02,03:31:00,363,4,57
83744,2016-11-02,03:34:00,237,2,9794
83745,2016-11-02,03:34:00,336,1,3286
83746,2016-11-02,03:38:00,437,4,11149
83747,2016-11-02,03:48:00,112,3,2167
83748,2016-11-02,03:53:00,133,3,913
83749,2016-11-02,03:54:00,26,2,2259
83750,2016-11-02,03:58:00,225,1,1574
83751,2016-11-02,04:00:00,347,1,6481
83752,2016-11-02,04:03:00,104,1,5754
83753,2016-11-02,04:03:00,206,2,10188
83754,2016-11-02,04:04:00,74,2,6324
83755,2016-11-02,04:05:00,350,1,10349
83756,2016-11-02,04:07:00,182,1,11253
83757,2016-11-02,04:18:00,292,2,10521
83758,2016-11-02,04:25:00,237,1,4363
83759,2016-11-02,04:31:00,419,1,11490
83760,2016-11-02,04:36:00,273,4,6647
83761,2016-11-02,04:55:00,90,1,8406
83762,2016-11-02,04:55:00,74,1,11040
83763,2016-11-02,04:56:00,157,3,6075
83764,2016-11-02,04:57:00,299,1,3406
83765,2016-11-02,05:03:00,304,3,1884
83766,2016-11-02,05:06:00,200,1,1016
83767,2016-11-02,05:07:00,244,1,1788
83768,2016-11-02,05:07:00,269,2,10423
83769,2016-11-02,05:07:00,355,4,401
83770,2016-11-02,05:08:00,249,1,5054
83771,2016-11-02,05:10:00,432,3,4266
83772,2016-11-02,05:11:00,246,1,7696
83773,2016-11-02,05:19:00,174,2,4051
83774,2016-11-02,05:21:00,405,1,11974
83775,2016-11-02,05:28:00,430,4,3932
83776,2016-11-02,05:28:00,87,2,9220
83777,2016-11-02,05:37:00,389,3,11208
83778,2016-11-02,05:48:00,113,2,256
83779,2016-11-02,05:51:00,23,2,4079
83780,2016-11-02,05:53:00,240,2,5526
83781,2016-11-02,05:55:00,68,1,3428
83782,2016-11-02,06:00:00,131,1,3889
83783,2016-11-02,06:05:00,443,1,91
83784,2016-11-02,06:06:00,59,1,6349
83785,2016-11-02,06:06:00,271,1,4578
83786,2016-11-02,06:07:00,89,1,10266
83787,2016-11-02,06:15:00,41,2,5490
83788,2016-11-02,06:23:00,234,2,9260
83789,2016-11-02,06:29:00,5,1,1862
83790,2016-11-02,06:30:00,16,5,2038
83791,2016-11-02,06:32:00,146,1,11322
83792,2016-11-02,06:36:00,381,1,11903
83793,2016-11-02,06:36:00,189,1,5154
83794,2016-11-02,06:38:00,83,2,8050
83795,2016-11-02,06:39:00,171,1,4976
83796,2016-11-02,06:49:00,360,1,2765
83797,2016-11-02,07:02:00,397,3,7753
83798,2016-11-02,07:05:00,186,4,1977
83799,2016-11-02,07:10:00,49,1,3637
83800,2016-11-02,07:43:00,334,1,4321
83801,2016-11-02,07:47:00,331,3,11509
83802,2016-11-02,08:01:00,339,1,9216
83803,2016-11-02,08:09:00,329,3,6667
83804,2016-11-02,08:11:00,264,1,6349
83805,2016-11-02,08:15:00,342,4,9264
83806,2016-11-02,08:21:00,191,2,9925
83807,2016-11-02,08:28:00,291,2,5781
83808,2016-11-02,08:34:00,426,1,8424
83809,2016-11-02,08:44:00,59,1,7317
83810,2016-11-02,08:45:00,133,2,5733
83811,2016-11-02,09:01:00,190,3,10967
83812,2016-11-02,09:10:00,231,3,11725
83813,2016-11-02,09:12:00,105,2,10676
83814,2016-11-02,09:13:00,35,1,2199
83815,2016-11-02,09:19:00,257,1,3478
83816,2016-11-02,09:24:00,5,2,4252
83817,2016-11-02,09:26:00,8,2,11168
83818,2016-11-02,09:27:00,114,3,11896
83819,2016-11-02,09:40:00,148,2,8981
83820,2016-11-02,09:48:00,308,2,996
83821,2016-11-02,09:54:00,127,1,3783
83822,2016-11-02,09:59:00,308,2,6303
83823,2016-11-02,10:01:00,42,2,8739
83824,2016-11-02,10:06:00,287,3,1903
83825,2016-11-02,10:11:00,93,2,11941
83826,2016-11-02,10:17:00,252,2,4872
83827,2016-11-02,10:19:00,98,2,11042
83828,2016-11-02,10:22:00,393,2,673
83829,2016-11-02,10:23:00,200,4,11696
83830,2016-11-02,10:24:00,202,1,7659
83831,2016-11-02,10:39:00,428,3,9108
83832,2016-11-02,10:48:00,39,2,5248
83833,2016-11-02,10:50:00,115,1,7649
83834,2016-11-02,10:50:00,75,1,4824
83835,2016-11-02,10:57:00,450,1,5050
83836,2016-11-02,11:01:00,77,3,4309
83837,2016-11-02,11:02:00,436,2,1904
83838,2016-11-02,11:05:00,189,3,10244
83839,2016-11-02,11:08:00,199,2,11498
83840,2016-11-02,11:10:00,22,2,5215
83841,2016-11-02,11:20:00,358,1,3742
83842,2016-11-02,11:21:00,280,1,3945
83843,2016-11-02,11:25:00,284,3,1767
83844,2016-11-02,11:27:00,405,1,11131
83845,2016-11-02,11:38:00,11,4,1697
83846,2016-11-02,11:40:00,264,1,9678
83847,2016-11-02,11:47:00,116,2,8489
83848,2016-11-02,11:47:00,358,3,3905
83849,2016-11-02,11:48:00,346,3,8232
83850,2016-11-02,11:51:00,405,1,7890
83851,2016-11-02,11:52:00,419,2,4881
83852,2016-11-02,11:52:00,337,1,10809
83853,2016-11-02,11:56:00,272,2,11852
83854,2016-11-02,12:10:00,208,1,1090
83855,2016-11-02,12:20:00,257,2,6350
83856,2016-11-02,12:26:00,68,2,2116
83857,2016-11-02,12:26:00,369,1,3870
83858,2016-11-02,12:33:00,427,1,5031
83859,2016-11-02,12:34:00,455,4,1521
83860,2016-11-02,12:47:00,450,1,6007
83861,2016-11-02,12:49:00,337,1,8676
83862,2016-11-02,12:50:00,281,3,2955
83863,2016-11-02,12:51:00,78,1,3526
83864,2016-11-02,12:54:00,66,3,4964
83865,2016-11-02,13:00:00,341,1,4628
83866,2016-11-02,13:03:00,382,1,5080
83867,2016-11-02,13:04:00,280,1,9302
83868,2016-11-02,13:07:00,150,2,1764
83869,2016-11-02,13:07:00,204,2,5207
83870,2016-11-02,13:07:00,18,2,11815
83871,2016-11-02,13:12:00,333,1,3439
83872,2016-11-02,13:13:00,399,2,2011
83873,2016-11-02,13:22:00,392,2,10517
83874,2016-11-02,13:23:00,95,1,10899
83875,2016-11-02,13:27:00,132,3,11165
83876,2016-11-02,13:35:00,47,2,2649
83877,2016-11-02,13:39:00,359,2,8833
83878,2016-11-02,13:46:00,170,2,10962
83879,2016-11-02,13:54:00,151,1,6721
83880,2016-11-02,14:02:00,418,1,3411
83881,2016-11-02,14:10:00,357,2,7287
83882,2016-11-02,14:13:00,130,3,11156
83883,2016-11-02,14:20:00,414,2,6380
83884,2016-11-02,14:23:00,137,1,1668
83885,2016-11-02,14:26:00,342,2,482
83886,2016-11-02,14:35:00,395,2,3993
83887,2016-11-02,14:36:00,358,3,3485
83888,2016-11-02,14:37:00,367,2,726
83889,2016-11-02,14:41:00,427,4,10505
83890,2016-11-02,14:43:00,367,1,8265
83891,2016-11-02,14:46:00,44,1,6163
83892,2016-11-02,14:46:00,105,2,5903
83893,2016-11-02,14:47:00,46,1,9662
83894,2016-11-02,14:50:00,57,1,6091
83895,2016-11-02,14:55:00,255,6,1216
83896,2016-11-02,14:58:00,313,1,10008
83897,2016-11-02,15:03:00,452,1,3366
83898,2016-11-02,15:11:00,399,1,1421
83899,2016-11-02,15:11:00,38,3,4565
83900,2016-11-02,15:14:00,259,4,4023
83901,2016-11-02,15:14:00,220,3,323
83902,2016-11-02,15:14:00,402,1,7108
83903,2016-11-02,15:19:00,356,2,512
83904,2016-11-02,15:21:00,428,3,1542
83905,2016-11-02,15:23:00,449,1,6398
83906,2016-11-02,15:29:00,269,1,10975
83907,2016-11-02,15:34:00,46,1,361
83908,2016-11-02,15:36:00,215,1,10052
83909,2016-11-02,15:43:00,84,2,9050
83910,2016-11-02,15:46:00,25,1,3634
83911,2016-11-02,15:46:00,258,2,8575
83912,2016-11-02,15:51:00,13,5,1970
83913,2016-11-02,15:52:00,375,2,4568
83914,2016-11-02,16:00:00,120,2,1656
83915,2016-11-02,16:01:00,21,3,3732
83916,2016-11-02,16:04:00,339,1,1020
83917,2016-11-02,16:05:00,301,2,140
83918,2016-11-02,16:06:00,9,1,4695
83919,2016-11-02,16:10:00,229,2,6807
83920,2016-11-02,16:20:00,426,2,7435
83921,2016-11-02,16:20:00,28,3,2938
83922,2016-11-02,16:22:00,284,1,5552
83923,2016-11-02,16:23:00,194,2,11353
83924,2016-11-02,16:24:00,252,4,11440
83925,2016-11-02,16:24:00,137,2,5523
83926,2016-11-02,16:26:00,67,3,6217
83927,2016-11-02,16:35:00,262,1,11504
83928,2016-11-02,16:41:00,151,2,2450
83929,2016-11-02,16:45:00,450,1,4721
83930,2016-11-02,16:52:00,375,4,8994
83931,2016-11-02,17:01:00,365,2,4418
83932,2016-11-02,17:08:00,400,1,3574
83933,2016-11-02,17:09:00,443,2,8819
83934,2016-11-02,17:09:00,439,2,11432
83935,2016-11-02,17:10:00,161,2,4744
83936,2016-11-02,17:21:00,206,1,1878
83937,2016-11-02,17:24:00,389,4,9088
83938,2016-11-02,17:26:00,7,1,8043
83939,2016-11-02,17:26:00,251,2,10159
83940,2016-11-02,17:30:00,116,2,356
83941,2016-11-02,17:34:00,240,2,8040
83942,2016-11-02,17:36:00,326,1,8794
83943,2016-11-02,17:37:00,89,1,7893
83944,2016-11-02,17:38:00,95,2,165
83945,2016-11-02,17:46:00,155,1,1748
83946,2016-11-02,17:47:00,322,1,8767
83947,2016-11-02,18:01:00,251,2,9558
83948,2016-11-02,18:02:00,228,1,1628
83949,2016-11-02,18:05:00,89,1,8529
83950,2016-11-02,18:05:00,395,1,7456
83951,2016-11-02,18:08:00,152,2,7287
83952,2016-11-02,18:13:00,221,1,9747
83953,2016-11-02,18:16:00,339,1,9204
83954,2016-11-02,18:22:00,407,2,8004
83955,2016-11-02,18:23:00,54,3,3871
83956,2016-11-02,18:36:00,53,2,9461
83957,2016-11-02,18:41:00,207,1,913
83958,2016-11-02,18:54:00,311,2,10377
83959,2016-11-02,18:55:00,359,2,10184
83960,2016-11-02,19:01:00,372,1,5908
83961,2016-11-02,19:03:00,90,2,3059
83962,2016-11-02,19:06:00,441,4,3104
83963,2016-11-02,19:11:00,218,2,5378
83964,2016-11-02,19:18:00,273,3,7871
83965,2016-11-02,19:27:00,84,1,9360
83966,2016-11-02,19:28:00,202,1,5406
83967,2016-11-02,19:36:00,289,1,421
83968,2016-11-02,19:40:00,144,4,7389
83969,2016-11-02,19:49:00,116,3,2635
83970,2016-11-02,19:51:00,107,1,3941
83971,2016-11-02,20:06:00,178,3,10361
83972,2016-11-02,20:09:00,103,2,6988
83973,2016-11-02,20:11:00,163,3,2148
83974,2016-11-02,20:11:00,9,1,9442
83975,2016-11-02,20:12:00,196,3,1497
83976,2016-11-02,20:15:00,287,1,5818
83977,2016-11-02,20:26:00,401,1,6325
83978,2016-11-02,20:48:00,64,2,2776
83979,2016-11-02,20:53:00,217,2,9524
83980,2016-11-02,20:55:00,91,2,3758
83981,2016-11-02,20:57:00,275,3,9443
83982,2016-11-02,21:01:00,227,2,8251
83983,2016-11-02,21:01:00,305,1,257
83984,2016-11-02,21:05:00,235,2,10552
83985,2016-11-02,21:10:00,348,3,6235
83986,2016-11-02,21:11:00,428,2,8851
83987,2016-11-02,21:13:00,456,1,2127
83988,2016-11-02,21:32:00,73,4,9010
83989,2016-11-02,21:33:00,398,4,11902
83990,2016-11-02,21:33:00,353,3,10179
83991,2016-11-02,21:39:00,335,3,1623
83992,2016-11-02,21:46:00,261,4,8731
83993,2016-11-02,21:49:00,205,1,5370
83994,2016-11-02,21:58:00,177,2,3170
83995,2016-11-02,22:06:00,220,2,11959
83996,2016-11-02,22:11:00,45,1,5789
83997,2016-11-02,22:21:00,143,1,9651
83998,2016-11-02,22:26:00,420,3,4275
83999,2016-11-02,22:28:00,106,2,4136
84000,2016-11-02,22:36:00,55,1,6465
84001,2016-11-02,22:44:00,238,2,11690
84002,2016-11-02,22:44:00,354,2,911
84003,2016-11-02,23:01:00,146,1,5579
84004,2016-11-02,23:08:00,36,3,9150
84005,2016-11-02,23:17:00,397,1,4478
84006,2016-11-02,23:19:00,96,1,932
84007,2016-11-02,23:22:00,318,1,2239
84008,2016-11-02,23:24:00,82,2,124
84009,2016-11-02,23:26:00,61,1,9562
84010,2016-11-02,23:26:00,265,2,2696
84011,2016-11-02,23:30:00,286,3,5447
84012,2016-11-02,23:32:00,294,1,11396
84013,2016-11-02,23:34:00,229,3,914
84014,2016-11-02,23:36:00,319,2,7358
84015,2016-11-02,23:39:00,313,3,5229
84016,2016-11-02,23:44:00,424,3,542
84017,2016-11-02,23:48:00,54,1,7605
84018,2016-11-02,23:51:00,408,1,2932
84019,2016-11-03,00:00:00,430,2,2559
84020,2016-11-03,00:04:00,108,3,11028
84021,2016-11-03,00:04:00,37,1,10945
84022,2016-11-03,00:28:00,29,3,2279
84023,2016-11-03,00:35:00,270,2,10999
84024,2016-11-03,00:39:00,402,2,6987
84025,2016-11-03,00:40:00,239,3,7204
84026,2016-11-03,00:40:00,158,1,10327
84027,2016-11-03,00:45:00,299,3,1650
84028,2016-11-03,00:46:00,456,2,11247
84029,2016-11-03,00:52:00,254,2,9066
84030,2016-11-03,01:00:00,290,3,7687
84031,2016-11-03,01:09:00,200,1,3487
84032,2016-11-03,01:13:00,186,1,9441
84033,2016-11-03,01:17:00,326,1,9314
84034,2016-11-03,01:24:00,43,2,7190
84035,2016-11-03,01:26:00,49,2,11496
84036,2016-11-03,01:27:00,458,3,7281
84037,2016-11-03,01:43:00,33,1,1435
84038,2016-11-03,01:50:00,384,1,10117
84039,2016-11-03,01:53:00,190,2,5778
84040,2016-11-03,01:54:00,332,1,9238
84041,2016-11-03,02:05:00,124,3,2241
84042,2016-11-03,02:14:00,156,2,11511
84043,2016-11-03,02:21:00,426,1,2090
84044,2016-11-03,02:22:00,177,1,2255
84045,2016-11-03,02:22:00,103,2,8212
84046,2016-11-03,02:27:00,366,1,11632
84047,2016-11-03,02:32:00,251,3,7643
84048,2016-11-03,02:33:00,304,3,2306
84049,2016-11-03,02:33:00,326,2,9702
84050,2016-11-03,02:36:00,444,1,6639
84051,2016-11-03,02:37:00,321,2,10100
84052,2016-11-03,02:47:00,325,2,9774
84053,2016-11-03,02:49:00,270,4,2810
84054,2016-11-03,02:54:00,173,1,6835
84055,2016-11-03,02:55:00,193,2,3076
84056,2016-11-03,02:58:00,255,2,1862
84057,2016-11-03,03:01:00,256,1,5507
84058,2016-11-03,03:09:00,415,3,5999
84059,2016-11-03,03:09:00,321,3,4360
84060,2016-11-03,03:14:00,435,1,6722
84061,2016-11-03,03:23:00,47,1,11142
84062,2016-11-03,03:27:00,175,1,7334
84063,2016-11-03,03:43:00,63,1,10932
84064,2016-11-03,03:46:00,445,1,2797
84065,2016-11-03,03:51:00,271,1,6626
84066,2016-11-03,03:52:00,178,1,223
84067,2016-11-03,04:21:00,348,2,5962
84068,2016-11-03,04:23:00,166,1,2005
84069,2016-11-03,04:24:00,439,3,9169
84070,2016-11-03,04:31:00,420,3,2880
84071,2016-11-03,04:35:00,249,3,10063
84072,2016-11-03,04:36:00,281,3,11252
84073,2016-11-03,04:40:00,106,1,4199
84074,2016-11-03,04:52:00,184,1,6698
84075,2016-11-03,04:56:00,61,2,2157
84076,2016-11-03,05:00:00,386,2,2284
84077,2016-11-03,05:03:00,243,1,1499
84078,2016-11-03,05:06:00,457,5,2720
84079,2016-11-03,05:08:00,283,2,594
84080,2016-11-03,05:14:00,344,3,5216
84081,2016-11-03,05:18:00,223,1,5413
84082,2016-11-03,05:35:00,58,1,11608
84083,2016-11-03,05:42:00,129,4,2514
84084,2016-11-03,05:45:00,220,2,6718
84085,2016-11-03,05:47:00,51,2,3285
84086,2016-11-03,05:59:00,172,1,10344
84087,2016-11-03,05:59:00,76,2,7032
84088,2016-11-03,06:04:00,344,2,8478
84089,2016-11-03,06:09:00,443,3,4767
84090,2016-11-03,06:10:00,123,1,833
84091,2016-11-03,06:24:00,155,2,6400
84092,2016-11-03,06:33:00,454,2,11336
84093,2016-11-03,06:46:00,200,1,5338
84094,2016-11-03,06:50:00,412,1,3736
84095,2016-11-03,06:59:00,387,2,5721
84096,2016-11-03,07:08:00,167,2,1297
84097,2016-11-03,07:13:00,239,3,10637
84098,2016-11-03,07:19:00,49,3,8052
84099,2016-11-03,07:20:00,101,4,3204
84100,2016-11-03,07:20:00,124,1,8553
84101,2016-11-03,07:24:00,403,2,1141
84102,2016-11-03,07:25:00,176,1,221
84103,2016-11-03,07:26:00,189,2,11332
84104,2016-11-03,07:34:00,84,1,9368
84105,2016-11-03,07:35:00,226,2,10622
84106,2016-11-03,07:39:00,177,1,9465
84107,2016-11-03,07:46:00,20,2,11248
84108,2016-11-03,07:55:00,176,3,6556
84109,2016-11-03,08:04:00,51,2,4816
84110,2016-11-03,08:12:00,294,1,6735
84111,2016-11-03,08:16:00,386,1,4742
84112,2016-11-03,08:18:00,190,2,11196
84113,2016-11-03,08:23:00,137,1,11323
84114,2016-11-03,08:28:00,189,1,8294
84115,2016-11-03,08:31:00,455,3,8188
84116,2016-11-03,08:47:00,291,2,5618
84117,2016-11-03,08:52:00,239,2,3477
84118,2016-11-03,08:54:00,314,2,1502
84119,2016-11-03,09:06:00,230,3,756
84120,2016-11-03,09:14:00,445,2,4672
84121,2016-11-03,09:15:00,147,1,8670
84122,2016-11-03,09:17:00,318,2,9410
84123,2016-11-03,09:25:00,369,3,4046
84124,2016-11-03,09:33:00,350,2,226
84125,2016-11-03,09:34:00,28,5,4424
84126,2016-11-03,09:51:00,171,1,2729
84127,2016-11-03,10:01:00,210,5,1574
84128,2016-11-03,10:04:00,360,1,4433
84129,2016-11-03,10:07:00,322,3,3548
84130,2016-11-03,10:08:00,325,1,7383
84131,2016-11-03,10:12:00,68,2,2877
84132,2016-11-03,10:19:00,99,1,3526
84133,2016-11-03,10:25:00,88,2,4817
84134,2016-11-03,10:29:00,392,3,3163
84135,2016-11-03,10:35:00,296,1,11908
84136,2016-11-03,10:37:00,212,3,6657
84137,2016-11-03,10:48:00,353,1,11654
84138,2016-11-03,10:51:00,266,2,68
84139,2016-11-03,10:54:00,142,2,11671
84140,2016-11-03,10:56:00,6,4,7947
84141,2016-11-03,10:56:00,286,2,9165
84142,2016-11-03,11:12:00,409,1,6364
84143,2016-11-03,11:12:00,74,2,10897
84144,2016-11-03,11:14:00,454,1,7419
84145,2016-11-03,11:19:00,154,1,9391
84146,2016-11-03,11:21:00,371,2,9681
84147,2016-11-03,11:28:00,175,2,3079
84148,2016-11-03,11:44:00,422,3,9683
84149,2016-11-03,11:45:00,367,2,2038
84150,2016-11-03,11:46:00,279,3,7480
84151,2016-11-03,12:00:00,243,2,5725
84152,2016-11-03,12:04:00,448,3,4944
84153,2016-11-03,12:06:00,204,1,6556
84154,2016-11-03,12:07:00,49,1,11416
84155,2016-11-03,12:14:00,438,3,8286
84156,2016-11-03,12:23:00,157,1,11796
84157,2016-11-03,12:28:00,361,1,4816
84158,2016-11-03,12:32:00,336,2,2586
84159,2016-11-03,12:36:00,315,2,5132
84160,2016-11-03,12:47:00,430,2,7688
84161,2016-11-03,12:49:00,93,1,1845
84162,2016-11-03,12:49:00,15,4,8192
84163,2016-11-03,12:54:00,216,5,6858
84164,2016-11-03,12:58:00,446,3,7907
84165,2016-11-03,13:07:00,193,2,4391
84166,2016-11-03,13:16:00,73,2,11929
84167,2016-11-03,13:17:00,413,2,5317
84168,2016-11-03,13:21:00,184,1,9203
84169,2016-11-03,13:28:00,48,2,2788
84170,2016-11-03,13:39:00,68,2,4272
84171,2016-11-03,13:56:00,399,1,11431
84172,2016-11-03,13:58:00,357,1,8539
84173,2016-11-03,14:00:00,424,3,406
84174,2016-11-03,14:00:00,331,1,5655
84175,2016-11-03,14:02:00,377,3,1909
84176,2016-11-03,14:03:00,279,2,2133
84177,2016-11-03,14:03:00,331,1,5495
84178,2016-11-03,14:07:00,268,1,9878
84179,2016-11-03,14:07:00,414,2,6634
84180,2016-11-03,14:11:00,103,1,10816
84181,2016-11-03,14:12:00,338,2,3475
84182,2016-11-03,14:12:00,15,3,1008
84183,2016-11-03,14:15:00,98,2,8835
84184,2016-11-03,14:19:00,381,3,11719
84185,2016-11-03,14:20:00,56,3,3518
84186,2016-11-03,14:21:00,35,1,5243
84187,2016-11-03,14:23:00,189,2,11214
84188,2016-11-03,14:30:00,84,2,3300
84189,2016-11-03,14:32:00,102,2,3495
84190,2016-11-03,14:41:00,282,2,1418
84191,2016-11-03,14:45:00,444,1,9025
84192,2016-11-03,14:54:00,415,1,11205
84193,2016-11-03,14:56:00,343,2,6110
84194,2016-11-03,14:57:00,278,1,11509
84195,2016-11-03,15:15:00,71,2,4925
84196,2016-11-03,15:19:00,150,2,6974
84197,2016-11-03,15:32:00,307,4,8170
84198,2016-11-03,15:42:00,382,2,444
84199,2016-11-03,15:53:00,190,2,9221
84200,2016-11-03,16:03:00,305,3,3077
84201,2016-11-03,16:08:00,429,3,3506
84202,2016-11-03,16:13:00,291,2,2330
84203,2016-11-03,16:17:00,161,1,7843
84204,2016-11-03,16:20:00,422,2,9614
84205,2016-11-03,16:25:00,237,2,10417
84206,2016-11-03,16:27:00,451,1,2115
84207,2016-11-03,16:33:00,332,1,460
84208,2016-11-03,16:37:00,281,2,1113
84209,2016-11-03,16:45:00,284,3,2358
84210,2016-11-03,16:58:00,213,3,971
84211,2016-11-03,17:07:00,427,1,11729
84212,2016-11-03,17:09:00,385,3,3483
84213,2016-11-03,17:20:00,385,2,6288
84214,2016-11-03,17:22:00,425,2,8062
84215,2016-11-03,17:22:00,414,3,2160
84216,2016-11-03,17:26:00,68,2,11521
84217,2016-11-03,17:28:00,455,3,11872
84218,2016-11-03,17:33:00,350,1,5291
84219,2016-11-03,17:35:00,82,1,6043
84220,2016-11-03,17:47:00,75,2,8803
84221,2016-11-03,17:48:00,235,1,8688
84222,2016-11-03,17:58:00,253,5,3569
84223,2016-11-03,17:59:00,237,3,5641
84224,2016-11-03,18:02:00,311,3,6692
84225,2016-11-03,18:08:00,453,3,4150
84226,2016-11-03,18:15:00,49,1,4638
84227,2016-11-03,18:35:00,74,2,7833
84228,2016-11-03,18:44:00,150,3,10968
84229,2016-11-03,18:47:00,33,2,6352
84230,2016-11-03,18:52:00,453,4,11151
84231,2016-11-03,18:57:00,325,3,8473
84232,2016-11-03,19:01:00,364,1,496
84233,2016-11-03,19:01:00,212,3,8395
84234,2016-11-03,19:13:00,374,2,8557
84235,2016-11-03,19:15:00,125,3,4136
84236,2016-11-03,19:28:00,40,2,8879
84237,2016-11-03,19:29:00,435,4,7069
84238,2016-11-03,19:30:00,41,2,2740
84239,2016-11-03,19:31:00,456,1,3007
84240,2016-11-03,19:39:00,293,1,7200
84241,2016-11-03,19:44:00,193,1,4486
84242,2016-11-03,19:44:00,223,3,7140
84243,2016-11-03,19:48:00,58,1,6401
84244,2016-11-03,19:48:00,400,2,9635
84245,2016-11-03,19:53:00,32,2,1960
84246,2016-11-03,20:03:00,204,1,8031
84247,2016-11-03,20:03:00,148,4,9984
84248,2016-11-03,20:08:00,186,3,6211
84249,2016-11-03,20:10:00,6,1,6008
84250,2016-11-03,20:11:00,85,1,1666
84251,2016-11-03,20:37:00,273,2,6758
84252,2016-11-03,20:41:00,112,1,3542
84253,2016-11-03,20:41:00,143,1,7950
84254,2016-11-03,20:47:00,13,3,7151
84255,2016-11-03,20:50:00,396,2,6028
84256,2016-11-03,20:51:00,325,2,10141
84257,2016-11-03,21:08:00,226,1,3744
84258,2016-11-03,21:13:00,205,1,3201
84259,2016-11-03,21:13:00,233,3,5483
84260,2016-11-03,21:21:00,80,1,8312
84261,2016-11-03,21:28:00,439,2,11668
84262,2016-11-03,21:31:00,47,1,7770
84263,2016-11-03,21:37:00,121,1,6157
84264,2016-11-03,21:40:00,226,2,4289
84265,2016-11-03,21:49:00,47,1,11673
84266,2016-11-03,21:53:00,278,3,11366
84267,2016-11-03,21:55:00,434,5,10183
84268,2016-11-03,21:56:00,314,1,9806
84269,2016-11-03,21:58:00,260,4,7086
84270,2016-11-03,21:58:00,269,2,7751
84271,2016-11-03,22:03:00,306,3,8742
84272,2016-11-03,22:10:00,245,3,10880
84273,2016-11-03,22:12:00,11,2,11030
84274,2016-11-03,22:17:00,336,2,8227
84275,2016-11-03,22:20:00,143,3,4858
84276,2016-11-03,22:36:00,399,1,11118
84277,2016-11-03,22:45:00,350,2,1826
84278,2016-11-03,22:56:00,210,1,7585
84279,2016-11-03,23:02:00,165,3,9026
84280,2016-11-03,23:02:00,414,1,2639
84281,2016-11-03,23:04:00,122,4,5032
84282,2016-11-03,23:28:00,407,4,3132
84283,2016-11-03,23:34:00,31,2,7767
84284,2016-11-03,23:49:00,232,1,3765
84285,2016-11-03,23:53:00,183,3,10406
84286,2016-11-03,23:54:00,442,3,5668
84287,2016-11-04,00:00:00,403,1,11538
84288,2016-11-04,00:07:00,64,2,9480
84289,2016-11-04,00:07:00,294,2,2969
84290,2016-11-04,00:15:00,287,2,8162
84291,2016-11-04,00:16:00,398,2,526
84292,2016-11-04,00:18:00,114,1,6373
84293,2016-11-04,00:34:00,103,2,8862
84294,2016-11-04,00:35:00,47,4,8397
84295,2016-11-04,00:39:00,282,1,7410
84296,2016-11-04,00:45:00,339,2,7593
84297,2016-11-04,00:47:00,397,2,1493
84298,2016-11-04,00:47:00,49,2,9565
84299,2016-11-04,00:48:00,186,2,908
84300,2016-11-04,00:49:00,46,2,6639
84301,2016-11-04,00:54:00,276,1,884
84302,2016-11-04,01:01:00,181,1,10533
84303,2016-11-04,01:04:00,302,2,3867
84304,2016-11-04,01:05:00,14,4,3637
84305,2016-11-04,01:06:00,441,3,1788
84306,2016-11-04,01:07:00,252,1,1885
84307,2016-11-04,01:09:00,228,2,7030
84308,2016-11-04,01:12:00,182,4,9288
84309,2016-11-04,01:14:00,326,1,285
84310,2016-11-04,01:18:00,220,3,5609
84311,2016-11-04,01:40:00,214,1,4075
84312,2016-11-04,01:44:00,358,2,7996
84313,2016-11-04,01:52:00,91,3,2018
84314,2016-11-04,01:56:00,234,1,8573
84315,2016-11-04,02:02:00,390,2,4196
84316,2016-11-04,02:03:00,235,2,9891
84317,2016-11-04,02:06:00,415,3,1813
84318,2016-11-04,02:07:00,306,1,1145
84319,2016-11-04,02:07:00,323,3,1973
84320,2016-11-04,02:10:00,261,2,9939
84321,2016-11-04,02:14:00,23,3,2493
84322,2016-11-04,02:15:00,264,3,7119
84323,2016-11-04,02:16:00,284,2,5765
84324,2016-11-04,02:18:00,194,2,3289
84325,2016-11-04,02:40:00,377,3,2035
84326,2016-11-04,02:51:00,161,1,6412
84327,2016-11-04,02:52:00,174,1,7510
84328,2016-11-04,02:56:00,397,2,6319
84329,2016-11-04,02:56:00,426,2,4589
84330,2016-11-04,02:57:00,448,2,11901
84331,2016-11-04,02:57:00,22,3,8266
84332,2016-11-04,03:00:00,327,2,11404
84333,2016-11-04,03:02:00,425,1,4336
84334,2016-11-04,03:02:00,302,4,346
84335,2016-11-04,03:03:00,413,3,6830
84336,2016-11-04,03:05:00,15,2,3056
84337,2016-11-04,03:09:00,130,2,2256
84338,2016-11-04,03:11:00,91,1,890
84339,2016-11-04,03:11:00,394,1,10865
84340,2016-11-04,03:22:00,413,1,4524
84341,2016-11-04,03:36:00,457,1,1169
84342,2016-11-04,03:38:00,34,3,4407
84343,2016-11-04,03:38:00,404,5,6936
84344,2016-11-04,03:45:00,317,1,9115
84345,2016-11-04,03:51:00,118,3,4274
84346,2016-11-04,03:53:00,124,2,11634
84347,2016-11-04,04:07:00,120,1,2095
84348,2016-11-04,04:13:00,366,3,7188
84349,2016-11-04,04:19:00,224,1,11752
84350,2016-11-04,04:19:00,299,3,2693
84351,2016-11-04,04:24:00,38,2,542
84352,2016-11-04,04:26:00,9,2,10316
84353,2016-11-04,04:33:00,347,1,4679
84354,2016-11-04,04:46:00,234,2,4400
84355,2016-11-04,05:00:00,288,4,896
84356,2016-11-04,05:01:00,175,2,1928
84357,2016-11-04,05:14:00,237,2,2323
84358,2016-11-04,05:17:00,320,3,3541
84359,2016-11-04,05:30:00,183,2,6408
84360,2016-11-04,05:33:00,282,1,1891
84361,2016-11-04,05:38:00,109,1,11432
84362,2016-11-04,05:40:00,151,2,10169
84363,2016-11-04,05:42:00,249,4,8685
84364,2016-11-04,05:44:00,78,1,8675
84365,2016-11-04,05:45:00,334,1,6964
84366,2016-11-04,05:52:00,135,2,10327
84367,2016-11-04,05:54:00,205,2,2635
84368,2016-11-04,05:55:00,137,1,12
84369,2016-11-04,06:00:00,440,2,3069
84370,2016-11-04,06:02:00,166,3,2084
84371,2016-11-04,06:05:00,96,1,8338
84372,2016-11-04,06:14:00,5,3,6421
84373,2016-11-04,06:25:00,326,2,6108
84374,2016-11-04,06:32:00,72,2,8029
84375,2016-11-04,06:44:00,394,4,11096
84376,2016-11-04,06:50:00,454,2,7221
84377,2016-11-04,06:52:00,238,2,6101
84378,2016-11-04,06:54:00,121,4,5118
84379,2016-11-04,07:13:00,424,2,4724
84380,2016-11-04,07:16:00,363,2,7791
84381,2016-11-04,07:16:00,436,3,6441
84382,2016-11-04,07:23:00,206,2,8598
84383,2016-11-04,07:25:00,138,2,6073
84384,2016-11-04,07:25:00,455,1,7343
84385,2016-11-04,07:33:00,173,4,6195
84386,2016-11-04,07:41:00,260,1,2828
84387,2016-11-04,07:46:00,254,2,4447
84388,2016-11-04,07:53:00,178,2,691
84389,2016-11-04,07:53:00,152,2,10093
84390,2016-11-04,07:56:00,226,3,9999
84391,2016-11-04,07:58:00,299,2,5073
84392,2016-11-04,08:01:00,448,2,10810
84393,2016-11-04,08:08:00,174,1,10014
84394,2016-11-04,08:08:00,235,1,401
84395,2016-11-04,08:14:00,294,1,4544
84396,2016-11-04,08:15:00,70,2,1502
84397,2016-11-04,08:18:00,41,2,1971
84398,2016-11-04,08:19:00,103,4,7824
84399,2016-11-04,08:23:00,79,2,11625
84400,2016-11-04,08:23:00,196,2,6620
84401,2016-11-04,08:27:00,95,3,9377
84402,2016-11-04,08:36:00,21,1,9115
84403,2016-11-04,08:37:00,362,1,8548
84404,2016-11-04,08:48:00,340,1,8554
84405,2016-11-04,08:51:00,378,1,1174
84406,2016-11-04,09:10:00,352,1,5664
84407,2016-11-04,09:38:00,426,1,8699
84408,2016-11-04,09:42:00,64,2,2510
84409,2016-11-04,09:50:00,424,1,4048
84410,2016-11-04,09:51:00,35,1,7115
84411,2016-11-04,09:51:00,100,4,75
84412,2016-11-04,09:59:00,307,1,7337
84413,2016-11-04,10:15:00,92,1,7362
84414,2016-11-04,10:15:00,87,3,7234
84415,2016-11-04,10:16:00,248,1,9568
84416,2016-11-04,10:25:00,324,3,4335
84417,2016-11-04,10:32:00,284,1,9200
84418,2016-11-04,10:41:00,400,2,9363
84419,2016-11-04,10:44:00,115,1,4517
84420,2016-11-04,10:50:00,192,1,2056
84421,2016-11-04,10:56:00,449,2,644
84422,2016-11-04,11:02:00,171,2,7512
84423,2016-11-04,11:16:00,444,2,5430
84424,2016-11-04,11:27:00,376,2,6365
84425,2016-11-04,11:27:00,401,3,2566
84426,2016-11-04,11:37:00,372,2,2905
84427,2016-11-04,11:43:00,183,2,11005
84428,2016-11-04,11:46:00,193,2,10208
84429,2016-11-04,11:49:00,255,1,1786
84430,2016-11-04,12:13:00,299,2,7286
84431,2016-11-04,12:14:00,350,1,4747
84432,2016-11-04,12:16:00,221,1,10326
84433,2016-11-04,12:17:00,287,2,10
84434,2016-11-04,12:18:00,450,4,109
84435,2016-11-04,12:24:00,329,1,8349
84436,2016-11-04,12:25:00,263,2,1210
84437,2016-11-04,12:31:00,272,2,6709
84438,2016-11-04,12:39:00,409,1,4654
84439,2016-11-04,12:40:00,389,2,9096
84440,2016-11-04,12:46:00,399,2,3281
84441,2016-11-04,12:56:00,238,2,1483
84442,2016-11-04,12:57:00,256,2,5951
84443,2016-11-04,13:02:00,34,1,3024
84444,2016-11-04,13:13:00,187,1,1300
84445,2016-11-04,13:13:00,136,3,7383
84446,2016-11-04,13:17:00,265,1,5131
84447,2016-11-04,13:23:00,276,1,3906
84448,2016-11-04,13:28:00,429,2,9547
84449,2016-11-04,13:32:00,426,1,9931
84450,2016-11-04,13:32:00,344,1,5677
84451,2016-11-04,13:44:00,378,1,7567
84452,2016-11-04,13:45:00,453,4,10429
84453,2016-11-04,13:48:00,195,1,9103
84454,2016-11-04,13:49:00,193,4,6337
84455,2016-11-04,13:52:00,32,2,10823
84456,2016-11-04,13:55:00,352,2,7769
84457,2016-11-04,13:59:00,144,1,7771
84458,2016-11-04,14:17:00,5,1,8211
84459,2016-11-04,14:20:00,268,1,7033
84460,2016-11-04,14:27:00,67,1,7989
84461,2016-11-04,14:34:00,124,2,4454
84462,2016-11-04,14:35:00,125,2,525
84463,2016-11-04,14:45:00,342,2,4735
84464,2016-11-04,14:54:00,396,2,10564
84465,2016-11-04,14:57:00,282,2,5602
84466,2016-11-04,14:59:00,21,3,3952
84467,2016-11-04,15:02:00,72,4,10012
84468,2016-11-04,15:11:00,222,2,782
84469,2016-11-04,15:16:00,443,2,3240
84470,2016-11-04,15:36:00,59,2,11768
84471,2016-11-04,15:40:00,49,2,2064
84472,2016-11-04,15:45:00,367,1,5011
84473,2016-11-04,15:58:00,169,4,501
84474,2016-11-04,16:03:00,181,1,6029
84475,2016-11-04,16:11:00,8,1,1998
84476,2016-11-04,16:12:00,363,2,7246
84477,2016-11-04,16:14:00,75,1,1392
84478,2016-11-04,16:17:00,187,5,6249
84479,2016-11-04,16:19:00,374,2,8581
84480,2016-11-04,16:32:00,280,1,817
84481,2016-11-04,16:32:00,186,1,197
84482,2016-11-04,16:33:00,71,3,1954
84483,2016-11-04,16:59:00,373,1,3988
84484,2016-11-04,17:03:00,85,2,9083
84485,2016-11-04,17:10:00,161,1,8106
84486,2016-11-04,17:13:00,267,3,6923
84487,2016-11-04,17:16:00,243,3,5068
84488,2016-11-04,17:20:00,312,2,2235
84489,2016-11-04,17:23:00,430,3,5341
84490,2016-11-04,17:24:00,65,2,2791
84491,2016-11-04,17:30:00,371,2,3990
84492,2016-11-04,17:37:00,84,2,444
84493,2016-11-04,17:38:00,214,2,6157
84494,2016-11-04,17:46:00,87,1,10768
84495,2016-11-04,17:55:00,189,3,7068
84496,2016-11-04,18:04:00,259,3,1529
84497,2016-11-04,18:06:00,157,2,3811
84498,2016-11-04,18:07:00,332,2,7454
84499,2016-11-04,18:11:00,307,2,1950
84500,2016-11-04,18:13:00,395,1,72
84501,2016-11-04,18:26:00,424,2,16
84502,2016-11-04,18:29:00,264,3,9706
84503,2016-11-04,18:32:00,180,2,9252
84504,2016-11-04,18:34:00,457,1,11927
84505,2016-11-04,18:36:00,167,2,10479
84506,2016-11-04,18:46:00,385,3,8476
84507,2016-11-04,18:46:00,249,1,11114
84508,2016-11-04,18:48:00,399,1,1610
84509,2016-11-04,18:48:00,206,2,9939
84510,2016-11-04,19:12:00,135,2,11672
84511,2016-11-04,19:20:00,392,1,8075
84512,2016-11-04,19:29:00,23,3,8157
84513,2016-11-04,19:30:00,260,1,10861
84514,2016-11-04,19:33:00,175,1,2176
84515,2016-11-04,19:42:00,114,2,1793
84516,2016-11-04,19:56:00,368,3,11995
84517,2016-11-04,19:58:00,4,3,11897
84518,2016-11-04,20:00:00,437,2,3391
84519,2016-11-04,20:06:00,343,4,11565
84520,2016-11-04,20:10:00,56,4,11863
84521,2016-11-04,20:18:00,191,4,3372
84522,2016-11-04,20:18:00,191,2,8660
84523,2016-11-04,20:19:00,205,1,2398
84524,2016-11-04,20:25:00,263,2,768
84525,2016-11-04,20:25:00,410,2,38
84526,2016-11-04,20:25:00,328,2,4476
84527,2016-11-04,20:27:00,126,1,1011
84528,2016-11-04,20:27:00,154,3,5906
84529,2016-11-04,20:29:00,396,5,5941
84530,2016-11-04,20:29:00,148,5,11575
84531,2016-11-04,20:54:00,345,1,2444
84532,2016-11-04,20:56:00,100,2,9217
84533,2016-11-04,20:58:00,435,2,11893
84534,2016-11-04,21:03:00,166,4,7859
84535,2016-11-04,21:12:00,48,2,11077
84536,2016-11-04,21:12:00,2,1,292
84537,2016-11-04,21:13:00,78,1,5062
84538,2016-11-04,21:13:00,258,3,11240
84539,2016-11-04,21:28:00,393,1,3635
84540,2016-11-04,21:29:00,315,1,3100
84541,2016-11-04,21:36:00,246,2,8153
84542,2016-11-04,21:42:00,343,1,8313
84543,2016-11-04,21:44:00,142,2,5966
84544,2016-11-04,21:52:00,134,3,6813
84545,2016-11-04,21:57:00,336,1,6545
84546,2016-11-04,21:57:00,66,2,2795
84547,2016-11-04,21:59:00,337,2,1319
84548,2016-11-04,22:01:00,195,2,9468
84549,2016-11-04,22:04:00,363,3,10233
84550,2016-11-04,22:27:00,331,1,5739
84551,2016-11-04,22:41:00,108,1,11505
84552,2016-11-04,22:43:00,220,1,10895
84553,2016-11-04,22:44:00,126,1,1621
84554,2016-11-04,22:51:00,441,1,11646
84555,2016-11-04,23:14:00,36,2,1184
84556,2016-11-04,23:17:00,181,1,7438
84557,2016-11-04,23:19:00,356,1,6420
84558,2016-11-04,23:22:00,85,1,6230
84559,2016-11-04,23:24:00,176,3,7081
84560,2016-11-04,23:27:00,371,5,9312
84561,2016-11-04,23:29:00,157,3,2958
84562,2016-11-04,23:47:00,122,2,390
84563,2016-11-04,23:58:00,374,1,2894
84564,2016-11-05,00:00:00,291,3,3913
84565,2016-11-05,00:02:00,18,2,8921
84566,2016-11-05,00:03:00,190,3,9334
84567,2016-11-05,00:24:00,159,1,2739
84568,2016-11-05,00:32:00,321,4,2171
84569,2016-11-05,00:36:00,248,1,4149
84570,2016-11-05,00:42:00,76,3,8491
84571,2016-11-05,00:50:00,449,1,6135
84572,2016-11-05,00:51:00,171,1,3374
84573,2016-11-05,00:51:00,437,4,8821
84574,2016-11-05,00:52:00,346,2,3626
84575,2016-11-05,00:55:00,406,1,426
84576,2016-11-05,01:01:00,81,2,1411
84577,2016-11-05,01:08:00,28,2,6577
84578,2016-11-05,01:13:00,161,1,2605
84579,2016-11-05,01:14:00,236,4,3578
84580,2016-11-05,01:15:00,370,2,8396
84581,2016-11-05,01:16:00,382,2,3644
84582,2016-11-05,01:29:00,436,1,2169
84583,2016-11-05,01:29:00,214,3,94
84584,2016-11-05,01:32:00,298,1,10699
84585,2016-11-05,01:32:00,212,2,1957
84586,2016-11-05,01:34:00,453,2,2336
84587,2016-11-05,01:35:00,228,1,11862
84588,2016-11-05,01:43:00,432,2,11309
84589,2016-11-05,01:45:00,62,3,4209
84590,2016-11-05,01:51:00,115,3,3140
84591,2016-11-05,01:56:00,368,2,7540
84592,2016-11-05,02:01:00,93,3,7109
84593,2016-11-05,02:19:00,95,1,1160
84594,2016-11-05,02:19:00,353,1,10887
84595,2016-11-05,02:21:00,151,2,2025
84596,2016-11-05,02:31:00,327,2,1401
84597,2016-11-05,02:31:00,287,2,10114
84598,2016-11-05,02:33:00,141,2,3364
84599,2016-11-05,02:42:00,353,1,7351
84600,2016-11-05,02:45:00,106,2,2270
84601,2016-11-05,02:49:00,211,2,10673
84602,2016-11-05,02:53:00,320,2,5186
84603,2016-11-05,02:57:00,408,1,6363
84604,2016-11-05,03:06:00,65,3,6740
84605,2016-11-05,03:10:00,445,1,5998
84606,2016-11-05,03:12:00,30,1,5150
84607,2016-11-05,03:12:00,40,2,6234
84608,2016-11-05,03:17:00,26,2,9762
84609,2016-11-05,03:20:00,301,1,4177
84610,2016-11-05,03:23:00,222,2,1307
84611,2016-11-05,03:24:00,249,2,7753
84612,2016-11-05,03:29:00,327,1,354
84613,2016-11-05,03:30:00,325,4,3396
84614,2016-11-05,03:31:00,257,1,11064
84615,2016-11-05,03:34:00,437,2,9014
84616,2016-11-05,03:50:00,203,3,10302
84617,2016-11-05,03:51:00,15,1,6210
84618,2016-11-05,03:53:00,437,1,5731
84619,2016-11-05,03:58:00,161,3,162
84620,2016-11-05,04:17:00,405,2,4984
84621,2016-11-05,04:19:00,374,3,7815
84622,2016-11-05,04:26:00,372,2,8723
84623,2016-11-05,04:30:00,366,4,582
84624,2016-11-05,04:38:00,62,2,10244
84625,2016-11-05,04:39:00,82,1,319
84626,2016-11-05,04:47:00,431,2,10732
84627,2016-11-05,04:51:00,443,1,4411
84628,2016-11-05,05:01:00,31,2,3057
84629,2016-11-05,05:03:00,422,1,1692
84630,2016-11-05,05:10:00,305,1,5138
84631,2016-11-05,05:11:00,324,2,5928
84632,2016-11-05,05:17:00,432,1,11455
84633,2016-11-05,05:29:00,308,2,10301
84634,2016-11-05,05:30:00,41,4,5059
84635,2016-11-05,05:35:00,453,1,1378
84636,2016-11-05,05:45:00,150,1,6103
84637,2016-11-05,05:46:00,120,1,5384
84638,2016-11-05,05:50:00,126,2,5330
84639,2016-11-05,05:56:00,400,3,7803
84640,2016-11-05,05:59:00,433,1,10130
84641,2016-11-05,06:01:00,295,3,10811
84642,2016-11-05,06:03:00,292,2,5719
84643,2016-11-05,06:12:00,335,2,2932
84644,2016-11-05,06:13:00,446,4,2330
84645,2016-11-05,06:14:00,415,2,4080
84646,2016-11-05,06:15:00,283,3,4851
84647,2016-11-05,06:19:00,339,4,1493
84648,2016-11-05,06:21:00,437,1,4925
84649,2016-11-05,06:22:00,269,2,4824
84650,2016-11-05,06:27:00,121,2,6664
84651,2016-11-05,06:29:00,116,2,8082
84652,2016-11-05,06:32:00,195,1,8360
84653,2016-11-05,06:33:00,3,2,10414
84654,2016-11-05,06:35:00,244,2,3021
84655,2016-11-05,06:45:00,52,3,6076
84656,2016-11-05,06:50:00,78,2,2990
84657,2016-11-05,06:53:00,383,1,9047
84658,2016-11-05,07:05:00,107,1,1938
84659,2016-11-05,07:06:00,101,1,5468
84660,2016-11-05,07:13:00,421,2,3627
84661,2016-11-05,07:15:00,117,4,10602
84662,2016-11-05,07:21:00,28,1,257
84663,2016-11-05,07:25:00,264,3,8244
84664,2016-11-05,07:26:00,349,1,4294
84665,2016-11-05,07:33:00,174,1,7354
84666,2016-11-05,07:40:00,291,1,8811
84667,2016-11-05,07:48:00,36,3,10953
84668,2016-11-05,07:55:00,419,3,4371
84669,2016-11-05,07:58:00,425,2,2097
84670,2016-11-05,08:13:00,404,1,7783
84671,2016-11-05,08:15:00,267,1,11403
84672,2016-11-05,08:16:00,187,1,1884
84673,2016-11-05,08:17:00,439,3,6519
84674,2016-11-05,08:20:00,405,2,10818
84675,2016-11-05,08:38:00,395,2,7838
84676,2016-11-05,08:41:00,23,1,1641
84677,2016-11-05,08:41:00,137,2,3903
84678,2016-11-05,08:45:00,340,3,1747
84679,2016-11-05,08:47:00,86,2,2843
84680,2016-11-05,08:54:00,243,2,7547
84681,2016-11-05,09:03:00,388,4,11024
84682,2016-11-05,09:04:00,330,3,8030
84683,2016-11-05,09:06:00,58,1,7786
84684,2016-11-05,09:10:00,345,4,4762
84685,2016-11-05,09:17:00,107,3,1504
84686,2016-11-05,09:20:00,413,1,10168
84687,2016-11-05,09:20:00,58,2,5217
84688,2016-11-05,09:31:00,426,3,11467
84689,2016-11-05,09:34:00,123,1,2707
84690,2016-11-05,09:37:00,99,2,11019
84691,2016-11-05,09:41:00,346,1,810
84692,2016-11-05,09:46:00,36,2,196
84693,2016-11-05,09:47:00,308,1,3833
84694,2016-11-05,09:56:00,69,1,4810
84695,2016-11-05,09:59:00,347,3,1607
84696,2016-11-05,09:59:00,81,2,10685
84697,2016-11-05,10:02:00,266,1,4300
84698,2016-11-05,10:19:00,132,1,1708
84699,2016-11-05,10:20:00,60,2,5826
84700,2016-11-05,10:22:00,282,3,5725
84701,2016-11-05,10:37:00,151,1,6141
84702,2016-11-05,10:38:00,208,1,8003
84703,2016-11-05,10:49:00,69,2,11771
84704,2016-11-05,10:53:00,180,2,4984
84705,2016-11-05,10:54:00,147,1,6931
84706,2016-11-05,10:54:00,275,1,6948
84707,2016-11-05,11:05:00,16,3,8836
84708,2016-11-05,11:06:00,261,3,7264
84709,2016-11-05,11:10:00,98,1,9324
84710,2016-11-05,11:12:00,122,2,7626
84711,2016-11-05,11:12:00,333,2,9690
84712,2016-11-05,11:22:00,291,2,8047
84713,2016-11-05,11:30:00,428,3,3303
84714,2016-11-05,11:32:00,424,2,2116
84715,2016-11-05,11:33:00,395,2,8315
84716,2016-11-05,11:34:00,152,1,4657
84717,2016-11-05,11:36:00,177,1,5510
84718,2016-11-05,11:43:00,278,1,10913
84719,2016-11-05,11:44:00,44,4,11740
84720,2016-11-05,11:45:00,126,1,6502
84721,2016-11-05,12:10:00,291,1,10866
84722,2016-11-05,12:12:00,256,2,4329
84723,2016-11-05,12:14:00,118,1,7954
84724,2016-11-05,12:15:00,1,1,11626
84725,2016-11-05,12:17:00,400,3,3605
84726,2016-11-05,12:32:00,78,1,2052
84727,2016-11-05,12:40:00,30,2,6293
84728,2016-11-05,12:49:00,94,2,10029
84729,2016-11-05,12:53:00,313,2,9565
84730,2016-11-05,12:54:00,413,1,8599
84731,2016-11-05,12:59:00,96,1,8801
84732,2016-11-05,13:04:00,122,5,7964
84733,2016-11-05,13:20:00,340,1,730
84734,2016-11-05,13:23:00,35,2,5826
84735,2016-11-05,13:28:00,119,1,1838
84736,2016-11-05,13:33:00,98,2,8761
84737,2016-11-05,13:38:00,238,1,9102
84738,2016-11-05,13:46:00,441,1,1667
84739,2016-11-05,13:47:00,312,1,3976
84740,2016-11-05,13:52:00,301,1,6057
84741,2016-11-05,14:02:00,140,2,7112
84742,2016-11-05,14:24:00,179,2,3029
84743,2016-11-05,14:29:00,81,2,4774
84744,2016-11-05,14:31:00,43,1,6204
84745,2016-11-05,14:32:00,391,1,10788
84746,2016-11-05,14:32:00,430,1,752
84747,2016-11-05,14:35:00,211,1,11854
84748,2016-11-05,14:36:00,122,2,5780
84749,2016-11-05,14:40:00,405,1,5042
84750,2016-11-05,14:44:00,247,3,6893
84751,2016-11-05,14:52:00,266,2,4073
84752,2016-11-05,15:07:00,425,3,11979
84753,2016-11-05,15:15:00,333,1,8021
84754,2016-11-05,15:17:00,208,4,11170
84755,2016-11-05,15:26:00,314,2,2559
84756,2016-11-05,15:27:00,269,2,3843
84757,2016-11-05,15:29:00,95,3,2520
84758,2016-11-05,15:34:00,122,1,4879
84759,2016-11-05,15:38:00,100,1,7677
84760,2016-11-05,15:46:00,193,3,3376
84761,2016-11-05,15:46:00,3,1,10124
84762,2016-11-05,15:47:00,204,1,1236
84763,2016-11-05,15:48:00,312,1,11875
84764,2016-11-05,15:49:00,56,4,1945
84765,2016-11-05,15:56:00,214,1,439
84766,2016-11-05,16:01:00,18,1,675
84767,2016-11-05,16:02:00,304,1,10661
84768,2016-11-05,16:03:00,238,4,7111
84769,2016-11-05,16:06:00,176,3,6656
84770,2016-11-05,16:18:00,62,3,5674
84771,2016-11-05,16:28:00,447,1,8240
84772,2016-11-05,16:28:00,435,3,5888
84773,2016-11-05,16:28:00,294,1,3772
84774,2016-11-05,16:31:00,309,2,40
84775,2016-11-05,16:34:00,425,2,3298
84776,2016-11-05,16:36:00,299,1,2715
84777,2016-11-05,16:43:00,283,2,9180
84778,2016-11-05,16:44:00,306,1,4325
84779,2016-11-05,16:48:00,5,5,3452
84780,2016-11-05,16:56:00,426,1,11289
84781,2016-11-05,16:58:00,96,2,7806
84782,2016-11-05,17:01:00,372,2,8854
84783,2016-11-05,17:05:00,110,2,6803
84784,2016-11-05,17:05:00,202,4,3701
84785,2016-11-05,17:13:00,58,3,7903
84786,2016-11-05,17:14:00,179,1,2342
84787,2016-11-05,17:15:00,225,3,9789
84788,2016-11-05,17:17:00,419,3,4283
84789,2016-11-05,17:18:00,241,3,1848
84790,2016-11-05,17:23:00,207,2,11746
84791,2016-11-05,17:25:00,319,2,9453
84792,2016-11-05,17:36:00,148,3,2659
84793,2016-11-05,17:43:00,133,3,2240
84794,2016-11-05,17:46:00,425,2,9590
84795,2016-11-05,17:53:00,74,1,4399
84796,2016-11-05,17:57:00,451,3,27
84797,2016-11-05,18:14:00,429,1,9604
84798,2016-11-05,18:25:00,258,1,1656
84799,2016-11-05,18:27:00,68,3,11481
84800,2016-11-05,18:31:00,392,1,3126
84801,2016-11-05,18:32:00,4,2,5414
84802,2016-11-05,18:34:00,117,1,9804
84803,2016-11-05,18:36:00,440,3,2702
84804,2016-11-05,18:40:00,292,2,8088
84805,2016-11-05,18:41:00,91,2,3752
84806,2016-11-05,18:46:00,304,1,10317
84807,2016-11-05,18:47:00,423,3,1164
84808,2016-11-05,18:49:00,105,1,2822
84809,2016-11-05,18:51:00,357,1,9879
84810,2016-11-05,18:54:00,194,2,5528
84811,2016-11-05,19:01:00,361,4,2879
84812,2016-11-05,19:04:00,217,1,3958
84813,2016-11-05,19:05:00,26,2,9976
84814,2016-11-05,19:12:00,21,2,618
84815,2016-11-05,19:25:00,241,2,3534
84816,2016-11-05,19:26:00,202,2,3811
84817,2016-11-05,19:35:00,114,2,2517
84818,2016-11-05,19:37:00,19,3,517
84819,2016-11-05,19:38:00,380,2,10925
84820,2016-11-05,19:42:00,35,1,8439
84821,2016-11-05,19:44:00,388,2,1661
84822,2016-11-05,19:49:00,452,2,1767
84823,2016-11-05,19:49:00,170,4,10443
84824,2016-11-05,19:52:00,219,3,1854
84825,2016-11-05,20:06:00,6,2,11163
84826,2016-11-05,20:12:00,330,1,10978
84827,2016-11-05,20:16:00,429,1,2825
84828,2016-11-05,20:20:00,339,1,11327
84829,2016-11-05,20:24:00,367,2,6127
84830,2016-11-05,20:28:00,254,1,5218
84831,2016-11-05,20:36:00,411,2,9863
84832,2016-11-05,20:39:00,110,1,6443
84833,2016-11-05,20:44:00,274,2,2744
84834,2016-11-05,20:56:00,380,3,4332
84835,2016-11-05,20:59:00,399,2,11036
84836,2016-11-05,21:02:00,416,1,7331
84837,2016-11-05,21:03:00,443,2,1243
84838,2016-11-05,21:09:00,224,1,3856
84839,2016-11-05,21:13:00,98,1,9912
84840,2016-11-05,21:19:00,111,3,11060
84841,2016-11-05,21:27:00,259,1,11282
84842,2016-11-05,21:29:00,24,2,668
84843,2016-11-05,21:39:00,184,3,9558
84844,2016-11-05,21:49:00,387,2,3210
84845,2016-11-05,21:49:00,78,2,9639
84846,2016-11-05,21:58:00,121,1,11841
84847,2016-11-05,22:02:00,133,1,10782
84848,2016-11-05,22:06:00,264,3,5780
84849,2016-11-05,22:06:00,423,4,11043
84850,2016-11-05,22:10:00,429,1,4232
84851,2016-11-05,22:10:00,120,2,3758
84852,2016-11-05,22:23:00,174,1,4124
84853,2016-11-05,22:27:00,199,1,8355
84854,2016-11-05,22:28:00,433,1,6294
84855,2016-11-05,22:29:00,25,2,10236
84856,2016-11-05,22:38:00,162,4,10177
84857,2016-11-05,22:40:00,194,1,9663
84858,2016-11-05,23:00:00,433,2,10119
84859,2016-11-05,23:17:00,56,2,453
84860,2016-11-05,23:21:00,388,2,246
84861,2016-11-05,23:23:00,195,1,8671
84862,2016-11-05,23:24:00,146,4,3042
84863,2016-11-05,23:28:00,311,2,8300
84864,2016-11-05,23:31:00,385,1,4734
84865,2016-11-05,23:34:00,35,1,6732
84866,2016-11-05,23:40:00,265,2,9514
84867,2016-11-05,23:53:00,437,2,1529
84868,2016-11-05,23:54:00,86,1,790
84869,2016-11-05,23:54:00,176,3,10954
84870,2016-11-05,23:58:00,289,1,9237
84871,2016-11-06,00:08:00,174,1,166
84872,2016-11-06,00:13:00,227,4,510
84873,2016-11-06,00:22:00,83,1,10858
84874,2016-11-06,00:31:00,435,2,3198
84875,2016-11-06,00:48:00,103,2,4159
84876,2016-11-06,00:52:00,332,3,2674
84877,2016-11-06,00:55:00,216,1,6042
84878,2016-11-06,00:55:00,124,1,11698
84879,2016-11-06,01:07:00,147,1,6426
84880,2016-11-06,01:17:00,444,2,3519
84881,2016-11-06,01:27:00,244,1,2415
84882,2016-11-06,01:40:00,357,2,10837
84883,2016-11-06,01:41:00,457,1,4884
84884,2016-11-06,01:45:00,295,1,5237
84885,2016-11-06,01:51:00,326,1,9501
84886,2016-11-06,01:52:00,362,2,706
84887,2016-11-06,01:55:00,223,2,2257
84888,2016-11-06,01:56:00,2,1,4327
84889,2016-11-06,02:04:00,445,3,10918
84890,2016-11-06,02:11:00,406,3,3417
84891,2016-11-06,02:17:00,1,1,4892
84892,2016-11-06,02:17:00,444,1,1289
84893,2016-11-06,02:20:00,217,2,9731
84894,2016-11-06,02:29:00,248,2,11672
84895,2016-11-06,02:29:00,239,2,5138
84896,2016-11-06,02:32:00,274,2,7415
84897,2016-11-06,02:41:00,255,1,6415
84898,2016-11-06,02:45:00,91,1,7457
84899,2016-11-06,02:45:00,415,2,8645
84900,2016-11-06,02:50:00,50,1,3224
84901,2016-11-06,02:54:00,404,2,9173
84902,2016-11-06,03:00:00,196,2,11560
84903,2016-11-06,03:03:00,10,2,10516
84904,2016-11-06,03:06:00,387,1,2470
84905,2016-11-06,03:06:00,99,1,4631
84906,2016-11-06,03:09:00,168,1,4924
84907,2016-11-06,03:13:00,107,2,5829
84908,2016-11-06,03:20:00,11,3,8784
84909,2016-11-06,03:24:00,163,1,2325
84910,2016-11-06,03:46:00,207,1,7127
84911,2016-11-06,03:48:00,451,2,4923
84912,2016-11-06,03:52:00,293,3,11811
84913,2016-11-06,03:54:00,74,2,4975
84914,2016-11-06,03:59:00,331,3,1937
84915,2016-11-06,04:01:00,220,2,7360
84916,2016-11-06,04:07:00,183,1,4128
84917,2016-11-06,04:07:00,260,1,10182
84918,2016-11-06,04:12:00,345,1,2551
84919,2016-11-06,04:12:00,118,3,9084
84920,2016-11-06,04:13:00,281,5,5181
84921,2016-11-06,04:14:00,66,2,179
84922,2016-11-06,04:20:00,319,2,6916
84923,2016-11-06,04:33:00,388,1,2164
84924,2016-11-06,04:34:00,441,2,570
84925,2016-11-06,04:41:00,217,1,6781
84926,2016-11-06,04:52:00,279,4,2633
84927,2016-11-06,04:59:00,255,2,10297
84928,2016-11-06,05:00:00,203,1,11947
84929,2016-11-06,05:06:00,151,2,2380
84930,2016-11-06,05:08:00,193,1,1776
84931,2016-11-06,05:09:00,236,1,7592
84932,2016-11-06,05:10:00,154,1,1235
84933,2016-11-06,05:11:00,8,1,2174
84934,2016-11-06,05:13:00,305,3,8028
84935,2016-11-06,05:22:00,101,3,3729
84936,2016-11-06,05:23:00,19,1,624
84937,2016-11-06,05:32:00,331,3,4242
84938,2016-11-06,05:40:00,377,2,4060
84939,2016-11-06,05:43:00,2,3,3083
84940,2016-11-06,05:46:00,355,1,2845
84941,2016-11-06,05:50:00,141,2,5583
84942,2016-11-06,05:55:00,49,1,8025
84943,2016-11-06,05:57:00,357,1,354
84944,2016-11-06,05:57:00,418,2,9665
84945,2016-11-06,06:07:00,39,2,212
84946,2016-11-06,06:07:00,356,1,7978
84947,2016-11-06,06:41:00,376,1,4883
84948,2016-11-06,06:41:00,212,1,8566
84949,2016-11-06,06:45:00,134,2,10550
84950,2016-11-06,06:54:00,448,4,1549
84951,2016-11-06,07:05:00,376,2,7277
84952,2016-11-06,07:12:00,106,2,7129
84953,2016-11-06,07:14:00,21,1,10957
84954,2016-11-06,07:17:00,328,1,2648
84955,2016-11-06,07:26:00,283,1,1222
84956,2016-11-06,07:39:00,133,2,1123
84957,2016-11-06,07:53:00,321,1,9446
84958,2016-11-06,08:16:00,3,1,9140
84959,2016-11-06,08:36:00,90,1,7291
84960,2016-11-06,08:53:00,152,1,3573
84961,2016-11-06,09:00:00,221,2,3049
84962,2016-11-06,09:07:00,443,2,8512
84963,2016-11-06,09:14:00,144,3,1447
84964,2016-11-06,09:18:00,14,4,7426
84965,2016-11-06,09:21:00,207,2,8811
84966,2016-11-06,09:22:00,356,2,5412
84967,2016-11-06,09:25:00,266,2,1522
84968,2016-11-06,09:36:00,386,1,7146
84969,2016-11-06,09:38:00,119,3,2368
84970,2016-11-06,09:40:00,268,1,2890
84971,2016-11-06,09:42:00,28,2,2036
84972,2016-11-06,09:43:00,200,1,7770
84973,2016-11-06,09:45:00,238,1,10916
84974,2016-11-06,09:49:00,228,1,5624
84975,2016-11-06,09:51:00,369,2,123
84976,2016-11-06,09:54:00,278,1,9943
84977,2016-11-06,10:03:00,418,1,9057
84978,2016-11-06,10:13:00,323,2,6923
84979,2016-11-06,10:13:00,5,3,7038
84980,2016-11-06,10:15:00,321,1,6771
84981,2016-11-06,10:15:00,243,2,6736
84982,2016-11-06,10:28:00,138,2,461
84983,2016-11-06,10:39:00,90,2,11674
84984,2016-11-06,10:46:00,15,1,7559
84985,2016-11-06,10:55:00,95,1,1325
84986,2016-11-06,10:57:00,436,3,7328
84987,2016-11-06,11:00:00,457,3,6059
84988,2016-11-06,11:00:00,286,3,1164
84989,2016-11-06,11:00:00,122,1,11971
84990,2016-11-06,11:04:00,169,2,49
84991,2016-11-06,11:07:00,290,1,9772
84992,2016-11-06,11:07:00,134,2,10744
84993,2016-11-06,11:15:00,90,2,272
84994,2016-11-06,11:22:00,450,2,5455
84995,2016-11-06,11:25:00,1,1,10629
84996,2016-11-06,11:36:00,406,4,7446
84997,2016-11-06,11:38:00,378,1,11792
84998,2016-11-06,11:38:00,89,1,2497
84999,2016-11-06,11:43:00,194,2,683
85000,2016-11-06,11:43:00,239,3,9574
85001,2016-11-06,11:48:00,263,3,7682
85002,2016-11-06,12:05:00,131,2,11528
85003,2016-11-06,12:06:00,110,2,2850
85004,2016-11-06,12:12:00,435,2,10589
85005,2016-11-06,12:14:00,190,1,5443
85006,2016-11-06,12:27:00,91,4,82
85007,2016-11-06,12:29:00,437,3,8722
85008,2016-11-06,12:31:00,428,1,869
85009,2016-11-06,12:33:00,163,2,5145
85010,2016-11-06,12:36:00,209,2,6419
85011,2016-11-06,12:40:00,337,1,5485
85012,2016-11-06,12:47:00,436,2,3
85013,2016-11-06,12:59:00,10,2,2972
85014,2016-11-06,13:00:00,306,1,11692
85015,2016-11-06,13:01:00,359,1,4331
85016,2016-11-06,13:06:00,452,4,11703
85017,2016-11-06,13:08:00,252,4,4708
85018,2016-11-06,13:14:00,123,2,1327
85019,2016-11-06,13:15:00,203,2,5038
85020,2016-11-06,13:16:00,308,3,9034
85021,2016-11-06,13:21:00,135,3,2098
85022,2016-11-06,13:23:00,296,1,8545
85023,2016-11-06,13:24:00,1,1,9309
85024,2016-11-06,13:25:00,201,1,8442
85025,2016-11-06,13:29:00,61,1,11335
85026,2016-11-06,13:34:00,297,2,10850
85027,2016-11-06,13:35:00,83,1,3266
85028,2016-11-06,13:59:00,434,1,5534
85029,2016-11-06,14:04:00,423,1,1781
85030,2016-11-06,14:06:00,297,3,3779
85031,2016-11-06,14:06:00,419,3,11743
85032,2016-11-06,14:08:00,129,2,6639
85033,2016-11-06,14:30:00,36,4,8044
85034,2016-11-06,14:43:00,428,3,4752
85035,2016-11-06,14:47:00,68,3,6708
85036,2016-11-06,14:48:00,151,2,11875
85037,2016-11-06,14:57:00,77,3,9095
85038,2016-11-06,15:14:00,431,3,2280
85039,2016-11-06,15:16:00,407,1,2008
85040,2016-11-06,15:24:00,53,1,8922
85041,2016-11-06,15:31:00,137,1,2471
85042,2016-11-06,15:37:00,400,3,2710
85043,2016-11-06,15:38:00,80,2,2372
85044,2016-11-06,15:40:00,444,1,11762
85045,2016-11-06,15:55:00,47,2,5405
85046,2016-11-06,16:00:00,67,1,219
85047,2016-11-06,16:12:00,218,1,2541
85048,2016-11-06,16:16:00,451,3,6902
85049,2016-11-06,16:18:00,87,2,3338
85050,2016-11-06,16:23:00,64,1,7267
85051,2016-11-06,16:23:00,446,4,10791
85052,2016-11-06,16:30:00,91,1,10622
85053,2016-11-06,16:39:00,210,1,5301
85054,2016-11-06,16:40:00,225,3,587
85055,2016-11-06,16:42:00,315,1,11571
85056,2016-11-06,17:13:00,281,3,8938
85057,2016-11-06,17:13:00,179,4,11166
85058,2016-11-06,17:25:00,36,1,5386
85059,2016-11-06,17:28:00,67,6,11213
85060,2016-11-06,17:37:00,52,3,4139
85061,2016-11-06,17:44:00,213,2,3089
85062,2016-11-06,17:46:00,442,1,1842
85063,2016-11-06,18:00:00,367,3,11242
85064,2016-11-06,18:01:00,453,2,11639
85065,2016-11-06,18:07:00,102,2,3289
85066,2016-11-06,18:07:00,99,2,3673
85067,2016-11-06,18:08:00,357,2,2669
85068,2016-11-06,18:22:00,390,1,1435
85069,2016-11-06,18:28:00,116,2,7438
85070,2016-11-06,18:29:00,197,1,705
85071,2016-11-06,18:37:00,32,2,6033
85072,2016-11-06,18:41:00,439,2,9022
85073,2016-11-06,18:43:00,74,4,10442
85074,2016-11-06,18:50:00,2,2,9596
85075,2016-11-06,18:50:00,133,3,3003
85076,2016-11-06,19:04:00,316,2,360
85077,2016-11-06,19:06:00,285,1,3619
85078,2016-11-06,19:08:00,270,5,5126
85079,2016-11-06,19:11:00,366,2,1153
85080,2016-11-06,19:11:00,254,1,9111
85081,2016-11-06,19:16:00,52,2,5673
85082,2016-11-06,19:16:00,357,3,10295
85083,2016-11-06,19:18:00,180,1,8261
85084,2016-11-06,19:21:00,304,3,11180
85085,2016-11-06,19:25:00,41,4,4342
85086,2016-11-06,19:36:00,103,4,2418
85087,2016-11-06,19:46:00,91,1,9679
85088,2016-11-06,19:46:00,171,2,6710
85089,2016-11-06,19:54:00,448,1,5339
85090,2016-11-06,19:55:00,131,2,8371
85091,2016-11-06,19:55:00,340,1,1298
85092,2016-11-06,20:07:00,315,2,3970
85093,2016-11-06,20:10:00,309,1,10762
85094,2016-11-06,20:15:00,131,2,1211
85095,2016-11-06,20:20:00,405,3,11283
85096,2016-11-06,20:20:00,80,5,7236
85097,2016-11-06,20:21:00,158,1,8314
85098,2016-11-06,20:25:00,98,2,2638
85099,2016-11-06,20:30:00,61,2,1143
85100,2016-11-06,20:39:00,217,2,11269
85101,2016-11-06,20:43:00,100,1,2687
85102,2016-11-06,20:43:00,417,1,9980
85103,2016-11-06,20:54:00,108,3,460
85104,2016-11-06,20:55:00,140,1,8746
85105,2016-11-06,21:07:00,28,2,3986
85106,2016-11-06,21:18:00,348,2,9820
85107,2016-11-06,21:27:00,151,2,1119
85108,2016-11-06,21:34:00,189,1,2230
85109,2016-11-06,21:41:00,69,3,7397
85110,2016-11-06,21:41:00,234,2,9151
85111,2016-11-06,21:46:00,268,1,5221
85112,2016-11-06,21:48:00,1,1,4799
85113,2016-11-06,21:52:00,411,3,5160
85114,2016-11-06,21:57:00,202,1,10794
85115,2016-11-06,22:10:00,382,2,3429
85116,2016-11-06,22:19:00,382,2,1961
85117,2016-11-06,22:24:00,300,1,5644
85118,2016-11-06,22:25:00,410,2,10830
85119,2016-11-06,22:30:00,221,2,8307
85120,2016-11-06,22:37:00,396,2,6610
85121,2016-11-06,22:50:00,149,2,9926
85122,2016-11-06,22:51:00,270,4,8401
85123,2016-11-06,22:55:00,48,2,5799
85124,2016-11-06,22:56:00,363,2,11772
85125,2016-11-06,23:28:00,452,2,9689
85126,2016-11-06,23:31:00,158,1,2536
85127,2016-11-06,23:45:00,424,1,1807
85128,2016-11-06,23:59:00,62,3,11922
85129,2016-11-07,00:02:00,357,2,7018
85130,2016-11-07,00:02:00,393,1,10775
85131,2016-11-07,00:09:00,332,2,9846
85132,2016-11-07,00:10:00,331,2,11066
85133,2016-11-07,00:29:00,188,1,6764
85134,2016-11-07,00:33:00,329,3,1641
85135,2016-11-07,00:37:00,126,6,7667
85136,2016-11-07,00:43:00,115,1,9430
85137,2016-11-07,00:47:00,317,2,560
85138,2016-11-07,01:17:00,415,1,8114
85139,2016-11-07,01:31:00,172,1,1133
85140,2016-11-07,01:32:00,368,2,7944
85141,2016-11-07,01:39:00,318,1,553
85142,2016-11-07,01:41:00,130,1,3122
85143,2016-11-07,01:45:00,70,2,2196
85144,2016-11-07,02:14:00,44,3,8399
85145,2016-11-07,02:15:00,31,1,9391
85146,2016-11-07,02:27:00,13,2,8224
85147,2016-11-07,02:28:00,11,2,10047
85148,2016-11-07,02:29:00,176,3,4249
85149,2016-11-07,02:35:00,300,1,9739
85150,2016-11-07,02:36:00,105,1,11201
85151,2016-11-07,02:37:00,115,4,8636
85152,2016-11-07,02:38:00,83,3,9696
85153,2016-11-07,02:55:00,200,3,2432
85154,2016-11-07,02:57:00,217,1,4644
85155,2016-11-07,02:57:00,275,1,2105
85156,2016-11-07,03:07:00,420,1,5697
85157,2016-11-07,03:10:00,92,2,4339
85158,2016-11-07,03:13:00,111,2,1680
85159,2016-11-07,03:36:00,335,2,1703
85160,2016-11-07,03:45:00,357,3,11171
85161,2016-11-07,03:52:00,70,2,11410
85162,2016-11-07,03:53:00,94,1,2375
85163,2016-11-07,03:54:00,9,1,11005
85164,2016-11-07,04:01:00,344,3,9583
85165,2016-11-07,04:14:00,245,3,6436
85166,2016-11-07,04:14:00,112,1,9269
85167,2016-11-07,04:16:00,306,1,2181
85168,2016-11-07,04:17:00,108,1,4641
85169,2016-11-07,04:31:00,389,2,5536
85170,2016-11-07,04:34:00,36,1,875
85171,2016-11-07,04:41:00,240,1,10439
85172,2016-11-07,04:42:00,364,1,5085
85173,2016-11-07,05:04:00,87,1,8439
85174,2016-11-07,05:09:00,297,3,635
85175,2016-11-07,05:10:00,328,2,2567
85176,2016-11-07,05:14:00,151,4,4712
85177,2016-11-07,05:23:00,373,4,10140
85178,2016-11-07,05:24:00,275,1,4367
85179,2016-11-07,05:25:00,69,1,8947
85180,2016-11-07,05:26:00,394,1,7500
85181,2016-11-07,05:30:00,46,3,846
85182,2016-11-07,05:30:00,394,3,11018
85183,2016-11-07,05:45:00,210,2,4830
85184,2016-11-07,05:47:00,431,2,8448
85185,2016-11-07,05:51:00,174,2,8199
85186,2016-11-07,05:55:00,382,3,2051
85187,2016-11-07,06:11:00,396,5,440
85188,2016-11-07,06:14:00,202,3,11807
85189,2016-11-07,06:14:00,365,2,2342
85190,2016-11-07,06:15:00,17,1,24
85191,2016-11-07,06:22:00,356,4,3392
85192,2016-11-07,06:25:00,200,2,3138
85193,2016-11-07,06:30:00,207,1,2245
85194,2016-11-07,06:32:00,264,1,10557
85195,2016-11-07,06:38:00,366,1,2667
85196,2016-11-07,06:47:00,33,1,7402
85197,2016-11-07,06:50:00,455,2,2232
85198,2016-11-07,06:51:00,44,1,9630
85199,2016-11-07,06:52:00,240,1,8699
85200,2016-11-07,06:57:00,384,1,11917
85201,2016-11-07,06:59:00,8,2,6716
85202,2016-11-07,07:02:00,121,2,1098
85203,2016-11-07,07:04:00,348,2,6285
85204,2016-11-07,07:05:00,242,1,3558
85205,2016-11-07,07:09:00,456,1,11307
85206,2016-11-07,07:10:00,255,1,6061
85207,2016-11-07,07:12:00,424,2,1380
85208,2016-11-07,07:15:00,205,4,7023
85209,2016-11-07,07:17:00,345,2,4313
85210,2016-11-07,07:28:00,377,1,9446
85211,2016-11-07,07:33:00,337,2,8110
85212,2016-11-07,07:36:00,203,1,1322
85213,2016-11-07,07:39:00,386,2,3112
85214,2016-11-07,07:49:00,182,1,5912
85215,2016-11-07,07:49:00,296,2,1845
85216,2016-11-07,07:56:00,14,1,1218
85217,2016-11-07,08:08:00,224,3,9958
85218,2016-11-07,08:10:00,148,2,11010
85219,2016-11-07,08:14:00,87,4,6831
85220,2016-11-07,08:15:00,258,2,5263
85221,2016-11-07,08:26:00,319,3,4637
85222,2016-11-07,08:42:00,192,2,6345
85223,2016-11-07,08:43:00,126,3,5096
85224,2016-11-07,08:49:00,285,4,10490
85225,2016-11-07,08:55:00,173,2,6140
85226,2016-11-07,08:57:00,70,2,1158
85227,2016-11-07,09:00:00,246,1,3914
85228,2016-11-07,09:02:00,453,1,10857
85229,2016-11-07,09:04:00,283,2,790
85230,2016-11-07,09:04:00,311,3,7769
85231,2016-11-07,09:15:00,49,2,722
85232,2016-11-07,09:15:00,80,1,6367
85233,2016-11-07,09:16:00,433,4,7844
85234,2016-11-07,09:18:00,3,2,6615
85235,2016-11-07,09:31:00,407,2,2613
85236,2016-11-07,09:45:00,50,1,3219
85237,2016-11-07,09:51:00,145,1,6459
85238,2016-11-07,10:01:00,403,1,4302
85239,2016-11-07,10:12:00,390,6,1651
85240,2016-11-07,10:20:00,394,2,3473
85241,2016-11-07,10:26:00,229,1,7476
85242,2016-11-07,10:30:00,431,1,6404
85243,2016-11-07,10:50:00,355,2,8981
85244,2016-11-07,10:55:00,185,1,1844
85245,2016-11-07,10:58:00,60,1,476
85246,2016-11-07,11:02:00,328,2,400
85247,2016-11-07,11:11:00,229,3,8691
85248,2016-11-07,11:13:00,170,1,9308
85249,2016-11-07,11:15:00,442,3,4434
85250,2016-11-07,11:20:00,103,1,11586
85251,2016-11-07,11:22:00,75,3,10718
85252,2016-11-07,11:27:00,171,2,3531
85253,2016-11-07,11:27:00,291,1,6575
85254,2016-11-07,11:29:00,119,1,34
85255,2016-11-07,11:36:00,128,1,7656
85256,2016-11-07,11:41:00,328,1,4611
85257,2016-11-07,11:51:00,435,3,2536
85258,2016-11-07,11:52:00,104,4,375
85259,2016-11-07,11:53:00,215,1,7479
85260,2016-11-07,11:53:00,178,2,6953
85261,2016-11-07,11:58:00,302,1,2133
85262,2016-11-07,11:58:00,265,3,905
85263,2016-11-07,12:04:00,7,3,8079
85264,2016-11-07,12:20:00,100,2,8517
85265,2016-11-07,12:29:00,428,3,3468
85266,2016-11-07,12:49:00,152,1,4256
85267,2016-11-07,12:49:00,341,1,3521
85268,2016-11-07,12:50:00,113,2,9830
85269,2016-11-07,12:50:00,132,1,4117
85270,2016-11-07,12:55:00,373,1,3959
85271,2016-11-07,13:03:00,419,2,2529
85272,2016-11-07,13:07:00,241,2,1965
85273,2016-11-07,13:12:00,36,1,5360
85274,2016-11-07,13:36:00,20,2,11134
85275,2016-11-07,13:42:00,195,1,6659
85276,2016-11-07,13:46:00,122,2,7702
85277,2016-11-07,13:49:00,2,2,11582
85278,2016-11-07,13:50:00,110,1,8820
85279,2016-11-07,13:50:00,308,1,9429
85280,2016-11-07,13:52:00,260,1,2690
85281,2016-11-07,14:01:00,226,2,309
85282,2016-11-07,14:04:00,149,2,4187
85283,2016-11-07,14:05:00,153,3,9359
85284,2016-11-07,14:09:00,27,3,10115
85285,2016-11-07,14:23:00,217,2,584
85286,2016-11-07,14:25:00,177,2,621
85287,2016-11-07,14:26:00,243,1,11514
85288,2016-11-07,14:27:00,397,2,11767
85289,2016-11-07,14:28:00,409,1,1794
85290,2016-11-07,14:32:00,173,3,1257
85291,2016-11-07,14:34:00,53,1,8287
85292,2016-11-07,14:47:00,272,3,5779
85293,2016-11-07,14:49:00,101,2,2178
85294,2016-11-07,14:51:00,183,2,4750
85295,2016-11-07,14:51:00,113,2,3697
85296,2016-11-07,14:54:00,294,3,4979
85297,2016-11-07,14:58:00,432,1,2702
85298,2016-11-07,15:00:00,152,2,3159
85299,2016-11-07,15:08:00,239,2,2249
85300,2016-11-07,15:09:00,195,4,3222
85301,2016-11-07,15:10:00,422,1,5934
85302,2016-11-07,15:11:00,305,2,7127
85303,2016-11-07,15:14:00,441,3,779
85304,2016-11-07,15:18:00,236,4,5167
85305,2016-11-07,15:22:00,287,1,5549
85306,2016-11-07,15:23:00,401,2,5203
85307,2016-11-07,15:26:00,105,2,4925
85308,2016-11-07,15:33:00,205,1,9955
85309,2016-11-07,15:33:00,301,1,11043
85310,2016-11-07,15:35:00,170,2,9600
85311,2016-11-07,15:44:00,424,1,1938
85312,2016-11-07,15:54:00,45,3,3650
85313,2016-11-07,15:57:00,9,3,8963
85314,2016-11-07,15:57:00,443,1,1927
85315,2016-11-07,15:57:00,368,2,613
85316,2016-11-07,15:59:00,383,1,675
85317,2016-11-07,16:07:00,156,1,10012
85318,2016-11-07,16:15:00,90,2,2981
85319,2016-11-07,16:16:00,334,2,382
85320,2016-11-07,16:23:00,285,3,133
85321,2016-11-07,16:31:00,303,1,1330
85322,2016-11-07,16:38:00,174,3,5042
85323,2016-11-07,16:41:00,144,1,8004
85324,2016-11-07,16:47:00,210,2,9729
85325,2016-11-07,16:48:00,261,1,11174
85326,2016-11-07,16:58:00,205,4,4086
85327,2016-11-07,17:04:00,332,3,4425
85328,2016-11-07,17:06:00,214,2,1033
85329,2016-11-07,17:09:00,385,4,8956
85330,2016-11-07,17:09:00,454,2,2930
85331,2016-11-07,17:13:00,400,3,3122
85332,2016-11-07,17:14:00,349,2,707
85333,2016-11-07,17:29:00,38,2,4289
85334,2016-11-07,17:30:00,436,1,3277
85335,2016-11-07,17:30:00,96,2,2303
85336,2016-11-07,17:32:00,196,2,10341
85337,2016-11-07,17:36:00,99,2,9439
85338,2016-11-07,17:48:00,210,3,11327
85339,2016-11-07,17:52:00,58,2,809
85340,2016-11-07,18:00:00,276,3,11812
85341,2016-11-07,18:05:00,279,2,1821
85342,2016-11-07,18:18:00,232,1,4651
85343,2016-11-07,18:19:00,232,1,2973
85344,2016-11-07,18:21:00,50,1,7658
85345,2016-11-07,18:21:00,7,2,3498
85346,2016-11-07,18:26:00,146,1,4036
85347,2016-11-07,18:26:00,230,1,3189
85348,2016-11-07,18:29:00,243,1,561
85349,2016-11-07,18:37:00,99,4,5177
85350,2016-11-07,18:40:00,214,1,11566
85351,2016-11-07,18:42:00,348,3,10334
85352,2016-11-07,18:50:00,190,2,8541
85353,2016-11-07,18:55:00,292,2,7322
85354,2016-11-07,18:56:00,17,1,1444
85355,2016-11-07,19:03:00,427,3,720
85356,2016-11-07,19:05:00,454,1,11924
85357,2016-11-07,19:09:00,269,2,2088
85358,2016-11-07,19:18:00,53,1,4485
85359,2016-11-07,19:22:00,369,1,515
85360,2016-11-07,19:23:00,392,1,1994
85361,2016-11-07,19:27:00,134,2,11950
85362,2016-11-07,19:30:00,183,1,2534
85363,2016-11-07,19:33:00,179,2,4481
85364,2016-11-07,19:35:00,457,1,8358
85365,2016-11-07,19:38:00,201,2,5807
85366,2016-11-07,19:39:00,319,2,9918
85367,2016-11-07,19:42:00,358,1,10551
85368,2016-11-07,19:49:00,189,2,505
85369,2016-11-07,19:50:00,9,1,8057
85370,2016-11-07,19:51:00,236,4,9685
85371,2016-11-07,19:57:00,76,1,4110
85372,2016-11-07,20:02:00,318,2,5878
85373,2016-11-07,20:06:00,364,3,6777
85374,2016-11-07,20:07:00,411,1,9281
85375,2016-11-07,20:08:00,240,1,6217
85376,2016-11-07,20:09:00,80,1,3331
85377,2016-11-07,20:10:00,184,3,2632
85378,2016-11-07,20:13:00,83,3,11520
85379,2016-11-07,20:14:00,394,3,8954
85380,2016-11-07,20:38:00,273,3,8036
85381,2016-11-07,20:40:00,267,1,2700
85382,2016-11-07,21:20:00,340,1,11568
85383,2016-11-07,21:24:00,187,1,8055
85384,2016-11-07,21:37:00,333,1,5813
85385,2016-11-07,21:42:00,318,1,776
85386,2016-11-07,21:45:00,66,2,2568
85387,2016-11-07,21:47:00,353,3,5755
85388,2016-11-07,21:47:00,151,1,1133
85389,2016-11-07,21:49:00,447,3,3913
85390,2016-11-07,21:51:00,67,4,9240
85391,2016-11-07,22:05:00,216,1,2008
85392,2016-11-07,22:09:00,139,1,4335
85393,2016-11-07,22:10:00,185,1,11088
85394,2016-11-07,22:27:00,158,1,5005
85395,2016-11-07,22:40:00,398,2,3554
85396,2016-11-07,22:53:00,431,3,2002
85397,2016-11-07,23:10:00,337,1,7094
85398,2016-11-07,23:11:00,342,3,9354
85399,2016-11-07,23:15:00,103,1,4966
85400,2016-11-07,23:28:00,356,1,3289
85401,2016-11-07,23:29:00,452,2,10420
85402,2016-11-07,23:35:00,311,2,6964
85403,2016-11-07,23:37:00,195,3,1680
85404,2016-11-07,23:40:00,21,1,11946
85405,2016-11-07,23:44:00,35,1,1142
85406,2016-11-07,23:45:00,63,2,1165
85407,2016-11-07,23:47:00,189,3,6967
85408,2016-11-07,23:57:00,377,1,7469
85409,2016-11-08,00:06:00,114,1,277
85410,2016-11-08,00:08:00,204,1,1572
85411,2016-11-08,00:14:00,153,3,4168
85412,2016-11-08,00:16:00,226,2,3656
85413,2016-11-08,00:25:00,116,1,2430
85414,2016-11-08,00:31:00,390,3,10482
85415,2016-11-08,00:36:00,398,2,4641
85416,2016-11-08,00:43:00,241,3,8267
85417,2016-11-08,00:44:00,181,2,5294
85418,2016-11-08,00:46:00,78,2,4645
85419,2016-11-08,00:49:00,24,2,3509
85420,2016-11-08,00:59:00,54,1,10286
85421,2016-11-08,01:01:00,376,4,11709
85422,2016-11-08,01:24:00,341,5,7213
85423,2016-11-08,01:43:00,209,2,3934
85424,2016-11-08,01:44:00,348,2,6649
85425,2016-11-08,01:44:00,363,1,7911
85426,2016-11-08,01:49:00,103,2,11550
85427,2016-11-08,02:05:00,216,4,6888
85428,2016-11-08,02:10:00,10,2,4018
85429,2016-11-08,02:11:00,78,1,2413
85430,2016-11-08,02:15:00,259,1,2273
85431,2016-11-08,02:22:00,249,2,10787
85432,2016-11-08,02:22:00,397,2,5623
85433,2016-11-08,02:24:00,310,3,10059
85434,2016-11-08,02:51:00,430,1,8876
85435,2016-11-08,03:05:00,93,2,9955
85436,2016-11-08,03:10:00,364,2,11442
85437,2016-11-08,03:12:00,20,2,5694
85438,2016-11-08,03:20:00,147,2,1293
85439,2016-11-08,03:25:00,276,4,6216
85440,2016-11-08,03:29:00,282,4,10451
85441,2016-11-08,03:29:00,76,2,6484
85442,2016-11-08,03:31:00,260,3,11416
85443,2016-11-08,03:42:00,20,4,7702
85444,2016-11-08,03:45:00,154,1,11917
85445,2016-11-08,03:53:00,385,3,903
85446,2016-11-08,03:53:00,416,2,10886
85447,2016-11-08,03:55:00,9,2,500
85448,2016-11-08,03:56:00,114,2,6204
85449,2016-11-08,04:01:00,194,2,10062
85450,2016-11-08,04:20:00,245,1,1516
85451,2016-11-08,04:20:00,148,1,9253
85452,2016-11-08,04:20:00,247,5,6068
85453,2016-11-08,04:29:00,224,2,6480
85454,2016-11-08,04:33:00,22,3,5375
85455,2016-11-08,04:44:00,354,2,5757
85456,2016-11-08,04:56:00,274,2,2301
85457,2016-11-08,04:59:00,210,2,9422
85458,2016-11-08,05:03:00,70,1,2897
85459,2016-11-08,05:04:00,402,1,4818
85460,2016-11-08,05:07:00,367,1,8189
85461,2016-11-08,05:13:00,1,2,7998
85462,2016-11-08,05:29:00,367,2,3669
85463,2016-11-08,05:33:00,384,5,10388
85464,2016-11-08,05:34:00,109,2,3184
85465,2016-11-08,05:34:00,341,3,4958
85466,2016-11-08,05:36:00,183,4,2271
85467,2016-11-08,05:42:00,134,2,2235
85468,2016-11-08,05:45:00,392,1,10993
85469,2016-11-08,05:45:00,245,3,10310
85470,2016-11-08,05:49:00,152,4,6546
85471,2016-11-08,05:53:00,51,1,6267
85472,2016-11-08,05:57:00,404,2,977
85473,2016-11-08,05:59:00,220,1,9177
85474,2016-11-08,06:00:00,432,1,8002
85475,2016-11-08,06:02:00,446,1,6030
85476,2016-11-08,06:07:00,21,2,1121
85477,2016-11-08,06:12:00,125,4,6444
85478,2016-11-08,06:12:00,258,3,981
85479,2016-11-08,06:20:00,275,1,1146
85480,2016-11-08,06:40:00,129,2,338
85481,2016-11-08,06:48:00,408,1,7875
85482,2016-11-08,06:52:00,374,3,9327
85483,2016-11-08,06:53:00,70,2,3900
85484,2016-11-08,06:53:00,261,3,7544
85485,2016-11-08,06:53:00,378,1,2431
85486,2016-11-08,07:06:00,51,2,5167
85487,2016-11-08,07:07:00,395,3,7568
85488,2016-11-08,07:07:00,454,1,1479
85489,2016-11-08,07:08:00,110,1,11686
85490,2016-11-08,07:12:00,133,2,4884
85491,2016-11-08,07:16:00,64,3,3002
85492,2016-11-08,07:17:00,364,1,7655
85493,2016-11-08,07:18:00,262,2,5247
85494,2016-11-08,07:23:00,281,2,3458
85495,2016-11-08,07:32:00,160,2,7308
85496,2016-11-08,07:42:00,218,2,1427
85497,2016-11-08,07:43:00,432,2,1030
85498,2016-11-08,07:46:00,22,3,3039
85499,2016-11-08,08:02:00,235,1,4060
85500,2016-11-08,08:04:00,139,2,285
85501,2016-11-08,08:05:00,199,2,7380
85502,2016-11-08,08:19:00,151,1,3312
85503,2016-11-08,08:23:00,320,2,3768
85504,2016-11-08,08:30:00,35,1,3288
85505,2016-11-08,08:40:00,337,2,9950
85506,2016-11-08,08:43:00,439,2,9123
85507,2016-11-08,08:43:00,414,4,11696
85508,2016-11-08,08:55:00,56,1,5028
85509,2016-11-08,09:01:00,170,4,6326
85510,2016-11-08,09:03:00,334,3,9315
85511,2016-11-08,09:05:00,334,2,7533
85512,2016-11-08,09:13:00,345,3,6110
85513,2016-11-08,09:19:00,440,2,8929
85514,2016-11-08,09:19:00,213,2,2720
85515,2016-11-08,09:37:00,49,1,8864
85516,2016-11-08,09:38:00,15,2,10633
85517,2016-11-08,09:50:00,14,3,7412
85518,2016-11-08,09:52:00,137,3,2062
85519,2016-11-08,09:54:00,133,4,4488
85520,2016-11-08,09:56:00,354,2,6675
85521,2016-11-08,09:58:00,53,1,11802
85522,2016-11-08,10:00:00,341,3,10863
85523,2016-11-08,10:00:00,137,4,1482
85524,2016-11-08,10:18:00,316,3,7966
85525,2016-11-08,10:31:00,271,1,4647
85526,2016-11-08,10:32:00,455,2,8982
85527,2016-11-08,10:35:00,171,2,11496
85528,2016-11-08,10:44:00,138,2,7180
85529,2016-11-08,10:47:00,322,2,9798
85530,2016-11-08,10:58:00,31,2,9062
85531,2016-11-08,11:02:00,274,2,1036
85532,2016-11-08,11:14:00,304,1,9201
85533,2016-11-08,11:17:00,230,2,6474
85534,2016-11-08,11:28:00,330,1,6489
85535,2016-11-08,11:32:00,297,1,3896
85536,2016-11-08,11:39:00,412,1,5884
85537,2016-11-08,11:41:00,360,1,514
85538,2016-11-08,11:42:00,247,2,11174
85539,2016-11-08,11:45:00,66,1,4494
85540,2016-11-08,11:54:00,152,1,3803
85541,2016-11-08,12:03:00,97,3,9047
85542,2016-11-08,12:03:00,166,1,214
85543,2016-11-08,12:09:00,396,2,2504
85544,2016-11-08,12:15:00,199,3,478
85545,2016-11-08,12:18:00,37,3,9071
85546,2016-11-08,12:22:00,75,1,6597
85547,2016-11-08,12:35:00,437,4,5345
85548,2016-11-08,12:44:00,310,1,11794
85549,2016-11-08,12:46:00,390,3,4557
85550,2016-11-08,12:50:00,142,2,10538
85551,2016-11-08,12:54:00,148,2,6482
85552,2016-11-08,12:58:00,154,1,10082
85553,2016-11-08,13:02:00,257,1,4988
85554,2016-11-08,13:07:00,182,4,9661
85555,2016-11-08,13:16:00,178,2,9072
85556,2016-11-08,13:19:00,95,1,7156
85557,2016-11-08,13:23:00,381,3,8685
85558,2016-11-08,13:34:00,453,2,745
85559,2016-11-08,13:35:00,189,1,4315
85560,2016-11-08,13:42:00,186,3,4209
85561,2016-11-08,13:53:00,117,2,11444
85562,2016-11-08,13:55:00,231,4,11854
85563,2016-11-08,14:00:00,197,2,3803
85564,2016-11-08,14:06:00,108,2,3200
85565,2016-11-08,14:16:00,135,1,6046
85566,2016-11-08,14:17:00,148,1,2874
85567,2016-11-08,14:18:00,144,1,6771
85568,2016-11-08,14:25:00,6,2,8483
85569,2016-11-08,14:30:00,1,2,2701
85570,2016-11-08,14:32:00,405,2,22
85571,2016-11-08,14:48:00,386,4,7317
85572,2016-11-08,15:02:00,108,3,8836
85573,2016-11-08,15:15:00,204,1,603
85574,2016-11-08,15:18:00,255,1,4449
85575,2016-11-08,15:26:00,194,2,4365
85576,2016-11-08,15:31:00,91,2,2664
85577,2016-11-08,15:41:00,171,2,6275
85578,2016-11-08,15:46:00,437,1,8527
85579,2016-11-08,15:47:00,210,2,1808
85580,2016-11-08,15:49:00,386,4,10267
85581,2016-11-08,15:55:00,190,1,6889
85582,2016-11-08,16:08:00,70,4,1123
85583,2016-11-08,16:15:00,140,3,3397
85584,2016-11-08,16:18:00,133,1,11531
85585,2016-11-08,16:19:00,15,2,5087
85586,2016-11-08,16:23:00,74,2,864
85587,2016-11-08,16:25:00,104,1,3687
85588,2016-11-08,16:29:00,370,3,6400
85589,2016-11-08,16:33:00,66,2,8341
85590,2016-11-08,16:38:00,108,2,11793
85591,2016-11-08,16:41:00,104,3,8678
85592,2016-11-08,16:45:00,25,1,1208
85593,2016-11-08,16:51:00,278,1,8096
85594,2016-11-08,16:55:00,402,2,7837
85595,2016-11-08,17:01:00,372,4,10970
85596,2016-11-08,17:17:00,388,2,8279
85597,2016-11-08,17:17:00,149,3,10083
85598,2016-11-08,17:18:00,266,1,7806
85599,2016-11-08,17:26:00,225,1,4186
85600,2016-11-08,17:29:00,330,4,9090
85601,2016-11-08,17:40:00,207,1,9136
85602,2016-11-08,17:45:00,450,1,276
85603,2016-11-08,17:53:00,135,1,2234
85604,2016-11-08,17:55:00,303,1,896
85605,2016-11-08,17:57:00,405,1,583
85606,2016-11-08,18:01:00,386,1,8400
85607,2016-11-08,18:08:00,203,2,10493
85608,2016-11-08,18:26:00,166,3,939
85609,2016-11-08,18:28:00,215,2,707
85610,2016-11-08,18:30:00,282,1,3680
85611,2016-11-08,18:31:00,52,1,5377
85612,2016-11-08,18:41:00,13,3,5769
85613,2016-11-08,18:42:00,364,2,6940
85614,2016-11-08,18:45:00,60,3,1809
85615,2016-11-08,18:54:00,168,1,1237
85616,2016-11-08,19:00:00,122,2,365
85617,2016-11-08,19:04:00,102,2,1711
85618,2016-11-08,19:15:00,202,1,800
85619,2016-11-08,19:17:00,458,3,8110
85620,2016-11-08,19:23:00,110,4,3730
85621,2016-11-08,19:25:00,409,1,2553
85622,2016-11-08,19:27:00,160,2,5225
85623,2016-11-08,19:51:00,366,1,1541
85624,2016-11-08,19:57:00,139,1,10840
85625,2016-11-08,20:00:00,456,2,5467
85626,2016-11-08,20:09:00,377,7,9203
85627,2016-11-08,20:09:00,93,4,3360
85628,2016-11-08,20:11:00,151,2,10029
85629,2016-11-08,20:17:00,417,3,9022
85630,2016-11-08,20:20:00,103,2,5289
85631,2016-11-08,20:21:00,34,2,534
85632,2016-11-08,20:23:00,418,1,1379
85633,2016-11-08,20:23:00,49,2,6419
85634,2016-11-08,20:30:00,236,2,11989
85635,2016-11-08,20:46:00,421,2,1767
85636,2016-11-08,20:49:00,130,1,1026
85637,2016-11-08,20:50:00,273,3,2725
85638,2016-11-08,20:51:00,199,1,2562
85639,2016-11-08,20:53:00,128,2,4241
85640,2016-11-08,20:55:00,227,2,10592
85641,2016-11-08,21:00:00,253,2,810
85642,2016-11-08,21:03:00,393,1,3867
85643,2016-11-08,21:03:00,32,2,1911
85644,2016-11-08,21:05:00,450,1,758
85645,2016-11-08,21:08:00,46,1,4766
85646,2016-11-08,21:09:00,35,1,5463
85647,2016-11-08,21:10:00,362,1,4571
85648,2016-11-08,21:13:00,426,2,11212
85649,2016-11-08,21:29:00,392,1,7491
85650,2016-11-08,21:44:00,181,3,11029
85651,2016-11-08,21:45:00,393,1,6276
85652,2016-11-08,21:55:00,223,6,3153
85653,2016-11-08,21:56:00,8,2,7286
85654,2016-11-08,21:56:00,23,2,3227
85655,2016-11-08,21:57:00,261,3,3442
85656,2016-11-08,21:57:00,455,3,9189
85657,2016-11-08,21:59:00,2,2,1499
85658,2016-11-08,21:59:00,16,2,3608
85659,2016-11-08,22:10:00,284,1,1342
85660,2016-11-08,22:16:00,98,2,6454
85661,2016-11-08,22:31:00,99,1,4842
85662,2016-11-08,22:36:00,335,4,11351
85663,2016-11-08,22:37:00,405,2,2111
85664,2016-11-08,22:38:00,71,1,1699
85665,2016-11-08,22:39:00,165,3,2808
85666,2016-11-08,22:55:00,137,2,8417
85667,2016-11-08,23:03:00,131,4,7325
85668,2016-11-08,23:07:00,215,3,8194
85669,2016-11-08,23:10:00,210,3,6895
85670,2016-11-08,23:13:00,340,1,5146
85671,2016-11-08,23:35:00,170,1,8107
85672,2016-11-08,23:43:00,138,1,5341
85673,2016-11-08,23:46:00,55,1,10741
85674,2016-11-08,23:48:00,346,1,10115
85675,2016-11-08,23:53:00,257,2,4899
85676,2016-11-09,00:05:00,323,2,11039
85677,2016-11-09,00:20:00,249,2,1910
85678,2016-11-09,00:22:00,1,1,1802
85679,2016-11-09,00:29:00,354,3,948
85680,2016-11-09,00:29:00,153,3,11819
85681,2016-11-09,00:31:00,415,2,10266
85682,2016-11-09,00:35:00,420,2,11668
85683,2016-11-09,00:37:00,14,4,6737
85684,2016-11-09,00:46:00,421,3,2647
85685,2016-11-09,00:50:00,232,1,4234
85686,2016-11-09,01:09:00,28,2,9765
85687,2016-11-09,01:11:00,234,1,9384
85688,2016-11-09,01:14:00,458,4,8149
85689,2016-11-09,01:17:00,150,3,3567
85690,2016-11-09,01:30:00,25,2,3924
85691,2016-11-09,01:34:00,352,1,639
85692,2016-11-09,01:42:00,92,1,4945
85693,2016-11-09,01:44:00,319,1,9073
85694,2016-11-09,01:51:00,288,3,4158
85695,2016-11-09,02:03:00,348,4,692
85696,2016-11-09,02:22:00,174,1,1206
85697,2016-11-09,02:31:00,244,1,9440
85698,2016-11-09,02:39:00,365,1,10239
85699,2016-11-09,02:45:00,84,2,11214
85700,2016-11-09,02:55:00,171,1,1953
85701,2016-11-09,02:55:00,249,2,1752
85702,2016-11-09,02:57:00,3,2,3810
85703,2016-11-09,03:08:00,450,1,9612
85704,2016-11-09,03:20:00,348,3,6058
85705,2016-11-09,03:25:00,104,1,10700
85706,2016-11-09,03:34:00,31,3,6110
85707,2016-11-09,03:39:00,281,3,3890
85708,2016-11-09,03:45:00,39,2,6434
85709,2016-11-09,04:07:00,343,1,6024
85710,2016-11-09,04:10:00,211,1,4227
85711,2016-11-09,04:24:00,308,3,3374
85712,2016-11-09,04:26:00,437,2,3541
85713,2016-11-09,04:27:00,36,2,8345
85714,2016-11-09,04:28:00,220,3,4334
85715,2016-11-09,04:30:00,248,1,490
85716,2016-11-09,04:31:00,371,2,10412
85717,2016-11-09,04:36:00,419,1,7746
85718,2016-11-09,04:38:00,421,2,10123
85719,2016-11-09,04:42:00,423,1,10225
85720,2016-11-09,04:47:00,264,1,872
85721,2016-11-09,04:49:00,363,2,9749
85722,2016-11-09,04:54:00,368,1,2850
85723,2016-11-09,04:55:00,255,1,5013
85724,2016-11-09,04:59:00,149,2,11114
85725,2016-11-09,05:00:00,239,2,139
85726,2016-11-09,05:02:00,331,4,8743
85727,2016-11-09,05:03:00,149,3,3153
85728,2016-11-09,05:03:00,43,1,4844
85729,2016-11-09,05:13:00,4,1,1420
85730,2016-11-09,05:22:00,195,2,7602
85731,2016-11-09,05:36:00,87,1,11548
85732,2016-11-09,05:39:00,361,2,4008
85733,2016-11-09,05:41:00,306,1,5865
85734,2016-11-09,06:04:00,377,3,8776
85735,2016-11-09,06:05:00,307,1,2557
85736,2016-11-09,06:09:00,338,2,10344
85737,2016-11-09,06:13:00,249,1,6707
85738,2016-11-09,06:16:00,268,4,8836
85739,2016-11-09,06:18:00,211,2,8234
85740,2016-11-09,06:18:00,141,1,4768
85741,2016-11-09,06:24:00,146,1,6166
85742,2016-11-09,06:27:00,136,1,8804
85743,2016-11-09,06:28:00,86,1,598
85744,2016-11-09,06:31:00,335,1,8313
85745,2016-11-09,06:33:00,128,2,1702
85746,2016-11-09,06:38:00,437,3,10754
85747,2016-11-09,06:52:00,218,2,8556
85748,2016-11-09,07:02:00,242,3,5732
85749,2016-11-09,07:09:00,370,1,4909
85750,2016-11-09,07:13:00,207,2,2839
85751,2016-11-09,07:27:00,329,1,9274
85752,2016-11-09,07:33:00,264,3,8845
85753,2016-11-09,07:42:00,421,1,5424
85754,2016-11-09,07:45:00,62,4,7484
85755,2016-11-09,07:56:00,258,2,2786
85756,2016-11-09,08:07:00,65,1,4262
85757,2016-11-09,08:20:00,229,1,7650
85758,2016-11-09,08:22:00,196,2,8575
85759,2016-11-09,08:24:00,128,2,1336
85760,2016-11-09,08:26:00,29,2,7128
85761,2016-11-09,08:30:00,66,2,2103
85762,2016-11-09,08:44:00,68,2,6653
85763,2016-11-09,08:48:00,170,1,583
85764,2016-11-09,08:53:00,83,5,10356
85765,2016-11-09,08:57:00,88,3,10899
85766,2016-11-09,08:59:00,355,2,153
85767,2016-11-09,08:59:00,310,1,3007
85768,2016-11-09,09:03:00,202,3,4998
85769,2016-11-09,09:05:00,266,3,4137
85770,2016-11-09,09:15:00,122,3,28
85771,2016-11-09,09:39:00,9,1,7357
85772,2016-11-09,09:49:00,153,2,2195
85773,2016-11-09,09:56:00,190,2,9819
85774,2016-11-09,10:20:00,301,2,6177
85775,2016-11-09,10:21:00,186,3,6418
85776,2016-11-09,10:24:00,302,3,6826
85777,2016-11-09,10:27:00,199,1,10396
85778,2016-11-09,10:32:00,140,1,211
85779,2016-11-09,10:33:00,187,3,3654
85780,2016-11-09,10:35:00,48,4,7604
85781,2016-11-09,10:38:00,176,2,9701
85782,2016-11-09,10:44:00,11,2,3338
85783,2016-11-09,10:44:00,69,1,9033
85784,2016-11-09,10:52:00,96,1,1348
85785,2016-11-09,10:54:00,57,3,5382
85786,2016-11-09,10:58:00,302,2,8483
85787,2016-11-09,11:08:00,386,2,4816
85788,2016-11-09,11:16:00,408,1,10453
85789,2016-11-09,11:35:00,87,1,719
85790,2016-11-09,11:37:00,119,1,5925
85791,2016-11-09,11:37:00,97,1,7854
85792,2016-11-09,11:38:00,174,2,4662
85793,2016-11-09,11:41:00,80,3,5564
85794,2016-11-09,11:42:00,73,1,11967
85795,2016-11-09,11:43:00,211,1,8427
85796,2016-11-09,12:00:00,280,3,4834
85797,2016-11-09,12:21:00,286,1,10351
85798,2016-11-09,12:33:00,159,4,8383
85799,2016-11-09,12:35:00,441,2,5855
85800,2016-11-09,12:38:00,188,2,7417
85801,2016-11-09,12:42:00,70,1,9800
85802,2016-11-09,12:47:00,397,1,3562
85803,2016-11-09,12:53:00,124,2,8308
85804,2016-11-09,13:01:00,372,1,4529
85805,2016-11-09,13:09:00,211,2,2786
85806,2016-11-09,13:17:00,432,2,1551
85807,2016-11-09,13:17:00,4,2,8579
85808,2016-11-09,13:21:00,283,2,8822
85809,2016-11-09,13:28:00,291,1,5043
85810,2016-11-09,13:39:00,451,3,3628
85811,2016-11-09,13:47:00,340,3,8824
85812,2016-11-09,13:51:00,391,1,7641
85813,2016-11-09,14:04:00,113,2,6361
85814,2016-11-09,14:08:00,222,2,9772
85815,2016-11-09,14:10:00,38,3,11641
85816,2016-11-09,14:13:00,367,1,4730
85817,2016-11-09,14:20:00,192,1,1129
85818,2016-11-09,14:26:00,441,2,1046
85819,2016-11-09,14:30:00,125,2,2591
85820,2016-11-09,14:34:00,309,1,6191
85821,2016-11-09,14:36:00,287,1,11648
85822,2016-11-09,14:40:00,436,4,11209
85823,2016-11-09,14:44:00,112,2,4249
85824,2016-11-09,14:47:00,293,2,6924
85825,2016-11-09,14:48:00,113,5,10834
85826,2016-11-09,14:53:00,147,2,826
85827,2016-11-09,14:57:00,317,5,7532
85828,2016-11-09,15:00:00,403,1,889
85829,2016-11-09,15:01:00,164,3,10178
85830,2016-11-09,15:02:00,181,2,1457
85831,2016-11-09,15:06:00,173,2,10703
85832,2016-11-09,15:07:00,324,2,8428
85833,2016-11-09,15:09:00,111,2,6802
85834,2016-11-09,15:16:00,161,2,7544
85835,2016-11-09,15:17:00,121,4,8557
85836,2016-11-09,15:35:00,139,1,3650
85837,2016-11-09,15:36:00,211,4,922
85838,2016-11-09,15:39:00,62,1,5505
85839,2016-11-09,15:53:00,370,2,11487
85840,2016-11-09,16:04:00,287,5,3715
85841,2016-11-09,16:06:00,164,2,9934
85842,2016-11-09,16:08:00,177,1,7084
85843,2016-11-09,16:09:00,351,2,4557
85844,2016-11-09,16:11:00,167,2,5701
85845,2016-11-09,16:11:00,47,2,10863
85846,2016-11-09,16:13:00,415,2,4210
85847,2016-11-09,16:14:00,442,3,9562
85848,2016-11-09,16:18:00,321,2,3182
85849,2016-11-09,16:18:00,221,1,10864
85850,2016-11-09,16:20:00,338,2,2114
85851,2016-11-09,16:25:00,374,1,891
85852,2016-11-09,16:29:00,340,1,10353
85853,2016-11-09,16:30:00,80,2,1615
85854,2016-11-09,16:37:00,415,1,4917
85855,2016-11-09,16:39:00,404,2,7354
85856,2016-11-09,16:39:00,350,3,11127
85857,2016-11-09,16:44:00,201,1,3399
85858,2016-11-09,16:44:00,367,2,4416
85859,2016-11-09,16:46:00,167,2,5194
85860,2016-11-09,16:48:00,414,3,11616
85861,2016-11-09,16:48:00,432,1,1943
85862,2016-11-09,16:49:00,353,1,11300
85863,2016-11-09,16:49:00,196,4,3888
85864,2016-11-09,16:49:00,230,1,2063
85865,2016-11-09,16:52:00,225,3,2442
85866,2016-11-09,16:53:00,417,2,7803
85867,2016-11-09,16:57:00,247,1,9964
85868,2016-11-09,16:57:00,252,1,3493
85869,2016-11-09,16:58:00,8,1,2668
85870,2016-11-09,16:58:00,289,2,1374
85871,2016-11-09,17:06:00,91,1,1685
85872,2016-11-09,17:13:00,209,1,9524
85873,2016-11-09,17:21:00,173,3,2556
85874,2016-11-09,17:23:00,103,2,6065
85875,2016-11-09,17:29:00,360,2,785
85876,2016-11-09,17:35:00,190,2,3519
85877,2016-11-09,17:42:00,201,1,11966
85878,2016-11-09,17:53:00,366,1,9322
85879,2016-11-09,17:56:00,390,2,8948
85880,2016-11-09,17:56:00,451,1,6927
85881,2016-11-09,17:56:00,6,2,11449
85882,2016-11-09,17:58:00,450,1,3803
85883,2016-11-09,18:09:00,439,1,11936
85884,2016-11-09,18:18:00,138,3,3241
85885,2016-11-09,18:24:00,259,1,10788
85886,2016-11-09,18:29:00,322,3,11975
85887,2016-11-09,18:35:00,368,2,1224
85888,2016-11-09,18:36:00,76,3,100
85889,2016-11-09,18:38:00,303,2,296
85890,2016-11-09,18:38:00,147,1,2865
85891,2016-11-09,18:40:00,301,1,15
85892,2016-11-09,18:41:00,315,1,3175
85893,2016-11-09,18:50:00,107,3,11134
85894,2016-11-09,18:54:00,21,3,3514
85895,2016-11-09,19:02:00,226,1,4476
85896,2016-11-09,19:10:00,182,1,1003
85897,2016-11-09,19:10:00,242,3,2464
85898,2016-11-09,19:13:00,288,3,6123
85899,2016-11-09,19:15:00,219,2,6496
85900,2016-11-09,19:18:00,237,3,2732
85901,2016-11-09,19:19:00,122,1,9104
85902,2016-11-09,19:22:00,108,2,3300
85903,2016-11-09,19:31:00,208,3,11214
85904,2016-11-09,19:33:00,64,3,2647
85905,2016-11-09,19:38:00,128,3,10265
85906,2016-11-09,19:40:00,32,4,10514
85907,2016-11-09,19:43:00,285,1,7785
85908,2016-11-09,19:53:00,453,2,7715
85909,2016-11-09,19:54:00,147,1,1738
85910,2016-11-09,20:02:00,6,1,5104
85911,2016-11-09,20:10:00,109,1,7300
85912,2016-11-09,20:15:00,385,1,3328
85913,2016-11-09,20:19:00,257,3,11856
85914,2016-11-09,20:22:00,156,1,5585
85915,2016-11-09,20:43:00,208,2,8703
85916,2016-11-09,20:50:00,88,2,7836
85917,2016-11-09,21:03:00,338,2,5822
85918,2016-11-09,21:11:00,259,4,5286
85919,2016-11-09,21:13:00,15,2,6191
85920,2016-11-09,21:22:00,12,3,257
85921,2016-11-09,21:23:00,338,1,6308
85922,2016-11-09,21:31:00,29,1,2561
85923,2016-11-09,21:35:00,415,2,10903
85924,2016-11-09,21:43:00,383,1,3880
85925,2016-11-09,21:49:00,297,1,1469
85926,2016-11-09,21:53:00,349,2,754
85927,2016-11-09,21:56:00,457,2,1150
85928,2016-11-09,21:58:00,31,2,1139
85929,2016-11-09,22:07:00,439,1,2606
85930,2016-11-09,22:23:00,21,3,10839
85931,2016-11-09,22:28:00,257,1,6130
85932,2016-11-09,22:29:00,440,3,1380
85933,2016-11-09,22:30:00,369,1,2672
85934,2016-11-09,22:30:00,110,2,428
85935,2016-11-09,22:39:00,222,1,3290
85936,2016-11-09,22:41:00,454,2,2636
85937,2016-11-09,22:45:00,97,2,8524
85938,2016-11-09,22:49:00,30,3,3903
85939,2016-11-09,22:54:00,30,3,1850
85940,2016-11-09,22:54:00,240,1,8632
85941,2016-11-09,22:59:00,250,2,10601
85942,2016-11-09,23:00:00,23,1,10804
85943,2016-11-09,23:02:00,34,2,10929
85944,2016-11-09,23:13:00,106,2,7430
85945,2016-11-09,23:17:00,49,1,4466
85946,2016-11-09,23:20:00,455,2,5146
85947,2016-11-09,23:23:00,204,1,5362
85948,2016-11-09,23:28:00,351,2,5247
85949,2016-11-09,23:29:00,141,1,4779
85950,2016-11-09,23:30:00,240,2,5645
85951,2016-11-09,23:31:00,121,1,11555
85952,2016-11-09,23:35:00,242,1,9417
85953,2016-11-09,23:41:00,1,3,3563
85954,2016-11-09,23:49:00,404,1,920
85955,2016-11-09,23:56:00,333,1,157
85956,2016-11-10,00:05:00,264,3,3683
85957,2016-11-10,00:08:00,265,1,8752
85958,2016-11-10,00:09:00,267,2,267
85959,2016-11-10,00:14:00,42,3,4173
85960,2016-11-10,00:19:00,104,2,5736
85961,2016-11-10,00:22:00,208,1,4176
85962,2016-11-10,00:22:00,28,1,6414
85963,2016-11-10,00:33:00,65,2,9990
85964,2016-11-10,00:42:00,343,1,6707
85965,2016-11-10,00:45:00,118,3,5317
85966,2016-11-10,00:45:00,153,2,1952
85967,2016-11-10,00:49:00,83,3,9782
85968,2016-11-10,00:54:00,363,4,6340
85969,2016-11-10,01:00:00,411,1,600
85970,2016-11-10,01:09:00,428,3,670
85971,2016-11-10,01:28:00,422,1,6744
85972,2016-11-10,01:36:00,284,1,4085
85973,2016-11-10,01:39:00,395,3,4571
85974,2016-11-10,01:45:00,378,1,8889
85975,2016-11-10,01:47:00,309,3,2771
85976,2016-11-10,02:05:00,170,2,1454
85977,2016-11-10,02:16:00,328,1,7585
85978,2016-11-10,02:17:00,59,1,10436
85979,2016-11-10,02:19:00,345,4,1050
85980,2016-11-10,02:27:00,335,4,10656
85981,2016-11-10,02:28:00,267,1,9946
85982,2016-11-10,02:30:00,414,1,7126
85983,2016-11-10,02:40:00,120,1,6535
85984,2016-11-10,02:43:00,328,3,2265
85985,2016-11-10,02:51:00,307,2,1697
85986,2016-11-10,03:00:00,8,3,3419
85987,2016-11-10,03:01:00,273,2,7529
85988,2016-11-10,03:02:00,406,4,5484
85989,2016-11-10,03:03:00,209,3,7375
85990,2016-11-10,03:08:00,239,1,285
85991,2016-11-10,03:14:00,266,1,8804
85992,2016-11-10,03:15:00,386,2,354
85993,2016-11-10,03:16:00,115,1,6439
85994,2016-11-10,03:19:00,9,4,8254
85995,2016-11-10,03:20:00,195,2,6029
85996,2016-11-10,03:36:00,249,1,1607
85997,2016-11-10,03:37:00,279,4,735
85998,2016-11-10,03:41:00,254,2,9015
85999,2016-11-10,03:43:00,85,2,11212
86000,2016-11-10,03:58:00,48,2,310
86001,2016-11-10,03:59:00,253,2,4783
86002,2016-11-10,04:01:00,106,3,7296
86003,2016-11-10,04:13:00,275,3,5143
86004,2016-11-10,04:14:00,106,5,4956
86005,2016-11-10,04:17:00,246,2,6494
86006,2016-11-10,04:22:00,292,1,8918
86007,2016-11-10,04:26:00,409,1,1566
86008,2016-11-10,04:36:00,118,1,8079
86009,2016-11-10,04:37:00,289,2,4800
86010,2016-11-10,04:40:00,225,4,3711
86011,2016-11-10,04:54:00,97,2,10790
86012,2016-11-10,04:59:00,55,1,6422
86013,2016-11-10,05:09:00,45,1,4635
86014,2016-11-10,05:16:00,336,1,7912
86015,2016-11-10,05:21:00,40,2,8738
86016,2016-11-10,05:31:00,411,2,2657
86017,2016-11-10,05:34:00,330,2,1475
86018,2016-11-10,05:35:00,396,2,11576
86019,2016-11-10,05:45:00,45,2,2600
86020,2016-11-10,05:53:00,53,4,3209
86021,2016-11-10,06:03:00,82,1,6675
86022,2016-11-10,06:08:00,277,3,8962
86023,2016-11-10,06:12:00,409,1,5204
86024,2016-11-10,06:20:00,47,4,10190
86025,2016-11-10,06:25:00,346,1,2363
86026,2016-11-10,06:35:00,318,2,5611
86027,2016-11-10,06:50:00,372,3,8222
86028,2016-11-10,06:50:00,89,2,7198
86029,2016-11-10,06:55:00,202,3,9935
86030,2016-11-10,06:56:00,237,1,11607
86031,2016-11-10,07:00:00,191,2,3072
86032,2016-11-10,07:04:00,126,1,9300
86033,2016-11-10,07:08:00,29,2,8216
86034,2016-11-10,07:09:00,314,4,8234
86035,2016-11-10,07:11:00,230,2,264
86036,2016-11-10,07:16:00,34,2,3743
86037,2016-11-10,07:20:00,160,3,1555
86038,2016-11-10,07:21:00,427,1,1171
86039,2016-11-10,07:30:00,292,2,452
86040,2016-11-10,07:43:00,273,2,7372
86041,2016-11-10,07:44:00,371,1,6340
86042,2016-11-10,07:48:00,33,3,9285
86043,2016-11-10,07:51:00,298,1,7238
86044,2016-11-10,08:01:00,221,2,2664
86045,2016-11-10,08:04:00,49,1,10741
86046,2016-11-10,08:07:00,218,2,7362
86047,2016-11-10,08:08:00,204,1,2860
86048,2016-11-10,08:09:00,52,2,2500
86049,2016-11-10,08:21:00,371,3,3260
86050,2016-11-10,08:30:00,356,2,1837
86051,2016-11-10,08:30:00,456,1,239
86052,2016-11-10,08:41:00,220,3,11975
86053,2016-11-10,08:42:00,230,2,11451
86054,2016-11-10,08:51:00,291,1,9784
86055,2016-11-10,08:54:00,70,1,3882
86056,2016-11-10,08:54:00,427,2,9272
86057,2016-11-10,09:10:00,343,1,8563
86058,2016-11-10,09:19:00,345,4,8076
86059,2016-11-10,09:31:00,171,3,3949
86060,2016-11-10,09:34:00,327,2,11345
86061,2016-11-10,09:36:00,181,2,3741
86062,2016-11-10,09:40:00,325,2,7701
86063,2016-11-10,09:46:00,357,2,3844
86064,2016-11-10,09:47:00,23,3,8474
86065,2016-11-10,09:53:00,147,3,3834
86066,2016-11-10,09:55:00,182,3,5171
86067,2016-11-10,10:01:00,65,1,1394
86068,2016-11-10,10:07:00,282,1,9432
86069,2016-11-10,10:08:00,345,2,9865
86070,2016-11-10,10:08:00,343,1,1727
86071,2016-11-10,10:10:00,106,2,8785
86072,2016-11-10,10:17:00,174,3,2815
86073,2016-11-10,10:18:00,125,4,5381
86074,2016-11-10,10:23:00,423,1,119
86075,2016-11-10,10:24:00,28,2,1562
86076,2016-11-10,10:34:00,77,2,9245
86077,2016-11-10,10:37:00,199,1,11620
86078,2016-11-10,10:56:00,115,1,4032
86079,2016-11-10,10:56:00,278,1,7500
86080,2016-11-10,10:57:00,128,3,8347
86081,2016-11-10,11:07:00,320,3,1518
86082,2016-11-10,11:12:00,58,1,1713
86083,2016-11-10,11:41:00,182,1,6219
86084,2016-11-10,11:59:00,305,3,3613
86085,2016-11-10,11:59:00,183,2,3320
86086,2016-11-10,12:03:00,73,1,10464
86087,2016-11-10,12:13:00,430,2,452
86088,2016-11-10,12:15:00,110,2,4790
86089,2016-11-10,12:20:00,119,3,3494
86090,2016-11-10,12:23:00,129,1,1809
86091,2016-11-10,12:27:00,1,1,5276
86092,2016-11-10,12:28:00,366,2,5539
86093,2016-11-10,12:32:00,31,3,10912
86094,2016-11-10,12:32:00,109,1,3473
86095,2016-11-10,12:36:00,175,2,9808
86096,2016-11-10,12:37:00,231,5,10570
86097,2016-11-10,12:38:00,327,1,3259
86098,2016-11-10,12:58:00,315,3,2869
86099,2016-11-10,13:00:00,181,2,881
86100,2016-11-10,13:02:00,159,1,8095
86101,2016-11-10,13:12:00,83,2,2175
86102,2016-11-10,13:15:00,209,2,8386
86103,2016-11-10,13:18:00,437,4,2703
86104,2016-11-10,13:22:00,56,2,3745
86105,2016-11-10,13:22:00,78,3,8805
86106,2016-11-10,13:28:00,18,2,6602
86107,2016-11-10,13:32:00,165,1,3659
86108,2016-11-10,13:39:00,20,3,4957
86109,2016-11-10,13:47:00,458,2,8835
86110,2016-11-10,13:51:00,245,4,4703
86111,2016-11-10,13:55:00,14,1,1907
86112,2016-11-10,14:02:00,293,1,1728
86113,2016-11-10,14:17:00,28,2,2518
86114,2016-11-10,14:25:00,72,2,8842
86115,2016-11-10,14:36:00,104,1,3726
86116,2016-11-10,14:38:00,154,3,2611
86117,2016-11-10,14:43:00,221,1,7692
86118,2016-11-10,14:47:00,98,3,1499
86119,2016-11-10,14:48:00,156,2,8520
86120,2016-11-10,14:56:00,23,1,5218
86121,2016-11-10,15:11:00,401,2,10914
86122,2016-11-10,15:17:00,119,4,6781
86123,2016-11-10,15:19:00,15,2,826
86124,2016-11-10,15:22:00,61,4,2180
86125,2016-11-10,15:23:00,398,1,5710
86126,2016-11-10,15:27:00,192,1,3033
86127,2016-11-10,15:29:00,278,1,2956
86128,2016-11-10,15:37:00,328,2,10010
86129,2016-11-10,15:39:00,261,1,2285
86130,2016-11-10,15:47:00,211,1,8143
86131,2016-11-10,15:49:00,380,2,195
86132,2016-11-10,15:50:00,90,2,8733
86133,2016-11-10,15:55:00,46,3,8655
86134,2016-11-10,15:56:00,197,1,715
86135,2016-11-10,15:59:00,24,2,10164
86136,2016-11-10,16:02:00,348,2,4595
86137,2016-11-10,16:05:00,415,3,1719
86138,2016-11-10,16:30:00,27,2,1421
86139,2016-11-10,16:31:00,419,1,1619
86140,2016-11-10,16:35:00,31,3,2976
86141,2016-11-10,16:47:00,165,1,10772
86142,2016-11-10,16:49:00,249,2,5693
86143,2016-11-10,16:50:00,386,2,10369
86144,2016-11-10,16:52:00,139,2,4485
86145,2016-11-10,16:56:00,261,1,8770
86146,2016-11-10,16:59:00,242,2,3977
86147,2016-11-10,17:01:00,3,3,10555
86148,2016-11-10,17:18:00,186,1,6316
86149,2016-11-10,17:23:00,159,5,9467
86150,2016-11-10,17:27:00,213,1,10525
86151,2016-11-10,17:28:00,56,2,4958
86152,2016-11-10,17:31:00,431,3,9096
86153,2016-11-10,17:58:00,273,2,6163
86154,2016-11-10,18:04:00,269,1,10470
86155,2016-11-10,18:08:00,88,2,11963
86156,2016-11-10,18:23:00,195,1,4209
86157,2016-11-10,18:35:00,264,1,3894
86158,2016-11-10,18:38:00,363,5,7181
86159,2016-11-10,18:51:00,25,2,407
86160,2016-11-10,18:55:00,70,2,9526
86161,2016-11-10,18:57:00,259,5,5115
86162,2016-11-10,18:59:00,262,2,3265
86163,2016-11-10,19:01:00,50,1,283
86164,2016-11-10,19:04:00,232,3,4631
86165,2016-11-10,19:17:00,276,1,11205
86166,2016-11-10,19:20:00,420,2,2228
86167,2016-11-10,19:22:00,199,2,3861
86168,2016-11-10,19:23:00,95,2,675
86169,2016-11-10,19:29:00,376,3,1854
86170,2016-11-10,19:35:00,408,2,8203
86171,2016-11-10,19:40:00,40,3,7218
86172,2016-11-10,19:51:00,256,2,11094
86173,2016-11-10,20:15:00,176,2,6030
86174,2016-11-10,20:19:00,143,1,11037
86175,2016-11-10,20:31:00,399,3,7119
86176,2016-11-10,20:46:00,274,1,7858
86177,2016-11-10,20:51:00,448,3,11627
86178,2016-11-10,20:52:00,117,1,536
86179,2016-11-10,20:53:00,329,3,8426
86180,2016-11-10,20:57:00,248,1,10112
86181,2016-11-10,20:59:00,24,1,6406
86182,2016-11-10,20:59:00,164,1,8386
86183,2016-11-10,21:01:00,395,2,1390
86184,2016-11-10,21:05:00,66,3,10588
86185,2016-11-10,21:13:00,456,1,1417
86186,2016-11-10,21:16:00,48,2,1198
86187,2016-11-10,21:19:00,352,1,3843
86188,2016-11-10,21:24:00,159,5,2655
86189,2016-11-10,21:25:00,195,2,6622
86190,2016-11-10,21:26:00,287,1,10094
86191,2016-11-10,21:31:00,96,3,10535
86192,2016-11-10,21:32:00,262,1,10328
86193,2016-11-10,21:36:00,16,1,6217
86194,2016-11-10,21:48:00,123,4,5494
86195,2016-11-10,21:56:00,257,1,4435
86196,2016-11-10,21:56:00,340,2,9110
86197,2016-11-10,21:57:00,449,3,2435
86198,2016-11-10,21:59:00,309,1,5832
86199,2016-11-10,22:03:00,349,3,8794
86200,2016-11-10,22:09:00,78,2,6226
86201,2016-11-10,22:11:00,359,1,5754
86202,2016-11-10,22:22:00,231,3,11331
86203,2016-11-10,22:30:00,278,2,3160
86204,2016-11-10,22:39:00,37,1,3190
86205,2016-11-10,22:39:00,233,2,9053
86206,2016-11-10,22:55:00,194,1,9134
86207,2016-11-10,22:57:00,208,1,10632
86208,2016-11-10,23:09:00,316,1,6068
86209,2016-11-10,23:26:00,352,1,5758
86210,2016-11-10,23:43:00,226,2,11691
86211,2016-11-10,23:56:00,326,2,11381
86212,2016-11-10,23:56:00,123,1,10124
86213,2016-11-11,00:10:00,1,3,1102
86214,2016-11-11,00:13:00,121,2,1613
86215,2016-11-11,00:16:00,433,1,6469
86216,2016-11-11,00:18:00,390,3,2411
86217,2016-11-11,00:28:00,442,1,9273
86218,2016-11-11,00:39:00,75,1,6298
86219,2016-11-11,00:40:00,1,1,9729
86220,2016-11-11,00:46:00,214,1,3174
86221,2016-11-11,00:47:00,20,2,4275
86222,2016-11-11,00:53:00,182,3,1986
86223,2016-11-11,00:54:00,116,1,819
86224,2016-11-11,00:55:00,423,1,3188
86225,2016-11-11,01:04:00,136,2,10077
86226,2016-11-11,01:09:00,349,2,9368
86227,2016-11-11,01:11:00,282,1,9363
86228,2016-11-11,01:14:00,77,2,3087
86229,2016-11-11,01:16:00,103,3,4351
86230,2016-11-11,01:28:00,161,2,3642
86231,2016-11-11,01:32:00,287,3,1236
86232,2016-11-11,01:39:00,380,1,10133
86233,2016-11-11,01:46:00,39,3,10115
86234,2016-11-11,01:47:00,228,2,3962
86235,2016-11-11,01:53:00,284,4,4184
86236,2016-11-11,01:54:00,52,1,5737
86237,2016-11-11,01:56:00,140,1,8434
86238,2016-11-11,02:02:00,124,4,7160
86239,2016-11-11,02:03:00,320,2,2710
86240,2016-11-11,02:05:00,266,1,4629
86241,2016-11-11,02:08:00,224,3,11820
86242,2016-11-11,02:13:00,77,1,11552
86243,2016-11-11,02:20:00,102,2,2899
86244,2016-11-11,02:20:00,296,3,11848
86245,2016-11-11,02:23:00,65,3,5241
86246,2016-11-11,02:26:00,173,1,612
86247,2016-11-11,02:34:00,135,1,5390
86248,2016-11-11,02:35:00,280,4,4808
86249,2016-11-11,02:37:00,372,4,6595
86250,2016-11-11,02:49:00,129,3,6725
86251,2016-11-11,02:50:00,245,2,3636
86252,2016-11-11,02:57:00,91,1,1957
86253,2016-11-11,03:00:00,68,1,9851
86254,2016-11-11,03:03:00,44,4,5691
86255,2016-11-11,03:05:00,304,1,4631
86256,2016-11-11,03:39:00,195,2,1754
86257,2016-11-11,03:42:00,196,3,8452
86258,2016-11-11,03:43:00,49,6,7793
86259,2016-11-11,03:48:00,340,5,167
86260,2016-11-11,03:50:00,276,1,7615
86261,2016-11-11,03:50:00,295,2,4630
86262,2016-11-11,03:52:00,226,2,1587
86263,2016-11-11,03:55:00,109,2,10333
86264,2016-11-11,04:01:00,438,3,6803
86265,2016-11-11,04:03:00,262,1,934
86266,2016-11-11,04:05:00,341,2,6007
86267,2016-11-11,04:07:00,223,2,2426
86268,2016-11-11,04:11:00,270,2,533
86269,2016-11-11,04:21:00,441,3,8717
86270,2016-11-11,04:22:00,142,1,11218
86271,2016-11-11,04:35:00,241,2,7425
86272,2016-11-11,04:40:00,177,1,11789
86273,2016-11-11,04:46:00,19,1,2181
86274,2016-11-11,04:48:00,325,1,2307
86275,2016-11-11,04:51:00,99,1,8668
86276,2016-11-11,04:51:00,430,1,9503
86277,2016-11-11,04:55:00,275,1,444
86278,2016-11-11,04:59:00,94,3,2624
86279,2016-11-11,05:00:00,447,3,1579
86280,2016-11-11,05:01:00,55,1,6067
86281,2016-11-11,05:10:00,42,2,240
86282,2016-11-11,05:17:00,89,1,10195
86283,2016-11-11,05:20:00,364,1,966
86284,2016-11-11,05:22:00,168,1,6507
86285,2016-11-11,05:42:00,102,3,8387
86286,2016-11-11,05:46:00,110,1,5889
86287,2016-11-11,05:55:00,451,1,2752
86288,2016-11-11,05:59:00,435,3,11541
86289,2016-11-11,06:00:00,313,3,6518
86290,2016-11-11,06:00:00,176,1,333
86291,2016-11-11,06:05:00,57,3,4166
86292,2016-11-11,06:07:00,219,1,5797
86293,2016-11-11,06:15:00,335,3,10273
86294,2016-11-11,06:16:00,75,1,11464
86295,2016-11-11,06:20:00,258,1,2932
86296,2016-11-11,06:22:00,240,1,8429
86297,2016-11-11,06:22:00,315,3,4006
86298,2016-11-11,06:24:00,342,2,10936
86299,2016-11-11,06:25:00,345,4,10124
86300,2016-11-11,06:27:00,418,2,920
86301,2016-11-11,06:31:00,372,1,9338
86302,2016-11-11,06:36:00,61,2,1753
86303,2016-11-11,06:48:00,442,1,6601
86304,2016-11-11,06:48:00,209,2,9877
86305,2016-11-11,07:04:00,63,1,6416
86306,2016-11-11,07:08:00,240,2,4535
86307,2016-11-11,07:10:00,282,1,7554
86308,2016-11-11,07:11:00,79,3,6775
86309,2016-11-11,07:17:00,64,1,10457
86310,2016-11-11,07:18:00,145,2,10882
86311,2016-11-11,07:19:00,49,1,3176
86312,2016-11-11,07:20:00,258,1,6688
86313,2016-11-11,07:26:00,319,1,4917
86314,2016-11-11,07:26:00,96,1,8306
86315,2016-11-11,07:35:00,379,3,10062
86316,2016-11-11,07:48:00,106,2,10659
86317,2016-11-11,07:48:00,137,3,6176
86318,2016-11-11,07:50:00,233,3,8433
86319,2016-11-11,07:59:00,430,2,7056
86320,2016-11-11,08:05:00,154,3,535
86321,2016-11-11,08:22:00,108,1,6961
86322,2016-11-11,08:32:00,187,1,6285
86323,2016-11-11,08:41:00,139,1,11582
86324,2016-11-11,08:43:00,210,2,6136
86325,2016-11-11,08:43:00,185,2,452
86326,2016-11-11,08:52:00,150,2,672
86327,2016-11-11,08:54:00,451,5,4569
86328,2016-11-11,08:54:00,25,1,6389
86329,2016-11-11,08:58:00,435,2,1801
86330,2016-11-11,09:02:00,227,2,2634
86331,2016-11-11,09:07:00,249,3,4524
86332,2016-11-11,09:23:00,79,1,3301
86333,2016-11-11,09:25:00,249,1,9504
86334,2016-11-11,09:34:00,275,1,1826
86335,2016-11-11,09:42:00,258,1,8704
86336,2016-11-11,09:44:00,348,2,10226
86337,2016-11-11,10:02:00,358,1,4983
86338,2016-11-11,10:07:00,201,4,9324
86339,2016-11-11,10:27:00,253,1,10282
86340,2016-11-11,10:35:00,10,1,9395
86341,2016-11-11,10:41:00,177,1,1638
86342,2016-11-11,10:42:00,1,1,8316
86343,2016-11-11,10:43:00,98,2,5580
86344,2016-11-11,10:53:00,311,2,4863
86345,2016-11-11,11:09:00,309,2,6695
86346,2016-11-11,11:09:00,99,5,8340
86347,2016-11-11,11:13:00,201,2,2960
86348,2016-11-11,11:17:00,7,3,8575
86349,2016-11-11,11:20:00,377,3,10915
86350,2016-11-11,11:21:00,277,3,3685
86351,2016-11-11,11:21:00,226,1,2629
86352,2016-11-11,11:26:00,24,2,2012
86353,2016-11-11,11:43:00,191,1,9035
86354,2016-11-11,11:44:00,128,2,6619
86355,2016-11-11,11:49:00,280,1,7439
86356,2016-11-11,11:53:00,379,2,11684
86357,2016-11-11,12:01:00,427,3,706
86358,2016-11-11,12:02:00,357,3,4119
86359,2016-11-11,12:15:00,360,3,7268
86360,2016-11-11,12:36:00,111,2,2069
86361,2016-11-11,12:46:00,289,1,1408
86362,2016-11-11,12:53:00,92,2,3911
86363,2016-11-11,12:53:00,28,1,10335
86364,2016-11-11,12:57:00,170,2,7969
86365,2016-11-11,12:59:00,47,2,9803
86366,2016-11-11,13:03:00,62,4,11876
86367,2016-11-11,13:05:00,370,2,4324
86368,2016-11-11,13:06:00,295,3,4989
86369,2016-11-11,13:11:00,451,1,7941
86370,2016-11-11,13:16:00,214,1,5234
86371,2016-11-11,13:16:00,298,1,5511
86372,2016-11-11,13:23:00,334,2,4085
86373,2016-11-11,13:26:00,83,2,8344
86374,2016-11-11,13:29:00,69,2,10849
86375,2016-11-11,13:30:00,312,2,10088
86376,2016-11-11,13:59:00,306,1,7466
86377,2016-11-11,14:00:00,22,1,10815
86378,2016-11-11,14:03:00,170,3,4594
86379,2016-11-11,14:04:00,335,1,1521
86380,2016-11-11,14:08:00,259,1,5777
86381,2016-11-11,14:08:00,421,2,377
86382,2016-11-11,14:15:00,335,2,7433
86383,2016-11-11,14:28:00,298,1,1781
86384,2016-11-11,14:29:00,324,3,8384
86385,2016-11-11,14:29:00,48,2,7371
86386,2016-11-11,14:31:00,175,2,10841
86387,2016-11-11,14:47:00,10,3,8717
86388,2016-11-11,14:51:00,131,2,2336
86389,2016-11-11,15:02:00,371,1,8784
86390,2016-11-11,15:06:00,222,2,7356
86391,2016-11-11,15:06:00,172,3,7633
86392,2016-11-11,15:08:00,23,4,2203
86393,2016-11-11,15:11:00,104,4,459
86394,2016-11-11,15:15:00,94,2,10437
86395,2016-11-11,15:15:00,195,2,6009
86396,2016-11-11,15:29:00,47,2,4184
86397,2016-11-11,15:35:00,47,1,5538
86398,2016-11-11,15:37:00,200,5,8392
86399,2016-11-11,15:37:00,137,1,371
86400,2016-11-11,15:46:00,145,2,218
86401,2016-11-11,15:56:00,57,1,5032
86402,2016-11-11,15:58:00,170,1,10665
86403,2016-11-11,16:02:00,436,1,2671
86404,2016-11-11,16:10:00,212,3,3048
86405,2016-11-11,16:15:00,325,2,9906
86406,2016-11-11,16:27:00,26,2,9592
86407,2016-11-11,16:29:00,98,3,4130
86408,2016-11-11,16:48:00,327,2,647
86409,2016-11-11,16:57:00,380,1,106
86410,2016-11-11,17:06:00,234,1,6126
86411,2016-11-11,17:23:00,215,2,11394
86412,2016-11-11,17:32:00,124,2,11530
86413,2016-11-11,17:43:00,257,1,1880
86414,2016-11-11,17:48:00,260,3,5027
86415,2016-11-11,17:59:00,241,1,6329
86416,2016-11-11,18:16:00,244,3,5635
86417,2016-11-11,18:21:00,261,1,4091
86418,2016-11-11,18:26:00,182,1,6111
86419,2016-11-11,18:32:00,103,2,6357
86420,2016-11-11,18:33:00,161,1,4594
86421,2016-11-11,18:35:00,142,2,6696
86422,2016-11-11,18:35:00,402,1,1623
86423,2016-11-11,18:44:00,368,3,7179
86424,2016-11-11,18:46:00,184,2,10041
86425,2016-11-11,18:46:00,302,3,7214
86426,2016-11-11,18:53:00,350,2,2757
86427,2016-11-11,19:00:00,347,3,9480
86428,2016-11-11,19:01:00,294,1,5881
86429,2016-11-11,19:02:00,295,1,9949
86430,2016-11-11,19:02:00,94,1,314
86431,2016-11-11,19:06:00,271,1,3461
86432,2016-11-11,19:13:00,363,2,10875
86433,2016-11-11,19:28:00,143,3,3988
86434,2016-11-11,19:31:00,31,3,7700
86435,2016-11-11,19:37:00,285,1,11943
86436,2016-11-11,19:39:00,213,4,10017
86437,2016-11-11,19:39:00,246,4,5774
86438,2016-11-11,19:41:00,44,3,241
86439,2016-11-11,19:42:00,313,1,277
86440,2016-11-11,19:50:00,372,3,11376
86441,2016-11-11,19:50:00,140,2,11334
86442,2016-11-11,19:57:00,227,1,10581
86443,2016-11-11,20:02:00,120,2,1968
86444,2016-11-11,20:03:00,206,3,5822
86445,2016-11-11,20:06:00,124,1,9626
86446,2016-11-11,20:06:00,430,3,9314
86447,2016-11-11,20:07:00,186,2,7260
86448,2016-11-11,20:08:00,37,2,8321
86449,2016-11-11,20:17:00,197,4,8176
86450,2016-11-11,20:20:00,278,2,10394
86451,2016-11-11,20:22:00,172,1,270
86452,2016-11-11,20:26:00,134,2,3303
86453,2016-11-11,20:45:00,136,3,3052
86454,2016-11-11,20:47:00,189,2,8968
86455,2016-11-11,20:48:00,263,1,3572
86456,2016-11-11,20:52:00,12,3,8940
86457,2016-11-11,20:52:00,176,2,9117
86458,2016-11-11,21:05:00,255,2,11917
86459,2016-11-11,21:07:00,1,2,8048
86460,2016-11-11,21:12:00,439,1,472
86461,2016-11-11,21:13:00,60,1,2629
86462,2016-11-11,21:16:00,312,2,227
86463,2016-11-11,21:27:00,106,4,7545
86464,2016-11-11,21:28:00,36,3,2208
86465,2016-11-11,21:31:00,263,2,11385
86466,2016-11-11,21:37:00,163,2,494
86467,2016-11-11,21:40:00,1,2,11919
86468,2016-11-11,21:52:00,458,3,1709
86469,2016-11-11,21:53:00,48,4,7352
86470,2016-11-11,22:10:00,428,2,4530
86471,2016-11-11,22:14:00,86,4,2652
86472,2016-11-11,22:15:00,256,2,1029
86473,2016-11-11,22:18:00,419,3,1503
86474,2016-11-11,22:22:00,291,3,1504
86475,2016-11-11,22:25:00,336,2,6132
86476,2016-11-11,22:35:00,286,2,9705
86477,2016-11-11,22:45:00,372,3,510
86478,2016-11-11,22:47:00,180,3,10854
86479,2016-11-11,22:48:00,402,6,9820
86480,2016-11-11,22:51:00,103,2,7672
86481,2016-11-11,22:52:00,214,3,3341
86482,2016-11-11,23:00:00,223,1,4563
86483,2016-11-11,23:05:00,278,2,2055
86484,2016-11-11,23:21:00,89,2,3404
86485,2016-11-11,23:21:00,83,4,11551
86486,2016-11-11,23:22:00,250,1,11486
86487,2016-11-11,23:25:00,380,2,9215
86488,2016-11-11,23:27:00,192,3,6873
86489,2016-11-11,23:29:00,234,2,4560
86490,2016-11-11,23:41:00,220,2,3744
86491,2016-11-11,23:47:00,6,2,9377
86492,2016-11-11,23:55:00,222,2,3957
86493,2016-11-11,23:56:00,58,2,5172
86494,2016-11-12,00:06:00,138,2,2226
86495,2016-11-12,00:13:00,88,2,6128
86496,2016-11-12,00:22:00,308,1,3124
86497,2016-11-12,00:31:00,145,2,9128
86498,2016-11-12,00:33:00,18,4,3859
86499,2016-11-12,00:34:00,229,1,8384
86500,2016-11-12,01:03:00,112,1,8201
86501,2016-11-12,01:13:00,228,3,877
86502,2016-11-12,01:13:00,286,2,7193
86503,2016-11-12,01:24:00,363,1,9849
86504,2016-11-12,01:45:00,372,3,7749
86505,2016-11-12,01:48:00,165,3,3844
86506,2016-11-12,02:02:00,307,2,3744
86507,2016-11-12,02:03:00,380,1,6915
86508,2016-11-12,02:08:00,419,2,2810
86509,2016-11-12,02:21:00,204,2,11841
86510,2016-11-12,02:24:00,16,3,2703
86511,2016-11-12,02:28:00,236,1,7817
86512,2016-11-12,02:32:00,89,1,10625
86513,2016-11-12,02:33:00,287,2,3801
86514,2016-11-12,02:49:00,123,4,3926
86515,2016-11-12,02:51:00,42,4,3411
86516,2016-11-12,03:01:00,38,2,3882
86517,2016-11-12,03:17:00,133,1,526
86518,2016-11-12,03:29:00,68,1,9802
86519,2016-11-12,03:29:00,313,3,5703
86520,2016-11-12,03:30:00,322,2,7981
86521,2016-11-12,03:39:00,140,3,261
86522,2016-11-12,03:46:00,196,5,9733
86523,2016-11-12,03:52:00,388,3,5609
86524,2016-11-12,03:56:00,287,3,6705
86525,2016-11-12,03:57:00,304,1,638
86526,2016-11-12,04:06:00,207,3,8193
86527,2016-11-12,04:09:00,165,2,10683
86528,2016-11-12,04:10:00,121,2,375
86529,2016-11-12,04:10:00,430,2,1321
86530,2016-11-12,04:19:00,93,1,3917
86531,2016-11-12,04:20:00,417,2,798
86532,2016-11-12,04:20:00,192,2,10667
86533,2016-11-12,04:24:00,174,1,8273
86534,2016-11-12,04:27:00,204,2,693
86535,2016-11-12,04:43:00,214,1,3283
86536,2016-11-12,04:45:00,119,5,3022
86537,2016-11-12,04:47:00,225,2,4544
86538,2016-11-12,04:59:00,143,3,9252
86539,2016-11-12,05:11:00,346,2,6854
86540,2016-11-12,05:19:00,221,1,4070
86541,2016-11-12,05:19:00,302,1,4857
86542,2016-11-12,05:27:00,138,1,8046
86543,2016-11-12,05:44:00,113,2,9273
86544,2016-11-12,05:45:00,145,1,10256
86545,2016-11-12,05:48:00,240,3,5593
86546,2016-11-12,05:49:00,329,1,555
86547,2016-11-12,05:55:00,128,2,5390
86548,2016-11-12,05:57:00,204,3,7415
86549,2016-11-12,05:58:00,360,3,248
86550,2016-11-12,06:13:00,141,1,11951
86551,2016-11-12,06:19:00,317,2,7483
86552,2016-11-12,06:34:00,382,1,4624
86553,2016-11-12,06:36:00,17,2,1217
86554,2016-11-12,06:39:00,412,1,4465
86555,2016-11-12,06:40:00,352,1,4473
86556,2016-11-12,06:55:00,309,2,10373
86557,2016-11-12,07:03:00,437,1,4058
86558,2016-11-12,07:14:00,259,2,3576
86559,2016-11-12,07:19:00,377,2,7822
86560,2016-11-12,07:23:00,337,1,6713
86561,2016-11-12,07:30:00,294,3,5224
86562,2016-11-12,07:31:00,233,1,6318
86563,2016-11-12,07:38:00,380,4,7708
86564,2016-11-12,07:45:00,187,1,10253
86565,2016-11-12,07:46:00,122,2,3992
86566,2016-11-12,07:47:00,168,1,2260
86567,2016-11-12,07:58:00,260,2,11111
86568,2016-11-12,08:09:00,4,4,6147
86569,2016-11-12,08:15:00,411,2,4352
86570,2016-11-12,08:20:00,290,1,4778
86571,2016-11-12,08:25:00,157,2,5927
86572,2016-11-12,08:29:00,236,3,4870
86573,2016-11-12,08:33:00,102,1,8903
86574,2016-11-12,08:34:00,350,3,6183
86575,2016-11-12,08:38:00,21,2,9307
86576,2016-11-12,08:45:00,294,2,6380
86577,2016-11-12,08:46:00,7,3,8334
86578,2016-11-12,08:58:00,208,3,6411
86579,2016-11-12,09:04:00,247,2,4784
86580,2016-11-12,09:10:00,55,2,5230
86581,2016-11-12,09:13:00,283,2,4029
86582,2016-11-12,09:18:00,295,3,8308
86583,2016-11-12,09:35:00,390,1,6904
86584,2016-11-12,09:45:00,241,4,7341
86585,2016-11-12,09:46:00,319,1,2380
86586,2016-11-12,09:47:00,5,5,11906
86587,2016-11-12,09:48:00,100,1,5098
86588,2016-11-12,09:57:00,143,1,3115
86589,2016-11-12,09:57:00,8,2,3668
86590,2016-11-12,10:04:00,272,2,10380
86591,2016-11-12,10:19:00,256,1,483
86592,2016-11-12,10:20:00,406,1,2097
86593,2016-11-12,10:21:00,196,2,2566
86594,2016-11-12,10:23:00,76,2,11838
86595,2016-11-12,10:41:00,214,2,6630
86596,2016-11-12,10:41:00,332,4,2252
86597,2016-11-12,10:42:00,311,1,10673
86598,2016-11-12,10:49:00,431,2,286
86599,2016-11-12,10:53:00,444,2,9116
86600,2016-11-12,10:56:00,69,1,10490
86601,2016-11-12,10:56:00,383,3,8931
86602,2016-11-12,11:01:00,418,1,7227
86603,2016-11-12,11:02:00,357,2,6342
86604,2016-11-12,11:06:00,68,2,11205
86605,2016-11-12,11:11:00,114,3,6914
86606,2016-11-12,11:22:00,224,3,8685
86607,2016-11-12,11:24:00,50,5,1779
86608,2016-11-12,11:26:00,177,2,7327
86609,2016-11-12,11:29:00,361,2,3131
86610,2016-11-12,11:43:00,322,1,829
86611,2016-11-12,11:48:00,308,2,6594
86612,2016-11-12,12:04:00,142,3,11869
86613,2016-11-12,12:05:00,343,1,1838
86614,2016-11-12,12:06:00,30,2,9144
86615,2016-11-12,12:14:00,141,3,1199
86616,2016-11-12,12:15:00,36,2,10738
86617,2016-11-12,12:15:00,293,2,2451
86618,2016-11-12,12:26:00,151,2,375
86619,2016-11-12,12:32:00,158,3,3911
86620,2016-11-12,12:36:00,38,1,5054
86621,2016-11-12,12:45:00,2,3,4270
86622,2016-11-12,12:45:00,314,1,9615
86623,2016-11-12,12:49:00,442,1,10147
86624,2016-11-12,12:55:00,401,3,11915
86625,2016-11-12,12:59:00,37,1,3568
86626,2016-11-12,13:02:00,39,3,8973
86627,2016-11-12,13:13:00,411,1,9305
86628,2016-11-12,13:20:00,312,5,5023
86629,2016-11-12,13:34:00,59,3,11966
86630,2016-11-12,13:51:00,74,1,107
86631,2016-11-12,13:52:00,90,2,10319
86632,2016-11-12,13:56:00,147,1,1278
86633,2016-11-12,14:09:00,6,3,3111
86634,2016-11-12,14:12:00,301,1,7112
86635,2016-11-12,14:14:00,9,2,8876
86636,2016-11-12,14:25:00,400,2,8982
86637,2016-11-12,14:25:00,248,2,7327
86638,2016-11-12,14:26:00,262,1,5496
86639,2016-11-12,14:27:00,30,4,207
86640,2016-11-12,14:32:00,265,1,7541
86641,2016-11-12,14:37:00,309,1,10667
86642,2016-11-12,14:42:00,47,1,11634
86643,2016-11-12,14:43:00,391,2,3892
86644,2016-11-12,14:52:00,195,1,6358
86645,2016-11-12,14:53:00,278,4,5780
86646,2016-11-12,15:04:00,276,2,3223
86647,2016-11-12,15:07:00,168,1,8811
86648,2016-11-12,15:12:00,378,1,7026
86649,2016-11-12,15:19:00,439,2,8323
86650,2016-11-12,15:34:00,205,1,11330
86651,2016-11-12,15:37:00,177,2,11889
86652,2016-11-12,15:39:00,350,2,3648
86653,2016-11-12,15:42:00,141,2,4400
86654,2016-11-12,15:42:00,296,1,11259
86655,2016-11-12,16:11:00,106,1,11610
86656,2016-11-12,16:14:00,106,2,6658
86657,2016-11-12,16:15:00,354,2,7777
86658,2016-11-12,16:17:00,86,1,8845
86659,2016-11-12,16:26:00,366,1,1786
86660,2016-11-12,16:37:00,214,1,5849
86661,2016-11-12,16:40:00,272,2,10827
86662,2016-11-12,16:40:00,293,1,4645
86663,2016-11-12,16:46:00,299,1,7318
86664,2016-11-12,16:54:00,443,1,8561
86665,2016-11-12,16:57:00,255,2,10509
86666,2016-11-12,17:09:00,257,4,3267
86667,2016-11-12,17:10:00,51,2,7647
86668,2016-11-12,17:27:00,59,3,5901
86669,2016-11-12,17:28:00,395,2,2148
86670,2016-11-12,17:30:00,151,1,7334
86671,2016-11-12,17:38:00,288,3,4508
86672,2016-11-12,17:43:00,421,1,858
86673,2016-11-12,17:56:00,348,1,88
86674,2016-11-12,17:57:00,383,3,3752
86675,2016-11-12,18:00:00,190,1,9808
86676,2016-11-12,18:05:00,427,1,8485
86677,2016-11-12,18:09:00,370,3,8784
86678,2016-11-12,18:10:00,264,2,875
86679,2016-11-12,18:28:00,199,2,509
86680,2016-11-12,18:42:00,428,2,10256
86681,2016-11-12,18:42:00,125,3,2229
86682,2016-11-12,18:43:00,257,1,11490
86683,2016-11-12,18:45:00,39,2,6767
86684,2016-11-12,18:49:00,375,1,11554
86685,2016-11-12,18:58:00,352,5,2904
86686,2016-11-12,19:02:00,219,1,9571
86687,2016-11-12,19:10:00,429,1,5485
86688,2016-11-12,19:10:00,298,1,10975
86689,2016-11-12,19:12:00,272,1,723
86690,2016-11-12,19:14:00,184,2,6288
86691,2016-11-12,19:20:00,440,4,8702
86692,2016-11-12,19:21:00,123,3,7344
86693,2016-11-12,19:28:00,438,1,4384
86694,2016-11-12,19:30:00,432,4,4020
86695,2016-11-12,19:38:00,109,2,864
86696,2016-11-12,19:43:00,412,2,9197
86697,2016-11-12,19:45:00,443,3,10888
86698,2016-11-12,19:46:00,102,3,11783
86699,2016-11-12,19:52:00,138,2,6191
86700,2016-11-12,19:52:00,282,2,2691
86701,2016-11-12,19:56:00,356,3,3322
86702,2016-11-12,20:02:00,212,2,217
86703,2016-11-12,20:03:00,123,5,8182
86704,2016-11-12,20:10:00,366,2,607
86705,2016-11-12,20:15:00,149,2,5609
86706,2016-11-12,20:16:00,117,1,4556
86707,2016-11-12,20:28:00,254,1,3044
86708,2016-11-12,21:00:00,64,2,5539
86709,2016-11-12,21:12:00,415,2,6957
86710,2016-11-12,21:15:00,28,1,3943
86711,2016-11-12,21:18:00,102,3,6687
86712,2016-11-12,21:30:00,108,5,8791
86713,2016-11-12,21:36:00,57,1,3993
86714,2016-11-12,21:41:00,149,3,1824
86715,2016-11-12,21:48:00,306,2,6365
86716,2016-11-12,22:07:00,228,2,712
86717,2016-11-12,22:09:00,253,1,7337
86718,2016-11-12,22:13:00,374,1,2586
86719,2016-11-12,22:21:00,112,1,646
86720,2016-11-12,22:22:00,53,1,5632
86721,2016-11-12,22:27:00,378,2,11295
86722,2016-11-12,22:28:00,82,1,407
86723,2016-11-12,22:38:00,113,2,1969
86724,2016-11-12,22:48:00,317,1,3871
86725,2016-11-12,22:56:00,219,1,50
86726,2016-11-12,23:09:00,150,2,6031
86727,2016-11-12,23:37:00,152,2,989
86728,2016-11-12,23:44:00,359,3,11300
86729,2016-11-12,23:52:00,401,1,4947
86730,2016-11-12,23:57:00,3,2,9802
86731,2016-11-13,00:01:00,109,2,9663
86732,2016-11-13,00:06:00,109,3,11557
86733,2016-11-13,00:07:00,10,1,499
86734,2016-11-13,00:08:00,220,2,8321
86735,2016-11-13,00:11:00,456,3,5722
86736,2016-11-13,00:16:00,37,3,8139
86737,2016-11-13,00:19:00,384,3,705
86738,2016-11-13,00:20:00,94,5,10639
86739,2016-11-13,00:21:00,75,2,4940
86740,2016-11-13,00:23:00,261,1,2214
86741,2016-11-13,00:26:00,188,1,10832
86742,2016-11-13,00:29:00,365,2,8266
86743,2016-11-13,00:35:00,129,4,9697
86744,2016-11-13,00:38:00,109,2,10544
86745,2016-11-13,00:40:00,43,3,6152
86746,2016-11-13,00:43:00,370,1,4325
86747,2016-11-13,00:49:00,190,2,1176
86748,2016-11-13,00:54:00,268,1,4685
86749,2016-11-13,00:57:00,86,5,2840
86750,2016-11-13,01:01:00,313,2,3119
86751,2016-11-13,01:05:00,177,3,8611
86752,2016-11-13,01:20:00,363,2,8100
86753,2016-11-13,01:22:00,318,3,5256
86754,2016-11-13,01:26:00,409,1,7105
86755,2016-11-13,01:31:00,234,3,7031
86756,2016-11-13,01:33:00,132,1,1235
86757,2016-11-13,01:45:00,388,1,9205
86758,2016-11-13,01:47:00,312,3,9341
86759,2016-11-13,02:07:00,100,1,6948
86760,2016-11-13,02:16:00,154,1,7851
86761,2016-11-13,02:16:00,400,1,2423
86762,2016-11-13,02:16:00,70,2,9586
86763,2016-11-13,02:16:00,396,1,4892
86764,2016-11-13,02:35:00,339,2,777
86765,2016-11-13,02:40:00,2,1,1361
86766,2016-11-13,02:43:00,302,1,407
86767,2016-11-13,02:52:00,191,2,8891
86768,2016-11-13,02:56:00,64,3,1806
86769,2016-11-13,02:59:00,16,2,7655
86770,2016-11-13,03:02:00,319,1,6422
86771,2016-11-13,03:12:00,107,2,1109
86772,2016-11-13,03:15:00,67,3,9242
86773,2016-11-13,03:15:00,444,3,6437
86774,2016-11-13,03:15:00,257,2,5503
86775,2016-11-13,03:20:00,430,3,640
86776,2016-11-13,03:20:00,47,3,9538
86777,2016-11-13,03:34:00,457,1,2687
86778,2016-11-13,03:37:00,206,3,9351
86779,2016-11-13,03:50:00,319,1,8989
86780,2016-11-13,03:56:00,276,2,4434
86781,2016-11-13,04:07:00,239,2,4805
86782,2016-11-13,04:12:00,410,1,7919
86783,2016-11-13,04:18:00,62,1,8365
86784,2016-11-13,04:21:00,59,1,5288
86785,2016-11-13,04:21:00,99,1,8665
86786,2016-11-13,04:33:00,353,1,10656
86787,2016-11-13,04:45:00,23,1,4702
86788,2016-11-13,04:45:00,421,1,10142
86789,2016-11-13,05:04:00,376,1,4394
86790,2016-11-13,05:07:00,208,1,4996
86791,2016-11-13,05:08:00,83,2,4493
86792,2016-11-13,05:08:00,155,3,3687
86793,2016-11-13,05:20:00,62,1,10110
86794,2016-11-13,05:25:00,125,1,8368
86795,2016-11-13,05:26:00,452,1,8770
86796,2016-11-13,05:27:00,34,1,10809
86797,2016-11-13,05:43:00,436,1,4810
86798,2016-11-13,05:45:00,207,2,6495
86799,2016-11-13,05:48:00,45,1,522
86800,2016-11-13,05:48:00,377,1,6723
86801,2016-11-13,05:54:00,74,2,8982
86802,2016-11-13,05:56:00,415,1,8185
86803,2016-11-13,06:00:00,167,1,1019
86804,2016-11-13,06:02:00,365,1,10630
86805,2016-11-13,06:05:00,366,2,6500
86806,2016-11-13,06:10:00,20,2,5710
86807,2016-11-13,06:11:00,347,1,684
86808,2016-11-13,06:13:00,276,1,3100
86809,2016-11-13,06:15:00,60,4,11886
86810,2016-11-13,06:19:00,241,2,10546
86811,2016-11-13,06:22:00,164,2,3920
86812,2016-11-13,06:23:00,140,3,7349
86813,2016-11-13,06:30:00,307,2,8097
86814,2016-11-13,06:30:00,290,4,10127
86815,2016-11-13,06:39:00,247,2,9073
86816,2016-11-13,06:40:00,192,2,2374
86817,2016-11-13,06:48:00,432,3,6838
86818,2016-11-13,06:49:00,456,2,4641
86819,2016-11-13,06:58:00,156,1,3815
86820,2016-11-13,06:59:00,357,3,10373
86821,2016-11-13,07:00:00,303,2,6761
86822,2016-11-13,07:09:00,88,3,55
86823,2016-11-13,07:25:00,273,2,10246
86824,2016-11-13,07:26:00,4,3,7799
86825,2016-11-13,07:42:00,160,3,8705
86826,2016-11-13,07:47:00,168,2,8719
86827,2016-11-13,07:48:00,322,3,1485
86828,2016-11-13,07:58:00,282,1,1842
86829,2016-11-13,08:00:00,356,3,4369
86830,2016-11-13,08:22:00,55,1,9199
86831,2016-11-13,08:23:00,7,1,4089
86832,2016-11-13,08:25:00,349,1,1183
86833,2016-11-13,08:36:00,30,1,7376
86834,2016-11-13,08:43:00,249,1,8248
86835,2016-11-13,08:49:00,325,1,10332
86836,2016-11-13,08:51:00,212,1,7559
86837,2016-11-13,08:58:00,130,4,8235
86838,2016-11-13,09:03:00,310,1,9467
86839,2016-11-13,09:04:00,20,1,872
86840,2016-11-13,09:05:00,58,2,432
86841,2016-11-13,09:08:00,218,1,537
86842,2016-11-13,09:13:00,56,2,7128
86843,2016-11-13,09:16:00,252,3,8512
86844,2016-11-13,09:21:00,452,3,6709
86845,2016-11-13,09:23:00,261,3,11490
86846,2016-11-13,09:29:00,79,2,8385
86847,2016-11-13,09:38:00,198,1,11142
86848,2016-11-13,09:40:00,139,1,1050
86849,2016-11-13,09:42:00,325,2,662
86850,2016-11-13,09:52:00,279,2,11601
86851,2016-11-13,10:06:00,395,2,8504
86852,2016-11-13,10:10:00,312,1,10098
86853,2016-11-13,10:10:00,11,2,9073
86854,2016-11-13,10:15:00,51,3,11089
86855,2016-11-13,10:15:00,310,3,3137
86856,2016-11-13,10:34:00,423,5,3476
86857,2016-11-13,10:40:00,241,3,2237
86858,2016-11-13,11:12:00,357,2,3911
86859,2016-11-13,11:13:00,42,3,433
86860,2016-11-13,11:32:00,425,1,8059
86861,2016-11-13,11:33:00,74,2,3739
86862,2016-11-13,11:43:00,29,3,10289
86863,2016-11-13,11:47:00,188,3,7727
86864,2016-11-13,11:50:00,120,3,9214
86865,2016-11-13,11:54:00,387,3,8150
86866,2016-11-13,12:03:00,185,3,9963
86867,2016-11-13,12:04:00,148,1,4903
86868,2016-11-13,12:05:00,161,3,5046
86869,2016-11-13,12:07:00,451,3,1950
86870,2016-11-13,12:10:00,139,2,8127
86871,2016-11-13,12:19:00,292,1,10327
86872,2016-11-13,12:24:00,2,1,1018
86873,2016-11-13,12:28:00,258,3,6963
86874,2016-11-13,12:33:00,79,2,1384
86875,2016-11-13,12:36:00,255,3,6170
86876,2016-11-13,12:40:00,53,1,4341
86877,2016-11-13,12:43:00,214,3,5320
86878,2016-11-13,12:47:00,285,2,9694
86879,2016-11-13,12:56:00,360,2,4289
86880,2016-11-13,12:57:00,5,2,4443
86881,2016-11-13,13:06:00,272,1,7399
86882,2016-11-13,13:18:00,36,2,7811
86883,2016-11-13,13:26:00,371,1,5385
86884,2016-11-13,13:27:00,275,2,7705
86885,2016-11-13,13:29:00,174,1,4265
86886,2016-11-13,13:31:00,26,2,9121
86887,2016-11-13,13:33:00,290,1,5748
86888,2016-11-13,13:42:00,266,1,6023
86889,2016-11-13,13:53:00,66,3,5812
86890,2016-11-13,13:54:00,278,2,11851
86891,2016-11-13,13:56:00,142,2,10293
86892,2016-11-13,14:00:00,68,2,5837
86893,2016-11-13,14:06:00,91,3,6123
86894,2016-11-13,14:16:00,118,1,11253
86895,2016-11-13,14:44:00,122,3,9809
86896,2016-11-13,14:45:00,163,1,11953
86897,2016-11-13,14:45:00,45,2,9416
86898,2016-11-13,14:50:00,368,3,8149
86899,2016-11-13,14:54:00,309,2,1692
86900,2016-11-13,15:02:00,108,2,3866
86901,2016-11-13,15:03:00,257,1,8450
86902,2016-11-13,15:06:00,372,2,7364
86903,2016-11-13,15:08:00,55,1,8413
86904,2016-11-13,15:08:00,353,3,1246
86905,2016-11-13,15:11:00,31,2,2588
86906,2016-11-13,15:20:00,76,1,6659
86907,2016-11-13,15:36:00,20,4,5265
86908,2016-11-13,15:39:00,5,2,8177
86909,2016-11-13,15:40:00,413,3,2711
86910,2016-11-13,15:41:00,210,1,4987
86911,2016-11-13,15:46:00,324,3,3154
86912,2016-11-13,16:03:00,187,3,3264
86913,2016-11-13,16:05:00,335,2,6702
86914,2016-11-13,16:07:00,290,4,5184
86915,2016-11-13,16:47:00,317,3,4275
86916,2016-11-13,16:52:00,354,2,9581
86917,2016-11-13,17:09:00,109,3,7672
86918,2016-11-13,17:10:00,299,3,9084
86919,2016-11-13,17:13:00,348,4,4162
86920,2016-11-13,17:17:00,297,1,2632
86921,2016-11-13,17:19:00,196,1,1219
86922,2016-11-13,17:27:00,127,1,8822
86923,2016-11-13,17:28:00,355,1,4401
86924,2016-11-13,17:39:00,130,1,1151
86925,2016-11-13,17:39:00,392,3,2752
86926,2016-11-13,17:42:00,288,3,5285
86927,2016-11-13,17:57:00,71,2,5709
86928,2016-11-13,18:01:00,102,4,5741
86929,2016-11-13,18:03:00,245,1,10197
86930,2016-11-13,18:09:00,58,2,3894
86931,2016-11-13,18:17:00,330,2,1850
86932,2016-11-13,18:17:00,233,3,10117
86933,2016-11-13,18:21:00,427,2,463
86934,2016-11-13,18:23:00,185,4,3453
86935,2016-11-13,18:36:00,223,1,10637
86936,2016-11-13,18:49:00,237,1,249
86937,2016-11-13,18:52:00,287,2,2734
86938,2016-11-13,18:57:00,94,1,8698
86939,2016-11-13,19:01:00,338,3,1977
86940,2016-11-13,19:04:00,344,3,10269
86941,2016-11-13,19:07:00,82,3,8264
86942,2016-11-13,19:08:00,106,2,10871
86943,2016-11-13,19:09:00,317,2,3184
86944,2016-11-13,19:22:00,4,2,390
86945,2016-11-13,19:28:00,155,1,4597
86946,2016-11-13,19:35:00,81,3,11485
86947,2016-11-13,19:42:00,156,1,9936
86948,2016-11-13,19:46:00,99,1,1481
86949,2016-11-13,19:52:00,66,2,10780
86950,2016-11-13,19:53:00,255,4,5954
86951,2016-11-13,19:53:00,381,5,5785
86952,2016-11-13,19:53:00,120,1,7253
86953,2016-11-13,19:55:00,367,2,4658
86954,2016-11-13,19:59:00,1,1,1887
86955,2016-11-13,20:07:00,149,1,1792
86956,2016-11-13,20:08:00,312,3,9124
86957,2016-11-13,20:26:00,307,3,7669
86958,2016-11-13,20:32:00,115,4,5404
86959,2016-11-13,20:32:00,348,3,7920
86960,2016-11-13,20:33:00,119,1,2220
86961,2016-11-13,20:35:00,331,2,1800
86962,2016-11-13,20:43:00,104,1,1858
86963,2016-11-13,20:50:00,392,1,5588
86964,2016-11-13,20:55:00,410,3,4824
86965,2016-11-13,21:00:00,81,3,6757
86966,2016-11-13,21:03:00,124,2,10804
86967,2016-11-13,21:12:00,358,3,4472
86968,2016-11-13,21:14:00,316,1,612
86969,2016-11-13,21:18:00,168,2,3100
86970,2016-11-13,21:22:00,6,2,2148
86971,2016-11-13,21:35:00,420,1,3901
86972,2016-11-13,21:40:00,320,1,1908
86973,2016-11-13,21:40:00,43,1,4128
86974,2016-11-13,21:48:00,88,1,7143
86975,2016-11-13,21:49:00,417,2,4104
86976,2016-11-13,21:49:00,145,2,9133
86977,2016-11-13,21:54:00,390,1,10703
86978,2016-11-13,21:55:00,172,1,11863
86979,2016-11-13,21:56:00,230,1,989
86980,2016-11-13,21:57:00,209,3,2043
86981,2016-11-13,22:03:00,77,1,8538
86982,2016-11-13,22:05:00,413,4,7584
86983,2016-11-13,22:05:00,345,4,9386
86984,2016-11-13,22:09:00,296,1,6650
86985,2016-11-13,22:19:00,371,2,6961
86986,2016-11-13,22:20:00,288,3,3327
86987,2016-11-13,22:30:00,108,5,7081
86988,2016-11-13,22:40:00,375,3,10816
86989,2016-11-13,22:52:00,23,3,6992
86990,2016-11-13,22:52:00,144,1,5649
86991,2016-11-13,22:56:00,98,1,6324
86992,2016-11-13,23:06:00,234,1,594
86993,2016-11-13,23:07:00,367,2,8494
86994,2016-11-13,23:11:00,230,1,7648
86995,2016-11-13,23:12:00,383,1,3850
86996,2016-11-13,23:26:00,131,2,5698
86997,2016-11-13,23:28:00,352,1,248
86998,2016-11-13,23:30:00,78,2,5181
86999,2016-11-13,23:31:00,316,2,7213
87000,2016-11-13,23:36:00,277,1,1397
87001,2016-11-13,23:39:00,141,2,45
87002,2016-11-13,23:42:00,35,2,423
87003,2016-11-13,23:42:00,102,4,11737
87004,2016-11-13,23:45:00,41,2,2383
87005,2016-11-13,23:47:00,391,1,1238
87006,2016-11-13,23:49:00,85,1,11046
87007,2016-11-13,23:50:00,236,2,4425
87008,2016-11-14,00:03:00,113,2,11627
87009,2016-11-14,00:10:00,212,2,1258
87010,2016-11-14,00:20:00,256,2,5027
87011,2016-11-14,00:23:00,270,5,4727
87012,2016-11-14,00:26:00,39,3,6718
87013,2016-11-14,00:33:00,281,2,6350
87014,2016-11-14,00:39:00,1,4,5687
87015,2016-11-14,00:41:00,46,1,8213
87016,2016-11-14,00:41:00,18,5,3403
87017,2016-11-14,00:45:00,276,1,10814
87018,2016-11-14,00:47:00,236,1,9529
87019,2016-11-14,00:47:00,292,1,10392
87020,2016-11-14,00:48:00,228,1,5607
87021,2016-11-14,00:51:00,218,1,11642
87022,2016-11-14,01:00:00,13,4,4867
87023,2016-11-14,01:02:00,62,4,5239
87024,2016-11-14,01:17:00,299,3,4179
87025,2016-11-14,01:17:00,284,2,2149
87026,2016-11-14,01:20:00,124,1,2318
87027,2016-11-14,01:29:00,170,1,18
87028,2016-11-14,01:31:00,285,2,4671
87029,2016-11-14,01:57:00,137,3,2546
87030,2016-11-14,02:08:00,66,1,2833
87031,2016-11-14,02:13:00,246,2,9412
87032,2016-11-14,02:25:00,332,2,10406
87033,2016-11-14,02:31:00,135,3,10165
87034,2016-11-14,02:36:00,370,1,5754
87035,2016-11-14,02:37:00,454,4,4788
87036,2016-11-14,02:38:00,122,1,1702
87037,2016-11-14,02:59:00,176,1,9816
87038,2016-11-14,03:09:00,221,1,7260
87039,2016-11-14,03:10:00,149,3,2757
87040,2016-11-14,03:10:00,154,2,2677
87041,2016-11-14,03:12:00,419,2,10443
87042,2016-11-14,03:14:00,289,6,159
87043,2016-11-14,03:14:00,378,3,10937
87044,2016-11-14,03:15:00,393,4,11262
87045,2016-11-14,03:16:00,75,1,10546
87046,2016-11-14,03:16:00,374,1,4951
87047,2016-11-14,03:18:00,233,2,5747
87048,2016-11-14,03:19:00,46,2,11493
87049,2016-11-14,03:25:00,119,1,8559
87050,2016-11-14,03:31:00,219,1,4019
87051,2016-11-14,03:51:00,262,2,6674
87052,2016-11-14,03:53:00,278,1,25
87053,2016-11-14,03:55:00,428,2,11595
87054,2016-11-14,04:02:00,394,2,182
87055,2016-11-14,04:02:00,201,1,11743
87056,2016-11-14,04:14:00,113,2,5070
87057,2016-11-14,04:19:00,234,2,7225
87058,2016-11-14,04:23:00,415,1,6160
87059,2016-11-14,04:32:00,417,1,9790
87060,2016-11-14,04:43:00,298,3,7121
87061,2016-11-14,04:43:00,313,3,2195
87062,2016-11-14,04:49:00,354,1,10668
87063,2016-11-14,04:54:00,20,1,1373
87064,2016-11-14,04:54:00,408,2,5532
87065,2016-11-14,04:55:00,92,3,7698
87066,2016-11-14,05:03:00,383,2,11379
87067,2016-11-14,05:07:00,201,2,10381
87068,2016-11-14,05:07:00,407,1,9612
87069,2016-11-14,05:16:00,370,1,10050
87070,2016-11-14,05:22:00,59,2,10335
87071,2016-11-14,05:28:00,412,1,11669
87072,2016-11-14,05:34:00,236,1,5295
87073,2016-11-14,05:40:00,283,1,3844
87074,2016-11-14,05:41:00,175,1,6535
87075,2016-11-14,05:54:00,100,3,10003
87076,2016-11-14,05:57:00,186,1,5947
87077,2016-11-14,06:01:00,268,1,7009
87078,2016-11-14,06:11:00,236,4,674
87079,2016-11-14,06:12:00,151,2,11702
87080,2016-11-14,06:13:00,101,2,673
87081,2016-11-14,06:14:00,74,2,8562
87082,2016-11-14,06:24:00,106,2,3449
87083,2016-11-14,06:31:00,81,4,490
87084,2016-11-14,06:32:00,21,3,4725
87085,2016-11-14,06:35:00,325,2,7837
87086,2016-11-14,06:39:00,113,3,8088
87087,2016-11-14,06:39:00,162,3,476
87088,2016-11-14,06:44:00,240,2,7103
87089,2016-11-14,06:49:00,265,1,2361
87090,2016-11-14,06:54:00,114,1,11454
87091,2016-11-14,07:12:00,6,2,2628
87092,2016-11-14,07:16:00,308,3,8497
87093,2016-11-14,07:17:00,413,3,193
87094,2016-11-14,07:18:00,37,2,11184
87095,2016-11-14,07:20:00,312,2,10864
87096,2016-11-14,07:21:00,10,1,9945
87097,2016-11-14,07:30:00,274,2,7581
87098,2016-11-14,07:33:00,388,3,11941
87099,2016-11-14,07:35:00,90,4,4755
87100,2016-11-14,07:43:00,54,1,6282
87101,2016-11-14,07:58:00,447,1,5671
87102,2016-11-14,08:25:00,271,3,211
87103,2016-11-14,08:25:00,74,1,2929
87104,2016-11-14,08:29:00,409,2,2013
87105,2016-11-14,08:29:00,448,2,8269
87106,2016-11-14,08:37:00,102,1,4302
87107,2016-11-14,08:42:00,351,3,1657
87108,2016-11-14,08:44:00,35,2,1142
87109,2016-11-14,08:46:00,364,2,7584
87110,2016-11-14,08:47:00,338,3,11403
87111,2016-11-14,08:48:00,185,1,4982
87112,2016-11-14,08:48:00,388,2,8005
87113,2016-11-14,08:49:00,295,3,4877
87114,2016-11-14,08:54:00,19,4,8229
87115,2016-11-14,09:02:00,365,5,1844
87116,2016-11-14,09:18:00,210,2,2123
87117,2016-11-14,09:25:00,324,3,5488
87118,2016-11-14,09:26:00,361,4,8072
87119,2016-11-14,09:33:00,131,1,10055
87120,2016-11-14,09:35:00,302,3,8751
87121,2016-11-14,09:44:00,122,1,5966
87122,2016-11-14,09:51:00,373,4,8596
87123,2016-11-14,09:54:00,240,2,7784
87124,2016-11-14,09:55:00,333,2,492
87125,2016-11-14,09:56:00,45,4,5153
87126,2016-11-14,10:09:00,75,4,2921
87127,2016-11-14,10:16:00,435,3,9652
87128,2016-11-14,10:24:00,254,1,2778
87129,2016-11-14,10:26:00,433,1,11549
87130,2016-11-14,10:30:00,358,2,9567
87131,2016-11-14,10:33:00,358,4,10250
87132,2016-11-14,10:35:00,367,2,4723
87133,2016-11-14,10:38:00,356,1,10478
87134,2016-11-14,10:44:00,122,1,5595
87135,2016-11-14,10:45:00,74,3,4184
87136,2016-11-14,10:57:00,376,2,6705
87137,2016-11-14,11:28:00,133,3,11373
87138,2016-11-14,11:29:00,53,1,10727
87139,2016-11-14,11:39:00,147,2,11291
87140,2016-11-14,11:46:00,418,1,2515
87141,2016-11-14,11:46:00,262,2,340
87142,2016-11-14,11:48:00,421,1,8970
87143,2016-11-14,11:53:00,380,4,4589
87144,2016-11-14,11:58:00,76,1,1181
87145,2016-11-14,12:08:00,188,1,3067
87146,2016-11-14,12:20:00,286,2,9866
87147,2016-11-14,12:29:00,315,1,3788
87148,2016-11-14,12:52:00,392,1,556
87149,2016-11-14,12:54:00,413,2,2292
87150,2016-11-14,12:55:00,445,3,11817
87151,2016-11-14,13:06:00,171,4,5553
87152,2016-11-14,13:13:00,16,2,4317
87153,2016-11-14,13:19:00,200,1,5246
87154,2016-11-14,13:20:00,349,1,9045
87155,2016-11-14,13:36:00,129,2,181
87156,2016-11-14,13:41:00,387,2,8291
87157,2016-11-14,13:41:00,173,2,3304
87158,2016-11-14,13:42:00,410,2,5336
87159,2016-11-14,13:46:00,72,3,10273
87160,2016-11-14,13:49:00,185,1,4163
87161,2016-11-14,13:54:00,293,1,4980
87162,2016-11-14,13:55:00,77,1,4433
87163,2016-11-14,13:56:00,312,2,2050
87164,2016-11-14,14:03:00,96,3,3255
87165,2016-11-14,14:07:00,35,3,906
87166,2016-11-14,14:07:00,344,2,563
87167,2016-11-14,14:23:00,450,1,4863
87168,2016-11-14,14:23:00,221,1,10022
87169,2016-11-14,14:34:00,295,1,493
87170,2016-11-14,14:38:00,121,2,3897
87171,2016-11-14,14:43:00,48,1,1376
87172,2016-11-14,14:46:00,447,3,2912
87173,2016-11-14,14:50:00,35,3,8922
87174,2016-11-14,14:53:00,332,2,1949
87175,2016-11-14,15:01:00,148,2,3073
87176,2016-11-14,15:06:00,348,2,6575
87177,2016-11-14,15:11:00,16,3,9432
87178,2016-11-14,15:13:00,295,2,4572
87179,2016-11-14,15:17:00,281,1,10881
87180,2016-11-14,15:19:00,275,5,11263
87181,2016-11-14,15:23:00,113,2,3265
87182,2016-11-14,15:24:00,433,2,9978
87183,2016-11-14,15:24:00,119,5,330
87184,2016-11-14,15:26:00,380,5,11925
87185,2016-11-14,15:35:00,370,4,2119
87186,2016-11-14,15:38:00,210,1,4270
87187,2016-11-14,15:44:00,431,2,5033
87188,2016-11-14,15:47:00,122,2,5752
87189,2016-11-14,15:50:00,216,1,4269
87190,2016-11-14,15:50:00,20,2,870
87191,2016-11-14,15:56:00,35,3,502
87192,2016-11-14,16:00:00,3,1,2792
87193,2016-11-14,16:07:00,104,3,3389
87194,2016-11-14,16:09:00,160,2,5469
87195,2016-11-14,16:11:00,211,4,9512
87196,2016-11-14,16:17:00,121,1,5574
87197,2016-11-14,16:18:00,52,3,6564
87198,2016-11-14,16:21:00,312,4,2320
87199,2016-11-14,16:23:00,264,1,3615
87200,2016-11-14,16:25:00,347,3,4948
87201,2016-11-14,16:30:00,288,2,2188
87202,2016-11-14,16:32:00,144,3,6268
87203,2016-11-14,16:34:00,303,1,11411
87204,2016-11-14,16:40:00,242,1,7805
87205,2016-11-14,16:48:00,387,4,5352
87206,2016-11-14,16:53:00,322,1,1370
87207,2016-11-14,17:00:00,57,3,5682
87208,2016-11-14,17:14:00,24,3,10107
87209,2016-11-14,17:14:00,267,6,5717
87210,2016-11-14,17:15:00,290,1,7990
87211,2016-11-14,17:26:00,321,2,233
87212,2016-11-14,17:33:00,174,5,6245
87213,2016-11-14,17:37:00,390,3,5896
87214,2016-11-14,17:44:00,85,2,6917
87215,2016-11-14,17:44:00,198,1,9684
87216,2016-11-14,17:52:00,380,4,10283
87217,2016-11-14,17:55:00,290,1,5132
87218,2016-11-14,17:58:00,98,2,8538
87219,2016-11-14,18:17:00,342,3,2506
87220,2016-11-14,18:18:00,338,4,7801
87221,2016-11-14,18:19:00,45,1,636
87222,2016-11-14,18:28:00,299,1,2332
87223,2016-11-14,18:30:00,318,1,11393
87224,2016-11-14,18:41:00,444,1,4122
87225,2016-11-14,18:46:00,52,1,1093
87226,2016-11-14,18:47:00,405,2,3793
87227,2016-11-14,18:52:00,429,3,11760
87228,2016-11-14,19:06:00,3,3,10661
87229,2016-11-14,19:12:00,291,1,650
87230,2016-11-14,19:21:00,213,2,5102
87231,2016-11-14,19:28:00,87,1,6998
87232,2016-11-14,19:33:00,392,3,10521
87233,2016-11-14,19:37:00,392,2,8104
87234,2016-11-14,19:38:00,68,2,2771
87235,2016-11-14,19:46:00,59,2,1787
87236,2016-11-14,19:47:00,442,2,7311
87237,2016-11-14,19:47:00,256,5,11919
87238,2016-11-14,19:52:00,82,4,7342
87239,2016-11-14,20:21:00,341,2,418
87240,2016-11-14,20:22:00,407,1,9263
87241,2016-11-14,20:26:00,210,3,74
87242,2016-11-14,20:28:00,170,1,11907
87243,2016-11-14,20:31:00,60,1,10201
87244,2016-11-14,20:34:00,319,3,1472
87245,2016-11-14,20:38:00,62,1,5183
87246,2016-11-14,20:38:00,361,3,9811
87247,2016-11-14,20:41:00,79,2,5335
87248,2016-11-14,20:42:00,387,2,4453
87249,2016-11-14,20:57:00,361,1,5358
87250,2016-11-14,21:02:00,292,2,2055
87251,2016-11-14,21:05:00,192,3,5377
87252,2016-11-14,21:08:00,155,1,1452
87253,2016-11-14,21:11:00,134,1,4299
87254,2016-11-14,21:30:00,231,3,1872
87255,2016-11-14,21:33:00,338,2,1147
87256,2016-11-14,21:56:00,51,1,5272
87257,2016-11-14,21:57:00,269,1,1627
87258,2016-11-14,21:57:00,418,2,4722
87259,2016-11-14,22:01:00,112,1,10102
87260,2016-11-14,22:06:00,399,2,4386
87261,2016-11-14,22:10:00,121,4,2806
87262,2016-11-14,22:10:00,165,2,9400
87263,2016-11-14,22:12:00,381,1,3276
87264,2016-11-14,22:21:00,8,4,2574
87265,2016-11-14,22:35:00,185,1,3549
87266,2016-11-14,22:40:00,361,1,6370
87267,2016-11-14,22:40:00,395,1,4713
87268,2016-11-14,23:05:00,131,3,7816
87269,2016-11-14,23:14:00,383,1,11330
87270,2016-11-14,23:17:00,201,2,9545
87271,2016-11-14,23:25:00,219,2,6895
87272,2016-11-14,23:32:00,3,1,2609
87273,2016-11-14,23:37:00,21,1,920
87274,2016-11-14,23:37:00,401,1,3356
87275,2016-11-14,23:43:00,365,4,3365
87276,2016-11-14,23:43:00,427,1,10858
87277,2016-11-14,23:44:00,331,2,7473
87278,2016-11-15,00:05:00,9,2,648
87279,2016-11-15,00:15:00,279,1,10117
87280,2016-11-15,00:17:00,377,1,1764
87281,2016-11-15,00:17:00,210,2,451
87282,2016-11-15,00:18:00,433,2,5378
87283,2016-11-15,00:21:00,124,1,9894
87284,2016-11-15,00:32:00,52,3,1866
87285,2016-11-15,00:59:00,67,2,8211
87286,2016-11-15,01:00:00,328,1,5813
87287,2016-11-15,01:01:00,254,1,9439
87288,2016-11-15,01:13:00,242,1,10965
87289,2016-11-15,01:16:00,287,3,4290
87290,2016-11-15,01:21:00,148,3,8008
87291,2016-11-15,01:23:00,377,2,10148
87292,2016-11-15,01:38:00,147,3,10264
87293,2016-11-15,01:42:00,65,3,1552
87294,2016-11-15,01:43:00,115,4,9395
87295,2016-11-15,01:55:00,179,1,9931
87296,2016-11-15,02:10:00,138,1,2641
87297,2016-11-15,02:17:00,423,3,5247
87298,2016-11-15,02:29:00,131,1,6469
87299,2016-11-15,02:31:00,341,2,7925
87300,2016-11-15,02:31:00,376,1,26
87301,2016-11-15,02:47:00,78,2,1056
87302,2016-11-15,03:00:00,87,3,2116
87303,2016-11-15,03:15:00,442,1,11694
87304,2016-11-15,03:15:00,386,2,5992
87305,2016-11-15,03:18:00,175,4,6798
87306,2016-11-15,03:21:00,151,1,11594
87307,2016-11-15,03:37:00,290,6,7492
87308,2016-11-15,03:40:00,189,3,1801
87309,2016-11-15,03:45:00,309,2,8871
87310,2016-11-15,03:49:00,421,2,1833
87311,2016-11-15,04:00:00,443,1,9847
87312,2016-11-15,04:11:00,197,2,773
87313,2016-11-15,04:17:00,90,2,152
87314,2016-11-15,04:23:00,93,1,2992
87315,2016-11-15,04:24:00,29,3,4921
87316,2016-11-15,04:25:00,66,2,7407
87317,2016-11-15,04:32:00,272,2,2947
87318,2016-11-15,04:34:00,341,3,52
87319,2016-11-15,04:38:00,414,2,5278
87320,2016-11-15,04:39:00,281,1,5573
87321,2016-11-15,04:40:00,181,4,6518
87322,2016-11-15,04:41:00,353,4,9472
87323,2016-11-15,04:47:00,342,2,9688
87324,2016-11-15,05:00:00,233,2,1762
87325,2016-11-15,05:34:00,405,2,753
87326,2016-11-15,05:36:00,384,4,1836
87327,2016-11-15,05:41:00,62,2,2043
87328,2016-11-15,05:43:00,350,1,7417
87329,2016-11-15,05:43:00,181,1,7945
87330,2016-11-15,05:46:00,381,2,11430
87331,2016-11-15,05:55:00,117,3,4075
87332,2016-11-15,05:55:00,75,2,6830
87333,2016-11-15,06:03:00,83,3,6651
87334,2016-11-15,06:11:00,296,4,10876
87335,2016-11-15,06:13:00,406,1,4447
87336,2016-11-15,06:13:00,48,2,7395
87337,2016-11-15,06:18:00,129,3,11257
87338,2016-11-15,06:19:00,290,2,6071
87339,2016-11-15,06:22:00,30,2,8768
87340,2016-11-15,06:28:00,180,2,4851
87341,2016-11-15,06:32:00,82,3,157
87342,2016-11-15,06:34:00,150,4,8343
87343,2016-11-15,06:37:00,108,1,2244
87344,2016-11-15,06:42:00,146,3,1926
87345,2016-11-15,06:47:00,189,2,11684
87346,2016-11-15,06:51:00,405,1,5640
87347,2016-11-15,06:55:00,96,2,974
87348,2016-11-15,06:59:00,106,2,1608
87349,2016-11-15,07:00:00,120,1,10574
87350,2016-11-15,07:07:00,145,1,6545
87351,2016-11-15,07:10:00,439,2,10881
87352,2016-11-15,07:12:00,425,1,1725
87353,2016-11-15,07:16:00,342,2,2215
87354,2016-11-15,07:30:00,273,1,6118
87355,2016-11-15,07:35:00,67,2,2881
87356,2016-11-15,07:41:00,368,1,10688
87357,2016-11-15,07:51:00,226,3,2471
87358,2016-11-15,08:12:00,121,1,6521
87359,2016-11-15,08:27:00,294,2,3244
87360,2016-11-15,08:29:00,13,3,2996
87361,2016-11-15,08:29:00,438,3,1690
87362,2016-11-15,08:39:00,71,2,7284
87363,2016-11-15,08:50:00,22,2,7618
87364,2016-11-15,08:51:00,442,2,11637
87365,2016-11-15,08:54:00,424,3,5973
87366,2016-11-15,08:55:00,298,2,3846
87367,2016-11-15,08:55:00,301,1,8986
87368,2016-11-15,09:02:00,319,1,6010
87369,2016-11-15,09:08:00,73,3,4621
87370,2016-11-15,09:14:00,337,2,4116
87371,2016-11-15,09:35:00,190,1,5864
87372,2016-11-15,09:37:00,118,1,10317
87373,2016-11-15,09:41:00,327,2,11861
87374,2016-11-15,09:44:00,79,1,6593
87375,2016-11-15,09:46:00,199,1,5721
87376,2016-11-15,09:48:00,425,2,5333
87377,2016-11-15,09:51:00,57,3,2243
87378,2016-11-15,10:00:00,350,3,2030
87379,2016-11-15,10:06:00,454,1,3524
87380,2016-11-15,10:09:00,368,2,6875
87381,2016-11-15,10:12:00,38,4,8054
87382,2016-11-15,10:14:00,250,2,6821
87383,2016-11-15,10:18:00,313,1,4718
87384,2016-11-15,10:18:00,88,4,4303
87385,2016-11-15,10:29:00,122,2,825
87386,2016-11-15,10:45:00,141,4,3563
87387,2016-11-15,10:45:00,280,3,1451
87388,2016-11-15,10:54:00,241,1,4362
87389,2016-11-15,10:56:00,202,1,9048
87390,2016-11-15,10:58:00,80,2,7666
87391,2016-11-15,11:01:00,320,4,914
87392,2016-11-15,11:27:00,307,2,6546
87393,2016-11-15,11:27:00,116,1,4973
87394,2016-11-15,11:29:00,433,2,1355
87395,2016-11-15,11:30:00,109,1,2822
87396,2016-11-15,11:38:00,213,1,9996
87397,2016-11-15,11:45:00,16,2,9585
87398,2016-11-15,11:49:00,381,1,2954
87399,2016-11-15,11:49:00,258,3,6740
87400,2016-11-15,11:51:00,62,4,9531
87401,2016-11-15,11:55:00,190,2,6218
87402,2016-11-15,12:03:00,400,2,10329
87403,2016-11-15,12:14:00,200,1,8780
87404,2016-11-15,12:21:00,409,1,7727
87405,2016-11-15,12:26:00,269,1,11119
87406,2016-11-15,12:50:00,243,2,9652
87407,2016-11-15,12:54:00,307,1,4012
87408,2016-11-15,12:54:00,209,3,1194
87409,2016-11-15,12:57:00,57,1,7800
87410,2016-11-15,13:05:00,333,2,4207
87411,2016-11-15,13:16:00,351,3,176
87412,2016-11-15,13:25:00,275,1,2575
87413,2016-11-15,13:30:00,300,3,10954
87414,2016-11-15,13:32:00,442,1,10607
87415,2016-11-15,13:35:00,432,3,7589
87416,2016-11-15,13:48:00,131,4,3833
87417,2016-11-15,13:59:00,282,1,9619
87418,2016-11-15,14:02:00,455,4,9992
87419,2016-11-15,14:07:00,50,1,8359
87420,2016-11-15,14:08:00,22,3,11017
87421,2016-11-15,14:13:00,174,3,10339
87422,2016-11-15,14:17:00,45,2,3522
87423,2016-11-15,14:26:00,149,3,3363
87424,2016-11-15,14:27:00,45,4,6357
87425,2016-11-15,14:30:00,323,2,3328
87426,2016-11-15,14:36:00,326,1,6860
87427,2016-11-15,14:40:00,72,1,4907
87428,2016-11-15,14:52:00,250,1,321
87429,2016-11-15,14:57:00,342,2,4370
87430,2016-11-15,14:57:00,121,1,6348
87431,2016-11-15,15:06:00,323,1,2877
87432,2016-11-15,15:18:00,392,1,1980
87433,2016-11-15,15:27:00,150,3,8259
87434,2016-11-15,15:29:00,288,2,3760
87435,2016-11-15,15:29:00,321,1,5155
87436,2016-11-15,15:30:00,332,2,10656
87437,2016-11-15,15:30:00,449,1,238
87438,2016-11-15,15:32:00,439,1,2902
87439,2016-11-15,15:36:00,217,1,7476
87440,2016-11-15,15:40:00,183,3,113
87441,2016-11-15,15:42:00,188,1,748
87442,2016-11-15,15:43:00,359,1,118
87443,2016-11-15,15:45:00,366,3,10932
87444,2016-11-15,15:48:00,351,1,4787
87445,2016-11-15,15:48:00,243,2,9535
87446,2016-11-15,15:50:00,189,2,8731
87447,2016-11-15,15:51:00,99,1,8750
87448,2016-11-15,16:09:00,237,1,9187
87449,2016-11-15,16:14:00,111,4,3557
87450,2016-11-15,16:17:00,159,4,6606
87451,2016-11-15,16:18:00,350,2,10561
87452,2016-11-15,16:21:00,102,2,1273
87453,2016-11-15,16:22:00,82,3,1510
87454,2016-11-15,16:22:00,312,2,1738
87455,2016-11-15,16:29:00,74,3,8999
87456,2016-11-15,16:32:00,181,2,2729
87457,2016-11-15,16:33:00,60,1,7338
87458,2016-11-15,16:38:00,201,1,210
87459,2016-11-15,16:41:00,397,3,1655
87460,2016-11-15,16:51:00,42,1,5099
87461,2016-11-15,16:52:00,229,1,5493
87462,2016-11-15,17:08:00,359,2,1939
87463,2016-11-15,17:12:00,15,2,2236
87464,2016-11-15,17:13:00,323,1,2700
87465,2016-11-15,17:23:00,239,2,8370
87466,2016-11-15,17:28:00,383,2,8636
87467,2016-11-15,17:33:00,438,2,6143
87468,2016-11-15,17:36:00,229,2,2712
87469,2016-11-15,17:44:00,28,2,8814
87470,2016-11-15,17:46:00,358,1,9013
87471,2016-11-15,17:48:00,78,5,10707
87472,2016-11-15,17:53:00,67,1,6734
87473,2016-11-15,17:56:00,278,1,7546
87474,2016-11-15,17:58:00,335,4,5266
87475,2016-11-15,18:05:00,453,1,7019
87476,2016-11-15,18:08:00,72,6,6131
87477,2016-11-15,18:10:00,223,1,11238
87478,2016-11-15,18:11:00,37,5,6658
87479,2016-11-15,18:21:00,397,2,1339
87480,2016-11-15,18:36:00,363,1,2843
87481,2016-11-15,18:40:00,73,2,8128
87482,2016-11-15,18:48:00,402,1,521
87483,2016-11-15,18:49:00,260,1,8756
87484,2016-11-15,18:52:00,43,1,4150
87485,2016-11-15,18:58:00,56,1,4805
87486,2016-11-15,18:59:00,139,1,4149
87487,2016-11-15,19:01:00,98,2,1099
87488,2016-11-15,19:09:00,318,2,11177
87489,2016-11-15,19:18:00,415,1,7628
87490,2016-11-15,19:21:00,34,3,1250
87491,2016-11-15,19:22:00,96,3,4988
87492,2016-11-15,19:26:00,37,2,6264
87493,2016-11-15,19:31:00,48,1,1744
87494,2016-11-15,19:39:00,235,1,2069
87495,2016-11-15,19:39:00,398,2,3306
87496,2016-11-15,19:41:00,228,3,9397
87497,2016-11-15,19:47:00,195,2,7753
87498,2016-11-15,19:48:00,273,1,2014
87499,2016-11-15,19:54:00,274,1,8365
87500,2016-11-15,20:00:00,90,1,4409
87501,2016-11-15,20:06:00,44,3,2315
87502,2016-11-15,20:12:00,336,1,11528
87503,2016-11-15,20:16:00,123,1,6499
87504,2016-11-15,20:20:00,401,3,9588
87505,2016-11-15,20:23:00,49,3,725
87506,2016-11-15,20:24:00,92,4,7070
87507,2016-11-15,20:29:00,21,2,11123
87508,2016-11-15,20:44:00,70,2,780
87509,2016-11-15,20:55:00,117,3,1740
87510,2016-11-15,21:00:00,81,2,6792
87511,2016-11-15,21:03:00,108,2,6939
87512,2016-11-15,21:06:00,187,1,3493
87513,2016-11-15,21:24:00,443,3,2550
87514,2016-11-15,21:28:00,360,2,9297
87515,2016-11-15,21:28:00,400,1,5406
87516,2016-11-15,21:35:00,279,2,10345
87517,2016-11-15,21:37:00,156,2,769
87518,2016-11-15,21:48:00,328,1,2136
87519,2016-11-15,21:52:00,306,2,5337
87520,2016-11-15,21:55:00,23,4,6859
87521,2016-11-15,22:04:00,211,1,8963
87522,2016-11-15,22:07:00,22,1,8203
87523,2016-11-15,22:08:00,287,2,7854
87524,2016-11-15,22:12:00,381,4,8358
87525,2016-11-15,22:16:00,219,1,5930
87526,2016-11-15,22:26:00,78,1,2525
87527,2016-11-15,22:31:00,293,1,1525
87528,2016-11-15,22:39:00,346,1,11885
87529,2016-11-15,22:42:00,120,3,1593
87530,2016-11-15,22:46:00,223,1,7598
87531,2016-11-15,22:49:00,194,1,7261
87532,2016-11-15,22:50:00,436,1,4071
87533,2016-11-15,22:55:00,117,1,5368
87534,2016-11-15,23:04:00,288,2,9740
87535,2016-11-15,23:06:00,114,3,11595
87536,2016-11-15,23:17:00,253,1,3593
87537,2016-11-15,23:31:00,422,3,4604
87538,2016-11-15,23:32:00,295,2,4767
87539,2016-11-15,23:37:00,292,2,6171
87540,2016-11-15,23:46:00,391,1,7835
87541,2016-11-15,23:47:00,185,1,7276
87542,2016-11-15,23:49:00,232,1,9488
87543,2016-11-15,23:51:00,56,3,10603
87544,2016-11-15,23:52:00,248,1,3982
87545,2016-11-15,23:55:00,190,1,6128
87546,2016-11-15,23:58:00,230,2,7758
87547,2016-11-16,00:00:00,450,1,6237
87548,2016-11-16,00:09:00,443,1,2338
87549,2016-11-16,00:15:00,21,1,6213
87550,2016-11-16,00:16:00,441,1,2403
87551,2016-11-16,00:17:00,436,1,10611
87552,2016-11-16,00:18:00,69,2,4863
87553,2016-11-16,00:25:00,54,5,23
87554,2016-11-16,00:28:00,354,1,11334
87555,2016-11-16,00:28:00,327,2,4691
87556,2016-11-16,00:31:00,231,2,9162
87557,2016-11-16,00:33:00,351,2,4743
87558,2016-11-16,00:35:00,251,1,10921
87559,2016-11-16,00:42:00,191,4,9
87560,2016-11-16,00:58:00,62,2,4802
87561,2016-11-16,01:02:00,398,3,4733
87562,2016-11-16,01:04:00,94,2,10691
87563,2016-11-16,01:04:00,267,2,10965
87564,2016-11-16,01:07:00,111,1,11257
87565,2016-11-16,01:14:00,195,1,4789
87566,2016-11-16,01:16:00,430,2,1581
87567,2016-11-16,01:25:00,272,1,4621
87568,2016-11-16,01:31:00,210,3,9169
87569,2016-11-16,01:32:00,276,2,10827
87570,2016-11-16,01:52:00,348,2,10806
87571,2016-11-16,01:54:00,202,2,7594
87572,2016-11-16,01:56:00,47,1,59
87573,2016-11-16,01:57:00,35,1,3190
87574,2016-11-16,02:08:00,155,2,862
87575,2016-11-16,02:14:00,121,3,4168
87576,2016-11-16,02:18:00,368,2,8586
87577,2016-11-16,02:20:00,457,1,4945
87578,2016-11-16,02:30:00,86,1,3806
87579,2016-11-16,02:35:00,44,2,9584
87580,2016-11-16,02:37:00,130,1,7099
87581,2016-11-16,02:44:00,433,2,11368
87582,2016-11-16,02:52:00,196,2,9477
87583,2016-11-16,02:53:00,189,1,520
87584,2016-11-16,02:53:00,421,1,7327
87585,2016-11-16,02:59:00,362,3,4860
87586,2016-11-16,03:17:00,384,2,3781
87587,2016-11-16,03:26:00,178,2,3501
87588,2016-11-16,03:36:00,371,3,7044
87589,2016-11-16,03:43:00,65,4,7478
87590,2016-11-16,03:46:00,159,1,2316
87591,2016-11-16,03:47:00,182,1,3360
87592,2016-11-16,03:56:00,332,2,6404
87593,2016-11-16,03:57:00,329,2,6744
87594,2016-11-16,04:05:00,401,2,1434
87595,2016-11-16,04:12:00,200,1,5599
87596,2016-11-16,04:24:00,360,1,10745
87597,2016-11-16,04:27:00,54,1,10606
87598,2016-11-16,04:36:00,40,1,6088
87599,2016-11-16,04:41:00,248,1,11160
87600,2016-11-16,04:42:00,219,2,2994
87601,2016-11-16,04:43:00,12,2,9280
87602,2016-11-16,04:45:00,244,2,7435
87603,2016-11-16,04:51:00,98,2,1686
87604,2016-11-16,05:05:00,231,3,10315
87605,2016-11-16,05:09:00,287,2,8870
87606,2016-11-16,05:22:00,401,2,9990
87607,2016-11-16,05:24:00,53,2,2715
87608,2016-11-16,05:27:00,82,1,6045
87609,2016-11-16,05:31:00,291,2,8992
87610,2016-11-16,05:33:00,414,1,10593
87611,2016-11-16,05:35:00,332,1,8580
87612,2016-11-16,05:38:00,108,1,707
87613,2016-11-16,05:39:00,374,2,5211
87614,2016-11-16,05:43:00,401,2,3703
87615,2016-11-16,05:44:00,308,1,9945
87616,2016-11-16,05:44:00,378,1,11103
87617,2016-11-16,05:48:00,187,3,1021
87618,2016-11-16,05:50:00,453,1,7532
87619,2016-11-16,05:53:00,136,2,11211
87620,2016-11-16,05:53:00,451,1,11506
87621,2016-11-16,06:02:00,417,2,10590
87622,2016-11-16,06:04:00,296,2,2187
87623,2016-11-16,06:05:00,84,1,3248
87624,2016-11-16,06:07:00,388,2,1798
87625,2016-11-16,06:11:00,426,4,7860
87626,2016-11-16,06:14:00,176,1,6028
87627,2016-11-16,06:18:00,115,2,9977
87628,2016-11-16,06:18:00,301,1,11309
87629,2016-11-16,06:23:00,411,5,10660
87630,2016-11-16,06:24:00,335,3,8492
87631,2016-11-16,06:30:00,440,2,3422
87632,2016-11-16,06:31:00,392,3,162
87633,2016-11-16,06:41:00,172,3,11974
87634,2016-11-16,06:42:00,371,3,3169
87635,2016-11-16,06:42:00,328,3,10418
87636,2016-11-16,06:50:00,238,3,1002
87637,2016-11-16,06:50:00,51,1,3739
87638,2016-11-16,06:54:00,132,1,7830
87639,2016-11-16,06:59:00,430,2,4373
87640,2016-11-16,07:08:00,439,2,420
87641,2016-11-16,07:21:00,410,3,1230
87642,2016-11-16,07:31:00,284,2,5410
87643,2016-11-16,07:44:00,33,1,652
87644,2016-11-16,07:48:00,125,1,6224
87645,2016-11-16,07:52:00,157,1,8031
87646,2016-11-16,07:57:00,247,2,4674
87647,2016-11-16,08:03:00,235,1,10157
87648,2016-11-16,08:07:00,255,2,5566
87649,2016-11-16,08:08:00,234,2,11628
87650,2016-11-16,08:18:00,154,2,9450
87651,2016-11-16,08:25:00,146,4,11178
87652,2016-11-16,08:27:00,365,1,1798
87653,2016-11-16,08:46:00,394,3,9262
87654,2016-11-16,08:48:00,115,2,2932
87655,2016-11-16,08:49:00,129,2,6361
87656,2016-11-16,08:52:00,397,2,2735
87657,2016-11-16,08:53:00,253,1,5205
87658,2016-11-16,08:55:00,80,2,2360
87659,2016-11-16,09:02:00,252,3,11815
87660,2016-11-16,09:08:00,75,1,8886
87661,2016-11-16,09:11:00,411,4,3111
87662,2016-11-16,09:18:00,91,1,1476
87663,2016-11-16,09:26:00,409,2,416
87664,2016-11-16,09:30:00,197,2,1686
87665,2016-11-16,09:31:00,40,3,8338
87666,2016-11-16,09:37:00,333,2,1133
87667,2016-11-16,09:38:00,457,2,9676
87668,2016-11-16,09:40:00,353,5,463
87669,2016-11-16,09:42:00,356,2,9429
87670,2016-11-16,09:49:00,52,3,823
87671,2016-11-16,09:56:00,160,3,11788
87672,2016-11-16,09:56:00,77,4,10991
87673,2016-11-16,10:00:00,200,1,4455
87674,2016-11-16,10:16:00,390,1,6837
87675,2016-11-16,10:20:00,16,2,9890
87676,2016-11-16,10:35:00,46,4,8803
87677,2016-11-16,10:45:00,167,2,7426
87678,2016-11-16,10:46:00,69,2,3914
87679,2016-11-16,10:54:00,196,1,7024
87680,2016-11-16,10:54:00,300,2,1335
87681,2016-11-16,11:01:00,163,1,11660
87682,2016-11-16,11:11:00,37,5,4938
87683,2016-11-16,11:16:00,186,2,5868
87684,2016-11-16,11:18:00,242,4,1383
87685,2016-11-16,11:25:00,273,1,9441
87686,2016-11-16,11:26:00,449,2,10689
87687,2016-11-16,11:30:00,36,2,818
87688,2016-11-16,11:33:00,123,2,3087
87689,2016-11-16,12:01:00,388,2,7497
87690,2016-11-16,12:05:00,284,2,2597
87691,2016-11-16,12:13:00,126,1,7072
87692,2016-11-16,12:17:00,396,2,582
87693,2016-11-16,12:17:00,10,1,4519
87694,2016-11-16,12:19:00,154,7,8479
87695,2016-11-16,12:24:00,252,3,11663
87696,2016-11-16,12:27:00,223,1,4465
87697,2016-11-16,12:36:00,325,5,9556
87698,2016-11-16,12:37:00,97,1,11161
87699,2016-11-16,12:38:00,107,2,27
87700,2016-11-16,12:41:00,204,2,4135
87701,2016-11-16,12:49:00,216,3,1190
87702,2016-11-16,12:55:00,178,2,9356
87703,2016-11-16,12:56:00,398,1,9479
87704,2016-11-16,12:58:00,374,2,3992
87705,2016-11-16,13:00:00,122,4,3175
87706,2016-11-16,13:04:00,254,2,9577
87707,2016-11-16,13:18:00,19,1,2947
87708,2016-11-16,13:23:00,377,2,10469
87709,2016-11-16,13:29:00,381,1,1088
87710,2016-11-16,13:33:00,333,1,6488
87711,2016-11-16,13:36:00,447,3,6992
87712,2016-11-16,13:44:00,196,2,7631
87713,2016-11-16,13:46:00,167,1,10970
87714,2016-11-16,13:58:00,455,2,809
87715,2016-11-16,14:00:00,385,1,2383
87716,2016-11-16,14:03:00,359,1,441
87717,2016-11-16,14:03:00,422,1,11969
87718,2016-11-16,14:05:00,121,2,30
87719,2016-11-16,14:11:00,213,1,127
87720,2016-11-16,14:14:00,54,2,4942
87721,2016-11-16,14:14:00,376,1,10275
87722,2016-11-16,14:24:00,137,1,5854
87723,2016-11-16,14:27:00,220,4,1016
87724,2016-11-16,14:31:00,367,1,8686
87725,2016-11-16,14:31:00,63,2,666
87726,2016-11-16,14:31:00,163,1,11909
87727,2016-11-16,14:38:00,271,1,10033
87728,2016-11-16,14:38:00,22,3,3599
87729,2016-11-16,14:39:00,352,1,7779
87730,2016-11-16,14:52:00,245,1,5848
87731,2016-11-16,14:55:00,194,1,4766
87732,2016-11-16,14:58:00,441,3,5412
87733,2016-11-16,15:00:00,153,3,9920
87734,2016-11-16,15:12:00,93,1,1802
87735,2016-11-16,15:20:00,327,2,834
87736,2016-11-16,15:36:00,143,4,4822
87737,2016-11-16,15:47:00,273,3,11073
87738,2016-11-16,15:55:00,225,3,5819
87739,2016-11-16,16:02:00,121,3,6549
87740,2016-11-16,16:12:00,17,2,3242
87741,2016-11-16,16:16:00,285,5,10962
87742,2016-11-16,16:26:00,178,1,2849
87743,2016-11-16,16:28:00,115,4,10311
87744,2016-11-16,16:31:00,35,1,1491
87745,2016-11-16,16:41:00,390,2,7796
87746,2016-11-16,16:41:00,50,3,7158
87747,2016-11-16,16:47:00,244,3,309
87748,2016-11-16,16:54:00,202,1,267
87749,2016-11-16,17:21:00,178,2,11450
87750,2016-11-16,17:29:00,227,2,11035
87751,2016-11-16,17:29:00,391,1,1395
87752,2016-11-16,17:38:00,390,3,10821
87753,2016-11-16,17:43:00,409,4,1721
87754,2016-11-16,17:45:00,105,1,1756
87755,2016-11-16,17:46:00,139,2,3843
87756,2016-11-16,17:55:00,24,1,6995
87757,2016-11-16,17:56:00,199,2,8819
87758,2016-11-16,18:16:00,368,2,5288
87759,2016-11-16,18:38:00,147,3,1842
87760,2016-11-16,18:39:00,118,1,5919
87761,2016-11-16,18:48:00,256,7,2580
87762,2016-11-16,18:49:00,43,2,9984
87763,2016-11-16,18:54:00,12,1,10831
87764,2016-11-16,18:54:00,338,2,7639
87765,2016-11-16,19:10:00,278,6,7540
87766,2016-11-16,19:12:00,141,1,8760
87767,2016-11-16,19:12:00,40,1,10464
87768,2016-11-16,19:17:00,278,2,620
87769,2016-11-16,19:21:00,190,4,10329
87770,2016-11-16,19:21:00,381,2,4478
87771,2016-11-16,19:26:00,390,3,11945
87772,2016-11-16,19:31:00,71,2,226
87773,2016-11-16,19:35:00,80,1,3078
87774,2016-11-16,19:55:00,188,4,3648
87775,2016-11-16,19:56:00,9,1,10398
87776,2016-11-16,19:59:00,390,3,10900
87777,2016-11-16,20:25:00,370,2,83
87778,2016-11-16,20:34:00,378,2,8209
87779,2016-11-16,20:37:00,11,2,592
87780,2016-11-16,20:39:00,94,1,1417
87781,2016-11-16,20:52:00,401,1,1248
87782,2016-11-16,21:00:00,199,2,6198
87783,2016-11-16,21:04:00,355,1,2709
87784,2016-11-16,21:05:00,333,4,7945
87785,2016-11-16,21:18:00,174,1,3099
87786,2016-11-16,21:19:00,433,2,11752
87787,2016-11-16,21:27:00,315,4,8820
87788,2016-11-16,21:28:00,340,1,4227
87789,2016-11-16,21:39:00,373,2,10612
87790,2016-11-16,21:47:00,305,3,3112
87791,2016-11-16,21:53:00,70,1,10552
87792,2016-11-16,22:13:00,225,2,8520
87793,2016-11-16,22:14:00,205,2,3286
87794,2016-11-16,22:16:00,393,2,11268
87795,2016-11-16,22:20:00,219,2,3062
87796,2016-11-16,22:24:00,129,3,10556
87797,2016-11-16,22:25:00,125,3,4302
87798,2016-11-16,22:28:00,81,2,9651
87799,2016-11-16,22:38:00,363,4,604
87800,2016-11-16,22:38:00,194,2,6520
87801,2016-11-16,23:00:00,264,1,5802
87802,2016-11-16,23:00:00,208,1,550
87803,2016-11-16,23:00:00,403,2,8240
87804,2016-11-16,23:03:00,235,3,9312
87805,2016-11-16,23:15:00,253,1,5864
87806,2016-11-16,23:21:00,381,3,6032
87807,2016-11-16,23:32:00,57,2,11961
87808,2016-11-16,23:33:00,196,2,8466
87809,2016-11-16,23:33:00,331,1,1214
87810,2016-11-16,23:45:00,163,1,11132
87811,2016-11-16,23:55:00,3,4,8728
87812,2016-11-16,23:57:00,320,3,7445
87813,2016-11-17,00:13:00,432,1,7803
87814,2016-11-17,00:14:00,379,3,266
87815,2016-11-17,00:16:00,94,3,702
87816,2016-11-17,00:17:00,358,3,636
87817,2016-11-17,00:27:00,265,1,1286
87818,2016-11-17,00:27:00,25,1,2209
87819,2016-11-17,00:39:00,188,2,6808
87820,2016-11-17,00:49:00,127,2,91
87821,2016-11-17,00:50:00,9,3,8363
87822,2016-11-17,01:05:00,408,1,6335
87823,2016-11-17,01:22:00,316,1,8234
87824,2016-11-17,01:27:00,226,1,10413
87825,2016-11-17,01:32:00,125,4,1136
87826,2016-11-17,01:33:00,333,1,816
87827,2016-11-17,01:36:00,112,2,8810
87828,2016-11-17,01:37:00,232,3,781
87829,2016-11-17,01:43:00,400,3,4526
87830,2016-11-17,01:48:00,18,2,6278
87831,2016-11-17,01:51:00,104,2,8905
87832,2016-11-17,01:54:00,134,3,10875
87833,2016-11-17,02:05:00,172,2,8509
87834,2016-11-17,02:10:00,122,2,11693
87835,2016-11-17,02:23:00,392,3,530
87836,2016-11-17,02:32:00,377,1,7745
87837,2016-11-17,02:39:00,185,3,9719
87838,2016-11-17,02:40:00,162,1,190
87839,2016-11-17,02:43:00,85,2,10199
87840,2016-11-17,02:49:00,249,1,4197
87841,2016-11-17,02:52:00,310,1,7404
87842,2016-11-17,02:58:00,428,1,4593
87843,2016-11-17,02:59:00,314,1,2661
87844,2016-11-17,03:27:00,143,4,8093
87845,2016-11-17,03:39:00,457,1,6401
87846,2016-11-17,03:44:00,148,1,4376
87847,2016-11-17,03:55:00,13,2,6614
87848,2016-11-17,04:02:00,151,1,10622
87849,2016-11-17,04:08:00,52,1,7179
87850,2016-11-17,04:20:00,245,3,8134
87851,2016-11-17,04:21:00,236,5,9043
87852,2016-11-17,04:23:00,310,1,11322
87853,2016-11-17,04:24:00,225,1,7735
87854,2016-11-17,04:31:00,426,2,2639
87855,2016-11-17,04:40:00,354,2,6913
87856,2016-11-17,04:41:00,154,2,8047
87857,2016-11-17,04:41:00,6,3,4147
87858,2016-11-17,04:42:00,398,1,9001
87859,2016-11-17,04:50:00,118,3,7525
87860,2016-11-17,05:02:00,18,2,4931
87861,2016-11-17,05:02:00,37,1,11328
87862,2016-11-17,05:04:00,54,3,8947
87863,2016-11-17,05:04:00,457,3,11541
87864,2016-11-17,05:05:00,256,3,1428
87865,2016-11-17,05:07:00,427,5,7480
87866,2016-11-17,05:09:00,327,2,1780
87867,2016-11-17,05:09:00,239,4,6603
87868,2016-11-17,05:11:00,157,1,8717
87869,2016-11-17,05:16:00,393,1,10941
87870,2016-11-17,05:17:00,161,2,4585
87871,2016-11-17,05:19:00,457,1,9591
87872,2016-11-17,05:33:00,184,2,10616
87873,2016-11-17,05:34:00,186,2,3532
87874,2016-11-17,05:51:00,412,2,950
87875,2016-11-17,05:54:00,257,1,3146
87876,2016-11-17,05:59:00,214,4,4273
87877,2016-11-17,06:02:00,433,2,7370
87878,2016-11-17,06:11:00,167,1,723
87879,2016-11-17,06:14:00,234,2,10924
87880,2016-11-17,06:14:00,292,3,8760
87881,2016-11-17,06:15:00,52,4,11751
87882,2016-11-17,06:19:00,210,3,4371
87883,2016-11-17,06:20:00,33,3,1721
87884,2016-11-17,06:20:00,19,1,5285
87885,2016-11-17,06:27:00,224,2,2516
87886,2016-11-17,06:28:00,217,2,10697
87887,2016-11-17,06:33:00,167,1,3619
87888,2016-11-17,06:34:00,133,3,3188
87889,2016-11-17,06:37:00,231,1,1266
87890,2016-11-17,06:48:00,252,2,6336
87891,2016-11-17,06:58:00,164,2,5663
87892,2016-11-17,06:59:00,31,2,1808
87893,2016-11-17,07:00:00,279,4,3715
87894,2016-11-17,07:09:00,426,1,7339
87895,2016-11-17,07:11:00,318,3,5796
87896,2016-11-17,07:12:00,73,2,2841
87897,2016-11-17,07:12:00,426,5,2211
87898,2016-11-17,07:16:00,446,1,8810
87899,2016-11-17,07:31:00,322,2,5473
87900,2016-11-17,07:38:00,42,2,11591
87901,2016-11-17,07:48:00,80,2,4010
87902,2016-11-17,07:50:00,378,2,8924
87903,2016-11-17,07:54:00,374,1,4804
87904,2016-11-17,07:56:00,355,3,8802
87905,2016-11-17,08:00:00,352,2,7417
87906,2016-11-17,08:03:00,434,2,6572
87907,2016-11-17,08:03:00,397,2,9800
87908,2016-11-17,08:05:00,341,1,651
87909,2016-11-17,08:10:00,186,2,2800
87910,2016-11-17,08:12:00,265,1,11175
87911,2016-11-17,08:19:00,88,1,1996
87912,2016-11-17,08:27:00,240,1,7468
87913,2016-11-17,08:34:00,270,3,8865
87914,2016-11-17,08:34:00,171,1,3731
87915,2016-11-17,08:41:00,169,1,7682
87916,2016-11-17,08:53:00,163,2,10150
87917,2016-11-17,09:06:00,390,2,2912
87918,2016-11-17,09:14:00,137,1,4385
87919,2016-11-17,09:34:00,333,2,10753
87920,2016-11-17,09:35:00,102,1,8315
87921,2016-11-17,09:39:00,9,2,2034
87922,2016-11-17,09:40:00,124,2,8284
87923,2016-11-17,09:41:00,361,1,5715
87924,2016-11-17,09:42:00,280,2,1516
87925,2016-11-17,10:13:00,93,1,10547
87926,2016-11-17,10:14:00,370,4,1968
87927,2016-11-17,10:21:00,308,2,5687
87928,2016-11-17,10:26:00,357,3,6773
87929,2016-11-17,10:32:00,69,3,5577
87930,2016-11-17,10:32:00,55,2,1842
87931,2016-11-17,10:32:00,140,2,10809
87932,2016-11-17,10:39:00,172,2,9688
87933,2016-11-17,10:43:00,273,4,676
87934,2016-11-17,11:06:00,244,2,7893
87935,2016-11-17,11:26:00,394,3,8906
87936,2016-11-17,11:29:00,127,4,7946
87937,2016-11-17,11:29:00,90,1,4080
87938,2016-11-17,11:36:00,106,4,7948
87939,2016-11-17,11:40:00,11,2,10834
87940,2016-11-17,11:43:00,170,3,1298
87941,2016-11-17,11:55:00,347,2,6080
87942,2016-11-17,12:01:00,319,1,4350
87943,2016-11-17,12:02:00,52,1,9901
87944,2016-11-17,12:10:00,216,2,11280
87945,2016-11-17,12:17:00,413,2,3803
87946,2016-11-17,12:17:00,60,3,8947
87947,2016-11-17,12:28:00,199,3,4865
87948,2016-11-17,12:48:00,280,2,6892
87949,2016-11-17,12:52:00,251,3,8602
87950,2016-11-17,13:00:00,224,1,5391
87951,2016-11-17,13:04:00,76,3,8961
87952,2016-11-17,13:05:00,128,2,11475
87953,2016-11-17,13:13:00,319,2,1098
87954,2016-11-17,13:17:00,100,2,9160
87955,2016-11-17,13:18:00,231,2,10262
87956,2016-11-17,13:21:00,341,1,11488
87957,2016-11-17,13:25:00,163,2,3365
87958,2016-11-17,13:38:00,284,1,7385
87959,2016-11-17,13:48:00,258,2,11437
87960,2016-11-17,14:11:00,276,3,3401
87961,2016-11-17,14:19:00,50,3,7367
87962,2016-11-17,14:28:00,360,3,5092
87963,2016-11-17,14:35:00,239,3,3008
87964,2016-11-17,14:39:00,48,3,10742
87965,2016-11-17,14:45:00,90,2,6333
87966,2016-11-17,14:58:00,2,2,9783
87967,2016-11-17,15:00:00,299,1,2198
87968,2016-11-17,15:04:00,371,1,8745
87969,2016-11-17,15:05:00,199,3,2060
87970,2016-11-17,15:11:00,12,3,5305
87971,2016-11-17,15:20:00,86,2,11239
87972,2016-11-17,15:30:00,242,3,3356
87973,2016-11-17,15:33:00,442,2,10574
87974,2016-11-17,15:41:00,327,2,10016
87975,2016-11-17,15:43:00,452,1,11448
87976,2016-11-17,15:49:00,240,3,9075
87977,2016-11-17,15:51:00,261,1,1514
87978,2016-11-17,15:54:00,439,1,984
87979,2016-11-17,15:54:00,275,1,7415
87980,2016-11-17,15:56:00,127,2,6236
87981,2016-11-17,15:56:00,382,1,2284
87982,2016-11-17,15:57:00,149,3,6038
87983,2016-11-17,15:57:00,218,2,7572
87984,2016-11-17,15:59:00,198,3,8396
87985,2016-11-17,16:03:00,233,2,6501
87986,2016-11-17,16:10:00,449,1,9036
87987,2016-11-17,16:12:00,169,1,456
87988,2016-11-17,16:14:00,423,1,5119
87989,2016-11-17,16:22:00,145,2,2459
87990,2016-11-17,16:27:00,309,1,10640
87991,2016-11-17,16:38:00,90,1,5281
87992,2016-11-17,16:40:00,82,1,10096
87993,2016-11-17,16:42:00,51,2,11042
87994,2016-11-17,16:42:00,212,3,7725
87995,2016-11-17,16:42:00,295,2,11897
87996,2016-11-17,16:45:00,80,4,6291
87997,2016-11-17,16:58:00,297,1,11833
87998,2016-11-17,17:00:00,131,2,3223
87999,2016-11-17,17:03:00,277,3,3633
88000,2016-11-17,17:06:00,327,3,2965
88001,2016-11-17,17:16:00,80,2,10623
88002,2016-11-17,17:25:00,5,2,1947
88003,2016-11-17,17:26:00,207,2,9679
88004,2016-11-17,17:29:00,387,2,5704
88005,2016-11-17,17:29:00,356,1,6967
88006,2016-11-17,17:32:00,296,3,1812
88007,2016-11-17,17:36:00,67,2,10578
88008,2016-11-17,17:47:00,376,4,7509
88009,2016-11-17,18:03:00,128,2,7395
88010,2016-11-17,18:12:00,447,2,5858
88011,2016-11-17,18:14:00,258,4,5785
88012,2016-11-17,18:31:00,378,2,7757
88013,2016-11-17,18:40:00,71,2,7495
88014,2016-11-17,18:41:00,48,1,1932
88015,2016-11-17,18:46:00,63,1,4712
88016,2016-11-17,18:47:00,430,1,4052
88017,2016-11-17,18:56:00,80,2,8566
88018,2016-11-17,19:01:00,439,3,11384
88019,2016-11-17,19:14:00,387,2,1874
88020,2016-11-17,19:31:00,303,3,9672
88021,2016-11-17,19:35:00,122,2,9420
88022,2016-11-17,19:41:00,417,1,10520
88023,2016-11-17,19:41:00,269,1,1926
88024,2016-11-17,19:43:00,301,1,8424
88025,2016-11-17,19:54:00,212,1,6330
88026,2016-11-17,20:03:00,174,3,5122
88027,2016-11-17,20:14:00,105,3,4726
88028,2016-11-17,20:15:00,189,1,10037
88029,2016-11-17,20:17:00,155,2,10710
88030,2016-11-17,20:23:00,427,4,81
88031,2016-11-17,20:35:00,39,3,8183
88032,2016-11-17,20:56:00,401,3,4885
88033,2016-11-17,21:02:00,428,2,10970
88034,2016-11-17,21:04:00,5,2,8757
88035,2016-11-17,21:06:00,399,2,1217
88036,2016-11-17,21:09:00,440,3,3872
88037,2016-11-17,21:40:00,140,4,10079
88038,2016-11-17,21:43:00,354,3,7280
88039,2016-11-17,21:44:00,334,1,6660
88040,2016-11-17,21:48:00,291,3,3730
88041,2016-11-17,22:17:00,333,2,10459
88042,2016-11-17,22:20:00,90,4,8493
88043,2016-11-17,22:22:00,217,2,6632
88044,2016-11-17,22:26:00,107,2,7421
88045,2016-11-17,22:29:00,408,1,3435
88046,2016-11-17,22:33:00,301,3,3495
88047,2016-11-17,22:33:00,318,1,3903
88048,2016-11-17,22:41:00,190,1,597
88049,2016-11-17,22:46:00,386,4,5008
88050,2016-11-17,22:48:00,235,1,7640
88051,2016-11-17,22:51:00,15,3,3858
88052,2016-11-17,23:06:00,40,1,11241
88053,2016-11-17,23:12:00,26,3,6799
88054,2016-11-17,23:15:00,95,2,10871
88055,2016-11-17,23:25:00,267,2,7766
88056,2016-11-17,23:25:00,2,2,8578
88057,2016-11-17,23:38:00,128,1,8553
88058,2016-11-17,23:40:00,243,2,7379
88059,2016-11-17,23:49:00,54,2,4118
88060,2016-11-17,23:54:00,325,3,11948
88061,2016-11-17,23:59:00,159,2,4602
88062,2016-11-18,00:04:00,160,1,9748
88063,2016-11-18,00:07:00,118,3,4851
88064,2016-11-18,00:12:00,173,2,8886
88065,2016-11-18,00:31:00,199,1,4646
88066,2016-11-18,00:40:00,365,2,4562
88067,2016-11-18,00:47:00,257,3,8893
88068,2016-11-18,00:48:00,23,3,1631
88069,2016-11-18,00:49:00,241,2,646
88070,2016-11-18,00:55:00,377,2,339
88071,2016-11-18,00:59:00,333,2,3369
88072,2016-11-18,01:00:00,317,5,6336
88073,2016-11-18,01:05:00,55,2,11542
88074,2016-11-18,01:05:00,190,3,2006
88075,2016-11-18,01:09:00,180,3,6499
88076,2016-11-18,01:10:00,174,1,10258
88077,2016-11-18,01:16:00,185,2,6733
88078,2016-11-18,01:16:00,233,4,3800
88079,2016-11-18,01:17:00,108,2,3657
88080,2016-11-18,01:17:00,203,1,3804
88081,2016-11-18,01:22:00,345,2,3777
88082,2016-11-18,01:28:00,279,2,11980
88083,2016-11-18,01:29:00,445,1,3195
88084,2016-11-18,01:43:00,438,4,52
88085,2016-11-18,01:49:00,413,2,10712
88086,2016-11-18,01:50:00,92,1,1981
88087,2016-11-18,01:55:00,327,3,5859
88088,2016-11-18,02:01:00,409,3,7309
88089,2016-11-18,02:06:00,396,2,2885
88090,2016-11-18,02:12:00,435,1,11887
88091,2016-11-18,02:13:00,173,3,5590
88092,2016-11-18,02:23:00,320,2,1664
88093,2016-11-18,02:28:00,326,2,5892
88094,2016-11-18,02:28:00,379,1,1585
88095,2016-11-18,02:31:00,296,1,10286
88096,2016-11-18,02:40:00,299,2,1034
88097,2016-11-18,02:41:00,158,1,6944
88098,2016-11-18,02:54:00,352,2,3653
88099,2016-11-18,02:56:00,171,1,3174
88100,2016-11-18,02:57:00,274,1,2185
88101,2016-11-18,03:04:00,436,1,383
88102,2016-11-18,03:11:00,332,1,8090
88103,2016-11-18,03:14:00,35,1,2050
88104,2016-11-18,03:30:00,47,1,10482
88105,2016-11-18,03:32:00,430,2,2651
88106,2016-11-18,03:42:00,110,2,6415
88107,2016-11-18,03:43:00,405,2,5455
88108,2016-11-18,03:45:00,103,2,2387
88109,2016-11-18,03:46:00,163,4,8809
88110,2016-11-18,03:48:00,31,4,9383
88111,2016-11-18,03:50:00,415,1,4051
88112,2016-11-18,03:57:00,142,1,2858
88113,2016-11-18,04:07:00,24,1,6079
88114,2016-11-18,04:09:00,87,1,3719
88115,2016-11-18,04:11:00,50,3,1721
88116,2016-11-18,04:12:00,41,1,10773
88117,2016-11-18,04:14:00,197,2,4159
88118,2016-11-18,04:15:00,96,3,2434
88119,2016-11-18,04:16:00,11,3,1137
88120,2016-11-18,04:27:00,33,2,8380
88121,2016-11-18,04:29:00,72,1,6073
88122,2016-11-18,04:32:00,458,2,642
88123,2016-11-18,04:34:00,426,2,1034
88124,2016-11-18,04:42:00,262,2,6794
88125,2016-11-18,04:43:00,356,3,9722
88126,2016-11-18,04:50:00,141,3,5778
88127,2016-11-18,04:51:00,202,1,11202
88128,2016-11-18,04:51:00,366,1,10782
88129,2016-11-18,04:54:00,248,2,4759
88130,2016-11-18,05:21:00,310,2,6884
88131,2016-11-18,05:26:00,95,3,10155
88132,2016-11-18,05:39:00,248,1,1266
88133,2016-11-18,05:43:00,2,3,10898
88134,2016-11-18,05:46:00,177,2,1232
88135,2016-11-18,05:49:00,190,3,1923
88136,2016-11-18,05:54:00,173,4,11206
88137,2016-11-18,05:57:00,185,1,4765
88138,2016-11-18,06:07:00,269,5,2478
88139,2016-11-18,06:13:00,354,3,9302
88140,2016-11-18,06:26:00,106,3,5488
88141,2016-11-18,06:28:00,377,3,3118
88142,2016-11-18,06:28:00,44,3,2893
88143,2016-11-18,06:31:00,9,1,7569
88144,2016-11-18,06:40:00,451,3,5089
88145,2016-11-18,06:50:00,192,2,1768
88146,2016-11-18,06:54:00,28,3,10593
88147,2016-11-18,07:04:00,158,2,7132
88148,2016-11-18,07:07:00,369,2,2767
88149,2016-11-18,07:18:00,43,2,1329
88150,2016-11-18,07:22:00,430,2,1215
88151,2016-11-18,07:31:00,141,1,1770
88152,2016-11-18,07:32:00,72,2,438
88153,2016-11-18,07:38:00,396,3,1874
88154,2016-11-18,07:41:00,434,3,76
88155,2016-11-18,07:53:00,397,2,10771
88156,2016-11-18,07:56:00,219,3,2722
88157,2016-11-18,08:07:00,417,5,2861
88158,2016-11-18,08:15:00,139,1,4070
88159,2016-11-18,08:21:00,300,3,11297
88160,2016-11-18,08:23:00,324,1,5699
88161,2016-11-18,08:24:00,22,1,1953
88162,2016-11-18,08:35:00,177,2,3218
88163,2016-11-18,08:39:00,432,3,2557
88164,2016-11-18,08:43:00,206,2,3431
88165,2016-11-18,08:43:00,109,2,11425
88166,2016-11-18,08:56:00,237,1,4405
88167,2016-11-18,08:56:00,10,2,1206
88168,2016-11-18,09:01:00,238,1,10676
88169,2016-11-18,09:02:00,316,3,11647
88170,2016-11-18,09:03:00,352,1,5398
88171,2016-11-18,09:49:00,457,1,1600
88172,2016-11-18,09:59:00,114,1,11018
88173,2016-11-18,10:10:00,435,1,5803
88174,2016-11-18,10:16:00,212,1,9390
88175,2016-11-18,10:19:00,135,1,5823
88176,2016-11-18,10:27:00,234,3,7304
88177,2016-11-18,10:33:00,350,1,11832
88178,2016-11-18,10:40:00,347,5,1170
88179,2016-11-18,10:46:00,227,3,8777
88180,2016-11-18,10:47:00,424,2,3788
88181,2016-11-18,11:01:00,458,2,2649
88182,2016-11-18,11:04:00,301,1,8608
88183,2016-11-18,11:05:00,169,2,8126
88184,2016-11-18,11:07:00,257,1,11151
88185,2016-11-18,11:20:00,30,1,192
88186,2016-11-18,11:31:00,75,2,2017
88187,2016-11-18,11:39:00,205,2,8358
88188,2016-11-18,11:40:00,144,3,10133
88189,2016-11-18,11:43:00,22,2,5208
88190,2016-11-18,11:54:00,94,3,3479
88191,2016-11-18,12:01:00,284,3,8670
88192,2016-11-18,12:11:00,442,2,7073
88193,2016-11-18,12:14:00,204,2,4831
88194,2016-11-18,12:30:00,93,2,10738
88195,2016-11-18,12:30:00,220,1,7236
88196,2016-11-18,12:31:00,135,2,4941
88197,2016-11-18,12:35:00,393,2,9292
88198,2016-11-18,12:35:00,251,2,1324
88199,2016-11-18,12:36:00,257,2,4184
88200,2016-11-18,13:06:00,85,1,954
88201,2016-11-18,13:11:00,4,1,8319
88202,2016-11-18,13:18:00,147,1,8473
88203,2016-11-18,13:32:00,139,3,3939
88204,2016-11-18,13:36:00,173,1,8619
88205,2016-11-18,13:38:00,446,2,8520
88206,2016-11-18,13:39:00,2,4,741
88207,2016-11-18,13:40:00,85,3,6934
88208,2016-11-18,13:42:00,4,2,8496
88209,2016-11-18,13:42:00,284,2,10335
88210,2016-11-18,13:44:00,73,3,1800
88211,2016-11-18,13:51:00,57,4,4843
88212,2016-11-18,13:52:00,98,2,8021
88213,2016-11-18,13:58:00,132,2,7033
88214,2016-11-18,13:58:00,109,3,1585
88215,2016-11-18,13:59:00,55,3,1384
88216,2016-11-18,14:03:00,93,1,6146
88217,2016-11-18,14:11:00,228,1,5411
88218,2016-11-18,14:12:00,2,1,2630
88219,2016-11-18,14:15:00,123,2,7701
88220,2016-11-18,14:15:00,39,1,746
88221,2016-11-18,14:26:00,309,2,8885
88222,2016-11-18,14:38:00,183,3,5301
88223,2016-11-18,14:41:00,174,1,8396
88224,2016-11-18,14:44:00,437,2,5895
88225,2016-11-18,14:45:00,318,5,5206
88226,2016-11-18,14:54:00,38,2,7702
88227,2016-11-18,15:09:00,406,5,2358
88228,2016-11-18,15:17:00,86,2,123
88229,2016-11-18,15:19:00,398,1,3016
88230,2016-11-18,15:20:00,387,1,5291
88231,2016-11-18,15:21:00,128,1,3946
88232,2016-11-18,15:26:00,226,2,5199
88233,2016-11-18,15:30:00,177,2,1748
88234,2016-11-18,15:45:00,325,2,11206
88235,2016-11-18,15:51:00,192,1,4186
88236,2016-11-18,16:00:00,230,2,8865
88237,2016-11-18,16:01:00,250,2,9447
88238,2016-11-18,16:10:00,320,4,5981
88239,2016-11-18,16:12:00,2,2,4499
88240,2016-11-18,16:19:00,195,1,4320
88241,2016-11-18,16:46:00,67,1,7461
88242,2016-11-18,16:50:00,421,3,11675
88243,2016-11-18,16:54:00,222,1,4022
88244,2016-11-18,16:56:00,110,6,9687
88245,2016-11-18,17:05:00,144,3,9168
88246,2016-11-18,17:14:00,59,4,7364
88247,2016-11-18,17:16:00,60,1,4192
88248,2016-11-18,17:21:00,115,2,4737
88249,2016-11-18,17:22:00,46,1,934
88250,2016-11-18,17:32:00,413,1,7107
88251,2016-11-18,17:37:00,45,3,10803
88252,2016-11-18,18:05:00,432,1,11926
88253,2016-11-18,18:08:00,384,3,5863
88254,2016-11-18,18:11:00,39,2,4438
88255,2016-11-18,18:19:00,264,3,1665
88256,2016-11-18,18:35:00,374,3,9883
88257,2016-11-18,18:36:00,310,1,830
88258,2016-11-18,18:38:00,431,3,3874
88259,2016-11-18,18:38:00,50,2,1961
88260,2016-11-18,18:49:00,353,5,2463
88261,2016-11-18,18:52:00,311,1,1833
88262,2016-11-18,18:53:00,154,1,9737
88263,2016-11-18,19:07:00,163,1,266
88264,2016-11-18,19:15:00,280,3,2224
88265,2016-11-18,19:16:00,417,2,11825
88266,2016-11-18,19:22:00,335,3,3028
88267,2016-11-18,19:22:00,113,5,10391
88268,2016-11-18,19:33:00,82,1,9951
88269,2016-11-18,19:50:00,363,2,5871
88270,2016-11-18,19:50:00,409,2,3836
88271,2016-11-18,19:50:00,416,2,7889
88272,2016-11-18,19:57:00,132,2,9258
88273,2016-11-18,20:00:00,402,3,470
88274,2016-11-18,20:02:00,310,2,6392
88275,2016-11-18,20:02:00,46,3,7196
88276,2016-11-18,20:05:00,71,2,7299
88277,2016-11-18,20:10:00,158,1,6195
88278,2016-11-18,20:29:00,424,2,11156
88279,2016-11-18,20:31:00,435,2,2478
88280,2016-11-18,20:33:00,193,4,9235
88281,2016-11-18,20:34:00,174,2,10715
88282,2016-11-18,20:57:00,112,4,7657
88283,2016-11-18,21:23:00,381,2,9878
88284,2016-11-18,21:30:00,213,3,803
88285,2016-11-18,21:34:00,299,2,6024
88286,2016-11-18,21:41:00,153,3,10716
88287,2016-11-18,21:46:00,294,3,10320
88288,2016-11-18,21:50:00,222,1,7419
88289,2016-11-18,21:53:00,353,3,7341
88290,2016-11-18,22:05:00,22,1,1342
88291,2016-11-18,22:09:00,336,1,8556
88292,2016-11-18,22:17:00,76,3,1262
88293,2016-11-18,22:19:00,49,4,3293
88294,2016-11-18,22:39:00,109,2,9945
88295,2016-11-18,22:41:00,298,1,3628
88296,2016-11-18,22:42:00,115,2,3537
88297,2016-11-18,22:52:00,94,3,1994
88298,2016-11-18,23:03:00,379,3,128
88299,2016-11-18,23:13:00,10,2,4122
88300,2016-11-18,23:16:00,137,1,1543
88301,2016-11-18,23:30:00,227,1,3100
88302,2016-11-18,23:45:00,205,1,6726
88303,2016-11-18,23:47:00,37,2,6111
88304,2016-11-19,00:16:00,111,1,1332
88305,2016-11-19,00:20:00,307,2,5635
88306,2016-11-19,00:20:00,350,1,10039
88307,2016-11-19,00:21:00,403,2,10524
88308,2016-11-19,00:25:00,158,1,1055
88309,2016-11-19,00:31:00,181,1,5503
88310,2016-11-19,00:36:00,328,3,6433
88311,2016-11-19,00:42:00,1,1,10030
88312,2016-11-19,00:47:00,209,1,2980
88313,2016-11-19,00:54:00,20,1,914
88314,2016-11-19,00:59:00,230,1,915
88315,2016-11-19,01:04:00,367,1,8022
88316,2016-11-19,01:06:00,330,3,1256
88317,2016-11-19,01:07:00,126,2,5234
88318,2016-11-19,01:21:00,431,1,6391
88319,2016-11-19,01:28:00,52,2,3926
88320,2016-11-19,01:30:00,215,1,6493
88321,2016-11-19,01:31:00,55,2,4848
88322,2016-11-19,01:31:00,320,4,10795
88323,2016-11-19,01:33:00,289,1,11328
88324,2016-11-19,01:36:00,178,1,1131
88325,2016-11-19,01:45:00,293,2,2378
88326,2016-11-19,01:47:00,311,1,5077
88327,2016-11-19,01:57:00,196,3,11399
88328,2016-11-19,02:00:00,283,2,4403
88329,2016-11-19,02:05:00,83,2,5093
88330,2016-11-19,02:12:00,159,1,272
88331,2016-11-19,02:16:00,438,2,1893
88332,2016-11-19,02:21:00,71,2,6652
88333,2016-11-19,02:28:00,45,5,7702
88334,2016-11-19,02:38:00,454,3,8310
88335,2016-11-19,02:41:00,374,1,3052
88336,2016-11-19,02:48:00,408,2,1118
88337,2016-11-19,02:48:00,97,1,6989
88338,2016-11-19,02:49:00,388,3,10485
88339,2016-11-19,02:50:00,104,2,5582
88340,2016-11-19,02:58:00,442,3,7458
88341,2016-11-19,03:07:00,11,2,8822
88342,2016-11-19,03:11:00,304,1,1182
88343,2016-11-19,03:13:00,304,2,2775
88344,2016-11-19,03:18:00,283,2,3101
88345,2016-11-19,03:24:00,360,2,5071
88346,2016-11-19,03:25:00,52,2,3326
88347,2016-11-19,03:30:00,272,1,2742
88348,2016-11-19,03:33:00,192,1,8543
88349,2016-11-19,03:34:00,102,2,7041
88350,2016-11-19,03:41:00,286,1,7452
88351,2016-11-19,03:51:00,329,4,245
88352,2016-11-19,03:52:00,215,1,10715
88353,2016-11-19,03:52:00,432,2,5492
88354,2016-11-19,03:53:00,444,3,8815
88355,2016-11-19,03:58:00,300,2,3599
88356,2016-11-19,04:00:00,201,1,157
88357,2016-11-19,04:13:00,247,1,4443
88358,2016-11-19,04:15:00,416,2,2161
88359,2016-11-19,04:20:00,5,3,10848
88360,2016-11-19,04:26:00,218,2,1432
88361,2016-11-19,04:29:00,334,1,670
88362,2016-11-19,04:33:00,200,1,10815
88363,2016-11-19,04:34:00,453,1,1873
88364,2016-11-19,04:38:00,121,1,867
88365,2016-11-19,04:39:00,13,2,2735
88366,2016-11-19,04:46:00,415,1,10546
88367,2016-11-19,04:48:00,24,2,8161
88368,2016-11-19,04:51:00,405,3,6990
88369,2016-11-19,04:58:00,458,1,4789
88370,2016-11-19,05:04:00,225,1,6421
88371,2016-11-19,05:13:00,42,2,10603
88372,2016-11-19,05:13:00,315,1,4444
88373,2016-11-19,05:17:00,217,3,5777
88374,2016-11-19,05:31:00,187,1,4525
88375,2016-11-19,05:32:00,89,2,6717
88376,2016-11-19,05:36:00,284,1,4842
88377,2016-11-19,05:36:00,211,2,1328
88378,2016-11-19,05:39:00,393,2,5233
88379,2016-11-19,05:39:00,441,3,9858
88380,2016-11-19,05:41:00,334,2,2591
88381,2016-11-19,05:42:00,397,2,3138
88382,2016-11-19,05:56:00,96,4,8443
88383,2016-11-19,05:56:00,276,1,2111
88384,2016-11-19,05:59:00,305,1,8895
88385,2016-11-19,06:00:00,280,2,3226
88386,2016-11-19,06:02:00,149,1,864
88387,2016-11-19,06:06:00,376,2,8957
88388,2016-11-19,06:09:00,247,1,888
88389,2016-11-19,06:15:00,234,3,10447
88390,2016-11-19,06:17:00,398,2,6389
88391,2016-11-19,06:21:00,321,3,1039
88392,2016-11-19,06:30:00,40,1,11984
88393,2016-11-19,06:37:00,97,1,1934
88394,2016-11-19,06:39:00,50,2,11286
88395,2016-11-19,06:42:00,237,4,7070
88396,2016-11-19,06:51:00,97,1,2067
88397,2016-11-19,07:01:00,399,3,7537
88398,2016-11-19,07:03:00,396,1,410
88399,2016-11-19,07:09:00,1,2,189
88400,2016-11-19,07:18:00,55,1,601
88401,2016-11-19,07:23:00,255,3,10134
88402,2016-11-19,07:27:00,82,3,1902
88403,2016-11-19,07:30:00,354,3,10480
88404,2016-11-19,07:31:00,368,1,10836
88405,2016-11-19,07:39:00,432,3,5258
88406,2016-11-19,07:41:00,287,3,408
88407,2016-11-19,07:42:00,112,4,11629
88408,2016-11-19,07:43:00,156,2,3045
88409,2016-11-19,07:47:00,100,1,6394
88410,2016-11-19,07:57:00,175,2,6157
88411,2016-11-19,08:00:00,312,2,5349
88412,2016-11-19,08:21:00,420,2,10630
88413,2016-11-19,08:24:00,318,1,3536
88414,2016-11-19,08:35:00,414,1,9225
88415,2016-11-19,08:46:00,380,3,5114
88416,2016-11-19,08:50:00,212,1,9491
88417,2016-11-19,08:58:00,183,1,7988
88418,2016-11-19,09:03:00,225,1,10048
88419,2016-11-19,09:28:00,207,3,4863
88420,2016-11-19,09:30:00,375,3,4219
88421,2016-11-19,09:36:00,334,1,6284
88422,2016-11-19,09:36:00,4,4,4835
88423,2016-11-19,09:41:00,297,3,2663
88424,2016-11-19,09:53:00,426,2,9393
88425,2016-11-19,09:59:00,298,1,6333
88426,2016-11-19,10:00:00,437,3,4215
88427,2016-11-19,10:06:00,285,1,2842
88428,2016-11-19,10:08:00,119,1,8211
88429,2016-11-19,10:13:00,401,2,7001
88430,2016-11-19,10:14:00,433,2,6267
88431,2016-11-19,10:20:00,327,1,8720
88432,2016-11-19,10:23:00,437,2,10211
88433,2016-11-19,10:26:00,132,4,1822
88434,2016-11-19,10:27:00,204,2,11029
88435,2016-11-19,10:28:00,257,4,148
88436,2016-11-19,10:35:00,279,2,1623
88437,2016-11-19,10:41:00,291,5,4711
88438,2016-11-19,11:01:00,152,4,11661
88439,2016-11-19,11:02:00,96,2,3497
88440,2016-11-19,11:09:00,81,2,6553
88441,2016-11-19,11:12:00,358,2,8348
88442,2016-11-19,11:27:00,229,3,2707
88443,2016-11-19,11:29:00,9,2,1686
88444,2016-11-19,11:36:00,217,3,4755
88445,2016-11-19,11:45:00,85,3,11354
88446,2016-11-19,11:46:00,36,2,4911
88447,2016-11-19,11:50:00,340,2,8349
88448,2016-11-19,11:53:00,204,2,8624
88449,2016-11-19,11:53:00,65,2,9582
88450,2016-11-19,11:54:00,176,1,3097
88451,2016-11-19,12:08:00,400,2,3954
88452,2016-11-19,12:08:00,109,3,7191
88453,2016-11-19,12:09:00,452,1,6394
88454,2016-11-19,12:11:00,401,2,2394
88455,2016-11-19,12:21:00,148,1,9906
88456,2016-11-19,12:35:00,428,1,8050
88457,2016-11-19,12:37:00,262,1,5104
88458,2016-11-19,12:38:00,395,3,6788
88459,2016-11-19,12:43:00,453,2,1747
88460,2016-11-19,12:50:00,296,1,631
88461,2016-11-19,13:11:00,163,4,2140
88462,2016-11-19,13:17:00,96,1,9672
88463,2016-11-19,13:21:00,315,5,451
88464,2016-11-19,13:41:00,40,3,1650
88465,2016-11-19,13:41:00,406,2,11341
88466,2016-11-19,13:46:00,56,2,10646
88467,2016-11-19,13:57:00,182,1,10012
88468,2016-11-19,13:59:00,101,3,1089
88469,2016-11-19,13:59:00,238,2,8552
88470,2016-11-19,14:03:00,139,2,745
88471,2016-11-19,14:15:00,344,1,5428
88472,2016-11-19,14:17:00,375,1,7634
88473,2016-11-19,14:22:00,243,1,9619
88474,2016-11-19,14:29:00,162,4,10745
88475,2016-11-19,14:34:00,231,4,4666
88476,2016-11-19,14:51:00,118,2,6226
88477,2016-11-19,14:52:00,234,6,9406
88478,2016-11-19,14:53:00,358,2,10415
88479,2016-11-19,14:54:00,54,1,8475
88480,2016-11-19,14:56:00,423,2,5706
88481,2016-11-19,15:11:00,458,3,3777
88482,2016-11-19,15:12:00,338,2,316
88483,2016-11-19,15:14:00,258,2,5083
88484,2016-11-19,15:19:00,24,1,6556
88485,2016-11-19,15:25:00,370,1,11283
88486,2016-11-19,15:30:00,451,1,4779
88487,2016-11-19,15:33:00,110,2,8371
88488,2016-11-19,15:38:00,394,4,3811
88489,2016-11-19,15:44:00,351,1,8988
88490,2016-11-19,15:54:00,155,1,6098
88491,2016-11-19,15:55:00,423,2,5690
88492,2016-11-19,16:00:00,397,1,3525
88493,2016-11-19,16:01:00,357,4,11472
88494,2016-11-19,16:02:00,205,2,11648
88495,2016-11-19,16:04:00,363,2,794
88496,2016-11-19,16:04:00,124,2,7908
88497,2016-11-19,16:06:00,20,2,2092
88498,2016-11-19,16:08:00,364,2,8099
88499,2016-11-19,16:29:00,330,3,1467
88500,2016-11-19,16:35:00,99,2,1774
88501,2016-11-19,16:47:00,19,3,7366
88502,2016-11-19,16:47:00,389,2,6842
88503,2016-11-19,16:48:00,102,3,9352
88504,2016-11-19,16:53:00,97,3,7192
88505,2016-11-19,16:57:00,3,1,7518
88506,2016-11-19,17:00:00,182,2,8431
88507,2016-11-19,17:00:00,410,2,4868
88508,2016-11-19,17:01:00,33,3,3645
88509,2016-11-19,17:08:00,38,2,7977
88510,2016-11-19,17:10:00,42,1,10844
88511,2016-11-19,17:16:00,100,1,777
88512,2016-11-19,17:19:00,211,3,5816
88513,2016-11-19,17:25:00,412,4,7377
88514,2016-11-19,17:26:00,365,2,9441
88515,2016-11-19,17:31:00,328,3,4555
88516,2016-11-19,17:32:00,30,3,4846
88517,2016-11-19,17:32:00,425,5,3875
88518,2016-11-19,17:51:00,353,1,2438
88519,2016-11-19,18:02:00,279,1,7463
88520,2016-11-19,18:05:00,269,1,11813
88521,2016-11-19,18:06:00,179,2,7541
88522,2016-11-19,18:09:00,2,2,8663
88523,2016-11-19,18:09:00,410,2,9856
88524,2016-11-19,18:15:00,68,1,9587
88525,2016-11-19,18:28:00,80,3,499
88526,2016-11-19,18:29:00,244,2,634
88527,2016-11-19,18:33:00,421,1,9170
88528,2016-11-19,18:34:00,46,1,6573
88529,2016-11-19,18:36:00,345,3,3124
88530,2016-11-19,18:42:00,274,3,235
88531,2016-11-19,18:51:00,242,2,2719
88532,2016-11-19,18:56:00,36,3,8849
88533,2016-11-19,18:59:00,146,3,2698
88534,2016-11-19,19:00:00,204,1,10803
88535,2016-11-19,19:09:00,276,1,5846
88536,2016-11-19,19:17:00,293,2,8613
88537,2016-11-19,19:24:00,12,2,8307
88538,2016-11-19,19:26:00,79,2,4508
88539,2016-11-19,19:29:00,48,2,9155
88540,2016-11-19,19:31:00,22,1,8893
88541,2016-11-19,19:35:00,144,2,1837
88542,2016-11-19,19:39:00,54,3,8680
88543,2016-11-19,19:41:00,65,1,10433
88544,2016-11-19,19:43:00,318,1,9290
88545,2016-11-19,19:45:00,194,1,3182
88546,2016-11-19,19:48:00,47,2,3409
88547,2016-11-19,19:49:00,98,2,2251
88548,2016-11-19,20:03:00,422,1,9150
88549,2016-11-19,20:08:00,112,2,11729
88550,2016-11-19,20:12:00,174,1,11142
88551,2016-11-19,20:15:00,400,4,7098
88552,2016-11-19,20:16:00,198,1,4501
88553,2016-11-19,20:20:00,118,3,8881
88554,2016-11-19,20:49:00,338,2,9876
88555,2016-11-19,21:10:00,295,3,8018
88556,2016-11-19,21:22:00,273,1,7443
88557,2016-11-19,21:23:00,290,2,5290
88558,2016-11-19,21:24:00,14,3,9891
88559,2016-11-19,21:26:00,305,2,225
88560,2016-11-19,21:29:00,147,1,11306
88561,2016-11-19,21:37:00,408,2,4148
88562,2016-11-19,21:45:00,130,1,10782
88563,2016-11-19,21:46:00,108,2,6316
88564,2016-11-19,21:57:00,264,1,10793
88565,2016-11-19,22:01:00,355,3,8963
88566,2016-11-19,22:13:00,264,2,6469
88567,2016-11-19,22:22:00,102,2,5546
88568,2016-11-19,22:29:00,182,2,4101
88569,2016-11-19,22:29:00,163,3,10667
88570,2016-11-19,22:30:00,320,2,3900
88571,2016-11-19,22:30:00,275,2,11773
88572,2016-11-19,22:35:00,354,2,6607
88573,2016-11-19,22:38:00,11,2,3509
88574,2016-11-19,22:50:00,384,1,2322
88575,2016-11-19,22:51:00,323,3,4318
88576,2016-11-19,22:52:00,125,3,3049
88577,2016-11-19,22:58:00,229,4,1838
88578,2016-11-19,23:02:00,130,3,2255
88579,2016-11-19,23:03:00,171,1,2817
88580,2016-11-19,23:12:00,414,1,2503
88581,2016-11-19,23:18:00,85,2,7659
88582,2016-11-19,23:27:00,266,1,8090
88583,2016-11-19,23:37:00,286,2,11266
88584,2016-11-19,23:40:00,150,3,1089
88585,2016-11-19,23:44:00,287,2,3392
88586,2016-11-19,23:45:00,244,1,1925
88587,2016-11-19,23:47:00,7,3,10328
88588,2016-11-19,23:51:00,376,2,11353
88589,2016-11-20,00:21:00,170,1,3870
88590,2016-11-20,00:23:00,1,1,11401
88591,2016-11-20,00:28:00,454,2,787
88592,2016-11-20,00:38:00,248,2,2116
88593,2016-11-20,00:43:00,281,2,2094
88594,2016-11-20,00:48:00,331,1,8847
88595,2016-11-20,01:05:00,457,3,9918
88596,2016-11-20,01:11:00,365,1,6640
88597,2016-11-20,01:15:00,436,3,11118
88598,2016-11-20,01:19:00,408,3,5089
88599,2016-11-20,01:35:00,229,2,9876
88600,2016-11-20,01:36:00,356,1,11221
88601,2016-11-20,01:42:00,153,2,2719
88602,2016-11-20,01:43:00,273,1,1924
88603,2016-11-20,01:48:00,272,1,5336
88604,2016-11-20,01:48:00,104,1,11497
88605,2016-11-20,01:49:00,410,3,7738
88606,2016-11-20,01:52:00,99,4,9295
88607,2016-11-20,01:57:00,269,1,7585
88608,2016-11-20,01:58:00,458,1,5273
88609,2016-11-20,02:02:00,138,2,8305
88610,2016-11-20,02:07:00,441,2,11077
88611,2016-11-20,02:10:00,383,1,2724
88612,2016-11-20,02:11:00,336,2,11414
88613,2016-11-20,02:13:00,397,2,6423
88614,2016-11-20,02:21:00,416,1,10065
88615,2016-11-20,02:24:00,160,4,6722
88616,2016-11-20,02:25:00,107,2,5634
88617,2016-11-20,02:27:00,398,3,8868
88618,2016-11-20,02:31:00,405,2,647
88619,2016-11-20,02:33:00,451,5,6756
88620,2016-11-20,02:35:00,23,1,604
88621,2016-11-20,02:40:00,195,3,3152
88622,2016-11-20,03:00:00,74,1,8892
88623,2016-11-20,03:11:00,213,1,8479
88624,2016-11-20,03:16:00,225,1,5002
88625,2016-11-20,03:22:00,194,2,4212
88626,2016-11-20,03:29:00,384,4,5793
88627,2016-11-20,03:41:00,387,3,7657
88628,2016-11-20,03:42:00,424,3,8904
88629,2016-11-20,03:46:00,433,1,8141
88630,2016-11-20,03:46:00,263,1,4051
88631,2016-11-20,03:50:00,74,2,5580
88632,2016-11-20,03:53:00,20,3,4149
88633,2016-11-20,03:57:00,83,2,8614
88634,2016-11-20,04:02:00,123,2,2170
88635,2016-11-20,04:09:00,368,2,4758
88636,2016-11-20,04:41:00,248,3,879
88637,2016-11-20,04:47:00,416,1,73
88638,2016-11-20,04:49:00,217,3,6192
88639,2016-11-20,04:57:00,347,2,10823
88640,2016-11-20,05:00:00,410,3,5296
88641,2016-11-20,05:02:00,409,1,9444
88642,2016-11-20,05:07:00,90,2,5656
88643,2016-11-20,05:17:00,74,2,10006
88644,2016-11-20,05:18:00,247,2,3240
88645,2016-11-20,05:18:00,329,2,4686
88646,2016-11-20,05:23:00,107,2,1031
88647,2016-11-20,05:25:00,23,1,11775
88648,2016-11-20,05:33:00,190,3,1697
88649,2016-11-20,05:43:00,159,3,3316
88650,2016-11-20,05:51:00,193,1,4866
88651,2016-11-20,05:52:00,434,2,8891
88652,2016-11-20,05:53:00,76,2,9643
88653,2016-11-20,06:00:00,47,2,6196
88654,2016-11-20,06:04:00,124,1,6405
88655,2016-11-20,06:13:00,57,4,1311
88656,2016-11-20,06:14:00,458,2,6605
88657,2016-11-20,06:25:00,456,3,970
88658,2016-11-20,06:25:00,187,1,1295
88659,2016-11-20,06:27:00,183,1,1911
88660,2016-11-20,06:30:00,66,1,4166
88661,2016-11-20,06:33:00,184,1,6380
88662,2016-11-20,06:57:00,339,1,10095
88663,2016-11-20,06:58:00,244,2,4937
88664,2016-11-20,07:06:00,54,1,11318
88665,2016-11-20,07:08:00,337,1,932
88666,2016-11-20,07:22:00,307,2,7482
88667,2016-11-20,07:24:00,365,1,6049
88668,2016-11-20,07:26:00,170,1,2992
88669,2016-11-20,07:27:00,201,2,1377
88670,2016-11-20,07:30:00,201,2,4934
88671,2016-11-20,07:32:00,125,2,9480
88672,2016-11-20,07:33:00,53,2,6617
88673,2016-11-20,07:35:00,219,1,5008
88674,2016-11-20,07:44:00,93,1,10931
88675,2016-11-20,07:48:00,202,3,6085
88676,2016-11-20,07:52:00,70,2,9219
88677,2016-11-20,07:53:00,224,2,6522
88678,2016-11-20,07:56:00,458,2,8380
88679,2016-11-20,07:59:00,174,1,1461
88680,2016-11-20,08:03:00,185,1,9071
88681,2016-11-20,08:08:00,458,1,4226
88682,2016-11-20,08:09:00,349,2,1325
88683,2016-11-20,08:14:00,208,1,4324
88684,2016-11-20,08:15:00,365,3,11406
88685,2016-11-20,08:18:00,36,2,4925
88686,2016-11-20,08:18:00,350,3,8457
88687,2016-11-20,08:20:00,107,3,6278
88688,2016-11-20,08:27:00,94,3,10895
88689,2016-11-20,08:31:00,104,2,8587
88690,2016-11-20,08:33:00,5,2,8923
88691,2016-11-20,08:35:00,48,2,5975
88692,2016-11-20,08:51:00,421,2,249
88693,2016-11-20,08:58:00,86,1,1344
88694,2016-11-20,09:08:00,289,2,8663
88695,2016-11-20,09:08:00,63,1,9503
88696,2016-11-20,09:09:00,231,1,11955
88697,2016-11-20,09:19:00,409,1,1873
88698,2016-11-20,09:27:00,94,2,1594
88699,2016-11-20,09:34:00,400,4,4396
88700,2016-11-20,09:43:00,108,2,5722
88701,2016-11-20,09:45:00,455,1,2741
88702,2016-11-20,09:48:00,236,2,2581
88703,2016-11-20,09:54:00,213,1,10675
88704,2016-11-20,09:56:00,190,2,2806
88705,2016-11-20,10:05:00,243,3,5448
88706,2016-11-20,10:07:00,233,1,1222
88707,2016-11-20,10:10:00,57,1,6798
88708,2016-11-20,10:11:00,282,1,7663
88709,2016-11-20,10:11:00,393,2,11168
88710,2016-11-20,10:11:00,146,2,4656
88711,2016-11-20,10:19:00,159,1,2556
88712,2016-11-20,10:22:00,60,2,2640
88713,2016-11-20,10:26:00,350,1,11180
88714,2016-11-20,10:26:00,226,1,426
88715,2016-11-20,10:47:00,203,1,4239
88716,2016-11-20,10:54:00,159,1,151
88717,2016-11-20,10:56:00,137,1,4897
88718,2016-11-20,11:06:00,213,1,9159
88719,2016-11-20,11:13:00,399,1,6615
88720,2016-11-20,11:13:00,281,2,3951
88721,2016-11-20,11:18:00,134,1,11081
88722,2016-11-20,11:26:00,247,5,8978
88723,2016-11-20,11:28:00,91,2,2347
88724,2016-11-20,11:28:00,117,2,11928
88725,2016-11-20,11:31:00,97,2,10215
88726,2016-11-20,11:34:00,228,2,9507
88727,2016-11-20,11:35:00,172,1,8335
88728,2016-11-20,11:41:00,221,1,2191
88729,2016-11-20,11:42:00,220,2,1591
88730,2016-11-20,11:43:00,43,1,5354
88731,2016-11-20,11:50:00,257,1,144
88732,2016-11-20,11:51:00,269,1,10360
88733,2016-11-20,11:53:00,420,1,4598
88734,2016-11-20,11:53:00,264,1,10097
88735,2016-11-20,11:55:00,91,3,10143
88736,2016-11-20,12:13:00,435,1,8511
88737,2016-11-20,12:23:00,2,1,5339
88738,2016-11-20,12:38:00,390,4,4637
88739,2016-11-20,12:38:00,434,2,10633
88740,2016-11-20,12:39:00,318,3,61
88741,2016-11-20,12:40:00,420,2,2267
88742,2016-11-20,12:42:00,332,2,11801
88743,2016-11-20,12:49:00,45,2,469
88744,2016-11-20,12:53:00,412,3,5447
88745,2016-11-20,12:59:00,230,3,9483
88746,2016-11-20,13:23:00,426,4,2932
88747,2016-11-20,13:30:00,54,2,232
88748,2016-11-20,13:40:00,7,3,5457
88749,2016-11-20,13:40:00,122,1,8453
88750,2016-11-20,13:42:00,330,4,8712
88751,2016-11-20,13:43:00,354,2,1427
88752,2016-11-20,13:54:00,346,2,5373
88753,2016-11-20,14:03:00,35,1,6971
88754,2016-11-20,14:03:00,321,2,8930
88755,2016-11-20,14:08:00,161,1,848
88756,2016-11-20,14:10:00,267,2,6385
88757,2016-11-20,14:20:00,351,1,11765
88758,2016-11-20,14:21:00,208,1,11841
88759,2016-11-20,14:23:00,366,2,173
88760,2016-11-20,14:27:00,36,1,10362
88761,2016-11-20,14:39:00,367,1,627
88762,2016-11-20,14:49:00,10,3,2276
88763,2016-11-20,14:50:00,120,2,6851
88764,2016-11-20,14:54:00,3,2,3932
88765,2016-11-20,14:58:00,174,1,11216
88766,2016-11-20,15:00:00,115,2,2412
88767,2016-11-20,15:02:00,334,3,5921
88768,2016-11-20,15:03:00,87,3,4490
88769,2016-11-20,15:06:00,411,2,1071
88770,2016-11-20,15:12:00,179,3,28
88771,2016-11-20,15:25:00,364,3,10143
88772,2016-11-20,15:35:00,418,1,11129
88773,2016-11-20,15:37:00,415,1,7747
88774,2016-11-20,15:38:00,163,1,7044
88775,2016-11-20,15:45:00,164,2,10327
88776,2016-11-20,15:50:00,265,4,9169
88777,2016-11-20,15:53:00,199,2,7750
88778,2016-11-20,16:03:00,237,2,10837
88779,2016-11-20,16:04:00,228,3,3692
88780,2016-11-20,16:07:00,450,2,10850
88781,2016-11-20,16:12:00,237,3,493
88782,2016-11-20,16:18:00,331,1,5095
88783,2016-11-20,16:22:00,77,1,7644
88784,2016-11-20,16:28:00,20,4,1452
88785,2016-11-20,16:39:00,62,1,3046
88786,2016-11-20,16:40:00,6,1,5942
88787,2016-11-20,16:40:00,419,2,2582
88788,2016-11-20,16:40:00,121,1,8357
88789,2016-11-20,16:49:00,311,3,5452
88790,2016-11-20,16:50:00,68,2,6036
88791,2016-11-20,16:53:00,328,2,10066
88792,2016-11-20,16:54:00,112,2,2559
88793,2016-11-20,16:57:00,31,4,7458
88794,2016-11-20,17:06:00,9,2,9527
88795,2016-11-20,17:08:00,431,1,2415
88796,2016-11-20,17:11:00,72,1,4413
88797,2016-11-20,17:21:00,121,2,570
88798,2016-11-20,17:27:00,399,2,132
88799,2016-11-20,17:40:00,138,3,585
88800,2016-11-20,17:45:00,307,1,5342
88801,2016-11-20,17:55:00,46,2,5442
88802,2016-11-20,18:04:00,426,2,8111
88803,2016-11-20,18:27:00,281,2,6995
88804,2016-11-20,18:39:00,267,1,6852
88805,2016-11-20,18:57:00,303,2,11414
88806,2016-11-20,19:01:00,85,2,1628
88807,2016-11-20,19:06:00,342,1,5005
88808,2016-11-20,19:27:00,112,2,2796
88809,2016-11-20,19:29:00,442,3,10952
88810,2016-11-20,19:32:00,188,1,2144
88811,2016-11-20,19:35:00,255,1,3830
88812,2016-11-20,19:36:00,214,4,9476
88813,2016-11-20,19:36:00,217,1,7796
88814,2016-11-20,19:53:00,228,1,8306
88815,2016-11-20,19:54:00,441,2,1812
88816,2016-11-20,19:58:00,445,5,646
88817,2016-11-20,20:12:00,401,1,3158
88818,2016-11-20,20:14:00,404,2,5009
88819,2016-11-20,20:18:00,171,2,9715
88820,2016-11-20,20:28:00,63,4,6975
88821,2016-11-20,20:32:00,41,2,1063
88822,2016-11-20,20:32:00,323,3,4984
88823,2016-11-20,20:36:00,59,1,11213
88824,2016-11-20,20:49:00,53,1,7773
88825,2016-11-20,20:53:00,259,1,11474
88826,2016-11-20,20:54:00,180,1,118
88827,2016-11-20,20:55:00,184,3,10013
88828,2016-11-20,20:57:00,62,1,9367
88829,2016-11-20,21:06:00,390,1,1052
88830,2016-11-20,21:07:00,423,1,11111
88831,2016-11-20,21:13:00,151,5,6395
88832,2016-11-20,21:22:00,432,2,5817
88833,2016-11-20,21:27:00,65,1,6893
88834,2016-11-20,21:32:00,278,2,9073
88835,2016-11-20,21:35:00,357,2,4801
88836,2016-11-20,21:44:00,15,2,7217
88837,2016-11-20,21:51:00,321,1,11850
88838,2016-11-20,21:56:00,143,1,9516
88839,2016-11-20,21:57:00,388,4,3341
88840,2016-11-20,22:10:00,336,1,7623
88841,2016-11-20,22:17:00,78,2,8208
88842,2016-11-20,22:19:00,268,3,9190
88843,2016-11-20,22:43:00,201,1,4462
88844,2016-11-20,22:49:00,214,2,384
88845,2016-11-20,22:54:00,280,1,9724
88846,2016-11-20,22:55:00,14,2,9835
88847,2016-11-20,22:56:00,378,2,8135
88848,2016-11-20,23:01:00,101,4,5120
88849,2016-11-20,23:07:00,226,4,9587
88850,2016-11-20,23:17:00,220,2,632
88851,2016-11-20,23:23:00,359,5,613
88852,2016-11-20,23:33:00,432,3,865
88853,2016-11-20,23:38:00,169,1,4672
88854,2016-11-20,23:40:00,209,3,1052
88855,2016-11-20,23:41:00,142,2,9690
88856,2016-11-20,23:54:00,354,1,10957
88857,2016-11-21,00:06:00,450,3,11235
88858,2016-11-21,00:08:00,10,4,3411
88859,2016-11-21,00:23:00,296,2,4328
88860,2016-11-21,00:25:00,353,3,11838
88861,2016-11-21,00:25:00,105,2,7413
88862,2016-11-21,00:26:00,204,1,7751
88863,2016-11-21,00:35:00,17,2,6592
88864,2016-11-21,00:36:00,230,2,2873
88865,2016-11-21,00:37:00,144,1,4603
88866,2016-11-21,00:40:00,48,1,4366
88867,2016-11-21,00:50:00,150,2,1306
88868,2016-11-21,00:52:00,232,1,2680
88869,2016-11-21,00:53:00,162,3,1983
88870,2016-11-21,00:59:00,180,2,3609
88871,2016-11-21,01:09:00,323,2,8489
88872,2016-11-21,01:14:00,257,1,3060
88873,2016-11-21,01:15:00,277,3,7089
88874,2016-11-21,01:19:00,186,3,9114
88875,2016-11-21,01:33:00,444,2,7636
88876,2016-11-21,01:39:00,278,4,1966
88877,2016-11-21,01:48:00,33,2,4429
88878,2016-11-21,01:59:00,259,4,5004
88879,2016-11-21,02:00:00,384,2,5194
88880,2016-11-21,02:20:00,259,1,9373
88881,2016-11-21,02:20:00,302,1,7927
88882,2016-11-21,02:20:00,401,1,6578
88883,2016-11-21,02:21:00,122,1,8745
88884,2016-11-21,02:29:00,109,2,4014
88885,2016-11-21,02:33:00,431,2,6475
88886,2016-11-21,02:40:00,202,1,2010
88887,2016-11-21,02:44:00,58,1,2481
88888,2016-11-21,02:44:00,104,1,3942
88889,2016-11-21,02:47:00,305,2,11655
88890,2016-11-21,02:51:00,28,1,3530
88891,2016-11-21,02:54:00,114,3,11712
88892,2016-11-21,02:55:00,416,2,6243
88893,2016-11-21,02:57:00,338,2,6840
88894,2016-11-21,02:59:00,134,2,2137
88895,2016-11-21,03:16:00,101,4,5410
88896,2016-11-21,03:20:00,93,2,9910
88897,2016-11-21,03:26:00,86,3,3434
88898,2016-11-21,03:31:00,275,2,11036
88899,2016-11-21,03:42:00,107,1,467
88900,2016-11-21,03:52:00,171,2,102
88901,2016-11-21,03:54:00,59,2,4552
88902,2016-11-21,03:59:00,179,1,2416
88903,2016-11-21,04:00:00,194,3,7389
88904,2016-11-21,04:13:00,423,2,11383
88905,2016-11-21,04:13:00,171,1,5900
88906,2016-11-21,04:49:00,269,1,2631
88907,2016-11-21,04:50:00,243,1,7517
88908,2016-11-21,04:56:00,126,1,5366
88909,2016-11-21,05:01:00,32,2,115
88910,2016-11-21,05:05:00,16,2,69
88911,2016-11-21,05:17:00,402,1,11496
88912,2016-11-21,05:22:00,358,2,10967
88913,2016-11-21,05:34:00,19,3,3777
88914,2016-11-21,05:34:00,87,1,7716
88915,2016-11-21,05:48:00,383,1,1424
88916,2016-11-21,05:53:00,336,1,1775
88917,2016-11-21,05:55:00,210,2,2164
88918,2016-11-21,05:59:00,434,2,9209
88919,2016-11-21,06:01:00,62,2,2629
88920,2016-11-21,06:02:00,133,1,11505
88921,2016-11-21,06:07:00,7,1,6159
88922,2016-11-21,06:12:00,321,1,9041
88923,2016-11-21,06:19:00,191,2,6223
88924,2016-11-21,06:19:00,328,3,11956
88925,2016-11-21,06:22:00,183,2,5056
88926,2016-11-21,06:34:00,89,2,5331
88927,2016-11-21,06:37:00,67,1,8031
88928,2016-11-21,06:53:00,166,3,6537
88929,2016-11-21,07:18:00,350,1,10942
88930,2016-11-21,07:19:00,262,3,10636
88931,2016-11-21,07:24:00,148,2,5700
88932,2016-11-21,07:27:00,276,5,8830
88933,2016-11-21,07:51:00,303,4,4822
88934,2016-11-21,07:56:00,405,1,552
88935,2016-11-21,07:59:00,350,1,1889
88936,2016-11-21,08:01:00,153,2,5677
88937,2016-11-21,08:01:00,341,1,2336
88938,2016-11-21,08:02:00,71,1,7893
88939,2016-11-21,08:02:00,396,2,3988
88940,2016-11-21,08:09:00,341,2,6751
88941,2016-11-21,08:17:00,122,2,3237
88942,2016-11-21,08:20:00,433,1,11784
88943,2016-11-21,08:25:00,267,1,9979
88944,2016-11-21,08:27:00,51,1,7509
88945,2016-11-21,08:29:00,371,1,8205
88946,2016-11-21,08:38:00,281,3,630
88947,2016-11-21,08:44:00,311,3,11877
88948,2016-11-21,08:45:00,88,2,10737
88949,2016-11-21,08:45:00,406,2,6391
88950,2016-11-21,08:45:00,348,1,8803
88951,2016-11-21,08:48:00,99,4,8917
88952,2016-11-21,08:50:00,321,3,7609
88953,2016-11-21,08:54:00,418,3,3896
88954,2016-11-21,09:03:00,439,1,1813
88955,2016-11-21,09:10:00,225,1,5755
88956,2016-11-21,09:10:00,91,2,3875
88957,2016-11-21,09:15:00,112,1,4681
88958,2016-11-21,09:16:00,412,1,7314
88959,2016-11-21,09:26:00,242,1,4395
88960,2016-11-21,09:29:00,109,1,9498
88961,2016-11-21,09:42:00,387,1,6969
88962,2016-11-21,09:44:00,388,5,7735
88963,2016-11-21,09:46:00,396,2,7236
88964,2016-11-21,09:51:00,126,1,11202
88965,2016-11-21,09:55:00,218,2,6824
88966,2016-11-21,09:56:00,20,3,10002
88967,2016-11-21,09:56:00,37,1,9953
88968,2016-11-21,10:07:00,179,1,6005
88969,2016-11-21,10:08:00,386,2,5612
88970,2016-11-21,10:12:00,280,1,3840
88971,2016-11-21,10:13:00,100,4,1154
88972,2016-11-21,10:13:00,10,2,822
88973,2016-11-21,10:17:00,238,2,533
88974,2016-11-21,10:19:00,228,2,561
88975,2016-11-21,10:29:00,377,2,4608
88976,2016-11-21,10:31:00,74,1,5490
88977,2016-11-21,10:38:00,319,1,8213
88978,2016-11-21,10:38:00,341,1,6093
88979,2016-11-21,10:48:00,27,2,9509
88980,2016-11-21,10:52:00,184,2,10332
88981,2016-11-21,11:01:00,282,2,8677
88982,2016-11-21,11:02:00,98,1,6114
88983,2016-11-21,11:03:00,352,1,1515
88984,2016-11-21,11:03:00,297,3,6542
88985,2016-11-21,11:09:00,23,2,7816
88986,2016-11-21,11:23:00,29,3,8441
88987,2016-11-21,11:24:00,158,1,9015
88988,2016-11-21,11:31:00,117,1,1583
88989,2016-11-21,11:41:00,446,2,427
88990,2016-11-21,11:43:00,194,1,4108
88991,2016-11-21,11:47:00,49,2,6821
88992,2016-11-21,11:48:00,405,2,9102
88993,2016-11-21,12:11:00,436,1,902
88994,2016-11-21,12:13:00,442,1,5382
88995,2016-11-21,12:14:00,123,1,9221
88996,2016-11-21,12:16:00,379,1,2048
88997,2016-11-21,12:21:00,37,1,5736
88998,2016-11-21,12:21:00,227,3,5044
88999,2016-11-21,12:24:00,97,3,3558
89000,2016-11-21,12:30:00,197,2,8376
89001,2016-11-21,12:31:00,373,3,7568
89002,2016-11-21,12:31:00,449,2,1656
89003,2016-11-21,12:35:00,315,2,7848
89004,2016-11-21,12:37:00,158,2,819
89005,2016-11-21,12:38:00,117,2,780
89006,2016-11-21,12:43:00,294,5,6564
89007,2016-11-21,12:43:00,152,3,4464
89008,2016-11-21,12:52:00,256,3,10855
89009,2016-11-21,13:32:00,452,2,7907
89010,2016-11-21,13:35:00,419,1,8075
89011,2016-11-21,13:40:00,299,4,1071
89012,2016-11-21,13:54:00,242,1,5876
89013,2016-11-21,13:54:00,258,1,5269
89014,2016-11-21,14:04:00,190,2,10329
89015,2016-11-21,14:06:00,435,2,10120
89016,2016-11-21,14:08:00,414,3,1394
89017,2016-11-21,14:11:00,131,2,7014
89018,2016-11-21,14:26:00,401,1,5717
89019,2016-11-21,14:39:00,214,3,7730
89020,2016-11-21,14:45:00,3,1,7290
89021,2016-11-21,14:52:00,269,3,3334
89022,2016-11-21,14:54:00,284,3,501
89023,2016-11-21,15:03:00,398,2,2724
89024,2016-11-21,15:04:00,369,2,6553
89025,2016-11-21,15:12:00,425,3,3844
89026,2016-11-21,15:20:00,141,3,9241
89027,2016-11-21,15:25:00,244,2,4606
89028,2016-11-21,15:26:00,259,1,6318
89029,2016-11-21,15:35:00,140,2,7207
89030,2016-11-21,15:42:00,121,2,7452
89031,2016-11-21,15:48:00,430,2,4848
89032,2016-11-21,15:52:00,422,1,10730
89033,2016-11-21,15:54:00,399,2,9673
89034,2016-11-21,15:58:00,63,2,6442
89035,2016-11-21,15:59:00,32,2,4499
89036,2016-11-21,16:02:00,276,3,6127
89037,2016-11-21,16:08:00,104,2,9227
89038,2016-11-21,16:25:00,193,1,8415
89039,2016-11-21,16:35:00,282,1,1297
89040,2016-11-21,16:35:00,31,2,10985
89041,2016-11-21,16:36:00,84,2,7177
89042,2016-11-21,16:48:00,59,4,7138
89043,2016-11-21,16:51:00,278,5,2485
89044,2016-11-21,16:54:00,67,3,1273
89045,2016-11-21,16:54:00,229,1,4108
89046,2016-11-21,17:05:00,278,2,6878
89047,2016-11-21,17:12:00,401,2,6260
89048,2016-11-21,17:36:00,425,1,7581
89049,2016-11-21,17:39:00,49,2,3734
89050,2016-11-21,17:46:00,13,3,6806
89051,2016-11-21,18:03:00,345,5,2798
89052,2016-11-21,18:12:00,221,4,104
89053,2016-11-21,18:13:00,122,2,1374
89054,2016-11-21,18:17:00,450,1,7015
89055,2016-11-21,18:22:00,447,2,5971
89056,2016-11-21,18:41:00,386,1,977
89057,2016-11-21,18:42:00,119,3,7618
89058,2016-11-21,18:42:00,399,2,3047
89059,2016-11-21,18:51:00,430,4,2935
89060,2016-11-21,18:52:00,156,2,6663
89061,2016-11-21,19:00:00,194,1,10906
89062,2016-11-21,19:13:00,426,1,10277
89063,2016-11-21,19:13:00,102,1,4956
89064,2016-11-21,19:14:00,359,4,10019
89065,2016-11-21,19:20:00,2,1,7990
89066,2016-11-21,19:29:00,441,1,10847
89067,2016-11-21,19:31:00,299,1,4266
89068,2016-11-21,19:41:00,25,2,6116
89069,2016-11-21,19:51:00,335,4,3956
89070,2016-11-21,19:56:00,338,1,3472
89071,2016-11-21,20:02:00,206,1,11282
89072,2016-11-21,20:10:00,150,2,6978
89073,2016-11-21,20:10:00,294,1,4646
89074,2016-11-21,20:14:00,43,2,6363
89075,2016-11-21,20:21:00,448,2,2023
89076,2016-11-21,20:23:00,95,2,9778
89077,2016-11-21,20:35:00,361,4,4881
89078,2016-11-21,20:37:00,69,1,11882
89079,2016-11-21,20:39:00,279,2,8016
89080,2016-11-21,20:40:00,365,2,4976
89081,2016-11-21,20:56:00,156,2,1145
89082,2016-11-21,20:58:00,114,3,7476
89083,2016-11-21,21:01:00,96,1,3371
89084,2016-11-21,21:05:00,358,3,8388
89085,2016-11-21,21:08:00,323,2,11855
89086,2016-11-21,21:17:00,101,2,9141
89087,2016-11-21,21:21:00,27,1,10833
89088,2016-11-21,21:30:00,68,3,9448
89089,2016-11-21,21:30:00,336,3,799
89090,2016-11-21,21:36:00,177,1,4479
89091,2016-11-21,21:39:00,234,2,8551
89092,2016-11-21,21:43:00,254,6,4070
89093,2016-11-21,21:45:00,210,3,5955
89094,2016-11-21,21:48:00,254,2,10680
89095,2016-11-21,22:05:00,199,3,4539
89096,2016-11-21,22:05:00,113,2,5021
89097,2016-11-21,22:07:00,395,1,1691
89098,2016-11-21,22:10:00,353,1,7701
89099,2016-11-21,22:11:00,452,1,6062
89100,2016-11-21,22:14:00,29,1,3715
89101,2016-11-21,22:20:00,165,1,5694
89102,2016-11-21,22:23:00,112,1,4097
89103,2016-11-21,22:27:00,236,3,7040
89104,2016-11-21,22:28:00,176,1,8240
89105,2016-11-21,22:29:00,243,3,5786
89106,2016-11-21,22:32:00,396,2,5636
89107,2016-11-21,22:36:00,275,2,952
89108,2016-11-21,22:38:00,423,2,1264
89109,2016-11-21,22:40:00,105,1,8059
89110,2016-11-21,22:40:00,217,3,7131
89111,2016-11-21,22:49:00,235,2,10740
89112,2016-11-21,22:57:00,200,3,4781
89113,2016-11-21,23:08:00,368,1,5468
89114,2016-11-21,23:17:00,111,2,5662
89115,2016-11-21,23:32:00,132,2,10079
89116,2016-11-21,23:37:00,4,2,301
89117,2016-11-21,23:46:00,98,2,9218
89118,2016-11-21,23:53:00,161,3,9669
89119,2016-11-21,23:53:00,189,2,448
89120,2016-11-21,23:55:00,77,3,2001
89121,2016-11-21,23:55:00,438,3,6665
89122,2016-11-21,23:59:00,25,3,393
89123,2016-11-22,00:02:00,31,6,11280
89124,2016-11-22,00:03:00,69,1,4981
89125,2016-11-22,00:03:00,50,3,1319
89126,2016-11-22,00:05:00,296,2,7828
89127,2016-11-22,00:12:00,368,4,4683
89128,2016-11-22,00:15:00,315,1,11493
89129,2016-11-22,00:25:00,24,3,129
89130,2016-11-22,00:38:00,349,3,9727
89131,2016-11-22,00:42:00,441,2,4325
89132,2016-11-22,00:44:00,445,1,10534
89133,2016-11-22,00:44:00,346,2,3328
89134,2016-11-22,00:50:00,138,1,9303
89135,2016-11-22,00:56:00,310,1,2502
89136,2016-11-22,01:03:00,280,1,6389
89137,2016-11-22,01:10:00,176,2,6557
89138,2016-11-22,01:12:00,263,3,11592
89139,2016-11-22,01:18:00,340,3,2464
89140,2016-11-22,01:28:00,322,2,4029
89141,2016-11-22,01:40:00,52,4,4272
89142,2016-11-22,01:41:00,77,3,79
89143,2016-11-22,01:41:00,401,1,9599
89144,2016-11-22,01:42:00,444,1,4996
89145,2016-11-22,01:44:00,84,3,600
89146,2016-11-22,01:46:00,256,1,4166
89147,2016-11-22,01:47:00,324,4,3403
89148,2016-11-22,01:49:00,307,3,9448
89149,2016-11-22,01:50:00,8,1,6288
89150,2016-11-22,01:56:00,447,1,7071
89151,2016-11-22,02:10:00,336,1,8634
89152,2016-11-22,02:28:00,322,2,10659
89153,2016-11-22,02:34:00,92,1,8076
89154,2016-11-22,02:41:00,53,2,8298
89155,2016-11-22,02:49:00,443,1,10717
89156,2016-11-22,02:53:00,39,3,4467
89157,2016-11-22,03:04:00,97,5,7526
89158,2016-11-22,03:05:00,38,3,1769
89159,2016-11-22,03:07:00,56,5,1927
89160,2016-11-22,03:12:00,33,1,6019
89161,2016-11-22,03:13:00,286,1,10395
89162,2016-11-22,03:13:00,44,1,7268
89163,2016-11-22,03:25:00,153,3,6930
89164,2016-11-22,03:34:00,211,1,419
89165,2016-11-22,03:40:00,186,1,1604
89166,2016-11-22,03:44:00,110,2,7604
89167,2016-11-22,03:46:00,55,1,3781
89168,2016-11-22,03:49:00,271,3,9665
89169,2016-11-22,03:54:00,311,4,1758
89170,2016-11-22,03:54:00,232,1,3017
89171,2016-11-22,04:02:00,54,1,6952
89172,2016-11-22,04:05:00,450,1,9202
89173,2016-11-22,04:08:00,188,1,2247
89174,2016-11-22,04:19:00,182,2,10609
89175,2016-11-22,04:19:00,26,1,11529
89176,2016-11-22,04:22:00,183,2,1798
89177,2016-11-22,04:25:00,331,5,2833
89178,2016-11-22,04:27:00,49,2,2441
89179,2016-11-22,04:43:00,256,3,2915
89180,2016-11-22,04:44:00,225,3,9803
89181,2016-11-22,04:47:00,224,3,7653
89182,2016-11-22,04:52:00,417,2,7942
89183,2016-11-22,04:55:00,74,2,6302
89184,2016-11-22,05:01:00,16,2,6516
89185,2016-11-22,05:04:00,321,2,10027
89186,2016-11-22,05:08:00,94,1,1591
89187,2016-11-22,05:08:00,243,2,11279
89188,2016-11-22,05:11:00,298,1,11042
89189,2016-11-22,05:18:00,278,2,6377
89190,2016-11-22,05:20:00,311,4,11330
89191,2016-11-22,05:23:00,281,2,7279
89192,2016-11-22,05:35:00,266,3,3899
89193,2016-11-22,05:35:00,157,1,333
89194,2016-11-22,05:47:00,159,2,9631
89195,2016-11-22,05:53:00,221,2,7847
89196,2016-11-22,05:56:00,247,1,3
89197,2016-11-22,06:00:00,291,5,3380
89198,2016-11-22,06:08:00,336,2,6511
89199,2016-11-22,06:10:00,438,1,197
89200,2016-11-22,06:12:00,229,2,5533
89201,2016-11-22,06:14:00,3,4,10157
89202,2016-11-22,06:16:00,371,1,7326
89203,2016-11-22,06:22:00,362,2,4617
89204,2016-11-22,06:23:00,200,1,3003
89205,2016-11-22,06:40:00,229,2,2209
89206,2016-11-22,06:43:00,67,2,6367
89207,2016-11-22,06:54:00,195,2,8129
89208,2016-11-22,07:03:00,198,2,2242
89209,2016-11-22,07:04:00,174,2,3920
89210,2016-11-22,07:07:00,377,2,11937
89211,2016-11-22,07:11:00,59,2,1850
89212,2016-11-22,07:15:00,48,2,7031
89213,2016-11-22,07:17:00,280,2,4779
89214,2016-11-22,07:19:00,17,2,6499
89215,2016-11-22,07:25:00,425,1,11190
89216,2016-11-22,07:29:00,113,1,764
89217,2016-11-22,07:30:00,173,3,9648
89218,2016-11-22,07:38:00,410,4,5118
89219,2016-11-22,07:41:00,428,3,384
89220,2016-11-22,07:43:00,378,1,7638
89221,2016-11-22,07:44:00,447,3,10659
89222,2016-11-22,08:05:00,221,1,9252
89223,2016-11-22,08:06:00,260,1,563
89224,2016-11-22,08:06:00,206,3,239
89225,2016-11-22,08:10:00,419,1,9091
89226,2016-11-22,08:20:00,400,1,6687
89227,2016-11-22,08:22:00,194,3,9248
89228,2016-11-22,08:26:00,228,3,7815
89229,2016-11-22,08:32:00,194,2,11551
89230,2016-11-22,08:34:00,211,3,10083
89231,2016-11-22,08:47:00,131,3,7523
89232,2016-11-22,08:49:00,240,3,8298
89233,2016-11-22,08:50:00,83,2,9679
89234,2016-11-22,08:53:00,207,2,11423
89235,2016-11-22,09:05:00,53,1,11663
89236,2016-11-22,09:06:00,69,3,11713
89237,2016-11-22,09:09:00,157,3,5982
89238,2016-11-22,09:29:00,213,2,3206
89239,2016-11-22,09:34:00,281,2,9755
89240,2016-11-22,09:40:00,373,2,9308
89241,2016-11-22,09:53:00,328,1,10397
89242,2016-11-22,09:54:00,267,1,5430
89243,2016-11-22,09:59:00,239,4,10705
89244,2016-11-22,10:05:00,160,1,10604
89245,2016-11-22,10:12:00,236,1,10038
89246,2016-11-22,10:13:00,216,3,7551
89247,2016-11-22,10:27:00,303,2,5272
89248,2016-11-22,10:41:00,245,3,1933
89249,2016-11-22,10:42:00,239,1,10184
89250,2016-11-22,10:46:00,451,2,5698
89251,2016-11-22,10:57:00,447,1,661
89252,2016-11-22,11:16:00,223,4,11320
89253,2016-11-22,11:29:00,453,2,7007
89254,2016-11-22,11:31:00,154,1,7208
89255,2016-11-22,11:33:00,76,2,894
89256,2016-11-22,11:36:00,35,2,5971
89257,2016-11-22,11:38:00,182,2,10076
89258,2016-11-22,11:45:00,405,3,10397
89259,2016-11-22,11:47:00,453,2,11549
89260,2016-11-22,11:47:00,116,4,1030
89261,2016-11-22,11:54:00,262,2,8311
89262,2016-11-22,11:55:00,333,3,11975
89263,2016-11-22,11:58:00,285,2,9120
89264,2016-11-22,12:04:00,258,2,3153
89265,2016-11-22,12:10:00,193,1,473
89266,2016-11-22,12:12:00,387,3,7568
89267,2016-11-22,12:20:00,394,2,6903
89268,2016-11-22,12:22:00,194,1,11408
89269,2016-11-22,12:33:00,292,1,260
89270,2016-11-22,12:37:00,214,2,9198
89271,2016-11-22,12:41:00,167,5,10190
89272,2016-11-22,12:48:00,346,1,4836
89273,2016-11-22,12:50:00,195,2,4278
89274,2016-11-22,13:00:00,49,3,6998
89275,2016-11-22,13:02:00,125,2,1768
89276,2016-11-22,13:22:00,106,2,5542
89277,2016-11-22,13:23:00,418,5,11354
89278,2016-11-22,13:36:00,62,1,7513
89279,2016-11-22,13:42:00,133,3,5335
89280,2016-11-22,13:47:00,422,1,4368
89281,2016-11-22,13:50:00,428,3,4158
89282,2016-11-22,13:57:00,140,2,3499
89283,2016-11-22,14:01:00,284,4,3405
89284,2016-11-22,14:05:00,318,3,1372
89285,2016-11-22,14:06:00,284,4,2712
89286,2016-11-22,14:12:00,451,2,10186
89287,2016-11-22,14:24:00,148,1,8910
89288,2016-11-22,14:26:00,408,6,4651
89289,2016-11-22,14:37:00,169,2,2970
89290,2016-11-22,14:41:00,400,2,284
89291,2016-11-22,14:48:00,279,1,1254
89292,2016-11-22,14:51:00,67,3,5482
89293,2016-11-22,14:54:00,161,4,1588
89294,2016-11-22,15:12:00,397,3,5404
89295,2016-11-22,15:17:00,292,5,6549
89296,2016-11-22,15:27:00,45,2,556
89297,2016-11-22,15:32:00,128,1,1427
89298,2016-11-22,15:38:00,396,1,3950
89299,2016-11-22,15:52:00,13,2,5274
89300,2016-11-22,16:03:00,118,1,9650
89301,2016-11-22,16:14:00,348,2,11190
89302,2016-11-22,16:15:00,162,2,6965
89303,2016-11-22,16:31:00,382,1,11934
89304,2016-11-22,16:37:00,347,3,8711
89305,2016-11-22,16:40:00,159,2,9319
89306,2016-11-22,16:46:00,53,1,7596
89307,2016-11-22,16:46:00,84,2,8550
89308,2016-11-22,16:47:00,381,2,4716
89309,2016-11-22,16:47:00,145,2,9796
89310,2016-11-22,16:57:00,185,1,7979
89311,2016-11-22,17:10:00,154,1,588
89312,2016-11-22,17:23:00,232,3,11199
89313,2016-11-22,17:24:00,111,1,8577
89314,2016-11-22,17:26:00,303,1,1265
89315,2016-11-22,17:29:00,363,2,9585
89316,2016-11-22,17:43:00,169,2,2219
89317,2016-11-22,17:46:00,421,2,6425
89318,2016-11-22,17:46:00,225,1,1352
89319,2016-11-22,18:02:00,327,4,7146
89320,2016-11-22,18:03:00,285,2,3671
89321,2016-11-22,18:05:00,396,2,10549
89322,2016-11-22,18:10:00,291,2,6764
89323,2016-11-22,18:13:00,84,2,3899
89324,2016-11-22,18:15:00,319,2,5690
89325,2016-11-22,18:22:00,248,1,866
89326,2016-11-22,18:23:00,14,3,7722
89327,2016-11-22,18:30:00,251,1,2601
89328,2016-11-22,18:38:00,58,1,3705
89329,2016-11-22,18:54:00,107,3,9080
89330,2016-11-22,18:57:00,321,1,5904
89331,2016-11-22,19:00:00,32,2,8576
89332,2016-11-22,19:02:00,42,1,3152
89333,2016-11-22,19:10:00,329,1,9911
89334,2016-11-22,19:23:00,384,1,3363
89335,2016-11-22,19:26:00,107,2,4876
89336,2016-11-22,19:39:00,154,2,211
89337,2016-11-22,19:47:00,101,1,9959
89338,2016-11-22,20:00:00,31,2,9249
89339,2016-11-22,20:02:00,7,2,9098
89340,2016-11-22,20:11:00,350,2,3003
89341,2016-11-22,20:17:00,356,1,2589
89342,2016-11-22,20:22:00,161,1,6683
89343,2016-11-22,20:36:00,127,3,870
89344,2016-11-22,20:40:00,322,1,9665
89345,2016-11-22,20:42:00,375,2,1845
89346,2016-11-22,20:46:00,17,2,10997
89347,2016-11-22,20:57:00,102,3,8408
89348,2016-11-22,21:02:00,128,2,6882
89349,2016-11-22,21:11:00,74,2,7604
89350,2016-11-22,21:16:00,360,2,378
89351,2016-11-22,21:17:00,234,2,8844
89352,2016-11-22,21:26:00,358,1,5082
89353,2016-11-22,21:37:00,209,2,6008
89354,2016-11-22,21:41:00,338,2,9342
89355,2016-11-22,21:51:00,261,1,2436
89356,2016-11-22,21:53:00,359,1,2580
89357,2016-11-22,21:56:00,39,1,10092
89358,2016-11-22,22:11:00,144,3,935
89359,2016-11-22,22:13:00,283,1,9487
89360,2016-11-22,22:13:00,21,2,6249
89361,2016-11-22,22:18:00,148,2,11409
89362,2016-11-22,22:43:00,163,2,9615
89363,2016-11-22,22:50:00,126,1,4346
89364,2016-11-22,23:06:00,205,1,7391
89365,2016-11-22,23:10:00,126,2,1002
89366,2016-11-22,23:13:00,389,2,144
89367,2016-11-22,23:16:00,66,1,11613
89368,2016-11-22,23:21:00,168,2,1212
89369,2016-11-22,23:22:00,91,1,9305
89370,2016-11-22,23:35:00,437,4,4881
89371,2016-11-22,23:38:00,314,2,7481
89372,2016-11-22,23:52:00,88,3,152
89373,2016-11-22,23:53:00,368,3,6553
89374,2016-11-22,23:55:00,377,1,6474
89375,2016-11-22,23:55:00,381,4,9802
89376,2016-11-23,00:02:00,178,2,10803
89377,2016-11-23,00:06:00,131,2,450
89378,2016-11-23,00:12:00,212,3,1185
89379,2016-11-23,00:18:00,76,1,6736
89380,2016-11-23,00:22:00,276,3,3031
89381,2016-11-23,00:29:00,384,1,4497
89382,2016-11-23,00:30:00,181,1,6880
89383,2016-11-23,00:33:00,394,2,206
89384,2016-11-23,00:47:00,424,3,6049
89385,2016-11-23,00:51:00,224,2,8655
89386,2016-11-23,01:00:00,72,2,11618
89387,2016-11-23,01:06:00,219,2,8782
89388,2016-11-23,01:14:00,457,3,10281
89389,2016-11-23,01:16:00,21,2,2376
89390,2016-11-23,01:25:00,331,1,11259
89391,2016-11-23,01:29:00,196,3,3646
89392,2016-11-23,01:32:00,325,1,10368
89393,2016-11-23,01:33:00,59,2,7827
89394,2016-11-23,01:33:00,36,1,9814
89395,2016-11-23,01:35:00,416,3,2520
89396,2016-11-23,01:35:00,160,1,2125
89397,2016-11-23,01:40:00,171,2,11602
89398,2016-11-23,01:43:00,24,2,9777
89399,2016-11-23,01:43:00,189,1,2328
89400,2016-11-23,01:52:00,136,3,5374
89401,2016-11-23,01:52:00,135,3,8592
89402,2016-11-23,01:53:00,400,2,9043
89403,2016-11-23,02:10:00,278,3,11933
89404,2016-11-23,02:11:00,270,2,11084
89405,2016-11-23,02:13:00,318,2,10007
89406,2016-11-23,02:15:00,230,1,3070
89407,2016-11-23,02:20:00,268,1,6033
89408,2016-11-23,02:25:00,151,1,2768
89409,2016-11-23,02:28:00,185,1,3046
89410,2016-11-23,02:28:00,300,1,5109
89411,2016-11-23,02:29:00,160,1,10056
89412,2016-11-23,02:34:00,428,2,8530
89413,2016-11-23,02:35:00,151,2,2822
89414,2016-11-23,02:40:00,375,2,8140
89415,2016-11-23,02:48:00,203,3,806
89416,2016-11-23,02:52:00,203,2,7566
89417,2016-11-23,03:08:00,59,3,11895
89418,2016-11-23,03:09:00,150,1,5862
89419,2016-11-23,03:27:00,345,1,6007
89420,2016-11-23,03:32:00,376,1,3800
89421,2016-11-23,03:44:00,210,1,5490
89422,2016-11-23,03:44:00,18,1,8620
89423,2016-11-23,03:50:00,329,2,5385
89424,2016-11-23,03:52:00,255,1,11872
89425,2016-11-23,03:52:00,3,2,6639
89426,2016-11-23,03:55:00,327,2,5903
89427,2016-11-23,03:56:00,74,1,9876
89428,2016-11-23,04:06:00,8,1,7829
89429,2016-11-23,04:07:00,430,2,4894
89430,2016-11-23,04:15:00,302,2,1761
89431,2016-11-23,04:21:00,408,1,7600
89432,2016-11-23,04:32:00,425,1,11731
89433,2016-11-23,04:38:00,410,2,8853
89434,2016-11-23,04:52:00,211,2,4937
89435,2016-11-23,04:54:00,410,1,7846
89436,2016-11-23,04:55:00,254,1,10047
89437,2016-11-23,05:11:00,330,1,10736
89438,2016-11-23,05:13:00,139,1,6348
89439,2016-11-23,05:17:00,20,2,3823
89440,2016-11-23,05:18:00,94,4,8503
89441,2016-11-23,05:19:00,232,2,2983
89442,2016-11-23,05:21:00,441,1,4830
89443,2016-11-23,05:24:00,274,1,2426
89444,2016-11-23,05:29:00,404,1,5663
89445,2016-11-23,05:36:00,198,3,5046
89446,2016-11-23,05:38:00,206,2,4399
89447,2016-11-23,05:40:00,9,3,8931
89448,2016-11-23,05:46:00,62,4,3353
89449,2016-11-23,05:48:00,83,2,7786
89450,2016-11-23,06:05:00,153,4,8314
89451,2016-11-23,06:17:00,338,1,11965
89452,2016-11-23,06:27:00,411,3,2095
89453,2016-11-23,06:32:00,150,2,2483
89454,2016-11-23,06:41:00,152,3,413
89455,2016-11-23,06:44:00,157,3,10620
89456,2016-11-23,06:52:00,338,2,1869
89457,2016-11-23,07:08:00,32,3,1352
89458,2016-11-23,07:14:00,412,2,3579
89459,2016-11-23,07:16:00,279,1,10477
89460,2016-11-23,07:23:00,409,2,10833
89461,2016-11-23,07:26:00,264,2,5041
89462,2016-11-23,07:37:00,387,2,9578
89463,2016-11-23,07:58:00,39,2,9516
89464,2016-11-23,07:59:00,389,2,3074
89465,2016-11-23,08:06:00,389,2,3695
89466,2016-11-23,08:06:00,168,2,8273
89467,2016-11-23,08:07:00,73,2,1148
89468,2016-11-23,08:08:00,334,4,3060
89469,2016-11-23,08:26:00,136,2,11163
89470,2016-11-23,08:36:00,88,3,5419
89471,2016-11-23,08:43:00,429,3,1792
89472,2016-11-23,08:50:00,366,2,3770
89473,2016-11-23,08:50:00,192,3,208
89474,2016-11-23,08:57:00,52,4,4393
89475,2016-11-23,09:02:00,167,4,4695
89476,2016-11-23,09:09:00,369,3,5726
89477,2016-11-23,09:09:00,419,2,11014
89478,2016-11-23,09:10:00,204,2,3693
89479,2016-11-23,09:13:00,182,1,11482
89480,2016-11-23,09:14:00,160,4,10562
89481,2016-11-23,09:18:00,131,1,5908
89482,2016-11-23,09:23:00,28,2,2493
89483,2016-11-23,09:23:00,306,1,11701
89484,2016-11-23,09:27:00,93,1,4720
89485,2016-11-23,09:28:00,166,1,10581
89486,2016-11-23,09:29:00,310,2,11905
89487,2016-11-23,09:34:00,325,1,2409
89488,2016-11-23,09:36:00,242,2,11781
89489,2016-11-23,09:37:00,40,2,7308
89490,2016-11-23,09:40:00,363,2,8243
89491,2016-11-23,09:42:00,249,5,9474
89492,2016-11-23,09:42:00,99,3,10908
89493,2016-11-23,09:51:00,164,1,4588
89494,2016-11-23,09:51:00,340,2,11833
89495,2016-11-23,09:59:00,58,1,10360
89496,2016-11-23,09:59:00,245,2,6456
89497,2016-11-23,10:00:00,6,4,587
89498,2016-11-23,10:01:00,440,2,10296
89499,2016-11-23,10:03:00,51,1,6481
89500,2016-11-23,10:13:00,118,2,2853
89501,2016-11-23,10:13:00,310,2,10944
89502,2016-11-23,10:17:00,397,2,4974
89503,2016-11-23,10:21:00,209,1,10986
89504,2016-11-23,10:23:00,90,2,409
89505,2016-11-23,10:26:00,328,2,10773
89506,2016-11-23,10:31:00,93,2,8614
89507,2016-11-23,10:35:00,189,2,7184
89508,2016-11-23,10:35:00,52,2,389
89509,2016-11-23,10:38:00,163,3,3059
89510,2016-11-23,10:42:00,390,3,2277
89511,2016-11-23,10:43:00,311,2,7205
89512,2016-11-23,10:48:00,316,1,8990
89513,2016-11-23,10:49:00,385,3,4352
89514,2016-11-23,11:01:00,74,2,782
89515,2016-11-23,11:06:00,230,1,5957
89516,2016-11-23,11:09:00,119,2,2044
89517,2016-11-23,11:10:00,366,2,2034
89518,2016-11-23,11:21:00,353,2,1677
89519,2016-11-23,11:22:00,362,1,6266
89520,2016-11-23,11:25:00,56,3,3522
89521,2016-11-23,11:27:00,217,2,1043
89522,2016-11-23,11:27:00,156,1,304
89523,2016-11-23,11:30:00,312,1,2830
89524,2016-11-23,11:34:00,342,3,7493
89525,2016-11-23,11:37:00,89,2,10719
89526,2016-11-23,11:40:00,237,1,9011
89527,2016-11-23,11:43:00,233,2,8557
89528,2016-11-23,11:44:00,135,1,3714
89529,2016-11-23,11:45:00,130,3,5176
89530,2016-11-23,11:55:00,287,3,10490
89531,2016-11-23,12:07:00,128,3,6047
89532,2016-11-23,12:08:00,388,1,4694
89533,2016-11-23,12:10:00,200,2,2950
89534,2016-11-23,12:13:00,414,2,7405
89535,2016-11-23,12:15:00,176,4,11610
89536,2016-11-23,12:19:00,58,1,3695
89537,2016-11-23,12:34:00,439,1,10002
89538,2016-11-23,12:35:00,379,2,10537
89539,2016-11-23,12:35:00,59,1,8380
89540,2016-11-23,12:39:00,396,2,5352
89541,2016-11-23,12:45:00,75,1,8909
89542,2016-11-23,12:48:00,17,1,974
89543,2016-11-23,12:48:00,420,1,62
89544,2016-11-23,12:56:00,127,2,4173
89545,2016-11-23,12:57:00,70,2,11534
89546,2016-11-23,12:58:00,241,4,3360
89547,2016-11-23,13:26:00,252,2,8330
89548,2016-11-23,13:27:00,108,1,2432
89549,2016-11-23,13:41:00,243,2,3508
89550,2016-11-23,13:45:00,126,1,9872
89551,2016-11-23,13:47:00,156,1,1070
89552,2016-11-23,13:48:00,421,1,8054
89553,2016-11-23,14:10:00,32,4,9996
89554,2016-11-23,14:13:00,199,1,7592
89555,2016-11-23,14:13:00,107,1,9073
89556,2016-11-23,14:16:00,356,5,8059
89557,2016-11-23,14:19:00,424,2,11630
89558,2016-11-23,14:41:00,213,1,7331
89559,2016-11-23,14:45:00,425,1,7019
89560,2016-11-23,14:48:00,187,3,11666
89561,2016-11-23,14:53:00,121,2,5769
89562,2016-11-23,15:01:00,144,3,8824
89563,2016-11-23,15:05:00,223,1,10505
89564,2016-11-23,15:10:00,62,2,9646
89565,2016-11-23,15:10:00,113,1,603
89566,2016-11-23,15:11:00,338,2,9090
89567,2016-11-23,15:13:00,209,2,8774
89568,2016-11-23,15:17:00,302,1,4777
89569,2016-11-23,15:23:00,209,2,9808
89570,2016-11-23,15:27:00,296,4,5565
89571,2016-11-23,15:28:00,290,1,2339
89572,2016-11-23,15:36:00,454,1,10044
89573,2016-11-23,15:41:00,378,1,5530
89574,2016-11-23,15:41:00,245,2,25
89575,2016-11-23,15:53:00,316,3,9881
89576,2016-11-23,15:55:00,116,4,3688
89577,2016-11-23,16:05:00,308,3,7496
89578,2016-11-23,16:36:00,186,2,4806
89579,2016-11-23,16:36:00,411,2,2671
89580,2016-11-23,16:39:00,410,2,11782
89581,2016-11-23,16:40:00,271,2,4960
89582,2016-11-23,16:49:00,60,2,1832
89583,2016-11-23,16:55:00,191,3,7757
89584,2016-11-23,16:56:00,228,2,8719
89585,2016-11-23,17:05:00,263,1,11904
89586,2016-11-23,17:28:00,116,1,3986
89587,2016-11-23,17:30:00,78,1,6710
89588,2016-11-23,17:32:00,100,3,11796
89589,2016-11-23,17:35:00,326,3,8409
89590,2016-11-23,17:37:00,452,3,2909
89591,2016-11-23,17:37:00,420,2,10959
89592,2016-11-23,17:43:00,393,1,4912
89593,2016-11-23,17:46:00,416,1,10113
89594,2016-11-23,17:53:00,38,1,2685
89595,2016-11-23,17:56:00,346,2,2325
89596,2016-11-23,17:59:00,146,2,4318
89597,2016-11-23,18:07:00,355,4,9131
89598,2016-11-23,18:14:00,134,3,3625
89599,2016-11-23,18:21:00,199,3,4280
89600,2016-11-23,18:22:00,60,2,2210
89601,2016-11-23,18:38:00,217,2,3288
89602,2016-11-23,18:44:00,133,2,275
89603,2016-11-23,18:51:00,80,2,3811
89604,2016-11-23,18:54:00,106,3,2037
89605,2016-11-23,18:56:00,81,1,2063
89606,2016-11-23,18:59:00,393,1,1355
89607,2016-11-23,19:08:00,309,2,982
89608,2016-11-23,19:12:00,255,1,9560
89609,2016-11-23,19:14:00,425,2,873
89610,2016-11-23,19:16:00,316,1,194
89611,2016-11-23,19:19:00,432,2,9151
89612,2016-11-23,19:24:00,128,1,10083
89613,2016-11-23,19:26:00,412,2,10689
89614,2016-11-23,19:53:00,139,2,9969
89615,2016-11-23,19:56:00,426,1,9394
89616,2016-11-23,19:57:00,287,1,11227
89617,2016-11-23,20:02:00,312,1,5462
89618,2016-11-23,20:04:00,217,3,11311
89619,2016-11-23,20:12:00,187,2,8136
89620,2016-11-23,20:16:00,218,1,2733
89621,2016-11-23,20:18:00,11,3,3268
89622,2016-11-23,20:19:00,429,3,3610
89623,2016-11-23,20:23:00,163,2,7188
89624,2016-11-23,20:33:00,425,2,6313
89625,2016-11-23,20:39:00,433,1,3655
89626,2016-11-23,20:45:00,64,1,1397
89627,2016-11-23,20:49:00,62,2,6906
89628,2016-11-23,20:49:00,250,1,2933
89629,2016-11-23,20:54:00,141,2,10555
89630,2016-11-23,20:59:00,142,2,6452
89631,2016-11-23,21:12:00,166,3,2605
89632,2016-11-23,21:22:00,347,3,5743
89633,2016-11-23,21:22:00,101,1,5951
89634,2016-11-23,21:23:00,120,2,8821
89635,2016-11-23,21:42:00,339,2,8003
89636,2016-11-23,21:45:00,294,1,4065
89637,2016-11-23,21:53:00,418,1,10665
89638,2016-11-23,22:02:00,276,3,11254
89639,2016-11-23,22:07:00,62,3,8919
89640,2016-11-23,22:10:00,89,3,11506
89641,2016-11-23,22:38:00,343,1,9430
89642,2016-11-23,22:41:00,455,3,11491
89643,2016-11-23,22:51:00,25,2,1521
89644,2016-11-23,22:57:00,262,1,2175
89645,2016-11-23,22:58:00,423,2,1551
89646,2016-11-23,22:59:00,23,1,6467
89647,2016-11-23,23:02:00,208,1,4718
89648,2016-11-23,23:03:00,192,2,11249
89649,2016-11-23,23:05:00,7,1,4750
89650,2016-11-23,23:07:00,304,2,2898
89651,2016-11-23,23:07:00,82,2,9759
89652,2016-11-23,23:09:00,256,2,9387
89653,2016-11-23,23:11:00,316,1,11766
89654,2016-11-23,23:13:00,439,2,5813
89655,2016-11-23,23:20:00,1,2,939
89656,2016-11-23,23:31:00,325,4,2199
89657,2016-11-23,23:39:00,210,2,4180
89658,2016-11-23,23:41:00,17,1,10454
89659,2016-11-23,23:53:00,275,2,3764
89660,2016-11-23,23:56:00,67,3,8648
89661,2016-11-23,23:58:00,46,1,7067
89662,2016-11-23,23:59:00,128,1,3042
89663,2016-11-24,00:06:00,63,3,4531
89664,2016-11-24,00:21:00,231,1,11153
89665,2016-11-24,00:25:00,34,1,10474
89666,2016-11-24,00:28:00,335,1,10086
89667,2016-11-24,00:28:00,332,3,9782
89668,2016-11-24,00:32:00,262,2,5161
89669,2016-11-24,00:35:00,23,4,5550
89670,2016-11-24,00:42:00,289,3,6298
89671,2016-11-24,00:52:00,160,4,4933
89672,2016-11-24,00:55:00,253,2,7934
89673,2016-11-24,00:55:00,326,3,1992
89674,2016-11-24,00:56:00,214,2,7352
89675,2016-11-24,01:02:00,189,1,2357
89676,2016-11-24,01:11:00,265,4,2647
89677,2016-11-24,01:16:00,228,2,6527
89678,2016-11-24,01:17:00,52,2,1948
89679,2016-11-24,01:23:00,456,1,7475
89680,2016-11-24,01:46:00,323,1,5211
89681,2016-11-24,01:51:00,394,1,9901
89682,2016-11-24,01:52:00,396,2,677
89683,2016-11-24,01:53:00,79,5,37
89684,2016-11-24,01:53:00,158,3,5015
89685,2016-11-24,02:00:00,47,3,9236
89686,2016-11-24,02:00:00,375,1,9176
89687,2016-11-24,02:06:00,359,1,11112
89688,2016-11-24,02:08:00,16,3,7847
89689,2016-11-24,02:10:00,54,2,7713
89690,2016-11-24,02:14:00,5,1,8992
89691,2016-11-24,02:15:00,67,2,276
89692,2016-11-24,02:15:00,4,2,9427
89693,2016-11-24,02:17:00,198,2,10576
89694,2016-11-24,02:37:00,260,2,4436
89695,2016-11-24,02:38:00,48,1,851
89696,2016-11-24,02:40:00,389,1,2253
89697,2016-11-24,02:46:00,304,1,8183
89698,2016-11-24,02:50:00,203,1,9855
89699,2016-11-24,02:53:00,224,2,1491
89700,2016-11-24,02:54:00,185,2,5200
89701,2016-11-24,03:02:00,228,3,915
89702,2016-11-24,03:05:00,2,2,1650
89703,2016-11-24,03:06:00,236,4,1720
89704,2016-11-24,03:07:00,186,1,10482
89705,2016-11-24,03:10:00,373,2,11977
89706,2016-11-24,03:19:00,357,4,821
89707,2016-11-24,03:21:00,232,3,5986
89708,2016-11-24,03:22:00,261,2,10360
89709,2016-11-24,03:26:00,216,1,9444
89710,2016-11-24,03:27:00,311,3,7363
89711,2016-11-24,03:32:00,132,1,7731
89712,2016-11-24,03:40:00,35,2,5179
89713,2016-11-24,03:44:00,121,2,5202
89714,2016-11-24,03:45:00,163,5,8986
89715,2016-11-24,03:48:00,360,1,1354
89716,2016-11-24,04:00:00,376,2,10794
89717,2016-11-24,04:08:00,130,2,61
89718,2016-11-24,04:09:00,435,1,409
89719,2016-11-24,04:19:00,82,2,5442
89720,2016-11-24,04:22:00,27,1,10138
89721,2016-11-24,04:23:00,300,2,11351
89722,2016-11-24,04:23:00,319,1,1818
89723,2016-11-24,04:30:00,379,2,2526
89724,2016-11-24,04:34:00,397,2,4284
89725,2016-11-24,04:45:00,115,2,6369
89726,2016-11-24,04:57:00,69,2,6303
89727,2016-11-24,05:04:00,428,1,1226
89728,2016-11-24,05:12:00,199,1,867
89729,2016-11-24,05:28:00,362,1,155
89730,2016-11-24,05:29:00,148,4,7145
89731,2016-11-24,05:33:00,327,3,410
89732,2016-11-24,05:36:00,262,4,3305
89733,2016-11-24,05:40:00,241,1,365
89734,2016-11-24,05:41:00,251,1,4576
89735,2016-11-24,05:41:00,308,1,669
89736,2016-11-24,05:44:00,165,3,133
89737,2016-11-24,05:46:00,140,1,3743
89738,2016-11-24,05:48:00,302,1,5775
89739,2016-11-24,05:51:00,398,2,5773
89740,2016-11-24,05:55:00,6,1,7165
89741,2016-11-24,06:01:00,19,5,1718
89742,2016-11-24,06:03:00,306,1,7486
89743,2016-11-24,06:13:00,109,2,7272
89744,2016-11-24,06:19:00,219,1,10759
89745,2016-11-24,06:19:00,28,1,6319
89746,2016-11-24,06:30:00,156,3,4471
89747,2016-11-24,06:30:00,280,1,1414
89748,2016-11-24,06:51:00,280,3,6596
89749,2016-11-24,06:53:00,296,4,10872
89750,2016-11-24,06:57:00,299,1,3517
89751,2016-11-24,06:59:00,14,2,8689
89752,2016-11-24,07:00:00,388,4,8990
89753,2016-11-24,07:03:00,42,2,11731
89754,2016-11-24,07:06:00,202,2,4713
89755,2016-11-24,07:09:00,251,1,7471
89756,2016-11-24,07:12:00,420,2,2415
89757,2016-11-24,07:13:00,206,2,7333
89758,2016-11-24,07:18:00,102,3,2749
89759,2016-11-24,07:21:00,355,2,7334
89760,2016-11-24,07:25:00,38,2,2202
89761,2016-11-24,07:27:00,403,2,594
89762,2016-11-24,07:42:00,231,2,9322
89763,2016-11-24,07:43:00,2,2,6856
89764,2016-11-24,07:49:00,436,3,9253
89765,2016-11-24,07:55:00,451,3,8022
89766,2016-11-24,07:55:00,232,2,11118
89767,2016-11-24,08:03:00,355,1,8815
89768,2016-11-24,08:10:00,53,2,6326
89769,2016-11-24,08:20:00,194,1,9598
89770,2016-11-24,08:23:00,87,1,6796
89771,2016-11-24,08:36:00,158,4,4094
89772,2016-11-24,08:42:00,100,2,4575
89773,2016-11-24,08:52:00,41,1,6718
89774,2016-11-24,08:52:00,191,1,10360
89775,2016-11-24,08:55:00,352,1,2787
89776,2016-11-24,09:02:00,181,1,10264
89777,2016-11-24,09:07:00,440,1,8957
89778,2016-11-24,09:08:00,353,1,4909
89779,2016-11-24,09:10:00,216,3,6600
89780,2016-11-24,09:11:00,230,1,9432
89781,2016-11-24,09:26:00,34,2,626
89782,2016-11-24,09:36:00,352,1,7438
89783,2016-11-24,09:37:00,366,1,4956
89784,2016-11-24,09:48:00,7,1,1982
89785,2016-11-24,10:05:00,122,5,10557
89786,2016-11-24,10:21:00,347,2,9323
89787,2016-11-24,10:25:00,430,1,5299
89788,2016-11-24,10:27:00,158,1,7175
89789,2016-11-24,10:30:00,163,1,407
89790,2016-11-24,10:35:00,201,2,7673
89791,2016-11-24,10:35:00,122,2,5901
89792,2016-11-24,10:35:00,334,4,93
89793,2016-11-24,10:37:00,260,2,11593
89794,2016-11-24,10:37:00,443,5,5603
89795,2016-11-24,10:38:00,159,2,1141
89796,2016-11-24,10:40:00,275,1,4894
89797,2016-11-24,10:41:00,435,2,9329
89798,2016-11-24,11:07:00,394,1,9603
89799,2016-11-24,11:11:00,305,2,3725
89800,2016-11-24,11:12:00,68,2,4423
89801,2016-11-24,11:22:00,167,2,11151
89802,2016-11-24,11:24:00,55,5,550
89803,2016-11-24,11:24:00,135,1,8249
89804,2016-11-24,11:28:00,355,3,2729
89805,2016-11-24,11:32:00,98,3,6039
89806,2016-11-24,11:33:00,274,3,6721
89807,2016-11-24,11:35:00,88,1,3491
89808,2016-11-24,11:37:00,160,2,11497
89809,2016-11-24,11:40:00,170,2,11983
89810,2016-11-24,11:42:00,209,3,10254
89811,2016-11-24,12:05:00,87,2,6105
89812,2016-11-24,12:05:00,231,2,4359
89813,2016-11-24,12:26:00,38,2,11817
89814,2016-11-24,12:26:00,451,2,9835
89815,2016-11-24,12:28:00,348,1,11372
89816,2016-11-24,12:30:00,456,3,952
89817,2016-11-24,12:33:00,4,2,7797
89818,2016-11-24,12:38:00,278,1,8517
89819,2016-11-24,12:47:00,453,3,6331
89820,2016-11-24,12:55:00,51,3,692
89821,2016-11-24,12:58:00,380,1,11556
89822,2016-11-24,13:09:00,31,1,3565
89823,2016-11-24,13:10:00,29,2,11210
89824,2016-11-24,13:12:00,450,2,3470
89825,2016-11-24,13:16:00,452,2,4059
89826,2016-11-24,13:18:00,125,1,360
89827,2016-11-24,13:19:00,131,2,5281
89828,2016-11-24,13:25:00,166,2,7635
89829,2016-11-24,13:26:00,256,2,1249
89830,2016-11-24,13:30:00,202,3,8248
89831,2016-11-24,13:49:00,228,2,9946
89832,2016-11-24,14:00:00,213,2,4084
89833,2016-11-24,14:06:00,233,2,3316
89834,2016-11-24,14:15:00,40,1,8603
89835,2016-11-24,14:15:00,265,1,11244
89836,2016-11-24,14:16:00,365,1,3991
89837,2016-11-24,14:17:00,192,2,7224
89838,2016-11-24,14:20:00,224,2,5113
89839,2016-11-24,14:22:00,69,2,1183
89840,2016-11-24,14:24:00,59,3,2994
89841,2016-11-24,14:25:00,277,1,8658
89842,2016-11-24,14:30:00,91,1,1960
89843,2016-11-24,14:38:00,253,2,10369
89844,2016-11-24,14:42:00,172,4,4825
89845,2016-11-24,14:47:00,155,2,1809
89846,2016-11-24,14:50:00,4,3,10945
89847,2016-11-24,14:52:00,273,1,7729
89848,2016-11-24,14:53:00,446,2,7290
89849,2016-11-24,15:00:00,17,2,9330
89850,2016-11-24,15:05:00,307,1,5163
89851,2016-11-24,15:09:00,37,2,5730
89852,2016-11-24,15:10:00,72,2,10208
89853,2016-11-24,15:20:00,21,1,316
89854,2016-11-24,15:23:00,91,2,602
89855,2016-11-24,15:25:00,391,2,5183
89856,2016-11-24,15:26:00,299,2,5649
89857,2016-11-24,15:28:00,16,3,4089
89858,2016-11-24,15:33:00,191,1,10714
89859,2016-11-24,15:34:00,37,1,6991
89860,2016-11-24,15:50:00,155,1,8097
89861,2016-11-24,15:53:00,345,2,2659
89862,2016-11-24,15:54:00,342,2,765
89863,2016-11-24,15:57:00,112,2,7452
89864,2016-11-24,16:02:00,200,2,7001
89865,2016-11-24,16:04:00,357,1,179
89866,2016-11-24,16:10:00,164,2,7711
89867,2016-11-24,16:25:00,280,1,4266
89868,2016-11-24,16:31:00,229,1,4156
89869,2016-11-24,16:39:00,52,2,3491
89870,2016-11-24,16:43:00,324,2,3691
89871,2016-11-24,16:47:00,350,2,11164
89872,2016-11-24,16:53:00,184,1,7886
89873,2016-11-24,16:54:00,455,3,8071
89874,2016-11-24,16:57:00,264,1,2316
89875,2016-11-24,16:59:00,48,2,11914
89876,2016-11-24,17:02:00,28,1,4806
89877,2016-11-24,17:02:00,138,1,1915
89878,2016-11-24,17:06:00,147,1,4861
89879,2016-11-24,17:09:00,447,2,10985
89880,2016-11-24,17:11:00,75,1,11917
89881,2016-11-24,17:12:00,189,3,11000
89882,2016-11-24,17:18:00,409,2,7120
89883,2016-11-24,17:19:00,392,1,159
89884,2016-11-24,17:23:00,411,1,941
89885,2016-11-24,17:27:00,207,2,10576
89886,2016-11-24,17:27:00,366,2,7342
89887,2016-11-24,17:34:00,226,1,2763
89888,2016-11-24,17:36:00,236,2,7398
89889,2016-11-24,17:39:00,431,3,11750
89890,2016-11-24,17:40:00,103,3,4273
89891,2016-11-24,17:41:00,232,2,11821
89892,2016-11-24,17:43:00,412,3,663
89893,2016-11-24,17:44:00,312,1,7318
89894,2016-11-24,17:46:00,391,2,1744
89895,2016-11-24,17:48:00,448,1,9191
89896,2016-11-24,17:53:00,268,1,2197
89897,2016-11-24,17:53:00,442,1,5664
89898,2016-11-24,17:54:00,233,2,4223
89899,2016-11-24,17:55:00,413,1,5038
89900,2016-11-24,17:58:00,234,3,680
89901,2016-11-24,18:05:00,353,1,6533
89902,2016-11-24,18:09:00,379,1,9752
89903,2016-11-24,18:12:00,45,2,8320
89904,2016-11-24,18:15:00,121,2,6243
89905,2016-11-24,18:16:00,408,3,3357
89906,2016-11-24,18:24:00,61,1,11981
89907,2016-11-24,18:25:00,199,2,3452
89908,2016-11-24,18:32:00,303,2,8883
89909,2016-11-24,18:32:00,234,4,1975
89910,2016-11-24,18:33:00,351,2,1130
89911,2016-11-24,18:35:00,349,3,10688
89912,2016-11-24,18:41:00,289,2,6723
89913,2016-11-24,18:43:00,32,2,6181
89914,2016-11-24,18:47:00,227,1,1342
89915,2016-11-24,18:48:00,370,4,9906
89916,2016-11-24,18:58:00,99,1,2480
89917,2016-11-24,19:11:00,130,1,2972
89918,2016-11-24,19:17:00,321,1,386
89919,2016-11-24,19:19:00,341,2,565
89920,2016-11-24,19:38:00,187,3,6646
89921,2016-11-24,19:38:00,71,1,8473
89922,2016-11-24,19:44:00,434,2,7111
89923,2016-11-24,19:45:00,441,2,10297
89924,2016-11-24,19:52:00,286,1,3880
89925,2016-11-24,19:57:00,259,3,9152
89926,2016-11-24,20:00:00,177,2,5295
89927,2016-11-24,20:03:00,34,1,3111
89928,2016-11-24,20:07:00,390,2,6087
89929,2016-11-24,20:13:00,23,1,2706
89930,2016-11-24,20:17:00,118,1,8808
89931,2016-11-24,20:18:00,284,2,966
89932,2016-11-24,20:18:00,255,2,11492
89933,2016-11-24,20:21:00,430,1,9538
89934,2016-11-24,20:21:00,447,2,7002
89935,2016-11-24,20:34:00,196,1,4539
89936,2016-11-24,20:37:00,208,1,4278
89937,2016-11-24,20:38:00,329,4,3965
89938,2016-11-24,20:41:00,123,1,10131
89939,2016-11-24,20:45:00,373,2,9519
89940,2016-11-24,20:47:00,158,3,7939
89941,2016-11-24,20:53:00,428,2,3419
89942,2016-11-24,20:57:00,286,2,11312
89943,2016-11-24,21:02:00,299,2,3108
89944,2016-11-24,21:03:00,205,1,1514
89945,2016-11-24,21:19:00,183,1,7250
89946,2016-11-24,21:23:00,280,1,1409
89947,2016-11-24,21:30:00,25,2,9444
89948,2016-11-24,21:32:00,163,2,6193
89949,2016-11-24,21:46:00,354,1,2735
89950,2016-11-24,21:48:00,331,2,3802
89951,2016-11-24,22:01:00,390,1,7071
89952,2016-11-24,22:12:00,119,1,6308
89953,2016-11-24,22:21:00,183,1,7118
89954,2016-11-24,22:26:00,220,1,5355
89955,2016-11-24,22:29:00,276,1,8068
89956,2016-11-24,22:36:00,102,2,10186
89957,2016-11-24,22:36:00,97,2,9377
89958,2016-11-24,22:36:00,264,3,2654
89959,2016-11-24,22:43:00,220,3,1188
89960,2016-11-24,22:48:00,95,3,2469
89961,2016-11-24,22:51:00,213,2,10205
89962,2016-11-24,22:57:00,259,3,4027
89963,2016-11-24,23:00:00,386,2,7160
89964,2016-11-24,23:02:00,168,3,1138
89965,2016-11-24,23:05:00,370,3,9128
89966,2016-11-24,23:07:00,287,2,4555
89967,2016-11-24,23:12:00,116,2,10614
89968,2016-11-24,23:12:00,372,3,6438
89969,2016-11-24,23:27:00,359,1,8171
89970,2016-11-24,23:29:00,245,1,3439
89971,2016-11-24,23:30:00,72,1,7718
89972,2016-11-24,23:49:00,218,1,1479
89973,2016-11-25,00:08:00,49,4,9225
89974,2016-11-25,00:09:00,64,2,4701
89975,2016-11-25,00:26:00,211,1,11150
89976,2016-11-25,00:27:00,29,1,4397
89977,2016-11-25,00:34:00,207,1,471
89978,2016-11-25,00:36:00,81,3,1425
89979,2016-11-25,00:36:00,291,1,4444
89980,2016-11-25,00:38:00,164,4,454
89981,2016-11-25,00:41:00,111,1,4976
89982,2016-11-25,00:42:00,418,2,1909
89983,2016-11-25,00:42:00,120,3,9941
89984,2016-11-25,00:42:00,382,2,8888
89985,2016-11-25,00:43:00,19,5,2447
89986,2016-11-25,00:43:00,227,2,5776
89987,2016-11-25,00:43:00,109,1,7783
89988,2016-11-25,00:45:00,190,1,2526
89989,2016-11-25,00:46:00,30,1,5579
89990,2016-11-25,01:01:00,273,1,9487
89991,2016-11-25,01:21:00,119,1,11908
89992,2016-11-25,01:23:00,271,1,227
89993,2016-11-25,01:37:00,143,2,2344
89994,2016-11-25,01:54:00,137,1,6614
89995,2016-11-25,01:58:00,234,1,4375
89996,2016-11-25,02:03:00,273,1,3365
89997,2016-11-25,02:05:00,426,2,2552
89998,2016-11-25,02:13:00,155,2,8616
89999,2016-11-25,02:15:00,98,1,9568
90000,2016-11-25,02:18:00,397,4,7026
90001,2016-11-25,02:23:00,65,1,5596
90002,2016-11-25,02:32:00,303,1,5536
90003,2016-11-25,02:37:00,94,1,6984
90004,2016-11-25,02:55:00,220,2,2895
90005,2016-11-25,02:56:00,113,1,6578
90006,2016-11-25,03:09:00,119,1,8531
90007,2016-11-25,03:21:00,4,2,4831
90008,2016-11-25,03:24:00,45,2,11561
90009,2016-11-25,03:27:00,76,2,7519
90010,2016-11-25,03:27:00,367,2,2576
90011,2016-11-25,03:29:00,293,2,552
90012,2016-11-25,03:30:00,58,1,1079
90013,2016-11-25,03:42:00,445,2,3720
90014,2016-11-25,03:52:00,177,1,2246
90015,2016-11-25,04:03:00,449,2,2480
90016,2016-11-25,04:13:00,334,2,5934
90017,2016-11-25,04:31:00,92,2,5832
90018,2016-11-25,04:48:00,285,1,10386
90019,2016-11-25,05:03:00,199,2,9467
90020,2016-11-25,05:16:00,43,1,6674
90021,2016-11-25,05:18:00,248,2,4481
90022,2016-11-25,05:25:00,167,2,450
90023,2016-11-25,05:38:00,310,1,3693
90024,2016-11-25,05:38:00,22,1,9512
90025,2016-11-25,05:39:00,300,2,5911
90026,2016-11-25,05:40:00,268,1,7056
90027,2016-11-25,05:41:00,189,3,5777
90028,2016-11-25,05:45:00,299,1,3763
90029,2016-11-25,05:49:00,457,1,9773
90030,2016-11-25,05:53:00,385,5,7687
90031,2016-11-25,05:59:00,124,1,10558
90032,2016-11-25,06:02:00,38,1,3461
90033,2016-11-25,06:06:00,20,3,8532
90034,2016-11-25,06:09:00,153,2,9308
90035,2016-11-25,06:10:00,223,2,3611
90036,2016-11-25,06:18:00,135,1,10006
90037,2016-11-25,06:21:00,226,3,2573
90038,2016-11-25,06:25:00,260,2,2913
90039,2016-11-25,06:25:00,452,2,5771
90040,2016-11-25,06:26:00,16,1,7554
90041,2016-11-25,06:40:00,354,1,11117
90042,2016-11-25,06:41:00,137,2,4996
90043,2016-11-25,06:44:00,40,1,8638
90044,2016-11-25,06:47:00,217,1,9162
90045,2016-11-25,07:01:00,34,2,6231
90046,2016-11-25,07:12:00,262,1,9359
90047,2016-11-25,07:14:00,227,4,7269
90048,2016-11-25,07:36:00,373,2,5366
90049,2016-11-25,07:47:00,225,4,7255
90050,2016-11-25,07:50:00,151,3,3783
90051,2016-11-25,07:51:00,298,2,1345
90052,2016-11-25,07:53:00,198,1,3177
90053,2016-11-25,07:59:00,159,2,1557
90054,2016-11-25,08:06:00,185,1,5879
90055,2016-11-25,08:13:00,388,3,2508
90056,2016-11-25,08:22:00,207,1,5664
90057,2016-11-25,08:33:00,94,2,3559
90058,2016-11-25,08:40:00,266,1,7976
90059,2016-11-25,08:53:00,50,2,10376
90060,2016-11-25,08:55:00,349,2,3867
90061,2016-11-25,08:56:00,235,1,8482
90062,2016-11-25,09:00:00,56,3,11216
90063,2016-11-25,09:01:00,72,2,3079
90064,2016-11-25,09:14:00,1,4,8035
90065,2016-11-25,09:22:00,194,4,6812
90066,2016-11-25,09:28:00,322,2,5459
90067,2016-11-25,09:30:00,276,2,4186
90068,2016-11-25,09:38:00,199,2,9722
90069,2016-11-25,09:43:00,396,1,5089
90070,2016-11-25,09:44:00,148,1,2992
90071,2016-11-25,09:45:00,419,4,11551
90072,2016-11-25,09:47:00,383,2,4358
90073,2016-11-25,09:48:00,279,1,1004
90074,2016-11-25,09:52:00,294,2,10018
90075,2016-11-25,09:53:00,342,2,9091
90076,2016-11-25,09:56:00,338,5,10736
90077,2016-11-25,10:06:00,8,1,2404
90078,2016-11-25,10:19:00,99,4,9875
90079,2016-11-25,10:31:00,381,3,3402
90080,2016-11-25,10:35:00,153,2,7272
90081,2016-11-25,10:41:00,413,2,3507
90082,2016-11-25,10:46:00,225,3,3969
90083,2016-11-25,10:50:00,397,1,1037
90084,2016-11-25,10:51:00,350,4,7729
90085,2016-11-25,11:05:00,92,1,2621
90086,2016-11-25,11:05:00,457,3,6186
90087,2016-11-25,11:11:00,196,1,3386
90088,2016-11-25,11:13:00,278,2,3691
90089,2016-11-25,11:22:00,369,2,2022
90090,2016-11-25,11:30:00,303,3,6636
90091,2016-11-25,11:31:00,64,3,6132
90092,2016-11-25,11:53:00,59,1,3970
90093,2016-11-25,11:55:00,32,2,7204
90094,2016-11-25,11:56:00,28,1,11275
90095,2016-11-25,11:58:00,407,2,4068
90096,2016-11-25,12:04:00,100,1,8244
90097,2016-11-25,12:17:00,354,4,4244
90098,2016-11-25,12:18:00,101,3,8398
90099,2016-11-25,12:20:00,390,4,4164
90100,2016-11-25,12:22:00,251,2,3406
90101,2016-11-25,12:22:00,136,3,6101
90102,2016-11-25,12:36:00,147,1,6728
90103,2016-11-25,12:41:00,244,3,2802
90104,2016-11-25,12:42:00,327,2,929
90105,2016-11-25,12:47:00,203,2,8680
90106,2016-11-25,13:00:00,181,1,4968
90107,2016-11-25,13:02:00,344,3,11648
90108,2016-11-25,13:17:00,382,1,4544
90109,2016-11-25,13:23:00,68,5,712
90110,2016-11-25,13:24:00,266,3,3935
90111,2016-11-25,13:24:00,178,2,4139
90112,2016-11-25,13:44:00,358,3,113
90113,2016-11-25,13:56:00,340,1,1668
90114,2016-11-25,14:06:00,269,1,9742
90115,2016-11-25,14:08:00,52,4,9949
90116,2016-11-25,14:08:00,328,1,6825
90117,2016-11-25,14:16:00,92,2,4340
90118,2016-11-25,14:20:00,260,4,9166
90119,2016-11-25,14:24:00,384,2,9125
90120,2016-11-25,14:25:00,436,4,9448
90121,2016-11-25,14:28:00,193,1,7923
90122,2016-11-25,14:36:00,192,4,11426
90123,2016-11-25,14:37:00,21,3,6527
90124,2016-11-25,14:38:00,424,3,2979
90125,2016-11-25,14:43:00,204,1,4498
90126,2016-11-25,14:50:00,263,4,9929
90127,2016-11-25,14:54:00,367,4,11781
90128,2016-11-25,15:04:00,344,3,8059
90129,2016-11-25,15:10:00,420,2,3860
90130,2016-11-25,15:12:00,207,1,4605
90131,2016-11-25,15:16:00,349,4,1722
90132,2016-11-25,15:30:00,457,4,3017
90133,2016-11-25,15:44:00,284,1,11118
90134,2016-11-25,15:44:00,106,1,4882
90135,2016-11-25,15:51:00,44,2,3782
90136,2016-11-25,15:57:00,62,2,11868
90137,2016-11-25,16:00:00,220,2,328
90138,2016-11-25,16:15:00,317,2,2548
90139,2016-11-25,16:26:00,133,3,8739
90140,2016-11-25,16:29:00,217,1,8161
90141,2016-11-25,16:30:00,415,3,5295
90142,2016-11-25,16:35:00,426,2,10374
90143,2016-11-25,16:37:00,4,3,1623
90144,2016-11-25,16:37:00,211,2,6591
90145,2016-11-25,16:42:00,185,2,11373
90146,2016-11-25,16:43:00,145,1,4508
90147,2016-11-25,16:51:00,86,2,6039
90148,2016-11-25,16:55:00,172,2,11618
90149,2016-11-25,16:57:00,29,1,11004
90150,2016-11-25,17:09:00,439,2,6381
90151,2016-11-25,17:12:00,242,1,5509
90152,2016-11-25,17:19:00,402,1,5565
90153,2016-11-25,17:19:00,155,4,1330
90154,2016-11-25,17:24:00,372,1,3663
90155,2016-11-25,17:24:00,17,4,2345
90156,2016-11-25,17:35:00,385,4,6149
90157,2016-11-25,17:41:00,399,1,203
90158,2016-11-25,17:42:00,236,3,11635
90159,2016-11-25,17:54:00,453,1,2787
90160,2016-11-25,17:56:00,86,3,2669
90161,2016-11-25,18:01:00,169,1,760
90162,2016-11-25,18:02:00,201,1,10918
90163,2016-11-25,18:08:00,168,2,9105
90164,2016-11-25,18:12:00,350,1,8651
90165,2016-11-25,18:12:00,359,2,5633
90166,2016-11-25,18:23:00,453,4,4424
90167,2016-11-25,18:35:00,71,1,4639
90168,2016-11-25,18:47:00,194,3,4726
90169,2016-11-25,19:00:00,384,4,6160
90170,2016-11-25,19:04:00,137,2,10875
90171,2016-11-25,19:09:00,141,1,9435
90172,2016-11-25,19:16:00,345,1,1097
90173,2016-11-25,19:17:00,156,2,11618
90174,2016-11-25,19:19:00,234,1,6964
90175,2016-11-25,19:26:00,455,1,10593
90176,2016-11-25,19:27:00,193,1,7277
90177,2016-11-25,20:04:00,80,3,10979
90178,2016-11-25,20:12:00,249,2,6615
90179,2016-11-25,20:19:00,70,4,9413
90180,2016-11-25,20:19:00,159,1,1970
90181,2016-11-25,20:23:00,157,1,5735
90182,2016-11-25,20:27:00,321,2,5875
90183,2016-11-25,20:31:00,62,1,973
90184,2016-11-25,20:34:00,176,1,7621
90185,2016-11-25,20:44:00,368,1,2266
90186,2016-11-25,20:44:00,113,2,11925
90187,2016-11-25,20:47:00,104,1,3705
90188,2016-11-25,20:49:00,195,3,344
90189,2016-11-25,20:50:00,135,3,3803
90190,2016-11-25,20:50:00,91,3,2613
90191,2016-11-25,21:05:00,431,2,6071
90192,2016-11-25,21:18:00,303,3,10403
90193,2016-11-25,21:22:00,364,1,4339
90194,2016-11-25,21:25:00,100,1,9795
90195,2016-11-25,21:34:00,233,3,10135
90196,2016-11-25,21:34:00,391,3,8900
90197,2016-11-25,21:36:00,369,2,5993
90198,2016-11-25,21:37:00,145,2,3078
90199,2016-11-25,21:37:00,290,3,5625
90200,2016-11-25,21:38:00,299,2,11277
90201,2016-11-25,21:44:00,408,2,1682
90202,2016-11-25,21:46:00,391,1,6224
90203,2016-11-25,21:48:00,417,2,3878
90204,2016-11-25,21:49:00,428,2,4052
90205,2016-11-25,21:49:00,377,2,11668
90206,2016-11-25,22:07:00,123,1,6490
90207,2016-11-25,22:18:00,66,3,1480
90208,2016-11-25,22:24:00,445,1,9013
90209,2016-11-25,22:31:00,108,3,8504
90210,2016-11-25,22:39:00,80,2,10051
90211,2016-11-25,22:40:00,424,1,10134
90212,2016-11-25,22:41:00,403,2,11594
90213,2016-11-25,23:02:00,85,1,10284
90214,2016-11-25,23:12:00,453,3,8944
90215,2016-11-25,23:16:00,418,2,6027
90216,2016-11-25,23:23:00,309,1,2374
90217,2016-11-25,23:35:00,444,1,8084
90218,2016-11-25,23:38:00,188,1,1281
90219,2016-11-25,23:46:00,457,2,7636
90220,2016-11-25,23:47:00,406,2,5088
90221,2016-11-25,23:48:00,115,2,754
90222,2016-11-25,23:49:00,262,2,7872
90223,2016-11-25,23:54:00,260,3,2708
90224,2016-11-26,00:00:00,393,2,72
90225,2016-11-26,00:00:00,270,1,253
90226,2016-11-26,00:09:00,385,2,5227
90227,2016-11-26,00:13:00,55,3,10449
90228,2016-11-26,00:14:00,169,1,11574
90229,2016-11-26,00:18:00,402,2,10614
90230,2016-11-26,00:24:00,247,2,5873
90231,2016-11-26,00:25:00,206,1,975
90232,2016-11-26,00:29:00,355,2,819
90233,2016-11-26,00:30:00,316,1,1692
90234,2016-11-26,00:31:00,158,1,163
90235,2016-11-26,00:36:00,207,1,6772
90236,2016-11-26,00:41:00,9,1,2390
90237,2016-11-26,00:45:00,321,3,7690
90238,2016-11-26,00:48:00,214,2,5459
90239,2016-11-26,01:11:00,34,2,5358
90240,2016-11-26,01:14:00,80,3,5222
90241,2016-11-26,01:16:00,50,1,7528
90242,2016-11-26,01:21:00,306,2,7059
90243,2016-11-26,01:28:00,226,3,8588
90244,2016-11-26,01:31:00,153,3,368
90245,2016-11-26,01:33:00,71,1,9456
90246,2016-11-26,01:34:00,283,3,9309
90247,2016-11-26,01:34:00,59,1,5501
90248,2016-11-26,01:40:00,334,1,11214
90249,2016-11-26,01:47:00,457,2,11217
90250,2016-11-26,01:52:00,197,2,9316
90251,2016-11-26,01:52:00,225,1,3090
90252,2016-11-26,02:00:00,75,1,10800
90253,2016-11-26,02:02:00,272,3,7757
90254,2016-11-26,02:06:00,80,1,2412
90255,2016-11-26,02:16:00,420,3,1623
90256,2016-11-26,02:34:00,292,4,5918
90257,2016-11-26,02:39:00,293,2,2160
90258,2016-11-26,02:46:00,246,2,9699
90259,2016-11-26,02:54:00,451,1,5061
90260,2016-11-26,02:55:00,300,2,4304
90261,2016-11-26,02:55:00,55,2,11987
90262,2016-11-26,03:00:00,378,1,11647
90263,2016-11-26,03:07:00,58,3,7540
90264,2016-11-26,03:10:00,60,4,2124
90265,2016-11-26,03:12:00,394,3,3180
90266,2016-11-26,03:37:00,114,2,8194
90267,2016-11-26,03:48:00,112,2,3477
90268,2016-11-26,03:55:00,157,4,604
90269,2016-11-26,03:58:00,264,1,7735
90270,2016-11-26,04:00:00,232,3,651
90271,2016-11-26,04:05:00,162,2,3889
90272,2016-11-26,04:11:00,190,1,4750
90273,2016-11-26,04:17:00,174,1,5771
90274,2016-11-26,04:26:00,191,1,8152
90275,2016-11-26,04:44:00,161,4,6006
90276,2016-11-26,04:46:00,291,4,6169
90277,2016-11-26,04:47:00,384,1,3984
90278,2016-11-26,04:49:00,270,2,7451
90279,2016-11-26,05:05:00,72,1,234
90280,2016-11-26,05:09:00,440,2,11398
90281,2016-11-26,05:14:00,335,1,2539
90282,2016-11-26,05:21:00,218,3,1130
90283,2016-11-26,05:23:00,429,1,11872
90284,2016-11-26,05:34:00,312,3,10885
90285,2016-11-26,05:36:00,81,4,5019
90286,2016-11-26,05:38:00,412,3,1331
90287,2016-11-26,05:42:00,53,2,9256
90288,2016-11-26,05:51:00,238,1,5949
90289,2016-11-26,05:54:00,182,3,2482
90290,2016-11-26,05:54:00,52,1,8917
90291,2016-11-26,06:14:00,44,1,10231
90292,2016-11-26,06:19:00,290,1,9001
90293,2016-11-26,06:21:00,317,1,11239
90294,2016-11-26,06:25:00,334,1,1128
90295,2016-11-26,06:28:00,281,1,9300
90296,2016-11-26,06:34:00,228,2,10437
90297,2016-11-26,06:35:00,170,2,10923
90298,2016-11-26,06:44:00,291,1,8845
90299,2016-11-26,06:44:00,423,3,5382
90300,2016-11-26,06:45:00,361,1,2978
90301,2016-11-26,06:54:00,370,3,8355
90302,2016-11-26,06:58:00,20,2,8714
90303,2016-11-26,07:00:00,166,2,9435
90304,2016-11-26,07:20:00,367,1,3564
90305,2016-11-26,07:24:00,196,4,1127
90306,2016-11-26,07:28:00,132,1,7143
90307,2016-11-26,07:29:00,250,3,4417
90308,2016-11-26,07:30:00,73,2,10901
90309,2016-11-26,07:36:00,451,2,369
90310,2016-11-26,07:40:00,234,1,2164
90311,2016-11-26,07:40:00,382,4,4450
90312,2016-11-26,07:40:00,232,1,2033
90313,2016-11-26,07:45:00,50,2,6903
90314,2016-11-26,07:46:00,226,2,11239
90315,2016-11-26,07:47:00,406,2,6190
90316,2016-11-26,07:51:00,147,1,5126
90317,2016-11-26,08:05:00,118,1,73
90318,2016-11-26,08:11:00,125,2,10929
90319,2016-11-26,08:16:00,84,5,10931
90320,2016-11-26,08:30:00,202,2,1895
90321,2016-11-26,08:33:00,197,2,10657
90322,2016-11-26,08:34:00,152,3,9932
90323,2016-11-26,08:36:00,195,1,9978
90324,2016-11-26,08:38:00,275,3,1460
90325,2016-11-26,08:41:00,298,3,10645
90326,2016-11-26,08:41:00,221,5,2165
90327,2016-11-26,08:47:00,189,5,4991
90328,2016-11-26,09:11:00,394,1,10924
90329,2016-11-26,09:12:00,86,2,10871
90330,2016-11-26,09:18:00,453,3,5275
90331,2016-11-26,09:19:00,319,2,5700
90332,2016-11-26,09:27:00,448,3,5416
90333,2016-11-26,09:27:00,357,3,6848
90334,2016-11-26,09:28:00,237,2,1236
90335,2016-11-26,09:43:00,307,1,2186
90336,2016-11-26,09:46:00,290,1,11717
90337,2016-11-26,09:58:00,315,3,6457
90338,2016-11-26,10:04:00,121,2,674
90339,2016-11-26,10:05:00,444,2,9141
90340,2016-11-26,10:06:00,112,1,5257
90341,2016-11-26,10:12:00,177,2,10341
90342,2016-11-26,10:13:00,260,3,7881
90343,2016-11-26,10:14:00,362,1,7661
90344,2016-11-26,10:17:00,95,1,3370
90345,2016-11-26,10:30:00,418,1,6930
90346,2016-11-26,10:36:00,54,2,7070
90347,2016-11-26,10:41:00,353,1,8392
90348,2016-11-26,10:44:00,360,1,11020
90349,2016-11-26,10:52:00,23,1,8018
90350,2016-11-26,10:58:00,344,3,3735
90351,2016-11-26,11:01:00,76,3,1566
90352,2016-11-26,11:03:00,257,2,2227
90353,2016-11-26,11:16:00,131,2,7663
90354,2016-11-26,11:29:00,385,2,712
90355,2016-11-26,11:31:00,103,2,5204
90356,2016-11-26,11:32:00,106,2,9327
90357,2016-11-26,11:36:00,110,2,4523
90358,2016-11-26,11:36:00,38,2,3814
90359,2016-11-26,11:45:00,418,1,2060
90360,2016-11-26,11:57:00,120,3,6463
90361,2016-11-26,12:03:00,63,2,3191
90362,2016-11-26,12:08:00,391,1,3273
90363,2016-11-26,12:23:00,153,3,10944
90364,2016-11-26,12:32:00,157,2,4186
90365,2016-11-26,12:36:00,140,1,4229
90366,2016-11-26,12:44:00,346,1,11202
90367,2016-11-26,12:45:00,259,1,8935
90368,2016-11-26,13:04:00,24,1,6931
90369,2016-11-26,13:10:00,321,2,8766
90370,2016-11-26,13:15:00,197,3,6440
90371,2016-11-26,13:31:00,444,1,9171
90372,2016-11-26,13:32:00,424,2,107
90373,2016-11-26,13:41:00,287,1,1991
90374,2016-11-26,14:08:00,437,3,4466
90375,2016-11-26,14:10:00,16,2,3763
90376,2016-11-26,14:10:00,222,2,5801
90377,2016-11-26,14:14:00,190,1,5463
90378,2016-11-26,14:17:00,204,2,4848
90379,2016-11-26,14:22:00,123,3,4068
90380,2016-11-26,14:26:00,303,1,4696
90381,2016-11-26,14:26:00,310,3,2407
90382,2016-11-26,14:31:00,391,6,9861
90383,2016-11-26,14:31:00,182,1,10042
90384,2016-11-26,14:37:00,273,2,9249
90385,2016-11-26,14:42:00,52,1,8088
90386,2016-11-26,14:45:00,421,5,11136
90387,2016-11-26,14:47:00,230,3,7590
90388,2016-11-26,15:04:00,244,1,11912
90389,2016-11-26,15:08:00,343,3,166
90390,2016-11-26,15:08:00,443,2,2525
90391,2016-11-26,15:19:00,433,3,11971
90392,2016-11-26,15:22:00,236,3,7927
90393,2016-11-26,15:33:00,119,1,145
90394,2016-11-26,15:36:00,261,1,9731
90395,2016-11-26,15:36:00,261,2,5233
90396,2016-11-26,15:40:00,97,1,11574
90397,2016-11-26,15:41:00,106,1,3386
90398,2016-11-26,15:45:00,313,2,8741
90399,2016-11-26,15:46:00,270,2,4433
90400,2016-11-26,15:46:00,443,1,7695
90401,2016-11-26,15:51:00,292,1,9987
90402,2016-11-26,15:54:00,214,2,802
90403,2016-11-26,16:07:00,402,1,2297
90404,2016-11-26,16:08:00,132,2,2279
90405,2016-11-26,16:09:00,416,1,5907
90406,2016-11-26,16:21:00,173,4,9535
90407,2016-11-26,16:23:00,289,2,11247
90408,2016-11-26,16:24:00,182,3,8219
90409,2016-11-26,16:28:00,349,4,9422
90410,2016-11-26,16:29:00,150,2,8434
90411,2016-11-26,16:31:00,415,2,7265
90412,2016-11-26,16:35:00,151,1,2745
90413,2016-11-26,16:46:00,139,1,1276
90414,2016-11-26,16:57:00,277,1,688
90415,2016-11-26,16:59:00,85,1,7608
90416,2016-11-26,17:02:00,453,1,449
90417,2016-11-26,17:05:00,283,4,1058
90418,2016-11-26,17:06:00,299,1,8029
90419,2016-11-26,17:08:00,183,1,1267
90420,2016-11-26,17:18:00,403,3,8601
90421,2016-11-26,17:21:00,181,1,4900
90422,2016-11-26,17:26:00,237,3,6010
90423,2016-11-26,17:27:00,331,1,6966
90424,2016-11-26,17:41:00,183,2,11323
90425,2016-11-26,17:42:00,45,1,8964
90426,2016-11-26,18:01:00,182,2,8395
90427,2016-11-26,18:02:00,145,3,10172
90428,2016-11-26,18:08:00,167,2,6260
90429,2016-11-26,18:16:00,121,4,6655
90430,2016-11-26,18:16:00,291,2,5292
90431,2016-11-26,18:25:00,361,2,4582
90432,2016-11-26,18:36:00,322,2,1416
90433,2016-11-26,18:36:00,109,1,4676
90434,2016-11-26,18:41:00,199,2,11108
90435,2016-11-26,18:47:00,262,2,8881
90436,2016-11-26,18:47:00,14,3,8109
90437,2016-11-26,18:48:00,343,3,9122
90438,2016-11-26,18:50:00,414,3,10821
90439,2016-11-26,18:50:00,243,1,2272
90440,2016-11-26,18:51:00,299,2,10260
90441,2016-11-26,18:53:00,202,2,10552
90442,2016-11-26,18:53:00,418,2,4789
90443,2016-11-26,18:57:00,431,1,890
90444,2016-11-26,18:58:00,405,1,9460
90445,2016-11-26,19:00:00,69,1,1034
90446,2016-11-26,19:00:00,41,1,11883
90447,2016-11-26,19:03:00,403,1,3792
90448,2016-11-26,19:07:00,47,1,8480
90449,2016-11-26,19:25:00,91,2,2825
90450,2016-11-26,19:25:00,124,3,7872
90451,2016-11-26,19:39:00,67,4,10964
90452,2016-11-26,19:44:00,340,1,10505
90453,2016-11-26,19:46:00,398,1,1116
90454,2016-11-26,19:47:00,81,2,14
90455,2016-11-26,19:50:00,155,1,9842
90456,2016-11-26,19:51:00,88,4,5118
90457,2016-11-26,19:54:00,250,2,8529
90458,2016-11-26,19:57:00,259,1,6995
90459,2016-11-26,20:07:00,61,1,6281
90460,2016-11-26,20:09:00,256,3,2620
90461,2016-11-26,20:10:00,162,1,4783
90462,2016-11-26,20:10:00,20,1,2460
90463,2016-11-26,20:25:00,184,1,1673
90464,2016-11-26,20:31:00,273,2,4972
90465,2016-11-26,20:32:00,246,1,4861
90466,2016-11-26,20:35:00,264,2,10557
90467,2016-11-26,20:41:00,199,4,6428
90468,2016-11-26,20:53:00,41,1,187
90469,2016-11-26,20:53:00,137,1,3145
90470,2016-11-26,20:56:00,330,1,5830
90471,2016-11-26,21:01:00,24,3,727
90472,2016-11-26,21:09:00,184,2,7932
90473,2016-11-26,21:13:00,104,3,5929
90474,2016-11-26,21:17:00,415,1,3265
90475,2016-11-26,21:20:00,207,2,8338
90476,2016-11-26,21:39:00,418,3,8748
90477,2016-11-26,21:39:00,422,1,10847
90478,2016-11-26,21:43:00,386,1,3456
90479,2016-11-26,21:47:00,184,4,6769
90480,2016-11-26,21:48:00,202,2,11830
90481,2016-11-26,21:52:00,21,2,7541
90482,2016-11-26,21:55:00,74,1,9423
90483,2016-11-26,21:55:00,79,1,9794
90484,2016-11-26,21:55:00,346,3,5464
90485,2016-11-26,21:58:00,214,1,4532
90486,2016-11-26,22:04:00,414,3,612
90487,2016-11-26,22:05:00,342,4,10740
90488,2016-11-26,22:06:00,374,2,2083
90489,2016-11-26,22:16:00,34,3,6944
90490,2016-11-26,22:21:00,9,1,2724
90491,2016-11-26,22:22:00,114,1,3976
90492,2016-11-26,22:27:00,46,1,3904
90493,2016-11-26,22:33:00,304,1,7589
90494,2016-11-26,22:38:00,438,2,1378
90495,2016-11-26,22:52:00,47,2,4487
90496,2016-11-26,23:25:00,381,2,7419
90497,2016-11-26,23:28:00,59,2,4523
90498,2016-11-26,23:39:00,200,2,1170
90499,2016-11-26,23:39:00,209,3,7201
90500,2016-11-26,23:40:00,395,3,8111
90501,2016-11-26,23:44:00,354,3,145
90502,2016-11-26,23:49:00,94,1,11836
90503,2016-11-26,23:55:00,374,3,6390
90504,2016-11-26,23:58:00,184,1,2110
90505,2016-11-26,23:59:00,155,2,8683
90506,2016-11-27,00:14:00,261,2,10595
90507,2016-11-27,00:28:00,245,2,3237
90508,2016-11-27,00:37:00,159,2,1457
90509,2016-11-27,00:42:00,401,2,4498
90510,2016-11-27,00:46:00,325,2,10224
90511,2016-11-27,00:48:00,394,1,5816
90512,2016-11-27,00:51:00,19,3,10538
90513,2016-11-27,00:53:00,207,2,10736
90514,2016-11-27,00:54:00,378,5,687
90515,2016-11-27,00:56:00,175,1,328
90516,2016-11-27,00:56:00,132,1,1651
90517,2016-11-27,00:59:00,345,2,8739
90518,2016-11-27,01:00:00,130,2,1091
90519,2016-11-27,01:07:00,366,1,6309
90520,2016-11-27,01:08:00,261,2,10930
90521,2016-11-27,01:12:00,350,1,5791
90522,2016-11-27,01:12:00,374,2,4350
90523,2016-11-27,01:22:00,55,2,5180
90524,2016-11-27,01:23:00,361,3,6945
90525,2016-11-27,01:28:00,23,3,3954
90526,2016-11-27,01:31:00,156,3,2815
90527,2016-11-27,01:36:00,31,1,955
90528,2016-11-27,01:40:00,55,2,7040
90529,2016-11-27,01:41:00,117,1,3395
90530,2016-11-27,01:44:00,230,3,6437
90531,2016-11-27,01:45:00,316,1,11943
90532,2016-11-27,01:47:00,343,1,2877
90533,2016-11-27,01:51:00,102,3,9866
90534,2016-11-27,01:57:00,333,1,1739
90535,2016-11-27,02:02:00,140,1,4167
90536,2016-11-27,02:12:00,345,2,5179
90537,2016-11-27,02:13:00,410,1,8086
90538,2016-11-27,02:15:00,305,4,4114
90539,2016-11-27,02:19:00,321,3,3983
90540,2016-11-27,02:27:00,2,2,4510
90541,2016-11-27,02:28:00,225,4,6974
90542,2016-11-27,02:31:00,236,2,3694
90543,2016-11-27,02:37:00,131,1,4674
90544,2016-11-27,02:55:00,157,1,10401
90545,2016-11-27,03:03:00,66,1,10308
90546,2016-11-27,03:03:00,268,4,902
90547,2016-11-27,03:04:00,329,1,7912
90548,2016-11-27,03:09:00,104,5,4790
90549,2016-11-27,03:35:00,27,4,1429
90550,2016-11-27,03:55:00,86,1,9627
90551,2016-11-27,03:56:00,371,1,2913
90552,2016-11-27,04:05:00,20,5,6214
90553,2016-11-27,04:10:00,302,2,5531
90554,2016-11-27,04:15:00,306,3,11965
90555,2016-11-27,04:20:00,315,3,3294
90556,2016-11-27,04:22:00,351,4,1805
90557,2016-11-27,04:23:00,378,3,1874
90558,2016-11-27,04:35:00,128,3,699
90559,2016-11-27,04:37:00,256,3,8030
90560,2016-11-27,04:37:00,409,7,3188
90561,2016-11-27,04:39:00,144,2,2898
90562,2016-11-27,04:41:00,137,1,3097
90563,2016-11-27,04:45:00,15,2,11236
90564,2016-11-27,04:56:00,116,2,999
90565,2016-11-27,05:05:00,138,2,2777
90566,2016-11-27,05:10:00,223,1,10056
90567,2016-11-27,05:11:00,7,2,3383
90568,2016-11-27,05:14:00,360,4,470
90569,2016-11-27,05:39:00,84,1,155
90570,2016-11-27,05:45:00,330,3,7322
90571,2016-11-27,05:52:00,228,1,7950
90572,2016-11-27,05:57:00,266,2,9558
90573,2016-11-27,05:57:00,160,2,10429
90574,2016-11-27,06:03:00,271,2,8335
90575,2016-11-27,06:06:00,434,2,11789
90576,2016-11-27,06:10:00,173,1,11555
90577,2016-11-27,06:11:00,151,5,7901
90578,2016-11-27,06:33:00,57,4,2013
90579,2016-11-27,06:33:00,14,2,933
90580,2016-11-27,06:38:00,285,2,9501
90581,2016-11-27,06:44:00,45,1,7353
90582,2016-11-27,06:49:00,425,3,1167
90583,2016-11-27,06:52:00,59,3,10478
90584,2016-11-27,06:53:00,150,2,1939
90585,2016-11-27,06:56:00,426,2,6066
90586,2016-11-27,07:05:00,139,2,2351
90587,2016-11-27,07:07:00,67,1,2050
90588,2016-11-27,07:18:00,281,1,734
90589,2016-11-27,07:24:00,393,2,8846
90590,2016-11-27,07:37:00,364,5,8333
90591,2016-11-27,07:41:00,334,1,9074
90592,2016-11-27,07:42:00,227,1,5274
90593,2016-11-27,07:44:00,22,2,11483
90594,2016-11-27,07:52:00,219,1,5288
90595,2016-11-27,07:53:00,233,2,4206
90596,2016-11-27,07:53:00,260,1,9922
90597,2016-11-27,07:56:00,409,2,2679
90598,2016-11-27,08:01:00,375,3,5538
90599,2016-11-27,08:10:00,280,1,10258
90600,2016-11-27,08:34:00,392,2,9685
90601,2016-11-27,08:35:00,70,2,11833
90602,2016-11-27,08:37:00,372,2,5250
90603,2016-11-27,08:41:00,202,4,6815
90604,2016-11-27,08:56:00,330,1,9170
90605,2016-11-27,08:56:00,449,2,6232
90606,2016-11-27,08:57:00,177,3,7630
90607,2016-11-27,09:00:00,3,1,6080
90608,2016-11-27,09:02:00,196,3,2708
90609,2016-11-27,09:04:00,342,1,7779
90610,2016-11-27,09:14:00,321,2,8081
90611,2016-11-27,09:19:00,30,2,4958
90612,2016-11-27,09:20:00,403,3,11665
90613,2016-11-27,09:48:00,3,2,757
90614,2016-11-27,09:52:00,372,4,6197
90615,2016-11-27,09:53:00,172,1,2843
90616,2016-11-27,10:06:00,123,3,10645
90617,2016-11-27,10:09:00,376,6,10755
90618,2016-11-27,10:15:00,72,2,4451
90619,2016-11-27,10:15:00,400,1,3369
90620,2016-11-27,10:18:00,334,2,5332
90621,2016-11-27,10:20:00,398,2,11145
90622,2016-11-27,10:22:00,316,3,8927
90623,2016-11-27,10:39:00,399,2,6528
90624,2016-11-27,10:39:00,158,2,10056
90625,2016-11-27,10:58:00,316,2,1927
90626,2016-11-27,10:59:00,318,2,10914
90627,2016-11-27,11:01:00,263,2,7699
90628,2016-11-27,11:02:00,290,1,11101
90629,2016-11-27,11:08:00,265,2,8212
90630,2016-11-27,11:18:00,142,1,7071
90631,2016-11-27,11:38:00,405,2,6887
90632,2016-11-27,11:39:00,424,3,987
90633,2016-11-27,11:56:00,318,2,8744
90634,2016-11-27,11:57:00,79,3,11870
90635,2016-11-27,12:03:00,161,1,11675
90636,2016-11-27,12:07:00,361,1,800
90637,2016-11-27,12:15:00,97,1,1633
90638,2016-11-27,12:20:00,441,1,11898
90639,2016-11-27,12:20:00,370,1,3303
90640,2016-11-27,12:28:00,181,1,11916
90641,2016-11-27,12:33:00,45,1,9519
90642,2016-11-27,12:41:00,101,2,7586
90643,2016-11-27,12:57:00,34,1,10126
90644,2016-11-27,12:58:00,53,2,4696
90645,2016-11-27,12:59:00,167,1,72
90646,2016-11-27,13:00:00,30,3,4229
90647,2016-11-27,13:07:00,321,2,1440
90648,2016-11-27,13:08:00,242,1,2034
90649,2016-11-27,13:12:00,208,1,5481
90650,2016-11-27,13:13:00,52,3,1097
90651,2016-11-27,13:16:00,13,2,7689
90652,2016-11-27,13:19:00,39,2,10225
90653,2016-11-27,13:25:00,106,1,5000
90654,2016-11-27,13:26:00,11,2,6671
90655,2016-11-27,13:26:00,140,2,8552
90656,2016-11-27,13:26:00,396,2,11513
90657,2016-11-27,13:34:00,119,1,3212
90658,2016-11-27,13:37:00,155,2,1296
90659,2016-11-27,13:46:00,202,1,6332
90660,2016-11-27,13:52:00,112,3,4021
90661,2016-11-27,13:52:00,158,1,9461
90662,2016-11-27,13:58:00,133,1,7877
90663,2016-11-27,14:02:00,18,1,5273
90664,2016-11-27,14:04:00,262,3,5662
90665,2016-11-27,14:08:00,326,1,39
90666,2016-11-27,14:19:00,295,2,10457
90667,2016-11-27,14:21:00,325,1,2894
90668,2016-11-27,14:24:00,454,1,912
90669,2016-11-27,14:24:00,446,2,506
90670,2016-11-27,14:26:00,385,2,11403
90671,2016-11-27,14:39:00,19,1,8195
90672,2016-11-27,14:41:00,80,2,1961
90673,2016-11-27,14:52:00,145,1,1078
90674,2016-11-27,14:56:00,248,2,8954
90675,2016-11-27,15:05:00,83,1,8320
90676,2016-11-27,15:17:00,417,2,9030
90677,2016-11-27,15:18:00,323,1,7501
90678,2016-11-27,15:20:00,190,5,1072
90679,2016-11-27,15:22:00,190,2,5369
90680,2016-11-27,15:35:00,39,3,2796
90681,2016-11-27,15:53:00,433,1,6399
90682,2016-11-27,15:54:00,142,2,10841
90683,2016-11-27,15:57:00,413,3,1623
90684,2016-11-27,16:06:00,316,3,2319
90685,2016-11-27,16:13:00,210,2,11633
90686,2016-11-27,16:14:00,452,2,943
90687,2016-11-27,16:17:00,334,3,10654
90688,2016-11-27,16:23:00,153,2,5121
90689,2016-11-27,16:23:00,450,4,2996
90690,2016-11-27,16:28:00,395,2,11949
90691,2016-11-27,16:32:00,185,2,9670
90692,2016-11-27,16:39:00,217,3,3994
90693,2016-11-27,16:46:00,373,2,3587
90694,2016-11-27,16:48:00,456,2,11774
90695,2016-11-27,16:50:00,426,1,2558
90696,2016-11-27,17:03:00,212,2,4529
90697,2016-11-27,17:08:00,245,2,6376
90698,2016-11-27,17:15:00,27,2,390
90699,2016-11-27,17:19:00,195,1,2548
90700,2016-11-27,17:25:00,54,1,8824
90701,2016-11-27,17:26:00,176,5,1537
90702,2016-11-27,17:28:00,166,3,6847
90703,2016-11-27,17:40:00,47,1,3603
90704,2016-11-27,17:42:00,131,2,207
90705,2016-11-27,17:54:00,299,1,7437
90706,2016-11-27,17:58:00,181,2,11458
90707,2016-11-27,17:59:00,385,1,4033
90708,2016-11-27,18:08:00,96,2,3090
90709,2016-11-27,18:09:00,89,3,7410
90710,2016-11-27,18:12:00,50,2,3135
90711,2016-11-27,18:16:00,253,3,9206
90712,2016-11-27,18:21:00,19,1,1443
90713,2016-11-27,18:21:00,177,2,2601
90714,2016-11-27,18:21:00,93,2,3262
90715,2016-11-27,18:26:00,67,2,11425
90716,2016-11-27,18:39:00,250,1,1006
90717,2016-11-27,18:43:00,204,2,11710
90718,2016-11-27,18:57:00,313,3,10162
90719,2016-11-27,18:58:00,344,2,2469
90720,2016-11-27,18:59:00,38,2,10199
90721,2016-11-27,19:12:00,113,3,9312
90722,2016-11-27,19:19:00,153,4,1048
90723,2016-11-27,19:23:00,20,1,3743
90724,2016-11-27,19:27:00,449,3,11414
90725,2016-11-27,19:29:00,355,2,8508
90726,2016-11-27,20:04:00,308,1,5544
90727,2016-11-27,20:11:00,201,2,11267
90728,2016-11-27,20:15:00,421,1,7853
90729,2016-11-27,20:15:00,226,4,6042
90730,2016-11-27,20:17:00,270,3,3558
90731,2016-11-27,20:18:00,96,1,2162
90732,2016-11-27,20:22:00,38,2,6866
90733,2016-11-27,20:30:00,194,2,10857
90734,2016-11-27,20:34:00,366,1,172
90735,2016-11-27,20:35:00,335,3,10866
90736,2016-11-27,20:35:00,350,2,4921
90737,2016-11-27,20:37:00,146,1,4890
90738,2016-11-27,20:37:00,308,3,10175
90739,2016-11-27,20:39:00,309,1,3128
90740,2016-11-27,20:45:00,252,1,1587
90741,2016-11-27,20:48:00,379,3,7568
90742,2016-11-27,20:57:00,314,2,9201
90743,2016-11-27,21:03:00,230,1,5900
90744,2016-11-27,21:18:00,211,3,368
90745,2016-11-27,21:26:00,153,2,5076
90746,2016-11-27,21:31:00,102,1,3576
90747,2016-11-27,21:54:00,220,2,6359
90748,2016-11-27,21:59:00,34,2,370
90749,2016-11-27,22:02:00,300,2,5898
90750,2016-11-27,22:08:00,332,4,6885
90751,2016-11-27,22:08:00,56,2,5245
90752,2016-11-27,22:13:00,164,2,7650
90753,2016-11-27,22:19:00,384,4,10379
90754,2016-11-27,22:19:00,205,2,568
90755,2016-11-27,22:22:00,443,2,4358
90756,2016-11-27,22:28:00,127,1,1554
90757,2016-11-27,22:40:00,170,1,9955
90758,2016-11-27,22:44:00,404,1,11815
90759,2016-11-27,22:52:00,421,3,8331
90760,2016-11-27,23:02:00,454,2,7305
90761,2016-11-27,23:12:00,304,3,4900
90762,2016-11-27,23:35:00,209,1,916
90763,2016-11-27,23:35:00,285,1,899
90764,2016-11-27,23:55:00,132,1,589
90765,2016-11-28,00:02:00,254,3,876
90766,2016-11-28,00:14:00,391,2,4333
90767,2016-11-28,00:23:00,174,1,639
90768,2016-11-28,00:39:00,232,1,1971
90769,2016-11-28,00:45:00,42,2,7362
90770,2016-11-28,00:50:00,81,2,2060
90771,2016-11-28,00:58:00,403,2,11212
90772,2016-11-28,01:01:00,161,1,7975
90773,2016-11-28,01:02:00,428,3,11048
90774,2016-11-28,01:20:00,118,4,9809
90775,2016-11-28,01:31:00,158,1,7241
90776,2016-11-28,01:32:00,92,2,6077
90777,2016-11-28,01:33:00,198,2,7348
90778,2016-11-28,01:33:00,433,1,9200
90779,2016-11-28,01:34:00,387,2,8166
90780,2016-11-28,01:35:00,341,2,11182
90781,2016-11-28,01:36:00,113,2,6737
90782,2016-11-28,01:36:00,218,1,3475
90783,2016-11-28,01:44:00,190,2,3912
90784,2016-11-28,02:01:00,153,1,5103
90785,2016-11-28,02:03:00,454,1,10536
90786,2016-11-28,02:11:00,275,1,3993
90787,2016-11-28,02:14:00,111,2,8051
90788,2016-11-28,02:19:00,50,1,3194
90789,2016-11-28,02:19:00,45,1,2402
90790,2016-11-28,02:32:00,141,2,9892
90791,2016-11-28,02:32:00,45,2,8877
90792,2016-11-28,02:33:00,187,2,3328
90793,2016-11-28,02:36:00,436,2,6717
90794,2016-11-28,02:40:00,177,1,31
90795,2016-11-28,02:48:00,414,4,3659
90796,2016-11-28,02:51:00,69,1,10288
90797,2016-11-28,02:58:00,304,1,10000
90798,2016-11-28,03:07:00,303,2,9239
90799,2016-11-28,03:10:00,23,2,6665
90800,2016-11-28,03:10:00,312,4,7753
90801,2016-11-28,03:12:00,362,1,5990
90802,2016-11-28,03:24:00,23,4,9557
90803,2016-11-28,03:32:00,14,2,3451
90804,2016-11-28,03:36:00,419,3,10903
90805,2016-11-28,03:37:00,122,2,3051
90806,2016-11-28,03:40:00,100,2,2719
90807,2016-11-28,03:53:00,195,1,4356
90808,2016-11-28,04:02:00,246,2,6504
90809,2016-11-28,04:05:00,37,2,2063
90810,2016-11-28,04:10:00,423,2,2595
90811,2016-11-28,04:16:00,25,1,9683
90812,2016-11-28,04:17:00,109,1,10396
90813,2016-11-28,04:18:00,369,2,9581
90814,2016-11-28,04:20:00,425,4,1588
90815,2016-11-28,04:20:00,265,3,4455
90816,2016-11-28,04:27:00,233,4,4463
90817,2016-11-28,04:29:00,49,3,6418
90818,2016-11-28,04:40:00,24,2,1786
90819,2016-11-28,04:51:00,206,2,9808
90820,2016-11-28,04:55:00,4,3,7180
90821,2016-11-28,04:58:00,439,1,8343
90822,2016-11-28,04:59:00,352,3,6385
90823,2016-11-28,05:00:00,25,1,9199
90824,2016-11-28,05:02:00,216,5,842
90825,2016-11-28,05:03:00,317,1,8806
90826,2016-11-28,05:05:00,6,5,7481
90827,2016-11-28,05:13:00,380,4,3033
90828,2016-11-28,05:13:00,73,1,4558
90829,2016-11-28,05:14:00,51,1,7788
90830,2016-11-28,05:14:00,203,1,8475
90831,2016-11-28,05:20:00,325,5,4564
90832,2016-11-28,05:22:00,193,3,625
90833,2016-11-28,05:42:00,178,2,5741
90834,2016-11-28,05:46:00,458,1,3679
90835,2016-11-28,05:55:00,223,1,11228
90836,2016-11-28,06:04:00,72,4,5834
90837,2016-11-28,06:05:00,35,2,5423
90838,2016-11-28,06:19:00,29,3,3193
90839,2016-11-28,06:23:00,14,1,6138
90840,2016-11-28,06:34:00,341,2,9865
90841,2016-11-28,06:37:00,341,1,214
90842,2016-11-28,06:38:00,234,4,3535
90843,2016-11-28,06:41:00,12,1,2321
90844,2016-11-28,06:48:00,125,2,4672
90845,2016-11-28,06:51:00,136,2,3566
90846,2016-11-28,07:08:00,122,2,5364
90847,2016-11-28,07:20:00,162,2,4947
90848,2016-11-28,07:20:00,194,2,855
90849,2016-11-28,07:23:00,416,1,8633
90850,2016-11-28,07:26:00,213,2,10850
90851,2016-11-28,07:26:00,392,1,9804
90852,2016-11-28,07:28:00,120,3,5206
90853,2016-11-28,07:31:00,44,2,5708
90854,2016-11-28,07:43:00,344,3,7627
90855,2016-11-28,07:44:00,261,2,291
90856,2016-11-28,07:53:00,431,2,10845
90857,2016-11-28,08:02:00,111,2,339
90858,2016-11-28,08:09:00,439,3,3483
90859,2016-11-28,08:13:00,119,1,3348
90860,2016-11-28,08:15:00,284,3,3732
90861,2016-11-28,08:18:00,344,1,7479
90862,2016-11-28,08:20:00,96,3,6212
90863,2016-11-28,08:22:00,8,1,11256
90864,2016-11-28,08:29:00,60,1,4032
90865,2016-11-28,08:35:00,114,1,7873
90866,2016-11-28,08:42:00,233,2,3725
90867,2016-11-28,08:51:00,456,2,2538
90868,2016-11-28,09:06:00,213,1,8084
90869,2016-11-28,09:14:00,400,2,939
90870,2016-11-28,09:19:00,211,1,256
90871,2016-11-28,09:20:00,66,1,7165
90872,2016-11-28,09:27:00,133,1,1864
90873,2016-11-28,09:29:00,264,2,8286
90874,2016-11-28,09:29:00,49,2,3896
90875,2016-11-28,09:31:00,143,4,197
90876,2016-11-28,09:42:00,288,2,2441
90877,2016-11-28,09:43:00,177,2,4978
90878,2016-11-28,09:44:00,407,2,6271
90879,2016-11-28,09:46:00,121,2,3996
90880,2016-11-28,09:54:00,457,2,181
90881,2016-11-28,09:55:00,63,2,3401
90882,2016-11-28,09:58:00,132,2,4965
90883,2016-11-28,09:59:00,292,1,11313
90884,2016-11-28,10:03:00,109,3,3190
90885,2016-11-28,10:05:00,316,2,2570
90886,2016-11-28,10:05:00,279,2,77
90887,2016-11-28,10:08:00,383,1,822
90888,2016-11-28,10:10:00,165,2,6871
90889,2016-11-28,10:12:00,56,3,5374
90890,2016-11-28,10:15:00,409,2,6134
90891,2016-11-28,10:26:00,45,6,9329
90892,2016-11-28,10:29:00,200,1,10378
90893,2016-11-28,10:29:00,71,2,5749
90894,2016-11-28,10:29:00,64,2,10759
90895,2016-11-28,10:36:00,54,2,4454
90896,2016-11-28,10:44:00,446,3,4392
90897,2016-11-28,10:46:00,65,1,3334
90898,2016-11-28,11:01:00,447,1,1837
90899,2016-11-28,11:03:00,92,2,2747
90900,2016-11-28,11:03:00,207,2,4357
90901,2016-11-28,11:12:00,422,3,3335
90902,2016-11-28,11:17:00,253,1,1930
90903,2016-11-28,11:19:00,354,1,2569
90904,2016-11-28,11:20:00,368,4,5322
90905,2016-11-28,11:24:00,418,1,7163
90906,2016-11-28,11:25:00,256,1,6048
90907,2016-11-28,11:26:00,452,1,7713
90908,2016-11-28,11:35:00,282,3,2289
90909,2016-11-28,11:41:00,42,2,7781
90910,2016-11-28,11:48:00,347,4,302
90911,2016-11-28,11:49:00,296,1,1905
90912,2016-11-28,11:56:00,318,1,7240
90913,2016-11-28,11:58:00,421,2,9269
90914,2016-11-28,12:05:00,381,3,6691
90915,2016-11-28,12:12:00,129,2,7735
90916,2016-11-28,12:14:00,321,3,5154
90917,2016-11-28,12:23:00,376,2,1131
90918,2016-11-28,12:38:00,157,2,2717
90919,2016-11-28,12:40:00,97,3,3671
90920,2016-11-28,12:44:00,81,2,5757
90921,2016-11-28,12:55:00,421,3,9656
90922,2016-11-28,13:05:00,237,4,8247
90923,2016-11-28,13:13:00,83,2,3383
90924,2016-11-28,13:18:00,436,3,7397
90925,2016-11-28,13:18:00,259,2,4202
90926,2016-11-28,13:25:00,396,1,11027
90927,2016-11-28,13:30:00,252,1,2039
90928,2016-11-28,13:33:00,341,2,4343
90929,2016-11-28,13:37:00,22,1,2881
90930,2016-11-28,13:40:00,31,3,8236
90931,2016-11-28,13:50:00,292,1,7383
90932,2016-11-28,14:00:00,370,4,8508
90933,2016-11-28,14:05:00,63,1,499
90934,2016-11-28,14:11:00,405,2,1042
90935,2016-11-28,14:12:00,289,2,3680
90936,2016-11-28,14:13:00,199,2,7096
90937,2016-11-28,14:18:00,342,3,7135
90938,2016-11-28,14:22:00,311,2,4989
90939,2016-11-28,14:29:00,164,1,1211
90940,2016-11-28,14:30:00,317,3,10609
90941,2016-11-28,14:40:00,376,1,10475
90942,2016-11-28,14:49:00,218,4,659
90943,2016-11-28,15:19:00,357,2,11417
90944,2016-11-28,15:24:00,197,1,6939
90945,2016-11-28,15:25:00,243,3,2507
90946,2016-11-28,15:26:00,346,1,8326
90947,2016-11-28,15:29:00,357,2,11930
90948,2016-11-28,15:31:00,196,3,4787
90949,2016-11-28,15:33:00,437,3,7098
90950,2016-11-28,15:34:00,323,1,3535
90951,2016-11-28,15:41:00,397,4,6020
90952,2016-11-28,15:42:00,340,2,7691
90953,2016-11-28,16:05:00,57,1,2275
90954,2016-11-28,16:09:00,83,3,8327
90955,2016-11-28,16:11:00,85,3,9004
90956,2016-11-28,16:14:00,75,2,8520
90957,2016-11-28,16:18:00,45,1,1868
90958,2016-11-28,16:20:00,405,3,7111
90959,2016-11-28,16:33:00,157,2,2199
90960,2016-11-28,16:39:00,183,2,3921
90961,2016-11-28,16:40:00,340,1,10839
90962,2016-11-28,16:42:00,253,2,5118
90963,2016-11-28,16:56:00,110,1,7889
90964,2016-11-28,17:17:00,357,2,4699
90965,2016-11-28,17:21:00,379,3,5061
90966,2016-11-28,17:29:00,323,3,7259
90967,2016-11-28,17:29:00,125,3,5865
90968,2016-11-28,17:30:00,49,1,630
90969,2016-11-28,17:30:00,386,2,7980
90970,2016-11-28,17:32:00,391,5,4353
90971,2016-11-28,17:34:00,187,1,5519
90972,2016-11-28,17:34:00,132,2,8578
90973,2016-11-28,17:42:00,324,1,362
90974,2016-11-28,17:42:00,315,1,6117
90975,2016-11-28,17:45:00,50,2,5928
90976,2016-11-28,17:51:00,129,1,11245
90977,2016-11-28,17:56:00,133,2,8172
90978,2016-11-28,18:09:00,119,1,11773
90979,2016-11-28,18:19:00,426,1,7772
90980,2016-11-28,18:22:00,193,3,151
90981,2016-11-28,18:22:00,304,2,8982
90982,2016-11-28,18:26:00,229,3,7599
90983,2016-11-28,18:27:00,40,1,3579
90984,2016-11-28,18:30:00,319,2,6873
90985,2016-11-28,18:36:00,58,2,5309
90986,2016-11-28,18:39:00,93,4,11561
90987,2016-11-28,18:43:00,146,1,10067
90988,2016-11-28,18:49:00,187,2,3915
90989,2016-11-28,18:51:00,309,2,1264
90990,2016-11-28,18:53:00,350,1,2235
90991,2016-11-28,18:56:00,152,2,10650
90992,2016-11-28,19:06:00,287,1,10554
90993,2016-11-28,19:15:00,31,2,2679
90994,2016-11-28,19:24:00,346,1,10132
90995,2016-11-28,19:31:00,322,4,8739
90996,2016-11-28,19:32:00,302,1,6000
90997,2016-11-28,19:38:00,294,2,5251
90998,2016-11-28,19:41:00,431,2,99
90999,2016-11-28,19:51:00,436,1,10206
91000,2016-11-28,19:52:00,404,1,3483
91001,2016-11-28,19:53:00,43,1,10698
91002,2016-11-28,19:57:00,95,1,5469
91003,2016-11-28,20:04:00,119,4,1598
91004,2016-11-28,20:05:00,108,1,9812
91005,2016-11-28,20:06:00,154,2,4354
91006,2016-11-28,20:24:00,292,2,9986
91007,2016-11-28,20:25:00,136,1,4966
91008,2016-11-28,20:28:00,298,4,2903
91009,2016-11-28,20:31:00,336,2,2573
91010,2016-11-28,20:38:00,374,4,6878
91011,2016-11-28,20:47:00,357,2,11568
91012,2016-11-28,20:55:00,224,1,541
91013,2016-11-28,20:57:00,11,1,9607
91014,2016-11-28,20:58:00,17,1,8831
91015,2016-11-28,21:04:00,343,2,8400
91016,2016-11-28,21:18:00,20,3,7564
91017,2016-11-28,21:18:00,337,2,9122
91018,2016-11-28,21:22:00,197,3,11904
91019,2016-11-28,21:27:00,116,3,10992
91020,2016-11-28,21:40:00,416,2,8380
91021,2016-11-28,21:40:00,25,3,2916
91022,2016-11-28,21:40:00,223,3,9958
91023,2016-11-28,21:45:00,273,2,1102
91024,2016-11-28,21:51:00,344,1,6647
91025,2016-11-28,21:55:00,11,1,9103
91026,2016-11-28,21:59:00,220,2,9980
91027,2016-11-28,22:05:00,333,1,180
91028,2016-11-28,22:06:00,384,3,8898
91029,2016-11-28,22:07:00,386,2,4360
91030,2016-11-28,22:15:00,214,2,6374
91031,2016-11-28,22:17:00,343,1,4082
91032,2016-11-28,22:31:00,109,1,4193
91033,2016-11-28,22:40:00,248,3,111
91034,2016-11-28,22:42:00,77,2,7841
91035,2016-11-28,22:49:00,162,2,776
91036,2016-11-28,22:56:00,396,1,8532
91037,2016-11-28,23:05:00,219,1,8079
91038,2016-11-28,23:08:00,251,2,9952
91039,2016-11-28,23:10:00,192,2,2898
91040,2016-11-28,23:16:00,247,3,1904
91041,2016-11-28,23:16:00,243,3,10345
91042,2016-11-28,23:19:00,146,3,11896
91043,2016-11-28,23:25:00,420,5,6917
91044,2016-11-28,23:42:00,281,4,356
91045,2016-11-28,23:54:00,435,1,5987
91046,2016-11-29,00:02:00,424,1,11397
91047,2016-11-29,00:10:00,395,2,333
91048,2016-11-29,00:22:00,131,2,8110
91049,2016-11-29,00:28:00,7,2,5684
91050,2016-11-29,00:29:00,110,2,6526
91051,2016-11-29,00:34:00,39,3,5475
91052,2016-11-29,00:47:00,293,1,5009
91053,2016-11-29,01:00:00,326,1,5489
91054,2016-11-29,01:04:00,451,3,438
91055,2016-11-29,01:14:00,105,1,5212
91056,2016-11-29,01:16:00,79,2,11762
91057,2016-11-29,01:20:00,20,1,3962
91058,2016-11-29,01:21:00,206,4,3515
91059,2016-11-29,01:30:00,107,3,1040
91060,2016-11-29,01:45:00,126,2,5211
91061,2016-11-29,01:47:00,12,3,1561
91062,2016-11-29,01:51:00,101,2,760
91063,2016-11-29,01:59:00,140,1,1264
91064,2016-11-29,02:06:00,174,2,7380
91065,2016-11-29,02:08:00,375,3,8545
91066,2016-11-29,02:18:00,51,1,706
91067,2016-11-29,02:18:00,358,3,6457
91068,2016-11-29,02:24:00,254,2,6591
91069,2016-11-29,02:25:00,130,2,7606
91070,2016-11-29,02:27:00,103,1,569
91071,2016-11-29,02:29:00,70,3,8013
91072,2016-11-29,02:32:00,229,2,4882
91073,2016-11-29,02:37:00,296,1,10467
91074,2016-11-29,02:37:00,369,1,2804
91075,2016-11-29,02:43:00,224,2,5621
91076,2016-11-29,02:46:00,41,5,8236
91077,2016-11-29,02:50:00,328,3,2133
91078,2016-11-29,03:04:00,239,1,1271
91079,2016-11-29,03:07:00,44,1,7791
91080,2016-11-29,03:09:00,441,2,2221
91081,2016-11-29,03:10:00,330,2,3449
91082,2016-11-29,03:14:00,102,3,9970
91083,2016-11-29,03:18:00,104,1,1984
91084,2016-11-29,03:29:00,217,5,501
91085,2016-11-29,03:31:00,13,2,6177
91086,2016-11-29,03:35:00,218,2,7066
91087,2016-11-29,03:38:00,118,1,2723
91088,2016-11-29,03:44:00,183,1,3701
91089,2016-11-29,04:05:00,166,2,10794
91090,2016-11-29,04:13:00,386,2,6968
91091,2016-11-29,04:17:00,292,3,6213
91092,2016-11-29,04:19:00,361,3,1951
91093,2016-11-29,04:24:00,381,1,1206
91094,2016-11-29,04:24:00,262,1,8263
91095,2016-11-29,04:30:00,311,2,2068
91096,2016-11-29,04:33:00,253,5,5231
91097,2016-11-29,04:35:00,351,3,8973
91098,2016-11-29,04:46:00,229,1,8086
91099,2016-11-29,04:50:00,144,2,3313
91100,2016-11-29,04:52:00,332,1,5646
91101,2016-11-29,05:01:00,290,1,7537
91102,2016-11-29,05:01:00,40,3,6641
91103,2016-11-29,05:03:00,16,2,11058
91104,2016-11-29,05:10:00,282,3,20
91105,2016-11-29,05:15:00,259,4,4132
91106,2016-11-29,05:21:00,338,1,3947
91107,2016-11-29,05:25:00,280,2,2326
91108,2016-11-29,05:28:00,185,4,11703
91109,2016-11-29,05:28:00,349,1,3838
91110,2016-11-29,05:29:00,232,2,10221
91111,2016-11-29,05:30:00,322,1,4543
91112,2016-11-29,05:34:00,124,1,6809
91113,2016-11-29,05:36:00,342,1,8914
91114,2016-11-29,05:39:00,50,1,3077
91115,2016-11-29,05:45:00,165,1,4754
91116,2016-11-29,05:54:00,145,2,5320
91117,2016-11-29,06:22:00,367,2,9717
91118,2016-11-29,06:25:00,370,2,6932
91119,2016-11-29,06:25:00,95,2,8320
91120,2016-11-29,06:27:00,75,3,11304
91121,2016-11-29,06:31:00,358,3,8854
91122,2016-11-29,06:31:00,294,4,1597
91123,2016-11-29,06:31:00,217,3,4330
91124,2016-11-29,06:34:00,8,1,6092
91125,2016-11-29,06:35:00,227,1,7900
91126,2016-11-29,06:38:00,52,2,6957
91127,2016-11-29,06:42:00,289,2,4213
91128,2016-11-29,06:45:00,421,3,7513
91129,2016-11-29,06:50:00,204,3,9590
91130,2016-11-29,07:05:00,343,6,5385
91131,2016-11-29,07:11:00,34,3,11688
91132,2016-11-29,07:13:00,219,2,4089
91133,2016-11-29,07:14:00,280,5,10318
91134,2016-11-29,07:16:00,62,2,2923
91135,2016-11-29,07:29:00,397,1,8821
91136,2016-11-29,07:34:00,393,1,6539
91137,2016-11-29,07:38:00,320,2,11076
91138,2016-11-29,07:40:00,374,2,6552
91139,2016-11-29,07:54:00,78,1,8476
91140,2016-11-29,07:56:00,368,4,3979
91141,2016-11-29,07:58:00,65,1,6827
91142,2016-11-29,08:01:00,290,1,4249
91143,2016-11-29,08:03:00,200,3,207
91144,2016-11-29,08:18:00,286,3,10559
91145,2016-11-29,08:32:00,94,3,2613
91146,2016-11-29,08:39:00,293,2,2915
91147,2016-11-29,08:44:00,130,2,10684
91148,2016-11-29,08:44:00,30,2,820
91149,2016-11-29,08:45:00,341,3,2824
91150,2016-11-29,08:48:00,216,2,448
91151,2016-11-29,09:07:00,194,1,5235
91152,2016-11-29,09:09:00,135,1,8533
91153,2016-11-29,09:15:00,404,6,9753
91154,2016-11-29,09:23:00,340,1,8666
91155,2016-11-29,09:25:00,42,1,9449
91156,2016-11-29,09:43:00,112,1,2121
91157,2016-11-29,09:55:00,157,2,4243
91158,2016-11-29,10:09:00,270,1,9700
91159,2016-11-29,10:13:00,270,1,3399
91160,2016-11-29,10:25:00,191,1,9381
91161,2016-11-29,10:40:00,330,4,10932
91162,2016-11-29,10:49:00,99,1,5982
91163,2016-11-29,10:51:00,124,4,10654
91164,2016-11-29,10:55:00,203,2,2952
91165,2016-11-29,10:56:00,150,4,6701
91166,2016-11-29,11:01:00,143,2,8428
91167,2016-11-29,11:05:00,290,1,3329
91168,2016-11-29,11:13:00,26,1,6858
91169,2016-11-29,11:15:00,224,3,7705
91170,2016-11-29,11:21:00,324,2,10513
91171,2016-11-29,11:23:00,32,1,8021
91172,2016-11-29,11:23:00,154,1,7300
91173,2016-11-29,11:24:00,420,2,11926
91174,2016-11-29,11:36:00,133,3,6668
91175,2016-11-29,11:46:00,338,1,926
91176,2016-11-29,12:02:00,55,2,9214
91177,2016-11-29,12:03:00,245,2,475
91178,2016-11-29,12:04:00,38,1,4265
91179,2016-11-29,12:04:00,107,1,8816
91180,2016-11-29,12:07:00,345,1,7999
91181,2016-11-29,12:11:00,267,3,3077
91182,2016-11-29,12:11:00,264,2,4931
91183,2016-11-29,12:13:00,363,4,11329
91184,2016-11-29,12:18:00,110,2,2855
91185,2016-11-29,12:18:00,83,1,7961
91186,2016-11-29,12:20:00,414,1,3301
91187,2016-11-29,12:27:00,67,1,7764
91188,2016-11-29,12:30:00,211,1,904
91189,2016-11-29,12:38:00,152,1,6142
91190,2016-11-29,12:41:00,371,1,7079
91191,2016-11-29,12:51:00,248,1,2909
91192,2016-11-29,12:52:00,401,1,3389
91193,2016-11-29,12:54:00,157,2,3495
91194,2016-11-29,12:57:00,374,1,1184
91195,2016-11-29,13:03:00,102,1,11615
91196,2016-11-29,13:10:00,39,2,8289
91197,2016-11-29,13:11:00,412,1,3983
91198,2016-11-29,13:12:00,146,2,732
91199,2016-11-29,13:12:00,240,2,617
91200,2016-11-29,13:30:00,317,3,7823
91201,2016-11-29,13:30:00,138,1,2613
91202,2016-11-29,13:45:00,281,3,11130
91203,2016-11-29,13:47:00,277,2,4835
91204,2016-11-29,13:49:00,39,5,7714
91205,2016-11-29,13:58:00,129,1,4374
91206,2016-11-29,14:03:00,189,1,591
91207,2016-11-29,14:17:00,377,2,11262
91208,2016-11-29,14:17:00,9,2,5746
91209,2016-11-29,14:32:00,324,2,217
91210,2016-11-29,14:34:00,99,4,7548
91211,2016-11-29,14:38:00,50,2,10225
91212,2016-11-29,14:40:00,293,2,2495
91213,2016-11-29,14:43:00,451,2,51
91214,2016-11-29,14:44:00,424,1,7852
91215,2016-11-29,14:57:00,100,4,8207
91216,2016-11-29,14:59:00,311,1,9266
91217,2016-11-29,15:03:00,91,1,2312
91218,2016-11-29,15:11:00,321,1,8279
91219,2016-11-29,15:16:00,75,2,6408
91220,2016-11-29,15:17:00,283,1,11956
91221,2016-11-29,15:18:00,2,2,5093
91222,2016-11-29,15:26:00,36,2,10167
91223,2016-11-29,15:27:00,306,3,2185
91224,2016-11-29,15:39:00,393,2,6073
91225,2016-11-29,15:44:00,98,3,4431
91226,2016-11-29,15:46:00,11,2,3769
91227,2016-11-29,15:48:00,113,1,766
91228,2016-11-29,15:51:00,160,4,4677
91229,2016-11-29,15:51:00,357,1,8486
91230,2016-11-29,15:53:00,285,4,4388
91231,2016-11-29,15:59:00,363,3,5619
91232,2016-11-29,16:00:00,63,2,8277
91233,2016-11-29,16:00:00,45,2,10998
91234,2016-11-29,16:05:00,222,1,8869
91235,2016-11-29,16:10:00,297,2,2108
91236,2016-11-29,16:22:00,382,1,2243
91237,2016-11-29,16:28:00,69,4,6435
91238,2016-11-29,16:31:00,52,1,7038
91239,2016-11-29,16:34:00,312,2,255
91240,2016-11-29,16:36:00,305,3,8121
91241,2016-11-29,16:36:00,307,4,6394
91242,2016-11-29,16:40:00,52,4,9896
91243,2016-11-29,16:47:00,96,2,5489
91244,2016-11-29,16:59:00,221,1,7789
91245,2016-11-29,17:08:00,322,3,1918
91246,2016-11-29,17:10:00,219,2,1720
91247,2016-11-29,17:23:00,224,4,588
91248,2016-11-29,17:26:00,267,2,10397
91249,2016-11-29,17:28:00,449,1,8792
91250,2016-11-29,17:29:00,403,2,4857
91251,2016-11-29,17:34:00,369,2,2715
91252,2016-11-29,17:38:00,181,4,9443
91253,2016-11-29,17:39:00,406,1,4821
91254,2016-11-29,17:42:00,275,1,9706
91255,2016-11-29,17:53:00,302,2,7523
91256,2016-11-29,17:59:00,372,2,8432
91257,2016-11-29,18:04:00,352,1,11307
91258,2016-11-29,18:15:00,206,1,7006
91259,2016-11-29,18:21:00,424,3,2628
91260,2016-11-29,18:21:00,355,5,5645
91261,2016-11-29,18:26:00,170,3,7257
91262,2016-11-29,18:33:00,7,1,11242
91263,2016-11-29,18:37:00,91,3,9850
91264,2016-11-29,18:49:00,111,2,3225
91265,2016-11-29,18:53:00,72,1,9246
91266,2016-11-29,18:58:00,49,3,8186
91267,2016-11-29,18:58:00,134,2,10793
91268,2016-11-29,19:06:00,375,2,1456
91269,2016-11-29,19:10:00,170,1,6216
91270,2016-11-29,19:11:00,71,2,4614
91271,2016-11-29,19:17:00,26,2,11488
91272,2016-11-29,19:30:00,57,1,8113
91273,2016-11-29,19:35:00,419,2,11104
91274,2016-11-29,19:36:00,367,6,5363
91275,2016-11-29,19:53:00,98,2,1459
91276,2016-11-29,19:56:00,144,2,120
91277,2016-11-29,20:01:00,141,2,2080
91278,2016-11-29,20:03:00,362,2,517
91279,2016-11-29,20:04:00,228,4,585
91280,2016-11-29,20:08:00,420,1,1739
91281,2016-11-29,20:08:00,350,1,4315
91282,2016-11-29,20:13:00,43,2,8957
91283,2016-11-29,20:14:00,7,1,10112
91284,2016-11-29,20:17:00,28,3,7885
91285,2016-11-29,20:20:00,163,1,11081
91286,2016-11-29,20:38:00,223,1,11184
91287,2016-11-29,20:38:00,358,1,11137
91288,2016-11-29,20:40:00,384,1,5650
91289,2016-11-29,20:42:00,88,2,4508
91290,2016-11-29,20:45:00,64,3,6354
91291,2016-11-29,20:52:00,275,2,11123
91292,2016-11-29,20:56:00,69,2,8234
91293,2016-11-29,21:11:00,328,1,9142
91294,2016-11-29,21:12:00,224,2,1149
91295,2016-11-29,21:15:00,47,2,11308
91296,2016-11-29,21:18:00,304,3,7226
91297,2016-11-29,21:20:00,406,2,782
91298,2016-11-29,21:27:00,221,2,5122
91299,2016-11-29,21:35:00,136,1,1034
91300,2016-11-29,21:36:00,323,2,8565
91301,2016-11-29,21:37:00,418,1,10631
91302,2016-11-29,21:41:00,202,1,966
91303,2016-11-29,21:46:00,206,3,3169
91304,2016-11-29,22:23:00,267,1,6338
91305,2016-11-29,22:25:00,93,1,2092
91306,2016-11-29,22:28:00,400,5,482
91307,2016-11-29,22:48:00,417,1,8990
91308,2016-11-29,22:54:00,252,2,7647
91309,2016-11-29,22:55:00,43,1,5469
91310,2016-11-29,23:01:00,329,1,821
91311,2016-11-29,23:02:00,264,3,11898
91312,2016-11-29,23:04:00,363,2,10029
91313,2016-11-29,23:17:00,7,3,1483
91314,2016-11-29,23:52:00,145,1,7172
91315,2016-11-30,00:09:00,414,2,3937
91316,2016-11-30,00:22:00,161,2,8133
91317,2016-11-30,00:23:00,314,3,7091
91318,2016-11-30,00:44:00,57,2,10304
91319,2016-11-30,00:56:00,172,2,11981
91320,2016-11-30,01:08:00,276,1,1488
91321,2016-11-30,01:08:00,132,1,9170
91322,2016-11-30,01:13:00,153,1,6149
91323,2016-11-30,01:14:00,166,3,5736
91324,2016-11-30,01:17:00,371,3,6078
91325,2016-11-30,01:20:00,137,2,11674
91326,2016-11-30,01:22:00,124,1,9615
91327,2016-11-30,01:24:00,188,1,1079
91328,2016-11-30,01:37:00,318,1,569
91329,2016-11-30,01:43:00,201,2,201
91330,2016-11-30,01:46:00,82,1,9293
91331,2016-11-30,01:56:00,373,2,1347
91332,2016-11-30,01:56:00,283,2,2362
91333,2016-11-30,01:58:00,245,1,5787
91334,2016-11-30,01:58:00,123,4,9694
91335,2016-11-30,02:08:00,83,1,4852
91336,2016-11-30,02:12:00,267,2,10914
91337,2016-11-30,02:16:00,155,1,5691
91338,2016-11-30,02:17:00,156,3,6978
91339,2016-11-30,02:23:00,270,2,4251
91340,2016-11-30,02:27:00,401,2,8110
91341,2016-11-30,02:31:00,127,3,6568
91342,2016-11-30,02:36:00,86,1,6579
91343,2016-11-30,02:48:00,362,1,11260
91344,2016-11-30,02:49:00,297,2,9038
91345,2016-11-30,02:51:00,119,3,2340
91346,2016-11-30,02:54:00,359,5,5774
91347,2016-11-30,02:56:00,433,3,2433
91348,2016-11-30,03:00:00,319,3,4762
91349,2016-11-30,03:09:00,180,3,1877
91350,2016-11-30,03:14:00,131,5,9244
91351,2016-11-30,03:14:00,145,1,6740
91352,2016-11-30,03:19:00,118,1,1160
91353,2016-11-30,03:22:00,371,1,7630
91354,2016-11-30,03:23:00,8,1,7790
91355,2016-11-30,03:23:00,341,2,9106
91356,2016-11-30,03:27:00,234,1,1729
91357,2016-11-30,03:36:00,138,2,11161
91358,2016-11-30,03:46:00,129,2,8284
91359,2016-11-30,03:47:00,67,2,3890
91360,2016-11-30,03:58:00,240,1,6647
91361,2016-11-30,04:02:00,302,2,1753
91362,2016-11-30,04:08:00,396,2,9580
91363,2016-11-30,04:12:00,293,2,1724
91364,2016-11-30,04:14:00,347,3,6657
91365,2016-11-30,04:16:00,329,2,3113
91366,2016-11-30,04:18:00,117,2,1528
91367,2016-11-30,04:21:00,54,2,2913
91368,2016-11-30,05:01:00,325,2,3068
91369,2016-11-30,05:03:00,434,2,7467
91370,2016-11-30,05:07:00,57,2,3689
91371,2016-11-30,05:07:00,138,1,445
91372,2016-11-30,05:13:00,443,2,4427
91373,2016-11-30,05:29:00,7,1,8042
91374,2016-11-30,05:33:00,95,1,7731
91375,2016-11-30,05:35:00,343,2,1035
91376,2016-11-30,05:36:00,428,2,257
91377,2016-11-30,05:37:00,191,3,4426
91378,2016-11-30,05:44:00,50,4,9624
91379,2016-11-30,05:48:00,6,2,9585
91380,2016-11-30,05:50:00,239,1,5728
91381,2016-11-30,05:53:00,116,1,2259
91382,2016-11-30,06:02:00,258,1,5031
91383,2016-11-30,06:03:00,267,1,2594
91384,2016-11-30,06:09:00,35,2,11366
91385,2016-11-30,06:11:00,294,2,3294
91386,2016-11-30,06:14:00,242,2,3434
91387,2016-11-30,06:18:00,102,2,2177
91388,2016-11-30,06:21:00,374,1,9984
91389,2016-11-30,06:22:00,184,1,10983
91390,2016-11-30,06:23:00,167,3,1644
91391,2016-11-30,06:29:00,358,2,820
91392,2016-11-30,06:31:00,170,4,11770
91393,2016-11-30,06:31:00,105,1,4670
91394,2016-11-30,06:35:00,382,2,10094
91395,2016-11-30,06:52:00,85,2,4190
91396,2016-11-30,06:59:00,249,1,10732
91397,2016-11-30,07:03:00,300,2,9615
91398,2016-11-30,07:05:00,4,2,6875
91399,2016-11-30,07:06:00,425,1,3360
91400,2016-11-30,07:15:00,367,1,3334
91401,2016-11-30,07:23:00,330,1,6511
91402,2016-11-30,07:25:00,61,1,6542
91403,2016-11-30,07:25:00,43,2,11566
91404,2016-11-30,07:31:00,178,2,8237
91405,2016-11-30,07:31:00,333,2,2787
91406,2016-11-30,07:34:00,428,3,5910
91407,2016-11-30,07:34:00,317,1,2175
91408,2016-11-30,07:35:00,143,2,2781
91409,2016-11-30,07:36:00,379,3,9126
91410,2016-11-30,07:51:00,78,3,7171
91411,2016-11-30,07:51:00,86,2,3568
91412,2016-11-30,07:59:00,176,2,2858
91413,2016-11-30,08:05:00,269,1,6336
91414,2016-11-30,08:09:00,359,2,1428
91415,2016-11-30,08:15:00,132,1,10625
91416,2016-11-30,08:16:00,28,3,919
91417,2016-11-30,08:19:00,454,1,5241
91418,2016-11-30,08:20:00,325,1,3013
91419,2016-11-30,08:29:00,335,2,5000
91420,2016-11-30,08:37:00,313,2,10672
91421,2016-11-30,08:42:00,140,1,8530
91422,2016-11-30,08:51:00,22,1,5210
91423,2016-11-30,08:52:00,34,1,10999
91424,2016-11-30,08:53:00,351,3,6070
91425,2016-11-30,09:00:00,48,3,8349
91426,2016-11-30,09:04:00,421,1,4199
91427,2016-11-30,09:11:00,238,4,6332
91428,2016-11-30,09:16:00,330,3,8480
91429,2016-11-30,09:30:00,373,2,4948
91430,2016-11-30,09:39:00,284,3,11433
91431,2016-11-30,09:50:00,286,1,49
91432,2016-11-30,09:51:00,12,4,10505
91433,2016-11-30,09:51:00,113,3,1997
91434,2016-11-30,10:00:00,408,2,6783
91435,2016-11-30,10:08:00,6,3,9970
91436,2016-11-30,10:10:00,296,3,6049
91437,2016-11-30,10:19:00,186,3,7318
91438,2016-11-30,10:21:00,279,3,10717
91439,2016-11-30,10:28:00,200,1,9951
91440,2016-11-30,10:29:00,280,2,8861
91441,2016-11-30,10:33:00,441,1,2047
91442,2016-11-30,10:36:00,436,2,1107
91443,2016-11-30,10:39:00,306,4,6520
91444,2016-11-30,10:41:00,157,1,1336
91445,2016-11-30,10:42:00,11,1,5229
91446,2016-11-30,10:45:00,322,4,572
91447,2016-11-30,10:48:00,214,1,7838
91448,2016-11-30,10:53:00,135,2,8753
91449,2016-11-30,11:00:00,303,1,702
91450,2016-11-30,11:00:00,18,2,1342
91451,2016-11-30,11:03:00,31,1,6631
91452,2016-11-30,11:05:00,295,3,5671
91453,2016-11-30,11:08:00,200,1,11220
91454,2016-11-30,11:09:00,137,4,1451
91455,2016-11-30,11:09:00,288,2,9056
91456,2016-11-30,11:13:00,141,3,1620
91457,2016-11-30,11:15:00,414,2,5775
91458,2016-11-30,11:20:00,330,2,2266
91459,2016-11-30,11:25:00,270,2,9656
91460,2016-11-30,11:27:00,323,4,10357
91461,2016-11-30,11:29:00,143,2,586
91462,2016-11-30,11:34:00,334,3,5516
91463,2016-11-30,11:36:00,456,3,10695
91464,2016-11-30,11:38:00,135,2,11851
91465,2016-11-30,12:11:00,292,1,8706
91466,2016-11-30,12:22:00,96,1,4216
91467,2016-11-30,12:28:00,200,3,1420
91468,2016-11-30,12:28:00,370,2,4950
91469,2016-11-30,12:32:00,165,2,5511
91470,2016-11-30,12:43:00,114,1,9505
91471,2016-11-30,12:44:00,107,1,5456
91472,2016-11-30,12:51:00,162,1,5941
91473,2016-11-30,13:00:00,260,2,10028
91474,2016-11-30,13:00:00,122,2,5926
91475,2016-11-30,13:02:00,324,2,8607
91476,2016-11-30,13:22:00,318,1,10929
91477,2016-11-30,13:24:00,432,1,6286
91478,2016-11-30,13:34:00,74,5,3931
91479,2016-11-30,13:42:00,388,2,3423
91480,2016-11-30,13:43:00,69,3,4517
91481,2016-11-30,13:48:00,313,1,3008
91482,2016-11-30,13:50:00,67,2,1803
91483,2016-11-30,13:55:00,315,3,7820
91484,2016-11-30,14:05:00,307,4,1529
91485,2016-11-30,14:13:00,53,2,5254
91486,2016-11-30,14:16:00,395,2,1590
91487,2016-11-30,14:16:00,369,2,6709
91488,2016-11-30,14:19:00,202,1,7929
91489,2016-11-30,14:27:00,277,4,5838
91490,2016-11-30,14:53:00,364,4,8816
91491,2016-11-30,14:56:00,263,3,4331
91492,2016-11-30,15:00:00,336,1,11524
91493,2016-11-30,15:01:00,166,4,8649
91494,2016-11-30,15:06:00,287,1,3318
91495,2016-11-30,15:17:00,241,2,2815
91496,2016-11-30,15:17:00,76,1,5124
91497,2016-11-30,15:17:00,241,4,10656
91498,2016-11-30,15:19:00,359,1,10214
91499,2016-11-30,15:19:00,326,3,806
91500,2016-11-30,15:28:00,378,3,1624
91501,2016-11-30,15:29:00,200,2,6210
91502,2016-11-30,15:32:00,139,1,7388
91503,2016-11-30,15:41:00,233,2,102
91504,2016-11-30,15:44:00,393,1,1981
91505,2016-11-30,15:47:00,406,3,2559
91506,2016-11-30,15:56:00,125,2,4281
91507,2016-11-30,15:57:00,407,4,6378
91508,2016-11-30,16:01:00,441,1,7175
91509,2016-11-30,16:03:00,401,1,4295
91510,2016-11-30,16:04:00,426,2,5609
91511,2016-11-30,16:07:00,449,3,6670
91512,2016-11-30,16:10:00,19,1,7779
91513,2016-11-30,16:15:00,435,1,9619
91514,2016-11-30,16:15:00,436,1,592
91515,2016-11-30,16:20:00,411,1,5399
91516,2016-11-30,16:21:00,131,1,10751
91517,2016-11-30,16:33:00,192,4,6639
91518,2016-11-30,16:33:00,281,1,5384
91519,2016-11-30,16:34:00,41,1,4909
91520,2016-11-30,16:34:00,169,1,11003
91521,2016-11-30,16:40:00,63,1,9737
91522,2016-11-30,16:43:00,3,2,8731
91523,2016-11-30,16:57:00,79,1,5070
91524,2016-11-30,17:00:00,124,1,7786
91525,2016-11-30,17:11:00,278,2,1577
91526,2016-11-30,17:25:00,258,2,7431
91527,2016-11-30,17:30:00,240,2,9711
91528,2016-11-30,17:34:00,222,1,10815
91529,2016-11-30,17:41:00,7,1,6355
91530,2016-11-30,17:46:00,40,2,4424
91531,2016-11-30,17:49:00,7,1,6687
91532,2016-11-30,17:52:00,456,2,4108
91533,2016-11-30,17:52:00,250,1,6404
91534,2016-11-30,17:54:00,380,1,5236
91535,2016-11-30,17:54:00,173,1,6784
91536,2016-11-30,18:00:00,453,2,3612
91537,2016-11-30,18:01:00,86,1,937
91538,2016-11-30,18:24:00,6,4,797
91539,2016-11-30,18:32:00,247,1,4414
91540,2016-11-30,18:48:00,257,2,1481
91541,2016-11-30,18:49:00,439,1,8802
91542,2016-11-30,18:52:00,363,2,5005
91543,2016-11-30,18:54:00,351,4,4905
91544,2016-11-30,18:57:00,447,2,8844
91545,2016-11-30,19:08:00,97,1,7296
91546,2016-11-30,19:13:00,251,3,2954
91547,2016-11-30,19:15:00,344,1,1679
91548,2016-11-30,19:20:00,350,4,4378
91549,2016-11-30,19:22:00,340,1,4371
91550,2016-11-30,19:35:00,424,2,7401
91551,2016-11-30,19:43:00,181,2,7403
91552,2016-11-30,20:01:00,341,2,8448
91553,2016-11-30,20:04:00,220,2,5695
91554,2016-11-30,20:19:00,4,3,7824
91555,2016-11-30,20:36:00,307,2,4299
91556,2016-11-30,20:40:00,8,1,6198
91557,2016-11-30,20:43:00,455,2,6356
91558,2016-11-30,20:47:00,136,3,4288
91559,2016-11-30,20:58:00,61,3,4821
91560,2016-11-30,20:59:00,324,1,9600
91561,2016-11-30,21:06:00,197,1,5072
91562,2016-11-30,21:10:00,174,1,11662
91563,2016-11-30,21:11:00,202,1,11740
91564,2016-11-30,21:12:00,306,3,7750
91565,2016-11-30,21:29:00,269,1,587
91566,2016-11-30,21:31:00,399,5,7936
91567,2016-11-30,21:33:00,285,2,4023
91568,2016-11-30,21:51:00,348,1,7570
91569,2016-11-30,21:52:00,372,2,6101
91570,2016-11-30,21:59:00,86,1,7840
91571,2016-11-30,22:02:00,407,2,7534
91572,2016-11-30,22:07:00,374,1,5696
91573,2016-11-30,22:10:00,382,3,8130
91574,2016-11-30,22:17:00,184,2,8829
91575,2016-11-30,22:20:00,222,2,1051
91576,2016-11-30,22:22:00,267,1,2895
91577,2016-11-30,22:28:00,136,1,10559
91578,2016-11-30,22:38:00,212,3,6710
91579,2016-11-30,22:45:00,238,3,210
91580,2016-11-30,22:51:00,339,1,11587
91581,2016-11-30,22:56:00,54,1,11418
91582,2016-11-30,23:11:00,26,3,625
91583,2016-11-30,23:16:00,305,2,4982
91584,2016-11-30,23:20:00,48,1,4623
91585,2016-11-30,23:34:00,431,1,3288
91586,2016-11-30,23:36:00,380,3,10695
91587,2016-11-30,23:38:00,404,2,6864
91588,2016-11-30,23:40:00,377,1,257
91589,2016-11-30,23:48:00,73,4,6357
91590,2016-12-01,00:08:00,131,2,9944
91591,2016-12-01,00:13:00,264,2,6535
91592,2016-12-01,00:20:00,102,2,6395
91593,2016-12-01,00:22:00,227,3,838
91594,2016-12-01,00:23:00,45,2,10096
91595,2016-12-01,00:26:00,195,1,6603
91596,2016-12-01,00:31:00,93,3,11939
91597,2016-12-01,00:37:00,307,2,6106
91598,2016-12-01,00:38:00,76,1,3629
91599,2016-12-01,00:41:00,75,3,3981
91600,2016-12-01,00:42:00,76,1,3835
91601,2016-12-01,00:49:00,428,2,11805
91602,2016-12-01,00:51:00,262,2,931
91603,2016-12-01,00:52:00,116,3,11677
91604,2016-12-01,00:56:00,69,2,4936
91605,2016-12-01,01:03:00,180,1,6553
91606,2016-12-01,01:05:00,415,2,9498
91607,2016-12-01,01:17:00,68,5,3152
91608,2016-12-01,01:19:00,280,3,2986
91609,2016-12-01,01:21:00,189,1,902
91610,2016-12-01,01:22:00,106,1,9303
91611,2016-12-01,01:25:00,444,1,4396
91612,2016-12-01,01:29:00,52,1,2694
91613,2016-12-01,01:33:00,213,1,6898
91614,2016-12-01,01:40:00,45,2,3620
91615,2016-12-01,01:40:00,11,2,8432
91616,2016-12-01,01:41:00,172,2,4365
91617,2016-12-01,01:41:00,283,1,1135
91618,2016-12-01,01:46:00,137,1,1596
91619,2016-12-01,01:51:00,450,3,9764
91620,2016-12-01,01:55:00,7,2,10514
91621,2016-12-01,02:01:00,397,1,10723
91622,2016-12-01,02:01:00,141,4,4294
91623,2016-12-01,02:07:00,92,2,5855
91624,2016-12-01,02:07:00,405,1,6050
91625,2016-12-01,02:08:00,147,2,11032
91626,2016-12-01,02:08:00,310,1,5119
91627,2016-12-01,02:17:00,377,1,9071
91628,2016-12-01,02:27:00,42,2,7116
91629,2016-12-01,02:29:00,293,3,4505
91630,2016-12-01,02:31:00,124,2,2656
91631,2016-12-01,02:32:00,30,2,1629
91632,2016-12-01,02:44:00,18,2,1549
91633,2016-12-01,02:50:00,282,1,9012
91634,2016-12-01,02:50:00,134,2,7174
91635,2016-12-01,03:05:00,204,3,8986
91636,2016-12-01,03:12:00,320,2,7730
91637,2016-12-01,03:18:00,27,4,9067
91638,2016-12-01,03:21:00,275,4,9642
91639,2016-12-01,03:24:00,431,2,11895
91640,2016-12-01,03:29:00,259,4,8484
91641,2016-12-01,03:39:00,268,3,6920
91642,2016-12-01,03:42:00,157,3,4471
91643,2016-12-01,03:55:00,10,1,7964
91644,2016-12-01,03:56:00,347,2,11783
91645,2016-12-01,03:56:00,146,1,10532
91646,2016-12-01,04:11:00,388,2,10076
91647,2016-12-01,04:20:00,263,4,4062
91648,2016-12-01,04:22:00,209,1,7406
91649,2016-12-01,04:23:00,267,4,6763
91650,2016-12-01,04:24:00,7,1,4111
91651,2016-12-01,04:29:00,295,1,5880
91652,2016-12-01,04:32:00,80,1,6431
91653,2016-12-01,04:33:00,351,1,7132
91654,2016-12-01,04:34:00,155,2,978
91655,2016-12-01,04:39:00,274,5,11371
91656,2016-12-01,04:48:00,419,2,10413
91657,2016-12-01,04:49:00,368,4,7392
91658,2016-12-01,04:55:00,101,1,5206
91659,2016-12-01,04:58:00,291,1,2199
91660,2016-12-01,05:08:00,399,1,10274
91661,2016-12-01,05:13:00,170,1,8830
91662,2016-12-01,05:30:00,158,1,6780
91663,2016-12-01,05:31:00,131,1,1330
91664,2016-12-01,05:45:00,409,2,6289
91665,2016-12-01,06:05:00,291,2,4472
91666,2016-12-01,06:06:00,82,1,11332
91667,2016-12-01,06:11:00,321,2,6971
91668,2016-12-01,06:21:00,411,1,5544
91669,2016-12-01,06:47:00,247,1,7711
91670,2016-12-01,06:47:00,441,1,5913
91671,2016-12-01,06:57:00,286,1,8549
91672,2016-12-01,07:01:00,197,1,8448
91673,2016-12-01,07:02:00,124,3,3840
91674,2016-12-01,07:08:00,82,4,870
91675,2016-12-01,07:13:00,34,2,1276
91676,2016-12-01,07:15:00,210,3,282
91677,2016-12-01,07:16:00,391,2,4299
91678,2016-12-01,07:17:00,367,3,8289
91679,2016-12-01,07:24:00,49,1,8303
91680,2016-12-01,07:24:00,356,1,2698
91681,2016-12-01,07:29:00,235,1,3797
91682,2016-12-01,07:30:00,431,3,3225
91683,2016-12-01,07:31:00,88,4,4879
91684,2016-12-01,07:32:00,268,2,290
91685,2016-12-01,07:36:00,260,2,9086
91686,2016-12-01,07:51:00,396,2,3848
91687,2016-12-01,07:55:00,317,1,10681
91688,2016-12-01,08:03:00,5,1,4622
91689,2016-12-01,08:16:00,265,1,9796
91690,2016-12-01,08:25:00,315,2,4963
91691,2016-12-01,08:28:00,158,1,6542
91692,2016-12-01,08:28:00,33,2,8578
91693,2016-12-01,08:34:00,132,3,9895
91694,2016-12-01,08:39:00,255,4,41
91695,2016-12-01,08:40:00,253,2,6954
91696,2016-12-01,08:41:00,203,1,10423
91697,2016-12-01,08:55:00,48,5,5863
91698,2016-12-01,08:57:00,65,2,9751
91699,2016-12-01,09:12:00,38,1,9896
91700,2016-12-01,09:15:00,167,2,4488
91701,2016-12-01,09:23:00,276,1,3136
91702,2016-12-01,09:26:00,129,1,10766
91703,2016-12-01,09:29:00,75,2,8349
91704,2016-12-01,09:36:00,69,2,630
91705,2016-12-01,09:40:00,158,1,11464
91706,2016-12-01,09:41:00,440,2,9729
91707,2016-12-01,09:54:00,185,2,10580
91708,2016-12-01,09:55:00,332,2,6274
91709,2016-12-01,09:57:00,342,1,2980
91710,2016-12-01,10:06:00,386,2,3891
91711,2016-12-01,10:18:00,346,3,10816
91712,2016-12-01,10:19:00,26,3,2464
91713,2016-12-01,10:37:00,99,2,9339
91714,2016-12-01,10:39:00,58,2,7678
91715,2016-12-01,10:41:00,365,1,5308
91716,2016-12-01,10:43:00,248,5,10578
91717,2016-12-01,10:45:00,393,2,4999
91718,2016-12-01,10:48:00,261,3,10076
91719,2016-12-01,10:51:00,347,1,5680
91720,2016-12-01,10:55:00,270,1,4724
91721,2016-12-01,11:04:00,97,1,4727
91722,2016-12-01,11:17:00,193,2,11770
91723,2016-12-01,11:20:00,303,2,10316
91724,2016-12-01,11:27:00,408,1,1908
91725,2016-12-01,11:40:00,15,2,9512
91726,2016-12-01,11:43:00,111,3,2108
91727,2016-12-01,11:48:00,156,1,6551
91728,2016-12-01,11:55:00,79,2,10150
91729,2016-12-01,12:01:00,45,2,3438
91730,2016-12-01,12:02:00,75,2,9882
91731,2016-12-01,12:10:00,99,3,859
91732,2016-12-01,12:24:00,57,3,6312
91733,2016-12-01,12:27:00,354,1,5888
91734,2016-12-01,12:59:00,16,3,5846
91735,2016-12-01,13:00:00,354,3,1609
91736,2016-12-01,13:01:00,22,2,5545
91737,2016-12-01,13:11:00,94,1,495
91738,2016-12-01,13:11:00,33,4,4349
91739,2016-12-01,13:16:00,109,2,7237
91740,2016-12-01,13:18:00,28,2,7759
91741,2016-12-01,13:33:00,9,2,7236
91742,2016-12-01,13:38:00,259,4,9616
91743,2016-12-01,13:41:00,273,1,9356
91744,2016-12-01,13:41:00,86,2,7786
91745,2016-12-01,13:41:00,47,2,5808
91746,2016-12-01,13:46:00,74,2,1096
91747,2016-12-01,13:47:00,323,2,771
91748,2016-12-01,13:47:00,364,2,1366
91749,2016-12-01,13:54:00,126,2,9325
91750,2016-12-01,14:07:00,420,2,5339
91751,2016-12-01,14:07:00,444,1,11217
91752,2016-12-01,14:10:00,49,2,8395
91753,2016-12-01,14:26:00,330,2,11467
91754,2016-12-01,14:26:00,260,2,1152
91755,2016-12-01,14:30:00,45,4,1642
91756,2016-12-01,14:35:00,35,1,10967
91757,2016-12-01,14:40:00,425,2,2660
91758,2016-12-01,14:56:00,382,2,11407
91759,2016-12-01,15:03:00,181,4,11
91760,2016-12-01,15:04:00,168,1,4548
91761,2016-12-01,15:09:00,7,3,4396
91762,2016-12-01,15:09:00,397,2,7562
91763,2016-12-01,15:11:00,146,1,884
91764,2016-12-01,15:14:00,386,1,2455
91765,2016-12-01,15:19:00,9,3,3635
91766,2016-12-01,15:31:00,388,2,10146
91767,2016-12-01,15:38:00,279,2,539
91768,2016-12-01,15:46:00,349,2,4521
91769,2016-12-01,15:52:00,244,3,7189
91770,2016-12-01,15:57:00,437,3,9647
91771,2016-12-01,15:58:00,69,1,2942
91772,2016-12-01,16:00:00,343,1,7061
91773,2016-12-01,16:03:00,89,1,9357
91774,2016-12-01,16:21:00,299,2,2521
91775,2016-12-01,16:36:00,355,3,3672
91776,2016-12-01,16:50:00,259,3,1361
91777,2016-12-01,16:59:00,362,2,3756
91778,2016-12-01,17:04:00,176,4,10408
91779,2016-12-01,17:08:00,190,2,3
91780,2016-12-01,17:11:00,318,2,1352
91781,2016-12-01,17:20:00,371,2,10812
91782,2016-12-01,17:24:00,125,1,900
91783,2016-12-01,17:57:00,389,1,4589
91784,2016-12-01,18:05:00,188,2,4935
91785,2016-12-01,18:07:00,98,3,11319
91786,2016-12-01,18:09:00,280,4,8119
91787,2016-12-01,18:20:00,97,1,8529
91788,2016-12-01,18:21:00,427,2,5755
91789,2016-12-01,18:27:00,78,1,7082
91790,2016-12-01,18:37:00,432,2,6281
91791,2016-12-01,18:37:00,208,2,2540
91792,2016-12-01,18:59:00,96,2,5216
91793,2016-12-01,19:11:00,186,1,11532
91794,2016-12-01,19:12:00,249,1,1644
91795,2016-12-01,19:16:00,317,1,11125
91796,2016-12-01,19:18:00,121,2,675
91797,2016-12-01,19:18:00,120,1,11847
91798,2016-12-01,19:19:00,315,1,7052
91799,2016-12-01,19:35:00,73,1,5367
91800,2016-12-01,19:55:00,192,1,11430
91801,2016-12-01,19:58:00,417,3,8703
91802,2016-12-01,19:59:00,404,3,10948
91803,2016-12-01,20:13:00,210,1,6525
91804,2016-12-01,20:13:00,113,1,275
91805,2016-12-01,20:19:00,383,1,11085
91806,2016-12-01,20:20:00,196,1,9235
91807,2016-12-01,20:20:00,92,1,3058
91808,2016-12-01,20:22:00,53,2,7213
91809,2016-12-01,20:34:00,151,1,404
91810,2016-12-01,20:38:00,435,5,5957
91811,2016-12-01,20:38:00,268,3,368
91812,2016-12-01,20:38:00,444,1,2567
91813,2016-12-01,20:39:00,190,3,3070
91814,2016-12-01,20:55:00,124,1,1657
91815,2016-12-01,20:59:00,195,2,2986
91816,2016-12-01,21:03:00,207,1,31
91817,2016-12-01,21:09:00,260,1,7844
91818,2016-12-01,21:11:00,119,1,2379
91819,2016-12-01,21:33:00,432,2,11579
91820,2016-12-01,21:34:00,307,3,6237
91821,2016-12-01,21:54:00,181,1,2115
91822,2016-12-01,22:13:00,42,2,4426
91823,2016-12-01,22:26:00,423,1,8721
91824,2016-12-01,22:38:00,353,2,6124
91825,2016-12-01,22:39:00,62,1,3953
91826,2016-12-01,22:48:00,446,4,7171
91827,2016-12-01,22:48:00,452,3,295
91828,2016-12-01,22:55:00,76,2,4214
91829,2016-12-01,22:58:00,221,2,10036
91830,2016-12-01,23:00:00,348,3,11880
91831,2016-12-01,23:11:00,241,2,2028
91832,2016-12-01,23:15:00,244,2,9350
91833,2016-12-01,23:17:00,205,2,8461
91834,2016-12-01,23:21:00,205,2,11551
91835,2016-12-01,23:27:00,21,3,5517
91836,2016-12-01,23:27:00,31,2,5841
91837,2016-12-01,23:34:00,322,1,2031
91838,2016-12-01,23:35:00,206,5,7997
91839,2016-12-01,23:53:00,336,1,2613
91840,2016-12-01,23:59:00,69,2,11232
91841,2016-12-02,00:00:00,453,2,9528
91842,2016-12-02,00:11:00,416,3,2642
91843,2016-12-02,00:15:00,93,1,8117
91844,2016-12-02,00:23:00,1,1,10949
91845,2016-12-02,00:24:00,442,1,120
91846,2016-12-02,00:26:00,167,1,5066
91847,2016-12-02,00:28:00,324,1,11965
91848,2016-12-02,00:38:00,107,1,6047
91849,2016-12-02,00:41:00,216,2,1632
91850,2016-12-02,00:41:00,364,3,11541
91851,2016-12-02,01:00:00,328,2,10137
91852,2016-12-02,01:09:00,290,1,5665
91853,2016-12-02,01:30:00,59,2,3312
91854,2016-12-02,01:35:00,439,3,3849
91855,2016-12-02,01:37:00,115,3,7553
91856,2016-12-02,01:41:00,415,2,2891
91857,2016-12-02,01:47:00,196,2,6784
91858,2016-12-02,01:52:00,95,2,3702
91859,2016-12-02,01:52:00,434,1,1308
91860,2016-12-02,01:58:00,108,1,10369
91861,2016-12-02,02:09:00,74,2,4554
91862,2016-12-02,02:32:00,34,2,2751
91863,2016-12-02,02:32:00,420,2,10477
91864,2016-12-02,02:36:00,348,3,7893
91865,2016-12-02,02:37:00,149,2,1946
91866,2016-12-02,02:38:00,417,2,2823
91867,2016-12-02,02:41:00,65,2,7293
91868,2016-12-02,02:44:00,126,2,5016
91869,2016-12-02,02:49:00,120,2,5401
91870,2016-12-02,02:56:00,15,2,5216
91871,2016-12-02,02:59:00,167,2,9365
91872,2016-12-02,03:02:00,406,3,901
91873,2016-12-02,03:02:00,190,3,9835
91874,2016-12-02,03:07:00,304,2,4864
91875,2016-12-02,03:11:00,56,2,3956
91876,2016-12-02,03:11:00,307,2,6063
91877,2016-12-02,03:25:00,179,4,6344
91878,2016-12-02,03:26:00,15,1,1632
91879,2016-12-02,03:33:00,14,3,3629
91880,2016-12-02,03:33:00,439,2,3522
91881,2016-12-02,03:38:00,63,7,761
91882,2016-12-02,03:45:00,172,1,8976
91883,2016-12-02,03:46:00,130,3,9242
91884,2016-12-02,03:52:00,147,2,10250
91885,2016-12-02,03:54:00,320,2,4979
91886,2016-12-02,04:08:00,169,3,3464
91887,2016-12-02,04:11:00,227,1,8824
91888,2016-12-02,04:11:00,247,3,344
91889,2016-12-02,04:12:00,161,2,9901
91890,2016-12-02,04:14:00,140,3,1950
91891,2016-12-02,04:18:00,238,2,1002
91892,2016-12-02,04:24:00,70,1,6585
91893,2016-12-02,04:32:00,199,3,386
91894,2016-12-02,04:32:00,82,1,5718
91895,2016-12-02,04:37:00,218,2,7858
91896,2016-12-02,04:39:00,430,1,5082
91897,2016-12-02,04:39:00,16,4,6603
91898,2016-12-02,04:43:00,342,3,3892
91899,2016-12-02,04:48:00,26,2,7501
91900,2016-12-02,04:55:00,231,3,1869
91901,2016-12-02,04:58:00,225,2,8197
91902,2016-12-02,04:59:00,68,3,5191
91903,2016-12-02,05:00:00,357,2,5736
91904,2016-12-02,05:00:00,42,2,6053
91905,2016-12-02,05:03:00,233,1,4337
91906,2016-12-02,05:19:00,253,1,8979
91907,2016-12-02,05:25:00,117,1,11291
91908,2016-12-02,05:29:00,457,1,3832
91909,2016-12-02,05:45:00,157,2,8361
91910,2016-12-02,05:47:00,276,2,3166
91911,2016-12-02,05:57:00,231,1,9878
91912,2016-12-02,06:00:00,107,2,10506
91913,2016-12-02,06:02:00,399,4,596
91914,2016-12-02,06:04:00,315,5,598
91915,2016-12-02,06:04:00,358,1,7558
91916,2016-12-02,06:10:00,280,1,7720
91917,2016-12-02,06:12:00,297,2,2482
91918,2016-12-02,06:19:00,267,2,7539
91919,2016-12-02,06:25:00,100,3,5029
91920,2016-12-02,06:30:00,50,2,11944
91921,2016-12-02,06:32:00,442,2,6992
91922,2016-12-02,06:33:00,440,1,11187
91923,2016-12-02,06:39:00,287,1,1432
91924,2016-12-02,06:40:00,54,1,3673
91925,2016-12-02,06:44:00,449,2,7966
91926,2016-12-02,07:14:00,41,2,2361
91927,2016-12-02,07:20:00,191,2,7671
91928,2016-12-02,07:24:00,373,3,4644
91929,2016-12-02,07:34:00,62,3,8351
91930,2016-12-02,07:35:00,162,2,6075
91931,2016-12-02,07:35:00,91,3,9501
91932,2016-12-02,07:37:00,272,2,5552
91933,2016-12-02,07:54:00,288,3,7068
91934,2016-12-02,08:00:00,402,1,1060
91935,2016-12-02,08:04:00,430,2,9370
91936,2016-12-02,08:06:00,195,2,7899
91937,2016-12-02,08:10:00,444,2,6797
91938,2016-12-02,08:10:00,82,2,10949
91939,2016-12-02,08:18:00,141,1,7574
91940,2016-12-02,08:26:00,65,3,436
91941,2016-12-02,08:30:00,149,4,9719
91942,2016-12-02,08:34:00,102,1,8369
91943,2016-12-02,08:38:00,75,2,5270
91944,2016-12-02,08:50:00,279,3,11129
91945,2016-12-02,08:51:00,317,1,8190
91946,2016-12-02,09:01:00,418,2,6621
91947,2016-12-02,09:01:00,247,1,2006
91948,2016-12-02,09:05:00,164,2,3086
91949,2016-12-02,09:08:00,98,1,9960
91950,2016-12-02,09:17:00,358,1,6699
91951,2016-12-02,09:22:00,10,1,7241
91952,2016-12-02,09:23:00,229,3,5735
91953,2016-12-02,09:28:00,264,2,11231
91954,2016-12-02,09:34:00,412,1,2795
91955,2016-12-02,09:41:00,327,2,7286
91956,2016-12-02,09:45:00,62,2,9578
91957,2016-12-02,09:47:00,38,3,2127
91958,2016-12-02,10:28:00,103,2,4526
91959,2016-12-02,10:34:00,399,2,10854
91960,2016-12-02,10:43:00,38,2,3570
91961,2016-12-02,10:51:00,452,1,10127
91962,2016-12-02,10:52:00,429,3,4812
91963,2016-12-02,11:05:00,15,1,3834
91964,2016-12-02,11:11:00,51,2,6625
91965,2016-12-02,11:20:00,402,3,8430
91966,2016-12-02,11:26:00,345,2,8596
91967,2016-12-02,11:26:00,255,2,2482
91968,2016-12-02,11:35:00,267,4,3407
91969,2016-12-02,11:41:00,91,2,4254
91970,2016-12-02,11:43:00,326,1,3145
91971,2016-12-02,11:54:00,289,1,11982
91972,2016-12-02,12:00:00,416,1,3858
91973,2016-12-02,12:27:00,382,2,755
91974,2016-12-02,12:30:00,297,3,11132
91975,2016-12-02,12:38:00,144,2,6299
91976,2016-12-02,12:43:00,293,1,5626
91977,2016-12-02,12:45:00,384,1,2583
91978,2016-12-02,12:47:00,207,3,5414
91979,2016-12-02,12:50:00,196,1,8923
91980,2016-12-02,12:53:00,426,3,10869
91981,2016-12-02,13:00:00,234,1,10704
91982,2016-12-02,13:03:00,424,3,5719
91983,2016-12-02,13:04:00,396,1,5597
91984,2016-12-02,13:06:00,173,2,1645
91985,2016-12-02,13:14:00,447,1,4199
91986,2016-12-02,13:36:00,403,1,9343
91987,2016-12-02,13:47:00,18,3,4413
91988,2016-12-02,13:50:00,192,2,6515
91989,2016-12-02,14:01:00,206,4,3096
91990,2016-12-02,14:12:00,154,1,11627
91991,2016-12-02,14:13:00,143,1,8154
91992,2016-12-02,14:17:00,113,1,10477
91993,2016-12-02,14:26:00,316,1,8511
91994,2016-12-02,14:30:00,119,5,5842
91995,2016-12-02,14:36:00,397,2,1524
91996,2016-12-02,14:49:00,72,3,4008
91997,2016-12-02,14:50:00,9,5,931
91998,2016-12-02,14:51:00,433,3,6293
91999,2016-12-02,15:00:00,52,2,8339
92000,2016-12-02,15:01:00,5,2,11526
92001,2016-12-02,15:08:00,79,3,8611
92002,2016-12-02,15:12:00,59,1,10071
92003,2016-12-02,15:13:00,333,3,1559
92004,2016-12-02,15:18:00,236,2,247
92005,2016-12-02,15:24:00,271,1,8651
92006,2016-12-02,15:24:00,437,1,11458
92007,2016-12-02,15:29:00,313,1,10522
92008,2016-12-02,15:30:00,50,3,10893
92009,2016-12-02,15:37:00,242,3,3017
92010,2016-12-02,15:38:00,104,1,4604
92011,2016-12-02,15:42:00,208,2,4227
92012,2016-12-02,15:51:00,378,2,5795
92013,2016-12-02,16:10:00,148,2,2536
92014,2016-12-02,16:12:00,65,3,9942
92015,2016-12-02,16:16:00,311,1,2666
92016,2016-12-02,16:30:00,146,1,10588
92017,2016-12-02,16:32:00,282,4,387
92018,2016-12-02,16:39:00,145,2,10876
92019,2016-12-02,16:46:00,101,2,9664
92020,2016-12-02,16:47:00,256,3,317
92021,2016-12-02,16:49:00,105,2,7192
92022,2016-12-02,17:00:00,296,3,5126
92023,2016-12-02,17:08:00,455,1,7937
92024,2016-12-02,17:09:00,90,2,1560
92025,2016-12-02,17:12:00,176,3,8021
92026,2016-12-02,17:14:00,76,1,10779
92027,2016-12-02,17:25:00,53,2,6696
92028,2016-12-02,17:32:00,272,1,4730
92029,2016-12-02,17:35:00,314,2,1799
92030,2016-12-02,17:36:00,413,3,11290
92031,2016-12-02,17:44:00,8,1,5945
92032,2016-12-02,17:49:00,27,1,10853
92033,2016-12-02,17:50:00,37,1,9986
92034,2016-12-02,17:51:00,175,2,10760
92035,2016-12-02,17:52:00,268,1,11725
92036,2016-12-02,17:56:00,300,1,1641
92037,2016-12-02,18:03:00,134,3,6552
92038,2016-12-02,18:15:00,447,1,2183
92039,2016-12-02,18:16:00,453,2,6712
92040,2016-12-02,18:18:00,165,1,8798
92041,2016-12-02,18:22:00,425,1,8235
92042,2016-12-02,18:25:00,237,3,2537
92043,2016-12-02,18:26:00,57,3,11093
92044,2016-12-02,18:31:00,18,3,9249
92045,2016-12-02,18:32:00,458,2,5930
92046,2016-12-02,18:34:00,292,2,5197
92047,2016-12-02,18:34:00,209,4,6533
92048,2016-12-02,18:42:00,223,1,6421
92049,2016-12-02,18:42:00,311,3,8759
92050,2016-12-02,18:53:00,231,2,10426
92051,2016-12-02,18:59:00,328,1,1573
92052,2016-12-02,19:06:00,210,2,8472
92053,2016-12-02,19:12:00,223,1,1378
92054,2016-12-02,19:18:00,52,3,4402
92055,2016-12-02,19:19:00,30,2,5540
92056,2016-12-02,19:22:00,261,2,1252
92057,2016-12-02,19:24:00,79,1,521
92058,2016-12-02,19:24:00,294,4,4744
92059,2016-12-02,19:24:00,397,2,6876
92060,2016-12-02,19:25:00,134,1,888
92061,2016-12-02,19:30:00,394,2,2034
92062,2016-12-02,19:33:00,72,2,6927
92063,2016-12-02,19:42:00,182,2,1491
92064,2016-12-02,19:48:00,3,1,4378
92065,2016-12-02,19:48:00,6,3,782
92066,2016-12-02,19:48:00,306,2,1229
92067,2016-12-02,19:49:00,73,1,1630
92068,2016-12-02,19:54:00,347,2,4004
92069,2016-12-02,20:05:00,359,4,982
92070,2016-12-02,20:05:00,346,2,3760
92071,2016-12-02,20:09:00,103,2,1852
92072,2016-12-02,20:13:00,106,1,8038
92073,2016-12-02,20:15:00,135,3,1445
92074,2016-12-02,20:21:00,166,2,316
92075,2016-12-02,20:24:00,338,2,5334
92076,2016-12-02,20:28:00,294,1,1401
92077,2016-12-02,20:34:00,259,1,5738
92078,2016-12-02,20:35:00,318,3,5406
92079,2016-12-02,20:47:00,352,2,6075
92080,2016-12-02,20:49:00,259,4,4127
92081,2016-12-02,20:51:00,435,1,3582
92082,2016-12-02,20:57:00,380,1,102
92083,2016-12-02,21:03:00,135,2,8795
92084,2016-12-02,21:10:00,352,2,6758
92085,2016-12-02,21:12:00,324,3,4168
92086,2016-12-02,21:17:00,174,3,11635
92087,2016-12-02,21:18:00,341,3,8011
92088,2016-12-02,21:23:00,102,2,1744
92089,2016-12-02,21:30:00,392,2,8680
92090,2016-12-02,21:38:00,1,2,3688
92091,2016-12-02,21:38:00,422,2,6849
92092,2016-12-02,21:49:00,58,1,1045
92093,2016-12-02,21:53:00,109,2,10720
92094,2016-12-02,22:06:00,390,3,6253
92095,2016-12-02,22:18:00,92,2,7233
92096,2016-12-02,22:27:00,334,4,8517
92097,2016-12-02,22:30:00,281,2,7866
92098,2016-12-02,22:39:00,427,1,11823
92099,2016-12-02,22:40:00,175,2,3010
92100,2016-12-02,22:43:00,18,3,7576
92101,2016-12-02,22:43:00,167,1,7129
92102,2016-12-02,22:43:00,258,3,3989
92103,2016-12-02,22:44:00,446,3,1875
92104,2016-12-02,22:44:00,17,3,2045
92105,2016-12-02,22:45:00,390,4,10258
92106,2016-12-02,22:50:00,326,3,6232
92107,2016-12-02,22:54:00,116,3,10199
92108,2016-12-02,22:59:00,275,3,3448
92109,2016-12-02,23:06:00,34,2,4801
92110,2016-12-02,23:06:00,440,2,9319
92111,2016-12-02,23:11:00,161,2,3609
92112,2016-12-02,23:14:00,136,2,5038
92113,2016-12-02,23:21:00,168,1,9104
92114,2016-12-02,23:29:00,64,4,1445
92115,2016-12-02,23:29:00,393,1,9581
92116,2016-12-02,23:31:00,306,4,7244
92117,2016-12-02,23:38:00,423,1,5011
92118,2016-12-02,23:41:00,396,3,5843
92119,2016-12-02,23:42:00,214,2,2674
92120,2016-12-02,23:54:00,380,3,10771
92121,2016-12-03,00:02:00,200,6,4943
92122,2016-12-03,00:04:00,307,1,1314
92123,2016-12-03,00:11:00,3,3,11091
92124,2016-12-03,00:15:00,248,4,9577
92125,2016-12-03,00:15:00,335,1,9068
92126,2016-12-03,00:22:00,428,2,2622
92127,2016-12-03,00:25:00,137,1,10394
92128,2016-12-03,00:43:00,209,1,43
92129,2016-12-03,00:59:00,127,2,196
92130,2016-12-03,01:05:00,219,2,5739
92131,2016-12-03,01:07:00,209,2,8902
92132,2016-12-03,01:28:00,433,1,1389
92133,2016-12-03,01:34:00,358,2,1425
92134,2016-12-03,01:51:00,270,1,6884
92135,2016-12-03,01:55:00,370,3,11813
92136,2016-12-03,01:58:00,76,3,11583
92137,2016-12-03,01:59:00,206,1,4119
92138,2016-12-03,01:59:00,2,2,5738
92139,2016-12-03,02:11:00,193,2,8281
92140,2016-12-03,02:15:00,190,1,7390
92141,2016-12-03,02:19:00,308,3,2343
92142,2016-12-03,02:25:00,6,2,1197
92143,2016-12-03,02:32:00,366,2,2889
92144,2016-12-03,02:41:00,374,2,9409
92145,2016-12-03,02:48:00,322,2,11712
92146,2016-12-03,02:50:00,79,1,7388
92147,2016-12-03,02:53:00,237,3,4043
92148,2016-12-03,02:54:00,212,2,2705
92149,2016-12-03,02:55:00,53,1,9948
92150,2016-12-03,03:02:00,19,2,3532
92151,2016-12-03,03:04:00,110,2,5223
92152,2016-12-03,03:05:00,435,2,6186
92153,2016-12-03,03:06:00,86,2,2104
92154,2016-12-03,03:12:00,88,4,1605
92155,2016-12-03,03:18:00,307,2,2317
92156,2016-12-03,03:22:00,128,1,2175
92157,2016-12-03,03:26:00,316,2,890
92158,2016-12-03,03:33:00,163,3,2148
92159,2016-12-03,03:34:00,375,1,10103
92160,2016-12-03,03:40:00,197,1,7699
92161,2016-12-03,03:54:00,293,1,375
92162,2016-12-03,03:56:00,78,1,8282
92163,2016-12-03,04:11:00,332,1,4414
92164,2016-12-03,04:11:00,77,1,11043
92165,2016-12-03,04:23:00,19,2,5484
92166,2016-12-03,04:24:00,205,2,1202
92167,2016-12-03,04:27:00,223,2,4513
92168,2016-12-03,04:34:00,18,3,6665
92169,2016-12-03,04:34:00,362,1,10212
92170,2016-12-03,04:38:00,16,2,9473
92171,2016-12-03,04:40:00,198,2,6546
92172,2016-12-03,04:42:00,91,3,9564
92173,2016-12-03,04:44:00,434,2,9082
92174,2016-12-03,04:49:00,191,2,10509
92175,2016-12-03,04:54:00,44,2,11157
92176,2016-12-03,04:55:00,211,1,1176
92177,2016-12-03,04:57:00,336,2,6481
92178,2016-12-03,05:01:00,313,2,11524
92179,2016-12-03,05:06:00,96,3,2038
92180,2016-12-03,05:14:00,365,3,8004
92181,2016-12-03,05:36:00,381,1,27
92182,2016-12-03,05:38:00,135,2,3967
92183,2016-12-03,05:56:00,215,2,6850
92184,2016-12-03,06:04:00,201,3,2966
92185,2016-12-03,06:29:00,149,2,8992
92186,2016-12-03,06:35:00,395,5,4933
92187,2016-12-03,06:35:00,61,2,691
92188,2016-12-03,06:38:00,10,3,10960
92189,2016-12-03,06:46:00,52,2,7493
92190,2016-12-03,06:53:00,391,2,6575
92191,2016-12-03,06:57:00,37,2,5651
92192,2016-12-03,07:14:00,324,2,3235
92193,2016-12-03,07:23:00,219,1,6804
92194,2016-12-03,07:24:00,34,1,9398
92195,2016-12-03,07:33:00,162,2,4981
92196,2016-12-03,07:36:00,136,1,1313
92197,2016-12-03,07:49:00,298,3,763
92198,2016-12-03,07:49:00,189,1,9696
92199,2016-12-03,07:53:00,234,2,5083
92200,2016-12-03,07:54:00,22,3,11982
92201,2016-12-03,07:55:00,267,3,3661
92202,2016-12-03,07:56:00,17,2,7299
92203,2016-12-03,08:00:00,66,1,9789
92204,2016-12-03,08:04:00,152,2,11959
92205,2016-12-03,08:14:00,151,3,8378
92206,2016-12-03,08:16:00,308,1,7320
92207,2016-12-03,08:20:00,320,2,9495
92208,2016-12-03,08:25:00,345,2,11469
92209,2016-12-03,08:26:00,374,1,4712
92210,2016-12-03,08:26:00,8,2,7756
92211,2016-12-03,08:29:00,66,2,10769
92212,2016-12-03,08:30:00,278,1,10344
92213,2016-12-03,08:31:00,220,1,11708
92214,2016-12-03,08:34:00,214,1,3464
92215,2016-12-03,08:36:00,168,1,2928
92216,2016-12-03,08:43:00,409,1,10565
92217,2016-12-03,08:51:00,3,2,9032
92218,2016-12-03,08:54:00,214,2,163
92219,2016-12-03,09:08:00,379,2,3776
92220,2016-12-03,09:09:00,242,2,8765
92221,2016-12-03,09:16:00,31,1,3513
92222,2016-12-03,09:24:00,93,5,5533
92223,2016-12-03,09:25:00,118,1,4998
92224,2016-12-03,09:41:00,53,3,7340
92225,2016-12-03,09:41:00,76,2,7102
92226,2016-12-03,09:43:00,431,2,1667
92227,2016-12-03,09:44:00,377,1,7238
92228,2016-12-03,09:45:00,64,2,4274
92229,2016-12-03,09:47:00,292,2,7293
92230,2016-12-03,09:48:00,187,1,8815
92231,2016-12-03,09:58:00,274,3,10662
92232,2016-12-03,10:03:00,37,2,11661
92233,2016-12-03,10:14:00,62,3,490
92234,2016-12-03,10:18:00,102,4,9639
92235,2016-12-03,10:35:00,387,1,10297
92236,2016-12-03,10:36:00,270,2,4255
92237,2016-12-03,10:37:00,134,3,2676
92238,2016-12-03,10:37:00,355,1,9000
92239,2016-12-03,10:39:00,172,1,594
92240,2016-12-03,10:45:00,98,2,2592
92241,2016-12-03,10:46:00,184,2,7973
92242,2016-12-03,10:47:00,286,1,1586
92243,2016-12-03,10:49:00,6,3,3604
92244,2016-12-03,10:50:00,226,2,8589
92245,2016-12-03,10:53:00,148,1,6491
92246,2016-12-03,10:57:00,334,1,2551
92247,2016-12-03,10:58:00,379,4,7562
92248,2016-12-03,11:13:00,125,5,4511
92249,2016-12-03,11:13:00,294,4,10109
92250,2016-12-03,11:27:00,390,3,10521
92251,2016-12-03,11:28:00,223,2,4159
92252,2016-12-03,11:28:00,288,2,8699
92253,2016-12-03,11:30:00,109,3,7765
92254,2016-12-03,11:31:00,361,2,8347
92255,2016-12-03,11:31:00,380,1,2580
92256,2016-12-03,11:33:00,25,2,11342
92257,2016-12-03,11:36:00,129,4,7296
92258,2016-12-03,11:36:00,102,2,6131
92259,2016-12-03,11:38:00,245,2,6104
92260,2016-12-03,11:42:00,272,2,2383
92261,2016-12-03,11:45:00,57,2,10386
92262,2016-12-03,11:54:00,80,1,4354
92263,2016-12-03,11:57:00,217,1,9738
92264,2016-12-03,12:04:00,45,3,11469
92265,2016-12-03,12:11:00,283,1,11878
92266,2016-12-03,12:17:00,297,2,3658
92267,2016-12-03,12:35:00,12,2,8324
92268,2016-12-03,12:40:00,284,2,1511
92269,2016-12-03,12:57:00,391,3,2490
92270,2016-12-03,13:11:00,264,1,3627
92271,2016-12-03,13:18:00,186,4,4663
92272,2016-12-03,13:19:00,218,4,9200
92273,2016-12-03,13:22:00,196,1,7983
92274,2016-12-03,13:33:00,124,4,8673
92275,2016-12-03,13:40:00,258,1,7246
92276,2016-12-03,13:47:00,299,3,9656
92277,2016-12-03,13:57:00,181,1,2741
92278,2016-12-03,14:04:00,24,1,11711
92279,2016-12-03,14:05:00,5,1,6822
92280,2016-12-03,14:10:00,287,1,3496
92281,2016-12-03,14:13:00,160,6,3281
92282,2016-12-03,14:22:00,334,1,8872
92283,2016-12-03,14:24:00,138,2,4826
92284,2016-12-03,14:27:00,112,1,9648
92285,2016-12-03,14:33:00,14,3,7620
92286,2016-12-03,14:35:00,217,3,6514
92287,2016-12-03,14:39:00,96,2,11014
92288,2016-12-03,14:41:00,29,2,9108
92289,2016-12-03,14:41:00,117,1,10539
92290,2016-12-03,14:52:00,7,1,600
92291,2016-12-03,15:02:00,249,2,8216
92292,2016-12-03,15:09:00,166,4,10125
92293,2016-12-03,15:11:00,145,1,3768
92294,2016-12-03,15:18:00,292,4,11634
92295,2016-12-03,15:18:00,274,1,7234
92296,2016-12-03,15:35:00,152,1,10558
92297,2016-12-03,15:36:00,414,1,8014
92298,2016-12-03,15:39:00,321,1,10652
92299,2016-12-03,15:40:00,303,3,4010
92300,2016-12-03,16:00:00,42,2,272
92301,2016-12-03,16:05:00,196,2,3469
92302,2016-12-03,16:06:00,56,1,10758
92303,2016-12-03,16:08:00,272,2,10002
92304,2016-12-03,16:17:00,2,2,9294
92305,2016-12-03,16:29:00,114,1,5544
92306,2016-12-03,16:39:00,391,3,7537
92307,2016-12-03,16:49:00,337,2,158
92308,2016-12-03,16:50:00,125,1,1360
92309,2016-12-03,16:54:00,176,5,11622
92310,2016-12-03,17:00:00,32,1,6787
92311,2016-12-03,17:09:00,157,3,10234
92312,2016-12-03,17:11:00,266,3,9729
92313,2016-12-03,17:23:00,149,2,155
92314,2016-12-03,17:23:00,331,2,1595
92315,2016-12-03,17:36:00,60,1,10415
92316,2016-12-03,17:54:00,357,1,6803
92317,2016-12-03,17:56:00,317,2,2509
92318,2016-12-03,17:58:00,316,3,11078
92319,2016-12-03,18:01:00,122,1,5365
92320,2016-12-03,18:07:00,108,2,11346
92321,2016-12-03,18:16:00,190,4,10606
92322,2016-12-03,18:19:00,147,2,4516
92323,2016-12-03,18:28:00,418,4,4311
92324,2016-12-03,18:32:00,420,3,10803
92325,2016-12-03,18:36:00,309,2,6829
92326,2016-12-03,18:41:00,325,2,893
92327,2016-12-03,18:42:00,417,3,7186
92328,2016-12-03,18:46:00,424,2,7277
92329,2016-12-03,18:50:00,128,2,10552
92330,2016-12-03,18:55:00,187,1,11096
92331,2016-12-03,19:09:00,323,1,5191
92332,2016-12-03,19:23:00,198,1,10128
92333,2016-12-03,19:37:00,333,2,7571
92334,2016-12-03,19:43:00,441,6,2435
92335,2016-12-03,19:44:00,350,1,9060
92336,2016-12-03,19:47:00,380,2,500
92337,2016-12-03,19:47:00,456,2,5665
92338,2016-12-03,19:48:00,123,1,2972
92339,2016-12-03,20:00:00,260,3,1318
92340,2016-12-03,20:04:00,202,2,6907
92341,2016-12-03,20:13:00,371,4,8579
92342,2016-12-03,20:15:00,224,3,9465
92343,2016-12-03,20:24:00,118,1,2694
92344,2016-12-03,20:27:00,41,3,8603
92345,2016-12-03,20:30:00,354,3,2027
92346,2016-12-03,20:36:00,22,2,914
92347,2016-12-03,20:37:00,328,3,3374
92348,2016-12-03,20:43:00,431,3,194
92349,2016-12-03,20:45:00,287,3,1718
92350,2016-12-03,21:14:00,183,3,7443
92351,2016-12-03,21:16:00,331,1,6474
92352,2016-12-03,21:16:00,121,1,3534
92353,2016-12-03,21:18:00,266,1,271
92354,2016-12-03,21:22:00,219,3,3511
92355,2016-12-03,21:25:00,236,3,2789
92356,2016-12-03,21:31:00,215,1,6207
92357,2016-12-03,21:47:00,449,2,9765
92358,2016-12-03,21:49:00,326,2,9616
92359,2016-12-03,21:54:00,219,2,10123
92360,2016-12-03,22:01:00,294,1,844
92361,2016-12-03,22:01:00,112,2,9197
92362,2016-12-03,22:06:00,190,1,4297
92363,2016-12-03,22:13:00,90,2,7502
92364,2016-12-03,22:25:00,34,1,5920
92365,2016-12-03,22:30:00,114,1,9149
92366,2016-12-03,22:31:00,145,1,9301
92367,2016-12-03,22:44:00,168,3,2557
92368,2016-12-03,22:44:00,186,1,10060
92369,2016-12-03,22:45:00,105,3,7625
92370,2016-12-03,22:54:00,328,3,900
92371,2016-12-03,22:59:00,298,3,11312
92372,2016-12-03,23:01:00,438,3,11084
92373,2016-12-03,23:22:00,433,1,2299
92374,2016-12-03,23:28:00,416,2,5985
92375,2016-12-03,23:37:00,43,1,4310
92376,2016-12-03,23:46:00,302,1,11193
92377,2016-12-04,00:03:00,176,1,2411
92378,2016-12-04,00:05:00,384,2,3730
92379,2016-12-04,00:08:00,420,1,861
92380,2016-12-04,00:10:00,167,2,9675
92381,2016-12-04,00:11:00,389,1,4710
92382,2016-12-04,00:13:00,122,2,2579
92383,2016-12-04,00:20:00,243,3,3736
92384,2016-12-04,00:27:00,205,3,2781
92385,2016-12-04,00:33:00,190,2,5240
92386,2016-12-04,00:37:00,297,1,892
92387,2016-12-04,00:42:00,222,2,8231
92388,2016-12-04,00:54:00,332,5,7324
92389,2016-12-04,00:57:00,136,3,8131
92390,2016-12-04,01:13:00,331,3,10212
92391,2016-12-04,01:14:00,320,1,10503
92392,2016-12-04,01:16:00,134,2,930
92393,2016-12-04,01:18:00,246,1,17
92394,2016-12-04,01:32:00,416,2,7644
92395,2016-12-04,01:32:00,169,1,9136
92396,2016-12-04,01:34:00,32,1,5919
92397,2016-12-04,01:42:00,11,2,10853
92398,2016-12-04,01:45:00,189,2,10989
92399,2016-12-04,01:45:00,389,2,5319
92400,2016-12-04,01:57:00,398,1,3689
92401,2016-12-04,01:58:00,308,5,5159
92402,2016-12-04,02:00:00,16,2,435
92403,2016-12-04,02:07:00,397,1,7639
92404,2016-12-04,02:11:00,349,2,5485
92405,2016-12-04,02:41:00,154,1,11056
92406,2016-12-04,02:44:00,154,1,1458
92407,2016-12-04,02:54:00,456,1,5036
92408,2016-12-04,02:58:00,237,1,779
92409,2016-12-04,03:00:00,412,3,2691
92410,2016-12-04,03:01:00,454,2,27
92411,2016-12-04,03:11:00,436,1,4558
92412,2016-12-04,03:13:00,360,1,8719
92413,2016-12-04,03:22:00,163,1,307
92414,2016-12-04,03:28:00,379,2,171
92415,2016-12-04,03:29:00,89,4,10230
92416,2016-12-04,03:46:00,312,4,3461
92417,2016-12-04,03:48:00,127,2,5138
92418,2016-12-04,03:52:00,53,2,5985
92419,2016-12-04,03:56:00,278,1,5820
92420,2016-12-04,04:09:00,350,3,9646
92421,2016-12-04,04:27:00,230,2,2921
92422,2016-12-04,04:32:00,47,2,8297
92423,2016-12-04,04:33:00,130,1,8927
92424,2016-12-04,04:36:00,40,2,11574
92425,2016-12-04,04:39:00,368,2,4930
92426,2016-12-04,04:40:00,74,4,10480
92427,2016-12-04,04:50:00,239,4,10814
92428,2016-12-04,04:53:00,15,3,5464
92429,2016-12-04,04:55:00,401,3,7389
92430,2016-12-04,04:56:00,407,1,5434
92431,2016-12-04,05:00:00,265,1,11779
92432,2016-12-04,05:00:00,216,1,5321
92433,2016-12-04,05:05:00,439,2,8628
92434,2016-12-04,05:10:00,2,1,9909
92435,2016-12-04,05:21:00,45,2,9730
92436,2016-12-04,05:26:00,97,1,4997
92437,2016-12-04,05:28:00,211,1,378
92438,2016-12-04,05:30:00,451,5,11620
92439,2016-12-04,05:37:00,242,1,4544
92440,2016-12-04,05:39:00,20,1,6240
92441,2016-12-04,05:55:00,116,1,6447
92442,2016-12-04,06:03:00,380,2,3050
92443,2016-12-04,06:04:00,55,1,3
92444,2016-12-04,06:08:00,403,3,7117
92445,2016-12-04,06:13:00,403,1,1070
92446,2016-12-04,06:18:00,303,3,11200
92447,2016-12-04,06:18:00,228,2,8342
92448,2016-12-04,06:23:00,376,1,10997
92449,2016-12-04,06:51:00,89,1,11849
92450,2016-12-04,07:00:00,204,2,6505
92451,2016-12-04,07:15:00,203,3,4401
92452,2016-12-04,07:24:00,3,3,3991
92453,2016-12-04,07:28:00,101,4,4467
92454,2016-12-04,07:29:00,308,1,7616
92455,2016-12-04,07:29:00,95,4,2334
92456,2016-12-04,07:35:00,400,2,6262
92457,2016-12-04,07:42:00,330,2,279
92458,2016-12-04,07:59:00,400,1,5566
92459,2016-12-04,07:59:00,420,3,9253
92460,2016-12-04,08:03:00,28,3,6726
92461,2016-12-04,08:14:00,320,2,7388
92462,2016-12-04,08:29:00,316,2,6159
92463,2016-12-04,08:41:00,211,1,8507
92464,2016-12-04,08:44:00,193,1,7045
92465,2016-12-04,08:47:00,37,2,8763
92466,2016-12-04,08:56:00,320,3,6781
92467,2016-12-04,09:00:00,151,1,7005
92468,2016-12-04,09:11:00,411,3,4363
92469,2016-12-04,09:22:00,375,3,679
92470,2016-12-04,09:44:00,204,2,375
92471,2016-12-04,09:49:00,256,2,11573
92472,2016-12-04,09:51:00,294,2,2895
92473,2016-12-04,10:05:00,100,2,6435
92474,2016-12-04,10:07:00,47,1,5369
92475,2016-12-04,10:07:00,125,2,3474
92476,2016-12-04,10:08:00,407,1,5535
92477,2016-12-04,10:13:00,332,2,11397
92478,2016-12-04,10:19:00,365,1,2327
92479,2016-12-04,10:20:00,88,1,2157
92480,2016-12-04,10:20:00,359,3,9232
92481,2016-12-04,10:21:00,379,3,11937
92482,2016-12-04,10:32:00,44,2,9559
92483,2016-12-04,10:35:00,203,3,10796
92484,2016-12-04,10:37:00,294,1,2496
92485,2016-12-04,10:41:00,335,2,8970
92486,2016-12-04,10:45:00,374,1,1953
92487,2016-12-04,10:52:00,238,2,5956
92488,2016-12-04,11:04:00,134,3,1
92489,2016-12-04,11:07:00,98,3,2430
92490,2016-12-04,11:15:00,236,1,2644
92491,2016-12-04,11:17:00,406,1,9723
92492,2016-12-04,11:22:00,57,4,5474
92493,2016-12-04,11:24:00,430,1,4081
92494,2016-12-04,11:28:00,442,3,3838
92495,2016-12-04,11:28:00,423,3,3491
92496,2016-12-04,11:52:00,422,4,3411
92497,2016-12-04,11:55:00,252,1,6756
92498,2016-12-04,12:12:00,276,1,7683
92499,2016-12-04,12:15:00,104,2,1804
92500,2016-12-04,12:19:00,422,3,2221
92501,2016-12-04,12:19:00,434,4,4901
92502,2016-12-04,12:26:00,381,3,10744
92503,2016-12-04,12:29:00,94,1,731
92504,2016-12-04,12:31:00,321,4,10807
92505,2016-12-04,12:32:00,289,3,11365
92506,2016-12-04,12:32:00,195,1,3441
92507,2016-12-04,12:48:00,445,2,1023
92508,2016-12-04,12:50:00,375,2,9670
92509,2016-12-04,12:50:00,70,2,1833
92510,2016-12-04,12:51:00,443,1,2149
92511,2016-12-04,12:59:00,156,2,7542
92512,2016-12-04,13:01:00,303,1,480
92513,2016-12-04,13:06:00,79,1,8972
92514,2016-12-04,13:08:00,370,1,5545
92515,2016-12-04,13:09:00,208,1,6174
92516,2016-12-04,13:14:00,271,3,5851
92517,2016-12-04,13:15:00,258,2,1078
92518,2016-12-04,13:18:00,229,5,10605
92519,2016-12-04,13:22:00,398,2,10143
92520,2016-12-04,13:27:00,184,1,4546
92521,2016-12-04,13:28:00,51,1,7448
92522,2016-12-04,13:28:00,66,2,3486
92523,2016-12-04,13:31:00,397,4,3312
92524,2016-12-04,13:34:00,50,3,2046
92525,2016-12-04,13:35:00,74,3,425
92526,2016-12-04,13:36:00,186,3,4805
92527,2016-12-04,13:36:00,12,2,6315
92528,2016-12-04,13:49:00,204,2,4857
92529,2016-12-04,14:00:00,93,1,1467
92530,2016-12-04,14:08:00,285,3,5729
92531,2016-12-04,14:15:00,187,3,8674
92532,2016-12-04,14:20:00,450,5,7863
92533,2016-12-04,14:25:00,187,1,8799
92534,2016-12-04,14:30:00,423,2,11767
92535,2016-12-04,14:37:00,125,1,11632
92536,2016-12-04,14:41:00,333,3,3873
92537,2016-12-04,14:43:00,356,2,9054
92538,2016-12-04,14:47:00,243,1,7453
92539,2016-12-04,14:58:00,378,1,8555
92540,2016-12-04,14:59:00,400,3,2632
92541,2016-12-04,14:59:00,12,1,4129
92542,2016-12-04,15:00:00,314,2,2638
92543,2016-12-04,15:02:00,323,1,2275
92544,2016-12-04,15:11:00,424,2,2926
92545,2016-12-04,15:23:00,250,1,7901
92546,2016-12-04,15:26:00,406,1,8509
92547,2016-12-04,15:29:00,122,2,7952
92548,2016-12-04,15:33:00,113,4,6102
92549,2016-12-04,15:37:00,66,3,7643
92550,2016-12-04,15:45:00,154,2,11934
92551,2016-12-04,15:52:00,164,3,81
92552,2016-12-04,15:55:00,260,2,2774
92553,2016-12-04,16:01:00,229,4,9147
92554,2016-12-04,16:03:00,402,1,9212
92555,2016-12-04,16:03:00,56,2,3834
92556,2016-12-04,16:05:00,21,1,11115
92557,2016-12-04,16:14:00,269,3,8979
92558,2016-12-04,16:18:00,281,2,6514
92559,2016-12-04,16:22:00,443,1,7435
92560,2016-12-04,16:31:00,352,3,7880
92561,2016-12-04,16:33:00,333,4,1432
92562,2016-12-04,16:51:00,362,1,267
92563,2016-12-04,16:57:00,254,2,2475
92564,2016-12-04,16:58:00,221,2,10972
92565,2016-12-04,16:59:00,25,4,66
92566,2016-12-04,17:21:00,317,1,5256
92567,2016-12-04,17:25:00,22,2,3144
92568,2016-12-04,17:26:00,103,2,1120
92569,2016-12-04,17:27:00,208,1,11076
92570,2016-12-04,17:32:00,336,1,1771
92571,2016-12-04,17:39:00,295,1,2880
92572,2016-12-04,17:43:00,452,1,8545
92573,2016-12-04,17:45:00,93,2,5779
92574,2016-12-04,17:57:00,440,1,11873
92575,2016-12-04,18:03:00,392,4,1674
92576,2016-12-04,18:06:00,344,2,362
92577,2016-12-04,18:20:00,197,2,3539
92578,2016-12-04,18:20:00,258,1,4796
92579,2016-12-04,18:33:00,34,1,3930
92580,2016-12-04,18:42:00,447,2,8378
92581,2016-12-04,18:42:00,105,2,4042
92582,2016-12-04,18:44:00,101,2,9721
92583,2016-12-04,18:48:00,72,2,8367
92584,2016-12-04,18:49:00,331,2,4650
92585,2016-12-04,18:53:00,218,2,7958
92586,2016-12-04,18:54:00,269,2,1549
92587,2016-12-04,19:05:00,155,3,441
92588,2016-12-04,19:14:00,58,3,8520
92589,2016-12-04,19:17:00,400,3,7963
92590,2016-12-04,19:24:00,265,2,10504
92591,2016-12-04,19:26:00,377,2,6718
92592,2016-12-04,19:29:00,406,3,10973
92593,2016-12-04,19:35:00,285,2,8268
92594,2016-12-04,19:36:00,167,2,10296
92595,2016-12-04,19:38:00,162,2,2798
92596,2016-12-04,19:48:00,223,1,4167
92597,2016-12-04,19:53:00,441,2,8976
92598,2016-12-04,19:55:00,288,1,4260
92599,2016-12-04,20:03:00,404,3,10420
92600,2016-12-04,20:07:00,110,4,9999
92601,2016-12-04,20:12:00,66,2,11360
92602,2016-12-04,20:15:00,137,1,8992
92603,2016-12-04,20:17:00,341,2,9315
92604,2016-12-04,20:21:00,370,2,4519
92605,2016-12-04,20:23:00,252,1,3298
92606,2016-12-04,20:24:00,106,1,767
92607,2016-12-04,20:32:00,374,2,1962
92608,2016-12-04,20:42:00,32,1,2191
92609,2016-12-04,20:44:00,271,1,10014
92610,2016-12-04,20:56:00,434,1,2637
92611,2016-12-04,20:56:00,377,2,7368
92612,2016-12-04,21:01:00,145,2,6353
92613,2016-12-04,21:08:00,394,1,7617
92614,2016-12-04,21:08:00,87,3,4335
92615,2016-12-04,21:13:00,371,1,11987
92616,2016-12-04,21:13:00,376,1,7416
92617,2016-12-04,21:17:00,344,3,4284
92618,2016-12-04,21:26:00,306,1,4119
92619,2016-12-04,21:27:00,304,2,3802
92620,2016-12-04,21:38:00,213,1,10731
92621,2016-12-04,21:41:00,26,1,6759
92622,2016-12-04,21:43:00,139,1,6347
92623,2016-12-04,21:47:00,233,2,10121
92624,2016-12-04,21:50:00,440,3,8496
92625,2016-12-04,22:03:00,433,1,4073
92626,2016-12-04,22:12:00,440,2,1390
92627,2016-12-04,22:17:00,437,1,3518
92628,2016-12-04,22:43:00,336,1,2911
92629,2016-12-04,22:47:00,98,2,11605
92630,2016-12-04,22:49:00,132,4,3843
92631,2016-12-04,22:54:00,400,1,10905
92632,2016-12-04,22:59:00,361,1,351
92633,2016-12-04,23:12:00,193,3,9516
92634,2016-12-04,23:15:00,424,2,7968
92635,2016-12-04,23:22:00,306,2,10337
92636,2016-12-04,23:29:00,255,1,5713
92637,2016-12-04,23:37:00,211,1,363
92638,2016-12-04,23:42:00,209,4,613
92639,2016-12-04,23:50:00,270,1,7600
92640,2016-12-05,00:05:00,289,3,10535
92641,2016-12-05,00:08:00,420,4,3547
92642,2016-12-05,00:17:00,244,2,6202
92643,2016-12-05,00:23:00,446,1,982
92644,2016-12-05,00:23:00,37,3,2572
92645,2016-12-05,00:25:00,154,1,879
92646,2016-12-05,00:31:00,314,2,9953
92647,2016-12-05,00:35:00,50,1,896
92648,2016-12-05,00:45:00,160,2,11794
92649,2016-12-05,00:49:00,61,1,1883
92650,2016-12-05,00:50:00,327,2,5894
92651,2016-12-05,00:57:00,35,5,3238
92652,2016-12-05,01:10:00,98,2,296
92653,2016-12-05,01:13:00,82,3,4208
92654,2016-12-05,01:17:00,336,2,7999
92655,2016-12-05,01:27:00,214,1,6965
92656,2016-12-05,01:30:00,141,1,6444
92657,2016-12-05,01:31:00,93,1,1795
92658,2016-12-05,01:31:00,166,2,11004
92659,2016-12-05,01:33:00,92,1,3155
92660,2016-12-05,01:41:00,19,2,10830
92661,2016-12-05,01:42:00,321,1,8751
92662,2016-12-05,01:46:00,298,1,4473
92663,2016-12-05,01:46:00,167,1,3020
92664,2016-12-05,01:51:00,345,5,4514
92665,2016-12-05,02:07:00,255,2,4219
92666,2016-12-05,02:08:00,327,2,5006
92667,2016-12-05,02:10:00,372,2,10764
92668,2016-12-05,02:17:00,171,1,1379
92669,2016-12-05,02:19:00,114,3,1496
92670,2016-12-05,02:26:00,49,2,1714
92671,2016-12-05,02:33:00,155,4,6232
92672,2016-12-05,02:34:00,332,1,3529
92673,2016-12-05,02:38:00,319,4,573
92674,2016-12-05,02:41:00,10,1,4908
92675,2016-12-05,02:51:00,354,3,1537
92676,2016-12-05,02:52:00,318,1,10733
92677,2016-12-05,02:55:00,402,1,11213
92678,2016-12-05,02:58:00,200,2,8146
92679,2016-12-05,03:09:00,397,2,11212
92680,2016-12-05,03:10:00,170,3,10749
92681,2016-12-05,03:13:00,353,1,11607
92682,2016-12-05,03:23:00,35,1,3427
92683,2016-12-05,03:28:00,121,2,1671
92684,2016-12-05,03:31:00,98,1,5341
92685,2016-12-05,03:34:00,296,3,11593
92686,2016-12-05,03:37:00,185,3,419
92687,2016-12-05,03:43:00,191,2,10902
92688,2016-12-05,03:51:00,54,3,4646
92689,2016-12-05,03:54:00,283,4,2457
92690,2016-12-05,04:01:00,258,1,8635
92691,2016-12-05,04:10:00,49,1,10487
92692,2016-12-05,04:13:00,241,2,10405
92693,2016-12-05,04:14:00,328,1,11253
92694,2016-12-05,04:18:00,386,2,10704
92695,2016-12-05,04:26:00,94,4,11759
92696,2016-12-05,04:34:00,98,3,6739
92697,2016-12-05,04:48:00,262,2,11970
92698,2016-12-05,04:48:00,199,2,11016
92699,2016-12-05,04:54:00,267,2,3884
92700,2016-12-05,05:13:00,68,2,10184
92701,2016-12-05,05:30:00,257,2,8005
92702,2016-12-05,05:36:00,120,1,9308
92703,2016-12-05,05:40:00,27,1,5499
92704,2016-12-05,05:53:00,434,1,4303
92705,2016-12-05,05:55:00,330,1,5150
92706,2016-12-05,05:55:00,440,2,7139
92707,2016-12-05,05:56:00,330,1,10832
92708,2016-12-05,05:58:00,174,1,8098
92709,2016-12-05,06:04:00,397,2,11376
92710,2016-12-05,06:08:00,242,2,11696
92711,2016-12-05,06:14:00,61,3,5674
92712,2016-12-05,06:15:00,124,3,8074
92713,2016-12-05,06:28:00,429,3,4554
92714,2016-12-05,06:31:00,384,2,10813
92715,2016-12-05,06:31:00,429,4,9754
92716,2016-12-05,06:37:00,437,1,5495
92717,2016-12-05,06:37:00,5,2,10222
92718,2016-12-05,06:39:00,38,1,7346
92719,2016-12-05,07:02:00,283,2,11375
92720,2016-12-05,07:07:00,375,2,10501
92721,2016-12-05,07:09:00,23,1,7208
92722,2016-12-05,07:13:00,231,2,3481
92723,2016-12-05,07:18:00,157,4,3765
92724,2016-12-05,07:27:00,252,2,4979
92725,2016-12-05,07:30:00,402,3,11494
92726,2016-12-05,07:48:00,117,2,3436
92727,2016-12-05,07:50:00,237,3,10250
92728,2016-12-05,07:55:00,407,2,3636
92729,2016-12-05,08:00:00,419,1,4408
92730,2016-12-05,08:03:00,203,2,6620
92731,2016-12-05,08:04:00,321,2,8936
92732,2016-12-05,08:05:00,157,3,1351
92733,2016-12-05,08:22:00,73,2,4474
92734,2016-12-05,08:23:00,401,1,5875
92735,2016-12-05,08:23:00,233,1,1919
92736,2016-12-05,08:35:00,310,1,865
92737,2016-12-05,08:35:00,239,2,11508
92738,2016-12-05,08:37:00,442,2,7384
92739,2016-12-05,08:39:00,453,2,1128
92740,2016-12-05,08:41:00,7,2,3664
92741,2016-12-05,08:44:00,438,1,462
92742,2016-12-05,08:49:00,118,2,9445
92743,2016-12-05,08:56:00,223,3,5876
92744,2016-12-05,09:03:00,279,3,9742
92745,2016-12-05,09:06:00,92,2,9596
92746,2016-12-05,09:07:00,90,1,5423
92747,2016-12-05,09:10:00,230,3,7812
92748,2016-12-05,09:10:00,169,1,3963
92749,2016-12-05,09:12:00,87,2,8359
92750,2016-12-05,09:13:00,297,2,11728
92751,2016-12-05,09:15:00,363,2,5290
92752,2016-12-05,09:19:00,404,3,11504
92753,2016-12-05,09:19:00,434,2,1692
92754,2016-12-05,09:33:00,147,2,7526
92755,2016-12-05,09:39:00,234,4,5457
92756,2016-12-05,09:41:00,116,2,10645
92757,2016-12-05,09:52:00,33,2,2862
92758,2016-12-05,09:54:00,380,3,4937
92759,2016-12-05,09:59:00,118,1,4139
92760,2016-12-05,10:05:00,290,4,8244
92761,2016-12-05,10:09:00,377,2,11157
92762,2016-12-05,10:10:00,376,4,5020
92763,2016-12-05,10:11:00,10,3,4847
92764,2016-12-05,10:13:00,338,2,10714
92765,2016-12-05,10:16:00,58,3,4653
92766,2016-12-05,10:25:00,231,1,8882
92767,2016-12-05,10:27:00,337,3,1704
92768,2016-12-05,10:27:00,231,2,7645
92769,2016-12-05,10:28:00,5,3,8800
92770,2016-12-05,10:30:00,352,1,4485
92771,2016-12-05,10:32:00,437,1,778
92772,2016-12-05,10:37:00,353,2,3844
92773,2016-12-05,10:42:00,427,3,10666
92774,2016-12-05,10:43:00,430,1,11224
92775,2016-12-05,10:51:00,85,1,8947
92776,2016-12-05,10:57:00,45,4,11155
92777,2016-12-05,11:02:00,26,3,10905
92778,2016-12-05,11:05:00,76,1,595
92779,2016-12-05,11:13:00,97,3,9973
92780,2016-12-05,11:21:00,163,1,1823
92781,2016-12-05,11:23:00,372,2,7487
92782,2016-12-05,11:23:00,326,1,11977
92783,2016-12-05,11:24:00,281,1,7719
92784,2016-12-05,11:25:00,30,2,8375
92785,2016-12-05,11:30:00,352,2,5690
92786,2016-12-05,11:46:00,102,2,5041
92787,2016-12-05,11:50:00,421,1,9486
92788,2016-12-05,11:59:00,352,4,11396
92789,2016-12-05,12:00:00,395,3,974
92790,2016-12-05,12:04:00,159,1,7044
92791,2016-12-05,12:08:00,401,2,7112
92792,2016-12-05,12:16:00,243,2,7240
92793,2016-12-05,12:21:00,288,1,10436
92794,2016-12-05,12:30:00,237,6,9541
92795,2016-12-05,12:33:00,325,2,7962
92796,2016-12-05,12:40:00,100,2,3701
92797,2016-12-05,12:42:00,166,2,8517
92798,2016-12-05,12:47:00,114,1,1345
92799,2016-12-05,12:53:00,297,1,6285
92800,2016-12-05,12:54:00,400,2,2041
92801,2016-12-05,12:58:00,259,3,4978
92802,2016-12-05,13:01:00,243,3,4794
92803,2016-12-05,13:01:00,230,3,11542
92804,2016-12-05,13:05:00,126,1,10624
92805,2016-12-05,13:11:00,38,2,9101
92806,2016-12-05,13:22:00,258,1,5571
92807,2016-12-05,13:24:00,381,2,8210
92808,2016-12-05,13:25:00,150,3,9461
92809,2016-12-05,13:30:00,198,1,1260
92810,2016-12-05,13:41:00,51,2,7922
92811,2016-12-05,13:44:00,155,3,10489
92812,2016-12-05,13:44:00,413,1,4718
92813,2016-12-05,13:48:00,241,1,6793
92814,2016-12-05,13:50:00,347,1,11104
92815,2016-12-05,13:56:00,20,1,7300
92816,2016-12-05,13:57:00,387,3,1173
92817,2016-12-05,14:02:00,275,1,4736
92818,2016-12-05,14:06:00,388,3,1895
92819,2016-12-05,14:09:00,458,1,4302
92820,2016-12-05,14:17:00,88,2,1493
92821,2016-12-05,14:26:00,393,1,8023
92822,2016-12-05,14:28:00,166,2,3087
92823,2016-12-05,14:30:00,369,3,5012
92824,2016-12-05,14:34:00,357,1,3720
92825,2016-12-05,14:37:00,60,3,729
92826,2016-12-05,14:42:00,176,2,4016
92827,2016-12-05,15:08:00,2,4,7815
92828,2016-12-05,15:31:00,415,2,7729
92829,2016-12-05,15:33:00,416,3,2328
92830,2016-12-05,15:36:00,272,3,2768
92831,2016-12-05,15:38:00,316,3,6456
92832,2016-12-05,15:40:00,17,4,234
92833,2016-12-05,15:42:00,325,1,2356
92834,2016-12-05,15:47:00,225,2,1577
92835,2016-12-05,15:53:00,384,3,11256
92836,2016-12-05,15:54:00,15,1,1678
92837,2016-12-05,15:56:00,27,2,9169
92838,2016-12-05,15:58:00,44,1,531
92839,2016-12-05,16:05:00,101,2,647
92840,2016-12-05,16:10:00,250,2,1427
92841,2016-12-05,16:16:00,363,2,7785
92842,2016-12-05,16:19:00,417,3,1996
92843,2016-12-05,16:24:00,100,1,4367
92844,2016-12-05,16:29:00,455,1,1903
92845,2016-12-05,16:32:00,270,2,7493
92846,2016-12-05,16:33:00,336,2,2203
92847,2016-12-05,16:36:00,310,1,11526
92848,2016-12-05,16:39:00,350,1,835
92849,2016-12-05,16:53:00,247,1,3221
92850,2016-12-05,16:55:00,314,1,381
92851,2016-12-05,17:04:00,325,2,3416
92852,2016-12-05,17:08:00,25,2,11284
92853,2016-12-05,17:12:00,419,1,10863
92854,2016-12-05,17:24:00,307,2,10844
92855,2016-12-05,17:39:00,134,1,10605
92856,2016-12-05,17:45:00,149,1,5327
92857,2016-12-05,17:47:00,187,1,6841
92858,2016-12-05,17:48:00,247,2,9903
92859,2016-12-05,17:50:00,281,2,290
92860,2016-12-05,18:06:00,33,3,976
92861,2016-12-05,18:13:00,226,2,4958
92862,2016-12-05,18:17:00,307,2,9362
92863,2016-12-05,18:26:00,334,1,10429
92864,2016-12-05,18:30:00,127,2,3103
92865,2016-12-05,18:33:00,245,2,7317
92866,2016-12-05,18:38:00,399,1,3396
92867,2016-12-05,18:41:00,71,2,5209
92868,2016-12-05,18:43:00,403,3,2158
92869,2016-12-05,18:43:00,206,1,721
92870,2016-12-05,18:55:00,65,2,7971
92871,2016-12-05,19:04:00,31,4,3812
92872,2016-12-05,19:11:00,412,1,8834
92873,2016-12-05,19:17:00,370,4,9443
92874,2016-12-05,19:21:00,409,2,5717
92875,2016-12-05,19:26:00,143,2,7618
92876,2016-12-05,19:31:00,281,2,3083
92877,2016-12-05,19:36:00,378,1,2358
92878,2016-12-05,19:41:00,109,2,10939
92879,2016-12-05,19:46:00,72,2,5045
92880,2016-12-05,19:54:00,27,2,9632
92881,2016-12-05,20:02:00,11,3,6585
92882,2016-12-05,20:03:00,246,1,2561
92883,2016-12-05,20:06:00,120,3,8640
92884,2016-12-05,20:06:00,136,2,8953
92885,2016-12-05,20:14:00,270,2,2537
92886,2016-12-05,20:16:00,190,4,10627
92887,2016-12-05,20:17:00,151,4,6632
92888,2016-12-05,20:21:00,318,2,8203
92889,2016-12-05,20:57:00,410,1,4006
92890,2016-12-05,20:59:00,118,1,5850
92891,2016-12-05,21:04:00,331,2,10010
92892,2016-12-05,21:06:00,33,2,48
92893,2016-12-05,21:06:00,369,4,2447
92894,2016-12-05,21:10:00,347,1,764
92895,2016-12-05,21:12:00,191,2,5665
92896,2016-12-05,21:14:00,4,2,1111
92897,2016-12-05,21:15:00,290,2,10249
92898,2016-12-05,21:20:00,263,1,4271
92899,2016-12-05,21:23:00,54,2,10455
92900,2016-12-05,21:34:00,169,2,6991
92901,2016-12-05,21:39:00,287,4,10764
92902,2016-12-05,21:48:00,234,2,1677
92903,2016-12-05,21:52:00,106,1,5951
92904,2016-12-05,21:53:00,72,3,6611
92905,2016-12-05,21:55:00,453,3,9000
92906,2016-12-05,22:02:00,295,3,1903
92907,2016-12-05,22:06:00,441,3,9787
92908,2016-12-05,22:12:00,10,1,1710
92909,2016-12-05,22:15:00,139,2,6067
92910,2016-12-05,22:18:00,196,1,7269
92911,2016-12-05,22:34:00,276,2,10981
92912,2016-12-05,22:37:00,221,3,8837
92913,2016-12-05,22:42:00,435,3,9552
92914,2016-12-05,22:48:00,229,2,2301
92915,2016-12-05,22:53:00,439,1,4719
92916,2016-12-05,23:06:00,281,2,6087
92917,2016-12-05,23:06:00,22,3,5624
92918,2016-12-05,23:12:00,39,1,9182
92919,2016-12-05,23:16:00,235,1,11764
92920,2016-12-05,23:26:00,234,1,10736
92921,2016-12-05,23:27:00,379,1,9431
92922,2016-12-05,23:36:00,402,3,6451
92923,2016-12-05,23:46:00,348,3,5005
92924,2016-12-06,00:01:00,449,2,8719
92925,2016-12-06,00:07:00,195,2,9097
92926,2016-12-06,00:15:00,443,1,8383
92927,2016-12-06,00:31:00,240,1,10336
92928,2016-12-06,00:35:00,442,1,3326
92929,2016-12-06,00:36:00,67,1,11996
92930,2016-12-06,00:38:00,196,3,11420
92931,2016-12-06,00:41:00,45,2,5413
92932,2016-12-06,00:41:00,202,1,467
92933,2016-12-06,00:41:00,363,2,6417
92934,2016-12-06,00:48:00,242,3,752
92935,2016-12-06,00:49:00,211,2,653
92936,2016-12-06,00:51:00,20,1,7095
92937,2016-12-06,00:55:00,447,1,7149
92938,2016-12-06,01:01:00,362,2,10823
92939,2016-12-06,01:16:00,304,4,10455
92940,2016-12-06,01:27:00,124,1,9543
92941,2016-12-06,01:32:00,57,1,8926
92942,2016-12-06,01:35:00,260,1,2189
92943,2016-12-06,01:37:00,3,3,11039
92944,2016-12-06,01:45:00,273,2,9249
92945,2016-12-06,01:53:00,97,2,7455
92946,2016-12-06,01:54:00,88,2,3382
92947,2016-12-06,01:59:00,325,2,7229
92948,2016-12-06,02:08:00,455,3,3072
92949,2016-12-06,02:11:00,247,2,11808
92950,2016-12-06,02:17:00,20,2,11412
92951,2016-12-06,02:26:00,87,2,3030
92952,2016-12-06,02:36:00,162,1,2222
92953,2016-12-06,02:40:00,60,3,8171
92954,2016-12-06,02:45:00,89,4,1444
92955,2016-12-06,02:53:00,361,1,589
92956,2016-12-06,02:58:00,271,2,1829
92957,2016-12-06,02:59:00,138,1,8963
92958,2016-12-06,03:05:00,124,2,310
92959,2016-12-06,03:08:00,336,2,11220
92960,2016-12-06,03:11:00,267,1,4756
92961,2016-12-06,03:12:00,196,1,262
92962,2016-12-06,03:17:00,111,1,7673
92963,2016-12-06,03:28:00,438,1,11483
92964,2016-12-06,03:30:00,254,3,11470
92965,2016-12-06,03:37:00,426,1,8051
92966,2016-12-06,03:43:00,104,4,1960
92967,2016-12-06,03:45:00,451,3,5882
92968,2016-12-06,03:53:00,332,2,10640
92969,2016-12-06,03:56:00,346,2,4095
92970,2016-12-06,04:11:00,200,2,11202
92971,2016-12-06,04:11:00,165,1,6882
92972,2016-12-06,04:17:00,419,1,4876
92973,2016-12-06,04:41:00,373,3,481
92974,2016-12-06,04:50:00,428,2,7255
92975,2016-12-06,04:52:00,8,1,5438
92976,2016-12-06,04:53:00,411,3,6757
92977,2016-12-06,04:59:00,271,3,2250
92978,2016-12-06,05:08:00,323,2,1840
92979,2016-12-06,05:08:00,71,2,4042
92980,2016-12-06,05:10:00,326,1,4264
92981,2016-12-06,05:30:00,62,1,1232
92982,2016-12-06,05:34:00,1,1,1656
92983,2016-12-06,05:43:00,213,1,8055
92984,2016-12-06,05:49:00,71,4,6252
92985,2016-12-06,06:01:00,214,2,2287
92986,2016-12-06,06:01:00,289,2,3223
92987,2016-12-06,06:11:00,25,3,5139
92988,2016-12-06,06:17:00,104,4,4606
92989,2016-12-06,06:19:00,317,2,4930
92990,2016-12-06,06:21:00,248,2,4795
92991,2016-12-06,06:22:00,315,1,8359
92992,2016-12-06,06:31:00,106,3,10277
92993,2016-12-06,06:47:00,144,2,5273
92994,2016-12-06,06:49:00,107,1,10650
92995,2016-12-06,06:56:00,106,1,9354
92996,2016-12-06,07:01:00,78,1,10454
92997,2016-12-06,07:07:00,177,2,6524
92998,2016-12-06,07:09:00,47,4,8991
92999,2016-12-06,07:14:00,206,2,7262
93000,2016-12-06,07:26:00,91,1,11732
93001,2016-12-06,07:42:00,328,4,3993
93002,2016-12-06,07:51:00,354,3,7185
93003,2016-12-06,07:52:00,388,1,5754
93004,2016-12-06,07:53:00,370,6,820
93005,2016-12-06,08:21:00,207,2,6188
93006,2016-12-06,08:47:00,90,1,11914
93007,2016-12-06,08:48:00,300,2,8448
93008,2016-12-06,08:54:00,55,1,10368
93009,2016-12-06,08:56:00,135,3,3715
93010,2016-12-06,08:57:00,310,1,6980
93011,2016-12-06,09:16:00,104,3,5682
93012,2016-12-06,09:18:00,78,1,11203
93013,2016-12-06,09:20:00,60,2,6086
93014,2016-12-06,09:27:00,424,1,1265
93015,2016-12-06,09:28:00,157,1,3216
93016,2016-12-06,09:38:00,306,1,4045
93017,2016-12-06,09:39:00,208,1,4450
93018,2016-12-06,09:43:00,281,4,5353
93019,2016-12-06,09:46:00,427,1,10087
93020,2016-12-06,09:57:00,189,2,10631
93021,2016-12-06,10:01:00,442,2,2946
93022,2016-12-06,10:06:00,102,2,8539
93023,2016-12-06,10:13:00,141,1,4250
93024,2016-12-06,10:13:00,109,1,10621
93025,2016-12-06,10:21:00,173,3,10823
93026,2016-12-06,10:23:00,329,1,9564
93027,2016-12-06,10:32:00,161,3,5819
93028,2016-12-06,10:32:00,118,3,1732
93029,2016-12-06,10:33:00,389,1,7507
93030,2016-12-06,10:37:00,440,1,11676
93031,2016-12-06,10:39:00,325,1,5677
93032,2016-12-06,10:41:00,95,1,2632
93033,2016-12-06,10:48:00,417,2,6264
93034,2016-12-06,10:52:00,51,2,3577
93035,2016-12-06,11:04:00,430,3,3402
93036,2016-12-06,11:05:00,25,3,6614
93037,2016-12-06,11:07:00,75,1,483
93038,2016-12-06,11:11:00,320,1,3516
93039,2016-12-06,11:12:00,9,1,2654
93040,2016-12-06,11:16:00,49,3,5889
93041,2016-12-06,11:28:00,137,1,3105
93042,2016-12-06,11:31:00,199,3,2412
93043,2016-12-06,11:36:00,256,2,5864
93044,2016-12-06,11:37:00,397,2,1805
93045,2016-12-06,11:49:00,372,1,7023
93046,2016-12-06,11:50:00,115,3,10988
93047,2016-12-06,11:56:00,154,2,12000
93048,2016-12-06,12:06:00,293,2,6954
93049,2016-12-06,12:07:00,293,4,7383
93050,2016-12-06,12:25:00,28,3,3287
93051,2016-12-06,12:30:00,360,3,8455
93052,2016-12-06,12:32:00,361,2,2757
93053,2016-12-06,12:36:00,289,1,7410
93054,2016-12-06,12:51:00,197,3,3767
93055,2016-12-06,13:00:00,285,1,10818
93056,2016-12-06,13:04:00,358,4,7599
93057,2016-12-06,13:06:00,337,3,7070
93058,2016-12-06,13:15:00,250,2,7886
93059,2016-12-06,13:28:00,3,1,685
93060,2016-12-06,13:33:00,385,2,1976
93061,2016-12-06,13:36:00,448,1,8621
93062,2016-12-06,13:38:00,348,2,10758
93063,2016-12-06,13:41:00,228,1,1128
93064,2016-12-06,13:42:00,95,1,9344
93065,2016-12-06,13:45:00,69,1,5099
93066,2016-12-06,13:46:00,102,3,11898
93067,2016-12-06,13:50:00,400,2,9060
93068,2016-12-06,13:57:00,186,2,5873
93069,2016-12-06,14:04:00,7,2,10843
93070,2016-12-06,14:08:00,193,2,7129
93071,2016-12-06,14:12:00,253,4,11246
93072,2016-12-06,14:16:00,330,1,11771
93073,2016-12-06,14:17:00,222,1,4906
93074,2016-12-06,14:17:00,50,2,9924
93075,2016-12-06,14:28:00,348,4,10678
93076,2016-12-06,14:29:00,56,2,6963
93077,2016-12-06,14:32:00,116,1,1752
93078,2016-12-06,14:39:00,237,1,9746
93079,2016-12-06,14:46:00,335,2,1747
93080,2016-12-06,14:47:00,97,1,9762
93081,2016-12-06,14:51:00,371,2,9902
93082,2016-12-06,14:57:00,350,3,3955
93083,2016-12-06,14:57:00,362,1,9197
93084,2016-12-06,15:02:00,457,1,4588
93085,2016-12-06,15:03:00,20,3,6302
93086,2016-12-06,15:03:00,441,1,11340
93087,2016-12-06,15:11:00,283,2,7329
93088,2016-12-06,15:17:00,394,2,6981
93089,2016-12-06,15:18:00,247,1,10425
93090,2016-12-06,15:18:00,195,2,2241
93091,2016-12-06,15:23:00,48,4,1362
93092,2016-12-06,15:23:00,207,1,465
93093,2016-12-06,15:30:00,17,1,6592
93094,2016-12-06,15:30:00,391,2,8803
93095,2016-12-06,15:30:00,442,3,6575
93096,2016-12-06,15:35:00,126,1,3271
93097,2016-12-06,15:37:00,77,1,9928
93098,2016-12-06,15:46:00,122,2,8180
93099,2016-12-06,15:52:00,103,3,180
93100,2016-12-06,15:54:00,378,2,9899
93101,2016-12-06,15:57:00,335,3,9107
93102,2016-12-06,15:58:00,348,1,1813
93103,2016-12-06,16:02:00,320,1,11012
93104,2016-12-06,16:02:00,236,2,11320
93105,2016-12-06,16:04:00,413,2,9063
93106,2016-12-06,16:05:00,160,3,4815
93107,2016-12-06,16:07:00,154,4,1684
93108,2016-12-06,16:08:00,50,1,11969
93109,2016-12-06,16:10:00,25,5,449
93110,2016-12-06,16:10:00,451,3,11495
93111,2016-12-06,16:21:00,289,2,2663
93112,2016-12-06,16:23:00,23,2,7633
93113,2016-12-06,16:23:00,79,3,3813
93114,2016-12-06,16:27:00,458,1,9473
93115,2016-12-06,16:30:00,117,2,1653
93116,2016-12-06,16:34:00,276,4,1888
93117,2016-12-06,16:34:00,116,1,8330
93118,2016-12-06,16:38:00,437,2,2798
93119,2016-12-06,16:41:00,312,2,5350
93120,2016-12-06,16:42:00,147,2,7229
93121,2016-12-06,16:42:00,240,2,3353
93122,2016-12-06,17:01:00,418,2,5931
93123,2016-12-06,17:06:00,59,2,6244
93124,2016-12-06,17:08:00,390,4,8614
93125,2016-12-06,17:08:00,167,2,2553
93126,2016-12-06,17:10:00,445,1,3896
93127,2016-12-06,17:12:00,272,2,7258
93128,2016-12-06,17:27:00,240,1,10035
93129,2016-12-06,17:35:00,63,2,9196
93130,2016-12-06,17:38:00,378,2,3250
93131,2016-12-06,17:44:00,37,3,4874
93132,2016-12-06,17:46:00,28,2,1413
93133,2016-12-06,17:51:00,321,2,11483
93134,2016-12-06,17:52:00,101,1,4243
93135,2016-12-06,17:54:00,181,1,6187
93136,2016-12-06,17:54:00,419,1,7709
93137,2016-12-06,18:01:00,446,1,5242
93138,2016-12-06,18:03:00,329,2,7917
93139,2016-12-06,18:12:00,144,1,1593
93140,2016-12-06,18:13:00,388,1,2049
93141,2016-12-06,18:19:00,306,2,8622
93142,2016-12-06,18:20:00,125,3,7901
93143,2016-12-06,18:28:00,138,4,8717
93144,2016-12-06,18:50:00,117,1,4759
93145,2016-12-06,18:52:00,41,1,4810
93146,2016-12-06,18:57:00,279,1,6154
93147,2016-12-06,18:58:00,228,3,8870
93148,2016-12-06,19:00:00,25,1,1825
93149,2016-12-06,19:09:00,381,3,9552
93150,2016-12-06,19:10:00,220,2,4220
93151,2016-12-06,19:21:00,19,3,3842
93152,2016-12-06,19:24:00,227,2,11419
93153,2016-12-06,19:31:00,413,2,246
93154,2016-12-06,20:01:00,447,3,9021
93155,2016-12-06,20:01:00,340,2,6404
93156,2016-12-06,20:03:00,140,5,3043
93157,2016-12-06,20:05:00,377,1,9671
93158,2016-12-06,20:06:00,65,1,11629
93159,2016-12-06,20:06:00,392,2,11997
93160,2016-12-06,20:15:00,441,2,11659
93161,2016-12-06,20:20:00,30,4,1480
93162,2016-12-06,20:22:00,378,1,3459
93163,2016-12-06,20:24:00,152,2,5655
93164,2016-12-06,20:43:00,330,2,1609
93165,2016-12-06,20:49:00,385,3,243
93166,2016-12-06,20:55:00,380,2,7548
93167,2016-12-06,21:05:00,101,1,10544
93168,2016-12-06,21:05:00,88,1,461
93169,2016-12-06,21:09:00,294,1,10923
93170,2016-12-06,21:24:00,153,1,3606
93171,2016-12-06,21:55:00,364,2,1701
93172,2016-12-06,21:59:00,277,1,1838
93173,2016-12-06,22:04:00,375,2,1141
93174,2016-12-06,22:05:00,225,2,7735
93175,2016-12-06,22:12:00,448,1,11618
93176,2016-12-06,22:15:00,248,2,2833
93177,2016-12-06,22:24:00,435,1,8840
93178,2016-12-06,22:28:00,390,1,1998
93179,2016-12-06,22:30:00,264,3,10288
93180,2016-12-06,22:34:00,167,4,838
93181,2016-12-06,22:36:00,271,2,11466
93182,2016-12-06,22:37:00,32,1,5150
93183,2016-12-06,22:40:00,47,1,1914
93184,2016-12-06,22:44:00,138,3,4991
93185,2016-12-06,22:57:00,425,3,2352
93186,2016-12-06,22:57:00,84,1,9108
93187,2016-12-06,23:00:00,395,1,1796
93188,2016-12-06,23:01:00,31,3,6119
93189,2016-12-06,23:03:00,66,4,10702
93190,2016-12-06,23:08:00,322,4,11292
93191,2016-12-06,23:09:00,57,2,5773
93192,2016-12-06,23:10:00,398,3,6397
93193,2016-12-06,23:18:00,391,3,11814
93194,2016-12-06,23:23:00,318,3,5666
93195,2016-12-06,23:26:00,384,2,2227
93196,2016-12-06,23:27:00,89,1,9973
93197,2016-12-06,23:28:00,260,1,493
93198,2016-12-06,23:36:00,88,1,6736
93199,2016-12-06,23:45:00,456,2,2629
93200,2016-12-06,23:47:00,11,1,11986
93201,2016-12-06,23:55:00,391,2,8351
93202,2016-12-06,23:58:00,211,1,9380
93203,2016-12-07,00:07:00,327,3,11919
93204,2016-12-07,00:13:00,336,2,873
93205,2016-12-07,00:18:00,416,4,9240
93206,2016-12-07,00:24:00,451,3,11194
93207,2016-12-07,00:25:00,355,1,4021
93208,2016-12-07,00:28:00,362,3,11789
93209,2016-12-07,00:28:00,78,1,6897
93210,2016-12-07,00:30:00,243,1,4097
93211,2016-12-07,00:33:00,43,2,2178
93212,2016-12-07,00:33:00,376,2,9847
93213,2016-12-07,00:39:00,50,1,8074
93214,2016-12-07,00:49:00,35,2,10849
93215,2016-12-07,00:50:00,213,1,6463
93216,2016-12-07,00:52:00,53,3,8688
93217,2016-12-07,00:57:00,305,1,7053
93218,2016-12-07,00:58:00,123,1,2286
93219,2016-12-07,01:05:00,368,1,3483
93220,2016-12-07,01:10:00,192,3,10499
93221,2016-12-07,01:12:00,106,2,10163
93222,2016-12-07,01:24:00,347,1,9756
93223,2016-12-07,01:35:00,246,1,4386
93224,2016-12-07,01:41:00,39,1,5076
93225,2016-12-07,01:43:00,152,3,2598
93226,2016-12-07,01:52:00,251,1,3617
93227,2016-12-07,01:54:00,147,3,858
93228,2016-12-07,02:13:00,384,2,11132
93229,2016-12-07,02:14:00,9,5,9364
93230,2016-12-07,02:21:00,445,3,10236
93231,2016-12-07,02:22:00,321,2,3691
93232,2016-12-07,02:40:00,235,2,7693
93233,2016-12-07,02:53:00,66,4,9405
93234,2016-12-07,02:58:00,74,2,2221
93235,2016-12-07,03:05:00,385,2,2639
93236,2016-12-07,03:17:00,285,1,11395
93237,2016-12-07,03:31:00,317,2,242
93238,2016-12-07,03:35:00,384,2,2835
93239,2016-12-07,03:41:00,349,1,7976
93240,2016-12-07,03:42:00,37,4,9303
93241,2016-12-07,03:57:00,66,2,9768
93242,2016-12-07,03:59:00,224,1,3798
93243,2016-12-07,04:06:00,303,2,6791
93244,2016-12-07,04:15:00,315,1,9540
93245,2016-12-07,04:18:00,225,1,4877
93246,2016-12-07,04:21:00,392,2,1047
93247,2016-12-07,04:25:00,16,2,977
93248,2016-12-07,04:27:00,18,2,10231
93249,2016-12-07,04:34:00,214,1,11964
93250,2016-12-07,04:45:00,40,1,4235
93251,2016-12-07,05:01:00,89,3,1248
93252,2016-12-07,05:09:00,258,1,7923
93253,2016-12-07,05:11:00,191,1,2652
93254,2016-12-07,05:18:00,395,3,8339
93255,2016-12-07,05:27:00,109,4,554
93256,2016-12-07,05:40:00,360,3,10848
93257,2016-12-07,05:41:00,360,3,4195
93258,2016-12-07,05:57:00,324,2,7877
93259,2016-12-07,05:57:00,158,1,10341
93260,2016-12-07,06:13:00,4,2,1046
93261,2016-12-07,06:13:00,357,2,6004
93262,2016-12-07,06:15:00,370,2,1107
93263,2016-12-07,06:18:00,428,2,8780
93264,2016-12-07,06:26:00,102,2,9147
93265,2016-12-07,06:31:00,200,1,3786
93266,2016-12-07,06:33:00,449,3,4782
93267,2016-12-07,06:36:00,260,1,2051
93268,2016-12-07,06:53:00,442,2,6173
93269,2016-12-07,07:01:00,153,2,4316
93270,2016-12-07,07:06:00,313,3,11668
93271,2016-12-07,07:13:00,87,2,5893
93272,2016-12-07,07:13:00,126,2,10462
93273,2016-12-07,07:14:00,382,1,6212
93274,2016-12-07,07:22:00,257,1,3390
93275,2016-12-07,07:30:00,260,2,2534
93276,2016-12-07,07:31:00,100,2,11550
93277,2016-12-07,07:33:00,341,1,5049
93278,2016-12-07,07:33:00,347,3,10340
93279,2016-12-07,07:36:00,277,1,11214
93280,2016-12-07,07:41:00,419,4,677
93281,2016-12-07,07:41:00,321,3,10955
93282,2016-12-07,07:43:00,405,3,2026
93283,2016-12-07,07:49:00,136,2,8032
93284,2016-12-07,07:54:00,458,3,3778
93285,2016-12-07,08:00:00,400,2,7285
93286,2016-12-07,08:01:00,267,2,3083
93287,2016-12-07,08:06:00,358,3,7918
93288,2016-12-07,08:12:00,358,2,5020
93289,2016-12-07,08:15:00,184,1,10458
93290,2016-12-07,08:18:00,11,2,11911
93291,2016-12-07,08:20:00,341,1,9917
93292,2016-12-07,08:28:00,259,4,2587
93293,2016-12-07,08:29:00,181,2,6238
93294,2016-12-07,08:35:00,407,3,3187
93295,2016-12-07,08:35:00,302,1,4207
93296,2016-12-07,08:41:00,269,1,10907
93297,2016-12-07,08:44:00,301,1,9899
93298,2016-12-07,08:45:00,210,1,6449
93299,2016-12-07,08:48:00,384,1,7549
93300,2016-12-07,08:51:00,190,3,3130
93301,2016-12-07,08:53:00,343,2,11048
93302,2016-12-07,09:00:00,457,1,5754
93303,2016-12-07,09:01:00,91,5,4417
93304,2016-12-07,09:03:00,330,2,9298
93305,2016-12-07,09:06:00,164,3,4487
93306,2016-12-07,09:13:00,80,2,5097
93307,2016-12-07,09:19:00,275,2,10478
93308,2016-12-07,09:24:00,253,2,5503
93309,2016-12-07,09:30:00,367,2,4175
93310,2016-12-07,09:32:00,211,2,224
93311,2016-12-07,09:35:00,339,1,4569
93312,2016-12-07,09:36:00,132,2,11265
93313,2016-12-07,09:38:00,384,2,5921
93314,2016-12-07,09:39:00,180,1,11339
93315,2016-12-07,09:39:00,209,1,4320
93316,2016-12-07,09:39:00,445,4,792
93317,2016-12-07,09:40:00,313,1,4982
93318,2016-12-07,09:40:00,228,1,4966
93319,2016-12-07,09:49:00,364,4,8707
93320,2016-12-07,09:51:00,181,2,9333
93321,2016-12-07,09:54:00,167,2,7191
93322,2016-12-07,09:55:00,444,3,5285
93323,2016-12-07,09:56:00,433,2,11460
93324,2016-12-07,10:02:00,375,4,8523
93325,2016-12-07,10:05:00,67,2,9709
93326,2016-12-07,10:15:00,241,2,10807
93327,2016-12-07,10:19:00,80,1,744
93328,2016-12-07,10:35:00,257,2,2934
93329,2016-12-07,10:37:00,322,2,4138
93330,2016-12-07,10:40:00,86,3,2393
93331,2016-12-07,10:50:00,90,1,10466
93332,2016-12-07,10:52:00,352,3,2492
93333,2016-12-07,10:56:00,249,1,5969
93334,2016-12-07,11:00:00,346,1,1597
93335,2016-12-07,11:00:00,289,1,7225
93336,2016-12-07,11:01:00,161,1,10113
93337,2016-12-07,11:08:00,367,1,4019
93338,2016-12-07,11:19:00,453,4,6884
93339,2016-12-07,11:20:00,405,2,5060
93340,2016-12-07,11:22:00,210,4,3968
93341,2016-12-07,11:22:00,210,3,2001
93342,2016-12-07,11:32:00,4,2,955
93343,2016-12-07,11:39:00,4,1,10491
93344,2016-12-07,11:40:00,9,1,1027
93345,2016-12-07,11:40:00,335,2,4900
93346,2016-12-07,11:40:00,427,2,1181
93347,2016-12-07,11:45:00,76,2,9859
93348,2016-12-07,11:49:00,344,2,6435
93349,2016-12-07,11:52:00,81,1,4646
93350,2016-12-07,11:54:00,98,1,6041
93351,2016-12-07,11:57:00,147,1,1047
93352,2016-12-07,12:07:00,221,2,3931
93353,2016-12-07,12:16:00,291,2,3852
93354,2016-12-07,12:16:00,99,3,3632
93355,2016-12-07,12:20:00,353,1,9798
93356,2016-12-07,12:21:00,453,3,6216
93357,2016-12-07,12:30:00,296,1,8175
93358,2016-12-07,12:36:00,158,1,3046
93359,2016-12-07,12:37:00,257,1,4076
93360,2016-12-07,12:37:00,432,2,1030
93361,2016-12-07,12:39:00,334,3,5332
93362,2016-12-07,12:45:00,187,2,4313
93363,2016-12-07,12:51:00,386,1,7848
93364,2016-12-07,12:54:00,164,2,10429
93365,2016-12-07,12:59:00,194,1,7175
93366,2016-12-07,12:59:00,381,2,66
93367,2016-12-07,13:04:00,337,2,657
93368,2016-12-07,13:04:00,150,2,4258
93369,2016-12-07,13:07:00,92,1,119
93370,2016-12-07,13:08:00,430,2,623
93371,2016-12-07,13:11:00,372,1,4015
93372,2016-12-07,13:15:00,29,2,2322
93373,2016-12-07,13:17:00,299,4,10295
93374,2016-12-07,13:32:00,322,1,8675
93375,2016-12-07,13:33:00,220,1,2180
93376,2016-12-07,13:49:00,179,3,1106
93377,2016-12-07,13:51:00,42,1,2291
93378,2016-12-07,13:52:00,59,2,7543
93379,2016-12-07,13:52:00,368,1,9286
93380,2016-12-07,13:57:00,456,3,9633
93381,2016-12-07,14:00:00,72,2,8770
93382,2016-12-07,14:00:00,449,2,5483
93383,2016-12-07,14:02:00,422,2,9808
93384,2016-12-07,14:03:00,121,4,8384
93385,2016-12-07,14:05:00,424,7,5478
93386,2016-12-07,14:08:00,434,1,140
93387,2016-12-07,14:08:00,63,2,4928
93388,2016-12-07,14:09:00,388,3,5928
93389,2016-12-07,14:15:00,198,2,4093
93390,2016-12-07,14:17:00,376,2,2298
93391,2016-12-07,14:19:00,380,3,9034
93392,2016-12-07,14:37:00,127,1,8583
93393,2016-12-07,14:41:00,234,1,3981
93394,2016-12-07,14:49:00,244,2,5653
93395,2016-12-07,14:54:00,12,2,457
93396,2016-12-07,15:03:00,156,2,9642
93397,2016-12-07,15:03:00,100,1,10340
93398,2016-12-07,15:09:00,274,1,11004
93399,2016-12-07,15:12:00,329,1,2395
93400,2016-12-07,15:16:00,263,3,9472
93401,2016-12-07,15:17:00,296,3,5416
93402,2016-12-07,15:18:00,293,4,5259
93403,2016-12-07,15:22:00,296,1,7110
93404,2016-12-07,15:23:00,297,1,7724
93405,2016-12-07,16:03:00,51,2,7559
93406,2016-12-07,16:16:00,16,2,4580
93407,2016-12-07,16:20:00,61,1,9909
93408,2016-12-07,16:22:00,251,2,4749
93409,2016-12-07,16:31:00,211,1,3718
93410,2016-12-07,16:31:00,310,4,8752
93411,2016-12-07,16:33:00,288,1,11458
93412,2016-12-07,16:43:00,160,2,3417
93413,2016-12-07,16:43:00,220,1,5815
93414,2016-12-07,16:50:00,372,1,8998
93415,2016-12-07,16:50:00,6,1,11076
93416,2016-12-07,16:53:00,256,3,1595
93417,2016-12-07,16:55:00,195,2,3780
93418,2016-12-07,16:59:00,217,2,4378
93419,2016-12-07,16:59:00,449,2,8833
93420,2016-12-07,17:04:00,174,2,9660
93421,2016-12-07,17:22:00,270,2,1784
93422,2016-12-07,17:24:00,200,1,596
93423,2016-12-07,17:27:00,101,2,5541
93424,2016-12-07,17:29:00,172,3,11600
93425,2016-12-07,17:30:00,442,1,4991
93426,2016-12-07,17:30:00,247,2,8426
93427,2016-12-07,17:34:00,259,4,295
93428,2016-12-07,17:38:00,62,1,4115
93429,2016-12-07,17:43:00,294,2,11606
93430,2016-12-07,17:45:00,394,3,4086
93431,2016-12-07,17:58:00,321,3,1574
93432,2016-12-07,18:02:00,12,1,10752
93433,2016-12-07,18:05:00,91,1,4689
93434,2016-12-07,18:07:00,384,4,8184
93435,2016-12-07,18:07:00,50,3,3202
93436,2016-12-07,18:10:00,236,1,9677
93437,2016-12-07,18:21:00,130,2,7643
93438,2016-12-07,18:22:00,385,2,303
93439,2016-12-07,18:25:00,263,2,2815
93440,2016-12-07,18:40:00,58,4,1701
93441,2016-12-07,18:42:00,345,2,7581
93442,2016-12-07,18:46:00,420,1,8286
93443,2016-12-07,18:50:00,237,1,2659
93444,2016-12-07,18:51:00,92,3,6545
93445,2016-12-07,18:55:00,366,1,1800
93446,2016-12-07,18:58:00,86,2,9954
93447,2016-12-07,19:01:00,206,2,2619
93448,2016-12-07,19:14:00,422,1,6379
93449,2016-12-07,19:18:00,437,4,5603
93450,2016-12-07,19:19:00,438,3,10546
93451,2016-12-07,19:24:00,381,1,7006
93452,2016-12-07,19:27:00,116,1,7954
93453,2016-12-07,19:31:00,276,1,1981
93454,2016-12-07,19:34:00,330,2,9265
93455,2016-12-07,19:41:00,5,2,2963
93456,2016-12-07,19:42:00,224,4,647
93457,2016-12-07,19:43:00,392,1,4209
93458,2016-12-07,20:10:00,305,2,11799
93459,2016-12-07,20:19:00,75,2,4242
93460,2016-12-07,20:21:00,390,3,10814
93461,2016-12-07,20:28:00,292,1,8052
93462,2016-12-07,20:28:00,242,2,2845
93463,2016-12-07,20:33:00,338,2,7016
93464,2016-12-07,20:33:00,74,1,4017
93465,2016-12-07,20:41:00,274,4,127
93466,2016-12-07,20:43:00,195,5,2222
93467,2016-12-07,20:51:00,198,2,1592
93468,2016-12-07,20:53:00,119,4,5673
93469,2016-12-07,21:04:00,458,3,3333
93470,2016-12-07,21:09:00,202,1,6781
93471,2016-12-07,21:11:00,103,2,6912
93472,2016-12-07,21:14:00,59,2,777
93473,2016-12-07,21:15:00,435,1,3225
93474,2016-12-07,21:16:00,79,2,9792
93475,2016-12-07,21:16:00,436,2,9393
93476,2016-12-07,21:28:00,389,1,1831
93477,2016-12-07,21:28:00,337,2,7123
93478,2016-12-07,21:34:00,3,2,4856
93479,2016-12-07,21:36:00,387,1,7154
93480,2016-12-07,21:52:00,397,3,8347
93481,2016-12-07,21:55:00,220,5,7453
93482,2016-12-07,21:57:00,321,3,686
93483,2016-12-07,22:21:00,267,1,9654
93484,2016-12-07,22:22:00,25,2,3781
93485,2016-12-07,22:23:00,225,1,1596
93486,2016-12-07,22:39:00,322,3,8710
93487,2016-12-07,22:41:00,112,2,11924
93488,2016-12-07,22:45:00,190,1,1391
93489,2016-12-07,22:53:00,230,2,248
93490,2016-12-07,22:57:00,285,2,8509
93491,2016-12-07,22:59:00,18,3,11960
93492,2016-12-07,23:01:00,98,1,7856
93493,2016-12-07,23:21:00,109,3,4499
93494,2016-12-07,23:33:00,270,1,7279
93495,2016-12-07,23:36:00,34,1,4517
93496,2016-12-07,23:40:00,309,1,8277
93497,2016-12-07,23:42:00,76,1,8263
93498,2016-12-07,23:52:00,449,1,9928
93499,2016-12-07,23:54:00,333,1,1731
93500,2016-12-07,23:57:00,361,2,8651
93501,2016-12-08,00:02:00,255,1,1924
93502,2016-12-08,00:02:00,384,2,422
93503,2016-12-08,00:06:00,456,1,2491
93504,2016-12-08,00:09:00,335,2,1540
93505,2016-12-08,00:14:00,328,2,4022
93506,2016-12-08,00:15:00,105,3,3243
93507,2016-12-08,00:15:00,417,2,102
93508,2016-12-08,00:22:00,382,1,3099
93509,2016-12-08,00:25:00,210,2,6786
93510,2016-12-08,00:27:00,76,1,316
93511,2016-12-08,00:38:00,3,1,10506
93512,2016-12-08,00:41:00,150,1,11198
93513,2016-12-08,00:41:00,420,1,271
93514,2016-12-08,00:50:00,41,2,11995
93515,2016-12-08,00:50:00,226,3,4690
93516,2016-12-08,00:51:00,205,1,3957
93517,2016-12-08,00:52:00,370,1,721
93518,2016-12-08,00:55:00,5,2,4426
93519,2016-12-08,01:06:00,107,2,11473
93520,2016-12-08,01:07:00,328,2,4654
93521,2016-12-08,01:32:00,455,3,962
93522,2016-12-08,01:32:00,420,2,2078
93523,2016-12-08,01:35:00,294,2,10899
93524,2016-12-08,01:40:00,374,1,2741
93525,2016-12-08,01:46:00,92,2,3293
93526,2016-12-08,01:46:00,218,2,6673
93527,2016-12-08,01:51:00,249,2,2758
93528,2016-12-08,01:51:00,444,2,1440
93529,2016-12-08,01:55:00,141,2,151
93530,2016-12-08,01:57:00,387,1,1832
93531,2016-12-08,01:59:00,150,2,3907
93532,2016-12-08,02:10:00,79,1,8133
93533,2016-12-08,02:11:00,191,1,6119
93534,2016-12-08,02:12:00,424,1,1533
93535,2016-12-08,02:19:00,294,2,326
93536,2016-12-08,02:35:00,3,1,7317
93537,2016-12-08,02:43:00,258,2,5974
93538,2016-12-08,02:44:00,235,1,7956
93539,2016-12-08,02:46:00,423,1,11024
93540,2016-12-08,02:51:00,329,2,871
93541,2016-12-08,03:04:00,382,2,4159
93542,2016-12-08,03:14:00,384,2,4739
93543,2016-12-08,03:37:00,406,1,1307
93544,2016-12-08,03:45:00,458,1,10172
93545,2016-12-08,03:59:00,58,1,4987
93546,2016-12-08,03:59:00,41,1,265
93547,2016-12-08,04:01:00,78,1,9071
93548,2016-12-08,04:09:00,119,2,9633
93549,2016-12-08,04:15:00,412,5,7885
93550,2016-12-08,04:15:00,409,4,2363
93551,2016-12-08,04:16:00,241,1,11338
93552,2016-12-08,04:16:00,96,1,7371
93553,2016-12-08,04:21:00,17,3,4473
93554,2016-12-08,04:44:00,268,3,988
93555,2016-12-08,04:58:00,91,3,11176
93556,2016-12-08,05:02:00,75,2,8485
93557,2016-12-08,05:05:00,296,2,743
93558,2016-12-08,05:13:00,221,1,10106
93559,2016-12-08,05:13:00,410,3,2997
93560,2016-12-08,05:16:00,235,2,3487
93561,2016-12-08,05:18:00,458,5,2646
93562,2016-12-08,05:20:00,340,2,11135
93563,2016-12-08,05:23:00,85,1,890
93564,2016-12-08,05:25:00,426,2,963
93565,2016-12-08,05:28:00,245,1,2342
93566,2016-12-08,05:29:00,454,2,1697
93567,2016-12-08,05:39:00,236,2,11410
93568,2016-12-08,05:42:00,173,3,11219
93569,2016-12-08,05:52:00,240,1,7256
93570,2016-12-08,06:05:00,382,3,7981
93571,2016-12-08,06:08:00,342,4,3579
93572,2016-12-08,06:11:00,254,2,7859
93573,2016-12-08,06:17:00,129,2,8664
93574,2016-12-08,06:22:00,116,1,4656
93575,2016-12-08,06:50:00,99,1,5051
93576,2016-12-08,06:52:00,341,3,952
93577,2016-12-08,06:55:00,421,4,8477
93578,2016-12-08,07:09:00,450,2,8994
93579,2016-12-08,07:11:00,145,2,7394
93580,2016-12-08,07:13:00,127,2,1321
93581,2016-12-08,07:15:00,242,4,5683
93582,2016-12-08,07:17:00,304,1,7479
93583,2016-12-08,07:21:00,351,1,11590
93584,2016-12-08,07:23:00,442,1,11538
93585,2016-12-08,07:26:00,230,4,5711
93586,2016-12-08,07:29:00,79,3,9706
93587,2016-12-08,07:37:00,208,1,9792
93588,2016-12-08,07:42:00,384,2,11236
93589,2016-12-08,07:42:00,99,3,10251
93590,2016-12-08,07:43:00,167,3,794
93591,2016-12-08,07:44:00,365,3,9447
93592,2016-12-08,07:51:00,122,2,2889
93593,2016-12-08,07:56:00,47,3,5940
93594,2016-12-08,07:58:00,299,1,7526
93595,2016-12-08,07:59:00,37,2,11777
93596,2016-12-08,08:01:00,32,3,1485
93597,2016-12-08,08:07:00,65,1,3423
93598,2016-12-08,08:08:00,317,3,8191
93599,2016-12-08,08:10:00,59,2,2435
93600,2016-12-08,08:18:00,86,1,5734
93601,2016-12-08,08:23:00,33,1,5085
93602,2016-12-08,08:32:00,18,3,10674
93603,2016-12-08,08:33:00,385,2,9732
93604,2016-12-08,08:46:00,368,2,8111
93605,2016-12-08,08:52:00,290,1,6952
93606,2016-12-08,08:59:00,54,3,1354
93607,2016-12-08,09:09:00,330,1,6965
93608,2016-12-08,09:13:00,419,2,5319
93609,2016-12-08,09:15:00,343,1,4124
93610,2016-12-08,09:19:00,313,1,7057
93611,2016-12-08,09:39:00,159,2,6120
93612,2016-12-08,09:45:00,387,3,6617
93613,2016-12-08,09:58:00,365,5,3419
93614,2016-12-08,10:15:00,235,1,2325
93615,2016-12-08,10:25:00,179,1,11760
93616,2016-12-08,10:26:00,99,1,3503
93617,2016-12-08,10:28:00,312,1,1151
93618,2016-12-08,10:30:00,267,2,2640
93619,2016-12-08,10:36:00,370,4,10985
93620,2016-12-08,10:54:00,61,2,4482
93621,2016-12-08,11:06:00,12,1,8430
93622,2016-12-08,11:14:00,110,5,5700
93623,2016-12-08,11:26:00,316,1,10444
93624,2016-12-08,11:27:00,161,2,6008
93625,2016-12-08,11:28:00,124,1,2386
93626,2016-12-08,11:39:00,104,2,5782
93627,2016-12-08,11:44:00,92,2,5693
93628,2016-12-08,11:53:00,355,1,9384
93629,2016-12-08,11:57:00,145,2,4246
93630,2016-12-08,12:02:00,449,2,9593
93631,2016-12-08,12:03:00,312,2,10205
93632,2016-12-08,12:08:00,429,1,987
93633,2016-12-08,12:13:00,376,1,5173
93634,2016-12-08,12:16:00,316,3,6766
93635,2016-12-08,12:21:00,362,1,1054
93636,2016-12-08,12:21:00,139,4,9714
93637,2016-12-08,12:21:00,223,1,5720
93638,2016-12-08,12:21:00,71,2,1441
93639,2016-12-08,12:22:00,264,1,9535
93640,2016-12-08,12:22:00,394,3,1812
93641,2016-12-08,12:27:00,304,2,4528
93642,2016-12-08,12:34:00,198,2,8089
93643,2016-12-08,12:45:00,214,1,11415
93644,2016-12-08,12:48:00,217,1,887
93645,2016-12-08,12:48:00,63,1,3286
93646,2016-12-08,12:58:00,14,1,11494
93647,2016-12-08,13:03:00,221,1,11852
93648,2016-12-08,13:06:00,119,1,11050
93649,2016-12-08,13:24:00,349,3,2389
93650,2016-12-08,13:30:00,348,1,938
93651,2016-12-08,13:34:00,268,3,6157
93652,2016-12-08,13:42:00,83,4,2394
93653,2016-12-08,13:45:00,28,1,9414
93654,2016-12-08,14:24:00,450,2,8178
93655,2016-12-08,14:36:00,358,2,6430
93656,2016-12-08,14:38:00,433,1,320
93657,2016-12-08,14:42:00,298,1,11048
93658,2016-12-08,14:43:00,379,1,91
93659,2016-12-08,14:44:00,78,2,3148
93660,2016-12-08,14:45:00,4,3,10244
93661,2016-12-08,14:57:00,228,2,6155
93662,2016-12-08,15:03:00,39,1,6459
93663,2016-12-08,15:04:00,415,1,11479
93664,2016-12-08,15:05:00,392,1,6005
93665,2016-12-08,15:18:00,318,2,7582
93666,2016-12-08,15:26:00,36,4,6347
93667,2016-12-08,15:30:00,404,1,445
93668,2016-12-08,15:31:00,43,1,11866
93669,2016-12-08,15:42:00,428,1,5684
93670,2016-12-08,15:47:00,171,1,5328
93671,2016-12-08,15:53:00,311,1,3688
93672,2016-12-08,16:04:00,372,1,7363
93673,2016-12-08,16:08:00,13,1,2533
93674,2016-12-08,16:10:00,105,3,4985
93675,2016-12-08,16:16:00,105,1,9657
93676,2016-12-08,16:26:00,283,2,1616
93677,2016-12-08,16:39:00,47,2,5336
93678,2016-12-08,16:50:00,256,1,8667
93679,2016-12-08,16:54:00,101,2,3519
93680,2016-12-08,16:56:00,449,2,7627
93681,2016-12-08,16:59:00,416,2,11509
93682,2016-12-08,17:07:00,88,3,3741
93683,2016-12-08,17:13:00,41,1,4816
93684,2016-12-08,17:22:00,307,2,10089
93685,2016-12-08,17:22:00,63,2,3216
93686,2016-12-08,17:26:00,51,2,5077
93687,2016-12-08,17:32:00,189,1,937
93688,2016-12-08,17:33:00,291,4,8263
93689,2016-12-08,17:38:00,269,2,10346
93690,2016-12-08,17:39:00,18,2,586
93691,2016-12-08,17:43:00,403,1,4561
93692,2016-12-08,17:45:00,397,2,2879
93693,2016-12-08,17:47:00,62,2,271
93694,2016-12-08,18:00:00,326,1,7196
93695,2016-12-08,18:08:00,44,1,11607
93696,2016-12-08,18:13:00,323,2,4881
93697,2016-12-08,18:15:00,422,3,3170
93698,2016-12-08,18:19:00,429,2,11896
93699,2016-12-08,18:22:00,239,2,4654
93700,2016-12-08,18:26:00,167,2,11775
93701,2016-12-08,18:34:00,233,1,7034
93702,2016-12-08,18:37:00,201,3,11616
93703,2016-12-08,18:47:00,49,2,2889
93704,2016-12-08,18:53:00,252,2,1374
93705,2016-12-08,19:02:00,388,1,11981
93706,2016-12-08,19:05:00,40,4,10740
93707,2016-12-08,19:05:00,265,1,7437
93708,2016-12-08,19:16:00,176,1,7697
93709,2016-12-08,19:21:00,440,1,5755
93710,2016-12-08,19:32:00,435,1,4378
93711,2016-12-08,19:45:00,130,2,3034
93712,2016-12-08,19:51:00,318,1,6781
93713,2016-12-08,19:56:00,24,2,8407
93714,2016-12-08,20:04:00,150,2,2454
93715,2016-12-08,20:10:00,152,2,5079
93716,2016-12-08,20:16:00,323,2,975
93717,2016-12-08,20:25:00,317,3,429
93718,2016-12-08,20:32:00,23,2,2899
93719,2016-12-08,20:34:00,344,2,248
93720,2016-12-08,20:37:00,441,5,10911
93721,2016-12-08,20:43:00,327,2,1500
93722,2016-12-08,20:51:00,269,2,3680
93723,2016-12-08,20:52:00,355,2,2129
93724,2016-12-08,20:56:00,203,2,11242
93725,2016-12-08,20:57:00,371,2,3650
93726,2016-12-08,20:59:00,410,4,261
93727,2016-12-08,21:05:00,345,1,730
93728,2016-12-08,21:20:00,160,1,6476
93729,2016-12-08,21:34:00,46,2,11335
93730,2016-12-08,21:36:00,29,3,3470
93731,2016-12-08,21:39:00,344,1,11342
93732,2016-12-08,21:39:00,426,1,189
93733,2016-12-08,21:43:00,96,2,7268
93734,2016-12-08,21:53:00,430,2,8871
93735,2016-12-08,21:53:00,195,2,2137
93736,2016-12-08,21:56:00,93,1,4851
93737,2016-12-08,21:57:00,212,1,2157
93738,2016-12-08,22:05:00,139,1,5773
93739,2016-12-08,22:25:00,285,1,3365
93740,2016-12-08,22:40:00,428,2,732
93741,2016-12-08,22:41:00,442,4,7986
93742,2016-12-08,22:49:00,186,2,3715
93743,2016-12-08,22:54:00,407,1,11195
93744,2016-12-08,23:02:00,414,1,8388
93745,2016-12-08,23:07:00,8,3,4608
93746,2016-12-08,23:10:00,74,1,8137
93747,2016-12-08,23:14:00,41,1,9498
93748,2016-12-08,23:27:00,267,2,9704
93749,2016-12-08,23:36:00,147,1,3716
93750,2016-12-08,23:36:00,199,1,10368
93751,2016-12-08,23:38:00,361,1,1798
93752,2016-12-08,23:40:00,211,1,3146
93753,2016-12-08,23:43:00,33,3,8164
93754,2016-12-08,23:46:00,290,1,8006
93755,2016-12-08,23:54:00,413,2,1653
93756,2016-12-08,23:54:00,112,1,1471
93757,2016-12-08,23:58:00,124,2,741
93758,2016-12-09,00:06:00,36,1,569
93759,2016-12-09,00:09:00,188,1,6697
93760,2016-12-09,00:09:00,173,1,6274
93761,2016-12-09,00:12:00,280,1,6104
93762,2016-12-09,00:19:00,48,2,6856
93763,2016-12-09,00:26:00,245,1,11501
93764,2016-12-09,00:27:00,174,1,4073
93765,2016-12-09,00:36:00,399,1,9235
93766,2016-12-09,00:52:00,419,1,10858
93767,2016-12-09,00:53:00,435,1,10311
93768,2016-12-09,00:59:00,188,1,10038
93769,2016-12-09,01:22:00,204,1,9718
93770,2016-12-09,01:29:00,325,2,2917
93771,2016-12-09,01:36:00,330,3,4702
93772,2016-12-09,01:38:00,318,3,2151
93773,2016-12-09,01:38:00,382,1,11225
93774,2016-12-09,01:38:00,308,1,6263
93775,2016-12-09,01:41:00,8,3,4219
93776,2016-12-09,01:44:00,44,2,2971
93777,2016-12-09,01:48:00,115,1,1502
93778,2016-12-09,01:48:00,208,3,7824
93779,2016-12-09,01:49:00,122,1,7037
93780,2016-12-09,02:03:00,368,2,9190
93781,2016-12-09,02:09:00,31,3,1047
93782,2016-12-09,02:17:00,152,5,3690
93783,2016-12-09,02:19:00,347,1,4531
93784,2016-12-09,02:22:00,168,1,2754
93785,2016-12-09,02:28:00,149,3,10390
93786,2016-12-09,02:28:00,238,1,11282
93787,2016-12-09,02:33:00,38,1,9739
93788,2016-12-09,02:44:00,316,1,700
93789,2016-12-09,02:45:00,35,2,9648
93790,2016-12-09,02:49:00,159,3,8674
93791,2016-12-09,02:52:00,199,1,10620
93792,2016-12-09,02:55:00,410,1,4192
93793,2016-12-09,03:03:00,194,2,3482
93794,2016-12-09,03:03:00,369,2,7582
93795,2016-12-09,03:09:00,159,1,5688
93796,2016-12-09,03:14:00,443,2,6491
93797,2016-12-09,03:14:00,394,4,10069
93798,2016-12-09,03:30:00,453,1,222
93799,2016-12-09,03:50:00,132,1,3169
93800,2016-12-09,03:58:00,65,1,10304
93801,2016-12-09,03:59:00,291,2,11764
93802,2016-12-09,04:03:00,346,1,4835
93803,2016-12-09,04:07:00,88,2,6231
93804,2016-12-09,04:09:00,6,2,4520
93805,2016-12-09,04:21:00,271,4,8190
93806,2016-12-09,04:21:00,14,1,5986
93807,2016-12-09,04:22:00,383,2,5522
93808,2016-12-09,04:32:00,301,1,8491
93809,2016-12-09,04:33:00,248,2,8950
93810,2016-12-09,04:37:00,336,3,8608
93811,2016-12-09,04:39:00,261,3,7235
93812,2016-12-09,04:47:00,334,1,754
93813,2016-12-09,04:48:00,385,1,291
93814,2016-12-09,05:04:00,457,2,691
93815,2016-12-09,05:04:00,186,1,6315
93816,2016-12-09,05:09:00,62,4,11914
93817,2016-12-09,05:18:00,420,3,2653
93818,2016-12-09,05:19:00,61,2,4746
93819,2016-12-09,05:26:00,312,2,893
93820,2016-12-09,05:27:00,49,2,4948
93821,2016-12-09,05:33:00,44,1,6979
93822,2016-12-09,06:04:00,420,1,2940
93823,2016-12-09,06:04:00,402,5,103
93824,2016-12-09,06:08:00,323,2,76
93825,2016-12-09,06:15:00,325,1,2888
93826,2016-12-09,06:15:00,279,2,2357
93827,2016-12-09,06:19:00,208,2,11446
93828,2016-12-09,06:24:00,358,1,9487
93829,2016-12-09,06:27:00,260,2,8838
93830,2016-12-09,06:27:00,311,2,9851
93831,2016-12-09,06:28:00,344,1,5315
93832,2016-12-09,06:31:00,74,4,4668
93833,2016-12-09,06:36:00,133,1,7177
93834,2016-12-09,07:00:00,417,2,9434
93835,2016-12-09,07:00:00,187,3,397
93836,2016-12-09,07:03:00,220,1,4377
93837,2016-12-09,07:08:00,377,2,9314
93838,2016-12-09,07:14:00,73,2,11750
93839,2016-12-09,07:16:00,338,1,9709
93840,2016-12-09,07:28:00,247,1,11715
93841,2016-12-09,07:28:00,265,1,3845
93842,2016-12-09,07:30:00,64,3,2013
93843,2016-12-09,07:36:00,309,3,8279
93844,2016-12-09,07:46:00,368,4,10475
93845,2016-12-09,07:51:00,417,1,113
93846,2016-12-09,07:55:00,330,2,9614
93847,2016-12-09,08:03:00,207,1,9363
93848,2016-12-09,08:05:00,457,2,7461
93849,2016-12-09,08:06:00,433,4,5113
93850,2016-12-09,08:10:00,322,1,1883
93851,2016-12-09,08:10:00,96,4,4559
93852,2016-12-09,08:19:00,192,3,10995
93853,2016-12-09,08:19:00,155,2,5462
93854,2016-12-09,08:21:00,166,1,6937
93855,2016-12-09,08:28:00,240,1,6911
93856,2016-12-09,08:30:00,293,1,10384
93857,2016-12-09,08:37:00,113,2,1664
93858,2016-12-09,08:56:00,337,2,6185
93859,2016-12-09,08:56:00,403,1,9522
93860,2016-12-09,08:56:00,400,1,10343
93861,2016-12-09,08:59:00,95,4,11418
93862,2016-12-09,09:12:00,67,2,1502
93863,2016-12-09,09:17:00,400,3,9128
93864,2016-12-09,09:22:00,303,1,11143
93865,2016-12-09,09:23:00,188,1,5772
93866,2016-12-09,09:32:00,41,3,9034
93867,2016-12-09,09:34:00,212,1,2292
93868,2016-12-09,09:37:00,25,1,1180
93869,2016-12-09,09:38:00,27,1,2959
93870,2016-12-09,09:38:00,233,1,8117
93871,2016-12-09,09:41:00,421,2,3254
93872,2016-12-09,09:42:00,427,5,299
93873,2016-12-09,09:44:00,448,1,10230
93874,2016-12-09,09:46:00,426,2,11027
93875,2016-12-09,09:47:00,437,2,10446
93876,2016-12-09,09:58:00,263,4,3851
93877,2016-12-09,10:00:00,301,5,4889
93878,2016-12-09,10:06:00,119,3,11559
93879,2016-12-09,10:06:00,275,2,7948
93880,2016-12-09,10:08:00,14,1,10738
93881,2016-12-09,10:18:00,257,3,5248
93882,2016-12-09,10:19:00,316,2,9090
93883,2016-12-09,10:19:00,195,2,7254
93884,2016-12-09,10:27:00,320,1,8043
93885,2016-12-09,10:31:00,415,1,1537
93886,2016-12-09,10:40:00,324,3,3272
93887,2016-12-09,10:42:00,93,3,9052
93888,2016-12-09,10:50:00,391,3,3390
93889,2016-12-09,10:51:00,247,2,6382
93890,2016-12-09,10:55:00,420,1,10236
93891,2016-12-09,10:56:00,190,2,5535
93892,2016-12-09,11:00:00,391,1,7981
93893,2016-12-09,11:01:00,420,1,8664
93894,2016-12-09,11:07:00,458,2,6741
93895,2016-12-09,11:13:00,380,1,5343
93896,2016-12-09,11:15:00,409,2,2177
93897,2016-12-09,11:21:00,69,2,9175
93898,2016-12-09,11:29:00,305,2,1912
93899,2016-12-09,11:30:00,113,1,5048
93900,2016-12-09,11:32:00,166,3,7548
93901,2016-12-09,11:35:00,258,2,5222
93902,2016-12-09,11:35:00,320,2,11136
93903,2016-12-09,11:36:00,153,2,4497
93904,2016-12-09,12:06:00,404,1,3639
93905,2016-12-09,12:14:00,379,2,6254
93906,2016-12-09,12:20:00,363,1,1685
93907,2016-12-09,12:24:00,427,3,4437
93908,2016-12-09,12:27:00,89,3,5055
93909,2016-12-09,12:28:00,125,2,4162
93910,2016-12-09,12:29:00,109,3,11545
93911,2016-12-09,12:32:00,393,1,7007
93912,2016-12-09,12:32:00,406,2,10936
93913,2016-12-09,12:33:00,300,2,1438
93914,2016-12-09,12:35:00,63,1,1061
93915,2016-12-09,12:43:00,155,2,5547
93916,2016-12-09,12:44:00,365,3,5583
93917,2016-12-09,12:47:00,1,2,1542
93918,2016-12-09,12:49:00,9,3,9444
93919,2016-12-09,12:50:00,17,1,5013
93920,2016-12-09,13:05:00,358,2,3852
93921,2016-12-09,13:18:00,71,1,870
93922,2016-12-09,13:20:00,279,5,2091
93923,2016-12-09,13:29:00,96,1,3532
93924,2016-12-09,13:38:00,24,2,10909
93925,2016-12-09,13:45:00,191,2,1289
93926,2016-12-09,13:46:00,250,3,1200
93927,2016-12-09,13:55:00,394,1,8393
93928,2016-12-09,13:57:00,182,5,1291
93929,2016-12-09,14:01:00,82,2,8213
93930,2016-12-09,14:19:00,60,2,1292
93931,2016-12-09,14:27:00,357,2,6567
93932,2016-12-09,14:29:00,84,5,3576
93933,2016-12-09,14:42:00,213,2,6972
93934,2016-12-09,14:44:00,344,1,93
93935,2016-12-09,14:56:00,247,1,4503
93936,2016-12-09,14:57:00,290,3,8989
93937,2016-12-09,15:07:00,236,3,181
93938,2016-12-09,15:09:00,316,2,2446
93939,2016-12-09,15:24:00,374,2,1272
93940,2016-12-09,15:42:00,144,1,9349
93941,2016-12-09,15:50:00,341,3,11521
93942,2016-12-09,15:54:00,369,3,3172
93943,2016-12-09,16:07:00,337,5,2097
93944,2016-12-09,16:20:00,333,2,392
93945,2016-12-09,16:22:00,360,3,6728
93946,2016-12-09,16:23:00,298,2,2059
93947,2016-12-09,16:31:00,307,2,8034
93948,2016-12-09,16:33:00,126,1,3823
93949,2016-12-09,16:34:00,267,1,11433
93950,2016-12-09,16:39:00,256,3,3582
93951,2016-12-09,16:40:00,223,2,6748
93952,2016-12-09,16:45:00,155,1,8084
93953,2016-12-09,16:46:00,212,2,2996
93954,2016-12-09,16:52:00,271,2,11810
93955,2016-12-09,16:58:00,179,1,4158
93956,2016-12-09,17:03:00,279,2,6719
93957,2016-12-09,17:22:00,176,1,2888
93958,2016-12-09,17:35:00,300,4,7955
93959,2016-12-09,17:41:00,55,3,2997
93960,2016-12-09,17:41:00,256,1,5886
93961,2016-12-09,17:42:00,118,1,4087
93962,2016-12-09,17:42:00,147,2,6226
93963,2016-12-09,17:47:00,50,2,1007
93964,2016-12-09,17:53:00,181,3,9909
93965,2016-12-09,17:59:00,261,1,8231
93966,2016-12-09,18:00:00,170,2,1452
93967,2016-12-09,18:20:00,37,1,1583
93968,2016-12-09,18:30:00,367,3,3626
93969,2016-12-09,18:42:00,167,1,684
93970,2016-12-09,18:49:00,345,3,11431
93971,2016-12-09,18:56:00,156,1,3399
93972,2016-12-09,18:58:00,157,2,3693
93973,2016-12-09,19:00:00,341,3,9003
93974,2016-12-09,19:28:00,212,2,2198
93975,2016-12-09,19:33:00,230,3,11376
93976,2016-12-09,19:38:00,421,3,8337
93977,2016-12-09,19:42:00,82,4,9395
93978,2016-12-09,19:50:00,437,3,6149
93979,2016-12-09,19:51:00,249,1,3606
93980,2016-12-09,19:54:00,75,1,6106
93981,2016-12-09,20:06:00,405,1,8525
93982,2016-12-09,20:07:00,318,2,7252
93983,2016-12-09,20:14:00,199,1,4089
93984,2016-12-09,20:22:00,421,2,3813
93985,2016-12-09,20:24:00,400,2,5298
93986,2016-12-09,20:24:00,423,1,7411
93987,2016-12-09,20:28:00,370,2,7994
93988,2016-12-09,20:30:00,14,2,7959
93989,2016-12-09,20:56:00,454,1,6240
93990,2016-12-09,20:58:00,153,1,8726
93991,2016-12-09,21:00:00,162,2,4873
93992,2016-12-09,21:13:00,291,2,4096
93993,2016-12-09,21:13:00,219,1,11365
93994,2016-12-09,21:16:00,377,1,4430
93995,2016-12-09,21:20:00,203,2,1935
93996,2016-12-09,21:23:00,17,2,2097
93997,2016-12-09,21:30:00,160,3,9761
93998,2016-12-09,21:56:00,174,2,1529
93999,2016-12-09,22:00:00,328,1,6433
94000,2016-12-09,22:08:00,408,3,11027
94001,2016-12-09,22:16:00,92,2,10627
94002,2016-12-09,22:18:00,344,1,7925
94003,2016-12-09,22:21:00,70,1,11673
94004,2016-12-09,22:29:00,50,2,6090
94005,2016-12-09,22:34:00,39,1,8216
94006,2016-12-09,22:34:00,433,1,7812
94007,2016-12-09,22:37:00,159,1,8260
94008,2016-12-09,22:45:00,219,2,6219
94009,2016-12-09,22:52:00,416,3,5187
94010,2016-12-09,23:07:00,36,2,9838
94011,2016-12-09,23:21:00,246,1,1306
94012,2016-12-09,23:26:00,262,3,3904
94013,2016-12-09,23:30:00,22,1,3385
94014,2016-12-09,23:36:00,360,2,11165
94015,2016-12-09,23:40:00,442,1,5968
94016,2016-12-09,23:41:00,153,3,8950
94017,2016-12-09,23:51:00,172,3,9321
94018,2016-12-09,23:53:00,227,1,9979
94019,2016-12-09,23:55:00,6,1,8049
94020,2016-12-09,23:57:00,319,3,3334
94021,2016-12-10,00:07:00,219,2,9658
94022,2016-12-10,00:12:00,292,1,5715
94023,2016-12-10,00:25:00,42,2,11825
94024,2016-12-10,00:29:00,204,2,7648
94025,2016-12-10,00:33:00,333,3,5665
94026,2016-12-10,00:34:00,167,1,7995
94027,2016-12-10,00:36:00,18,1,7420
94028,2016-12-10,00:38:00,445,2,4924
94029,2016-12-10,00:44:00,303,2,8296
94030,2016-12-10,00:45:00,415,3,5103
94031,2016-12-10,00:46:00,81,1,1611
94032,2016-12-10,00:46:00,251,1,140
94033,2016-12-10,00:47:00,128,1,10476
94034,2016-12-10,00:49:00,11,1,10945
94035,2016-12-10,00:52:00,420,4,10676
94036,2016-12-10,01:01:00,47,3,4171
94037,2016-12-10,01:04:00,410,1,9700
94038,2016-12-10,01:12:00,422,1,7127
94039,2016-12-10,01:32:00,375,4,3231
94040,2016-12-10,01:32:00,125,1,4367
94041,2016-12-10,01:40:00,10,2,4302
94042,2016-12-10,01:47:00,184,2,8168
94043,2016-12-10,01:49:00,329,2,10833
94044,2016-12-10,01:55:00,55,1,11348
94045,2016-12-10,01:59:00,313,3,3844
94046,2016-12-10,02:02:00,229,2,6151
94047,2016-12-10,02:10:00,413,2,5800
94048,2016-12-10,02:13:00,373,1,11029
94049,2016-12-10,02:28:00,280,2,2115
94050,2016-12-10,02:29:00,27,4,10930
94051,2016-12-10,02:30:00,437,1,11072
94052,2016-12-10,02:32:00,102,1,2328
94053,2016-12-10,02:33:00,19,4,2262
94054,2016-12-10,02:49:00,305,2,3573
94055,2016-12-10,03:01:00,427,2,3292
94056,2016-12-10,03:04:00,48,1,5687
94057,2016-12-10,03:08:00,347,2,10781
94058,2016-12-10,03:13:00,447,2,4475
94059,2016-12-10,03:15:00,185,1,8833
94060,2016-12-10,03:16:00,135,1,212
94061,2016-12-10,03:20:00,127,3,454
94062,2016-12-10,03:21:00,443,1,3738
94063,2016-12-10,03:33:00,301,2,7875
94064,2016-12-10,03:43:00,260,2,3073
94065,2016-12-10,03:57:00,322,2,5853
94066,2016-12-10,04:07:00,422,1,7399
94067,2016-12-10,04:11:00,114,2,1646
94068,2016-12-10,04:13:00,248,2,9401
94069,2016-12-10,04:14:00,373,2,5147
94070,2016-12-10,04:14:00,209,2,11491
94071,2016-12-10,04:16:00,28,2,8985
94072,2016-12-10,04:17:00,362,1,11909
94073,2016-12-10,04:17:00,236,3,3047
94074,2016-12-10,04:22:00,408,2,1299
94075,2016-12-10,04:53:00,416,1,11894
94076,2016-12-10,04:54:00,370,2,1280
94077,2016-12-10,05:03:00,15,1,8403
94078,2016-12-10,05:15:00,87,3,6995
94079,2016-12-10,05:39:00,208,1,1725
94080,2016-12-10,05:44:00,251,1,2123
94081,2016-12-10,05:47:00,185,2,8279
94082,2016-12-10,05:55:00,316,2,5623
94083,2016-12-10,05:58:00,83,3,5713
94084,2016-12-10,06:00:00,260,1,4398
94085,2016-12-10,06:05:00,18,1,11184
94086,2016-12-10,06:10:00,449,2,8066
94087,2016-12-10,06:12:00,67,3,3794
94088,2016-12-10,06:26:00,73,2,9806
94089,2016-12-10,06:43:00,412,2,971
94090,2016-12-10,06:52:00,119,4,3696
94091,2016-12-10,07:07:00,97,1,3872
94092,2016-12-10,07:13:00,109,2,1235
94093,2016-12-10,07:28:00,272,5,5098
94094,2016-12-10,07:30:00,23,4,7747
94095,2016-12-10,07:36:00,359,3,7196
94096,2016-12-10,07:38:00,150,4,2728
94097,2016-12-10,07:46:00,139,3,3153
94098,2016-12-10,07:47:00,302,2,1017
94099,2016-12-10,07:49:00,166,3,11312
94100,2016-12-10,07:53:00,235,3,2028
94101,2016-12-10,07:53:00,272,2,1432
94102,2016-12-10,08:01:00,373,1,3263
94103,2016-12-10,08:08:00,377,1,2254
94104,2016-12-10,08:11:00,14,1,11051
94105,2016-12-10,08:13:00,107,1,1443
94106,2016-12-10,08:21:00,274,1,3866
94107,2016-12-10,08:22:00,428,3,7342
94108,2016-12-10,08:41:00,116,1,8304
94109,2016-12-10,08:45:00,425,1,4890
94110,2016-12-10,08:50:00,180,1,11622
94111,2016-12-10,08:53:00,152,3,11368
94112,2016-12-10,08:53:00,103,3,7569
94113,2016-12-10,08:55:00,324,1,7438
94114,2016-12-10,09:03:00,334,1,11957
94115,2016-12-10,09:20:00,128,3,3385
94116,2016-12-10,09:24:00,200,3,2458
94117,2016-12-10,09:29:00,352,3,3158
94118,2016-12-10,09:29:00,420,3,5994
94119,2016-12-10,09:30:00,67,3,4030
94120,2016-12-10,09:33:00,156,2,10476
94121,2016-12-10,09:43:00,124,4,5596
94122,2016-12-10,09:50:00,22,1,2947
94123,2016-12-10,09:54:00,238,2,925
94124,2016-12-10,09:59:00,58,3,11036
94125,2016-12-10,10:10:00,43,4,1254
94126,2016-12-10,10:14:00,442,2,782
94127,2016-12-10,10:27:00,94,2,10794
94128,2016-12-10,10:49:00,4,3,8484
94129,2016-12-10,10:55:00,429,1,1171
94130,2016-12-10,11:07:00,248,1,8627
94131,2016-12-10,11:24:00,440,2,8957
94132,2016-12-10,11:24:00,432,1,6495
94133,2016-12-10,11:33:00,2,5,2539
94134,2016-12-10,11:44:00,237,2,10684
94135,2016-12-10,11:48:00,247,3,5866
94136,2016-12-10,11:50:00,344,1,4923
94137,2016-12-10,12:01:00,276,3,5996
94138,2016-12-10,12:12:00,228,1,11117
94139,2016-12-10,12:27:00,409,2,7946
94140,2016-12-10,12:49:00,316,1,11630
94141,2016-12-10,13:02:00,431,1,9503
94142,2016-12-10,13:06:00,45,1,11829
94143,2016-12-10,13:12:00,55,1,681
94144,2016-12-10,13:15:00,348,1,7646
94145,2016-12-10,13:16:00,418,2,2040
94146,2016-12-10,13:17:00,129,3,3743
94147,2016-12-10,13:22:00,172,3,9922
94148,2016-12-10,13:27:00,14,2,9757
94149,2016-12-10,13:33:00,130,1,4963
94150,2016-12-10,13:41:00,280,1,8131
94151,2016-12-10,13:43:00,171,3,8004
94152,2016-12-10,13:51:00,171,1,4155
94153,2016-12-10,14:00:00,235,2,1067
94154,2016-12-10,14:04:00,59,3,11371
94155,2016-12-10,14:09:00,383,2,8049
94156,2016-12-10,14:11:00,251,2,11829
94157,2016-12-10,14:15:00,218,2,9499
94158,2016-12-10,14:28:00,297,1,3298
94159,2016-12-10,14:39:00,329,1,1746
94160,2016-12-10,14:41:00,224,1,4347
94161,2016-12-10,14:50:00,264,1,5091
94162,2016-12-10,14:52:00,444,2,11586
94163,2016-12-10,14:55:00,125,1,7378
94164,2016-12-10,15:01:00,453,3,8749
94165,2016-12-10,15:17:00,108,1,3791
94166,2016-12-10,15:18:00,215,2,8007
94167,2016-12-10,15:18:00,330,5,11607
94168,2016-12-10,15:22:00,353,1,3207
94169,2016-12-10,15:31:00,5,3,10451
94170,2016-12-10,15:34:00,400,2,5209
94171,2016-12-10,15:36:00,213,2,2124
94172,2016-12-10,15:41:00,317,1,2098
94173,2016-12-10,15:43:00,244,2,3937
94174,2016-12-10,15:46:00,221,3,8894
94175,2016-12-10,15:47:00,118,3,11402
94176,2016-12-10,15:54:00,310,1,7840
94177,2016-12-10,15:55:00,149,2,5699
94178,2016-12-10,16:02:00,280,3,442
94179,2016-12-10,16:05:00,196,2,2766
94180,2016-12-10,16:17:00,322,2,4717
94181,2016-12-10,16:22:00,434,3,10751
94182,2016-12-10,16:35:00,83,1,10649
94183,2016-12-10,16:38:00,56,2,10165
94184,2016-12-10,16:38:00,83,3,6170
94185,2016-12-10,16:43:00,390,2,6079
94186,2016-12-10,16:45:00,193,2,478
94187,2016-12-10,16:54:00,5,1,9001
94188,2016-12-10,17:12:00,102,1,7156
94189,2016-12-10,17:12:00,427,2,1671
94190,2016-12-10,17:18:00,285,1,736
94191,2016-12-10,17:19:00,337,2,3622
94192,2016-12-10,17:26:00,246,2,11141
94193,2016-12-10,17:26:00,10,1,10262
94194,2016-12-10,17:31:00,243,1,3000
94195,2016-12-10,17:38:00,71,1,6320
94196,2016-12-10,17:48:00,251,1,9895
94197,2016-12-10,17:49:00,247,3,10179
94198,2016-12-10,17:49:00,102,3,2208
94199,2016-12-10,17:55:00,136,1,9009
94200,2016-12-10,17:56:00,442,2,4397
94201,2016-12-10,17:56:00,392,3,9243
94202,2016-12-10,17:56:00,200,2,2707
94203,2016-12-10,18:00:00,269,2,5371
94204,2016-12-10,18:01:00,89,4,472
94205,2016-12-10,18:11:00,346,1,737
94206,2016-12-10,18:18:00,343,2,7863
94207,2016-12-10,18:19:00,296,1,5958
94208,2016-12-10,18:30:00,356,3,10455
94209,2016-12-10,18:46:00,76,2,4185
94210,2016-12-10,18:49:00,326,2,11646
94211,2016-12-10,19:13:00,357,2,9983
94212,2016-12-10,19:16:00,78,3,6954
94213,2016-12-10,19:22:00,264,2,6717
94214,2016-12-10,19:26:00,404,4,7430
94215,2016-12-10,19:31:00,368,1,4881
94216,2016-12-10,19:35:00,202,2,8475
94217,2016-12-10,19:44:00,361,1,10491
94218,2016-12-10,19:52:00,221,2,7115
94219,2016-12-10,20:00:00,30,2,2843
94220,2016-12-10,20:03:00,339,2,1947
94221,2016-12-10,20:09:00,390,1,9900
94222,2016-12-10,20:09:00,264,4,8734
94223,2016-12-10,20:16:00,231,1,8614
94224,2016-12-10,20:23:00,54,2,8112
94225,2016-12-10,20:36:00,405,2,9264
94226,2016-12-10,20:37:00,101,2,10983
94227,2016-12-10,20:46:00,306,1,10566
94228,2016-12-10,20:54:00,63,1,990
94229,2016-12-10,21:00:00,7,1,2931
94230,2016-12-10,21:00:00,430,2,1306
94231,2016-12-10,21:01:00,141,2,2623
94232,2016-12-10,21:14:00,283,1,9720
94233,2016-12-10,21:21:00,354,3,3843
94234,2016-12-10,21:29:00,45,1,10726
94235,2016-12-10,21:39:00,354,2,9572
94236,2016-12-10,21:43:00,26,2,8353
94237,2016-12-10,21:52:00,411,2,5193
94238,2016-12-10,22:00:00,392,2,6133
94239,2016-12-10,22:05:00,343,3,5265
94240,2016-12-10,22:12:00,450,1,10318
94241,2016-12-10,22:13:00,244,3,2855
94242,2016-12-10,22:16:00,362,2,6387
94243,2016-12-10,22:22:00,39,1,3697
94244,2016-12-10,22:25:00,350,3,3219
94245,2016-12-10,22:35:00,358,1,9102
94246,2016-12-10,22:39:00,6,3,10320
94247,2016-12-10,22:41:00,96,4,760
94248,2016-12-10,22:49:00,260,1,4839
94249,2016-12-10,22:51:00,16,3,8118
94250,2016-12-10,22:51:00,445,1,5142
94251,2016-12-10,23:04:00,41,1,3348
94252,2016-12-10,23:08:00,11,1,1782
94253,2016-12-10,23:12:00,9,3,8747
94254,2016-12-10,23:16:00,119,1,2027
94255,2016-12-10,23:22:00,202,2,10788
94256,2016-12-10,23:29:00,406,1,5709
94257,2016-12-10,23:31:00,128,2,10611
94258,2016-12-10,23:39:00,384,1,8585
94259,2016-12-10,23:45:00,268,1,6566
94260,2016-12-10,23:45:00,188,1,1269
94261,2016-12-10,23:54:00,79,1,2935
94262,2016-12-10,23:55:00,249,1,4498
94263,2016-12-11,00:11:00,167,2,11175
94264,2016-12-11,00:14:00,85,2,7025
94265,2016-12-11,00:17:00,127,1,3774
94266,2016-12-11,00:19:00,90,2,4777
94267,2016-12-11,00:20:00,332,2,8168
94268,2016-12-11,00:32:00,404,2,11367
94269,2016-12-11,00:37:00,263,1,10528
94270,2016-12-11,01:02:00,318,2,9359
94271,2016-12-11,01:03:00,231,4,4183
94272,2016-12-11,01:08:00,112,2,4748
94273,2016-12-11,01:10:00,105,1,5234
94274,2016-12-11,01:36:00,33,4,198
94275,2016-12-11,01:37:00,333,2,7494
94276,2016-12-11,01:42:00,439,2,7856
94277,2016-12-11,01:43:00,237,3,1626
94278,2016-12-11,01:46:00,257,3,11592
94279,2016-12-11,01:48:00,411,3,10943
94280,2016-12-11,01:49:00,62,3,11374
94281,2016-12-11,01:57:00,157,1,11050
94282,2016-12-11,02:01:00,304,3,11912
94283,2016-12-11,02:05:00,404,1,6014
94284,2016-12-11,02:08:00,174,3,6583
94285,2016-12-11,02:12:00,404,2,7845
94286,2016-12-11,02:12:00,349,2,6456
94287,2016-12-11,02:20:00,423,2,2018
94288,2016-12-11,02:25:00,117,1,9240
94289,2016-12-11,02:25:00,438,1,3410
94290,2016-12-11,02:25:00,180,2,5671
94291,2016-12-11,02:26:00,41,2,6473
94292,2016-12-11,02:38:00,38,4,9616
94293,2016-12-11,02:44:00,283,1,3759
94294,2016-12-11,02:45:00,203,3,11845
94295,2016-12-11,02:45:00,254,2,2945
94296,2016-12-11,02:48:00,78,3,9155
94297,2016-12-11,02:51:00,358,2,7625
94298,2016-12-11,02:54:00,171,4,3688
94299,2016-12-11,02:57:00,152,1,4138
94300,2016-12-11,03:16:00,211,1,10447
94301,2016-12-11,03:25:00,288,2,7516
94302,2016-12-11,03:36:00,162,1,10704
94303,2016-12-11,03:39:00,420,3,4716
94304,2016-12-11,03:41:00,143,2,3330
94305,2016-12-11,03:51:00,351,2,968
94306,2016-12-11,04:11:00,73,2,3783
94307,2016-12-11,04:14:00,412,3,6497
94308,2016-12-11,04:18:00,355,3,7037
94309,2016-12-11,04:21:00,32,1,5650
94310,2016-12-11,04:38:00,83,1,8594
94311,2016-12-11,04:49:00,282,3,10828
94312,2016-12-11,04:50:00,337,1,6486
94313,2016-12-11,05:08:00,92,2,10960
94314,2016-12-11,05:08:00,2,1,2896
94315,2016-12-11,05:12:00,362,1,8219
94316,2016-12-11,05:30:00,8,3,9391
94317,2016-12-11,05:37:00,423,1,6862
94318,2016-12-11,05:46:00,14,2,10606
94319,2016-12-11,05:53:00,95,6,4928
94320,2016-12-11,05:56:00,22,3,576
94321,2016-12-11,05:58:00,109,3,5196
94322,2016-12-11,05:58:00,216,1,5221
94323,2016-12-11,06:02:00,106,2,11663
94324,2016-12-11,06:02:00,311,1,11942
94325,2016-12-11,06:09:00,270,3,1951
94326,2016-12-11,06:15:00,135,3,3830
94327,2016-12-11,06:16:00,381,1,3335
94328,2016-12-11,06:22:00,431,1,5841
94329,2016-12-11,06:22:00,418,2,6130
94330,2016-12-11,06:23:00,38,2,6130
94331,2016-12-11,06:23:00,367,3,5850
94332,2016-12-11,06:40:00,206,2,2792
94333,2016-12-11,06:41:00,186,2,6185
94334,2016-12-11,06:44:00,227,3,5499
94335,2016-12-11,06:46:00,420,1,11973
94336,2016-12-11,06:48:00,121,2,1831
94337,2016-12-11,06:57:00,400,4,3305
94338,2016-12-11,07:02:00,424,3,1928
94339,2016-12-11,07:04:00,22,3,11411
94340,2016-12-11,07:07:00,164,1,2043
94341,2016-12-11,07:16:00,162,1,5588
94342,2016-12-11,07:19:00,231,2,5107
94343,2016-12-11,07:22:00,409,2,7565
94344,2016-12-11,07:24:00,218,2,9083
94345,2016-12-11,07:30:00,347,2,8795
94346,2016-12-11,07:36:00,413,4,464
94347,2016-12-11,07:42:00,186,3,1138
94348,2016-12-11,07:43:00,284,2,3965
94349,2016-12-11,07:49:00,448,1,2075
94350,2016-12-11,07:51:00,379,1,10946
94351,2016-12-11,07:53:00,146,4,6007
94352,2016-12-11,07:54:00,384,3,11275
94353,2016-12-11,08:10:00,217,5,4439
94354,2016-12-11,08:19:00,9,2,6722
94355,2016-12-11,08:27:00,112,2,190
94356,2016-12-11,08:30:00,282,1,10161
94357,2016-12-11,08:38:00,394,2,8993
94358,2016-12-11,08:40:00,52,1,1567
94359,2016-12-11,08:44:00,120,1,7936
94360,2016-12-11,08:49:00,94,1,7216
94361,2016-12-11,08:55:00,20,1,4490
94362,2016-12-11,08:59:00,196,2,7768
94363,2016-12-11,09:05:00,410,3,1681
94364,2016-12-11,09:08:00,218,1,6651
94365,2016-12-11,09:20:00,69,2,5644
94366,2016-12-11,09:30:00,144,1,3178
94367,2016-12-11,09:39:00,220,1,5202
94368,2016-12-11,09:42:00,44,1,1579
94369,2016-12-11,09:44:00,236,1,5105
94370,2016-12-11,09:45:00,407,2,1533
94371,2016-12-11,09:48:00,108,5,11970
94372,2016-12-11,09:53:00,262,1,8554
94373,2016-12-11,09:57:00,250,3,5429
94374,2016-12-11,10:05:00,139,1,3520
94375,2016-12-11,10:17:00,221,5,5166
94376,2016-12-11,10:18:00,442,4,5608
94377,2016-12-11,10:19:00,170,1,7315
94378,2016-12-11,10:21:00,58,2,9278
94379,2016-12-11,10:25:00,258,3,3833
94380,2016-12-11,10:32:00,390,2,386
94381,2016-12-11,10:33:00,361,1,1583
94382,2016-12-11,10:38:00,132,3,7903
94383,2016-12-11,10:46:00,151,3,7233
94384,2016-12-11,10:58:00,270,3,3971
94385,2016-12-11,11:00:00,315,1,8825
94386,2016-12-11,11:03:00,412,3,4250
94387,2016-12-11,11:08:00,264,1,6171
94388,2016-12-11,11:09:00,423,5,8634
94389,2016-12-11,11:09:00,448,2,8934
94390,2016-12-11,11:13:00,108,2,4383
94391,2016-12-11,11:26:00,143,3,9466
94392,2016-12-11,11:33:00,35,3,945
94393,2016-12-11,11:51:00,118,1,4688
94394,2016-12-11,12:05:00,269,1,3916
94395,2016-12-11,12:11:00,128,3,2056
94396,2016-12-11,12:11:00,221,1,10246
94397,2016-12-11,12:16:00,303,1,9524
94398,2016-12-11,12:18:00,180,2,4102
94399,2016-12-11,12:21:00,111,2,4617
94400,2016-12-11,12:24:00,103,1,5518
94401,2016-12-11,12:40:00,423,1,8489
94402,2016-12-11,12:41:00,17,2,7015
94403,2016-12-11,12:45:00,213,1,2523
94404,2016-12-11,12:45:00,146,1,2345
94405,2016-12-11,12:47:00,241,2,1768
94406,2016-12-11,12:54:00,110,2,6216
94407,2016-12-11,13:09:00,439,1,3224
94408,2016-12-11,13:11:00,426,2,1735
94409,2016-12-11,13:13:00,331,2,10433
94410,2016-12-11,13:16:00,272,3,6921
94411,2016-12-11,13:25:00,220,1,1215
94412,2016-12-11,13:26:00,20,4,7806
94413,2016-12-11,13:29:00,235,1,8160
94414,2016-12-11,13:39:00,237,6,9212
94415,2016-12-11,13:56:00,80,1,7200
94416,2016-12-11,14:03:00,214,1,7025
94417,2016-12-11,14:08:00,176,4,5519
94418,2016-12-11,14:09:00,129,2,6302
94419,2016-12-11,14:15:00,40,2,9978
94420,2016-12-11,14:16:00,257,2,11031
94421,2016-12-11,14:19:00,418,2,7141
94422,2016-12-11,14:30:00,266,2,10990
94423,2016-12-11,14:42:00,313,2,3433
94424,2016-12-11,14:47:00,95,4,6541
94425,2016-12-11,14:53:00,281,3,5754
94426,2016-12-11,14:55:00,355,3,270
94427,2016-12-11,15:00:00,337,4,8105
94428,2016-12-11,15:06:00,362,4,8828
94429,2016-12-11,15:10:00,163,1,10152
94430,2016-12-11,15:14:00,336,2,11077
94431,2016-12-11,15:23:00,195,1,10268
94432,2016-12-11,15:29:00,125,6,2931
94433,2016-12-11,15:31:00,104,3,527
94434,2016-12-11,15:40:00,380,1,6101
94435,2016-12-11,15:51:00,71,2,4209
94436,2016-12-11,15:57:00,320,2,10773
94437,2016-12-11,15:59:00,216,1,10140
94438,2016-12-11,15:59:00,436,3,3639
94439,2016-12-11,16:07:00,85,1,3147
94440,2016-12-11,16:13:00,122,5,5885
94441,2016-12-11,16:19:00,395,3,4179
94442,2016-12-11,16:20:00,236,1,1694
94443,2016-12-11,16:27:00,323,1,4032
94444,2016-12-11,16:27:00,429,1,4659
94445,2016-12-11,16:29:00,336,3,6969
94446,2016-12-11,16:30:00,349,1,9287
94447,2016-12-11,16:32:00,261,2,3737
94448,2016-12-11,16:33:00,333,2,7277
94449,2016-12-11,16:34:00,317,2,11046
94450,2016-12-11,16:40:00,348,1,3853
94451,2016-12-11,16:57:00,179,2,4149
94452,2016-12-11,16:57:00,366,2,2610
94453,2016-12-11,17:02:00,17,3,8815
94454,2016-12-11,17:10:00,425,2,2739
94455,2016-12-11,17:13:00,185,3,647
94456,2016-12-11,17:28:00,283,2,515
94457,2016-12-11,17:30:00,385,1,1453
94458,2016-12-11,17:32:00,363,2,2542
94459,2016-12-11,17:46:00,310,3,4165
94460,2016-12-11,17:50:00,339,2,9207
94461,2016-12-11,17:51:00,286,2,9886
94462,2016-12-11,17:51:00,143,3,5391
94463,2016-12-11,17:52:00,34,3,6958
94464,2016-12-11,17:53:00,206,1,1220
94465,2016-12-11,18:06:00,68,4,61
94466,2016-12-11,18:07:00,219,2,3459
94467,2016-12-11,18:09:00,337,1,3862
94468,2016-12-11,18:11:00,401,2,11518
94469,2016-12-11,18:20:00,368,1,10500
94470,2016-12-11,18:36:00,402,2,3666
94471,2016-12-11,18:38:00,201,1,10969
94472,2016-12-11,18:38:00,247,2,6934
94473,2016-12-11,18:43:00,348,2,1651
94474,2016-12-11,18:44:00,346,2,7411
94475,2016-12-11,18:44:00,268,2,6245
94476,2016-12-11,18:50:00,242,2,789
94477,2016-12-11,18:52:00,274,1,8723
94478,2016-12-11,19:00:00,269,2,4283
94479,2016-12-11,19:12:00,354,5,8685
94480,2016-12-11,19:15:00,62,1,7110
94481,2016-12-11,19:23:00,339,3,2471
94482,2016-12-11,19:32:00,376,2,2055
94483,2016-12-11,19:33:00,68,4,4533
94484,2016-12-11,19:36:00,185,6,9925
94485,2016-12-11,19:37:00,6,3,5990
94486,2016-12-11,19:40:00,221,1,8715
94487,2016-12-11,19:41:00,235,2,9233
94488,2016-12-11,19:45:00,139,4,6837
94489,2016-12-11,19:50:00,414,4,9357
94490,2016-12-11,19:58:00,445,1,6584
94491,2016-12-11,20:05:00,224,2,6042
94492,2016-12-11,20:09:00,310,3,5881
94493,2016-12-11,20:10:00,288,1,10110
94494,2016-12-11,20:20:00,213,2,5835
94495,2016-12-11,20:24:00,177,2,4314
94496,2016-12-11,20:28:00,318,1,182
94497,2016-12-11,20:28:00,398,2,7651
94498,2016-12-11,20:33:00,269,2,1645
94499,2016-12-11,20:42:00,164,2,6558
94500,2016-12-11,20:55:00,116,2,1807
94501,2016-12-11,21:02:00,270,2,10351
94502,2016-12-11,21:04:00,173,2,10725
94503,2016-12-11,21:07:00,94,2,8798
94504,2016-12-11,21:09:00,81,2,11079
94505,2016-12-11,21:14:00,132,2,11470
94506,2016-12-11,21:23:00,4,3,7243
94507,2016-12-11,21:25:00,107,1,9372
94508,2016-12-11,21:26:00,93,2,9122
94509,2016-12-11,21:27:00,71,2,11563
94510,2016-12-11,21:55:00,337,2,11900
94511,2016-12-11,22:05:00,109,1,10513
94512,2016-12-11,22:06:00,377,2,8747
94513,2016-12-11,22:15:00,384,2,1825
94514,2016-12-11,22:18:00,407,1,9434
94515,2016-12-11,22:39:00,3,2,1024
94516,2016-12-11,22:41:00,61,1,3008
94517,2016-12-11,22:44:00,335,2,5136
94518,2016-12-11,22:45:00,91,2,6706
94519,2016-12-11,22:50:00,93,1,6766
94520,2016-12-11,22:51:00,254,5,3127
94521,2016-12-11,23:10:00,232,1,6111
94522,2016-12-11,23:12:00,234,2,10946
94523,2016-12-11,23:14:00,258,1,4362
94524,2016-12-11,23:17:00,107,2,10262
94525,2016-12-11,23:17:00,288,2,1098
94526,2016-12-11,23:18:00,17,3,11571
94527,2016-12-11,23:22:00,424,3,10122
94528,2016-12-11,23:26:00,220,2,10285
94529,2016-12-11,23:30:00,285,1,190
94530,2016-12-11,23:38:00,168,1,5322
94531,2016-12-11,23:40:00,255,2,7585
94532,2016-12-12,00:15:00,290,3,5412
94533,2016-12-12,00:22:00,455,3,10945
94534,2016-12-12,00:34:00,217,1,3632
94535,2016-12-12,00:52:00,238,2,7408
94536,2016-12-12,00:55:00,321,2,1227
94537,2016-12-12,01:01:00,350,2,11320
94538,2016-12-12,01:01:00,50,1,5736
94539,2016-12-12,01:05:00,332,2,6444
94540,2016-12-12,01:10:00,167,2,3581
94541,2016-12-12,01:11:00,71,2,11391
94542,2016-12-12,01:19:00,305,3,9610
94543,2016-12-12,01:34:00,274,3,7127
94544,2016-12-12,01:35:00,46,1,11993
94545,2016-12-12,01:36:00,361,2,9210
94546,2016-12-12,01:40:00,203,3,6305
94547,2016-12-12,01:40:00,287,2,1468
94548,2016-12-12,01:42:00,207,2,1873
94549,2016-12-12,01:46:00,77,2,1295
94550,2016-12-12,01:57:00,324,2,7002
94551,2016-12-12,02:01:00,321,2,7828
94552,2016-12-12,02:05:00,333,1,11957
94553,2016-12-12,02:06:00,363,1,8584
94554,2016-12-12,02:23:00,43,3,6492
94555,2016-12-12,02:30:00,298,1,1870
94556,2016-12-12,02:30:00,376,4,3302
94557,2016-12-12,02:32:00,395,2,6417
94558,2016-12-12,02:42:00,211,2,1334
94559,2016-12-12,02:43:00,319,2,6193
94560,2016-12-12,02:44:00,291,1,8478
94561,2016-12-12,02:56:00,451,2,74
94562,2016-12-12,03:03:00,182,2,3242
94563,2016-12-12,03:11:00,380,1,2315
94564,2016-12-12,03:28:00,51,3,11874
94565,2016-12-12,04:02:00,282,5,2222
94566,2016-12-12,04:10:00,281,2,8404
94567,2016-12-12,04:13:00,191,1,3852
94568,2016-12-12,04:14:00,48,3,4012
94569,2016-12-12,04:14:00,380,6,9355
94570,2016-12-12,04:16:00,71,2,741
94571,2016-12-12,04:26:00,294,5,5105
94572,2016-12-12,04:40:00,368,2,5115
94573,2016-12-12,04:41:00,274,5,8337
94574,2016-12-12,05:00:00,46,4,9749
94575,2016-12-12,05:06:00,180,1,6706
94576,2016-12-12,05:11:00,346,3,7649
94577,2016-12-12,05:12:00,396,2,5277
94578,2016-12-12,05:23:00,153,1,7436
94579,2016-12-12,05:28:00,185,3,9117
94580,2016-12-12,05:33:00,65,4,10624
94581,2016-12-12,05:41:00,75,4,1537
94582,2016-12-12,05:51:00,358,2,4438
94583,2016-12-12,05:52:00,76,3,11617
94584,2016-12-12,06:13:00,410,1,3011
94585,2016-12-12,06:24:00,193,2,8210
94586,2016-12-12,06:42:00,297,1,2569
94587,2016-12-12,06:43:00,3,1,11762
94588,2016-12-12,06:55:00,421,1,9263
94589,2016-12-12,06:58:00,249,1,1408
94590,2016-12-12,07:06:00,24,2,7384
94591,2016-12-12,07:14:00,311,1,8316
94592,2016-12-12,07:16:00,41,4,2357
94593,2016-12-12,07:20:00,252,1,5661
94594,2016-12-12,07:24:00,136,2,6280
94595,2016-12-12,07:42:00,386,2,8011
94596,2016-12-12,07:45:00,231,1,8528
94597,2016-12-12,07:53:00,190,1,1270
94598,2016-12-12,07:57:00,30,1,4457
94599,2016-12-12,07:59:00,192,3,831
94600,2016-12-12,08:31:00,30,2,10173
94601,2016-12-12,08:32:00,426,2,5584
94602,2016-12-12,08:34:00,234,1,8365
94603,2016-12-12,08:42:00,320,3,3052
94604,2016-12-12,09:06:00,182,3,11138
94605,2016-12-12,09:11:00,436,2,7094
94606,2016-12-12,09:12:00,44,6,11499
94607,2016-12-12,09:12:00,435,1,3471
94608,2016-12-12,09:13:00,57,2,6744
94609,2016-12-12,09:24:00,241,2,6356
94610,2016-12-12,09:29:00,364,2,11461
94611,2016-12-12,09:32:00,228,3,8937
94612,2016-12-12,09:37:00,132,1,4344
94613,2016-12-12,09:38:00,62,3,786
94614,2016-12-12,09:38:00,198,1,10573
94615,2016-12-12,09:40:00,343,1,949
94616,2016-12-12,09:40:00,101,4,2345
94617,2016-12-12,09:42:00,292,1,3737
94618,2016-12-12,09:57:00,331,3,10220
94619,2016-12-12,09:58:00,245,2,9576
94620,2016-12-12,10:00:00,254,2,2171
94621,2016-12-12,10:00:00,336,2,346
94622,2016-12-12,10:14:00,45,2,7603
94623,2016-12-12,10:18:00,103,2,1069
94624,2016-12-12,10:21:00,197,4,1644
94625,2016-12-12,10:22:00,280,2,1701
94626,2016-12-12,10:40:00,173,1,7670
94627,2016-12-12,10:41:00,346,1,8806
94628,2016-12-12,10:53:00,414,1,5996
94629,2016-12-12,10:57:00,367,2,4950
94630,2016-12-12,11:07:00,240,2,496
94631,2016-12-12,11:18:00,63,2,2391
94632,2016-12-12,11:21:00,208,3,8009
94633,2016-12-12,11:35:00,191,1,9365
94634,2016-12-12,11:35:00,336,4,6423
94635,2016-12-12,11:42:00,125,2,6452
94636,2016-12-12,11:44:00,138,3,4004
94637,2016-12-12,12:07:00,103,2,3398
94638,2016-12-12,12:08:00,29,2,10007
94639,2016-12-12,12:10:00,351,3,10399
94640,2016-12-12,12:11:00,352,1,6798
94641,2016-12-12,12:12:00,351,2,7237
94642,2016-12-12,12:15:00,20,2,246
94643,2016-12-12,12:20:00,336,2,652
94644,2016-12-12,12:22:00,194,1,4196
94645,2016-12-12,12:27:00,350,2,9087
94646,2016-12-12,12:37:00,323,4,2322
94647,2016-12-12,12:40:00,336,1,9785
94648,2016-12-12,12:40:00,434,1,9066
94649,2016-12-12,12:40:00,440,2,7128
94650,2016-12-12,12:40:00,446,3,509
94651,2016-12-12,12:50:00,320,2,10778
94652,2016-12-12,12:59:00,93,3,11055
94653,2016-12-12,13:03:00,56,2,3764
94654,2016-12-12,13:03:00,214,2,10657
94655,2016-12-12,13:11:00,217,4,4122
94656,2016-12-12,13:22:00,214,3,9401
94657,2016-12-12,13:36:00,63,1,7907
94658,2016-12-12,13:38:00,30,3,7127
94659,2016-12-12,13:39:00,241,3,1784
94660,2016-12-12,13:42:00,273,2,683
94661,2016-12-12,13:44:00,131,2,1556
94662,2016-12-12,13:49:00,339,1,1629
94663,2016-12-12,13:52:00,247,2,6886
94664,2016-12-12,14:08:00,248,1,6915
94665,2016-12-12,14:09:00,342,3,2773
94666,2016-12-12,14:16:00,254,1,5903
94667,2016-12-12,14:19:00,130,2,9598
94668,2016-12-12,14:22:00,365,1,9605
94669,2016-12-12,14:23:00,238,3,11400
94670,2016-12-12,14:43:00,287,2,9644
94671,2016-12-12,14:44:00,127,1,11691
94672,2016-12-12,14:44:00,369,3,637
94673,2016-12-12,14:47:00,215,2,7052
94674,2016-12-12,14:50:00,311,2,6739
94675,2016-12-12,14:55:00,205,2,9362
94676,2016-12-12,15:03:00,129,2,5565
94677,2016-12-12,15:32:00,291,1,11577
94678,2016-12-12,15:33:00,337,2,7349
94679,2016-12-12,15:34:00,166,3,10022
94680,2016-12-12,15:41:00,169,2,2491
94681,2016-12-12,15:43:00,300,1,4993
94682,2016-12-12,15:50:00,206,3,764
94683,2016-12-12,15:51:00,377,1,10561
94684,2016-12-12,15:55:00,413,1,6674
94685,2016-12-12,15:56:00,129,4,5902
94686,2016-12-12,15:59:00,338,3,7334
94687,2016-12-12,16:17:00,311,2,262
94688,2016-12-12,16:18:00,253,2,6670
94689,2016-12-12,16:19:00,177,2,2046
94690,2016-12-12,16:29:00,399,1,5558
94691,2016-12-12,16:33:00,100,1,7425
94692,2016-12-12,16:45:00,75,2,2266
94693,2016-12-12,16:58:00,125,2,7880
94694,2016-12-12,17:00:00,301,2,5438
94695,2016-12-12,17:11:00,248,4,7936
94696,2016-12-12,17:14:00,109,2,4276
94697,2016-12-12,17:19:00,218,2,1371
94698,2016-12-12,17:22:00,431,3,6817
94699,2016-12-12,17:24:00,152,2,1107
94700,2016-12-12,17:28:00,217,2,5425
94701,2016-12-12,17:35:00,140,2,1635
94702,2016-12-12,17:35:00,327,4,11275
94703,2016-12-12,17:44:00,214,1,3770
94704,2016-12-12,17:44:00,292,1,2663
94705,2016-12-12,17:50:00,80,1,10561
94706,2016-12-12,17:53:00,398,2,4331
94707,2016-12-12,17:57:00,328,2,9283
94708,2016-12-12,18:02:00,429,1,3836
94709,2016-12-12,18:10:00,427,1,11350
94710,2016-12-12,18:18:00,323,2,53
94711,2016-12-12,18:27:00,223,2,6959
94712,2016-12-12,18:28:00,144,2,10317
94713,2016-12-12,18:30:00,49,4,8477
94714,2016-12-12,18:52:00,267,2,773
94715,2016-12-12,18:57:00,421,2,10175
94716,2016-12-12,18:59:00,367,3,1301
94717,2016-12-12,19:07:00,239,2,11280
94718,2016-12-12,19:18:00,97,3,10437
94719,2016-12-12,19:20:00,235,3,3134
94720,2016-12-12,19:32:00,175,3,2888
94721,2016-12-12,19:40:00,256,2,875
94722,2016-12-12,19:48:00,380,1,9489
94723,2016-12-12,19:50:00,267,1,3748
94724,2016-12-12,19:53:00,415,3,9437
94725,2016-12-12,20:09:00,4,2,11718
94726,2016-12-12,20:11:00,432,1,1708
94727,2016-12-12,20:12:00,157,3,2263
94728,2016-12-12,20:15:00,394,1,955
94729,2016-12-12,20:16:00,312,2,11966
94730,2016-12-12,20:47:00,209,2,9492
94731,2016-12-12,20:50:00,376,3,2675
94732,2016-12-12,20:51:00,239,2,9681
94733,2016-12-12,21:02:00,261,1,3167
94734,2016-12-12,21:12:00,406,2,7252
94735,2016-12-12,21:19:00,59,1,6429
94736,2016-12-12,21:19:00,204,2,1619
94737,2016-12-12,21:21:00,55,2,101
94738,2016-12-12,21:35:00,145,4,5283
94739,2016-12-12,21:39:00,134,1,264
94740,2016-12-12,21:45:00,435,3,5302
94741,2016-12-12,21:47:00,203,2,2741
94742,2016-12-12,21:54:00,259,3,9269
94743,2016-12-12,22:02:00,234,3,4909
94744,2016-12-12,22:40:00,107,1,10002
94745,2016-12-12,22:41:00,97,2,2478
94746,2016-12-12,22:45:00,151,1,2138
94747,2016-12-12,22:52:00,430,2,4623
94748,2016-12-12,22:54:00,66,2,3385
94749,2016-12-12,22:54:00,402,3,11646
94750,2016-12-12,22:57:00,280,2,2260
94751,2016-12-12,23:00:00,334,1,1579
94752,2016-12-12,23:09:00,194,1,5793
94753,2016-12-12,23:35:00,145,3,9443
94754,2016-12-12,23:38:00,31,2,8841
94755,2016-12-12,23:38:00,299,4,10896
94756,2016-12-12,23:39:00,333,2,8580
94757,2016-12-12,23:40:00,90,1,9307
94758,2016-12-12,23:50:00,193,2,4344
94759,2016-12-12,23:55:00,142,1,7421
94760,2016-12-13,00:00:00,445,2,8376
94761,2016-12-13,00:10:00,236,3,6571
94762,2016-12-13,00:13:00,324,3,6348
94763,2016-12-13,00:17:00,333,1,6295
94764,2016-12-13,00:22:00,289,1,5389
94765,2016-12-13,00:30:00,396,1,2961
94766,2016-12-13,00:30:00,435,2,756
94767,2016-12-13,00:37:00,69,2,4476
94768,2016-12-13,00:41:00,315,1,11591
94769,2016-12-13,00:41:00,404,1,6899
94770,2016-12-13,00:42:00,238,1,11029
94771,2016-12-13,00:49:00,34,1,4546
94772,2016-12-13,00:55:00,195,3,7982
94773,2016-12-13,00:59:00,159,4,7315
94774,2016-12-13,01:01:00,128,2,11783
94775,2016-12-13,01:03:00,165,2,4544
94776,2016-12-13,01:06:00,90,2,10577
94777,2016-12-13,01:09:00,375,2,6930
94778,2016-12-13,01:19:00,292,1,4672
94779,2016-12-13,01:22:00,32,2,11257
94780,2016-12-13,01:23:00,122,1,2135
94781,2016-12-13,01:31:00,307,1,5339
94782,2016-12-13,01:39:00,5,2,9080
94783,2016-12-13,01:43:00,17,3,1893
94784,2016-12-13,01:44:00,256,2,1469
94785,2016-12-13,01:48:00,438,1,9282
94786,2016-12-13,01:57:00,15,1,573
94787,2016-12-13,02:05:00,313,3,4302
94788,2016-12-13,02:11:00,396,3,1164
94789,2016-12-13,02:16:00,190,3,9572
94790,2016-12-13,02:25:00,34,2,6544
94791,2016-12-13,02:27:00,295,1,8802
94792,2016-12-13,02:37:00,322,1,6810
94793,2016-12-13,02:40:00,118,1,1528
94794,2016-12-13,02:42:00,63,2,7049
94795,2016-12-13,02:56:00,155,1,8375
94796,2016-12-13,03:02:00,240,1,7847
94797,2016-12-13,03:04:00,435,3,8177
94798,2016-12-13,03:18:00,61,2,5217
94799,2016-12-13,03:22:00,3,2,1560
94800,2016-12-13,03:38:00,211,1,3565
94801,2016-12-13,03:44:00,242,1,4894
94802,2016-12-13,03:44:00,376,3,3047
94803,2016-12-13,03:53:00,378,2,1651
94804,2016-12-13,03:57:00,354,2,1873
94805,2016-12-13,03:58:00,263,2,5064
94806,2016-12-13,04:01:00,129,2,1010
94807,2016-12-13,04:04:00,11,1,7463
94808,2016-12-13,04:19:00,244,2,1622
94809,2016-12-13,04:22:00,354,1,3347
94810,2016-12-13,04:25:00,196,1,5195
94811,2016-12-13,04:27:00,277,4,11793
94812,2016-12-13,04:35:00,317,1,9114
94813,2016-12-13,04:35:00,165,2,10394
94814,2016-12-13,04:41:00,449,1,4978
94815,2016-12-13,04:43:00,202,3,4693
94816,2016-12-13,04:45:00,343,4,4082
94817,2016-12-13,04:47:00,399,2,11909
94818,2016-12-13,04:52:00,310,1,9152
94819,2016-12-13,05:04:00,104,3,3056
94820,2016-12-13,05:22:00,289,3,883
94821,2016-12-13,05:22:00,50,4,8200
94822,2016-12-13,05:30:00,107,1,11031
94823,2016-12-13,05:47:00,407,2,250
94824,2016-12-13,06:07:00,397,4,2806
94825,2016-12-13,06:07:00,395,3,11459
94826,2016-12-13,06:23:00,200,5,9697
94827,2016-12-13,06:27:00,392,2,454
94828,2016-12-13,06:31:00,435,2,2633
94829,2016-12-13,06:34:00,183,2,11361
94830,2016-12-13,06:34:00,357,2,2176
94831,2016-12-13,06:37:00,253,1,6179
94832,2016-12-13,06:39:00,70,1,6319
94833,2016-12-13,06:40:00,454,2,6668
94834,2016-12-13,06:46:00,34,2,11753
94835,2016-12-13,06:47:00,382,1,11332
94836,2016-12-13,06:52:00,348,3,5867
94837,2016-12-13,06:53:00,331,5,11865
94838,2016-12-13,07:02:00,297,3,9134
94839,2016-12-13,07:02:00,217,2,3948
94840,2016-12-13,07:05:00,99,1,10671
94841,2016-12-13,07:29:00,286,2,10205
94842,2016-12-13,07:33:00,320,3,1988
94843,2016-12-13,07:33:00,175,1,10734
94844,2016-12-13,07:35:00,321,1,519
94845,2016-12-13,07:35:00,8,4,5
94846,2016-12-13,07:38:00,116,1,4104
94847,2016-12-13,07:39:00,119,2,8861
94848,2016-12-13,07:42:00,90,2,6518
94849,2016-12-13,07:44:00,228,2,9049
94850,2016-12-13,07:46:00,3,4,1003
94851,2016-12-13,07:47:00,344,2,11929
94852,2016-12-13,07:52:00,254,3,3001
94853,2016-12-13,07:52:00,348,1,776
94854,2016-12-13,08:20:00,68,3,1823
94855,2016-12-13,08:21:00,152,2,10646
94856,2016-12-13,08:21:00,21,3,3484
94857,2016-12-13,08:38:00,146,2,9187
94858,2016-12-13,08:47:00,362,2,3692
94859,2016-12-13,09:00:00,116,2,7732
94860,2016-12-13,09:04:00,222,2,9091
94861,2016-12-13,09:10:00,430,1,4205
94862,2016-12-13,09:10:00,72,1,5253
94863,2016-12-13,09:11:00,139,2,11697
94864,2016-12-13,09:13:00,58,2,2504
94865,2016-12-13,09:27:00,179,2,11056
94866,2016-12-13,09:28:00,241,2,6201
94867,2016-12-13,09:33:00,282,2,8662
94868,2016-12-13,09:39:00,138,2,11734
94869,2016-12-13,09:46:00,126,3,3671
94870,2016-12-13,09:47:00,188,4,7640
94871,2016-12-13,09:48:00,179,3,3894
94872,2016-12-13,10:00:00,202,3,10848
94873,2016-12-13,10:07:00,399,2,10260
94874,2016-12-13,10:24:00,436,2,2336
94875,2016-12-13,10:34:00,38,2,1523
94876,2016-12-13,10:36:00,78,1,4702
94877,2016-12-13,10:37:00,62,2,9565
94878,2016-12-13,10:41:00,8,3,7007
94879,2016-12-13,10:42:00,59,1,1379
94880,2016-12-13,10:42:00,139,2,8488
94881,2016-12-13,10:49:00,56,1,134
94882,2016-12-13,10:54:00,26,1,2820
94883,2016-12-13,10:56:00,192,2,3928
94884,2016-12-13,10:56:00,288,2,6490
94885,2016-12-13,11:07:00,187,3,8201
94886,2016-12-13,11:09:00,233,3,4343
94887,2016-12-13,11:13:00,163,2,3882
94888,2016-12-13,11:25:00,151,3,4406
94889,2016-12-13,11:26:00,306,2,10727
94890,2016-12-13,11:31:00,336,2,10314
94891,2016-12-13,11:49:00,311,1,649
94892,2016-12-13,11:59:00,137,1,8785
94893,2016-12-13,12:07:00,232,2,8689
94894,2016-12-13,12:15:00,79,3,4088
94895,2016-12-13,12:19:00,11,2,473
94896,2016-12-13,12:26:00,378,1,9817
94897,2016-12-13,12:31:00,131,3,7441
94898,2016-12-13,12:41:00,138,2,4126
94899,2016-12-13,12:45:00,451,4,5531
94900,2016-12-13,12:54:00,196,3,3031
94901,2016-12-13,12:54:00,280,1,6804
94902,2016-12-13,13:02:00,222,1,6202
94903,2016-12-13,13:07:00,324,1,2178
94904,2016-12-13,13:10:00,3,4,7385
94905,2016-12-13,13:12:00,103,2,2334
94906,2016-12-13,13:13:00,287,1,5801
94907,2016-12-13,13:15:00,177,1,10263
94908,2016-12-13,13:21:00,26,2,9532
94909,2016-12-13,13:30:00,205,2,11733
94910,2016-12-13,13:31:00,219,1,5211
94911,2016-12-13,13:34:00,361,2,3888
94912,2016-12-13,13:37:00,399,1,7964
94913,2016-12-13,13:49:00,233,2,11164
94914,2016-12-13,13:49:00,16,4,3003
94915,2016-12-13,13:51:00,238,2,2676
94916,2016-12-13,13:59:00,71,1,8980
94917,2016-12-13,13:59:00,447,1,4280
94918,2016-12-13,14:01:00,4,2,9025
94919,2016-12-13,14:10:00,134,1,9935
94920,2016-12-13,14:12:00,230,2,2040
94921,2016-12-13,14:17:00,433,1,399
94922,2016-12-13,14:18:00,366,2,1081
94923,2016-12-13,14:27:00,29,2,7791
94924,2016-12-13,14:30:00,239,1,8118
94925,2016-12-13,14:34:00,10,3,9271
94926,2016-12-13,14:39:00,178,2,547
94927,2016-12-13,14:42:00,1,2,6958
94928,2016-12-13,14:43:00,390,1,2371
94929,2016-12-13,14:53:00,121,3,5683
94930,2016-12-13,14:55:00,103,3,190
94931,2016-12-13,15:01:00,66,2,8222
94932,2016-12-13,15:01:00,346,4,1802
94933,2016-12-13,15:14:00,277,1,2242
94934,2016-12-13,15:18:00,7,2,2193
94935,2016-12-13,15:18:00,26,1,4423
94936,2016-12-13,15:22:00,53,2,658
94937,2016-12-13,15:25:00,344,1,3374
94938,2016-12-13,15:26:00,394,2,2154
94939,2016-12-13,15:35:00,221,2,7447
94940,2016-12-13,15:41:00,206,1,897
94941,2016-12-13,15:43:00,334,2,79
94942,2016-12-13,15:44:00,267,4,4622
94943,2016-12-13,15:45:00,175,3,1645
94944,2016-12-13,15:50:00,224,2,4236
94945,2016-12-13,15:53:00,406,3,1883
94946,2016-12-13,16:28:00,142,3,542
94947,2016-12-13,16:36:00,185,2,11941
94948,2016-12-13,16:44:00,100,1,9669
94949,2016-12-13,16:46:00,121,1,5623
94950,2016-12-13,16:49:00,269,2,11434
94951,2016-12-13,16:50:00,148,1,11164
94952,2016-12-13,17:00:00,390,2,8433
94953,2016-12-13,17:04:00,153,1,460
94954,2016-12-13,17:05:00,367,2,10342
94955,2016-12-13,17:10:00,398,2,8249
94956,2016-12-13,17:13:00,158,4,221
94957,2016-12-13,17:13:00,242,4,9301
94958,2016-12-13,17:19:00,152,2,11694
94959,2016-12-13,17:32:00,380,2,538
94960,2016-12-13,17:33:00,245,2,4427
94961,2016-12-13,17:41:00,62,3,3946
94962,2016-12-13,17:42:00,241,1,7172
94963,2016-12-13,17:51:00,311,1,2017
94964,2016-12-13,17:54:00,388,2,1590
94965,2016-12-13,18:01:00,61,2,6918
94966,2016-12-13,18:03:00,185,2,6795
94967,2016-12-13,18:07:00,163,2,2940
94968,2016-12-13,18:08:00,140,1,5272
94969,2016-12-13,18:14:00,451,1,2614
94970,2016-12-13,18:15:00,173,3,3358
94971,2016-12-13,18:28:00,218,1,9283
94972,2016-12-13,18:40:00,163,2,7237
94973,2016-12-13,18:44:00,443,1,505
94974,2016-12-13,18:56:00,385,2,599
94975,2016-12-13,19:00:00,5,2,10818
94976,2016-12-13,19:04:00,161,3,9598
94977,2016-12-13,19:20:00,283,2,7215
94978,2016-12-13,19:25:00,242,2,6184
94979,2016-12-13,19:29:00,93,3,4607
94980,2016-12-13,19:34:00,150,3,7200
94981,2016-12-13,19:36:00,402,1,4400
94982,2016-12-13,19:37:00,288,4,8734
94983,2016-12-13,19:37:00,348,1,492
94984,2016-12-13,19:42:00,194,3,1143
94985,2016-12-13,19:44:00,328,3,467
94986,2016-12-13,19:47:00,419,1,97
94987,2016-12-13,19:49:00,426,1,10182
94988,2016-12-13,19:51:00,454,2,10063
94989,2016-12-13,19:56:00,338,2,2822
94990,2016-12-13,19:59:00,241,1,2599
94991,2016-12-13,20:01:00,392,1,2403
94992,2016-12-13,20:04:00,186,2,9494
94993,2016-12-13,20:06:00,114,2,2765
94994,2016-12-13,20:07:00,214,2,3903
94995,2016-12-13,20:10:00,25,1,6930
94996,2016-12-13,20:10:00,25,2,7248
94997,2016-12-13,20:19:00,417,1,7507
94998,2016-12-13,20:22:00,156,2,9107
94999,2016-12-13,20:27:00,202,1,10626
95000,2016-12-13,20:38:00,416,2,9850
95001,2016-12-13,20:39:00,351,4,3047
95002,2016-12-13,20:41:00,192,2,8994
95003,2016-12-13,20:43:00,318,1,11829
95004,2016-12-13,20:51:00,147,1,10270
95005,2016-12-13,20:52:00,401,1,11998
95006,2016-12-13,20:55:00,381,2,9591
95007,2016-12-13,20:55:00,388,2,7731
95008,2016-12-13,21:09:00,97,1,3182
95009,2016-12-13,21:09:00,321,2,4585
95010,2016-12-13,21:09:00,213,2,8681
95011,2016-12-13,21:18:00,356,2,1861
95012,2016-12-13,21:20:00,252,1,8243
95013,2016-12-13,21:24:00,44,1,2717
95014,2016-12-13,21:31:00,72,1,208
95015,2016-12-13,21:41:00,332,1,625
95016,2016-12-13,21:46:00,39,2,9007
95017,2016-12-13,21:49:00,64,1,3063
95018,2016-12-13,21:54:00,15,2,4258
95019,2016-12-13,21:54:00,340,2,2950
95020,2016-12-13,22:06:00,197,2,134
95021,2016-12-13,22:10:00,126,3,5144
95022,2016-12-13,22:14:00,109,1,1878
95023,2016-12-13,22:20:00,88,1,1096
95024,2016-12-13,22:37:00,395,4,10294
95025,2016-12-13,22:40:00,317,3,10073
95026,2016-12-13,22:43:00,282,1,6299
95027,2016-12-13,22:44:00,419,1,11129
95028,2016-12-13,22:45:00,236,1,10172
95029,2016-12-13,22:50:00,338,2,8482
95030,2016-12-13,23:00:00,310,1,2990
95031,2016-12-13,23:02:00,172,2,8539
95032,2016-12-13,23:05:00,369,1,6321
95033,2016-12-13,23:11:00,322,3,9716
95034,2016-12-13,23:14:00,342,2,4266
95035,2016-12-13,23:27:00,376,3,2037
95036,2016-12-13,23:28:00,312,3,10965
95037,2016-12-13,23:30:00,242,2,8807
95038,2016-12-13,23:31:00,211,2,951
95039,2016-12-13,23:38:00,171,3,1263
95040,2016-12-13,23:40:00,76,4,10606
95041,2016-12-13,23:41:00,26,3,10836
95042,2016-12-13,23:49:00,344,1,5243
95043,2016-12-13,23:51:00,369,1,6558
95044,2016-12-14,00:00:00,341,2,11864
95045,2016-12-14,00:01:00,305,2,5220
95046,2016-12-14,00:07:00,32,1,8492
95047,2016-12-14,00:11:00,51,2,7923
95048,2016-12-14,00:16:00,157,3,1082
95049,2016-12-14,00:20:00,353,1,707
95050,2016-12-14,00:23:00,164,1,3534
95051,2016-12-14,00:28:00,243,2,11525
95052,2016-12-14,00:34:00,187,2,9619
95053,2016-12-14,00:40:00,251,1,10750
95054,2016-12-14,00:44:00,309,1,2186
95055,2016-12-14,00:46:00,60,1,11403
95056,2016-12-14,00:52:00,108,1,9261
95057,2016-12-14,00:59:00,204,2,7013
95058,2016-12-14,01:01:00,179,1,7589
95059,2016-12-14,01:05:00,260,2,1010
95060,2016-12-14,01:07:00,168,4,9463
95061,2016-12-14,01:13:00,239,1,8899
95062,2016-12-14,01:14:00,116,2,9167
95063,2016-12-14,01:16:00,441,1,9080
95064,2016-12-14,01:19:00,86,2,1810
95065,2016-12-14,01:19:00,334,5,1618
95066,2016-12-14,01:24:00,239,5,7095
95067,2016-12-14,01:32:00,161,1,3755
95068,2016-12-14,01:36:00,398,3,11081
95069,2016-12-14,01:42:00,404,2,9654
95070,2016-12-14,01:45:00,267,3,884
95071,2016-12-14,01:45:00,202,2,9478
95072,2016-12-14,01:48:00,118,2,5272
95073,2016-12-14,01:49:00,386,4,1015
95074,2016-12-14,02:09:00,196,3,2128
95075,2016-12-14,02:10:00,167,2,744
95076,2016-12-14,02:21:00,443,2,11664
95077,2016-12-14,02:26:00,357,2,9163
95078,2016-12-14,02:26:00,127,2,6680
95079,2016-12-14,02:31:00,188,3,4411
95080,2016-12-14,02:34:00,76,3,5626
95081,2016-12-14,02:34:00,28,1,2654
95082,2016-12-14,02:42:00,343,1,2303
95083,2016-12-14,02:50:00,192,1,2330
95084,2016-12-14,03:03:00,305,2,2244
95085,2016-12-14,03:09:00,65,1,183
95086,2016-12-14,03:13:00,143,4,2128
95087,2016-12-14,03:13:00,27,2,11985
95088,2016-12-14,03:14:00,170,2,8731
95089,2016-12-14,03:22:00,132,4,4254
95090,2016-12-14,03:25:00,253,3,2954
95091,2016-12-14,03:43:00,3,1,9212
95092,2016-12-14,03:48:00,68,1,845
95093,2016-12-14,03:52:00,273,1,10489
95094,2016-12-14,03:57:00,224,1,3111
95095,2016-12-14,03:58:00,23,4,950
95096,2016-12-14,03:59:00,225,4,8269
95097,2016-12-14,04:00:00,182,1,84
95098,2016-12-14,04:01:00,428,2,11901
95099,2016-12-14,04:03:00,231,1,11402
95100,2016-12-14,04:06:00,187,1,1167
95101,2016-12-14,04:08:00,334,2,10181
95102,2016-12-14,04:14:00,227,3,6495
95103,2016-12-14,04:21:00,63,3,5182
95104,2016-12-14,04:24:00,250,1,6759
95105,2016-12-14,04:38:00,114,2,11202
95106,2016-12-14,04:46:00,203,2,5225
95107,2016-12-14,04:51:00,234,4,10949
95108,2016-12-14,04:54:00,419,1,7586
95109,2016-12-14,04:57:00,371,2,10926
95110,2016-12-14,05:13:00,368,1,4272
95111,2016-12-14,05:16:00,408,1,6349
95112,2016-12-14,05:19:00,210,1,11108
95113,2016-12-14,05:20:00,371,2,2279
95114,2016-12-14,05:27:00,234,1,5877
95115,2016-12-14,05:44:00,215,4,3378
95116,2016-12-14,05:53:00,52,3,1602
95117,2016-12-14,05:55:00,413,2,10845
95118,2016-12-14,06:00:00,241,3,8916
95119,2016-12-14,06:02:00,203,1,11336
95120,2016-12-14,06:07:00,252,3,1452
95121,2016-12-14,06:08:00,227,1,5452
95122,2016-12-14,06:18:00,393,2,5734
95123,2016-12-14,06:20:00,410,1,5628
95124,2016-12-14,06:23:00,164,2,8650
95125,2016-12-14,06:26:00,356,2,10840
95126,2016-12-14,06:48:00,24,1,5088
95127,2016-12-14,07:00:00,254,3,5827
95128,2016-12-14,07:01:00,311,2,2089
95129,2016-12-14,07:04:00,179,1,11011
95130,2016-12-14,07:13:00,162,2,1262
95131,2016-12-14,07:16:00,68,3,468
95132,2016-12-14,07:28:00,378,2,10446
95133,2016-12-14,07:32:00,280,1,11909
95134,2016-12-14,07:34:00,439,2,4169
95135,2016-12-14,07:35:00,13,2,11513
95136,2016-12-14,07:44:00,114,1,5119
95137,2016-12-14,07:44:00,388,3,11860
95138,2016-12-14,07:49:00,265,2,1728
95139,2016-12-14,08:00:00,242,1,7205
95140,2016-12-14,08:14:00,427,3,6970
95141,2016-12-14,08:21:00,296,1,5682
95142,2016-12-14,08:24:00,378,3,6469
95143,2016-12-14,08:25:00,42,1,9084
95144,2016-12-14,08:26:00,96,1,7801
95145,2016-12-14,08:28:00,212,3,1974
95146,2016-12-14,08:36:00,447,1,7270
95147,2016-12-14,08:45:00,259,2,2899
95148,2016-12-14,08:54:00,314,1,7958
95149,2016-12-14,08:55:00,167,2,5125
95150,2016-12-14,08:59:00,362,5,9248
95151,2016-12-14,09:05:00,227,1,8476
95152,2016-12-14,09:14:00,444,1,11910
95153,2016-12-14,09:18:00,240,5,673
95154,2016-12-14,09:29:00,440,4,883
95155,2016-12-14,09:33:00,88,2,3322
95156,2016-12-14,09:38:00,403,2,1975
95157,2016-12-14,09:39:00,200,2,4376
95158,2016-12-14,09:40:00,50,2,6347
95159,2016-12-14,09:49:00,289,1,1285
95160,2016-12-14,10:05:00,249,3,1041
95161,2016-12-14,10:18:00,179,3,11478
95162,2016-12-14,10:20:00,76,2,8190
95163,2016-12-14,10:20:00,286,1,7313
95164,2016-12-14,10:21:00,231,3,4673
95165,2016-12-14,10:24:00,128,3,4105
95166,2016-12-14,10:25:00,58,2,7194
95167,2016-12-14,10:28:00,139,4,6017
95168,2016-12-14,10:37:00,147,1,1937
95169,2016-12-14,10:41:00,348,2,10725
95170,2016-12-14,10:50:00,261,1,21
95171,2016-12-14,10:53:00,325,2,9577
95172,2016-12-14,11:02:00,47,2,8821
95173,2016-12-14,11:05:00,332,1,11857
95174,2016-12-14,11:07:00,242,3,18
95175,2016-12-14,11:17:00,48,1,770
95176,2016-12-14,11:24:00,196,2,11762
95177,2016-12-14,11:25:00,367,1,11151
95178,2016-12-14,11:31:00,323,2,8967
95179,2016-12-14,11:31:00,296,1,10145
95180,2016-12-14,11:40:00,434,3,9383
95181,2016-12-14,11:49:00,353,2,395
95182,2016-12-14,11:49:00,237,1,3991
95183,2016-12-14,11:57:00,137,2,5414
95184,2016-12-14,12:00:00,361,2,1853
95185,2016-12-14,12:02:00,354,1,11756
95186,2016-12-14,12:04:00,234,1,2360
95187,2016-12-14,12:13:00,207,3,2992
95188,2016-12-14,12:19:00,126,3,2697
95189,2016-12-14,12:20:00,399,1,4821
95190,2016-12-14,12:22:00,442,2,7406
95191,2016-12-14,12:40:00,406,1,4930
95192,2016-12-14,12:42:00,378,1,173
95193,2016-12-14,12:51:00,10,3,5268
95194,2016-12-14,12:52:00,284,2,2738
95195,2016-12-14,12:53:00,233,2,7590
95196,2016-12-14,13:11:00,89,1,2076
95197,2016-12-14,13:11:00,39,1,3009
95198,2016-12-14,13:18:00,51,1,732
95199,2016-12-14,13:26:00,61,2,5224
95200,2016-12-14,13:28:00,34,2,9758
95201,2016-12-14,13:35:00,145,3,6707
95202,2016-12-14,13:35:00,145,3,1736
95203,2016-12-14,13:36:00,58,1,4287
95204,2016-12-14,13:37:00,443,1,1246
95205,2016-12-14,13:38:00,209,2,4179
95206,2016-12-14,13:43:00,438,1,800
95207,2016-12-14,13:48:00,159,1,465
95208,2016-12-14,13:53:00,160,2,10682
95209,2016-12-14,13:54:00,403,1,4410
95210,2016-12-14,14:00:00,350,3,7979
95211,2016-12-14,14:02:00,447,2,4220
95212,2016-12-14,14:12:00,388,2,6908
95213,2016-12-14,14:23:00,183,2,1273
95214,2016-12-14,14:25:00,39,2,11951
95215,2016-12-14,14:26:00,350,1,6869
95216,2016-12-14,14:31:00,309,3,9637
95217,2016-12-14,14:34:00,110,2,5560
95218,2016-12-14,14:46:00,295,1,5182
95219,2016-12-14,14:48:00,361,3,1014
95220,2016-12-14,14:51:00,360,2,8545
95221,2016-12-14,14:53:00,32,1,2380
95222,2016-12-14,14:56:00,197,6,5178
95223,2016-12-14,14:58:00,124,3,3912
95224,2016-12-14,15:05:00,17,3,10551
95225,2016-12-14,15:10:00,264,2,7531
95226,2016-12-14,15:11:00,274,4,2055
95227,2016-12-14,15:18:00,330,1,2686
95228,2016-12-14,15:19:00,457,6,1886
95229,2016-12-14,15:21:00,132,1,5838
95230,2016-12-14,15:22:00,454,2,9119
95231,2016-12-14,15:22:00,324,1,3926
95232,2016-12-14,15:22:00,23,2,8681
95233,2016-12-14,15:26:00,189,1,7185
95234,2016-12-14,15:38:00,115,3,5512
95235,2016-12-14,15:39:00,26,4,5641
95236,2016-12-14,15:49:00,49,3,4204
95237,2016-12-14,15:55:00,439,1,10790
95238,2016-12-14,16:28:00,6,4,3324
95239,2016-12-14,16:38:00,174,1,11601
95240,2016-12-14,16:40:00,261,2,9605
95241,2016-12-14,16:49:00,144,1,10609
95242,2016-12-14,16:53:00,33,1,9567
95243,2016-12-14,16:54:00,271,3,9195
95244,2016-12-14,17:02:00,238,2,9890
95245,2016-12-14,17:04:00,334,1,2347
95246,2016-12-14,17:05:00,294,1,406
95247,2016-12-14,17:18:00,331,2,10235
95248,2016-12-14,17:29:00,429,1,10001
95249,2016-12-14,17:40:00,427,2,9532
95250,2016-12-14,17:58:00,339,3,5788
95251,2016-12-14,18:02:00,409,1,2205
95252,2016-12-14,18:05:00,181,3,9069
95253,2016-12-14,18:33:00,1,1,8681
95254,2016-12-14,18:41:00,196,5,6009
95255,2016-12-14,18:46:00,453,3,521
95256,2016-12-14,18:48:00,328,3,10335
95257,2016-12-14,18:54:00,133,3,11331
95258,2016-12-14,19:09:00,362,2,1989
95259,2016-12-14,19:26:00,355,3,9613
95260,2016-12-14,19:32:00,15,2,5765
95261,2016-12-14,19:34:00,448,2,6957
95262,2016-12-14,19:52:00,257,3,6254
95263,2016-12-14,19:52:00,440,2,2641
95264,2016-12-14,19:53:00,251,1,75
95265,2016-12-14,19:54:00,181,1,9829
95266,2016-12-14,20:01:00,55,2,11147
95267,2016-12-14,20:12:00,40,2,246
95268,2016-12-14,20:12:00,37,2,4627
95269,2016-12-14,20:16:00,234,2,8124
95270,2016-12-14,20:31:00,96,3,659
95271,2016-12-14,20:37:00,207,4,9975
95272,2016-12-14,20:41:00,455,3,5878
95273,2016-12-14,20:45:00,352,3,4999
95274,2016-12-14,20:57:00,403,1,11757
95275,2016-12-14,20:58:00,259,2,5664
95276,2016-12-14,21:06:00,380,1,2551
95277,2016-12-14,21:11:00,394,1,11081
95278,2016-12-14,21:17:00,200,2,9633
95279,2016-12-14,21:17:00,193,4,1499
95280,2016-12-14,21:20:00,334,3,8597
95281,2016-12-14,21:28:00,416,1,5809
95282,2016-12-14,21:44:00,364,3,6332
95283,2016-12-14,21:46:00,35,7,411
95284,2016-12-14,22:00:00,48,3,9213
95285,2016-12-14,22:18:00,204,1,4181
95286,2016-12-14,22:27:00,13,3,11794
95287,2016-12-14,22:32:00,94,3,2204
95288,2016-12-14,22:37:00,407,2,11732
95289,2016-12-14,22:37:00,427,1,8752
95290,2016-12-14,22:42:00,372,2,984
95291,2016-12-14,23:00:00,265,2,10111
95292,2016-12-14,23:17:00,432,5,6550
95293,2016-12-14,23:22:00,163,1,6678
95294,2016-12-14,23:26:00,99,1,9721
95295,2016-12-14,23:28:00,359,1,3433
95296,2016-12-14,23:35:00,436,3,8842
95297,2016-12-14,23:42:00,221,2,336
95298,2016-12-14,23:47:00,287,4,11195
95299,2016-12-14,23:52:00,184,1,1610
95300,2016-12-15,00:03:00,218,1,6826
95301,2016-12-15,00:23:00,220,3,3991
95302,2016-12-15,00:23:00,284,4,11597
95303,2016-12-15,00:34:00,122,3,8445
95304,2016-12-15,00:36:00,109,3,6035
95305,2016-12-15,00:46:00,60,3,794
95306,2016-12-15,00:48:00,454,1,3263
95307,2016-12-15,00:50:00,264,4,6268
95308,2016-12-15,00:54:00,128,4,4365
95309,2016-12-15,00:57:00,293,1,5540
95310,2016-12-15,01:03:00,88,3,462
95311,2016-12-15,01:07:00,171,1,11588
95312,2016-12-15,01:10:00,435,2,5996
95313,2016-12-15,01:16:00,307,1,4672
95314,2016-12-15,01:16:00,398,1,495
95315,2016-12-15,01:18:00,313,3,6179
95316,2016-12-15,01:20:00,244,3,1801
95317,2016-12-15,01:28:00,332,2,609
95318,2016-12-15,01:28:00,396,1,5855
95319,2016-12-15,01:30:00,396,3,9652
95320,2016-12-15,01:37:00,145,2,2246
95321,2016-12-15,01:42:00,301,2,11855
95322,2016-12-15,01:46:00,19,2,10890
95323,2016-12-15,01:52:00,151,1,8378
95324,2016-12-15,01:59:00,361,1,6573
95325,2016-12-15,02:02:00,134,2,5274
95326,2016-12-15,02:05:00,5,1,11338
95327,2016-12-15,02:08:00,18,2,1626
95328,2016-12-15,02:10:00,74,2,4413
95329,2016-12-15,02:29:00,178,2,1032
95330,2016-12-15,02:39:00,81,2,5362
95331,2016-12-15,02:54:00,165,2,2708
95332,2016-12-15,02:54:00,90,2,2374
95333,2016-12-15,03:00:00,432,1,5003
95334,2016-12-15,03:06:00,47,1,410
95335,2016-12-15,03:07:00,78,3,8756
95336,2016-12-15,03:10:00,46,1,1880
95337,2016-12-15,03:10:00,210,1,112
95338,2016-12-15,03:12:00,131,1,5309
95339,2016-12-15,03:14:00,210,4,8558
95340,2016-12-15,03:19:00,129,2,8045
95341,2016-12-15,03:38:00,300,1,6237
95342,2016-12-15,03:39:00,279,4,3265
95343,2016-12-15,03:44:00,144,1,10218
95344,2016-12-15,03:44:00,92,1,10122
95345,2016-12-15,03:45:00,297,2,6663
95346,2016-12-15,04:08:00,148,1,4920
95347,2016-12-15,04:15:00,422,2,9164
95348,2016-12-15,04:15:00,40,4,6328
95349,2016-12-15,04:16:00,98,2,3488
95350,2016-12-15,04:17:00,8,1,4357
95351,2016-12-15,04:29:00,62,3,9822
95352,2016-12-15,04:30:00,111,2,6522
95353,2016-12-15,04:33:00,289,1,4849
95354,2016-12-15,04:41:00,172,3,11887
95355,2016-12-15,04:46:00,30,4,5761
95356,2016-12-15,04:57:00,125,1,4801
95357,2016-12-15,05:02:00,183,2,11179
95358,2016-12-15,05:09:00,128,1,8217
95359,2016-12-15,05:12:00,274,5,7422
95360,2016-12-15,05:15:00,439,2,8491
95361,2016-12-15,05:23:00,215,5,9728
95362,2016-12-15,05:39:00,238,5,6562
95363,2016-12-15,05:51:00,25,2,9827
95364,2016-12-15,05:53:00,193,2,6510
95365,2016-12-15,05:54:00,72,4,4979
95366,2016-12-15,06:04:00,386,3,1465
95367,2016-12-15,06:05:00,425,1,6495
95368,2016-12-15,06:06:00,178,4,8456
95369,2016-12-15,06:13:00,3,1,6386
95370,2016-12-15,06:22:00,353,4,3437
95371,2016-12-15,06:29:00,23,2,6440
95372,2016-12-15,06:31:00,315,1,11083
95373,2016-12-15,06:41:00,268,2,6846
95374,2016-12-15,06:44:00,241,2,9605
95375,2016-12-15,06:44:00,221,2,5416
95376,2016-12-15,06:49:00,125,1,11356
95377,2016-12-15,06:52:00,105,3,11495
95378,2016-12-15,06:53:00,20,1,10159
95379,2016-12-15,07:01:00,239,1,8376
95380,2016-12-15,07:12:00,74,1,11124
95381,2016-12-15,07:13:00,241,2,9740
95382,2016-12-15,07:14:00,144,2,2719
95383,2016-12-15,07:15:00,351,3,10924
95384,2016-12-15,07:29:00,354,3,9399
95385,2016-12-15,07:31:00,200,3,88
95386,2016-12-15,07:47:00,96,1,5305
95387,2016-12-15,07:49:00,187,2,6146
95388,2016-12-15,07:53:00,354,3,2503
95389,2016-12-15,07:57:00,316,1,9180
95390,2016-12-15,07:57:00,437,1,5877
95391,2016-12-15,08:01:00,103,2,5517
95392,2016-12-15,08:01:00,133,2,10783
95393,2016-12-15,08:13:00,197,1,6162
95394,2016-12-15,08:13:00,402,3,8180
95395,2016-12-15,08:17:00,72,2,3380
95396,2016-12-15,08:17:00,101,1,9151
95397,2016-12-15,08:19:00,221,2,9439
95398,2016-12-15,08:23:00,163,1,10836
95399,2016-12-15,08:23:00,7,2,3574
95400,2016-12-15,08:37:00,202,3,6735
95401,2016-12-15,08:40:00,45,5,9434
95402,2016-12-15,08:50:00,149,2,9558
95403,2016-12-15,08:51:00,182,3,2638
95404,2016-12-15,08:52:00,422,2,5283
95405,2016-12-15,08:56:00,373,1,5059
95406,2016-12-15,09:06:00,457,2,5235
95407,2016-12-15,09:11:00,9,2,729
95408,2016-12-15,09:12:00,296,3,4161
95409,2016-12-15,09:25:00,132,1,1739
95410,2016-12-15,09:38:00,51,2,6834
95411,2016-12-15,09:45:00,336,2,4512
95412,2016-12-15,09:48:00,285,2,2913
95413,2016-12-15,09:57:00,364,4,5445
95414,2016-12-15,10:05:00,251,2,2183
95415,2016-12-15,10:10:00,211,2,9558
95416,2016-12-15,10:27:00,186,1,7523
95417,2016-12-15,10:34:00,331,1,9292
95418,2016-12-15,10:55:00,69,2,2007
95419,2016-12-15,10:57:00,233,4,6883
95420,2016-12-15,11:05:00,448,2,9341
95421,2016-12-15,11:15:00,135,1,11202
95422,2016-12-15,11:30:00,83,3,1649
95423,2016-12-15,11:39:00,388,1,1909
95424,2016-12-15,11:42:00,205,1,7256
95425,2016-12-15,11:59:00,72,1,4174
95426,2016-12-15,12:00:00,220,3,9152
95427,2016-12-15,12:00:00,235,2,9039
95428,2016-12-15,12:04:00,261,5,10805
95429,2016-12-15,12:12:00,2,4,7312
95430,2016-12-15,12:21:00,236,1,3509
95431,2016-12-15,12:25:00,441,1,10393
95432,2016-12-15,12:36:00,186,3,5182
95433,2016-12-15,13:09:00,144,2,10873
95434,2016-12-15,13:16:00,409,1,2408
95435,2016-12-15,13:21:00,7,2,7387
95436,2016-12-15,13:29:00,376,1,5610
95437,2016-12-15,13:30:00,187,3,1985
95438,2016-12-15,13:31:00,427,4,5549
95439,2016-12-15,13:36:00,85,3,2187
95440,2016-12-15,13:42:00,316,2,11551
95441,2016-12-15,13:47:00,37,1,9630
95442,2016-12-15,13:48:00,180,3,9710
95443,2016-12-15,13:48:00,158,1,1545
95444,2016-12-15,13:50:00,408,4,7249
95445,2016-12-15,13:52:00,290,1,5942
95446,2016-12-15,13:54:00,69,3,3841
95447,2016-12-15,14:04:00,153,2,2216
95448,2016-12-15,14:05:00,121,3,9331
95449,2016-12-15,14:07:00,293,1,7939
95450,2016-12-15,14:09:00,253,1,7749
95451,2016-12-15,14:23:00,269,1,721
95452,2016-12-15,14:26:00,49,1,4542
95453,2016-12-15,14:27:00,331,2,10635
95454,2016-12-15,14:28:00,154,4,2923
95455,2016-12-15,14:33:00,362,1,2624
95456,2016-12-15,14:34:00,440,3,7554
95457,2016-12-15,14:42:00,274,1,5146
95458,2016-12-15,14:47:00,336,5,2903
95459,2016-12-15,15:02:00,50,2,8491
95460,2016-12-15,15:03:00,374,1,9526
95461,2016-12-15,15:05:00,296,1,11945
95462,2016-12-15,15:22:00,178,3,3819
95463,2016-12-15,15:24:00,140,4,9302
95464,2016-12-15,15:25:00,28,3,1263
95465,2016-12-15,15:27:00,31,2,9612
95466,2016-12-15,15:28:00,71,2,11423
95467,2016-12-15,15:47:00,176,3,6244
95468,2016-12-15,15:50:00,138,1,5543
95469,2016-12-15,15:54:00,23,4,8309
95470,2016-12-15,15:55:00,345,2,1454
95471,2016-12-15,15:58:00,445,3,2920
95472,2016-12-15,15:59:00,152,1,3708
95473,2016-12-15,16:00:00,251,1,2
95474,2016-12-15,16:02:00,168,4,7388
95475,2016-12-15,16:08:00,181,2,5233
95476,2016-12-15,16:10:00,289,2,1043
95477,2016-12-15,16:11:00,208,3,8396
95478,2016-12-15,16:14:00,183,1,4788
95479,2016-12-15,16:15:00,116,2,6962
95480,2016-12-15,16:19:00,396,3,9288
95481,2016-12-15,16:20:00,451,1,1141
95482,2016-12-15,16:26:00,458,1,1848
95483,2016-12-15,16:27:00,338,3,4657
95484,2016-12-15,16:34:00,351,2,5089
95485,2016-12-15,16:40:00,70,2,6038
95486,2016-12-15,16:58:00,344,2,8921
95487,2016-12-15,16:58:00,138,3,9740
95488,2016-12-15,17:05:00,370,2,1214
95489,2016-12-15,17:07:00,64,1,1379
95490,2016-12-15,17:07:00,211,1,5959
95491,2016-12-15,17:14:00,15,2,7131
95492,2016-12-15,17:26:00,383,3,1701
95493,2016-12-15,17:41:00,35,1,5161
95494,2016-12-15,17:50:00,149,3,10442
95495,2016-12-15,17:54:00,344,2,11591
95496,2016-12-15,17:56:00,12,2,6075
95497,2016-12-15,18:09:00,233,2,5673
95498,2016-12-15,18:12:00,35,1,6581
95499,2016-12-15,18:21:00,334,3,3853
95500,2016-12-15,18:22:00,306,1,4478
95501,2016-12-15,18:23:00,311,2,10269
95502,2016-12-15,18:27:00,419,2,7999
95503,2016-12-15,18:28:00,25,2,955
95504,2016-12-15,18:29:00,323,1,5138
95505,2016-12-15,18:45:00,51,4,4104
95506,2016-12-15,18:48:00,132,3,5526
95507,2016-12-15,18:50:00,163,1,5652
95508,2016-12-15,18:53:00,28,2,2943
95509,2016-12-15,18:59:00,62,1,6321
95510,2016-12-15,18:59:00,58,2,6898
95511,2016-12-15,19:09:00,336,3,4188
95512,2016-12-15,19:13:00,293,3,4215
95513,2016-12-15,19:14:00,334,2,7523
95514,2016-12-15,19:26:00,403,1,583
95515,2016-12-15,19:27:00,17,1,7166
95516,2016-12-15,19:31:00,8,1,1629
95517,2016-12-15,19:31:00,183,3,11204
95518,2016-12-15,19:34:00,280,2,11435
95519,2016-12-15,19:38:00,383,2,10866
95520,2016-12-15,19:44:00,441,2,10914
95521,2016-12-15,19:45:00,279,2,4270
95522,2016-12-15,19:56:00,305,2,4799
95523,2016-12-15,19:57:00,26,1,6981
95524,2016-12-15,19:57:00,174,1,654
95525,2016-12-15,20:02:00,215,1,6752
95526,2016-12-15,20:08:00,430,1,8279
95527,2016-12-15,20:10:00,368,1,1065
95528,2016-12-15,20:24:00,67,1,8241
95529,2016-12-15,20:43:00,40,2,1856
95530,2016-12-15,20:48:00,363,4,352
95531,2016-12-15,20:51:00,63,2,5703
95532,2016-12-15,20:56:00,380,1,10205
95533,2016-12-15,20:57:00,301,2,9685
95534,2016-12-15,21:00:00,217,2,7435
95535,2016-12-15,21:02:00,118,3,11960
95536,2016-12-15,21:02:00,145,2,5154
95537,2016-12-15,21:11:00,293,2,2368
95538,2016-12-15,21:27:00,398,3,406
95539,2016-12-15,21:30:00,106,1,7566
95540,2016-12-15,21:39:00,114,1,7042
95541,2016-12-15,21:42:00,157,1,9629
95542,2016-12-15,21:50:00,435,2,8227
95543,2016-12-15,21:57:00,249,1,9011
95544,2016-12-15,22:09:00,29,2,10081
95545,2016-12-15,22:13:00,92,1,285
95546,2016-12-15,22:14:00,93,1,5391
95547,2016-12-15,22:20:00,417,1,5931
95548,2016-12-15,22:26:00,242,2,4936
95549,2016-12-15,22:27:00,277,3,7717
95550,2016-12-15,22:36:00,72,1,4674
95551,2016-12-15,22:43:00,329,3,4854
95552,2016-12-15,23:00:00,363,3,7147
95553,2016-12-15,23:25:00,351,1,578
95554,2016-12-15,23:26:00,369,1,4881
95555,2016-12-15,23:36:00,30,2,4834
95556,2016-12-15,23:37:00,248,2,7284
95557,2016-12-15,23:51:00,412,4,1163
95558,2016-12-15,23:58:00,129,4,10156
95559,2016-12-16,00:12:00,416,1,5572
95560,2016-12-16,00:14:00,191,4,10841
95561,2016-12-16,00:14:00,75,3,3546
95562,2016-12-16,00:15:00,201,2,2838
95563,2016-12-16,00:22:00,434,3,11181
95564,2016-12-16,00:23:00,22,1,9778
95565,2016-12-16,00:23:00,273,1,599
95566,2016-12-16,00:27:00,358,1,11482
95567,2016-12-16,00:29:00,379,3,889
95568,2016-12-16,00:34:00,220,1,6573
95569,2016-12-16,00:42:00,457,4,1795
95570,2016-12-16,00:42:00,241,4,4571
95571,2016-12-16,00:51:00,289,1,10508
95572,2016-12-16,00:53:00,220,2,9414
95573,2016-12-16,01:03:00,96,3,6817
95574,2016-12-16,01:07:00,157,2,1699
95575,2016-12-16,01:10:00,182,3,948
95576,2016-12-16,01:15:00,176,1,11577
95577,2016-12-16,01:27:00,417,2,5661
95578,2016-12-16,01:48:00,247,3,3300
95579,2016-12-16,01:51:00,220,1,9096
95580,2016-12-16,01:54:00,135,3,1525
95581,2016-12-16,01:56:00,154,3,11502
95582,2016-12-16,01:59:00,384,2,7586
95583,2016-12-16,02:00:00,428,2,1147
95584,2016-12-16,02:01:00,92,1,3218
95585,2016-12-16,02:04:00,98,1,6063
95586,2016-12-16,02:07:00,171,2,2049
95587,2016-12-16,02:08:00,106,2,4873
95588,2016-12-16,02:08:00,336,3,3830
95589,2016-12-16,02:09:00,403,2,5391
95590,2016-12-16,02:11:00,32,1,135
95591,2016-12-16,02:22:00,165,1,9565
95592,2016-12-16,02:23:00,340,1,2643
95593,2016-12-16,02:32:00,324,3,6448
95594,2016-12-16,02:36:00,189,2,4324
95595,2016-12-16,02:38:00,421,2,1817
95596,2016-12-16,02:45:00,116,4,11158
95597,2016-12-16,02:45:00,382,2,3417
95598,2016-12-16,02:48:00,141,3,307
95599,2016-12-16,02:57:00,166,2,10612
95600,2016-12-16,03:03:00,39,1,6891
95601,2016-12-16,03:03:00,204,1,5656
95602,2016-12-16,03:05:00,124,1,3675
95603,2016-12-16,03:08:00,28,1,160
95604,2016-12-16,03:10:00,343,3,4834
95605,2016-12-16,03:11:00,234,2,11290
95606,2016-12-16,03:12:00,264,2,10884
95607,2016-12-16,03:14:00,235,3,11250
95608,2016-12-16,03:19:00,34,1,1630
95609,2016-12-16,03:24:00,180,1,755
95610,2016-12-16,03:27:00,405,2,11312
95611,2016-12-16,03:35:00,146,4,10784
95612,2016-12-16,03:36:00,107,2,1441
95613,2016-12-16,03:38:00,364,2,7966
95614,2016-12-16,03:40:00,163,1,794
95615,2016-12-16,03:46:00,110,2,7974
95616,2016-12-16,03:53:00,182,2,7636
95617,2016-12-16,03:56:00,246,2,5077
95618,2016-12-16,03:57:00,182,2,2537
95619,2016-12-16,03:59:00,386,4,7347
95620,2016-12-16,04:00:00,446,2,3911
95621,2016-12-16,04:07:00,364,4,3580
95622,2016-12-16,04:13:00,395,2,814
95623,2016-12-16,04:14:00,65,4,8376
95624,2016-12-16,04:31:00,166,1,11870
95625,2016-12-16,04:33:00,222,5,11681
95626,2016-12-16,04:43:00,355,1,5759
95627,2016-12-16,04:44:00,76,2,49
95628,2016-12-16,04:46:00,89,2,2680
95629,2016-12-16,04:50:00,188,2,8528
95630,2016-12-16,04:52:00,166,2,374
95631,2016-12-16,05:05:00,180,4,7701
95632,2016-12-16,05:12:00,45,1,11573
95633,2016-12-16,05:21:00,314,1,4595
95634,2016-12-16,05:29:00,183,3,8297
95635,2016-12-16,05:33:00,424,4,2643
95636,2016-12-16,05:36:00,105,2,9456
95637,2016-12-16,05:39:00,26,1,5697
95638,2016-12-16,05:42:00,440,1,976
95639,2016-12-16,05:51:00,358,1,5473
95640,2016-12-16,05:59:00,10,1,6707
95641,2016-12-16,06:05:00,91,3,10414
95642,2016-12-16,06:17:00,451,2,8106
95643,2016-12-16,06:21:00,36,3,7633
95644,2016-12-16,06:26:00,94,1,2464
95645,2016-12-16,06:36:00,280,2,601
95646,2016-12-16,06:40:00,105,2,2520
95647,2016-12-16,06:41:00,349,2,11964
95648,2016-12-16,06:42:00,219,2,7774
95649,2016-12-16,06:47:00,59,2,3990
95650,2016-12-16,06:54:00,70,3,8227
95651,2016-12-16,07:08:00,177,2,4965
95652,2016-12-16,07:08:00,163,3,2189
95653,2016-12-16,07:11:00,256,1,3572
95654,2016-12-16,07:12:00,191,2,8513
95655,2016-12-16,07:17:00,106,1,8653
95656,2016-12-16,07:35:00,23,2,7519
95657,2016-12-16,07:35:00,174,1,3960
95658,2016-12-16,07:41:00,334,1,9047
95659,2016-12-16,07:41:00,152,4,11748
95660,2016-12-16,07:58:00,281,1,10136
95661,2016-12-16,08:04:00,225,5,732
95662,2016-12-16,08:05:00,34,3,11558
95663,2016-12-16,08:08:00,182,2,6237
95664,2016-12-16,08:09:00,58,2,6462
95665,2016-12-16,08:09:00,228,1,2179
95666,2016-12-16,08:10:00,410,2,7769
95667,2016-12-16,08:12:00,253,1,11940
95668,2016-12-16,08:25:00,429,1,8720
95669,2016-12-16,08:29:00,2,3,6123
95670,2016-12-16,08:30:00,102,1,3949
95671,2016-12-16,08:32:00,152,3,2098
95672,2016-12-16,08:34:00,9,1,7947
95673,2016-12-16,08:38:00,304,1,5473
95674,2016-12-16,08:41:00,191,1,11245
95675,2016-12-16,08:46:00,414,2,8367
95676,2016-12-16,08:48:00,305,2,5480
95677,2016-12-16,08:51:00,344,5,9297
95678,2016-12-16,08:52:00,83,2,11768
95679,2016-12-16,09:04:00,158,3,1383
95680,2016-12-16,09:06:00,145,2,4936
95681,2016-12-16,09:07:00,376,3,8263
95682,2016-12-16,09:09:00,430,2,6189
95683,2016-12-16,09:11:00,72,3,7024
95684,2016-12-16,09:18:00,77,1,8545
95685,2016-12-16,09:30:00,208,4,4227
95686,2016-12-16,09:36:00,399,1,1275
95687,2016-12-16,09:48:00,375,3,5172
95688,2016-12-16,09:52:00,308,2,9975
95689,2016-12-16,10:27:00,243,2,2076
95690,2016-12-16,10:30:00,59,2,7496
95691,2016-12-16,10:32:00,276,3,7158
95692,2016-12-16,10:46:00,214,2,2515
95693,2016-12-16,10:57:00,243,2,6598
95694,2016-12-16,10:59:00,378,2,3403
95695,2016-12-16,11:05:00,170,3,3170
95696,2016-12-16,11:06:00,396,3,8385
95697,2016-12-16,11:06:00,340,3,6331
95698,2016-12-16,11:21:00,76,1,6646
95699,2016-12-16,11:21:00,322,1,2100
95700,2016-12-16,11:23:00,218,1,8121
95701,2016-12-16,11:27:00,196,1,5096
95702,2016-12-16,11:36:00,321,3,10152
95703,2016-12-16,11:42:00,12,3,4366
95704,2016-12-16,11:44:00,140,2,9681
95705,2016-12-16,11:52:00,425,1,3936
95706,2016-12-16,11:55:00,231,1,2560
95707,2016-12-16,11:57:00,132,1,5953
95708,2016-12-16,12:05:00,68,1,6684
95709,2016-12-16,12:22:00,411,4,1625
95710,2016-12-16,12:25:00,218,3,10163
95711,2016-12-16,12:27:00,374,1,4598
95712,2016-12-16,12:28:00,222,2,1716
95713,2016-12-16,12:33:00,269,1,10488
95714,2016-12-16,12:37:00,364,2,9416
95715,2016-12-16,13:02:00,255,1,2135
95716,2016-12-16,13:07:00,103,1,11850
95717,2016-12-16,13:30:00,5,4,2969
95718,2016-12-16,13:31:00,71,1,3179
95719,2016-12-16,13:33:00,27,2,9715
95720,2016-12-16,13:33:00,110,1,5486
95721,2016-12-16,13:35:00,110,2,6492
95722,2016-12-16,13:37:00,370,1,10242
95723,2016-12-16,13:48:00,388,2,7029
95724,2016-12-16,13:52:00,120,2,8088
95725,2016-12-16,13:53:00,246,1,6628
95726,2016-12-16,13:57:00,305,2,8908
95727,2016-12-16,13:59:00,150,2,1040
95728,2016-12-16,14:04:00,448,3,4091
95729,2016-12-16,14:11:00,385,2,9002
95730,2016-12-16,14:23:00,379,1,8932
95731,2016-12-16,14:28:00,182,1,3026
95732,2016-12-16,14:36:00,236,1,9819
95733,2016-12-16,14:45:00,316,2,10358
95734,2016-12-16,14:48:00,405,2,4856
95735,2016-12-16,14:51:00,222,1,6858
95736,2016-12-16,14:54:00,201,3,6230
95737,2016-12-16,14:55:00,191,3,546
95738,2016-12-16,14:58:00,30,1,263
95739,2016-12-16,15:07:00,285,3,11467
95740,2016-12-16,15:14:00,206,1,3527
95741,2016-12-16,15:14:00,268,1,5499
95742,2016-12-16,15:15:00,458,3,11488
95743,2016-12-16,15:18:00,246,2,1146
95744,2016-12-16,15:25:00,154,1,10912
95745,2016-12-16,15:29:00,349,2,4363
95746,2016-12-16,15:33:00,379,3,11126
95747,2016-12-16,15:43:00,244,1,8924
95748,2016-12-16,15:55:00,161,1,4045
95749,2016-12-16,16:20:00,109,1,8176
95750,2016-12-16,16:25:00,105,1,3685
95751,2016-12-16,16:26:00,417,3,11111
95752,2016-12-16,16:29:00,283,2,3401
95753,2016-12-16,16:32:00,143,2,7178
95754,2016-12-16,16:34:00,87,3,11030
95755,2016-12-16,16:35:00,362,2,20
95756,2016-12-16,16:39:00,159,3,8180
95757,2016-12-16,16:39:00,23,2,6243
95758,2016-12-16,16:45:00,427,1,10509
95759,2016-12-16,16:46:00,174,1,5493
95760,2016-12-16,16:52:00,110,1,9015
95761,2016-12-16,16:56:00,22,1,1542
95762,2016-12-16,16:59:00,307,1,10543
95763,2016-12-16,17:01:00,454,2,4084
95764,2016-12-16,17:05:00,377,2,2371
95765,2016-12-16,17:06:00,178,3,6360
95766,2016-12-16,17:15:00,455,3,6757
95767,2016-12-16,17:19:00,224,2,4733
95768,2016-12-16,17:20:00,165,1,2878
95769,2016-12-16,17:21:00,373,3,9291
95770,2016-12-16,17:33:00,137,2,5356
95771,2016-12-16,17:44:00,310,1,1652
95772,2016-12-16,17:45:00,418,2,4629
95773,2016-12-16,18:03:00,175,4,6330
95774,2016-12-16,18:06:00,448,1,5455
95775,2016-12-16,18:07:00,276,2,2798
95776,2016-12-16,18:10:00,183,1,1216
95777,2016-12-16,18:23:00,222,2,869
95778,2016-12-16,18:38:00,60,1,10653
95779,2016-12-16,18:42:00,89,2,2707
95780,2016-12-16,18:49:00,271,3,1058
95781,2016-12-16,18:49:00,255,1,9074
95782,2016-12-16,18:51:00,32,4,2959
95783,2016-12-16,18:54:00,222,1,631
95784,2016-12-16,18:55:00,126,1,11633
95785,2016-12-16,19:01:00,428,3,6813
95786,2016-12-16,19:04:00,224,1,1608
95787,2016-12-16,19:07:00,385,2,4123
95788,2016-12-16,19:11:00,428,3,1153
95789,2016-12-16,19:14:00,419,4,2766
95790,2016-12-16,19:15:00,359,2,529
95791,2016-12-16,19:28:00,373,3,4671
95792,2016-12-16,19:35:00,370,1,11411
95793,2016-12-16,19:41:00,240,3,11
95794,2016-12-16,19:54:00,130,1,3773
95795,2016-12-16,19:59:00,237,2,6311
95796,2016-12-16,20:09:00,280,3,530
95797,2016-12-16,20:09:00,451,3,3646
95798,2016-12-16,20:13:00,375,4,10782
95799,2016-12-16,20:15:00,137,1,5011
95800,2016-12-16,20:19:00,257,2,3121
95801,2016-12-16,20:28:00,93,2,6976
95802,2016-12-16,20:28:00,174,2,3406
95803,2016-12-16,20:29:00,272,3,6582
95804,2016-12-16,20:31:00,264,1,11677
95805,2016-12-16,20:31:00,285,1,8490
95806,2016-12-16,20:36:00,88,1,8815
95807,2016-12-16,20:44:00,68,3,2290
95808,2016-12-16,20:45:00,304,2,4321
95809,2016-12-16,20:47:00,340,2,7709
95810,2016-12-16,20:50:00,193,1,4703
95811,2016-12-16,20:51:00,92,1,7609
95812,2016-12-16,20:52:00,44,1,7401
95813,2016-12-16,21:06:00,366,1,6137
95814,2016-12-16,21:09:00,202,2,11635
95815,2016-12-16,21:19:00,289,1,11512
95816,2016-12-16,21:19:00,98,2,987
95817,2016-12-16,21:22:00,191,1,9306
95818,2016-12-16,21:24:00,131,1,3183
95819,2016-12-16,21:40:00,438,2,7347
95820,2016-12-16,21:42:00,29,1,4092
95821,2016-12-16,21:45:00,92,3,6110
95822,2016-12-16,21:49:00,8,2,65
95823,2016-12-16,21:52:00,447,1,3526
95824,2016-12-16,21:54:00,213,1,3780
95825,2016-12-16,22:03:00,253,1,1538
95826,2016-12-16,22:13:00,99,1,2543
95827,2016-12-16,22:27:00,360,2,7588
95828,2016-12-16,22:28:00,427,3,7905
95829,2016-12-16,22:30:00,454,1,11425
95830,2016-12-16,22:36:00,451,4,10936
95831,2016-12-16,22:43:00,389,2,10289
95832,2016-12-16,22:47:00,454,2,2675
95833,2016-12-16,22:50:00,286,3,10595
95834,2016-12-16,22:51:00,4,3,9922
95835,2016-12-16,23:00:00,23,1,1986
95836,2016-12-16,23:05:00,182,3,2941
95837,2016-12-16,23:25:00,87,3,9787
95838,2016-12-16,23:29:00,39,3,11668
95839,2016-12-16,23:29:00,80,3,10527
95840,2016-12-16,23:31:00,380,2,1202
95841,2016-12-16,23:32:00,41,1,5573
95842,2016-12-16,23:34:00,351,2,11911
95843,2016-12-16,23:39:00,388,2,3466
95844,2016-12-16,23:39:00,449,1,11830
95845,2016-12-16,23:40:00,379,3,5876
95846,2016-12-16,23:41:00,428,3,7573
95847,2016-12-16,23:42:00,153,4,9603
95848,2016-12-16,23:44:00,124,1,9138
95849,2016-12-16,23:46:00,119,3,6345
95850,2016-12-16,23:46:00,153,1,1395
95851,2016-12-16,23:50:00,432,1,6619
95852,2016-12-16,23:51:00,69,2,11176
95853,2016-12-16,23:52:00,76,1,3703
95854,2016-12-16,23:52:00,150,2,11785
95855,2016-12-16,23:52:00,390,1,10592
95856,2016-12-16,23:56:00,326,3,10681
95857,2016-12-17,00:12:00,179,4,6612
95858,2016-12-17,00:24:00,334,1,4110
95859,2016-12-17,00:32:00,35,2,10796
95860,2016-12-17,00:36:00,418,2,8348
95861,2016-12-17,00:38:00,192,3,10614
95862,2016-12-17,00:42:00,119,2,899
95863,2016-12-17,00:46:00,275,2,573
95864,2016-12-17,00:46:00,315,2,11621
95865,2016-12-17,00:51:00,114,1,7807
95866,2016-12-17,00:55:00,454,3,3525
95867,2016-12-17,00:57:00,51,2,6620
95868,2016-12-17,00:57:00,42,2,8690
95869,2016-12-17,01:02:00,77,1,2190
95870,2016-12-17,01:10:00,446,1,11272
95871,2016-12-17,01:21:00,182,2,11093
95872,2016-12-17,01:28:00,250,1,64
95873,2016-12-17,01:30:00,275,1,4731
95874,2016-12-17,01:33:00,256,2,7147
95875,2016-12-17,01:33:00,184,1,11480
95876,2016-12-17,01:34:00,22,2,9996
95877,2016-12-17,01:46:00,288,5,6109
95878,2016-12-17,01:46:00,204,2,304
95879,2016-12-17,01:48:00,423,1,142
95880,2016-12-17,01:50:00,10,2,366
95881,2016-12-17,01:51:00,4,3,5212
95882,2016-12-17,01:57:00,214,4,7900
95883,2016-12-17,02:00:00,362,5,1236
95884,2016-12-17,02:01:00,57,2,7078
95885,2016-12-17,02:03:00,251,1,2416
95886,2016-12-17,02:04:00,118,2,1997
95887,2016-12-17,02:08:00,134,4,4359
95888,2016-12-17,02:17:00,416,4,9557
95889,2016-12-17,02:26:00,83,2,8802
95890,2016-12-17,02:27:00,450,3,10630
95891,2016-12-17,02:35:00,155,1,6566
95892,2016-12-17,02:45:00,406,1,10
95893,2016-12-17,02:48:00,48,3,575
95894,2016-12-17,02:50:00,454,1,642
95895,2016-12-17,02:51:00,237,4,4311
95896,2016-12-17,03:03:00,104,1,6344
95897,2016-12-17,03:03:00,268,3,11440
95898,2016-12-17,03:05:00,412,2,10812
95899,2016-12-17,03:08:00,129,3,4766
95900,2016-12-17,03:08:00,6,1,7266
95901,2016-12-17,03:21:00,360,3,4722
95902,2016-12-17,03:22:00,59,2,2206
95903,2016-12-17,03:29:00,347,2,4133
95904,2016-12-17,03:30:00,325,3,6498
95905,2016-12-17,03:32:00,3,2,2896
95906,2016-12-17,03:40:00,360,2,9726
95907,2016-12-17,03:44:00,173,1,9627
95908,2016-12-17,03:53:00,328,1,3981
95909,2016-12-17,03:58:00,114,1,4351
95910,2016-12-17,04:01:00,320,1,7590
95911,2016-12-17,04:12:00,317,2,164
95912,2016-12-17,04:15:00,26,3,5149
95913,2016-12-17,04:21:00,19,2,10174
95914,2016-12-17,04:26:00,13,1,5403
95915,2016-12-17,04:29:00,432,2,2293
95916,2016-12-17,04:33:00,289,2,4003
95917,2016-12-17,04:37:00,224,2,5680
95918,2016-12-17,04:39:00,357,2,4675
95919,2016-12-17,04:40:00,426,2,3482
95920,2016-12-17,04:50:00,115,1,8671
95921,2016-12-17,04:57:00,378,4,1238
95922,2016-12-17,04:59:00,186,2,9490
95923,2016-12-17,05:03:00,281,3,10475
95924,2016-12-17,05:04:00,144,2,6174
95925,2016-12-17,05:07:00,332,1,1132
95926,2016-12-17,05:08:00,37,2,10870
95927,2016-12-17,05:08:00,336,1,6770
95928,2016-12-17,05:09:00,117,2,538
95929,2016-12-17,05:10:00,238,1,10787
95930,2016-12-17,05:24:00,180,3,5089
95931,2016-12-17,05:32:00,104,2,5915
95932,2016-12-17,05:32:00,320,3,2695
95933,2016-12-17,05:37:00,294,3,9371
95934,2016-12-17,05:38:00,91,1,11449
95935,2016-12-17,05:38:00,213,3,10145
95936,2016-12-17,05:39:00,294,2,4149
95937,2016-12-17,05:54:00,109,4,4265
95938,2016-12-17,05:56:00,424,1,6488
95939,2016-12-17,06:12:00,176,1,10068
95940,2016-12-17,06:23:00,164,2,2532
95941,2016-12-17,06:25:00,166,3,5593
95942,2016-12-17,06:29:00,169,3,11749
95943,2016-12-17,06:38:00,208,1,7827
95944,2016-12-17,06:53:00,255,2,6522
95945,2016-12-17,06:56:00,441,1,4405
95946,2016-12-17,06:57:00,48,2,3863
95947,2016-12-17,07:02:00,267,1,4542
95948,2016-12-17,07:08:00,399,1,8628
95949,2016-12-17,07:21:00,243,1,10961
95950,2016-12-17,07:23:00,73,1,4621
95951,2016-12-17,07:26:00,147,1,3488
95952,2016-12-17,07:27:00,138,1,919
95953,2016-12-17,07:33:00,286,2,2282
95954,2016-12-17,07:39:00,439,1,10011
95955,2016-12-17,07:40:00,423,2,11045
95956,2016-12-17,08:00:00,20,3,2308
95957,2016-12-17,08:01:00,222,2,10112
95958,2016-12-17,08:01:00,415,2,1307
95959,2016-12-17,08:06:00,286,1,4644
95960,2016-12-17,08:31:00,317,3,4430
95961,2016-12-17,08:33:00,457,2,5976
95962,2016-12-17,08:46:00,35,1,11355
95963,2016-12-17,08:50:00,352,3,10054
95964,2016-12-17,09:02:00,242,3,3924
95965,2016-12-17,09:07:00,303,2,5606
95966,2016-12-17,09:10:00,157,1,8331
95967,2016-12-17,09:14:00,27,2,5818
95968,2016-12-17,09:25:00,455,1,9767
95969,2016-12-17,09:31:00,396,1,7945
95970,2016-12-17,09:46:00,453,2,8715
95971,2016-12-17,09:58:00,343,2,8769
95972,2016-12-17,10:04:00,331,3,2405
95973,2016-12-17,10:05:00,390,2,8666
95974,2016-12-17,10:05:00,116,5,1391
95975,2016-12-17,10:06:00,293,1,7918
95976,2016-12-17,10:09:00,272,1,2473
95977,2016-12-17,10:09:00,33,1,8504
95978,2016-12-17,10:10:00,148,2,290
95979,2016-12-17,10:14:00,261,2,9194
95980,2016-12-17,10:16:00,111,1,4061
95981,2016-12-17,10:18:00,409,3,6645
95982,2016-12-17,10:19:00,148,1,168
95983,2016-12-17,10:21:00,194,1,4595
95984,2016-12-17,10:22:00,24,1,3881
95985,2016-12-17,10:24:00,155,2,853
95986,2016-12-17,10:30:00,161,2,1613
95987,2016-12-17,10:33:00,316,1,7870
95988,2016-12-17,10:36:00,138,3,11077
95989,2016-12-17,10:44:00,194,2,5224
95990,2016-12-17,10:46:00,172,3,11931
95991,2016-12-17,10:50:00,370,4,6816
95992,2016-12-17,10:52:00,55,3,904
95993,2016-12-17,10:56:00,5,2,504
95994,2016-12-17,11:08:00,255,2,1059
95995,2016-12-17,11:09:00,353,2,11944
95996,2016-12-17,11:15:00,390,2,3027
95997,2016-12-17,11:28:00,38,1,10636
95998,2016-12-17,11:39:00,100,3,3894
95999,2016-12-17,11:41:00,79,4,5061
96000,2016-12-17,11:42:00,264,2,5714
96001,2016-12-17,11:55:00,78,1,11642
96002,2016-12-17,12:08:00,273,3,818
96003,2016-12-17,12:14:00,447,3,8726
96004,2016-12-17,12:18:00,417,1,3187
96005,2016-12-17,12:22:00,352,1,65
96006,2016-12-17,12:29:00,126,3,10598
96007,2016-12-17,12:45:00,198,3,546
96008,2016-12-17,12:50:00,286,2,6931
96009,2016-12-17,12:52:00,138,2,4575
96010,2016-12-17,12:52:00,118,3,9027
96011,2016-12-17,12:57:00,406,2,558
96012,2016-12-17,12:58:00,300,1,3455
96013,2016-12-17,13:00:00,225,1,2599
96014,2016-12-17,13:01:00,25,4,6998
96015,2016-12-17,13:05:00,210,1,10664
96016,2016-12-17,13:08:00,415,2,10174
96017,2016-12-17,13:10:00,299,1,903
96018,2016-12-17,13:23:00,203,1,7958
96019,2016-12-17,13:24:00,19,4,1857
96020,2016-12-17,13:25:00,301,1,279
96021,2016-12-17,13:39:00,90,3,1598
96022,2016-12-17,13:52:00,375,2,10907
96023,2016-12-17,13:53:00,264,1,10838
96024,2016-12-17,13:57:00,121,2,9586
96025,2016-12-17,14:05:00,452,4,9266
96026,2016-12-17,14:05:00,183,3,11358
96027,2016-12-17,14:14:00,159,2,9408
96028,2016-12-17,14:23:00,145,1,6867
96029,2016-12-17,14:26:00,455,3,11051
96030,2016-12-17,14:27:00,164,2,3588
96031,2016-12-17,14:28:00,59,4,10820
96032,2016-12-17,14:53:00,120,1,3107
96033,2016-12-17,15:03:00,101,1,5225
96034,2016-12-17,15:04:00,124,3,9361
96035,2016-12-17,15:09:00,115,2,5947
96036,2016-12-17,15:23:00,405,3,4831
96037,2016-12-17,15:35:00,302,4,6852
96038,2016-12-17,15:35:00,142,2,3059
96039,2016-12-17,15:43:00,301,1,4902
96040,2016-12-17,15:49:00,182,1,7869
96041,2016-12-17,15:51:00,44,4,436
96042,2016-12-17,16:00:00,148,1,8749
96043,2016-12-17,16:01:00,376,2,9791
96044,2016-12-17,16:04:00,290,2,1147
96045,2016-12-17,16:12:00,361,1,4076
96046,2016-12-17,16:22:00,158,4,2241
96047,2016-12-17,16:22:00,455,1,7133
96048,2016-12-17,16:23:00,98,3,2171
96049,2016-12-17,16:25:00,258,2,6191
96050,2016-12-17,16:29:00,42,1,3186
96051,2016-12-17,16:36:00,161,2,9100
96052,2016-12-17,16:49:00,293,3,8681
96053,2016-12-17,16:57:00,139,2,3524
96054,2016-12-17,17:01:00,387,2,11067
96055,2016-12-17,17:09:00,375,4,2792
96056,2016-12-17,17:12:00,423,1,6835
96057,2016-12-17,17:13:00,213,3,6737
96058,2016-12-17,17:18:00,259,2,7611
96059,2016-12-17,17:20:00,351,1,1091
96060,2016-12-17,17:25:00,372,1,3059
96061,2016-12-17,17:35:00,24,2,1960
96062,2016-12-17,17:35:00,333,2,1773
96063,2016-12-17,17:39:00,362,1,11410
96064,2016-12-17,17:39:00,389,1,2492
96065,2016-12-17,17:44:00,121,2,3463
96066,2016-12-17,17:57:00,414,3,11344
96067,2016-12-17,17:59:00,106,2,755
96068,2016-12-17,17:59:00,322,2,6137
96069,2016-12-17,18:10:00,199,2,3116
96070,2016-12-17,18:12:00,89,2,2787
96071,2016-12-17,18:12:00,274,2,6971
96072,2016-12-17,18:22:00,126,1,8510
96073,2016-12-17,18:30:00,6,1,3247
96074,2016-12-17,18:38:00,248,2,5498
96075,2016-12-17,18:39:00,165,2,2685
96076,2016-12-17,18:41:00,417,2,8619
96077,2016-12-17,18:49:00,38,1,7889
96078,2016-12-17,18:49:00,156,1,7472
96079,2016-12-17,18:50:00,444,1,8041
96080,2016-12-17,18:51:00,350,2,3082
96081,2016-12-17,19:08:00,348,1,1763
96082,2016-12-17,19:25:00,455,1,3051
96083,2016-12-17,19:26:00,358,2,4794
96084,2016-12-17,19:29:00,38,1,338
96085,2016-12-17,19:30:00,364,3,934
96086,2016-12-17,19:41:00,256,3,2428
96087,2016-12-17,20:02:00,417,2,7807
96088,2016-12-17,20:09:00,282,1,10330
96089,2016-12-17,20:11:00,161,1,10532
96090,2016-12-17,20:14:00,316,1,4984
96091,2016-12-17,20:21:00,227,1,6793
96092,2016-12-17,20:23:00,355,2,11453
96093,2016-12-17,20:31:00,334,1,3025
96094,2016-12-17,20:35:00,59,3,7075
96095,2016-12-17,20:37:00,334,3,11115
96096,2016-12-17,20:44:00,260,2,9373
96097,2016-12-17,20:46:00,103,1,1588
96098,2016-12-17,20:51:00,422,2,9052
96099,2016-12-17,20:55:00,209,1,6823
96100,2016-12-17,21:02:00,16,4,10078
96101,2016-12-17,21:04:00,335,1,9064
96102,2016-12-17,21:04:00,151,2,2206
96103,2016-12-17,21:06:00,276,1,6307
96104,2016-12-17,21:15:00,395,1,11545
96105,2016-12-17,21:15:00,336,2,2737
96106,2016-12-17,21:18:00,88,1,7408
96107,2016-12-17,21:19:00,15,1,9451
96108,2016-12-17,21:24:00,423,3,9278
96109,2016-12-17,21:24:00,253,2,5369
96110,2016-12-17,21:24:00,147,2,4756
96111,2016-12-17,21:27:00,154,1,1160
96112,2016-12-17,21:37:00,214,3,1308
96113,2016-12-17,21:40:00,355,1,4905
96114,2016-12-17,21:42:00,296,2,6159
96115,2016-12-17,21:43:00,60,4,5418
96116,2016-12-17,21:48:00,141,1,6935
96117,2016-12-17,21:51:00,293,3,10473
96118,2016-12-17,21:59:00,126,1,2315
96119,2016-12-17,22:18:00,62,5,4866
96120,2016-12-17,22:37:00,43,3,10799
96121,2016-12-17,22:39:00,133,2,4725
96122,2016-12-17,22:41:00,135,2,5978
96123,2016-12-17,22:49:00,215,1,8889
96124,2016-12-17,23:02:00,63,4,4271
96125,2016-12-17,23:12:00,131,2,9731
96126,2016-12-17,23:22:00,56,1,11656
96127,2016-12-17,23:24:00,282,2,3870
96128,2016-12-17,23:35:00,84,1,3320
96129,2016-12-17,23:41:00,180,1,2436
96130,2016-12-17,23:49:00,208,2,4202
96131,2016-12-17,23:56:00,166,1,1018
96132,2016-12-18,00:01:00,27,1,5635
96133,2016-12-18,00:04:00,301,1,10185
96134,2016-12-18,00:07:00,184,1,5592
96135,2016-12-18,00:09:00,120,1,2728
96136,2016-12-18,00:14:00,58,2,4608
96137,2016-12-18,00:16:00,377,2,4874
96138,2016-12-18,00:21:00,302,1,5227
96139,2016-12-18,00:38:00,115,1,6415
96140,2016-12-18,00:42:00,275,2,3052
96141,2016-12-18,00:45:00,21,2,2437
96142,2016-12-18,00:46:00,103,2,1054
96143,2016-12-18,00:51:00,94,1,4620
96144,2016-12-18,00:55:00,198,2,2313
96145,2016-12-18,00:56:00,86,2,11940
96146,2016-12-18,00:56:00,383,4,2130
96147,2016-12-18,01:08:00,356,1,11810
96148,2016-12-18,01:11:00,257,2,4068
96149,2016-12-18,01:16:00,39,2,9980
96150,2016-12-18,01:16:00,146,1,1769
96151,2016-12-18,01:20:00,331,3,6220
96152,2016-12-18,01:22:00,225,3,7849
96153,2016-12-18,01:30:00,17,1,8629
96154,2016-12-18,01:32:00,449,3,5597
96155,2016-12-18,01:43:00,194,4,4257
96156,2016-12-18,01:45:00,313,1,305
96157,2016-12-18,01:53:00,346,2,11417
96158,2016-12-18,02:07:00,191,2,5786
96159,2016-12-18,02:09:00,252,2,6869
96160,2016-12-18,02:17:00,53,3,3391
96161,2016-12-18,02:22:00,340,3,8984
96162,2016-12-18,02:23:00,310,1,125
96163,2016-12-18,02:30:00,178,1,8994
96164,2016-12-18,02:30:00,4,4,7359
96165,2016-12-18,02:33:00,122,2,2361
96166,2016-12-18,02:37:00,188,1,1068
96167,2016-12-18,02:39:00,291,1,9544
96168,2016-12-18,02:56:00,382,2,8476
96169,2016-12-18,03:10:00,395,3,2558
96170,2016-12-18,03:13:00,107,2,1685
96171,2016-12-18,03:16:00,291,2,5674
96172,2016-12-18,03:17:00,453,2,10155
96173,2016-12-18,03:22:00,283,2,2291
96174,2016-12-18,03:22:00,256,1,6072
96175,2016-12-18,03:36:00,9,2,10828
96176,2016-12-18,03:38:00,303,2,1050
96177,2016-12-18,03:40:00,309,1,4502
96178,2016-12-18,03:43:00,80,2,5754
96179,2016-12-18,03:49:00,358,3,8210
96180,2016-12-18,03:50:00,389,3,9775
96181,2016-12-18,04:02:00,159,1,4977
96182,2016-12-18,04:07:00,94,2,238
96183,2016-12-18,04:09:00,222,1,4087
96184,2016-12-18,04:12:00,70,1,5290
96185,2016-12-18,04:12:00,202,1,1904
96186,2016-12-18,04:17:00,373,1,2976
96187,2016-12-18,04:21:00,212,1,4874
96188,2016-12-18,04:23:00,370,3,9627
96189,2016-12-18,04:25:00,144,2,26
96190,2016-12-18,04:27:00,369,3,11843
96191,2016-12-18,04:30:00,440,1,838
96192,2016-12-18,04:34:00,439,1,11696
96193,2016-12-18,04:34:00,159,3,4350
96194,2016-12-18,05:00:00,162,1,6221
96195,2016-12-18,05:00:00,202,4,7615
96196,2016-12-18,05:02:00,352,1,6471
96197,2016-12-18,05:15:00,140,2,2899
96198,2016-12-18,05:27:00,224,2,2628
96199,2016-12-18,05:31:00,154,1,9832
96200,2016-12-18,06:04:00,410,2,5982
96201,2016-12-18,06:09:00,175,3,390
96202,2016-12-18,06:14:00,448,4,2881
96203,2016-12-18,06:16:00,56,2,10135
96204,2016-12-18,06:17:00,129,1,6222
96205,2016-12-18,06:18:00,176,2,10212
96206,2016-12-18,06:37:00,61,1,3182
96207,2016-12-18,06:44:00,339,1,907
96208,2016-12-18,06:47:00,104,3,11470
96209,2016-12-18,06:47:00,354,2,545
96210,2016-12-18,06:47:00,185,2,8646
96211,2016-12-18,07:09:00,55,1,1675
96212,2016-12-18,07:12:00,434,1,10445
96213,2016-12-18,07:13:00,19,2,8049
96214,2016-12-18,07:19:00,240,3,1203
96215,2016-12-18,07:22:00,327,3,11547
96216,2016-12-18,07:24:00,449,1,6896
96217,2016-12-18,07:25:00,195,1,11916
96218,2016-12-18,07:29:00,43,3,1457
96219,2016-12-18,07:32:00,133,2,3561
96220,2016-12-18,07:33:00,318,3,5363
96221,2016-12-18,07:42:00,20,2,11776
96222,2016-12-18,07:44:00,261,4,11196
96223,2016-12-18,07:45:00,329,1,10334
96224,2016-12-18,07:53:00,50,1,8019
96225,2016-12-18,07:55:00,87,1,4004
96226,2016-12-18,07:58:00,107,4,9690
96227,2016-12-18,08:02:00,354,2,9972
96228,2016-12-18,08:04:00,342,2,10381
96229,2016-12-18,08:07:00,105,2,5855
96230,2016-12-18,08:12:00,397,1,2645
96231,2016-12-18,08:29:00,32,2,5051
96232,2016-12-18,08:33:00,452,3,5901
96233,2016-12-18,08:33:00,79,1,931
96234,2016-12-18,08:42:00,200,2,9753
96235,2016-12-18,08:44:00,390,2,963
96236,2016-12-18,08:45:00,143,3,5417
96237,2016-12-18,09:00:00,458,2,9545
96238,2016-12-18,09:01:00,157,3,2768
96239,2016-12-18,09:07:00,289,4,11772
96240,2016-12-18,09:07:00,363,2,7093
96241,2016-12-18,09:09:00,198,2,9700
96242,2016-12-18,09:11:00,96,1,10478
96243,2016-12-18,09:27:00,111,1,4121
96244,2016-12-18,09:29:00,373,6,8917
96245,2016-12-18,09:31:00,128,2,1702
96246,2016-12-18,09:38:00,147,1,10941
96247,2016-12-18,09:38:00,123,2,1120
96248,2016-12-18,09:46:00,402,1,4095
96249,2016-12-18,09:50:00,345,2,3371
96250,2016-12-18,09:51:00,369,2,4224
96251,2016-12-18,09:57:00,297,1,6852
96252,2016-12-18,10:00:00,187,2,5449
96253,2016-12-18,10:25:00,90,2,3414
96254,2016-12-18,10:33:00,13,2,11793
96255,2016-12-18,10:40:00,268,3,3016
96256,2016-12-18,10:47:00,167,1,11336
96257,2016-12-18,10:53:00,256,2,10342
96258,2016-12-18,10:56:00,348,2,724
96259,2016-12-18,11:07:00,261,3,3813
96260,2016-12-18,11:09:00,317,3,5163
96261,2016-12-18,11:12:00,438,2,5273
96262,2016-12-18,11:19:00,415,2,5222
96263,2016-12-18,11:27:00,399,1,3856
96264,2016-12-18,11:30:00,296,3,3765
96265,2016-12-18,11:32:00,361,2,3470
96266,2016-12-18,11:42:00,147,1,2479
96267,2016-12-18,11:43:00,251,2,3962
96268,2016-12-18,11:50:00,167,4,10901
96269,2016-12-18,11:57:00,80,1,2502
96270,2016-12-18,12:03:00,148,1,11392
96271,2016-12-18,12:08:00,11,2,5051
96272,2016-12-18,12:08:00,252,2,7240
96273,2016-12-18,12:17:00,65,3,3669
96274,2016-12-18,12:19:00,361,2,8892
96275,2016-12-18,12:26:00,167,2,8035
96276,2016-12-18,12:26:00,76,2,6136
96277,2016-12-18,12:31:00,1,3,13
96278,2016-12-18,12:39:00,453,2,4531
96279,2016-12-18,12:47:00,51,1,5979
96280,2016-12-18,12:53:00,334,3,2255
96281,2016-12-18,12:53:00,1,1,10100
96282,2016-12-18,13:24:00,286,1,5386
96283,2016-12-18,13:27:00,307,3,10074
96284,2016-12-18,13:40:00,393,2,2358
96285,2016-12-18,13:41:00,35,1,4667
96286,2016-12-18,13:59:00,431,3,26
96287,2016-12-18,14:00:00,72,1,10931
96288,2016-12-18,14:01:00,325,2,3769
96289,2016-12-18,14:02:00,243,3,5383
96290,2016-12-18,14:14:00,356,1,7575
96291,2016-12-18,14:17:00,316,2,3577
96292,2016-12-18,14:30:00,454,4,6142
96293,2016-12-18,14:30:00,93,1,1763
96294,2016-12-18,14:35:00,95,2,542
96295,2016-12-18,14:41:00,369,1,11383
96296,2016-12-18,14:42:00,113,3,3838
96297,2016-12-18,14:45:00,300,2,9562
96298,2016-12-18,14:48:00,198,1,5305
96299,2016-12-18,14:48:00,449,2,10738
96300,2016-12-18,14:51:00,81,2,9723
96301,2016-12-18,14:54:00,361,2,4531
96302,2016-12-18,15:00:00,317,3,5243
96303,2016-12-18,15:11:00,42,3,94
96304,2016-12-18,15:39:00,177,1,8020
96305,2016-12-18,15:41:00,1,2,6690
96306,2016-12-18,15:45:00,343,4,6231
96307,2016-12-18,16:10:00,452,4,3568
96308,2016-12-18,16:11:00,32,2,1064
96309,2016-12-18,16:12:00,281,3,1897
96310,2016-12-18,16:39:00,348,3,2612
96311,2016-12-18,16:47:00,315,3,1229
96312,2016-12-18,17:06:00,96,4,2234
96313,2016-12-18,17:16:00,232,1,1148
96314,2016-12-18,17:17:00,406,2,2315
96315,2016-12-18,17:20:00,81,2,4624
96316,2016-12-18,17:20:00,447,2,307
96317,2016-12-18,17:23:00,105,2,9545
96318,2016-12-18,17:23:00,337,1,3446
96319,2016-12-18,17:25:00,441,1,9841
96320,2016-12-18,17:26:00,159,1,4583
96321,2016-12-18,17:59:00,157,4,2915
96322,2016-12-18,18:04:00,83,3,5129
96323,2016-12-18,18:15:00,63,1,684
96324,2016-12-18,18:18:00,172,1,6387
96325,2016-12-18,18:19:00,352,2,5534
96326,2016-12-18,18:21:00,219,1,9698
96327,2016-12-18,18:26:00,177,1,5232
96328,2016-12-18,18:30:00,44,2,1612
96329,2016-12-18,18:33:00,212,2,6644
96330,2016-12-18,18:33:00,193,1,7696
96331,2016-12-18,18:38:00,6,1,1920
96332,2016-12-18,18:41:00,204,1,11760
96333,2016-12-18,18:43:00,424,3,9058
96334,2016-12-18,18:51:00,134,3,8001
96335,2016-12-18,18:54:00,172,3,2238
96336,2016-12-18,18:57:00,251,1,6509
96337,2016-12-18,19:01:00,5,3,7783
96338,2016-12-18,19:02:00,28,2,11145
96339,2016-12-18,19:07:00,458,2,8859
96340,2016-12-18,19:08:00,3,1,809
96341,2016-12-18,19:08:00,428,4,6902
96342,2016-12-18,19:09:00,265,2,1954
96343,2016-12-18,19:11:00,421,2,3918
96344,2016-12-18,19:24:00,131,1,6284
96345,2016-12-18,19:26:00,235,1,7245
96346,2016-12-18,19:27:00,314,4,10575
96347,2016-12-18,19:31:00,200,2,5116
96348,2016-12-18,19:34:00,347,1,10561
96349,2016-12-18,19:35:00,364,5,1283
96350,2016-12-18,19:36:00,269,1,4100
96351,2016-12-18,19:37:00,291,2,7100
96352,2016-12-18,19:47:00,433,2,10216
96353,2016-12-18,20:04:00,259,1,5281
96354,2016-12-18,20:07:00,65,3,3526
96355,2016-12-18,20:10:00,157,1,1383
96356,2016-12-18,20:12:00,174,2,15
96357,2016-12-18,20:19:00,222,3,3955
96358,2016-12-18,20:20:00,79,1,10158
96359,2016-12-18,20:25:00,388,4,4938
96360,2016-12-18,20:26:00,363,5,10852
96361,2016-12-18,20:27:00,27,3,4506
96362,2016-12-18,20:29:00,222,2,8262
96363,2016-12-18,20:30:00,246,1,2321
96364,2016-12-18,20:43:00,311,3,1344
96365,2016-12-18,20:44:00,288,1,6931
96366,2016-12-18,20:58:00,174,1,3072
96367,2016-12-18,21:05:00,278,2,6323
96368,2016-12-18,21:19:00,18,4,720
96369,2016-12-18,21:19:00,284,2,2958
96370,2016-12-18,21:21:00,196,1,5411
96371,2016-12-18,21:24:00,52,2,4901
96372,2016-12-18,21:28:00,25,1,3204
96373,2016-12-18,21:32:00,252,1,6517
96374,2016-12-18,21:37:00,176,2,3150
96375,2016-12-18,21:47:00,321,4,7288
96376,2016-12-18,21:56:00,392,2,2553
96377,2016-12-18,21:57:00,7,5,551
96378,2016-12-18,22:11:00,208,2,656
96379,2016-12-18,22:16:00,87,3,8392
96380,2016-12-18,22:20:00,384,2,8060
96381,2016-12-18,22:38:00,58,3,883
96382,2016-12-18,22:39:00,213,1,1401
96383,2016-12-18,22:45:00,369,3,8906
96384,2016-12-18,22:49:00,294,1,6392
96385,2016-12-18,22:51:00,69,1,1168
96386,2016-12-18,22:59:00,306,2,10755
96387,2016-12-18,23:03:00,206,2,7870
96388,2016-12-18,23:08:00,309,1,10572
96389,2016-12-18,23:11:00,241,2,7467
96390,2016-12-18,23:11:00,211,1,9456
96391,2016-12-18,23:12:00,108,2,6616
96392,2016-12-18,23:30:00,14,2,5754
96393,2016-12-18,23:32:00,201,1,3251
96394,2016-12-18,23:36:00,392,3,3914
96395,2016-12-18,23:42:00,347,2,475
96396,2016-12-18,23:43:00,390,1,5322
96397,2016-12-18,23:48:00,83,3,8592
96398,2016-12-18,23:50:00,14,1,7115
96399,2016-12-18,23:50:00,3,2,859
96400,2016-12-19,00:04:00,362,2,2612
96401,2016-12-19,00:09:00,326,4,11605
96402,2016-12-19,00:11:00,253,1,679
96403,2016-12-19,00:15:00,104,3,2309
96404,2016-12-19,00:23:00,70,3,4194
96405,2016-12-19,00:25:00,113,1,7187
96406,2016-12-19,00:37:00,211,2,10321
96407,2016-12-19,00:49:00,433,1,11220
96408,2016-12-19,00:49:00,207,1,8161
96409,2016-12-19,00:50:00,168,1,7592
96410,2016-12-19,00:50:00,141,2,11295
96411,2016-12-19,00:52:00,415,2,9218
96412,2016-12-19,00:57:00,334,3,9637
96413,2016-12-19,00:58:00,374,2,3585
96414,2016-12-19,00:59:00,430,2,11334
96415,2016-12-19,01:03:00,24,2,7731
96416,2016-12-19,01:41:00,387,2,11128
96417,2016-12-19,01:47:00,75,1,6985
96418,2016-12-19,01:58:00,276,2,968
96419,2016-12-19,02:07:00,176,2,10597
96420,2016-12-19,02:07:00,308,3,1133
96421,2016-12-19,02:16:00,97,2,10248
96422,2016-12-19,02:16:00,93,3,6679
96423,2016-12-19,02:21:00,73,1,5346
96424,2016-12-19,02:23:00,121,2,11863
96425,2016-12-19,02:32:00,364,1,10401
96426,2016-12-19,02:32:00,312,1,321
96427,2016-12-19,02:38:00,178,1,4489
96428,2016-12-19,02:42:00,25,1,9200
96429,2016-12-19,02:45:00,250,2,6214
96430,2016-12-19,02:50:00,286,1,721
96431,2016-12-19,02:56:00,222,4,2441
96432,2016-12-19,03:03:00,328,1,5599
96433,2016-12-19,03:08:00,73,1,7300
96434,2016-12-19,03:14:00,246,2,3005
96435,2016-12-19,03:21:00,395,1,7928
96436,2016-12-19,03:22:00,447,1,3304
96437,2016-12-19,03:25:00,415,2,5239
96438,2016-12-19,03:30:00,260,2,4187
96439,2016-12-19,03:41:00,272,2,7915
96440,2016-12-19,03:45:00,328,1,9915
96441,2016-12-19,03:49:00,173,2,4143
96442,2016-12-19,03:51:00,315,1,103
96443,2016-12-19,03:54:00,202,1,74
96444,2016-12-19,03:57:00,100,1,133
96445,2016-12-19,03:59:00,103,4,194
96446,2016-12-19,04:00:00,296,3,10856
96447,2016-12-19,04:03:00,103,2,1566
96448,2016-12-19,04:14:00,441,1,6512
96449,2016-12-19,04:17:00,84,3,7022
96450,2016-12-19,04:19:00,3,6,532
96451,2016-12-19,04:24:00,161,1,11129
96452,2016-12-19,04:34:00,219,2,9584
96453,2016-12-19,04:34:00,319,1,6773
96454,2016-12-19,04:36:00,65,1,4369
96455,2016-12-19,04:46:00,334,4,4243
96456,2016-12-19,04:53:00,24,1,10912
96457,2016-12-19,04:54:00,299,2,427
96458,2016-12-19,05:05:00,85,3,6091
96459,2016-12-19,05:12:00,312,3,10782
96460,2016-12-19,05:14:00,166,4,8551
96461,2016-12-19,05:21:00,85,1,4090
96462,2016-12-19,05:28:00,350,1,5142
96463,2016-12-19,05:35:00,174,1,2566
96464,2016-12-19,05:37:00,311,3,1227
96465,2016-12-19,05:38:00,454,2,1937
96466,2016-12-19,05:53:00,352,1,1726
96467,2016-12-19,05:53:00,222,2,6984
96468,2016-12-19,05:56:00,130,2,2105
96469,2016-12-19,06:00:00,188,1,1072
96470,2016-12-19,06:12:00,389,1,3162
96471,2016-12-19,06:14:00,113,1,1307
96472,2016-12-19,06:14:00,30,1,8437
96473,2016-12-19,06:19:00,105,1,4097
96474,2016-12-19,06:26:00,145,2,10233
96475,2016-12-19,06:28:00,446,1,4267
96476,2016-12-19,06:34:00,165,2,1341
96477,2016-12-19,06:36:00,246,1,216
96478,2016-12-19,06:43:00,317,1,1511
96479,2016-12-19,06:47:00,373,1,8599
96480,2016-12-19,06:51:00,336,5,4807
96481,2016-12-19,06:55:00,199,1,9860
96482,2016-12-19,06:59:00,101,2,9790
96483,2016-12-19,07:01:00,420,2,6558
96484,2016-12-19,07:06:00,224,1,5994
96485,2016-12-19,07:09:00,104,2,1582
96486,2016-12-19,07:20:00,26,1,3942
96487,2016-12-19,07:24:00,50,1,3941
96488,2016-12-19,07:31:00,291,1,3524
96489,2016-12-19,07:34:00,419,2,7346
96490,2016-12-19,07:35:00,441,1,4775
96491,2016-12-19,07:41:00,158,4,11213
96492,2016-12-19,07:48:00,56,2,2788
96493,2016-12-19,07:53:00,279,2,3015
96494,2016-12-19,07:55:00,77,1,11609
96495,2016-12-19,07:58:00,304,1,5879
96496,2016-12-19,07:59:00,90,2,4727
96497,2016-12-19,08:16:00,108,2,4143
96498,2016-12-19,08:16:00,137,1,10891
96499,2016-12-19,08:17:00,191,3,8128
96500,2016-12-19,08:19:00,355,2,6861
96501,2016-12-19,08:21:00,163,2,4007
96502,2016-12-19,08:22:00,133,2,5525
96503,2016-12-19,08:36:00,354,2,11843
96504,2016-12-19,08:41:00,339,3,10318
96505,2016-12-19,08:42:00,25,2,11886
96506,2016-12-19,08:44:00,324,1,3527
96507,2016-12-19,08:49:00,210,2,3044
96508,2016-12-19,08:54:00,395,2,39
96509,2016-12-19,08:55:00,291,1,1993
96510,2016-12-19,09:01:00,243,1,3916
96511,2016-12-19,09:01:00,360,2,7248
96512,2016-12-19,09:02:00,143,2,8813
96513,2016-12-19,09:04:00,331,1,40
96514,2016-12-19,09:17:00,174,4,946
96515,2016-12-19,09:19:00,189,2,3422
96516,2016-12-19,09:20:00,183,4,1731
96517,2016-12-19,09:22:00,357,3,5914
96518,2016-12-19,09:25:00,23,2,821
96519,2016-12-19,09:28:00,422,1,6807
96520,2016-12-19,09:47:00,328,1,11536
96521,2016-12-19,09:49:00,310,3,9489
96522,2016-12-19,09:53:00,342,1,6749
96523,2016-12-19,09:58:00,185,1,2395
96524,2016-12-19,10:01:00,12,1,7804
96525,2016-12-19,10:02:00,25,1,8272
96526,2016-12-19,10:10:00,184,3,293
96527,2016-12-19,10:13:00,454,2,9014
96528,2016-12-19,10:15:00,4,1,691
96529,2016-12-19,10:16:00,78,2,1729
96530,2016-12-19,10:28:00,337,1,3530
96531,2016-12-19,10:43:00,117,1,9670
96532,2016-12-19,10:44:00,272,3,5468
96533,2016-12-19,10:46:00,404,2,7180
96534,2016-12-19,10:47:00,372,1,416
96535,2016-12-19,10:50:00,290,2,2681
96536,2016-12-19,10:55:00,83,1,10307
96537,2016-12-19,10:59:00,241,3,614
96538,2016-12-19,11:06:00,192,1,3899
96539,2016-12-19,11:10:00,15,1,2414
96540,2016-12-19,11:11:00,187,4,8522
96541,2016-12-19,11:11:00,242,2,11252
96542,2016-12-19,11:12:00,136,1,5250
96543,2016-12-19,11:22:00,458,2,10748
96544,2016-12-19,11:22:00,126,2,5150
96545,2016-12-19,11:40:00,165,2,3491
96546,2016-12-19,11:48:00,169,2,4846
96547,2016-12-19,11:55:00,325,1,1543
96548,2016-12-19,12:01:00,208,1,567
96549,2016-12-19,12:07:00,154,1,6260
96550,2016-12-19,12:07:00,136,2,3050
96551,2016-12-19,12:12:00,457,3,559
96552,2016-12-19,12:17:00,381,1,8326
96553,2016-12-19,12:30:00,94,1,2734
96554,2016-12-19,12:33:00,18,2,10058
96555,2016-12-19,12:34:00,430,2,7505
96556,2016-12-19,12:34:00,397,1,5929
96557,2016-12-19,12:36:00,50,1,71
96558,2016-12-19,12:47:00,166,2,5473
96559,2016-12-19,12:47:00,328,1,10282
96560,2016-12-19,12:57:00,412,1,5484
96561,2016-12-19,12:58:00,140,4,6972
96562,2016-12-19,13:09:00,247,3,7577
96563,2016-12-19,13:16:00,376,3,5117
96564,2016-12-19,13:17:00,450,1,617
96565,2016-12-19,13:21:00,435,2,39
96566,2016-12-19,13:32:00,365,2,1786
96567,2016-12-19,13:38:00,190,2,2200
96568,2016-12-19,13:41:00,138,4,11767
96569,2016-12-19,13:44:00,78,1,4458
96570,2016-12-19,13:48:00,101,3,7412
96571,2016-12-19,14:00:00,300,2,7841
96572,2016-12-19,14:02:00,455,5,92
96573,2016-12-19,14:09:00,136,1,2564
96574,2016-12-19,14:10:00,15,1,3034
96575,2016-12-19,14:16:00,373,3,9458
96576,2016-12-19,14:18:00,231,3,1097
96577,2016-12-19,14:19:00,37,2,6073
96578,2016-12-19,14:23:00,138,1,10889
96579,2016-12-19,14:25:00,425,3,2958
96580,2016-12-19,14:34:00,335,3,8876
96581,2016-12-19,14:38:00,122,3,761
96582,2016-12-19,14:39:00,376,1,9796
96583,2016-12-19,14:40:00,94,1,7862
96584,2016-12-19,14:43:00,49,4,676
96585,2016-12-19,14:47:00,153,3,7957
96586,2016-12-19,14:52:00,338,2,2299
96587,2016-12-19,14:52:00,216,3,4273
96588,2016-12-19,14:53:00,375,2,11775
96589,2016-12-19,14:55:00,100,2,1962
96590,2016-12-19,14:58:00,16,1,7484
96591,2016-12-19,15:00:00,174,2,4171
96592,2016-12-19,15:13:00,415,2,1018
96593,2016-12-19,15:15:00,454,5,961
96594,2016-12-19,15:22:00,304,1,8341
96595,2016-12-19,15:39:00,284,1,2273
96596,2016-12-19,15:40:00,381,1,11983
96597,2016-12-19,15:41:00,57,2,11898
96598,2016-12-19,15:44:00,53,2,11435
96599,2016-12-19,15:49:00,246,1,1144
96600,2016-12-19,16:01:00,305,1,11446
96601,2016-12-19,16:14:00,183,4,7989
96602,2016-12-19,16:22:00,147,3,3632
96603,2016-12-19,16:28:00,405,2,7667
96604,2016-12-19,16:29:00,193,2,4326
96605,2016-12-19,16:36:00,240,1,1581
96606,2016-12-19,16:36:00,415,4,9076
96607,2016-12-19,16:46:00,155,2,2152
96608,2016-12-19,16:52:00,402,1,9477
96609,2016-12-19,16:57:00,204,4,8753
96610,2016-12-19,16:59:00,284,2,8937
96611,2016-12-19,17:18:00,418,1,9695
96612,2016-12-19,17:28:00,102,1,5872
96613,2016-12-19,17:28:00,282,3,11524
96614,2016-12-19,17:29:00,72,3,10288
96615,2016-12-19,17:36:00,136,1,5695
96616,2016-12-19,17:40:00,179,2,263
96617,2016-12-19,17:44:00,86,2,2746
96618,2016-12-19,17:45:00,360,2,10734
96619,2016-12-19,17:47:00,56,2,4793
96620,2016-12-19,17:56:00,319,4,1592
96621,2016-12-19,17:58:00,111,3,9905
96622,2016-12-19,18:03:00,146,1,2116
96623,2016-12-19,18:10:00,172,2,9462
96624,2016-12-19,18:11:00,20,1,1121
96625,2016-12-19,18:18:00,156,4,6513
96626,2016-12-19,18:24:00,424,1,4897
96627,2016-12-19,18:34:00,59,1,3987
96628,2016-12-19,18:40:00,131,1,6460
96629,2016-12-19,18:40:00,137,2,7398
96630,2016-12-19,18:44:00,381,2,11143
96631,2016-12-19,18:59:00,436,1,4417
96632,2016-12-19,19:01:00,400,1,7279
96633,2016-12-19,19:01:00,91,1,5969
96634,2016-12-19,19:02:00,68,1,10798
96635,2016-12-19,19:10:00,127,1,7453
96636,2016-12-19,19:18:00,374,1,8364
96637,2016-12-19,19:22:00,408,1,7218
96638,2016-12-19,19:23:00,222,3,9615
96639,2016-12-19,19:26:00,382,1,7177
96640,2016-12-19,19:31:00,105,2,84
96641,2016-12-19,19:33:00,157,1,4226
96642,2016-12-19,19:34:00,38,1,639
96643,2016-12-19,19:36:00,330,2,663
96644,2016-12-19,19:40:00,325,2,10454
96645,2016-12-19,19:58:00,282,1,10332
96646,2016-12-19,20:07:00,31,2,7617
96647,2016-12-19,20:09:00,236,2,700
96648,2016-12-19,20:13:00,274,2,9957
96649,2016-12-19,20:22:00,132,2,11372
96650,2016-12-19,20:32:00,281,1,7126
96651,2016-12-19,20:38:00,65,4,11116
96652,2016-12-19,20:42:00,277,2,5205
96653,2016-12-19,20:47:00,436,1,3692
96654,2016-12-19,20:50:00,376,2,6658
96655,2016-12-19,20:51:00,381,1,7896
96656,2016-12-19,21:03:00,398,1,5116
96657,2016-12-19,21:07:00,457,2,3240
96658,2016-12-19,21:08:00,140,1,6077
96659,2016-12-19,21:27:00,26,2,5048
96660,2016-12-19,21:29:00,431,2,10849
96661,2016-12-19,21:36:00,213,3,8752
96662,2016-12-19,21:49:00,207,2,4054
96663,2016-12-19,21:51:00,317,2,8059
96664,2016-12-19,22:01:00,6,1,2129
96665,2016-12-19,22:05:00,130,2,1476
96666,2016-12-19,22:16:00,400,1,9956
96667,2016-12-19,22:25:00,268,2,10560
96668,2016-12-19,22:43:00,211,1,4250
96669,2016-12-19,22:49:00,335,1,11470
96670,2016-12-19,22:53:00,282,2,8329
96671,2016-12-19,22:56:00,209,2,1632
96672,2016-12-19,22:58:00,84,1,2301
96673,2016-12-19,23:09:00,131,2,7281
96674,2016-12-19,23:14:00,218,3,3946
96675,2016-12-19,23:24:00,148,1,4773
96676,2016-12-19,23:33:00,368,3,5699
96677,2016-12-19,23:36:00,45,2,8043
96678,2016-12-19,23:42:00,235,1,2562
96679,2016-12-19,23:47:00,185,2,7051
96680,2016-12-19,23:59:00,64,1,10184
96681,2016-12-20,00:06:00,412,4,10203
96682,2016-12-20,00:07:00,318,1,11685
96683,2016-12-20,00:09:00,448,1,10714
96684,2016-12-20,00:16:00,143,1,8776
96685,2016-12-20,00:17:00,214,2,2201
96686,2016-12-20,00:19:00,66,4,947
96687,2016-12-20,00:31:00,198,2,343
96688,2016-12-20,00:45:00,424,2,5891
96689,2016-12-20,00:53:00,276,2,6165
96690,2016-12-20,01:05:00,265,3,4776
96691,2016-12-20,01:18:00,66,1,281
96692,2016-12-20,01:20:00,99,2,10019
96693,2016-12-20,01:23:00,370,3,1772
96694,2016-12-20,01:24:00,456,1,9628
96695,2016-12-20,01:25:00,5,3,10657
96696,2016-12-20,01:29:00,148,2,6167
96697,2016-12-20,01:42:00,106,1,11129
96698,2016-12-20,01:42:00,313,1,5970
96699,2016-12-20,01:51:00,427,3,6216
96700,2016-12-20,01:54:00,161,3,2156
96701,2016-12-20,01:55:00,389,1,1984
96702,2016-12-20,02:03:00,150,3,11608
96703,2016-12-20,02:06:00,60,2,8469
96704,2016-12-20,02:08:00,449,1,9448
96705,2016-12-20,02:13:00,28,2,8791
96706,2016-12-20,02:15:00,201,1,8115
96707,2016-12-20,02:29:00,79,4,5640
96708,2016-12-20,02:30:00,62,1,3849
96709,2016-12-20,02:42:00,230,2,3095
96710,2016-12-20,02:46:00,19,2,9203
96711,2016-12-20,02:55:00,163,1,2903
96712,2016-12-20,02:57:00,174,1,4916
96713,2016-12-20,02:59:00,230,2,6376
96714,2016-12-20,03:03:00,171,1,10845
96715,2016-12-20,03:10:00,275,2,3735
96716,2016-12-20,03:12:00,127,1,4804
96717,2016-12-20,03:15:00,78,3,6685
96718,2016-12-20,03:19:00,361,1,11002
96719,2016-12-20,03:20:00,63,1,3312
96720,2016-12-20,03:25:00,458,1,1294
96721,2016-12-20,03:36:00,49,2,8252
96722,2016-12-20,03:45:00,347,1,5450
96723,2016-12-20,03:47:00,46,2,3845
96724,2016-12-20,03:51:00,364,2,6155
96725,2016-12-20,03:53:00,314,1,3173
96726,2016-12-20,04:09:00,362,3,8039
96727,2016-12-20,04:10:00,10,5,2615
96728,2016-12-20,04:12:00,183,1,3591
96729,2016-12-20,04:15:00,148,2,6799
96730,2016-12-20,04:20:00,19,2,9411
96731,2016-12-20,04:20:00,59,1,3892
96732,2016-12-20,04:26:00,432,1,4523
96733,2016-12-20,04:26:00,407,1,4669
96734,2016-12-20,04:26:00,135,2,2918
96735,2016-12-20,04:31:00,192,2,8164
96736,2016-12-20,04:37:00,192,3,5832
96737,2016-12-20,04:45:00,131,1,7098
96738,2016-12-20,04:55:00,3,3,4570
96739,2016-12-20,05:01:00,283,3,11262
96740,2016-12-20,05:03:00,126,4,2965
96741,2016-12-20,05:16:00,32,2,8770
96742,2016-12-20,05:30:00,280,2,1430
96743,2016-12-20,05:32:00,164,2,8698
96744,2016-12-20,05:38:00,346,5,7344
96745,2016-12-20,05:39:00,415,3,10288
96746,2016-12-20,05:47:00,113,3,2741
96747,2016-12-20,06:00:00,211,2,4065
96748,2016-12-20,06:01:00,255,2,6011
96749,2016-12-20,06:05:00,208,3,10064
96750,2016-12-20,06:09:00,230,3,2898
96751,2016-12-20,06:09:00,261,2,1686
96752,2016-12-20,06:10:00,174,1,9482
96753,2016-12-20,06:17:00,13,2,9436
96754,2016-12-20,06:27:00,391,2,10366
96755,2016-12-20,06:34:00,134,2,9841
96756,2016-12-20,06:42:00,372,1,9340
96757,2016-12-20,06:44:00,374,3,4990
96758,2016-12-20,06:52:00,70,3,6944
96759,2016-12-20,07:06:00,17,3,6132
96760,2016-12-20,07:11:00,292,3,11456
96761,2016-12-20,07:16:00,408,2,9755
96762,2016-12-20,07:18:00,216,2,4158
96763,2016-12-20,07:19:00,183,2,2899
96764,2016-12-20,07:20:00,314,1,2221
96765,2016-12-20,07:23:00,53,1,1934
96766,2016-12-20,07:26:00,48,1,3303
96767,2016-12-20,07:36:00,311,2,6112
96768,2016-12-20,07:38:00,332,3,6721
96769,2016-12-20,07:41:00,74,4,3113
96770,2016-12-20,07:46:00,341,2,1064
96771,2016-12-20,07:57:00,405,1,1583
96772,2016-12-20,08:11:00,162,3,7554
96773,2016-12-20,08:23:00,307,1,2128
96774,2016-12-20,08:33:00,128,1,57
96775,2016-12-20,08:34:00,181,1,11828
96776,2016-12-20,08:36:00,70,1,6246
96777,2016-12-20,08:36:00,229,2,4037
96778,2016-12-20,08:50:00,402,3,6892
96779,2016-12-20,08:52:00,291,1,1628
96780,2016-12-20,08:57:00,23,2,2095
96781,2016-12-20,08:59:00,429,2,11486
96782,2016-12-20,09:04:00,369,2,2698
96783,2016-12-20,09:14:00,309,2,4289
96784,2016-12-20,09:14:00,98,2,634
96785,2016-12-20,09:24:00,226,3,5178
96786,2016-12-20,09:24:00,239,2,2608
96787,2016-12-20,09:26:00,355,1,3240
96788,2016-12-20,09:29:00,361,1,757
96789,2016-12-20,09:40:00,160,1,4862
96790,2016-12-20,09:43:00,48,2,8611
96791,2016-12-20,09:46:00,300,3,5990
96792,2016-12-20,09:47:00,42,2,482
96793,2016-12-20,09:52:00,204,4,9150
96794,2016-12-20,09:53:00,188,3,9397
96795,2016-12-20,09:56:00,137,3,4181
96796,2016-12-20,09:59:00,128,2,10699
96797,2016-12-20,10:03:00,90,1,9109
96798,2016-12-20,10:06:00,206,3,3527
96799,2016-12-20,10:09:00,321,1,10216
96800,2016-12-20,10:15:00,387,3,5675
96801,2016-12-20,10:20:00,79,2,10167
96802,2016-12-20,10:23:00,306,3,3030
96803,2016-12-20,10:27:00,131,1,3919
96804,2016-12-20,10:35:00,246,1,2374
96805,2016-12-20,10:40:00,250,2,1277
96806,2016-12-20,10:41:00,211,1,309
96807,2016-12-20,10:42:00,280,1,117
96808,2016-12-20,10:43:00,253,1,9463
96809,2016-12-20,10:45:00,312,1,1852
96810,2016-12-20,10:45:00,17,1,10413
96811,2016-12-20,10:47:00,37,1,9371
96812,2016-12-20,10:48:00,97,1,4714
96813,2016-12-20,10:49:00,90,1,10508
96814,2016-12-20,10:52:00,167,2,6964
96815,2016-12-20,10:59:00,38,1,7861
96816,2016-12-20,11:10:00,151,1,8556
96817,2016-12-20,11:11:00,246,1,9608
96818,2016-12-20,11:13:00,123,2,9165
96819,2016-12-20,11:20:00,281,1,8099
96820,2016-12-20,11:22:00,177,2,10723
96821,2016-12-20,11:24:00,14,1,2884
96822,2016-12-20,11:31:00,230,1,4318
96823,2016-12-20,11:41:00,451,4,2397
96824,2016-12-20,11:50:00,307,3,183
96825,2016-12-20,12:03:00,324,2,3997
96826,2016-12-20,12:04:00,58,1,4673
96827,2016-12-20,12:11:00,330,2,9906
96828,2016-12-20,12:13:00,286,1,7116
96829,2016-12-20,12:24:00,411,2,641
96830,2016-12-20,12:31:00,55,2,4761
96831,2016-12-20,12:31:00,88,1,10230
96832,2016-12-20,12:33:00,429,2,6722
96833,2016-12-20,12:39:00,4,3,5423
96834,2016-12-20,12:41:00,20,3,2616
96835,2016-12-20,12:51:00,445,1,2716
96836,2016-12-20,13:06:00,247,2,10362
96837,2016-12-20,13:07:00,434,1,3407
96838,2016-12-20,13:07:00,403,1,11288
96839,2016-12-20,13:12:00,76,2,10368
96840,2016-12-20,13:23:00,101,2,3833
96841,2016-12-20,13:27:00,35,2,1068
96842,2016-12-20,13:31:00,168,1,8910
96843,2016-12-20,13:31:00,349,1,4048
96844,2016-12-20,13:40:00,440,1,5404
96845,2016-12-20,13:48:00,273,4,9875
96846,2016-12-20,13:57:00,366,1,6069
96847,2016-12-20,14:01:00,370,3,8252
96848,2016-12-20,14:03:00,234,1,11584
96849,2016-12-20,14:08:00,31,1,2771
96850,2016-12-20,14:13:00,327,2,8273
96851,2016-12-20,14:28:00,299,1,10794
96852,2016-12-20,14:29:00,248,1,7367
96853,2016-12-20,14:44:00,393,3,7193
96854,2016-12-20,14:51:00,127,3,11437
96855,2016-12-20,14:55:00,427,3,8313
96856,2016-12-20,14:57:00,94,1,8108
96857,2016-12-20,14:57:00,321,1,9968
96858,2016-12-20,14:57:00,68,2,7906
96859,2016-12-20,14:57:00,445,2,3355
96860,2016-12-20,15:05:00,399,1,5792
96861,2016-12-20,15:12:00,409,1,9614
96862,2016-12-20,15:14:00,428,1,4790
96863,2016-12-20,15:15:00,278,2,2859
96864,2016-12-20,15:22:00,387,1,4748
96865,2016-12-20,15:24:00,52,2,7501
96866,2016-12-20,15:29:00,238,1,10540
96867,2016-12-20,15:32:00,179,3,1560
96868,2016-12-20,15:53:00,401,1,5935
96869,2016-12-20,15:58:00,379,1,11192
96870,2016-12-20,16:00:00,264,1,2807
96871,2016-12-20,16:04:00,62,1,3509
96872,2016-12-20,16:05:00,83,2,3103
96873,2016-12-20,16:17:00,186,2,10439
96874,2016-12-20,16:20:00,103,1,5176
96875,2016-12-20,16:21:00,370,2,4750
96876,2016-12-20,16:41:00,284,3,8294
96877,2016-12-20,16:42:00,342,2,7641
96878,2016-12-20,16:50:00,370,1,8630
96879,2016-12-20,17:07:00,342,2,1515
96880,2016-12-20,17:10:00,266,1,9610
96881,2016-12-20,17:10:00,214,3,5813
96882,2016-12-20,17:14:00,105,2,960
96883,2016-12-20,17:15:00,279,2,8022
96884,2016-12-20,17:19:00,369,1,493
96885,2016-12-20,17:20:00,25,2,685
96886,2016-12-20,17:28:00,222,2,1170
96887,2016-12-20,17:35:00,444,2,3319
96888,2016-12-20,17:38:00,33,2,6698
96889,2016-12-20,17:39:00,36,2,7862
96890,2016-12-20,17:41:00,142,2,10386
96891,2016-12-20,17:47:00,13,2,765
96892,2016-12-20,17:49:00,145,2,5209
96893,2016-12-20,17:52:00,152,1,7623
96894,2016-12-20,18:03:00,206,2,4717
96895,2016-12-20,18:07:00,264,1,5898
96896,2016-12-20,18:13:00,330,1,4919
96897,2016-12-20,18:14:00,324,1,10872
96898,2016-12-20,18:15:00,212,3,5371
96899,2016-12-20,18:16:00,82,2,3182
96900,2016-12-20,18:20:00,96,2,7041
96901,2016-12-20,18:22:00,196,1,668
96902,2016-12-20,18:23:00,137,1,4453
96903,2016-12-20,18:25:00,103,2,3318
96904,2016-12-20,18:30:00,54,2,4570
96905,2016-12-20,18:36:00,431,1,11207
96906,2016-12-20,18:38:00,90,1,5885
96907,2016-12-20,18:39:00,265,2,3183
96908,2016-12-20,18:46:00,43,2,3771
96909,2016-12-20,19:01:00,182,1,2928
96910,2016-12-20,19:06:00,103,4,7905
96911,2016-12-20,19:15:00,372,1,678
96912,2016-12-20,19:15:00,10,2,6627
96913,2016-12-20,19:19:00,177,2,9843
96914,2016-12-20,19:32:00,214,1,6043
96915,2016-12-20,19:41:00,434,2,1425
96916,2016-12-20,19:45:00,450,2,4150
96917,2016-12-20,19:46:00,162,1,3801
96918,2016-12-20,19:51:00,189,1,4067
96919,2016-12-20,19:52:00,152,3,1839
96920,2016-12-20,19:53:00,278,1,6625
96921,2016-12-20,19:54:00,126,1,10661
96922,2016-12-20,19:57:00,298,1,5338
96923,2016-12-20,19:58:00,376,3,6053
96924,2016-12-20,19:59:00,13,1,2091
96925,2016-12-20,20:07:00,377,2,10305
96926,2016-12-20,20:15:00,369,3,5055
96927,2016-12-20,20:19:00,296,2,8065
96928,2016-12-20,20:20:00,265,2,9538
96929,2016-12-20,20:21:00,446,3,3515
96930,2016-12-20,20:27:00,400,1,1720
96931,2016-12-20,20:28:00,93,2,3641
96932,2016-12-20,20:28:00,422,1,1178
96933,2016-12-20,20:36:00,85,2,3517
96934,2016-12-20,20:41:00,370,2,613
96935,2016-12-20,20:47:00,402,3,3195
96936,2016-12-20,20:58:00,138,2,9212
96937,2016-12-20,21:00:00,62,2,2286
96938,2016-12-20,21:03:00,326,1,9787
96939,2016-12-20,21:07:00,275,2,3976
96940,2016-12-20,21:09:00,10,2,2297
96941,2016-12-20,21:09:00,325,2,2881
96942,2016-12-20,21:11:00,19,2,5977
96943,2016-12-20,21:13:00,48,1,4018
96944,2016-12-20,21:17:00,79,2,5723
96945,2016-12-20,21:25:00,101,4,6720
96946,2016-12-20,21:27:00,131,3,9456
96947,2016-12-20,21:29:00,254,1,5745
96948,2016-12-20,21:33:00,70,2,2731
96949,2016-12-20,21:45:00,230,2,6517
96950,2016-12-20,21:54:00,85,1,447
96951,2016-12-20,22:03:00,142,1,11582
96952,2016-12-20,22:17:00,55,2,8726
96953,2016-12-20,22:19:00,413,1,11809
96954,2016-12-20,22:21:00,333,1,5000
96955,2016-12-20,22:27:00,67,2,3662
96956,2016-12-20,22:30:00,374,1,5488
96957,2016-12-20,22:31:00,314,3,2158
96958,2016-12-20,22:39:00,49,3,8889
96959,2016-12-20,22:40:00,243,1,2168
96960,2016-12-20,22:40:00,240,2,5244
96961,2016-12-20,22:45:00,368,1,11171
96962,2016-12-20,22:47:00,269,2,5203
96963,2016-12-20,22:49:00,89,2,8673
96964,2016-12-20,22:50:00,105,2,11785
96965,2016-12-20,22:57:00,349,1,5019
96966,2016-12-20,23:09:00,232,3,10847
96967,2016-12-20,23:15:00,254,3,7950
96968,2016-12-20,23:24:00,114,3,7126
96969,2016-12-20,23:29:00,347,3,9364
96970,2016-12-20,23:32:00,352,1,8924
96971,2016-12-20,23:37:00,386,3,3109
96972,2016-12-20,23:45:00,48,3,4267
96973,2016-12-20,23:48:00,26,4,7564
96974,2016-12-20,23:58:00,243,2,8661
96975,2016-12-20,23:59:00,241,1,7359
96976,2016-12-21,00:01:00,373,3,5384
96977,2016-12-21,00:10:00,166,1,4966
96978,2016-12-21,00:13:00,92,2,572
96979,2016-12-21,00:25:00,102,1,4694
96980,2016-12-21,00:27:00,294,3,421
96981,2016-12-21,00:28:00,83,1,10960
96982,2016-12-21,00:45:00,175,2,10458
96983,2016-12-21,00:53:00,279,1,2889
96984,2016-12-21,00:58:00,299,2,2783
96985,2016-12-21,01:01:00,185,2,9888
96986,2016-12-21,01:02:00,357,2,8342
96987,2016-12-21,01:05:00,62,1,7755
96988,2016-12-21,01:15:00,383,2,696
96989,2016-12-21,01:24:00,285,3,4995
96990,2016-12-21,01:28:00,200,4,3785
96991,2016-12-21,01:28:00,393,2,6097
96992,2016-12-21,01:36:00,358,2,8211
96993,2016-12-21,01:52:00,12,1,10421
96994,2016-12-21,01:57:00,433,1,3015
96995,2016-12-21,02:00:00,107,2,2947
96996,2016-12-21,02:03:00,29,2,11696
96997,2016-12-21,02:04:00,302,2,3594
96998,2016-12-21,02:10:00,211,4,974
96999,2016-12-21,02:11:00,80,4,2675
97000,2016-12-21,02:14:00,124,1,7167
97001,2016-12-21,02:23:00,364,2,10638
97002,2016-12-21,02:25:00,226,2,7228
97003,2016-12-21,02:26:00,34,4,5396
97004,2016-12-21,02:26:00,321,2,7120
97005,2016-12-21,02:29:00,295,3,2230
97006,2016-12-21,02:30:00,162,2,8284
97007,2016-12-21,02:34:00,2,2,7468
97008,2016-12-21,02:39:00,42,2,6596
97009,2016-12-21,02:43:00,250,1,7847
97010,2016-12-21,02:46:00,153,2,1169
97011,2016-12-21,02:50:00,443,1,3881
97012,2016-12-21,03:00:00,85,1,9245
97013,2016-12-21,03:04:00,135,4,10521
97014,2016-12-21,03:18:00,285,5,9949
97015,2016-12-21,03:20:00,243,3,2271
97016,2016-12-21,03:28:00,20,4,1522
97017,2016-12-21,03:29:00,230,1,4063
97018,2016-12-21,03:38:00,418,1,5661
97019,2016-12-21,03:38:00,95,2,6867
97020,2016-12-21,03:42:00,444,2,65
97021,2016-12-21,03:45:00,110,3,691
97022,2016-12-21,03:46:00,87,1,4056
97023,2016-12-21,03:50:00,155,2,3843
97024,2016-12-21,03:58:00,199,4,10307
97025,2016-12-21,04:15:00,192,1,5998
97026,2016-12-21,04:16:00,267,3,6208
97027,2016-12-21,04:22:00,56,3,11589
97028,2016-12-21,04:23:00,73,2,1088
97029,2016-12-21,04:31:00,32,1,1839
97030,2016-12-21,04:36:00,347,1,1311
97031,2016-12-21,04:39:00,53,2,173
97032,2016-12-21,04:53:00,125,2,1112
97033,2016-12-21,04:54:00,129,3,3240
97034,2016-12-21,05:03:00,254,2,8024
97035,2016-12-21,05:04:00,83,1,3064
97036,2016-12-21,05:15:00,165,1,4430
97037,2016-12-21,05:19:00,231,2,9270
97038,2016-12-21,05:22:00,98,2,6842
97039,2016-12-21,05:31:00,30,1,9661
97040,2016-12-21,05:47:00,69,3,8825
97041,2016-12-21,05:52:00,107,1,3185
97042,2016-12-21,05:58:00,438,2,7753
97043,2016-12-21,05:58:00,393,3,11740
97044,2016-12-21,06:00:00,207,3,9885
97045,2016-12-21,06:03:00,151,2,387
97046,2016-12-21,06:05:00,243,2,803
97047,2016-12-21,06:08:00,177,2,2643
97048,2016-12-21,06:15:00,119,3,1288
97049,2016-12-21,06:17:00,173,2,4856
97050,2016-12-21,06:17:00,240,1,7240
97051,2016-12-21,06:17:00,230,1,6001
97052,2016-12-21,06:23:00,287,1,3212
97053,2016-12-21,06:37:00,412,1,8925
97054,2016-12-21,06:37:00,441,1,9865
97055,2016-12-21,06:41:00,191,2,10919
97056,2016-12-21,06:41:00,280,2,4749
97057,2016-12-21,06:43:00,116,3,1434
97058,2016-12-21,06:57:00,425,1,469
97059,2016-12-21,07:00:00,336,3,6995
97060,2016-12-21,07:15:00,203,2,6619
97061,2016-12-21,07:30:00,284,3,4009
97062,2016-12-21,07:31:00,397,2,5324
97063,2016-12-21,07:33:00,403,1,8972
97064,2016-12-21,07:34:00,92,1,5712
97065,2016-12-21,07:51:00,408,1,4252
97066,2016-12-21,07:56:00,193,2,2012
97067,2016-12-21,08:06:00,243,1,11798
97068,2016-12-21,08:12:00,414,3,9322
97069,2016-12-21,08:14:00,27,3,9281
97070,2016-12-21,08:15:00,144,2,1043
97071,2016-12-21,08:21:00,290,1,5137
97072,2016-12-21,08:22:00,261,2,2718
97073,2016-12-21,08:22:00,62,1,7430
97074,2016-12-21,08:26:00,101,3,3787
97075,2016-12-21,08:43:00,352,1,9069
97076,2016-12-21,08:44:00,456,1,3339
97077,2016-12-21,08:45:00,174,1,4784
97078,2016-12-21,08:53:00,91,1,11831
97079,2016-12-21,08:59:00,8,2,4149
97080,2016-12-21,09:01:00,235,1,4271
97081,2016-12-21,09:15:00,449,3,5423
97082,2016-12-21,09:19:00,104,1,5420
97083,2016-12-21,09:27:00,261,2,4013
97084,2016-12-21,09:28:00,194,2,10886
97085,2016-12-21,09:31:00,84,2,10742
97086,2016-12-21,09:39:00,218,2,6626
97087,2016-12-21,09:43:00,209,1,11386
97088,2016-12-21,09:56:00,270,2,8301
97089,2016-12-21,09:57:00,243,4,5966
97090,2016-12-21,10:00:00,96,1,10650
97091,2016-12-21,10:15:00,391,1,4798
97092,2016-12-21,10:18:00,277,1,11582
97093,2016-12-21,10:18:00,344,2,6051
97094,2016-12-21,10:23:00,342,1,42
97095,2016-12-21,10:24:00,434,3,7501
97096,2016-12-21,10:25:00,311,2,4853
97097,2016-12-21,10:29:00,451,3,4132
97098,2016-12-21,10:44:00,115,2,3621
97099,2016-12-21,10:49:00,123,1,6416
97100,2016-12-21,10:50:00,108,1,8298
97101,2016-12-21,10:52:00,326,2,11639
97102,2016-12-21,11:00:00,210,1,3728
97103,2016-12-21,11:04:00,27,3,7712
97104,2016-12-21,11:04:00,139,2,10424
97105,2016-12-21,11:12:00,389,3,11459
97106,2016-12-21,11:33:00,454,3,8162
97107,2016-12-21,11:36:00,63,1,3163
97108,2016-12-21,11:45:00,59,3,7598
97109,2016-12-21,11:47:00,361,1,3361
97110,2016-12-21,11:49:00,221,3,857
97111,2016-12-21,12:03:00,162,6,4918
97112,2016-12-21,12:06:00,29,2,3917
97113,2016-12-21,12:07:00,77,2,5076
97114,2016-12-21,12:10:00,149,4,9668
97115,2016-12-21,12:12:00,226,1,8900
97116,2016-12-21,12:20:00,232,1,4435
97117,2016-12-21,12:27:00,127,2,1464
97118,2016-12-21,12:34:00,410,3,4614
97119,2016-12-21,12:41:00,315,2,6429
97120,2016-12-21,12:42:00,416,2,3247
97121,2016-12-21,12:48:00,446,2,3737
97122,2016-12-21,12:49:00,11,1,2336
97123,2016-12-21,12:52:00,288,1,8648
97124,2016-12-21,12:57:00,229,3,6205
97125,2016-12-21,13:09:00,344,1,6449
97126,2016-12-21,13:21:00,35,1,3974
97127,2016-12-21,13:26:00,255,1,3561
97128,2016-12-21,13:32:00,324,1,4296
97129,2016-12-21,13:34:00,157,3,966
97130,2016-12-21,13:36:00,336,1,7485
97131,2016-12-21,13:37:00,148,3,3494
97132,2016-12-21,13:41:00,285,3,6370
97133,2016-12-21,13:47:00,7,2,9731
97134,2016-12-21,13:55:00,79,1,3768
97135,2016-12-21,14:00:00,266,2,4483
97136,2016-12-21,14:09:00,447,2,364
97137,2016-12-21,14:16:00,430,1,8832
97138,2016-12-21,14:18:00,66,3,5145
97139,2016-12-21,14:20:00,142,4,10680
97140,2016-12-21,14:24:00,44,3,1452
97141,2016-12-21,14:28:00,157,3,6615
97142,2016-12-21,14:42:00,106,2,3907
97143,2016-12-21,14:45:00,225,3,11516
97144,2016-12-21,14:51:00,30,1,11753
97145,2016-12-21,14:53:00,288,1,6561
97146,2016-12-21,14:59:00,75,2,2474
97147,2016-12-21,15:04:00,350,2,9714
97148,2016-12-21,15:13:00,416,3,3686
97149,2016-12-21,15:18:00,423,3,11140
97150,2016-12-21,15:24:00,294,1,9115
97151,2016-12-21,15:25:00,67,1,4110
97152,2016-12-21,15:26:00,273,3,10287
97153,2016-12-21,15:29:00,87,3,1719
97154,2016-12-21,15:32:00,375,1,6140
97155,2016-12-21,15:35:00,248,1,4569
97156,2016-12-21,15:39:00,287,1,8408
97157,2016-12-21,15:41:00,261,2,7394
97158,2016-12-21,15:52:00,129,3,2500
97159,2016-12-21,15:56:00,14,1,2970
97160,2016-12-21,16:01:00,456,3,11498
97161,2016-12-21,16:02:00,346,1,1177
97162,2016-12-21,16:12:00,27,3,6570
97163,2016-12-21,16:13:00,2,3,10180
97164,2016-12-21,16:24:00,215,1,3445
97165,2016-12-21,16:32:00,296,2,4981
97166,2016-12-21,16:34:00,118,2,11818
97167,2016-12-21,16:39:00,360,1,8019
97168,2016-12-21,16:49:00,290,4,4058
97169,2016-12-21,16:49:00,218,2,9423
97170,2016-12-21,17:00:00,396,2,8856
97171,2016-12-21,17:01:00,412,2,3491
97172,2016-12-21,17:15:00,458,1,1386
97173,2016-12-21,17:15:00,9,2,8978
97174,2016-12-21,17:19:00,28,2,6837
97175,2016-12-21,17:23:00,33,1,1954
97176,2016-12-21,17:29:00,384,2,9364
97177,2016-12-21,17:30:00,115,3,7893
97178,2016-12-21,17:35:00,387,3,6713
97179,2016-12-21,17:44:00,153,4,11437
97180,2016-12-21,17:47:00,55,1,7975
97181,2016-12-21,17:49:00,130,1,2266
97182,2016-12-21,17:58:00,41,3,112
97183,2016-12-21,18:02:00,396,3,9287
97184,2016-12-21,18:05:00,230,2,979
97185,2016-12-21,18:07:00,98,3,11249
97186,2016-12-21,18:13:00,36,1,5844
97187,2016-12-21,18:21:00,95,1,8401
97188,2016-12-21,18:27:00,217,4,11166
97189,2016-12-21,18:28:00,190,2,1815
97190,2016-12-21,18:34:00,258,2,3991
97191,2016-12-21,18:37:00,252,3,5670
97192,2016-12-21,18:38:00,409,1,11844
97193,2016-12-21,18:46:00,381,5,3516
97194,2016-12-21,18:49:00,409,2,2733
97195,2016-12-21,18:50:00,237,1,8982
97196,2016-12-21,18:50:00,211,1,11517
97197,2016-12-21,18:51:00,324,1,2862
97198,2016-12-21,18:54:00,447,1,7203
97199,2016-12-21,18:57:00,54,2,7215
97200,2016-12-21,19:00:00,194,1,603
97201,2016-12-21,19:02:00,176,1,10647
97202,2016-12-21,19:03:00,154,3,2684
97203,2016-12-21,19:07:00,186,1,2732
97204,2016-12-21,19:08:00,334,1,5096
97205,2016-12-21,19:08:00,203,2,8043
97206,2016-12-21,19:15:00,414,1,8479
97207,2016-12-21,19:17:00,293,3,421
97208,2016-12-21,19:20:00,358,2,6595
97209,2016-12-21,19:28:00,99,3,7571
97210,2016-12-21,19:31:00,106,2,6778
97211,2016-12-21,19:32:00,433,3,6328
97212,2016-12-21,19:33:00,102,3,4194
97213,2016-12-21,19:37:00,218,2,4368
97214,2016-12-21,19:43:00,2,1,8814
97215,2016-12-21,19:49:00,377,2,8286
97216,2016-12-21,19:50:00,64,1,4343
97217,2016-12-21,19:50:00,437,1,2660
97218,2016-12-21,19:50:00,144,3,7447
97219,2016-12-21,19:54:00,283,1,2291
97220,2016-12-21,19:58:00,15,1,3367
97221,2016-12-21,19:59:00,414,1,7295
97222,2016-12-21,20:00:00,438,2,9853
97223,2016-12-21,20:04:00,440,3,364
97224,2016-12-21,20:06:00,380,1,7619
97225,2016-12-21,20:10:00,122,1,776
97226,2016-12-21,20:11:00,105,4,1620
97227,2016-12-21,20:12:00,342,2,3090
97228,2016-12-21,20:34:00,128,3,3027
97229,2016-12-21,20:42:00,15,2,6846
97230,2016-12-21,20:43:00,262,2,2590
97231,2016-12-21,20:55:00,284,2,11719
97232,2016-12-21,21:12:00,62,3,309
97233,2016-12-21,21:19:00,283,2,3769
97234,2016-12-21,21:22:00,43,1,125
97235,2016-12-21,21:24:00,178,2,6447
97236,2016-12-21,21:24:00,68,2,7723
97237,2016-12-21,21:26:00,289,4,2712
97238,2016-12-21,21:30:00,135,4,8256
97239,2016-12-21,21:36:00,35,2,9045
97240,2016-12-21,21:39:00,191,2,8971
97241,2016-12-21,21:49:00,217,2,598
97242,2016-12-21,21:53:00,184,2,8546
97243,2016-12-21,21:53:00,438,1,10034
97244,2016-12-21,21:56:00,251,3,2807
97245,2016-12-21,21:57:00,4,1,7991
97246,2016-12-21,22:01:00,149,3,8540
97247,2016-12-21,22:06:00,8,1,5004
97248,2016-12-21,22:17:00,170,3,7925
97249,2016-12-21,22:28:00,29,1,8731
97250,2016-12-21,22:29:00,416,2,7141
97251,2016-12-21,22:32:00,27,1,5953
97252,2016-12-21,22:37:00,239,2,11117
97253,2016-12-21,22:39:00,423,3,7509
97254,2016-12-21,22:41:00,221,3,6500
97255,2016-12-21,22:45:00,30,3,766
97256,2016-12-21,22:51:00,169,1,11232
97257,2016-12-21,22:59:00,242,1,10286
97258,2016-12-21,23:00:00,395,1,5732
97259,2016-12-21,23:21:00,163,1,10504
97260,2016-12-21,23:22:00,361,2,10391
97261,2016-12-21,23:39:00,49,3,1662
97262,2016-12-21,23:44:00,351,1,6892
97263,2016-12-21,23:51:00,114,2,1062
97264,2016-12-21,23:58:00,20,3,5237
97265,2016-12-22,00:13:00,166,2,11613
97266,2016-12-22,00:16:00,74,2,132
97267,2016-12-22,00:18:00,452,2,5769
97268,2016-12-22,00:20:00,388,3,10529
97269,2016-12-22,00:20:00,269,1,5506
97270,2016-12-22,00:26:00,235,1,5548
97271,2016-12-22,00:29:00,159,1,317
97272,2016-12-22,00:46:00,248,1,6055
97273,2016-12-22,00:46:00,116,2,5269
97274,2016-12-22,00:59:00,373,2,9376
97275,2016-12-22,01:04:00,212,1,6818
97276,2016-12-22,01:18:00,222,1,10528
97277,2016-12-22,01:25:00,236,2,557
97278,2016-12-22,01:28:00,269,2,4030
97279,2016-12-22,01:29:00,78,1,6509
97280,2016-12-22,01:39:00,351,1,6968
97281,2016-12-22,01:42:00,21,2,2488
97282,2016-12-22,01:45:00,362,1,1200
97283,2016-12-22,01:46:00,192,3,5511
97284,2016-12-22,01:47:00,244,1,2434
97285,2016-12-22,01:52:00,412,2,1035
97286,2016-12-22,02:00:00,114,1,3716
97287,2016-12-22,02:15:00,384,1,211
97288,2016-12-22,02:19:00,340,2,9898
97289,2016-12-22,02:29:00,156,2,10385
97290,2016-12-22,02:37:00,382,2,3797
97291,2016-12-22,02:38:00,206,3,6347
97292,2016-12-22,02:41:00,84,3,10634
97293,2016-12-22,02:49:00,333,2,6046
97294,2016-12-22,02:55:00,118,1,11851
97295,2016-12-22,03:01:00,424,1,9087
97296,2016-12-22,03:04:00,177,4,5837
97297,2016-12-22,03:14:00,21,2,10410
97298,2016-12-22,03:23:00,385,3,1623
97299,2016-12-22,03:33:00,163,1,8861
97300,2016-12-22,03:34:00,105,2,2997
97301,2016-12-22,03:37:00,337,1,6232
97302,2016-12-22,03:50:00,2,2,5318
97303,2016-12-22,04:02:00,234,2,6296
97304,2016-12-22,04:17:00,227,2,4361
97305,2016-12-22,04:24:00,38,1,8055
97306,2016-12-22,04:29:00,14,2,8748
97307,2016-12-22,04:36:00,124,3,2848
97308,2016-12-22,04:39:00,226,3,8846
97309,2016-12-22,04:42:00,367,3,5052
97310,2016-12-22,04:45:00,169,3,5760
97311,2016-12-22,04:52:00,62,3,1944
97312,2016-12-22,04:55:00,239,5,7721
97313,2016-12-22,05:00:00,391,2,4830
97314,2016-12-22,05:13:00,409,1,663
97315,2016-12-22,05:21:00,378,4,4114
97316,2016-12-22,05:24:00,79,1,6170
97317,2016-12-22,05:31:00,95,2,2180
97318,2016-12-22,05:32:00,95,1,6777
97319,2016-12-22,05:40:00,365,2,5483
97320,2016-12-22,05:41:00,375,1,6447
97321,2016-12-22,05:48:00,457,2,8780
97322,2016-12-22,05:59:00,90,1,9517
97323,2016-12-22,06:00:00,267,2,1091
97324,2016-12-22,06:01:00,4,1,7610
97325,2016-12-22,06:01:00,296,2,1884
97326,2016-12-22,06:11:00,31,3,11764
97327,2016-12-22,06:14:00,54,1,3580
97328,2016-12-22,06:18:00,333,1,4372
97329,2016-12-22,06:20:00,353,1,8979
97330,2016-12-22,06:33:00,87,1,5393
97331,2016-12-22,06:39:00,102,1,4699
97332,2016-12-22,06:45:00,128,2,956
97333,2016-12-22,06:50:00,456,4,2056
97334,2016-12-22,06:54:00,32,3,2426
97335,2016-12-22,06:57:00,344,1,9487
97336,2016-12-22,07:02:00,264,2,11994
97337,2016-12-22,07:05:00,403,3,10547
97338,2016-12-22,07:05:00,272,1,9186
97339,2016-12-22,07:11:00,54,1,2041
97340,2016-12-22,07:15:00,327,2,6179
97341,2016-12-22,07:17:00,256,1,8915
97342,2016-12-22,07:22:00,374,3,2302
97343,2016-12-22,07:36:00,224,3,10067
97344,2016-12-22,07:39:00,110,3,395
97345,2016-12-22,07:40:00,226,1,170
97346,2016-12-22,07:45:00,171,4,10482
97347,2016-12-22,07:55:00,267,2,4828
97348,2016-12-22,07:58:00,29,1,11126
97349,2016-12-22,08:03:00,296,1,9233
97350,2016-12-22,08:03:00,207,3,2548
97351,2016-12-22,08:04:00,385,2,2646
97352,2016-12-22,08:17:00,131,3,3803
97353,2016-12-22,08:24:00,287,1,4741
97354,2016-12-22,08:25:00,137,2,5769
97355,2016-12-22,08:25:00,279,1,2798
97356,2016-12-22,08:27:00,334,1,1801
97357,2016-12-22,08:29:00,50,3,2908
97358,2016-12-22,08:36:00,139,1,1135
97359,2016-12-22,08:40:00,147,1,6182
97360,2016-12-22,08:44:00,61,2,3624
97361,2016-12-22,08:44:00,241,1,9432
97362,2016-12-22,09:19:00,182,3,6222
97363,2016-12-22,09:34:00,376,1,4753
97364,2016-12-22,09:35:00,436,3,4510
97365,2016-12-22,09:41:00,387,2,10644
97366,2016-12-22,09:44:00,390,1,8424
97367,2016-12-22,09:46:00,335,1,2683
97368,2016-12-22,09:47:00,25,2,425
97369,2016-12-22,09:51:00,420,1,4881
97370,2016-12-22,09:52:00,211,3,766
97371,2016-12-22,09:56:00,445,1,8574
97372,2016-12-22,09:57:00,177,2,6578
97373,2016-12-22,10:01:00,357,3,8340
97374,2016-12-22,10:01:00,343,1,9612
97375,2016-12-22,10:19:00,144,3,10353
97376,2016-12-22,10:24:00,247,1,2185
97377,2016-12-22,10:26:00,223,2,9936
97378,2016-12-22,10:26:00,22,2,6615
97379,2016-12-22,10:33:00,52,2,7244
97380,2016-12-22,10:34:00,144,2,1459
97381,2016-12-22,10:37:00,246,2,9788
97382,2016-12-22,10:39:00,30,1,829
97383,2016-12-22,10:40:00,263,5,10263
97384,2016-12-22,10:47:00,176,1,5630
97385,2016-12-22,10:52:00,192,2,6435
97386,2016-12-22,10:54:00,28,1,5087
97387,2016-12-22,10:59:00,24,2,269
97388,2016-12-22,11:02:00,56,1,10200
97389,2016-12-22,11:06:00,86,2,2648
97390,2016-12-22,11:12:00,223,4,403
97391,2016-12-22,11:27:00,10,2,10668
97392,2016-12-22,11:29:00,72,2,1530
97393,2016-12-22,11:30:00,348,2,9554
97394,2016-12-22,11:34:00,317,2,6936
97395,2016-12-22,11:43:00,431,1,907
97396,2016-12-22,11:44:00,350,2,9788
97397,2016-12-22,12:03:00,51,3,3611
97398,2016-12-22,12:13:00,199,3,2328
97399,2016-12-22,12:22:00,222,4,9379
97400,2016-12-22,12:24:00,403,2,6215
97401,2016-12-22,12:30:00,170,1,6620
97402,2016-12-22,12:35:00,31,1,5888
97403,2016-12-22,12:39:00,224,2,9607
97404,2016-12-22,12:43:00,389,3,5463
97405,2016-12-22,12:45:00,13,3,3151
97406,2016-12-22,12:48:00,151,2,91
97407,2016-12-22,12:49:00,166,1,11668
97408,2016-12-22,12:54:00,411,3,10977
97409,2016-12-22,12:56:00,17,2,8175
97410,2016-12-22,13:12:00,414,1,9892
97411,2016-12-22,13:13:00,117,2,4081
97412,2016-12-22,13:17:00,129,3,2205
97413,2016-12-22,13:21:00,297,2,7239
97414,2016-12-22,13:27:00,333,2,5129
97415,2016-12-22,13:29:00,23,1,1218
97416,2016-12-22,13:38:00,229,1,11572
97417,2016-12-22,13:41:00,1,1,7527
97418,2016-12-22,13:49:00,356,2,10861
97419,2016-12-22,13:52:00,243,1,7869
97420,2016-12-22,13:55:00,425,2,11210
97421,2016-12-22,14:06:00,185,3,10514
97422,2016-12-22,14:06:00,312,4,10853
97423,2016-12-22,14:17:00,293,2,985
97424,2016-12-22,14:20:00,88,1,7527
97425,2016-12-22,14:38:00,423,1,10265
97426,2016-12-22,14:39:00,68,2,1869
97427,2016-12-22,14:40:00,60,3,1866
97428,2016-12-22,14:52:00,242,1,7781
97429,2016-12-22,14:54:00,75,1,3264
97430,2016-12-22,15:00:00,219,2,3335
97431,2016-12-22,15:05:00,371,1,10583
97432,2016-12-22,15:16:00,354,2,2000
97433,2016-12-22,15:19:00,55,3,2610
97434,2016-12-22,15:27:00,191,3,10702
97435,2016-12-22,15:28:00,378,1,8828
97436,2016-12-22,15:31:00,373,2,10378
97437,2016-12-22,15:31:00,428,1,6518
97438,2016-12-22,15:35:00,425,1,3402
97439,2016-12-22,15:45:00,156,3,1988
97440,2016-12-22,15:47:00,139,2,10496
97441,2016-12-22,15:51:00,89,1,8820
97442,2016-12-22,15:53:00,206,3,8556
97443,2016-12-22,16:07:00,87,2,2503
97444,2016-12-22,16:16:00,80,2,11405
97445,2016-12-22,16:18:00,361,2,1738
97446,2016-12-22,16:20:00,291,2,2102
97447,2016-12-22,16:30:00,295,3,8090
97448,2016-12-22,16:33:00,374,2,8848
97449,2016-12-22,16:36:00,164,1,10415
97450,2016-12-22,16:50:00,388,3,7213
97451,2016-12-22,16:56:00,24,2,4573
97452,2016-12-22,16:58:00,244,4,348
97453,2016-12-22,16:59:00,308,3,865
97454,2016-12-22,17:00:00,283,1,9692
97455,2016-12-22,17:07:00,154,1,51
97456,2016-12-22,17:08:00,247,2,7788
97457,2016-12-22,17:13:00,266,1,9734
97458,2016-12-22,17:13:00,228,2,4188
97459,2016-12-22,17:14:00,62,2,5893
97460,2016-12-22,17:21:00,84,1,2582
97461,2016-12-22,17:28:00,105,4,2546
97462,2016-12-22,17:33:00,106,2,5288
97463,2016-12-22,18:06:00,2,3,1502
97464,2016-12-22,18:13:00,245,2,5921
97465,2016-12-22,18:18:00,49,2,8988
97466,2016-12-22,18:20:00,428,1,178
97467,2016-12-22,18:23:00,415,1,1957
97468,2016-12-22,18:23:00,402,2,9201
97469,2016-12-22,18:32:00,454,1,9911
97470,2016-12-22,18:40:00,311,2,8330
97471,2016-12-22,18:55:00,24,2,4634
97472,2016-12-22,19:01:00,279,2,2460
97473,2016-12-22,19:02:00,89,3,12000
97474,2016-12-22,19:04:00,238,3,8654
97475,2016-12-22,19:05:00,143,2,5337
97476,2016-12-22,19:09:00,360,3,5690
97477,2016-12-22,19:24:00,432,4,9476
97478,2016-12-22,19:26:00,230,2,3686
97479,2016-12-22,19:30:00,68,3,2432
97480,2016-12-22,19:32:00,96,2,4049
97481,2016-12-22,19:46:00,80,2,6817
97482,2016-12-22,19:49:00,68,1,2213
97483,2016-12-22,20:00:00,413,2,100
97484,2016-12-22,20:02:00,53,2,9100
97485,2016-12-22,20:06:00,14,2,4150
97486,2016-12-22,20:07:00,225,3,4715
97487,2016-12-22,20:08:00,358,3,10605
97488,2016-12-22,20:12:00,52,1,3428
97489,2016-12-22,20:15:00,123,1,3060
97490,2016-12-22,20:16:00,452,2,7468
97491,2016-12-22,20:17:00,130,2,10059
97492,2016-12-22,20:26:00,247,2,878
97493,2016-12-22,20:29:00,308,1,2849
97494,2016-12-22,20:42:00,415,1,7959
97495,2016-12-22,20:43:00,45,2,10010
97496,2016-12-22,20:49:00,83,2,2598
97497,2016-12-22,20:53:00,13,4,4486
97498,2016-12-22,20:53:00,323,2,10235
97499,2016-12-22,20:56:00,380,3,1777
97500,2016-12-22,21:03:00,173,1,6954
97501,2016-12-22,21:05:00,357,1,926
97502,2016-12-22,21:13:00,192,2,9100
97503,2016-12-22,21:18:00,383,1,8421
97504,2016-12-22,21:22:00,193,1,2354
97505,2016-12-22,21:26:00,327,1,1936
97506,2016-12-22,21:34:00,404,4,4885
97507,2016-12-22,21:48:00,184,3,6008
97508,2016-12-22,21:50:00,36,2,3951
97509,2016-12-22,21:55:00,189,6,1394
97510,2016-12-22,22:03:00,266,2,6384
97511,2016-12-22,22:10:00,59,1,9691
97512,2016-12-22,22:15:00,137,1,9573
97513,2016-12-22,22:19:00,25,2,1548
97514,2016-12-22,22:19:00,114,3,6993
97515,2016-12-22,22:20:00,419,1,11227
97516,2016-12-22,22:21:00,328,1,373
97517,2016-12-22,22:26:00,448,1,11352
97518,2016-12-22,22:29:00,317,2,2933
97519,2016-12-22,22:31:00,149,2,10433
97520,2016-12-22,22:32:00,5,1,1991
97521,2016-12-22,22:38:00,176,2,545
97522,2016-12-22,22:39:00,313,2,1527
97523,2016-12-22,22:40:00,26,4,3463
97524,2016-12-22,22:40:00,374,2,4641
97525,2016-12-22,22:43:00,47,1,10645
97526,2016-12-22,22:45:00,419,1,181
97527,2016-12-22,22:53:00,121,1,9536
97528,2016-12-22,23:01:00,235,2,143
97529,2016-12-22,23:02:00,20,2,6101
97530,2016-12-22,23:16:00,326,2,9231
97531,2016-12-22,23:19:00,225,2,11157
97532,2016-12-22,23:20:00,117,2,11597
97533,2016-12-22,23:33:00,447,1,4138
97534,2016-12-22,23:38:00,316,1,8746
97535,2016-12-23,00:06:00,309,1,9077
97536,2016-12-23,00:09:00,62,4,9185
97537,2016-12-23,00:15:00,70,2,664
97538,2016-12-23,00:16:00,4,2,9596
97539,2016-12-23,00:22:00,31,2,5374
97540,2016-12-23,00:36:00,389,3,10888
97541,2016-12-23,00:42:00,201,2,957
97542,2016-12-23,00:46:00,331,1,11379
97543,2016-12-23,00:54:00,262,1,6116
97544,2016-12-23,00:55:00,150,1,8995
97545,2016-12-23,00:58:00,429,1,9543
97546,2016-12-23,01:02:00,354,1,3169
97547,2016-12-23,01:06:00,452,1,2925
97548,2016-12-23,01:11:00,456,5,3955
97549,2016-12-23,01:14:00,188,2,5917
97550,2016-12-23,01:16:00,159,1,6600
97551,2016-12-23,01:22:00,365,3,2272
97552,2016-12-23,01:29:00,388,2,4827
97553,2016-12-23,01:30:00,89,1,54
97554,2016-12-23,01:31:00,246,2,10898
97555,2016-12-23,01:39:00,182,3,5483
97556,2016-12-23,01:40:00,248,3,1080
97557,2016-12-23,01:41:00,4,2,6557
97558,2016-12-23,01:45:00,264,1,1958
97559,2016-12-23,01:46:00,235,3,10351
97560,2016-12-23,01:50:00,235,1,4919
97561,2016-12-23,01:53:00,183,4,1418
97562,2016-12-23,01:56:00,192,2,11451
97563,2016-12-23,01:59:00,343,6,6671
97564,2016-12-23,02:00:00,78,1,3882
97565,2016-12-23,02:04:00,175,1,4944
97566,2016-12-23,02:08:00,294,1,8069
97567,2016-12-23,02:33:00,445,1,3346
97568,2016-12-23,02:35:00,323,1,7204
97569,2016-12-23,02:40:00,285,2,11505
97570,2016-12-23,02:41:00,262,2,8283
97571,2016-12-23,02:49:00,276,2,9125
97572,2016-12-23,02:54:00,255,5,6800
97573,2016-12-23,02:57:00,457,3,938
97574,2016-12-23,02:58:00,255,2,7728
97575,2016-12-23,03:15:00,143,4,11343
97576,2016-12-23,03:23:00,13,1,7741
97577,2016-12-23,03:27:00,200,1,6837
97578,2016-12-23,03:28:00,409,1,6860
97579,2016-12-23,03:32:00,224,3,9367
97580,2016-12-23,03:32:00,173,3,9197
97581,2016-12-23,03:34:00,14,1,6026
97582,2016-12-23,03:34:00,80,1,7069
97583,2016-12-23,03:37:00,84,4,10429
97584,2016-12-23,03:46:00,129,3,6936
97585,2016-12-23,03:54:00,444,2,7588
97586,2016-12-23,04:00:00,236,4,10028
97587,2016-12-23,04:15:00,125,4,2982
97588,2016-12-23,04:18:00,273,3,1867
97589,2016-12-23,04:18:00,387,1,9596
97590,2016-12-23,04:24:00,300,4,10743
97591,2016-12-23,04:26:00,145,1,7055
97592,2016-12-23,04:34:00,438,1,5464
97593,2016-12-23,04:34:00,436,1,3341
97594,2016-12-23,04:48:00,263,1,9787
97595,2016-12-23,04:49:00,57,3,4126
97596,2016-12-23,04:51:00,342,2,11484
97597,2016-12-23,04:56:00,290,3,9011
97598,2016-12-23,05:02:00,203,1,3136
97599,2016-12-23,05:03:00,11,2,4886
97600,2016-12-23,05:05:00,415,3,8006
97601,2016-12-23,05:06:00,199,2,1226
97602,2016-12-23,05:15:00,97,1,6270
97603,2016-12-23,05:21:00,88,1,4151
97604,2016-12-23,05:34:00,347,3,9702
97605,2016-12-23,05:41:00,280,1,8482
97606,2016-12-23,05:44:00,72,1,4009
97607,2016-12-23,05:49:00,71,3,9261
97608,2016-12-23,06:27:00,103,3,3238
97609,2016-12-23,06:32:00,442,3,4225
97610,2016-12-23,06:34:00,95,2,8922
97611,2016-12-23,06:38:00,230,1,8676
97612,2016-12-23,06:53:00,140,1,10679
97613,2016-12-23,06:58:00,215,2,5175
97614,2016-12-23,07:08:00,206,1,9551
97615,2016-12-23,07:20:00,82,2,4955
97616,2016-12-23,07:23:00,420,2,7606
97617,2016-12-23,07:28:00,285,2,10074
97618,2016-12-23,07:30:00,102,3,6306
97619,2016-12-23,07:36:00,458,2,6392
97620,2016-12-23,07:41:00,270,5,11551
97621,2016-12-23,07:42:00,73,2,9037
97622,2016-12-23,08:08:00,357,1,5248
97623,2016-12-23,08:09:00,120,2,6957
97624,2016-12-23,08:14:00,156,1,10370
97625,2016-12-23,08:14:00,281,3,5717
97626,2016-12-23,08:18:00,448,2,10938
97627,2016-12-23,08:19:00,342,3,5463
97628,2016-12-23,08:21:00,311,3,6913
97629,2016-12-23,08:21:00,376,1,8780
97630,2016-12-23,08:22:00,161,5,4726
97631,2016-12-23,08:22:00,205,2,1095
97632,2016-12-23,08:29:00,353,2,10943
97633,2016-12-23,08:39:00,384,2,1563
97634,2016-12-23,08:41:00,249,2,10447
97635,2016-12-23,08:45:00,180,2,9731
97636,2016-12-23,08:47:00,297,3,9960
97637,2016-12-23,08:56:00,397,2,2700
97638,2016-12-23,08:59:00,168,1,9973
97639,2016-12-23,09:05:00,121,1,4971
97640,2016-12-23,09:05:00,39,2,100
97641,2016-12-23,09:10:00,197,1,1165
97642,2016-12-23,09:15:00,211,3,10166
97643,2016-12-23,09:16:00,389,2,3584
97644,2016-12-23,09:19:00,441,2,6904
97645,2016-12-23,09:22:00,346,2,10621
97646,2016-12-23,09:24:00,215,4,3289
97647,2016-12-23,09:26:00,2,2,6727
97648,2016-12-23,09:30:00,38,3,560
97649,2016-12-23,09:42:00,30,2,2993
97650,2016-12-23,09:43:00,18,2,10797
97651,2016-12-23,09:46:00,252,2,1314
97652,2016-12-23,09:49:00,84,2,2588
97653,2016-12-23,10:02:00,5,2,4780
97654,2016-12-23,10:03:00,203,1,8748
97655,2016-12-23,10:04:00,438,3,9345
97656,2016-12-23,10:05:00,251,2,9566
97657,2016-12-23,10:13:00,301,1,5849
97658,2016-12-23,10:23:00,37,1,400
97659,2016-12-23,10:26:00,185,3,9911
97660,2016-12-23,10:29:00,118,1,11734
97661,2016-12-23,10:30:00,108,2,2754
97662,2016-12-23,10:33:00,56,1,6112
97663,2016-12-23,10:38:00,65,2,1864
97664,2016-12-23,10:59:00,118,1,9182
97665,2016-12-23,11:01:00,363,3,6849
97666,2016-12-23,11:12:00,426,3,10352
97667,2016-12-23,11:24:00,339,1,495
97668,2016-12-23,11:27:00,96,3,8206
97669,2016-12-23,11:29:00,253,3,11938
97670,2016-12-23,11:33:00,321,2,4807
97671,2016-12-23,11:36:00,53,2,3119
97672,2016-12-23,11:38:00,433,1,7060
97673,2016-12-23,11:49:00,291,1,262
97674,2016-12-23,11:51:00,258,2,7814
97675,2016-12-23,11:59:00,414,3,2002
97676,2016-12-23,12:01:00,2,2,5362
97677,2016-12-23,12:03:00,156,1,479
97678,2016-12-23,12:04:00,368,2,4462
97679,2016-12-23,12:09:00,321,1,2025
97680,2016-12-23,12:10:00,325,2,7551
97681,2016-12-23,12:14:00,319,2,9044
97682,2016-12-23,12:15:00,400,2,6147
97683,2016-12-23,12:26:00,440,5,6507
97684,2016-12-23,12:28:00,441,1,8687
97685,2016-12-23,12:29:00,104,1,6656
97686,2016-12-23,12:40:00,204,3,3819
97687,2016-12-23,13:06:00,78,3,7551
97688,2016-12-23,13:08:00,176,2,3893
97689,2016-12-23,13:14:00,121,1,7252
97690,2016-12-23,13:20:00,167,1,10779
97691,2016-12-23,13:28:00,23,2,3230
97692,2016-12-23,13:30:00,309,1,4357
97693,2016-12-23,13:34:00,77,1,2284
97694,2016-12-23,13:40:00,344,1,1334
97695,2016-12-23,13:48:00,230,2,3619
97696,2016-12-23,13:54:00,198,2,2869
97697,2016-12-23,14:00:00,433,3,7876
97698,2016-12-23,14:09:00,109,1,9136
97699,2016-12-23,14:15:00,380,1,10048
97700,2016-12-23,14:21:00,415,2,8132
97701,2016-12-23,14:22:00,8,1,219
97702,2016-12-23,14:22:00,230,3,11000
97703,2016-12-23,14:25:00,233,4,9355
97704,2016-12-23,14:27:00,392,2,11189
97705,2016-12-23,14:30:00,272,3,9937
97706,2016-12-23,14:37:00,250,1,3972
97707,2016-12-23,14:41:00,41,2,1382
97708,2016-12-23,14:42:00,414,1,8451
97709,2016-12-23,14:58:00,381,4,1936
97710,2016-12-23,15:01:00,187,1,9221
97711,2016-12-23,15:07:00,104,2,2077
97712,2016-12-23,15:25:00,189,4,2700
97713,2016-12-23,15:33:00,26,3,6978
97714,2016-12-23,15:47:00,78,1,2412
97715,2016-12-23,15:51:00,58,4,4454
97716,2016-12-23,15:51:00,431,1,8790
97717,2016-12-23,16:02:00,54,2,6612
97718,2016-12-23,16:05:00,43,2,9953
97719,2016-12-23,16:05:00,436,1,7784
97720,2016-12-23,16:08:00,412,3,9395
97721,2016-12-23,16:09:00,265,1,2485
97722,2016-12-23,16:13:00,362,4,928
97723,2016-12-23,16:29:00,237,2,1161
97724,2016-12-23,16:31:00,238,1,9737
97725,2016-12-23,16:42:00,135,5,10117
97726,2016-12-23,16:46:00,244,1,8075
97727,2016-12-23,16:48:00,402,1,4895
97728,2016-12-23,16:50:00,54,1,7590
97729,2016-12-23,16:52:00,247,2,490
97730,2016-12-23,16:52:00,64,1,10985
97731,2016-12-23,16:53:00,334,1,10743
97732,2016-12-23,16:57:00,37,2,9691
97733,2016-12-23,16:59:00,256,2,5005
97734,2016-12-23,17:15:00,37,4,4731
97735,2016-12-23,17:17:00,7,2,9702
97736,2016-12-23,17:28:00,225,2,9372
97737,2016-12-23,17:30:00,108,4,542
97738,2016-12-23,17:30:00,145,3,9054
97739,2016-12-23,17:35:00,18,2,11729
97740,2016-12-23,17:43:00,12,4,4484
97741,2016-12-23,17:45:00,103,3,55
97742,2016-12-23,17:46:00,148,3,5051
97743,2016-12-23,17:54:00,13,1,4041
97744,2016-12-23,18:04:00,457,2,6870
97745,2016-12-23,18:07:00,415,1,7502
97746,2016-12-23,18:07:00,27,2,3019
97747,2016-12-23,18:12:00,440,2,4342
97748,2016-12-23,18:42:00,342,2,7936
97749,2016-12-23,18:44:00,346,1,7996
97750,2016-12-23,18:47:00,432,1,11512
97751,2016-12-23,18:49:00,74,1,4581
97752,2016-12-23,18:53:00,49,2,8832
97753,2016-12-23,18:56:00,149,5,11855
97754,2016-12-23,18:59:00,219,2,5154
97755,2016-12-23,19:00:00,351,3,8606
97756,2016-12-23,19:04:00,2,2,7039
97757,2016-12-23,19:04:00,179,4,10581
97758,2016-12-23,19:06:00,174,1,200
97759,2016-12-23,19:09:00,79,1,3856
97760,2016-12-23,19:10:00,405,2,8260
97761,2016-12-23,19:19:00,423,2,3584
97762,2016-12-23,19:25:00,316,4,7464
97763,2016-12-23,19:31:00,271,1,1376
97764,2016-12-23,19:47:00,137,2,10259
97765,2016-12-23,19:50:00,347,2,5146
97766,2016-12-23,19:59:00,149,1,8756
97767,2016-12-23,20:11:00,348,3,3477
97768,2016-12-23,20:16:00,235,3,2648
97769,2016-12-23,20:18:00,254,2,10015
97770,2016-12-23,20:18:00,169,2,11780
97771,2016-12-23,20:19:00,110,2,7636
97772,2016-12-23,20:19:00,80,1,4469
97773,2016-12-23,20:23:00,385,1,4397
97774,2016-12-23,20:32:00,419,3,8057
97775,2016-12-23,20:40:00,148,3,9232
97776,2016-12-23,20:41:00,321,1,2795
97777,2016-12-23,20:41:00,456,1,8700
97778,2016-12-23,20:47:00,15,1,3422
97779,2016-12-23,20:54:00,346,3,3473
97780,2016-12-23,21:07:00,63,2,574
97781,2016-12-23,21:20:00,147,2,1627
97782,2016-12-23,21:25:00,167,1,9121
97783,2016-12-23,21:47:00,168,4,7254
97784,2016-12-23,21:53:00,239,2,5394
97785,2016-12-23,21:56:00,10,3,2773
97786,2016-12-23,22:01:00,331,3,10646
97787,2016-12-23,22:04:00,73,3,1376
97788,2016-12-23,22:09:00,351,1,6151
97789,2016-12-23,22:11:00,64,3,8410
97790,2016-12-23,22:24:00,199,2,7002
97791,2016-12-23,22:26:00,148,1,4616
97792,2016-12-23,22:30:00,186,4,9697
97793,2016-12-23,22:31:00,455,1,10646
97794,2016-12-23,22:48:00,453,3,6347
97795,2016-12-23,22:56:00,272,4,10570
97796,2016-12-23,23:05:00,338,3,2948
97797,2016-12-23,23:07:00,327,3,4737
97798,2016-12-23,23:08:00,345,1,11267
97799,2016-12-23,23:11:00,356,2,11356
97800,2016-12-23,23:11:00,186,1,4582
97801,2016-12-23,23:14:00,193,1,7172
97802,2016-12-23,23:20:00,43,1,8031
97803,2016-12-23,23:25:00,296,2,9174
97804,2016-12-23,23:27:00,280,2,4672
97805,2016-12-23,23:39:00,42,1,10140
97806,2016-12-23,23:52:00,159,1,9254
97807,2016-12-23,23:53:00,426,4,3684
97808,2016-12-24,00:07:00,270,2,11873
97809,2016-12-24,00:09:00,365,1,5747
97810,2016-12-24,00:13:00,129,3,3249
97811,2016-12-24,00:16:00,319,2,523
97812,2016-12-24,00:30:00,385,1,8633
97813,2016-12-24,00:32:00,102,3,1028
97814,2016-12-24,00:41:00,447,2,237
97815,2016-12-24,00:43:00,433,2,3406
97816,2016-12-24,00:45:00,395,1,11448
97817,2016-12-24,00:50:00,50,2,7764
97818,2016-12-24,00:50:00,83,2,7471
97819,2016-12-24,00:50:00,385,2,4836
97820,2016-12-24,00:51:00,424,2,6488
97821,2016-12-24,00:57:00,455,3,5286
97822,2016-12-24,01:01:00,138,2,6157
97823,2016-12-24,01:06:00,102,1,3899
97824,2016-12-24,01:08:00,445,4,4666
97825,2016-12-24,01:14:00,301,2,11483
97826,2016-12-24,01:15:00,414,3,2221
97827,2016-12-24,01:17:00,273,2,5972
97828,2016-12-24,01:20:00,378,2,1265
97829,2016-12-24,01:24:00,280,5,11148
97830,2016-12-24,01:30:00,438,2,4023
97831,2016-12-24,01:31:00,237,4,4181
97832,2016-12-24,01:44:00,78,3,1972
97833,2016-12-24,01:47:00,371,1,11338
97834,2016-12-24,01:52:00,265,1,3779
97835,2016-12-24,02:05:00,228,2,6303
97836,2016-12-24,02:08:00,272,1,4105
97837,2016-12-24,02:11:00,146,1,8545
97838,2016-12-24,02:15:00,27,2,9772
97839,2016-12-24,02:17:00,345,2,11313
97840,2016-12-24,02:19:00,131,1,10308
97841,2016-12-24,02:23:00,132,1,9590
97842,2016-12-24,02:30:00,189,1,7663
97843,2016-12-24,02:32:00,454,1,5956
97844,2016-12-24,02:37:00,74,2,10903
97845,2016-12-24,02:41:00,134,3,3649
97846,2016-12-24,02:44:00,346,1,8805
97847,2016-12-24,02:47:00,220,2,6861
97848,2016-12-24,02:54:00,442,2,4841
97849,2016-12-24,03:03:00,21,1,1117
97850,2016-12-24,03:05:00,102,3,3303
97851,2016-12-24,03:06:00,415,1,8772
97852,2016-12-24,03:10:00,258,4,6525
97853,2016-12-24,03:16:00,16,1,11587
97854,2016-12-24,03:16:00,115,2,2142
97855,2016-12-24,03:17:00,131,2,9306
97856,2016-12-24,03:18:00,20,3,1331
97857,2016-12-24,03:24:00,148,5,9430
97858,2016-12-24,03:28:00,291,1,4161
97859,2016-12-24,03:31:00,189,2,3000
97860,2016-12-24,03:36:00,447,1,9547
97861,2016-12-24,03:37:00,246,2,11973
97862,2016-12-24,03:39:00,437,1,6538
97863,2016-12-24,03:46:00,207,1,41
97864,2016-12-24,03:47:00,239,2,946
97865,2016-12-24,03:51:00,400,2,5652
97866,2016-12-24,03:51:00,74,2,8239
97867,2016-12-24,04:04:00,217,1,1682
97868,2016-12-24,04:04:00,378,3,11927
97869,2016-12-24,04:09:00,428,2,5236
97870,2016-12-24,04:11:00,428,3,2567
97871,2016-12-24,04:12:00,206,1,11910
97872,2016-12-24,04:13:00,313,3,3563
97873,2016-12-24,04:16:00,58,1,11587
97874,2016-12-24,04:21:00,288,1,10930
97875,2016-12-24,04:37:00,166,1,7114
97876,2016-12-24,04:40:00,141,2,1583
97877,2016-12-24,04:41:00,135,1,9444
97878,2016-12-24,04:44:00,10,1,11793
97879,2016-12-24,04:48:00,184,1,5467
97880,2016-12-24,04:55:00,27,1,3529
97881,2016-12-24,05:06:00,28,2,5177
97882,2016-12-24,05:10:00,425,1,8543
97883,2016-12-24,05:13:00,32,5,1622
97884,2016-12-24,05:22:00,279,1,10150
97885,2016-12-24,05:25:00,181,2,4
97886,2016-12-24,05:30:00,387,2,8989
97887,2016-12-24,05:33:00,320,4,2482
97888,2016-12-24,05:45:00,94,1,8649
97889,2016-12-24,05:50:00,230,2,389
97890,2016-12-24,05:50:00,347,1,8024
97891,2016-12-24,06:01:00,278,2,774
97892,2016-12-24,06:02:00,196,2,8495
97893,2016-12-24,06:02:00,61,3,6651
97894,2016-12-24,06:09:00,377,3,3636
97895,2016-12-24,06:17:00,267,1,4754
97896,2016-12-24,06:20:00,451,2,2128
97897,2016-12-24,06:28:00,309,1,2896
97898,2016-12-24,06:30:00,167,2,2418
97899,2016-12-24,06:35:00,150,1,2495
97900,2016-12-24,06:36:00,209,2,11136
97901,2016-12-24,06:41:00,173,4,4275
97902,2016-12-24,06:42:00,34,1,1961
97903,2016-12-24,06:48:00,192,2,11696
97904,2016-12-24,06:49:00,293,3,4091
97905,2016-12-24,06:57:00,444,2,9141
97906,2016-12-24,07:06:00,316,2,49
97907,2016-12-24,07:10:00,265,1,4903
97908,2016-12-24,07:16:00,71,1,7376
97909,2016-12-24,07:37:00,224,1,9728
97910,2016-12-24,07:50:00,53,3,2922
97911,2016-12-24,07:52:00,130,2,8355
97912,2016-12-24,07:52:00,21,1,7190
97913,2016-12-24,07:53:00,117,2,9428
97914,2016-12-24,08:01:00,235,1,9703
97915,2016-12-24,08:17:00,404,4,7441
97916,2016-12-24,08:19:00,77,4,4409
97917,2016-12-24,08:25:00,345,2,7520
97918,2016-12-24,08:30:00,87,2,3744
97919,2016-12-24,08:31:00,150,3,11724
97920,2016-12-24,08:34:00,219,2,7739
97921,2016-12-24,08:43:00,388,1,6248
97922,2016-12-24,08:55:00,200,1,6082
97923,2016-12-24,08:56:00,362,2,1990
97924,2016-12-24,08:59:00,79,1,6613
97925,2016-12-24,09:01:00,131,3,93
97926,2016-12-24,09:02:00,30,3,2765
97927,2016-12-24,09:05:00,304,2,9990
97928,2016-12-24,09:05:00,284,1,6128
97929,2016-12-24,09:05:00,435,1,8485
97930,2016-12-24,09:14:00,262,3,4637
97931,2016-12-24,09:20:00,433,2,5058
97932,2016-12-24,09:30:00,385,2,3432
97933,2016-12-24,09:31:00,45,1,7173
97934,2016-12-24,09:35:00,2,2,7341
97935,2016-12-24,09:42:00,368,2,754
97936,2016-12-24,09:45:00,235,2,6104
97937,2016-12-24,09:54:00,23,2,2604
97938,2016-12-24,09:54:00,340,4,992
97939,2016-12-24,10:07:00,81,2,6925
97940,2016-12-24,10:10:00,139,3,5080
97941,2016-12-24,10:12:00,19,2,610
97942,2016-12-24,10:13:00,107,1,8819
97943,2016-12-24,10:22:00,281,1,6321
97944,2016-12-24,10:30:00,24,1,8330
97945,2016-12-24,10:39:00,397,2,6416
97946,2016-12-24,10:44:00,65,2,10809
97947,2016-12-24,10:52:00,288,2,1753
97948,2016-12-24,10:58:00,45,2,5146
97949,2016-12-24,10:58:00,212,3,11684
97950,2016-12-24,10:59:00,353,1,11874
97951,2016-12-24,11:02:00,208,2,961
97952,2016-12-24,11:15:00,384,2,11602
97953,2016-12-24,11:27:00,105,3,6625
97954,2016-12-24,11:40:00,350,1,7398
97955,2016-12-24,11:56:00,225,3,686
97956,2016-12-24,12:02:00,255,1,9565
97957,2016-12-24,12:08:00,450,1,1811
97958,2016-12-24,12:10:00,90,1,8966
97959,2016-12-24,12:18:00,329,1,8939
97960,2016-12-24,12:20:00,75,2,1477
97961,2016-12-24,12:40:00,347,1,11715
97962,2016-12-24,12:42:00,326,2,11959
97963,2016-12-24,12:50:00,222,2,3658
97964,2016-12-24,12:59:00,328,1,6573
97965,2016-12-24,13:04:00,117,1,6410
97966,2016-12-24,13:05:00,211,2,6669
97967,2016-12-24,13:08:00,83,3,9897
97968,2016-12-24,13:17:00,386,1,4777
97969,2016-12-24,13:18:00,12,1,98
97970,2016-12-24,13:21:00,98,4,6861
97971,2016-12-24,13:42:00,349,2,8352
97972,2016-12-24,13:48:00,368,2,1443
97973,2016-12-24,13:54:00,244,1,4008
97974,2016-12-24,14:25:00,274,1,6402
97975,2016-12-24,14:25:00,60,4,6108
97976,2016-12-24,14:29:00,295,3,9318
97977,2016-12-24,14:32:00,180,1,1875
97978,2016-12-24,14:36:00,303,2,8042
97979,2016-12-24,14:41:00,208,2,11535
97980,2016-12-24,14:43:00,198,5,10242
97981,2016-12-24,14:48:00,178,3,5785
97982,2016-12-24,14:53:00,87,1,6291
97983,2016-12-24,15:01:00,169,2,1787
97984,2016-12-24,15:12:00,395,2,5651
97985,2016-12-24,15:15:00,38,1,8700
97986,2016-12-24,15:18:00,316,2,8131
97987,2016-12-24,15:19:00,47,3,3763
97988,2016-12-24,15:32:00,250,3,3485
97989,2016-12-24,15:33:00,250,2,10490
97990,2016-12-24,15:35:00,156,3,5286
97991,2016-12-24,15:38:00,159,1,3694
97992,2016-12-24,15:40:00,107,1,554
97993,2016-12-24,15:45:00,333,3,4594
97994,2016-12-24,16:00:00,305,1,1291
97995,2016-12-24,16:01:00,279,3,8077
97996,2016-12-24,16:05:00,339,2,1338
97997,2016-12-24,16:05:00,408,2,10239
97998,2016-12-24,16:21:00,336,5,180
97999,2016-12-24,16:25:00,276,2,9426
98000,2016-12-24,16:39:00,224,1,7397
98001,2016-12-24,16:40:00,201,2,2711
98002,2016-12-24,16:55:00,106,1,2770
98003,2016-12-24,16:56:00,50,1,6170
98004,2016-12-24,16:56:00,206,3,7989
98005,2016-12-24,17:00:00,394,3,6108
98006,2016-12-24,17:03:00,225,3,4619
98007,2016-12-24,17:06:00,146,2,6240
98008,2016-12-24,17:07:00,445,1,2204
98009,2016-12-24,17:14:00,297,2,4371
98010,2016-12-24,17:20:00,268,1,2584
98011,2016-12-24,17:29:00,234,2,5590
98012,2016-12-24,17:31:00,31,2,565
98013,2016-12-24,17:34:00,223,3,4436
98014,2016-12-24,17:50:00,436,4,3193
98015,2016-12-24,17:51:00,440,1,6347
98016,2016-12-24,17:56:00,426,2,6487
98017,2016-12-24,18:05:00,408,3,5578
98018,2016-12-24,18:28:00,99,1,4596
98019,2016-12-24,18:40:00,26,2,9695
98020,2016-12-24,18:42:00,31,2,872
98021,2016-12-24,18:46:00,31,3,1571
98022,2016-12-24,18:57:00,313,1,5735
98023,2016-12-24,19:00:00,126,2,3942
98024,2016-12-24,19:05:00,382,1,3373
98025,2016-12-24,19:08:00,156,3,9584
98026,2016-12-24,19:11:00,44,1,6420
98027,2016-12-24,19:11:00,100,1,7768
98028,2016-12-24,19:13:00,342,1,10806
98029,2016-12-24,19:16:00,363,1,706
98030,2016-12-24,19:18:00,228,2,5502
98031,2016-12-24,19:20:00,331,1,9118
98032,2016-12-24,19:25:00,388,1,2220
98033,2016-12-24,19:29:00,289,1,4504
98034,2016-12-24,19:40:00,165,1,11279
98035,2016-12-24,19:45:00,148,2,3741
98036,2016-12-24,19:50:00,196,2,11511
98037,2016-12-24,19:53:00,228,3,5752
98038,2016-12-24,19:59:00,132,3,10267
98039,2016-12-24,20:06:00,375,2,11524
98040,2016-12-24,20:07:00,273,1,7047
98041,2016-12-24,20:07:00,169,1,10460
98042,2016-12-24,20:26:00,164,1,7502
98043,2016-12-24,20:31:00,275,1,5113
98044,2016-12-24,20:59:00,446,2,4130
98045,2016-12-24,21:00:00,453,2,8448
98046,2016-12-24,21:01:00,74,2,3336
98047,2016-12-24,21:04:00,430,1,3792
98048,2016-12-24,21:06:00,385,1,6583
98049,2016-12-24,21:12:00,446,3,458
98050,2016-12-24,21:13:00,208,4,8581
98051,2016-12-24,21:21:00,195,3,10642
98052,2016-12-24,21:22:00,142,1,7834
98053,2016-12-24,21:36:00,280,4,6854
98054,2016-12-24,21:41:00,362,1,4014
98055,2016-12-24,21:41:00,139,3,6222
98056,2016-12-24,22:00:00,138,1,7106
98057,2016-12-24,22:18:00,318,4,5425
98058,2016-12-24,22:27:00,85,1,320
98059,2016-12-24,22:38:00,301,2,5812
98060,2016-12-24,22:42:00,192,1,6984
98061,2016-12-24,22:49:00,262,1,7082
98062,2016-12-24,22:54:00,137,3,4232
98063,2016-12-24,22:55:00,100,2,7819
98064,2016-12-24,22:55:00,404,2,6634
98065,2016-12-24,22:57:00,286,2,8850
98066,2016-12-24,23:00:00,197,2,5669
98067,2016-12-24,23:05:00,339,1,8773
98068,2016-12-24,23:15:00,95,4,4618
98069,2016-12-24,23:21:00,421,6,6426
98070,2016-12-24,23:22:00,400,1,9498
98071,2016-12-24,23:24:00,175,1,4743
98072,2016-12-24,23:30:00,195,2,11216
98073,2016-12-24,23:34:00,171,1,4454
98074,2016-12-24,23:35:00,447,1,6240
98075,2016-12-24,23:40:00,442,4,5813
98076,2016-12-24,23:41:00,128,4,4912
98077,2016-12-24,23:46:00,393,2,2429
98078,2016-12-24,23:51:00,353,3,7040
98079,2016-12-24,23:51:00,97,6,9980
98080,2016-12-24,23:54:00,309,6,9369
98081,2016-12-24,23:54:00,140,3,4663
98082,2016-12-24,23:56:00,218,2,5832
98083,2016-12-24,23:56:00,205,3,4801
98084,2016-12-25,00:06:00,134,1,2690
98085,2016-12-25,00:08:00,235,2,4273
98086,2016-12-25,00:18:00,220,2,9793
98087,2016-12-25,00:19:00,129,2,2167
98088,2016-12-25,00:26:00,439,2,4697
98089,2016-12-25,00:32:00,285,3,6720
98090,2016-12-25,00:33:00,433,3,5327
98091,2016-12-25,00:41:00,303,5,9881
98092,2016-12-25,00:43:00,452,2,9050
98093,2016-12-25,00:48:00,304,3,11442
98094,2016-12-25,00:49:00,424,2,1550
98095,2016-12-25,00:50:00,6,2,5614
98096,2016-12-25,00:59:00,185,1,3479
98097,2016-12-25,01:01:00,411,2,4860
98098,2016-12-25,01:10:00,13,2,2644
98099,2016-12-25,01:16:00,250,1,206
98100,2016-12-25,01:25:00,196,1,10603
98101,2016-12-25,01:32:00,455,1,11578
98102,2016-12-25,01:32:00,15,2,7531
98103,2016-12-25,01:38:00,137,3,2113
98104,2016-12-25,01:44:00,380,2,2328
98105,2016-12-25,01:50:00,19,2,868
98106,2016-12-25,01:52:00,344,3,5288
98107,2016-12-25,02:00:00,13,1,4342
98108,2016-12-25,02:04:00,211,2,959
98109,2016-12-25,02:08:00,222,1,8048
98110,2016-12-25,02:11:00,178,1,5707
98111,2016-12-25,02:11:00,92,3,5155
98112,2016-12-25,02:27:00,390,1,286
98113,2016-12-25,02:29:00,271,3,11703
98114,2016-12-25,02:40:00,405,2,8246
98115,2016-12-25,02:43:00,234,1,4954
98116,2016-12-25,02:45:00,109,2,9260
98117,2016-12-25,02:45:00,311,2,11003
98118,2016-12-25,02:49:00,123,2,4325
98119,2016-12-25,02:52:00,270,3,8145
98120,2016-12-25,03:00:00,69,2,1856
98121,2016-12-25,03:08:00,380,3,1088
98122,2016-12-25,03:11:00,69,2,10902
98123,2016-12-25,03:11:00,275,2,916
98124,2016-12-25,03:15:00,306,2,10973
98125,2016-12-25,03:27:00,288,2,11398
98126,2016-12-25,03:30:00,322,1,1814
98127,2016-12-25,03:38:00,435,2,4602
98128,2016-12-25,03:43:00,363,1,9479
98129,2016-12-25,03:44:00,252,3,10732
98130,2016-12-25,03:48:00,369,2,7531
98131,2016-12-25,04:02:00,200,2,960
98132,2016-12-25,04:04:00,179,2,8727
98133,2016-12-25,04:14:00,133,2,11820
98134,2016-12-25,04:22:00,302,4,7990
98135,2016-12-25,04:22:00,296,1,4081
98136,2016-12-25,04:23:00,122,2,4359
98137,2016-12-25,04:34:00,274,1,5995
98138,2016-12-25,04:35:00,311,1,9442
98139,2016-12-25,04:43:00,224,1,8643
98140,2016-12-25,05:02:00,403,2,8962
98141,2016-12-25,05:14:00,370,1,4385
98142,2016-12-25,05:17:00,64,1,3194
98143,2016-12-25,05:19:00,305,3,8734
98144,2016-12-25,05:23:00,103,1,5807
98145,2016-12-25,05:26:00,314,2,3455
98146,2016-12-25,05:38:00,356,1,7729
98147,2016-12-25,05:40:00,260,2,7904
98148,2016-12-25,05:49:00,343,1,6066
98149,2016-12-25,05:49:00,360,2,4772
98150,2016-12-25,06:02:00,134,3,9520
98151,2016-12-25,06:04:00,458,2,11852
98152,2016-12-25,06:09:00,446,3,9506
98153,2016-12-25,06:09:00,364,1,6859
98154,2016-12-25,06:20:00,55,1,10718
98155,2016-12-25,06:22:00,361,2,4497
98156,2016-12-25,06:24:00,188,2,8440
98157,2016-12-25,06:41:00,150,2,9664
98158,2016-12-25,06:52:00,341,3,5276
98159,2016-12-25,06:57:00,374,3,9935
98160,2016-12-25,07:00:00,313,3,10102
98161,2016-12-25,07:02:00,426,1,11891
98162,2016-12-25,07:18:00,163,2,11327
98163,2016-12-25,07:18:00,30,1,5361
98164,2016-12-25,07:27:00,142,1,7181
98165,2016-12-25,07:29:00,318,1,865
98166,2016-12-25,07:43:00,199,4,3883
98167,2016-12-25,07:53:00,89,2,5514
98168,2016-12-25,07:56:00,409,1,1571
98169,2016-12-25,07:57:00,149,1,10111
98170,2016-12-25,08:00:00,447,2,9786
98171,2016-12-25,08:05:00,414,3,1919
98172,2016-12-25,08:05:00,130,2,4140
98173,2016-12-25,08:08:00,421,2,5432
98174,2016-12-25,08:10:00,2,1,2525
98175,2016-12-25,08:13:00,383,1,4917
98176,2016-12-25,08:13:00,227,3,10316
98177,2016-12-25,08:14:00,431,1,5019
98178,2016-12-25,08:15:00,387,1,6102
98179,2016-12-25,08:18:00,182,1,4981
98180,2016-12-25,08:26:00,335,2,4124
98181,2016-12-25,08:39:00,332,1,9129
98182,2016-12-25,08:42:00,449,3,4729
98183,2016-12-25,08:50:00,52,2,2467
98184,2016-12-25,09:06:00,218,3,8460
98185,2016-12-25,09:20:00,245,1,8641
98186,2016-12-25,09:24:00,393,2,4821
98187,2016-12-25,09:26:00,231,1,9299
98188,2016-12-25,09:29:00,19,1,116
98189,2016-12-25,09:39:00,402,2,2388
98190,2016-12-25,09:44:00,142,2,4251
98191,2016-12-25,09:44:00,13,2,2624
98192,2016-12-25,09:45:00,40,1,6584
98193,2016-12-25,09:49:00,254,5,5918
98194,2016-12-25,10:09:00,359,1,3533
98195,2016-12-25,10:12:00,259,2,7791
98196,2016-12-25,10:14:00,348,4,10607
98197,2016-12-25,10:14:00,375,1,6948
98198,2016-12-25,10:20:00,223,2,7131
98199,2016-12-25,10:25:00,155,1,4051
98200,2016-12-25,10:34:00,53,1,9835
98201,2016-12-25,10:34:00,162,4,2150
98202,2016-12-25,10:37:00,206,3,9987
98203,2016-12-25,10:39:00,236,2,937
98204,2016-12-25,10:39:00,233,4,8409
98205,2016-12-25,10:40:00,354,1,11525
98206,2016-12-25,10:41:00,259,4,6157
98207,2016-12-25,10:43:00,397,3,11910
98208,2016-12-25,10:45:00,322,1,6188
98209,2016-12-25,11:00:00,126,3,2894
98210,2016-12-25,11:06:00,22,2,8275
98211,2016-12-25,11:14:00,301,3,11545
98212,2016-12-25,11:20:00,189,3,3502
98213,2016-12-25,11:23:00,352,3,9025
98214,2016-12-25,11:57:00,37,2,7061
98215,2016-12-25,11:58:00,14,1,1452
98216,2016-12-25,11:59:00,144,1,7029
98217,2016-12-25,12:00:00,150,2,11411
98218,2016-12-25,12:08:00,390,1,2373
98219,2016-12-25,12:20:00,182,2,9202
98220,2016-12-25,12:22:00,301,2,475
98221,2016-12-25,12:26:00,355,3,2063
98222,2016-12-25,12:32:00,377,1,8403
98223,2016-12-25,12:38:00,432,2,11651
98224,2016-12-25,12:51:00,265,2,880
98225,2016-12-25,13:07:00,393,2,6113
98226,2016-12-25,13:15:00,336,2,2660
98227,2016-12-25,13:27:00,262,1,4274
98228,2016-12-25,13:33:00,218,1,5596
98229,2016-12-25,13:40:00,358,2,6353
98230,2016-12-25,13:43:00,189,3,2354
98231,2016-12-25,13:46:00,124,1,5306
98232,2016-12-25,13:57:00,112,3,6128
98233,2016-12-25,13:57:00,225,3,7950
98234,2016-12-25,13:58:00,223,2,8372
98235,2016-12-25,13:59:00,8,2,3983
98236,2016-12-25,14:02:00,91,1,5396
98237,2016-12-25,14:05:00,443,2,1715
98238,2016-12-25,14:08:00,190,4,11311
98239,2016-12-25,14:11:00,373,2,7434
98240,2016-12-25,14:21:00,251,2,5672
98241,2016-12-25,14:24:00,142,2,7628
98242,2016-12-25,14:24:00,296,2,4344
98243,2016-12-25,14:25:00,97,2,9625
98244,2016-12-25,14:26:00,443,2,10654
98245,2016-12-25,14:27:00,91,2,3696
98246,2016-12-25,14:50:00,164,1,232
98247,2016-12-25,14:58:00,311,3,5811
98248,2016-12-25,14:59:00,26,2,3185
98249,2016-12-25,15:30:00,202,2,1432
98250,2016-12-25,15:42:00,458,3,4998
98251,2016-12-25,15:47:00,232,3,1169
98252,2016-12-25,15:52:00,27,3,6914
98253,2016-12-25,15:59:00,205,1,1204
98254,2016-12-25,16:01:00,394,2,4383
98255,2016-12-25,16:06:00,76,2,1835
98256,2016-12-25,16:07:00,59,2,2383
98257,2016-12-25,16:09:00,233,3,5144
98258,2016-12-25,16:15:00,427,4,4000
98259,2016-12-25,16:23:00,418,4,9296
98260,2016-12-25,16:26:00,349,2,4067
98261,2016-12-25,16:28:00,196,3,5072
98262,2016-12-25,16:33:00,391,4,10273
98263,2016-12-25,16:44:00,289,1,3839
98264,2016-12-25,16:52:00,15,2,3857
98265,2016-12-25,17:04:00,2,3,6669
98266,2016-12-25,17:04:00,219,3,3916
98267,2016-12-25,17:09:00,361,2,6173
98268,2016-12-25,17:12:00,266,1,1317
98269,2016-12-25,17:17:00,166,2,2885
98270,2016-12-25,17:20:00,351,1,9508
98271,2016-12-25,17:26:00,143,2,7823
98272,2016-12-25,17:29:00,304,4,1448
98273,2016-12-25,17:38:00,302,1,5872
98274,2016-12-25,17:41:00,199,3,902
98275,2016-12-25,17:43:00,233,2,10916
98276,2016-12-25,17:44:00,300,1,2058
98277,2016-12-25,17:47:00,266,1,2581
98278,2016-12-25,17:50:00,364,1,8078
98279,2016-12-25,17:53:00,151,2,1281
98280,2016-12-25,17:53:00,8,1,2685
98281,2016-12-25,18:03:00,20,2,9559
98282,2016-12-25,18:18:00,20,3,2769
98283,2016-12-25,18:21:00,29,1,1681
98284,2016-12-25,18:27:00,342,4,2733
98285,2016-12-25,18:30:00,66,1,4186
98286,2016-12-25,18:36:00,372,1,11346
98287,2016-12-25,18:51:00,418,2,8355
98288,2016-12-25,18:53:00,296,3,1379
98289,2016-12-25,19:00:00,355,2,10149
98290,2016-12-25,19:01:00,436,3,11764
98291,2016-12-25,19:02:00,375,2,4516
98292,2016-12-25,19:04:00,311,1,4944
98293,2016-12-25,19:11:00,22,2,2979
98294,2016-12-25,19:16:00,458,1,6541
98295,2016-12-25,19:16:00,195,3,1546
98296,2016-12-25,19:48:00,333,1,3538
98297,2016-12-25,19:53:00,112,1,124
98298,2016-12-25,19:54:00,290,3,11150
98299,2016-12-25,20:09:00,196,1,1925
98300,2016-12-25,20:34:00,392,2,3317
98301,2016-12-25,20:41:00,408,1,6744
98302,2016-12-25,20:46:00,318,4,2123
98303,2016-12-25,20:49:00,301,2,7080
98304,2016-12-25,20:58:00,355,5,5606
98305,2016-12-25,20:58:00,42,3,5941
98306,2016-12-25,21:01:00,234,1,10889
98307,2016-12-25,21:09:00,254,3,4342
98308,2016-12-25,21:21:00,5,2,11683
98309,2016-12-25,21:27:00,312,1,2014
98310,2016-12-25,21:29:00,121,2,4329
98311,2016-12-25,21:30:00,82,3,1014
98312,2016-12-25,21:31:00,418,3,11496
98313,2016-12-25,21:36:00,220,2,4016
98314,2016-12-25,21:39:00,60,3,2075
98315,2016-12-25,21:44:00,299,4,10602
98316,2016-12-25,21:58:00,298,2,706
98317,2016-12-25,21:58:00,390,2,8859
98318,2016-12-25,22:02:00,359,4,5799
98319,2016-12-25,22:06:00,131,3,9226
98320,2016-12-25,22:08:00,417,2,11804
98321,2016-12-25,22:13:00,17,3,6929
98322,2016-12-25,22:34:00,302,2,5599
98323,2016-12-25,22:41:00,207,1,9868
98324,2016-12-25,22:43:00,129,4,7759
98325,2016-12-25,22:44:00,347,4,9822
98326,2016-12-25,22:52:00,140,1,6741
98327,2016-12-25,23:15:00,379,1,3326
98328,2016-12-25,23:18:00,429,2,9772
98329,2016-12-25,23:18:00,420,3,4263
98330,2016-12-25,23:20:00,59,1,8599
98331,2016-12-25,23:25:00,209,5,5807
98332,2016-12-25,23:27:00,408,4,1170
98333,2016-12-25,23:28:00,373,3,1127
98334,2016-12-25,23:29:00,303,1,10162
98335,2016-12-25,23:30:00,112,2,3564
98336,2016-12-25,23:32:00,378,2,9836
98337,2016-12-25,23:47:00,70,2,8560
98338,2016-12-25,23:56:00,163,2,82
98339,2016-12-25,23:57:00,178,2,6674
98340,2016-12-26,00:09:00,372,1,11477
98341,2016-12-26,00:12:00,4,2,724
98342,2016-12-26,00:18:00,74,2,4460
98343,2016-12-26,00:21:00,395,2,4723
98344,2016-12-26,00:29:00,76,1,7268
98345,2016-12-26,00:30:00,192,2,1430
98346,2016-12-26,00:33:00,254,2,6344
98347,2016-12-26,00:35:00,283,3,9745
98348,2016-12-26,00:36:00,187,2,10947
98349,2016-12-26,00:36:00,146,2,2386
98350,2016-12-26,00:37:00,128,1,2374
98351,2016-12-26,00:39:00,456,2,1406
98352,2016-12-26,00:42:00,125,1,10041
98353,2016-12-26,00:46:00,45,1,7571
98354,2016-12-26,00:59:00,262,3,9774
98355,2016-12-26,01:03:00,58,2,3727
98356,2016-12-26,01:04:00,149,2,11974
98357,2016-12-26,01:09:00,436,4,4576
98358,2016-12-26,01:13:00,301,2,2907
98359,2016-12-26,01:15:00,356,2,1061
98360,2016-12-26,01:19:00,56,4,2025
98361,2016-12-26,01:23:00,90,2,9311
98362,2016-12-26,01:27:00,49,3,1480
98363,2016-12-26,01:28:00,217,1,10208
98364,2016-12-26,01:44:00,195,1,10822
98365,2016-12-26,01:46:00,138,1,1788
98366,2016-12-26,01:48:00,268,1,9039
98367,2016-12-26,02:08:00,32,3,7360
98368,2016-12-26,02:12:00,104,1,3809
98369,2016-12-26,02:13:00,296,1,139
98370,2016-12-26,02:21:00,36,1,6458
98371,2016-12-26,02:31:00,28,4,6909
98372,2016-12-26,02:33:00,291,2,6770
98373,2016-12-26,02:36:00,255,4,10615
98374,2016-12-26,02:56:00,388,1,880
98375,2016-12-26,03:03:00,295,3,6266
98376,2016-12-26,03:04:00,178,2,5853
98377,2016-12-26,03:05:00,347,3,10132
98378,2016-12-26,03:05:00,453,8,6495
98379,2016-12-26,03:11:00,315,2,10453
98380,2016-12-26,03:12:00,37,1,9428
98381,2016-12-26,03:14:00,160,1,5504
98382,2016-12-26,03:16:00,430,2,5774
98383,2016-12-26,03:20:00,79,1,6347
98384,2016-12-26,03:26:00,392,4,8427
98385,2016-12-26,03:27:00,252,7,3231
98386,2016-12-26,03:39:00,371,2,625
98387,2016-12-26,03:42:00,280,2,2613
98388,2016-12-26,03:52:00,165,1,10903
98389,2016-12-26,03:53:00,436,2,858
98390,2016-12-26,03:58:00,285,1,11983
98391,2016-12-26,04:01:00,430,3,5242
98392,2016-12-26,04:08:00,234,1,2310
98393,2016-12-26,04:09:00,88,1,2025
98394,2016-12-26,04:28:00,430,2,4894
98395,2016-12-26,04:29:00,225,2,5341
98396,2016-12-26,04:33:00,157,2,11023
98397,2016-12-26,04:44:00,14,2,8128
98398,2016-12-26,04:46:00,47,2,10237
98399,2016-12-26,04:53:00,226,4,4112
98400,2016-12-26,04:55:00,348,2,5653
98401,2016-12-26,04:58:00,304,2,797
98402,2016-12-26,04:59:00,452,3,2562
98403,2016-12-26,05:00:00,170,3,9460
98404,2016-12-26,05:02:00,42,2,902
98405,2016-12-26,05:24:00,164,2,10739
98406,2016-12-26,05:24:00,255,1,5598
98407,2016-12-26,05:25:00,165,1,8151
98408,2016-12-26,05:26:00,346,3,7152
98409,2016-12-26,05:28:00,28,1,2122
98410,2016-12-26,05:29:00,263,2,10144
98411,2016-12-26,05:39:00,345,1,5673
98412,2016-12-26,05:49:00,281,4,471
98413,2016-12-26,06:05:00,4,3,8343
98414,2016-12-26,06:11:00,25,2,2793
98415,2016-12-26,06:12:00,236,4,9534
98416,2016-12-26,06:13:00,118,2,4277
98417,2016-12-26,06:15:00,253,1,9356
98418,2016-12-26,06:31:00,229,2,11702
98419,2016-12-26,06:32:00,338,2,4672
98420,2016-12-26,06:37:00,36,3,6563
98421,2016-12-26,06:37:00,107,3,6908
98422,2016-12-26,06:37:00,406,2,497
98423,2016-12-26,06:45:00,147,2,9475
98424,2016-12-26,06:57:00,85,3,7868
98425,2016-12-26,06:58:00,268,1,11146
98426,2016-12-26,07:06:00,12,2,1056
98427,2016-12-26,07:08:00,67,1,4589
98428,2016-12-26,07:08:00,195,2,3217
98429,2016-12-26,07:10:00,193,3,8198
98430,2016-12-26,07:11:00,206,1,7440
98431,2016-12-26,07:12:00,82,1,10498
98432,2016-12-26,07:12:00,20,3,2693
98433,2016-12-26,07:19:00,301,3,1364
98434,2016-12-26,07:24:00,229,3,7491
98435,2016-12-26,07:26:00,302,2,4564
98436,2016-12-26,07:27:00,243,2,4722
98437,2016-12-26,07:33:00,328,2,3277
98438,2016-12-26,07:34:00,450,2,8131
98439,2016-12-26,07:35:00,269,1,10121
98440,2016-12-26,08:01:00,171,1,12
98441,2016-12-26,08:08:00,139,1,9015
98442,2016-12-26,08:09:00,380,3,8878
98443,2016-12-26,08:31:00,433,2,2589
98444,2016-12-26,08:31:00,233,3,8204
98445,2016-12-26,08:43:00,422,2,11844
98446,2016-12-26,08:46:00,5,1,435
98447,2016-12-26,09:01:00,179,2,11241
98448,2016-12-26,09:02:00,141,1,3154
98449,2016-12-26,09:04:00,380,3,887
98450,2016-12-26,09:12:00,112,3,9684
98451,2016-12-26,09:18:00,433,3,6632
98452,2016-12-26,09:27:00,436,3,533
98453,2016-12-26,09:33:00,326,5,2688
98454,2016-12-26,09:37:00,427,3,11690
98455,2016-12-26,09:47:00,24,3,6125
98456,2016-12-26,10:10:00,238,2,650
98457,2016-12-26,10:13:00,75,2,3642
98458,2016-12-26,10:23:00,186,2,963
98459,2016-12-26,10:29:00,424,2,6504
98460,2016-12-26,10:30:00,219,2,10390
98461,2016-12-26,10:33:00,160,1,3444
98462,2016-12-26,10:35:00,173,3,6022
98463,2016-12-26,10:36:00,8,1,10809
98464,2016-12-26,10:42:00,375,2,11818
98465,2016-12-26,10:49:00,305,3,10151
98466,2016-12-26,10:56:00,29,1,10758
98467,2016-12-26,10:59:00,272,3,9456
98468,2016-12-26,11:03:00,316,1,3497
98469,2016-12-26,11:06:00,133,2,1060
98470,2016-12-26,11:10:00,104,2,4708
98471,2016-12-26,11:17:00,261,2,9570
98472,2016-12-26,11:27:00,253,3,11577
98473,2016-12-26,11:28:00,90,3,5711
98474,2016-12-26,11:41:00,353,1,6469
98475,2016-12-26,11:52:00,73,2,7581
98476,2016-12-26,11:59:00,197,1,6383
98477,2016-12-26,12:01:00,368,2,2266
98478,2016-12-26,12:02:00,187,2,10099
98479,2016-12-26,12:03:00,335,2,8274
98480,2016-12-26,12:07:00,211,1,10040
98481,2016-12-26,12:12:00,3,2,9890
98482,2016-12-26,12:18:00,56,1,2839
98483,2016-12-26,12:23:00,354,3,8003
98484,2016-12-26,12:34:00,448,1,11172
98485,2016-12-26,12:42:00,420,2,6914
98486,2016-12-26,12:48:00,379,2,8640
98487,2016-12-26,12:50:00,107,3,4921
98488,2016-12-26,12:52:00,425,3,8429
98489,2016-12-26,12:53:00,25,4,8550
98490,2016-12-26,13:03:00,117,4,4098
98491,2016-12-26,13:03:00,278,1,7985
98492,2016-12-26,13:09:00,361,1,11535
98493,2016-12-26,13:10:00,13,1,514
98494,2016-12-26,13:23:00,430,3,4724
98495,2016-12-26,13:24:00,338,1,963
98496,2016-12-26,13:25:00,126,1,6155
98497,2016-12-26,13:28:00,203,2,7264
98498,2016-12-26,13:29:00,286,1,5852
98499,2016-12-26,13:36:00,396,1,11327
98500,2016-12-26,13:42:00,453,1,2363
98501,2016-12-26,14:02:00,144,1,10986
98502,2016-12-26,14:09:00,54,1,257
98503,2016-12-26,14:10:00,255,1,9960
98504,2016-12-26,14:10:00,304,3,7554
98505,2016-12-26,14:13:00,341,1,264
98506,2016-12-26,14:18:00,104,5,5889
98507,2016-12-26,14:20:00,369,3,1342
98508,2016-12-26,14:25:00,54,1,413
98509,2016-12-26,14:26:00,204,3,6958
98510,2016-12-26,14:35:00,227,1,10823
98511,2016-12-26,14:49:00,257,1,7760
98512,2016-12-26,14:58:00,110,1,997
98513,2016-12-26,15:06:00,323,2,5451
98514,2016-12-26,15:09:00,388,3,7520
98515,2016-12-26,15:38:00,93,2,7115
98516,2016-12-26,15:43:00,236,2,6883
98517,2016-12-26,15:44:00,154,2,6585
98518,2016-12-26,15:49:00,435,2,6208
98519,2016-12-26,16:00:00,304,1,616
98520,2016-12-26,16:01:00,162,1,6549
98521,2016-12-26,16:12:00,359,4,10523
98522,2016-12-26,16:15:00,237,3,4641
98523,2016-12-26,16:17:00,78,2,204
98524,2016-12-26,16:33:00,61,1,6159
98525,2016-12-26,16:36:00,420,2,6810
98526,2016-12-26,16:39:00,226,2,4542
98527,2016-12-26,16:50:00,444,3,3527
98528,2016-12-26,16:53:00,175,2,8368
98529,2016-12-26,17:22:00,311,1,3671
98530,2016-12-26,17:31:00,289,2,8934
98531,2016-12-26,17:34:00,236,2,6544
98532,2016-12-26,17:36:00,166,1,11702
98533,2016-12-26,17:49:00,408,2,3746
98534,2016-12-26,17:56:00,175,4,6659
98535,2016-12-26,18:00:00,218,5,3705
98536,2016-12-26,18:09:00,403,2,7878
98537,2016-12-26,18:13:00,389,1,10066
98538,2016-12-26,18:20:00,124,3,7331
98539,2016-12-26,18:22:00,30,2,1484
98540,2016-12-26,18:26:00,319,1,6368
98541,2016-12-26,18:28:00,75,4,4646
98542,2016-12-26,18:35:00,96,1,2521
98543,2016-12-26,18:35:00,446,2,1439
98544,2016-12-26,18:40:00,34,3,5631
98545,2016-12-26,18:42:00,251,3,1570
98546,2016-12-26,18:45:00,126,1,7961
98547,2016-12-26,18:58:00,238,1,10916
98548,2016-12-26,18:59:00,118,4,4972
98549,2016-12-26,19:03:00,87,3,10271
98550,2016-12-26,19:03:00,95,4,1711
98551,2016-12-26,19:13:00,296,1,8242
98552,2016-12-26,19:23:00,291,1,3003
98553,2016-12-26,19:29:00,349,4,3187
98554,2016-12-26,19:34:00,238,1,9686
98555,2016-12-26,19:36:00,359,3,11944
98556,2016-12-26,19:37:00,337,2,9272
98557,2016-12-26,19:38:00,113,3,8021
98558,2016-12-26,19:38:00,389,2,1930
98559,2016-12-26,19:52:00,372,2,7403
98560,2016-12-26,19:52:00,107,1,7611
98561,2016-12-26,20:04:00,15,3,9603
98562,2016-12-26,20:08:00,318,3,11393
98563,2016-12-26,20:09:00,128,2,3989
98564,2016-12-26,20:11:00,87,3,7658
98565,2016-12-26,20:18:00,80,3,8791
98566,2016-12-26,20:19:00,115,2,8748
98567,2016-12-26,20:20:00,317,1,3364
98568,2016-12-26,20:23:00,52,3,1278
98569,2016-12-26,20:27:00,102,1,7123
98570,2016-12-26,20:28:00,76,2,557
98571,2016-12-26,20:30:00,92,3,2608
98572,2016-12-26,20:36:00,92,2,218
98573,2016-12-26,20:43:00,20,1,11761
98574,2016-12-26,20:43:00,230,2,10271
98575,2016-12-26,20:46:00,212,1,2780
98576,2016-12-26,20:51:00,102,2,11055
98577,2016-12-26,20:59:00,97,1,10177
98578,2016-12-26,21:00:00,104,1,2024
98579,2016-12-26,21:01:00,27,3,3389
98580,2016-12-26,21:03:00,150,3,4516
98581,2016-12-26,21:06:00,245,3,8094
98582,2016-12-26,21:07:00,345,1,3710
98583,2016-12-26,21:25:00,32,2,5934
98584,2016-12-26,21:26:00,232,2,10125
98585,2016-12-26,21:35:00,231,3,9305
98586,2016-12-26,21:43:00,74,2,332
98587,2016-12-26,21:44:00,181,1,11000
98588,2016-12-26,21:44:00,121,1,3288
98589,2016-12-26,21:45:00,260,3,1408
98590,2016-12-26,21:55:00,436,1,8741
98591,2016-12-26,22:01:00,432,2,607
98592,2016-12-26,22:03:00,87,2,4385
98593,2016-12-26,22:05:00,286,3,8296
98594,2016-12-26,22:05:00,24,3,6948
98595,2016-12-26,22:11:00,437,3,3131
98596,2016-12-26,22:26:00,414,1,10829
98597,2016-12-26,22:27:00,82,2,11731
98598,2016-12-26,22:34:00,350,3,5134
98599,2016-12-26,22:39:00,203,2,11535
98600,2016-12-26,22:42:00,73,2,6740
98601,2016-12-26,22:43:00,198,1,2129
98602,2016-12-26,22:51:00,295,2,1492
98603,2016-12-26,23:01:00,368,3,5593
98604,2016-12-26,23:08:00,200,1,5003
98605,2016-12-26,23:11:00,19,1,2862
98606,2016-12-26,23:11:00,149,3,5977
98607,2016-12-26,23:15:00,371,2,4980
98608,2016-12-26,23:17:00,221,2,6067
98609,2016-12-26,23:22:00,192,2,9317
98610,2016-12-26,23:26:00,68,4,6827
98611,2016-12-26,23:42:00,197,3,10607
98612,2016-12-26,23:43:00,371,1,2388
98613,2016-12-26,23:44:00,74,2,11400
98614,2016-12-26,23:48:00,451,2,5959
98615,2016-12-26,23:56:00,38,1,1387
98616,2016-12-26,23:59:00,443,1,2517
98617,2016-12-27,00:00:00,282,1,8719
98618,2016-12-27,00:01:00,219,3,4983
98619,2016-12-27,00:03:00,76,1,724
98620,2016-12-27,00:07:00,370,4,10973
98621,2016-12-27,00:08:00,256,2,6077
98622,2016-12-27,00:09:00,109,2,2854
98623,2016-12-27,00:11:00,147,1,1484
98624,2016-12-27,00:36:00,332,2,4126
98625,2016-12-27,00:40:00,130,5,497
98626,2016-12-27,00:42:00,205,3,1903
98627,2016-12-27,00:44:00,446,2,2127
98628,2016-12-27,00:52:00,213,1,10541
98629,2016-12-27,00:53:00,49,3,11148
98630,2016-12-27,01:02:00,358,2,10840
98631,2016-12-27,01:03:00,93,3,2549
98632,2016-12-27,01:07:00,301,2,11464
98633,2016-12-27,01:15:00,352,2,9787
98634,2016-12-27,01:26:00,394,1,4581
98635,2016-12-27,01:32:00,358,1,720
98636,2016-12-27,01:47:00,22,2,218
98637,2016-12-27,01:48:00,295,2,4161
98638,2016-12-27,01:49:00,426,2,11873
98639,2016-12-27,01:54:00,272,3,3392
98640,2016-12-27,02:17:00,94,2,3708
98641,2016-12-27,02:22:00,160,1,3333
98642,2016-12-27,02:27:00,349,2,9702
98643,2016-12-27,02:35:00,131,1,670
98644,2016-12-27,02:38:00,448,1,3864
98645,2016-12-27,02:41:00,397,1,5419
98646,2016-12-27,02:44:00,116,2,1485
98647,2016-12-27,02:49:00,319,3,8890
98648,2016-12-27,02:56:00,72,3,4645
98649,2016-12-27,02:59:00,337,1,8562
98650,2016-12-27,02:59:00,83,1,10035
98651,2016-12-27,03:07:00,373,1,10881
98652,2016-12-27,03:08:00,194,2,11863
98653,2016-12-27,03:12:00,257,1,890
98654,2016-12-27,03:14:00,408,1,7791
98655,2016-12-27,03:18:00,356,2,8261
98656,2016-12-27,03:19:00,323,2,4932
98657,2016-12-27,03:26:00,230,6,11880
98658,2016-12-27,03:26:00,326,1,6243
98659,2016-12-27,03:31:00,413,1,4608
98660,2016-12-27,03:32:00,405,1,5764
98661,2016-12-27,03:35:00,36,2,1574
98662,2016-12-27,03:40:00,360,2,248
98663,2016-12-27,03:41:00,56,1,7891
98664,2016-12-27,03:47:00,15,3,2249
98665,2016-12-27,03:52:00,60,1,9658
98666,2016-12-27,03:57:00,188,2,3507
98667,2016-12-27,04:00:00,194,3,4744
98668,2016-12-27,04:04:00,7,2,2811
98669,2016-12-27,04:08:00,194,2,2597
98670,2016-12-27,04:15:00,223,2,6536
98671,2016-12-27,04:16:00,322,2,9637
98672,2016-12-27,04:18:00,105,2,3677
98673,2016-12-27,04:23:00,31,1,992
98674,2016-12-27,04:28:00,166,2,6211
98675,2016-12-27,04:28:00,276,5,9850
98676,2016-12-27,04:30:00,218,1,2146
98677,2016-12-27,04:31:00,202,1,2541
98678,2016-12-27,04:42:00,68,2,146
98679,2016-12-27,04:43:00,158,2,8584
98680,2016-12-27,04:55:00,131,2,1956
98681,2016-12-27,04:59:00,403,4,1698
98682,2016-12-27,05:02:00,355,3,4881
98683,2016-12-27,05:08:00,306,4,11200
98684,2016-12-27,05:08:00,288,3,470
98685,2016-12-27,05:10:00,95,2,8483
98686,2016-12-27,05:14:00,21,1,2182
98687,2016-12-27,05:20:00,448,1,11453
98688,2016-12-27,05:20:00,437,2,859
98689,2016-12-27,05:21:00,224,1,10035
98690,2016-12-27,05:22:00,67,1,11542
98691,2016-12-27,05:28:00,42,2,4504
98692,2016-12-27,05:29:00,409,1,65
98693,2016-12-27,05:37:00,268,2,721
98694,2016-12-27,05:44:00,10,3,1841
98695,2016-12-27,05:59:00,95,2,942
98696,2016-12-27,06:00:00,48,2,1173
98697,2016-12-27,06:01:00,262,1,4941
98698,2016-12-27,06:01:00,313,1,6116
98699,2016-12-27,06:15:00,211,1,8154
98700,2016-12-27,06:19:00,176,2,10080
98701,2016-12-27,06:19:00,236,1,2367
98702,2016-12-27,06:21:00,240,1,1500
98703,2016-12-27,06:23:00,409,3,5103
98704,2016-12-27,06:25:00,151,3,11632
98705,2016-12-27,06:31:00,86,2,3505
98706,2016-12-27,06:31:00,19,2,6412
98707,2016-12-27,06:40:00,14,3,8413
98708,2016-12-27,06:43:00,70,1,5466
98709,2016-12-27,06:46:00,440,3,7275
98710,2016-12-27,06:48:00,91,2,6853
98711,2016-12-27,07:02:00,42,1,6591
98712,2016-12-27,07:14:00,200,2,10449
98713,2016-12-27,07:15:00,97,2,8883
98714,2016-12-27,07:24:00,26,1,2553
98715,2016-12-27,07:34:00,414,1,4659
98716,2016-12-27,07:40:00,109,2,3013
98717,2016-12-27,07:47:00,291,2,110
98718,2016-12-27,07:50:00,316,1,10939
98719,2016-12-27,07:51:00,85,2,10919
98720,2016-12-27,07:52:00,219,2,643
98721,2016-12-27,07:55:00,308,2,7803
98722,2016-12-27,07:57:00,209,3,3027
98723,2016-12-27,07:59:00,389,1,9776
98724,2016-12-27,08:00:00,453,1,9626
98725,2016-12-27,08:03:00,451,1,799
98726,2016-12-27,08:08:00,210,1,11849
98727,2016-12-27,08:18:00,366,3,5692
98728,2016-12-27,08:18:00,69,2,9341
98729,2016-12-27,08:21:00,275,1,1888
98730,2016-12-27,08:27:00,381,1,3196
98731,2016-12-27,08:30:00,171,1,340
98732,2016-12-27,08:38:00,402,2,9440
98733,2016-12-27,08:40:00,391,1,9065
98734,2016-12-27,08:40:00,442,1,11777
98735,2016-12-27,08:45:00,9,4,11527
98736,2016-12-27,09:03:00,93,1,10316
98737,2016-12-27,09:10:00,438,1,3615
98738,2016-12-27,09:14:00,456,2,1531
98739,2016-12-27,09:15:00,61,1,2375
98740,2016-12-27,09:17:00,318,2,2032
98741,2016-12-27,09:20:00,228,1,3145
98742,2016-12-27,09:21:00,375,1,8181
98743,2016-12-27,09:29:00,296,1,3469
98744,2016-12-27,09:33:00,381,1,10558
98745,2016-12-27,09:40:00,163,4,173
98746,2016-12-27,09:55:00,416,3,3181
98747,2016-12-27,09:56:00,328,2,5029
98748,2016-12-27,10:00:00,337,1,8889
98749,2016-12-27,10:02:00,48,1,9252
98750,2016-12-27,10:03:00,309,2,11731
98751,2016-12-27,10:04:00,455,3,3410
98752,2016-12-27,10:12:00,377,4,7805
98753,2016-12-27,10:23:00,235,1,2877
98754,2016-12-27,10:24:00,256,3,7806
98755,2016-12-27,10:26:00,219,2,6044
98756,2016-12-27,10:41:00,110,1,1098
98757,2016-12-27,10:44:00,302,5,9089
98758,2016-12-27,10:52:00,323,1,1862
98759,2016-12-27,11:06:00,203,1,5399
98760,2016-12-27,11:07:00,48,1,4328
98761,2016-12-27,11:09:00,316,2,3418
98762,2016-12-27,11:11:00,205,4,11127
98763,2016-12-27,11:18:00,402,1,166
98764,2016-12-27,11:27:00,291,1,6709
98765,2016-12-27,11:36:00,220,3,1332
98766,2016-12-27,11:48:00,450,1,9104
98767,2016-12-27,11:51:00,232,3,4269
98768,2016-12-27,11:52:00,437,2,3479
98769,2016-12-27,11:55:00,432,3,4658
98770,2016-12-27,11:56:00,295,1,3388
98771,2016-12-27,12:05:00,381,1,3560
98772,2016-12-27,12:10:00,254,1,7683
98773,2016-12-27,12:17:00,448,2,5889
98774,2016-12-27,12:17:00,71,1,4278
98775,2016-12-27,12:20:00,243,2,5985
98776,2016-12-27,12:28:00,54,2,4682
98777,2016-12-27,12:32:00,436,1,9878
98778,2016-12-27,12:34:00,98,1,7773
98779,2016-12-27,12:51:00,450,3,8437
98780,2016-12-27,12:53:00,60,1,1115
98781,2016-12-27,12:55:00,317,1,1765
98782,2016-12-27,12:56:00,377,1,101
98783,2016-12-27,13:06:00,107,2,10007
98784,2016-12-27,13:11:00,414,2,6336
98785,2016-12-27,13:15:00,170,1,1607
98786,2016-12-27,13:31:00,214,1,7587
98787,2016-12-27,13:35:00,190,1,1707
98788,2016-12-27,13:41:00,216,1,1341
98789,2016-12-27,13:43:00,148,4,9456
98790,2016-12-27,13:43:00,255,2,6026
98791,2016-12-27,13:53:00,412,1,7409
98792,2016-12-27,13:55:00,220,3,627
98793,2016-12-27,13:57:00,158,3,8896
98794,2016-12-27,13:57:00,381,4,7556
98795,2016-12-27,14:09:00,68,1,3278
98796,2016-12-27,14:14:00,195,1,10028
98797,2016-12-27,14:31:00,223,2,4478
98798,2016-12-27,14:34:00,58,3,4073
98799,2016-12-27,14:46:00,443,1,8148
98800,2016-12-27,14:47:00,162,4,6433
98801,2016-12-27,14:50:00,305,3,3679
98802,2016-12-27,14:53:00,411,4,2354
98803,2016-12-27,14:58:00,123,3,10434
98804,2016-12-27,15:11:00,304,1,4843
98805,2016-12-27,15:20:00,158,2,6317
98806,2016-12-27,15:21:00,66,2,6061
98807,2016-12-27,15:24:00,92,1,6652
98808,2016-12-27,15:24:00,148,4,10862
98809,2016-12-27,15:36:00,404,1,11277
98810,2016-12-27,15:40:00,88,2,815
98811,2016-12-27,15:52:00,312,1,8040
98812,2016-12-27,15:52:00,342,2,6262
98813,2016-12-27,16:08:00,42,2,275
98814,2016-12-27,16:14:00,296,1,7723
98815,2016-12-27,16:18:00,269,1,7045
98816,2016-12-27,16:42:00,346,3,2138
98817,2016-12-27,16:51:00,26,3,11094
98818,2016-12-27,16:51:00,95,4,5593
98819,2016-12-27,16:56:00,147,3,5785
98820,2016-12-27,16:59:00,147,2,263
98821,2016-12-27,17:01:00,255,2,11831
98822,2016-12-27,17:18:00,113,1,10896
98823,2016-12-27,17:21:00,305,4,657
98824,2016-12-27,17:23:00,264,1,3863
98825,2016-12-27,17:24:00,269,2,5122
98826,2016-12-27,17:34:00,363,3,4565
98827,2016-12-27,17:37:00,417,3,10189
98828,2016-12-27,17:40:00,52,2,10243
98829,2016-12-27,17:48:00,8,2,8704
98830,2016-12-27,18:15:00,33,3,1523
98831,2016-12-27,18:19:00,345,1,8447
98832,2016-12-27,18:22:00,79,2,8870
98833,2016-12-27,18:22:00,207,1,11621
98834,2016-12-27,18:30:00,207,2,4207
98835,2016-12-27,18:33:00,224,1,8543
98836,2016-12-27,18:33:00,363,1,11166
98837,2016-12-27,18:35:00,380,4,6232
98838,2016-12-27,18:38:00,360,1,5549
98839,2016-12-27,18:50:00,89,3,9696
98840,2016-12-27,18:52:00,23,3,10121
98841,2016-12-27,18:54:00,236,2,11358
98842,2016-12-27,18:56:00,69,2,5945
98843,2016-12-27,19:03:00,93,2,5413
98844,2016-12-27,19:09:00,57,1,1982
98845,2016-12-27,19:12:00,63,1,11819
98846,2016-12-27,19:18:00,74,2,8536
98847,2016-12-27,19:39:00,354,5,2383
98848,2016-12-27,19:44:00,355,3,6699
98849,2016-12-27,19:45:00,61,2,3085
98850,2016-12-27,19:47:00,286,1,8266
98851,2016-12-27,19:52:00,122,1,7000
98852,2016-12-27,20:08:00,427,4,4056
98853,2016-12-27,20:09:00,255,3,3764
98854,2016-12-27,20:12:00,110,4,9575
98855,2016-12-27,20:14:00,333,1,11616
98856,2016-12-27,20:15:00,326,1,1690
98857,2016-12-27,20:22:00,232,2,9944
98858,2016-12-27,20:28:00,434,1,3200
98859,2016-12-27,20:48:00,230,1,4996
98860,2016-12-27,20:50:00,161,1,1600
98861,2016-12-27,20:51:00,330,2,9786
98862,2016-12-27,20:52:00,69,4,11136
98863,2016-12-27,20:58:00,38,2,4483
98864,2016-12-27,21:01:00,162,2,6832
98865,2016-12-27,21:03:00,451,1,11356
98866,2016-12-27,21:08:00,384,2,7092
98867,2016-12-27,21:10:00,437,2,11461
98868,2016-12-27,21:14:00,146,4,2266
98869,2016-12-27,21:23:00,217,2,4621
98870,2016-12-27,21:33:00,242,2,11738
98871,2016-12-27,21:37:00,454,2,2803
98872,2016-12-27,21:38:00,431,1,11332
98873,2016-12-27,21:39:00,207,1,6600
98874,2016-12-27,21:42:00,324,2,9245
98875,2016-12-27,21:42:00,166,3,1839
98876,2016-12-27,21:52:00,256,1,1430
98877,2016-12-27,22:17:00,52,1,8716
98878,2016-12-27,22:23:00,110,2,11652
98879,2016-12-27,22:26:00,189,2,9157
98880,2016-12-27,22:26:00,89,1,11824
98881,2016-12-27,22:26:00,14,1,495
98882,2016-12-27,22:43:00,311,1,4915
98883,2016-12-27,22:50:00,332,2,5894
98884,2016-12-27,22:52:00,417,3,3081
98885,2016-12-27,22:52:00,46,1,7491
98886,2016-12-27,22:53:00,240,3,9881
98887,2016-12-27,22:54:00,307,1,5859
98888,2016-12-27,22:59:00,239,2,8684
98889,2016-12-27,23:04:00,163,2,3386
98890,2016-12-27,23:05:00,227,3,8840
98891,2016-12-27,23:21:00,394,1,11976
98892,2016-12-27,23:33:00,339,1,7569
98893,2016-12-27,23:51:00,373,2,500
98894,2016-12-27,23:54:00,215,5,2980
98895,2016-12-27,23:56:00,327,1,4651
98896,2016-12-28,00:00:00,277,1,150
98897,2016-12-28,00:06:00,179,1,6568
98898,2016-12-28,00:08:00,357,4,9132
98899,2016-12-28,00:10:00,243,2,5500
98900,2016-12-28,00:15:00,234,3,8156
98901,2016-12-28,00:17:00,269,2,5340
98902,2016-12-28,00:20:00,224,1,31
98903,2016-12-28,00:21:00,64,1,157
98904,2016-12-28,00:24:00,435,2,11261
98905,2016-12-28,00:28:00,380,1,1009
98906,2016-12-28,00:34:00,181,4,9454
98907,2016-12-28,00:44:00,358,3,1591
98908,2016-12-28,00:48:00,315,2,2801
98909,2016-12-28,00:58:00,303,3,6675
98910,2016-12-28,00:59:00,218,3,8983
98911,2016-12-28,01:03:00,19,2,3588
98912,2016-12-28,01:05:00,274,2,8464
98913,2016-12-28,01:17:00,176,1,5925
98914,2016-12-28,01:18:00,251,4,8929
98915,2016-12-28,01:18:00,243,4,1901
98916,2016-12-28,01:30:00,309,4,2931
98917,2016-12-28,01:35:00,308,1,3675
98918,2016-12-28,01:44:00,237,1,1742
98919,2016-12-28,01:55:00,101,1,9179
98920,2016-12-28,02:01:00,196,2,3714
98921,2016-12-28,02:03:00,193,1,7185
98922,2016-12-28,02:05:00,215,2,2813
98923,2016-12-28,02:10:00,111,3,1039
98924,2016-12-28,02:16:00,64,2,11635
98925,2016-12-28,02:17:00,156,3,2703
98926,2016-12-28,02:22:00,260,1,9804
98927,2016-12-28,02:26:00,67,1,10668
98928,2016-12-28,03:03:00,357,3,498
98929,2016-12-28,03:09:00,373,4,8729
98930,2016-12-28,03:10:00,153,3,4773
98931,2016-12-28,03:11:00,315,3,7634
98932,2016-12-28,03:15:00,321,1,8134
98933,2016-12-28,03:16:00,371,2,192
98934,2016-12-28,03:28:00,192,2,8569
98935,2016-12-28,03:31:00,344,1,301
98936,2016-12-28,03:34:00,182,2,3808
98937,2016-12-28,03:44:00,408,1,1537
98938,2016-12-28,03:48:00,73,3,9257
98939,2016-12-28,03:49:00,342,3,9657
98940,2016-12-28,03:49:00,212,2,6227
98941,2016-12-28,03:59:00,324,2,10130
98942,2016-12-28,04:06:00,66,1,5407
98943,2016-12-28,04:09:00,170,2,349
98944,2016-12-28,04:13:00,236,2,5124
98945,2016-12-28,04:21:00,24,2,7750
98946,2016-12-28,04:25:00,260,1,11301
98947,2016-12-28,04:38:00,120,1,9687
98948,2016-12-28,04:44:00,66,1,11218
98949,2016-12-28,05:01:00,301,1,199
98950,2016-12-28,05:01:00,272,2,10892
98951,2016-12-28,05:06:00,89,2,11297
98952,2016-12-28,05:19:00,158,1,1835
98953,2016-12-28,05:23:00,348,2,6007
98954,2016-12-28,05:27:00,23,1,6619
98955,2016-12-28,05:27:00,227,1,5243
98956,2016-12-28,05:37:00,449,4,6694
98957,2016-12-28,05:41:00,259,2,6974
98958,2016-12-28,05:46:00,54,2,8503
98959,2016-12-28,05:50:00,5,3,10138
98960,2016-12-28,05:52:00,294,2,2194
98961,2016-12-28,05:57:00,144,4,1555
98962,2016-12-28,06:02:00,216,3,1652
98963,2016-12-28,06:18:00,254,2,3591
98964,2016-12-28,06:31:00,123,2,11901
98965,2016-12-28,06:44:00,3,1,6433
98966,2016-12-28,06:44:00,421,1,7646
98967,2016-12-28,06:45:00,152,3,5150
98968,2016-12-28,06:56:00,293,1,11226
98969,2016-12-28,06:59:00,106,3,8257
98970,2016-12-28,07:09:00,38,3,6930
98971,2016-12-28,07:16:00,336,1,5177
98972,2016-12-28,07:17:00,184,1,1104
98973,2016-12-28,07:26:00,4,3,6509
98974,2016-12-28,07:27:00,30,3,5394
98975,2016-12-28,07:31:00,151,1,10057
98976,2016-12-28,07:39:00,96,2,9544
98977,2016-12-28,07:41:00,414,2,2108
98978,2016-12-28,07:47:00,30,1,6545
98979,2016-12-28,07:47:00,102,2,10752
98980,2016-12-28,07:48:00,35,1,10903
98981,2016-12-28,07:49:00,260,2,4605
98982,2016-12-28,07:53:00,376,1,9801
98983,2016-12-28,07:54:00,197,1,2608
98984,2016-12-28,08:08:00,224,2,6183
98985,2016-12-28,08:18:00,397,2,7649
98986,2016-12-28,08:18:00,2,2,9569
98987,2016-12-28,08:19:00,206,3,6633
98988,2016-12-28,08:25:00,115,3,1456
98989,2016-12-28,08:53:00,422,1,773
98990,2016-12-28,08:54:00,213,2,1549
98991,2016-12-28,09:00:00,137,3,11063
98992,2016-12-28,09:04:00,59,2,4027
98993,2016-12-28,09:05:00,229,1,3941
98994,2016-12-28,09:10:00,139,3,1786
98995,2016-12-28,09:11:00,265,4,1466
98996,2016-12-28,09:13:00,129,2,10808
98997,2016-12-28,09:17:00,131,3,7112
98998,2016-12-28,09:27:00,381,2,11924
98999,2016-12-28,09:42:00,148,6,8248
99000,2016-12-28,09:46:00,339,2,5352
99001,2016-12-28,10:00:00,272,3,3939
99002,2016-12-28,10:13:00,65,2,7218
99003,2016-12-28,10:13:00,417,2,8237
99004,2016-12-28,10:24:00,299,1,1609
99005,2016-12-28,10:40:00,149,1,10335
99006,2016-12-28,10:46:00,194,2,8291
99007,2016-12-28,10:47:00,129,3,6686
99008,2016-12-28,10:52:00,34,1,3982
99009,2016-12-28,10:54:00,285,3,6047
99010,2016-12-28,10:54:00,237,1,36
99011,2016-12-28,11:03:00,44,3,4007
99012,2016-12-28,11:06:00,437,4,647
99013,2016-12-28,11:09:00,312,2,2601
99014,2016-12-28,11:26:00,62,2,1266
99015,2016-12-28,11:28:00,131,2,1094
99016,2016-12-28,11:43:00,53,1,773
99017,2016-12-28,11:44:00,167,1,3545
99018,2016-12-28,11:44:00,321,1,808
99019,2016-12-28,11:46:00,330,1,457
99020,2016-12-28,11:47:00,438,2,3903
99021,2016-12-28,11:51:00,238,1,6406
99022,2016-12-28,11:55:00,95,1,8109
99023,2016-12-28,12:03:00,179,2,11014
99024,2016-12-28,12:12:00,21,2,9883
99025,2016-12-28,12:25:00,337,3,1513
99026,2016-12-28,12:26:00,135,2,5432
99027,2016-12-28,12:27:00,133,2,3963
99028,2016-12-28,12:31:00,355,4,9959
99029,2016-12-28,12:33:00,11,1,8042
99030,2016-12-28,12:36:00,93,2,10351
99031,2016-12-28,12:38:00,450,4,5731
99032,2016-12-28,12:51:00,41,2,8299
99033,2016-12-28,12:53:00,289,3,2042
99034,2016-12-28,13:02:00,234,2,9371
99035,2016-12-28,13:02:00,263,2,770
99036,2016-12-28,13:02:00,439,4,7137
99037,2016-12-28,13:07:00,105,3,1990
99038,2016-12-28,13:14:00,52,1,10151
99039,2016-12-28,13:21:00,163,1,1420
99040,2016-12-28,13:22:00,75,4,5442
99041,2016-12-28,13:27:00,142,1,1681
99042,2016-12-28,13:31:00,251,1,2620
99043,2016-12-28,13:38:00,6,1,5288
99044,2016-12-28,13:38:00,201,1,689
99045,2016-12-28,13:47:00,285,4,3745
99046,2016-12-28,13:48:00,329,1,10880
99047,2016-12-28,13:52:00,2,3,5541
99048,2016-12-28,13:54:00,286,1,10137
99049,2016-12-28,14:08:00,157,4,6538
99050,2016-12-28,14:11:00,325,1,7900
99051,2016-12-28,14:13:00,211,1,4359
99052,2016-12-28,14:13:00,332,3,8151
99053,2016-12-28,14:16:00,363,3,2368
99054,2016-12-28,14:19:00,256,3,7369
99055,2016-12-28,14:47:00,26,2,8355
99056,2016-12-28,14:53:00,28,3,11521
99057,2016-12-28,15:07:00,204,2,973
99058,2016-12-28,15:15:00,376,1,8200
99059,2016-12-28,15:28:00,45,2,10377
99060,2016-12-28,15:28:00,190,1,5049
99061,2016-12-28,15:29:00,347,1,3409
99062,2016-12-28,15:31:00,33,1,1131
99063,2016-12-28,15:35:00,105,4,9131
99064,2016-12-28,15:38:00,328,1,6575
99065,2016-12-28,15:42:00,227,1,2592
99066,2016-12-28,15:42:00,313,1,6787
99067,2016-12-28,15:43:00,92,1,3518
99068,2016-12-28,16:07:00,63,2,9676
99069,2016-12-28,16:12:00,454,1,341
99070,2016-12-28,16:20:00,262,2,11943
99071,2016-12-28,16:24:00,307,2,1930
99072,2016-12-28,16:26:00,93,4,1190
99073,2016-12-28,16:26:00,89,3,4516
99074,2016-12-28,16:29:00,446,1,4206
99075,2016-12-28,16:29:00,388,2,9827
99076,2016-12-28,16:34:00,340,3,10688
99077,2016-12-28,16:40:00,347,2,4746
99078,2016-12-28,16:41:00,178,2,10454
99079,2016-12-28,16:49:00,458,1,10878
99080,2016-12-28,16:50:00,420,2,2251
99081,2016-12-28,16:54:00,81,2,7265
99082,2016-12-28,16:54:00,451,3,2893
99083,2016-12-28,16:56:00,194,5,11601
99084,2016-12-28,16:59:00,235,3,1074
99085,2016-12-28,17:05:00,141,4,9214
99086,2016-12-28,17:12:00,243,3,196
99087,2016-12-28,17:19:00,167,2,9779
99088,2016-12-28,17:29:00,122,2,3489
99089,2016-12-28,17:30:00,126,1,9673
99090,2016-12-28,17:37:00,214,3,11457
99091,2016-12-28,17:39:00,435,2,8608
99092,2016-12-28,17:42:00,145,2,7469
99093,2016-12-28,17:43:00,199,2,12
99094,2016-12-28,17:48:00,395,3,3925
99095,2016-12-28,17:52:00,435,1,9027
99096,2016-12-28,17:56:00,117,1,7842
99097,2016-12-28,17:57:00,223,1,11558
99098,2016-12-28,18:02:00,181,1,4270
99099,2016-12-28,18:10:00,111,2,6513
99100,2016-12-28,18:12:00,376,1,40
99101,2016-12-28,18:20:00,377,1,871
99102,2016-12-28,18:23:00,269,3,11401
99103,2016-12-28,18:24:00,437,1,3204
99104,2016-12-28,18:29:00,251,3,7199
99105,2016-12-28,18:30:00,421,1,1166
99106,2016-12-28,18:42:00,447,2,11434
99107,2016-12-28,18:43:00,93,3,2039
99108,2016-12-28,18:51:00,382,3,128
99109,2016-12-28,18:54:00,349,1,946
99110,2016-12-28,18:55:00,153,1,11812
99111,2016-12-28,18:57:00,160,4,9811
99112,2016-12-28,18:58:00,90,1,3443
99113,2016-12-28,19:08:00,258,3,9887
99114,2016-12-28,19:08:00,333,3,10386
99115,2016-12-28,19:14:00,314,2,8583
99116,2016-12-28,19:15:00,346,4,615
99117,2016-12-28,19:16:00,363,3,3707
99118,2016-12-28,19:22:00,145,3,107
99119,2016-12-28,19:40:00,212,3,5639
99120,2016-12-28,19:53:00,442,1,6208
99121,2016-12-28,19:57:00,216,3,10385
99122,2016-12-28,20:05:00,49,1,322
99123,2016-12-28,20:12:00,128,1,4274
99124,2016-12-28,20:14:00,53,1,105
99125,2016-12-28,20:15:00,431,1,3894
99126,2016-12-28,20:17:00,171,3,2247
99127,2016-12-28,20:18:00,40,1,7532
99128,2016-12-28,20:20:00,178,1,10492
99129,2016-12-28,20:20:00,94,2,11796
99130,2016-12-28,20:28:00,161,1,1883
99131,2016-12-28,20:38:00,244,1,7061
99132,2016-12-28,20:42:00,203,3,120
99133,2016-12-28,20:53:00,281,1,5160
99134,2016-12-28,21:05:00,281,3,2518
99135,2016-12-28,21:13:00,112,2,1485
99136,2016-12-28,21:14:00,404,1,3976
99137,2016-12-28,21:20:00,39,2,5482
99138,2016-12-28,21:28:00,102,1,5246
99139,2016-12-28,21:36:00,216,2,5255
99140,2016-12-28,21:54:00,204,1,2137
99141,2016-12-28,21:58:00,89,2,9408
99142,2016-12-28,22:04:00,448,2,3719
99143,2016-12-28,22:04:00,297,2,2307
99144,2016-12-28,22:11:00,205,3,10803
99145,2016-12-28,22:16:00,12,4,3185
99146,2016-12-28,22:39:00,22,1,1119
99147,2016-12-28,22:46:00,20,1,4518
99148,2016-12-28,22:48:00,185,3,6285
99149,2016-12-28,23:01:00,16,1,1459
99150,2016-12-28,23:01:00,205,2,4859
99151,2016-12-28,23:07:00,55,3,1745
99152,2016-12-28,23:14:00,426,1,7669
99153,2016-12-28,23:16:00,303,2,10107
99154,2016-12-28,23:33:00,230,2,9107
99155,2016-12-28,23:38:00,102,3,3862
99156,2016-12-28,23:42:00,37,1,6415
99157,2016-12-28,23:47:00,248,1,9988
99158,2016-12-28,23:49:00,413,1,6887
99159,2016-12-28,23:51:00,455,1,3205
99160,2016-12-28,23:51:00,376,1,3776
99161,2016-12-28,23:54:00,166,1,6499
99162,2016-12-29,00:03:00,378,3,28
99163,2016-12-29,00:07:00,38,3,9961
99164,2016-12-29,00:10:00,13,2,11079
99165,2016-12-29,00:15:00,440,3,5597
99166,2016-12-29,00:17:00,244,1,1523
99167,2016-12-29,00:33:00,146,1,11790
99168,2016-12-29,00:40:00,247,1,11242
99169,2016-12-29,00:42:00,67,1,8907
99170,2016-12-29,00:47:00,58,2,11632
99171,2016-12-29,00:54:00,438,2,211
99172,2016-12-29,00:55:00,409,2,5143
99173,2016-12-29,00:55:00,416,4,8326
99174,2016-12-29,00:56:00,445,2,6162
99175,2016-12-29,00:59:00,24,1,10745
99176,2016-12-29,01:02:00,413,1,761
99177,2016-12-29,01:12:00,10,3,5841
99178,2016-12-29,01:14:00,413,1,6426
99179,2016-12-29,01:18:00,360,3,2646
99180,2016-12-29,01:42:00,97,5,3303
99181,2016-12-29,01:47:00,50,3,7087
99182,2016-12-29,01:50:00,443,3,9011
99183,2016-12-29,01:51:00,93,1,482
99184,2016-12-29,01:55:00,346,3,5906
99185,2016-12-29,02:11:00,254,2,9114
99186,2016-12-29,02:28:00,356,2,11749
99187,2016-12-29,02:29:00,107,2,11249
99188,2016-12-29,02:32:00,42,2,10700
99189,2016-12-29,02:33:00,35,1,269
99190,2016-12-29,02:34:00,250,2,5879
99191,2016-12-29,02:43:00,145,3,1911
99192,2016-12-29,02:51:00,273,1,10084
99193,2016-12-29,03:00:00,237,3,10237
99194,2016-12-29,03:01:00,329,2,2435
99195,2016-12-29,03:07:00,49,3,10278
99196,2016-12-29,03:10:00,314,2,3579
99197,2016-12-29,03:13:00,40,3,8247
99198,2016-12-29,03:26:00,435,2,9013
99199,2016-12-29,03:30:00,228,2,3464
99200,2016-12-29,03:47:00,327,3,7554
99201,2016-12-29,03:50:00,149,3,6665
99202,2016-12-29,03:51:00,191,2,10984
99203,2016-12-29,04:04:00,140,1,3131
99204,2016-12-29,04:05:00,429,4,579
99205,2016-12-29,04:05:00,281,2,3802
99206,2016-12-29,04:12:00,228,1,6085
99207,2016-12-29,04:13:00,100,2,8310
99208,2016-12-29,04:15:00,168,1,5018
99209,2016-12-29,04:17:00,285,2,2875
99210,2016-12-29,04:29:00,36,2,8160
99211,2016-12-29,04:29:00,279,1,11184
99212,2016-12-29,04:31:00,230,2,1583
99213,2016-12-29,04:42:00,396,2,3736
99214,2016-12-29,04:42:00,271,3,3011
99215,2016-12-29,04:45:00,448,1,749
99216,2016-12-29,04:52:00,18,2,8198
99217,2016-12-29,04:57:00,447,2,10521
99218,2016-12-29,05:01:00,138,2,4532
99219,2016-12-29,05:11:00,251,2,2731
99220,2016-12-29,05:27:00,116,5,1515
99221,2016-12-29,05:28:00,377,2,1757
99222,2016-12-29,05:28:00,341,3,2060
99223,2016-12-29,05:31:00,342,3,9944
99224,2016-12-29,05:42:00,146,2,3063
99225,2016-12-29,05:44:00,240,2,8002
99226,2016-12-29,05:44:00,422,2,10716
99227,2016-12-29,05:51:00,210,1,9740
99228,2016-12-29,05:52:00,137,1,8880
99229,2016-12-29,05:53:00,101,2,9143
99230,2016-12-29,05:55:00,93,1,8439
99231,2016-12-29,06:00:00,417,1,8468
99232,2016-12-29,06:02:00,355,2,4595
99233,2016-12-29,06:04:00,248,1,4846
99234,2016-12-29,06:10:00,25,3,10017
99235,2016-12-29,06:16:00,435,2,6687
99236,2016-12-29,06:24:00,246,2,5922
99237,2016-12-29,06:25:00,22,1,3186
99238,2016-12-29,06:25:00,236,1,8413
99239,2016-12-29,06:27:00,254,3,4257
99240,2016-12-29,06:42:00,142,1,10252
99241,2016-12-29,06:43:00,11,3,7359
99242,2016-12-29,06:53:00,230,1,9488
99243,2016-12-29,06:57:00,418,3,5594
99244,2016-12-29,07:06:00,56,5,10603
99245,2016-12-29,07:07:00,176,2,11030
99246,2016-12-29,07:08:00,183,2,6731
99247,2016-12-29,07:11:00,251,3,7660
99248,2016-12-29,07:13:00,417,3,7537
99249,2016-12-29,07:19:00,29,1,5244
99250,2016-12-29,07:25:00,106,2,1333
99251,2016-12-29,07:28:00,86,1,970
99252,2016-12-29,07:30:00,82,1,11996
99253,2016-12-29,07:31:00,266,2,6273
99254,2016-12-29,07:36:00,78,2,4798
99255,2016-12-29,07:40:00,373,1,7117
99256,2016-12-29,07:42:00,392,2,1046
99257,2016-12-29,07:45:00,204,2,5588
99258,2016-12-29,07:49:00,410,1,8734
99259,2016-12-29,07:49:00,377,2,8329
99260,2016-12-29,07:53:00,443,2,11053
99261,2016-12-29,08:02:00,155,1,4324
99262,2016-12-29,08:11:00,231,2,8167
99263,2016-12-29,08:15:00,454,2,902
99264,2016-12-29,08:28:00,159,2,2649
99265,2016-12-29,08:31:00,187,2,2323
99266,2016-12-29,08:36:00,216,1,1735
99267,2016-12-29,08:38:00,299,1,657
99268,2016-12-29,08:42:00,425,1,7743
99269,2016-12-29,08:46:00,65,2,811
99270,2016-12-29,08:48:00,36,1,14
99271,2016-12-29,08:53:00,450,1,11157
99272,2016-12-29,08:57:00,426,2,1018
99273,2016-12-29,09:03:00,421,1,820
99274,2016-12-29,09:20:00,168,2,2051
99275,2016-12-29,09:24:00,297,2,10917
99276,2016-12-29,09:38:00,193,2,4056
99277,2016-12-29,09:39:00,256,1,9994
99278,2016-12-29,09:46:00,347,1,2291
99279,2016-12-29,09:53:00,105,1,6135
99280,2016-12-29,09:53:00,86,2,10399
99281,2016-12-29,09:55:00,28,1,9619
99282,2016-12-29,09:56:00,187,3,4675
99283,2016-12-29,10:03:00,319,2,5283
99284,2016-12-29,10:06:00,210,1,1299
99285,2016-12-29,10:07:00,193,1,3914
99286,2016-12-29,10:26:00,150,1,4526
99287,2016-12-29,10:32:00,333,1,11954
99288,2016-12-29,10:34:00,249,2,5093
99289,2016-12-29,10:46:00,453,3,9624
99290,2016-12-29,10:49:00,143,3,3746
99291,2016-12-29,10:50:00,364,1,1945
99292,2016-12-29,11:05:00,345,1,9056
99293,2016-12-29,11:15:00,450,1,376
99294,2016-12-29,11:16:00,77,3,3071
99295,2016-12-29,11:38:00,219,1,3566
99296,2016-12-29,11:44:00,390,3,7734
99297,2016-12-29,11:52:00,8,1,4361
99298,2016-12-29,12:06:00,39,5,11939
99299,2016-12-29,12:09:00,155,1,5986
99300,2016-12-29,12:10:00,13,1,9414
99301,2016-12-29,12:13:00,108,3,5170
99302,2016-12-29,12:13:00,425,1,6628
99303,2016-12-29,12:15:00,401,3,6601
99304,2016-12-29,12:19:00,188,1,5203
99305,2016-12-29,12:22:00,188,1,2547
99306,2016-12-29,12:30:00,379,1,8427
99307,2016-12-29,12:34:00,251,1,9004
99308,2016-12-29,12:36:00,435,2,4949
99309,2016-12-29,12:36:00,264,2,9748
99310,2016-12-29,12:36:00,225,1,2593
99311,2016-12-29,12:42:00,141,1,7362
99312,2016-12-29,12:52:00,354,1,5742
99313,2016-12-29,12:57:00,1,1,7520
99314,2016-12-29,12:58:00,138,3,11541
99315,2016-12-29,12:59:00,217,2,10156
99316,2016-12-29,13:01:00,214,1,883
99317,2016-12-29,13:17:00,32,3,4907
99318,2016-12-29,13:24:00,410,2,2997
99319,2016-12-29,13:30:00,198,3,9110
99320,2016-12-29,13:31:00,175,1,8932
99321,2016-12-29,13:35:00,234,2,8492
99322,2016-12-29,13:38:00,17,2,8076
99323,2016-12-29,13:46:00,141,2,11975
99324,2016-12-29,13:48:00,125,2,5843
99325,2016-12-29,13:57:00,354,2,8068
99326,2016-12-29,14:07:00,315,1,9184
99327,2016-12-29,14:09:00,205,1,5239
99328,2016-12-29,14:11:00,55,2,9790
99329,2016-12-29,14:12:00,435,1,4390
99330,2016-12-29,14:13:00,170,1,8129
99331,2016-12-29,14:19:00,77,1,9417
99332,2016-12-29,14:27:00,337,2,21
99333,2016-12-29,14:40:00,139,2,8442
99334,2016-12-29,14:40:00,448,2,11294
99335,2016-12-29,14:42:00,267,2,11930
99336,2016-12-29,14:42:00,211,2,11218
99337,2016-12-29,14:43:00,174,2,1416
99338,2016-12-29,15:00:00,379,3,8167
99339,2016-12-29,15:01:00,38,3,8361
99340,2016-12-29,15:09:00,364,2,5074
99341,2016-12-29,15:11:00,140,4,3387
99342,2016-12-29,15:26:00,337,1,3154
99343,2016-12-29,15:33:00,308,3,4064
99344,2016-12-29,15:39:00,158,1,6373
99345,2016-12-29,15:42:00,178,1,8114
99346,2016-12-29,15:50:00,200,2,818
99347,2016-12-29,15:51:00,36,1,5373
99348,2016-12-29,15:51:00,253,3,778
99349,2016-12-29,15:54:00,349,2,10661
99350,2016-12-29,15:57:00,28,1,4892
99351,2016-12-29,16:02:00,298,2,270
99352,2016-12-29,16:16:00,90,1,8337
99353,2016-12-29,16:21:00,112,1,2049
99354,2016-12-29,16:26:00,286,2,3891
99355,2016-12-29,16:27:00,42,5,1620
99356,2016-12-29,16:34:00,328,1,5109
99357,2016-12-29,16:38:00,211,2,8812
99358,2016-12-29,16:39:00,183,3,8204
99359,2016-12-29,16:42:00,160,1,9690
99360,2016-12-29,16:45:00,33,2,4421
99361,2016-12-29,16:46:00,321,1,4757
99362,2016-12-29,16:46:00,196,1,9471
99363,2016-12-29,16:49:00,259,2,7955
99364,2016-12-29,17:00:00,218,3,2195
99365,2016-12-29,17:07:00,345,1,1768
99366,2016-12-29,17:14:00,144,3,7770
99367,2016-12-29,17:15:00,430,2,2261
99368,2016-12-29,17:33:00,125,2,8063
99369,2016-12-29,17:38:00,68,3,3345
99370,2016-12-29,17:41:00,321,1,9065
99371,2016-12-29,17:41:00,54,1,6761
99372,2016-12-29,17:50:00,284,4,9849
99373,2016-12-29,17:50:00,4,2,8349
99374,2016-12-29,18:01:00,13,3,4380
99375,2016-12-29,18:04:00,281,2,1558
99376,2016-12-29,18:06:00,372,3,8442
99377,2016-12-29,18:07:00,47,3,3285
99378,2016-12-29,18:15:00,191,2,11832
99379,2016-12-29,18:15:00,455,4,3190
99380,2016-12-29,18:19:00,187,2,4577
99381,2016-12-29,18:36:00,92,2,9187
99382,2016-12-29,18:39:00,334,1,10108
99383,2016-12-29,18:41:00,66,3,1471
99384,2016-12-29,18:41:00,340,2,3951
99385,2016-12-29,18:43:00,178,3,4326
99386,2016-12-29,18:44:00,440,3,10138
99387,2016-12-29,19:01:00,376,1,11658
99388,2016-12-29,19:03:00,34,2,8148
99389,2016-12-29,19:10:00,97,3,7319
99390,2016-12-29,19:22:00,98,4,908
99391,2016-12-29,19:23:00,327,2,1102
99392,2016-12-29,19:23:00,66,3,8501
99393,2016-12-29,19:31:00,17,2,5598
99394,2016-12-29,19:34:00,409,2,2178
99395,2016-12-29,19:36:00,65,1,11800
99396,2016-12-29,19:37:00,449,2,1240
99397,2016-12-29,19:44:00,300,4,6526
99398,2016-12-29,19:49:00,171,3,430
99399,2016-12-29,19:51:00,251,1,1580
99400,2016-12-29,19:52:00,439,2,6167
99401,2016-12-29,20:05:00,180,1,2965
99402,2016-12-29,20:07:00,336,3,5205
99403,2016-12-29,20:11:00,59,2,7859
99404,2016-12-29,20:17:00,281,3,5136
99405,2016-12-29,20:18:00,13,2,10109
99406,2016-12-29,20:23:00,29,1,11071
99407,2016-12-29,20:30:00,397,2,4080
99408,2016-12-29,20:34:00,251,2,6846
99409,2016-12-29,20:38:00,331,1,6835
99410,2016-12-29,20:43:00,420,2,9701
99411,2016-12-29,20:44:00,113,2,7652
99412,2016-12-29,20:47:00,69,2,10306
99413,2016-12-29,20:47:00,109,1,4267
99414,2016-12-29,20:56:00,48,1,1011
99415,2016-12-29,21:00:00,50,2,1184
99416,2016-12-29,21:10:00,222,3,409
99417,2016-12-29,21:14:00,393,2,11474
99418,2016-12-29,21:17:00,39,2,2147
99419,2016-12-29,21:25:00,319,1,8549
99420,2016-12-29,21:26:00,369,1,4491
99421,2016-12-29,21:26:00,65,1,11899
99422,2016-12-29,21:27:00,257,1,713
99423,2016-12-29,21:28:00,107,3,1067
99424,2016-12-29,21:33:00,49,1,11711
99425,2016-12-29,21:38:00,299,2,8076
99426,2016-12-29,21:44:00,260,1,10338
99427,2016-12-29,21:46:00,36,4,7468
99428,2016-12-29,21:53:00,297,3,10003
99429,2016-12-29,21:53:00,445,1,748
99430,2016-12-29,21:57:00,114,2,1335
99431,2016-12-29,22:00:00,274,2,11620
99432,2016-12-29,22:05:00,174,2,9760
99433,2016-12-29,22:07:00,64,1,9317
99434,2016-12-29,22:09:00,334,3,599
99435,2016-12-29,22:12:00,97,2,2221
99436,2016-12-29,22:17:00,411,2,7105
99437,2016-12-29,22:31:00,142,2,1873
99438,2016-12-29,22:31:00,449,2,8647
99439,2016-12-29,22:43:00,391,2,1726
99440,2016-12-29,22:44:00,112,1,8461
99441,2016-12-29,22:49:00,448,1,2471
99442,2016-12-29,22:51:00,37,1,6626
99443,2016-12-29,22:52:00,181,2,1161
99444,2016-12-29,23:09:00,62,2,9188
99445,2016-12-29,23:17:00,196,2,2847
99446,2016-12-29,23:17:00,421,2,3098
99447,2016-12-29,23:21:00,15,1,6745
99448,2016-12-29,23:28:00,257,1,11881
99449,2016-12-29,23:29:00,31,2,7632
99450,2016-12-29,23:51:00,211,3,1164
99451,2016-12-30,00:11:00,226,2,10790
99452,2016-12-30,00:16:00,66,3,5002
99453,2016-12-30,00:17:00,263,3,925
99454,2016-12-30,00:18:00,35,1,10104
99455,2016-12-30,00:20:00,94,5,2687
99456,2016-12-30,00:22:00,211,3,1860
99457,2016-12-30,00:23:00,308,2,6488
99458,2016-12-30,00:25:00,362,1,3572
99459,2016-12-30,00:36:00,347,1,8549
99460,2016-12-30,00:40:00,115,1,9506
99461,2016-12-30,00:41:00,240,1,11174
99462,2016-12-30,00:43:00,381,2,2376
99463,2016-12-30,00:49:00,358,3,1369
99464,2016-12-30,00:52:00,136,1,9768
99465,2016-12-30,01:04:00,455,2,3854
99466,2016-12-30,01:08:00,344,3,4945
99467,2016-12-30,01:10:00,248,1,10319
99468,2016-12-30,01:13:00,439,1,8237
99469,2016-12-30,01:18:00,332,1,1217
99470,2016-12-30,01:22:00,187,1,10750
99471,2016-12-30,01:26:00,105,2,2646
99472,2016-12-30,01:27:00,51,1,4246
99473,2016-12-30,01:33:00,283,4,11681
99474,2016-12-30,01:37:00,254,3,2264
99475,2016-12-30,01:44:00,291,1,10865
99476,2016-12-30,02:01:00,348,3,2020
99477,2016-12-30,02:16:00,253,2,5806
99478,2016-12-30,02:27:00,112,1,2895
99479,2016-12-30,02:33:00,272,2,8857
99480,2016-12-30,03:02:00,425,2,2098
99481,2016-12-30,03:03:00,421,2,6083
99482,2016-12-30,03:07:00,47,1,202
99483,2016-12-30,03:14:00,243,2,9839
99484,2016-12-30,03:17:00,180,3,3105
99485,2016-12-30,03:25:00,420,1,5390
99486,2016-12-30,03:25:00,298,1,9660
99487,2016-12-30,03:26:00,427,3,2746
99488,2016-12-30,03:28:00,161,2,1828
99489,2016-12-30,03:28:00,203,2,4929
99490,2016-12-30,03:28:00,88,1,168
99491,2016-12-30,03:33:00,227,3,11419
99492,2016-12-30,03:41:00,22,5,1694
99493,2016-12-30,03:46:00,116,1,10707
99494,2016-12-30,03:55:00,70,3,3294
99495,2016-12-30,03:58:00,297,2,8056
99496,2016-12-30,03:59:00,258,1,1710
99497,2016-12-30,04:04:00,131,2,2259
99498,2016-12-30,04:16:00,318,4,7104
99499,2016-12-30,04:21:00,236,1,7254
99500,2016-12-30,04:27:00,212,2,2852
99501,2016-12-30,04:31:00,441,2,808
99502,2016-12-30,04:40:00,73,3,3432
99503,2016-12-30,04:44:00,59,5,6608
99504,2016-12-30,04:46:00,328,3,11856
99505,2016-12-30,04:46:00,151,1,1269
99506,2016-12-30,04:57:00,451,2,1265
99507,2016-12-30,05:10:00,228,1,924
99508,2016-12-30,05:14:00,432,2,865
99509,2016-12-30,05:21:00,417,2,7903
99510,2016-12-30,05:24:00,300,3,890
99511,2016-12-30,05:31:00,59,2,344
99512,2016-12-30,05:35:00,47,2,849
99513,2016-12-30,05:37:00,25,1,6053
99514,2016-12-30,05:37:00,92,1,3017
99515,2016-12-30,05:45:00,90,2,3548
99516,2016-12-30,05:46:00,161,1,613
99517,2016-12-30,05:50:00,62,3,9560
99518,2016-12-30,05:53:00,313,1,7766
99519,2016-12-30,06:00:00,8,3,9914
99520,2016-12-30,06:05:00,29,1,10554
99521,2016-12-30,06:07:00,182,2,2963
99522,2016-12-30,06:26:00,199,2,4763
99523,2016-12-30,06:28:00,242,3,7113
99524,2016-12-30,06:44:00,6,2,11037
99525,2016-12-30,06:49:00,368,2,7970
99526,2016-12-30,06:51:00,180,3,4292
99527,2016-12-30,06:53:00,283,3,5325
99528,2016-12-30,06:54:00,146,1,3534
99529,2016-12-30,06:54:00,17,3,6998
99530,2016-12-30,06:58:00,379,1,10870
99531,2016-12-30,07:06:00,38,1,3713
99532,2016-12-30,07:07:00,285,3,7219
99533,2016-12-30,07:15:00,411,3,10732
99534,2016-12-30,07:20:00,288,3,3151
99535,2016-12-30,07:28:00,80,1,9725
99536,2016-12-30,07:28:00,87,3,4522
99537,2016-12-30,07:50:00,72,3,8522
99538,2016-12-30,07:51:00,283,1,4952
99539,2016-12-30,08:05:00,299,2,8108
99540,2016-12-30,08:13:00,153,1,2897
99541,2016-12-30,08:15:00,397,1,9898
99542,2016-12-30,08:26:00,86,2,10938
99543,2016-12-30,08:30:00,291,1,7431
99544,2016-12-30,09:00:00,128,4,1081
99545,2016-12-30,09:05:00,364,2,9086
99546,2016-12-30,09:13:00,84,2,4718
99547,2016-12-30,09:16:00,395,2,2896
99548,2016-12-30,09:17:00,1,1,11049
99549,2016-12-30,09:22:00,227,3,11280
99550,2016-12-30,09:47:00,218,1,8672
99551,2016-12-30,09:50:00,330,2,3622
99552,2016-12-30,09:50:00,77,4,8581
99553,2016-12-30,09:53:00,231,1,7506
99554,2016-12-30,10:00:00,79,1,1711
99555,2016-12-30,10:02:00,252,3,3455
99556,2016-12-30,10:16:00,356,2,3772
99557,2016-12-30,10:21:00,176,2,7079
99558,2016-12-30,10:29:00,389,1,1945
99559,2016-12-30,10:30:00,140,3,1416
99560,2016-12-30,10:33:00,47,2,6855
99561,2016-12-30,10:34:00,330,3,1909
99562,2016-12-30,10:35:00,440,3,10612
99563,2016-12-30,10:43:00,453,1,9050
99564,2016-12-30,10:45:00,338,3,10591
99565,2016-12-30,10:46:00,231,2,2437
99566,2016-12-30,10:59:00,103,2,1645
99567,2016-12-30,11:00:00,131,3,6262
99568,2016-12-30,11:07:00,231,1,11476
99569,2016-12-30,11:09:00,318,2,2254
99570,2016-12-30,11:17:00,38,3,11703
99571,2016-12-30,11:24:00,117,3,10246
99572,2016-12-30,11:26:00,433,2,4729
99573,2016-12-30,11:35:00,9,2,11439
99574,2016-12-30,11:38:00,139,3,11847
99575,2016-12-30,11:39:00,398,2,68
99576,2016-12-30,11:41:00,5,2,7859
99577,2016-12-30,11:57:00,231,2,1584
99578,2016-12-30,11:58:00,412,2,1181
99579,2016-12-30,11:59:00,300,6,3798
99580,2016-12-30,12:04:00,100,1,1588
99581,2016-12-30,12:12:00,241,1,6556
99582,2016-12-30,12:15:00,408,2,793
99583,2016-12-30,12:16:00,428,1,1620
99584,2016-12-30,12:28:00,141,3,3749
99585,2016-12-30,12:39:00,233,3,7804
99586,2016-12-30,12:42:00,171,1,11699
99587,2016-12-30,12:50:00,2,3,100
99588,2016-12-30,12:51:00,90,2,3258
99589,2016-12-30,12:55:00,208,2,8778
99590,2016-12-30,12:59:00,444,1,9795
99591,2016-12-30,13:01:00,318,2,2954
99592,2016-12-30,13:03:00,229,2,2999
99593,2016-12-30,13:10:00,163,2,4275
99594,2016-12-30,13:19:00,136,1,10054
99595,2016-12-30,13:22:00,133,1,1051
99596,2016-12-30,13:25:00,155,4,1574
99597,2016-12-30,13:41:00,355,2,1599
99598,2016-12-30,13:45:00,272,2,4053
99599,2016-12-30,13:50:00,309,5,1678
99600,2016-12-30,13:51:00,6,2,11691
99601,2016-12-30,13:51:00,279,2,10387
99602,2016-12-30,14:01:00,101,4,1525
99603,2016-12-30,14:05:00,242,2,4955
99604,2016-12-30,14:15:00,418,2,7169
99605,2016-12-30,14:19:00,257,2,1012
99606,2016-12-30,14:22:00,20,2,7133
99607,2016-12-30,14:25:00,87,1,808
99608,2016-12-30,14:26:00,70,1,5117
99609,2016-12-30,14:28:00,443,1,3080
99610,2016-12-30,14:28:00,434,2,3486
99611,2016-12-30,14:31:00,176,1,1273
99612,2016-12-30,14:32:00,285,2,10664
99613,2016-12-30,14:35:00,379,2,7877
99614,2016-12-30,15:01:00,87,3,10274
99615,2016-12-30,15:05:00,384,1,4741
99616,2016-12-30,15:24:00,415,1,8333
99617,2016-12-30,15:27:00,178,2,658
99618,2016-12-30,15:28:00,445,1,2451
99619,2016-12-30,15:29:00,360,2,9019
99620,2016-12-30,15:38:00,252,3,1587
99621,2016-12-30,15:39:00,334,1,1408
99622,2016-12-30,15:41:00,457,2,5123
99623,2016-12-30,15:44:00,449,2,6483
99624,2016-12-30,15:53:00,169,2,8807
99625,2016-12-30,15:53:00,100,1,9971
99626,2016-12-30,15:55:00,437,1,8894
99627,2016-12-30,15:59:00,295,2,11657
99628,2016-12-30,16:02:00,304,3,7525
99629,2016-12-30,16:04:00,241,2,7813
99630,2016-12-30,16:11:00,411,2,906
99631,2016-12-30,16:14:00,211,2,3453
99632,2016-12-30,16:28:00,8,2,6033
99633,2016-12-30,16:47:00,341,3,8370
99634,2016-12-30,16:47:00,361,1,2161
99635,2016-12-30,16:55:00,366,1,7655
99636,2016-12-30,17:05:00,309,2,7279
99637,2016-12-30,17:12:00,228,3,3700
99638,2016-12-30,17:25:00,232,2,9509
99639,2016-12-30,17:28:00,369,1,818
99640,2016-12-30,17:37:00,213,3,6239
99641,2016-12-30,17:37:00,2,1,366
99642,2016-12-30,17:41:00,64,3,9718
99643,2016-12-30,17:41:00,95,1,7747
99644,2016-12-30,17:44:00,372,2,11724
99645,2016-12-30,17:50:00,289,3,2429
99646,2016-12-30,17:52:00,408,2,1590
99647,2016-12-30,17:57:00,61,1,9328
99648,2016-12-30,18:00:00,376,1,6579
99649,2016-12-30,18:12:00,59,3,6426
99650,2016-12-30,18:17:00,238,1,9522
99651,2016-12-30,18:17:00,232,2,2535
99652,2016-12-30,18:28:00,229,3,3372
99653,2016-12-30,18:29:00,248,2,4015
99654,2016-12-30,18:34:00,270,2,4732
99655,2016-12-30,18:35:00,116,2,9800
99656,2016-12-30,18:40:00,160,3,7335
99657,2016-12-30,18:40:00,444,2,304
99658,2016-12-30,18:46:00,163,3,3736
99659,2016-12-30,18:49:00,8,1,6384
99660,2016-12-30,18:55:00,105,2,10811
99661,2016-12-30,18:57:00,332,2,9060
99662,2016-12-30,18:57:00,278,2,7031
99663,2016-12-30,19:02:00,77,1,40
99664,2016-12-30,19:09:00,322,2,3788
99665,2016-12-30,19:21:00,334,3,3310
99666,2016-12-30,19:31:00,44,2,204
99667,2016-12-30,19:31:00,172,4,3932
99668,2016-12-30,19:40:00,30,1,9250
99669,2016-12-30,19:42:00,422,4,3825
99670,2016-12-30,19:49:00,448,1,10364
99671,2016-12-30,19:49:00,417,5,9937
99672,2016-12-30,20:06:00,281,3,5765
99673,2016-12-30,20:08:00,365,1,6107
99674,2016-12-30,20:09:00,109,1,2603
99675,2016-12-30,20:14:00,55,2,3045
99676,2016-12-30,20:28:00,30,3,1455
99677,2016-12-30,20:29:00,272,4,2893
99678,2016-12-30,20:34:00,81,2,9854
99679,2016-12-30,20:43:00,386,2,6415
99680,2016-12-30,20:44:00,247,1,4551
99681,2016-12-30,20:46:00,345,1,5391
99682,2016-12-30,20:50:00,241,2,11430
99683,2016-12-30,21:00:00,48,2,10446
99684,2016-12-30,21:04:00,329,5,1728
99685,2016-12-30,21:08:00,324,2,3087
99686,2016-12-30,21:11:00,292,4,7182
99687,2016-12-30,21:14:00,152,3,4730
99688,2016-12-30,21:16:00,47,2,5494
99689,2016-12-30,21:24:00,79,2,7624
99690,2016-12-30,21:30:00,325,4,10217
99691,2016-12-30,21:32:00,111,2,4326
99692,2016-12-30,21:37:00,436,2,6838
99693,2016-12-30,21:38:00,338,3,11354
99694,2016-12-30,21:39:00,226,2,9898
99695,2016-12-30,21:39:00,123,1,2135
99696,2016-12-30,21:46:00,274,2,9263
99697,2016-12-30,21:47:00,297,1,5776
99698,2016-12-30,21:48:00,174,5,4519
99699,2016-12-30,22:15:00,324,2,8223
99700,2016-12-30,22:18:00,337,2,1327
99701,2016-12-30,22:18:00,455,2,3775
99702,2016-12-30,22:22:00,412,1,4955
99703,2016-12-30,22:24:00,116,2,9824
99704,2016-12-30,22:25:00,3,1,8641
99705,2016-12-30,22:32:00,354,2,1018
99706,2016-12-30,22:49:00,198,1,4948
99707,2016-12-30,22:51:00,128,3,5447
99708,2016-12-30,22:51:00,151,2,6056
99709,2016-12-30,22:53:00,206,2,9489
99710,2016-12-30,22:56:00,136,2,1641
99711,2016-12-30,23:00:00,225,5,11935
99712,2016-12-30,23:03:00,17,1,5377
99713,2016-12-30,23:21:00,326,2,11499
99714,2016-12-30,23:23:00,26,2,10541
99715,2016-12-30,23:28:00,456,1,9389
99716,2016-12-30,23:37:00,452,2,9052
99717,2016-12-30,23:49:00,30,2,10191
99718,2016-12-31,00:04:00,374,1,2457
99719,2016-12-31,00:08:00,136,2,11990
99720,2016-12-31,00:11:00,277,4,6447
99721,2016-12-31,00:13:00,455,4,5293
99722,2016-12-31,00:16:00,107,1,10351
99723,2016-12-31,00:21:00,55,3,3719
99724,2016-12-31,00:23:00,228,1,791
99725,2016-12-31,00:24:00,457,3,5600
99726,2016-12-31,00:24:00,441,5,3377
99727,2016-12-31,00:26:00,239,2,3969
99728,2016-12-31,00:27:00,196,4,6622
99729,2016-12-31,00:32:00,203,2,7790
99730,2016-12-31,00:35:00,42,2,11419
99731,2016-12-31,00:35:00,228,3,4534
99732,2016-12-31,00:49:00,397,1,5287
99733,2016-12-31,00:53:00,144,1,6995
99734,2016-12-31,01:01:00,75,3,6314
99735,2016-12-31,01:15:00,158,2,6093
99736,2016-12-31,01:22:00,311,1,10910
99737,2016-12-31,01:25:00,116,3,1518
99738,2016-12-31,01:34:00,268,1,3223
99739,2016-12-31,01:44:00,446,3,11216
99740,2016-12-31,01:53:00,147,2,9245
99741,2016-12-31,02:00:00,299,2,1118
99742,2016-12-31,02:00:00,169,3,5654
99743,2016-12-31,02:08:00,402,5,6430
99744,2016-12-31,02:11:00,313,2,1368
99745,2016-12-31,02:18:00,227,1,316
99746,2016-12-31,02:18:00,55,5,4081
99747,2016-12-31,02:21:00,156,3,341
99748,2016-12-31,02:30:00,211,1,3525
99749,2016-12-31,02:32:00,296,3,11002
99750,2016-12-31,02:40:00,354,1,3467
99751,2016-12-31,02:41:00,162,1,5811
99752,2016-12-31,02:43:00,279,2,9708
99753,2016-12-31,02:49:00,13,2,708
99754,2016-12-31,02:49:00,253,2,1472
99755,2016-12-31,02:57:00,263,3,2916
99756,2016-12-31,02:57:00,421,1,3773
99757,2016-12-31,03:00:00,298,2,5603
99758,2016-12-31,03:05:00,328,2,10502
99759,2016-12-31,03:10:00,416,2,1514
99760,2016-12-31,03:25:00,124,1,6135
99761,2016-12-31,04:04:00,60,2,6653
99762,2016-12-31,04:05:00,65,3,1777
99763,2016-12-31,04:21:00,56,2,6274
99764,2016-12-31,04:24:00,79,4,4671
99765,2016-12-31,04:24:00,134,1,10394
99766,2016-12-31,04:25:00,343,1,3114
99767,2016-12-31,04:28:00,81,4,5121
99768,2016-12-31,04:30:00,4,3,8034
99769,2016-12-31,04:32:00,177,4,7709
99770,2016-12-31,04:33:00,224,3,3668
99771,2016-12-31,04:40:00,109,1,8791
99772,2016-12-31,04:56:00,372,2,6459
99773,2016-12-31,04:58:00,334,3,11446
99774,2016-12-31,05:04:00,27,2,9892
99775,2016-12-31,05:07:00,4,1,1523
99776,2016-12-31,05:08:00,270,2,9537
99777,2016-12-31,05:09:00,265,3,3559
99778,2016-12-31,05:11:00,433,1,2945
99779,2016-12-31,05:19:00,216,3,3826
99780,2016-12-31,05:21:00,299,3,6371
99781,2016-12-31,05:28:00,311,1,9384
99782,2016-12-31,05:30:00,73,1,4778
99783,2016-12-31,05:36:00,219,1,1465
99784,2016-12-31,05:36:00,349,1,3177
99785,2016-12-31,05:42:00,72,1,10614
99786,2016-12-31,05:43:00,180,4,11562
99787,2016-12-31,05:45:00,170,1,5345
99788,2016-12-31,05:47:00,48,2,8926
99789,2016-12-31,05:49:00,243,1,6151
99790,2016-12-31,05:50:00,193,2,3843
99791,2016-12-31,05:53:00,306,1,2289
99792,2016-12-31,06:07:00,434,2,511
99793,2016-12-31,06:07:00,118,1,10973
99794,2016-12-31,06:11:00,197,2,11972
99795,2016-12-31,06:12:00,219,3,1855
99796,2016-12-31,06:13:00,73,2,3521
99797,2016-12-31,06:18:00,400,2,11812
99798,2016-12-31,06:21:00,108,3,8443
99799,2016-12-31,06:21:00,415,1,7483
99800,2016-12-31,06:36:00,245,2,2046
99801,2016-12-31,06:36:00,256,2,1381
99802,2016-12-31,06:57:00,335,1,3030
99803,2016-12-31,06:58:00,4,1,3740
99804,2016-12-31,06:59:00,126,1,4033
99805,2016-12-31,07:09:00,161,2,9188
99806,2016-12-31,07:12:00,242,3,10562
99807,2016-12-31,07:18:00,414,3,9581
99808,2016-12-31,07:19:00,456,1,9857
99809,2016-12-31,07:19:00,278,3,11146
99810,2016-12-31,07:21:00,246,1,5189
99811,2016-12-31,07:36:00,52,3,144
99812,2016-12-31,07:39:00,39,1,1271
99813,2016-12-31,07:41:00,236,2,3959
99814,2016-12-31,07:48:00,374,1,6308
99815,2016-12-31,07:54:00,300,1,10012
99816,2016-12-31,07:59:00,303,1,4044
99817,2016-12-31,08:11:00,352,1,10337
99818,2016-12-31,08:13:00,271,1,10223
99819,2016-12-31,08:15:00,329,4,4375
99820,2016-12-31,08:18:00,138,1,6246
99821,2016-12-31,08:20:00,28,2,9902
99822,2016-12-31,08:40:00,96,3,10049
99823,2016-12-31,08:45:00,15,3,11904
99824,2016-12-31,08:45:00,110,2,8793
99825,2016-12-31,08:48:00,53,1,11182
99826,2016-12-31,08:55:00,425,2,2112
99827,2016-12-31,09:05:00,45,1,8984
99828,2016-12-31,09:06:00,428,2,11028
99829,2016-12-31,09:10:00,61,2,5264
99830,2016-12-31,09:11:00,12,1,643
99831,2016-12-31,09:18:00,131,2,6019
99832,2016-12-31,09:21:00,24,4,3322
99833,2016-12-31,09:22:00,116,2,4630
99834,2016-12-31,09:27:00,140,1,2982
99835,2016-12-31,09:30:00,270,4,1437
99836,2016-12-31,09:37:00,70,1,6105
99837,2016-12-31,09:37:00,407,1,8859
99838,2016-12-31,09:40:00,43,4,1403
99839,2016-12-31,09:53:00,430,4,6342
99840,2016-12-31,10:04:00,256,3,6215
99841,2016-12-31,10:04:00,289,2,10098
99842,2016-12-31,10:06:00,236,2,3861
99843,2016-12-31,10:12:00,374,2,8571
99844,2016-12-31,10:15:00,307,2,7757
99845,2016-12-31,10:18:00,331,2,2148
99846,2016-12-31,10:37:00,137,1,3349
99847,2016-12-31,10:41:00,210,6,1317
99848,2016-12-31,10:57:00,417,2,4352
99849,2016-12-31,11:00:00,61,4,8409
99850,2016-12-31,11:22:00,63,3,7087
99851,2016-12-31,11:31:00,282,1,7702
99852,2016-12-31,11:50:00,20,5,4321
99853,2016-12-31,11:55:00,15,3,699
99854,2016-12-31,12:00:00,230,2,8189
99855,2016-12-31,12:08:00,289,2,8323
99856,2016-12-31,12:26:00,204,2,9956
99857,2016-12-31,12:29:00,320,3,9692
99858,2016-12-31,12:34:00,47,2,7726
99859,2016-12-31,12:39:00,446,3,8907
99860,2016-12-31,12:52:00,20,3,5546
99861,2016-12-31,12:53:00,107,1,6269
99862,2016-12-31,12:59:00,217,2,6502
99863,2016-12-31,13:07:00,338,4,7367
99864,2016-12-31,13:11:00,56,1,7308
99865,2016-12-31,13:13:00,267,2,9950
99866,2016-12-31,13:16:00,361,1,4362
99867,2016-12-31,13:18:00,308,2,8190
99868,2016-12-31,13:29:00,293,3,9118
99869,2016-12-31,13:36:00,181,1,9327
99870,2016-12-31,13:38:00,327,1,3061
99871,2016-12-31,13:40:00,246,1,4408
99872,2016-12-31,13:41:00,440,2,5098
99873,2016-12-31,13:41:00,168,2,948
99874,2016-12-31,13:43:00,352,3,9610
99875,2016-12-31,13:48:00,155,2,10446
99876,2016-12-31,13:48:00,438,1,1582
99877,2016-12-31,13:52:00,201,3,480
99878,2016-12-31,13:53:00,237,2,9557
99879,2016-12-31,13:56:00,209,2,2169
99880,2016-12-31,13:57:00,150,1,908
99881,2016-12-31,14:00:00,100,1,7183
99882,2016-12-31,14:08:00,62,3,2462
99883,2016-12-31,14:14:00,5,2,11464
99884,2016-12-31,14:15:00,174,1,2133
99885,2016-12-31,14:18:00,139,1,10238
99886,2016-12-31,14:28:00,440,3,4678
99887,2016-12-31,14:28:00,381,1,3345
99888,2016-12-31,14:32:00,79,1,4893
99889,2016-12-31,14:35:00,326,3,1591
99890,2016-12-31,14:41:00,225,2,5058
99891,2016-12-31,15:05:00,118,3,4351
99892,2016-12-31,15:06:00,378,1,6024
99893,2016-12-31,15:07:00,125,3,6457
99894,2016-12-31,15:11:00,202,2,4565
99895,2016-12-31,15:13:00,436,2,4111
99896,2016-12-31,15:17:00,64,2,633
99897,2016-12-31,15:28:00,62,2,96
99898,2016-12-31,15:30:00,275,3,8567
99899,2016-12-31,15:31:00,38,2,6316
99900,2016-12-31,15:34:00,432,1,6963
99901,2016-12-31,15:40:00,339,4,1984
99902,2016-12-31,15:43:00,333,2,7980
99903,2016-12-31,15:49:00,93,1,11916
99904,2016-12-31,15:49:00,455,1,10298
99905,2016-12-31,15:52:00,206,1,7240
99906,2016-12-31,16:03:00,81,1,122
99907,2016-12-31,16:08:00,377,2,7117
99908,2016-12-31,16:10:00,10,1,10932
99909,2016-12-31,16:11:00,23,2,7229
99910,2016-12-31,16:12:00,91,2,10512
99911,2016-12-31,16:13:00,169,1,11364
99912,2016-12-31,16:24:00,434,2,7103
99913,2016-12-31,16:24:00,260,2,8099
99914,2016-12-31,16:25:00,267,2,11583
99915,2016-12-31,16:30:00,381,2,9611
99916,2016-12-31,16:32:00,248,2,3622
99917,2016-12-31,16:38:00,318,1,3934
99918,2016-12-31,16:40:00,289,3,8701
99919,2016-12-31,16:45:00,65,1,1852
99920,2016-12-31,16:52:00,339,2,1158
99921,2016-12-31,17:05:00,333,1,10215
99922,2016-12-31,17:08:00,95,1,864
99923,2016-12-31,17:10:00,371,1,1497
99924,2016-12-31,17:11:00,273,1,7952
99925,2016-12-31,17:14:00,312,4,2470
99926,2016-12-31,17:25:00,96,2,3116
99927,2016-12-31,17:33:00,359,3,6942
99928,2016-12-31,17:33:00,29,1,10808
99929,2016-12-31,17:39:00,210,2,9850
99930,2016-12-31,17:44:00,110,2,3721
99931,2016-12-31,17:45:00,138,1,8376
99932,2016-12-31,17:57:00,197,2,2975
99933,2016-12-31,18:07:00,408,2,9846
99934,2016-12-31,18:13:00,62,2,2393
99935,2016-12-31,18:18:00,230,4,8691
99936,2016-12-31,18:22:00,187,4,3625
99937,2016-12-31,18:23:00,397,3,2921
99938,2016-12-31,18:30:00,285,1,10588
99939,2016-12-31,18:42:00,395,2,5367
99940,2016-12-31,18:45:00,20,4,9839
99941,2016-12-31,18:46:00,450,5,300
99942,2016-12-31,18:50:00,329,2,5528
99943,2016-12-31,18:52:00,278,3,4368
99944,2016-12-31,18:52:00,186,1,11863
99945,2016-12-31,18:54:00,335,2,208
99946,2016-12-31,18:59:00,191,2,8965
99947,2016-12-31,19:01:00,379,1,486
99948,2016-12-31,19:36:00,317,2,6326
99949,2016-12-31,19:39:00,252,2,5585
99950,2016-12-31,19:40:00,253,2,2688
99951,2016-12-31,19:52:00,274,1,2938
99952,2016-12-31,19:55:00,25,1,3374
99953,2016-12-31,19:58:00,302,1,7234
99954,2016-12-31,19:59:00,237,3,11110
99955,2016-12-31,20:10:00,432,3,10268
99956,2016-12-31,20:16:00,340,2,8767
99957,2016-12-31,20:26:00,107,1,2787
99958,2016-12-31,20:36:00,25,2,4932
99959,2016-12-31,20:37:00,11,3,8684
99960,2016-12-31,20:37:00,271,2,11188
99961,2016-12-31,20:43:00,60,1,3068
99962,2016-12-31,20:47:00,376,1,2397
99963,2016-12-31,20:53:00,164,1,11547
99964,2016-12-31,20:54:00,447,1,11340
99965,2016-12-31,20:55:00,31,2,3481
99966,2016-12-31,21:02:00,7,2,1393
99967,2016-12-31,21:05:00,199,3,7472
99968,2016-12-31,21:10:00,201,2,9713
99969,2016-12-31,21:15:00,18,1,10077
99970,2016-12-31,21:16:00,290,3,1942
99971,2016-12-31,21:17:00,19,4,1716
99972,2016-12-31,21:28:00,19,3,5216
99973,2016-12-31,21:35:00,2,1,2581
99974,2016-12-31,21:38:00,148,4,109
99975,2016-12-31,21:40:00,25,1,136
99976,2016-12-31,21:47:00,422,2,9155
99977,2016-12-31,22:02:00,171,4,3690
99978,2016-12-31,22:03:00,216,2,11381
99979,2016-12-31,22:08:00,265,1,11615
99980,2016-12-31,22:10:00,7,1,3098
99981,2016-12-31,22:10:00,331,3,10787
99982,2016-12-31,22:13:00,283,3,1156
99983,2016-12-31,22:25:00,433,1,7788
99984,2016-12-31,22:39:00,44,1,2593
99985,2016-12-31,22:53:00,81,2,5181
99986,2016-12-31,22:54:00,246,2,5031
99987,2016-12-31,22:59:00,48,5,7012
99988,2016-12-31,23:02:00,274,1,9468
99989,2016-12-31,23:10:00,53,2,7912
99990,2016-12-31,23:10:00,266,2,4223
99991,2016-12-31,23:14:00,450,3,9644
99992,2016-12-31,23:16:00,12,1,4158
99993,2016-12-31,23:17:00,55,1,7564
99994,2016-12-31,23:19:00,258,4,492
99995,2016-12-31,23:20:00,451,2,9826
99996,2016-12-31,23:30:00,152,1,8275
99997,2016-12-31,23:46:00,259,1,6718
99998,2016-12-31,23:47:00,453,1,531
99999,2016-12-31,23:49:00,331,1,2789
100000,2016-12-31,23:55:00,90,2,6220
